without_coding_region  5000   NC_073266.2  SCFR_NC_073266_2_95786844_95792220_frame_1_fft    11   3  0.438430;0.437686;0.439174    1613.206;593.222;479.911     2;2;2
without_coding_region  5000   NC_073266.2  SCFR_NC_073266_2_97485314_97491257_frame_2_fft    19   3  0.077234;0.076056;0.340905    858.868;637.785;452.635      13;13;3
without_coding_region  5000   NC_073266.2  SCFR_NC_073266_2_97485255_97491270_frame_1_fft    19   3  0.077140;0.076143;0.343308    761.073;610.950;503.009      13;13;3
without_coding_region  5000   NC_073266.2  SCFR_NC_073266_2_24780885_24785949_frame1_fft     25   3  0.467220;0.466825;0.032780    949.821;866.998;738.678      2;2;31
without_coding_region  5000   NC_073266.2  SCFR_NC_073266_2_97485376_97491418_frame_3_fft    20   3  0.077127;0.076134;0.339457    692.964;622.740;491.638      13;13;3
without_coding_region  5000   NC_073266.2  SCFR_NC_073266_2_97485385_97491331_frame2_fft     21   3  0.077195;0.076017;0.499327    886.195;574.267;484.902      13;13;2
without_coding_region  5000   NC_073266.2  SCFR_NC_073266_2_97485399_97491234_frame1_fft     19   3  0.076093;0.077121;0.078320    669.282;658.511;490.994      13;13;13
without_coding_region  5000   NC_073266.2  SCFR_NC_073266_2_97710376_97716211_frame_3_fft    7    3  0.133333;0.400000;0.466667    3123.262;2911.616;2649.693   8;3;2
without_coding_region  5000   NC_073266.2  SCFR_NC_073266_2_97710484_97715986_frame2_fft     7    3  0.400036;0.133406;0.466739    2735.565;2374.811;2029.247   3;7;2
without_coding_region  5000   NC_073266.2  SCFR_NC_073266_2_97485395_97491224_frame3_fft     18   3  0.077200;0.075999;0.075485    891.869;526.024;480.847      13;13;13
without_coding_region  5000   NC_073266.2  SCFR_NC_073266_2_97710498_97715985_frame_1_fft    7    3  0.400036;0.133406;0.466740    2737.383;2374.139;2019.775   3;7;2
without_coding_region  5000   NC_073266.2  SCFR_NC_073266_2_97710539_97716014_frame_2_fft    7    3  0.133333;0.400000;0.466667    3118.690;2913.785;2643.866   8;3;2
without_coding_region  5000   NC_073266.2  SCFR_NC_073266_2_98260253_98270009_frame_2_fft    2    2  0.166667;0.333333             6766.072;3031.005            6;3
without_coding_region  5000   NC_073266.2  SCFR_NC_073266_2_97710566_97716059_frame3_fft     7    3  0.399964;0.133261;0.466594    2726.523;2427.520;2050.695   3;8;2
without_coding_region  5000   NC_073266.2  SCFR_NC_073266_2_98260266_98270004_frame1_fft     2    2  0.166667;0.333333             6770.030;3027.790            6;3
without_coding_region  5000   NC_073266.2  SCFR_NC_073266_2_98260226_98269283_frame3_fft     2    2  0.166611;0.333333             4553.008;3006.879            6;3
without_coding_region  5000   NC_073266.2  SCFR_NC_073266_2_98260285_98269282_frame_3_fft    2    2  0.166611;0.333333             4518.510;3001.502            6;3
without_coding_region  5000   NC_073254.2  SCFR_NC_073254_2_15616363_15624085_frame2_fft     33   3  0.270137;0.486532;0.108133    2275.448;2014.446;1318.561   4;2;9
without_coding_region  5000   NC_073254.2  SCFR_NC_073254_2_15616468_15624061_frame_1_fft    31   3  0.270117;0.486501;0.378375    1946.598;1550.641;1429.551   4;2;3
without_coding_region  5000   NC_073254.2  SCFR_NC_073254_2_15616277_15624254_frame3_fft     33   3  0.270152;0.486524;0.108186    2398.878;1925.628;1879.361   4;2;9
without_coding_region  5000   NC_073254.2  SCFR_NC_073254_2_15616476_15624231_frame1_fft     32   3  0.270148;0.486525;0.108188    2374.730;1932.796;1897.042   4;2;9
without_coding_region  5000   NC_073254.2  SCFR_NC_073254_2_15617997_15624084_frame_2_fft    32   3  0.270248;0.486611;0.459668    1631.084;1285.764;1187.762   4;2;2
without_coding_region  5000   NC_073254.2  SCFR_NC_073254_2_15617882_15623909_frame_3_fft    34   3  0.108180;0.270118;0.486478    1572.337;1494.038;1325.130   9;4;2
without_coding_region  5000   NC_073254.2  SCFR_NC_073254_2_17774396_17780129_frame_3_fft    31   3  0.056689;0.169719;0.169196    869.910;844.857;836.427      18;6;6
without_coding_region  5000   NC_073254.2  SCFR_NC_073254_2_177881587_177889573_frame_1_fft  31   3  0.349737;0.350739;0.348735    847.882;836.488;822.842      3;3;3
without_coding_region  5000   NC_073254.2  SCFR_NC_073254_2_17774704_17780362_frame_1_fft    27   3  0.056557;0.168964;0.169671    1056.837;1017.929;694.450    18;6;6
without_coding_region  5000   NC_073254.2  SCFR_NC_073254_2_177881889_177889524_frame_2_fft  26   3  0.348788;0.349443;0.349705    894.537;880.837;743.612      3;3;3
without_coding_region  5000   NC_073254.2  SCFR_NC_073254_2_177881699_177889148_frame_3_fft  27   3  0.348772;0.349443;0.350651    918.338;851.900;760.372      3;3;3
without_coding_region  5000   NC_073254.2  SCFR_NC_073254_2_188186700_188192712_frame_2_fft  30   3  0.123752;0.070692;0.106121    1585.319;1482.402;1291.016   8;14;9
without_coding_region  5000   NC_073254.2  SCFR_NC_073254_2_188186627_188192957_frame_3_fft  33   3  0.070774;0.017694;0.123855    1479.815;1316.870;1184.616   14;57;8
without_coding_region  5000   NC_073254.2  SCFR_NC_073254_2_188186797_188192935_frame_1_fft  30   3  0.070707;0.123819;0.106061    1635.774;1512.996;1316.903   14;8;9
without_coding_region  5000   NC_073254.2  SCFR_NC_073254_2_188264023_188289880_frame2_fft   96   3  0.040569;0.297328;0.202730    5281.457;4706.551;4161.379   25;3;5
without_coding_region  5000   NC_073254.2  SCFR_NC_073254_2_188264078_188289713_frame3_fft   97   3  0.040570;0.297328;0.202731    5255.367;4704.832;4171.864   25;3;5
without_coding_region  5000   NC_073254.2  SCFR_NC_073254_2_188832130_188842537_frame2_fft   51   3  0.314500;0.037763;0.276737    2587.763;1754.694;1599.617   3;26;4
without_coding_region  5000   NC_073254.2  SCFR_NC_073254_2_190437786_190442997_frame1_fft   15   3  0.200154;0.300134;0.099981    1248.143;1116.651;997.485    5;3;10
without_coding_region  5000   NC_073254.2  SCFR_NC_073254_2_189091061_189096125_frame_3_fft  17   3  0.152449;0.203397;0.101698    1050.431;1039.706;814.433    7;5;10
without_coding_region  5000   NC_073254.2  SCFR_NC_073254_2_191139159_191146335_frame_2_fft  2    2  0.166667;0.333333             5237.907;1811.873            6;3
without_coding_region  5000   NC_073254.2  SCFR_NC_073254_2_191139208_191145151_frame_1_fft  2    2  0.166583;0.333333             2984.642;1980.000            6;3
without_coding_region  5000   NC_073254.2  SCFR_NC_073254_2_190437653_190442777_frame3_fft   21   3  0.100117;0.049961;0.300156    1342.978;1125.672;1058.430   10;20;3
without_coding_region  5000   NC_073254.2  SCFR_NC_073254_2_191139160_191146336_frame2_fft   2    2  0.166667;0.333333             5239.669;1813.198            6;3
without_coding_region  5000   NC_073254.2  SCFR_NC_073254_2_188264100_188289723_frame1_fft   96   3  0.040550;0.202748;0.162198    5292.352;4503.704;4467.594   25;5;6
without_coding_region  5000   NC_073254.2  SCFR_NC_073254_2_191139209_191145152_frame3_fft   2    2  0.166751;0.333333             2985.020;1980.000            6;3
without_coding_region  5000   NC_073262.2  SCFR_NC_073262_2_142846356_142853328_frame1_fft   43   3  0.075014;0.052783;0.150029    1478.189;1307.312;1241.763   13;19;7
without_coding_region  5000   NC_073262.2  SCFR_NC_073262_2_142843742_142850714_frame3_fft   46   3  0.075014;0.052783;0.150029    1490.177;1319.814;1282.689   13;19;7
without_coding_region  5000   NC_073262.2  SCFR_NC_073262_2_141542706_141548382_frame_1_fft  20   3  0.440803;0.451198;0.450846    597.326;545.319;531.493      2;2;2
without_coding_region  5000   NC_073262.2  SCFR_NC_073262_2_142844965_142850713_frame_3_fft  37   3  0.074983;0.149965;0.052714    1202.941;962.580;907.100     13;7;19
without_coding_region  5000   NC_073262.2  SCFR_NC_073262_2_142850089_142855942_frame2_fft   37   3  0.075004;0.052793;0.150009    1252.821;1100.515;1085.307   13;19;7
without_coding_region  5000   NC_073262.2  SCFR_NC_073262_2_142852703_142858556_frame3_fft   37   3  0.075004;0.052793;0.150009    1253.384;1101.807;1086.805   13;19;7
without_coding_region  5000   NC_073262.2  SCFR_NC_073262_2_144858944_144867179_frame3_fft   2    2  0.166727;0.333333             4208.201;2648.575            6;3
without_coding_region  5000   NC_073262.2  SCFR_NC_073262_2_144859018_144867178_frame_3_fft  2    2  0.166667;0.333333             6356.136;2653.091            6;3
without_coding_region  5000   NC_073262.2  SCFR_NC_073262_2_144859037_144867050_frame_2_fft  2    2  0.166604;0.333333             4034.314;2677.694            6;3
without_coding_region  5000   NC_073262.2  SCFR_NC_073262_2_142856540_142863215_frame_2_fft  37   3  0.074906;0.149813;0.224719    1463.874;1250.047;1128.521   13;7;4
without_coding_region  5000   NC_073262.2  SCFR_NC_073262_2_142855317_142863216_frame1_fft   40   3  0.074946;0.149892;0.052791    1646.250;1250.402;1174.370   13;7;19
without_coding_region  5000   NC_073262.2  SCFR_NC_073262_2_144859110_144867051_frame1_fft   2    2  0.166730;0.333333             3988.189;2646.000            6;3
without_coding_region  5000   NC_073262.2  SCFR_NC_073262_2_378_7554_frame_1_fft             5    3  -0.166667;0.166667;-0.333333  5627.511;5627.511;2372.107   11;55;14
without_coding_region  5000   NC_073262.2  SCFR_NC_073262_2_379_7486_frame2_fft              5    3  -0.166737;0.166737;-0.333333  3585.377;3585.377;2372.020   11;56;14
without_coding_region  5000   NC_073262.2  SCFR_NC_073262_2_347_7511_frame_2_fft             5    3  -0.166667;0.166667;-0.333333  5623.378;5623.378;2373.624   11;55;14
without_coding_region  5000   NC_073262.2  SCFR_NC_073262_2_348_7512_frame1_fft              5    3  -0.166667;0.166667;-0.333333  5622.866;5622.866;2374.168   11;55;14
without_coding_region  5000   NC_073271.2  SCFR_NC_073271_2_40457194_40462960_frame2_fft     27   3  0.019771;0.305758;0.479535    757.408;635.674;598.209      51;3;2
without_coding_region  5000   NC_073271.2  SCFR_NC_073271_2_41671007_41677793_frame3_fft     29   3  0.030946;0.092691;0.061745    1471.715;1213.796;985.453    32;11;16
without_coding_region  5000   NC_073271.2  SCFR_NC_073271_2_41671029_41677806_frame1_fft     27   3  0.030840;0.092666;0.061827    1477.364;1244.061;954.802    32;11;16
without_coding_region  5000   NC_073271.2  SCFR_NC_073271_2_3930_9417_frame1_fft             9    3  0.166576;0.167122;0.333151    2053.680;1081.627;738.031    6;6;3
without_coding_region  5000   NC_073271.2  SCFR_NC_073271_2_41671294_41677756_frame2_fft     28   3  0.030950;0.092696;0.061746    1424.641;1196.664;990.265    32;11;16
without_coding_region  5000   NC_073271.2  SCFR_NC_073271_2_48473855_48481739_frame_2_fft    2    2  0.166667;0.333333             6083.881;2523.894            6;3
without_coding_region  5000   NC_073271.2  SCFR_NC_073271_2_48473856_48481740_frame1_fft     2    2  0.166667;0.333333             6083.344;2521.922            6;3
without_coding_region  5000   NC_073271.2  SCFR_NC_073271_2_48474059_48482504_frame3_fft     3    3  0.166726;0.333333;0.165897    4480.323;2496.045;382.886    6;3;6
without_coding_region  5000   NC_073271.2  SCFR_NC_073271_2_48474058_48482503_frame_3_fft    3    3  0.166726;0.333333;0.165897    4480.983;2495.025;381.870    6;3;6
without_coding_region  5000   NC_073265.2  SCFR_NC_073265_2_1301_6701_frame_3_fft            2    2  0.166667;0.333333             3807.255;1140.692            6;3
without_coding_region  5000   NC_073265.2  SCFR_NC_073265_2_21015788_21023588_frame_3_fft    6    3  0.410641;0.089359;0.415385    530.375;515.589;436.604      2;11;2
without_coding_region  5000   NC_073265.2  SCFR_NC_073265_2_1302_6702_frame1_fft             2    2  0.166667;0.333333             3808.919;1139.824            6;3
without_coding_region  5000   NC_073265.2  SCFR_NC_073265_2_21015763_21023602_frame_1_fft    5    3  0.089425;0.410639;0.411532    546.369;534.161;426.088      11;2;2
without_coding_region  5000   NC_073265.2  SCFR_NC_073265_2_21015831_21023598_frame_2_fft    4    3  0.410583;0.089352;0.084589    573.899;506.503;430.621      2;11;12
without_coding_region  5000   NC_073265.2  SCFR_NC_073265_2_90902736_90910620_frame1_fft     39   3  0.077752;0.077372;0.155124    1018.909;900.370;866.396     13;13;6
without_coding_region  5000   NC_073265.2  SCFR_NC_073265_2_90902744_90910616_frame3_fft     40   3  0.077744;0.155107;0.077363    1117.176;884.224;848.557     13;6;13
without_coding_region  5000   NC_073265.2  SCFR_NC_073265_2_91853291_91858976_frame3_fft     2    2  0.166755;0.333333             2928.471;1864.622            6;3
without_coding_region  5000   NC_073265.2  SCFR_NC_073265_2_91853290_91858981_frame_1_fft    2    2  0.166755;0.333333             2934.974;1862.663            6;3
without_coding_region  5000   NC_073265.2  SCFR_NC_073265_2_91853297_91858898_frame_3_fft    2    2  0.166756;0.333333             2838.051;1878.713            6;3
without_coding_region  5000   NC_073265.2  SCFR_NC_073265_2_91853298_91858899_frame1_fft     2    2  0.166756;0.333333             2839.050;1876.714            6;3
without_coding_region  5000   NC_073265.2  SCFR_NC_073265_2_90902755_90910660_frame2_fft     41   3  0.077672;0.077419;0.155092    1308.549;891.156;870.172     13;13;6
without_coding_region  5000   NC_073259.2  SCFR_NC_073259_2_138824535_138831636_frame1_fft   8    3  0.333333;0.444444;0.222222    2814.101;1863.152;1656.746   3;2;5
without_coding_region  5000   NC_073259.2  SCFR_NC_073259_2_138824259_138831759_frame_1_fft  8    3  0.333333;0.166667;0.055600    2815.406;2359.974;1599.286   3;6;18
without_coding_region  5000   NC_073259.2  SCFR_NC_073259_2_138824039_138831683_frame_2_fft  8    3  0.333333;0.166667;0.055599    2775.305;2403.992;1621.858   3;6;18
without_coding_region  5000   NC_073259.2  SCFR_NC_073259_2_140274096_140279310_frame1_fft   13   3  0.300345;0.349827;0.399885    1326.438;1014.068;546.135    3;3;3
without_coding_region  5000   NC_073259.2  SCFR_NC_073259_2_139659914_139669955_frame3_fft   47   3  0.470371;0.470172;0.470571    3875.270;1682.548;1609.905   2;2;2
without_coding_region  5000   NC_073259.2  SCFR_NC_073259_2_140273872_140279206_frame2_fft   11   3  0.300337;0.349831;0.399888    1362.578;1012.374;550.818    3;3;3
without_coding_region  5000   NC_073259.2  SCFR_NC_073259_2_140274068_140279282_frame3_fft   13   3  0.300345;0.349827;0.399885    1322.443;1012.532;547.162    3;3;3
without_coding_region  5000   NC_073259.2  SCFR_NC_073259_2_140308506_140316360_frame1_fft   27   3  0.443214;0.444996;0.439267    850.061;660.545;627.575      2;2;2
without_coding_region  5000   NC_073259.2  SCFR_NC_073259_2_140473374_140478633_frame1_fft   21   3  0.444001;0.037650;0.481460    1271.098;1054.945;968.853    2;27;2
without_coding_region  5000   NC_073259.2  SCFR_NC_073259_2_140308847_140314574_frame3_fft   20   3  0.443164;0.445085;0.442815    704.316;532.345;512.747      2;2;2
without_coding_region  5000   NC_073259.2  SCFR_NC_073259_2_141530259_141535488_frame_1_fft  17   3  0.139415;0.344425;0.069612    638.018;575.612;544.616      7;3;14
without_coding_region  5000   NC_073259.2  SCFR_NC_073259_2_141803005_141810886_frame2_fft   10   3  0.166603;0.166857;0.333206    5374.156;1818.223;1455.764   6;6;3
without_coding_region  5000   NC_073259.2  SCFR_NC_073259_2_3492_8616_frame1_fft             2    2  0.166667;0.333333             3894.231;1519.801            6;3
without_coding_region  5000   NC_073259.2  SCFR_NC_073259_2_141803025_141810885_frame_1_fft  9    3  0.166667;0.333206;0.333461    5341.615;1445.799;1438.337   6;3;3
without_coding_region  5000   NC_073259.2  SCFR_NC_073259_2_3497_8615_frame_2_fft            2    2  0.166667;0.333333             3894.490;1521.359            6;3
without_coding_region  5000   NC_073259.2  SCFR_NC_073259_2_8787988_8793586_frame_3_fft      22   3  0.125045;0.020900;0.229189    1408.562;1236.517;1165.058   8;48;4
without_coding_region  5000   NC_073259.2  SCFR_NC_073259_2_8788019_8793506_frame_2_fft      24   3  0.125023;0.020776;0.062511    1442.054;1219.337;1072.574   8;48;16
without_coding_region  5000   NC_073259.2  SCFR_NC_073259_2_8787840_8793411_frame_1_fft      23   3  0.020822;0.270867;0.229223    1465.530;1249.264;1194.582   48;4;4
without_coding_region  5000   NC_073263.2  SCFR_NC_073263_2_116117362_116126362_frame2_fft   2    2  0.166667;0.333333             6696.459;2753.028            6;3
without_coding_region  5000   NC_073263.2  SCFR_NC_073263_2_116117523_116126361_frame_1_fft  2    2  0.166667;0.333333             6683.328;2758.777            6;3
without_coding_region  5000   NC_073263.2  SCFR_NC_073263_2_116117876_116125739_frame3_fft   2    2  0.166603;0.333333             3988.142;2634.227            6;3
without_coding_region  5000   NC_073263.2  SCFR_NC_073263_2_116117719_116125738_frame_3_fft  2    2  0.166604;0.333333             4091.729;2688.697            6;3
without_coding_region  5000   NC_073263.2  SCFR_NC_073263_2_1840_9163_frame_3_fft            2    2  0.166735;0.333333             3710.918;2321.775            6;3
without_coding_region  5000   NC_073263.2  SCFR_NC_073263_2_1917_8145_frame_1_fft            2    2  0.166667;0.333333             4907.637;2074.000            6;3
without_coding_region  5000   NC_073263.2  SCFR_NC_073263_2_1918_9130_frame2_fft             2    2  0.166667;0.333333             5521.738;2342.921            6;3
without_coding_region  5000   NC_073263.2  SCFR_NC_073263_2_1841_9074_frame3_fft             2    2  0.166736;0.333333             3681.387;2327.259            6;3
without_coding_region  5000   NC_085926.1  SCFR_NC_085926_1_193687996_193693474_frame2_fft   7    3  0.200073;0.466594;0.333333    1798.742;1514.515;1486.073   5;2;3
without_coding_region  5000   NC_085926.1  SCFR_NC_085926_1_192412925_192418193_frame3_fft   27   3  0.041002;0.082005;0.286257    1186.708;932.575;565.869     24;12;3
without_coding_region  5000   NC_085926.1  SCFR_NC_085926_1_195330260_195348617_frame_2_fft  10   3  0.428556;0.285722;0.095223    7705.795;6972.026;6129.597   2;4;11
without_coding_region  5000   NC_085926.1  SCFR_NC_085926_1_195330346_195348511_frame_3_fft  10   3  0.428571;0.142857;0.285714    8890.856;7620.592;7157.376   2;7;4
without_coding_region  5000   NC_085926.1  SCFR_NC_085926_1_195330128_195348608_frame3_fft   10   3  0.428571;0.142857;0.285714    8923.816;7646.934;7168.056   2;7;4
without_coding_region  5000   NC_085926.1  SCFR_NC_085926_1_195330360_195348504_frame1_fft   10   3  0.428571;0.142857;0.285714    8892.353;7617.192;7155.472   2;7;4
without_coding_region  5000   NC_085926.1  SCFR_NC_085926_1_195330324_195344922_frame_1_fft  10   3  0.428552;0.285724;0.095219    6234.799;5741.192;4884.694   2;4;11
without_coding_region  5000   NC_085926.1  SCFR_NC_085926_1_2065_8218_frame2_fft             2    2  0.166585;0.333333             3233.078;1917.939            6;3
without_coding_region  5000   NC_085926.1  SCFR_NC_085926_1_2064_8217_frame_1_fft            2    2  0.166585;0.333333             3233.415;1919.067            6;3
without_coding_region  5000   NC_085926.1  SCFR_NC_085926_1_2309_8231_frame_2_fft            2    2  0.166667;0.333333             4640.588;1955.062            6;3
without_coding_region  5000   NC_085926.1  SCFR_NC_085926_1_2310_8316_frame1_fft             2    2  0.166667;0.333333             4685.423;1983.427            6;3
without_coding_region  5000   NC_085926.1  SCFR_NC_085926_1_196420339_196428940_frame2_fft   8    3  0.166609;0.333333;0.166376    4728.673;1810.725;1170.530   6;3;6
without_coding_region  5000   NC_085926.1  SCFR_NC_085926_1_196420338_196428939_frame_1_fft  8    3  0.166609;0.333333;0.166376    4730.271;1810.650;1172.192   6;3;6
without_coding_region  5000   NC_085927.1  SCFR_NC_085927_1_0_7983_frame_3_fft               5    3  -0.166729;0.166729;-0.333333  4144.839;4144.839;2456.887   12;59;15
without_coding_region  5000   NC_085927.1  SCFR_NC_085927_1_104_7541_frame3_fft              5    3  -0.166734;0.166734;-0.333333  3737.993;3737.993;2475.001   13;63;16
without_coding_region  5000   NC_085927.1  SCFR_NC_085927_1_103_7540_frame_2_fft             5    3  -0.166734;0.166734;-0.333333  3737.494;3737.494;2476.148   13;63;16
without_coding_region  5000   NC_085927.1  SCFR_NC_085927_1_55712848_55719919_frame_2_fft    35   3  0.484373;0.470796;0.069580    757.967;527.116;504.475      2;2;14
without_coding_region  5000   NC_085927.1  SCFR_NC_085927_1_1_9505_frame2_fft                5    3  -0.166667;0.166667;-0.333333  6045.334;6045.334;2507.450   10;48;12
without_coding_region  5000   NC_085927.1  SCFR_NC_085927_1_55712801_55722035_frame_1_fft    26   3  0.484297;0.069092;0.486463    811.646;640.975;569.725      2;14;2
without_coding_region  5000   NC_085927.1  SCFR_NC_085927_1_56447828_56454950_frame_1_fft    30   3  0.058270;0.116540;0.058551    1683.379;1042.571;941.503    17;9;17
without_coding_region  5000   NC_085927.1  SCFR_NC_085927_1_55712091_55721742_frame_3_fft    31   3  0.484302;0.069112;0.479018    804.835;658.958;582.746      2;14;2
without_coding_region  5000   NC_085927.1  SCFR_NC_085927_1_60287209_60298258_frame2_fft     63   3  0.046249;0.092497;0.185085    1507.855;1373.460;1027.332   22;11;5
without_coding_region  5000   NC_085927.1  SCFR_NC_085927_1_60287118_60298359_frame1_fft     68   3  0.046259;0.092607;0.092963    1594.604;1368.821;994.783    22;11;11
without_coding_region  5000   NC_085927.1  SCFR_NC_085927_1_65046091_65051200_frame_2_fft    2    2  0.166765;0.333333             2771.730;1545.728            6;3
without_coding_region  5000   NC_085927.1  SCFR_NC_085927_1_65046092_65051201_frame3_fft     2    2  0.166765;0.333333             2771.132;1547.177            6;3
without_coding_region  5000   NC_085927.1  SCFR_NC_085927_1_65043425_65050880_frame_1_fft    6    3  0.166734;0.333333;0.166063    4738.696;1480.393;691.249    6;3;6
without_coding_region  5000   NC_085927.1  SCFR_NC_085927_1_65043426_65050881_frame1_fft     6    3  0.166734;0.333333;0.166063    4740.280;1479.502;689.911    6;3;6
without_coding_region  5000   NC_085927.1  SCFR_NC_085927_1_60287306_60298430_frame3_fft     59   3  0.046296;0.092593;0.185095    1500.078;1353.010;1037.873   22;11;5
without_coding_region  5000   NC_073256.2  SCFR_NC_073256_2_160452855_160461573_frame_3_fft  49   3  0.047832;0.143726;0.048061    2513.260;1377.416;1361.106   21;7;21
without_coding_region  5000   NC_073256.2  SCFR_NC_073256_2_160461576_160474362_frame_3_fft  82   3  0.047865;0.048021;0.143673    2847.893;2622.545;1420.064   21;21;7
without_coding_region  5000   NC_073256.2  SCFR_NC_073256_2_162464572_162471826_frame2_fft   29   3  0.108216;0.162255;0.162531    1407.645;828.485;750.930     9;6;6
without_coding_region  5000   NC_073256.2  SCFR_NC_073256_2_160452803_160474382_frame_1_fft  128  3  0.047824;0.048056;0.047917    5903.053;2987.596;2634.582   21;21;21
without_coding_region  5000   NC_073256.2  SCFR_NC_073256_2_162461573_162469805_frame3_fft   38   3  0.108236;0.162172;0.162536    1495.040;948.602;923.310     9;6;6
without_coding_region  5000   NC_073256.2  SCFR_NC_073256_2_162472517_162477707_frame3_fft   24   3  0.108092;0.161850;0.162235    1158.307;550.106;461.971     9;6;6
without_coding_region  5000   NC_073256.2  SCFR_NC_073256_2_162472306_162477724_frame2_fft   23   3  0.108158;0.161868;0.162237    1154.708;549.530;494.066     9;6;6
without_coding_region  5000   NC_073256.2  SCFR_NC_073256_2_160452769_160474345_frame_2_fft  124  3  0.047831;0.048016;0.048248    6362.406;2571.978;2377.250   21;21;21
without_coding_region  5000   NC_073256.2  SCFR_NC_073256_2_162784594_162793672_frame_2_fft  15   3  0.166667;0.333333;0.166997    6135.789;2287.843;1342.965   6;3;6
without_coding_region  5000   NC_073256.2  SCFR_NC_073256_2_162784595_162793673_frame3_fft   15   3  0.166667;0.333333;0.166997    6137.546;2288.808;1341.385   6;3;6
without_coding_region  5000   NC_073256.2  SCFR_NC_073256_2_16550703_16557153_frame1_fft     7    3  0.315659;0.321085;0.319225    394.600;357.238;355.693      3;3;3
without_coding_region  5000   NC_073256.2  SCFR_NC_073256_2_162784613_162789716_frame_1_fft  2    2  0.166765;0.333333             2563.631;1699.001            6;3
without_coding_region  5000   NC_073256.2  SCFR_NC_073256_2_16550733_16557654_frame_3_fft    3    3  0.335501;0.321052;0.315706    415.154;407.685;398.548      3;3;3
without_coding_region  5000   NC_073256.2  SCFR_NC_073256_2_162784608_162789711_frame1_fft   2    2  0.166569;0.333333             2567.481;1697.500            6;3
without_coding_region  5000   NC_073256.2  SCFR_NC_073256_2_17130451_17137459_frame_2_fft    26   3  0.101455;0.487300;0.411244    1611.102;1475.181;1318.494   10;2;2
without_coding_region  5000   NC_073256.2  SCFR_NC_073256_2_16550926_16557625_frame_2_fft    3    3  0.324974;0.315719;0.184356    385.678;365.261;353.342      3;3;5
without_coding_region  5000   NC_073256.2  SCFR_NC_073256_2_17134707_17139963_frame_3_fft    29   3  0.487633;0.412100;0.100266    1176.007;967.664;936.328     2;2;10
without_coding_region  5000   NC_073256.2  SCFR_NC_073256_2_22177139_22182674_frame_1_fft    40   3  0.037037;0.123397;0.024752    1595.106;1193.300;1111.098   27;8;40
without_coding_region  5000   NC_073256.2  SCFR_NC_073256_2_17136647_17141990_frame_1_fft    22   3  0.487554;0.100692;0.411941    1195.835;1015.493;951.373    2;10;2
without_coding_region  5000   NC_073256.2  SCFR_NC_073256_2_22177140_22182804_frame1_fft     39   3  0.037076;0.123411;0.024718    1488.863;1312.560;1287.996   27;8;40
without_coding_region  5000   NC_073256.2  SCFR_NC_073256_2_29598794_29604455_frame_1_fft    40   3  0.123476;0.012365;0.037096    1353.378;1344.868;1272.934   8;81;27
without_coding_region  5000   NC_073256.2  SCFR_NC_073256_2_4091_10934_frame3_fft            2    2  0.166594;0.333333             3533.298;2240.427            6;3
without_coding_region  5000   NC_073256.2  SCFR_NC_073256_2_29598885_29604456_frame1_fft     39   3  0.123497;0.012386;0.049363    1345.143;1265.296;1170.422   8;81;20
without_coding_region  5000   NC_073256.2  SCFR_NC_073256_2_4090_10933_frame_2_fft           2    2  0.166594;0.333333             3531.426;2239.159            6;3
without_coding_region  5000   NC_073256.2  SCFR_NC_073256_2_48_11163_frame1_fft              29   3  0.166712;-0.166712;-0.333333  6489.863;6489.863;2328.921   34;7;8
without_coding_region  5000   NC_073256.2  SCFR_NC_073256_2_47_11114_frame_1_fft             29   3  0.166712;-0.166712;0.333333   6471.249;6471.249;2326.727   34;7;17
without_coding_region  5000   NC_073267.2  SCFR_NC_073267_2_1092148_1098577_frame_2_fft      27   3  0.112459;0.157412;0.067507    1241.471;1197.528;1126.238   9;6;15
without_coding_region  5000   NC_073267.2  SCFR_NC_073267_2_1092153_1098441_frame_3_fft      29   3  0.067430;0.112436;0.157443    1367.557;1192.661;1113.653   15;9;6
without_coding_region  5000   NC_073267.2  SCFR_NC_073267_2_100419845_100427192_frame3_fft   10   3  0.166735;0.333333;0.499660    4469.490;1382.022;811.210    6;3;2
without_coding_region  5000   NC_073267.2  SCFR_NC_073267_2_100419844_100427191_frame_2_fft  10   3  0.166735;0.333333;0.499660    4468.840;1382.060;812.212    6;3;2
without_coding_region  5000   NC_073267.2  SCFR_NC_073267_2_1092170_1098392_frame_1_fft      30   3  0.112504;0.067502;0.157345    1215.115;1153.992;1051.829   9;15;6
without_coding_region  5000   NC_073267.2  SCFR_NC_073267_2_2434_10198_frame2_fft            2    2  0.166667;0.333333             6112.078;2588.005            6;3
without_coding_region  5000   NC_073267.2  SCFR_NC_073267_2_2433_10197_frame_3_fft           2    2  0.166667;0.333333             6113.944;2589.090            6;3
without_coding_region  5000   NC_073267.2  SCFR_NC_073267_2_2102_10211_frame_1_fft           2    2  0.166605;0.333333             4295.010;2531.892            6;3
without_coding_region  5000   NC_073267.2  SCFR_NC_073267_2_2103_10212_frame1_fft            2    2  0.166605;0.333333             4293.159;2532.138            6;3
without_coding_region  5000   NC_073267.2  SCFR_NC_073267_2_4866971_4876559_frame_1_fft      44   3  0.446704;0.052983;0.447017    1344.998;1331.941;1238.802   2;19;2
without_coding_region  5000   NC_073267.2  SCFR_NC_073267_2_4866796_4876573_frame_2_fft      40   3  0.052981;0.052368;0.447070    1356.273;1312.485;1275.391   19;19;2
without_coding_region  5000   NC_073267.2  SCFR_NC_073267_2_4866930_4876659_frame_3_fft      40   3  0.446706;0.052832;0.052009    1367.576;1325.735;1248.090   2;19;19
without_coding_region  5000   NC_073267.2  SCFR_NC_073267_2_698571_706500_frame1_fft         10   3  0.318199;0.227267;0.363602    3193.670;2601.185;2503.609   3;4;3
without_coding_region  5000   NC_073267.2  SCFR_NC_073267_2_697955_706517_frame3_fft         10   3  0.318150;0.227283;0.363583    3133.106;2744.260;2170.775   3;4;3
without_coding_region  5000   NC_073264.2  SCFR_NC_073264_2_108443614_108449293_frame_1_fft  4    3  0.166579;0.333333;0.167107    3679.889;1187.654;777.799    6;3;6
without_coding_region  5000   NC_073264.2  SCFR_NC_073264_2_108443615_108449288_frame3_fft   4    3  0.166579;0.333333;0.167107    3676.584;1189.640;773.442    6;3;6
without_coding_region  5000   NC_073264.2  SCFR_NC_073264_2_106656475_106665931_frame_1_fft  25   3  0.054569;0.109243;0.054886    1507.040;935.287;812.374     18;9;18
without_coding_region  5000   NC_073264.2  SCFR_NC_073264_2_106655985_106665978_frame_2_fft  30   3  0.054638;0.054838;0.109176    1384.939;1048.757;828.035    18;18;9
without_coding_region  5000   NC_073249.2  SCFR_NC_073249_2_1269_8157_frame1_fft             2    2  0.166667;0.333333             5389.133;2274.559            6;3
without_coding_region  5000   NC_073249.2  SCFR_NC_073249_2_1268_8114_frame_2_fft            2    2  0.166667;0.333333             5382.624;2279.522            6;3
without_coding_region  5000   NC_073249.2  SCFR_NC_073249_2_225910365_225915756_frame_1_fft  21   3  0.074754;0.037470;0.112224    1839.216;1168.443;1003.284   13;27;9
without_coding_region  5000   NC_073249.2  SCFR_NC_073249_2_225910483_225915850_frame_3_fft  22   3  0.074716;0.037451;0.112167    1549.024;1321.095;1103.691   13;27;9
without_coding_region  5000   NC_073249.2  SCFR_NC_073249_2_0_8107_frame_3_fft               15   3  -0.166646;0.166646;-0.333292  6055.455;6055.455;2184.728   10;48;12
without_coding_region  5000   NC_073249.2  SCFR_NC_073249_2_227246718_227262249_frame1_fft   46   3  0.423282;0.270041;0.269847    3681.515;2093.463;1697.820   2;4;4
without_coding_region  5000   NC_073249.2  SCFR_NC_073249_2_225910397_225916040_frame_2_fft  25   3  0.074783;0.037391;0.112174    1929.552;1552.526;1115.928   13;27;9
without_coding_region  5000   NC_073249.2  SCFR_NC_073249_2_227246636_227262338_frame3_fft   48   3  0.423322;0.269838;0.270029    3254.465;1803.664;1791.355   2;4;4
without_coding_region  5000   NC_073249.2  SCFR_NC_073249_2_227694354_227703972_frame1_fft   2    2  0.166667;0.333333             7473.692;3150.296            6;3
without_coding_region  5000   NC_073249.2  SCFR_NC_073249_2_227255586_227262144_frame_1_fft  19   3  0.423300;0.270967;0.269289    1554.952;1002.768;897.441    2;4;4
without_coding_region  5000   NC_073249.2  SCFR_NC_073249_2_227694449_227703971_frame_2_fft  2    2  0.166667;0.333333             7464.863;3153.383            6;3
without_coding_region  5000   NC_073249.2  SCFR_NC_073249_2_227694502_227704597_frame_3_fft  2    2  0.166716;0.333333             5197.415;3260.749            6;3
without_coding_region  5000   NC_073249.2  SCFR_NC_073249_2_97494343_97501411_frame2_fft     18   3  0.333333;0.177702;0.480192    1412.839;619.803;577.087     3;6;2
without_coding_region  5000   NC_073249.2  SCFR_NC_073249_2_227694503_227704598_frame3_fft   2    2  0.166716;0.333333             5196.878;3261.502            6;3
without_coding_region  5000   NC_073249.2  SCFR_NC_073249_2_2_8108_frame3_fft                5    3  -0.166667;0.166667;-0.333333  6051.297;6051.297;2256.115   10;48;12
without_coding_region  5000   NC_073249.2  SCFR_NC_073249_2_227247043_227262286_frame2_fft   49   3  0.423276;0.269829;0.270026    3402.232;1883.966;1692.805   2;4;4
without_coding_region  5000   NC_073270.2  SCFR_NC_073270_2_3547_9268_frame2_fft             2    2  0.166754;0.333333             2979.867;1819.693            6;3
without_coding_region  5000   NC_073270.2  SCFR_NC_073270_2_3546_9267_frame_1_fft            2    2  0.166754;0.333333             2980.409;1821.170            6;3
without_coding_region  5000   NC_073270.2  SCFR_NC_073270_2_3713_9260_frame_2_fft            2    2  0.166757;0.333333             2786.194;1848.000            6;3
without_coding_region  5000   NC_073270.2  SCFR_NC_073270_2_11683586_11689319_frame3_fft     17   3  0.498866;0.059131;0.441305    949.830;901.783;802.653      2;17;2
without_coding_region  5000   NC_073270.2  SCFR_NC_073270_2_3714_9261_frame1_fft             2    2  0.166577;0.333333             2785.816;1848.000            6;3
without_coding_region  5000   NC_073270.2  SCFR_NC_073270_2_69760835_69768941_frame_2_fft    30   3  0.052924;0.052307;0.052060    1159.850;935.801;925.077     19;19;19
without_coding_region  5000   NC_073270.2  SCFR_NC_073270_2_69760885_69768931_frame_3_fft    33   3  0.052821;0.052076;0.052324    1181.158;880.710;857.061     19;19;19
without_coding_region  5000   NC_073270.2  SCFR_NC_073270_2_76784584_76789810_frame_3_fft    2    2  0.166667;0.333333             4057.001;1658.720            6;3
without_coding_region  5000   NC_073270.2  SCFR_NC_073270_2_76784546_76789643_frame_2_fft    2    2  0.166765;0.333333             2599.429;1683.023            6;3
without_coding_region  5000   NC_073270.2  SCFR_NC_073270_2_69760965_69768996_frame_1_fft    32   3  0.052920;0.052297;0.052048    1185.610;959.950;929.666     19;19;19
without_coding_region  5000   NC_073270.2  SCFR_NC_073270_2_76784585_76789811_frame3_fft     2    2  0.166667;0.333333             4055.150;1660.195            6;3
without_coding_region  5000   NC_073270.2  SCFR_NC_073270_2_76784547_76789644_frame1_fft     2    2  0.166765;0.333333             2601.292;1683.023            6;3
without_coding_region  5000   NC_073273.2  SCFR_NC_073273_2_1502_7715_frame3_fft             5    3  0.166747;0.333333;0.166264    4020.870;1300.710;849.532    6;3;6
without_coding_region  5000   NC_073273.2  SCFR_NC_073273_2_44798339_44803628_frame3_fft     12   3  0.471356;0.028550;0.442806    1412.001;1363.031;1096.477   2;35;2
without_coding_region  5000   NC_073273.2  SCFR_NC_073273_2_44798661_44803713_frame1_fft     14   3  0.471496;0.028504;0.442795    1420.608;1154.597;1064.275   2;35;2
without_coding_region  5000   NC_073273.2  SCFR_NC_073273_2_1501_7714_frame_1_fft            5    3  0.166747;0.333333;0.166264    4021.855;1301.569;848.017    6;3;6
without_coding_region  5000   NC_073273.2  SCFR_NC_073273_2_45201305_45206543_frame_3_fft    22   3  0.358725;0.333333;0.307942    1736.231;1584.427;1100.561   3;3;3
without_coding_region  5000   NC_073273.2  SCFR_NC_073273_2_45201367_45206383_frame2_fft     18   3  0.333333;0.358652;0.308014    1535.390;1400.880;872.982    3;3;3
without_coding_region  5000   NC_073273.2  SCFR_NC_073273_2_46147097_46156280_frame_3_fft    22   3  0.355548;0.488838;0.377763    2891.898;2413.807;2399.185   3;2;3
without_coding_region  5000   NC_073273.2  SCFR_NC_073273_2_46147024_46156333_frame_1_fft    22   3  0.488882;0.177785;0.355570    3542.090;3148.131;2842.250   2;6;3
without_coding_region  5000   NC_073273.2  SCFR_NC_073273_2_46455307_46461184_frame2_fft     19   3  0.238217;0.239238;0.239918    860.114;850.585;835.009      4;4;4
without_coding_region  5000   NC_073273.2  SCFR_NC_073273_2_46147025_46156310_frame3_fft     22   3  0.488853;0.177814;0.355520    2952.443;2624.883;2415.924   2;6;3
without_coding_region  5000   NC_073273.2  SCFR_NC_073273_2_46455423_46461399_frame1_fft     16   3  0.238119;0.239290;0.236948    986.640;931.326;802.915      4;4;4
without_coding_region  5000   NC_073273.2  SCFR_NC_073273_2_46455566_46461203_frame_3_fft    19   3  0.239312;0.237005;0.238070    965.182;854.147;846.554      4;4;4
without_coding_region  5000   NC_073273.2  SCFR_NC_073273_2_46455700_46461064_frame_1_fft    18   3  0.239374;0.238069;0.236950    961.121;847.262;806.010      4;4;4
without_coding_region  5000   NC_073273.2  SCFR_NC_073273_2_46455729_46461078_frame_2_fft    18   3  0.238175;0.239297;0.239858    972.096;947.457;837.316      4;4;4
without_coding_region  5000   NC_073273.2  SCFR_NC_073273_2_46586068_46593370_frame2_fft     37   3  0.069022;0.344837;0.138181    2131.567;1511.279;1318.201   14;3;7
without_coding_region  5000   NC_073273.2  SCFR_NC_073273_2_46455752_46461176_frame3_fft     18   3  0.239307;0.238201;0.239860    952.987;910.205;848.089      4;4;4
without_coding_region  5000   NC_073273.2  SCFR_NC_073273_2_46586403_46593360_frame1_fft     36   3  0.069139;0.344833;0.138134    1996.802;1499.053;1347.537   14;3;7
without_coding_region  5000   NC_073273.2  SCFR_NC_073273_2_46586435_46593251_frame3_fft     37   3  0.069102;0.379401;0.413879    2557.662;1377.690;1335.158   14;3;2
without_coding_region  5000   NC_073273.2  SCFR_NC_073273_2_46741632_46747827_frame1_fft     41   3  0.098789;0.049395;0.451332    1459.856;1444.359;819.824    10;20;2
without_coding_region  5000   NC_073273.2  SCFR_NC_073273_2_46741570_46747420_frame2_fft     40   3  0.098803;0.049402;0.451282    1439.721;1362.975;1040.389   10;20;2
without_coding_region  5000   NC_073273.2  SCFR_NC_073273_2_46741721_46747826_frame_3_fft    36   3  0.049468;0.098771;0.451269    1291.999;1278.106;1016.030   20;10;2
without_coding_region  5000   NC_073273.2  SCFR_NC_073273_2_46741186_46748107_frame_1_fft    43   3  0.098830;0.049415;0.451235    1592.375;1548.924;1002.857   10;20;2
without_coding_region  5000   NC_073273.2  SCFR_NC_073273_2_46741802_46748114_frame3_fft     32   3  0.098859;0.049430;0.451204    1508.248;1502.243;851.105    10;20;2
without_coding_region  5000   NC_073273.2  SCFR_NC_073273_2_46741728_46748334_frame_2_fft    39   3  0.098850;0.049349;0.451256    1543.651;1227.465;1054.948   10;20;2
without_coding_region  5000   NC_073273.2  SCFR_NC_073273_2_46944917_46951889_frame_3_fft    2    2  0.166667;0.333333             5225.059;2299.242            6;3
without_coding_region  5000   NC_073273.2  SCFR_NC_073273_2_46944949_46953997_frame_1_fft    8    3  0.166667;0.333333;0.166225    5819.084;2272.738;1020.495   6;3;6
without_coding_region  5000   NC_073273.2  SCFR_NC_073273_2_46809081_46814910_frame_2_fft    21   3  0.027277;0.336421;0.309144    1923.094;545.204;536.113     37;3;3
without_coding_region  5000   NC_073273.2  SCFR_NC_073273_2_46809476_46814501_frame_3_fft    25   3  0.027264;0.054527;0.334726    2006.038;573.222;468.813     37;18;3
without_coding_region  5000   NC_073273.2  SCFR_NC_073273_2_46944990_46951890_frame1_fft     2    2  0.166667;0.333333             5220.088;2298.646            6;3
without_coding_region  5000   NC_073273.2  SCFR_NC_073273_2_46944998_46953998_frame3_fft     8    3  0.166667;0.333333;0.166222    5816.948;2263.891;983.039    6;3;6
without_coding_region  5000   NC_073269.2  SCFR_NC_073269_2_310_6757_frame2_fft              7    3  -0.166744;0.166744;-0.333333  3501.624;3501.624;1930.262   12;62;15
without_coding_region  5000   NC_073269.2  SCFR_NC_073269_2_5364538_5370658_frame_1_fft      22   3  0.471405;0.442810;0.057353    1128.472;876.450;784.951     2;2;17
without_coding_region  5000   NC_073269.2  SCFR_NC_073269_2_309_6756_frame_2_fft             7    3  -0.166744;0.166744;-0.333333  3502.242;3502.242;1930.704   12;62;15
without_coding_region  5000   NC_073269.2  SCFR_NC_073269_2_5364348_5370681_frame_2_fft      23   3  0.442760;0.471341;0.057319    1053.353;891.127;812.329     2;2;17
without_coding_region  5000   NC_073269.2  SCFR_NC_073269_2_5365484_5370707_frame_3_fft      28   3  0.471377;0.442657;0.028719    1085.087;804.014;680.922     2;2;35
without_coding_region  5000   NC_073269.2  SCFR_NC_073269_2_5845363_5854162_frame_1_fft      44   3  0.095238;0.071372;0.178543    2289.252;1812.583;1635.826   11;14;6
without_coding_region  5000   NC_073269.2  SCFR_NC_073269_2_5832186_5841093_frame1_fft       41   3  0.071405;0.095206;0.321433    2277.499;2129.871;2062.553   14;11;3
without_coding_region  5000   NC_073269.2  SCFR_NC_073269_2_5832066_5841069_frame_2_fft      41   3  0.071421;0.321448;0.345218    2431.275;1968.596;1967.476   14;3;3
without_coding_region  5000   NC_073269.2  SCFR_NC_073269_2_5832113_5841236_frame_3_fft      41   3  0.095254;0.071468;0.452373    2405.891;2018.695;1806.690   10;14;2
without_coding_region  5000   NC_073269.2  SCFR_NC_073269_2_5848388_5854166_frame_3_fft      40   3  0.095189;0.071478;0.321391    1421.017;1361.136;1238.479   11;14;3
without_coding_region  5000   NC_073269.2  SCFR_NC_073269_2_5848445_5854121_frame3_fft       41   3  0.095314;0.071353;0.059549    1146.980;1116.983;1078.866   10;14;17
without_coding_region  5000   NC_073269.2  SCFR_NC_073269_2_64814767_64821481_frame2_fft     27   3  0.051832;0.025916;0.434912    1552.235;1227.798;1141.534   19;39;2
without_coding_region  5000   NC_073269.2  SCFR_NC_073269_2_64814814_64822764_frame1_fft     35   3  0.051824;0.461258;0.025912    1889.991;1461.160;1454.563   19;2;39
without_coding_region  5000   NC_073269.2  SCFR_NC_073269_2_6338607_6344532_frame1_fft       33   3  0.016203;0.262110;0.278312    1122.221;1027.445;746.997    62;4;4
without_coding_region  5000   NC_073269.2  SCFR_NC_073269_2_6338132_6344471_frame3_fft       36   3  0.016249;0.262186;0.131093    954.003;863.175;847.034      62;4;8
without_coding_region  5000   NC_073269.2  SCFR_NC_073269_2_938_6749_frame_3_fft             5    3  -0.166753;0.166753;-0.333333  2918.745;2918.745;1936.000   14;69;17
without_coding_region  5000   NC_073269.2  SCFR_NC_073269_2_64821484_64828501_frame2_fft     42   3  0.051589;0.461166;0.051304    1262.903;1229.435;1210.871   19;2;19
without_coding_region  5000   NC_073269.2  SCFR_NC_073269_2_939_6750_frame1_fft              5    3  -0.166581;0.166581;-0.333333  2918.367;2918.367;1936.000   14;69;17
without_coding_region  5000   NC_073272.2  SCFR_NC_073272_2_160232750_160240871_frame3_fft   2    2  0.166728;0.333333             4372.476;2497.754            6;3
without_coding_region  5000   NC_073272.2  SCFR_NC_073272_2_160232749_160240870_frame_2_fft  2    2  0.166728;0.333333             4371.091;2496.832            6;3
without_coding_region  5000   NC_073272.2  SCFR_NC_073272_2_1324393_1332112_frame2_fft       38   3  0.315974;0.472211;0.105972    2170.341;1835.821;1517.793   3;2;9
without_coding_region  5000   NC_073272.2  SCFR_NC_073272_2_160232756_160240463_frame_1_fft  2    2  0.166732;0.333333             3901.434;2563.337            6;3
without_coding_region  5000   NC_073272.2  SCFR_NC_073272_2_160232757_160240458_frame1_fft   2    2  0.166732;0.333333             3895.374;2562.345            6;3
without_coding_region  5000   NC_073272.2  SCFR_NC_073272_2_171724_177214_frame2_fft         21   3  0.027140;0.054463;0.307104    1499.330;652.671;524.318     37;18;3
without_coding_region  5000   NC_073272.2  SCFR_NC_073272_2_2116065_2121840_frame1_fft       27   3  0.471342;0.442424;0.028918    1361.530;1098.524;1066.620   2;2;35
without_coding_region  5000   NC_073272.2  SCFR_NC_073272_2_2115597_2126412_frame_3_fft      50   3  0.471382;0.028664;0.442811    2733.188;2158.181;1555.319   2;35;2
without_coding_region  5000   NC_073272.2  SCFR_NC_073272_2_2116099_2124670_frame2_fft       40   3  0.471357;0.028585;0.028818    2374.739;1515.025;1397.209   2;35;35
without_coding_region  5000   NC_073272.2  SCFR_NC_073272_2_171684_177246_frame1_fft         19   3  0.027149;0.054477;0.307084    1613.617;656.437;522.765     37;18;3
without_coding_region  5000   NC_073272.2  SCFR_NC_073272_2_2117899_2126497_frame_2_fft      40   3  0.471389;0.028611;0.442777    2977.892;2437.979;1903.344   2;35;2
without_coding_region  5000   NC_073272.2  SCFR_NC_073272_2_769717_776326_frame2_fft         22   3  0.488879;0.177788;0.355576    2491.946;2249.329;2022.615   2;6;3
without_coding_region  5000   NC_073272.2  SCFR_NC_073272_2_769740_776325_frame_3_fft        22   3  0.488838;0.177828;0.355505    2066.127;1886.184;1679.576   2;6;3
without_coding_region  5000   NC_073272.2  SCFR_NC_073272_2_769770_777948_frame1_fft         22   3  0.177794;0.488873;0.222181    2513.246;2484.470;2161.788   6;2;5
without_coding_region  5000   NC_073272.2  SCFR_NC_073272_2_2118347_2126819_frame_1_fft      38   3  0.471435;0.028565;0.442753    2242.459;1802.009;1553.718   2;35;2
without_coding_region  5000   NC_073257.2  SCFR_NC_073257_2_143561432_143566694_frame_2_fft  16   3  0.084949;0.451729;0.463702    1075.911;594.287;496.880     12;2;2
without_coding_region  5000   NC_073257.2  SCFR_NC_073257_2_143561401_143566642_frame_3_fft  18   3  0.084907;0.451631;0.085289    1088.486;565.340;527.790     12;2;12
without_coding_region  5000   NC_073257.2  SCFR_NC_073257_2_143561481_143566629_frame_1_fft  16   3  0.084887;0.085276;0.451632    1043.461;578.183;559.771     12;12;2
without_coding_region  5000   NC_073257.2  SCFR_NC_073257_2_143800976_143806685_frame3_fft   28   3  0.111403;0.110878;0.444036    939.388;915.649;828.791      9;9;2
without_coding_region  5000   NC_073257.2  SCFR_NC_073257_2_144334761_144356142_frame1_fft   78   3  0.166643;0.333520;0.333380    3175.759;2613.181;2402.216   6;3;3
without_coding_region  5000   NC_073257.2  SCFR_NC_073257_2_144339164_144356156_frame3_fft   61   3  0.333333;0.166608;0.166490    1984.305;1846.437;1483.644   3;6;6
without_coding_region  5000   NC_073257.2  SCFR_NC_073257_2_144335674_144356113_frame2_fft   72   3  0.166642;0.333529;0.333382    3240.541;2406.265;2084.180   6;3;3
without_coding_region  5000   NC_073257.2  SCFR_NC_073257_2_144829278_144834288_frame_1_fft  25   3  0.433733;0.432335;0.425349    894.872;583.327;492.175      2;2;2
without_coding_region  5000   NC_073257.2  SCFR_NC_073257_2_144829198_144851365_frame_3_fft  106  3  0.428114;0.433663;0.432219    1891.576;1769.582;1432.376   2;2;2
without_coding_region  5000   NC_073257.2  SCFR_NC_073257_2_144845874_144851340_frame_1_fft  24   3  0.426454;0.428101;0.427369    743.131;736.092;575.240      2;2;2
without_coding_region  5000   NC_073257.2  SCFR_NC_073257_2_144829265_144851387_frame_2_fft  96   3  0.433686;0.432375;0.433550    1733.449;1538.303;1478.769   2;2;2
without_coding_region  5000   NC_073257.2  SCFR_NC_073257_2_145184020_145190008_frame_3_fft  10   3  0.045424;0.409152;0.454576    2891.131;1705.544;1660.168   22;2;2
without_coding_region  5000   NC_073257.2  SCFR_NC_073257_2_145184124_145191843_frame_1_fft  10   3  0.045472;0.409120;0.363648    3878.487;2537.615;2132.111   22;2;3
without_coding_region  5000   NC_073257.2  SCFR_NC_073257_2_145190011_145197835_frame_3_fft  10   3  0.045501;0.409126;0.363625    3015.478;2249.838;1890.728   22;2;3
without_coding_region  5000   NC_073257.2  SCFR_NC_073257_2_144834291_144845871_frame_1_fft  70   3  0.432211;0.432729;0.426770    1036.536;984.651;905.472     2;2;2
without_coding_region  5000   NC_073257.2  SCFR_NC_073257_2_145187402_145195904_frame_2_fft  10   3  0.045401;0.409080;0.181840    3078.848;2968.173;2399.945   22;2;6
without_coding_region  5000   NC_073257.2  SCFR_NC_073257_2_147015827_147021176_frame_2_fft  4    3  0.166573;0.333333;0.166012    3524.872;1057.799;472.498    6;3;6
without_coding_region  5000   NC_073257.2  SCFR_NC_073257_2_147017512_147024829_frame_3_fft  11   3  0.166735;0.166462;0.333470    5016.544;1674.727;1346.024   6;6;3
without_coding_region  5000   NC_073257.2  SCFR_NC_073257_2_147015828_147021177_frame1_fft   4    3  0.166573;0.333333;0.166012    3523.105;1057.643;470.601    6;3;6
without_coding_region  5000   NC_073257.2  SCFR_NC_073257_2_147021174_147027162_frame_1_fft  5    3  0.166667;0.333333;0.167335    4122.871;1068.272;369.965    6;3;6
without_coding_region  5000   NC_073257.2  SCFR_NC_073257_2_147017513_147024830_frame3_fft   11   3  0.166735;0.166462;0.333470    5017.909;1673.358;1347.256   6;6;3
without_coding_region  5000   NC_073257.2  SCFR_NC_073257_2_31400647_31407241_frame_3_fft    31   3  0.178041;0.177586;0.411890    901.674;802.169;770.389      6;6;2
without_coding_region  5000   NC_073257.2  SCFR_NC_073257_2_147021175_147027163_frame2_fft   5    3  0.166667;0.333333;0.167335    4121.344;1069.114;371.055    6;3;6
without_coding_region  5000   NC_073257.2  SCFR_NC_073257_2_1754_8231_frame_2_fft            5    3  0.166589;0.333333;0.167053    3787.599;1494.543;826.405    6;3;6
without_coding_region  5000   NC_073257.2  SCFR_NC_073257_2_1755_8232_frame1_fft             5    3  0.166589;0.333333;0.167053    3788.412;1493.749;824.591    6;3;6
without_coding_region  5000   NC_073257.2  SCFR_NC_073257_2_31411931_31417970_frame3_fft     25   3  0.411326;0.177513;0.411658    908.643;838.584;751.447      2;6;2
without_coding_region  5000   NC_073261.2  SCFR_NC_073261_2_102977923_102983344_frame_3_fft  0    0
without_coding_region  5000   NC_073261.2  SCFR_NC_073261_2_102977747_102983270_frame3_fft   0    0
without_coding_region  5000   NC_073261.2  SCFR_NC_073261_2_102977856_102983286_frame_1_fft  0    0
without_coding_region  5000   NC_073261.2  SCFR_NC_073261_2_102977762_102983294_frame_2_fft  0    0
without_coding_region  5000   NC_073261.2  SCFR_NC_073261_2_102977935_102983350_frame2_fft   0    0
without_coding_region  5000   NC_073261.2  SCFR_NC_073261_2_126348706_126355048_frame2_fft   31   3  0.019237;0.249763;0.038474    1892.690;1401.444;1363.547   52;4;26
without_coding_region  5000   NC_073261.2  SCFR_NC_073261_2_124526784_124539129_frame_1_fft  52   3  0.251114;0.063102;0.251357    2631.898;2332.299;1834.912   4;16;4
without_coding_region  5000   NC_073261.2  SCFR_NC_073261_2_124529242_124539751_frame_3_fft  44   3  0.250928;0.251308;0.251118    2203.356;1975.521;1960.517   4;4;4
without_coding_region  5000   NC_073261.2  SCFR_NC_073261_2_126348716_126354110_frame3_fft   33   3  0.019281;0.249722;0.172785    1583.213;1150.224;1081.854   52;4;6
without_coding_region  5000   NC_073261.2  SCFR_NC_073261_2_124533506_124539743_frame_2_fft  27   3  0.250922;0.251403;0.063171    1852.613;1431.695;1277.417   4;4;16
without_coding_region  5000   NC_073261.2  SCFR_NC_073261_2_126541810_126548188_frame_3_fft  2    2  0.166667;0.333333             4586.720;1500.492            6;3
without_coding_region  5000   NC_073261.2  SCFR_NC_073261_2_126348726_126355071_frame1_fft   39   3  0.019228;0.249803;0.038455    1856.040;1277.949;1265.178   52;4;26
without_coding_region  5000   NC_073261.2  SCFR_NC_073261_2_498_5886_frame_1_fft             5    3  -0.166667;0.166667;-0.333333  4153.819;4153.819;1675.434   15;75;19
without_coding_region  5000   NC_073261.2  SCFR_NC_073261_2_499_5995_frame2_fft              5    3  -0.166667;0.166667;-0.333333  4208.231;4208.231;1718.956   15;73;18
without_coding_region  5000   NC_073261.2  SCFR_NC_073261_2_739_6121_frame_3_fft             5    3  -0.166667;0.166667;-0.500000  4078.798;4078.798;1822.000   15;75;25
without_coding_region  5000   NC_073261.2  SCFR_NC_073261_2_740_6044_frame3_fft              5    3  -0.166667;0.166667;-0.500000  4101.081;4101.081;1804.000   15;76;25
without_coding_region  5000   NC_073261.2  SCFR_NC_073261_2_126541811_126548189_frame3_fft   2    2  0.166667;0.333333             4588.447;1501.750            6;3
without_coding_region  5000   NC_073268.2  SCFR_NC_073268_2_100783948_100790569_frame_2_fft  2    2  0.166591;0.333333             3325.057;2206.000            6;3
without_coding_region  5000   NC_073268.2  SCFR_NC_073268_2_100783949_100790570_frame3_fft   2    2  0.166742;0.333333             3325.435;2206.000            6;3
without_coding_region  5000   NC_073268.2  SCFR_NC_073268_2_100783839_100791942_frame_3_fft  6    3  0.166728;0.333333;0.167469    4433.593;2267.733;595.324    6;3;6
without_coding_region  5000   NC_073268.2  SCFR_NC_073268_2_190_7387_frame2_fft              5    3  -0.166736;0.166736;-0.333333  3702.067;3702.067;2317.435   11;55;14
without_coding_region  5000   NC_073268.2  SCFR_NC_073268_2_100783840_100791943_frame2_fft   6    3  0.166728;0.333333;0.167469    4434.257;2269.131;596.541    6;3;6
without_coding_region  5000   NC_073268.2  SCFR_NC_073268_2_195_7386_frame_3_fft             5    3  -0.166736;0.166736;-0.333333  3695.546;3695.546;2319.345   11;55;14
without_coding_region  5000   NC_073268.2  SCFR_NC_073268_2_333_7374_frame1_fft              5    3  -0.166738;0.166738;-0.333333  3536.221;3536.221;2343.108   11;56;14
without_coding_region  5000   NC_073268.2  SCFR_NC_073268_2_332_7373_frame_1_fft             5    3  -0.166738;0.166738;-0.333333  3538.087;3538.087;2342.862   11;56;14
without_coding_region  5000   NC_073268.2  SCFR_NC_073268_2_92670567_92677767_frame_3_fft    28   3  0.092361;0.092778;0.184861    1553.663;868.978;846.643     11;11;5
without_coding_region  5000   NC_073268.2  SCFR_NC_073268_2_92670596_92677757_frame3_fft     31   3  0.092306;0.184890;0.185170    1383.798;838.652;709.059     11;5;5
without_coding_region  5000   NC_073260.2  SCFR_NC_073260_2_0_9495_frame_2_fft               5    3  -0.166719;0.166719;-0.333333  5139.376;5139.376;2879.907   8;40;10
without_coding_region  5000   NC_073260.2  SCFR_NC_073260_2_124487368_124494016_frame_1_fft  19   3  0.138839;0.139440;0.069645    886.444;885.063;650.959      7;7;14
without_coding_region  5000   NC_073260.2  SCFR_NC_073260_2_124487793_124494093_frame_2_fft  18   3  0.138889;0.139365;0.483492    830.462;697.079;684.992      7;7;2
without_coding_region  5000   NC_073260.2  SCFR_NC_073260_2_124487858_124494041_frame_3_fft  24   3  0.139415;0.138121;0.344655    866.458;650.381;609.336      7;7;3
without_coding_region  5000   NC_073260.2  SCFR_NC_073260_2_124749932_124758680_frame_3_fft  2    2  0.166667;0.333333             6757.790;2832.604            6;3
without_coding_region  5000   NC_073260.2  SCFR_NC_073260_2_124749952_124758499_frame2_fft   2    2  0.166608;0.333333             4293.426;2848.500            6;3
without_coding_region  5000   NC_073260.2  SCFR_NC_073260_2_1767057_1773966_frame1_fft       43   3  0.039224;0.038501;0.372558    948.316;914.771;879.212      25;26;3
without_coding_region  5000   NC_073260.2  SCFR_NC_073260_2_124749951_124758504_frame_2_fft  2    2  0.166725;0.333333             4294.447;2848.500            6;3
without_coding_region  5000   NC_073260.2  SCFR_NC_073260_2_1767179_1773830_frame3_fft       43   3  0.039242;0.038490;0.294091    996.959;980.944;917.238      25;26;3
without_coding_region  5000   NC_073260.2  SCFR_NC_073260_2_124749933_124758618_frame1_fft   2    2  0.166724;0.333333             4423.496;2828.501            6;3
without_coding_region  5000   NC_073260.2  SCFR_NC_073260_2_1767213_1773843_frame_2_fft      42   3  0.038462;0.371795;0.294872    1080.795;1002.661;912.382    26;3;3
without_coding_region  5000   NC_073260.2  SCFR_NC_073260_2_1791280_1799611_frame2_fft       46   3  0.067459;0.466091;0.033849    1843.002;1709.076;1469.197   15;2;30
without_coding_region  5000   NC_073260.2  SCFR_NC_073260_2_1791113_1800272_frame3_fft       50   3  0.067475;0.466099;0.033846    2023.096;1665.602;1573.253   15;2;30
without_coding_region  5000   NC_073260.2  SCFR_NC_073260_2_1791267_1798041_frame1_fft       38   3  0.466047;0.067464;0.033953    1405.349;1321.824;1261.540   2;15;29
without_coding_region  5000   NC_073260.2  SCFR_NC_073260_2_1805533_1812448_frame2_fft       38   3  0.499783;0.066667;0.466667    1750.432;1483.073;1101.714   2;15;2
without_coding_region  5000   NC_073260.2  SCFR_NC_073260_2_1799614_1805530_frame2_fft       29   3  0.033807;0.466362;0.067444    1181.601;1169.663;1161.143   30;2;15
without_coding_region  5000   NC_073260.2  SCFR_NC_073260_2_1800275_1811402_frame3_fft       61   3  0.033792;0.466253;0.067853    1779.566;1724.056;1682.498   30;2;15
without_coding_region  5000   NC_073260.2  SCFR_NC_073260_2_1_9496_frame2_fft                5    3  -0.166719;0.166719;-0.333333  5138.587;5138.587;2879.458   8;40;10
without_coding_region  5000   NC_073260.2  SCFR_NC_073260_2_576_9489_frame1_fft              5    3  -0.166723;0.166723;-0.333333  4475.216;4475.216;2972.000   9;43;11
without_coding_region  5000   NC_073260.2  SCFR_NC_073260_2_1798044_1803720_frame1_fft       37   3  0.067653;0.466350;0.033827    1471.529;1397.215;1210.014   15;2;30
without_coding_region  5000   NC_073260.2  SCFR_NC_073260_2_575_9488_frame_3_fft             5    3  -0.166723;0.166723;-0.333333  4476.216;4476.216;2970.000   9;43;11
without_coding_region  5000   NC_073252.2  SCFR_NC_073252_2_1781153_1786982_frame_3_fft      28   3  0.450849;0.098816;0.150283    1258.675;722.581;621.045     2;10;7
without_coding_region  5000   NC_073252.2  SCFR_NC_073252_2_1781241_1786326_frame_2_fft      26   3  0.450737;0.098722;0.452901    1364.309;687.938;624.998     2;10;2
without_coding_region  5000   NC_073252.2  SCFR_NC_073252_2_182690975_182707829_frame_3_fft  104  3  0.249852;0.165658;0.248606    2099.319;1762.028;1654.806   4;6;4
without_coding_region  5000   NC_073252.2  SCFR_NC_073252_2_184279878_184285143_frame1_fft   29   3  0.032858;0.344349;0.065337    872.847;818.736;734.197      30;3;15
without_coding_region  5000   NC_073252.2  SCFR_NC_073252_2_182690989_182707708_frame_1_fft  103  3  0.249895;0.165620;0.250015    1948.347;1737.892;1725.366   4;6;4
without_coding_region  5000   NC_073252.2  SCFR_NC_073252_2_184439608_184447618_frame2_fft   19   3  0.461548;0.282022;0.384644    2527.750;2287.821;2119.156   2;4;3
without_coding_region  5000   NC_073252.2  SCFR_NC_073252_2_182691084_182707728_frame_2_fft  105  3  0.249880;0.165645;0.250000    2188.863;2014.764;1695.168   4;6;4
without_coding_region  5000   NC_073252.2  SCFR_NC_073252_2_184439505_184447542_frame_2_fft  19   3  0.282070;0.384596;0.358965    2405.908;2216.412;2094.789   4;3;3
without_coding_region  5000   NC_073252.2  SCFR_NC_073252_2_188605532_188612351_frame3_fft   2    2  0.166740;0.333333             3624.871;2114.993            6;3
without_coding_region  5000   NC_073252.2  SCFR_NC_073252_2_188605531_188612356_frame_1_fft  2    2  0.166740;0.333333             3631.314;2114.457            6;3
without_coding_region  5000   NC_073252.2  SCFR_NC_073252_2_184439689_184447459_frame_1_fft  19   3  0.461519;0.435907;0.025611    2460.558;2274.800;1944.165   2;2;39
without_coding_region  5000   NC_073252.2  SCFR_NC_073252_2_188605539_188612040_frame1_fft   2    2  0.166744;0.333333             3265.184;2166.000            6;3
without_coding_region  5000   NC_073252.2  SCFR_NC_073252_2_188605538_188612039_frame_3_fft  2    2  0.166590;0.333333             3264.806;2166.000            6;3
without_coding_region  5000   NC_073252.2  SCFR_NC_073252_2_4035_11325_frame1_fft            2    2  0.166667;0.333333             5376.863;2021.596            6;3
without_coding_region  5000   NC_073252.2  SCFR_NC_073252_2_4850_11087_frame3_fft            2    2  0.166747;0.333333             3162.088;2091.247            6;3
without_coding_region  5000   NC_073252.2  SCFR_NC_073252_2_4849_11086_frame_1_fft           2    2  0.166747;0.333333             3163.948;2090.761            6;3
without_coding_region  5000   NC_073252.2  SCFR_NC_073252_2_4034_11324_frame_3_fft           2    2  0.166667;0.333333             5375.058;2022.540            6;3
without_coding_region  5000   NC_073252.2  SCFR_NC_073252_2_812607_826149_frame1_fft         76   3  0.499852;0.477330;0.409171    3707.934;2260.642;2162.010   2;2;2
without_coding_region  5000   NC_073252.2  SCFR_NC_073252_2_829581_841455_frame1_fft         57   3  0.499832;0.477345;0.477093    2541.358;1950.443;1874.634   2;2;2
without_coding_region  5000   NC_073252.2  SCFR_NC_073252_2_822293_840473_frame3_fft         88   3  0.499890;0.477118;0.477393    4530.801;3318.701;2698.716   2;2;2
without_coding_region  5000   NC_073252.2  SCFR_NC_073252_2_954866_962141_frame3_fft         49   3  0.484811;0.414158;0.494983    2193.710;1618.581;1592.870   2;2;2
without_coding_region  5000   NC_073252.2  SCFR_NC_073252_2_810883_833707_frame2_fft         82   3  0.499869;0.477086;0.477348    7296.303;4226.177;3479.321   2;2;2
without_coding_region  5000   NC_073252.2  SCFR_NC_073252_2_949090_954895_frame2_fft         47   3  0.484927;0.494918;0.414126    1356.351;1339.938;1240.874   2;2;2
without_coding_region  5000   NC_073258.2  SCFR_NC_073258_2_1308_7254_frame_3_fft            2    2  0.166667;0.333333             4639.820;1971.567            6;3
without_coding_region  5000   NC_073258.2  SCFR_NC_073258_2_1171_7327_frame_2_fft            2    2  0.166667;0.333333             4673.689;1939.752            6;3
without_coding_region  5000   NC_073258.2  SCFR_NC_073258_2_1172_7229_frame3_fft             2    2  0.166749;0.333333             3142.805;1948.809            6;3
without_coding_region  5000   NC_073258.2  SCFR_NC_073258_2_1309_7222_frame2_fft             2    2  0.166751;0.333333             2981.002;1973.025            6;3
without_coding_region  5000   NC_073258.2  SCFR_NC_073258_2_134647137_134657814_frame1_fft   48   3  0.488339;0.023321;0.418470    4557.214;2329.107;1914.560   2;43;2
without_coding_region  5000   NC_073258.2  SCFR_NC_073258_2_133770660_133784037_frame1_fft   25   3  0.361666;0.148912;0.170218    3035.069;2659.285;2104.940   3;7;6
without_coding_region  5000   NC_073258.2  SCFR_NC_073258_2_133770838_133784338_frame2_fft   25   3  0.361704;0.148963;0.170222    3659.924;2106.642;2044.564   3;7;6
without_coding_region  5000   NC_073258.2  SCFR_NC_073258_2_2518128_2524428_frame_3_fft      31   3  0.365079;0.333333;0.190476    1936.764;1678.628;1554.642   3;3;5
without_coding_region  5000   NC_073258.2  SCFR_NC_073258_2_133771049_133783841_frame3_fft   26   3  0.361710;0.148921;0.468105    3548.055;2773.471;2094.963   3;7;2
without_coding_region  5000   NC_073258.2  SCFR_NC_073258_2_134647213_134657761_frame2_fft   46   3  0.488339;0.023322;0.418468    4564.532;2340.112;1915.097   2;43;2
without_coding_region  5000   NC_073258.2  SCFR_NC_073258_2_3128207_3134489_frame_1_fft      26   3  0.166667;0.351799;0.092646    1799.073;1620.683;1504.120   6;3;11
without_coding_region  5000   NC_073258.2  SCFR_NC_073258_2_3128292_3134121_frame_3_fft      26   3  0.351861;0.092640;0.333333    1846.844;1538.231;1432.046   3;11;3
without_coding_region  5000   NC_073258.2  SCFR_NC_073258_2_134647217_134657750_frame3_fft   51   3  0.488370;0.023355;0.418399    3614.832;2166.623;1902.326   2;43;2
without_coding_region  5000   NC_073258.2  SCFR_NC_073258_2_71945901_71952936_frame_3_fft    18   3  0.018763;0.057285;0.093959    1041.156;710.813;651.777     53;17;11
without_coding_region  5000   NC_073258.2  SCFR_NC_073258_2_71946002_71952764_frame_1_fft    15   3  0.018781;0.057232;0.093907    854.569;770.257;558.225      53;17;11
without_coding_region  5000   NC_073255.2  SCFR_NC_073255_2_194780400_194786145_frame_1_fft  26   3  0.481288;0.443516;0.405222    1267.585;790.567;728.334     2;2;2
without_coding_region  5000   NC_073255.2  SCFR_NC_073255_2_183314939_183319985_frame3_fft   10   3  0.459770;0.460365;0.457987    1875.705;974.714;562.024     2;2;2
without_coding_region  5000   NC_073255.2  SCFR_NC_073255_2_194780432_194786399_frame3_fft   24   3  0.481146;0.405229;0.151668    1072.413;751.106;704.049     2;2;7
without_coding_region  5000   NC_073255.2  SCFR_NC_073255_2_194780441_194786162_frame_2_fft  27   3  0.481210;0.405349;0.481734    1415.851;836.759;687.794     2;2;2
without_coding_region  5000   NC_073255.2  SCFR_NC_073255_2_194780490_194786085_frame1_fft   24   3  0.481144;0.405362;0.443610    1053.134;773.730;636.359     2;2;2
without_coding_region  5000   NC_073255.2  SCFR_NC_073255_2_118971987_118996437_frame1_fft   160  3  0.333333;0.357342;0.024008    5527.814;3323.470;3189.887   3;3;42
without_coding_region  5000   NC_073255.2  SCFR_NC_073255_2_194780485_194786146_frame2_fft   23   3  0.481187;0.443561;0.405229    1308.472;768.890;759.846     2;2;2
without_coding_region  5000   NC_073255.2  SCFR_NC_073255_2_196298633_196309001_frame3_fft   3    3  0.166667;0.333333;0.167149    7205.059;2215.658;580.446    6;3;6
without_coding_region  5000   NC_073255.2  SCFR_NC_073255_2_358_6655_frame_3_fft             19   3  -0.166746;0.166746;-0.333333  3786.425;3786.425;1492.848   13;63;16
without_coding_region  5000   NC_073255.2  SCFR_NC_073255_2_196298780_196306319_frame_2_fft  2    2  0.166733;0.333333             3793.119;2506.465            6;3
without_coding_region  5000   NC_073255.2  SCFR_NC_073255_2_359_6656_frame3_fft              19   3  -0.166746;0.166746;-0.333333  3785.536;3785.536;1492.583   13;63;16
without_coding_region  5000   NC_073255.2  SCFR_NC_073255_2_4940955_4948008_frame_1_fft      31   3  0.365093;0.333333;0.396852    2193.198;1852.120;1583.206   3;3;3
without_coding_region  5000   NC_073255.2  SCFR_NC_073255_2_196298770_196309006_frame_3_fft  4    3  0.166667;0.333333;0.167155    7206.322;2199.964;477.331    6;3;6
without_coding_region  5000   NC_073255.2  SCFR_NC_073255_2_196298760_196306320_frame1_fft   2    2  0.166667;0.333333             5916.196;2509.007            6;3
without_coding_region  5000   NC_073255.2  SCFR_NC_073255_2_4999636_5005651_frame2_fft       35   3  0.345137;0.172569;0.482294    1323.803;1213.463;904.447    3;6;2
without_coding_region  5000   NC_073255.2  SCFR_NC_073255_2_5000252_5005592_frame3_fft       28   3  0.345131;0.172659;0.482210    1201.408;1113.719;850.448    3;6;2
without_coding_region  5000   NC_073255.2  SCFR_NC_073255_2_5417086_5429629_frame_3_fft      45   3  0.096149;0.047756;0.450690    1211.498;1180.161;889.369    10;21;2
without_coding_region  5000   NC_073255.2  SCFR_NC_073255_2_5417162_5429870_frame_2_fft      53   3  0.047765;0.096160;0.094822    1206.005;1111.801;1043.107   21;10;11
without_coding_region  5000   NC_073255.2  SCFR_NC_073255_2_5417109_5429478_frame_1_fft      49   3  0.096127;0.047781;0.094834    1258.016;1165.994;1131.490   10;21;11
without_coding_region  5000   NC_073253.2  SCFR_NC_073253_2_175103944_175111087_frame2_fft   12   3  0.249895;0.250175;0.022540    2048.046;1409.250;613.694    4;4;44
without_coding_region  5000   NC_073253.2  SCFR_NC_073253_2_174077878_174085216_frame_1_fft  23   3  0.297901;0.106432;0.170210    2091.529;1996.939;1959.688   3;9;6
without_coding_region  5000   NC_073253.2  SCFR_NC_073253_2_175106699_175112249_frame3_fft   7    3  0.250090;0.022703;0.477297    1649.381;453.516;388.175     4;44;2
without_coding_region  5000   NC_073253.2  SCFR_NC_073253_2_175114048_175123759_frame2_fft   11   3  0.250026;0.499640;0.022655    3663.937;801.925;702.150     4;2;44
without_coding_region  5000   NC_073253.2  SCFR_NC_073253_2_174077826_174083229_frame_2_fft  23   3  0.106422;0.063853;0.382935    1677.444;1497.773;1398.174   9;16;3
without_coding_region  5000   NC_073253.2  SCFR_NC_073253_2_175123762_175128889_frame2_fft   5    3  0.250049;0.477277;0.022820    1966.503;483.540;455.572     4;2;44
without_coding_region  5000   NC_073253.2  SCFR_NC_073253_2_175120274_175128914_frame3_fft   12   3  0.250000;0.022801;0.272685    2787.663;825.951;559.927     4;44;4
without_coding_region  5000   NC_073253.2  SCFR_NC_073253_2_175133446_175141537_frame2_fft   6    3  0.250031;0.022618;0.477320    3129.602;652.426;445.475     4;44;2
without_coding_region  5000   NC_073253.2  SCFR_NC_073253_2_175130688_175145835_frame1_fft   19   3  0.250083;0.499835;0.249752    4315.608;1927.992;1496.881   4;2;4
without_coding_region  5000   NC_073253.2  SCFR_NC_073253_2_175115667_175127595_frame1_fft   18   3  0.250000;0.022636;0.022803    3700.782;1094.691;755.899    4;44;44
without_coding_region  5000   NC_073253.2  SCFR_NC_073253_2_175138052_175157858_frame3_fft   32   3  0.250076;0.499899;0.499798    5540.532;2788.182;2375.055   4;2;2
without_coding_region  5000   NC_073253.2  SCFR_NC_073253_2_175145838_175153617_frame1_fft   18   3  0.250032;0.499679;0.250289    2863.757;988.576;907.254     4;2;4
without_coding_region  5000   NC_073253.2  SCFR_NC_073253_2_175141540_175147402_frame2_fft   11   3  0.250085;0.499659;0.249744    1911.878;908.691;744.506     4;2;4
without_coding_region  5000   NC_073253.2  SCFR_NC_073253_2_176537444_176546246_frame_3_fft  2    2  0.166667;0.333333             6917.548;2927.110            6;3
without_coding_region  5000   NC_073253.2  SCFR_NC_073253_2_176537465_176546276_frame3_fft   2    2  0.166723;0.333333             4446.381;2925.027            6;3
without_coding_region  5000   NC_073253.2  SCFR_NC_073253_2_176537464_176546281_frame_1_fft  2    2  0.166723;0.333333             4452.973;2924.257            6;3
without_coding_region  5000   NC_073253.2  SCFR_NC_073253_2_176537445_176546247_frame1_fft   2    2  0.166667;0.333333             6917.052;2926.842            6;3
without_coding_region  5000   NC_073253.2  SCFR_NC_073253_2_1838615_1855418_frame3_fft       23   3  0.489377;0.255312;0.340415    4950.906;4812.536;4757.560   2;4;3
without_coding_region  5000   NC_073253.2  SCFR_NC_073253_2_1838689_1855381_frame2_fft       23   3  0.148934;0.255332;0.425533    4798.661;4584.708;4445.804   7;4;2
without_coding_region  5000   NC_073253.2  SCFR_NC_073253_2_2131766_2140010_frame_3_fft      32   3  0.066351;0.468826;0.066836    886.695;757.809;748.282      15;2;15
without_coding_region  5000   NC_073253.2  SCFR_NC_073253_2_1838673_1855491_frame1_fft       23   3  0.489357;0.255322;0.148948    5461.739;4932.363;4529.688   2;4;7
without_coding_region  5000   NC_073253.2  SCFR_NC_073253_2_2131750_2139955_frame2_fft       34   3  0.066789;0.066301;0.470323    1003.995;754.745;717.065     15;15;2
without_coding_region  5000   NC_073253.2  SCFR_NC_073253_2_2131771_2140015_frame_1_fft      32   3  0.066351;0.468826;0.066836    884.217;758.812;750.272      15;2;15
without_coding_region  5000   NC_073253.2  SCFR_NC_073253_2_2131799_2139974_frame3_fft       31   3  0.066789;0.470336;0.066300    999.357;750.925;742.334      15;2;15
with_coding_region     5000   NC_073266.2  SCFR_NC_073266_2_95786844_95792220_frame_1_fft    11   3  0.438430;0.437686;0.439174    1613.206;593.222;479.911     2;2;2
with_coding_region     5000   NC_073266.2  SCFR_NC_073266_2_97485255_97491270_frame_1_fft    19   3  0.077140;0.076143;0.343308    761.073;610.950;503.009      13;13;3
with_coding_region     5000   NC_073266.2  SCFR_NC_073266_2_97485314_97491257_frame_2_fft    19   3  0.077234;0.076056;0.340905    858.868;637.785;452.635      13;13;3
with_coding_region     5000   NC_073266.2  SCFR_NC_073266_2_24780885_24785949_frame1_fft     25   3  0.467220;0.466825;0.032780    949.821;866.998;738.678      2;2;31
with_coding_region     5000   NC_073266.2  SCFR_NC_073266_2_97485385_97491331_frame2_fft     21   3  0.077195;0.076017;0.499327    886.195;574.267;484.902      13;13;2
with_coding_region     5000   NC_073266.2  SCFR_NC_073266_2_97485376_97491418_frame_3_fft    20   3  0.077127;0.076134;0.339457    692.964;622.740;491.638      13;13;3
with_coding_region     5000   NC_073266.2  SCFR_NC_073266_2_97710376_97716211_frame_3_fft    7    3  0.133333;0.400000;0.466667    3123.262;2911.616;2649.693   8;3;2
with_coding_region     5000   NC_073266.2  SCFR_NC_073266_2_97485399_97491234_frame1_fft     19   3  0.076093;0.077121;0.078320    669.282;658.511;490.994      13;13;13
with_coding_region     5000   NC_073266.2  SCFR_NC_073266_2_97485395_97491224_frame3_fft     18   3  0.077200;0.075999;0.075485    891.869;526.024;480.847      13;13;13
with_coding_region     5000   NC_073266.2  SCFR_NC_073266_2_97710539_97716014_frame_2_fft    7    3  0.133333;0.400000;0.466667    3118.690;2913.785;2643.866   8;3;2
with_coding_region     5000   NC_073266.2  SCFR_NC_073266_2_97710566_97716059_frame3_fft     7    3  0.399964;0.133261;0.466594    2726.523;2427.520;2050.695   3;8;2
with_coding_region     5000   NC_073266.2  SCFR_NC_073266_2_97710484_97715986_frame2_fft     7    3  0.400036;0.133406;0.466739    2735.565;2374.811;2029.247   3;7;2
with_coding_region     5000   NC_073266.2  SCFR_NC_073266_2_97710498_97715985_frame_1_fft    7    3  0.400036;0.133406;0.466740    2737.383;2374.139;2019.775   3;7;2
with_coding_region     5000   NC_073266.2  SCFR_NC_073266_2_98260253_98270009_frame_2_fft    2    2  0.166667;0.333333             6766.072;3031.005            6;3
with_coding_region     5000   NC_073266.2  SCFR_NC_073266_2_98260226_98269283_frame3_fft     2    2  0.166611;0.333333             4553.008;3006.879            6;3
with_coding_region     5000   NC_073266.2  SCFR_NC_073266_2_98260285_98269282_frame_3_fft    2    2  0.166611;0.333333             4518.510;3001.502            6;3
with_coding_region     5000   NC_073266.2  SCFR_NC_073266_2_98260266_98270004_frame1_fft     2    2  0.166667;0.333333             6770.030;3027.790            6;3
with_coding_region     5000   NC_073254.2  SCFR_NC_073254_2_15616363_15624085_frame2_fft     33   3  0.270137;0.486532;0.108133    2275.448;2014.446;1318.561   4;2;9
with_coding_region     5000   NC_073254.2  SCFR_NC_073254_2_107336422_107343595_frame2_fft   1    1  0.333333                      1011.801                     3
with_coding_region     5000   NC_073254.2  SCFR_NC_073254_2_15616277_15624254_frame3_fft     33   3  0.270152;0.486524;0.108186    2398.878;1925.628;1879.361   4;2;9
with_coding_region     5000   NC_073254.2  SCFR_NC_073254_2_15616468_15624061_frame_1_fft    31   3  0.270117;0.486501;0.378375    1946.598;1550.641;1429.551   4;2;3
with_coding_region     5000   NC_073254.2  SCFR_NC_073254_2_15616476_15624231_frame1_fft     32   3  0.270148;0.486525;0.108188    2374.730;1932.796;1897.042   4;2;9
with_coding_region     5000   NC_073254.2  SCFR_NC_073254_2_15617882_15623909_frame_3_fft    34   3  0.108180;0.270118;0.486478    1572.337;1494.038;1325.130   9;4;2
with_coding_region     5000   NC_073254.2  SCFR_NC_073254_2_15617997_15624084_frame_2_fft    32   3  0.270248;0.486611;0.459668    1631.084;1285.764;1187.762   4;2;2
with_coding_region     5000   NC_073254.2  SCFR_NC_073254_2_17774704_17780362_frame_1_fft    27   3  0.056557;0.168964;0.169671    1056.837;1017.929;694.450    18;6;6
with_coding_region     5000   NC_073254.2  SCFR_NC_073254_2_171373308_171378375_frame1_fft   1    1  0.333333                      1054.150                     3
with_coding_region     5000   NC_073254.2  SCFR_NC_073254_2_162743519_162749024_frame_3_fft  1    1  0.333333                      493.661                      3
with_coding_region     5000   NC_073254.2  SCFR_NC_073254_2_17774396_17780129_frame_3_fft    31   3  0.056689;0.169719;0.169196    869.910;844.857;836.427      18;6;6
with_coding_region     5000   NC_073254.2  SCFR_NC_073254_2_177881587_177889573_frame_1_fft  31   3  0.349737;0.350739;0.348735    847.882;836.488;822.842      3;3;3
with_coding_region     5000   NC_073254.2  SCFR_NC_073254_2_177881889_177889524_frame_2_fft  26   3  0.348788;0.349443;0.349705    894.537;880.837;743.612      3;3;3
with_coding_region     5000   NC_073254.2  SCFR_NC_073254_2_177881699_177889148_frame_3_fft  27   3  0.348772;0.349443;0.350651    918.338;851.900;760.372      3;3;3
with_coding_region     5000   NC_073254.2  SCFR_NC_073254_2_188186627_188192957_frame_3_fft  33   3  0.070774;0.017694;0.123855    1479.815;1316.870;1184.616   14;57;8
with_coding_region     5000   NC_073254.2  SCFR_NC_073254_2_188186797_188192935_frame_1_fft  30   3  0.070707;0.123819;0.106061    1635.774;1512.996;1316.903   14;8;9
with_coding_region     5000   NC_073254.2  SCFR_NC_073254_2_188186700_188192712_frame_2_fft  30   3  0.123752;0.070692;0.106121    1585.319;1482.402;1291.016   8;14;9
with_coding_region     5000   NC_073254.2  SCFR_NC_073254_2_188832130_188842537_frame2_fft   51   3  0.314500;0.037763;0.276737    2587.763;1754.694;1599.617   3;26;4
with_coding_region     5000   NC_073254.2  SCFR_NC_073254_2_188264078_188289713_frame3_fft   97   3  0.040570;0.297328;0.202731    5255.367;4704.832;4171.864   25;3;5
with_coding_region     5000   NC_073254.2  SCFR_NC_073254_2_189091061_189096125_frame_3_fft  17   3  0.152449;0.203397;0.101698    1050.431;1039.706;814.433    7;5;10
with_coding_region     5000   NC_073254.2  SCFR_NC_073254_2_188264100_188289723_frame1_fft   96   3  0.040550;0.202748;0.162198    5292.352;4503.704;4467.594   25;5;6
with_coding_region     5000   NC_073254.2  SCFR_NC_073254_2_188264023_188289880_frame2_fft   96   3  0.040569;0.297328;0.202730    5281.457;4706.551;4161.379   25;3;5
with_coding_region     5000   NC_073254.2  SCFR_NC_073254_2_190437786_190442997_frame1_fft   15   3  0.200154;0.300134;0.099981    1248.143;1116.651;997.485    5;3;10
with_coding_region     5000   NC_073254.2  SCFR_NC_073254_2_191139208_191145151_frame_1_fft  2    2  0.166583;0.333333             2984.642;1980.000            6;3
with_coding_region     5000   NC_073254.2  SCFR_NC_073254_2_190437653_190442777_frame3_fft   21   3  0.100117;0.049961;0.300156    1342.978;1125.672;1058.430   10;20;3
with_coding_region     5000   NC_073254.2  SCFR_NC_073254_2_191139209_191145152_frame3_fft   2    2  0.166751;0.333333             2985.020;1980.000            6;3
with_coding_region     5000   NC_073254.2  SCFR_NC_073254_2_191139159_191146335_frame_2_fft  2    2  0.166667;0.333333             5237.907;1811.873            6;3
with_coding_region     5000   NC_073254.2  SCFR_NC_073254_2_61183264_61189363_frame2_fft     1    1  0.333333                      691.298                      3
with_coding_region     5000   NC_073254.2  SCFR_NC_073254_2_71077476_71083020_frame_2_fft    1    1  0.333333                      850.221                      3
with_coding_region     5000   NC_073254.2  SCFR_NC_073254_2_191139160_191146336_frame2_fft   2    2  0.166667;0.333333             5239.669;1813.198            6;3
with_coding_region     5000   NC_073254.2  SCFR_NC_073254_2_26767291_26773354_frame2_fft     1    1  0.333333                      670.719                      3
with_coding_region     5000   NC_073262.2  SCFR_NC_073262_2_108920744_108927671_frame3_fft   4    3  0.333333;0.008084;0.341273    1325.234;542.628;475.801     3;124;3
with_coding_region     5000   NC_073262.2  SCFR_NC_073262_2_141542706_141548382_frame_1_fft  20   3  0.440803;0.451198;0.450846    597.326;545.319;531.493      2;2;2
with_coding_region     5000   NC_073262.2  SCFR_NC_073262_2_133627063_133632637_frame2_fft   8    3  0.333513;0.332975;0.333872    2575.252;1543.534;1456.059   3;3;3
with_coding_region     5000   NC_073262.2  SCFR_NC_073262_2_142843742_142850714_frame3_fft   46   3  0.075014;0.052783;0.150029    1490.177;1319.814;1282.689   13;19;7
with_coding_region     5000   NC_073262.2  SCFR_NC_073262_2_142844965_142850713_frame_3_fft  37   3  0.074983;0.149965;0.052714    1202.941;962.580;907.100     13;7;19
with_coding_region     5000   NC_073262.2  SCFR_NC_073262_2_142855317_142863216_frame1_fft   40   3  0.074946;0.149892;0.052791    1646.250;1250.402;1174.370   13;7;19
with_coding_region     5000   NC_073262.2  SCFR_NC_073262_2_142850089_142855942_frame2_fft   37   3  0.075004;0.052793;0.150009    1252.821;1100.515;1085.307   13;19;7
with_coding_region     5000   NC_073262.2  SCFR_NC_073262_2_142852703_142858556_frame3_fft   37   3  0.075004;0.052793;0.150009    1253.384;1101.807;1086.805   13;19;7
with_coding_region     5000   NC_073262.2  SCFR_NC_073262_2_142846356_142853328_frame1_fft   43   3  0.075014;0.052783;0.150029    1478.189;1307.312;1241.763   13;19;7
with_coding_region     5000   NC_073262.2  SCFR_NC_073262_2_142856540_142863215_frame_2_fft  37   3  0.074906;0.149813;0.224719    1463.874;1250.047;1128.521   13;7;4
with_coding_region     5000   NC_073262.2  SCFR_NC_073262_2_144858944_144867179_frame3_fft   2    2  0.166727;0.333333             4208.201;2648.575            6;3
with_coding_region     5000   NC_073262.2  SCFR_NC_073262_2_144859037_144867050_frame_2_fft  2    2  0.166604;0.333333             4034.314;2677.694            6;3
with_coding_region     5000   NC_073262.2  SCFR_NC_073262_2_144859018_144867178_frame_3_fft  2    2  0.166667;0.333333             6356.136;2653.091            6;3
with_coding_region     5000   NC_073262.2  SCFR_NC_073262_2_144859110_144867051_frame1_fft   2    2  0.166730;0.333333             3988.189;2646.000            6;3
with_coding_region     5000   NC_073262.2  SCFR_NC_073262_2_347_7511_frame_2_fft             5    3  -0.166667;0.166667;-0.333333  5623.378;5623.378;2373.624   11;55;14
with_coding_region     5000   NC_073262.2  SCFR_NC_073262_2_379_7486_frame2_fft              5    3  -0.166737;0.166737;-0.333333  3585.377;3585.377;2372.020   11;56;14
with_coding_region     5000   NC_073262.2  SCFR_NC_073262_2_348_7512_frame1_fft              5    3  -0.166667;0.166667;-0.333333  5622.866;5622.866;2374.168   11;55;14
with_coding_region     5000   NC_073262.2  SCFR_NC_073262_2_69884209_69893617_frame2_fft     1    1  0.333333                      1266.653                     3
with_coding_region     5000   NC_073262.2  SCFR_NC_073262_2_378_7554_frame_1_fft             5    3  -0.166667;0.166667;-0.333333  5627.511;5627.511;2372.107   11;55;14
with_coding_region     5000   NC_073262.2  SCFR_NC_073262_2_81177885_81183543_frame_1_fft    1    1  0.333333                      608.915                      3
with_coding_region     5000   NC_073262.2  SCFR_NC_073262_2_81392520_81399057_frame_1_fft    1    1  0.333333                      1023.655                     3
with_coding_region     5000   NC_073262.2  SCFR_NC_073262_2_88455352_88464370_frame2_fft     1    1  0.333333                      1086.041                     3
with_coding_region     5000   NC_073262.2  SCFR_NC_073262_2_88466500_88475959_frame2_fft     1    1  0.333333                      1151.221                     3
with_coding_region     5000   NC_073262.2  SCFR_NC_073262_2_81206979_81224217_frame_1_fft    15   3  0.333333;0.036953;0.006787    2715.710;900.131;844.449     3;27;147
with_coding_region     5000   NC_073271.2  SCFR_NC_073271_2_3930_9417_frame1_fft             9    3  0.166576;0.167122;0.333151    2053.680;1081.627;738.031    6;6;3
with_coding_region     5000   NC_073271.2  SCFR_NC_073271_2_29666977_29672920_frame2_fft     4    3  0.333333;0.333670;0.332997    941.228;638.136;589.313      3;3;3
with_coding_region     5000   NC_073271.2  SCFR_NC_073271_2_40457194_40462960_frame2_fft     27   3  0.019771;0.305758;0.479535    757.408;635.674;598.209      51;3;2
with_coding_region     5000   NC_073271.2  SCFR_NC_073271_2_41671007_41677793_frame3_fft     29   3  0.030946;0.092691;0.061745    1471.715;1213.796;985.453    32;11;16
with_coding_region     5000   NC_073271.2  SCFR_NC_073271_2_41671029_41677806_frame1_fft     27   3  0.030840;0.092666;0.061827    1477.364;1244.061;954.802    32;11;16
with_coding_region     5000   NC_073271.2  SCFR_NC_073271_2_41671294_41677756_frame2_fft     28   3  0.030950;0.092696;0.061746    1424.641;1196.664;990.265    32;11;16
with_coding_region     5000   NC_073271.2  SCFR_NC_073271_2_48473855_48481739_frame_2_fft    2    2  0.166667;0.333333             6083.881;2523.894            6;3
with_coding_region     5000   NC_073271.2  SCFR_NC_073271_2_48473856_48481740_frame1_fft     2    2  0.166667;0.333333             6083.344;2521.922            6;3
with_coding_region     5000   NC_073271.2  SCFR_NC_073271_2_48474058_48482503_frame_3_fft    3    3  0.166726;0.333333;0.165897    4480.983;2495.025;381.870    6;3;6
with_coding_region     5000   NC_073271.2  SCFR_NC_073271_2_48474059_48482504_frame3_fft     3    3  0.166726;0.333333;0.165897    4480.323;2496.045;382.886    6;3;6
with_coding_region     5000   NC_073265.2  SCFR_NC_073265_2_21015788_21023588_frame_3_fft    6    3  0.410641;0.089359;0.415385    530.375;515.589;436.604      2;11;2
with_coding_region     5000   NC_073265.2  SCFR_NC_073265_2_1302_6702_frame1_fft             2    2  0.166667;0.333333             3808.919;1139.824            6;3
with_coding_region     5000   NC_073265.2  SCFR_NC_073265_2_21015763_21023602_frame_1_fft    5    3  0.089425;0.410639;0.411532    546.369;534.161;426.088      11;2;2
with_coding_region     5000   NC_073265.2  SCFR_NC_073265_2_1301_6701_frame_3_fft            2    2  0.166667;0.333333             3807.255;1140.692            6;3
with_coding_region     5000   NC_073265.2  SCFR_NC_073265_2_21015831_21023598_frame_2_fft    4    3  0.410583;0.089352;0.084589    573.899;506.503;430.621      2;11;12
with_coding_region     5000   NC_073265.2  SCFR_NC_073265_2_29865890_29871011_frame3_fft     1    1  0.333333                      788.296                      3
with_coding_region     5000   NC_073265.2  SCFR_NC_073265_2_90902736_90910620_frame1_fft     39   3  0.077752;0.077372;0.155124    1018.909;900.370;866.396     13;13;6
with_coding_region     5000   NC_073265.2  SCFR_NC_073265_2_90902744_90910616_frame3_fft     40   3  0.077744;0.155107;0.077363    1117.176;884.224;848.557     13;6;13
with_coding_region     5000   NC_073265.2  SCFR_NC_073265_2_31934332_31944568_frame2_fft     1    1  0.333333                      1021.209                     3
with_coding_region     5000   NC_073265.2  SCFR_NC_073265_2_90902755_90910660_frame2_fft     41   3  0.077672;0.077419;0.155092    1308.549;891.156;870.172     13;13;6
with_coding_region     5000   NC_073265.2  SCFR_NC_073265_2_32773966_32782735_frame2_fft     4    3  0.333333;0.000342;0.333105    1123.311;657.138;488.560     3;2923;3
with_coding_region     5000   NC_073265.2  SCFR_NC_073265_2_91853297_91858898_frame_3_fft    2    2  0.166756;0.333333             2838.051;1878.713            6;3
with_coding_region     5000   NC_073265.2  SCFR_NC_073265_2_91853298_91858899_frame1_fft     2    2  0.166756;0.333333             2839.050;1876.714            6;3
with_coding_region     5000   NC_073265.2  SCFR_NC_073265_2_91853290_91858981_frame_1_fft    2    2  0.166755;0.333333             2934.974;1862.663            6;3
with_coding_region     5000   NC_073265.2  SCFR_NC_073265_2_91853291_91858976_frame3_fft     2    2  0.166755;0.333333             2928.471;1864.622            6;3
with_coding_region     5000   NC_073259.2  SCFR_NC_073259_2_138824039_138831683_frame_2_fft  8    3  0.333333;0.166667;0.055599    2775.305;2403.992;1621.858   3;6;18
with_coding_region     5000   NC_073259.2  SCFR_NC_073259_2_138824259_138831759_frame_1_fft  8    3  0.333333;0.166667;0.055600    2815.406;2359.974;1599.286   3;6;18
with_coding_region     5000   NC_073259.2  SCFR_NC_073259_2_138824535_138831636_frame1_fft   8    3  0.333333;0.444444;0.222222    2814.101;1863.152;1656.746   3;2;5
with_coding_region     5000   NC_073259.2  SCFR_NC_073259_2_140273872_140279206_frame2_fft   11   3  0.300337;0.349831;0.399888    1362.578;1012.374;550.818    3;3;3
with_coding_region     5000   NC_073259.2  SCFR_NC_073259_2_139659914_139669955_frame3_fft   47   3  0.470371;0.470172;0.470571    3875.270;1682.548;1609.905   2;2;2
with_coding_region     5000   NC_073259.2  SCFR_NC_073259_2_140274068_140279282_frame3_fft   13   3  0.300345;0.349827;0.399885    1322.443;1012.532;547.162    3;3;3
with_coding_region     5000   NC_073259.2  SCFR_NC_073259_2_140308847_140314574_frame3_fft   20   3  0.443164;0.445085;0.442815    704.316;532.345;512.747      2;2;2
with_coding_region     5000   NC_073259.2  SCFR_NC_073259_2_140274096_140279310_frame1_fft   13   3  0.300345;0.349827;0.399885    1326.438;1014.068;546.135    3;3;3
with_coding_region     5000   NC_073259.2  SCFR_NC_073259_2_140308506_140316360_frame1_fft   27   3  0.443214;0.444996;0.439267    850.061;660.545;627.575      2;2;2
with_coding_region     5000   NC_073259.2  SCFR_NC_073259_2_140473374_140478633_frame1_fft   21   3  0.444001;0.037650;0.481460    1271.098;1054.945;968.853    2;27;2
with_coding_region     5000   NC_073259.2  SCFR_NC_073259_2_141803025_141810885_frame_1_fft  9    3  0.166667;0.333206;0.333461    5341.615;1445.799;1438.337   6;3;3
with_coding_region     5000   NC_073259.2  SCFR_NC_073259_2_141530259_141535488_frame_1_fft  17   3  0.139415;0.344425;0.069612    638.018;575.612;544.616      7;3;14
with_coding_region     5000   NC_073259.2  SCFR_NC_073259_2_3492_8616_frame1_fft             2    2  0.166667;0.333333             3894.231;1519.801            6;3
with_coding_region     5000   NC_073259.2  SCFR_NC_073259_2_141803005_141810886_frame2_fft   10   3  0.166603;0.166857;0.333206    5374.156;1818.223;1455.764   6;6;3
with_coding_region     5000   NC_073259.2  SCFR_NC_073259_2_3497_8615_frame_2_fft            2    2  0.166667;0.333333             3894.490;1521.359            6;3
with_coding_region     5000   NC_073259.2  SCFR_NC_073259_2_43833123_43839207_frame1_fft     15   3  0.333333;0.305556;0.027778    949.921;716.610;716.084      3;3;36
with_coding_region     5000   NC_073259.2  SCFR_NC_073259_2_37601394_37607202_frame1_fft     3    3  0.333333;0.043216;0.116047    1424.845;534.788;364.068     3;23;9
with_coding_region     5000   NC_073259.2  SCFR_NC_073259_2_53665422_53676795_frame_1_fft    47   3  0.333333;0.033412;0.366746    4434.892;2098.786;2038.321   3;30;3
with_coding_region     5000   NC_073259.2  SCFR_NC_073259_2_53665423_53670445_frame2_fft     24   3  0.333333;0.233174;0.366786    1978.631;1132.775;891.295    3;4;3
with_coding_region     5000   NC_073259.2  SCFR_NC_073259_2_64774605_64779645_frame_1_fft    1    1  0.333333                      652.195                      3
with_coding_region     5000   NC_073259.2  SCFR_NC_073259_2_8787840_8793411_frame_1_fft      23   3  0.020822;0.270867;0.229223    1465.530;1249.264;1194.582   48;4;4
with_coding_region     5000   NC_073259.2  SCFR_NC_073259_2_8788019_8793506_frame_2_fft      24   3  0.125023;0.020776;0.062511    1442.054;1219.337;1072.574   8;48;16
with_coding_region     5000   NC_073259.2  SCFR_NC_073259_2_8787988_8793586_frame_3_fft      22   3  0.125045;0.020900;0.229189    1408.562;1236.517;1165.058   8;48;4
with_coding_region     5000   NC_073263.2  SCFR_NC_073263_2_114906220_114911428_frame_3_fft  4    3  0.333333;0.166667;0.083141    680.072;567.761;437.984      3;6;12
with_coding_region     5000   NC_073263.2  SCFR_NC_073263_2_116117523_116126361_frame_1_fft  2    2  0.166667;0.333333             6683.328;2758.777            6;3
with_coding_region     5000   NC_073263.2  SCFR_NC_073263_2_116117362_116126362_frame2_fft   2    2  0.166667;0.333333             6696.459;2753.028            6;3
with_coding_region     5000   NC_073263.2  SCFR_NC_073263_2_116117719_116125738_frame_3_fft  2    2  0.166604;0.333333             4091.729;2688.697            6;3
with_coding_region     5000   NC_073263.2  SCFR_NC_073263_2_116117876_116125739_frame3_fft   2    2  0.166603;0.333333             3988.142;2634.227            6;3
with_coding_region     5000   NC_073263.2  SCFR_NC_073263_2_1841_9074_frame3_fft             2    2  0.166736;0.333333             3681.387;2327.259            6;3
with_coding_region     5000   NC_073263.2  SCFR_NC_073263_2_104248388_104269379_frame_2_fft  1    1  0.333333                      2290.370                     3
with_coding_region     5000   NC_073263.2  SCFR_NC_073263_2_1840_9163_frame_3_fft            2    2  0.166735;0.333333             3710.918;2321.775            6;3
with_coding_region     5000   NC_073263.2  SCFR_NC_073263_2_22947221_22958780_frame_2_fft    1    1  0.333333                      1288.449                     3
with_coding_region     5000   NC_073263.2  SCFR_NC_073263_2_1917_8145_frame_1_fft            2    2  0.166667;0.333333             4907.637;2074.000            6;3
with_coding_region     5000   NC_073263.2  SCFR_NC_073263_2_1918_9130_frame2_fft             2    2  0.166667;0.333333             5521.738;2342.921            6;3
with_coding_region     5000   NC_073263.2  SCFR_NC_073263_2_38214109_38219605_frame2_fft     1    1  0.333333                      812.107                      3
with_coding_region     5000   NC_073263.2  SCFR_NC_073263_2_31902278_31907297_frame3_fft     1    1  0.333333                      762.864                      3
with_coding_region     5000   NC_085926.1  SCFR_NC_085926_1_193687996_193693474_frame2_fft   7    3  0.200073;0.466594;0.333333    1798.742;1514.515;1486.073   5;2;3
with_coding_region     5000   NC_085926.1  SCFR_NC_085926_1_111650463_111656952_frame_1_fft  1    1  0.333333                      928.936                      3
with_coding_region     5000   NC_085926.1  SCFR_NC_085926_1_192412925_192418193_frame3_fft   27   3  0.041002;0.082005;0.286257    1186.708;932.575;565.869     24;12;3
with_coding_region     5000   NC_085926.1  SCFR_NC_085926_1_119650470_119655660_frame_1_fft  1    1  0.333333                      952.087                      3
with_coding_region     5000   NC_085926.1  SCFR_NC_085926_1_193694170_193705456_frame_3_fft  23   3  0.333333;0.041645;0.291689    3112.962;2138.604;2004.951   3;24;3
with_coding_region     5000   NC_085926.1  SCFR_NC_085926_1_195330324_195344922_frame_1_fft  10   3  0.428552;0.285724;0.095219    6234.799;5741.192;4884.694   2;4;11
with_coding_region     5000   NC_085926.1  SCFR_NC_085926_1_195330346_195348511_frame_3_fft  10   3  0.428571;0.142857;0.285714    8890.856;7620.592;7157.376   2;7;4
with_coding_region     5000   NC_085926.1  SCFR_NC_085926_1_195330360_195348504_frame1_fft   10   3  0.428571;0.142857;0.285714    8892.353;7617.192;7155.472   2;7;4
with_coding_region     5000   NC_085926.1  SCFR_NC_085926_1_196420338_196428939_frame_1_fft  8    3  0.166609;0.333333;0.166376    4730.271;1810.650;1172.192   6;3;6
with_coding_region     5000   NC_085926.1  SCFR_NC_085926_1_195330128_195348608_frame3_fft   10   3  0.428571;0.142857;0.285714    8923.816;7646.934;7168.056   2;7;4
with_coding_region     5000   NC_085926.1  SCFR_NC_085926_1_196420339_196428940_frame2_fft   8    3  0.166609;0.333333;0.166376    4728.673;1810.725;1170.530   6;3;6
with_coding_region     5000   NC_085926.1  SCFR_NC_085926_1_2064_8217_frame_1_fft            2    2  0.166585;0.333333             3233.415;1919.067            6;3
with_coding_region     5000   NC_085926.1  SCFR_NC_085926_1_2309_8231_frame_2_fft            2    2  0.166667;0.333333             4640.588;1955.062            6;3
with_coding_region     5000   NC_085926.1  SCFR_NC_085926_1_2065_8218_frame2_fft             2    2  0.166585;0.333333             3233.078;1917.939            6;3
with_coding_region     5000   NC_085926.1  SCFR_NC_085926_1_195330260_195348617_frame_2_fft  10   3  0.428556;0.285722;0.095223    7705.795;6972.026;6129.597   2;4;11
with_coding_region     5000   NC_085926.1  SCFR_NC_085926_1_49638217_49645114_frame2_fft     3    3  0.333333;0.333768;0.334058    679.489;388.639;378.090      3;3;3
with_coding_region     5000   NC_085926.1  SCFR_NC_085926_1_2310_8316_frame1_fft             2    2  0.166667;0.333333             4685.423;1983.427            6;3
with_coding_region     5000   NC_085926.1  SCFR_NC_085926_1_95783045_95789327_frame3_fft     1    1  0.333333                      983.648                      3
with_coding_region     5000   NC_085926.1  SCFR_NC_085926_1_39135778_39141439_frame_3_fft    1    1  0.333333                      681.121                      3
with_coding_region     5000   NC_085927.1  SCFR_NC_085927_1_0_7983_frame_3_fft               5    3  -0.166729;0.166729;-0.333333  4144.839;4144.839;2456.887   12;59;15
with_coding_region     5000   NC_085927.1  SCFR_NC_085927_1_103_7540_frame_2_fft             5    3  -0.166734;0.166734;-0.333333  3737.494;3737.494;2476.148   13;63;16
with_coding_region     5000   NC_085927.1  SCFR_NC_085927_1_104_7541_frame3_fft              5    3  -0.166734;0.166734;-0.333333  3737.993;3737.993;2475.001   13;63;16
with_coding_region     5000   NC_085927.1  SCFR_NC_085927_1_1_9505_frame2_fft                5    3  -0.166667;0.166667;-0.333333  6045.334;6045.334;2507.450   10;48;12
with_coding_region     5000   NC_085927.1  SCFR_NC_085927_1_41662150_41667442_frame_2_fft    1    1  0.333333                      489.426                      3
with_coding_region     5000   NC_085927.1  SCFR_NC_085927_1_30940529_30945902_frame3_fft     1    1  0.333333                      771.974                      3
with_coding_region     5000   NC_085927.1  SCFR_NC_085927_1_55712091_55721742_frame_3_fft    31   3  0.484302;0.069112;0.479018    804.835;658.958;582.746      2;14;2
with_coding_region     5000   NC_085927.1  SCFR_NC_085927_1_52042261_52048060_frame_2_fft    1    1  0.333333                      674.560                      3
with_coding_region     5000   NC_085927.1  SCFR_NC_085927_1_56085609_56092626_frame_3_fft    2    2  0.000285;0.333333             788.464;719.774              3509;3
with_coding_region     5000   NC_085927.1  SCFR_NC_085927_1_55712801_55722035_frame_1_fft    26   3  0.484297;0.069092;0.486463    811.646;640.975;569.725      2;14;2
with_coding_region     5000   NC_085927.1  SCFR_NC_085927_1_56447828_56454950_frame_1_fft    30   3  0.058270;0.116540;0.058551    1683.379;1042.571;941.503    17;9;17
with_coding_region     5000   NC_085927.1  SCFR_NC_085927_1_55712848_55719919_frame_2_fft    35   3  0.484373;0.470796;0.069580    757.967;527.116;504.475      2;2;14
with_coding_region     5000   NC_085927.1  SCFR_NC_085927_1_60287209_60298258_frame2_fft     63   3  0.046249;0.092497;0.185085    1507.855;1373.460;1027.332   22;11;5
with_coding_region     5000   NC_085927.1  SCFR_NC_085927_1_65043425_65050880_frame_1_fft    6    3  0.166734;0.333333;0.166063    4738.696;1480.393;691.249    6;3;6
with_coding_region     5000   NC_085927.1  SCFR_NC_085927_1_65043426_65050881_frame1_fft     6    3  0.166734;0.333333;0.166063    4740.280;1479.502;689.911    6;3;6
with_coding_region     5000   NC_085927.1  SCFR_NC_085927_1_60287118_60298359_frame1_fft     68   3  0.046259;0.092607;0.092963    1594.604;1368.821;994.783    22;11;11
with_coding_region     5000   NC_085927.1  SCFR_NC_085927_1_60287306_60298430_frame3_fft     59   3  0.046296;0.092593;0.185095    1500.078;1353.010;1037.873   22;11;5
with_coding_region     5000   NC_085927.1  SCFR_NC_085927_1_65046091_65051200_frame_2_fft    2    2  0.166765;0.333333             2771.730;1545.728            6;3
with_coding_region     5000   NC_085927.1  SCFR_NC_085927_1_65046092_65051201_frame3_fft     2    2  0.166765;0.333333             2771.132;1547.177            6;3
with_coding_region     5000   NC_073256.2  SCFR_NC_073256_2_160452855_160461573_frame_3_fft  49   3  0.047832;0.143726;0.048061    2513.260;1377.416;1361.106   21;7;21
with_coding_region     5000   NC_073256.2  SCFR_NC_073256_2_160461576_160474362_frame_3_fft  82   3  0.047865;0.048021;0.143673    2847.893;2622.545;1420.064   21;21;7
with_coding_region     5000   NC_073256.2  SCFR_NC_073256_2_160452803_160474382_frame_1_fft  128  3  0.047824;0.048056;0.047917    5903.053;2987.596;2634.582   21;21;21
with_coding_region     5000   NC_073256.2  SCFR_NC_073256_2_160452769_160474345_frame_2_fft  124  3  0.047831;0.048016;0.048248    6362.406;2571.978;2377.250   21;21;21
with_coding_region     5000   NC_073256.2  SCFR_NC_073256_2_161405330_161411567_frame_1_fft  2    2  0.333333;0.140131             1744.010;430.361             3;7
with_coding_region     5000   NC_073256.2  SCFR_NC_073256_2_161342530_161355964_frame2_fft   40   3  0.333333;0.316436;0.332068    3948.762;1005.239;801.560    3;3;3
with_coding_region     5000   NC_073256.2  SCFR_NC_073256_2_161342506_161362642_frame_2_fft  24   3  0.333333;0.316398;0.175805    5403.370;1110.174;982.378    3;3;6
with_coding_region     5000   NC_073256.2  SCFR_NC_073256_2_162461573_162469805_frame3_fft   38   3  0.108236;0.162172;0.162536    1495.040;948.602;923.310     9;6;6
with_coding_region     5000   NC_073256.2  SCFR_NC_073256_2_162472517_162477707_frame3_fft   24   3  0.108092;0.161850;0.162235    1158.307;550.106;461.971     9;6;6
with_coding_region     5000   NC_073256.2  SCFR_NC_073256_2_162464572_162471826_frame2_fft   29   3  0.108216;0.162255;0.162531    1407.645;828.485;750.930     9;6;6
with_coding_region     5000   NC_073256.2  SCFR_NC_073256_2_162472306_162477724_frame2_fft   23   3  0.108158;0.161868;0.162237    1154.708;549.530;494.066     9;6;6
with_coding_region     5000   NC_073256.2  SCFR_NC_073256_2_162784608_162789711_frame1_fft   2    2  0.166569;0.333333             2567.481;1697.500            6;3
with_coding_region     5000   NC_073256.2  SCFR_NC_073256_2_162784613_162789716_frame_1_fft  2    2  0.166765;0.333333             2563.631;1699.001            6;3
with_coding_region     5000   NC_073256.2  SCFR_NC_073256_2_162784594_162793672_frame_2_fft  15   3  0.166667;0.333333;0.166997    6135.789;2287.843;1342.965   6;3;6
with_coding_region     5000   NC_073256.2  SCFR_NC_073256_2_162784595_162793673_frame3_fft   15   3  0.166667;0.333333;0.166997    6137.546;2288.808;1341.385   6;3;6
with_coding_region     5000   NC_073256.2  SCFR_NC_073256_2_16550703_16557153_frame1_fft     7    3  0.315659;0.321085;0.319225    394.600;357.238;355.693      3;3;3
with_coding_region     5000   NC_073256.2  SCFR_NC_073256_2_17130451_17137459_frame_2_fft    26   3  0.101455;0.487300;0.411244    1611.102;1475.181;1318.494   10;2;2
with_coding_region     5000   NC_073256.2  SCFR_NC_073256_2_17134707_17139963_frame_3_fft    29   3  0.487633;0.412100;0.100266    1176.007;967.664;936.328     2;2;10
with_coding_region     5000   NC_073256.2  SCFR_NC_073256_2_22177139_22182674_frame_1_fft    40   3  0.037037;0.123397;0.024752    1595.106;1193.300;1111.098   27;8;40
with_coding_region     5000   NC_073256.2  SCFR_NC_073256_2_16550733_16557654_frame_3_fft    3    3  0.335501;0.321052;0.315706    415.154;407.685;398.548      3;3;3
with_coding_region     5000   NC_073256.2  SCFR_NC_073256_2_16550926_16557625_frame_2_fft    3    3  0.324974;0.315719;0.184356    385.678;365.261;353.342      3;3;5
with_coding_region     5000   NC_073256.2  SCFR_NC_073256_2_22177140_22182804_frame1_fft     39   3  0.037076;0.123411;0.024718    1488.863;1312.560;1287.996   27;8;40
with_coding_region     5000   NC_073256.2  SCFR_NC_073256_2_17136647_17141990_frame_1_fft    22   3  0.487554;0.100692;0.411941    1195.835;1015.493;951.373    2;10;2
with_coding_region     5000   NC_073256.2  SCFR_NC_073256_2_27060382_27067303_frame_2_fft    5    3  0.333333;0.000433;0.333767    886.514;540.508;481.479      3;2307;3
with_coding_region     5000   NC_073256.2  SCFR_NC_073256_2_4090_10933_frame_2_fft           2    2  0.166594;0.333333             3531.426;2239.159            6;3
with_coding_region     5000   NC_073256.2  SCFR_NC_073256_2_29598885_29604456_frame1_fft     39   3  0.123497;0.012386;0.049363    1345.143;1265.296;1170.422   8;81;20
with_coding_region     5000   NC_073256.2  SCFR_NC_073256_2_4091_10934_frame3_fft            2    2  0.166594;0.333333             3533.298;2240.427            6;3
with_coding_region     5000   NC_073256.2  SCFR_NC_073256_2_29598794_29604455_frame_1_fft    40   3  0.123476;0.012365;0.037096    1353.378;1344.868;1272.934   8;81;27
with_coding_region     5000   NC_073256.2  SCFR_NC_073256_2_47_11114_frame_1_fft             29   3  0.166712;-0.166712;0.333333   6471.249;6471.249;2326.727   34;7;17
with_coding_region     5000   NC_073256.2  SCFR_NC_073256_2_48_11163_frame1_fft              29   3  0.166712;-0.166712;-0.333333  6489.863;6489.863;2328.921   34;7;8
with_coding_region     5000   NC_073256.2  SCFR_NC_073256_2_49415411_49422779_frame_1_fft    1    1  0.333333                      927.311                      3
with_coding_region     5000   NC_073256.2  SCFR_NC_073256_2_70261426_70267168_frame2_fft     1    1  0.333333                      827.898                      3
with_coding_region     5000   NC_073256.2  SCFR_NC_073256_2_92585510_92590982_frame3_fft     2    2  0.333333;0.000914             614.388;390.449              3;1095
with_coding_region     5000   NC_073267.2  SCFR_NC_073267_2_1092148_1098577_frame_2_fft      27   3  0.112459;0.157412;0.067507    1241.471;1197.528;1126.238   9;6;15
with_coding_region     5000   NC_073267.2  SCFR_NC_073267_2_1092153_1098441_frame_3_fft      29   3  0.067430;0.112436;0.157443    1367.557;1192.661;1113.653   15;9;6
with_coding_region     5000   NC_073267.2  SCFR_NC_073267_2_100419845_100427192_frame3_fft   10   3  0.166735;0.333333;0.499660    4469.490;1382.022;811.210    6;3;2
with_coding_region     5000   NC_073267.2  SCFR_NC_073267_2_100419844_100427191_frame_2_fft  10   3  0.166735;0.333333;0.499660    4468.840;1382.060;812.212    6;3;2
with_coding_region     5000   NC_073267.2  SCFR_NC_073267_2_1092170_1098392_frame_1_fft      30   3  0.112504;0.067502;0.157345    1215.115;1153.992;1051.829   9;15;6
with_coding_region     5000   NC_073267.2  SCFR_NC_073267_2_2102_10211_frame_1_fft           2    2  0.166605;0.333333             4295.010;2531.892            6;3
with_coding_region     5000   NC_073267.2  SCFR_NC_073267_2_3266473_3273175_frame2_fft       3    3  0.333333;0.333632;0.333035    1283.318;559.807;555.819     3;3;3
with_coding_region     5000   NC_073267.2  SCFR_NC_073267_2_2434_10198_frame2_fft            2    2  0.166667;0.333333             6112.078;2588.005            6;3
with_coding_region     5000   NC_073267.2  SCFR_NC_073267_2_34283807_34289324_frame3_fft     2    2  0.333333;0.331702             665.377;339.571              3;3
with_coding_region     5000   NC_073267.2  SCFR_NC_073267_2_2433_10197_frame_3_fft           2    2  0.166667;0.333333             6113.944;2589.090            6;3
with_coding_region     5000   NC_073267.2  SCFR_NC_073267_2_2103_10212_frame1_fft            2    2  0.166605;0.333333             4293.159;2532.138            6;3
with_coding_region     5000   NC_073267.2  SCFR_NC_073267_2_4866796_4876573_frame_2_fft      40   3  0.052981;0.052368;0.447070    1356.273;1312.485;1275.391   19;19;2
with_coding_region     5000   NC_073267.2  SCFR_NC_073267_2_697955_706517_frame3_fft         10   3  0.318150;0.227283;0.363583    3133.106;2744.260;2170.775   3;4;3
with_coding_region     5000   NC_073267.2  SCFR_NC_073267_2_698571_706500_frame1_fft         10   3  0.318199;0.227267;0.363602    3193.670;2601.185;2503.609   3;4;3
with_coding_region     5000   NC_073267.2  SCFR_NC_073267_2_4866930_4876659_frame_3_fft      40   3  0.446706;0.052832;0.052009    1367.576;1325.735;1248.090   2;19;19
with_coding_region     5000   NC_073267.2  SCFR_NC_073267_2_81345926_81351455_frame3_fft     1    1  0.333333                      649.838                      3
with_coding_region     5000   NC_073267.2  SCFR_NC_073267_2_4866971_4876559_frame_1_fft      44   3  0.446704;0.052983;0.447017    1344.998;1331.941;1238.802   2;19;2
with_coding_region     5000   NC_073267.2  SCFR_NC_073267_2_99063860_99070745_frame_1_fft    2    2  0.333333;0.000871             1228.676;377.074             3;1148
with_coding_region     5000   NC_073267.2  SCFR_NC_073267_2_98196862_98208751_frame2_fft     1    1  0.333333                      1095.274                     3
with_coding_region     5000   NC_073264.2  SCFR_NC_073264_2_106656475_106665931_frame_1_fft  25   3  0.054569;0.109243;0.054886    1507.040;935.287;812.374     18;9;18
with_coding_region     5000   NC_073264.2  SCFR_NC_073264_2_106655985_106665978_frame_2_fft  30   3  0.054638;0.054838;0.109176    1384.939;1048.757;828.035    18;18;9
with_coding_region     5000   NC_073264.2  SCFR_NC_073264_2_106655927_106666913_frame_3_fft  20   3  0.054615;0.109230;0.054888    1509.694;985.907;795.820     18;9;18
with_coding_region     5000   NC_073264.2  SCFR_NC_073264_2_108443614_108449293_frame_1_fft  4    3  0.166579;0.333333;0.167107    3679.889;1187.654;777.799    6;3;6
with_coding_region     5000   NC_073264.2  SCFR_NC_073264_2_106122691_106140052_frame_1_fft  131  3  0.333333;0.187892;0.143425    3524.055;1858.632;1812.564   3;5;7
with_coding_region     5000   NC_073264.2  SCFR_NC_073264_2_108443615_108449288_frame3_fft   4    3  0.166579;0.333333;0.167107    3676.584;1189.640;773.442    6;3;6
with_coding_region     5000   NC_073249.2  SCFR_NC_073249_2_1268_8114_frame_2_fft            2    2  0.166667;0.333333             5382.624;2279.522            6;3
with_coding_region     5000   NC_073249.2  SCFR_NC_073249_2_1269_8157_frame1_fft             2    2  0.166667;0.333333             5389.133;2274.559            6;3
with_coding_region     5000   NC_073249.2  SCFR_NC_073249_2_0_8107_frame_3_fft               15   3  -0.166646;0.166646;-0.333292  6055.455;6055.455;2184.728   10;48;12
with_coding_region     5000   NC_073249.2  SCFR_NC_073249_2_185227363_185232502_frame2_fft   1    1  0.333333                      391.614                      3
with_coding_region     5000   NC_073249.2  SCFR_NC_073249_2_225910365_225915756_frame_1_fft  21   3  0.074754;0.037470;0.112224    1839.216;1168.443;1003.284   13;27;9
with_coding_region     5000   NC_073249.2  SCFR_NC_073249_2_225910483_225915850_frame_3_fft  22   3  0.074716;0.037451;0.112167    1549.024;1321.095;1103.691   13;27;9
with_coding_region     5000   NC_073249.2  SCFR_NC_073249_2_225910397_225916040_frame_2_fft  25   3  0.074783;0.037391;0.112174    1929.552;1552.526;1115.928   13;27;9
with_coding_region     5000   NC_073249.2  SCFR_NC_073249_2_187490334_187495821_frame_1_fft  2    2  0.333333;0.298706             702.159;347.450              3;3
with_coding_region     5000   NC_073249.2  SCFR_NC_073249_2_210983092_210991450_frame_3_fft  1    1  0.333333                      1219.226                     3
with_coding_region     5000   NC_073249.2  SCFR_NC_073249_2_227246636_227262338_frame3_fft   48   3  0.423322;0.269838;0.270029    3254.465;1803.664;1791.355   2;4;4
with_coding_region     5000   NC_073249.2  SCFR_NC_073249_2_227246718_227262249_frame1_fft   46   3  0.423282;0.270041;0.269847    3681.515;2093.463;1697.820   2;4;4
with_coding_region     5000   NC_073249.2  SCFR_NC_073249_2_227247043_227262286_frame2_fft   49   3  0.423276;0.269829;0.270026    3402.232;1883.966;1692.805   2;4;4
with_coding_region     5000   NC_073249.2  SCFR_NC_073249_2_227694502_227704597_frame_3_fft  2    2  0.166716;0.333333             5197.415;3260.749            6;3
with_coding_region     5000   NC_073249.2  SCFR_NC_073249_2_227255586_227262144_frame_1_fft  19   3  0.423300;0.270967;0.269289    1554.952;1002.768;897.441    2;4;4
with_coding_region     5000   NC_073249.2  SCFR_NC_073249_2_227694354_227703972_frame1_fft   2    2  0.166667;0.333333             7473.692;3150.296            6;3
with_coding_region     5000   NC_073249.2  SCFR_NC_073249_2_227694449_227703971_frame_2_fft  2    2  0.166667;0.333333             7464.863;3153.383            6;3
with_coding_region     5000   NC_073249.2  SCFR_NC_073249_2_227694503_227704598_frame3_fft   2    2  0.166716;0.333333             5196.878;3261.502            6;3
with_coding_region     5000   NC_073249.2  SCFR_NC_073249_2_2_8108_frame3_fft                5    3  -0.166667;0.166667;-0.333333  6051.297;6051.297;2256.115   10;48;12
with_coding_region     5000   NC_073249.2  SCFR_NC_073249_2_97494343_97501411_frame2_fft     18   3  0.333333;0.177702;0.480192    1412.839;619.803;577.087     3;6;2
with_coding_region     5000   NC_073249.2  SCFR_NC_073249_2_97710643_97716301_frame2_fft     2    2  0.333333;0.042241             2007.620;372.225             3;24
with_coding_region     5000   NC_073249.2  SCFR_NC_073249_2_97600755_97611663_frame1_fft     50   3  0.333333;0.179226;0.307756    2574.726;1480.321;1386.609   3;6;3
with_coding_region     5000   NC_073249.2  SCFR_NC_073249_2_48166839_48174561_frame_1_fft    18   3  0.333333;0.092593;0.166408    1090.110;798.502;720.804     3;11;6
with_coding_region     5000   NC_073249.2  SCFR_NC_073249_2_97537285_97547398_frame2_fft     60   3  0.333333;0.284980;0.483536    1485.296;1052.956;905.451    3;4;2
with_coding_region     5000   NC_073270.2  SCFR_NC_073270_2_3547_9268_frame2_fft             2    2  0.166754;0.333333             2979.867;1819.693            6;3
with_coding_region     5000   NC_073270.2  SCFR_NC_073270_2_3713_9260_frame_2_fft            2    2  0.166757;0.333333             2786.194;1848.000            6;3
with_coding_region     5000   NC_073270.2  SCFR_NC_073270_2_3546_9267_frame_1_fft            2    2  0.166754;0.333333             2980.409;1821.170            6;3
with_coding_region     5000   NC_073270.2  SCFR_NC_073270_2_11683586_11689319_frame3_fft     17   3  0.498866;0.059131;0.441305    949.830;901.783;802.653      2;17;2
with_coding_region     5000   NC_073270.2  SCFR_NC_073270_2_69760885_69768931_frame_3_fft    33   3  0.052821;0.052076;0.052324    1181.158;880.710;857.061     19;19;19
with_coding_region     5000   NC_073270.2  SCFR_NC_073270_2_69760835_69768941_frame_2_fft    30   3  0.052924;0.052307;0.052060    1159.850;935.801;925.077     19;19;19
with_coding_region     5000   NC_073270.2  SCFR_NC_073270_2_69760965_69768996_frame_1_fft    32   3  0.052920;0.052297;0.052048    1185.610;959.950;929.666     19;19;19
with_coding_region     5000   NC_073270.2  SCFR_NC_073270_2_76784546_76789643_frame_2_fft    2    2  0.166765;0.333333             2599.429;1683.023            6;3
with_coding_region     5000   NC_073270.2  SCFR_NC_073270_2_76784584_76789810_frame_3_fft    2    2  0.166667;0.333333             4057.001;1658.720            6;3
with_coding_region     5000   NC_073270.2  SCFR_NC_073270_2_3714_9261_frame1_fft             2    2  0.166577;0.333333             2785.816;1848.000            6;3
with_coding_region     5000   NC_073270.2  SCFR_NC_073270_2_76784547_76789644_frame1_fft     2    2  0.166765;0.333333             2601.292;1683.023            6;3
with_coding_region     5000   NC_073270.2  SCFR_NC_073270_2_76784585_76789811_frame3_fft     2    2  0.166667;0.333333             4055.150;1660.195            6;3
with_coding_region     5000   NC_073273.2  SCFR_NC_073273_2_1501_7714_frame_1_fft            5    3  0.166747;0.333333;0.166264    4021.855;1301.569;848.017    6;3;6
with_coding_region     5000   NC_073273.2  SCFR_NC_073273_2_44798339_44803628_frame3_fft     12   3  0.471356;0.028550;0.442806    1412.001;1363.031;1096.477   2;35;2
with_coding_region     5000   NC_073273.2  SCFR_NC_073273_2_44798661_44803713_frame1_fft     14   3  0.471496;0.028504;0.442795    1420.608;1154.597;1064.275   2;35;2
with_coding_region     5000   NC_073273.2  SCFR_NC_073273_2_1502_7715_frame3_fft             5    3  0.166747;0.333333;0.166264    4020.870;1300.710;849.532    6;3;6
with_coding_region     5000   NC_073273.2  SCFR_NC_073273_2_45201305_45206543_frame_3_fft    22   3  0.358725;0.333333;0.307942    1736.231;1584.427;1100.561   3;3;3
with_coding_region     5000   NC_073273.2  SCFR_NC_073273_2_45201367_45206383_frame2_fft     18   3  0.333333;0.358652;0.308014    1535.390;1400.880;872.982    3;3;3
with_coding_region     5000   NC_073273.2  SCFR_NC_073273_2_46455307_46461184_frame2_fft     19   3  0.238217;0.239238;0.239918    860.114;850.585;835.009      4;4;4
with_coding_region     5000   NC_073273.2  SCFR_NC_073273_2_46147097_46156280_frame_3_fft    22   3  0.355548;0.488838;0.377763    2891.898;2413.807;2399.185   3;2;3
with_coding_region     5000   NC_073273.2  SCFR_NC_073273_2_46147024_46156333_frame_1_fft    22   3  0.488882;0.177785;0.355570    3542.090;3148.131;2842.250   2;6;3
with_coding_region     5000   NC_073273.2  SCFR_NC_073273_2_46147025_46156310_frame3_fft     22   3  0.488853;0.177814;0.355520    2952.443;2624.883;2415.924   2;6;3
with_coding_region     5000   NC_073273.2  SCFR_NC_073273_2_46455423_46461399_frame1_fft     16   3  0.238119;0.239290;0.236948    986.640;931.326;802.915      4;4;4
with_coding_region     5000   NC_073273.2  SCFR_NC_073273_2_46455752_46461176_frame3_fft     18   3  0.239307;0.238201;0.239860    952.987;910.205;848.089      4;4;4
with_coding_region     5000   NC_073273.2  SCFR_NC_073273_2_46455729_46461078_frame_2_fft    18   3  0.238175;0.239297;0.239858    972.096;947.457;837.316      4;4;4
with_coding_region     5000   NC_073273.2  SCFR_NC_073273_2_46455566_46461203_frame_3_fft    19   3  0.239312;0.237005;0.238070    965.182;854.147;846.554      4;4;4
with_coding_region     5000   NC_073273.2  SCFR_NC_073273_2_46586403_46593360_frame1_fft     36   3  0.069139;0.344833;0.138134    1996.802;1499.053;1347.537   14;3;7
with_coding_region     5000   NC_073273.2  SCFR_NC_073273_2_46586435_46593251_frame3_fft     37   3  0.069102;0.379401;0.413879    2557.662;1377.690;1335.158   14;3;2
with_coding_region     5000   NC_073273.2  SCFR_NC_073273_2_46741186_46748107_frame_1_fft    43   3  0.098830;0.049415;0.451235    1592.375;1548.924;1002.857   10;20;2
with_coding_region     5000   NC_073273.2  SCFR_NC_073273_2_46455700_46461064_frame_1_fft    18   3  0.239374;0.238069;0.236950    961.121;847.262;806.010      4;4;4
with_coding_region     5000   NC_073273.2  SCFR_NC_073273_2_46586068_46593370_frame2_fft     37   3  0.069022;0.344837;0.138181    2131.567;1511.279;1318.201   14;3;7
with_coding_region     5000   NC_073273.2  SCFR_NC_073273_2_46741728_46748334_frame_2_fft    39   3  0.098850;0.049349;0.451256    1543.651;1227.465;1054.948   10;20;2
with_coding_region     5000   NC_073273.2  SCFR_NC_073273_2_46741570_46747420_frame2_fft     40   3  0.098803;0.049402;0.451282    1439.721;1362.975;1040.389   10;20;2
with_coding_region     5000   NC_073273.2  SCFR_NC_073273_2_46741802_46748114_frame3_fft     32   3  0.098859;0.049430;0.451204    1508.248;1502.243;851.105    10;20;2
with_coding_region     5000   NC_073273.2  SCFR_NC_073273_2_46741632_46747827_frame1_fft     41   3  0.098789;0.049395;0.451332    1459.856;1444.359;819.824    10;20;2
with_coding_region     5000   NC_073273.2  SCFR_NC_073273_2_46741721_46747826_frame_3_fft    36   3  0.049468;0.098771;0.451269    1291.999;1278.106;1016.030   20;10;2
with_coding_region     5000   NC_073273.2  SCFR_NC_073273_2_46944917_46951889_frame_3_fft    2    2  0.166667;0.333333             5225.059;2299.242            6;3
with_coding_region     5000   NC_073273.2  SCFR_NC_073273_2_46809081_46814910_frame_2_fft    21   3  0.027277;0.336421;0.309144    1923.094;545.204;536.113     37;3;3
with_coding_region     5000   NC_073273.2  SCFR_NC_073273_2_46944990_46951890_frame1_fft     2    2  0.166667;0.333333             5220.088;2298.646            6;3
with_coding_region     5000   NC_073273.2  SCFR_NC_073273_2_46944949_46953997_frame_1_fft    8    3  0.166667;0.333333;0.166225    5819.084;2272.738;1020.495   6;3;6
with_coding_region     5000   NC_073273.2  SCFR_NC_073273_2_46809476_46814501_frame_3_fft    25   3  0.027264;0.054527;0.334726    2006.038;573.222;468.813     37;18;3
with_coding_region     5000   NC_073273.2  SCFR_NC_073273_2_46944998_46953998_frame3_fft     8    3  0.166667;0.333333;0.166222    5816.948;2263.891;983.039    6;3;6
with_coding_region     5000   NC_073269.2  SCFR_NC_073269_2_309_6756_frame_2_fft             7    3  -0.166744;0.166744;-0.333333  3502.242;3502.242;1930.704   12;62;15
with_coding_region     5000   NC_073269.2  SCFR_NC_073269_2_310_6757_frame2_fft              7    3  -0.166744;0.166744;-0.333333  3501.624;3501.624;1930.262   12;62;15
with_coding_region     5000   NC_073269.2  SCFR_NC_073269_2_13940153_13949870_frame_3_fft    1    1  0.333333                      2009.608                     3
with_coding_region     5000   NC_073269.2  SCFR_NC_073269_2_44181364_44186857_frame_1_fft    5    3  0.333333;0.142909;0.047879    875.316;372.205;360.910      3;7;21
with_coding_region     5000   NC_073269.2  SCFR_NC_073269_2_5364348_5370681_frame_2_fft      23   3  0.442760;0.471341;0.057319    1053.353;891.127;812.329     2;2;17
with_coding_region     5000   NC_073269.2  SCFR_NC_073269_2_5364538_5370658_frame_1_fft      22   3  0.471405;0.442810;0.057353    1128.472;876.450;784.951     2;2;17
with_coding_region     5000   NC_073269.2  SCFR_NC_073269_2_5365484_5370707_frame_3_fft      28   3  0.471377;0.442657;0.028719    1085.087;804.014;680.922     2;2;35
with_coding_region     5000   NC_073269.2  SCFR_NC_073269_2_13913131_13935868_frame_1_fft    12   3  0.333333;0.003387;0.002287    4599.349;975.162;935.396     3;295;437
with_coding_region     5000   NC_073269.2  SCFR_NC_073269_2_5832066_5841069_frame_2_fft      41   3  0.071421;0.321448;0.345218    2431.275;1968.596;1967.476   14;3;3
with_coding_region     5000   NC_073269.2  SCFR_NC_073269_2_5811416_5816567_frame3_fft       1    1  0.333333                      717.134                      3
with_coding_region     5000   NC_073269.2  SCFR_NC_073269_2_5832113_5841236_frame_3_fft      41   3  0.095254;0.071468;0.452373    2405.891;2018.695;1806.690   10;14;2
with_coding_region     5000   NC_073269.2  SCFR_NC_073269_2_5848388_5854166_frame_3_fft      40   3  0.095189;0.071478;0.321391    1421.017;1361.136;1238.479   11;14;3
with_coding_region     5000   NC_073269.2  SCFR_NC_073269_2_5845363_5854162_frame_1_fft      44   3  0.095238;0.071372;0.178543    2289.252;1812.583;1635.826   11;14;6
with_coding_region     5000   NC_073269.2  SCFR_NC_073269_2_5848445_5854121_frame3_fft       41   3  0.095314;0.071353;0.059549    1146.980;1116.983;1078.866   10;14;17
with_coding_region     5000   NC_073269.2  SCFR_NC_073269_2_6338607_6344532_frame1_fft       33   3  0.016203;0.262110;0.278312    1122.221;1027.445;746.997    62;4;4
with_coding_region     5000   NC_073269.2  SCFR_NC_073269_2_6338132_6344471_frame3_fft       36   3  0.016249;0.262186;0.131093    954.003;863.175;847.034      62;4;8
with_coding_region     5000   NC_073269.2  SCFR_NC_073269_2_5832186_5841093_frame1_fft       41   3  0.071405;0.095206;0.321433    2277.499;2129.871;2062.553   14;11;3
with_coding_region     5000   NC_073269.2  SCFR_NC_073269_2_938_6749_frame_3_fft             5    3  -0.166753;0.166753;-0.333333  2918.745;2918.745;1936.000   14;69;17
with_coding_region     5000   NC_073269.2  SCFR_NC_073269_2_64821484_64828501_frame2_fft     42   3  0.051589;0.461166;0.051304    1262.903;1229.435;1210.871   19;2;19
with_coding_region     5000   NC_073269.2  SCFR_NC_073269_2_939_6750_frame1_fft              5    3  -0.166581;0.166581;-0.333333  2918.367;2918.367;1936.000   14;69;17
with_coding_region     5000   NC_073269.2  SCFR_NC_073269_2_64814814_64822764_frame1_fft     35   3  0.051824;0.461258;0.025912    1889.991;1461.160;1454.563   19;2;39
with_coding_region     5000   NC_073269.2  SCFR_NC_073269_2_64814767_64821481_frame2_fft     27   3  0.051832;0.025916;0.434912    1552.235;1227.798;1141.534   19;39;2
with_coding_region     5000   NC_073272.2  SCFR_NC_073272_2_1324393_1332112_frame2_fft       38   3  0.315974;0.472211;0.105972    2170.341;1835.821;1517.793   3;2;9
with_coding_region     5000   NC_073272.2  SCFR_NC_073272_2_101085240_101092656_frame1_fft   10   3  0.333333;0.166802;0.166532    1655.012;1138.720;1108.586   3;6;6
with_coding_region     5000   NC_073272.2  SCFR_NC_073272_2_135756693_135762828_frame1_fft   1    1  0.333333                      1440.894                     3
with_coding_region     5000   NC_073272.2  SCFR_NC_073272_2_160232749_160240870_frame_2_fft  2    2  0.166728;0.333333             4371.091;2496.832            6;3
with_coding_region     5000   NC_073272.2  SCFR_NC_073272_2_160232756_160240463_frame_1_fft  2    2  0.166732;0.333333             3901.434;2563.337            6;3
with_coding_region     5000   NC_073272.2  SCFR_NC_073272_2_160232757_160240458_frame1_fft   2    2  0.166732;0.333333             3895.374;2562.345            6;3
with_coding_region     5000   NC_073272.2  SCFR_NC_073272_2_171724_177214_frame2_fft         21   3  0.027140;0.054463;0.307104    1499.330;652.671;524.318     37;18;3
with_coding_region     5000   NC_073272.2  SCFR_NC_073272_2_171684_177246_frame1_fft         19   3  0.027149;0.054477;0.307084    1613.617;656.437;522.765     37;18;3
with_coding_region     5000   NC_073272.2  SCFR_NC_073272_2_160232750_160240871_frame3_fft   2    2  0.166728;0.333333             4372.476;2497.754            6;3
with_coding_region     5000   NC_073272.2  SCFR_NC_073272_2_2115597_2126412_frame_3_fft      50   3  0.471382;0.028664;0.442811    2733.188;2158.181;1555.319   2;35;2
with_coding_region     5000   NC_073272.2  SCFR_NC_073272_2_2116099_2124670_frame2_fft       40   3  0.471357;0.028585;0.028818    2374.739;1515.025;1397.209   2;35;35
with_coding_region     5000   NC_073272.2  SCFR_NC_073272_2_2118347_2126819_frame_1_fft      38   3  0.471435;0.028565;0.442753    2242.459;1802.009;1553.718   2;35;2
with_coding_region     5000   NC_073272.2  SCFR_NC_073272_2_2117899_2126497_frame_2_fft      40   3  0.471389;0.028611;0.442777    2977.892;2437.979;1903.344   2;35;2
with_coding_region     5000   NC_073272.2  SCFR_NC_073272_2_2116065_2121840_frame1_fft       27   3  0.471342;0.442424;0.028918    1361.530;1098.524;1066.620   2;2;35
with_coding_region     5000   NC_073272.2  SCFR_NC_073272_2_4956915_4962075_frame_3_fft      1    1  0.333333                      528.638                      3
with_coding_region     5000   NC_073272.2  SCFR_NC_073272_2_75387028_75393298_frame_2_fft    3    3  0.333333;0.000478;0.000797    750.294;364.904;357.240      3;2090;1254
with_coding_region     5000   NC_073272.2  SCFR_NC_073272_2_769717_776326_frame2_fft         22   3  0.488879;0.177788;0.355576    2491.946;2249.329;2022.615   2;6;3
with_coding_region     5000   NC_073272.2  SCFR_NC_073272_2_769770_777948_frame1_fft         22   3  0.177794;0.488873;0.222181    2513.246;2484.470;2161.788   6;2;5
with_coding_region     5000   NC_073272.2  SCFR_NC_073272_2_769740_776325_frame_3_fft        22   3  0.488838;0.177828;0.355505    2066.127;1886.184;1679.576   2;6;3
with_coding_region     5000   NC_073257.2  SCFR_NC_073257_2_139980745_139987699_frame_3_fft  16   3  0.333333;0.316796;0.303135    779.587;641.356;552.068      3;3;3
with_coding_region     5000   NC_073257.2  SCFR_NC_073257_2_133943948_133949324_frame3_fft   1    1  0.333333                      838.157                      3
with_coding_region     5000   NC_073257.2  SCFR_NC_073257_2_143561432_143566694_frame_2_fft  16   3  0.084949;0.451729;0.463702    1075.911;594.287;496.880     12;2;2
with_coding_region     5000   NC_073257.2  SCFR_NC_073257_2_143561401_143566642_frame_3_fft  18   3  0.084907;0.451631;0.085289    1088.486;565.340;527.790     12;2;12
with_coding_region     5000   NC_073257.2  SCFR_NC_073257_2_143561481_143566629_frame_1_fft  16   3  0.084887;0.085276;0.451632    1043.461;578.183;559.771     12;12;2
with_coding_region     5000   NC_073257.2  SCFR_NC_073257_2_143800976_143806685_frame3_fft   28   3  0.111403;0.110878;0.444036    939.388;915.649;828.791      9;9;2
with_coding_region     5000   NC_073257.2  SCFR_NC_073257_2_144339164_144356156_frame3_fft   61   3  0.333333;0.166608;0.166490    1984.305;1846.437;1483.644   3;6;6
with_coding_region     5000   NC_073257.2  SCFR_NC_073257_2_144829198_144851365_frame_3_fft  106  3  0.428114;0.433663;0.432219    1891.576;1769.582;1432.376   2;2;2
with_coding_region     5000   NC_073257.2  SCFR_NC_073257_2_144335674_144356113_frame2_fft   72   3  0.166642;0.333529;0.333382    3240.541;2406.265;2084.180   6;3;3
with_coding_region     5000   NC_073257.2  SCFR_NC_073257_2_144334761_144356142_frame1_fft   78   3  0.166643;0.333520;0.333380    3175.759;2613.181;2402.216   6;3;3
with_coding_region     5000   NC_073257.2  SCFR_NC_073257_2_144845874_144851340_frame_1_fft  24   3  0.426454;0.428101;0.427369    743.131;736.092;575.240      2;2;2
with_coding_region     5000   NC_073257.2  SCFR_NC_073257_2_144834291_144845871_frame_1_fft  70   3  0.432211;0.432729;0.426770    1036.536;984.651;905.472     2;2;2
with_coding_region     5000   NC_073257.2  SCFR_NC_073257_2_144829278_144834288_frame_1_fft  25   3  0.433733;0.432335;0.425349    894.872;583.327;492.175      2;2;2
with_coding_region     5000   NC_073257.2  SCFR_NC_073257_2_144829265_144851387_frame_2_fft  96   3  0.433686;0.432375;0.433550    1733.449;1538.303;1478.769   2;2;2
with_coding_region     5000   NC_073257.2  SCFR_NC_073257_2_145184124_145191843_frame_1_fft  10   3  0.045472;0.409120;0.363648    3878.487;2537.615;2132.111   22;2;3
with_coding_region     5000   NC_073257.2  SCFR_NC_073257_2_145184020_145190008_frame_3_fft  10   3  0.045424;0.409152;0.454576    2891.131;1705.544;1660.168   22;2;2
with_coding_region     5000   NC_073257.2  SCFR_NC_073257_2_147015828_147021177_frame1_fft   4    3  0.166573;0.333333;0.166012    3523.105;1057.643;470.601    6;3;6
with_coding_region     5000   NC_073257.2  SCFR_NC_073257_2_147015827_147021176_frame_2_fft  4    3  0.166573;0.333333;0.166012    3524.872;1057.799;472.498    6;3;6
with_coding_region     5000   NC_073257.2  SCFR_NC_073257_2_147017512_147024829_frame_3_fft  11   3  0.166735;0.166462;0.333470    5016.544;1674.727;1346.024   6;6;3
with_coding_region     5000   NC_073257.2  SCFR_NC_073257_2_147021174_147027162_frame_1_fft  5    3  0.166667;0.333333;0.167335    4122.871;1068.272;369.965    6;3;6
with_coding_region     5000   NC_073257.2  SCFR_NC_073257_2_145187402_145195904_frame_2_fft  10   3  0.045401;0.409080;0.181840    3078.848;2968.173;2399.945   22;2;6
with_coding_region     5000   NC_073257.2  SCFR_NC_073257_2_147017513_147024830_frame3_fft   11   3  0.166735;0.166462;0.333470    5017.909;1673.358;1347.256   6;6;3
with_coding_region     5000   NC_073257.2  SCFR_NC_073257_2_145190011_145197835_frame_3_fft  10   3  0.045501;0.409126;0.363625    3015.478;2249.838;1890.728   22;2;3
with_coding_region     5000   NC_073257.2  SCFR_NC_073257_2_147021175_147027163_frame2_fft   5    3  0.166667;0.333333;0.167335    4121.344;1069.114;371.055    6;3;6
with_coding_region     5000   NC_073257.2  SCFR_NC_073257_2_31411931_31417970_frame3_fft     25   3  0.411326;0.177513;0.411658    908.643;838.584;751.447      2;6;2
with_coding_region     5000   NC_073257.2  SCFR_NC_073257_2_1754_8231_frame_2_fft            5    3  0.166589;0.333333;0.167053    3787.599;1494.543;826.405    6;3;6
with_coding_region     5000   NC_073257.2  SCFR_NC_073257_2_1755_8232_frame1_fft             5    3  0.166589;0.333333;0.167053    3788.412;1493.749;824.591    6;3;6
with_coding_region     5000   NC_073257.2  SCFR_NC_073257_2_31400647_31407241_frame_3_fft    31   3  0.178041;0.177586;0.411890    901.674;802.169;770.389      6;6;2
with_coding_region     5000   NC_073257.2  SCFR_NC_073257_2_72279507_72287385_frame_1_fft    1    1  0.333333                      1100.733                     3
with_coding_region     5000   NC_073261.2  SCFR_NC_073261_2_102977923_102983344_frame_3_fft  0    0
with_coding_region     5000   NC_073261.2  SCFR_NC_073261_2_102977762_102983294_frame_2_fft  0    0
with_coding_region     5000   NC_073261.2  SCFR_NC_073261_2_102977856_102983286_frame_1_fft  0    0
with_coding_region     5000   NC_073261.2  SCFR_NC_073261_2_102977935_102983350_frame2_fft   0    0
with_coding_region     5000   NC_073261.2  SCFR_NC_073261_2_102977747_102983270_frame3_fft   0    0
with_coding_region     5000   NC_073261.2  SCFR_NC_073261_2_105384901_105390706_frame_3_fft  1    1  0.333333                      706.491                      3
with_coding_region     5000   NC_073261.2  SCFR_NC_073261_2_124533506_124539743_frame_2_fft  27   3  0.250922;0.251403;0.063171    1852.613;1431.695;1277.417   4;4;16
with_coding_region     5000   NC_073261.2  SCFR_NC_073261_2_105517057_105524722_frame2_fft   1    1  0.333333                      903.167                      3
with_coding_region     5000   NC_073261.2  SCFR_NC_073261_2_126348706_126355048_frame2_fft   31   3  0.019237;0.249763;0.038474    1892.690;1401.444;1363.547   52;4;26
with_coding_region     5000   NC_073261.2  SCFR_NC_073261_2_126348716_126354110_frame3_fft   33   3  0.019281;0.249722;0.172785    1583.213;1150.224;1081.854   52;4;6
with_coding_region     5000   NC_073261.2  SCFR_NC_073261_2_124526784_124539129_frame_1_fft  52   3  0.251114;0.063102;0.251357    2631.898;2332.299;1834.912   4;16;4
with_coding_region     5000   NC_073261.2  SCFR_NC_073261_2_126348726_126355071_frame1_fft   39   3  0.019228;0.249803;0.038455    1856.040;1277.949;1265.178   52;4;26
with_coding_region     5000   NC_073261.2  SCFR_NC_073261_2_126541811_126548189_frame3_fft   2    2  0.166667;0.333333             4588.447;1501.750            6;3
with_coding_region     5000   NC_073261.2  SCFR_NC_073261_2_20891918_20897114_frame3_fft     1    1  0.333333                      789.541                      3
with_coding_region     5000   NC_073261.2  SCFR_NC_073261_2_126541810_126548188_frame_3_fft  2    2  0.166667;0.333333             4586.720;1500.492            6;3
with_coding_region     5000   NC_073261.2  SCFR_NC_073261_2_124529242_124539751_frame_3_fft  44   3  0.250928;0.251308;0.251118    2203.356;1975.521;1960.517   4;4;4
with_coding_region     5000   NC_073261.2  SCFR_NC_073261_2_499_5995_frame2_fft              5    3  -0.166667;0.166667;-0.333333  4208.231;4208.231;1718.956   15;73;18
with_coding_region     5000   NC_073261.2  SCFR_NC_073261_2_739_6121_frame_3_fft             5    3  -0.166667;0.166667;-0.500000  4078.798;4078.798;1822.000   15;75;25
with_coding_region     5000   NC_073261.2  SCFR_NC_073261_2_740_6044_frame3_fft              5    3  -0.166667;0.166667;-0.500000  4101.081;4101.081;1804.000   15;76;25
with_coding_region     5000   NC_073261.2  SCFR_NC_073261_2_52923123_52929279_frame_1_fft    15   3  0.333333;0.326348;0.035088    1023.360;737.239;547.582     3;3;29
with_coding_region     5000   NC_073261.2  SCFR_NC_073261_2_498_5886_frame_1_fft             5    3  -0.166667;0.166667;-0.333333  4153.819;4153.819;1675.434   15;75;19
with_coding_region     5000   NC_073261.2  SCFR_NC_073261_2_98933633_98949680_frame_2_fft    24   3  0.333333;0.143142;0.119212    1790.317;1202.714;1055.031   3;7;8
with_coding_region     5000   NC_073268.2  SCFR_NC_073268_2_100783839_100791942_frame_3_fft  6    3  0.166728;0.333333;0.167469    4433.593;2267.733;595.324    6;3;6
with_coding_region     5000   NC_073268.2  SCFR_NC_073268_2_100783948_100790569_frame_2_fft  2    2  0.166591;0.333333             3325.057;2206.000            6;3
with_coding_region     5000   NC_073268.2  SCFR_NC_073268_2_100783949_100790570_frame3_fft   2    2  0.166742;0.333333             3325.435;2206.000            6;3
with_coding_region     5000   NC_073268.2  SCFR_NC_073268_2_100783840_100791943_frame2_fft   6    3  0.166728;0.333333;0.167469    4434.257;2269.131;596.541    6;3;6
with_coding_region     5000   NC_073268.2  SCFR_NC_073268_2_190_7387_frame2_fft              5    3  -0.166736;0.166736;-0.333333  3702.067;3702.067;2317.435   11;55;14
with_coding_region     5000   NC_073268.2  SCFR_NC_073268_2_27657392_27663848_frame3_fft     26   3  0.266419;0.400248;0.333333    2645.768;2157.225;2035.549   4;2;3
with_coding_region     5000   NC_073268.2  SCFR_NC_073268_2_195_7386_frame_3_fft             5    3  -0.166736;0.166736;-0.333333  3695.546;3695.546;2319.345   11;55;14
with_coding_region     5000   NC_073268.2  SCFR_NC_073268_2_27656988_27663984_frame1_fft     24   3  0.266438;0.400229;0.333333    2608.895;2116.184;2036.671   4;2;3
with_coding_region     5000   NC_073268.2  SCFR_NC_073268_2_27657406_27663925_frame2_fft     18   3  0.266452;0.333333;0.400215    2534.455;2044.891;1982.964   4;3;2
with_coding_region     5000   NC_073268.2  SCFR_NC_073268_2_27657416_27663659_frame_1_fft    26   3  0.266378;0.333333;0.400288    2439.200;2064.924;1996.974   4;3;2
with_coding_region     5000   NC_073268.2  SCFR_NC_073268_2_26617956_26623095_frame1_fft     1    1  0.333333                      493.877                      3
with_coding_region     5000   NC_073268.2  SCFR_NC_073268_2_332_7373_frame_1_fft             5    3  -0.166738;0.166738;-0.333333  3538.087;3538.087;2342.862   11;56;14
with_coding_region     5000   NC_073268.2  SCFR_NC_073268_2_52308742_52314391_frame2_fft     1    1  0.333333                      762.275                      3
with_coding_region     5000   NC_073268.2  SCFR_NC_073268_2_333_7374_frame1_fft              5    3  -0.166738;0.166738;-0.333333  3536.221;3536.221;2343.108   11;56;14
with_coding_region     5000   NC_073268.2  SCFR_NC_073268_2_92670413_92677793_frame_1_fft    27   3  0.092412;0.093089;0.184824    1226.248;803.939;790.046     11;11;5
with_coding_region     5000   NC_073268.2  SCFR_NC_073268_2_27657502_27663847_frame_2_fft    25   3  0.333333;0.266351;0.400315    2022.106;1924.508;1716.899   3;4;2
with_coding_region     5000   NC_073268.2  SCFR_NC_073268_2_92670556_92677783_frame_2_fft    28   3  0.092293;0.184862;0.185139    1247.424;842.771;737.870     11;5;5
with_coding_region     5000   NC_073268.2  SCFR_NC_073268_2_92670596_92677757_frame3_fft     31   3  0.092306;0.184890;0.185170    1383.798;838.652;709.059     11;5;5
with_coding_region     5000   NC_073268.2  SCFR_NC_073268_2_92670567_92677767_frame_3_fft    28   3  0.092361;0.092778;0.184861    1553.663;868.978;846.643     11;11;5
with_coding_region     5000   NC_073268.2  SCFR_NC_073268_2_92671353_92678124_frame1_fft     25   3  0.092305;0.185202;0.184906    1306.301;844.555;834.137     11;5;5
with_coding_region     5000   NC_073260.2  SCFR_NC_073260_2_124487368_124494016_frame_1_fft  19   3  0.138839;0.139440;0.069645    886.444;885.063;650.959      7;7;14
with_coding_region     5000   NC_073260.2  SCFR_NC_073260_2_124487793_124494093_frame_2_fft  18   3  0.138889;0.139365;0.483492    830.462;697.079;684.992      7;7;2
with_coding_region     5000   NC_073260.2  SCFR_NC_073260_2_124487858_124494041_frame_3_fft  24   3  0.139415;0.138121;0.344655    866.458;650.381;609.336      7;7;3
with_coding_region     5000   NC_073260.2  SCFR_NC_073260_2_0_9495_frame_2_fft               5    3  -0.166719;0.166719;-0.333333  5139.376;5139.376;2879.907   8;40;10
with_coding_region     5000   NC_073260.2  SCFR_NC_073260_2_124749933_124758618_frame1_fft   2    2  0.166724;0.333333             4423.496;2828.501            6;3
with_coding_region     5000   NC_073260.2  SCFR_NC_073260_2_124749932_124758680_frame_3_fft  2    2  0.166667;0.333333             6757.790;2832.604            6;3
with_coding_region     5000   NC_073260.2  SCFR_NC_073260_2_124749951_124758504_frame_2_fft  2    2  0.166725;0.333333             4294.447;2848.500            6;3
with_coding_region     5000   NC_073260.2  SCFR_NC_073260_2_1766782_1773844_frame2_fft       41   3  0.039224;0.294109;0.372557    911.377;856.555;851.159      25;3;3
with_coding_region     5000   NC_073260.2  SCFR_NC_073260_2_1767057_1773966_frame1_fft       43   3  0.039224;0.038501;0.372558    948.316;914.771;879.212      25;26;3
with_coding_region     5000   NC_073260.2  SCFR_NC_073260_2_124749952_124758499_frame2_fft   2    2  0.166608;0.333333             4293.426;2848.500            6;3
with_coding_region     5000   NC_073260.2  SCFR_NC_073260_2_1767213_1773843_frame_2_fft      42   3  0.038462;0.371795;0.294872    1080.795;1002.661;912.382    26;3;3
with_coding_region     5000   NC_073260.2  SCFR_NC_073260_2_1767179_1773830_frame3_fft       43   3  0.039242;0.038490;0.294091    996.959;980.944;917.238      25;26;3
with_coding_region     5000   NC_073260.2  SCFR_NC_073260_2_1791267_1798041_frame1_fft       38   3  0.466047;0.067464;0.033953    1405.349;1321.824;1261.540   2;15;29
with_coding_region     5000   NC_073260.2  SCFR_NC_073260_2_1791113_1800272_frame3_fft       50   3  0.067475;0.466099;0.033846    2023.096;1665.602;1573.253   15;2;30
with_coding_region     5000   NC_073260.2  SCFR_NC_073260_2_1800275_1811402_frame3_fft       61   3  0.033792;0.466253;0.067853    1779.566;1724.056;1682.498   30;2;15
with_coding_region     5000   NC_073260.2  SCFR_NC_073260_2_1791280_1799611_frame2_fft       46   3  0.067459;0.466091;0.033849    1843.002;1709.076;1469.197   15;2;30
with_coding_region     5000   NC_073260.2  SCFR_NC_073260_2_1798044_1803720_frame1_fft       37   3  0.067653;0.466350;0.033827    1471.529;1397.215;1210.014   15;2;30
with_coding_region     5000   NC_073260.2  SCFR_NC_073260_2_1803723_1813347_frame1_fft       48   3  0.066604;0.067436;0.466646    1350.692;1314.358;1312.322   15;15;2
with_coding_region     5000   NC_073260.2  SCFR_NC_073260_2_1799614_1805530_frame2_fft       29   3  0.033807;0.466362;0.067444    1181.601;1169.663;1161.143   30;2;15
with_coding_region     5000   NC_073260.2  SCFR_NC_073260_2_1_9496_frame2_fft                5    3  -0.166719;0.166719;-0.333333  5138.587;5138.587;2879.458   8;40;10
with_coding_region     5000   NC_073260.2  SCFR_NC_073260_2_1805533_1812448_frame2_fft       38   3  0.499783;0.066667;0.466667    1750.432;1483.073;1101.714   2;15;2
with_coding_region     5000   NC_073260.2  SCFR_NC_073260_2_575_9488_frame_3_fft             5    3  -0.166723;0.166723;-0.333333  4476.216;4476.216;2970.000   9;43;11
with_coding_region     5000   NC_073260.2  SCFR_NC_073260_2_32473813_32479630_frame_1_fft    1    1  0.333333                      670.235                      3
with_coding_region     5000   NC_073260.2  SCFR_NC_073260_2_576_9489_frame1_fft              5    3  -0.166723;0.166723;-0.333333  4475.216;4475.216;2972.000   9;43;11
with_coding_region     5000   NC_073260.2  SCFR_NC_073260_2_75869997_75876711_frame_2_fft    1    1  0.333333                      1037.276                     3
with_coding_region     5000   NC_073260.2  SCFR_NC_073260_2_89279661_89288487_frame_2_fft    1    1  0.333333                      1262.817                     3
with_coding_region     5000   NC_073260.2  SCFR_NC_073260_2_91973567_91979078_frame3_fft     1    1  0.333333                      789.856                      3
with_coding_region     5000   NC_073252.2  SCFR_NC_073252_2_13855643_13861961_frame_3_fft    1    1  0.333333                      1100.171                     3
with_coding_region     5000   NC_073252.2  SCFR_NC_073252_2_111440764_111447124_frame2_fft   1    1  0.333333                      1014.031                     3
with_coding_region     5000   NC_073252.2  SCFR_NC_073252_2_123097179_123102378_frame1_fft   1    1  0.333333                      826.686                      3
with_coding_region     5000   NC_073252.2  SCFR_NC_073252_2_141579184_141584575_frame_1_fft  1    1  0.333333                      892.200                      3
with_coding_region     5000   NC_073252.2  SCFR_NC_073252_2_1781153_1786982_frame_3_fft      28   3  0.450849;0.098816;0.150283    1258.675;722.581;621.045     2;10;7
with_coding_region     5000   NC_073252.2  SCFR_NC_073252_2_1781241_1786326_frame_2_fft      26   3  0.450737;0.098722;0.452901    1364.309;687.938;624.998     2;10;2
with_coding_region     5000   NC_073252.2  SCFR_NC_073252_2_184279878_184285143_frame1_fft   29   3  0.032858;0.344349;0.065337    872.847;818.736;734.197      30;3;15
with_coding_region     5000   NC_073252.2  SCFR_NC_073252_2_184439505_184447542_frame_2_fft  19   3  0.282070;0.384596;0.358965    2405.908;2216.412;2094.789   4;3;3
with_coding_region     5000   NC_073252.2  SCFR_NC_073252_2_182691084_182707728_frame_2_fft  105  3  0.249880;0.165645;0.250000    2188.863;2014.764;1695.168   4;6;4
with_coding_region     5000   NC_073252.2  SCFR_NC_073252_2_182690975_182707829_frame_3_fft  104  3  0.249852;0.165658;0.248606    2099.319;1762.028;1654.806   4;6;4
with_coding_region     5000   NC_073252.2  SCFR_NC_073252_2_188605531_188612356_frame_1_fft  2    2  0.166740;0.333333             3631.314;2114.457            6;3
with_coding_region     5000   NC_073252.2  SCFR_NC_073252_2_188605532_188612351_frame3_fft   2    2  0.166740;0.333333             3624.871;2114.993            6;3
with_coding_region     5000   NC_073252.2  SCFR_NC_073252_2_184439608_184447618_frame2_fft   19   3  0.461548;0.282022;0.384644    2527.750;2287.821;2119.156   2;4;3
with_coding_region     5000   NC_073252.2  SCFR_NC_073252_2_182690989_182707708_frame_1_fft  103  3  0.249895;0.165620;0.250015    1948.347;1737.892;1725.366   4;6;4
with_coding_region     5000   NC_073252.2  SCFR_NC_073252_2_184439689_184447459_frame_1_fft  19   3  0.461519;0.435907;0.025611    2460.558;2274.800;1944.165   2;2;39
with_coding_region     5000   NC_073252.2  SCFR_NC_073252_2_188605539_188612040_frame1_fft   2    2  0.166744;0.333333             3265.184;2166.000            6;3
with_coding_region     5000   NC_073252.2  SCFR_NC_073252_2_188605538_188612039_frame_3_fft  2    2  0.166590;0.333333             3264.806;2166.000            6;3
with_coding_region     5000   NC_073252.2  SCFR_NC_073252_2_4849_11086_frame_1_fft           2    2  0.166747;0.333333             3163.948;2090.761            6;3
with_coding_region     5000   NC_073252.2  SCFR_NC_073252_2_4035_11325_frame1_fft            2    2  0.166667;0.333333             5376.863;2021.596            6;3
with_coding_region     5000   NC_073252.2  SCFR_NC_073252_2_4850_11087_frame3_fft            2    2  0.166747;0.333333             3162.088;2091.247            6;3
with_coding_region     5000   NC_073252.2  SCFR_NC_073252_2_4034_11324_frame_3_fft           2    2  0.166667;0.333333             5375.058;2022.540            6;3
with_coding_region     5000   NC_073252.2  SCFR_NC_073252_2_812607_826149_frame1_fft         76   3  0.499852;0.477330;0.409171    3707.934;2260.642;2162.010   2;2;2
with_coding_region     5000   NC_073252.2  SCFR_NC_073252_2_829581_841455_frame1_fft         57   3  0.499832;0.477345;0.477093    2541.358;1950.443;1874.634   2;2;2
with_coding_region     5000   NC_073252.2  SCFR_NC_073252_2_822293_840473_frame3_fft         88   3  0.499890;0.477118;0.477393    4530.801;3318.701;2698.716   2;2;2
with_coding_region     5000   NC_073252.2  SCFR_NC_073252_2_810883_833707_frame2_fft         82   3  0.499869;0.477086;0.477348    7296.303;4226.177;3479.321   2;2;2
with_coding_region     5000   NC_073252.2  SCFR_NC_073252_2_97730876_97736297_frame_3_fft    1    1  0.333333                      685.607                      3
with_coding_region     5000   NC_073252.2  SCFR_NC_073252_2_949090_954895_frame2_fft         47   3  0.484927;0.494918;0.414126    1356.351;1339.938;1240.874   2;2;2
with_coding_region     5000   NC_073252.2  SCFR_NC_073252_2_954866_962141_frame3_fft         49   3  0.484811;0.414158;0.494983    2193.710;1618.581;1592.870   2;2;2
with_coding_region     5000   NC_073258.2  SCFR_NC_073258_2_1171_7327_frame_2_fft            2    2  0.166667;0.333333             4673.689;1939.752            6;3
with_coding_region     5000   NC_073258.2  SCFR_NC_073258_2_109252892_109258274_frame_1_fft  1    1  0.333333                      545.071                      3
with_coding_region     5000   NC_073258.2  SCFR_NC_073258_2_1172_7229_frame3_fft             2    2  0.166749;0.333333             3142.805;1948.809            6;3
with_coding_region     5000   NC_073258.2  SCFR_NC_073258_2_1308_7254_frame_3_fft            2    2  0.166667;0.333333             4639.820;1971.567            6;3
with_coding_region     5000   NC_073258.2  SCFR_NC_073258_2_1309_7222_frame2_fft             2    2  0.166751;0.333333             2981.002;1973.025            6;3
with_coding_region     5000   NC_073258.2  SCFR_NC_073258_2_134647137_134657814_frame1_fft   48   3  0.488339;0.023321;0.418470    4557.214;2329.107;1914.560   2;43;2
with_coding_region     5000   NC_073258.2  SCFR_NC_073258_2_133770660_133784037_frame1_fft   25   3  0.361666;0.148912;0.170218    3035.069;2659.285;2104.940   3;7;6
with_coding_region     5000   NC_073258.2  SCFR_NC_073258_2_133771049_133783841_frame3_fft   26   3  0.361710;0.148921;0.468105    3548.055;2773.471;2094.963   3;7;2
with_coding_region     5000   NC_073258.2  SCFR_NC_073258_2_133770838_133784338_frame2_fft   25   3  0.361704;0.148963;0.170222    3659.924;2106.642;2044.564   3;7;6
with_coding_region     5000   NC_073258.2  SCFR_NC_073258_2_2518128_2524428_frame_3_fft      31   3  0.365079;0.333333;0.190476    1936.764;1678.628;1554.642   3;3;5
with_coding_region     5000   NC_073258.2  SCFR_NC_073258_2_134647213_134657761_frame2_fft   46   3  0.488339;0.023322;0.418468    4564.532;2340.112;1915.097   2;43;2
with_coding_region     5000   NC_073258.2  SCFR_NC_073258_2_3128292_3134121_frame_3_fft      26   3  0.351861;0.092640;0.333333    1846.844;1538.231;1432.046   3;11;3
with_coding_region     5000   NC_073258.2  SCFR_NC_073258_2_134647217_134657750_frame3_fft   51   3  0.488370;0.023355;0.418399    3614.832;2166.623;1902.326   2;43;2
with_coding_region     5000   NC_073258.2  SCFR_NC_073258_2_3507309_3513153_frame1_fft       32   3  0.333333;0.159480;0.492813    2232.048;1030.107;816.814    3;6;2
with_coding_region     5000   NC_073258.2  SCFR_NC_073258_2_3504790_3513619_frame2_fft       34   3  0.333333;0.159248;0.159474    2876.117;1122.811;1047.437   3;6;6
with_coding_region     5000   NC_073258.2  SCFR_NC_073258_2_3128207_3134489_frame_1_fft      26   3  0.166667;0.351799;0.092646    1799.073;1620.683;1504.120   6;3;11
with_coding_region     5000   NC_073258.2  SCFR_NC_073258_2_3418513_3432796_frame_2_fft      86   3  0.333333;0.285864;0.307638    3114.816;1130.515;1123.226   3;3;3
with_coding_region     5000   NC_073258.2  SCFR_NC_073258_2_3654547_3669328_frame2_fft       24   3  0.333333;0.321494;0.413842    3530.469;854.883;838.023     3;3;2
with_coding_region     5000   NC_073258.2  SCFR_NC_073258_2_3593554_3605986_frame2_fft       42   3  0.333333;0.374839;0.041506    3486.528;1927.664;1592.905   3;3;24
with_coding_region     5000   NC_073258.2  SCFR_NC_073258_2_63743861_63761369_frame_1_fft    60   3  0.333333;0.143249;0.143477    3283.725;1555.439;1289.319   3;7;7
with_coding_region     5000   NC_073258.2  SCFR_NC_073258_2_71945901_71952936_frame_3_fft    18   3  0.018763;0.057285;0.093959    1041.156;710.813;651.777     53;17;11
with_coding_region     5000   NC_073258.2  SCFR_NC_073258_2_9154195_9161497_frame_2_fft      1    1  0.333333                      786.361                      3
with_coding_region     5000   NC_073258.2  SCFR_NC_073258_2_71946002_71952764_frame_1_fft    15   3  0.018781;0.057232;0.093907    854.569;770.257;558.225      53;17;11
with_coding_region     5000   NC_073255.2  SCFR_NC_073255_2_100800910_100806061_frame_3_fft  1    1  0.333333                      929.695                      3
with_coding_region     5000   NC_073255.2  SCFR_NC_073255_2_118971987_118996437_frame1_fft   160  3  0.333333;0.357342;0.024008    5527.814;3323.470;3189.887   3;3;42
with_coding_region     5000   NC_073255.2  SCFR_NC_073255_2_118855474_118866310_frame2_fft   17   3  0.333333;0.392119;0.373016    3008.279;778.318;643.760     3;3;3
with_coding_region     5000   NC_073255.2  SCFR_NC_073255_2_119022050_119046509_frame3_fft   124  3  0.333333;0.265506;0.401161    8221.342;5659.190;5221.502   3;4;2
with_coding_region     5000   NC_073255.2  SCFR_NC_073255_2_194780400_194786145_frame_1_fft  26   3  0.481288;0.443516;0.405222    1267.585;790.567;728.334     2;2;2
with_coding_region     5000   NC_073255.2  SCFR_NC_073255_2_119046512_119055332_frame3_fft   64   3  0.333333;0.265533;0.401134    2968.565;2000.325;1898.347   3;4;2
with_coding_region     5000   NC_073255.2  SCFR_NC_073255_2_183314939_183319985_frame3_fft   10   3  0.459770;0.460365;0.457987    1875.705;974.714;562.024     2;2;2
with_coding_region     5000   NC_073255.2  SCFR_NC_073255_2_194780441_194786162_frame_2_fft  27   3  0.481210;0.405349;0.481734    1415.851;836.759;687.794     2;2;2
with_coding_region     5000   NC_073255.2  SCFR_NC_073255_2_194780485_194786146_frame2_fft   23   3  0.481187;0.443561;0.405229    1308.472;768.890;759.846     2;2;2
with_coding_region     5000   NC_073255.2  SCFR_NC_073255_2_194780432_194786399_frame3_fft   24   3  0.481146;0.405229;0.151668    1072.413;751.106;704.049     2;2;7
with_coding_region     5000   NC_073255.2  SCFR_NC_073255_2_194780490_194786085_frame1_fft   24   3  0.481144;0.405362;0.443610    1053.134;773.730;636.359     2;2;2
with_coding_region     5000   NC_073255.2  SCFR_NC_073255_2_196298633_196309001_frame3_fft   3    3  0.166667;0.333333;0.167149    7205.059;2215.658;580.446    6;3;6
with_coding_region     5000   NC_073255.2  SCFR_NC_073255_2_196298760_196306320_frame1_fft   2    2  0.166667;0.333333             5916.196;2509.007            6;3
with_coding_region     5000   NC_073255.2  SCFR_NC_073255_2_118884714_118942548_frame1_fft   92   3  0.333333;0.411799;0.392140    16856.826;8214.618;7963.932  3;2;3
with_coding_region     5000   NC_073255.2  SCFR_NC_073255_2_196298770_196309006_frame_3_fft  4    3  0.166667;0.333333;0.167155    7206.322;2199.964;477.331    6;3;6
with_coding_region     5000   NC_073255.2  SCFR_NC_073255_2_196298780_196306319_frame_2_fft  2    2  0.166733;0.333333             3793.119;2506.465            6;3
with_coding_region     5000   NC_073255.2  SCFR_NC_073255_2_359_6656_frame3_fft              19   3  -0.166746;0.166746;-0.333333  3785.536;3785.536;1492.583   13;63;16
with_coding_region     5000   NC_073255.2  SCFR_NC_073255_2_4999636_5005651_frame2_fft       35   3  0.345137;0.172569;0.482294    1323.803;1213.463;904.447    3;6;2
with_coding_region     5000   NC_073255.2  SCFR_NC_073255_2_4940955_4948008_frame_1_fft      31   3  0.365093;0.333333;0.396852    2193.198;1852.120;1583.206   3;3;3
with_coding_region     5000   NC_073255.2  SCFR_NC_073255_2_5000252_5005592_frame3_fft       28   3  0.345131;0.172659;0.482210    1201.408;1113.719;850.448    3;6;2
with_coding_region     5000   NC_073255.2  SCFR_NC_073255_2_358_6655_frame_3_fft             19   3  -0.166746;0.166746;-0.333333  3786.425;3786.425;1492.848   13;63;16
with_coding_region     5000   NC_073255.2  SCFR_NC_073255_2_5417162_5429870_frame_2_fft      53   3  0.047765;0.096160;0.094822    1206.005;1111.801;1043.107   21;10;11
with_coding_region     5000   NC_073255.2  SCFR_NC_073255_2_5417109_5429478_frame_1_fft      49   3  0.096127;0.047781;0.094834    1258.016;1165.994;1131.490   10;21;11
with_coding_region     5000   NC_073255.2  SCFR_NC_073255_2_5417086_5429629_frame_3_fft      45   3  0.096149;0.047756;0.450690    1211.498;1180.161;889.369    10;21;2
with_coding_region     5000   NC_073253.2  SCFR_NC_073253_2_108093909_108100494_frame1_fft   1    1  0.333333                      1009.762                     3
with_coding_region     5000   NC_073253.2  SCFR_NC_073253_2_175103944_175111087_frame2_fft   12   3  0.249895;0.250175;0.022540    2048.046;1409.250;613.694    4;4;44
with_coding_region     5000   NC_073253.2  SCFR_NC_073253_2_174077826_174083229_frame_2_fft  23   3  0.106422;0.063853;0.382935    1677.444;1497.773;1398.174   9;16;3
with_coding_region     5000   NC_073253.2  SCFR_NC_073253_2_174077878_174085216_frame_1_fft  23   3  0.297901;0.106432;0.170210    2091.529;1996.939;1959.688   3;9;6
with_coding_region     5000   NC_073253.2  SCFR_NC_073253_2_175106699_175112249_frame3_fft   7    3  0.250090;0.022703;0.477297    1649.381;453.516;388.175     4;44;2
with_coding_region     5000   NC_073253.2  SCFR_NC_073253_2_175115667_175127595_frame1_fft   18   3  0.250000;0.022636;0.022803    3700.782;1094.691;755.899    4;44;44
with_coding_region     5000   NC_073253.2  SCFR_NC_073253_2_175123762_175128889_frame2_fft   5    3  0.250049;0.477277;0.022820    1966.503;483.540;455.572     4;2;44
with_coding_region     5000   NC_073253.2  SCFR_NC_073253_2_175120274_175128914_frame3_fft   12   3  0.250000;0.022801;0.272685    2787.663;825.951;559.927     4;44;4
with_coding_region     5000   NC_073253.2  SCFR_NC_073253_2_175114048_175123759_frame2_fft   11   3  0.250026;0.499640;0.022655    3663.937;801.925;702.150     4;2;44
with_coding_region     5000   NC_073253.2  SCFR_NC_073253_2_175133446_175141537_frame2_fft   6    3  0.250031;0.022618;0.477320    3129.602;652.426;445.475     4;44;2
with_coding_region     5000   NC_073253.2  SCFR_NC_073253_2_175130688_175145835_frame1_fft   19   3  0.250083;0.499835;0.249752    4315.608;1927.992;1496.881   4;2;4
with_coding_region     5000   NC_073253.2  SCFR_NC_073253_2_175145838_175153617_frame1_fft   18   3  0.250032;0.499679;0.250289    2863.757;988.576;907.254     4;2;4
with_coding_region     5000   NC_073253.2  SCFR_NC_073253_2_175141540_175147402_frame2_fft   11   3  0.250085;0.499659;0.249744    1911.878;908.691;744.506     4;2;4
with_coding_region     5000   NC_073253.2  SCFR_NC_073253_2_175138052_175157858_frame3_fft   32   3  0.250076;0.499899;0.499798    5540.532;2788.182;2375.055   4;2;2
with_coding_region     5000   NC_073253.2  SCFR_NC_073253_2_176537445_176546247_frame1_fft   2    2  0.166667;0.333333             6917.052;2926.842            6;3
with_coding_region     5000   NC_073253.2  SCFR_NC_073253_2_176537464_176546281_frame_1_fft  2    2  0.166723;0.333333             4452.973;2924.257            6;3
with_coding_region     5000   NC_073253.2  SCFR_NC_073253_2_176537465_176546276_frame3_fft   2    2  0.166723;0.333333             4446.381;2925.027            6;3
with_coding_region     5000   NC_073253.2  SCFR_NC_073253_2_176537444_176546246_frame_3_fft  2    2  0.166667;0.333333             6917.548;2927.110            6;3
with_coding_region     5000   NC_073253.2  SCFR_NC_073253_2_2131701_2140083_frame_2_fft      31   3  0.066333;0.066810;0.471009    922.289;919.581;616.207      15;15;2
with_coding_region     5000   NC_073253.2  SCFR_NC_073253_2_1838615_1855418_frame3_fft       23   3  0.489377;0.255312;0.340415    4950.906;4812.536;4757.560   2;4;3
with_coding_region     5000   NC_073253.2  SCFR_NC_073253_2_1838689_1855381_frame2_fft       23   3  0.148934;0.255332;0.425533    4798.661;4584.708;4445.804   7;4;2
with_coding_region     5000   NC_073253.2  SCFR_NC_073253_2_1838673_1855491_frame1_fft       23   3  0.489357;0.255322;0.148948    5461.739;4932.363;4529.688   2;4;7
with_coding_region     5000   NC_073253.2  SCFR_NC_073253_2_2131750_2139955_frame2_fft       34   3  0.066789;0.066301;0.470323    1003.995;754.745;717.065     15;15;2
with_coding_region     5000   NC_073253.2  SCFR_NC_073253_2_2131766_2140010_frame_3_fft      32   3  0.066351;0.468826;0.066836    886.695;757.809;748.282      15;2;15
with_coding_region     5000   NC_073253.2  SCFR_NC_073253_2_2131799_2139974_frame3_fft       31   3  0.066789;0.470336;0.066300    999.357;750.925;742.334      15;2;15
with_coding_region     5000   NC_073253.2  SCFR_NC_073253_2_2131767_2140125_frame1_fft       31   3  0.066762;0.066523;0.470328    954.477;860.292;722.592      15;15;2
with_coding_region     5000   NC_073253.2  SCFR_NC_073253_2_2131771_2140015_frame_1_fft      32   3  0.066351;0.468826;0.066836    884.217;758.812;750.272      15;2;15
with_coding_region     5000   NC_073253.2  SCFR_NC_073253_2_35561075_35571605_frame_3_fft    1    1  0.333333                      2042.855                     3
with_coding_region     5000   NC_073253.2  SCFR_NC_073253_2_43113248_43119944_frame_3_fft    2    2  0.333333;0.001045             1179.663;384.811             3;957
with_coding_region     5000   NC_073253.2  SCFR_NC_073253_2_31761673_31767070_frame_1_fft    1    1  0.333333                      1056.008                     3
without_coding_region  7500   NC_073266.2  SCFR_NC_073266_2_98260226_98269283_frame3_fft     2    2  0.166611;0.333333             4553.008;3006.879            6;3
without_coding_region  7500   NC_073266.2  SCFR_NC_073266_2_98260285_98269282_frame_3_fft    2    2  0.166611;0.333333             4518.510;3001.502            6;3
without_coding_region  7500   NC_073266.2  SCFR_NC_073266_2_98260266_98270004_frame1_fft     2    2  0.166667;0.333333             6770.030;3027.790            6;3
without_coding_region  7500   NC_073266.2  SCFR_NC_073266_2_98260253_98270009_frame_2_fft    2    2  0.166667;0.333333             6766.072;3031.005            6;3
without_coding_region  7500   NC_073254.2  SCFR_NC_073254_2_15616468_15624061_frame_1_fft    31   3  0.270117;0.486501;0.378375    1946.598;1550.641;1429.551   4;2;3
without_coding_region  7500   NC_073254.2  SCFR_NC_073254_2_15616476_15624231_frame1_fft     32   3  0.270148;0.486525;0.108188    2374.730;1932.796;1897.042   4;2;9
without_coding_region  7500   NC_073254.2  SCFR_NC_073254_2_15616363_15624085_frame2_fft     33   3  0.270137;0.486532;0.108133    2275.448;2014.446;1318.561   4;2;9
without_coding_region  7500   NC_073254.2  SCFR_NC_073254_2_15616277_15624254_frame3_fft     33   3  0.270152;0.486524;0.108186    2398.878;1925.628;1879.361   4;2;9
without_coding_region  7500   NC_073254.2  SCFR_NC_073254_2_177881587_177889573_frame_1_fft  31   3  0.349737;0.350739;0.348735    847.882;836.488;822.842      3;3;3
without_coding_region  7500   NC_073254.2  SCFR_NC_073254_2_177881889_177889524_frame_2_fft  26   3  0.348788;0.349443;0.349705    894.537;880.837;743.612      3;3;3
without_coding_region  7500   NC_073254.2  SCFR_NC_073254_2_188832130_188842537_frame2_fft   51   3  0.314500;0.037763;0.276737    2587.763;1754.694;1599.617   3;26;4
without_coding_region  7500   NC_073254.2  SCFR_NC_073254_2_188264078_188289713_frame3_fft   97   3  0.040570;0.297328;0.202731    5255.367;4704.832;4171.864   25;3;5
without_coding_region  7500   NC_073254.2  SCFR_NC_073254_2_188264100_188289723_frame1_fft   96   3  0.040550;0.202748;0.162198    5292.352;4503.704;4467.594   25;5;6
without_coding_region  7500   NC_073254.2  SCFR_NC_073254_2_188264023_188289880_frame2_fft   96   3  0.040569;0.297328;0.202730    5281.457;4706.551;4161.379   25;3;5
without_coding_region  7500   NC_073262.2  SCFR_NC_073262_2_144859037_144867050_frame_2_fft  2    2  0.166604;0.333333             4034.314;2677.694            6;3
without_coding_region  7500   NC_073262.2  SCFR_NC_073262_2_144859018_144867178_frame_3_fft  2    2  0.166667;0.333333             6356.136;2653.091            6;3
without_coding_region  7500   NC_073262.2  SCFR_NC_073262_2_142855317_142863216_frame1_fft   40   3  0.074946;0.149892;0.052791    1646.250;1250.402;1174.370   13;7;19
without_coding_region  7500   NC_073262.2  SCFR_NC_073262_2_144858944_144867179_frame3_fft   2    2  0.166727;0.333333             4208.201;2648.575            6;3
without_coding_region  7500   NC_073262.2  SCFR_NC_073262_2_144859110_144867051_frame1_fft   2    2  0.166730;0.333333             3988.189;2646.000            6;3
without_coding_region  7500   NC_073271.2  SCFR_NC_073271_2_48473855_48481739_frame_2_fft    2    2  0.166667;0.333333             6083.881;2523.894            6;3
without_coding_region  7500   NC_073271.2  SCFR_NC_073271_2_48473856_48481740_frame1_fft     2    2  0.166667;0.333333             6083.344;2521.922            6;3
without_coding_region  7500   NC_073271.2  SCFR_NC_073271_2_48474058_48482503_frame_3_fft    3    3  0.166726;0.333333;0.165897    4480.983;2495.025;381.870    6;3;6
without_coding_region  7500   NC_073271.2  SCFR_NC_073271_2_48474059_48482504_frame3_fft     3    3  0.166726;0.333333;0.165897    4480.323;2496.045;382.886    6;3;6
without_coding_region  7500   NC_073265.2  SCFR_NC_073265_2_90902736_90910620_frame1_fft     39   3  0.077752;0.077372;0.155124    1018.909;900.370;866.396     13;13;6
without_coding_region  7500   NC_073265.2  SCFR_NC_073265_2_21015788_21023588_frame_3_fft    6    3  0.410641;0.089359;0.415385    530.375;515.589;436.604      2;11;2
without_coding_region  7500   NC_073265.2  SCFR_NC_073265_2_21015831_21023598_frame_2_fft    4    3  0.410583;0.089352;0.084589    573.899;506.503;430.621      2;11;12
without_coding_region  7500   NC_073265.2  SCFR_NC_073265_2_21015763_21023602_frame_1_fft    5    3  0.089425;0.410639;0.411532    546.369;534.161;426.088      11;2;2
without_coding_region  7500   NC_073265.2  SCFR_NC_073265_2_90902744_90910616_frame3_fft     40   3  0.077744;0.155107;0.077363    1117.176;884.224;848.557     13;6;13
without_coding_region  7500   NC_073265.2  SCFR_NC_073265_2_90902755_90910660_frame2_fft     41   3  0.077672;0.077419;0.155092    1308.549;891.156;870.172     13;13;6
without_coding_region  7500   NC_073259.2  SCFR_NC_073259_2_140308506_140316360_frame1_fft   27   3  0.443214;0.444996;0.439267    850.061;660.545;627.575      2;2;2
without_coding_region  7500   NC_073259.2  SCFR_NC_073259_2_138824259_138831759_frame_1_fft  8    3  0.333333;0.166667;0.055600    2815.406;2359.974;1599.286   3;6;18
without_coding_region  7500   NC_073259.2  SCFR_NC_073259_2_138824039_138831683_frame_2_fft  8    3  0.333333;0.166667;0.055599    2775.305;2403.992;1621.858   3;6;18
without_coding_region  7500   NC_073259.2  SCFR_NC_073259_2_141803005_141810886_frame2_fft   10   3  0.166603;0.166857;0.333206    5374.156;1818.223;1455.764   6;6;3
without_coding_region  7500   NC_073259.2  SCFR_NC_073259_2_139659914_139669955_frame3_fft   47   3  0.470371;0.470172;0.470571    3875.270;1682.548;1609.905   2;2;2
without_coding_region  7500   NC_073259.2  SCFR_NC_073259_2_141803025_141810885_frame_1_fft  9    3  0.166667;0.333206;0.333461    5341.615;1445.799;1438.337   6;3;3
without_coding_region  7500   NC_073263.2  SCFR_NC_073263_2_116117876_116125739_frame3_fft   2    2  0.166603;0.333333             3988.142;2634.227            6;3
without_coding_region  7500   NC_073263.2  SCFR_NC_073263_2_116117523_116126361_frame_1_fft  2    2  0.166667;0.333333             6683.328;2758.777            6;3
without_coding_region  7500   NC_073263.2  SCFR_NC_073263_2_116117362_116126362_frame2_fft   2    2  0.166667;0.333333             6696.459;2753.028            6;3
without_coding_region  7500   NC_073263.2  SCFR_NC_073263_2_116117719_116125738_frame_3_fft  2    2  0.166604;0.333333             4091.729;2688.697            6;3
without_coding_region  7500   NC_085926.1  SCFR_NC_085926_1_195330324_195344922_frame_1_fft  10   3  0.428552;0.285724;0.095219    6234.799;5741.192;4884.694   2;4;11
without_coding_region  7500   NC_085926.1  SCFR_NC_085926_1_195330346_195348511_frame_3_fft  10   3  0.428571;0.142857;0.285714    8890.856;7620.592;7157.376   2;7;4
without_coding_region  7500   NC_085926.1  SCFR_NC_085926_1_195330260_195348617_frame_2_fft  10   3  0.428556;0.285722;0.095223    7705.795;6972.026;6129.597   2;4;11
without_coding_region  7500   NC_085926.1  SCFR_NC_085926_1_195330128_195348608_frame3_fft   10   3  0.428571;0.142857;0.285714    8923.816;7646.934;7168.056   2;7;4
without_coding_region  7500   NC_085926.1  SCFR_NC_085926_1_195330360_195348504_frame1_fft   10   3  0.428571;0.142857;0.285714    8892.353;7617.192;7155.472   2;7;4
without_coding_region  7500   NC_085926.1  SCFR_NC_085926_1_196420338_196428939_frame_1_fft  8    3  0.166609;0.333333;0.166376    4730.271;1810.650;1172.192   6;3;6
without_coding_region  7500   NC_085926.1  SCFR_NC_085926_1_196420339_196428940_frame2_fft   8    3  0.166609;0.333333;0.166376    4728.673;1810.725;1170.530   6;3;6
without_coding_region  7500   NC_085927.1  SCFR_NC_085927_1_1_9505_frame2_fft                5    3  -0.166667;0.166667;-0.333333  6045.334;6045.334;2507.450   10;48;12
without_coding_region  7500   NC_085927.1  SCFR_NC_085927_1_55712801_55722035_frame_1_fft    26   3  0.484297;0.069092;0.486463    811.646;640.975;569.725      2;14;2
without_coding_region  7500   NC_085927.1  SCFR_NC_085927_1_0_7983_frame_3_fft               5    3  -0.166729;0.166729;-0.333333  4144.839;4144.839;2456.887   12;59;15
without_coding_region  7500   NC_085927.1  SCFR_NC_085927_1_55712091_55721742_frame_3_fft    31   3  0.484302;0.069112;0.479018    804.835;658.958;582.746      2;14;2
without_coding_region  7500   NC_085927.1  SCFR_NC_085927_1_60287118_60298359_frame1_fft     68   3  0.046259;0.092607;0.092963    1594.604;1368.821;994.783    22;11;11
without_coding_region  7500   NC_085927.1  SCFR_NC_085927_1_60287209_60298258_frame2_fft     63   3  0.046249;0.092497;0.185085    1507.855;1373.460;1027.332   22;11;5
without_coding_region  7500   NC_085927.1  SCFR_NC_085927_1_60287306_60298430_frame3_fft     59   3  0.046296;0.092593;0.185095    1500.078;1353.010;1037.873   22;11;5
without_coding_region  7500   NC_073256.2  SCFR_NC_073256_2_160452855_160461573_frame_3_fft  49   3  0.047832;0.143726;0.048061    2513.260;1377.416;1361.106   21;7;21
without_coding_region  7500   NC_073256.2  SCFR_NC_073256_2_160452803_160474382_frame_1_fft  128  3  0.047824;0.048056;0.047917    5903.053;2987.596;2634.582   21;21;21
without_coding_region  7500   NC_073256.2  SCFR_NC_073256_2_160461576_160474362_frame_3_fft  82   3  0.047865;0.048021;0.143673    2847.893;2622.545;1420.064   21;21;7
without_coding_region  7500   NC_073256.2  SCFR_NC_073256_2_162784595_162793673_frame3_fft   15   3  0.166667;0.333333;0.166997    6137.546;2288.808;1341.385   6;3;6
without_coding_region  7500   NC_073256.2  SCFR_NC_073256_2_162784594_162793672_frame_2_fft  15   3  0.166667;0.333333;0.166997    6135.789;2287.843;1342.965   6;3;6
without_coding_region  7500   NC_073256.2  SCFR_NC_073256_2_47_11114_frame_1_fft             29   3  0.166712;-0.166712;0.333333   6471.249;6471.249;2326.727   34;7;17
without_coding_region  7500   NC_073256.2  SCFR_NC_073256_2_160452769_160474345_frame_2_fft  124  3  0.047831;0.048016;0.048248    6362.406;2571.978;2377.250   21;21;21
without_coding_region  7500   NC_073256.2  SCFR_NC_073256_2_162461573_162469805_frame3_fft   38   3  0.108236;0.162172;0.162536    1495.040;948.602;923.310     9;6;6
without_coding_region  7500   NC_073256.2  SCFR_NC_073256_2_48_11163_frame1_fft              29   3  0.166712;-0.166712;-0.333333  6489.863;6489.863;2328.921   34;7;8
without_coding_region  7500   NC_073267.2  SCFR_NC_073267_2_2103_10212_frame1_fft            2    2  0.166605;0.333333             4293.159;2532.138            6;3
without_coding_region  7500   NC_073267.2  SCFR_NC_073267_2_2433_10197_frame_3_fft           2    2  0.166667;0.333333             6113.944;2589.090            6;3
without_coding_region  7500   NC_073267.2  SCFR_NC_073267_2_2434_10198_frame2_fft            2    2  0.166667;0.333333             6112.078;2588.005            6;3
without_coding_region  7500   NC_073267.2  SCFR_NC_073267_2_2102_10211_frame_1_fft           2    2  0.166605;0.333333             4295.010;2531.892            6;3
without_coding_region  7500   NC_073267.2  SCFR_NC_073267_2_4866971_4876559_frame_1_fft      44   3  0.446704;0.052983;0.447017    1344.998;1331.941;1238.802   2;19;2
without_coding_region  7500   NC_073267.2  SCFR_NC_073267_2_4866796_4876573_frame_2_fft      40   3  0.052981;0.052368;0.447070    1356.273;1312.485;1275.391   19;19;2
without_coding_region  7500   NC_073267.2  SCFR_NC_073267_2_4866930_4876659_frame_3_fft      40   3  0.446706;0.052832;0.052009    1367.576;1325.735;1248.090   2;19;19
without_coding_region  7500   NC_073267.2  SCFR_NC_073267_2_697955_706517_frame3_fft         10   3  0.318150;0.227283;0.363583    3133.106;2744.260;2170.775   3;4;3
without_coding_region  7500   NC_073267.2  SCFR_NC_073267_2_698571_706500_frame1_fft         10   3  0.318199;0.227267;0.363602    3193.670;2601.185;2503.609   3;4;3
without_coding_region  7500   NC_073264.2  SCFR_NC_073264_2_106656475_106665931_frame_1_fft  25   3  0.054569;0.109243;0.054886    1507.040;935.287;812.374     18;9;18
without_coding_region  7500   NC_073264.2  SCFR_NC_073264_2_106655985_106665978_frame_2_fft  30   3  0.054638;0.054838;0.109176    1384.939;1048.757;828.035    18;18;9
without_coding_region  7500   NC_073249.2  SCFR_NC_073249_2_0_8107_frame_3_fft               15   3  -0.166646;0.166646;-0.333292  6055.455;6055.455;2184.728   10;48;12
without_coding_region  7500   NC_073249.2  SCFR_NC_073249_2_227247043_227262286_frame2_fft   49   3  0.423276;0.269829;0.270026    3402.232;1883.966;1692.805   2;4;4
without_coding_region  7500   NC_073249.2  SCFR_NC_073249_2_227246718_227262249_frame1_fft   46   3  0.423282;0.270041;0.269847    3681.515;2093.463;1697.820   2;4;4
without_coding_region  7500   NC_073249.2  SCFR_NC_073249_2_227694449_227703971_frame_2_fft  2    2  0.166667;0.333333             7464.863;3153.383            6;3
without_coding_region  7500   NC_073249.2  SCFR_NC_073249_2_227246636_227262338_frame3_fft   48   3  0.423322;0.269838;0.270029    3254.465;1803.664;1791.355   2;4;4
without_coding_region  7500   NC_073249.2  SCFR_NC_073249_2_227694354_227703972_frame1_fft   2    2  0.166667;0.333333             7473.692;3150.296            6;3
without_coding_region  7500   NC_073249.2  SCFR_NC_073249_2_227694502_227704597_frame_3_fft  2    2  0.166716;0.333333             5197.415;3260.749            6;3
without_coding_region  7500   NC_073249.2  SCFR_NC_073249_2_227694503_227704598_frame3_fft   2    2  0.166716;0.333333             5196.878;3261.502            6;3
without_coding_region  7500   NC_073249.2  SCFR_NC_073249_2_2_8108_frame3_fft                5    3  -0.166667;0.166667;-0.333333  6051.297;6051.297;2256.115   10;48;12
without_coding_region  7500   NC_073270.2  SCFR_NC_073270_2_69760885_69768931_frame_3_fft    33   3  0.052821;0.052076;0.052324    1181.158;880.710;857.061     19;19;19
without_coding_region  7500   NC_073270.2  SCFR_NC_073270_2_69760835_69768941_frame_2_fft    30   3  0.052924;0.052307;0.052060    1159.850;935.801;925.077     19;19;19
without_coding_region  7500   NC_073270.2  SCFR_NC_073270_2_69760965_69768996_frame_1_fft    32   3  0.052920;0.052297;0.052048    1185.610;959.950;929.666     19;19;19
without_coding_region  7500   NC_073273.2  SCFR_NC_073273_2_46147024_46156333_frame_1_fft    22   3  0.488882;0.177785;0.355570    3542.090;3148.131;2842.250   2;6;3
without_coding_region  7500   NC_073273.2  SCFR_NC_073273_2_46944949_46953997_frame_1_fft    8    3  0.166667;0.333333;0.166225    5819.084;2272.738;1020.495   6;3;6
without_coding_region  7500   NC_073273.2  SCFR_NC_073273_2_46147025_46156310_frame3_fft     22   3  0.488853;0.177814;0.355520    2952.443;2624.883;2415.924   2;6;3
without_coding_region  7500   NC_073273.2  SCFR_NC_073273_2_46147097_46156280_frame_3_fft    22   3  0.355548;0.488838;0.377763    2891.898;2413.807;2399.185   3;2;3
without_coding_region  7500   NC_073273.2  SCFR_NC_073273_2_46944998_46953998_frame3_fft     8    3  0.166667;0.333333;0.166222    5816.948;2263.891;983.039    6;3;6
without_coding_region  7500   NC_073269.2  SCFR_NC_073269_2_5845363_5854162_frame_1_fft      44   3  0.095238;0.071372;0.178543    2289.252;1812.583;1635.826   11;14;6
without_coding_region  7500   NC_073269.2  SCFR_NC_073269_2_5832066_5841069_frame_2_fft      41   3  0.071421;0.321448;0.345218    2431.275;1968.596;1967.476   14;3;3
without_coding_region  7500   NC_073269.2  SCFR_NC_073269_2_5832113_5841236_frame_3_fft      41   3  0.095254;0.071468;0.452373    2405.891;2018.695;1806.690   10;14;2
without_coding_region  7500   NC_073269.2  SCFR_NC_073269_2_5832186_5841093_frame1_fft       41   3  0.071405;0.095206;0.321433    2277.499;2129.871;2062.553   14;11;3
without_coding_region  7500   NC_073269.2  SCFR_NC_073269_2_64814814_64822764_frame1_fft     35   3  0.051824;0.461258;0.025912    1889.991;1461.160;1454.563   19;2;39
without_coding_region  7500   NC_073272.2  SCFR_NC_073272_2_1324393_1332112_frame2_fft       38   3  0.315974;0.472211;0.105972    2170.341;1835.821;1517.793   3;2;9
without_coding_region  7500   NC_073272.2  SCFR_NC_073272_2_160232749_160240870_frame_2_fft  2    2  0.166728;0.333333             4371.091;2496.832            6;3
without_coding_region  7500   NC_073272.2  SCFR_NC_073272_2_160232756_160240463_frame_1_fft  2    2  0.166732;0.333333             3901.434;2563.337            6;3
without_coding_region  7500   NC_073272.2  SCFR_NC_073272_2_160232750_160240871_frame3_fft   2    2  0.166728;0.333333             4372.476;2497.754            6;3
without_coding_region  7500   NC_073272.2  SCFR_NC_073272_2_2115597_2126412_frame_3_fft      50   3  0.471382;0.028664;0.442811    2733.188;2158.181;1555.319   2;35;2
without_coding_region  7500   NC_073272.2  SCFR_NC_073272_2_160232757_160240458_frame1_fft   2    2  0.166732;0.333333             3895.374;2562.345            6;3
without_coding_region  7500   NC_073272.2  SCFR_NC_073272_2_2116099_2124670_frame2_fft       40   3  0.471357;0.028585;0.028818    2374.739;1515.025;1397.209   2;35;35
without_coding_region  7500   NC_073272.2  SCFR_NC_073272_2_2118347_2126819_frame_1_fft      38   3  0.471435;0.028565;0.442753    2242.459;1802.009;1553.718   2;35;2
without_coding_region  7500   NC_073272.2  SCFR_NC_073272_2_2117899_2126497_frame_2_fft      40   3  0.471389;0.028611;0.442777    2977.892;2437.979;1903.344   2;35;2
without_coding_region  7500   NC_073272.2  SCFR_NC_073272_2_769770_777948_frame1_fft         22   3  0.177794;0.488873;0.222181    2513.246;2484.470;2161.788   6;2;5
without_coding_region  7500   NC_073257.2  SCFR_NC_073257_2_144829198_144851365_frame_3_fft  106  3  0.428114;0.433663;0.432219    1891.576;1769.582;1432.376   2;2;2
without_coding_region  7500   NC_073257.2  SCFR_NC_073257_2_144339164_144356156_frame3_fft   61   3  0.333333;0.166608;0.166490    1984.305;1846.437;1483.644   3;6;6
without_coding_region  7500   NC_073257.2  SCFR_NC_073257_2_144335674_144356113_frame2_fft   72   3  0.166642;0.333529;0.333382    3240.541;2406.265;2084.180   6;3;3
without_coding_region  7500   NC_073257.2  SCFR_NC_073257_2_144334761_144356142_frame1_fft   78   3  0.166643;0.333520;0.333380    3175.759;2613.181;2402.216   6;3;3
without_coding_region  7500   NC_073257.2  SCFR_NC_073257_2_144834291_144845871_frame_1_fft  70   3  0.432211;0.432729;0.426770    1036.536;984.651;905.472     2;2;2
without_coding_region  7500   NC_073257.2  SCFR_NC_073257_2_144829265_144851387_frame_2_fft  96   3  0.433686;0.432375;0.433550    1733.449;1538.303;1478.769   2;2;2
without_coding_region  7500   NC_073257.2  SCFR_NC_073257_2_145184124_145191843_frame_1_fft  10   3  0.045472;0.409120;0.363648    3878.487;2537.615;2132.111   22;2;3
without_coding_region  7500   NC_073257.2  SCFR_NC_073257_2_145187402_145195904_frame_2_fft  10   3  0.045401;0.409080;0.181840    3078.848;2968.173;2399.945   22;2;6
without_coding_region  7500   NC_073257.2  SCFR_NC_073257_2_145190011_145197835_frame_3_fft  10   3  0.045501;0.409126;0.363625    3015.478;2249.838;1890.728   22;2;3
without_coding_region  7500   NC_073261.2  SCFR_NC_073261_2_124526784_124539129_frame_1_fft  52   3  0.251114;0.063102;0.251357    2631.898;2332.299;1834.912   4;16;4
without_coding_region  7500   NC_073261.2  SCFR_NC_073261_2_124529242_124539751_frame_3_fft  44   3  0.250928;0.251308;0.251118    2203.356;1975.521;1960.517   4;4;4
without_coding_region  7500   NC_073268.2  SCFR_NC_073268_2_100783840_100791943_frame2_fft   6    3  0.166728;0.333333;0.167469    4434.257;2269.131;596.541    6;3;6
without_coding_region  7500   NC_073268.2  SCFR_NC_073268_2_100783839_100791942_frame_3_fft  6    3  0.166728;0.333333;0.167469    4433.593;2267.733;595.324    6;3;6
without_coding_region  7500   NC_073260.2  SCFR_NC_073260_2_0_9495_frame_2_fft               5    3  -0.166719;0.166719;-0.333333  5139.376;5139.376;2879.907   8;40;10
without_coding_region  7500   NC_073260.2  SCFR_NC_073260_2_124749933_124758618_frame1_fft   2    2  0.166724;0.333333             4423.496;2828.501            6;3
without_coding_region  7500   NC_073260.2  SCFR_NC_073260_2_124749932_124758680_frame_3_fft  2    2  0.166667;0.333333             6757.790;2832.604            6;3
without_coding_region  7500   NC_073260.2  SCFR_NC_073260_2_124749951_124758504_frame_2_fft  2    2  0.166725;0.333333             4294.447;2848.500            6;3
without_coding_region  7500   NC_073260.2  SCFR_NC_073260_2_124749952_124758499_frame2_fft   2    2  0.166608;0.333333             4293.426;2848.500            6;3
without_coding_region  7500   NC_073260.2  SCFR_NC_073260_2_1791280_1799611_frame2_fft       46   3  0.067459;0.466091;0.033849    1843.002;1709.076;1469.197   15;2;30
without_coding_region  7500   NC_073260.2  SCFR_NC_073260_2_1791113_1800272_frame3_fft       50   3  0.067475;0.466099;0.033846    2023.096;1665.602;1573.253   15;2;30
without_coding_region  7500   NC_073260.2  SCFR_NC_073260_2_1800275_1811402_frame3_fft       61   3  0.033792;0.466253;0.067853    1779.566;1724.056;1682.498   30;2;15
without_coding_region  7500   NC_073260.2  SCFR_NC_073260_2_1_9496_frame2_fft                5    3  -0.166719;0.166719;-0.333333  5138.587;5138.587;2879.458   8;40;10
without_coding_region  7500   NC_073260.2  SCFR_NC_073260_2_576_9489_frame1_fft              5    3  -0.166723;0.166723;-0.333333  4475.216;4475.216;2972.000   9;43;11
without_coding_region  7500   NC_073260.2  SCFR_NC_073260_2_575_9488_frame_3_fft             5    3  -0.166723;0.166723;-0.333333  4476.216;4476.216;2970.000   9;43;11
without_coding_region  7500   NC_073252.2  SCFR_NC_073252_2_184439505_184447542_frame_2_fft  19   3  0.282070;0.384596;0.358965    2405.908;2216.412;2094.789   4;3;3
without_coding_region  7500   NC_073252.2  SCFR_NC_073252_2_182690975_182707829_frame_3_fft  104  3  0.249852;0.165658;0.248606    2099.319;1762.028;1654.806   4;6;4
without_coding_region  7500   NC_073252.2  SCFR_NC_073252_2_184439608_184447618_frame2_fft   19   3  0.461548;0.282022;0.384644    2527.750;2287.821;2119.156   2;4;3
without_coding_region  7500   NC_073252.2  SCFR_NC_073252_2_182690989_182707708_frame_1_fft  103  3  0.249895;0.165620;0.250015    1948.347;1737.892;1725.366   4;6;4
without_coding_region  7500   NC_073252.2  SCFR_NC_073252_2_182691084_182707728_frame_2_fft  105  3  0.249880;0.165645;0.250000    2188.863;2014.764;1695.168   4;6;4
without_coding_region  7500   NC_073252.2  SCFR_NC_073252_2_184439689_184447459_frame_1_fft  19   3  0.461519;0.435907;0.025611    2460.558;2274.800;1944.165   2;2;39
without_coding_region  7500   NC_073252.2  SCFR_NC_073252_2_810883_833707_frame2_fft         82   3  0.499869;0.477086;0.477348    7296.303;4226.177;3479.321   2;2;2
without_coding_region  7500   NC_073252.2  SCFR_NC_073252_2_829581_841455_frame1_fft         57   3  0.499832;0.477345;0.477093    2541.358;1950.443;1874.634   2;2;2
without_coding_region  7500   NC_073252.2  SCFR_NC_073252_2_822293_840473_frame3_fft         88   3  0.499890;0.477118;0.477393    4530.801;3318.701;2698.716   2;2;2
without_coding_region  7500   NC_073252.2  SCFR_NC_073252_2_812607_826149_frame1_fft         76   3  0.499852;0.477330;0.409171    3707.934;2260.642;2162.010   2;2;2
without_coding_region  7500   NC_073258.2  SCFR_NC_073258_2_133770660_133784037_frame1_fft   25   3  0.361666;0.148912;0.170218    3035.069;2659.285;2104.940   3;7;6
without_coding_region  7500   NC_073258.2  SCFR_NC_073258_2_134647137_134657814_frame1_fft   48   3  0.488339;0.023321;0.418470    4557.214;2329.107;1914.560   2;43;2
without_coding_region  7500   NC_073258.2  SCFR_NC_073258_2_134647213_134657761_frame2_fft   46   3  0.488339;0.023322;0.418468    4564.532;2340.112;1915.097   2;43;2
without_coding_region  7500   NC_073258.2  SCFR_NC_073258_2_133770838_133784338_frame2_fft   25   3  0.361704;0.148963;0.170222    3659.924;2106.642;2044.564   3;7;6
without_coding_region  7500   NC_073258.2  SCFR_NC_073258_2_133771049_133783841_frame3_fft   26   3  0.361710;0.148921;0.468105    3548.055;2773.471;2094.963   3;7;2
without_coding_region  7500   NC_073258.2  SCFR_NC_073258_2_134647217_134657750_frame3_fft   51   3  0.488370;0.023355;0.418399    3614.832;2166.623;1902.326   2;43;2
without_coding_region  7500   NC_073255.2  SCFR_NC_073255_2_196298760_196306320_frame1_fft   2    2  0.166667;0.333333             5916.196;2509.007            6;3
without_coding_region  7500   NC_073255.2  SCFR_NC_073255_2_196298633_196309001_frame3_fft   3    3  0.166667;0.333333;0.167149    7205.059;2215.658;580.446    6;3;6
without_coding_region  7500   NC_073255.2  SCFR_NC_073255_2_196298770_196309006_frame_3_fft  4    3  0.166667;0.333333;0.167155    7206.322;2199.964;477.331    6;3;6
without_coding_region  7500   NC_073255.2  SCFR_NC_073255_2_196298780_196306319_frame_2_fft  2    2  0.166733;0.333333             3793.119;2506.465            6;3
without_coding_region  7500   NC_073255.2  SCFR_NC_073255_2_5417086_5429629_frame_3_fft      45   3  0.096149;0.047756;0.450690    1211.498;1180.161;889.369    10;21;2
without_coding_region  7500   NC_073255.2  SCFR_NC_073255_2_118971987_118996437_frame1_fft   160  3  0.333333;0.357342;0.024008    5527.814;3323.470;3189.887   3;3;42
without_coding_region  7500   NC_073255.2  SCFR_NC_073255_2_5417109_5429478_frame_1_fft      49   3  0.096127;0.047781;0.094834    1258.016;1165.994;1131.490   10;21;11
without_coding_region  7500   NC_073255.2  SCFR_NC_073255_2_5417162_5429870_frame_2_fft      53   3  0.047765;0.096160;0.094822    1206.005;1111.801;1043.107   21;10;11
without_coding_region  7500   NC_073253.2  SCFR_NC_073253_2_175120274_175128914_frame3_fft   12   3  0.250000;0.022801;0.272685    2787.663;825.951;559.927     4;44;4
without_coding_region  7500   NC_073253.2  SCFR_NC_073253_2_175114048_175123759_frame2_fft   11   3  0.250026;0.499640;0.022655    3663.937;801.925;702.150     4;2;44
without_coding_region  7500   NC_073253.2  SCFR_NC_073253_2_175115667_175127595_frame1_fft   18   3  0.250000;0.022636;0.022803    3700.782;1094.691;755.899    4;44;44
without_coding_region  7500   NC_073253.2  SCFR_NC_073253_2_175130688_175145835_frame1_fft   19   3  0.250083;0.499835;0.249752    4315.608;1927.992;1496.881   4;2;4
without_coding_region  7500   NC_073253.2  SCFR_NC_073253_2_175138052_175157858_frame3_fft   32   3  0.250076;0.499899;0.499798    5540.532;2788.182;2375.055   4;2;2
without_coding_region  7500   NC_073253.2  SCFR_NC_073253_2_176537444_176546246_frame_3_fft  2    2  0.166667;0.333333             6917.548;2927.110            6;3
without_coding_region  7500   NC_073253.2  SCFR_NC_073253_2_175145838_175153617_frame1_fft   18   3  0.250032;0.499679;0.250289    2863.757;988.576;907.254     4;2;4
without_coding_region  7500   NC_073253.2  SCFR_NC_073253_2_175133446_175141537_frame2_fft   6    3  0.250031;0.022618;0.477320    3129.602;652.426;445.475     4;44;2
without_coding_region  7500   NC_073253.2  SCFR_NC_073253_2_176537465_176546276_frame3_fft   2    2  0.166723;0.333333             4446.381;2925.027            6;3
without_coding_region  7500   NC_073253.2  SCFR_NC_073253_2_176537445_176546247_frame1_fft   2    2  0.166667;0.333333             6917.052;2926.842            6;3
without_coding_region  7500   NC_073253.2  SCFR_NC_073253_2_176537464_176546281_frame_1_fft  2    2  0.166723;0.333333             4452.973;2924.257            6;3
without_coding_region  7500   NC_073253.2  SCFR_NC_073253_2_1838615_1855418_frame3_fft       23   3  0.489377;0.255312;0.340415    4950.906;4812.536;4757.560   2;4;3
without_coding_region  7500   NC_073253.2  SCFR_NC_073253_2_1838673_1855491_frame1_fft       23   3  0.489357;0.255322;0.148948    5461.739;4932.363;4529.688   2;4;7
without_coding_region  7500   NC_073253.2  SCFR_NC_073253_2_2131766_2140010_frame_3_fft      32   3  0.066351;0.468826;0.066836    886.695;757.809;748.282      15;2;15
without_coding_region  7500   NC_073253.2  SCFR_NC_073253_2_2131771_2140015_frame_1_fft      32   3  0.066351;0.468826;0.066836    884.217;758.812;750.272      15;2;15
without_coding_region  7500   NC_073253.2  SCFR_NC_073253_2_2131799_2139974_frame3_fft       31   3  0.066789;0.470336;0.066300    999.357;750.925;742.334      15;2;15
without_coding_region  7500   NC_073253.2  SCFR_NC_073253_2_2131750_2139955_frame2_fft       34   3  0.066789;0.066301;0.470323    1003.995;754.745;717.065     15;15;2
without_coding_region  7500   NC_073253.2  SCFR_NC_073253_2_1838689_1855381_frame2_fft       23   3  0.148934;0.255332;0.425533    4798.661;4584.708;4445.804   7;4;2
with_coding_region     7500   NC_073266.2  SCFR_NC_073266_2_98260226_98269283_frame3_fft     2    2  0.166611;0.333333             4553.008;3006.879            6;3
with_coding_region     7500   NC_073266.2  SCFR_NC_073266_2_98260285_98269282_frame_3_fft    2    2  0.166611;0.333333             4518.510;3001.502            6;3
with_coding_region     7500   NC_073266.2  SCFR_NC_073266_2_98260253_98270009_frame_2_fft    2    2  0.166667;0.333333             6766.072;3031.005            6;3
with_coding_region     7500   NC_073266.2  SCFR_NC_073266_2_98260266_98270004_frame1_fft     2    2  0.166667;0.333333             6770.030;3027.790            6;3
with_coding_region     7500   NC_073254.2  SCFR_NC_073254_2_15616363_15624085_frame2_fft     33   3  0.270137;0.486532;0.108133    2275.448;2014.446;1318.561   4;2;9
with_coding_region     7500   NC_073254.2  SCFR_NC_073254_2_15616468_15624061_frame_1_fft    31   3  0.270117;0.486501;0.378375    1946.598;1550.641;1429.551   4;2;3
with_coding_region     7500   NC_073254.2  SCFR_NC_073254_2_15616476_15624231_frame1_fft     32   3  0.270148;0.486525;0.108188    2374.730;1932.796;1897.042   4;2;9
with_coding_region     7500   NC_073254.2  SCFR_NC_073254_2_15616277_15624254_frame3_fft     33   3  0.270152;0.486524;0.108186    2398.878;1925.628;1879.361   4;2;9
with_coding_region     7500   NC_073254.2  SCFR_NC_073254_2_177881889_177889524_frame_2_fft  26   3  0.348788;0.349443;0.349705    894.537;880.837;743.612      3;3;3
with_coding_region     7500   NC_073254.2  SCFR_NC_073254_2_177881587_177889573_frame_1_fft  31   3  0.349737;0.350739;0.348735    847.882;836.488;822.842      3;3;3
with_coding_region     7500   NC_073254.2  SCFR_NC_073254_2_188264100_188289723_frame1_fft   96   3  0.040550;0.202748;0.162198    5292.352;4503.704;4467.594   25;5;6
with_coding_region     7500   NC_073254.2  SCFR_NC_073254_2_188832130_188842537_frame2_fft   51   3  0.314500;0.037763;0.276737    2587.763;1754.694;1599.617   3;26;4
with_coding_region     7500   NC_073254.2  SCFR_NC_073254_2_188264023_188289880_frame2_fft   96   3  0.040569;0.297328;0.202730    5281.457;4706.551;4161.379   25;3;5
with_coding_region     7500   NC_073254.2  SCFR_NC_073254_2_188264078_188289713_frame3_fft   97   3  0.040570;0.297328;0.202731    5255.367;4704.832;4171.864   25;3;5
with_coding_region     7500   NC_073262.2  SCFR_NC_073262_2_142855317_142863216_frame1_fft   40   3  0.074946;0.149892;0.052791    1646.250;1250.402;1174.370   13;7;19
with_coding_region     7500   NC_073262.2  SCFR_NC_073262_2_144858944_144867179_frame3_fft   2    2  0.166727;0.333333             4208.201;2648.575            6;3
with_coding_region     7500   NC_073262.2  SCFR_NC_073262_2_144859037_144867050_frame_2_fft  2    2  0.166604;0.333333             4034.314;2677.694            6;3
with_coding_region     7500   NC_073262.2  SCFR_NC_073262_2_144859110_144867051_frame1_fft   2    2  0.166730;0.333333             3988.189;2646.000            6;3
with_coding_region     7500   NC_073262.2  SCFR_NC_073262_2_144859018_144867178_frame_3_fft  2    2  0.166667;0.333333             6356.136;2653.091            6;3
with_coding_region     7500   NC_073262.2  SCFR_NC_073262_2_88455352_88464370_frame2_fft     1    1  0.333333                      1086.041                     3
with_coding_region     7500   NC_073262.2  SCFR_NC_073262_2_69884209_69893617_frame2_fft     1    1  0.333333                      1266.653                     3
with_coding_region     7500   NC_073262.2  SCFR_NC_073262_2_81206979_81224217_frame_1_fft    15   3  0.333333;0.036953;0.006787    2715.710;900.131;844.449     3;27;147
with_coding_region     7500   NC_073262.2  SCFR_NC_073262_2_88466500_88475959_frame2_fft     1    1  0.333333                      1151.221                     3
with_coding_region     7500   NC_073271.2  SCFR_NC_073271_2_48474059_48482504_frame3_fft     3    3  0.166726;0.333333;0.165897    4480.323;2496.045;382.886    6;3;6
with_coding_region     7500   NC_073271.2  SCFR_NC_073271_2_48474058_48482503_frame_3_fft    3    3  0.166726;0.333333;0.165897    4480.983;2495.025;381.870    6;3;6
with_coding_region     7500   NC_073271.2  SCFR_NC_073271_2_48473855_48481739_frame_2_fft    2    2  0.166667;0.333333             6083.881;2523.894            6;3
with_coding_region     7500   NC_073271.2  SCFR_NC_073271_2_48473856_48481740_frame1_fft     2    2  0.166667;0.333333             6083.344;2521.922            6;3
with_coding_region     7500   NC_073265.2  SCFR_NC_073265_2_21015763_21023602_frame_1_fft    5    3  0.089425;0.410639;0.411532    546.369;534.161;426.088      11;2;2
with_coding_region     7500   NC_073265.2  SCFR_NC_073265_2_21015831_21023598_frame_2_fft    4    3  0.410583;0.089352;0.084589    573.899;506.503;430.621      2;11;12
with_coding_region     7500   NC_073265.2  SCFR_NC_073265_2_21015788_21023588_frame_3_fft    6    3  0.410641;0.089359;0.415385    530.375;515.589;436.604      2;11;2
with_coding_region     7500   NC_073265.2  SCFR_NC_073265_2_31934332_31944568_frame2_fft     1    1  0.333333                      1021.209                     3
with_coding_region     7500   NC_073265.2  SCFR_NC_073265_2_90902736_90910620_frame1_fft     39   3  0.077752;0.077372;0.155124    1018.909;900.370;866.396     13;13;6
with_coding_region     7500   NC_073265.2  SCFR_NC_073265_2_32773966_32782735_frame2_fft     4    3  0.333333;0.000342;0.333105    1123.311;657.138;488.560     3;2923;3
with_coding_region     7500   NC_073265.2  SCFR_NC_073265_2_90902744_90910616_frame3_fft     40   3  0.077744;0.155107;0.077363    1117.176;884.224;848.557     13;6;13
with_coding_region     7500   NC_073265.2  SCFR_NC_073265_2_90902755_90910660_frame2_fft     41   3  0.077672;0.077419;0.155092    1308.549;891.156;870.172     13;13;6
with_coding_region     7500   NC_073259.2  SCFR_NC_073259_2_138824039_138831683_frame_2_fft  8    3  0.333333;0.166667;0.055599    2775.305;2403.992;1621.858   3;6;18
with_coding_region     7500   NC_073259.2  SCFR_NC_073259_2_138824259_138831759_frame_1_fft  8    3  0.333333;0.166667;0.055600    2815.406;2359.974;1599.286   3;6;18
with_coding_region     7500   NC_073259.2  SCFR_NC_073259_2_140308506_140316360_frame1_fft   27   3  0.443214;0.444996;0.439267    850.061;660.545;627.575      2;2;2
with_coding_region     7500   NC_073259.2  SCFR_NC_073259_2_139659914_139669955_frame3_fft   47   3  0.470371;0.470172;0.470571    3875.270;1682.548;1609.905   2;2;2
with_coding_region     7500   NC_073259.2  SCFR_NC_073259_2_141803025_141810885_frame_1_fft  9    3  0.166667;0.333206;0.333461    5341.615;1445.799;1438.337   6;3;3
with_coding_region     7500   NC_073259.2  SCFR_NC_073259_2_141803005_141810886_frame2_fft   10   3  0.166603;0.166857;0.333206    5374.156;1818.223;1455.764   6;6;3
with_coding_region     7500   NC_073259.2  SCFR_NC_073259_2_53665422_53676795_frame_1_fft    47   3  0.333333;0.033412;0.366746    4434.892;2098.786;2038.321   3;30;3
with_coding_region     7500   NC_073263.2  SCFR_NC_073263_2_116117523_116126361_frame_1_fft  2    2  0.166667;0.333333             6683.328;2758.777            6;3
with_coding_region     7500   NC_073263.2  SCFR_NC_073263_2_116117719_116125738_frame_3_fft  2    2  0.166604;0.333333             4091.729;2688.697            6;3
with_coding_region     7500   NC_073263.2  SCFR_NC_073263_2_116117362_116126362_frame2_fft   2    2  0.166667;0.333333             6696.459;2753.028            6;3
with_coding_region     7500   NC_073263.2  SCFR_NC_073263_2_116117876_116125739_frame3_fft   2    2  0.166603;0.333333             3988.142;2634.227            6;3
with_coding_region     7500   NC_073263.2  SCFR_NC_073263_2_22947221_22958780_frame_2_fft    1    1  0.333333                      1288.449                     3
with_coding_region     7500   NC_073263.2  SCFR_NC_073263_2_104248388_104269379_frame_2_fft  1    1  0.333333                      2290.370                     3
with_coding_region     7500   NC_085926.1  SCFR_NC_085926_1_193694170_193705456_frame_3_fft  23   3  0.333333;0.041645;0.291689    3112.962;2138.604;2004.951   3;24;3
with_coding_region     7500   NC_085926.1  SCFR_NC_085926_1_195330324_195344922_frame_1_fft  10   3  0.428552;0.285724;0.095219    6234.799;5741.192;4884.694   2;4;11
with_coding_region     7500   NC_085926.1  SCFR_NC_085926_1_195330260_195348617_frame_2_fft  10   3  0.428556;0.285722;0.095223    7705.795;6972.026;6129.597   2;4;11
with_coding_region     7500   NC_085926.1  SCFR_NC_085926_1_195330128_195348608_frame3_fft   10   3  0.428571;0.142857;0.285714    8923.816;7646.934;7168.056   2;7;4
with_coding_region     7500   NC_085926.1  SCFR_NC_085926_1_195330346_195348511_frame_3_fft  10   3  0.428571;0.142857;0.285714    8890.856;7620.592;7157.376   2;7;4
with_coding_region     7500   NC_085926.1  SCFR_NC_085926_1_195330360_195348504_frame1_fft   10   3  0.428571;0.142857;0.285714    8892.353;7617.192;7155.472   2;7;4
with_coding_region     7500   NC_085926.1  SCFR_NC_085926_1_196420338_196428939_frame_1_fft  8    3  0.166609;0.333333;0.166376    4730.271;1810.650;1172.192   6;3;6
with_coding_region     7500   NC_085926.1  SCFR_NC_085926_1_196420339_196428940_frame2_fft   8    3  0.166609;0.333333;0.166376    4728.673;1810.725;1170.530   6;3;6
with_coding_region     7500   NC_085927.1  SCFR_NC_085927_1_55712801_55722035_frame_1_fft    26   3  0.484297;0.069092;0.486463    811.646;640.975;569.725      2;14;2
with_coding_region     7500   NC_085927.1  SCFR_NC_085927_1_1_9505_frame2_fft                5    3  -0.166667;0.166667;-0.333333  6045.334;6045.334;2507.450   10;48;12
with_coding_region     7500   NC_085927.1  SCFR_NC_085927_1_0_7983_frame_3_fft               5    3  -0.166729;0.166729;-0.333333  4144.839;4144.839;2456.887   12;59;15
with_coding_region     7500   NC_085927.1  SCFR_NC_085927_1_55712091_55721742_frame_3_fft    31   3  0.484302;0.069112;0.479018    804.835;658.958;582.746      2;14;2
with_coding_region     7500   NC_085927.1  SCFR_NC_085927_1_60287118_60298359_frame1_fft     68   3  0.046259;0.092607;0.092963    1594.604;1368.821;994.783    22;11;11
with_coding_region     7500   NC_085927.1  SCFR_NC_085927_1_60287209_60298258_frame2_fft     63   3  0.046249;0.092497;0.185085    1507.855;1373.460;1027.332   22;11;5
with_coding_region     7500   NC_085927.1  SCFR_NC_085927_1_60287306_60298430_frame3_fft     59   3  0.046296;0.092593;0.185095    1500.078;1353.010;1037.873   22;11;5
with_coding_region     7500   NC_073256.2  SCFR_NC_073256_2_160452855_160461573_frame_3_fft  49   3  0.047832;0.143726;0.048061    2513.260;1377.416;1361.106   21;7;21
with_coding_region     7500   NC_073256.2  SCFR_NC_073256_2_160452803_160474382_frame_1_fft  128  3  0.047824;0.048056;0.047917    5903.053;2987.596;2634.582   21;21;21
with_coding_region     7500   NC_073256.2  SCFR_NC_073256_2_160461576_160474362_frame_3_fft  82   3  0.047865;0.048021;0.143673    2847.893;2622.545;1420.064   21;21;7
with_coding_region     7500   NC_073256.2  SCFR_NC_073256_2_162461573_162469805_frame3_fft   38   3  0.108236;0.162172;0.162536    1495.040;948.602;923.310     9;6;6
with_coding_region     7500   NC_073256.2  SCFR_NC_073256_2_160452769_160474345_frame_2_fft  124  3  0.047831;0.048016;0.048248    6362.406;2571.978;2377.250   21;21;21
with_coding_region     7500   NC_073256.2  SCFR_NC_073256_2_161342506_161362642_frame_2_fft  24   3  0.333333;0.316398;0.175805    5403.370;1110.174;982.378    3;3;6
with_coding_region     7500   NC_073256.2  SCFR_NC_073256_2_162784594_162793672_frame_2_fft  15   3  0.166667;0.333333;0.166997    6135.789;2287.843;1342.965   6;3;6
with_coding_region     7500   NC_073256.2  SCFR_NC_073256_2_162784595_162793673_frame3_fft   15   3  0.166667;0.333333;0.166997    6137.546;2288.808;1341.385   6;3;6
with_coding_region     7500   NC_073256.2  SCFR_NC_073256_2_161342530_161355964_frame2_fft   40   3  0.333333;0.316436;0.332068    3948.762;1005.239;801.560    3;3;3
with_coding_region     7500   NC_073256.2  SCFR_NC_073256_2_47_11114_frame_1_fft             29   3  0.166712;-0.166712;0.333333   6471.249;6471.249;2326.727   34;7;17
with_coding_region     7500   NC_073256.2  SCFR_NC_073256_2_48_11163_frame1_fft              29   3  0.166712;-0.166712;-0.333333  6489.863;6489.863;2328.921   34;7;8
with_coding_region     7500   NC_073267.2  SCFR_NC_073267_2_2433_10197_frame_3_fft           2    2  0.166667;0.333333             6113.944;2589.090            6;3
with_coding_region     7500   NC_073267.2  SCFR_NC_073267_2_2434_10198_frame2_fft            2    2  0.166667;0.333333             6112.078;2588.005            6;3
with_coding_region     7500   NC_073267.2  SCFR_NC_073267_2_2103_10212_frame1_fft            2    2  0.166605;0.333333             4293.159;2532.138            6;3
with_coding_region     7500   NC_073267.2  SCFR_NC_073267_2_2102_10211_frame_1_fft           2    2  0.166605;0.333333             4295.010;2531.892            6;3
with_coding_region     7500   NC_073267.2  SCFR_NC_073267_2_697955_706517_frame3_fft         10   3  0.318150;0.227283;0.363583    3133.106;2744.260;2170.775   3;4;3
with_coding_region     7500   NC_073267.2  SCFR_NC_073267_2_4866796_4876573_frame_2_fft      40   3  0.052981;0.052368;0.447070    1356.273;1312.485;1275.391   19;19;2
with_coding_region     7500   NC_073267.2  SCFR_NC_073267_2_4866971_4876559_frame_1_fft      44   3  0.446704;0.052983;0.447017    1344.998;1331.941;1238.802   2;19;2
with_coding_region     7500   NC_073267.2  SCFR_NC_073267_2_698571_706500_frame1_fft         10   3  0.318199;0.227267;0.363602    3193.670;2601.185;2503.609   3;4;3
with_coding_region     7500   NC_073267.2  SCFR_NC_073267_2_98196862_98208751_frame2_fft     1    1  0.333333                      1095.274                     3
with_coding_region     7500   NC_073267.2  SCFR_NC_073267_2_4866930_4876659_frame_3_fft      40   3  0.446706;0.052832;0.052009    1367.576;1325.735;1248.090   2;19;19
with_coding_region     7500   NC_073264.2  SCFR_NC_073264_2_106656475_106665931_frame_1_fft  25   3  0.054569;0.109243;0.054886    1507.040;935.287;812.374     18;9;18
with_coding_region     7500   NC_073264.2  SCFR_NC_073264_2_106655985_106665978_frame_2_fft  30   3  0.054638;0.054838;0.109176    1384.939;1048.757;828.035    18;18;9
with_coding_region     7500   NC_073264.2  SCFR_NC_073264_2_106655927_106666913_frame_3_fft  20   3  0.054615;0.109230;0.054888    1509.694;985.907;795.820     18;9;18
with_coding_region     7500   NC_073264.2  SCFR_NC_073264_2_106122691_106140052_frame_1_fft  131  3  0.333333;0.187892;0.143425    3524.055;1858.632;1812.564   3;5;7
with_coding_region     7500   NC_073249.2  SCFR_NC_073249_2_0_8107_frame_3_fft               15   3  -0.166646;0.166646;-0.333292  6055.455;6055.455;2184.728   10;48;12
with_coding_region     7500   NC_073249.2  SCFR_NC_073249_2_210983092_210991450_frame_3_fft  1    1  0.333333                      1219.226                     3
with_coding_region     7500   NC_073249.2  SCFR_NC_073249_2_227694354_227703972_frame1_fft   2    2  0.166667;0.333333             7473.692;3150.296            6;3
with_coding_region     7500   NC_073249.2  SCFR_NC_073249_2_227246636_227262338_frame3_fft   48   3  0.423322;0.269838;0.270029    3254.465;1803.664;1791.355   2;4;4
with_coding_region     7500   NC_073249.2  SCFR_NC_073249_2_227247043_227262286_frame2_fft   49   3  0.423276;0.269829;0.270026    3402.232;1883.966;1692.805   2;4;4
with_coding_region     7500   NC_073249.2  SCFR_NC_073249_2_227694449_227703971_frame_2_fft  2    2  0.166667;0.333333             7464.863;3153.383            6;3
with_coding_region     7500   NC_073249.2  SCFR_NC_073249_2_227246718_227262249_frame1_fft   46   3  0.423282;0.270041;0.269847    3681.515;2093.463;1697.820   2;4;4
with_coding_region     7500   NC_073249.2  SCFR_NC_073249_2_227694502_227704597_frame_3_fft  2    2  0.166716;0.333333             5197.415;3260.749            6;3
with_coding_region     7500   NC_073249.2  SCFR_NC_073249_2_227694503_227704598_frame3_fft   2    2  0.166716;0.333333             5196.878;3261.502            6;3
with_coding_region     7500   NC_073249.2  SCFR_NC_073249_2_97600755_97611663_frame1_fft     50   3  0.333333;0.179226;0.307756    2574.726;1480.321;1386.609   3;6;3
with_coding_region     7500   NC_073249.2  SCFR_NC_073249_2_2_8108_frame3_fft                5    3  -0.166667;0.166667;-0.333333  6051.297;6051.297;2256.115   10;48;12
with_coding_region     7500   NC_073249.2  SCFR_NC_073249_2_97537285_97547398_frame2_fft     60   3  0.333333;0.284980;0.483536    1485.296;1052.956;905.451    3;4;2
with_coding_region     7500   NC_073249.2  SCFR_NC_073249_2_48166839_48174561_frame_1_fft    18   3  0.333333;0.092593;0.166408    1090.110;798.502;720.804     3;11;6
with_coding_region     7500   NC_073270.2  SCFR_NC_073270_2_69760835_69768941_frame_2_fft    30   3  0.052924;0.052307;0.052060    1159.850;935.801;925.077     19;19;19
with_coding_region     7500   NC_073270.2  SCFR_NC_073270_2_69760965_69768996_frame_1_fft    32   3  0.052920;0.052297;0.052048    1185.610;959.950;929.666     19;19;19
with_coding_region     7500   NC_073270.2  SCFR_NC_073270_2_69760885_69768931_frame_3_fft    33   3  0.052821;0.052076;0.052324    1181.158;880.710;857.061     19;19;19
with_coding_region     7500   NC_073273.2  SCFR_NC_073273_2_46147024_46156333_frame_1_fft    22   3  0.488882;0.177785;0.355570    3542.090;3148.131;2842.250   2;6;3
with_coding_region     7500   NC_073273.2  SCFR_NC_073273_2_46147025_46156310_frame3_fft     22   3  0.488853;0.177814;0.355520    2952.443;2624.883;2415.924   2;6;3
with_coding_region     7500   NC_073273.2  SCFR_NC_073273_2_46147097_46156280_frame_3_fft    22   3  0.355548;0.488838;0.377763    2891.898;2413.807;2399.185   3;2;3
with_coding_region     7500   NC_073273.2  SCFR_NC_073273_2_46944949_46953997_frame_1_fft    8    3  0.166667;0.333333;0.166225    5819.084;2272.738;1020.495   6;3;6
with_coding_region     7500   NC_073273.2  SCFR_NC_073273_2_46944998_46953998_frame3_fft     8    3  0.166667;0.333333;0.166222    5816.948;2263.891;983.039    6;3;6
with_coding_region     7500   NC_073269.2  SCFR_NC_073269_2_5832066_5841069_frame_2_fft      41   3  0.071421;0.321448;0.345218    2431.275;1968.596;1967.476   14;3;3
with_coding_region     7500   NC_073269.2  SCFR_NC_073269_2_5832113_5841236_frame_3_fft      41   3  0.095254;0.071468;0.452373    2405.891;2018.695;1806.690   10;14;2
with_coding_region     7500   NC_073269.2  SCFR_NC_073269_2_5832186_5841093_frame1_fft       41   3  0.071405;0.095206;0.321433    2277.499;2129.871;2062.553   14;11;3
with_coding_region     7500   NC_073269.2  SCFR_NC_073269_2_13940153_13949870_frame_3_fft    1    1  0.333333                      2009.608                     3
with_coding_region     7500   NC_073269.2  SCFR_NC_073269_2_13913131_13935868_frame_1_fft    12   3  0.333333;0.003387;0.002287    4599.349;975.162;935.396     3;295;437
with_coding_region     7500   NC_073269.2  SCFR_NC_073269_2_5845363_5854162_frame_1_fft      44   3  0.095238;0.071372;0.178543    2289.252;1812.583;1635.826   11;14;6
with_coding_region     7500   NC_073269.2  SCFR_NC_073269_2_64814814_64822764_frame1_fft     35   3  0.051824;0.461258;0.025912    1889.991;1461.160;1454.563   19;2;39
with_coding_region     7500   NC_073272.2  SCFR_NC_073272_2_1324393_1332112_frame2_fft       38   3  0.315974;0.472211;0.105972    2170.341;1835.821;1517.793   3;2;9
with_coding_region     7500   NC_073272.2  SCFR_NC_073272_2_160232756_160240463_frame_1_fft  2    2  0.166732;0.333333             3901.434;2563.337            6;3
with_coding_region     7500   NC_073272.2  SCFR_NC_073272_2_160232749_160240870_frame_2_fft  2    2  0.166728;0.333333             4371.091;2496.832            6;3
with_coding_region     7500   NC_073272.2  SCFR_NC_073272_2_160232750_160240871_frame3_fft   2    2  0.166728;0.333333             4372.476;2497.754            6;3
with_coding_region     7500   NC_073272.2  SCFR_NC_073272_2_2115597_2126412_frame_3_fft      50   3  0.471382;0.028664;0.442811    2733.188;2158.181;1555.319   2;35;2
with_coding_region     7500   NC_073272.2  SCFR_NC_073272_2_2116099_2124670_frame2_fft       40   3  0.471357;0.028585;0.028818    2374.739;1515.025;1397.209   2;35;35
with_coding_region     7500   NC_073272.2  SCFR_NC_073272_2_160232757_160240458_frame1_fft   2    2  0.166732;0.333333             3895.374;2562.345            6;3
with_coding_region     7500   NC_073272.2  SCFR_NC_073272_2_2117899_2126497_frame_2_fft      40   3  0.471389;0.028611;0.442777    2977.892;2437.979;1903.344   2;35;2
with_coding_region     7500   NC_073272.2  SCFR_NC_073272_2_2118347_2126819_frame_1_fft      38   3  0.471435;0.028565;0.442753    2242.459;1802.009;1553.718   2;35;2
with_coding_region     7500   NC_073272.2  SCFR_NC_073272_2_769770_777948_frame1_fft         22   3  0.177794;0.488873;0.222181    2513.246;2484.470;2161.788   6;2;5
with_coding_region     7500   NC_073257.2  SCFR_NC_073257_2_144339164_144356156_frame3_fft   61   3  0.333333;0.166608;0.166490    1984.305;1846.437;1483.644   3;6;6
with_coding_region     7500   NC_073257.2  SCFR_NC_073257_2_144334761_144356142_frame1_fft   78   3  0.166643;0.333520;0.333380    3175.759;2613.181;2402.216   6;3;3
with_coding_region     7500   NC_073257.2  SCFR_NC_073257_2_144335674_144356113_frame2_fft   72   3  0.166642;0.333529;0.333382    3240.541;2406.265;2084.180   6;3;3
with_coding_region     7500   NC_073257.2  SCFR_NC_073257_2_144829198_144851365_frame_3_fft  106  3  0.428114;0.433663;0.432219    1891.576;1769.582;1432.376   2;2;2
with_coding_region     7500   NC_073257.2  SCFR_NC_073257_2_145184124_145191843_frame_1_fft  10   3  0.045472;0.409120;0.363648    3878.487;2537.615;2132.111   22;2;3
with_coding_region     7500   NC_073257.2  SCFR_NC_073257_2_144829265_144851387_frame_2_fft  96   3  0.433686;0.432375;0.433550    1733.449;1538.303;1478.769   2;2;2
with_coding_region     7500   NC_073257.2  SCFR_NC_073257_2_145187402_145195904_frame_2_fft  10   3  0.045401;0.409080;0.181840    3078.848;2968.173;2399.945   22;2;6
with_coding_region     7500   NC_073257.2  SCFR_NC_073257_2_144834291_144845871_frame_1_fft  70   3  0.432211;0.432729;0.426770    1036.536;984.651;905.472     2;2;2
with_coding_region     7500   NC_073257.2  SCFR_NC_073257_2_145190011_145197835_frame_3_fft  10   3  0.045501;0.409126;0.363625    3015.478;2249.838;1890.728   22;2;3
with_coding_region     7500   NC_073257.2  SCFR_NC_073257_2_72279507_72287385_frame_1_fft    1    1  0.333333                      1100.733                     3
with_coding_region     7500   NC_073261.2  SCFR_NC_073261_2_105517057_105524722_frame2_fft   1    1  0.333333                      903.167                      3
with_coding_region     7500   NC_073261.2  SCFR_NC_073261_2_124529242_124539751_frame_3_fft  44   3  0.250928;0.251308;0.251118    2203.356;1975.521;1960.517   4;4;4
with_coding_region     7500   NC_073261.2  SCFR_NC_073261_2_124526784_124539129_frame_1_fft  52   3  0.251114;0.063102;0.251357    2631.898;2332.299;1834.912   4;16;4
with_coding_region     7500   NC_073261.2  SCFR_NC_073261_2_98933633_98949680_frame_2_fft    24   3  0.333333;0.143142;0.119212    1790.317;1202.714;1055.031   3;7;8
with_coding_region     7500   NC_073268.2  SCFR_NC_073268_2_100783839_100791942_frame_3_fft  6    3  0.166728;0.333333;0.167469    4433.593;2267.733;595.324    6;3;6
with_coding_region     7500   NC_073268.2  SCFR_NC_073268_2_100783840_100791943_frame2_fft   6    3  0.166728;0.333333;0.167469    4434.257;2269.131;596.541    6;3;6
with_coding_region     7500   NC_073260.2  SCFR_NC_073260_2_124749933_124758618_frame1_fft   2    2  0.166724;0.333333             4423.496;2828.501            6;3
with_coding_region     7500   NC_073260.2  SCFR_NC_073260_2_124749951_124758504_frame_2_fft  2    2  0.166725;0.333333             4294.447;2848.500            6;3
with_coding_region     7500   NC_073260.2  SCFR_NC_073260_2_0_9495_frame_2_fft               5    3  -0.166719;0.166719;-0.333333  5139.376;5139.376;2879.907   8;40;10
with_coding_region     7500   NC_073260.2  SCFR_NC_073260_2_124749932_124758680_frame_3_fft  2    2  0.166667;0.333333             6757.790;2832.604            6;3
with_coding_region     7500   NC_073260.2  SCFR_NC_073260_2_1791113_1800272_frame3_fft       50   3  0.067475;0.466099;0.033846    2023.096;1665.602;1573.253   15;2;30
with_coding_region     7500   NC_073260.2  SCFR_NC_073260_2_124749952_124758499_frame2_fft   2    2  0.166608;0.333333             4293.426;2848.500            6;3
with_coding_region     7500   NC_073260.2  SCFR_NC_073260_2_1803723_1813347_frame1_fft       48   3  0.066604;0.067436;0.466646    1350.692;1314.358;1312.322   15;15;2
with_coding_region     7500   NC_073260.2  SCFR_NC_073260_2_1800275_1811402_frame3_fft       61   3  0.033792;0.466253;0.067853    1779.566;1724.056;1682.498   30;2;15
with_coding_region     7500   NC_073260.2  SCFR_NC_073260_2_1791280_1799611_frame2_fft       46   3  0.067459;0.466091;0.033849    1843.002;1709.076;1469.197   15;2;30
with_coding_region     7500   NC_073260.2  SCFR_NC_073260_2_1_9496_frame2_fft                5    3  -0.166719;0.166719;-0.333333  5138.587;5138.587;2879.458   8;40;10
with_coding_region     7500   NC_073260.2  SCFR_NC_073260_2_575_9488_frame_3_fft             5    3  -0.166723;0.166723;-0.333333  4476.216;4476.216;2970.000   9;43;11
with_coding_region     7500   NC_073260.2  SCFR_NC_073260_2_576_9489_frame1_fft              5    3  -0.166723;0.166723;-0.333333  4475.216;4475.216;2972.000   9;43;11
with_coding_region     7500   NC_073260.2  SCFR_NC_073260_2_89279661_89288487_frame_2_fft    1    1  0.333333                      1262.817                     3
with_coding_region     7500   NC_073252.2  SCFR_NC_073252_2_184439505_184447542_frame_2_fft  19   3  0.282070;0.384596;0.358965    2405.908;2216.412;2094.789   4;3;3
with_coding_region     7500   NC_073252.2  SCFR_NC_073252_2_182690975_182707829_frame_3_fft  104  3  0.249852;0.165658;0.248606    2099.319;1762.028;1654.806   4;6;4
with_coding_region     7500   NC_073252.2  SCFR_NC_073252_2_182690989_182707708_frame_1_fft  103  3  0.249895;0.165620;0.250015    1948.347;1737.892;1725.366   4;6;4
with_coding_region     7500   NC_073252.2  SCFR_NC_073252_2_182691084_182707728_frame_2_fft  105  3  0.249880;0.165645;0.250000    2188.863;2014.764;1695.168   4;6;4
with_coding_region     7500   NC_073252.2  SCFR_NC_073252_2_184439608_184447618_frame2_fft   19   3  0.461548;0.282022;0.384644    2527.750;2287.821;2119.156   2;4;3
with_coding_region     7500   NC_073252.2  SCFR_NC_073252_2_184439689_184447459_frame_1_fft  19   3  0.461519;0.435907;0.025611    2460.558;2274.800;1944.165   2;2;39
with_coding_region     7500   NC_073252.2  SCFR_NC_073252_2_829581_841455_frame1_fft         57   3  0.499832;0.477345;0.477093    2541.358;1950.443;1874.634   2;2;2
with_coding_region     7500   NC_073252.2  SCFR_NC_073252_2_810883_833707_frame2_fft         82   3  0.499869;0.477086;0.477348    7296.303;4226.177;3479.321   2;2;2
with_coding_region     7500   NC_073252.2  SCFR_NC_073252_2_812607_826149_frame1_fft         76   3  0.499852;0.477330;0.409171    3707.934;2260.642;2162.010   2;2;2
with_coding_region     7500   NC_073252.2  SCFR_NC_073252_2_822293_840473_frame3_fft         88   3  0.499890;0.477118;0.477393    4530.801;3318.701;2698.716   2;2;2
with_coding_region     7500   NC_073258.2  SCFR_NC_073258_2_133771049_133783841_frame3_fft   26   3  0.361710;0.148921;0.468105    3548.055;2773.471;2094.963   3;7;2
with_coding_region     7500   NC_073258.2  SCFR_NC_073258_2_134647137_134657814_frame1_fft   48   3  0.488339;0.023321;0.418470    4557.214;2329.107;1914.560   2;43;2
with_coding_region     7500   NC_073258.2  SCFR_NC_073258_2_133770660_133784037_frame1_fft   25   3  0.361666;0.148912;0.170218    3035.069;2659.285;2104.940   3;7;6
with_coding_region     7500   NC_073258.2  SCFR_NC_073258_2_133770838_133784338_frame2_fft   25   3  0.361704;0.148963;0.170222    3659.924;2106.642;2044.564   3;7;6
with_coding_region     7500   NC_073258.2  SCFR_NC_073258_2_3504790_3513619_frame2_fft       34   3  0.333333;0.159248;0.159474    2876.117;1122.811;1047.437   3;6;6
with_coding_region     7500   NC_073258.2  SCFR_NC_073258_2_134647213_134657761_frame2_fft   46   3  0.488339;0.023322;0.418468    4564.532;2340.112;1915.097   2;43;2
with_coding_region     7500   NC_073258.2  SCFR_NC_073258_2_134647217_134657750_frame3_fft   51   3  0.488370;0.023355;0.418399    3614.832;2166.623;1902.326   2;43;2
with_coding_region     7500   NC_073258.2  SCFR_NC_073258_2_3418513_3432796_frame_2_fft      86   3  0.333333;0.285864;0.307638    3114.816;1130.515;1123.226   3;3;3
with_coding_region     7500   NC_073258.2  SCFR_NC_073258_2_3593554_3605986_frame2_fft       42   3  0.333333;0.374839;0.041506    3486.528;1927.664;1592.905   3;3;24
with_coding_region     7500   NC_073258.2  SCFR_NC_073258_2_3654547_3669328_frame2_fft       24   3  0.333333;0.321494;0.413842    3530.469;854.883;838.023     3;3;2
with_coding_region     7500   NC_073258.2  SCFR_NC_073258_2_63743861_63761369_frame_1_fft    60   3  0.333333;0.143249;0.143477    3283.725;1555.439;1289.319   3;7;7
with_coding_region     7500   NC_073255.2  SCFR_NC_073255_2_118855474_118866310_frame2_fft   17   3  0.333333;0.392119;0.373016    3008.279;778.318;643.760     3;3;3
with_coding_region     7500   NC_073255.2  SCFR_NC_073255_2_119046512_119055332_frame3_fft   64   3  0.333333;0.265533;0.401134    2968.565;2000.325;1898.347   3;4;2
with_coding_region     7500   NC_073255.2  SCFR_NC_073255_2_118971987_118996437_frame1_fft   160  3  0.333333;0.357342;0.024008    5527.814;3323.470;3189.887   3;3;42
with_coding_region     7500   NC_073255.2  SCFR_NC_073255_2_119022050_119046509_frame3_fft   124  3  0.333333;0.265506;0.401161    8221.342;5659.190;5221.502   3;4;2
with_coding_region     7500   NC_073255.2  SCFR_NC_073255_2_196298760_196306320_frame1_fft   2    2  0.166667;0.333333             5916.196;2509.007            6;3
with_coding_region     7500   NC_073255.2  SCFR_NC_073255_2_196298770_196309006_frame_3_fft  4    3  0.166667;0.333333;0.167155    7206.322;2199.964;477.331    6;3;6
with_coding_region     7500   NC_073255.2  SCFR_NC_073255_2_196298780_196306319_frame_2_fft  2    2  0.166733;0.333333             3793.119;2506.465            6;3
with_coding_region     7500   NC_073255.2  SCFR_NC_073255_2_196298633_196309001_frame3_fft   3    3  0.166667;0.333333;0.167149    7205.059;2215.658;580.446    6;3;6
with_coding_region     7500   NC_073255.2  SCFR_NC_073255_2_5417109_5429478_frame_1_fft      49   3  0.096127;0.047781;0.094834    1258.016;1165.994;1131.490   10;21;11
with_coding_region     7500   NC_073255.2  SCFR_NC_073255_2_5417162_5429870_frame_2_fft      53   3  0.047765;0.096160;0.094822    1206.005;1111.801;1043.107   21;10;11
with_coding_region     7500   NC_073255.2  SCFR_NC_073255_2_118884714_118942548_frame1_fft   92   3  0.333333;0.411799;0.392140    16856.826;8214.618;7963.932  3;2;3
with_coding_region     7500   NC_073255.2  SCFR_NC_073255_2_5417086_5429629_frame_3_fft      45   3  0.096149;0.047756;0.450690    1211.498;1180.161;889.369    10;21;2
with_coding_region     7500   NC_073253.2  SCFR_NC_073253_2_175120274_175128914_frame3_fft   12   3  0.250000;0.022801;0.272685    2787.663;825.951;559.927     4;44;4
with_coding_region     7500   NC_073253.2  SCFR_NC_073253_2_175114048_175123759_frame2_fft   11   3  0.250026;0.499640;0.022655    3663.937;801.925;702.150     4;2;44
with_coding_region     7500   NC_073253.2  SCFR_NC_073253_2_175130688_175145835_frame1_fft   19   3  0.250083;0.499835;0.249752    4315.608;1927.992;1496.881   4;2;4
with_coding_region     7500   NC_073253.2  SCFR_NC_073253_2_175133446_175141537_frame2_fft   6    3  0.250031;0.022618;0.477320    3129.602;652.426;445.475     4;44;2
with_coding_region     7500   NC_073253.2  SCFR_NC_073253_2_175115667_175127595_frame1_fft   18   3  0.250000;0.022636;0.022803    3700.782;1094.691;755.899    4;44;44
with_coding_region     7500   NC_073253.2  SCFR_NC_073253_2_175138052_175157858_frame3_fft   32   3  0.250076;0.499899;0.499798    5540.532;2788.182;2375.055   4;2;2
with_coding_region     7500   NC_073253.2  SCFR_NC_073253_2_176537445_176546247_frame1_fft   2    2  0.166667;0.333333             6917.052;2926.842            6;3
with_coding_region     7500   NC_073253.2  SCFR_NC_073253_2_176537465_176546276_frame3_fft   2    2  0.166723;0.333333             4446.381;2925.027            6;3
with_coding_region     7500   NC_073253.2  SCFR_NC_073253_2_176537444_176546246_frame_3_fft  2    2  0.166667;0.333333             6917.548;2927.110            6;3
with_coding_region     7500   NC_073253.2  SCFR_NC_073253_2_176537464_176546281_frame_1_fft  2    2  0.166723;0.333333             4452.973;2924.257            6;3
with_coding_region     7500   NC_073253.2  SCFR_NC_073253_2_175145838_175153617_frame1_fft   18   3  0.250032;0.499679;0.250289    2863.757;988.576;907.254     4;2;4
with_coding_region     7500   NC_073253.2  SCFR_NC_073253_2_1838615_1855418_frame3_fft       23   3  0.489377;0.255312;0.340415    4950.906;4812.536;4757.560   2;4;3
with_coding_region     7500   NC_073253.2  SCFR_NC_073253_2_2131701_2140083_frame_2_fft      31   3  0.066333;0.066810;0.471009    922.289;919.581;616.207      15;15;2
with_coding_region     7500   NC_073253.2  SCFR_NC_073253_2_2131750_2139955_frame2_fft       34   3  0.066789;0.066301;0.470323    1003.995;754.745;717.065     15;15;2
with_coding_region     7500   NC_073253.2  SCFR_NC_073253_2_2131766_2140010_frame_3_fft      32   3  0.066351;0.468826;0.066836    886.695;757.809;748.282      15;2;15
with_coding_region     7500   NC_073253.2  SCFR_NC_073253_2_2131767_2140125_frame1_fft       31   3  0.066762;0.066523;0.470328    954.477;860.292;722.592      15;15;2
with_coding_region     7500   NC_073253.2  SCFR_NC_073253_2_1838673_1855491_frame1_fft       23   3  0.489357;0.255322;0.148948    5461.739;4932.363;4529.688   2;4;7
with_coding_region     7500   NC_073253.2  SCFR_NC_073253_2_2131771_2140015_frame_1_fft      32   3  0.066351;0.468826;0.066836    884.217;758.812;750.272      15;2;15
with_coding_region     7500   NC_073253.2  SCFR_NC_073253_2_1838689_1855381_frame2_fft       23   3  0.148934;0.255332;0.425533    4798.661;4584.708;4445.804   7;4;2
with_coding_region     7500   NC_073253.2  SCFR_NC_073253_2_2131799_2139974_frame3_fft       31   3  0.066789;0.470336;0.066300    999.357;750.925;742.334      15;2;15
with_coding_region     7500   NC_073253.2  SCFR_NC_073253_2_35561075_35571605_frame_3_fft    1    1  0.333333                      2042.855                     3
without_coding_region  10000  NC_073254.2  SCFR_NC_073254_2_188832130_188842537_frame2_fft   51   3  0.314500;0.037763;0.276737    2587.763;1754.694;1599.617   3;26;4
without_coding_region  10000  NC_073254.2  SCFR_NC_073254_2_188264023_188289880_frame2_fft   96   3  0.040569;0.297328;0.202730    5281.457;4706.551;4161.379   25;3;5
without_coding_region  10000  NC_073254.2  SCFR_NC_073254_2_188264078_188289713_frame3_fft   97   3  0.040570;0.297328;0.202731    5255.367;4704.832;4171.864   25;3;5
without_coding_region  10000  NC_073254.2  SCFR_NC_073254_2_188264100_188289723_frame1_fft   96   3  0.040550;0.202748;0.162198    5292.352;4503.704;4467.594   25;5;6
without_coding_region  10000  NC_073259.2  SCFR_NC_073259_2_139659914_139669955_frame3_fft   47   3  0.470371;0.470172;0.470571    3875.270;1682.548;1609.905   2;2;2
without_coding_region  10000  NC_085926.1  SCFR_NC_085926_1_195330128_195348608_frame3_fft   10   3  0.428571;0.142857;0.285714    8923.816;7646.934;7168.056   2;7;4
without_coding_region  10000  NC_085926.1  SCFR_NC_085926_1_195330324_195344922_frame_1_fft  10   3  0.428552;0.285724;0.095219    6234.799;5741.192;4884.694   2;4;11
without_coding_region  10000  NC_085926.1  SCFR_NC_085926_1_195330346_195348511_frame_3_fft  10   3  0.428571;0.142857;0.285714    8890.856;7620.592;7157.376   2;7;4
without_coding_region  10000  NC_085926.1  SCFR_NC_085926_1_195330260_195348617_frame_2_fft  10   3  0.428556;0.285722;0.095223    7705.795;6972.026;6129.597   2;4;11
without_coding_region  10000  NC_085926.1  SCFR_NC_085926_1_195330360_195348504_frame1_fft   10   3  0.428571;0.142857;0.285714    8892.353;7617.192;7155.472   2;7;4
without_coding_region  10000  NC_085927.1  SCFR_NC_085927_1_60287306_60298430_frame3_fft     59   3  0.046296;0.092593;0.185095    1500.078;1353.010;1037.873   22;11;5
without_coding_region  10000  NC_085927.1  SCFR_NC_085927_1_60287118_60298359_frame1_fft     68   3  0.046259;0.092607;0.092963    1594.604;1368.821;994.783    22;11;11
without_coding_region  10000  NC_085927.1  SCFR_NC_085927_1_60287209_60298258_frame2_fft     63   3  0.046249;0.092497;0.185085    1507.855;1373.460;1027.332   22;11;5
without_coding_region  10000  NC_073256.2  SCFR_NC_073256_2_160461576_160474362_frame_3_fft  82   3  0.047865;0.048021;0.143673    2847.893;2622.545;1420.064   21;21;7
without_coding_region  10000  NC_073256.2  SCFR_NC_073256_2_47_11114_frame_1_fft             29   3  0.166712;-0.166712;0.333333   6471.249;6471.249;2326.727   34;7;17
without_coding_region  10000  NC_073256.2  SCFR_NC_073256_2_160452769_160474345_frame_2_fft  124  3  0.047831;0.048016;0.048248    6362.406;2571.978;2377.250   21;21;21
without_coding_region  10000  NC_073256.2  SCFR_NC_073256_2_160452803_160474382_frame_1_fft  128  3  0.047824;0.048056;0.047917    5903.053;2987.596;2634.582   21;21;21
without_coding_region  10000  NC_073256.2  SCFR_NC_073256_2_48_11163_frame1_fft              29   3  0.166712;-0.166712;-0.333333  6489.863;6489.863;2328.921   34;7;8
without_coding_region  10000  NC_073249.2  SCFR_NC_073249_2_227694502_227704597_frame_3_fft  2    2  0.166716;0.333333             5197.415;3260.749            6;3
without_coding_region  10000  NC_073249.2  SCFR_NC_073249_2_227246636_227262338_frame3_fft   48   3  0.423322;0.269838;0.270029    3254.465;1803.664;1791.355   2;4;4
without_coding_region  10000  NC_073249.2  SCFR_NC_073249_2_227247043_227262286_frame2_fft   49   3  0.423276;0.269829;0.270026    3402.232;1883.966;1692.805   2;4;4
without_coding_region  10000  NC_073249.2  SCFR_NC_073249_2_227246718_227262249_frame1_fft   46   3  0.423282;0.270041;0.269847    3681.515;2093.463;1697.820   2;4;4
without_coding_region  10000  NC_073249.2  SCFR_NC_073249_2_227694503_227704598_frame3_fft   2    2  0.166716;0.333333             5196.878;3261.502            6;3
without_coding_region  10000  NC_073272.2  SCFR_NC_073272_2_2115597_2126412_frame_3_fft      50   3  0.471382;0.028664;0.442811    2733.188;2158.181;1555.319   2;35;2
without_coding_region  10000  NC_073257.2  SCFR_NC_073257_2_144335674_144356113_frame2_fft   72   3  0.166642;0.333529;0.333382    3240.541;2406.265;2084.180   6;3;3
without_coding_region  10000  NC_073257.2  SCFR_NC_073257_2_144339164_144356156_frame3_fft   61   3  0.333333;0.166608;0.166490    1984.305;1846.437;1483.644   3;6;6
without_coding_region  10000  NC_073257.2  SCFR_NC_073257_2_144829198_144851365_frame_3_fft  106  3  0.428114;0.433663;0.432219    1891.576;1769.582;1432.376   2;2;2
without_coding_region  10000  NC_073257.2  SCFR_NC_073257_2_144334761_144356142_frame1_fft   78   3  0.166643;0.333520;0.333380    3175.759;2613.181;2402.216   6;3;3
without_coding_region  10000  NC_073257.2  SCFR_NC_073257_2_144829265_144851387_frame_2_fft  96   3  0.433686;0.432375;0.433550    1733.449;1538.303;1478.769   2;2;2
without_coding_region  10000  NC_073257.2  SCFR_NC_073257_2_144834291_144845871_frame_1_fft  70   3  0.432211;0.432729;0.426770    1036.536;984.651;905.472     2;2;2
without_coding_region  10000  NC_073261.2  SCFR_NC_073261_2_124526784_124539129_frame_1_fft  52   3  0.251114;0.063102;0.251357    2631.898;2332.299;1834.912   4;16;4
without_coding_region  10000  NC_073261.2  SCFR_NC_073261_2_124529242_124539751_frame_3_fft  44   3  0.250928;0.251308;0.251118    2203.356;1975.521;1960.517   4;4;4
without_coding_region  10000  NC_073260.2  SCFR_NC_073260_2_1800275_1811402_frame3_fft       61   3  0.033792;0.466253;0.067853    1779.566;1724.056;1682.498   30;2;15
without_coding_region  10000  NC_073252.2  SCFR_NC_073252_2_182690975_182707829_frame_3_fft  104  3  0.249852;0.165658;0.248606    2099.319;1762.028;1654.806   4;6;4
without_coding_region  10000  NC_073252.2  SCFR_NC_073252_2_182691084_182707728_frame_2_fft  105  3  0.249880;0.165645;0.250000    2188.863;2014.764;1695.168   4;6;4
without_coding_region  10000  NC_073252.2  SCFR_NC_073252_2_182690989_182707708_frame_1_fft  103  3  0.249895;0.165620;0.250015    1948.347;1737.892;1725.366   4;6;4
without_coding_region  10000  NC_073252.2  SCFR_NC_073252_2_810883_833707_frame2_fft         82   3  0.499869;0.477086;0.477348    7296.303;4226.177;3479.321   2;2;2
without_coding_region  10000  NC_073252.2  SCFR_NC_073252_2_822293_840473_frame3_fft         88   3  0.499890;0.477118;0.477393    4530.801;3318.701;2698.716   2;2;2
without_coding_region  10000  NC_073252.2  SCFR_NC_073252_2_829581_841455_frame1_fft         57   3  0.499832;0.477345;0.477093    2541.358;1950.443;1874.634   2;2;2
without_coding_region  10000  NC_073252.2  SCFR_NC_073252_2_812607_826149_frame1_fft         76   3  0.499852;0.477330;0.409171    3707.934;2260.642;2162.010   2;2;2
without_coding_region  10000  NC_073258.2  SCFR_NC_073258_2_133770838_133784338_frame2_fft   25   3  0.361704;0.148963;0.170222    3659.924;2106.642;2044.564   3;7;6
without_coding_region  10000  NC_073258.2  SCFR_NC_073258_2_134647137_134657814_frame1_fft   48   3  0.488339;0.023321;0.418470    4557.214;2329.107;1914.560   2;43;2
without_coding_region  10000  NC_073258.2  SCFR_NC_073258_2_133771049_133783841_frame3_fft   26   3  0.361710;0.148921;0.468105    3548.055;2773.471;2094.963   3;7;2
without_coding_region  10000  NC_073258.2  SCFR_NC_073258_2_133770660_133784037_frame1_fft   25   3  0.361666;0.148912;0.170218    3035.069;2659.285;2104.940   3;7;6
without_coding_region  10000  NC_073258.2  SCFR_NC_073258_2_134647213_134657761_frame2_fft   46   3  0.488339;0.023322;0.418468    4564.532;2340.112;1915.097   2;43;2
without_coding_region  10000  NC_073258.2  SCFR_NC_073258_2_134647217_134657750_frame3_fft   51   3  0.488370;0.023355;0.418399    3614.832;2166.623;1902.326   2;43;2
without_coding_region  10000  NC_073255.2  SCFR_NC_073255_2_196298633_196309001_frame3_fft   3    3  0.166667;0.333333;0.167149    7205.059;2215.658;580.446    6;3;6
without_coding_region  10000  NC_073255.2  SCFR_NC_073255_2_118971987_118996437_frame1_fft   160  3  0.333333;0.357342;0.024008    5527.814;3323.470;3189.887   3;3;42
without_coding_region  10000  NC_073255.2  SCFR_NC_073255_2_5417086_5429629_frame_3_fft      45   3  0.096149;0.047756;0.450690    1211.498;1180.161;889.369    10;21;2
without_coding_region  10000  NC_073255.2  SCFR_NC_073255_2_196298770_196309006_frame_3_fft  4    3  0.166667;0.333333;0.167155    7206.322;2199.964;477.331    6;3;6
without_coding_region  10000  NC_073255.2  SCFR_NC_073255_2_5417109_5429478_frame_1_fft      49   3  0.096127;0.047781;0.094834    1258.016;1165.994;1131.490   10;21;11
without_coding_region  10000  NC_073255.2  SCFR_NC_073255_2_5417162_5429870_frame_2_fft      53   3  0.047765;0.096160;0.094822    1206.005;1111.801;1043.107   21;10;11
without_coding_region  10000  NC_073253.2  SCFR_NC_073253_2_1838615_1855418_frame3_fft       23   3  0.489377;0.255312;0.340415    4950.906;4812.536;4757.560   2;4;3
without_coding_region  10000  NC_073253.2  SCFR_NC_073253_2_175115667_175127595_frame1_fft   18   3  0.250000;0.022636;0.022803    3700.782;1094.691;755.899    4;44;44
without_coding_region  10000  NC_073253.2  SCFR_NC_073253_2_175130688_175145835_frame1_fft   19   3  0.250083;0.499835;0.249752    4315.608;1927.992;1496.881   4;2;4
without_coding_region  10000  NC_073253.2  SCFR_NC_073253_2_1838673_1855491_frame1_fft       23   3  0.489357;0.255322;0.148948    5461.739;4932.363;4529.688   2;4;7
without_coding_region  10000  NC_073253.2  SCFR_NC_073253_2_175138052_175157858_frame3_fft   32   3  0.250076;0.499899;0.499798    5540.532;2788.182;2375.055   4;2;2
without_coding_region  10000  NC_073253.2  SCFR_NC_073253_2_1838689_1855381_frame2_fft       23   3  0.148934;0.255332;0.425533    4798.661;4584.708;4445.804   7;4;2
with_coding_region     10000  NC_073254.2  SCFR_NC_073254_2_188832130_188842537_frame2_fft   51   3  0.314500;0.037763;0.276737    2587.763;1754.694;1599.617   3;26;4
with_coding_region     10000  NC_073254.2  SCFR_NC_073254_2_188264078_188289713_frame3_fft   97   3  0.040570;0.297328;0.202731    5255.367;4704.832;4171.864   25;3;5
with_coding_region     10000  NC_073254.2  SCFR_NC_073254_2_188264023_188289880_frame2_fft   96   3  0.040569;0.297328;0.202730    5281.457;4706.551;4161.379   25;3;5
with_coding_region     10000  NC_073254.2  SCFR_NC_073254_2_188264100_188289723_frame1_fft   96   3  0.040550;0.202748;0.162198    5292.352;4503.704;4467.594   25;5;6
with_coding_region     10000  NC_073262.2  SCFR_NC_073262_2_81206979_81224217_frame_1_fft    15   3  0.333333;0.036953;0.006787    2715.710;900.131;844.449     3;27;147
with_coding_region     10000  NC_073265.2  SCFR_NC_073265_2_31934332_31944568_frame2_fft     1    1  0.333333                      1021.209                     3
with_coding_region     10000  NC_073259.2  SCFR_NC_073259_2_53665422_53676795_frame_1_fft    47   3  0.333333;0.033412;0.366746    4434.892;2098.786;2038.321   3;30;3
with_coding_region     10000  NC_073259.2  SCFR_NC_073259_2_139659914_139669955_frame3_fft   47   3  0.470371;0.470172;0.470571    3875.270;1682.548;1609.905   2;2;2
with_coding_region     10000  NC_073263.2  SCFR_NC_073263_2_22947221_22958780_frame_2_fft    1    1  0.333333                      1288.449                     3
with_coding_region     10000  NC_073263.2  SCFR_NC_073263_2_104248388_104269379_frame_2_fft  1    1  0.333333                      2290.370                     3
with_coding_region     10000  NC_085926.1  SCFR_NC_085926_1_193694170_193705456_frame_3_fft  23   3  0.333333;0.041645;0.291689    3112.962;2138.604;2004.951   3;24;3
with_coding_region     10000  NC_085926.1  SCFR_NC_085926_1_195330260_195348617_frame_2_fft  10   3  0.428556;0.285722;0.095223    7705.795;6972.026;6129.597   2;4;11
with_coding_region     10000  NC_085926.1  SCFR_NC_085926_1_195330324_195344922_frame_1_fft  10   3  0.428552;0.285724;0.095219    6234.799;5741.192;4884.694   2;4;11
with_coding_region     10000  NC_085926.1  SCFR_NC_085926_1_195330128_195348608_frame3_fft   10   3  0.428571;0.142857;0.285714    8923.816;7646.934;7168.056   2;7;4
with_coding_region     10000  NC_085926.1  SCFR_NC_085926_1_195330360_195348504_frame1_fft   10   3  0.428571;0.142857;0.285714    8892.353;7617.192;7155.472   2;7;4
with_coding_region     10000  NC_085926.1  SCFR_NC_085926_1_195330346_195348511_frame_3_fft  10   3  0.428571;0.142857;0.285714    8890.856;7620.592;7157.376   2;7;4
with_coding_region     10000  NC_085927.1  SCFR_NC_085927_1_60287209_60298258_frame2_fft     63   3  0.046249;0.092497;0.185085    1507.855;1373.460;1027.332   22;11;5
with_coding_region     10000  NC_085927.1  SCFR_NC_085927_1_60287306_60298430_frame3_fft     59   3  0.046296;0.092593;0.185095    1500.078;1353.010;1037.873   22;11;5
with_coding_region     10000  NC_085927.1  SCFR_NC_085927_1_60287118_60298359_frame1_fft     68   3  0.046259;0.092607;0.092963    1594.604;1368.821;994.783    22;11;11
with_coding_region     10000  NC_073256.2  SCFR_NC_073256_2_160461576_160474362_frame_3_fft  82   3  0.047865;0.048021;0.143673    2847.893;2622.545;1420.064   21;21;7
with_coding_region     10000  NC_073256.2  SCFR_NC_073256_2_160452803_160474382_frame_1_fft  128  3  0.047824;0.048056;0.047917    5903.053;2987.596;2634.582   21;21;21
with_coding_region     10000  NC_073256.2  SCFR_NC_073256_2_160452769_160474345_frame_2_fft  124  3  0.047831;0.048016;0.048248    6362.406;2571.978;2377.250   21;21;21
with_coding_region     10000  NC_073256.2  SCFR_NC_073256_2_161342506_161362642_frame_2_fft  24   3  0.333333;0.316398;0.175805    5403.370;1110.174;982.378    3;3;6
with_coding_region     10000  NC_073256.2  SCFR_NC_073256_2_161342530_161355964_frame2_fft   40   3  0.333333;0.316436;0.332068    3948.762;1005.239;801.560    3;3;3
with_coding_region     10000  NC_073256.2  SCFR_NC_073256_2_47_11114_frame_1_fft             29   3  0.166712;-0.166712;0.333333   6471.249;6471.249;2326.727   34;7;17
with_coding_region     10000  NC_073256.2  SCFR_NC_073256_2_48_11163_frame1_fft              29   3  0.166712;-0.166712;-0.333333  6489.863;6489.863;2328.921   34;7;8
with_coding_region     10000  NC_073267.2  SCFR_NC_073267_2_98196862_98208751_frame2_fft     1    1  0.333333                      1095.274                     3
with_coding_region     10000  NC_073264.2  SCFR_NC_073264_2_106122691_106140052_frame_1_fft  131  3  0.333333;0.187892;0.143425    3524.055;1858.632;1812.564   3;5;7
with_coding_region     10000  NC_073264.2  SCFR_NC_073264_2_106655927_106666913_frame_3_fft  20   3  0.054615;0.109230;0.054888    1509.694;985.907;795.820     18;9;18
with_coding_region     10000  NC_073249.2  SCFR_NC_073249_2_227246636_227262338_frame3_fft   48   3  0.423322;0.269838;0.270029    3254.465;1803.664;1791.355   2;4;4
with_coding_region     10000  NC_073249.2  SCFR_NC_073249_2_227246718_227262249_frame1_fft   46   3  0.423282;0.270041;0.269847    3681.515;2093.463;1697.820   2;4;4
with_coding_region     10000  NC_073249.2  SCFR_NC_073249_2_227694502_227704597_frame_3_fft  2    2  0.166716;0.333333             5197.415;3260.749            6;3
with_coding_region     10000  NC_073249.2  SCFR_NC_073249_2_227247043_227262286_frame2_fft   49   3  0.423276;0.269829;0.270026    3402.232;1883.966;1692.805   2;4;4
with_coding_region     10000  NC_073249.2  SCFR_NC_073249_2_227694503_227704598_frame3_fft   2    2  0.166716;0.333333             5196.878;3261.502            6;3
with_coding_region     10000  NC_073249.2  SCFR_NC_073249_2_97600755_97611663_frame1_fft     50   3  0.333333;0.179226;0.307756    2574.726;1480.321;1386.609   3;6;3
with_coding_region     10000  NC_073249.2  SCFR_NC_073249_2_97537285_97547398_frame2_fft     60   3  0.333333;0.284980;0.483536    1485.296;1052.956;905.451    3;4;2
with_coding_region     10000  NC_073269.2  SCFR_NC_073269_2_13913131_13935868_frame_1_fft    12   3  0.333333;0.003387;0.002287    4599.349;975.162;935.396     3;295;437
with_coding_region     10000  NC_073272.2  SCFR_NC_073272_2_2115597_2126412_frame_3_fft      50   3  0.471382;0.028664;0.442811    2733.188;2158.181;1555.319   2;35;2
with_coding_region     10000  NC_073257.2  SCFR_NC_073257_2_144339164_144356156_frame3_fft   61   3  0.333333;0.166608;0.166490    1984.305;1846.437;1483.644   3;6;6
with_coding_region     10000  NC_073257.2  SCFR_NC_073257_2_144829198_144851365_frame_3_fft  106  3  0.428114;0.433663;0.432219    1891.576;1769.582;1432.376   2;2;2
with_coding_region     10000  NC_073257.2  SCFR_NC_073257_2_144335674_144356113_frame2_fft   72   3  0.166642;0.333529;0.333382    3240.541;2406.265;2084.180   6;3;3
with_coding_region     10000  NC_073257.2  SCFR_NC_073257_2_144334761_144356142_frame1_fft   78   3  0.166643;0.333520;0.333380    3175.759;2613.181;2402.216   6;3;3
with_coding_region     10000  NC_073257.2  SCFR_NC_073257_2_144834291_144845871_frame_1_fft  70   3  0.432211;0.432729;0.426770    1036.536;984.651;905.472     2;2;2
with_coding_region     10000  NC_073257.2  SCFR_NC_073257_2_144829265_144851387_frame_2_fft  96   3  0.433686;0.432375;0.433550    1733.449;1538.303;1478.769   2;2;2
with_coding_region     10000  NC_073261.2  SCFR_NC_073261_2_124529242_124539751_frame_3_fft  44   3  0.250928;0.251308;0.251118    2203.356;1975.521;1960.517   4;4;4
with_coding_region     10000  NC_073261.2  SCFR_NC_073261_2_124526784_124539129_frame_1_fft  52   3  0.251114;0.063102;0.251357    2631.898;2332.299;1834.912   4;16;4
with_coding_region     10000  NC_073261.2  SCFR_NC_073261_2_98933633_98949680_frame_2_fft    24   3  0.333333;0.143142;0.119212    1790.317;1202.714;1055.031   3;7;8
with_coding_region     10000  NC_073260.2  SCFR_NC_073260_2_1800275_1811402_frame3_fft       61   3  0.033792;0.466253;0.067853    1779.566;1724.056;1682.498   30;2;15
with_coding_region     10000  NC_073252.2  SCFR_NC_073252_2_182690975_182707829_frame_3_fft  104  3  0.249852;0.165658;0.248606    2099.319;1762.028;1654.806   4;6;4
with_coding_region     10000  NC_073252.2  SCFR_NC_073252_2_182690989_182707708_frame_1_fft  103  3  0.249895;0.165620;0.250015    1948.347;1737.892;1725.366   4;6;4
with_coding_region     10000  NC_073252.2  SCFR_NC_073252_2_182691084_182707728_frame_2_fft  105  3  0.249880;0.165645;0.250000    2188.863;2014.764;1695.168   4;6;4
with_coding_region     10000  NC_073252.2  SCFR_NC_073252_2_810883_833707_frame2_fft         82   3  0.499869;0.477086;0.477348    7296.303;4226.177;3479.321   2;2;2
with_coding_region     10000  NC_073252.2  SCFR_NC_073252_2_812607_826149_frame1_fft         76   3  0.499852;0.477330;0.409171    3707.934;2260.642;2162.010   2;2;2
with_coding_region     10000  NC_073252.2  SCFR_NC_073252_2_822293_840473_frame3_fft         88   3  0.499890;0.477118;0.477393    4530.801;3318.701;2698.716   2;2;2
with_coding_region     10000  NC_073252.2  SCFR_NC_073252_2_829581_841455_frame1_fft         57   3  0.499832;0.477345;0.477093    2541.358;1950.443;1874.634   2;2;2
with_coding_region     10000  NC_073258.2  SCFR_NC_073258_2_133770838_133784338_frame2_fft   25   3  0.361704;0.148963;0.170222    3659.924;2106.642;2044.564   3;7;6
with_coding_region     10000  NC_073258.2  SCFR_NC_073258_2_133771049_133783841_frame3_fft   26   3  0.361710;0.148921;0.468105    3548.055;2773.471;2094.963   3;7;2
with_coding_region     10000  NC_073258.2  SCFR_NC_073258_2_134647137_134657814_frame1_fft   48   3  0.488339;0.023321;0.418470    4557.214;2329.107;1914.560   2;43;2
with_coding_region     10000  NC_073258.2  SCFR_NC_073258_2_133770660_133784037_frame1_fft   25   3  0.361666;0.148912;0.170218    3035.069;2659.285;2104.940   3;7;6
with_coding_region     10000  NC_073258.2  SCFR_NC_073258_2_134647217_134657750_frame3_fft   51   3  0.488370;0.023355;0.418399    3614.832;2166.623;1902.326   2;43;2
with_coding_region     10000  NC_073258.2  SCFR_NC_073258_2_134647213_134657761_frame2_fft   46   3  0.488339;0.023322;0.418468    4564.532;2340.112;1915.097   2;43;2
with_coding_region     10000  NC_073258.2  SCFR_NC_073258_2_3418513_3432796_frame_2_fft      86   3  0.333333;0.285864;0.307638    3114.816;1130.515;1123.226   3;3;3
with_coding_region     10000  NC_073258.2  SCFR_NC_073258_2_3654547_3669328_frame2_fft       24   3  0.333333;0.321494;0.413842    3530.469;854.883;838.023     3;3;2
with_coding_region     10000  NC_073258.2  SCFR_NC_073258_2_3593554_3605986_frame2_fft       42   3  0.333333;0.374839;0.041506    3486.528;1927.664;1592.905   3;3;24
with_coding_region     10000  NC_073258.2  SCFR_NC_073258_2_63743861_63761369_frame_1_fft    60   3  0.333333;0.143249;0.143477    3283.725;1555.439;1289.319   3;7;7
with_coding_region     10000  NC_073255.2  SCFR_NC_073255_2_118855474_118866310_frame2_fft   17   3  0.333333;0.392119;0.373016    3008.279;778.318;643.760     3;3;3
with_coding_region     10000  NC_073255.2  SCFR_NC_073255_2_118971987_118996437_frame1_fft   160  3  0.333333;0.357342;0.024008    5527.814;3323.470;3189.887   3;3;42
with_coding_region     10000  NC_073255.2  SCFR_NC_073255_2_196298633_196309001_frame3_fft   3    3  0.166667;0.333333;0.167149    7205.059;2215.658;580.446    6;3;6
with_coding_region     10000  NC_073255.2  SCFR_NC_073255_2_119022050_119046509_frame3_fft   124  3  0.333333;0.265506;0.401161    8221.342;5659.190;5221.502   3;4;2
with_coding_region     10000  NC_073255.2  SCFR_NC_073255_2_196298770_196309006_frame_3_fft  4    3  0.166667;0.333333;0.167155    7206.322;2199.964;477.331    6;3;6
with_coding_region     10000  NC_073255.2  SCFR_NC_073255_2_5417086_5429629_frame_3_fft      45   3  0.096149;0.047756;0.450690    1211.498;1180.161;889.369    10;21;2
with_coding_region     10000  NC_073255.2  SCFR_NC_073255_2_5417162_5429870_frame_2_fft      53   3  0.047765;0.096160;0.094822    1206.005;1111.801;1043.107   21;10;11
with_coding_region     10000  NC_073255.2  SCFR_NC_073255_2_5417109_5429478_frame_1_fft      49   3  0.096127;0.047781;0.094834    1258.016;1165.994;1131.490   10;21;11
with_coding_region     10000  NC_073255.2  SCFR_NC_073255_2_118884714_118942548_frame1_fft   92   3  0.333333;0.411799;0.392140    16856.826;8214.618;7963.932  3;2;3
with_coding_region     10000  NC_073253.2  SCFR_NC_073253_2_175130688_175145835_frame1_fft   19   3  0.250083;0.499835;0.249752    4315.608;1927.992;1496.881   4;2;4
with_coding_region     10000  NC_073253.2  SCFR_NC_073253_2_1838615_1855418_frame3_fft       23   3  0.489377;0.255312;0.340415    4950.906;4812.536;4757.560   2;4;3
with_coding_region     10000  NC_073253.2  SCFR_NC_073253_2_175115667_175127595_frame1_fft   18   3  0.250000;0.022636;0.022803    3700.782;1094.691;755.899    4;44;44
with_coding_region     10000  NC_073253.2  SCFR_NC_073253_2_175138052_175157858_frame3_fft   32   3  0.250076;0.499899;0.499798    5540.532;2788.182;2375.055   4;2;2
with_coding_region     10000  NC_073253.2  SCFR_NC_073253_2_35561075_35571605_frame_3_fft    1    1  0.333333                      2042.855                     3
with_coding_region     10000  NC_073253.2  SCFR_NC_073253_2_1838689_1855381_frame2_fft       23   3  0.148934;0.255332;0.425533    4798.661;4584.708;4445.804   7;4;2
with_coding_region     10000  NC_073253.2  SCFR_NC_073253_2_1838673_1855491_frame1_fft       23   3  0.489357;0.255322;0.148948    5461.739;4932.363;4529.688   2;4;7
