without_coding_region  5000   NC_073235.2  SCFR_NC_073235_2_4143_10227_frame_1_fft           8    3  0.166667;0.333498;0.333169    4152.773;1119.678;1115.900        6;3;3
without_coding_region  5000   NC_073235.2  SCFR_NC_073235_2_4144_10228_frame2_fft            8    3  0.166667;0.333498;0.333169    4154.108;1118.385;1115.619        6;3;3
without_coding_region  5000   NC_073236.2  SCFR_NC_073236_2_1344_7659_frame1_fft             2    2  0.166746;0.333333             3395.819;1924.490                 6;3
without_coding_region  5000   NC_073236.2  SCFR_NC_073236_2_145892002_145897231_frame_1_fft  7    3  0.166762;0.333333;0.167145    2739.292;1109.786;963.054         6;3;6
without_coding_region  5000   NC_073236.2  SCFR_NC_073236_2_145892003_145897232_frame3_fft   7    3  0.166762;0.333333;0.167145    2740.480;1110.663;963.447         6;3;6
without_coding_region  5000   NC_073236.2  SCFR_NC_073236_2_1343_7652_frame_3_fft            2    2  0.166746;0.333333             3393.846;1923.685                 6;3
without_coding_region  5000   NC_073236.2  SCFR_NC_073236_2_18521804_18540476_frame3_fft     8    3  0.176467;0.352935;0.470598    12491.250;7024.552;5562.266       6;3;2
without_coding_region  5000   NC_073236.2  SCFR_NC_073236_2_18533254_18539218_frame2_fft     8    3  0.176392;0.352951;0.058853    2697.654;2283.779;1580.823        6;3;17
without_coding_region  5000   NC_073236.2  SCFR_NC_073236_2_18541138_18553663_frame2_fft     8    3  0.176447;0.470579;0.352974    7024.712;3674.694;3613.477        6;2;3
without_coding_region  5000   NC_073236.2  SCFR_NC_073236_2_18541485_18554649_frame1_fft     8    3  0.176466;0.352932;0.470602    8797.616;4961.356;3939.718        6;3;2
without_coding_region  5000   NC_073236.2  SCFR_NC_073236_2_18556250_18567926_frame3_fft     8    3  0.176430;0.352946;0.058839    5269.255;4467.188;3140.398        6;3;17
without_coding_region  5000   NC_073236.2  SCFR_NC_073236_2_18561393_18566553_frame1_fft     8    3  0.176550;0.352907;0.470543    2575.910;1883.608;1466.220        6;3;2
without_coding_region  5000   NC_073236.2  SCFR_NC_073236_2_18566688_18573552_frame1_fft     14   3  0.176428;0.352855;0.058712    4381.600;2099.309;1591.142        6;3;17
without_coding_region  5000   NC_073236.2  SCFR_NC_073236_2_18569653_18579052_frame2_fft     17   3  0.176402;0.352910;0.470688    5055.635;2628.471;1956.212        6;3;2
without_coding_region  5000   NC_073236.2  SCFR_NC_073236_2_18461034_18586215_frame_2_fft    119  3  0.176472;0.352937;0.176449    62188.702;25779.636;21809.810     6;3;6
without_coding_region  5000   NC_073236.2  SCFR_NC_073236_2_18571505_18577094_frame3_fft     15   3  0.176418;0.352836;0.058687    3608.139;1785.566;1316.506        6;3;17
without_coding_region  5000   NC_073236.2  SCFR_NC_073236_2_18573687_18581553_frame1_fft     21   3  0.176456;0.352784;0.470633    3297.079;2515.287;1470.739        6;3;2
without_coding_region  5000   NC_073236.2  SCFR_NC_073236_2_18577229_18582389_frame3_fft     15   3  0.176357;0.352713;0.470930    3281.893;1594.244;982.569         6;3;2
without_coding_region  5000   NC_073236.2  SCFR_NC_073236_2_18581556_18597183_frame1_fft     53   3  0.176361;0.352787;0.470852    8807.629;4096.769;3812.834        6;3;2
without_coding_region  5000   NC_073236.2  SCFR_NC_073236_2_18586219_18594598_frame2_fft     28   3  0.176393;0.352787;0.470820    5409.954;2727.571;1809.132        6;3;2
without_coding_region  5000   NC_073236.2  SCFR_NC_073236_2_18592775_18616097_frame3_fft     64   3  0.176400;0.352757;0.470843    10493.242;7459.076;4084.400       6;3;2
without_coding_region  5000   NC_073236.2  SCFR_NC_073236_2_18599545_18604894_frame2_fft     18   3  0.176295;0.352776;0.470929    2334.205;1856.950;957.078         6;3;2
without_coding_region  5000   NC_073236.2  SCFR_NC_073236_2_18602130_18609711_frame1_fft     22   3  0.176362;0.352724;0.470782    4643.524;1975.652;1462.986        6;3;2
without_coding_region  5000   NC_073236.2  SCFR_NC_073236_2_18607465_18614122_frame2_fft     24   3  0.176356;0.352711;0.470632    4079.859;1710.728;1414.482        6;3;2
without_coding_region  5000   NC_073236.2  SCFR_NC_073236_2_18612690_18621318_frame1_fft     18   3  0.176402;0.352805;0.470793    5495.533;2669.934;1687.505        6;3;2
without_coding_region  5000   NC_073236.2  SCFR_NC_073236_2_18618668_18629369_frame3_fft     36   3  0.176432;0.352771;0.470797    4515.335;3638.093;1713.580        6;3;2
without_coding_region  5000   NC_073236.2  SCFR_NC_073236_2_18622903_18631954_frame2_fft     28   3  0.176334;0.352779;0.470887    4340.269;2960.709;1889.517        6;3;2
without_coding_region  5000   NC_073236.2  SCFR_NC_073236_2_18627546_18639555_frame1_fft     43   3  0.176368;0.352735;0.470814    7373.128;3183.984;2180.558        6;3;2
without_coding_region  5000   NC_073236.2  SCFR_NC_073236_2_18629372_18634721_frame3_fft     18   3  0.176295;0.352776;0.470929    2334.314;1857.471;958.114         6;3;2
without_coding_region  5000   NC_073236.2  SCFR_NC_073236_2_18631957_18637306_frame2_fft     16   3  0.176295;0.352776;0.470742    2273.170;1876.268;942.697         6;3;2
without_coding_region  5000   NC_073236.2  SCFR_NC_073236_2_18634724_18644291_frame3_fft     31   3  0.176440;0.352775;0.470785    4031.346;3189.851;1440.738        6;3;2
without_coding_region  5000   NC_073236.2  SCFR_NC_073236_2_18637309_18642316_frame2_fft     16   3  0.176353;0.352706;0.411823    3048.616;1244.840;945.225         6;3;2
without_coding_region  5000   NC_073236.2  SCFR_NC_073236_2_18639690_18648291_frame1_fft     29   3  0.176375;0.352750;0.352982    5237.335;2244.149;1412.591        6;3;3
without_coding_region  5000   NC_073236.2  SCFR_NC_073236_2_18652407_18659763_frame1_fft     9    3  0.176455;0.352909;0.470636    4903.857;2696.738;2096.523        6;3;2
without_coding_region  5000   NC_073236.2  SCFR_NC_073236_2_18657977_18663044_frame3_fft     8    3  0.176436;0.352872;0.058812    3232.514;1567.217;1438.097        6;3;17
without_coding_region  5000   NC_073236.2  SCFR_NC_073236_2_18668058_18674400_frame1_fft     8    3  0.176443;0.352886;0.058814    4045.236;1967.290;1783.668        6;3;17
without_coding_region  5000   NC_073236.2  SCFR_NC_073236_2_18673940_18688697_frame3_fft     8    3  0.176459;0.352917;0.058820    9439.095;4598.561;4116.604        6;3;17
without_coding_region  5000   NC_073236.2  SCFR_NC_073236_2_18683053_18691570_frame2_fft     8    3  0.176471;0.352941;0.470588    5729.503;3299.935;2691.279        6;3;2
without_coding_region  5000   NC_073236.2  SCFR_NC_073236_2_18689988_18701328_frame1_fft     8    3  0.176455;0.352910;0.058818    7227.061;3516.617;3147.827        6;3;17
without_coding_region  5000   NC_073236.2  SCFR_NC_073236_2_18707651_18718583_frame3_fft     8    3  0.176454;0.352909;0.058818    6987.151;3414.820;3055.436        6;3;17
without_coding_region  5000   NC_073236.2  SCFR_NC_073236_2_18710575_18719227_frame2_fft     8    3  0.176491;0.352982;0.058830    5527.895;2703.167;2428.453        6;3;17
without_coding_region  5000   NC_073236.2  SCFR_NC_073236_2_18717834_18729276_frame1_fft     8    3  0.176455;0.352910;0.058818    7317.416;3558.803;3205.232        6;3;17
without_coding_region  5000   NC_073236.2  SCFR_NC_073236_2_18729411_18734427_frame1_fft     8    3  0.176435;0.352871;0.058812    3206.657;1561.127;1416.318        6;3;17
without_coding_region  5000   NC_073236.2  SCFR_NC_073236_2_18733525_18739969_frame2_fft     8    3  0.176443;0.352886;0.058814    4122.092;2007.377;1800.342        6;3;17
without_coding_region  5000   NC_073236.2  SCFR_NC_073236_2_18744694_18749710_frame2_fft     8    3  0.176435;0.352871;0.058812    3201.887;1560.433;1402.997        6;3;17
without_coding_region  5000   NC_073236.2  SCFR_NC_073236_2_18460955_18847313_frame_3_fft    367  3  0.176471;0.352937;0.176476    153633.949;60254.256;54902.071    6;3;6
without_coding_region  5000   NC_073236.2  SCFR_NC_073236_2_18754044_18759417_frame1_fft     8    3  0.176438;0.352875;0.058813    3436.723;1669.835;1495.912        6;3;17
without_coding_region  5000   NC_073236.2  SCFR_NC_073236_2_18768239_18774389_frame3_fft     9    3  0.176423;0.352846;0.470732    3968.236;1999.837;1339.190        6;3;2
without_coding_region  5000   NC_073236.2  SCFR_NC_073236_2_18749845_18757156_frame2_fft     8    3  0.176446;0.352893;0.058815    4659.248;2258.503;2038.786        6;3;17
without_coding_region  5000   NC_073236.2  SCFR_NC_073236_2_18781245_18787848_frame1_fft     13   3  0.176435;0.352870;0.058761    4278.571;2160.256;1579.748        6;3;17
without_coding_region  5000   NC_073236.2  SCFR_NC_073236_2_18789445_18795736_frame2_fft     8    3  0.176443;0.352885;0.058814    4012.041;1955.854;1778.636        6;3;17
without_coding_region  5000   NC_073236.2  SCFR_NC_073236_2_18796704_18802383_frame1_fft     8    3  0.176440;0.352879;0.058813    3603.678;1757.094;1564.166        6;3;17
without_coding_region  5000   NC_073236.2  SCFR_NC_073236_2_18803097_18808248_frame1_fft     8    3  0.176471;0.352941;0.470588    3456.666;1979.011;1599.808        6;3;2
without_coding_region  5000   NC_073236.2  SCFR_NC_073236_2_18813687_18819621_frame1_fft     8    3  0.176441;0.352882;0.058814    3803.390;1857.071;1668.408        6;3;17
without_coding_region  5000   NC_073236.2  SCFR_NC_073236_2_18807499_18817717_frame2_fft     8    3  0.176453;0.352907;0.058818    6542.937;3181.473;2854.495        6;3;17
without_coding_region  5000   NC_073236.2  SCFR_NC_073236_2_18823369_18828784_frame2_fft     8    3  0.176547;0.352909;0.470545    2719.645;1970.491;1541.651        6;3;2
without_coding_region  5000   NC_073236.2  SCFR_NC_073236_2_18815642_18821525_frame3_fft     8    3  0.176441;0.352881;0.058814    3764.613;1830.837;1657.975        6;3;17
without_coding_region  5000   NC_073236.2  SCFR_NC_073236_2_18833288_18839885_frame3_fft     8    3  0.176444;0.352888;0.058815    4237.482;2077.985;1893.059        6;3;17
without_coding_region  5000   NC_073236.2  SCFR_NC_073236_2_18851444_18856868_frame3_fft     8    3  0.176438;0.352876;0.058813    3465.844;1689.113;1524.532        6;3;17
without_coding_region  5000   NC_073236.2  SCFR_NC_073236_2_18858057_18863532_frame1_fft     8    3  0.176438;0.352877;0.058813    3505.351;1703.859;1534.659        6;3;17
without_coding_region  5000   NC_073236.2  SCFR_NC_073236_2_18861712_18867574_frame2_fft     8    3  0.176390;0.352951;0.058854    2668.817;2260.386;1590.339        6;3;17
without_coding_region  5000   NC_073236.2  SCFR_NC_073236_2_18868818_18887247_frame1_fft     8    3  0.176461;0.352922;0.058820    11772.451;5769.882;5292.876       6;3;17
without_coding_region  5000   NC_073236.2  SCFR_NC_073236_2_18873340_18912373_frame2_fft     8    3  0.176466;0.352932;0.058822    24927.902;12243.759;11208.765     6;3;17
without_coding_region  5000   NC_073236.2  SCFR_NC_073236_2_18878117_18890426_frame3_fft     8    3  0.176456;0.352913;0.058819    7850.769;3852.228;3567.479        6;3;17
without_coding_region  5000   NC_073236.2  SCFR_NC_073236_2_18887382_18911676_frame1_fft     8    3  0.176463;0.352927;0.058821    15538.998;7631.178;6978.592       6;3;17
without_coding_region  5000   NC_073236.2  SCFR_NC_073236_2_18847316_18977078_frame_3_fft    97   3  0.176477;0.176462;0.352946    47297.792;45176.158;32997.334     6;6;3
without_coding_region  5000   NC_073236.2  SCFR_NC_073236_2_18900044_18909755_frame3_fft     8    3  0.176501;0.470600;0.352899    5644.374;3048.534;2817.073        6;2;3
without_coding_region  5000   NC_073236.2  SCFR_NC_073236_2_18913260_18919947_frame1_fft     8    3  0.176462;0.352924;0.470615    4432.711;2538.789;2021.467        6;3;2
without_coding_region  5000   NC_073236.2  SCFR_NC_073236_2_18910421_18925187_frame3_fft     20   3  0.352905;0.176487;0.470540    4939.868;4937.553;3622.821        3;6;2
without_coding_region  5000   NC_073236.2  SCFR_NC_073236_2_18913384_18924823_frame2_fft     10   3  0.176501;0.352915;0.470583    5725.221;4066.390;3234.687        6;3;2
without_coding_region  5000   NC_073236.2  SCFR_NC_073236_2_18586218_19032354_frame_2_fft    384  3  0.176471;0.176475;0.352937    143576.742;104964.602;95535.725   6;6;3
without_coding_region  5000   NC_073236.2  SCFR_NC_073236_2_18925190_18932015_frame3_fft     8    3  0.176410;0.352967;0.470623    3408.249;2525.218;1992.795        6;3;2
without_coding_region  5000   NC_073236.2  SCFR_NC_073236_2_18461140_19049575_frame_1_fft    483  3  0.176471;0.176468;0.352938    183211.408;142024.002;125107.639  6;6;3
without_coding_region  5000   NC_073236.2  SCFR_NC_073236_2_18932732_18969911_frame3_fft     8    3  0.176471;0.352941;0.470588    25018.217;14471.460;11723.597     6;3;2
without_coding_region  5000   NC_073236.2  SCFR_NC_073236_2_18924826_18973396_frame2_fft     8    3  0.176467;0.352934;0.058822    30980.626;15181.674;13682.893     6;3;17
without_coding_region  5000   NC_073236.2  SCFR_NC_073236_2_18969030_18977079_frame1_fft     8    3  0.176419;0.352963;0.470617    3973.480;2986.266;2318.014        6;3;2
without_coding_region  5000   NC_073236.2  SCFR_NC_073236_2_18929280_18969027_frame1_fft     8    3  0.176466;0.352932;0.058822    25400.005;12466.971;11162.204     6;3;17
without_coding_region  5000   NC_073236.2  SCFR_NC_073236_2_18974266_18984871_frame2_fft     8    3  0.176426;0.352947;0.058840    4740.620;4122.733;2851.222        6;3;17
without_coding_region  5000   NC_073236.2  SCFR_NC_073236_2_18977394_18992334_frame1_fft     8    3  0.176439;0.352945;0.058835    6700.319;5834.032;4041.811        6;3;17
without_coding_region  5000   NC_073236.2  SCFR_NC_073236_2_18982817_18988424_frame3_fft     8    3  0.176387;0.352952;0.058855    2504.947;2197.446;1514.773        6;3;17
without_coding_region  5000   NC_073236.2  SCFR_NC_073236_2_18984874_18992113_frame2_fft     8    3  0.176406;0.352949;0.058848    3255.337;2835.495;1971.704        6;3;17
without_coding_region  5000   NC_073236.2  SCFR_NC_073236_2_18992116_19003213_frame2_fft     10   3  0.176444;0.352978;0.058845    5295.573;3434.213;2990.056        6;3;17
without_coding_region  5000   NC_073236.2  SCFR_NC_073236_2_18988427_18996566_frame3_fft     11   3  0.176557;0.352992;0.058852    3531.013;2644.530;2227.623        6;3;17
without_coding_region  5000   NC_073236.2  SCFR_NC_073236_2_18992337_18999456_frame1_fft     10   3  0.176429;0.352999;0.058857    3165.709;2230.559;1933.970        6;3;17
without_coding_region  5000   NC_073236.2  SCFR_NC_073236_2_19003216_19009366_frame2_fft     9    3  0.176423;0.353008;0.058862    2531.177;1973.865;1670.051        6;3;17
without_coding_region  5000   NC_073236.2  SCFR_NC_073236_2_18977081_19025996_frame_3_fft    37   3  0.176490;0.352959;0.117653    21839.926;14543.997;10900.685     6;3;8
without_coding_region  5000   NC_073236.2  SCFR_NC_073236_2_18996569_19009145_frame3_fft     15   3  0.176527;0.352974;0.058842    5451.327;4089.834;3472.667        6;3;17
without_coding_region  5000   NC_073236.2  SCFR_NC_073236_2_19009369_19018852_frame2_fft     8    3  0.176421;0.352947;0.058842    4228.191;3695.722;2575.059        6;3;17
without_coding_region  5000   NC_073236.2  SCFR_NC_073236_2_19003437_19010622_frame1_fft     9    3  0.176479;0.352958;0.058873    4460.142;2183.657;1779.386        6;3;17
without_coding_region  5000   NC_073236.2  SCFR_NC_073236_2_19026424_19032355_frame2_fft     8    3  0.176530;0.352892;0.470578    3173.367;2014.639;1970.463        6;3;2
without_coding_region  5000   NC_073236.2  SCFR_NC_073236_2_19009148_19018631_frame3_fft     8    3  0.176421;0.352947;0.058842    4239.725;3693.628;2578.022        6;3;17
without_coding_region  5000   NC_073236.2  SCFR_NC_073236_2_19018855_19024258_frame2_fft     8    3  0.176383;0.352952;0.058856    2396.039;2119.610;1465.965        6;3;17
without_coding_region  5000   NC_073236.2  SCFR_NC_073236_2_19010625_19020108_frame1_fft     8    3  0.176421;0.352947;0.058842    4252.941;3697.289;2587.188        6;3;17
without_coding_region  5000   NC_073236.2  SCFR_NC_073236_2_19029263_19042622_frame_3_fft    8    3  0.176435;0.352946;0.058837    5960.532;5231.105;3652.673        6;3;17
without_coding_region  5000   NC_073236.2  SCFR_NC_073236_2_19036794_19046175_frame_2_fft    8    3  0.176420;0.352947;0.058842    4223.854;3666.081;2597.619        6;3;17
without_coding_region  5000   NC_073236.2  SCFR_NC_073236_2_19042625_19058126_frame_3_fft    9    3  0.176440;0.352945;0.058835    6939.376;6061.522;4295.056        6;3;17
without_coding_region  5000   NC_073236.2  SCFR_NC_073236_2_19042604_19049576_frame3_fft     8    3  0.176420;0.352983;0.470597    3740.584;2380.583;2276.788        6;3;2
without_coding_region  5000   NC_073236.2  SCFR_NC_073236_2_19048095_19058127_frame1_fft     8    3  0.176435;0.352970;0.470594    5395.250;3396.053;3244.469        6;3;2
without_coding_region  5000   NC_073236.2  SCFR_NC_073236_2_19049578_19055185_frame_1_fft    8    3  0.176387;0.352952;0.058855    2514.972;2187.138;1539.682        6;3;17
without_coding_region  5000   NC_073236.2  SCFR_NC_073236_2_19055167_19062814_frame2_fft     8    3  0.176409;0.352949;0.058847    3423.312;2987.832;2113.062        6;3;17
without_coding_region  5000   NC_073236.2  SCFR_NC_073236_2_19055188_19063804_frame_1_fft    8    3  0.176416;0.352948;0.058844    3856.506;3365.345;2382.494        6;3;17
without_coding_region  5000   NC_073236.2  SCFR_NC_073236_2_19061661_19068990_frame1_fft     8    3  0.176422;0.352981;0.470596    3928.639;2481.479;2367.337        6;3;2
without_coding_region  5000   NC_073236.2  SCFR_NC_073236_2_19046178_19081059_frame_2_fft    8    3  0.176457;0.352943;0.058829    15617.127;13646.242;9602.285      6;3;17
without_coding_region  5000   NC_073236.2  SCFR_NC_073236_2_19059965_19068989_frame_3_fft    8    3  0.176418;0.352948;0.058843    4030.155;3528.568;2484.073        6;3;17
without_coding_region  5000   NC_073236.2  SCFR_NC_073236_2_19073293_19079563_frame_1_fft    8    3  0.176396;0.352951;0.058852    2790.540;2460.606;1722.012        6;3;17
without_coding_region  5000   NC_073236.2  SCFR_NC_073236_2_19065643_19073290_frame_1_fft    8    3  0.176409;0.352949;0.058847    3413.630;2999.520;2100.849        6;3;17
without_coding_region  5000   NC_073236.2  SCFR_NC_073236_2_19068992_19076537_frame_3_fft    8    3  0.176408;0.352949;0.058847    3379.569;2956.926;2069.857        6;3;17
without_coding_region  5000   NC_073236.2  SCFR_NC_073236_2_19082184_19089066_frame_2_fft    8    3  0.176402;0.352950;0.058849    3081.045;2686.531;1871.545        6;3;17
without_coding_region  5000   NC_073236.2  SCFR_NC_073236_2_19087739_19093958_frame3_fft     8    3  0.176395;0.352951;0.058852    2756.424;2435.701;1691.322        6;3;17
without_coding_region  5000   NC_073236.2  SCFR_NC_073236_2_1907_7673_frame3_fft             2    2  0.166667;0.333333             4285.330;1999.041                 6;3
without_coding_region  5000   NC_073236.2  SCFR_NC_073236_2_19096311_19102989_frame_2_fft    8    3  0.176400;0.352950;0.058850    2969.276;2615.102;1815.944        6;3;17
without_coding_region  5000   NC_073236.2  SCFR_NC_073236_2_19076540_19099589_frame_3_fft    8    3  0.176450;0.352944;0.058831    10287.670;9013.982;6291.304       6;3;17
without_coding_region  5000   NC_073236.2  SCFR_NC_073236_2_19099592_19107749_frame_3_fft    8    3  0.176413;0.352948;0.058845    3665.740;3194.098;2233.157        6;3;17
without_coding_region  5000   NC_073236.2  SCFR_NC_073236_2_19102992_19108905_frame_2_fft    8    3  0.176391;0.352951;0.058853    2638.272;2322.464;1634.646        6;3;17
without_coding_region  5000   NC_073236.2  SCFR_NC_073236_2_19089069_19096308_frame_2_fft    8    3  0.176406;0.352949;0.058848    3215.594;2831.453;1961.243        6;3;17
without_coding_region  5000   NC_073236.2  SCFR_NC_073236_2_19106239_19113325_frame_1_fft    8    3  0.176404;0.352949;0.058848    3162.110;2777.454;1953.604        6;3;17
without_coding_region  5000   NC_073236.2  SCFR_NC_073236_2_19108908_19119870_frame_2_fft    8    3  0.176428;0.352947;0.058840    4914.208;4299.286;3006.937        6;3;17
without_coding_region  5000   NC_073236.2  SCFR_NC_073236_2_19113329_19118336_frame3_fft     8    3  0.176553;0.352906;0.470541    2484.021;1868.225;1488.478        6;3;2
without_coding_region  5000   NC_073236.2  SCFR_NC_073236_2_19079566_19106236_frame_1_fft    8    3  0.176453;0.352943;0.058830    11909.895;10432.068;7272.553      6;3;17
without_coding_region  5000   NC_073236.2  SCFR_NC_073236_2_19125377_19130651_frame3_fft     14   3  0.176716;0.352863;0.117747    1549.816;1408.683;986.438         6;3;8
without_coding_region  5000   NC_073236.2  SCFR_NC_073236_2_19127179_19132453_frame2_fft     15   3  0.176716;0.176337;0.352863    1837.062;1836.614;1417.856        6;6;3
without_coding_region  5000   NC_073236.2  SCFR_NC_073236_2_19132456_19139605_frame2_fft     16   3  0.176528;0.058889;0.353196    3898.585;1855.174;1432.114        6;17;3
without_coding_region  5000   NC_073236.2  SCFR_NC_073236_2_19107752_19139135_frame_3_fft    38   3  0.176465;0.352930;0.176561    14750.729;7766.891;6608.482       6;3;6
without_coding_region  5000   NC_073236.2  SCFR_NC_073236_2_19143758_19149671_frame3_fft     8    3  0.176391;0.352951;0.058853    2648.515;2304.030;1627.856        6;3;17
without_coding_region  5000   NC_073236.2  SCFR_NC_073236_2_19146087_19153377_frame1_fft     8    3  0.176406;0.352949;0.058848    3260.670;2839.795;2009.524        6;3;17
without_coding_region  5000   NC_073236.2  SCFR_NC_073236_2_19156695_19163934_frame1_fft     8    3  0.176406;0.352949;0.058848    3231.712;2822.346;1993.871        6;3;17
without_coding_region  5000   NC_073236.2  SCFR_NC_073236_2_19119873_19172223_frame_2_fft    42   3  0.176485;0.352932;0.058816    20248.843;14045.050;11016.523     6;3;17
without_coding_region  5000   NC_073236.2  SCFR_NC_073236_2_19160282_19170887_frame3_fft     8    3  0.176426;0.352947;0.058840    4772.723;4123.446;2930.961        6;3;17
without_coding_region  5000   NC_073236.2  SCFR_NC_073236_2_19164753_19176456_frame1_fft     8    3  0.176450;0.470563;0.352901    7103.340;3267.725;3055.248        6;2;3
without_coding_region  5000   NC_073236.2  SCFR_NC_073236_2_19139138_19176983_frame_3_fft    8    3  0.176483;0.352940;0.058819    16948.329;14685.829;10404.566     6;3;17
without_coding_region  5000   NC_073236.2  SCFR_NC_073236_2_19182548_19191698_frame3_fft     8    3  0.176503;0.470601;0.352896    5270.261;2848.209;2628.683        6;2;3
without_coding_region  5000   NC_073236.2  SCFR_NC_073236_2_19183311_19257468_frame1_fft     80   3  0.176463;0.470583;0.352927    30307.989;17076.506;16258.329     6;2;3
without_coding_region  5000   NC_073236.2  SCFR_NC_073236_2_19178703_19287357_frame_2_fft    133  3  0.176468;0.470586;0.352946    48527.007;29371.703;26103.596     6;2;3
without_coding_region  5000   NC_073236.2  SCFR_NC_073236_2_19113328_19287679_frame_1_fft    199  3  0.176477;0.176466;0.058824    65138.614;57241.180;34276.544     6;6;17
without_coding_region  5000   NC_073236.2  SCFR_NC_073236_2_19191956_19215290_frame3_fft     8    3  0.176481;0.470601;0.352961    14188.721;6648.720;6139.630       6;2;3
without_coding_region  5000   NC_073236.2  SCFR_NC_073236_2_19183310_19287365_frame_3_fft    121  3  0.176464;0.176484;0.470588    46182.693;32277.224;28205.790     6;6;2
without_coding_region  5000   NC_073236.2  SCFR_NC_073236_2_19254032_19261412_frame3_fft     8    3  0.176423;0.352981;0.470596    4000.985;2484.277;2416.366        6;3;2
without_coding_region  5000   NC_073236.2  SCFR_NC_073236_2_19257471_19264761_frame1_fft     8    3  0.176406;0.352949;0.058848    3296.841;2831.367;2072.579        6;3;17
without_coding_region  5000   NC_073236.2  SCFR_NC_073236_2_19261415_19270775_frame3_fft     8    3  0.176496;0.470620;0.352991    5694.898;2699.396;2488.824        6;2;3
without_coding_region  5000   NC_073236.2  SCFR_NC_073236_2_19270778_19286483_frame3_fft     8    3  0.176441;0.352945;0.058835    7175.739;5945.206;4405.964        6;3;17
without_coding_region  5000   NC_073236.2  SCFR_NC_073236_2_19275304_19280554_frame2_fft     8    3  0.176381;0.352952;0.058857    2372.846;2047.878;1474.460        6;3;17
without_coding_region  5000   NC_073236.2  SCFR_NC_073236_2_19271496_19279836_frame1_fft     8    3  0.176499;0.470624;0.352998    5075.742;2406.492;2206.206        6;2;3
without_coding_region  5000   NC_073236.2  SCFR_NC_073236_2_19215293_19254029_frame3_fft     73   3  0.176528;0.176451;0.352928    9707.222;9253.039;8931.307        6;6;3
without_coding_region  5000   NC_073236.2  SCFR_NC_073236_2_19279839_19286097_frame1_fft     8    3  0.176414;0.352988;0.470598    3367.003;2123.298;2038.621        6;3;2
without_coding_region  5000   NC_073236.2  SCFR_NC_073236_2_19280557_19286446_frame2_fft     8    3  0.176431;0.470538;0.352861    3613.029;1596.101;1582.123        6;2;3
without_coding_region  5000   NC_073236.2  SCFR_NC_073236_2_19190800_19275301_frame2_fft     98   3  0.176483;0.352931;0.470586    34223.113;23801.560;23186.255     6;3;2
without_coding_region  5000   NC_073236.2  SCFR_NC_073236_2_20061346_20074342_frame2_fft     8    3  0.176439;0.352955;0.470606    6515.246;4804.492;3788.165        6;3;2
without_coding_region  5000   NC_073236.2  SCFR_NC_073236_2_20062689_20074824_frame1_fft     8    3  0.176432;0.352946;0.058838    5504.387;4702.460;3332.891        6;3;17
without_coding_region  5000   NC_073236.2  SCFR_NC_073236_2_20066009_20074586_frame3_fft     8    3  0.176519;0.352921;0.470561    4274.982;3177.397;2486.139        6;3;2
without_coding_region  5000   NC_073236.2  SCFR_NC_073236_2_20074827_20092686_frame1_fft     8    3  0.176494;0.352931;0.470575    8911.167;6602.006;5215.751        6;3;2
without_coding_region  5000   NC_073236.2  SCFR_NC_073236_2_20076170_20091428_frame3_fft     8    3  0.176498;0.352930;0.470573    7622.072;5640.445;4452.902        6;3;2
without_coding_region  5000   NC_073236.2  SCFR_NC_073236_2_20079490_20093383_frame2_fft     8    3  0.176492;0.470597;0.352912    8068.660;4347.981;4015.043        6;2;3
without_coding_region  5000   NC_073236.2  SCFR_NC_073236_2_20055694_20154544_frame_1_fft    79   3  0.176480;0.352949;0.470592    44629.693;24176.599;24029.875     6;3;2
without_coding_region  5000   NC_073236.2  SCFR_NC_073236_2_20091431_20100770_frame3_fft     13   3  0.176571;0.352929;0.176357    3501.531;3386.073;2950.658        6;3;6
without_coding_region  5000   NC_073236.2  SCFR_NC_073236_2_20094270_20104128_frame1_fft     8    3  0.176506;0.352911;0.470582    5233.683;3378.253;3030.178        6;3;2
without_coding_region  5000   NC_073236.2  SCFR_NC_073236_2_20094394_20106148_frame2_fft     15   3  0.176451;0.352901;0.470563    6729.949;3628.483;2649.250        6;3;2
without_coding_region  5000   NC_073236.2  SCFR_NC_073236_2_20055800_20216210_frame_3_fft    150  3  0.176479;0.176467;0.470588    67537.762;60427.405;40485.410     6;6;2
without_coding_region  5000   NC_073236.2  SCFR_NC_073236_2_20106027_20150913_frame1_fft     8    3  0.176469;0.352939;0.470592    29981.899;17046.146;13472.053     6;3;2
without_coding_region  5000   NC_073236.2  SCFR_NC_073236_2_20106151_20150029_frame2_fft     8    3  0.176467;0.352933;0.058822    28039.543;13752.228;12392.915     6;3;17
without_coding_region  5000   NC_073236.2  SCFR_NC_073236_2_20151783_20161980_frame1_fft     8    3  0.176424;0.352947;0.058841    4575.593;3958.139;2749.582        6;3;17
without_coding_region  5000   NC_073236.2  SCFR_NC_073236_2_20055615_20205381_frame_2_fft    144  3  0.176482;0.176469;0.470587    56532.359;37384.111;36230.376     6;6;2
without_coding_region  5000   NC_073236.2  SCFR_NC_073236_2_20161983_20173368_frame1_fft     15   3  0.176548;0.058849;0.353008    5010.246;3099.780;2894.629        6;17;3
without_coding_region  5000   NC_073236.2  SCFR_NC_073236_2_20156611_20167165_frame2_fft     8    3  0.176426;0.352947;0.058840    4722.269;4118.756;2859.866        6;3;17
without_coding_region  5000   NC_073236.2  SCFR_NC_073236_2_20113853_20154545_frame3_fft     8    3  0.176472;0.352944;0.470584    27207.875;15492.842;12188.756     6;3;2
without_coding_region  5000   NC_073236.2  SCFR_NC_073236_2_20166947_20187137_frame3_fft     27   3  0.176474;0.058841;0.352997    10003.431;5303.524;4453.350       6;17;3
without_coding_region  5000   NC_073236.2  SCFR_NC_073236_2_20181004_20192848_frame2_fft     22   3  0.176461;0.353006;0.058848    4920.372;3779.348;3226.373        6;3;17
without_coding_region  5000   NC_073236.2  SCFR_NC_073236_2_20167168_20176258_frame2_fft     15   3  0.176458;0.058856;0.353025    3613.646;2464.000;2400.972        6;17;3
without_coding_region  5000   NC_073236.2  SCFR_NC_073236_2_20187140_20200328_frame3_fft     11   3  0.176448;0.352972;0.058841    6637.495;4021.399;3522.540        6;3;17
without_coding_region  5000   NC_073236.2  SCFR_NC_073236_2_20181225_20186916_frame1_fft     9    3  0.176419;0.353014;0.058865    2399.931;1812.929;1556.888        6;3;17
without_coding_region  5000   NC_073236.2  SCFR_NC_073236_2_20186919_20193069_frame1_fft     9    3  0.176423;0.353008;0.058862    2531.177;1973.865;1670.051        6;3;17
without_coding_region  5000   NC_073236.2  SCFR_NC_073236_2_20200110_20205360_frame1_fft     8    3  0.176381;0.352952;0.058857    2349.172;2057.594;1434.982        6;3;17
without_coding_region  5000   NC_073236.2  SCFR_NC_073236_2_20194311_20200107_frame1_fft     8    3  0.176501;0.353002;0.058834    3657.440;1828.350;1652.592        6;3;17
without_coding_region  5000   NC_073236.2  SCFR_NC_073236_2_20205809_20213741_frame3_fft     8    3  0.176500;0.470625;0.353001    4800.048;2286.232;2120.597        6;2;3
without_coding_region  5000   NC_073236.2  SCFR_NC_073236_2_20216213_20225594_frame_3_fft    8    3  0.176420;0.352947;0.058842    4225.279;3664.228;2596.422        6;3;17
without_coding_region  5000   NC_073236.2  SCFR_NC_073236_2_20192851_20201584_frame2_fft     8    3  0.176457;0.352914;0.470629    5663.319;3133.577;2309.720        6;3;2
without_coding_region  5000   NC_073236.2  SCFR_NC_073236_2_20222023_20227273_frame2_fft     8    3  0.176381;0.352952;0.058857    2356.621;2058.957;1473.138        6;3;17
without_coding_region  5000   NC_073236.2  SCFR_NC_073236_2_20222044_20228977_frame_1_fft    8    3  0.176403;0.352950;0.058849    3100.403;2719.069;1926.247        6;3;17
without_coding_region  5000   NC_073236.2  SCFR_NC_073236_2_20225597_20237528_frame_3_fft    9    3  0.176431;0.352946;0.058838    5351.367;4661.454;3294.160        6;3;17
without_coding_region  5000   NC_073236.2  SCFR_NC_073236_2_20211759_20242713_frame_2_fft    8    3  0.176455;0.352943;0.058829    13879.043;12103.381;8524.854      6;3;17
without_coding_region  5000   NC_073236.2  SCFR_NC_073236_2_20227497_20237529_frame1_fft     8    3  0.176435;0.352970;0.470594    5395.844;3394.714;3243.102        6;3;2
without_coding_region  5000   NC_073236.2  SCFR_NC_073236_2_20154547_20222041_frame_1_fft    57   3  0.176490;0.470590;0.117655    26600.905;14375.564;13904.834     6;2;8
without_coding_region  5000   NC_073236.2  SCFR_NC_073236_2_20228980_20234587_frame_1_fft    8    3  0.176387;0.352952;0.058855    2514.972;2187.138;1539.682        6;3;17
without_coding_region  5000   NC_073236.2  SCFR_NC_073236_2_20234569_20242714_frame2_fft     8    3  0.176427;0.352977;0.470595    4365.917;2771.681;2641.945        6;3;2
without_coding_region  5000   NC_073236.2  SCFR_NC_073236_2_20234590_20247031_frame_1_fft    8    3  0.176433;0.352946;0.058838    5558.405;4869.955;3420.240        6;3;17
without_coding_region  5000   NC_073236.2  SCFR_NC_073236_2_20241284_20247032_frame3_fft     8    3  0.176409;0.352992;0.470598    3078.822;1965.520;1860.978        6;3;2
without_coding_region  5000   NC_073236.2  SCFR_NC_073236_2_20239367_20250278_frame_3_fft    8    3  0.176427;0.352947;0.058840    4879.121;4284.007;3002.299        6;3;17
without_coding_region  5000   NC_073236.2  SCFR_NC_073236_2_20247034_20253304_frame_1_fft    8    3  0.176396;0.352951;0.058852    2793.062;2463.521;1722.548        6;3;17
without_coding_region  5000   NC_073236.2  SCFR_NC_073236_2_20242716_20254800_frame_2_fft    8    3  0.176432;0.352946;0.058838    5408.408;4736.995;3316.788        6;3;17
without_coding_region  5000   NC_073236.2  SCFR_NC_073236_2_20255925_20262807_frame_2_fft    8    3  0.176402;0.352950;0.058849    3081.045;2686.531;1871.545        6;3;17
without_coding_region  5000   NC_073236.2  SCFR_NC_073236_2_20261480_20270351_frame3_fft     8    3  0.176418;0.352948;0.058843    3962.512;3485.114;2454.123        6;3;17
without_coding_region  5000   NC_073236.2  SCFR_NC_073236_2_20253307_20277223_frame_1_fft    8    3  0.176451;0.352944;0.058831    10691.821;9365.234;6552.662       6;3;17
without_coding_region  5000   NC_073236.2  SCFR_NC_073236_2_20250281_20273942_frame_3_fft    8    3  0.176451;0.352944;0.058831    10564.929;9258.922;6469.863       6;3;17
without_coding_region  5000   NC_073236.2  SCFR_NC_073236_2_20273945_20280623_frame_3_fft    8    3  0.176400;0.352950;0.058850    2970.954;2613.813;1817.334        6;3;17
without_coding_region  5000   NC_073236.2  SCFR_NC_073236_2_20279296_20286739_frame2_fft     8    3  0.176407;0.352949;0.058847    3308.361;2917.667;2041.910        6;3;17
without_coding_region  5000   NC_073236.2  SCFR_NC_073236_2_20277226_20292370_frame_1_fft    8    3  0.176440;0.352945;0.058835    6774.748;5925.539;4138.733        6;3;17
without_coding_region  5000   NC_073236.2  SCFR_NC_073236_2_20289092_20295770_frame_3_fft    8    3  0.176400;0.352950;0.058850    2970.820;2614.235;1819.098        6;3;17
without_coding_region  5000   NC_073236.2  SCFR_NC_073236_2_20280626_20289089_frame_3_fft    8    3  0.176415;0.352948;0.058844    3763.703;3314.122;2310.727        6;3;17
without_coding_region  5000   NC_073236.2  SCFR_NC_073236_2_20265972_20299017_frame_2_fft    11   3  0.176456;0.352943;0.058829    14764.622;12934.605;9020.586      6;3;17
without_coding_region  5000   NC_073236.2  SCFR_NC_073236_2_20292373_20300530_frame_1_fft    8    3  0.176413;0.352948;0.058845    3662.629;3192.523;2233.205        6;3;17
without_coding_region  5000   NC_073236.2  SCFR_NC_073236_2_20295773_20301686_frame_3_fft    8    3  0.176391;0.352951;0.058853    2638.272;2322.464;1634.646        6;3;17
without_coding_region  5000   NC_073236.2  SCFR_NC_073236_2_20299020_20312634_frame_2_fft    8    3  0.176436;0.352945;0.058836    6092.902;5338.726;3741.618        6;3;17
without_coding_region  5000   NC_073236.2  SCFR_NC_073236_2_20324516_20331668_frame3_fft     8    3  0.176454;0.352908;0.470638    4644.745;2551.074;1868.915        6;3;2
without_coding_region  5000   NC_073236.2  SCFR_NC_073236_2_20312637_20331198_frame_2_fft    8    3  0.176445;0.352944;0.058833    8317.560;7250.999;5046.243        6;3;17
without_coding_region  5000   NC_073236.2  SCFR_NC_073236_2_20339867_20344913_frame3_fft     8    3  0.176377;0.352953;0.058859    2255.948;1966.943;1391.523        6;3;17
without_coding_region  5000   NC_073236.2  SCFR_NC_073236_2_20333598_20356551_frame_2_fft    8    3  0.176491;0.352939;0.058816    10309.367;8888.708;6273.425       6;3;17
without_coding_region  5000   NC_073236.2  SCFR_NC_073236_2_20341329_20348568_frame1_fft     8    3  0.176406;0.352949;0.058848    3233.113;2820.052;1994.597        6;3;17
without_coding_region  5000   NC_073236.2  SCFR_NC_073236_2_20347789_20353936_frame2_fft     8    3  0.176509;0.470636;0.353018    3741.907;1683.029;1623.833        6;2;3
without_coding_region  5000   NC_073236.2  SCFR_NC_073236_2_20344916_20354702_frame3_fft     8    3  0.176477;0.352953;0.470570    6492.853;3722.910;2968.889        6;3;2
without_coding_region  5000   NC_073236.2  SCFR_NC_073236_2_20306126_20353712_frame_3_fft    8    3  0.176480;0.352940;0.058820    21283.426;18587.429;13024.918     6;3;17
without_coding_region  5000   NC_073236.2  SCFR_NC_073236_2_20357577_20363820_frame1_fft     8    3  0.176518;0.470607;0.352875    3595.180;1941.259;1794.675        6;2;3
without_coding_region  5000   NC_073236.2  SCFR_NC_073236_2_20358340_20402653_frame2_fft     18   3  0.176472;0.352944;0.470584    18644.382;16382.855;10354.765     6;3;2
without_coding_region  5000   NC_073236.2  SCFR_NC_073236_2_20362922_20444732_frame3_fft     47   3  0.176482;0.176458;0.352940    32315.614;28207.381;24041.303     6;6;3
without_coding_region  5000   NC_073236.2  SCFR_NC_073236_2_20358339_20510919_frame_2_fft    158  3  0.176465;0.176478;0.352943    52000.196;47259.416;40859.709     6;6;3
without_coding_region  5000   NC_073236.2  SCFR_NC_073236_2_20300533_20513077_frame_1_fft    185  3  0.176467;0.176476;0.352943    84006.005;74538.831;61332.312     6;6;3
without_coding_region  5000   NC_073236.2  SCFR_NC_073236_2_20353715_20510927_frame_3_fft    162  3  0.176462;0.352944;0.470594    46910.732;42091.388;27807.938     6;3;2
without_coding_region  5000   NC_073236.2  SCFR_NC_073236_2_20364078_20412699_frame1_fft     36   3  0.176488;0.470599;0.352954    19625.169;13934.405;13853.841     6;2;3
without_coding_region  5000   NC_073236.2  SCFR_NC_073236_2_20412702_20428050_frame1_fft     8    3  0.176440;0.352945;0.058835    6899.689;5963.115;4297.854        6;3;17
without_coding_region  5000   NC_073236.2  SCFR_NC_073236_2_20428053_20465889_frame1_fft     8    3  0.176472;0.352944;0.470584    25195.727;14325.890;11601.856     6;3;2
without_coding_region  5000   NC_073236.2  SCFR_NC_073236_2_20444735_20459378_frame3_fft     8    3  0.176467;0.352933;0.470600    9759.382;5504.450;4371.910        6;3;2
without_coding_region  5000   NC_073236.2  SCFR_NC_073236_2_20402656_20443735_frame2_fft     8    3  0.176465;0.470581;0.352930    24995.920;11715.112;10816.828     6;2;3
without_coding_region  5000   NC_073236.2  SCFR_NC_073236_2_20459381_20474693_frame3_fft     18   3  0.176528;0.058843;0.352926    6146.430;4216.925;3698.421        6;17;3
without_coding_region  5000   NC_073236.2  SCFR_NC_073236_2_20465892_20493519_frame1_fft     49   3  0.176530;0.058855;0.353133    12362.649;7086.638;5642.935       6;17;3
without_coding_region  5000   NC_073236.2  SCFR_NC_073236_2_20474696_20497661_frame3_fft     62   3  0.176573;0.058872;0.353103    9765.441;5435.133;4803.124        6;17;3
without_coding_region  5000   NC_073236.2  SCFR_NC_073236_2_20493537_20504793_frame1_fft     32   3  0.176706;0.058902;0.352878    4301.778;3171.584;2186.983        6;17;3
without_coding_region  5000   NC_073236.2  SCFR_NC_073236_2_20443738_20501890_frame2_fft     91   3  0.176486;0.176555;0.058829    18920.266;12827.768;10797.438     6;6;17
without_coding_region  5000   NC_073236.2  SCFR_NC_073236_2_20498309_20509073_frame3_fft     37   3  0.176700;0.058900;0.176421    5022.570;3055.145;2136.895        6;17;6
without_coding_region  5000   NC_073236.2  SCFR_NC_073236_2_20528138_20535797_frame3_fft     8    3  0.176524;0.352918;0.470558    3848.435;2822.487;2246.145        6;3;2
without_coding_region  5000   NC_073236.2  SCFR_NC_073236_2_20529297_20539155_frame1_fft     8    3  0.176506;0.352911;0.470582    5233.683;3378.253;3030.178        6;3;2
without_coding_region  5000   NC_073236.2  SCFR_NC_073236_2_20529421_20541352_frame2_fft     16   3  0.176431;0.352946;0.058838    5456.164;3046.488;2757.451        6;3;17
without_coding_region  5000   NC_073236.2  SCFR_NC_073236_2_20528097_20589384_frame_2_fft    30   3  0.176481;0.352946;0.470589    25872.872;15914.951;15434.306     6;3;2
without_coding_region  5000   NC_073236.2  SCFR_NC_073236_2_20540867_20585753_frame3_fft     8    3  0.176469;0.352939;0.470592    29981.899;17046.146;13472.053     6;3;2
without_coding_region  5000   NC_073236.2  SCFR_NC_073236_2_20540991_20584869_frame1_fft     8    3  0.176467;0.352933;0.058822    28039.543;13752.228;12392.915     6;3;17
without_coding_region  5000   NC_073236.2  SCFR_NC_073236_2_20588615_20596820_frame3_fft     8    3  0.176478;0.352956;0.470567    5432.729;3127.024;2450.967        6;3;2
without_coding_region  5000   NC_073236.2  SCFR_NC_073236_2_20527465_20641495_frame_1_fft    104  3  0.176471;0.058827;0.352942    40922.110;25288.437;21695.474     6;17;3
without_coding_region  5000   NC_073236.2  SCFR_NC_073236_2_20548693_20589385_frame2_fft     8    3  0.176472;0.352944;0.470584    27207.358;15492.042;12186.982     6;3;2
without_coding_region  5000   NC_073236.2  SCFR_NC_073236_2_20528105_20658155_frame_3_fft    139  3  0.176471;0.176494;0.352941    52657.622;26710.250;25793.159     6;6;3
without_coding_region  5000   NC_073236.2  SCFR_NC_073236_2_20591451_20602650_frame1_fft     9    3  0.176444;0.352978;0.470578    5813.267;3390.905;2952.171        6;3;2
without_coding_region  5000   NC_073236.2  SCFR_NC_073236_2_20600546_20612372_frame3_fft     19   3  0.176560;0.058853;0.353036    4692.185;3187.571;2643.987        6;17;3
without_coding_region  5000   NC_073236.2  SCFR_NC_073236_2_20617118_20628962_frame3_fft     22   3  0.176461;0.353006;0.058848    4918.526;3778.760;3228.182        6;3;17
without_coding_region  5000   NC_073236.2  SCFR_NC_073236_2_20623033_20629183_frame2_fft     9    3  0.176423;0.353008;0.058862    2530.606;1973.037;1672.041        6;3;17
without_coding_region  5000   NC_073236.2  SCFR_NC_073236_2_20602653_20623251_frame1_fft     28   3  0.176473;0.058841;0.352995    10509.612;5387.421;4321.553       6;17;3
without_coding_region  5000   NC_073236.2  SCFR_NC_073236_2_20617339_20623030_frame2_fft     9    3  0.176419;0.353014;0.058865    2399.931;1812.929;1556.888        6;3;17
without_coding_region  5000   NC_073236.2  SCFR_NC_073236_2_20630425_20636221_frame2_fft     8    3  0.176501;0.353002;0.058834    3657.440;1828.350;1652.592        6;3;17
without_coding_region  5000   NC_073236.2  SCFR_NC_073236_2_20628965_20637698_frame3_fft     8    3  0.176457;0.352914;0.470629    5663.319;3133.577;2309.720        6;3;2
without_coding_region  5000   NC_073236.2  SCFR_NC_073236_2_20636224_20641474_frame2_fft     8    3  0.176381;0.352952;0.058857    2349.172;2057.594;1434.982        6;3;17
without_coding_region  5000   NC_073236.2  SCFR_NC_073236_2_20623254_20636442_frame1_fft     11   3  0.176448;0.352972;0.058841    6637.279;4020.907;3524.530        6;3;17
without_coding_region  5000   NC_073236.2  SCFR_NC_073236_2_20641923_20649855_frame1_fft     8    3  0.176500;0.470625;0.353001    4800.048;2286.232;2120.597        6;2;3
without_coding_region  5000   NC_073236.2  SCFR_NC_073236_2_20658137_20663387_frame3_fft     8    3  0.176381;0.352952;0.058857    2356.621;2058.957;1473.138        6;3;17
without_coding_region  5000   NC_073236.2  SCFR_NC_073236_2_20652327_20661708_frame_2_fft    8    3  0.176420;0.352947;0.058842    4225.279;3664.228;2596.422        6;3;17
without_coding_region  5000   NC_073236.2  SCFR_NC_073236_2_20658158_20665091_frame_3_fft    8    3  0.176403;0.352950;0.058849    3100.403;2719.069;1926.247        6;3;17
without_coding_region  5000   NC_073236.2  SCFR_NC_073236_2_20589387_20652324_frame_2_fft    58   3  0.176494;0.176446;0.352956    23554.017;16315.028;13679.378     6;6;3
without_coding_region  5000   NC_073236.2  SCFR_NC_073236_2_20661711_20673642_frame_2_fft    9    3  0.176431;0.352946;0.058838    5351.367;4661.454;3294.160        6;3;17
without_coding_region  5000   NC_073236.2  SCFR_NC_073236_2_20665094_20670701_frame_3_fft    8    3  0.176387;0.352952;0.058855    2514.972;2187.138;1539.682        6;3;17
without_coding_region  5000   NC_073236.2  SCFR_NC_073236_2_20670683_20678828_frame3_fft     8    3  0.176427;0.352977;0.470595    4365.917;2771.681;2641.945        6;3;2
without_coding_region  5000   NC_073236.2  SCFR_NC_073236_2_20663611_20673643_frame2_fft     8    3  0.176435;0.352970;0.470594    5395.844;3394.714;3243.102        6;3;2
without_coding_region  5000   NC_073236.2  SCFR_NC_073236_2_20647873_20678827_frame_1_fft    8    3  0.176455;0.352943;0.058829    13879.043;12103.381;8524.854      6;3;17
without_coding_region  5000   NC_073236.2  SCFR_NC_073236_2_20675481_20686392_frame_2_fft    8    3  0.176427;0.352947;0.058840    4878.747;4283.619;3000.333        6;3;17
without_coding_region  5000   NC_073236.2  SCFR_NC_073236_2_20678830_20690914_frame_1_fft    8    3  0.176432;0.352946;0.058838    5408.373;4736.481;3314.864        6;3;17
without_coding_region  5000   NC_073236.2  SCFR_NC_073236_2_20683148_20689418_frame_3_fft    8    3  0.176396;0.352951;0.058852    2793.313;2462.903;1720.876        6;3;17
without_coding_region  5000   NC_073236.2  SCFR_NC_073236_2_20677398_20683146_frame1_fft     8    3  0.176409;0.352992;0.470598    3078.822;1965.520;1860.978        6;3;2
without_coding_region  5000   NC_073236.2  SCFR_NC_073236_2_20670704_20683145_frame_3_fft    8    3  0.176433;0.352946;0.058838    5558.405;4869.955;3420.240        6;3;17
without_coding_region  5000   NC_073236.2  SCFR_NC_073236_2_20692039_20698921_frame_1_fft    8    3  0.176402;0.352950;0.058849    3081.045;2686.531;1871.545        6;3;17
without_coding_region  5000   NC_073236.2  SCFR_NC_073236_2_20697594_20706465_frame1_fft     8    3  0.176418;0.352948;0.058843    3962.512;3485.114;2454.123        6;3;17
without_coding_region  5000   NC_073236.2  SCFR_NC_073236_2_20710059_20716737_frame_2_fft    8    3  0.176400;0.352950;0.058850    2970.954;2613.813;1817.334        6;3;17
without_coding_region  5000   NC_073236.2  SCFR_NC_073236_2_20686395_20710056_frame_2_fft    8    3  0.176451;0.352944;0.058831    10564.929;9258.922;6469.863       6;3;17
without_coding_region  5000   NC_073236.2  SCFR_NC_073236_2_20715410_20722853_frame3_fft     8    3  0.176407;0.352949;0.058847    3308.361;2917.667;2041.910        6;3;17
without_coding_region  5000   NC_073236.2  SCFR_NC_073236_2_20689421_20713337_frame_3_fft    8    3  0.176451;0.352944;0.058831    10691.821;9365.234;6552.662       6;3;17
without_coding_region  5000   NC_073236.2  SCFR_NC_073236_2_20725206_20731884_frame_2_fft    8    3  0.176400;0.352950;0.058850    2970.820;2614.235;1819.098        6;3;17
without_coding_region  5000   NC_073236.2  SCFR_NC_073236_2_20702086_20735131_frame_1_fft    11   3  0.176456;0.352943;0.058829    14764.622;12934.605;9020.586      6;3;17
without_coding_region  5000   NC_073236.2  SCFR_NC_073236_2_20713340_20728484_frame_3_fft    8    3  0.176440;0.352945;0.058835    6774.748;5925.539;4138.733        6;3;17
without_coding_region  5000   NC_073236.2  SCFR_NC_073236_2_20728487_20736644_frame_3_fft    8    3  0.176413;0.352948;0.058845    3662.629;3192.523;2233.205        6;3;17
without_coding_region  5000   NC_073236.2  SCFR_NC_073236_2_20716740_20725203_frame_2_fft    8    3  0.176415;0.352948;0.058844    3763.703;3314.122;2310.727        6;3;17
without_coding_region  5000   NC_073236.2  SCFR_NC_073236_2_20731887_20737800_frame_2_fft    8    3  0.176391;0.352951;0.058853    2638.272;2322.464;1634.646        6;3;17
without_coding_region  5000   NC_073236.2  SCFR_NC_073236_2_20748751_20767312_frame_1_fft    8    3  0.176445;0.352944;0.058833    8317.560;7250.999;5046.243        6;3;17
without_coding_region  5000   NC_073236.2  SCFR_NC_073236_2_20735134_20748748_frame_1_fft    8    3  0.176436;0.352945;0.058836    6092.902;5338.726;3741.618        6;3;17
without_coding_region  5000   NC_073236.2  SCFR_NC_073236_2_20760630_20767782_frame1_fft     8    3  0.176454;0.352908;0.470638    4644.745;2551.074;1868.915        6;3;2
without_coding_region  5000   NC_073236.2  SCFR_NC_073236_2_20775981_20781027_frame1_fft     8    3  0.176377;0.352953;0.058859    2255.948;1966.943;1391.523        6;3;17
without_coding_region  5000   NC_073236.2  SCFR_NC_073236_2_20777443_20784682_frame2_fft     8    3  0.176406;0.352949;0.058848    3233.113;2820.052;1994.597        6;3;17
without_coding_region  5000   NC_073236.2  SCFR_NC_073236_2_20769712_20792665_frame_1_fft    8    3  0.176491;0.352939;0.058816    10309.367;8888.708;6273.425       6;3;17
without_coding_region  5000   NC_073236.2  SCFR_NC_073236_2_20742240_20789826_frame_2_fft    8    3  0.176480;0.352940;0.058820    21283.426;18587.429;13024.918     6;3;17
without_coding_region  5000   NC_073236.2  SCFR_NC_073236_2_20783903_20790050_frame3_fft     8    3  0.176509;0.470636;0.353018    3741.907;1683.029;1623.833        6;2;3
without_coding_region  5000   NC_073236.2  SCFR_NC_073236_2_20793691_20799934_frame2_fft     8    3  0.176518;0.470607;0.352875    3595.180;1941.259;1794.675        6;2;3
without_coding_region  5000   NC_073236.2  SCFR_NC_073236_2_20781030_20790816_frame1_fft     8    3  0.176477;0.352953;0.470570    6492.853;3722.910;2968.889        6;3;2
without_coding_region  5000   NC_073236.2  SCFR_NC_073236_2_20794454_20878304_frame3_fft     21   3  0.176470;0.352940;0.470590    50142.751;22802.926;19294.966     6;3;2
without_coding_region  5000   NC_073236.2  SCFR_NC_073236_2_20799036_20846271_frame1_fft     18   3  0.176479;0.352937;0.117646    26979.770;11332.033;10366.596     6;3;9
without_coding_region  5000   NC_073236.2  SCFR_NC_073236_2_20736647_20941634_frame_3_fft    184  3  0.176475;0.352944;0.058823    87182.410;52637.339;44912.103     6;3;17
without_coding_region  5000   NC_073236.2  SCFR_NC_073236_2_20800192_20836225_frame2_fft     16   3  0.176477;0.352954;0.058835    22774.962;11161.784;8548.614      6;3;17
without_coding_region  5000   NC_073236.2  SCFR_NC_073236_2_20789829_20939484_frame_2_fft    139  3  0.176473;0.352945;0.058822    69029.564;31906.921;27750.680     6;3;17
without_coding_region  5000   NC_073236.2  SCFR_NC_073236_2_20794453_20939476_frame_1_fft    130  3  0.176475;0.352944;0.058825    56893.155;32389.673;31162.331     6;3;17
without_coding_region  5000   NC_073236.2  SCFR_NC_073236_2_20846274_20861622_frame1_fft     8    3  0.176440;0.352945;0.058835    6899.689;5963.115;4297.854        6;3;17
without_coding_region  5000   NC_073236.2  SCFR_NC_073236_2_20836228_20877307_frame2_fft     8    3  0.176465;0.470581;0.352930    24994.047;11715.918;10816.811     6;2;3
without_coding_region  5000   NC_073236.2  SCFR_NC_073236_2_20878307_20886779_frame3_fft     8    3  0.176464;0.352927;0.470609    5631.159;3184.791;2528.293        6;3;2
without_coding_region  5000   NC_073236.2  SCFR_NC_073236_2_20877310_20908543_frame2_fft     33   3  0.176480;0.352928;0.470592    15798.019;7983.758;6999.392       6;3;2
without_coding_region  5000   NC_073236.2  SCFR_NC_073236_2_20861625_20894208_frame1_fft     8    3  0.176472;0.352945;0.470583    21693.463;12364.002;10027.742     6;3;2
without_coding_region  5000   NC_073236.2  SCFR_NC_073236_2_20887700_20903012_frame3_fft     18   3  0.176528;0.058843;0.352926    6146.430;4216.925;3698.421        6;17;3
without_coding_region  5000   NC_073236.2  SCFR_NC_073236_2_20922094_20933350_frame2_fft     32   3  0.176706;0.058902;0.352878    4298.979;3172.824;2186.697        6;17;3
without_coding_region  5000   NC_073236.2  SCFR_NC_073236_2_20908546_20922076_frame2_fft     25   3  0.176571;0.058832;0.353141    8085.564;3404.591;3337.651        6;17;3
without_coding_region  5000   NC_073236.2  SCFR_NC_073236_2_20903015_20930447_frame3_fft     63   3  0.176546;0.058873;0.176655    10280.445;6530.100;5338.123       6;17;6
without_coding_region  5000   NC_073236.2  SCFR_NC_073236_2_20956022_20961452_frame_3_fft    21   3  0.176611;0.470718;0.353039    2327.105;1101.406;1013.840        6;2;3
without_coding_region  5000   NC_073236.2  SCFR_NC_073236_2_20926866_20937630_frame1_fft     37   3  0.176700;0.058900;0.176421    5022.320;3054.493;2137.772        6;17;6
without_coding_region  5000   NC_073236.2  SCFR_NC_073236_2_21020442_21026055_frame_2_fft    25   3  0.176554;0.352931;0.470515    2238.041;1047.143;1046.170        6;3;2
without_coding_region  5000   NC_073236.2  SCFR_NC_073236_2_21023437_21028987_frame_1_fft    19   3  0.176577;0.353153;0.058919    2963.060;1138.288;991.589         6;3;17
without_coding_region  5000   NC_073236.2  SCFR_NC_073236_2_20894211_20926218_frame1_fft     73   3  0.176524;0.058862;0.117693    10570.217;6767.953;5089.397       6;17;8
without_coding_region  5000   NC_073236.2  SCFR_NC_073236_2_84856534_84861682_frame_1_fft    4    3  0.000389;0.000971;0.467949    319.841;304.079;295.301           2574;1030;2
without_coding_region  5000   NC_073236.2  SCFR_NC_073236_2_21031573_21037018_frame_1_fft    22   3  0.176676;0.176309;0.352984    2093.588;1811.852;1327.344        6;6;3
without_coding_region  5000   NC_073236.2  SCFR_NC_073236_2_21439263_21445905_frame1_fft     20   3  0.229600;0.229148;0.230503    2116.693;973.802;877.152          4;4;4
without_coding_region  5000   NC_073236.2  SCFR_NC_073236_2_84856613_84861650_frame_3_fft    3    3  0.465753;0.399047;0.467540    366.936;288.267;285.002           2;3;2
without_coding_region  5000   NC_073236.2  SCFR_NC_073236_2_84856575_84861717_frame_2_fft    3    3  0.465772;0.000389;0.000972    336.322;314.543;298.407           2;2572;1029
without_coding_region  5000   NC_073231.2  SCFR_NC_073231_2_937_6430_frame2_fft              5    3  -0.166576;0.166576;-0.333333  2760.644;2760.644;1830.000        15;73;18
without_coding_region  5000   NC_073231.2  SCFR_NC_073231_2_884_6671_frame3_fft              5    3  -0.166580;0.166580;-0.333333  3030.011;3030.011;1783.568        14;69;17
without_coding_region  5000   NC_073231.2  SCFR_NC_073231_2_936_6429_frame_2_fft             5    3  -0.166758;0.166758;-0.333333  2761.022;2761.022;1830.000        15;73;18
without_coding_region  5000   NC_073231.2  SCFR_NC_073231_2_883_6670_frame_1_fft             5    3  -0.166580;0.166580;-0.333333  3028.638;3028.638;1784.484        14;69;17
without_coding_region  5000   NC_073228.2  SCFR_NC_073228_2_11802057_11808867_frame1_fft     16   3  0.499706;0.333480;0.499413    1725.196;1410.587;1279.957        2;3;2
without_coding_region  5000   NC_073228.2  SCFR_NC_073228_2_11802078_11808807_frame_3_fft    17   3  0.499777;0.166741;0.333482    1623.117;1481.234;1411.173        2;6;3
without_coding_region  5000   NC_073228.2  SCFR_NC_073228_2_11802079_11808826_frame2_fft     17   3  0.499778;0.166741;0.333482    1615.718;1485.503;1413.317        2;6;3
without_coding_region  5000   NC_073228.2  SCFR_NC_073228_2_11802074_11808839_frame_1_fft    16   3  0.499778;0.166741;0.333481    1609.987;1487.433;1408.893        2;6;3
without_coding_region  5000   NC_073228.2  SCFR_NC_073228_2_11802083_11808896_frame3_fft     16   3  0.499780;0.166740;0.333480    1595.308;1481.756;1421.839        2;6;3
without_coding_region  5000   NC_073228.2  SCFR_NC_073228_2_11802082_11808874_frame_2_fft    15   3  0.499706;0.333481;0.499411    1724.244;1417.299;1285.535        2;3;2
without_coding_region  5000   NC_073228.2  SCFR_NC_073228_2_158859259_158868676_frame2_fft   15   3  0.468727;0.437507;0.124987    3383.661;3284.057;3101.040        2;2;8
without_coding_region  5000   NC_073228.2  SCFR_NC_073228_2_158858669_158868704_frame3_fft   16   3  0.468759;0.437469;0.124963    3514.408;2771.797;2770.226        2;2;8
without_coding_region  5000   NC_073228.2  SCFR_NC_073228_2_158859195_158868738_frame1_fft   15   3  0.468721;0.437493;0.125013    3299.193;3269.256;3121.882        2;2;8
without_coding_region  5000   NC_073228.2  SCFR_NC_073228_2_3980_11498_frame3_fft            3    3  0.166667;0.333333;0.166401    5451.511;2304.566;536.856         6;3;6
without_coding_region  5000   NC_073228.2  SCFR_NC_073228_2_4270_11449_frame_2_fft           2    2  0.166736;0.333333             3610.581;2352.818                 6;3
without_coding_region  5000   NC_073228.2  SCFR_NC_073228_2_4266_11361_frame_3_fft           2    2  0.166596;0.333333             3565.928;2348.500                 6;3
without_coding_region  5000   NC_073228.2  SCFR_NC_073228_2_4267_11338_frame2_fft            2    2  0.166596;0.333333             3553.815;2350.793                 6;3
without_coding_region  5000   NC_073241.2  SCFR_NC_073241_2_116047999_116054278_frame2_fft   8    3  0.166587;0.333333;0.166269    3935.892;1223.768;593.375         6;3;6
without_coding_region  5000   NC_073241.2  SCFR_NC_073241_2_116047998_116054277_frame_2_fft  8    3  0.166587;0.333333;0.166269    3937.442;1224.238;595.220         6;3;6
without_coding_region  5000   NC_073241.2  SCFR_NC_073241_2_2557_11068_frame_1_fft           2    2  0.166608;0.333333             4289.166;2834.000                 6;3
without_coding_region  5000   NC_073241.2  SCFR_NC_073241_2_1526_11213_frame_3_fft           3    3  0.166718;0.333333;0.166202    5477.588;2683.525;641.077         6;3;6
without_coding_region  5000   NC_073241.2  SCFR_NC_073241_2_2558_11069_frame3_fft            2    2  0.166608;0.333333             4290.145;2836.000                 6;3
without_coding_region  5000   NC_073241.2  SCFR_NC_073241_2_1527_11160_frame1_fft            3    3  0.166719;0.333333;0.166096    5455.433;2682.936;610.917         6;3;6
without_coding_region  5000   NC_073239.2  SCFR_NC_073239_2_0_6529_frame_3_fft               5    3  -0.166641;0.166641;-0.333282  4912.805;4912.805;1793.250        12;61;15
without_coding_region  5000   NC_073239.2  SCFR_NC_073239_2_124189851_124196211_frame_1_fft  50   3  0.166667;0.166195;0.167138    1478.209;1096.329;1064.401        6;6;6
without_coding_region  5000   NC_073239.2  SCFR_NC_073239_2_121851316_121863820_frame2_fft   49   3  0.307262;0.461612;0.461932    1951.848;1797.043;1792.557        3;2;2
without_coding_region  5000   NC_073239.2  SCFR_NC_073239_2_121851275_121863776_frame3_fft   47   3  0.461323;0.307255;0.307575    2362.664;2017.887;1772.955        2;3;3
without_coding_region  5000   NC_073239.2  SCFR_NC_073239_2_121851312_121863879_frame1_fft   51   3  0.307233;0.461367;0.461606    1919.290;1883.683;1838.120        3;2;2
without_coding_region  5000   NC_073239.2  SCFR_NC_073239_2_131680415_131687726_frame_2_fft  3    3  0.166735;0.333333;0.165914    4184.280;1987.119;449.017         6;3;6
without_coding_region  5000   NC_073239.2  SCFR_NC_073239_2_131680416_131687727_frame1_fft   3    3  0.166735;0.333333;0.165914    4184.987;1988.005;447.670         6;3;6
without_coding_region  5000   NC_073239.2  SCFR_NC_073239_2_131680423_131686798_frame2_fft   2    2  0.166588;0.333333             3226.801;2122.000                 6;3
without_coding_region  5000   NC_073239.2  SCFR_NC_073239_2_131680422_131686797_frame_1_fft  2    2  0.166588;0.333333             3228.681;2124.000                 6;3
without_coding_region  5000   NC_073239.2  SCFR_NC_073239_2_124198133_124205189_frame_2_fft  53   3  0.166241;0.166667;0.167092    1428.060;1372.544;1369.921        6;6;6
without_coding_region  5000   NC_073239.2  SCFR_NC_073239_2_2_7154_frame3_fft                5    3  -0.166667;0.166667;-0.333333  5256.878;5256.878;2019.530        11;55;14
without_coding_region  5000   NC_073239.2  SCFR_NC_073239_2_61408051_61413085_frame2_fft     7    3  0.200238;0.199642;0.400278    2750.373;1131.276;960.428         5;5;2
without_coding_region  5000   NC_073239.2  SCFR_NC_073239_2_61701880_61709764_frame2_fft     6    3  0.200025;0.400051;0.032851    5555.184;2204.186;523.570         5;2;30
without_coding_region  5000   NC_073239.2  SCFR_NC_073239_2_61826907_61832106_frame1_fft     6    3  0.200038;0.400269;0.199461    2352.892;1416.283;1053.359        5;2;5
without_coding_region  5000   NC_073239.2  SCFR_NC_073239_2_61599228_61605210_frame1_fft     8    3  0.200267;0.400201;0.199432    2788.113;1312.261;1045.153        5;2;5
without_coding_region  5000   NC_073239.2  SCFR_NC_073239_2_61459074_61464846_frame1_fft     10   3  0.200104;0.400381;0.400035    3343.637;917.293;820.259          5;2;3
without_coding_region  5000   NC_073239.2  SCFR_NC_073239_2_61846658_61851857_frame3_fft     6    3  0.200038;0.400269;0.199461    2352.892;1416.283;1053.359        5;2;5
without_coding_region  5000   NC_073239.2  SCFR_NC_073239_2_61711788_61719360_frame1_fft     4    3  0.199947;0.400026;0.032884    4276.905;2612.737;508.823         5;3;30
without_coding_region  5000   NC_073239.2  SCFR_NC_073239_2_61856211_61861491_frame1_fft     9    3  0.200189;0.400189;0.399621    3080.556;1154.202;835.634         5;2;3
without_coding_region  5000   NC_073239.2  SCFR_NC_073239_2_61864686_61870563_frame1_fft     6    3  0.200102;0.400034;0.200613    3498.957;1327.769;564.378         5;3;5
without_coding_region  5000   NC_073239.2  SCFR_NC_073239_2_801_7812_frame1_fft              7    3  -0.166595;0.166595;-0.333333  3854.762;3854.762;2070.429        11;56;14
without_coding_region  5000   NC_073239.2  SCFR_NC_073239_2_800_7196_frame_2_fft             5    3  -0.166667;0.166667;-0.500000  4912.035;4912.035;2118.000        12;62;21
without_coding_region  5000   NC_073229.2  SCFR_NC_073229_2_199443150_199451427_frame_3_fft  2    2  0.166606;0.333333             4199.214;2556.714                 6;3
without_coding_region  5000   NC_073229.2  SCFR_NC_073229_2_191756441_191770418_frame_1_fft  26   3  0.306861;0.346498;0.306504    2774.971;2591.985;1719.022        3;3;3
without_coding_region  5000   NC_073229.2  SCFR_NC_073229_2_199443391_199451260_frame_2_fft  2    2  0.166603;0.333333             3951.660;2622.000                 6;3
without_coding_region  5000   NC_073229.2  SCFR_NC_073229_2_191756350_191770492_frame_2_fft  24   3  0.306887;0.346556;0.307453    3199.489;3011.803;1745.624        3;3;3
without_coding_region  5000   NC_073229.2  SCFR_NC_073229_2_191756409_191770125_frame_3_fft  23   3  0.346530;0.306868;0.307451    3582.372;3020.828;1657.727        3;3;3
without_coding_region  5000   NC_073229.2  SCFR_NC_073229_2_199443392_199451261_frame3_fft   2    2  0.166730;0.333333             3952.038;2622.000                 6;3
without_coding_region  5000   NC_073229.2  SCFR_NC_073229_2_3200_8735_frame_1_fft            2    2  0.166576;0.333333             2970.397;1700.035                 6;3
without_coding_region  5000   NC_073229.2  SCFR_NC_073229_2_616_8446_frame2_fft              17   3  -0.166667;0.166667;-0.500000  3577.715;3577.715;2608.000        10;50;17
without_coding_region  5000   NC_073229.2  SCFR_NC_073229_2_615_8445_frame_3_fft             17   3  -0.166667;0.166667;-0.500000  3579.585;3579.585;2608.000        10;50;17
without_coding_region  5000   NC_073229.2  SCFR_NC_073229_2_199443151_199451428_frame2_fft   2    2  0.166606;0.333333             4198.696;2558.174                 6;3
without_coding_region  5000   NC_073229.2  SCFR_NC_073229_2_3201_8736_frame1_fft             2    2  0.166576;0.333333             2968.484;1700.034                 6;3
without_coding_region  5000   NC_073243.2  SCFR_NC_073243_2_110850764_110856824_frame_3_fft  14   3  0.068977;0.206931;0.344884    2020.886;1916.044;1800.632        14;5;3
without_coding_region  5000   NC_073243.2  SCFR_NC_073243_2_110850793_110857012_frame_1_fft  14   3  0.068982;0.379321;0.206946    1992.136;1965.763;1773.912        14;3;5
without_coding_region  5000   NC_073243.2  SCFR_NC_073243_2_110850339_110856828_frame_2_fft  14   3  0.344891;0.379257;0.034520    1748.079;1681.647;1657.518        3;3;29
without_coding_region  5000   NC_073243.2  SCFR_NC_073243_2_2698_10507_frame_1_fft           2    2  0.166603;0.333333             3962.019;2523.668                 6;3
without_coding_region  5000   NC_073243.2  SCFR_NC_073243_2_2699_10406_frame3_fft            2    2  0.166602;0.333333             3961.853;2528.514                 6;3
without_coding_region  5000   NC_073243.2  SCFR_NC_073243_2_738_8973_frame_2_fft             13   3  -0.166606;0.166606;-0.333333  5099.077;5099.077;1911.021        9;47;12
without_coding_region  5000   NC_073243.2  SCFR_NC_073243_2_739_10516_frame2_fft             17   3  0.166616;-0.166616;0.333333   5906.420;5906.420;2318.840        39;8;19
without_coding_region  5000   NC_073245.2  SCFR_NC_073245_2_1908_8271_frame1_fft             4    3  0.166745;0.333333;0.167217    4116.800;1205.987;488.048         6;3;6
without_coding_region  5000   NC_073245.2  SCFR_NC_073245_2_1907_8270_frame_1_fft            4    3  0.166745;0.333333;0.167217    4117.872;1206.472;489.140         6;3;6
without_coding_region  5000   NC_073233.2  SCFR_NC_073233_2_1470_9132_frame_3_fft            2    2  0.166667;0.333333             5877.865;2364.150                 6;3
without_coding_region  5000   NC_073233.2  SCFR_NC_073233_2_143512737_143520636_frame_3_fft  45   3  0.166603;0.333333;0.151918    1461.097;1318.976;814.611         6;3;7
without_coding_region  5000   NC_073233.2  SCFR_NC_073233_2_1465_9133_frame2_fft             2    2  0.166667;0.333333             5880.628;2363.786                 6;3
without_coding_region  5000   NC_073233.2  SCFR_NC_073233_2_143597515_143608078_frame_2_fft  67   3  0.333333;0.166525;0.166809    1770.732;1423.362;1381.130        3;6;6
without_coding_region  5000   NC_073233.2  SCFR_NC_073233_2_147864784_147871810_frame_2_fft  2    2  0.166667;0.333333             5292.925;2042.851                 6;3
without_coding_region  5000   NC_073233.2  SCFR_NC_073233_2_147865398_147872097_frame1_fft   2    2  0.166592;0.333333             3460.349;2165.385                 6;3
without_coding_region  5000   NC_073233.2  SCFR_NC_073233_2_147865397_147872096_frame_1_fft  2    2  0.166592;0.333333             3462.207;2167.382                 6;3
without_coding_region  5000   NC_073233.2  SCFR_NC_073233_2_147864785_147871811_frame3_fft   2    2  0.166667;0.333333             5294.746;2043.804                 6;3
without_coding_region  5000   NC_073233.2  SCFR_NC_073233_2_17639276_17663846_frame3_fft     45   3  0.437322;0.443834;0.062678    1398.551;1109.744;1082.026        2;2;16
without_coding_region  5000   NC_073233.2  SCFR_NC_073233_2_17639302_17663854_frame2_fft     47   3  0.437317;0.443833;0.443019    1255.982;1105.195;1088.093        2;2;2
without_coding_region  5000   NC_073233.2  SCFR_NC_073233_2_17639316_17663802_frame_3_fft    46   3  0.437352;0.443845;0.062648    1295.069;1090.461;1045.432        2;2;16
without_coding_region  5000   NC_073233.2  SCFR_NC_073233_2_17639321_17663885_frame_1_fft    47   3  0.437347;0.443006;0.062653    1391.975;1263.818;1111.513        2;2;16
without_coding_region  5000   NC_073233.2  SCFR_NC_073233_2_583_8767_frame_2_fft             5    3  -0.166667;0.166667;-0.333333  6104.997;6104.997;2290.068        9;47;12
without_coding_region  5000   NC_073233.2  SCFR_NC_073233_2_584_8768_frame3_fft              5    3  -0.166667;0.166667;-0.333333  6106.809;6106.809;2288.860        9;47;12
without_coding_region  5000   NC_073233.2  SCFR_NC_073233_2_17639341_17663782_frame_2_fft    29   3  0.499775;0.437339;0.443844    2355.137;1513.215;1097.131        2;2;2
without_coding_region  5000   NC_073233.2  SCFR_NC_073233_2_17639364_17663817_frame1_fft     33   3  0.499775;0.437329;0.443013    2366.030;1506.531;1203.736        2;2;2
without_coding_region  5000   NC_073242.2  SCFR_NC_073242_2_1743_9396_frame_3_fft            2    2  0.166732;0.333333             3908.415;2506.136                 6;3
without_coding_region  5000   NC_073242.2  SCFR_NC_073242_2_38465534_38470826_frame3_fft     9    3  0.200302;0.199546;0.199924    2374.168;1465.808;1304.309        5;5;5
without_coding_region  5000   NC_073242.2  SCFR_NC_073242_2_970_9262_frame_2_fft             5    3  -0.166667;0.166667;-0.333333  6253.952;6253.952;2390.380        9;46;12
without_coding_region  5000   NC_073242.2  SCFR_NC_073242_2_1738_9391_frame2_fft             2    2  0.166732;0.333333             3914.862;2507.102                 6;3
without_coding_region  5000   NC_073242.2  SCFR_NC_073242_2_971_9263_frame3_fft              5    3  -0.166667;0.166667;-0.333333  6255.770;6255.770;2388.962        9;46;12
without_coding_region  5000   NC_073230.2  SCFR_NC_073230_2_164191070_164197355_frame3_fft   39   3  0.469372;0.030867;0.499761    1625.385;1224.271;909.979         2;32;2
without_coding_region  5000   NC_073230.2  SCFR_NC_073230_2_164190811_164197744_frame2_fft   39   3  0.469349;0.030867;0.499784    1625.702;1402.680;1166.905        2;32;2
without_coding_region  5000   NC_073230.2  SCFR_NC_073230_2_164188677_164197260_frame1_fft   37   3  0.030875;0.499825;0.469300    1782.722;1773.233;1690.436        32;2;2
without_coding_region  5000   NC_073230.2  SCFR_NC_073230_2_164197747_164205070_frame2_fft   30   3  0.469343;0.030862;0.499795    1834.637;1581.004;1386.482        2;32;2
without_coding_region  5000   NC_073230.2  SCFR_NC_073230_2_164205332_164211560_frame3_fft   30   3  0.469332;0.030829;0.345055    1621.129;1374.867;728.706         2;32;3
without_coding_region  5000   NC_073230.2  SCFR_NC_073230_2_164199461_164204975_frame3_fft   29   3  0.469351;0.030831;0.468807    1395.807;1327.738;820.506         2;32;2
without_coding_region  5000   NC_073230.2  SCFR_NC_073230_2_164199720_164211564_frame1_fft   67   3  0.469352;0.030817;0.499831    2942.996;2909.202;2147.771        2;32;2
without_coding_region  5000   NC_073230.2  SCFR_NC_073230_2_164205073_164211541_frame2_fft   35   3  0.030767;0.469388;0.469079    1736.014;1254.129;892.691         33;2;2
without_coding_region  5000   NC_073230.2  SCFR_NC_073230_2_168412364_168417977_frame3_fft   28   3  0.365045;0.333333;0.190451    1597.207;1432.962;1299.134        3;3;5
without_coding_region  5000   NC_073230.2  SCFR_NC_073230_2_170793315_170800977_frame_3_fft  2    2  0.166667;0.333333             5864.724;2357.614                 6;3
without_coding_region  5000   NC_073230.2  SCFR_NC_073230_2_170793553_170800720_frame_2_fft  2    2  0.166597;0.333333             3615.189;2388.000                 6;3
without_coding_region  5000   NC_073230.2  SCFR_NC_073230_2_170793268_170800978_frame2_fft   2    2  0.166667;0.333333             5863.410;2354.378                 6;3
without_coding_region  5000   NC_073230.2  SCFR_NC_073230_2_170793554_170800721_frame3_fft   2    2  0.166597;0.333333             3613.323;2388.000                 6;3
without_coding_region  5000   NC_073230.2  SCFR_NC_073230_2_7315230_7320252_frame1_fft       33   3  0.166069;0.167264;0.333333    914.002;895.341;820.259           6;6;3
without_coding_region  5000   NC_073230.2  SCFR_NC_073230_2_8363013_8370960_frame_3_fft      20   3  0.154398;0.156663;0.154020    708.588;624.521;624.010           6;6;6
without_coding_region  5000   NC_073237.2  SCFR_NC_073237_2_125847164_125852939_frame_3_fft  13   3  0.313420;0.315152;0.312900    477.322;405.090;403.636           3;3;3
without_coding_region  5000   NC_073224.2  SCFR_NC_073224_2_6137_13466_frame_3_fft           2    2  0.166598;0.333333             3709.913;2410.027                 6;3
without_coding_region  5000   NC_073224.2  SCFR_NC_073224_2_6038_13412_frame3_fft            2    2  0.166667;0.333333             5673.221;2420.464                 6;3
without_coding_region  5000   NC_073224.2  SCFR_NC_073224_2_240353964_240361575_frame1_fft   35   3  0.365129;0.333333;0.031796    2128.503;1984.711;1568.775        3;3;31
without_coding_region  5000   NC_073224.2  SCFR_NC_073224_2_6037_13150_frame_1_fft           2    2  0.166596;0.333333             3622.620;2344.110                 6;3
without_coding_region  5000   NC_073224.2  SCFR_NC_073224_2_6138_13443_frame1_fft            2    2  0.166598;0.333333             3698.995;2414.899                 6;3
without_coding_region  5000   NC_073246.2  SCFR_NC_073246_2_59501273_59507312_frame_3_fft    2    2  0.166584;0.333333             3078.517;1979.584                 6;3
without_coding_region  5000   NC_073246.2  SCFR_NC_073246_2_59501274_59507314_frame1_fft     2    2  0.166722;0.333278             3855.580;1633.557                 6;3
without_coding_region  5000   NC_073246.2  SCFR_NC_073246_2_59499022_59507248_frame2_fft     2    2  0.166667;0.333333             5854.339;1836.866                 6;3
without_coding_region  5000   NC_073246.2  SCFR_NC_073246_2_59499021_59507247_frame_2_fft    2    2  0.166667;0.333333             5853.420;1836.816                 6;3
without_coding_region  5000   NC_073238.2  SCFR_NC_073238_2_115162161_115167381_frame_1_fft  15   3  0.473755;0.421073;0.368391    1614.221;962.045;822.127          2;2;3
without_coding_region  5000   NC_073238.2  SCFR_NC_073238_2_115162162_115167355_frame2_fft   17   3  0.473715;0.421144;0.157905    1652.317;963.395;824.897          2;2;6
without_coding_region  5000   NC_073238.2  SCFR_NC_073238_2_115162003_115167370_frame_3_fft  17   3  0.473635;0.421092;0.368362    1448.218;984.453;804.692          2;2;3
without_coding_region  5000   NC_073238.2  SCFR_NC_073238_2_115162143_115167483_frame1_fft   15   3  0.473783;0.421161;0.368352    1528.912;941.428;786.024          2;2;3
without_coding_region  5000   NC_073238.2  SCFR_NC_073238_2_115162172_115167482_frame_2_fft  17   3  0.473635;0.421092;0.368362    1437.507;970.975;801.150          2;2;3
without_coding_region  5000   NC_073238.2  SCFR_NC_073238_2_132006609_132013272_frame1_fft   7    3  0.166742;0.166442;0.333183    4297.796;1598.367;1244.709        6;6;3
without_coding_region  5000   NC_073238.2  SCFR_NC_073238_2_132006608_132013277_frame_2_fft  7    3  0.166742;0.166442;0.333183    4302.947;1598.928;1244.145        6;6;3
without_coding_region  5000   NC_073238.2  SCFR_NC_073238_2_115162169_115167389_frame3_fft   15   3  0.473755;0.421073;0.368391    1617.535;963.079;820.697          2;2;3
without_coding_region  5000   NC_073238.2  SCFR_NC_073238_2_14254806_14260194_frame_1_fft    12   3  0.200074;0.399777;0.400148    1843.384;1166.941;1001.582        5;3;2
without_coding_region  5000   NC_073238.2  SCFR_NC_073238_2_16057224_16063032_frame_1_fft    13   3  0.200413;0.199725;0.400138    1825.288;1311.138;1259.542        5;5;2
without_coding_region  5000   NC_073238.2  SCFR_NC_073238_2_17474164_17479972_frame_3_fft    13   3  0.200413;0.199725;0.400138    1825.288;1311.138;1259.542        5;5;2
without_coding_region  5000   NC_073238.2  SCFR_NC_073238_2_20446155_20452356_frame1_fft     9    3  0.176423;0.353008;0.470569    3239.642;1683.414;1662.198        6;3;2
without_coding_region  5000   NC_073238.2  SCFR_NC_073238_2_18202254_18207354_frame_1_fft    14   3  0.200196;0.199608;0.400392    2404.530;1115.391;880.127         5;5;2
without_coding_region  5000   NC_073238.2  SCFR_NC_073238_2_20480323_20485894_frame2_fft     8    3  0.176449;0.352899;0.470652    3631.779;1960.994;1410.359        6;3;2
without_coding_region  5000   NC_073238.2  SCFR_NC_073238_2_20484741_20490399_frame1_fft     8    3  0.176387;0.352952;0.058855    2538.282;2169.137;1524.704        6;3;17
without_coding_region  5000   NC_073238.2  SCFR_NC_073238_2_20530998_20536860_frame1_fft     8    3  0.176390;0.352951;0.058854    2641.720;2258.186;1593.598        6;3;17
without_coding_region  5000   NC_073238.2  SCFR_NC_073238_2_20609374_20614957_frame2_fft     8    3  0.176428;0.470536;0.352857    3406.134;1543.273;1438.213        6;2;3
without_coding_region  5000   NC_073238.2  SCFR_NC_073238_2_20615164_20622403_frame2_fft     8    3  0.176406;0.352949;0.058848    3278.322;2808.981;2003.307        6;3;17
without_coding_region  5000   NC_073238.2  SCFR_NC_073238_2_20626809_20632059_frame1_fft     8    3  0.176381;0.352952;0.058857    2361.456;2047.418;1459.105        6;3;17
without_coding_region  5000   NC_073238.2  SCFR_NC_073238_2_20629240_20637448_frame2_fft     8    3  0.176413;0.352948;0.058845    3663.556;3173.779;2282.202        6;3;17
without_coding_region  5000   NC_073238.2  SCFR_NC_073238_2_20633609_20640134_frame3_fft     8    3  0.176398;0.352950;0.058851    2885.474;2519.104;1807.813        6;3;17
without_coding_region  5000   NC_073238.2  SCFR_NC_073238_2_20635962_20642871_frame1_fft     8    3  0.176437;0.470546;0.352873    4134.873;1922.306;1815.240        6;2;3
without_coding_region  5000   NC_073238.2  SCFR_NC_073238_2_20637451_20646475_frame2_fft     8    3  0.176418;0.352948;0.058843    4015.420;3502.015;2443.916        6;3;17
without_coding_region  5000   NC_073238.2  SCFR_NC_073238_2_20646478_20651944_frame2_fft     8    3  0.176546;0.352909;0.470545    2716.288;2011.964;1586.733        6;3;2
without_coding_region  5000   NC_073238.2  SCFR_NC_073238_2_20651255_20656769_frame3_fft     8    3  0.176460;0.352920;0.470620    3658.752;2086.830;1675.550        6;3;2
without_coding_region  5000   NC_073238.2  SCFR_NC_073238_2_20446531_20657170_frame_3_fft    91   3  0.176473;0.352945;0.058826    131140.242;61230.898;47160.350    6;3;17
without_coding_region  5000   NC_073238.2  SCFR_NC_073238_2_20659330_20667538_frame2_fft     8    3  0.176413;0.352948;0.058845    3704.047;3173.352;2251.847        6;3;17
without_coding_region  5000   NC_073238.2  SCFR_NC_073238_2_20662458_20683620_frame1_fft     8    3  0.176448;0.352944;0.058832    9417.625;8245.085;5890.650        6;3;17
without_coding_region  5000   NC_073238.2  SCFR_NC_073238_2_20665433_20673386_frame3_fft     8    3  0.176411;0.352949;0.058846    3534.758;3103.252;2224.729        6;3;17
without_coding_region  5000   NC_073238.2  SCFR_NC_073238_2_20671255_20676607_frame2_fft     8    3  0.176383;0.352952;0.058857    2376.884;2085.932;1488.730        6;3;17
without_coding_region  5000   NC_073238.2  SCFR_NC_073238_2_20673389_20680211_frame3_fft     8    3  0.176488;0.352976;0.470536    4390.549;2445.668;1790.389        6;3;2
without_coding_region  5000   NC_073238.2  SCFR_NC_073238_2_20676610_20683909_frame2_fft     8    3  0.176463;0.352925;0.470612    4773.235;2789.999;2243.244        6;3;2
without_coding_region  5000   NC_073238.2  SCFR_NC_073238_2_20683623_20688669_frame1_fft     8    3  0.176377;0.352953;0.058859    2259.132;1968.366;1390.151        6;3;17
without_coding_region  5000   NC_073238.2  SCFR_NC_073238_2_20684524_20708695_frame2_fft     8    3  0.176451;0.352944;0.058831    10749.254;9448.979;6669.591       6;3;17
without_coding_region  5000   NC_073238.2  SCFR_NC_073238_2_20691222_20698104_frame1_fft     8    3  0.176402;0.352950;0.058849    3062.729;2669.576;1872.183        6;3;17
without_coding_region  5000   NC_073238.2  SCFR_NC_073238_2_20700657_20709324_frame1_fft     8    3  0.176416;0.352948;0.058844    3868.586;3397.766;2388.548        6;3;17
without_coding_region  5000   NC_073238.2  SCFR_NC_073238_2_20720411_20725763_frame3_fft     8    3  0.176383;0.352952;0.058857    2403.134;2091.970;1480.847        6;3;17
without_coding_region  5000   NC_073238.2  SCFR_NC_073238_2_20721448_20727820_frame2_fft     8    3  0.176397;0.352950;0.058851    2853.594;2492.404;1773.435        6;3;17
without_coding_region  5000   NC_073238.2  SCFR_NC_073238_2_20730492_20736303_frame1_fft     8    3  0.176390;0.352951;0.058854    2579.451;2278.591;1621.818        6;3;17
without_coding_region  5000   NC_073238.2  SCFR_NC_073238_2_20731886_20739941_frame3_fft     8    3  0.176412;0.352948;0.058845    3597.787;3162.410;2254.695        6;3;17
without_coding_region  5000   NC_073238.2  SCFR_NC_073238_2_20737836_20745942_frame1_fft     8    3  0.176413;0.352948;0.058845    3607.227;3174.098;2238.665        6;3;17
without_coding_region  5000   NC_073238.2  SCFR_NC_073238_2_20752014_20757111_frame1_fft     8    3  0.176378;0.352953;0.058858    2295.246;1993.841;1417.818        6;3;17
without_coding_region  5000   NC_073238.2  SCFR_NC_073238_2_20755720_20761021_frame2_fft     8    3  0.176382;0.352952;0.058857    2360.696;2072.451;1466.237        6;3;17
without_coding_region  5000   NC_073238.2  SCFR_NC_073238_2_20763880_20769844_frame2_fft     8    3  0.176392;0.352951;0.058853    2703.176;2351.016;1654.038        6;3;17
without_coding_region  5000   NC_073238.2  SCFR_NC_073238_2_20768351_20774111_frame3_fft     8    3  0.176389;0.352951;0.058854    2561.783;2275.119;1611.194        6;3;17
without_coding_region  5000   NC_073238.2  SCFR_NC_073238_2_20775134_20780231_frame3_fft     8    3  0.176378;0.352953;0.058858    2295.569;1994.301;1419.797        6;3;17
without_coding_region  5000   NC_073238.2  SCFR_NC_073238_2_20778840_20795208_frame1_fft     8    3  0.176442;0.352945;0.058834    7305.243;6366.612;4530.531        6;3;17
without_coding_region  5000   NC_073238.2  SCFR_NC_073238_2_20780506_20788714_frame2_fft     8    3  0.176413;0.352948;0.058845    3650.420;3193.506;2273.340        6;3;17
without_coding_region  5000   NC_073238.2  SCFR_NC_073238_2_20788445_20796857_frame3_fft     8    3  0.176415;0.352948;0.058845    3769.206;3280.100;2327.344        6;3;17
without_coding_region  5000   NC_073238.2  SCFR_NC_073238_2_20795211_20801481_frame1_fft     8    3  0.176396;0.352951;0.058852    2802.180;2462.759;1748.812        6;3;17
without_coding_region  5000   NC_073238.2  SCFR_NC_073238_2_20801484_20808315_frame1_fft     8    3  0.176402;0.352950;0.058849    3066.868;2685.127;1905.750        6;3;17
without_coding_region  5000   NC_073238.2  SCFR_NC_073238_2_20806142_20812412_frame3_fft     8    3  0.176396;0.352951;0.058852    2801.597;2466.109;1753.430        6;3;17
without_coding_region  5000   NC_073238.2  SCFR_NC_073238_2_20814931_20823037_frame2_fft     8    3  0.176413;0.352948;0.058845    3642.893;3168.545;2229.672        6;3;17
without_coding_region  5000   NC_073238.2  SCFR_NC_073238_2_20817965_20829854_frame3_fft     8    3  0.176466;0.352931;0.470603    7844.225;4565.134;3654.277        6;3;2
without_coding_region  5000   NC_073238.2  SCFR_NC_073238_2_20825029_20835532_frame2_fft     8    3  0.176426;0.352947;0.058840    4670.409;4102.713;2894.019        6;3;17
without_coding_region  5000   NC_073238.2  SCFR_NC_073238_2_20825292_20836620_frame1_fft     8    3  0.176465;0.352931;0.470604    7439.560;4318.274;3439.146        6;3;2
without_coding_region  5000   NC_073238.2  SCFR_NC_073238_2_20657173_21007348_frame_3_fft    16   3  0.176472;0.352941;0.470588    173048.803;128988.344;102562.496  6;3;2
without_coding_region  5000   NC_073238.2  SCFR_NC_073238_2_20836648_20842264_frame2_fft     8    3  0.176460;0.352920;0.470620    3711.623;2134.602;1707.717        6;3;2
without_coding_region  5000   NC_073238.2  SCFR_NC_073238_2_20830520_20841380_frame3_fft     8    3  0.176427;0.352947;0.058840    4838.191;4206.721;2955.924        6;3;17
without_coding_region  5000   NC_073238.2  SCFR_NC_073238_2_20865778_20871079_frame2_fft     8    3  0.176382;0.352952;0.058857    2367.483;2066.282;1459.739        6;3;17
without_coding_region  5000   NC_073238.2  SCFR_NC_073238_2_20867040_20876250_frame1_fft     8    3  0.176439;0.470575;0.352986    5263.144;2865.083;2672.907        6;2;3
without_coding_region  5000   NC_073238.2  SCFR_NC_073238_2_20838357_20844423_frame1_fft     8    3  0.176393;0.352951;0.058853    2702.797;2344.656;1629.363        6;3;17
without_coding_region  5000   NC_073238.2  SCFR_NC_073238_2_20905150_20913511_frame2_fft     8    3  0.176414;0.352948;0.058845    3718.914;3228.962;2290.708        6;3;17
without_coding_region  5000   NC_073238.2  SCFR_NC_073238_2_20908601_20915024_frame3_fft     8    3  0.176397;0.352950;0.058851    2848.822;2486.529;1746.075        6;3;17
without_coding_region  5000   NC_073238.2  SCFR_NC_073238_2_20907615_20914599_frame1_fft     8    3  0.176403;0.352950;0.058849    3094.785;2709.753;1912.371        6;3;17
without_coding_region  5000   NC_073238.2  SCFR_NC_073238_2_20934424_20941204_frame2_fft     8    3  0.176401;0.352950;0.058850    3016.604;2610.377;1827.424        6;3;17
without_coding_region  5000   NC_073238.2  SCFR_NC_073238_2_20914627_20924476_frame2_fft     8    3  0.176465;0.352929;0.470606    6505.636;3726.315;2969.297        6;3;2
without_coding_region  5000   NC_073238.2  SCFR_NC_073238_2_20942771_20948888_frame3_fft     8    3  0.176394;0.352951;0.058852    2728.386;2353.949;1643.260        6;3;17
without_coding_region  5000   NC_073238.2  SCFR_NC_073238_2_20950591_20957218_frame2_fft     8    3  0.176400;0.352950;0.058850    2959.714;2535.190;1769.616        6;3;17
without_coding_region  5000   NC_073238.2  SCFR_NC_073238_2_20945032_20950486_frame2_fft     8    3  0.176384;0.352952;0.058856    2434.784;2104.352;1459.019        6;3;17
without_coding_region  5000   NC_073238.2  SCFR_NC_073238_2_20959414_20965888_frame2_fft     8    3  0.176398;0.352950;0.058851    2886.940;2493.992;1754.333        6;3;17
without_coding_region  5000   NC_073238.2  SCFR_NC_073238_2_20961488_20969492_frame3_fft     8    3  0.176412;0.352949;0.058846    3555.388;3094.872;2154.743        6;3;17
without_coding_region  5000   NC_073238.2  SCFR_NC_073238_2_20980307_20987852_frame3_fft     8    3  0.176408;0.352949;0.058847    3386.131;2877.696;1981.783        6;3;17
without_coding_region  5000   NC_073238.2  SCFR_NC_073238_2_20983630_20989096_frame2_fft     8    3  0.176546;0.352909;0.470545    2699.273;1995.677;1578.148        6;3;2
without_coding_region  5000   NC_073238.2  SCFR_NC_073238_2_21050415_21056430_frame1_fft     8    3  0.176392;0.352951;0.058853    2700.089;2361.312;1646.103        6;3;17
without_coding_region  5000   NC_073238.2  SCFR_NC_073238_2_21053152_21066613_frame2_fft     8    3  0.176436;0.352946;0.058837    6073.756;5260.653;3672.260        6;3;17
without_coding_region  5000   NC_073238.2  SCFR_NC_073238_2_2110_7309_frame_3_fft            2    2  0.166570;0.333333             2630.354;1746.965                 6;3
without_coding_region  5000   NC_073238.2  SCFR_NC_073238_2_2111_7310_frame3_fft             2    2  0.166570;0.333333             2631.030;1747.532                 6;3
without_coding_region  5000   NC_073238.2  SCFR_NC_073238_2_2116_7291_frame2_fft             2    2  0.166570;0.333333             2613.234;1747.404                 6;3
without_coding_region  5000   NC_073238.2  SCFR_NC_073238_2_21214585_21219835_frame2_fft     8    3  0.176381;0.352952;0.058857    2354.527;2041.562;1415.014        6;3;17
without_coding_region  5000   NC_073238.2  SCFR_NC_073238_2_21243434_21249653_frame3_fft     8    3  0.176395;0.352951;0.058852    2803.010;2382.940;1652.139        6;3;17
without_coding_region  5000   NC_073238.2  SCFR_NC_073238_2_21243604_21252781_frame2_fft     8    3  0.176419;0.352948;0.058843    4114.144;3509.171;2425.669        6;3;17
without_coding_region  5000   NC_073238.2  SCFR_NC_073238_2_21243828_21250197_frame1_fft     8    3  0.176480;0.352960;0.470561    4228.891;2394.271;1877.230        6;3;2
without_coding_region  5000   NC_073238.2  SCFR_NC_073238_2_21254475_21273954_frame_1_fft    8    3  0.176446;0.352944;0.058833    8764.730;7488.625;5179.237        6;3;17
without_coding_region  5000   NC_073238.2  SCFR_NC_073238_2_21257782_21268591_frame2_fft     8    3  0.176427;0.352947;0.058840    4858.718;4198.258;2909.125        6;3;17
without_coding_region  5000   NC_073238.2  SCFR_NC_073238_2_21269299_21285259_frame_3_fft    8    3  0.176441;0.352945;0.058835    7196.041;6165.830;4243.283        6;3;17
without_coding_region  5000   NC_073238.2  SCFR_NC_073238_2_21272648_21292127_frame_2_fft    8    3  0.176446;0.352944;0.058833    8772.176;7514.016;5145.142        6;3;17
without_coding_region  5000   NC_073238.2  SCFR_NC_073238_2_21273957_21286296_frame_1_fft    8    3  0.176432;0.352946;0.058838    5558.152;4791.199;3289.391        6;3;17
without_coding_region  5000   NC_073238.2  SCFR_NC_073238_2_21276975_21283245_frame1_fft     8    3  0.176396;0.352951;0.058852    2809.477;2480.128;1694.090        6;3;17
without_coding_region  5000   NC_073238.2  SCFR_NC_073238_2_21285262_21290818_frame_3_fft    8    3  0.176386;0.352952;0.058855    2511.352;2112.227;1438.616        6;3;17
without_coding_region  5000   NC_073238.2  SCFR_NC_073238_2_21286299_21304401_frame_1_fft    8    3  0.176445;0.352944;0.058833    8187.166;6973.601;4878.828        6;3;17
without_coding_region  5000   NC_073238.2  SCFR_NC_073238_2_20446346_21252449_frame_2_fft    134  3  0.176470;0.058824;0.352941    325334.875;214765.058;177943.160  6;17;3
without_coding_region  5000   NC_073238.2  SCFR_NC_073238_2_21290821_21300457_frame_3_fft    8    3  0.176422;0.352947;0.058842    4364.176;3719.535;2609.983        6;3;17
without_coding_region  5000   NC_073238.2  SCFR_NC_073238_2_21298654_21304189_frame2_fft     8    3  0.176513;0.470641;0.353026    3385.529;1532.340;1461.606        6;2;3
without_coding_region  5000   NC_073238.2  SCFR_NC_073238_2_21292130_21306845_frame_2_fft    8    3  0.176487;0.470608;0.352973    8970.433;4053.831;3859.392        6;2;3
without_coding_region  5000   NC_073238.2  SCFR_NC_073238_2_21302424_21307485_frame1_fft     8    3  0.176447;0.352895;0.470658    3125.263;1675.684;1251.217        6;3;2
without_coding_region  5000   NC_073238.2  SCFR_NC_073238_2_21309413_21319631_frame_2_fft    9    3  0.176453;0.352907;0.058818    5704.641;3074.252;2665.765        6;3;17
without_coding_region  5000   NC_073238.2  SCFR_NC_073238_2_21310053_21316323_frame1_fft     8    3  0.176396;0.352951;0.058852    2822.710;2427.570;1713.583        6;3;17
without_coding_region  5000   NC_073238.2  SCFR_NC_073238_2_21007351_21249865_frame_3_fft    90   3  0.176468;0.352940;0.470591    129452.745;62324.207;52843.998    6;3;2
without_coding_region  5000   NC_073238.2  SCFR_NC_073238_2_21310048_21319639_frame_3_fft    8    3  0.176520;0.352935;0.058805    4290.216;3548.406;2506.909        6;3;17
without_coding_region  5000   NC_073238.2  SCFR_NC_073238_2_21319642_21325282_frame_3_fft    18   3  0.176418;0.353014;0.058688    2196.237;1779.396;1065.068        6;3;17
without_coding_region  5000   NC_073238.2  SCFR_NC_073238_2_20446425_21254472_frame_1_fft    134  3  0.176471;0.058823;0.352941    346792.487;213288.503;178354.430  6;17;3
without_coding_region  5000   NC_073238.2  SCFR_NC_073238_2_21325282_21399403_frame2_fft     8    3  0.176468;0.352936;0.058823    47019.519;22980.937;20453.486     6;3;17
without_coding_region  5000   NC_073238.2  SCFR_NC_073238_2_21325206_21409380_frame1_fft     8    3  0.176468;0.470585;0.352936    51225.139;22726.361;21762.176     6;2;3
without_coding_region  5000   NC_073238.2  SCFR_NC_073238_2_21326846_21333227_frame3_fft     8    3  0.176461;0.352923;0.470616    4226.150;2372.966;1916.348        6;3;2
without_coding_region  5000   NC_073238.2  SCFR_NC_073238_2_21322719_21448506_frame_1_fft    14   3  0.176473;0.470589;0.352938    70166.571;37836.032;34925.822     6;2;3
without_coding_region  5000   NC_073238.2  SCFR_NC_073238_2_21325277_21432329_frame_2_fft    8    3  0.176475;0.352941;0.058822    48314.240;40792.505;28142.387     6;3;17
without_coding_region  5000   NC_073238.2  SCFR_NC_073238_2_21399406_21405523_frame2_fft     8    3  0.176394;0.352951;0.058852    2759.295;2356.063;1578.725        6;3;17
without_coding_region  5000   NC_073238.2  SCFR_NC_073238_2_21333230_21374105_frame3_fft     8    3  0.176465;0.470581;0.352930    24922.238;10972.011;10617.211     6;2;3
without_coding_region  5000   NC_073238.2  SCFR_NC_073238_2_21374108_21400331_frame3_fft     8    3  0.176486;0.352934;0.470579    13073.935;9563.500;7495.992       6;3;2
without_coding_region  5000   NC_073238.2  SCFR_NC_073238_2_21406471_21421924_frame2_fft     8    3  0.176471;0.352941;0.470588    10329.447;5923.481;4812.316       6;3;2
without_coding_region  5000   NC_073238.2  SCFR_NC_073238_2_21432304_21438445_frame2_fft     8    3  0.176518;0.470607;0.352874    3547.747;1880.124;1717.024        6;2;3
without_coding_region  5000   NC_073238.2  SCFR_NC_073238_2_21400487_21421394_frame3_fft     8    3  0.176448;0.352944;0.058832    9440.020;7993.465;5488.618        6;3;17
without_coding_region  5000   NC_073238.2  SCFR_NC_073238_2_21409383_21420792_frame1_fft     8    3  0.176440;0.352967;0.470593    6166.365;3760.562;3545.783        6;3;2
without_coding_region  5000   NC_073238.2  SCFR_NC_073238_2_21448509_21454371_frame_1_fft    8    3  0.176390;0.352951;0.058854    2589.026;2083.359;1434.586        6;3;17
without_coding_region  5000   NC_073238.2  SCFR_NC_073238_2_21448501_21461527_frame_3_fft    22   3  0.176416;0.176570;0.352986    6665.479;3880.037;3783.014        6;6;3
without_coding_region  5000   NC_073238.2  SCFR_NC_073238_2_21454374_21468369_frame_1_fft    25   3  0.176420;0.176563;0.352983    7218.035;4211.272;4050.208        6;6;3
without_coding_region  5000   NC_073238.2  SCFR_NC_073238_2_21432332_21454379_frame_2_fft    17   3  0.176441;0.470586;0.352928    10352.229;5060.988;4982.910       6;2;3
without_coding_region  5000   NC_073238.2  SCFR_NC_073238_2_21454382_21461519_frame_2_fft    8    3  0.176405;0.352949;0.058848    3192.288;2545.659;1682.970        6;3;17
without_coding_region  5000   NC_073238.2  SCFR_NC_073238_2_21461530_21468361_frame_3_fft    8    3  0.176402;0.352950;0.058849    3032.233;2432.277;1621.238        6;3;17
without_coding_region  5000   NC_073238.2  SCFR_NC_073238_2_21461522_21474863_frame_2_fft    20   3  0.176449;0.352972;0.411738    5528.205;4451.361;2618.948        6;3;2
without_coding_region  5000   NC_073238.2  SCFR_NC_073238_2_21468364_21474871_frame_3_fft    8    3  0.176425;0.470570;0.353004    3619.483;1827.353;1776.153        6;2;3
without_coding_region  5000   NC_073238.2  SCFR_NC_073238_2_21468641_21474662_frame3_fft     8    3  0.176549;0.352931;0.058794    2695.807;2228.148;1493.475        6;3;17
without_coding_region  5000   NC_073238.2  SCFR_NC_073238_2_21325285_21448498_frame_3_fft    8    3  0.176467;0.352942;0.058825    55338.129;46735.271;32278.836     6;3;17
without_coding_region  5000   NC_073238.2  SCFR_NC_073238_2_21474875_21481073_frame3_fft     8    3  0.176509;0.470636;0.353017    3748.622;1615.160;1542.513        6;2;3
without_coding_region  5000   NC_073238.2  SCFR_NC_073238_2_21468372_21496734_frame_1_fft    15   3  0.176469;0.352937;0.470594    11786.810;8534.869;7675.249       6;3;2
without_coding_region  5000   NC_073238.2  SCFR_NC_073238_2_21485615_21492395_frame3_fft     8    3  0.176401;0.352950;0.058850    3038.338;2507.066;1645.433        6;3;17
without_coding_region  5000   NC_073238.2  SCFR_NC_073238_2_21474866_21502550_frame_2_fft    8    3  0.176456;0.352948;0.470597    13701.524;9684.913;7604.930       6;3;2
without_coding_region  5000   NC_073238.2  SCFR_NC_073238_2_21474874_21501562_frame_3_fft    8    3  0.176484;0.352930;0.470586    14338.325;8587.512;8030.870       6;3;2
without_coding_region  5000   NC_073238.2  SCFR_NC_073238_2_21496737_21502542_frame_1_fft    8    3  0.176400;0.352972;0.470629    2814.445;1960.533;1554.951        6;3;2
without_coding_region  5000   NC_073238.2  SCFR_NC_073238_2_22197934_22204249_frame2_fft     17   3  0.229612;0.228979;0.230404    1802.647;1292.179;1148.168        4;4;4
without_coding_region  5000   NC_073238.2  SCFR_NC_073238_2_31805823_31811022_frame1_fft     18   3  0.047509;0.051356;0.125216    536.733;523.247;464.031           21;19;8
without_coding_region  5000   NC_086017.1  SCFR_NC_086017_1_137319988_137326111_frame_1_fft  36   3  0.489629;0.488976;0.489956    1639.905;1238.913;763.167         2;2;2
without_coding_region  5000   NC_086017.1  SCFR_NC_086017_1_0_9945_frame_2_fft               5    3  -0.166616;0.166616;-0.333333  5041.250;5041.250;3270.078        9;46;11
without_coding_region  5000   NC_086017.1  SCFR_NC_086017_1_137324298_137336481_frame_2_fft  73   3  0.489288;0.489453;0.021259    3288.940;3072.417;1404.642        2;2;47
without_coding_region  5000   NC_086017.1  SCFR_NC_086017_1_137318519_137331521_frame_3_fft  70   3  0.489232;0.489540;0.489002    2809.821;2125.570;1473.303        2;2;2
without_coding_region  5000   NC_086017.1  SCFR_NC_086017_1_137341291_137347354_frame_1_fft  31   3  0.489197;0.489527;0.021442    1579.349;1269.258;617.120         2;2;47
without_coding_region  5000   NC_086017.1  SCFR_NC_086017_1_137334631_137341288_frame_1_fft  43   3  0.489410;0.489710;0.489109    1765.247;1137.321;1017.798        2;2;2
without_coding_region  5000   NC_086017.1  SCFR_NC_086017_1_137342151_137350194_frame_2_fft  43   3  0.489618;0.488997;0.489991    2033.531;1511.684;865.377         2;2;2
without_coding_region  5000   NC_086017.1  SCFR_NC_086017_1_137349379_137360929_frame_1_fft  67   3  0.489351;0.061385;0.020693    3375.602;1152.142;1003.001        2;16;48
without_coding_region  5000   NC_086017.1  SCFR_NC_086017_1_137345834_137356823_frame_3_fft  52   3  0.489307;0.489489;0.488943    2034.036;1721.737;1674.701        2;2;2
without_coding_region  5000   NC_086017.1  SCFR_NC_086017_1_137358251_137364461_frame_3_fft  37   3  0.489533;0.489211;0.488889    1666.180;1629.765;779.291         2;2;2
without_coding_region  5000   NC_086017.1  SCFR_NC_086017_1_137369196_137375754_frame_2_fft  42   3  0.489478;0.489174;0.488869    1766.873;1120.567;1012.644        2;2;2
without_coding_region  5000   NC_086017.1  SCFR_NC_086017_1_137375050_137381176_frame_1_fft  38   3  0.489553;0.489226;0.488900    1803.885;1538.311;911.694         2;2;2
without_coding_region  5000   NC_086017.1  SCFR_NC_086017_1_137369438_137382548_frame_3_fft  84   3  0.489474;0.489245;0.489626    3053.266;2479.651;1882.482        2;2;2
without_coding_region  5000   NC_086017.1  SCFR_NC_086017_1_137350197_137369193_frame_2_fft  116  3  0.489208;0.489471;0.489314    2841.803;2813.774;2680.972        2;2;2
without_coding_region  5000   NC_086017.1  SCFR_NC_086017_1_137382551_137390600_frame_3_fft  46   3  0.489253;0.488881;0.061498    2085.057;925.702;920.053          2;2;16
without_coding_region  5000   NC_086017.1  SCFR_NC_086017_1_137396034_137401485_frame_2_fft  35   3  0.489451;0.489818;0.061273    1685.966;1051.864;598.670         2;2;16
without_coding_region  5000   NC_086017.1  SCFR_NC_086017_1_137399455_137405287_frame_1_fft  33   3  0.489540;0.489026;0.061214    1853.836;772.003;624.190          2;2;16
without_coding_region  5000   NC_086017.1  SCFR_NC_086017_1_137386611_137394606_frame_2_fft  47   3  0.489431;0.489181;0.489681    2090.161;1509.518;945.938         2;2;2
without_coding_region  5000   NC_086017.1  SCFR_NC_086017_1_137403075_137409789_frame_2_fft  37   3  0.489276;0.489574;0.021150    2086.290;1239.151;805.013         2;2;47
without_coding_region  5000   NC_086017.1  SCFR_NC_086017_1_137391974_137397785_frame_3_fft  40   3  0.489245;0.490105;0.489761    1561.108;824.917;626.973          2;2;2
without_coding_region  5000   NC_086017.1  SCFR_NC_086017_1_137409181_137414941_frame_1_fft  28   3  0.488715;0.489583;0.489931    1164.777;1002.068;938.396         2;2;2
without_coding_region  5000   NC_086017.1  SCFR_NC_086017_1_137397788_137403314_frame_3_fft  31   3  0.489504;0.061346;0.488961    1491.205;745.014;734.094          2;16;2
without_coding_region  5000   NC_086017.1  SCFR_NC_086017_1_137437348_137445259_frame_1_fft  39   3  0.489319;0.489066;0.489698    1863.369;1392.678;985.423         2;2;2
without_coding_region  5000   NC_086017.1  SCFR_NC_086017_1_137422334_137438567_frame_3_fft  78   3  0.489373;0.489065;0.488757    3505.220;2096.732;1878.271        2;2;2
without_coding_region  5000   NC_086017.1  SCFR_NC_086017_1_137430663_137439786_frame_2_fft  47   3  0.489313;0.489093;0.041653    2309.607;1171.064;1035.743        2;2;24
without_coding_region  5000   NC_086017.1  SCFR_NC_086017_1_137438570_137450096_frame_3_fft  61   3  0.489155;0.489502;0.489676    2649.361;2067.824;1856.493        2;2;2
without_coding_region  5000   NC_086017.1  SCFR_NC_086017_1_137410787_137418605_frame_3_fft  44   3  0.488744;0.061397;0.490023    1920.061;1015.738;951.188         2;16;2
without_coding_region  5000   NC_086017.1  SCFR_NC_086017_1_137456003_137461919_frame_3_fft  29   3  0.489182;0.489520;0.041413    1384.408;1086.531;780.585         2;2;24
without_coding_region  5000   NC_086017.1  SCFR_NC_086017_1_137451378_137456988_frame_2_fft  33   3  0.489127;0.489661;0.061319    1221.472;1133.668;764.747         2;2;16
without_coding_region  5000   NC_086017.1  SCFR_NC_086017_1_137451439_137461858_frame_1_fft  52   3  0.489202;0.489490;0.489682    1888.732;1847.152;1430.717        2;2;2
without_coding_region  5000   NC_086017.1  SCFR_NC_086017_1_137463201_137470728_frame_2_fft  41   3  0.489172;0.489571;0.489837    1361.249;1002.408;860.253         2;2;2
without_coding_region  5000   NC_086017.1  SCFR_NC_086017_1_137466854_137479769_frame_3_fft  58   3  0.489353;0.061479;0.490592    4254.595;1770.039;1282.280        2;16;2
without_coding_region  5000   NC_086017.1  SCFR_NC_086017_1_137469955_137485750_frame_1_fft  74   3  0.489395;0.488509;0.489016    3007.529;1991.272;1861.642        2;2;2
without_coding_region  5000   NC_086017.1  SCFR_NC_086017_1_137470731_137481903_frame_2_fft  53   3  0.489348;0.061493;0.490602    3178.053;1864.693;1436.715        2;16;2
without_coding_region  5000   NC_086017.1  SCFR_NC_086017_1_137485753_137495776_frame_1_fft  55   3  0.489275;0.488975;0.488676    1793.322;1568.530;1348.358        2;2;2
without_coding_region  5000   NC_086017.1  SCFR_NC_086017_1_137500015_137505112_frame_1_fft  27   3  0.488523;0.489307;0.488915    908.480;900.840;868.836           2;2;2
without_coding_region  5000   NC_086017.1  SCFR_NC_086017_1_137491878_137501793_frame_2_fft  55   3  0.489158;0.489460;0.489864    2082.089;1729.283;1117.044        2;2;2
without_coding_region  5000   NC_086017.1  SCFR_NC_086017_1_137486942_137493995_frame_3_fft  36   3  0.489012;0.489437;0.488586    1242.041;1151.228;1074.022        2;2;2
without_coding_region  5000   NC_086017.1  SCFR_NC_086017_1_137481014_137486939_frame_3_fft  32   3  0.489114;0.488439;0.489620    1214.193;1013.343;860.292         2;2;2
without_coding_region  5000   NC_086017.1  SCFR_NC_086017_1_137516766_137522337_frame_2_fft  31   3  0.488961;0.489679;0.490038    1233.953;713.384;535.664          2;2;2
without_coding_region  5000   NC_086017.1  SCFR_NC_086017_1_137510853_137516763_frame_2_fft  31   3  0.489171;0.041455;0.020135    1535.622;682.173;580.294          2;24;50
without_coding_region  5000   NC_086017.1  SCFR_NC_086017_1_137522340_137528247_frame_2_fft  25   3  0.489081;0.488742;0.489589    1283.578;1057.446;874.679         2;2;2
without_coding_region  5000   NC_086017.1  SCFR_NC_086017_1_137518117_137523925_frame_1_fft  33   3  0.488981;0.489669;0.061123    1659.222;921.234;674.054          2;2;16
without_coding_region  5000   NC_086017.1  SCFR_NC_086017_1_137530379_137538416_frame_3_fft  37   3  0.489113;0.489362;0.488740    1881.389;1747.252;1014.257        2;2;2
without_coding_region  5000   NC_086017.1  SCFR_NC_086017_1_137553735_137562801_frame_2_fft  60   3  0.489190;0.306861;0.203949    3268.831;1035.076;1034.585        2;3;5
without_coding_region  5000   NC_086017.1  SCFR_NC_086017_1_137534118_137544282_frame_2_fft  48   3  0.489177;0.021547;0.306867    3037.386;1360.388;1141.051        2;46;3
without_coding_region  5000   NC_086017.1  SCFR_NC_086017_1_137538419_137547614_frame_3_fft  44   3  0.489179;0.488853;0.489940    2650.165;1229.535;1051.732        2;2;2
without_coding_region  5000   NC_086017.1  SCFR_NC_086017_1_137569825_137574967_frame_1_fft  31   3  0.489304;0.489693;0.490276    1427.315;938.466;644.305          2;2;2
without_coding_region  5000   NC_086017.1  SCFR_NC_086017_1_137554063_137563156_frame_1_fft  51   3  0.489167;0.021555;0.306829    2661.117;1339.826;992.585         2;46;3
without_coding_region  5000   NC_086017.1  SCFR_NC_086017_1_137603839_137611291_frame_1_fft  44   3  0.489399;0.489667;0.489936    1202.305;1155.161;1061.353        2;2;2
without_coding_region  5000   NC_086017.1  SCFR_NC_086017_1_137563802_137568824_frame_3_fft  22   3  0.489247;0.489646;0.021505    1680.974;660.877;627.095          2;2;47
without_coding_region  5000   NC_086017.1  SCFR_NC_086017_1_137588282_137594357_frame_3_fft  26   3  0.489053;0.488724;0.489712    1158.223;1003.610;892.287         2;2;2
without_coding_region  5000   NC_086017.1  SCFR_NC_086017_1_137597284_137602519_frame_1_fft  27   3  0.489207;0.488634;0.489971    1015.774;886.069;821.968          2;2;2
without_coding_region  5000   NC_086017.1  SCFR_NC_086017_1_137605563_137612067_frame_2_fft  34   3  0.489237;0.489699;0.490006    1577.277;1302.797;826.065         2;2;2
without_coding_region  5000   NC_086017.1  SCFR_NC_086017_1_137630083_137637016_frame_1_fft  34   3  0.488966;0.489831;0.489543    1380.707;1026.076;981.973         2;2;2
without_coding_region  5000   NC_086017.1  SCFR_NC_086017_1_137621877_137630385_frame_2_fft  39   3  0.489187;0.489657;0.490244    1552.002;1318.423;1241.792        2;2;2
without_coding_region  5000   NC_086017.1  SCFR_NC_086017_1_137616326_137621534_frame_3_fft  25   3  0.489823;0.489439;0.490207    1016.168;946.109;887.638          2;2;2
without_coding_region  5000   NC_086017.1  SCFR_NC_086017_1_137641961_137647685_frame_3_fft  29   3  0.489343;0.490042;0.488819    1370.376;868.289;805.557          2;2;2
without_coding_region  5000   NC_086017.1  SCFR_NC_086017_1_137645434_137650747_frame_1_fft  24   3  0.489554;0.488989;0.021457    1537.027;1121.011;708.109         2;2;47
without_coding_region  5000   NC_086017.1  SCFR_NC_086017_1_76_9937_frame_1_fft              5    3  -0.166717;0.166717;-0.333333  4952.074;4952.074;3281.878        9;46;12
without_coding_region  5000   NC_086017.1  SCFR_NC_086017_1_137645625_137658474_frame_2_fft  64   3  0.488987;0.489999;0.489532    1912.718;1620.624;1605.843        2;2;2
without_coding_region  5000   NC_086017.1  SCFR_NC_086017_1_137654300_137661461_frame_3_fft  31   3  0.489177;0.490015;0.488759    1446.668;1093.797;1034.821        2;2;2
without_coding_region  5000   NC_086017.1  SCFR_NC_086017_1_1_10147_frame2_fft               5    3  -0.166667;0.166667;-0.333333  7783.029;7783.029;3278.634        9;45;11
without_coding_region  5000   NC_086017.1  SCFR_NC_086017_1_77_10082_frame3_fft              5    3  -0.166717;0.166717;-0.333333  5027.703;5027.703;3292.891        9;46;11
without_coding_region  5000   NC_073234.2  SCFR_NC_073234_2_146051453_146059319_frame3_fft   33   3  0.352276;0.351894;0.350114    1185.532;1165.787;1079.135        3;3;3
without_coding_region  5000   NC_073234.2  SCFR_NC_073234_2_2880_8256_frame_3_fft            2    2  0.166667;0.333333             4177.227;1730.846                 6;3
without_coding_region  5000   NC_073234.2  SCFR_NC_073234_2_146051227_146059474_frame2_fft   30   3  0.351886;0.352249;0.350188    1203.674;1130.026;990.120         3;3;3
without_coding_region  5000   NC_073234.2  SCFR_NC_073234_2_146051436_146059089_frame1_fft   33   3  0.351888;0.352280;0.351235    1160.550;1132.104;985.607         3;3;3
without_coding_region  5000   NC_073234.2  SCFR_NC_073234_2_3012_8268_frame1_fft             2    2  0.166667;0.333333             4129.156;1748.587                 6;3
without_coding_region  5000   NC_073234.2  SCFR_NC_073234_2_3011_8267_frame_1_fft            2    2  0.166667;0.333333             4128.648;1748.240                 6;3
without_coding_region  5000   NC_073234.2  SCFR_NC_073234_2_2881_8257_frame2_fft             2    2  0.166667;0.333333             4179.083;1729.808                 6;3
without_coding_region  5000   NC_073227.2  SCFR_NC_073227_2_250_6514_frame_3_fft             5    3  -0.166667;0.166667;-0.333333  4518.477;4518.477;2086.672        13;64;16
without_coding_region  5000   NC_073227.2  SCFR_NC_073227_2_211249468_211254505_frame_3_fft  29   3  0.365098;0.333333;0.396863    1525.195;1301.661;1168.636        3;3;3
without_coding_region  5000   NC_073227.2  SCFR_NC_073227_2_0_6605_frame_2_fft               7    3  -0.166692;0.166692;-0.333384  4149.795;4149.795;1808.472        12;61;15
without_coding_region  5000   NC_073227.2  SCFR_NC_073227_2_21_6594_frame1_fft               7    3  -0.166591;0.166591;-0.333333  3508.666;3508.666;2053.800        12;61;15
without_coding_region  5000   NC_073227.2  SCFR_NC_073227_2_251_6497_frame3_fft              5    3  -0.166667;0.166667;-0.333333  4514.586;4514.586;2093.297        13;64;16
without_coding_region  5000   NC_073227.2  SCFR_NC_073227_2_80829297_80836107_frame_1_fft    19   3  0.452423;0.428634;0.166667    2020.777;1913.975;1609.605        2;2;6
without_coding_region  5000   NC_073227.2  SCFR_NC_073227_2_81573251_81579422_frame_2_fft    19   3  0.428618;0.452439;0.047642    2109.129;1667.372;1385.229        2;2;21
without_coding_region  5000   NC_073227.2  SCFR_NC_073227_2_80836110_80841246_frame_1_fft    19   3  0.428544;0.452298;0.166667    1938.241;1261.552;1227.086        2;2;6
without_coding_region  5000   NC_073227.2  SCFR_NC_073227_2_81618830_81631871_frame_2_fft    19   3  0.428571;0.047619;0.452343    5090.501;3066.734;2827.404        2;21;2
without_coding_region  5000   NC_073227.2  SCFR_NC_073227_2_81548573_81565604_frame_2_fft    19   3  0.428571;0.047619;0.452352    6643.066;4026.895;3702.974        2;21;2
without_coding_region  5000   NC_073227.2  SCFR_NC_073227_2_81638424_81643881_frame_1_fft    19   3  0.428624;0.452446;0.047645    1869.869;1479.088;1228.866        2;2;21
without_coding_region  5000   NC_073227.2  SCFR_NC_073227_2_81964890_81981921_frame_1_fft    20   3  0.428571;0.047619;0.452352    6645.065;4026.025;3702.803        2;21;2
without_coding_region  5000   NC_073227.2  SCFR_NC_073227_2_82054656_82060113_frame_1_fft    19   3  0.428624;0.452446;0.047645    1870.143;1480.566;1229.779        2;2;21
without_coding_region  5000   NC_073227.2  SCFR_NC_073227_2_82060706_82068848_frame_2_fft    19   3  0.452346;0.428519;0.166667    2414.707;2294.712;1924.648        2;2;6
without_coding_region  5000   NC_073227.2  SCFR_NC_073227_2_81989568_81996117_frame_1_fft    19   3  0.428615;0.452435;0.047641    2238.112;1769.881;1475.122        2;2;21
without_coding_region  5000   NC_073227.2  SCFR_NC_073227_2_82114002_82119063_frame_1_fft    19   3  0.428571;0.047619;0.452282    1979.047;1186.304;1106.314        2;21;2
without_coding_region  5000   NC_073227.2  SCFR_NC_073227_2_82148147_82153208_frame_2_fft    19   3  0.428571;0.047619;0.452282    1979.047;1186.304;1106.314        2;21;2
without_coding_region  5000   NC_073227.2  SCFR_NC_073227_2_82085190_82091334_frame_1_fft    19   3  0.428548;0.452311;0.166667    2309.496;1513.183;1470.249        2;2;6
without_coding_region  5000   NC_073227.2  SCFR_NC_073227_2_82037244_82050285_frame_1_fft    19   3  0.428571;0.047619;0.452343    5090.424;3071.077;2830.206        2;21;2
without_coding_region  5000   NC_073227.2  SCFR_NC_073227_2_82209418_82214875_frame_3_fft    19   3  0.428624;0.452446;0.047645    1873.001;1502.763;1239.967        2;2;21
without_coding_region  5000   NC_073227.2  SCFR_NC_073227_2_82233220_82238296_frame_3_fft    19   3  0.452325;0.428487;0.166667    1499.305;1435.057;1192.483        2;2;6
without_coding_region  5000   NC_073227.2  SCFR_NC_073227_2_82267709_82273922_frame_2_fft    19   3  0.428617;0.452438;0.047642    2101.838;1704.605;1412.798        2;2;21
without_coding_region  5000   NC_073227.2  SCFR_NC_073227_2_82240020_82255974_frame_1_fft    37   3  0.452363;0.428545;0.166667    4748.725;4514.729;3803.137        2;2;6
without_coding_region  5000   NC_073227.2  SCFR_NC_073227_2_82332259_82338178_frame_3_fft    19   3  0.428620;0.452441;0.047643    2004.758;1620.114;1340.495        2;2;21
without_coding_region  5000   NC_073227.2  SCFR_NC_073227_2_82171006_82194967_frame_3_fft    25   3  0.428571;0.047619;0.452360    9335.100;5600.427;5169.943        2;21;2
without_coding_region  5000   NC_073227.2  SCFR_NC_073227_2_82341147_82348824_frame_1_fft    19   3  0.428553;0.452390;0.119057    2728.669;2461.329;1598.067        2;2;8
without_coding_region  5000   NC_073227.2  SCFR_NC_073227_2_82352844_82361400_frame_1_fft    19   3  0.428588;0.452431;0.166667    3224.079;2107.308;2021.553        2;2;6
without_coding_region  5000   NC_073227.2  SCFR_NC_073227_2_82421261_82426553_frame_2_fft    19   3  0.428571;0.452381;0.166667    2060.241;1800.692;1253.418        2;2;6
without_coding_region  5000   NC_073227.2  SCFR_NC_073227_2_82280244_82308024_frame_1_fft    37   3  0.428582;0.452376;0.166667    9477.909;9111.530;6566.469        2;2;6
without_coding_region  5000   NC_073227.2  SCFR_NC_073227_2_82442843_82448135_frame_2_fft    19   3  0.428571;0.452381;0.166667    2060.241;1800.692;1253.418        2;2;6
without_coding_region  5000   NC_073227.2  SCFR_NC_073227_2_83875079_83881052_frame_2_fft    19   3  0.428595;0.452369;0.119036    2251.458;2048.915;1284.531        2;2;8
without_coding_region  5000   NC_073227.2  SCFR_NC_073227_2_84664128_84670272_frame_1_fft    19   3  0.428548;0.452311;0.166667    2309.369;1513.954;1472.221        2;2;6
without_coding_region  5000   NC_073227.2  SCFR_NC_073227_2_84689748_84694809_frame_1_fft    19   3  0.428571;0.047619;0.452282    1975.649;1182.514;1102.732        2;21;2
without_coding_region  5000   NC_073227.2  SCFR_NC_073227_2_82364369_82375700_frame_2_fft    20   3  0.428647;0.452387;0.047657    2485.413;2424.662;2296.287        2;2;21
without_coding_region  5000   NC_073227.2  SCFR_NC_073227_2_84719664_84730830_frame_1_fft    20   3  0.452355;0.428533;0.166667    3284.559;3147.495;2658.027        2;2;6
without_coding_region  5000   NC_073227.2  SCFR_NC_073227_2_84730778_84741152_frame_2_fft    20   3  0.428571;0.452381;0.166667    4007.547;3504.446;2482.066        2;2;6
without_coding_region  5000   NC_073227.2  SCFR_NC_073227_2_84637417_84643057_frame_3_fft    19   3  0.428546;0.452305;0.166667    2125.431;1395.362;1331.721        2;2;6
without_coding_region  5000   NC_073227.2  SCFR_NC_073227_2_84751778_84766976_frame_2_fft    36   3  0.452362;0.428543;0.166667    4504.704;4304.739;3617.975        2;2;6
without_coding_region  5000   NC_073227.2  SCFR_NC_073227_2_84810839_84817052_frame_2_fft    19   3  0.428617;0.452438;0.047642    2101.838;1704.605;1412.798        2;2;21
without_coding_region  5000   NC_073227.2  SCFR_NC_073227_2_84782602_84795130_frame_3_fft    26   3  0.428560;0.452347;0.166667    4735.341;3099.227;2990.330        2;2;6
without_coding_region  5000   NC_073227.2  SCFR_NC_073227_2_84803563_84810904_frame_3_fft    19   3  0.428552;0.452391;0.119057    2775.378;2496.501;1583.030        2;2;8
without_coding_region  5000   NC_073227.2  SCFR_NC_073227_2_84772271_84778208_frame_2_fft    19   3  0.452417;0.428499;0.404750    1882.787;1678.436;1289.397        2;2;2
without_coding_region  5000   NC_073227.2  SCFR_NC_073227_2_84827784_84836982_frame_1_fft    20   3  0.428571;0.452381;0.166667    3583.243;3124.949;2152.118        2;2;6
without_coding_region  5000   NC_073227.2  SCFR_NC_073227_2_84864309_84876120_frame_1_fft    20   3  0.428584;0.404792;0.452375    3740.438;2343.428;2100.318        2;2;2
without_coding_region  5000   NC_073227.2  SCFR_NC_073227_2_85113287_85119836_frame_2_fft    19   3  0.428615;0.452435;0.047641    2239.104;1772.222;1477.459        2;2;21
without_coding_region  5000   NC_073227.2  SCFR_NC_073227_2_84845676_84861819_frame_1_fft    20   3  0.452394;0.428545;0.404757    5073.444;4549.889;3470.486        2;2;2
without_coding_region  5000   NC_073227.2  SCFR_NC_073227_2_85160235_85165692_frame_1_fft    19   3  0.428624;0.452446;0.047645    1869.702;1480.142;1228.221        2;2;21
without_coding_region  5000   NC_073227.2  SCFR_NC_073227_2_85150962_85160232_frame_1_fft    21   3  0.428587;0.452427;0.166667    3500.270;2265.814;2190.817        2;2;6
without_coding_region  5000   NC_073227.2  SCFR_NC_073227_2_85089029_85108370_frame_2_fft    26   3  0.428571;0.047619;0.452355    7532.752;4577.050;4203.151        2;21;2
without_coding_region  5000   NC_073227.2  SCFR_NC_073227_2_85167333_85172790_frame_1_fft    19   3  0.428624;0.452446;0.047645    1869.504;1478.645;1228.422        2;2;21
without_coding_region  5000   NC_073227.2  SCFR_NC_073227_2_85172793_85178433_frame_1_fft    19   3  0.428546;0.452305;0.166667    2125.008;1392.778;1330.084        2;2;6
without_coding_region  5000   NC_073227.2  SCFR_NC_073227_2_87333594_87342531_frame_1_fft    20   3  0.428555;0.452389;0.119056    3363.533;3079.715;2005.688        2;2;8
without_coding_region  5000   NC_073227.2  SCFR_NC_073227_2_86229728_86235041_frame_2_fft    19   3  0.428571;0.047619;0.452475    2063.558;1234.136;1183.371        2;21;2
without_coding_region  5000   NC_073227.2  SCFR_NC_073227_2_87318728_87326675_frame_2_fft    19   3  0.428589;0.452372;0.119039    2969.771;2749.237;1711.706        2;2;8
without_coding_region  5000   NC_073248.2  SCFR_NC_073248_2_2019_11067_frame_3_fft           12   3  0.166777;0.166556;0.333333    5114.604;3724.100;2451.840        6;6;3
without_coding_region  5000   NC_073248.2  SCFR_NC_073248_2_41069654_41075513_frame_1_fft    7    3  0.200034;0.400239;0.199522    2756.808;1622.954;1160.428        5;2;5
without_coding_region  5000   NC_073248.2  SCFR_NC_073248_2_40975239_40981206_frame_3_fft    9    3  0.200101;0.400201;0.399698    4037.570;1487.435;938.637         5;2;3
without_coding_region  5000   NC_073248.2  SCFR_NC_073248_2_2020_11068_frame2_fft            12   3  0.166777;0.166556;0.333333    5115.640;3723.069;2453.817        6;6;3
without_coding_region  5000   NC_073248.2  SCFR_NC_073248_2_44589123_44594175_frame1_fft     11   3  0.200317;0.199921;0.400040    1879.883;1024.051;847.164         5;5;3
without_coding_region  5000   NC_073240.2  SCFR_NC_073240_2_13225079_13231706_frame3_fft     8    3  0.176400;0.352950;0.058850    2971.740;2534.405;1774.116        6;3;17
without_coding_region  5000   NC_073240.2  SCFR_NC_073240_2_13251582_13258887_frame1_fft     8    3  0.176454;0.352909;0.470637    4719.001;2561.841;1836.826        6;3;2
without_coding_region  5000   NC_073240.2  SCFR_NC_073240_2_13252840_13257988_frame2_fft     8    3  0.176379;0.352953;0.058858    2293.070;1974.216;1369.659        6;3;17
without_coding_region  5000   NC_073240.2  SCFR_NC_073240_2_13257839_13263479_frame3_fft     8    3  0.176418;0.470567;0.353014    3218.791;1738.529;1622.989        6;2;3
without_coding_region  5000   NC_073240.2  SCFR_NC_073240_2_13260507_13265553_frame1_fft     8    3  0.176377;0.352953;0.058859    2246.091;1943.903;1349.548        6;3;17
without_coding_region  5000   NC_073240.2  SCFR_NC_073240_2_13264945_13272421_frame2_fft     8    3  0.176431;0.470572;0.352996    4285.196;2300.601;2159.759        6;2;3
without_coding_region  5000   NC_073240.2  SCFR_NC_073240_2_13265556_13270773_frame1_fft     8    3  0.176538;0.352885;0.470577    2804.461;1764.555;1637.588        6;3;2
without_coding_region  5000   NC_073240.2  SCFR_NC_073240_2_13273427_13279457_frame3_fft     8    3  0.176451;0.352902;0.470647    3891.677;2123.857;1526.720        6;3;2
without_coding_region  5000   NC_073240.2  SCFR_NC_073240_2_13281077_13286990_frame3_fft     8    3  0.176391;0.352951;0.058853    2626.525;2269.621;1577.744        6;3;17
without_coding_region  5000   NC_073240.2  SCFR_NC_073240_2_13307784_13316655_frame1_fft     8    3  0.176418;0.352948;0.058843    3944.496;3384.102;2373.801        6;3;17
without_coding_region  5000   NC_073240.2  SCFR_NC_073240_2_13315945_13321177_frame2_fft     8    3  0.176414;0.470566;0.353020    3001.512;1592.871;1478.317        6;2;3
without_coding_region  5000   NC_073240.2  SCFR_NC_073240_2_13140892_13326112_frame_1_fft    11   3  0.176471;0.352942;0.470586    119461.368;64407.307;46529.933    6;3;2
without_coding_region  5000   NC_073240.2  SCFR_NC_073240_2_13140813_13325778_frame_2_fft    11   3  0.176471;0.352942;0.470586    119443.998;64389.165;46493.919    6;3;2
without_coding_region  5000   NC_073240.2  SCFR_NC_073240_2_13140998_13325723_frame_3_fft    8    3  0.176473;0.352941;0.058823    82636.267;70329.484;49165.476     6;3;17
without_coding_region  5000   NC_073240.2  SCFR_NC_073240_2_13409348_13414547_frame3_fft     8    3  0.176380;0.352952;0.058857    2320.862;1972.826;1380.621        6;3;17
without_coding_region  5000   NC_073240.2  SCFR_NC_073240_2_13438588_13445011_frame2_fft     8    3  0.176397;0.352950;0.058851    2886.947;2457.974;1740.931        6;3;17
without_coding_region  5000   NC_073240.2  SCFR_NC_073240_2_13448448_13455534_frame1_fft     8    3  0.176404;0.352949;0.058848    3189.738;2718.982;1935.896        6;3;17
without_coding_region  5000   NC_073240.2  SCFR_NC_073240_2_13450172_13457489_frame3_fft     8    3  0.176438;0.470548;0.352877    4458.750;2014.692;1921.167        6;2;3
without_coding_region  5000   NC_073240.2  SCFR_NC_073240_2_13450729_13457761_frame2_fft     8    3  0.176479;0.352958;0.470563    4668.821;2664.202;2124.180        6;3;2
without_coding_region  5000   NC_073240.2  SCFR_NC_073240_2_13459380_13464765_frame1_fft     8    3  0.176416;0.470566;0.353018    3097.975;1674.481;1561.990        6;2;3
without_coding_region  5000   NC_073240.2  SCFR_NC_073240_2_13459481_13465292_frame3_fft     8    3  0.176390;0.352951;0.058854    2612.620;2233.731;1581.496        6;3;17
without_coding_region  5000   NC_073240.2  SCFR_NC_073240_2_13479422_13485335_frame3_fft     8    3  0.176391;0.352951;0.058853    2656.290;2264.171;1596.609        6;3;17
without_coding_region  5000   NC_073240.2  SCFR_NC_073240_2_13487123_13492883_frame3_fft     8    3  0.176389;0.352951;0.058854    2589.754;2209.742;1570.614        6;3;17
without_coding_region  5000   NC_073240.2  SCFR_NC_073240_2_13488364_13495195_frame2_fft     8    3  0.176402;0.352950;0.058849    3071.169;2630.500;1847.729        6;3;17
without_coding_region  5000   NC_073240.2  SCFR_NC_073240_2_13498418_13504715_frame3_fft     8    3  0.176433;0.470542;0.352866    3828.249;1718.375;1627.692        6;2;3
without_coding_region  5000   NC_073240.2  SCFR_NC_073240_2_13504718_13509764_frame3_fft     8    3  0.176377;0.352953;0.058859    2278.084;1933.835;1361.981        6;3;17
without_coding_region  5000   NC_073240.2  SCFR_NC_073240_2_13518437_13524656_frame3_fft     8    3  0.176395;0.352951;0.058852    2786.379;2372.609;1665.622        6;3;17
without_coding_region  5000   NC_073240.2  SCFR_NC_073240_2_13531187_13537406_frame3_fft     8    3  0.176395;0.352951;0.058852    2788.371;2372.778;1664.371        6;3;17
without_coding_region  5000   NC_073240.2  SCFR_NC_073240_2_13550040_13555647_frame1_fft     8    3  0.176387;0.352952;0.058855    2518.938;2135.814;1498.221        6;3;17
without_coding_region  5000   NC_073240.2  SCFR_NC_073240_2_13555650_13564215_frame1_fft     8    3  0.176416;0.352948;0.058844    3827.308;3242.895;2278.220        6;3;17
without_coding_region  5000   NC_073240.2  SCFR_NC_073240_2_13575880_13581130_frame2_fft     8    3  0.176381;0.352952;0.058857    2364.414;1989.474;1391.265        6;3;17
without_coding_region  5000   NC_073240.2  SCFR_NC_073240_2_13584618_13590276_frame1_fft     8    3  0.176387;0.352952;0.058855    2538.634;2183.929;1560.817        6;3;17
without_coding_region  5000   NC_073240.2  SCFR_NC_073240_2_13596416_13601513_frame3_fft     8    3  0.176378;0.352953;0.058858    2280.777;1953.811;1409.461        6;3;17
without_coding_region  5000   NC_073240.2  SCFR_NC_073240_2_13606973_13615232_frame3_fft     8    3  0.176414;0.352948;0.058845    3680.462;3131.022;2193.332        6;3;17
without_coding_region  5000   NC_073240.2  SCFR_NC_073240_2_13608673_13613974_frame2_fft     8    3  0.176382;0.352952;0.058857    2354.755;2009.159;1386.538        6;3;17
without_coding_region  5000   NC_073240.2  SCFR_NC_073240_2_13616663_13622219_frame3_fft     8    3  0.176386;0.352952;0.058855    2494.641;2136.269;1521.131        6;3;17
without_coding_region  5000   NC_073240.2  SCFR_NC_073240_2_13622052_13627404_frame1_fft     8    3  0.176383;0.352952;0.058857    2412.468;2048.135;1470.305        6;3;17
without_coding_region  5000   NC_073240.2  SCFR_NC_073240_2_13628342_13633643_frame3_fft     8    3  0.176382;0.352952;0.058857    2393.017;2027.341;1461.040        6;3;17
without_coding_region  5000   NC_073240.2  SCFR_NC_073240_2_13634581_13640902_frame2_fft     8    3  0.176396;0.352950;0.058851    2839.167;2422.129;1723.728        6;3;17
without_coding_region  5000   NC_073240.2  SCFR_NC_073240_2_13643251_13649929_frame2_fft     8    3  0.176400;0.352950;0.058850    3001.556;2565.329;1829.394        6;3;17
without_coding_region  5000   NC_073240.2  SCFR_NC_073240_2_13670298_13677639_frame1_fft     8    3  0.176406;0.352949;0.058848    3294.382;2795.226;1981.108        6;3;17
without_coding_region  5000   NC_073240.2  SCFR_NC_073240_2_13672321_13677469_frame2_fft     8    3  0.176379;0.352953;0.058858    2310.424;1969.505;1386.705        6;3;17
without_coding_region  5000   NC_073240.2  SCFR_NC_073240_2_13679087_13687397_frame3_fft     8    3  0.176414;0.352948;0.058845    3731.577;3187.053;2277.183        6;3;17
without_coding_region  5000   NC_073240.2  SCFR_NC_073240_2_13701306_13707423_frame1_fft     8    3  0.176394;0.352951;0.058852    2750.262;2344.128;1661.720        6;3;17
without_coding_region  5000   NC_073240.2  SCFR_NC_073240_2_13717456_13728520_frame2_fft     8    3  0.176428;0.352946;0.058839    4995.337;4236.090;3025.303        6;3;17
without_coding_region  5000   NC_073240.2  SCFR_NC_073240_2_13727979_13733790_frame1_fft     8    3  0.176390;0.352951;0.058854    2603.374;2204.864;1579.241        6;3;17
without_coding_region  5000   NC_073240.2  SCFR_NC_073240_2_13731481_13736527_frame2_fft     8    3  0.176377;0.352953;0.058859    2258.333;1915.130;1370.635        6;3;17
without_coding_region  5000   NC_073240.2  SCFR_NC_073240_2_13734626_13740386_frame3_fft     8    3  0.176389;0.352951;0.058854    2573.210;2191.762;1558.235        6;3;17
without_coding_region  5000   NC_073240.2  SCFR_NC_073240_2_13372978_13750747_frame_1_fft    10   3  0.176470;0.352941;0.470589    245506.071;132014.867;96621.281   6;3;2
without_coding_region  5000   NC_073240.2  SCFR_NC_073240_2_13740508_13746778_frame2_fft     8    3  0.176396;0.352951;0.058852    2813.294;2397.835;1705.037        6;3;17
without_coding_region  5000   NC_073240.2  SCFR_NC_073240_2_13736649_13745112_frame1_fft     8    3  0.176415;0.352948;0.058844    3793.592;3237.207;2289.665        6;3;17
without_coding_region  5000   NC_073240.2  SCFR_NC_073240_2_13748574_13760454_frame_2_fft    8    3  0.176431;0.352946;0.058838    5313.432;4469.503;3178.477        6;3;17
without_coding_region  5000   NC_073240.2  SCFR_NC_073240_2_13757006_13768172_frame_3_fft    8    3  0.176428;0.352946;0.058839    4987.675;4221.016;2995.505        6;3;17
without_coding_region  5000   NC_073240.2  SCFR_NC_073240_2_13759471_13764721_frame_1_fft    8    3  0.176381;0.352952;0.058857    2345.479;1974.964;1386.384        6;3;17
without_coding_region  5000   NC_073240.2  SCFR_NC_073240_2_13764724_13771912_frame_1_fft    8    3  0.176405;0.352949;0.058848    3198.363;2711.330;1918.564        6;3;17
without_coding_region  5000   NC_073240.2  SCFR_NC_073240_2_13373163_13748571_frame_2_fft    13   3  0.176469;0.352941;0.058824    168491.402;143024.599;101468.876  6;3;17
without_coding_region  5000   NC_073240.2  SCFR_NC_073240_2_13373057_13749047_frame_3_fft    8    3  0.176470;0.352940;0.058823    237479.008;116557.316;106326.660  6;3;17
without_coding_region  5000   NC_073240.2  SCFR_NC_073240_2_13775086_13781608_frame2_fft     8    3  0.176480;0.352959;0.470561    4333.654;2456.658;1957.333        6;3;2
without_coding_region  5000   NC_073240.2  SCFR_NC_073240_2_13777041_13783563_frame1_fft     8    3  0.176480;0.352959;0.470561    4337.780;2464.494;1957.593        6;3;2
without_coding_region  5000   NC_073240.2  SCFR_NC_073240_2_13770504_13879080_frame_2_fft    9    3  0.176466;0.352942;0.058825    48980.248;40823.135;28670.903     6;3;17
without_coding_region  5000   NC_073240.2  SCFR_NC_073240_2_13787037_13793622_frame1_fft     8    3  0.176462;0.352923;0.470615    4377.496;2474.576;1979.127        6;3;2
without_coding_region  5000   NC_073240.2  SCFR_NC_073240_2_13849904_13855952_frame3_fft     8    3  0.176422;0.470569;0.353009    3474.528;1895.705;1706.806        6;2;3
without_coding_region  5000   NC_073240.2  SCFR_NC_073240_2_13774108_13880695_frame_1_fft    8    3  0.176466;0.352942;0.058825    48066.817;40062.160;28140.087     6;3;17
without_coding_region  5000   NC_073240.2  SCFR_NC_073240_2_13911877_13917841_frame2_fft     8    3  0.176392;0.352951;0.058853    2694.449;2253.379;1596.901        6;3;17
without_coding_region  5000   NC_073240.2  SCFR_NC_073240_2_13913466_13918767_frame1_fft     8    3  0.176382;0.352952;0.058857    2379.414;2009.028;1413.682        6;3;17
without_coding_region  5000   NC_073240.2  SCFR_NC_073240_2_13948818_13954731_frame1_fft     8    3  0.176391;0.352951;0.058853    2670.260;2239.925;1619.626        6;3;17
without_coding_region  5000   NC_073240.2  SCFR_NC_073240_2_13955864_13963613_frame3_fft     8    3  0.176410;0.352949;0.058846    3459.966;2892.653;1971.454        6;3;17
without_coding_region  5000   NC_073240.2  SCFR_NC_073240_2_13961821_13971739_frame2_fft     8    3  0.176447;0.470559;0.352894    6023.562;2612.719;2466.969        6;2;3
without_coding_region  5000   NC_073240.2  SCFR_NC_073240_2_13962273_13973796_frame1_fft     8    3  0.176430;0.352946;0.058839    5161.420;4267.807;2864.864        6;3;17
without_coding_region  5000   NC_073240.2  SCFR_NC_073240_2_13975788_13984659_frame1_fft     8    3  0.176418;0.352948;0.058843    4010.118;3325.401;2342.510        6;3;17
without_coding_region  5000   NC_073240.2  SCFR_NC_073240_2_13977947_13987124_frame3_fft     8    3  0.176419;0.352948;0.058843    4112.458;3432.774;2398.502        6;3;17
without_coding_region  5000   NC_073240.2  SCFR_NC_073240_2_13978525_13986988_frame2_fft     8    3  0.176415;0.352948;0.058844    3778.115;3183.776;2233.366        6;3;17
without_coding_region  5000   NC_073240.2  SCFR_NC_073240_2_13986294_13994961_frame1_fft     8    3  0.176416;0.352948;0.058844    3877.388;3240.169;2234.726        6;3;17
without_coding_region  5000   NC_073240.2  SCFR_NC_073240_2_13986991_13992751_frame2_fft     8    3  0.176389;0.352951;0.058854    2603.599;2167.247;1514.157        6;3;17
without_coding_region  5000   NC_073240.2  SCFR_NC_073240_2_13988759_13994573_frame3_fft     8    3  0.176471;0.352941;0.470588    3893.590;2199.157;1831.554        6;3;2
without_coding_region  5000   NC_073240.2  SCFR_NC_073240_2_13994386_14007184_frame2_fft     8    3  0.176434;0.352946;0.058837    5778.404;4838.537;3484.011        6;3;17
without_coding_region  5000   NC_073240.2  SCFR_NC_073240_2_13879083_14060100_frame_2_fft    14   3  0.176470;0.352939;0.058823    113644.643;55041.849;49774.377    6;3;17
without_coding_region  5000   NC_073240.2  SCFR_NC_073240_2_13994576_14010329_frame3_fft     8    3  0.176474;0.352949;0.470577    10471.308;5842.019;4806.697       6;3;2
without_coding_region  5000   NC_073240.2  SCFR_NC_073240_2_13881718_14058904_frame_1_fft    13   3  0.176470;0.352940;0.470590    115390.522;61045.309;44783.041    6;3;2
without_coding_region  5000   NC_073240.2  SCFR_NC_073240_2_13994964_14005620_frame1_fft     8    3  0.176426;0.352947;0.058840    4805.790;4054.922;2931.758        6;3;17
without_coding_region  5000   NC_073240.2  SCFR_NC_073240_2_14010723_14016381_frame1_fft     8    3  0.176387;0.352952;0.058855    2546.544;2116.400;1440.630        6;3;17
without_coding_region  5000   NC_073240.2  SCFR_NC_073240_2_14016384_14022705_frame1_fft     8    3  0.176396;0.352950;0.058851    2821.453;2381.078;1660.284        6;3;17
without_coding_region  5000   NC_073240.2  SCFR_NC_073240_2_13772714_14058896_frame_3_fft    12   3  0.176472;0.470589;0.352940    164760.233;87646.915;80549.437    6;2;3
without_coding_region  5000   NC_073240.2  SCFR_NC_073240_2_14022708_14028264_frame1_fft     8    3  0.176386;0.352952;0.058855    2476.187;2089.853;1423.646        6;3;17
without_coding_region  5000   NC_073240.2  SCFR_NC_073240_2_14031191_14036441_frame3_fft     8    3  0.176381;0.352952;0.058857    2329.417;1974.990;1365.157        6;3;17
without_coding_region  5000   NC_073240.2  SCFR_NC_073240_2_14034829_14040691_frame2_fft     8    3  0.176390;0.352951;0.058854    2627.696;2235.778;1575.046        6;3;17
without_coding_region  5000   NC_073240.2  SCFR_NC_073240_2_14036172_14042046_frame1_fft     8    3  0.176541;0.352911;0.470548    2894.458;2119.274;1647.410        6;3;2
without_coding_region  5000   NC_073240.2  SCFR_NC_073240_2_14042197_14048875_frame2_fft     8    3  0.176400;0.352950;0.058850    2964.765;2536.851;1799.074        6;3;17
without_coding_region  5000   NC_073240.2  SCFR_NC_073240_2_14011607_14024966_frame3_fft     8    3  0.176435;0.352946;0.058837    5988.608;5022.424;3481.438        6;3;17
without_coding_region  5000   NC_073240.2  SCFR_NC_073240_2_16473725_16480268_frame3_fft     28   3  0.063274;0.063579;0.064191    1139.495;1017.281;1000.708        16;16;16
without_coding_region  5000   NC_073240.2  SCFR_NC_073240_2_16473706_16480186_frame2_fft     32   3  0.063272;0.063580;0.064198    1139.202;1017.342;998.246         16;16;16
without_coding_region  5000   NC_073240.2  SCFR_NC_073240_2_16473702_16480191_frame1_fft     35   3  0.063646;0.189706;0.063338    1258.970;879.926;846.916          16;5;16
without_coding_region  5000   NC_073240.2  SCFR_NC_073240_2_68697427_68721334_frame_1_fft    79   3  0.475384;0.475049;0.474756    2500.200;2480.198;2379.931        2;2;2
without_coding_region  5000   NC_073240.2  SCFR_NC_073240_2_68697446_68703833_frame_3_fft    33   3  0.475497;0.474871;0.473775    949.733;845.839;844.044           2;2;2
without_coding_region  5000   NC_073240.2  SCFR_NC_073240_2_68697295_68723734_frame2_fft     88   3  0.474753;0.475018;0.475737    2815.460;2519.399;2233.770        2;2;2
without_coding_region  5000   NC_073240.2  SCFR_NC_073240_2_68698173_68713110_frame_2_fft    55   3  0.475397;0.475062;0.474192    2255.507;1893.712;1674.058        2;2;2
without_coding_region  5000   NC_073240.2  SCFR_NC_073240_2_68703836_68712935_frame_3_fft    29   3  0.475767;0.474228;0.474997    1384.062;1261.277;1150.891        2;2;2
without_coding_region  5000   NC_073240.2  SCFR_NC_073240_2_68697428_68723738_frame3_fft     88   3  0.475029;0.475371;0.474762    3225.191;2556.804;2442.712        2;2;2
without_coding_region  5000   NC_073240.2  SCFR_NC_073240_2_68713113_68723733_frame_2_fft    36   3  0.476836;0.474765;0.475330    1267.338;1233.712;1187.846        2;2;2
without_coding_region  5000   NC_073240.2  SCFR_NC_073240_2_68697441_68723838_frame1_fft     89   3  0.474751;0.475016;0.475736    2844.816;2342.178;2247.540        2;2;2
without_coding_region  5000   NC_073240.2  SCFR_NC_073240_2_68713130_68721290_frame_3_fft    28   3  0.475245;0.476838;0.473897    1213.949;1205.078;1058.098        2;2;2
without_coding_region  5000   NC_073240.2  SCFR_NC_073240_2_77925388_77931262_frame2_fft     2    2  0.000511;0.456759             350.168;330.457                   1958;2
without_coding_region  5000   NC_073240.2  SCFR_NC_073240_2_77925453_77932770_frame_2_fft    1    1  0.456745                      369.265                           2
without_coding_region  5000   NC_073240.2  SCFR_NC_073240_2_77925577_77932810_frame_1_fft    0    0
without_coding_region  5000   NC_073240.2  SCFR_NC_073240_2_77925602_77931701_frame3_fft     2    2  0.415642;0.333169             316.530;313.014                   2;3
without_coding_region  5000   NC_073240.2  SCFR_NC_073240_2_77925548_77932784_frame_3_fft    2    2  0.456744;0.421504             363.237;343.625                   2;2
without_coding_region  5000   NC_073240.2  SCFR_NC_073240_2_77925654_77932821_frame1_fft     1    1  0.415655                      367.620                           2
without_coding_region  5000   NC_073240.2  SCFR_NC_073240_2_7713383_7718474_frame_3_fft      13   3  0.200157;0.400314;0.199175    2493.117;1170.922;998.012         5;2;5
without_coding_region  5000   NC_073244.2  SCFR_NC_073244_2_133_6070_frame_3_fft             5    3  -0.166751;0.166751;-0.333333  3196.110;3196.110;1818.815        14;68;17
without_coding_region  5000   NC_073244.2  SCFR_NC_073244_2_128_6071_frame3_fft              5    3  -0.166751;0.166751;-0.333333  3201.688;3201.688;1816.820        14;68;17
without_coding_region  5000   NC_073244.2  SCFR_NC_073244_2_607_6064_frame2_fft              5    3  -0.166575;0.166575;-0.333333  2756.803;2756.803;1826.151        15;74;18
without_coding_region  5000   NC_073244.2  SCFR_NC_073244_2_612_5787_frame_1_fft             5    3  -0.166570;0.166570;-0.333333  2599.040;2599.040;1724.000        16;78;20
without_coding_region  5000   NC_073244.2  SCFR_NC_073244_2_6255194_6266432_frame_2_fft      65   3  0.080085;0.079818;0.319452    1302.717;1193.005;828.040         12;13;3
without_coding_region  5000   NC_073244.2  SCFR_NC_073244_2_6255187_6266410_frame_3_fft      53   3  0.079836;0.080103;0.080816    1438.385;1155.516;939.843         13;12;12
without_coding_region  5000   NC_073244.2  SCFR_NC_073244_2_67096415_67103447_frame3_fft     44   3  0.343999;0.095705;0.312002    1648.080;906.809;877.053          3;10;3
without_coding_region  5000   NC_073244.2  SCFR_NC_073244_2_67096437_67103466_frame1_fft     42   3  0.344003;0.095746;0.094181    1633.323;967.374;844.696          3;10;11
without_coding_region  5000   NC_073244.2  SCFR_NC_073244_2_67096378_67103458_frame2_fft     46   3  0.343927;0.095763;0.406215    1322.655;960.501;904.134          3;10;2
without_coding_region  5000   NC_073244.2  SCFR_NC_073244_2_6255255_6266448_frame_1_fft      56   3  0.079871;0.080050;0.080854    1378.630;974.486;891.361          13;12;12
without_coding_region  5000   NC_073232.2  SCFR_NC_073232_2_144213625_144218737_frame2_fft   11   3  0.444444;0.055556;0.111111    1513.528;1422.320;1245.424        2;18;9
without_coding_region  5000   NC_073232.2  SCFR_NC_073232_2_144214505_144222680_frame_3_fft  12   3  0.055535;0.111070;0.444404    2423.117;2285.161;1730.994        18;9;2
without_coding_region  5000   NC_073232.2  SCFR_NC_073232_2_144214245_144223587_frame_2_fft  11   3  0.444444;0.055556;0.111111    2555.849;2426.762;1783.125        2;18;9
without_coding_region  5000   NC_073232.2  SCFR_NC_073232_2_144213744_144223725_frame1_fft   17   3  0.444444;0.055505;0.111011    2675.968;2637.194;1835.793        2;18;9
without_coding_region  5000   NC_073232.2  SCFR_NC_073232_2_145335205_145340260_frame2_fft   16   3  0.266667;0.233432;0.033234    2387.919;1421.186;948.598         4;4;30
without_coding_region  5000   NC_073232.2  SCFR_NC_073232_2_144215822_144223736_frame3_fft   13   3  0.111069;0.222264;0.277736    1876.173;1786.641;1640.398        9;4;4
without_coding_region  5000   NC_073247.2  SCFR_NC_073247_2_11098925_11108282_frame3_fft     5    3  0.499626;0.499305;0.498878    2833.444;992.259;712.527          2;2;2
without_coding_region  5000   NC_073247.2  SCFR_NC_073247_2_11098921_11108251_frame2_fft     5    3  0.499678;0.499357;0.498821    2717.210;1053.092;619.656         2;2;2
without_coding_region  5000   NC_073247.2  SCFR_NC_073247_2_11098881_11108220_frame_3_fft    5    3  0.499625;0.499304;0.498876    2823.124;992.023;718.445          2;2;2
without_coding_region  5000   NC_073247.2  SCFR_NC_073247_2_11098957_11108131_frame_2_fft    5    3  0.499673;0.499346;0.499128    2749.599;1037.496;683.488         2;2;2
without_coding_region  5000   NC_073247.2  SCFR_NC_073247_2_11098967_11108141_frame_1_fft    5    3  0.499673;0.499346;0.499128    2750.086;1037.949;683.708         2;2;2
without_coding_region  5000   NC_073247.2  SCFR_NC_073247_2_11098968_11108142_frame1_fft     5    3  0.499673;0.499346;0.499128    2751.599;1038.270;684.382         2;2;2
without_coding_region  5000   NC_073247.2  SCFR_NC_073247_2_177551059_177557860_frame_2_fft  4    3  0.166740;0.333333;0.167181    4436.745;1388.091;529.174         6;3;6
without_coding_region  5000   NC_073247.2  SCFR_NC_073247_2_177551060_177557861_frame3_fft   4    3  0.166740;0.333333;0.167181    4438.387;1388.182;531.005         6;3;6
without_coding_region  5000   NC_073247.2  SCFR_NC_073247_2_1236_8874_frame_3_fft            2    2  0.166667;0.333333             5479.913;1796.164                 6;3
without_coding_region  5000   NC_073247.2  SCFR_NC_073247_2_1237_9019_frame2_fft             2    2  0.166667;0.333333             5479.347;1797.062                 6;3
without_coding_region  5000   NC_073247.2  SCFR_NC_073247_2_177553083_177558087_frame_3_fft  2    2  0.166667;0.333333             3859.764;1555.393                 6;3
without_coding_region  5000   NC_073247.2  SCFR_NC_073247_2_2722_8653_frame_2_fft            2    2  0.166751;0.333333             2979.361;1977.500                 6;3
without_coding_region  5000   NC_073247.2  SCFR_NC_073247_2_2723_8654_frame3_fft             2    2  0.166751;0.333333             2979.860;1976.000                 6;3
without_coding_region  5000   NC_073247.2  SCFR_NC_073247_2_177553084_177558088_frame2_fft   2    2  0.166667;0.333333             3857.920;1556.857                 6;3
without_coding_region  5000   NC_086018.1  SCFR_NC_086018_1_18680769_18687471_frame_1_fft    13   3  0.333333;0.185169;0.148165    3303.357;1997.765;1717.727        3;5;7
without_coding_region  5000   NC_086018.1  SCFR_NC_086018_1_18680729_18687488_frame3_fft     13   3  0.333333;0.074123;0.185235    3300.998;1924.995;1682.999        3;13;5
without_coding_region  5000   NC_086018.1  SCFR_NC_086018_1_18680797_18687472_frame2_fft     13   3  0.333333;0.185169;0.148165    3310.530;1996.579;1719.247        3;5;7
without_coding_region  5000   NC_086018.1  SCFR_NC_086018_1_18680650_18687487_frame_3_fft    13   3  0.333333;0.185169;0.148164    3316.452;1982.342;1708.652        3;5;7
without_coding_region  5000   NC_086018.1  SCFR_NC_086018_1_19285923_19293849_frame1_fft     11   3  0.083270;0.166540;0.416477    4065.594;2556.000;2258.297        12;6;2
without_coding_region  5000   NC_086018.1  SCFR_NC_086018_1_19285963_19293832_frame2_fft     11   3  0.083238;0.166603;0.416444    3183.419;2885.041;2310.655        12;6;2
without_coding_region  5000   NC_086018.1  SCFR_NC_086018_1_19285946_19293812_frame3_fft     10   3  0.083270;0.166540;0.416476    4059.153;2536.611;2270.345        12;6;2
without_coding_region  5000   NC_086018.1  SCFR_NC_086018_1_8168714_8174924_frame_2_fft      31   3  0.319163;0.365217;0.317391    1457.287;1145.017;1137.823        3;3;3
without_coding_region  5000   NC_086018.1  SCFR_NC_086018_1_8126564_8132009_frame_2_fft      30   3  0.319008;0.318641;0.317723    1503.924;1072.293;1003.435        3;3;3
without_coding_region  5000   NC_086018.1  SCFR_NC_086018_1_8584728_8591631_frame_1_fft      36   3  0.317833;0.045777;0.363610    1613.392;1277.400;1203.836        3;22;3
without_coding_region  5000   NC_086018.1  SCFR_NC_086018_1_8564839_8572612_frame_3_fft      41   3  0.317509;0.364853;0.319053    1590.717;1373.630;1364.381        3;3;3
without_coding_region  5000   NC_086018.1  SCFR_NC_086018_1_8616355_8622826_frame_3_fft      40   3  0.317571;0.320043;0.318962    1661.410;1289.898;1287.275        3;3;3
without_coding_region  5000   NC_086018.1  SCFR_NC_086018_1_8624017_8630455_frame_3_fft      35   3  0.319043;0.317490;0.364865    1415.567;1285.466;1126.783        3;3;3
without_coding_region  5000   NC_086018.1  SCFR_NC_086018_1_8588416_8594950_frame_3_fft      37   3  0.318182;0.317876;0.318794    1476.167;1375.635;1308.667        3;3;3
without_coding_region  5000   NC_086018.1  SCFR_NC_086018_1_8643835_8650738_frame_3_fft      36   3  0.317833;0.045777;0.363610    1612.914;1273.964;1204.731        3;22;3
without_coding_region  5000   NC_086018.1  SCFR_NC_086018_1_8654946_8661849_frame_1_fft      36   3  0.317833;0.045777;0.363610    1612.914;1273.964;1204.731        3;22;3
without_coding_region  5000   NC_086018.1  SCFR_NC_086018_1_8626001_8632265_frame_2_fft      33   3  0.317688;0.318966;0.320083    1433.280;1165.999;1094.389        3;3;3
with_coding_region     5000   NC_073235.2  SCFR_NC_073235_2_4144_10228_frame2_fft            8    3  0.166667;0.333498;0.333169    4154.108;1118.385;1115.619        6;3;3
with_coding_region     5000   NC_073235.2  SCFR_NC_073235_2_4143_10227_frame_1_fft           8    3  0.166667;0.333498;0.333169    4152.773;1119.678;1115.900        6;3;3
with_coding_region     5000   NC_073235.2  SCFR_NC_073235_2_69716140_69725548_frame2_fft     1    1  0.333333                      1250.930                          3
with_coding_region     5000   NC_073235.2  SCFR_NC_073235_2_108924619_108931546_frame2_fft   4    3  0.333333;0.008084;0.341273    1318.912;548.144;466.060          3;124;3
with_coding_region     5000   NC_073235.2  SCFR_NC_073235_2_81001899_81007548_frame_1_fft    1    1  0.333333                      604.678                           3
with_coding_region     5000   NC_073235.2  SCFR_NC_073235_2_81217044_81223620_frame_1_fft    1    1  0.333333                      998.439                           3
with_coding_region     5000   NC_073235.2  SCFR_NC_073235_2_88243368_88252827_frame1_fft     1    1  0.333333                      1144.755                          3
with_coding_region     5000   NC_073235.2  SCFR_NC_073235_2_88232227_88241236_frame2_fft     1    1  0.333333                      1073.855                          3
with_coding_region     5000   NC_073235.2  SCFR_NC_073235_2_81030956_81048194_frame_2_fft    15   3  0.333333;0.036953;0.006787    2720.661;902.390;857.857          3;27;147
with_coding_region     5000   NC_073236.2  SCFR_NC_073236_2_118782334_118788139_frame_1_fft  1    1  0.333333                      721.694                           3
with_coding_region     5000   NC_073236.2  SCFR_NC_073236_2_1343_7652_frame_3_fft            2    2  0.166746;0.333333             3393.846;1923.685                 6;3
with_coding_region     5000   NC_073236.2  SCFR_NC_073236_2_112334532_112350717_frame_2_fft  28   3  0.333333;0.143219;0.119246    1830.713;1269.524;1165.464        3;7;8
with_coding_region     5000   NC_073236.2  SCFR_NC_073236_2_118912846_118920511_frame2_fft   1    1  0.333333                      907.993                           3
with_coding_region     5000   NC_073236.2  SCFR_NC_073236_2_145892003_145897232_frame3_fft   7    3  0.166762;0.333333;0.167145    2740.480;1110.663;963.447         6;3;6
with_coding_region     5000   NC_073236.2  SCFR_NC_073236_2_1344_7659_frame1_fft             2    2  0.166746;0.333333             3395.819;1924.490                 6;3
with_coding_region     5000   NC_073236.2  SCFR_NC_073236_2_145892002_145897231_frame_1_fft  7    3  0.166762;0.333333;0.167145    2739.292;1109.786;963.054         6;3;6
with_coding_region     5000   NC_073236.2  SCFR_NC_073236_2_18521804_18540476_frame3_fft     8    3  0.176467;0.352935;0.470598    12491.250;7024.552;5562.266       6;3;2
with_coding_region     5000   NC_073236.2  SCFR_NC_073236_2_18533254_18539218_frame2_fft     8    3  0.176392;0.352951;0.058853    2697.654;2283.779;1580.823        6;3;17
with_coding_region     5000   NC_073236.2  SCFR_NC_073236_2_18541138_18553663_frame2_fft     8    3  0.176447;0.470579;0.352974    7024.712;3674.694;3613.477        6;2;3
with_coding_region     5000   NC_073236.2  SCFR_NC_073236_2_18541485_18554649_frame1_fft     8    3  0.176466;0.352932;0.470602    8797.616;4961.356;3939.718        6;3;2
with_coding_region     5000   NC_073236.2  SCFR_NC_073236_2_18556250_18567926_frame3_fft     8    3  0.176430;0.352946;0.058839    5269.255;4467.188;3140.398        6;3;17
with_coding_region     5000   NC_073236.2  SCFR_NC_073236_2_18561393_18566553_frame1_fft     8    3  0.176550;0.352907;0.470543    2575.910;1883.608;1466.220        6;3;2
with_coding_region     5000   NC_073236.2  SCFR_NC_073236_2_18566688_18573552_frame1_fft     14   3  0.176428;0.352855;0.058712    4381.600;2099.309;1591.142        6;3;17
with_coding_region     5000   NC_073236.2  SCFR_NC_073236_2_18461034_18586215_frame_2_fft    119  3  0.176472;0.352937;0.176449    62188.702;25779.636;21809.810     6;3;6
with_coding_region     5000   NC_073236.2  SCFR_NC_073236_2_18569653_18579052_frame2_fft     17   3  0.176402;0.352910;0.470688    5055.635;2628.471;1956.212        6;3;2
with_coding_region     5000   NC_073236.2  SCFR_NC_073236_2_18573687_18581553_frame1_fft     21   3  0.176456;0.352784;0.470633    3297.079;2515.287;1470.739        6;3;2
with_coding_region     5000   NC_073236.2  SCFR_NC_073236_2_18571505_18577094_frame3_fft     15   3  0.176418;0.352836;0.058687    3608.139;1785.566;1316.506        6;3;17
with_coding_region     5000   NC_073236.2  SCFR_NC_073236_2_18577229_18582389_frame3_fft     15   3  0.176357;0.352713;0.470930    3281.893;1594.244;982.569         6;3;2
with_coding_region     5000   NC_073236.2  SCFR_NC_073236_2_18581556_18597183_frame1_fft     53   3  0.176361;0.352787;0.470852    8807.629;4096.769;3812.834        6;3;2
with_coding_region     5000   NC_073236.2  SCFR_NC_073236_2_18586219_18594598_frame2_fft     28   3  0.176393;0.352787;0.470820    5409.954;2727.571;1809.132        6;3;2
with_coding_region     5000   NC_073236.2  SCFR_NC_073236_2_18592775_18616097_frame3_fft     64   3  0.176400;0.352757;0.470843    10493.242;7459.076;4084.400       6;3;2
with_coding_region     5000   NC_073236.2  SCFR_NC_073236_2_18599545_18604894_frame2_fft     18   3  0.176295;0.352776;0.470929    2334.205;1856.950;957.078         6;3;2
with_coding_region     5000   NC_073236.2  SCFR_NC_073236_2_18602130_18609711_frame1_fft     22   3  0.176362;0.352724;0.470782    4643.524;1975.652;1462.986        6;3;2
with_coding_region     5000   NC_073236.2  SCFR_NC_073236_2_18607465_18614122_frame2_fft     24   3  0.176356;0.352711;0.470632    4079.859;1710.728;1414.482        6;3;2
with_coding_region     5000   NC_073236.2  SCFR_NC_073236_2_18612690_18621318_frame1_fft     18   3  0.176402;0.352805;0.470793    5495.533;2669.934;1687.505        6;3;2
with_coding_region     5000   NC_073236.2  SCFR_NC_073236_2_18618668_18629369_frame3_fft     36   3  0.176432;0.352771;0.470797    4515.335;3638.093;1713.580        6;3;2
with_coding_region     5000   NC_073236.2  SCFR_NC_073236_2_18622903_18631954_frame2_fft     28   3  0.176334;0.352779;0.470887    4340.269;2960.709;1889.517        6;3;2
with_coding_region     5000   NC_073236.2  SCFR_NC_073236_2_18627546_18639555_frame1_fft     43   3  0.176368;0.352735;0.470814    7373.128;3183.984;2180.558        6;3;2
with_coding_region     5000   NC_073236.2  SCFR_NC_073236_2_18629372_18634721_frame3_fft     18   3  0.176295;0.352776;0.470929    2334.314;1857.471;958.114         6;3;2
with_coding_region     5000   NC_073236.2  SCFR_NC_073236_2_18631957_18637306_frame2_fft     16   3  0.176295;0.352776;0.470742    2273.170;1876.268;942.697         6;3;2
with_coding_region     5000   NC_073236.2  SCFR_NC_073236_2_18634724_18644291_frame3_fft     31   3  0.176440;0.352775;0.470785    4031.346;3189.851;1440.738        6;3;2
with_coding_region     5000   NC_073236.2  SCFR_NC_073236_2_18637309_18642316_frame2_fft     16   3  0.176353;0.352706;0.411823    3048.616;1244.840;945.225         6;3;2
with_coding_region     5000   NC_073236.2  SCFR_NC_073236_2_18639690_18648291_frame1_fft     29   3  0.176375;0.352750;0.352982    5237.335;2244.149;1412.591        6;3;3
with_coding_region     5000   NC_073236.2  SCFR_NC_073236_2_18652407_18659763_frame1_fft     9    3  0.176455;0.352909;0.470636    4903.857;2696.738;2096.523        6;3;2
with_coding_region     5000   NC_073236.2  SCFR_NC_073236_2_18657977_18663044_frame3_fft     8    3  0.176436;0.352872;0.058812    3232.514;1567.217;1438.097        6;3;17
with_coding_region     5000   NC_073236.2  SCFR_NC_073236_2_18668058_18674400_frame1_fft     8    3  0.176443;0.352886;0.058814    4045.236;1967.290;1783.668        6;3;17
with_coding_region     5000   NC_073236.2  SCFR_NC_073236_2_18673940_18688697_frame3_fft     8    3  0.176459;0.352917;0.058820    9439.095;4598.561;4116.604        6;3;17
with_coding_region     5000   NC_073236.2  SCFR_NC_073236_2_18683053_18691570_frame2_fft     8    3  0.176471;0.352941;0.470588    5729.503;3299.935;2691.279        6;3;2
with_coding_region     5000   NC_073236.2  SCFR_NC_073236_2_18460955_18847313_frame_3_fft    367  3  0.176471;0.352937;0.176476    153633.949;60254.256;54902.071    6;3;6
with_coding_region     5000   NC_073236.2  SCFR_NC_073236_2_18689988_18701328_frame1_fft     8    3  0.176455;0.352910;0.058818    7227.061;3516.617;3147.827        6;3;17
with_coding_region     5000   NC_073236.2  SCFR_NC_073236_2_18707651_18718583_frame3_fft     8    3  0.176454;0.352909;0.058818    6987.151;3414.820;3055.436        6;3;17
with_coding_region     5000   NC_073236.2  SCFR_NC_073236_2_18710575_18719227_frame2_fft     8    3  0.176491;0.352982;0.058830    5527.895;2703.167;2428.453        6;3;17
with_coding_region     5000   NC_073236.2  SCFR_NC_073236_2_18729411_18734427_frame1_fft     8    3  0.176435;0.352871;0.058812    3206.657;1561.127;1416.318        6;3;17
with_coding_region     5000   NC_073236.2  SCFR_NC_073236_2_18717834_18729276_frame1_fft     8    3  0.176455;0.352910;0.058818    7317.416;3558.803;3205.232        6;3;17
with_coding_region     5000   NC_073236.2  SCFR_NC_073236_2_18733525_18739969_frame2_fft     8    3  0.176443;0.352886;0.058814    4122.092;2007.377;1800.342        6;3;17
with_coding_region     5000   NC_073236.2  SCFR_NC_073236_2_18744694_18749710_frame2_fft     8    3  0.176435;0.352871;0.058812    3201.887;1560.433;1402.997        6;3;17
with_coding_region     5000   NC_073236.2  SCFR_NC_073236_2_18754044_18759417_frame1_fft     8    3  0.176438;0.352875;0.058813    3436.723;1669.835;1495.912        6;3;17
with_coding_region     5000   NC_073236.2  SCFR_NC_073236_2_18749845_18757156_frame2_fft     8    3  0.176446;0.352893;0.058815    4659.248;2258.503;2038.786        6;3;17
with_coding_region     5000   NC_073236.2  SCFR_NC_073236_2_18781245_18787848_frame1_fft     13   3  0.176435;0.352870;0.058761    4278.571;2160.256;1579.748        6;3;17
with_coding_region     5000   NC_073236.2  SCFR_NC_073236_2_18789445_18795736_frame2_fft     8    3  0.176443;0.352885;0.058814    4012.041;1955.854;1778.636        6;3;17
with_coding_region     5000   NC_073236.2  SCFR_NC_073236_2_18768239_18774389_frame3_fft     9    3  0.176423;0.352846;0.470732    3968.236;1999.837;1339.190        6;3;2
with_coding_region     5000   NC_073236.2  SCFR_NC_073236_2_18796704_18802383_frame1_fft     8    3  0.176440;0.352879;0.058813    3603.678;1757.094;1564.166        6;3;17
with_coding_region     5000   NC_073236.2  SCFR_NC_073236_2_18803097_18808248_frame1_fft     8    3  0.176471;0.352941;0.470588    3456.666;1979.011;1599.808        6;3;2
with_coding_region     5000   NC_073236.2  SCFR_NC_073236_2_18807499_18817717_frame2_fft     8    3  0.176453;0.352907;0.058818    6542.937;3181.473;2854.495        6;3;17
with_coding_region     5000   NC_073236.2  SCFR_NC_073236_2_18813687_18819621_frame1_fft     8    3  0.176441;0.352882;0.058814    3803.390;1857.071;1668.408        6;3;17
with_coding_region     5000   NC_073236.2  SCFR_NC_073236_2_18815642_18821525_frame3_fft     8    3  0.176441;0.352881;0.058814    3764.613;1830.837;1657.975        6;3;17
with_coding_region     5000   NC_073236.2  SCFR_NC_073236_2_18823369_18828784_frame2_fft     8    3  0.176547;0.352909;0.470545    2719.645;1970.491;1541.651        6;3;2
with_coding_region     5000   NC_073236.2  SCFR_NC_073236_2_18833288_18839885_frame3_fft     8    3  0.176444;0.352888;0.058815    4237.482;2077.985;1893.059        6;3;17
with_coding_region     5000   NC_073236.2  SCFR_NC_073236_2_18851444_18856868_frame3_fft     8    3  0.176438;0.352876;0.058813    3465.844;1689.113;1524.532        6;3;17
with_coding_region     5000   NC_073236.2  SCFR_NC_073236_2_18858057_18863532_frame1_fft     8    3  0.176438;0.352877;0.058813    3505.351;1703.859;1534.659        6;3;17
with_coding_region     5000   NC_073236.2  SCFR_NC_073236_2_18861712_18867574_frame2_fft     8    3  0.176390;0.352951;0.058854    2668.817;2260.386;1590.339        6;3;17
with_coding_region     5000   NC_073236.2  SCFR_NC_073236_2_18868818_18887247_frame1_fft     8    3  0.176461;0.352922;0.058820    11772.451;5769.882;5292.876       6;3;17
with_coding_region     5000   NC_073236.2  SCFR_NC_073236_2_18873340_18912373_frame2_fft     8    3  0.176466;0.352932;0.058822    24927.902;12243.759;11208.765     6;3;17
with_coding_region     5000   NC_073236.2  SCFR_NC_073236_2_18878117_18890426_frame3_fft     8    3  0.176456;0.352913;0.058819    7850.769;3852.228;3567.479        6;3;17
with_coding_region     5000   NC_073236.2  SCFR_NC_073236_2_18887382_18911676_frame1_fft     8    3  0.176463;0.352927;0.058821    15538.998;7631.178;6978.592       6;3;17
with_coding_region     5000   NC_073236.2  SCFR_NC_073236_2_18586218_19032354_frame_2_fft    384  3  0.176471;0.176475;0.352937    143576.742;104964.602;95535.725   6;6;3
with_coding_region     5000   NC_073236.2  SCFR_NC_073236_2_18847316_18977078_frame_3_fft    97   3  0.176477;0.176462;0.352946    47297.792;45176.158;32997.334     6;6;3
with_coding_region     5000   NC_073236.2  SCFR_NC_073236_2_18900044_18909755_frame3_fft     8    3  0.176501;0.470600;0.352899    5644.374;3048.534;2817.073        6;2;3
with_coding_region     5000   NC_073236.2  SCFR_NC_073236_2_18913260_18919947_frame1_fft     8    3  0.176462;0.352924;0.470615    4432.711;2538.789;2021.467        6;3;2
with_coding_region     5000   NC_073236.2  SCFR_NC_073236_2_18910421_18925187_frame3_fft     20   3  0.352905;0.176487;0.470540    4939.868;4937.553;3622.821        3;6;2
with_coding_region     5000   NC_073236.2  SCFR_NC_073236_2_18925190_18932015_frame3_fft     8    3  0.176410;0.352967;0.470623    3408.249;2525.218;1992.795        6;3;2
with_coding_region     5000   NC_073236.2  SCFR_NC_073236_2_18461140_19049575_frame_1_fft    483  3  0.176471;0.176468;0.352938    183211.408;142024.002;125107.639  6;6;3
with_coding_region     5000   NC_073236.2  SCFR_NC_073236_2_18913384_18924823_frame2_fft     10   3  0.176501;0.352915;0.470583    5725.221;4066.390;3234.687        6;3;2
with_coding_region     5000   NC_073236.2  SCFR_NC_073236_2_18969030_18977079_frame1_fft     8    3  0.176419;0.352963;0.470617    3973.480;2986.266;2318.014        6;3;2
with_coding_region     5000   NC_073236.2  SCFR_NC_073236_2_18974266_18984871_frame2_fft     8    3  0.176426;0.352947;0.058840    4740.620;4122.733;2851.222        6;3;17
with_coding_region     5000   NC_073236.2  SCFR_NC_073236_2_18929280_18969027_frame1_fft     8    3  0.176466;0.352932;0.058822    25400.005;12466.971;11162.204     6;3;17
with_coding_region     5000   NC_073236.2  SCFR_NC_073236_2_18977394_18992334_frame1_fft     8    3  0.176439;0.352945;0.058835    6700.319;5834.032;4041.811        6;3;17
with_coding_region     5000   NC_073236.2  SCFR_NC_073236_2_18924826_18973396_frame2_fft     8    3  0.176467;0.352934;0.058822    30980.626;15181.674;13682.893     6;3;17
with_coding_region     5000   NC_073236.2  SCFR_NC_073236_2_18982817_18988424_frame3_fft     8    3  0.176387;0.352952;0.058855    2504.947;2197.446;1514.773        6;3;17
with_coding_region     5000   NC_073236.2  SCFR_NC_073236_2_18932732_18969911_frame3_fft     8    3  0.176471;0.352941;0.470588    25018.217;14471.460;11723.597     6;3;2
with_coding_region     5000   NC_073236.2  SCFR_NC_073236_2_18984874_18992113_frame2_fft     8    3  0.176406;0.352949;0.058848    3255.337;2835.495;1971.704        6;3;17
with_coding_region     5000   NC_073236.2  SCFR_NC_073236_2_18977081_19025996_frame_3_fft    37   3  0.176490;0.352959;0.117653    21839.926;14543.997;10900.685     6;3;8
with_coding_region     5000   NC_073236.2  SCFR_NC_073236_2_18988427_18996566_frame3_fft     11   3  0.176557;0.352992;0.058852    3531.013;2644.530;2227.623        6;3;17
with_coding_region     5000   NC_073236.2  SCFR_NC_073236_2_18992337_18999456_frame1_fft     10   3  0.176429;0.352999;0.058857    3165.709;2230.559;1933.970        6;3;17
with_coding_region     5000   NC_073236.2  SCFR_NC_073236_2_18992116_19003213_frame2_fft     10   3  0.176444;0.352978;0.058845    5295.573;3434.213;2990.056        6;3;17
with_coding_region     5000   NC_073236.2  SCFR_NC_073236_2_19003437_19010622_frame1_fft     9    3  0.176479;0.352958;0.058873    4460.142;2183.657;1779.386        6;3;17
with_coding_region     5000   NC_073236.2  SCFR_NC_073236_2_19003216_19009366_frame2_fft     9    3  0.176423;0.353008;0.058862    2531.177;1973.865;1670.051        6;3;17
with_coding_region     5000   NC_073236.2  SCFR_NC_073236_2_18996569_19009145_frame3_fft     15   3  0.176527;0.352974;0.058842    5451.327;4089.834;3472.667        6;3;17
with_coding_region     5000   NC_073236.2  SCFR_NC_073236_2_19018855_19024258_frame2_fft     8    3  0.176383;0.352952;0.058856    2396.039;2119.610;1465.965        6;3;17
with_coding_region     5000   NC_073236.2  SCFR_NC_073236_2_19010625_19020108_frame1_fft     8    3  0.176421;0.352947;0.058842    4252.941;3697.289;2587.188        6;3;17
with_coding_region     5000   NC_073236.2  SCFR_NC_073236_2_19009148_19018631_frame3_fft     8    3  0.176421;0.352947;0.058842    4239.725;3693.628;2578.022        6;3;17
with_coding_region     5000   NC_073236.2  SCFR_NC_073236_2_19009369_19018852_frame2_fft     8    3  0.176421;0.352947;0.058842    4228.191;3695.722;2575.059        6;3;17
with_coding_region     5000   NC_073236.2  SCFR_NC_073236_2_19026424_19032355_frame2_fft     8    3  0.176530;0.352892;0.470578    3173.367;2014.639;1970.463        6;3;2
with_coding_region     5000   NC_073236.2  SCFR_NC_073236_2_19036794_19046175_frame_2_fft    8    3  0.176420;0.352947;0.058842    4223.854;3666.081;2597.619        6;3;17
with_coding_region     5000   NC_073236.2  SCFR_NC_073236_2_19029263_19042622_frame_3_fft    8    3  0.176435;0.352946;0.058837    5960.532;5231.105;3652.673        6;3;17
with_coding_region     5000   NC_073236.2  SCFR_NC_073236_2_19042625_19058126_frame_3_fft    9    3  0.176440;0.352945;0.058835    6939.376;6061.522;4295.056        6;3;17
with_coding_region     5000   NC_073236.2  SCFR_NC_073236_2_19042604_19049576_frame3_fft     8    3  0.176420;0.352983;0.470597    3740.584;2380.583;2276.788        6;3;2
with_coding_region     5000   NC_073236.2  SCFR_NC_073236_2_19048095_19058127_frame1_fft     8    3  0.176435;0.352970;0.470594    5395.250;3396.053;3244.469        6;3;2
with_coding_region     5000   NC_073236.2  SCFR_NC_073236_2_19049578_19055185_frame_1_fft    8    3  0.176387;0.352952;0.058855    2514.972;2187.138;1539.682        6;3;17
with_coding_region     5000   NC_073236.2  SCFR_NC_073236_2_19055167_19062814_frame2_fft     8    3  0.176409;0.352949;0.058847    3423.312;2987.832;2113.062        6;3;17
with_coding_region     5000   NC_073236.2  SCFR_NC_073236_2_19061661_19068990_frame1_fft     8    3  0.176422;0.352981;0.470596    3928.639;2481.479;2367.337        6;3;2
with_coding_region     5000   NC_073236.2  SCFR_NC_073236_2_19065643_19073290_frame_1_fft    8    3  0.176409;0.352949;0.058847    3413.630;2999.520;2100.849        6;3;17
with_coding_region     5000   NC_073236.2  SCFR_NC_073236_2_19059965_19068989_frame_3_fft    8    3  0.176418;0.352948;0.058843    4030.155;3528.568;2484.073        6;3;17
with_coding_region     5000   NC_073236.2  SCFR_NC_073236_2_19068992_19076537_frame_3_fft    8    3  0.176408;0.352949;0.058847    3379.569;2956.926;2069.857        6;3;17
with_coding_region     5000   NC_073236.2  SCFR_NC_073236_2_19055188_19063804_frame_1_fft    8    3  0.176416;0.352948;0.058844    3856.506;3365.345;2382.494        6;3;17
with_coding_region     5000   NC_073236.2  SCFR_NC_073236_2_19073293_19079563_frame_1_fft    8    3  0.176396;0.352951;0.058852    2790.540;2460.606;1722.012        6;3;17
with_coding_region     5000   NC_073236.2  SCFR_NC_073236_2_19046178_19081059_frame_2_fft    8    3  0.176457;0.352943;0.058829    15617.127;13646.242;9602.285      6;3;17
with_coding_region     5000   NC_073236.2  SCFR_NC_073236_2_19082184_19089066_frame_2_fft    8    3  0.176402;0.352950;0.058849    3081.045;2686.531;1871.545        6;3;17
with_coding_region     5000   NC_073236.2  SCFR_NC_073236_2_19079566_19106236_frame_1_fft    8    3  0.176453;0.352943;0.058830    11909.895;10432.068;7272.553      6;3;17
with_coding_region     5000   NC_073236.2  SCFR_NC_073236_2_19076540_19099589_frame_3_fft    8    3  0.176450;0.352944;0.058831    10287.670;9013.982;6291.304       6;3;17
with_coding_region     5000   NC_073236.2  SCFR_NC_073236_2_19087739_19093958_frame3_fft     8    3  0.176395;0.352951;0.058852    2756.424;2435.701;1691.322        6;3;17
with_coding_region     5000   NC_073236.2  SCFR_NC_073236_2_1907_7673_frame3_fft             2    2  0.166667;0.333333             4285.330;1999.041                 6;3
with_coding_region     5000   NC_073236.2  SCFR_NC_073236_2_19089069_19096308_frame_2_fft    8    3  0.176406;0.352949;0.058848    3215.594;2831.453;1961.243        6;3;17
with_coding_region     5000   NC_073236.2  SCFR_NC_073236_2_19102992_19108905_frame_2_fft    8    3  0.176391;0.352951;0.058853    2638.272;2322.464;1634.646        6;3;17
with_coding_region     5000   NC_073236.2  SCFR_NC_073236_2_19099592_19107749_frame_3_fft    8    3  0.176413;0.352948;0.058845    3665.740;3194.098;2233.157        6;3;17
with_coding_region     5000   NC_073236.2  SCFR_NC_073236_2_19106239_19113325_frame_1_fft    8    3  0.176404;0.352949;0.058848    3162.110;2777.454;1953.604        6;3;17
with_coding_region     5000   NC_073236.2  SCFR_NC_073236_2_19096311_19102989_frame_2_fft    8    3  0.176400;0.352950;0.058850    2969.276;2615.102;1815.944        6;3;17
with_coding_region     5000   NC_073236.2  SCFR_NC_073236_2_19113329_19118336_frame3_fft     8    3  0.176553;0.352906;0.470541    2484.021;1868.225;1488.478        6;3;2
with_coding_region     5000   NC_073236.2  SCFR_NC_073236_2_19108908_19119870_frame_2_fft    8    3  0.176428;0.352947;0.058840    4914.208;4299.286;3006.937        6;3;17
with_coding_region     5000   NC_073236.2  SCFR_NC_073236_2_19107752_19139135_frame_3_fft    38   3  0.176465;0.352930;0.176561    14750.729;7766.891;6608.482       6;3;6
with_coding_region     5000   NC_073236.2  SCFR_NC_073236_2_19125377_19130651_frame3_fft     14   3  0.176716;0.352863;0.117747    1549.816;1408.683;986.438         6;3;8
with_coding_region     5000   NC_073236.2  SCFR_NC_073236_2_19127179_19132453_frame2_fft     15   3  0.176716;0.176337;0.352863    1837.062;1836.614;1417.856        6;6;3
with_coding_region     5000   NC_073236.2  SCFR_NC_073236_2_19132456_19139605_frame2_fft     16   3  0.176528;0.058889;0.353196    3898.585;1855.174;1432.114        6;17;3
with_coding_region     5000   NC_073236.2  SCFR_NC_073236_2_19143758_19149671_frame3_fft     8    3  0.176391;0.352951;0.058853    2648.515;2304.030;1627.856        6;3;17
with_coding_region     5000   NC_073236.2  SCFR_NC_073236_2_19146087_19153377_frame1_fft     8    3  0.176406;0.352949;0.058848    3260.670;2839.795;2009.524        6;3;17
with_coding_region     5000   NC_073236.2  SCFR_NC_073236_2_19156695_19163934_frame1_fft     8    3  0.176406;0.352949;0.058848    3231.712;2822.346;1993.871        6;3;17
with_coding_region     5000   NC_073236.2  SCFR_NC_073236_2_19119873_19172223_frame_2_fft    42   3  0.176485;0.352932;0.058816    20248.843;14045.050;11016.523     6;3;17
with_coding_region     5000   NC_073236.2  SCFR_NC_073236_2_19139138_19176983_frame_3_fft    8    3  0.176483;0.352940;0.058819    16948.329;14685.829;10404.566     6;3;17
with_coding_region     5000   NC_073236.2  SCFR_NC_073236_2_19160282_19170887_frame3_fft     8    3  0.176426;0.352947;0.058840    4772.723;4123.446;2930.961        6;3;17
with_coding_region     5000   NC_073236.2  SCFR_NC_073236_2_19164753_19176456_frame1_fft     8    3  0.176450;0.470563;0.352901    7103.340;3267.725;3055.248        6;2;3
with_coding_region     5000   NC_073236.2  SCFR_NC_073236_2_19182548_19191698_frame3_fft     8    3  0.176503;0.470601;0.352896    5270.261;2848.209;2628.683        6;2;3
with_coding_region     5000   NC_073236.2  SCFR_NC_073236_2_19183311_19257468_frame1_fft     80   3  0.176463;0.470583;0.352927    30307.989;17076.506;16258.329     6;2;3
with_coding_region     5000   NC_073236.2  SCFR_NC_073236_2_19183310_19287365_frame_3_fft    121  3  0.176464;0.176484;0.470588    46182.693;32277.224;28205.790     6;6;2
with_coding_region     5000   NC_073236.2  SCFR_NC_073236_2_19178703_19287357_frame_2_fft    133  3  0.176468;0.470586;0.352946    48527.007;29371.703;26103.596     6;2;3
with_coding_region     5000   NC_073236.2  SCFR_NC_073236_2_19113328_19287679_frame_1_fft    199  3  0.176477;0.176466;0.058824    65138.614;57241.180;34276.544     6;6;17
with_coding_region     5000   NC_073236.2  SCFR_NC_073236_2_19191956_19215290_frame3_fft     8    3  0.176481;0.470601;0.352961    14188.721;6648.720;6139.630       6;2;3
with_coding_region     5000   NC_073236.2  SCFR_NC_073236_2_19254032_19261412_frame3_fft     8    3  0.176423;0.352981;0.470596    4000.985;2484.277;2416.366        6;3;2
with_coding_region     5000   NC_073236.2  SCFR_NC_073236_2_19257471_19264761_frame1_fft     8    3  0.176406;0.352949;0.058848    3296.841;2831.367;2072.579        6;3;17
with_coding_region     5000   NC_073236.2  SCFR_NC_073236_2_19261415_19270775_frame3_fft     8    3  0.176496;0.470620;0.352991    5694.898;2699.396;2488.824        6;2;3
with_coding_region     5000   NC_073236.2  SCFR_NC_073236_2_19215293_19254029_frame3_fft     73   3  0.176528;0.176451;0.352928    9707.222;9253.039;8931.307        6;6;3
with_coding_region     5000   NC_073236.2  SCFR_NC_073236_2_19270778_19286483_frame3_fft     8    3  0.176441;0.352945;0.058835    7175.739;5945.206;4405.964        6;3;17
with_coding_region     5000   NC_073236.2  SCFR_NC_073236_2_19190800_19275301_frame2_fft     98   3  0.176483;0.352931;0.470586    34223.113;23801.560;23186.255     6;3;2
with_coding_region     5000   NC_073236.2  SCFR_NC_073236_2_19275304_19280554_frame2_fft     8    3  0.176381;0.352952;0.058857    2372.846;2047.878;1474.460        6;3;17
with_coding_region     5000   NC_073236.2  SCFR_NC_073236_2_19279839_19286097_frame1_fft     8    3  0.176414;0.352988;0.470598    3367.003;2123.298;2038.621        6;3;2
with_coding_region     5000   NC_073236.2  SCFR_NC_073236_2_19280557_19286446_frame2_fft     8    3  0.176431;0.470538;0.352861    3613.029;1596.101;1582.123        6;2;3
with_coding_region     5000   NC_073236.2  SCFR_NC_073236_2_19271496_19279836_frame1_fft     8    3  0.176499;0.470624;0.352998    5075.742;2406.492;2206.206        6;2;3
with_coding_region     5000   NC_073236.2  SCFR_NC_073236_2_20061346_20074342_frame2_fft     8    3  0.176439;0.352955;0.470606    6515.246;4804.492;3788.165        6;3;2
with_coding_region     5000   NC_073236.2  SCFR_NC_073236_2_20062689_20074824_frame1_fft     8    3  0.176432;0.352946;0.058838    5504.387;4702.460;3332.891        6;3;17
with_coding_region     5000   NC_073236.2  SCFR_NC_073236_2_20066009_20074586_frame3_fft     8    3  0.176519;0.352921;0.470561    4274.982;3177.397;2486.139        6;3;2
with_coding_region     5000   NC_073236.2  SCFR_NC_073236_2_20074827_20092686_frame1_fft     8    3  0.176494;0.352931;0.470575    8911.167;6602.006;5215.751        6;3;2
with_coding_region     5000   NC_073236.2  SCFR_NC_073236_2_20076170_20091428_frame3_fft     8    3  0.176498;0.352930;0.470573    7622.072;5640.445;4452.902        6;3;2
with_coding_region     5000   NC_073236.2  SCFR_NC_073236_2_20055694_20154544_frame_1_fft    79   3  0.176480;0.352949;0.470592    44629.693;24176.599;24029.875     6;3;2
with_coding_region     5000   NC_073236.2  SCFR_NC_073236_2_20091431_20100770_frame3_fft     13   3  0.176571;0.352929;0.176357    3501.531;3386.073;2950.658        6;3;6
with_coding_region     5000   NC_073236.2  SCFR_NC_073236_2_20079490_20093383_frame2_fft     8    3  0.176492;0.470597;0.352912    8068.660;4347.981;4015.043        6;2;3
with_coding_region     5000   NC_073236.2  SCFR_NC_073236_2_20094270_20104128_frame1_fft     8    3  0.176506;0.352911;0.470582    5233.683;3378.253;3030.178        6;3;2
with_coding_region     5000   NC_073236.2  SCFR_NC_073236_2_20094394_20106148_frame2_fft     15   3  0.176451;0.352901;0.470563    6729.949;3628.483;2649.250        6;3;2
with_coding_region     5000   NC_073236.2  SCFR_NC_073236_2_20055615_20205381_frame_2_fft    144  3  0.176482;0.176469;0.470587    56532.359;37384.111;36230.376     6;6;2
with_coding_region     5000   NC_073236.2  SCFR_NC_073236_2_20106151_20150029_frame2_fft     8    3  0.176467;0.352933;0.058822    28039.543;13752.228;12392.915     6;3;17
with_coding_region     5000   NC_073236.2  SCFR_NC_073236_2_20106027_20150913_frame1_fft     8    3  0.176469;0.352939;0.470592    29981.899;17046.146;13472.053     6;3;2
with_coding_region     5000   NC_073236.2  SCFR_NC_073236_2_20151783_20161980_frame1_fft     8    3  0.176424;0.352947;0.058841    4575.593;3958.139;2749.582        6;3;17
with_coding_region     5000   NC_073236.2  SCFR_NC_073236_2_20055800_20216210_frame_3_fft    150  3  0.176479;0.176467;0.470588    67537.762;60427.405;40485.410     6;6;2
with_coding_region     5000   NC_073236.2  SCFR_NC_073236_2_20156611_20167165_frame2_fft     8    3  0.176426;0.352947;0.058840    4722.269;4118.756;2859.866        6;3;17
with_coding_region     5000   NC_073236.2  SCFR_NC_073236_2_20113853_20154545_frame3_fft     8    3  0.176472;0.352944;0.470584    27207.875;15492.842;12188.756     6;3;2
with_coding_region     5000   NC_073236.2  SCFR_NC_073236_2_20167168_20176258_frame2_fft     15   3  0.176458;0.058856;0.353025    3613.646;2464.000;2400.972        6;17;3
with_coding_region     5000   NC_073236.2  SCFR_NC_073236_2_20161983_20173368_frame1_fft     15   3  0.176548;0.058849;0.353008    5010.246;3099.780;2894.629        6;17;3
with_coding_region     5000   NC_073236.2  SCFR_NC_073236_2_20181004_20192848_frame2_fft     22   3  0.176461;0.353006;0.058848    4920.372;3779.348;3226.373        6;3;17
with_coding_region     5000   NC_073236.2  SCFR_NC_073236_2_20166947_20187137_frame3_fft     27   3  0.176474;0.058841;0.352997    10003.431;5303.524;4453.350       6;17;3
with_coding_region     5000   NC_073236.2  SCFR_NC_073236_2_20181225_20186916_frame1_fft     9    3  0.176419;0.353014;0.058865    2399.931;1812.929;1556.888        6;3;17
with_coding_region     5000   NC_073236.2  SCFR_NC_073236_2_20186919_20193069_frame1_fft     9    3  0.176423;0.353008;0.058862    2531.177;1973.865;1670.051        6;3;17
with_coding_region     5000   NC_073236.2  SCFR_NC_073236_2_20192851_20201584_frame2_fft     8    3  0.176457;0.352914;0.470629    5663.319;3133.577;2309.720        6;3;2
with_coding_region     5000   NC_073236.2  SCFR_NC_073236_2_20194311_20200107_frame1_fft     8    3  0.176501;0.353002;0.058834    3657.440;1828.350;1652.592        6;3;17
with_coding_region     5000   NC_073236.2  SCFR_NC_073236_2_20200110_20205360_frame1_fft     8    3  0.176381;0.352952;0.058857    2349.172;2057.594;1434.982        6;3;17
with_coding_region     5000   NC_073236.2  SCFR_NC_073236_2_20187140_20200328_frame3_fft     11   3  0.176448;0.352972;0.058841    6637.495;4021.399;3522.540        6;3;17
with_coding_region     5000   NC_073236.2  SCFR_NC_073236_2_20205809_20213741_frame3_fft     8    3  0.176500;0.470625;0.353001    4800.048;2286.232;2120.597        6;2;3
with_coding_region     5000   NC_073236.2  SCFR_NC_073236_2_20154547_20222041_frame_1_fft    57   3  0.176490;0.470590;0.117655    26600.905;14375.564;13904.834     6;2;8
with_coding_region     5000   NC_073236.2  SCFR_NC_073236_2_20222023_20227273_frame2_fft     8    3  0.176381;0.352952;0.058857    2356.621;2058.957;1473.138        6;3;17
with_coding_region     5000   NC_073236.2  SCFR_NC_073236_2_20216213_20225594_frame_3_fft    8    3  0.176420;0.352947;0.058842    4225.279;3664.228;2596.422        6;3;17
with_coding_region     5000   NC_073236.2  SCFR_NC_073236_2_20222044_20228977_frame_1_fft    8    3  0.176403;0.352950;0.058849    3100.403;2719.069;1926.247        6;3;17
with_coding_region     5000   NC_073236.2  SCFR_NC_073236_2_20225597_20237528_frame_3_fft    9    3  0.176431;0.352946;0.058838    5351.367;4661.454;3294.160        6;3;17
with_coding_region     5000   NC_073236.2  SCFR_NC_073236_2_20227497_20237529_frame1_fft     8    3  0.176435;0.352970;0.470594    5395.844;3394.714;3243.102        6;3;2
with_coding_region     5000   NC_073236.2  SCFR_NC_073236_2_20234569_20242714_frame2_fft     8    3  0.176427;0.352977;0.470595    4365.917;2771.681;2641.945        6;3;2
with_coding_region     5000   NC_073236.2  SCFR_NC_073236_2_20228980_20234587_frame_1_fft    8    3  0.176387;0.352952;0.058855    2514.972;2187.138;1539.682        6;3;17
with_coding_region     5000   NC_073236.2  SCFR_NC_073236_2_20211759_20242713_frame_2_fft    8    3  0.176455;0.352943;0.058829    13879.043;12103.381;8524.854      6;3;17
with_coding_region     5000   NC_073236.2  SCFR_NC_073236_2_20234590_20247031_frame_1_fft    8    3  0.176433;0.352946;0.058838    5558.405;4869.955;3420.240        6;3;17
with_coding_region     5000   NC_073236.2  SCFR_NC_073236_2_20241284_20247032_frame3_fft     8    3  0.176409;0.352992;0.470598    3078.822;1965.520;1860.978        6;3;2
with_coding_region     5000   NC_073236.2  SCFR_NC_073236_2_20239367_20250278_frame_3_fft    8    3  0.176427;0.352947;0.058840    4879.121;4284.007;3002.299        6;3;17
with_coding_region     5000   NC_073236.2  SCFR_NC_073236_2_20247034_20253304_frame_1_fft    8    3  0.176396;0.352951;0.058852    2793.062;2463.521;1722.548        6;3;17
with_coding_region     5000   NC_073236.2  SCFR_NC_073236_2_20242716_20254800_frame_2_fft    8    3  0.176432;0.352946;0.058838    5408.408;4736.995;3316.788        6;3;17
with_coding_region     5000   NC_073236.2  SCFR_NC_073236_2_20261480_20270351_frame3_fft     8    3  0.176418;0.352948;0.058843    3962.512;3485.114;2454.123        6;3;17
with_coding_region     5000   NC_073236.2  SCFR_NC_073236_2_20255925_20262807_frame_2_fft    8    3  0.176402;0.352950;0.058849    3081.045;2686.531;1871.545        6;3;17
with_coding_region     5000   NC_073236.2  SCFR_NC_073236_2_20250281_20273942_frame_3_fft    8    3  0.176451;0.352944;0.058831    10564.929;9258.922;6469.863       6;3;17
with_coding_region     5000   NC_073236.2  SCFR_NC_073236_2_20273945_20280623_frame_3_fft    8    3  0.176400;0.352950;0.058850    2970.954;2613.813;1817.334        6;3;17
with_coding_region     5000   NC_073236.2  SCFR_NC_073236_2_20279296_20286739_frame2_fft     8    3  0.176407;0.352949;0.058847    3308.361;2917.667;2041.910        6;3;17
with_coding_region     5000   NC_073236.2  SCFR_NC_073236_2_20253307_20277223_frame_1_fft    8    3  0.176451;0.352944;0.058831    10691.821;9365.234;6552.662       6;3;17
with_coding_region     5000   NC_073236.2  SCFR_NC_073236_2_20277226_20292370_frame_1_fft    8    3  0.176440;0.352945;0.058835    6774.748;5925.539;4138.733        6;3;17
with_coding_region     5000   NC_073236.2  SCFR_NC_073236_2_20265972_20299017_frame_2_fft    11   3  0.176456;0.352943;0.058829    14764.622;12934.605;9020.586      6;3;17
with_coding_region     5000   NC_073236.2  SCFR_NC_073236_2_20280626_20289089_frame_3_fft    8    3  0.176415;0.352948;0.058844    3763.703;3314.122;2310.727        6;3;17
with_coding_region     5000   NC_073236.2  SCFR_NC_073236_2_20295773_20301686_frame_3_fft    8    3  0.176391;0.352951;0.058853    2638.272;2322.464;1634.646        6;3;17
with_coding_region     5000   NC_073236.2  SCFR_NC_073236_2_20292373_20300530_frame_1_fft    8    3  0.176413;0.352948;0.058845    3662.629;3192.523;2233.205        6;3;17
with_coding_region     5000   NC_073236.2  SCFR_NC_073236_2_20289092_20295770_frame_3_fft    8    3  0.176400;0.352950;0.058850    2970.820;2614.235;1819.098        6;3;17
with_coding_region     5000   NC_073236.2  SCFR_NC_073236_2_20299020_20312634_frame_2_fft    8    3  0.176436;0.352945;0.058836    6092.902;5338.726;3741.618        6;3;17
with_coding_region     5000   NC_073236.2  SCFR_NC_073236_2_20324516_20331668_frame3_fft     8    3  0.176454;0.352908;0.470638    4644.745;2551.074;1868.915        6;3;2
with_coding_region     5000   NC_073236.2  SCFR_NC_073236_2_20312637_20331198_frame_2_fft    8    3  0.176445;0.352944;0.058833    8317.560;7250.999;5046.243        6;3;17
with_coding_region     5000   NC_073236.2  SCFR_NC_073236_2_20333598_20356551_frame_2_fft    8    3  0.176491;0.352939;0.058816    10309.367;8888.708;6273.425       6;3;17
with_coding_region     5000   NC_073236.2  SCFR_NC_073236_2_20339867_20344913_frame3_fft     8    3  0.176377;0.352953;0.058859    2255.948;1966.943;1391.523        6;3;17
with_coding_region     5000   NC_073236.2  SCFR_NC_073236_2_20306126_20353712_frame_3_fft    8    3  0.176480;0.352940;0.058820    21283.426;18587.429;13024.918     6;3;17
with_coding_region     5000   NC_073236.2  SCFR_NC_073236_2_20344916_20354702_frame3_fft     8    3  0.176477;0.352953;0.470570    6492.853;3722.910;2968.889        6;3;2
with_coding_region     5000   NC_073236.2  SCFR_NC_073236_2_20341329_20348568_frame1_fft     8    3  0.176406;0.352949;0.058848    3233.113;2820.052;1994.597        6;3;17
with_coding_region     5000   NC_073236.2  SCFR_NC_073236_2_20357577_20363820_frame1_fft     8    3  0.176518;0.470607;0.352875    3595.180;1941.259;1794.675        6;2;3
with_coding_region     5000   NC_073236.2  SCFR_NC_073236_2_20347789_20353936_frame2_fft     8    3  0.176509;0.470636;0.353018    3741.907;1683.029;1623.833        6;2;3
with_coding_region     5000   NC_073236.2  SCFR_NC_073236_2_20358340_20402653_frame2_fft     18   3  0.176472;0.352944;0.470584    18644.382;16382.855;10354.765     6;3;2
with_coding_region     5000   NC_073236.2  SCFR_NC_073236_2_20362922_20444732_frame3_fft     47   3  0.176482;0.176458;0.352940    32315.614;28207.381;24041.303     6;6;3
with_coding_region     5000   NC_073236.2  SCFR_NC_073236_2_20300533_20513077_frame_1_fft    185  3  0.176467;0.176476;0.352943    84006.005;74538.831;61332.312     6;6;3
with_coding_region     5000   NC_073236.2  SCFR_NC_073236_2_20353715_20510927_frame_3_fft    162  3  0.176462;0.352944;0.470594    46910.732;42091.388;27807.938     6;3;2
with_coding_region     5000   NC_073236.2  SCFR_NC_073236_2_20358339_20510919_frame_2_fft    158  3  0.176465;0.176478;0.352943    52000.196;47259.416;40859.709     6;6;3
with_coding_region     5000   NC_073236.2  SCFR_NC_073236_2_20412702_20428050_frame1_fft     8    3  0.176440;0.352945;0.058835    6899.689;5963.115;4297.854        6;3;17
with_coding_region     5000   NC_073236.2  SCFR_NC_073236_2_20402656_20443735_frame2_fft     8    3  0.176465;0.470581;0.352930    24995.920;11715.112;10816.828     6;2;3
with_coding_region     5000   NC_073236.2  SCFR_NC_073236_2_20364078_20412699_frame1_fft     36   3  0.176488;0.470599;0.352954    19625.169;13934.405;13853.841     6;2;3
with_coding_region     5000   NC_073236.2  SCFR_NC_073236_2_20428053_20465889_frame1_fft     8    3  0.176472;0.352944;0.470584    25195.727;14325.890;11601.856     6;3;2
with_coding_region     5000   NC_073236.2  SCFR_NC_073236_2_20444735_20459378_frame3_fft     8    3  0.176467;0.352933;0.470600    9759.382;5504.450;4371.910        6;3;2
with_coding_region     5000   NC_073236.2  SCFR_NC_073236_2_20459381_20474693_frame3_fft     18   3  0.176528;0.058843;0.352926    6146.430;4216.925;3698.421        6;17;3
with_coding_region     5000   NC_073236.2  SCFR_NC_073236_2_20493537_20504793_frame1_fft     32   3  0.176706;0.058902;0.352878    4301.778;3171.584;2186.983        6;17;3
with_coding_region     5000   NC_073236.2  SCFR_NC_073236_2_20443738_20501890_frame2_fft     91   3  0.176486;0.176555;0.058829    18920.266;12827.768;10797.438     6;6;17
with_coding_region     5000   NC_073236.2  SCFR_NC_073236_2_20465892_20493519_frame1_fft     49   3  0.176530;0.058855;0.353133    12362.649;7086.638;5642.935       6;17;3
with_coding_region     5000   NC_073236.2  SCFR_NC_073236_2_20474696_20497661_frame3_fft     62   3  0.176573;0.058872;0.353103    9765.441;5435.133;4803.124        6;17;3
with_coding_region     5000   NC_073236.2  SCFR_NC_073236_2_20498309_20509073_frame3_fft     37   3  0.176700;0.058900;0.176421    5022.570;3055.145;2136.895        6;17;6
with_coding_region     5000   NC_073236.2  SCFR_NC_073236_2_20528138_20535797_frame3_fft     8    3  0.176524;0.352918;0.470558    3848.435;2822.487;2246.145        6;3;2
with_coding_region     5000   NC_073236.2  SCFR_NC_073236_2_20529297_20539155_frame1_fft     8    3  0.176506;0.352911;0.470582    5233.683;3378.253;3030.178        6;3;2
with_coding_region     5000   NC_073236.2  SCFR_NC_073236_2_20529421_20541352_frame2_fft     16   3  0.176431;0.352946;0.058838    5456.164;3046.488;2757.451        6;3;17
with_coding_region     5000   NC_073236.2  SCFR_NC_073236_2_20528097_20589384_frame_2_fft    30   3  0.176481;0.352946;0.470589    25872.872;15914.951;15434.306     6;3;2
with_coding_region     5000   NC_073236.2  SCFR_NC_073236_2_20540867_20585753_frame3_fft     8    3  0.176469;0.352939;0.470592    29981.899;17046.146;13472.053     6;3;2
with_coding_region     5000   NC_073236.2  SCFR_NC_073236_2_20540991_20584869_frame1_fft     8    3  0.176467;0.352933;0.058822    28039.543;13752.228;12392.915     6;3;17
with_coding_region     5000   NC_073236.2  SCFR_NC_073236_2_20527465_20641495_frame_1_fft    104  3  0.176471;0.058827;0.352942    40922.110;25288.437;21695.474     6;17;3
with_coding_region     5000   NC_073236.2  SCFR_NC_073236_2_20588615_20596820_frame3_fft     8    3  0.176478;0.352956;0.470567    5432.729;3127.024;2450.967        6;3;2
with_coding_region     5000   NC_073236.2  SCFR_NC_073236_2_20548693_20589385_frame2_fft     8    3  0.176472;0.352944;0.470584    27207.358;15492.042;12186.982     6;3;2
with_coding_region     5000   NC_073236.2  SCFR_NC_073236_2_20591451_20602650_frame1_fft     9    3  0.176444;0.352978;0.470578    5813.267;3390.905;2952.171        6;3;2
with_coding_region     5000   NC_073236.2  SCFR_NC_073236_2_20600546_20612372_frame3_fft     19   3  0.176560;0.058853;0.353036    4692.185;3187.571;2643.987        6;17;3
with_coding_region     5000   NC_073236.2  SCFR_NC_073236_2_20528105_20658155_frame_3_fft    139  3  0.176471;0.176494;0.352941    52657.622;26710.250;25793.159     6;6;3
with_coding_region     5000   NC_073236.2  SCFR_NC_073236_2_20602653_20623251_frame1_fft     28   3  0.176473;0.058841;0.352995    10509.612;5387.421;4321.553       6;17;3
with_coding_region     5000   NC_073236.2  SCFR_NC_073236_2_20617339_20623030_frame2_fft     9    3  0.176419;0.353014;0.058865    2399.931;1812.929;1556.888        6;3;17
with_coding_region     5000   NC_073236.2  SCFR_NC_073236_2_20617118_20628962_frame3_fft     22   3  0.176461;0.353006;0.058848    4918.526;3778.760;3228.182        6;3;17
with_coding_region     5000   NC_073236.2  SCFR_NC_073236_2_20623033_20629183_frame2_fft     9    3  0.176423;0.353008;0.058862    2530.606;1973.037;1672.041        6;3;17
with_coding_region     5000   NC_073236.2  SCFR_NC_073236_2_20589387_20652324_frame_2_fft    58   3  0.176494;0.176446;0.352956    23554.017;16315.028;13679.378     6;6;3
with_coding_region     5000   NC_073236.2  SCFR_NC_073236_2_20630425_20636221_frame2_fft     8    3  0.176501;0.353002;0.058834    3657.440;1828.350;1652.592        6;3;17
with_coding_region     5000   NC_073236.2  SCFR_NC_073236_2_20623254_20636442_frame1_fft     11   3  0.176448;0.352972;0.058841    6637.279;4020.907;3524.530        6;3;17
with_coding_region     5000   NC_073236.2  SCFR_NC_073236_2_20628965_20637698_frame3_fft     8    3  0.176457;0.352914;0.470629    5663.319;3133.577;2309.720        6;3;2
with_coding_region     5000   NC_073236.2  SCFR_NC_073236_2_20641923_20649855_frame1_fft     8    3  0.176500;0.470625;0.353001    4800.048;2286.232;2120.597        6;2;3
with_coding_region     5000   NC_073236.2  SCFR_NC_073236_2_20652327_20661708_frame_2_fft    8    3  0.176420;0.352947;0.058842    4225.279;3664.228;2596.422        6;3;17
with_coding_region     5000   NC_073236.2  SCFR_NC_073236_2_20636224_20641474_frame2_fft     8    3  0.176381;0.352952;0.058857    2349.172;2057.594;1434.982        6;3;17
with_coding_region     5000   NC_073236.2  SCFR_NC_073236_2_20658158_20665091_frame_3_fft    8    3  0.176403;0.352950;0.058849    3100.403;2719.069;1926.247        6;3;17
with_coding_region     5000   NC_073236.2  SCFR_NC_073236_2_20658137_20663387_frame3_fft     8    3  0.176381;0.352952;0.058857    2356.621;2058.957;1473.138        6;3;17
with_coding_region     5000   NC_073236.2  SCFR_NC_073236_2_20661711_20673642_frame_2_fft    9    3  0.176431;0.352946;0.058838    5351.367;4661.454;3294.160        6;3;17
with_coding_region     5000   NC_073236.2  SCFR_NC_073236_2_20665094_20670701_frame_3_fft    8    3  0.176387;0.352952;0.058855    2514.972;2187.138;1539.682        6;3;17
with_coding_region     5000   NC_073236.2  SCFR_NC_073236_2_20647873_20678827_frame_1_fft    8    3  0.176455;0.352943;0.058829    13879.043;12103.381;8524.854      6;3;17
with_coding_region     5000   NC_073236.2  SCFR_NC_073236_2_20663611_20673643_frame2_fft     8    3  0.176435;0.352970;0.470594    5395.844;3394.714;3243.102        6;3;2
with_coding_region     5000   NC_073236.2  SCFR_NC_073236_2_20677398_20683146_frame1_fft     8    3  0.176409;0.352992;0.470598    3078.822;1965.520;1860.978        6;3;2
with_coding_region     5000   NC_073236.2  SCFR_NC_073236_2_20670683_20678828_frame3_fft     8    3  0.176427;0.352977;0.470595    4365.917;2771.681;2641.945        6;3;2
with_coding_region     5000   NC_073236.2  SCFR_NC_073236_2_20675481_20686392_frame_2_fft    8    3  0.176427;0.352947;0.058840    4878.747;4283.619;3000.333        6;3;17
with_coding_region     5000   NC_073236.2  SCFR_NC_073236_2_20683148_20689418_frame_3_fft    8    3  0.176396;0.352951;0.058852    2793.313;2462.903;1720.876        6;3;17
with_coding_region     5000   NC_073236.2  SCFR_NC_073236_2_20670704_20683145_frame_3_fft    8    3  0.176433;0.352946;0.058838    5558.405;4869.955;3420.240        6;3;17
with_coding_region     5000   NC_073236.2  SCFR_NC_073236_2_20678830_20690914_frame_1_fft    8    3  0.176432;0.352946;0.058838    5408.373;4736.481;3314.864        6;3;17
with_coding_region     5000   NC_073236.2  SCFR_NC_073236_2_20692039_20698921_frame_1_fft    8    3  0.176402;0.352950;0.058849    3081.045;2686.531;1871.545        6;3;17
with_coding_region     5000   NC_073236.2  SCFR_NC_073236_2_20686395_20710056_frame_2_fft    8    3  0.176451;0.352944;0.058831    10564.929;9258.922;6469.863       6;3;17
with_coding_region     5000   NC_073236.2  SCFR_NC_073236_2_20697594_20706465_frame1_fft     8    3  0.176418;0.352948;0.058843    3962.512;3485.114;2454.123        6;3;17
with_coding_region     5000   NC_073236.2  SCFR_NC_073236_2_20710059_20716737_frame_2_fft    8    3  0.176400;0.352950;0.058850    2970.954;2613.813;1817.334        6;3;17
with_coding_region     5000   NC_073236.2  SCFR_NC_073236_2_20713340_20728484_frame_3_fft    8    3  0.176440;0.352945;0.058835    6774.748;5925.539;4138.733        6;3;17
with_coding_region     5000   NC_073236.2  SCFR_NC_073236_2_20689421_20713337_frame_3_fft    8    3  0.176451;0.352944;0.058831    10691.821;9365.234;6552.662       6;3;17
with_coding_region     5000   NC_073236.2  SCFR_NC_073236_2_20715410_20722853_frame3_fft     8    3  0.176407;0.352949;0.058847    3308.361;2917.667;2041.910        6;3;17
with_coding_region     5000   NC_073236.2  SCFR_NC_073236_2_20716740_20725203_frame_2_fft    8    3  0.176415;0.352948;0.058844    3763.703;3314.122;2310.727        6;3;17
with_coding_region     5000   NC_073236.2  SCFR_NC_073236_2_20725206_20731884_frame_2_fft    8    3  0.176400;0.352950;0.058850    2970.820;2614.235;1819.098        6;3;17
with_coding_region     5000   NC_073236.2  SCFR_NC_073236_2_20702086_20735131_frame_1_fft    11   3  0.176456;0.352943;0.058829    14764.622;12934.605;9020.586      6;3;17
with_coding_region     5000   NC_073236.2  SCFR_NC_073236_2_20728487_20736644_frame_3_fft    8    3  0.176413;0.352948;0.058845    3662.629;3192.523;2233.205        6;3;17
with_coding_region     5000   NC_073236.2  SCFR_NC_073236_2_20735134_20748748_frame_1_fft    8    3  0.176436;0.352945;0.058836    6092.902;5338.726;3741.618        6;3;17
with_coding_region     5000   NC_073236.2  SCFR_NC_073236_2_20731887_20737800_frame_2_fft    8    3  0.176391;0.352951;0.058853    2638.272;2322.464;1634.646        6;3;17
with_coding_region     5000   NC_073236.2  SCFR_NC_073236_2_20760630_20767782_frame1_fft     8    3  0.176454;0.352908;0.470638    4644.745;2551.074;1868.915        6;3;2
with_coding_region     5000   NC_073236.2  SCFR_NC_073236_2_20769712_20792665_frame_1_fft    8    3  0.176491;0.352939;0.058816    10309.367;8888.708;6273.425       6;3;17
with_coding_region     5000   NC_073236.2  SCFR_NC_073236_2_20748751_20767312_frame_1_fft    8    3  0.176445;0.352944;0.058833    8317.560;7250.999;5046.243        6;3;17
with_coding_region     5000   NC_073236.2  SCFR_NC_073236_2_20775981_20781027_frame1_fft     8    3  0.176377;0.352953;0.058859    2255.948;1966.943;1391.523        6;3;17
with_coding_region     5000   NC_073236.2  SCFR_NC_073236_2_20781030_20790816_frame1_fft     8    3  0.176477;0.352953;0.470570    6492.853;3722.910;2968.889        6;3;2
with_coding_region     5000   NC_073236.2  SCFR_NC_073236_2_20777443_20784682_frame2_fft     8    3  0.176406;0.352949;0.058848    3233.113;2820.052;1994.597        6;3;17
with_coding_region     5000   NC_073236.2  SCFR_NC_073236_2_20742240_20789826_frame_2_fft    8    3  0.176480;0.352940;0.058820    21283.426;18587.429;13024.918     6;3;17
with_coding_region     5000   NC_073236.2  SCFR_NC_073236_2_20793691_20799934_frame2_fft     8    3  0.176518;0.470607;0.352875    3595.180;1941.259;1794.675        6;2;3
with_coding_region     5000   NC_073236.2  SCFR_NC_073236_2_20783903_20790050_frame3_fft     8    3  0.176509;0.470636;0.353018    3741.907;1683.029;1623.833        6;2;3
with_coding_region     5000   NC_073236.2  SCFR_NC_073236_2_20794454_20878304_frame3_fft     21   3  0.176470;0.352940;0.470590    50142.751;22802.926;19294.966     6;3;2
with_coding_region     5000   NC_073236.2  SCFR_NC_073236_2_20799036_20846271_frame1_fft     18   3  0.176479;0.352937;0.117646    26979.770;11332.033;10366.596     6;3;9
with_coding_region     5000   NC_073236.2  SCFR_NC_073236_2_20794453_20939476_frame_1_fft    130  3  0.176475;0.352944;0.058825    56893.155;32389.673;31162.331     6;3;17
with_coding_region     5000   NC_073236.2  SCFR_NC_073236_2_20736647_20941634_frame_3_fft    184  3  0.176475;0.352944;0.058823    87182.410;52637.339;44912.103     6;3;17
with_coding_region     5000   NC_073236.2  SCFR_NC_073236_2_20789829_20939484_frame_2_fft    139  3  0.176473;0.352945;0.058822    69029.564;31906.921;27750.680     6;3;17
with_coding_region     5000   NC_073236.2  SCFR_NC_073236_2_20846274_20861622_frame1_fft     8    3  0.176440;0.352945;0.058835    6899.689;5963.115;4297.854        6;3;17
with_coding_region     5000   NC_073236.2  SCFR_NC_073236_2_20800192_20836225_frame2_fft     16   3  0.176477;0.352954;0.058835    22774.962;11161.784;8548.614      6;3;17
with_coding_region     5000   NC_073236.2  SCFR_NC_073236_2_20836228_20877307_frame2_fft     8    3  0.176465;0.470581;0.352930    24994.047;11715.918;10816.811     6;2;3
with_coding_region     5000   NC_073236.2  SCFR_NC_073236_2_20878307_20886779_frame3_fft     8    3  0.176464;0.352927;0.470609    5631.159;3184.791;2528.293        6;3;2
with_coding_region     5000   NC_073236.2  SCFR_NC_073236_2_20877310_20908543_frame2_fft     33   3  0.176480;0.352928;0.470592    15798.019;7983.758;6999.392       6;3;2
with_coding_region     5000   NC_073236.2  SCFR_NC_073236_2_20887700_20903012_frame3_fft     18   3  0.176528;0.058843;0.352926    6146.430;4216.925;3698.421        6;17;3
with_coding_region     5000   NC_073236.2  SCFR_NC_073236_2_20861625_20894208_frame1_fft     8    3  0.176472;0.352945;0.470583    21693.463;12364.002;10027.742     6;3;2
with_coding_region     5000   NC_073236.2  SCFR_NC_073236_2_20922094_20933350_frame2_fft     32   3  0.176706;0.058902;0.352878    4298.979;3172.824;2186.697        6;17;3
with_coding_region     5000   NC_073236.2  SCFR_NC_073236_2_20903015_20930447_frame3_fft     63   3  0.176546;0.058873;0.176655    10280.445;6530.100;5338.123       6;17;6
with_coding_region     5000   NC_073236.2  SCFR_NC_073236_2_20926866_20937630_frame1_fft     37   3  0.176700;0.058900;0.176421    5022.320;3054.493;2137.772        6;17;6
with_coding_region     5000   NC_073236.2  SCFR_NC_073236_2_20908546_20922076_frame2_fft     25   3  0.176571;0.058832;0.353141    8085.564;3404.591;3337.651        6;17;3
with_coding_region     5000   NC_073236.2  SCFR_NC_073236_2_20956022_20961452_frame_3_fft    21   3  0.176611;0.470718;0.353039    2327.105;1101.406;1013.840        6;2;3
with_coding_region     5000   NC_073236.2  SCFR_NC_073236_2_21020442_21026055_frame_2_fft    25   3  0.176554;0.352931;0.470515    2238.041;1047.143;1046.170        6;3;2
with_coding_region     5000   NC_073236.2  SCFR_NC_073236_2_21023437_21028987_frame_1_fft    19   3  0.176577;0.353153;0.058919    2963.060;1138.288;991.589         6;3;17
with_coding_region     5000   NC_073236.2  SCFR_NC_073236_2_21439263_21445905_frame1_fft     20   3  0.229600;0.229148;0.230503    2116.693;973.802;877.152          4;4;4
with_coding_region     5000   NC_073236.2  SCFR_NC_073236_2_46653438_46658634_frame1_fft     1    1  0.333333                      791.043                           3
with_coding_region     5000   NC_073236.2  SCFR_NC_073236_2_20894211_20926218_frame1_fft     73   3  0.176524;0.058862;0.117693    10570.217;6767.953;5089.397       6;17;8
with_coding_region     5000   NC_073236.2  SCFR_NC_073236_2_21031573_21037018_frame_1_fft    22   3  0.176676;0.176309;0.352984    2093.588;1811.852;1327.344        6;6;3
with_coding_region     5000   NC_073236.2  SCFR_NC_073236_2_66312414_66318552_frame_2_fft    18   3  0.333333;0.326328;0.035191    1023.832;745.060;591.613          3;3;28
with_coding_region     5000   NC_073236.2  SCFR_NC_073236_2_84856613_84861650_frame_3_fft    3    3  0.465753;0.399047;0.467540    366.936;288.267;285.002           2;3;2
with_coding_region     5000   NC_073236.2  SCFR_NC_073236_2_84856534_84861682_frame_1_fft    4    3  0.000389;0.000971;0.467949    319.841;304.079;295.301           2574;1030;2
with_coding_region     5000   NC_073236.2  SCFR_NC_073236_2_84856575_84861717_frame_2_fft    3    3  0.465772;0.000389;0.000972    336.322;314.543;298.407           2;2572;1029
with_coding_region     5000   NC_073231.2  SCFR_NC_073231_2_149168635_149173729_frame2_fft   11   3  0.467020;0.468002;0.466235    1043.094;994.921;736.797          2;2;2
with_coding_region     5000   NC_073231.2  SCFR_NC_073231_2_13314428_13322057_frame3_fft     5    3  0.333333;0.332940;0.333727    1007.412;476.328;422.747          3;3;3
with_coding_region     5000   NC_073231.2  SCFR_NC_073231_2_149711021_149721230_frame3_fft   60   3  0.333333;0.176119;0.369184    3013.771;1089.378;811.085         3;6;3
with_coding_region     5000   NC_073231.2  SCFR_NC_073231_2_149710997_149727908_frame_3_fft  28   3  0.333333;0.316362;0.176098    4421.546;1027.722;1001.421        3;3;6
with_coding_region     5000   NC_073231.2  SCFR_NC_073231_2_43524235_43529707_frame_1_fft    2    2  0.333333;0.000914             618.136;381.850                   3;1095
with_coding_region     5000   NC_073231.2  SCFR_NC_073231_2_149771150_149777387_frame_3_fft  2    2  0.333333;0.140131             1715.329;429.887                  3;7
with_coding_region     5000   NC_073231.2  SCFR_NC_073231_2_66156313_66162049_frame_1_fft    1    1  0.333333                      828.294                           3
with_coding_region     5000   NC_073231.2  SCFR_NC_073231_2_35077638_35085009_frame_2_fft    1    1  0.333333                      926.638                           3
with_coding_region     5000   NC_073231.2  SCFR_NC_073231_2_883_6670_frame_1_fft             5    3  -0.166580;0.166580;-0.333333  3028.638;3028.638;1784.484        14;69;17
with_coding_region     5000   NC_073231.2  SCFR_NC_073231_2_936_6429_frame_2_fft             5    3  -0.166758;0.166758;-0.333333  2761.022;2761.022;1830.000        15;73;18
with_coding_region     5000   NC_073231.2  SCFR_NC_073231_2_884_6671_frame3_fft              5    3  -0.166580;0.166580;-0.333333  3030.011;3030.011;1783.568        14;69;17
with_coding_region     5000   NC_073231.2  SCFR_NC_073231_2_937_6430_frame2_fft              5    3  -0.166576;0.166576;-0.333333  2760.644;2760.644;1830.000        15;73;18
with_coding_region     5000   NC_073228.2  SCFR_NC_073228_2_116678870_116685455_frame3_fft   1    1  0.333333                      1014.773                          3
with_coding_region     5000   NC_073228.2  SCFR_NC_073228_2_11802078_11808807_frame_3_fft    17   3  0.499777;0.166741;0.333482    1623.117;1481.234;1411.173        2;6;3
with_coding_region     5000   NC_073228.2  SCFR_NC_073228_2_11802057_11808867_frame1_fft     16   3  0.499706;0.333480;0.499413    1725.196;1410.587;1279.957        2;3;2
with_coding_region     5000   NC_073228.2  SCFR_NC_073228_2_11802074_11808839_frame_1_fft    16   3  0.499778;0.166741;0.333481    1609.987;1487.433;1408.893        2;6;3
with_coding_region     5000   NC_073228.2  SCFR_NC_073228_2_11802083_11808896_frame3_fft     16   3  0.499780;0.166740;0.333480    1595.308;1481.756;1421.839        2;6;3
with_coding_region     5000   NC_073228.2  SCFR_NC_073228_2_158859195_158868738_frame1_fft   15   3  0.468721;0.437493;0.125013    3299.193;3269.256;3121.882        2;2;8
with_coding_region     5000   NC_073228.2  SCFR_NC_073228_2_11802079_11808826_frame2_fft     17   3  0.499778;0.166741;0.333482    1615.718;1485.503;1413.317        2;6;3
with_coding_region     5000   NC_073228.2  SCFR_NC_073228_2_11802082_11808874_frame_2_fft    15   3  0.499706;0.333481;0.499411    1724.244;1417.299;1285.535        2;3;2
with_coding_region     5000   NC_073228.2  SCFR_NC_073228_2_158859259_158868676_frame2_fft   15   3  0.468727;0.437507;0.124987    3383.661;3284.057;3101.040        2;2;8
with_coding_region     5000   NC_073228.2  SCFR_NC_073228_2_158858669_158868704_frame3_fft   16   3  0.468759;0.437469;0.124963    3514.408;2771.797;2770.226        2;2;8
with_coding_region     5000   NC_073228.2  SCFR_NC_073228_2_4270_11449_frame_2_fft           2    2  0.166736;0.333333             3610.581;2352.818                 6;3
with_coding_region     5000   NC_073228.2  SCFR_NC_073228_2_3980_11498_frame3_fft            3    3  0.166667;0.333333;0.166401    5451.511;2304.566;536.856         6;3;6
with_coding_region     5000   NC_073228.2  SCFR_NC_073228_2_4267_11338_frame2_fft            2    2  0.166596;0.333333             3553.815;2350.793                 6;3
with_coding_region     5000   NC_073228.2  SCFR_NC_073228_2_82622897_82629197_frame3_fft     1    1  0.333333                      770.724                           3
with_coding_region     5000   NC_073228.2  SCFR_NC_073228_2_87613826_87619217_frame3_fft     1    1  0.333333                      1059.150                          3
with_coding_region     5000   NC_073228.2  SCFR_NC_073228_2_54143870_54149012_frame3_fft     1    1  0.333333                      492.600                           3
with_coding_region     5000   NC_073228.2  SCFR_NC_073228_2_4266_11361_frame_3_fft           2    2  0.166596;0.333333             3565.928;2348.500                 6;3
with_coding_region     5000   NC_073241.2  SCFR_NC_073241_2_116047998_116054277_frame_2_fft  8    3  0.166587;0.333333;0.166269    3937.442;1224.238;595.220         6;3;6
with_coding_region     5000   NC_073241.2  SCFR_NC_073241_2_116047999_116054278_frame2_fft   8    3  0.166587;0.333333;0.166269    3935.892;1223.768;593.375         6;3;6
with_coding_region     5000   NC_073241.2  SCFR_NC_073241_2_1526_11213_frame_3_fft           3    3  0.166718;0.333333;0.166202    5477.588;2683.525;641.077         6;3;6
with_coding_region     5000   NC_073241.2  SCFR_NC_073241_2_2558_11069_frame3_fft            2    2  0.166608;0.333333             4290.145;2836.000                 6;3
with_coding_region     5000   NC_073241.2  SCFR_NC_073241_2_1527_11160_frame1_fft            3    3  0.166719;0.333333;0.166096    5455.433;2682.936;610.917         6;3;6
with_coding_region     5000   NC_073241.2  SCFR_NC_073241_2_2557_11068_frame_1_fft           2    2  0.166608;0.333333             4289.166;2834.000                 6;3
with_coding_region     5000   NC_073241.2  SCFR_NC_073241_2_83853747_83858997_frame1_fft     23   3  0.333333;0.387619;0.306095    2421.009;697.252;672.811          3;3;3
with_coding_region     5000   NC_073239.2  SCFR_NC_073239_2_0_6529_frame_3_fft               5    3  -0.166641;0.166641;-0.333282  4912.805;4912.805;1793.250        12;61;15
with_coding_region     5000   NC_073239.2  SCFR_NC_073239_2_121851312_121863879_frame1_fft   51   3  0.307233;0.461367;0.461606    1919.290;1883.683;1838.120        3;2;2
with_coding_region     5000   NC_073239.2  SCFR_NC_073239_2_121851316_121863820_frame2_fft   49   3  0.307262;0.461612;0.461932    1951.848;1797.043;1792.557        3;2;2
with_coding_region     5000   NC_073239.2  SCFR_NC_073239_2_121851275_121863776_frame3_fft   47   3  0.461323;0.307255;0.307575    2362.664;2017.887;1772.955        2;3;3
with_coding_region     5000   NC_073239.2  SCFR_NC_073239_2_124189851_124196211_frame_1_fft  50   3  0.166667;0.166195;0.167138    1478.209;1096.329;1064.401        6;6;6
with_coding_region     5000   NC_073239.2  SCFR_NC_073239_2_124198133_124205189_frame_2_fft  53   3  0.166241;0.166667;0.167092    1428.060;1372.544;1369.921        6;6;6
with_coding_region     5000   NC_073239.2  SCFR_NC_073239_2_121936319_121953572_frame_2_fft  130  3  0.333333;0.143453;0.139396    3545.075;1756.682;1629.871        3;7;7
with_coding_region     5000   NC_073239.2  SCFR_NC_073239_2_131680416_131687727_frame1_fft   3    3  0.166735;0.333333;0.165914    4184.987;1988.005;447.670         6;3;6
with_coding_region     5000   NC_073239.2  SCFR_NC_073239_2_131680415_131687726_frame_2_fft  3    3  0.166735;0.333333;0.165914    4184.280;1987.119;449.017         6;3;6
with_coding_region     5000   NC_073239.2  SCFR_NC_073239_2_131680422_131686797_frame_1_fft  2    2  0.166588;0.333333             3228.681;2124.000                 6;3
with_coding_region     5000   NC_073239.2  SCFR_NC_073239_2_131680423_131686798_frame2_fft   2    2  0.166588;0.333333             3226.801;2122.000                 6;3
with_coding_region     5000   NC_073239.2  SCFR_NC_073239_2_61408051_61413085_frame2_fft     7    3  0.200238;0.199642;0.400278    2750.373;1131.276;960.428         5;5;2
with_coding_region     5000   NC_073239.2  SCFR_NC_073239_2_2_7154_frame3_fft                5    3  -0.166667;0.166667;-0.333333  5256.878;5256.878;2019.530        11;55;14
with_coding_region     5000   NC_073239.2  SCFR_NC_073239_2_61599228_61605210_frame1_fft     8    3  0.200267;0.400201;0.199432    2788.113;1312.261;1045.153        5;2;5
with_coding_region     5000   NC_073239.2  SCFR_NC_073239_2_61459074_61464846_frame1_fft     10   3  0.200104;0.400381;0.400035    3343.637;917.293;820.259          5;2;3
with_coding_region     5000   NC_073239.2  SCFR_NC_073239_2_61711788_61719360_frame1_fft     4    3  0.199947;0.400026;0.032884    4276.905;2612.737;508.823         5;3;30
with_coding_region     5000   NC_073239.2  SCFR_NC_073239_2_61701880_61709764_frame2_fft     6    3  0.200025;0.400051;0.032851    5555.184;2204.186;523.570         5;2;30
with_coding_region     5000   NC_073239.2  SCFR_NC_073239_2_61846658_61851857_frame3_fft     6    3  0.200038;0.400269;0.199461    2352.892;1416.283;1053.359        5;2;5
with_coding_region     5000   NC_073239.2  SCFR_NC_073239_2_61864686_61870563_frame1_fft     6    3  0.200102;0.400034;0.200613    3498.957;1327.769;564.378         5;3;5
with_coding_region     5000   NC_073239.2  SCFR_NC_073239_2_61826907_61832106_frame1_fft     6    3  0.200038;0.400269;0.199461    2352.892;1416.283;1053.359        5;2;5
with_coding_region     5000   NC_073239.2  SCFR_NC_073239_2_61856211_61861491_frame1_fft     9    3  0.200189;0.400189;0.399621    3080.556;1154.202;835.634         5;2;3
with_coding_region     5000   NC_073239.2  SCFR_NC_073239_2_801_7812_frame1_fft              7    3  -0.166595;0.166595;-0.333333  3854.762;3854.762;2070.429        11;56;14
with_coding_region     5000   NC_073239.2  SCFR_NC_073239_2_800_7196_frame_2_fft             5    3  -0.166667;0.166667;-0.500000  4912.035;4912.035;2118.000        12;62;21
with_coding_region     5000   NC_073229.2  SCFR_NC_073229_2_166914417_166919919_frame_3_fft  1    1  0.333333                      489.771                           3
with_coding_region     5000   NC_073229.2  SCFR_NC_073229_2_111404416_111411589_frame2_fft   1    1  0.333333                      1006.560                          3
with_coding_region     5000   NC_073229.2  SCFR_NC_073229_2_175516868_175521944_frame3_fft   1    1  0.333333                      1054.971                          3
with_coding_region     5000   NC_073229.2  SCFR_NC_073229_2_191756409_191770125_frame_3_fft  23   3  0.346530;0.306868;0.307451    3582.372;3020.828;1657.727        3;3;3
with_coding_region     5000   NC_073229.2  SCFR_NC_073229_2_199443150_199451427_frame_3_fft  2    2  0.166606;0.333333             4199.214;2556.714                 6;3
with_coding_region     5000   NC_073229.2  SCFR_NC_073229_2_191756441_191770418_frame_1_fft  26   3  0.306861;0.346498;0.306504    2774.971;2591.985;1719.022        3;3;3
with_coding_region     5000   NC_073229.2  SCFR_NC_073229_2_191756350_191770492_frame_2_fft  24   3  0.306887;0.346556;0.307453    3199.489;3011.803;1745.624        3;3;3
with_coding_region     5000   NC_073229.2  SCFR_NC_073229_2_199443151_199451428_frame2_fft   2    2  0.166606;0.333333             4198.696;2558.174                 6;3
with_coding_region     5000   NC_073229.2  SCFR_NC_073229_2_199443392_199451261_frame3_fft   2    2  0.166730;0.333333             3952.038;2622.000                 6;3
with_coding_region     5000   NC_073229.2  SCFR_NC_073229_2_29805355_29811442_frame2_fft     1    1  0.333333                      676.356                           3
with_coding_region     5000   NC_073229.2  SCFR_NC_073229_2_199443391_199451260_frame_2_fft  2    2  0.166603;0.333333             3951.660;2622.000                 6;3
with_coding_region     5000   NC_073229.2  SCFR_NC_073229_2_3201_8736_frame1_fft             2    2  0.166576;0.333333             2968.484;1700.034                 6;3
with_coding_region     5000   NC_073229.2  SCFR_NC_073229_2_3200_8735_frame_1_fft            2    2  0.166576;0.333333             2970.397;1700.035                 6;3
with_coding_region     5000   NC_073229.2  SCFR_NC_073229_2_616_8446_frame2_fft              17   3  -0.166667;0.166667;-0.500000  3577.715;3577.715;2608.000        10;50;17
with_coding_region     5000   NC_073229.2  SCFR_NC_073229_2_615_8445_frame_3_fft             17   3  -0.166667;0.166667;-0.500000  3579.585;3579.585;2608.000        10;50;17
with_coding_region     5000   NC_073229.2  SCFR_NC_073229_2_74394183_74399727_frame_3_fft    1    1  0.333333                      839.749                           3
with_coding_region     5000   NC_073229.2  SCFR_NC_073229_2_64475638_64481737_frame2_fft     1    1  0.333333                      698.615                           3
with_coding_region     5000   NC_073243.2  SCFR_NC_073243_2_110850339_110856828_frame_2_fft  14   3  0.344891;0.379257;0.034520    1748.079;1681.647;1657.518        3;3;29
with_coding_region     5000   NC_073243.2  SCFR_NC_073243_2_2698_10507_frame_1_fft           2    2  0.166603;0.333333             3962.019;2523.668                 6;3
with_coding_region     5000   NC_073243.2  SCFR_NC_073243_2_110850764_110856824_frame_3_fft  14   3  0.068977;0.206931;0.344884    2020.886;1916.044;1800.632        14;5;3
with_coding_region     5000   NC_073243.2  SCFR_NC_073243_2_110850793_110857012_frame_1_fft  14   3  0.068982;0.379321;0.206946    1992.136;1965.763;1773.912        14;3;5
with_coding_region     5000   NC_073243.2  SCFR_NC_073243_2_2699_10406_frame3_fft            2    2  0.166602;0.333333             3961.853;2528.514                 6;3
with_coding_region     5000   NC_073243.2  SCFR_NC_073243_2_39508136_39514832_frame_3_fft    2    2  0.333333;0.001045             1163.920;382.081                  3;957
with_coding_region     5000   NC_073243.2  SCFR_NC_073243_2_738_8973_frame_2_fft             13   3  -0.166606;0.166606;-0.333333  5099.077;5099.077;1911.021        9;47;12
with_coding_region     5000   NC_073243.2  SCFR_NC_073243_2_739_10516_frame2_fft             17   3  0.166616;-0.166616;0.333333   5906.420;5906.420;2318.840        39;8;19
with_coding_region     5000   NC_073243.2  SCFR_NC_073243_2_31952662_31963174_frame_1_fft    1    1  0.333333                      2067.025                          3
with_coding_region     5000   NC_073245.2  SCFR_NC_073245_2_1908_8271_frame1_fft             4    3  0.166745;0.333333;0.167217    4116.800;1205.987;488.048         6;3;6
with_coding_region     5000   NC_073245.2  SCFR_NC_073245_2_1907_8270_frame_1_fft            4    3  0.166745;0.333333;0.167217    4117.872;1206.472;489.140         6;3;6
with_coding_region     5000   NC_073233.2  SCFR_NC_073233_2_13052062_13059364_frame_2_fft    1    1  0.333333                      800.454                           3
with_coding_region     5000   NC_073233.2  SCFR_NC_073233_2_116395417_116400799_frame_2_fft  1    1  0.333333                      538.599                           3
with_coding_region     5000   NC_073233.2  SCFR_NC_073233_2_143512737_143520636_frame_3_fft  45   3  0.166603;0.333333;0.151918    1461.097;1318.976;814.611         6;3;7
with_coding_region     5000   NC_073233.2  SCFR_NC_073233_2_143597515_143608078_frame_2_fft  67   3  0.333333;0.166525;0.166809    1770.732;1423.362;1381.130        3;6;6
with_coding_region     5000   NC_073233.2  SCFR_NC_073233_2_1465_9133_frame2_fft             2    2  0.166667;0.333333             5880.628;2363.786                 6;3
with_coding_region     5000   NC_073233.2  SCFR_NC_073233_2_1470_9132_frame_3_fft            2    2  0.166667;0.333333             5877.865;2364.150                 6;3
with_coding_region     5000   NC_073233.2  SCFR_NC_073233_2_147864785_147871811_frame3_fft   2    2  0.166667;0.333333             5294.746;2043.804                 6;3
with_coding_region     5000   NC_073233.2  SCFR_NC_073233_2_147864784_147871810_frame_2_fft  2    2  0.166667;0.333333             5292.925;2042.851                 6;3
with_coding_region     5000   NC_073233.2  SCFR_NC_073233_2_147865397_147872096_frame_1_fft  2    2  0.166592;0.333333             3462.207;2167.382                 6;3
with_coding_region     5000   NC_073233.2  SCFR_NC_073233_2_147865398_147872097_frame1_fft   2    2  0.166592;0.333333             3460.349;2165.385                 6;3
with_coding_region     5000   NC_073233.2  SCFR_NC_073233_2_17639276_17663846_frame3_fft     45   3  0.437322;0.443834;0.062678    1398.551;1109.744;1082.026        2;2;16
with_coding_region     5000   NC_073233.2  SCFR_NC_073233_2_17639321_17663885_frame_1_fft    47   3  0.437347;0.443006;0.062653    1391.975;1263.818;1111.513        2;2;16
with_coding_region     5000   NC_073233.2  SCFR_NC_073233_2_17639302_17663854_frame2_fft     47   3  0.437317;0.443833;0.443019    1255.982;1105.195;1088.093        2;2;2
with_coding_region     5000   NC_073233.2  SCFR_NC_073233_2_20676751_20682424_frame_2_fft    0    0
with_coding_region     5000   NC_073233.2  SCFR_NC_073233_2_17639316_17663802_frame_3_fft    46   3  0.437352;0.443845;0.062648    1295.069;1090.461;1045.432        2;2;16
with_coding_region     5000   NC_073233.2  SCFR_NC_073233_2_20676846_20682438_frame_3_fft    0    0
with_coding_region     5000   NC_073233.2  SCFR_NC_073233_2_20676863_20682476_frame_1_fft    0    0
with_coding_region     5000   NC_073233.2  SCFR_NC_073233_2_17639341_17663782_frame_2_fft    29   3  0.499775;0.437339;0.443844    2355.137;1513.215;1097.131        2;2;2
with_coding_region     5000   NC_073233.2  SCFR_NC_073233_2_17639364_17663817_frame1_fft     33   3  0.499775;0.437329;0.443013    2366.030;1506.531;1203.736        2;2;2
with_coding_region     5000   NC_073233.2  SCFR_NC_073233_2_583_8767_frame_2_fft             5    3  -0.166667;0.166667;-0.333333  6104.997;6104.997;2290.068        9;47;12
with_coding_region     5000   NC_073233.2  SCFR_NC_073233_2_584_8768_frame3_fft              5    3  -0.166667;0.166667;-0.333333  6106.809;6106.809;2288.860        9;47;12
with_coding_region     5000   NC_073233.2  SCFR_NC_073233_2_70434983_70452491_frame_1_fft    61   3  0.333333;0.143249;0.143477    3282.870;1576.441;1295.472        3;7;7
with_coding_region     5000   NC_073233.2  SCFR_NC_073233_2_7551588_7557207_frame1_fft       30   3  0.333333;0.159459;0.304325    2109.698;1128.529;1038.915        3;6;3
with_coding_region     5000   NC_073233.2  SCFR_NC_073233_2_7549030_7557646_frame2_fft       30   3  0.333333;0.159471;0.304318    2772.297;1123.616;1068.688        3;6;3
with_coding_region     5000   NC_073233.2  SCFR_NC_073233_2_7462739_7476872_frame_1_fft      97   3  0.333333;0.307649;0.285927    2909.248;1070.905;994.711         3;3;3
with_coding_region     5000   NC_073233.2  SCFR_NC_073233_2_7551637_7557214_frame_2_fft      33   3  0.333333;0.159405;0.304285    2093.707;1117.334;1036.150        3;6;3
with_coding_region     5000   NC_073233.2  SCFR_NC_073233_2_7703066_7715603_frame3_fft       18   3  0.333333;0.321369;0.472761    2872.145;853.198;674.402          3;3;2
with_coding_region     5000   NC_073233.2  SCFR_NC_073233_2_7640486_7654049_frame3_fft       43   3  0.333333;0.374843;0.291823    4010.087;2282.587;1848.108        3;3;3
with_coding_region     5000   NC_073242.2  SCFR_NC_073242_2_104887486_104896507_frame2_fft   44   3  0.023279;0.286554;0.023501    1491.602;987.846;968.667          43;3;43
with_coding_region     5000   NC_073242.2  SCFR_NC_073242_2_104887967_104893592_frame_1_fft  32   3  0.023289;0.286578;0.310044    1384.240;859.894;755.573          43;3;3
with_coding_region     5000   NC_073242.2  SCFR_NC_073242_2_102264378_102269883_frame_3_fft  1    1  0.333333                      648.107                           3
with_coding_region     5000   NC_073242.2  SCFR_NC_073242_2_104325084_104334585_frame1_fft   47   3  0.023261;0.023471;0.285865    1339.696;1124.758;1031.122        43;43;3
with_coding_region     5000   NC_073242.2  SCFR_NC_073242_2_119013009_119024907_frame1_fft   1    1  0.333333                      1090.663                          3
with_coding_region     5000   NC_073242.2  SCFR_NC_073242_2_119867590_119874475_frame_2_fft  2    2  0.333333;0.000871             1216.968;385.451                  3;1148
with_coding_region     5000   NC_073242.2  SCFR_NC_073242_2_16322412_16330200_frame_3_fft    32   3  0.333333;0.023883;0.357216    1279.943;879.427;833.224          3;42;3
with_coding_region     5000   NC_073242.2  SCFR_NC_073242_2_15563159_15571457_frame3_fft     31   3  0.333333;0.023861;0.357195    1363.314;986.173;908.110          3;42;3
with_coding_region     5000   NC_073242.2  SCFR_NC_073242_2_1743_9396_frame_3_fft            2    2  0.166732;0.333333             3908.415;2506.136                 6;3
with_coding_region     5000   NC_073242.2  SCFR_NC_073242_2_1738_9391_frame2_fft             2    2  0.166732;0.333333             3914.862;2507.102                 6;3
with_coding_region     5000   NC_073242.2  SCFR_NC_073242_2_21074338_21082198_frame_2_fft    29   3  0.333333;0.166667;0.285623    1480.243;1014.072;1013.213        3;6;4
with_coding_region     5000   NC_073242.2  SCFR_NC_073242_2_21762241_21769318_frame2_fft     24   3  0.333333;0.380952;0.285714    1281.160;942.893;931.960          3;3;4
with_coding_region     5000   NC_073242.2  SCFR_NC_073242_2_26968243_26976550_frame_2_fft    26   3  0.380884;0.357169;0.285783    1682.325;1671.723;1626.391        3;3;3
with_coding_region     5000   NC_073242.2  SCFR_NC_073242_2_23065524_23070720_frame_3_fft    28   3  0.023672;0.380485;0.286182    1105.032;1012.862;945.963         42;3;3
with_coding_region     5000   NC_073242.2  SCFR_NC_073242_2_29452062_29461818_frame1_fft     30   3  0.357114;0.023780;0.166667    2117.203;1969.308;1956.964        3;42;6
with_coding_region     5000   NC_073242.2  SCFR_NC_073242_2_28995258_29003547_frame_3_fft    23   3  0.333333;0.357100;0.023766    1376.585;1017.974;993.692         3;3;42
with_coding_region     5000   NC_073242.2  SCFR_NC_073242_2_28370407_28379173_frame_2_fft    29   3  0.333333;0.166667;0.357061    1481.921;1291.687;913.185         3;6;3
with_coding_region     5000   NC_073242.2  SCFR_NC_073242_2_22128305_22136063_frame3_fft     25   3  0.333333;0.381026;0.285641    1393.031;1211.344;1144.241        3;3;4
with_coding_region     5000   NC_073242.2  SCFR_NC_073242_2_29454103_29462050_frame_2_fft    23   3  0.357116;0.023783;0.380898    2127.963;1992.106;1921.779        3;42;3
with_coding_region     5000   NC_073242.2  SCFR_NC_073242_2_29864699_29869820_frame3_fft     25   3  0.357157;0.023823;0.380980    1323.016;1156.545;984.340         3;42;3
with_coding_region     5000   NC_073242.2  SCFR_NC_073242_2_29864931_29873196_frame_3_fft    24   3  0.357169;0.380883;0.285783    1688.063;1661.810;1575.559        3;3;3
with_coding_region     5000   NC_073242.2  SCFR_NC_073242_2_32426932_32434099_frame_2_fft    27   3  0.333333;0.357193;0.381052    1214.089;827.823;734.469          3;3;3
with_coding_region     5000   NC_073242.2  SCFR_NC_073242_2_30589006_30597979_frame2_fft     37   3  0.333333;0.023738;0.357071    1512.255;877.756;834.597          3;42;3
with_coding_region     5000   NC_073242.2  SCFR_NC_073242_2_32148255_32156904_frame_3_fft    39   3  0.333333;0.380969;0.285698    1444.296;848.116;830.163          3;3;4
with_coding_region     5000   NC_073242.2  SCFR_NC_073242_2_31452455_31462022_frame3_fft     35   3  0.333333;0.023727;0.357061    1613.328;935.374;893.399          3;42;3
with_coding_region     5000   NC_073242.2  SCFR_NC_073242_2_36794095_36799612_frame2_fft     2    2  0.333333;0.331702             668.532;333.426                   3;3
with_coding_region     5000   NC_073242.2  SCFR_NC_073242_2_35555650_35563366_frame_2_fft    32   3  0.333333;0.357180;0.381026    1260.243;899.639;793.224          3;3;3
with_coding_region     5000   NC_073242.2  SCFR_NC_073242_2_35228067_35236812_frame_3_fft    47   3  0.333333;0.357118;0.285649    1442.290;1012.082;975.277         3;3;4
with_coding_region     5000   NC_073242.2  SCFR_NC_073242_2_35962701_35971449_frame_3_fft    38   3  0.333333;0.357110;0.023777    1451.456;954.847;873.769          3;3;42
with_coding_region     5000   NC_073242.2  SCFR_NC_073242_2_5721216_5726583_frame_3_fft      1    1  0.001118                      351.836                           895
with_coding_region     5000   NC_073242.2  SCFR_NC_073242_2_38465534_38470826_frame3_fft     9    3  0.200302;0.199546;0.199924    2374.168;1465.808;1304.309        5;5;5
with_coding_region     5000   NC_073242.2  SCFR_NC_073242_2_6397407_6404109_frame1_fft       3    3  0.333333;0.333035;0.333632    1283.865;563.869;533.513          3;3;3
with_coding_region     5000   NC_073242.2  SCFR_NC_073242_2_99211222_99221440_frame_2_fft    52   3  0.286357;0.309748;0.023684    1820.887;1418.310;1388.052        3;3;42
with_coding_region     5000   NC_073242.2  SCFR_NC_073242_2_99634442_99643478_frame_1_fft    39   3  0.023683;0.309761;0.333333    1244.291;1181.294;857.672         42;3;3
with_coding_region     5000   NC_073242.2  SCFR_NC_073242_2_970_9262_frame_2_fft             5    3  -0.166667;0.166667;-0.333333  6253.952;6253.952;2390.380        9;46;12
with_coding_region     5000   NC_073242.2  SCFR_NC_073242_2_971_9263_frame3_fft              5    3  -0.166667;0.166667;-0.333333  6255.770;6255.770;2388.962        9;46;12
with_coding_region     5000   NC_073230.2  SCFR_NC_073230_2_164190811_164197744_frame2_fft   39   3  0.469349;0.030867;0.499784    1625.702;1402.680;1166.905        2;32;2
with_coding_region     5000   NC_073230.2  SCFR_NC_073230_2_164191070_164197355_frame3_fft   39   3  0.469372;0.030867;0.499761    1625.385;1224.271;909.979         2;32;2
with_coding_region     5000   NC_073230.2  SCFR_NC_073230_2_105818337_105823488_frame1_fft   1    1  0.333333                      939.506                           3
with_coding_region     5000   NC_073230.2  SCFR_NC_073230_2_164188677_164197260_frame1_fft   37   3  0.030875;0.499825;0.469300    1782.722;1773.233;1690.436        32;2;2
with_coding_region     5000   NC_073230.2  SCFR_NC_073230_2_164199461_164204975_frame3_fft   29   3  0.469351;0.030831;0.468807    1395.807;1327.738;820.506         2;32;2
with_coding_region     5000   NC_073230.2  SCFR_NC_073230_2_164205332_164211560_frame3_fft   30   3  0.469332;0.030829;0.345055    1621.129;1374.867;728.706         2;32;3
with_coding_region     5000   NC_073230.2  SCFR_NC_073230_2_164197747_164205070_frame2_fft   30   3  0.469343;0.030862;0.499795    1834.637;1581.004;1386.482        2;32;2
with_coding_region     5000   NC_073230.2  SCFR_NC_073230_2_170793268_170800978_frame2_fft   2    2  0.166667;0.333333             5863.410;2354.378                 6;3
with_coding_region     5000   NC_073230.2  SCFR_NC_073230_2_164199720_164211564_frame1_fft   67   3  0.469352;0.030817;0.499831    2942.996;2909.202;2147.771        2;32;2
with_coding_region     5000   NC_073230.2  SCFR_NC_073230_2_164205073_164211541_frame2_fft   35   3  0.030767;0.469388;0.469079    1736.014;1254.129;892.691         33;2;2
with_coding_region     5000   NC_073230.2  SCFR_NC_073230_2_168412364_168417977_frame3_fft   28   3  0.365045;0.333333;0.190451    1597.207;1432.962;1299.134        3;3;5
with_coding_region     5000   NC_073230.2  SCFR_NC_073230_2_170793315_170800977_frame_3_fft  2    2  0.166667;0.333333             5864.724;2357.614                 6;3
with_coding_region     5000   NC_073230.2  SCFR_NC_073230_2_170793553_170800720_frame_2_fft  2    2  0.166597;0.333333             3615.189;2388.000                 6;3
with_coding_region     5000   NC_073230.2  SCFR_NC_073230_2_7315230_7320252_frame1_fft       33   3  0.166069;0.167264;0.333333    914.002;895.341;820.259           6;6;3
with_coding_region     5000   NC_073230.2  SCFR_NC_073230_2_170793554_170800721_frame3_fft   2    2  0.166597;0.333333             3613.323;2388.000                 6;3
with_coding_region     5000   NC_073230.2  SCFR_NC_073230_2_8362888_8368705_frame2_fft       13   3  0.154375;0.153859;0.148530    575.877;537.507;493.831           6;7;7
with_coding_region     5000   NC_073230.2  SCFR_NC_073230_2_8362936_8369200_frame_2_fft      15   3  0.154215;0.148148;0.148467    582.911;578.253;576.778           6;7;7
with_coding_region     5000   NC_073230.2  SCFR_NC_073230_2_8362632_8370786_frame1_fft       19   3  0.154403;0.154035;0.422492    699.887;629.532;596.223           6;6;2
with_coding_region     5000   NC_073230.2  SCFR_NC_073230_2_8362730_8370698_frame_1_fft      21   3  0.154367;0.148469;0.148218    740.478;633.896;605.941           6;7;7
with_coding_region     5000   NC_073230.2  SCFR_NC_073230_2_8363013_8370960_frame_3_fft      20   3  0.154398;0.156663;0.154020    708.588;624.521;624.010           6;6;6
with_coding_region     5000   NC_073230.2  SCFR_NC_073230_2_87770041_87793822_frame_2_fft    80   3  0.333333;0.019638;0.411841    7233.573;3356.316;3038.910        3;51;2
with_coding_region     5000   NC_073230.2  SCFR_NC_073230_2_87793422_87815400_frame_3_fft    54   3  0.333333;0.392210;0.078533    6297.033;2880.445;2745.907        3;3;13
with_coding_region     5000   NC_073230.2  SCFR_NC_073230_2_87646410_87673767_frame_3_fft    150  3  0.333333;0.299448;0.265490    9370.162;3431.458;3424.565        3;3;4
with_coding_region     5000   NC_073230.2  SCFR_NC_073230_2_87833989_87843982_frame_2_fft    20   3  0.333333;0.392074;0.411688    2778.713;653.201;618.689          3;3;2
with_coding_region     5000   NC_073230.2  SCFR_NC_073230_2_87697258_87740314_frame_2_fft    362  3  0.333333;0.357349;0.024015    9706.953;4967.883;4733.124        3;3;42
with_coding_region     5000   NC_073237.2  SCFR_NC_073237_2_30587988_30593496_frame_2_fft    1    1  0.333333                      799.444                           3
with_coding_region     5000   NC_073237.2  SCFR_NC_073237_2_27666313_27675031_frame_1_fft    1    1  0.333333                      1247.775                          3
with_coding_region     5000   NC_073237.2  SCFR_NC_073237_2_103176044_103181861_frame3_fft   1    1  0.333333                      662.976                           3
with_coding_region     5000   NC_073237.2  SCFR_NC_073237_2_125847164_125852939_frame_3_fft  13   3  0.313420;0.315152;0.312900    477.322;405.090;403.636           3;3;3
with_coding_region     5000   NC_073237.2  SCFR_NC_073237_2_72911944_72918643_frame_1_fft    1    1  0.333333                      1048.579                          3
with_coding_region     5000   NC_073224.2  SCFR_NC_073224_2_198360998_198366137_frame3_fft   1    1  0.333333                      403.067                           3
with_coding_region     5000   NC_073224.2  SCFR_NC_073224_2_104436844_104446375_frame2_fft   42   3  0.333333;0.480432;0.151506    1853.475;715.476;674.596          3;2;7
with_coding_region     5000   NC_073224.2  SCFR_NC_073224_2_104483886_104495943_frame1_fft   93   3  0.333333;0.284980;0.483537    1747.148;1271.306;1267.677        3;4;2
with_coding_region     5000   NC_073224.2  SCFR_NC_073224_2_104581524_104592423_frame1_fft   60   3  0.333333;0.179650;0.179283    2572.900;2099.402;1909.301        3;6;6
with_coding_region     5000   NC_073224.2  SCFR_NC_073224_2_220840392_220845612_frame_2_fft  1    1  0.333333                      3495.656                          3
with_coding_region     5000   NC_073224.2  SCFR_NC_073224_2_200623273_200628766_frame_1_fft  1    1  0.333333                      696.556                           3
with_coding_region     5000   NC_073224.2  SCFR_NC_073224_2_220840470_220845684_frame1_fft   1    1  0.333333                      3503.278                          3
with_coding_region     5000   NC_073224.2  SCFR_NC_073224_2_220840696_220845748_frame2_fft   1    1  0.333333                      3450.813                          3
with_coding_region     5000   NC_073224.2  SCFR_NC_073224_2_237163874_237170129_frame_3_fft  10   3  0.088090;0.087610;0.090967    544.940;454.137;450.327           11;11;11
with_coding_region     5000   NC_073224.2  SCFR_NC_073224_2_237163911_237169890_frame_2_fft  16   3  0.088142;0.413782;0.090985    527.282;452.779;425.403           11;2;11
with_coding_region     5000   NC_073224.2  SCFR_NC_073224_2_237164053_237169819_frame_1_fft  11   3  0.088103;0.087582;0.413805    564.157;482.564;447.752           11;11;2
with_coding_region     5000   NC_073224.2  SCFR_NC_073224_2_55549170_55556655_frame_2_fft    18   3  0.333333;0.092585;0.259319    1068.131;762.194;752.424          3;11;4
with_coding_region     5000   NC_073224.2  SCFR_NC_073224_2_224250802_224259397_frame_1_fft  1    1  0.333333                      1230.884                          3
with_coding_region     5000   NC_073224.2  SCFR_NC_073224_2_6038_13412_frame3_fft            2    2  0.166667;0.333333             5673.221;2420.464                 6;3
with_coding_region     5000   NC_073224.2  SCFR_NC_073224_2_6137_13466_frame_3_fft           2    2  0.166598;0.333333             3709.913;2410.027                 6;3
with_coding_region     5000   NC_073224.2  SCFR_NC_073224_2_6037_13150_frame_1_fft           2    2  0.166596;0.333333             3622.620;2344.110                 6;3
with_coding_region     5000   NC_073224.2  SCFR_NC_073224_2_6138_13443_frame1_fft            2    2  0.166598;0.333333             3698.995;2414.899                 6;3
with_coding_region     5000   NC_073224.2  SCFR_NC_073224_2_240353964_240361575_frame1_fft   35   3  0.365129;0.333333;0.031796    2128.503;1984.711;1568.775        3;3;31
with_coding_region     5000   NC_073246.2  SCFR_NC_073246_2_59501273_59507312_frame_3_fft    2    2  0.166584;0.333333             3078.517;1979.584                 6;3
with_coding_region     5000   NC_073246.2  SCFR_NC_073246_2_35451869_35457812_frame3_fft     4    3  0.333333;0.333670;0.332997    939.804;646.909;584.842           3;3;3
with_coding_region     5000   NC_073246.2  SCFR_NC_073246_2_59499022_59507248_frame2_fft     2    2  0.166667;0.333333             5854.339;1836.866                 6;3
with_coding_region     5000   NC_073246.2  SCFR_NC_073246_2_59499021_59507247_frame_2_fft    2    2  0.166667;0.333333             5853.420;1836.816                 6;3
with_coding_region     5000   NC_073246.2  SCFR_NC_073246_2_59501274_59507314_frame1_fft     2    2  0.166722;0.333278             3855.580;1633.557                 6;3
with_coding_region     5000   NC_073238.2  SCFR_NC_073238_2_115162003_115167370_frame_3_fft  17   3  0.473635;0.421092;0.368362    1448.218;984.453;804.692          2;2;3
with_coding_region     5000   NC_073238.2  SCFR_NC_073238_2_115162143_115167483_frame1_fft   15   3  0.473783;0.421161;0.368352    1528.912;941.428;786.024          2;2;3
with_coding_region     5000   NC_073238.2  SCFR_NC_073238_2_115162162_115167355_frame2_fft   17   3  0.473715;0.421144;0.157905    1652.317;963.395;824.897          2;2;6
with_coding_region     5000   NC_073238.2  SCFR_NC_073238_2_115162161_115167381_frame_1_fft  15   3  0.473755;0.421073;0.368391    1614.221;962.045;822.127          2;2;3
with_coding_region     5000   NC_073238.2  SCFR_NC_073238_2_128280111_128285268_frame_1_fft  5    3  0.333333;0.166570;0.166958    660.406;607.913;564.233           3;6;6
with_coding_region     5000   NC_073238.2  SCFR_NC_073238_2_115162169_115167389_frame3_fft   15   3  0.473755;0.421073;0.368391    1617.535;963.079;820.697          2;2;3
with_coding_region     5000   NC_073238.2  SCFR_NC_073238_2_115162172_115167482_frame_2_fft  17   3  0.473635;0.421092;0.368362    1437.507;970.975;801.150          2;2;3
with_coding_region     5000   NC_073238.2  SCFR_NC_073238_2_132006608_132013277_frame_2_fft  7    3  0.166742;0.166442;0.333183    4302.947;1598.928;1244.145        6;6;3
with_coding_region     5000   NC_073238.2  SCFR_NC_073238_2_132006609_132013272_frame1_fft   7    3  0.166742;0.166442;0.333183    4297.796;1598.367;1244.709        6;6;3
with_coding_region     5000   NC_073238.2  SCFR_NC_073238_2_128843483_128848502_frame3_fft   4    3  0.447699;0.446902;0.275951    831.304;532.515;370.096           2;2;4
with_coding_region     5000   NC_073238.2  SCFR_NC_073238_2_117449469_117470463_frame_1_fft  1    1  0.333333                      2282.506                          3
with_coding_region     5000   NC_073238.2  SCFR_NC_073238_2_14254806_14260194_frame_1_fft    12   3  0.200074;0.399777;0.400148    1843.384;1166.941;1001.582        5;3;2
with_coding_region     5000   NC_073238.2  SCFR_NC_073238_2_16057224_16063032_frame_1_fft    13   3  0.200413;0.199725;0.400138    1825.288;1311.138;1259.542        5;5;2
with_coding_region     5000   NC_073238.2  SCFR_NC_073238_2_20446155_20452356_frame1_fft     9    3  0.176423;0.353008;0.470569    3239.642;1683.414;1662.198        6;3;2
with_coding_region     5000   NC_073238.2  SCFR_NC_073238_2_18202254_18207354_frame_1_fft    14   3  0.200196;0.199608;0.400392    2404.530;1115.391;880.127         5;5;2
with_coding_region     5000   NC_073238.2  SCFR_NC_073238_2_17474164_17479972_frame_3_fft    13   3  0.200413;0.199725;0.400138    1825.288;1311.138;1259.542        5;5;2
with_coding_region     5000   NC_073238.2  SCFR_NC_073238_2_20480323_20485894_frame2_fft     8    3  0.176449;0.352899;0.470652    3631.779;1960.994;1410.359        6;3;2
with_coding_region     5000   NC_073238.2  SCFR_NC_073238_2_20484741_20490399_frame1_fft     8    3  0.176387;0.352952;0.058855    2538.282;2169.137;1524.704        6;3;17
with_coding_region     5000   NC_073238.2  SCFR_NC_073238_2_20530998_20536860_frame1_fft     8    3  0.176390;0.352951;0.058854    2641.720;2258.186;1593.598        6;3;17
with_coding_region     5000   NC_073238.2  SCFR_NC_073238_2_20609374_20614957_frame2_fft     8    3  0.176428;0.470536;0.352857    3406.134;1543.273;1438.213        6;2;3
with_coding_region     5000   NC_073238.2  SCFR_NC_073238_2_20615164_20622403_frame2_fft     8    3  0.176406;0.352949;0.058848    3278.322;2808.981;2003.307        6;3;17
with_coding_region     5000   NC_073238.2  SCFR_NC_073238_2_20626809_20632059_frame1_fft     8    3  0.176381;0.352952;0.058857    2361.456;2047.418;1459.105        6;3;17
with_coding_region     5000   NC_073238.2  SCFR_NC_073238_2_20629240_20637448_frame2_fft     8    3  0.176413;0.352948;0.058845    3663.556;3173.779;2282.202        6;3;17
with_coding_region     5000   NC_073238.2  SCFR_NC_073238_2_20633609_20640134_frame3_fft     8    3  0.176398;0.352950;0.058851    2885.474;2519.104;1807.813        6;3;17
with_coding_region     5000   NC_073238.2  SCFR_NC_073238_2_20635962_20642871_frame1_fft     8    3  0.176437;0.470546;0.352873    4134.873;1922.306;1815.240        6;2;3
with_coding_region     5000   NC_073238.2  SCFR_NC_073238_2_20637451_20646475_frame2_fft     8    3  0.176418;0.352948;0.058843    4015.420;3502.015;2443.916        6;3;17
with_coding_region     5000   NC_073238.2  SCFR_NC_073238_2_20646478_20651944_frame2_fft     8    3  0.176546;0.352909;0.470545    2716.288;2011.964;1586.733        6;3;2
with_coding_region     5000   NC_073238.2  SCFR_NC_073238_2_20651255_20656769_frame3_fft     8    3  0.176460;0.352920;0.470620    3658.752;2086.830;1675.550        6;3;2
with_coding_region     5000   NC_073238.2  SCFR_NC_073238_2_20446531_20657170_frame_3_fft    91   3  0.176473;0.352945;0.058826    131140.242;61230.898;47160.350    6;3;17
with_coding_region     5000   NC_073238.2  SCFR_NC_073238_2_20659330_20667538_frame2_fft     8    3  0.176413;0.352948;0.058845    3704.047;3173.352;2251.847        6;3;17
with_coding_region     5000   NC_073238.2  SCFR_NC_073238_2_20662458_20683620_frame1_fft     8    3  0.176448;0.352944;0.058832    9417.625;8245.085;5890.650        6;3;17
with_coding_region     5000   NC_073238.2  SCFR_NC_073238_2_20665433_20673386_frame3_fft     8    3  0.176411;0.352949;0.058846    3534.758;3103.252;2224.729        6;3;17
with_coding_region     5000   NC_073238.2  SCFR_NC_073238_2_20671255_20676607_frame2_fft     8    3  0.176383;0.352952;0.058857    2376.884;2085.932;1488.730        6;3;17
with_coding_region     5000   NC_073238.2  SCFR_NC_073238_2_20673389_20680211_frame3_fft     8    3  0.176488;0.352976;0.470536    4390.549;2445.668;1790.389        6;3;2
with_coding_region     5000   NC_073238.2  SCFR_NC_073238_2_20676610_20683909_frame2_fft     8    3  0.176463;0.352925;0.470612    4773.235;2789.999;2243.244        6;3;2
with_coding_region     5000   NC_073238.2  SCFR_NC_073238_2_20683623_20688669_frame1_fft     8    3  0.176377;0.352953;0.058859    2259.132;1968.366;1390.151        6;3;17
with_coding_region     5000   NC_073238.2  SCFR_NC_073238_2_20684524_20708695_frame2_fft     8    3  0.176451;0.352944;0.058831    10749.254;9448.979;6669.591       6;3;17
with_coding_region     5000   NC_073238.2  SCFR_NC_073238_2_20691222_20698104_frame1_fft     8    3  0.176402;0.352950;0.058849    3062.729;2669.576;1872.183        6;3;17
with_coding_region     5000   NC_073238.2  SCFR_NC_073238_2_20700657_20709324_frame1_fft     8    3  0.176416;0.352948;0.058844    3868.586;3397.766;2388.548        6;3;17
with_coding_region     5000   NC_073238.2  SCFR_NC_073238_2_20720411_20725763_frame3_fft     8    3  0.176383;0.352952;0.058857    2403.134;2091.970;1480.847        6;3;17
with_coding_region     5000   NC_073238.2  SCFR_NC_073238_2_20721448_20727820_frame2_fft     8    3  0.176397;0.352950;0.058851    2853.594;2492.404;1773.435        6;3;17
with_coding_region     5000   NC_073238.2  SCFR_NC_073238_2_20730492_20736303_frame1_fft     8    3  0.176390;0.352951;0.058854    2579.451;2278.591;1621.818        6;3;17
with_coding_region     5000   NC_073238.2  SCFR_NC_073238_2_20731886_20739941_frame3_fft     8    3  0.176412;0.352948;0.058845    3597.787;3162.410;2254.695        6;3;17
with_coding_region     5000   NC_073238.2  SCFR_NC_073238_2_20737836_20745942_frame1_fft     8    3  0.176413;0.352948;0.058845    3607.227;3174.098;2238.665        6;3;17
with_coding_region     5000   NC_073238.2  SCFR_NC_073238_2_20752014_20757111_frame1_fft     8    3  0.176378;0.352953;0.058858    2295.246;1993.841;1417.818        6;3;17
with_coding_region     5000   NC_073238.2  SCFR_NC_073238_2_20755720_20761021_frame2_fft     8    3  0.176382;0.352952;0.058857    2360.696;2072.451;1466.237        6;3;17
with_coding_region     5000   NC_073238.2  SCFR_NC_073238_2_20763880_20769844_frame2_fft     8    3  0.176392;0.352951;0.058853    2703.176;2351.016;1654.038        6;3;17
with_coding_region     5000   NC_073238.2  SCFR_NC_073238_2_20768351_20774111_frame3_fft     8    3  0.176389;0.352951;0.058854    2561.783;2275.119;1611.194        6;3;17
with_coding_region     5000   NC_073238.2  SCFR_NC_073238_2_20775134_20780231_frame3_fft     8    3  0.176378;0.352953;0.058858    2295.569;1994.301;1419.797        6;3;17
with_coding_region     5000   NC_073238.2  SCFR_NC_073238_2_20778840_20795208_frame1_fft     8    3  0.176442;0.352945;0.058834    7305.243;6366.612;4530.531        6;3;17
with_coding_region     5000   NC_073238.2  SCFR_NC_073238_2_20780506_20788714_frame2_fft     8    3  0.176413;0.352948;0.058845    3650.420;3193.506;2273.340        6;3;17
with_coding_region     5000   NC_073238.2  SCFR_NC_073238_2_20788445_20796857_frame3_fft     8    3  0.176415;0.352948;0.058845    3769.206;3280.100;2327.344        6;3;17
with_coding_region     5000   NC_073238.2  SCFR_NC_073238_2_20795211_20801481_frame1_fft     8    3  0.176396;0.352951;0.058852    2802.180;2462.759;1748.812        6;3;17
with_coding_region     5000   NC_073238.2  SCFR_NC_073238_2_20657173_21007348_frame_3_fft    16   3  0.176472;0.352941;0.470588    173048.803;128988.344;102562.496  6;3;2
with_coding_region     5000   NC_073238.2  SCFR_NC_073238_2_20801484_20808315_frame1_fft     8    3  0.176402;0.352950;0.058849    3066.868;2685.127;1905.750        6;3;17
with_coding_region     5000   NC_073238.2  SCFR_NC_073238_2_20806142_20812412_frame3_fft     8    3  0.176396;0.352951;0.058852    2801.597;2466.109;1753.430        6;3;17
with_coding_region     5000   NC_073238.2  SCFR_NC_073238_2_20814931_20823037_frame2_fft     8    3  0.176413;0.352948;0.058845    3642.893;3168.545;2229.672        6;3;17
with_coding_region     5000   NC_073238.2  SCFR_NC_073238_2_20817965_20829854_frame3_fft     8    3  0.176466;0.352931;0.470603    7844.225;4565.134;3654.277        6;3;2
with_coding_region     5000   NC_073238.2  SCFR_NC_073238_2_20825029_20835532_frame2_fft     8    3  0.176426;0.352947;0.058840    4670.409;4102.713;2894.019        6;3;17
with_coding_region     5000   NC_073238.2  SCFR_NC_073238_2_20825292_20836620_frame1_fft     8    3  0.176465;0.352931;0.470604    7439.560;4318.274;3439.146        6;3;2
with_coding_region     5000   NC_073238.2  SCFR_NC_073238_2_20830520_20841380_frame3_fft     8    3  0.176427;0.352947;0.058840    4838.191;4206.721;2955.924        6;3;17
with_coding_region     5000   NC_073238.2  SCFR_NC_073238_2_20836648_20842264_frame2_fft     8    3  0.176460;0.352920;0.470620    3711.623;2134.602;1707.717        6;3;2
with_coding_region     5000   NC_073238.2  SCFR_NC_073238_2_20838357_20844423_frame1_fft     8    3  0.176393;0.352951;0.058853    2702.797;2344.656;1629.363        6;3;17
with_coding_region     5000   NC_073238.2  SCFR_NC_073238_2_20865778_20871079_frame2_fft     8    3  0.176382;0.352952;0.058857    2367.483;2066.282;1459.739        6;3;17
with_coding_region     5000   NC_073238.2  SCFR_NC_073238_2_20867040_20876250_frame1_fft     8    3  0.176439;0.470575;0.352986    5263.144;2865.083;2672.907        6;2;3
with_coding_region     5000   NC_073238.2  SCFR_NC_073238_2_20907615_20914599_frame1_fft     8    3  0.176403;0.352950;0.058849    3094.785;2709.753;1912.371        6;3;17
with_coding_region     5000   NC_073238.2  SCFR_NC_073238_2_20905150_20913511_frame2_fft     8    3  0.176414;0.352948;0.058845    3718.914;3228.962;2290.708        6;3;17
with_coding_region     5000   NC_073238.2  SCFR_NC_073238_2_20908601_20915024_frame3_fft     8    3  0.176397;0.352950;0.058851    2848.822;2486.529;1746.075        6;3;17
with_coding_region     5000   NC_073238.2  SCFR_NC_073238_2_20934424_20941204_frame2_fft     8    3  0.176401;0.352950;0.058850    3016.604;2610.377;1827.424        6;3;17
with_coding_region     5000   NC_073238.2  SCFR_NC_073238_2_20914627_20924476_frame2_fft     8    3  0.176465;0.352929;0.470606    6505.636;3726.315;2969.297        6;3;2
with_coding_region     5000   NC_073238.2  SCFR_NC_073238_2_20942771_20948888_frame3_fft     8    3  0.176394;0.352951;0.058852    2728.386;2353.949;1643.260        6;3;17
with_coding_region     5000   NC_073238.2  SCFR_NC_073238_2_20945032_20950486_frame2_fft     8    3  0.176384;0.352952;0.058856    2434.784;2104.352;1459.019        6;3;17
with_coding_region     5000   NC_073238.2  SCFR_NC_073238_2_20950591_20957218_frame2_fft     8    3  0.176400;0.352950;0.058850    2959.714;2535.190;1769.616        6;3;17
with_coding_region     5000   NC_073238.2  SCFR_NC_073238_2_20959414_20965888_frame2_fft     8    3  0.176398;0.352950;0.058851    2886.940;2493.992;1754.333        6;3;17
with_coding_region     5000   NC_073238.2  SCFR_NC_073238_2_20980307_20987852_frame3_fft     8    3  0.176408;0.352949;0.058847    3386.131;2877.696;1981.783        6;3;17
with_coding_region     5000   NC_073238.2  SCFR_NC_073238_2_20983630_20989096_frame2_fft     8    3  0.176546;0.352909;0.470545    2699.273;1995.677;1578.148        6;3;2
with_coding_region     5000   NC_073238.2  SCFR_NC_073238_2_20961488_20969492_frame3_fft     8    3  0.176412;0.352949;0.058846    3555.388;3094.872;2154.743        6;3;17
with_coding_region     5000   NC_073238.2  SCFR_NC_073238_2_21050415_21056430_frame1_fft     8    3  0.176392;0.352951;0.058853    2700.089;2361.312;1646.103        6;3;17
with_coding_region     5000   NC_073238.2  SCFR_NC_073238_2_21053152_21066613_frame2_fft     8    3  0.176436;0.352946;0.058837    6073.756;5260.653;3672.260        6;3;17
with_coding_region     5000   NC_073238.2  SCFR_NC_073238_2_2110_7309_frame_3_fft            2    2  0.166570;0.333333             2630.354;1746.965                 6;3
with_coding_region     5000   NC_073238.2  SCFR_NC_073238_2_2111_7310_frame3_fft             2    2  0.166570;0.333333             2631.030;1747.532                 6;3
with_coding_region     5000   NC_073238.2  SCFR_NC_073238_2_2116_7291_frame2_fft             2    2  0.166570;0.333333             2613.234;1747.404                 6;3
with_coding_region     5000   NC_073238.2  SCFR_NC_073238_2_21214585_21219835_frame2_fft     8    3  0.176381;0.352952;0.058857    2354.527;2041.562;1415.014        6;3;17
with_coding_region     5000   NC_073238.2  SCFR_NC_073238_2_21243434_21249653_frame3_fft     8    3  0.176395;0.352951;0.058852    2803.010;2382.940;1652.139        6;3;17
with_coding_region     5000   NC_073238.2  SCFR_NC_073238_2_21243604_21252781_frame2_fft     8    3  0.176419;0.352948;0.058843    4114.144;3509.171;2425.669        6;3;17
with_coding_region     5000   NC_073238.2  SCFR_NC_073238_2_21243828_21250197_frame1_fft     8    3  0.176480;0.352960;0.470561    4228.891;2394.271;1877.230        6;3;2
with_coding_region     5000   NC_073238.2  SCFR_NC_073238_2_21254475_21273954_frame_1_fft    8    3  0.176446;0.352944;0.058833    8764.730;7488.625;5179.237        6;3;17
with_coding_region     5000   NC_073238.2  SCFR_NC_073238_2_21257782_21268591_frame2_fft     8    3  0.176427;0.352947;0.058840    4858.718;4198.258;2909.125        6;3;17
with_coding_region     5000   NC_073238.2  SCFR_NC_073238_2_21269299_21285259_frame_3_fft    8    3  0.176441;0.352945;0.058835    7196.041;6165.830;4243.283        6;3;17
with_coding_region     5000   NC_073238.2  SCFR_NC_073238_2_21272648_21292127_frame_2_fft    8    3  0.176446;0.352944;0.058833    8772.176;7514.016;5145.142        6;3;17
with_coding_region     5000   NC_073238.2  SCFR_NC_073238_2_21273957_21286296_frame_1_fft    8    3  0.176432;0.352946;0.058838    5558.152;4791.199;3289.391        6;3;17
with_coding_region     5000   NC_073238.2  SCFR_NC_073238_2_21276975_21283245_frame1_fft     8    3  0.176396;0.352951;0.058852    2809.477;2480.128;1694.090        6;3;17
with_coding_region     5000   NC_073238.2  SCFR_NC_073238_2_21285262_21290818_frame_3_fft    8    3  0.176386;0.352952;0.058855    2511.352;2112.227;1438.616        6;3;17
with_coding_region     5000   NC_073238.2  SCFR_NC_073238_2_21286299_21304401_frame_1_fft    8    3  0.176445;0.352944;0.058833    8187.166;6973.601;4878.828        6;3;17
with_coding_region     5000   NC_073238.2  SCFR_NC_073238_2_21290821_21300457_frame_3_fft    8    3  0.176422;0.352947;0.058842    4364.176;3719.535;2609.983        6;3;17
with_coding_region     5000   NC_073238.2  SCFR_NC_073238_2_21292130_21306845_frame_2_fft    8    3  0.176487;0.470608;0.352973    8970.433;4053.831;3859.392        6;2;3
with_coding_region     5000   NC_073238.2  SCFR_NC_073238_2_20446346_21252449_frame_2_fft    134  3  0.176470;0.058824;0.352941    325334.875;214765.058;177943.160  6;17;3
with_coding_region     5000   NC_073238.2  SCFR_NC_073238_2_21298654_21304189_frame2_fft     8    3  0.176513;0.470641;0.353026    3385.529;1532.340;1461.606        6;2;3
with_coding_region     5000   NC_073238.2  SCFR_NC_073238_2_20446425_21254472_frame_1_fft    134  3  0.176471;0.058823;0.352941    346792.487;213288.503;178354.430  6;17;3
with_coding_region     5000   NC_073238.2  SCFR_NC_073238_2_21302424_21307485_frame1_fft     8    3  0.176447;0.352895;0.470658    3125.263;1675.684;1251.217        6;3;2
with_coding_region     5000   NC_073238.2  SCFR_NC_073238_2_21310053_21316323_frame1_fft     8    3  0.176396;0.352951;0.058852    2822.710;2427.570;1713.583        6;3;17
with_coding_region     5000   NC_073238.2  SCFR_NC_073238_2_21309413_21319631_frame_2_fft    9    3  0.176453;0.352907;0.058818    5704.641;3074.252;2665.765        6;3;17
with_coding_region     5000   NC_073238.2  SCFR_NC_073238_2_21310048_21319639_frame_3_fft    8    3  0.176520;0.352935;0.058805    4290.216;3548.406;2506.909        6;3;17
with_coding_region     5000   NC_073238.2  SCFR_NC_073238_2_21319642_21325282_frame_3_fft    18   3  0.176418;0.353014;0.058688    2196.237;1779.396;1065.068        6;3;17
with_coding_region     5000   NC_073238.2  SCFR_NC_073238_2_21007351_21249865_frame_3_fft    90   3  0.176468;0.352940;0.470591    129452.745;62324.207;52843.998    6;3;2
with_coding_region     5000   NC_073238.2  SCFR_NC_073238_2_21325206_21409380_frame1_fft     8    3  0.176468;0.470585;0.352936    51225.139;22726.361;21762.176     6;2;3
with_coding_region     5000   NC_073238.2  SCFR_NC_073238_2_21325282_21399403_frame2_fft     8    3  0.176468;0.352936;0.058823    47019.519;22980.937;20453.486     6;3;17
with_coding_region     5000   NC_073238.2  SCFR_NC_073238_2_21326846_21333227_frame3_fft     8    3  0.176461;0.352923;0.470616    4226.150;2372.966;1916.348        6;3;2
with_coding_region     5000   NC_073238.2  SCFR_NC_073238_2_21325277_21432329_frame_2_fft    8    3  0.176475;0.352941;0.058822    48314.240;40792.505;28142.387     6;3;17
with_coding_region     5000   NC_073238.2  SCFR_NC_073238_2_21322719_21448506_frame_1_fft    14   3  0.176473;0.470589;0.352938    70166.571;37836.032;34925.822     6;2;3
with_coding_region     5000   NC_073238.2  SCFR_NC_073238_2_21374108_21400331_frame3_fft     8    3  0.176486;0.352934;0.470579    13073.935;9563.500;7495.992       6;3;2
with_coding_region     5000   NC_073238.2  SCFR_NC_073238_2_21333230_21374105_frame3_fft     8    3  0.176465;0.470581;0.352930    24922.238;10972.011;10617.211     6;2;3
with_coding_region     5000   NC_073238.2  SCFR_NC_073238_2_21400487_21421394_frame3_fft     8    3  0.176448;0.352944;0.058832    9440.020;7993.465;5488.618        6;3;17
with_coding_region     5000   NC_073238.2  SCFR_NC_073238_2_21399406_21405523_frame2_fft     8    3  0.176394;0.352951;0.058852    2759.295;2356.063;1578.725        6;3;17
with_coding_region     5000   NC_073238.2  SCFR_NC_073238_2_21406471_21421924_frame2_fft     8    3  0.176471;0.352941;0.470588    10329.447;5923.481;4812.316       6;3;2
with_coding_region     5000   NC_073238.2  SCFR_NC_073238_2_21409383_21420792_frame1_fft     8    3  0.176440;0.352967;0.470593    6166.365;3760.562;3545.783        6;3;2
with_coding_region     5000   NC_073238.2  SCFR_NC_073238_2_21432304_21438445_frame2_fft     8    3  0.176518;0.470607;0.352874    3547.747;1880.124;1717.024        6;2;3
with_coding_region     5000   NC_073238.2  SCFR_NC_073238_2_21448509_21454371_frame_1_fft    8    3  0.176390;0.352951;0.058854    2589.026;2083.359;1434.586        6;3;17
with_coding_region     5000   NC_073238.2  SCFR_NC_073238_2_21448501_21461527_frame_3_fft    22   3  0.176416;0.176570;0.352986    6665.479;3880.037;3783.014        6;6;3
with_coding_region     5000   NC_073238.2  SCFR_NC_073238_2_21325285_21448498_frame_3_fft    8    3  0.176467;0.352942;0.058825    55338.129;46735.271;32278.836     6;3;17
with_coding_region     5000   NC_073238.2  SCFR_NC_073238_2_21454374_21468369_frame_1_fft    25   3  0.176420;0.176563;0.352983    7218.035;4211.272;4050.208        6;6;3
with_coding_region     5000   NC_073238.2  SCFR_NC_073238_2_21454382_21461519_frame_2_fft    8    3  0.176405;0.352949;0.058848    3192.288;2545.659;1682.970        6;3;17
with_coding_region     5000   NC_073238.2  SCFR_NC_073238_2_21461530_21468361_frame_3_fft    8    3  0.176402;0.352950;0.058849    3032.233;2432.277;1621.238        6;3;17
with_coding_region     5000   NC_073238.2  SCFR_NC_073238_2_21432332_21454379_frame_2_fft    17   3  0.176441;0.470586;0.352928    10352.229;5060.988;4982.910       6;2;3
with_coding_region     5000   NC_073238.2  SCFR_NC_073238_2_21468364_21474871_frame_3_fft    8    3  0.176425;0.470570;0.353004    3619.483;1827.353;1776.153        6;2;3
with_coding_region     5000   NC_073238.2  SCFR_NC_073238_2_21468641_21474662_frame3_fft     8    3  0.176549;0.352931;0.058794    2695.807;2228.148;1493.475        6;3;17
with_coding_region     5000   NC_073238.2  SCFR_NC_073238_2_21461522_21474863_frame_2_fft    20   3  0.176449;0.352972;0.411738    5528.205;4451.361;2618.948        6;3;2
with_coding_region     5000   NC_073238.2  SCFR_NC_073238_2_21474875_21481073_frame3_fft     8    3  0.176509;0.470636;0.353017    3748.622;1615.160;1542.513        6;2;3
with_coding_region     5000   NC_073238.2  SCFR_NC_073238_2_21485615_21492395_frame3_fft     8    3  0.176401;0.352950;0.058850    3038.338;2507.066;1645.433        6;3;17
with_coding_region     5000   NC_073238.2  SCFR_NC_073238_2_21474866_21502550_frame_2_fft    8    3  0.176456;0.352948;0.470597    13701.524;9684.913;7604.930       6;3;2
with_coding_region     5000   NC_073238.2  SCFR_NC_073238_2_21496737_21502542_frame_1_fft    8    3  0.176400;0.352972;0.470629    2814.445;1960.533;1554.951        6;3;2
with_coding_region     5000   NC_073238.2  SCFR_NC_073238_2_31805823_31811022_frame1_fft     18   3  0.047509;0.051356;0.125216    536.733;523.247;464.031           21;19;8
with_coding_region     5000   NC_073238.2  SCFR_NC_073238_2_22197934_22204249_frame2_fft     17   3  0.229612;0.228979;0.230404    1802.647;1292.179;1148.168        4;4;4
with_coding_region     5000   NC_073238.2  SCFR_NC_073238_2_21468372_21496734_frame_1_fft    15   3  0.176469;0.352937;0.470594    11786.810;8534.869;7675.249       6;3;2
with_coding_region     5000   NC_073238.2  SCFR_NC_073238_2_21474874_21501562_frame_3_fft    8    3  0.176484;0.352930;0.470586    14338.325;8587.512;8030.870       6;3;2
with_coding_region     5000   NC_073238.2  SCFR_NC_073238_2_37643010_37654569_frame_1_fft    1    1  0.333333                      1278.524                          3
with_coding_region     5000   NC_073238.2  SCFR_NC_073238_2_46657528_46662544_frame2_fft     1    1  0.333333                      762.833                           3
with_coding_region     5000   NC_073238.2  SCFR_NC_073238_2_52978254_52983807_frame1_fft     1    1  0.333333                      803.988                           3
with_coding_region     5000   NC_086017.1  SCFR_NC_086017_1_124525873_124532350_frame_1_fft  1    1  0.333333                      925.370                           3
with_coding_region     5000   NC_086017.1  SCFR_NC_086017_1_108679771_108685978_frame2_fft   1    1  0.333333                      964.915                           3
with_coding_region     5000   NC_086017.1  SCFR_NC_086017_1_132551903_132557093_frame_3_fft  1    1  0.333333                      950.484                           3
with_coding_region     5000   NC_086017.1  SCFR_NC_086017_1_0_9945_frame_2_fft               5    3  -0.166616;0.166616;-0.333333  5041.250;5041.250;3270.078        9;46;11
with_coding_region     5000   NC_086017.1  SCFR_NC_086017_1_137334631_137341288_frame_1_fft  43   3  0.489410;0.489710;0.489109    1765.247;1137.321;1017.798        2;2;2
with_coding_region     5000   NC_086017.1  SCFR_NC_086017_1_137319988_137326111_frame_1_fft  36   3  0.489629;0.488976;0.489956    1639.905;1238.913;763.167         2;2;2
with_coding_region     5000   NC_086017.1  SCFR_NC_086017_1_137341291_137347354_frame_1_fft  31   3  0.489197;0.489527;0.021442    1579.349;1269.258;617.120         2;2;47
with_coding_region     5000   NC_086017.1  SCFR_NC_086017_1_137342151_137350194_frame_2_fft  43   3  0.489618;0.488997;0.489991    2033.531;1511.684;865.377         2;2;2
with_coding_region     5000   NC_086017.1  SCFR_NC_086017_1_137318519_137331521_frame_3_fft  70   3  0.489232;0.489540;0.489002    2809.821;2125.570;1473.303        2;2;2
with_coding_region     5000   NC_086017.1  SCFR_NC_086017_1_137324298_137336481_frame_2_fft  73   3  0.489288;0.489453;0.021259    3288.940;3072.417;1404.642        2;2;47
with_coding_region     5000   NC_086017.1  SCFR_NC_086017_1_137349379_137360929_frame_1_fft  67   3  0.489351;0.061385;0.020693    3375.602;1152.142;1003.001        2;16;48
with_coding_region     5000   NC_086017.1  SCFR_NC_086017_1_137345834_137356823_frame_3_fft  52   3  0.489307;0.489489;0.488943    2034.036;1721.737;1674.701        2;2;2
with_coding_region     5000   NC_086017.1  SCFR_NC_086017_1_137358251_137364461_frame_3_fft  37   3  0.489533;0.489211;0.488889    1666.180;1629.765;779.291         2;2;2
with_coding_region     5000   NC_086017.1  SCFR_NC_086017_1_137350197_137369193_frame_2_fft  116  3  0.489208;0.489471;0.489314    2841.803;2813.774;2680.972        2;2;2
with_coding_region     5000   NC_086017.1  SCFR_NC_086017_1_137375050_137381176_frame_1_fft  38   3  0.489553;0.489226;0.488900    1803.885;1538.311;911.694         2;2;2
with_coding_region     5000   NC_086017.1  SCFR_NC_086017_1_137369196_137375754_frame_2_fft  42   3  0.489478;0.489174;0.488869    1766.873;1120.567;1012.644        2;2;2
with_coding_region     5000   NC_086017.1  SCFR_NC_086017_1_137369438_137382548_frame_3_fft  84   3  0.489474;0.489245;0.489626    3053.266;2479.651;1882.482        2;2;2
with_coding_region     5000   NC_086017.1  SCFR_NC_086017_1_137396034_137401485_frame_2_fft  35   3  0.489451;0.489818;0.061273    1685.966;1051.864;598.670         2;2;16
with_coding_region     5000   NC_086017.1  SCFR_NC_086017_1_137382551_137390600_frame_3_fft  46   3  0.489253;0.488881;0.061498    2085.057;925.702;920.053          2;2;16
with_coding_region     5000   NC_086017.1  SCFR_NC_086017_1_137391974_137397785_frame_3_fft  40   3  0.489245;0.490105;0.489761    1561.108;824.917;626.973          2;2;2
with_coding_region     5000   NC_086017.1  SCFR_NC_086017_1_137386611_137394606_frame_2_fft  47   3  0.489431;0.489181;0.489681    2090.161;1509.518;945.938         2;2;2
with_coding_region     5000   NC_086017.1  SCFR_NC_086017_1_137399455_137405287_frame_1_fft  33   3  0.489540;0.489026;0.061214    1853.836;772.003;624.190          2;2;16
with_coding_region     5000   NC_086017.1  SCFR_NC_086017_1_137403075_137409789_frame_2_fft  37   3  0.489276;0.489574;0.021150    2086.290;1239.151;805.013         2;2;47
with_coding_region     5000   NC_086017.1  SCFR_NC_086017_1_137397788_137403314_frame_3_fft  31   3  0.489504;0.061346;0.488961    1491.205;745.014;734.094          2;16;2
with_coding_region     5000   NC_086017.1  SCFR_NC_086017_1_137409181_137414941_frame_1_fft  28   3  0.488715;0.489583;0.489931    1164.777;1002.068;938.396         2;2;2
with_coding_region     5000   NC_086017.1  SCFR_NC_086017_1_137437348_137445259_frame_1_fft  39   3  0.489319;0.489066;0.489698    1863.369;1392.678;985.423         2;2;2
with_coding_region     5000   NC_086017.1  SCFR_NC_086017_1_137410787_137418605_frame_3_fft  44   3  0.488744;0.061397;0.490023    1920.061;1015.738;951.188         2;16;2
with_coding_region     5000   NC_086017.1  SCFR_NC_086017_1_137430663_137439786_frame_2_fft  47   3  0.489313;0.489093;0.041653    2309.607;1171.064;1035.743        2;2;24
with_coding_region     5000   NC_086017.1  SCFR_NC_086017_1_137422334_137438567_frame_3_fft  78   3  0.489373;0.489065;0.488757    3505.220;2096.732;1878.271        2;2;2
with_coding_region     5000   NC_086017.1  SCFR_NC_086017_1_137456003_137461919_frame_3_fft  29   3  0.489182;0.489520;0.041413    1384.408;1086.531;780.585         2;2;24
with_coding_region     5000   NC_086017.1  SCFR_NC_086017_1_137451378_137456988_frame_2_fft  33   3  0.489127;0.489661;0.061319    1221.472;1133.668;764.747         2;2;16
with_coding_region     5000   NC_086017.1  SCFR_NC_086017_1_137451439_137461858_frame_1_fft  52   3  0.489202;0.489490;0.489682    1888.732;1847.152;1430.717        2;2;2
with_coding_region     5000   NC_086017.1  SCFR_NC_086017_1_137463201_137470728_frame_2_fft  41   3  0.489172;0.489571;0.489837    1361.249;1002.408;860.253         2;2;2
with_coding_region     5000   NC_086017.1  SCFR_NC_086017_1_137438570_137450096_frame_3_fft  61   3  0.489155;0.489502;0.489676    2649.361;2067.824;1856.493        2;2;2
with_coding_region     5000   NC_086017.1  SCFR_NC_086017_1_137466854_137479769_frame_3_fft  58   3  0.489353;0.061479;0.490592    4254.595;1770.039;1282.280        2;16;2
with_coding_region     5000   NC_086017.1  SCFR_NC_086017_1_137481014_137486939_frame_3_fft  32   3  0.489114;0.488439;0.489620    1214.193;1013.343;860.292         2;2;2
with_coding_region     5000   NC_086017.1  SCFR_NC_086017_1_137470731_137481903_frame_2_fft  53   3  0.489348;0.061493;0.490602    3178.053;1864.693;1436.715        2;16;2
with_coding_region     5000   NC_086017.1  SCFR_NC_086017_1_137486942_137493995_frame_3_fft  36   3  0.489012;0.489437;0.488586    1242.041;1151.228;1074.022        2;2;2
with_coding_region     5000   NC_086017.1  SCFR_NC_086017_1_137469955_137485750_frame_1_fft  74   3  0.489395;0.488509;0.489016    3007.529;1991.272;1861.642        2;2;2
with_coding_region     5000   NC_086017.1  SCFR_NC_086017_1_137500015_137505112_frame_1_fft  27   3  0.488523;0.489307;0.488915    908.480;900.840;868.836           2;2;2
with_coding_region     5000   NC_086017.1  SCFR_NC_086017_1_137510853_137516763_frame_2_fft  31   3  0.489171;0.041455;0.020135    1535.622;682.173;580.294          2;24;50
with_coding_region     5000   NC_086017.1  SCFR_NC_086017_1_137485753_137495776_frame_1_fft  55   3  0.489275;0.488975;0.488676    1793.322;1568.530;1348.358        2;2;2
with_coding_region     5000   NC_086017.1  SCFR_NC_086017_1_137516766_137522337_frame_2_fft  31   3  0.488961;0.489679;0.490038    1233.953;713.384;535.664          2;2;2
with_coding_region     5000   NC_086017.1  SCFR_NC_086017_1_137522340_137528247_frame_2_fft  25   3  0.489081;0.488742;0.489589    1283.578;1057.446;874.679         2;2;2
with_coding_region     5000   NC_086017.1  SCFR_NC_086017_1_137491878_137501793_frame_2_fft  55   3  0.489158;0.489460;0.489864    2082.089;1729.283;1117.044        2;2;2
with_coding_region     5000   NC_086017.1  SCFR_NC_086017_1_137518117_137523925_frame_1_fft  33   3  0.488981;0.489669;0.061123    1659.222;921.234;674.054          2;2;16
with_coding_region     5000   NC_086017.1  SCFR_NC_086017_1_137530379_137538416_frame_3_fft  37   3  0.489113;0.489362;0.488740    1881.389;1747.252;1014.257        2;2;2
with_coding_region     5000   NC_086017.1  SCFR_NC_086017_1_137553735_137562801_frame_2_fft  60   3  0.489190;0.306861;0.203949    3268.831;1035.076;1034.585        2;3;5
with_coding_region     5000   NC_086017.1  SCFR_NC_086017_1_137554063_137563156_frame_1_fft  51   3  0.489167;0.021555;0.306829    2661.117;1339.826;992.585         2;46;3
with_coding_region     5000   NC_086017.1  SCFR_NC_086017_1_137563802_137568824_frame_3_fft  22   3  0.489247;0.489646;0.021505    1680.974;660.877;627.095          2;2;47
with_coding_region     5000   NC_086017.1  SCFR_NC_086017_1_137538419_137547614_frame_3_fft  44   3  0.489179;0.488853;0.489940    2650.165;1229.535;1051.732        2;2;2
with_coding_region     5000   NC_086017.1  SCFR_NC_086017_1_137588282_137594357_frame_3_fft  26   3  0.489053;0.488724;0.489712    1158.223;1003.610;892.287         2;2;2
with_coding_region     5000   NC_086017.1  SCFR_NC_086017_1_137603839_137611291_frame_1_fft  44   3  0.489399;0.489667;0.489936    1202.305;1155.161;1061.353        2;2;2
with_coding_region     5000   NC_086017.1  SCFR_NC_086017_1_137534118_137544282_frame_2_fft  48   3  0.489177;0.021547;0.306867    3037.386;1360.388;1141.051        2;46;3
with_coding_region     5000   NC_086017.1  SCFR_NC_086017_1_137597284_137602519_frame_1_fft  27   3  0.489207;0.488634;0.489971    1015.774;886.069;821.968          2;2;2
with_coding_region     5000   NC_086017.1  SCFR_NC_086017_1_137616326_137621534_frame_3_fft  25   3  0.489823;0.489439;0.490207    1016.168;946.109;887.638          2;2;2
with_coding_region     5000   NC_086017.1  SCFR_NC_086017_1_137605563_137612067_frame_2_fft  34   3  0.489237;0.489699;0.490006    1577.277;1302.797;826.065         2;2;2
with_coding_region     5000   NC_086017.1  SCFR_NC_086017_1_137569825_137574967_frame_1_fft  31   3  0.489304;0.489693;0.490276    1427.315;938.466;644.305          2;2;2
with_coding_region     5000   NC_086017.1  SCFR_NC_086017_1_137641961_137647685_frame_3_fft  29   3  0.489343;0.490042;0.488819    1370.376;868.289;805.557          2;2;2
with_coding_region     5000   NC_086017.1  SCFR_NC_086017_1_137621877_137630385_frame_2_fft  39   3  0.489187;0.489657;0.490244    1552.002;1318.423;1241.792        2;2;2
with_coding_region     5000   NC_086017.1  SCFR_NC_086017_1_137630083_137637016_frame_1_fft  34   3  0.488966;0.489831;0.489543    1380.707;1026.076;981.973         2;2;2
with_coding_region     5000   NC_086017.1  SCFR_NC_086017_1_137645434_137650747_frame_1_fft  24   3  0.489554;0.488989;0.021457    1537.027;1121.011;708.109         2;2;47
with_coding_region     5000   NC_086017.1  SCFR_NC_086017_1_1_10147_frame2_fft               5    3  -0.166667;0.166667;-0.333333  7783.029;7783.029;3278.634        9;45;11
with_coding_region     5000   NC_086017.1  SCFR_NC_086017_1_137654300_137661461_frame_3_fft  31   3  0.489177;0.490015;0.488759    1446.668;1093.797;1034.821        2;2;2
with_coding_region     5000   NC_086017.1  SCFR_NC_086017_1_59519931_59526828_frame1_fft     3    3  0.333333;0.334058;0.333768    680.525;387.208;385.973           3;3;3
with_coding_region     5000   NC_086017.1  SCFR_NC_086017_1_137645625_137658474_frame_2_fft  64   3  0.488987;0.489999;0.489532    1912.718;1620.624;1605.843        2;2;2
with_coding_region     5000   NC_086017.1  SCFR_NC_086017_1_207349781_207366191_frame_3_fft  23   3  0.333333;0.041682;0.291651    4583.279;3128.015;2933.181        3;24;3
with_coding_region     5000   NC_086017.1  SCFR_NC_086017_1_49090686_49096347_frame_2_fft    1    1  0.333333                      670.285                           3
with_coding_region     5000   NC_086017.1  SCFR_NC_086017_1_76_9937_frame_1_fft              5    3  -0.166717;0.166717;-0.333333  4952.074;4952.074;3281.878        9;46;12
with_coding_region     5000   NC_086017.1  SCFR_NC_086017_1_77_10082_frame3_fft              5    3  -0.166717;0.166717;-0.333333  5027.703;5027.703;3292.891        9;46;11
with_coding_region     5000   NC_073234.2  SCFR_NC_073234_2_146051436_146059089_frame1_fft   33   3  0.351888;0.352280;0.351235    1160.550;1132.104;985.607         3;3;3
with_coding_region     5000   NC_073234.2  SCFR_NC_073234_2_146051227_146059474_frame2_fft   30   3  0.351886;0.352249;0.350188    1203.674;1130.026;990.120         3;3;3
with_coding_region     5000   NC_073234.2  SCFR_NC_073234_2_146051453_146059319_frame3_fft   33   3  0.352276;0.351894;0.350114    1185.532;1165.787;1079.135        3;3;3
with_coding_region     5000   NC_073234.2  SCFR_NC_073234_2_2880_8256_frame_3_fft            2    2  0.166667;0.333333             4177.227;1730.846                 6;3
with_coding_region     5000   NC_073234.2  SCFR_NC_073234_2_2881_8257_frame2_fft             2    2  0.166667;0.333333             4179.083;1729.808                 6;3
with_coding_region     5000   NC_073234.2  SCFR_NC_073234_2_3012_8268_frame1_fft             2    2  0.166667;0.333333             4129.156;1748.587                 6;3
with_coding_region     5000   NC_073234.2  SCFR_NC_073234_2_3011_8267_frame_1_fft            2    2  0.166667;0.333333             4128.648;1748.240                 6;3
with_coding_region     5000   NC_073234.2  SCFR_NC_073234_2_50983038_50989911_frame1_fft     15   3  0.333333;0.027790;0.305543    1201.540;973.302;941.275          3;36;3
with_coding_region     5000   NC_073234.2  SCFR_NC_073234_2_44636453_44642159_frame3_fft     3    3  0.333333;0.043463;0.072555    1389.048;577.711;378.689          3;23;14
with_coding_region     5000   NC_073234.2  SCFR_NC_073234_2_60790982_60799271_frame3_fft     26   3  0.333333;0.233201;0.366751    3266.155;1870.986;1634.597        3;4;3
with_coding_region     5000   NC_073234.2  SCFR_NC_073234_2_69237385_69242428_frame_2_fft    1    1  0.333333                      660.991                           3
with_coding_region     5000   NC_073234.2  SCFR_NC_073234_2_60790981_60802768_frame_2_fft    45   3  0.333333;0.033427;0.366760    4597.099;2106.338;2059.654        3;30;3
with_coding_region     5000   NC_073227.2  SCFR_NC_073227_2_133735043_133741403_frame3_fft   1    1  0.333333                      1024.862                          3
with_coding_region     5000   NC_073227.2  SCFR_NC_073227_2_119963260_119968699_frame_3_fft  1    1  0.333333                      673.976                           3
with_coding_region     5000   NC_073227.2  SCFR_NC_073227_2_0_6605_frame_2_fft               7    3  -0.166692;0.166692;-0.333384  4149.795;4149.795;1808.472        12;61;15
with_coding_region     5000   NC_073227.2  SCFR_NC_073227_2_145466153_145471352_frame3_fft   1    1  0.333333                      828.990                           3
with_coding_region     5000   NC_073227.2  SCFR_NC_073227_2_164481171_164486559_frame_1_fft  1    1  0.333333                      889.900                           3
with_coding_region     5000   NC_073227.2  SCFR_NC_073227_2_211249468_211254505_frame_3_fft  29   3  0.365098;0.333333;0.396863    1525.195;1301.661;1168.636        3;3;3
with_coding_region     5000   NC_073227.2  SCFR_NC_073227_2_250_6514_frame_3_fft             5    3  -0.166667;0.166667;-0.333333  4518.477;4518.477;2086.672        13;64;16
with_coding_region     5000   NC_073227.2  SCFR_NC_073227_2_251_6497_frame3_fft              5    3  -0.166667;0.166667;-0.333333  4514.586;4514.586;2093.297        13;64;16
with_coding_region     5000   NC_073227.2  SCFR_NC_073227_2_21_6594_frame1_fft               7    3  -0.166591;0.166591;-0.333333  3508.666;3508.666;2053.800        12;61;15
with_coding_region     5000   NC_073227.2  SCFR_NC_073227_2_21811596_21817917_frame_1_fft    1    1  0.333333                      1107.880                          3
with_coding_region     5000   NC_073227.2  SCFR_NC_073227_2_80836110_80841246_frame_1_fft    19   3  0.428544;0.452298;0.166667    1938.241;1261.552;1227.086        2;2;6
with_coding_region     5000   NC_073227.2  SCFR_NC_073227_2_80829297_80836107_frame_1_fft    19   3  0.452423;0.428634;0.166667    2020.777;1913.975;1609.605        2;2;6
with_coding_region     5000   NC_073227.2  SCFR_NC_073227_2_81573251_81579422_frame_2_fft    19   3  0.428618;0.452439;0.047642    2109.129;1667.372;1385.229        2;2;21
with_coding_region     5000   NC_073227.2  SCFR_NC_073227_2_81618830_81631871_frame_2_fft    19   3  0.428571;0.047619;0.452343    5090.501;3066.734;2827.404        2;21;2
with_coding_region     5000   NC_073227.2  SCFR_NC_073227_2_81638424_81643881_frame_1_fft    19   3  0.428624;0.452446;0.047645    1869.869;1479.088;1228.866        2;2;21
with_coding_region     5000   NC_073227.2  SCFR_NC_073227_2_81964890_81981921_frame_1_fft    20   3  0.428571;0.047619;0.452352    6645.065;4026.025;3702.803        2;21;2
with_coding_region     5000   NC_073227.2  SCFR_NC_073227_2_81548573_81565604_frame_2_fft    19   3  0.428571;0.047619;0.452352    6643.066;4026.895;3702.974        2;21;2
with_coding_region     5000   NC_073227.2  SCFR_NC_073227_2_81989568_81996117_frame_1_fft    19   3  0.428615;0.452435;0.047641    2238.112;1769.881;1475.122        2;2;21
with_coding_region     5000   NC_073227.2  SCFR_NC_073227_2_82054656_82060113_frame_1_fft    19   3  0.428624;0.452446;0.047645    1870.143;1480.566;1229.779        2;2;21
with_coding_region     5000   NC_073227.2  SCFR_NC_073227_2_82114002_82119063_frame_1_fft    19   3  0.428571;0.047619;0.452282    1979.047;1186.304;1106.314        2;21;2
with_coding_region     5000   NC_073227.2  SCFR_NC_073227_2_82060706_82068848_frame_2_fft    19   3  0.452346;0.428519;0.166667    2414.707;2294.712;1924.648        2;2;6
with_coding_region     5000   NC_073227.2  SCFR_NC_073227_2_82148147_82153208_frame_2_fft    19   3  0.428571;0.047619;0.452282    1979.047;1186.304;1106.314        2;21;2
with_coding_region     5000   NC_073227.2  SCFR_NC_073227_2_82037244_82050285_frame_1_fft    19   3  0.428571;0.047619;0.452343    5090.424;3071.077;2830.206        2;21;2
with_coding_region     5000   NC_073227.2  SCFR_NC_073227_2_82209418_82214875_frame_3_fft    19   3  0.428624;0.452446;0.047645    1873.001;1502.763;1239.967        2;2;21
with_coding_region     5000   NC_073227.2  SCFR_NC_073227_2_82085190_82091334_frame_1_fft    19   3  0.428548;0.452311;0.166667    2309.496;1513.183;1470.249        2;2;6
with_coding_region     5000   NC_073227.2  SCFR_NC_073227_2_82233220_82238296_frame_3_fft    19   3  0.452325;0.428487;0.166667    1499.305;1435.057;1192.483        2;2;6
with_coding_region     5000   NC_073227.2  SCFR_NC_073227_2_82267709_82273922_frame_2_fft    19   3  0.428617;0.452438;0.047642    2101.838;1704.605;1412.798        2;2;21
with_coding_region     5000   NC_073227.2  SCFR_NC_073227_2_82171006_82194967_frame_3_fft    25   3  0.428571;0.047619;0.452360    9335.100;5600.427;5169.943        2;21;2
with_coding_region     5000   NC_073227.2  SCFR_NC_073227_2_82240020_82255974_frame_1_fft    37   3  0.452363;0.428545;0.166667    4748.725;4514.729;3803.137        2;2;6
with_coding_region     5000   NC_073227.2  SCFR_NC_073227_2_82332259_82338178_frame_3_fft    19   3  0.428620;0.452441;0.047643    2004.758;1620.114;1340.495        2;2;21
with_coding_region     5000   NC_073227.2  SCFR_NC_073227_2_82352844_82361400_frame_1_fft    19   3  0.428588;0.452431;0.166667    3224.079;2107.308;2021.553        2;2;6
with_coding_region     5000   NC_073227.2  SCFR_NC_073227_2_82421261_82426553_frame_2_fft    19   3  0.428571;0.452381;0.166667    2060.241;1800.692;1253.418        2;2;6
with_coding_region     5000   NC_073227.2  SCFR_NC_073227_2_82364369_82375700_frame_2_fft    20   3  0.428647;0.452387;0.047657    2485.413;2424.662;2296.287        2;2;21
with_coding_region     5000   NC_073227.2  SCFR_NC_073227_2_82341147_82348824_frame_1_fft    19   3  0.428553;0.452390;0.119057    2728.669;2461.329;1598.067        2;2;8
with_coding_region     5000   NC_073227.2  SCFR_NC_073227_2_82442843_82448135_frame_2_fft    19   3  0.428571;0.452381;0.166667    2060.241;1800.692;1253.418        2;2;6
with_coding_region     5000   NC_073227.2  SCFR_NC_073227_2_84637417_84643057_frame_3_fft    19   3  0.428546;0.452305;0.166667    2125.431;1395.362;1331.721        2;2;6
with_coding_region     5000   NC_073227.2  SCFR_NC_073227_2_83875079_83881052_frame_2_fft    19   3  0.428595;0.452369;0.119036    2251.458;2048.915;1284.531        2;2;8
with_coding_region     5000   NC_073227.2  SCFR_NC_073227_2_84664128_84670272_frame_1_fft    19   3  0.428548;0.452311;0.166667    2309.369;1513.954;1472.221        2;2;6
with_coding_region     5000   NC_073227.2  SCFR_NC_073227_2_84689748_84694809_frame_1_fft    19   3  0.428571;0.047619;0.452282    1975.649;1182.514;1102.732        2;21;2
with_coding_region     5000   NC_073227.2  SCFR_NC_073227_2_84719664_84730830_frame_1_fft    20   3  0.452355;0.428533;0.166667    3284.559;3147.495;2658.027        2;2;6
with_coding_region     5000   NC_073227.2  SCFR_NC_073227_2_84772271_84778208_frame_2_fft    19   3  0.452417;0.428499;0.404750    1882.787;1678.436;1289.397        2;2;2
with_coding_region     5000   NC_073227.2  SCFR_NC_073227_2_82280244_82308024_frame_1_fft    37   3  0.428582;0.452376;0.166667    9477.909;9111.530;6566.469        2;2;6
with_coding_region     5000   NC_073227.2  SCFR_NC_073227_2_84730778_84741152_frame_2_fft    20   3  0.428571;0.452381;0.166667    4007.547;3504.446;2482.066        2;2;6
with_coding_region     5000   NC_073227.2  SCFR_NC_073227_2_84803563_84810904_frame_3_fft    19   3  0.428552;0.452391;0.119057    2775.378;2496.501;1583.030        2;2;8
with_coding_region     5000   NC_073227.2  SCFR_NC_073227_2_84751778_84766976_frame_2_fft    36   3  0.452362;0.428543;0.166667    4504.704;4304.739;3617.975        2;2;6
with_coding_region     5000   NC_073227.2  SCFR_NC_073227_2_84827784_84836982_frame_1_fft    20   3  0.428571;0.452381;0.166667    3583.243;3124.949;2152.118        2;2;6
with_coding_region     5000   NC_073227.2  SCFR_NC_073227_2_84810839_84817052_frame_2_fft    19   3  0.428617;0.452438;0.047642    2101.838;1704.605;1412.798        2;2;21
with_coding_region     5000   NC_073227.2  SCFR_NC_073227_2_84782602_84795130_frame_3_fft    26   3  0.428560;0.452347;0.166667    4735.341;3099.227;2990.330        2;2;6
with_coding_region     5000   NC_073227.2  SCFR_NC_073227_2_85113287_85119836_frame_2_fft    19   3  0.428615;0.452435;0.047641    2239.104;1772.222;1477.459        2;2;21
with_coding_region     5000   NC_073227.2  SCFR_NC_073227_2_85150962_85160232_frame_1_fft    21   3  0.428587;0.452427;0.166667    3500.270;2265.814;2190.817        2;2;6
with_coding_region     5000   NC_073227.2  SCFR_NC_073227_2_84845676_84861819_frame_1_fft    20   3  0.452394;0.428545;0.404757    5073.444;4549.889;3470.486        2;2;2
with_coding_region     5000   NC_073227.2  SCFR_NC_073227_2_85160235_85165692_frame_1_fft    19   3  0.428624;0.452446;0.047645    1869.702;1480.142;1228.221        2;2;21
with_coding_region     5000   NC_073227.2  SCFR_NC_073227_2_84864309_84876120_frame_1_fft    20   3  0.428584;0.404792;0.452375    3740.438;2343.428;2100.318        2;2;2
with_coding_region     5000   NC_073227.2  SCFR_NC_073227_2_85172793_85178433_frame_1_fft    19   3  0.428546;0.452305;0.166667    2125.008;1392.778;1330.084        2;2;6
with_coding_region     5000   NC_073227.2  SCFR_NC_073227_2_86229728_86235041_frame_2_fft    19   3  0.428571;0.047619;0.452475    2063.558;1234.136;1183.371        2;21;2
with_coding_region     5000   NC_073227.2  SCFR_NC_073227_2_85167333_85172790_frame_1_fft    19   3  0.428624;0.452446;0.047645    1869.504;1478.645;1228.422        2;2;21
with_coding_region     5000   NC_073227.2  SCFR_NC_073227_2_85089029_85108370_frame_2_fft    26   3  0.428571;0.047619;0.452355    7532.752;4577.050;4203.151        2;21;2
with_coding_region     5000   NC_073227.2  SCFR_NC_073227_2_87333594_87342531_frame_1_fft    20   3  0.428555;0.452389;0.119056    3363.533;3079.715;2005.688        2;2;8
with_coding_region     5000   NC_073227.2  SCFR_NC_073227_2_87318728_87326675_frame_2_fft    19   3  0.428589;0.452372;0.119039    2969.771;2749.237;1711.706        2;2;8
with_coding_region     5000   NC_073248.2  SCFR_NC_073248_2_41069654_41075513_frame_1_fft    7    3  0.200034;0.400239;0.199522    2756.808;1622.954;1160.428        5;2;5
with_coding_region     5000   NC_073248.2  SCFR_NC_073248_2_2020_11068_frame2_fft            12   3  0.166777;0.166556;0.333333    5115.640;3723.069;2453.817        6;6;3
with_coding_region     5000   NC_073248.2  SCFR_NC_073248_2_2019_11067_frame_3_fft           12   3  0.166777;0.166556;0.333333    5114.604;3724.100;2451.840        6;6;3
with_coding_region     5000   NC_073248.2  SCFR_NC_073248_2_40975239_40981206_frame_3_fft    9    3  0.200101;0.400201;0.399698    4037.570;1487.435;938.637         5;2;3
with_coding_region     5000   NC_073248.2  SCFR_NC_073248_2_44589123_44594175_frame1_fft     11   3  0.200317;0.199921;0.400040    1879.883;1024.051;847.164         5;5;3
with_coding_region     5000   NC_073240.2  SCFR_NC_073240_2_13225079_13231706_frame3_fft     8    3  0.176400;0.352950;0.058850    2971.740;2534.405;1774.116        6;3;17
with_coding_region     5000   NC_073240.2  SCFR_NC_073240_2_13251582_13258887_frame1_fft     8    3  0.176454;0.352909;0.470637    4719.001;2561.841;1836.826        6;3;2
with_coding_region     5000   NC_073240.2  SCFR_NC_073240_2_13252840_13257988_frame2_fft     8    3  0.176379;0.352953;0.058858    2293.070;1974.216;1369.659        6;3;17
with_coding_region     5000   NC_073240.2  SCFR_NC_073240_2_13257839_13263479_frame3_fft     8    3  0.176418;0.470567;0.353014    3218.791;1738.529;1622.989        6;2;3
with_coding_region     5000   NC_073240.2  SCFR_NC_073240_2_13260507_13265553_frame1_fft     8    3  0.176377;0.352953;0.058859    2246.091;1943.903;1349.548        6;3;17
with_coding_region     5000   NC_073240.2  SCFR_NC_073240_2_13264945_13272421_frame2_fft     8    3  0.176431;0.470572;0.352996    4285.196;2300.601;2159.759        6;2;3
with_coding_region     5000   NC_073240.2  SCFR_NC_073240_2_13265556_13270773_frame1_fft     8    3  0.176538;0.352885;0.470577    2804.461;1764.555;1637.588        6;3;2
with_coding_region     5000   NC_073240.2  SCFR_NC_073240_2_13273427_13279457_frame3_fft     8    3  0.176451;0.352902;0.470647    3891.677;2123.857;1526.720        6;3;2
with_coding_region     5000   NC_073240.2  SCFR_NC_073240_2_13281077_13286990_frame3_fft     8    3  0.176391;0.352951;0.058853    2626.525;2269.621;1577.744        6;3;17
with_coding_region     5000   NC_073240.2  SCFR_NC_073240_2_13307784_13316655_frame1_fft     8    3  0.176418;0.352948;0.058843    3944.496;3384.102;2373.801        6;3;17
with_coding_region     5000   NC_073240.2  SCFR_NC_073240_2_13315945_13321177_frame2_fft     8    3  0.176414;0.470566;0.353020    3001.512;1592.871;1478.317        6;2;3
with_coding_region     5000   NC_073240.2  SCFR_NC_073240_2_13140892_13326112_frame_1_fft    11   3  0.176471;0.352942;0.470586    119461.368;64407.307;46529.933    6;3;2
with_coding_region     5000   NC_073240.2  SCFR_NC_073240_2_13140998_13325723_frame_3_fft    8    3  0.176473;0.352941;0.058823    82636.267;70329.484;49165.476     6;3;17
with_coding_region     5000   NC_073240.2  SCFR_NC_073240_2_13140813_13325778_frame_2_fft    11   3  0.176471;0.352942;0.470586    119443.998;64389.165;46493.919    6;3;2
with_coding_region     5000   NC_073240.2  SCFR_NC_073240_2_13409348_13414547_frame3_fft     8    3  0.176380;0.352952;0.058857    2320.862;1972.826;1380.621        6;3;17
with_coding_region     5000   NC_073240.2  SCFR_NC_073240_2_13438588_13445011_frame2_fft     8    3  0.176397;0.352950;0.058851    2886.947;2457.974;1740.931        6;3;17
with_coding_region     5000   NC_073240.2  SCFR_NC_073240_2_13448448_13455534_frame1_fft     8    3  0.176404;0.352949;0.058848    3189.738;2718.982;1935.896        6;3;17
with_coding_region     5000   NC_073240.2  SCFR_NC_073240_2_13450172_13457489_frame3_fft     8    3  0.176438;0.470548;0.352877    4458.750;2014.692;1921.167        6;2;3
with_coding_region     5000   NC_073240.2  SCFR_NC_073240_2_13450729_13457761_frame2_fft     8    3  0.176479;0.352958;0.470563    4668.821;2664.202;2124.180        6;3;2
with_coding_region     5000   NC_073240.2  SCFR_NC_073240_2_13459380_13464765_frame1_fft     8    3  0.176416;0.470566;0.353018    3097.975;1674.481;1561.990        6;2;3
with_coding_region     5000   NC_073240.2  SCFR_NC_073240_2_13459481_13465292_frame3_fft     8    3  0.176390;0.352951;0.058854    2612.620;2233.731;1581.496        6;3;17
with_coding_region     5000   NC_073240.2  SCFR_NC_073240_2_13479422_13485335_frame3_fft     8    3  0.176391;0.352951;0.058853    2656.290;2264.171;1596.609        6;3;17
with_coding_region     5000   NC_073240.2  SCFR_NC_073240_2_13487123_13492883_frame3_fft     8    3  0.176389;0.352951;0.058854    2589.754;2209.742;1570.614        6;3;17
with_coding_region     5000   NC_073240.2  SCFR_NC_073240_2_13488364_13495195_frame2_fft     8    3  0.176402;0.352950;0.058849    3071.169;2630.500;1847.729        6;3;17
with_coding_region     5000   NC_073240.2  SCFR_NC_073240_2_13498418_13504715_frame3_fft     8    3  0.176433;0.470542;0.352866    3828.249;1718.375;1627.692        6;2;3
with_coding_region     5000   NC_073240.2  SCFR_NC_073240_2_13504718_13509764_frame3_fft     8    3  0.176377;0.352953;0.058859    2278.084;1933.835;1361.981        6;3;17
with_coding_region     5000   NC_073240.2  SCFR_NC_073240_2_13518437_13524656_frame3_fft     8    3  0.176395;0.352951;0.058852    2786.379;2372.609;1665.622        6;3;17
with_coding_region     5000   NC_073240.2  SCFR_NC_073240_2_13531187_13537406_frame3_fft     8    3  0.176395;0.352951;0.058852    2788.371;2372.778;1664.371        6;3;17
with_coding_region     5000   NC_073240.2  SCFR_NC_073240_2_13550040_13555647_frame1_fft     8    3  0.176387;0.352952;0.058855    2518.938;2135.814;1498.221        6;3;17
with_coding_region     5000   NC_073240.2  SCFR_NC_073240_2_13555650_13564215_frame1_fft     8    3  0.176416;0.352948;0.058844    3827.308;3242.895;2278.220        6;3;17
with_coding_region     5000   NC_073240.2  SCFR_NC_073240_2_13575880_13581130_frame2_fft     8    3  0.176381;0.352952;0.058857    2364.414;1989.474;1391.265        6;3;17
with_coding_region     5000   NC_073240.2  SCFR_NC_073240_2_13584618_13590276_frame1_fft     8    3  0.176387;0.352952;0.058855    2538.634;2183.929;1560.817        6;3;17
with_coding_region     5000   NC_073240.2  SCFR_NC_073240_2_13596416_13601513_frame3_fft     8    3  0.176378;0.352953;0.058858    2280.777;1953.811;1409.461        6;3;17
with_coding_region     5000   NC_073240.2  SCFR_NC_073240_2_13606973_13615232_frame3_fft     8    3  0.176414;0.352948;0.058845    3680.462;3131.022;2193.332        6;3;17
with_coding_region     5000   NC_073240.2  SCFR_NC_073240_2_13608673_13613974_frame2_fft     8    3  0.176382;0.352952;0.058857    2354.755;2009.159;1386.538        6;3;17
with_coding_region     5000   NC_073240.2  SCFR_NC_073240_2_13616663_13622219_frame3_fft     8    3  0.176386;0.352952;0.058855    2494.641;2136.269;1521.131        6;3;17
with_coding_region     5000   NC_073240.2  SCFR_NC_073240_2_13622052_13627404_frame1_fft     8    3  0.176383;0.352952;0.058857    2412.468;2048.135;1470.305        6;3;17
with_coding_region     5000   NC_073240.2  SCFR_NC_073240_2_13628342_13633643_frame3_fft     8    3  0.176382;0.352952;0.058857    2393.017;2027.341;1461.040        6;3;17
with_coding_region     5000   NC_073240.2  SCFR_NC_073240_2_13634581_13640902_frame2_fft     8    3  0.176396;0.352950;0.058851    2839.167;2422.129;1723.728        6;3;17
with_coding_region     5000   NC_073240.2  SCFR_NC_073240_2_13643251_13649929_frame2_fft     8    3  0.176400;0.352950;0.058850    3001.556;2565.329;1829.394        6;3;17
with_coding_region     5000   NC_073240.2  SCFR_NC_073240_2_13670298_13677639_frame1_fft     8    3  0.176406;0.352949;0.058848    3294.382;2795.226;1981.108        6;3;17
with_coding_region     5000   NC_073240.2  SCFR_NC_073240_2_13672321_13677469_frame2_fft     8    3  0.176379;0.352953;0.058858    2310.424;1969.505;1386.705        6;3;17
with_coding_region     5000   NC_073240.2  SCFR_NC_073240_2_13679087_13687397_frame3_fft     8    3  0.176414;0.352948;0.058845    3731.577;3187.053;2277.183        6;3;17
with_coding_region     5000   NC_073240.2  SCFR_NC_073240_2_13701306_13707423_frame1_fft     8    3  0.176394;0.352951;0.058852    2750.262;2344.128;1661.720        6;3;17
with_coding_region     5000   NC_073240.2  SCFR_NC_073240_2_13717456_13728520_frame2_fft     8    3  0.176428;0.352946;0.058839    4995.337;4236.090;3025.303        6;3;17
with_coding_region     5000   NC_073240.2  SCFR_NC_073240_2_13727979_13733790_frame1_fft     8    3  0.176390;0.352951;0.058854    2603.374;2204.864;1579.241        6;3;17
with_coding_region     5000   NC_073240.2  SCFR_NC_073240_2_13731481_13736527_frame2_fft     8    3  0.176377;0.352953;0.058859    2258.333;1915.130;1370.635        6;3;17
with_coding_region     5000   NC_073240.2  SCFR_NC_073240_2_13734626_13740386_frame3_fft     8    3  0.176389;0.352951;0.058854    2573.210;2191.762;1558.235        6;3;17
with_coding_region     5000   NC_073240.2  SCFR_NC_073240_2_13372978_13750747_frame_1_fft    10   3  0.176470;0.352941;0.470589    245506.071;132014.867;96621.281   6;3;2
with_coding_region     5000   NC_073240.2  SCFR_NC_073240_2_13736649_13745112_frame1_fft     8    3  0.176415;0.352948;0.058844    3793.592;3237.207;2289.665        6;3;17
with_coding_region     5000   NC_073240.2  SCFR_NC_073240_2_13740508_13746778_frame2_fft     8    3  0.176396;0.352951;0.058852    2813.294;2397.835;1705.037        6;3;17
with_coding_region     5000   NC_073240.2  SCFR_NC_073240_2_13748574_13760454_frame_2_fft    8    3  0.176431;0.352946;0.058838    5313.432;4469.503;3178.477        6;3;17
with_coding_region     5000   NC_073240.2  SCFR_NC_073240_2_13757006_13768172_frame_3_fft    8    3  0.176428;0.352946;0.058839    4987.675;4221.016;2995.505        6;3;17
with_coding_region     5000   NC_073240.2  SCFR_NC_073240_2_13759471_13764721_frame_1_fft    8    3  0.176381;0.352952;0.058857    2345.479;1974.964;1386.384        6;3;17
with_coding_region     5000   NC_073240.2  SCFR_NC_073240_2_13764724_13771912_frame_1_fft    8    3  0.176405;0.352949;0.058848    3198.363;2711.330;1918.564        6;3;17
with_coding_region     5000   NC_073240.2  SCFR_NC_073240_2_13373163_13748571_frame_2_fft    13   3  0.176469;0.352941;0.058824    168491.402;143024.599;101468.876  6;3;17
with_coding_region     5000   NC_073240.2  SCFR_NC_073240_2_13373057_13749047_frame_3_fft    8    3  0.176470;0.352940;0.058823    237479.008;116557.316;106326.660  6;3;17
with_coding_region     5000   NC_073240.2  SCFR_NC_073240_2_13775086_13781608_frame2_fft     8    3  0.176480;0.352959;0.470561    4333.654;2456.658;1957.333        6;3;2
with_coding_region     5000   NC_073240.2  SCFR_NC_073240_2_13777041_13783563_frame1_fft     8    3  0.176480;0.352959;0.470561    4337.780;2464.494;1957.593        6;3;2
with_coding_region     5000   NC_073240.2  SCFR_NC_073240_2_13787037_13793622_frame1_fft     8    3  0.176462;0.352923;0.470615    4377.496;2474.576;1979.127        6;3;2
with_coding_region     5000   NC_073240.2  SCFR_NC_073240_2_13770504_13879080_frame_2_fft    9    3  0.176466;0.352942;0.058825    48980.248;40823.135;28670.903     6;3;17
with_coding_region     5000   NC_073240.2  SCFR_NC_073240_2_13849904_13855952_frame3_fft     8    3  0.176422;0.470569;0.353009    3474.528;1895.705;1706.806        6;2;3
with_coding_region     5000   NC_073240.2  SCFR_NC_073240_2_13774108_13880695_frame_1_fft    8    3  0.176466;0.352942;0.058825    48066.817;40062.160;28140.087     6;3;17
with_coding_region     5000   NC_073240.2  SCFR_NC_073240_2_13911877_13917841_frame2_fft     8    3  0.176392;0.352951;0.058853    2694.449;2253.379;1596.901        6;3;17
with_coding_region     5000   NC_073240.2  SCFR_NC_073240_2_13913466_13918767_frame1_fft     8    3  0.176382;0.352952;0.058857    2379.414;2009.028;1413.682        6;3;17
with_coding_region     5000   NC_073240.2  SCFR_NC_073240_2_13948818_13954731_frame1_fft     8    3  0.176391;0.352951;0.058853    2670.260;2239.925;1619.626        6;3;17
with_coding_region     5000   NC_073240.2  SCFR_NC_073240_2_13955864_13963613_frame3_fft     8    3  0.176410;0.352949;0.058846    3459.966;2892.653;1971.454        6;3;17
with_coding_region     5000   NC_073240.2  SCFR_NC_073240_2_13961821_13971739_frame2_fft     8    3  0.176447;0.470559;0.352894    6023.562;2612.719;2466.969        6;2;3
with_coding_region     5000   NC_073240.2  SCFR_NC_073240_2_13962273_13973796_frame1_fft     8    3  0.176430;0.352946;0.058839    5161.420;4267.807;2864.864        6;3;17
with_coding_region     5000   NC_073240.2  SCFR_NC_073240_2_13975788_13984659_frame1_fft     8    3  0.176418;0.352948;0.058843    4010.118;3325.401;2342.510        6;3;17
with_coding_region     5000   NC_073240.2  SCFR_NC_073240_2_13977947_13987124_frame3_fft     8    3  0.176419;0.352948;0.058843    4112.458;3432.774;2398.502        6;3;17
with_coding_region     5000   NC_073240.2  SCFR_NC_073240_2_13978525_13986988_frame2_fft     8    3  0.176415;0.352948;0.058844    3778.115;3183.776;2233.366        6;3;17
with_coding_region     5000   NC_073240.2  SCFR_NC_073240_2_13986294_13994961_frame1_fft     8    3  0.176416;0.352948;0.058844    3877.388;3240.169;2234.726        6;3;17
with_coding_region     5000   NC_073240.2  SCFR_NC_073240_2_13986991_13992751_frame2_fft     8    3  0.176389;0.352951;0.058854    2603.599;2167.247;1514.157        6;3;17
with_coding_region     5000   NC_073240.2  SCFR_NC_073240_2_13988759_13994573_frame3_fft     8    3  0.176471;0.352941;0.470588    3893.590;2199.157;1831.554        6;3;2
with_coding_region     5000   NC_073240.2  SCFR_NC_073240_2_13994386_14007184_frame2_fft     8    3  0.176434;0.352946;0.058837    5778.404;4838.537;3484.011        6;3;17
with_coding_region     5000   NC_073240.2  SCFR_NC_073240_2_13994576_14010329_frame3_fft     8    3  0.176474;0.352949;0.470577    10471.308;5842.019;4806.697       6;3;2
with_coding_region     5000   NC_073240.2  SCFR_NC_073240_2_13994964_14005620_frame1_fft     8    3  0.176426;0.352947;0.058840    4805.790;4054.922;2931.758        6;3;17
with_coding_region     5000   NC_073240.2  SCFR_NC_073240_2_14010723_14016381_frame1_fft     8    3  0.176387;0.352952;0.058855    2546.544;2116.400;1440.630        6;3;17
with_coding_region     5000   NC_073240.2  SCFR_NC_073240_2_14011607_14024966_frame3_fft     8    3  0.176435;0.352946;0.058837    5988.608;5022.424;3481.438        6;3;17
with_coding_region     5000   NC_073240.2  SCFR_NC_073240_2_13772714_14058896_frame_3_fft    12   3  0.176472;0.470589;0.352940    164760.233;87646.915;80549.437    6;2;3
with_coding_region     5000   NC_073240.2  SCFR_NC_073240_2_14016384_14022705_frame1_fft     8    3  0.176396;0.352950;0.058851    2821.453;2381.078;1660.284        6;3;17
with_coding_region     5000   NC_073240.2  SCFR_NC_073240_2_14022708_14028264_frame1_fft     8    3  0.176386;0.352952;0.058855    2476.187;2089.853;1423.646        6;3;17
with_coding_region     5000   NC_073240.2  SCFR_NC_073240_2_13881718_14058904_frame_1_fft    13   3  0.176470;0.352940;0.470590    115390.522;61045.309;44783.041    6;3;2
with_coding_region     5000   NC_073240.2  SCFR_NC_073240_2_14031191_14036441_frame3_fft     8    3  0.176381;0.352952;0.058857    2329.417;1974.990;1365.157        6;3;17
with_coding_region     5000   NC_073240.2  SCFR_NC_073240_2_14034829_14040691_frame2_fft     8    3  0.176390;0.352951;0.058854    2627.696;2235.778;1575.046        6;3;17
with_coding_region     5000   NC_073240.2  SCFR_NC_073240_2_14036172_14042046_frame1_fft     8    3  0.176541;0.352911;0.470548    2894.458;2119.274;1647.410        6;3;2
with_coding_region     5000   NC_073240.2  SCFR_NC_073240_2_13879083_14060100_frame_2_fft    14   3  0.176470;0.352939;0.058823    113644.643;55041.849;49774.377    6;3;17
with_coding_region     5000   NC_073240.2  SCFR_NC_073240_2_14042197_14048875_frame2_fft     8    3  0.176400;0.352950;0.058850    2964.765;2536.851;1799.074        6;3;17
with_coding_region     5000   NC_073240.2  SCFR_NC_073240_2_16473706_16480186_frame2_fft     32   3  0.063272;0.063580;0.064198    1139.202;1017.342;998.246         16;16;16
with_coding_region     5000   NC_073240.2  SCFR_NC_073240_2_16473725_16480268_frame3_fft     28   3  0.063274;0.063579;0.064191    1139.495;1017.281;1000.708        16;16;16
with_coding_region     5000   NC_073240.2  SCFR_NC_073240_2_16473702_16480191_frame1_fft     35   3  0.063646;0.189706;0.063338    1258.970;879.926;846.916          16;5;16
with_coding_region     5000   NC_073240.2  SCFR_NC_073240_2_41332576_41337742_frame2_fft     1    1  0.333333                      788.936                           3
with_coding_region     5000   NC_073240.2  SCFR_NC_073240_2_44333194_44341867_frame2_fft     4    3  0.333333;0.000346;0.333564    1152.432;624.112;486.509          3;2891;3
with_coding_region     5000   NC_073240.2  SCFR_NC_073240_2_43502626_43512880_frame2_fft     1    1  0.333333                      1024.619                          3
with_coding_region     5000   NC_073240.2  SCFR_NC_073240_2_68697427_68721334_frame_1_fft    79   3  0.475384;0.475049;0.474756    2500.200;2480.198;2379.931        2;2;2
with_coding_region     5000   NC_073240.2  SCFR_NC_073240_2_68697446_68703833_frame_3_fft    33   3  0.475497;0.474871;0.473775    949.733;845.839;844.044           2;2;2
with_coding_region     5000   NC_073240.2  SCFR_NC_073240_2_68697295_68723734_frame2_fft     88   3  0.474753;0.475018;0.475737    2815.460;2519.399;2233.770        2;2;2
with_coding_region     5000   NC_073240.2  SCFR_NC_073240_2_68697428_68723738_frame3_fft     88   3  0.475029;0.475371;0.474762    3225.191;2556.804;2442.712        2;2;2
with_coding_region     5000   NC_073240.2  SCFR_NC_073240_2_68698173_68713110_frame_2_fft    55   3  0.475397;0.475062;0.474192    2255.507;1893.712;1674.058        2;2;2
with_coding_region     5000   NC_073240.2  SCFR_NC_073240_2_68703836_68712935_frame_3_fft    29   3  0.475767;0.474228;0.474997    1384.062;1261.277;1150.891        2;2;2
with_coding_region     5000   NC_073240.2  SCFR_NC_073240_2_68713130_68721290_frame_3_fft    28   3  0.475245;0.476838;0.473897    1213.949;1205.078;1058.098        2;2;2
with_coding_region     5000   NC_073240.2  SCFR_NC_073240_2_68697441_68723838_frame1_fft     89   3  0.474751;0.475016;0.475736    2844.816;2342.178;2247.540        2;2;2
with_coding_region     5000   NC_073240.2  SCFR_NC_073240_2_77925388_77931262_frame2_fft     2    2  0.000511;0.456759             350.168;330.457                   1958;2
with_coding_region     5000   NC_073240.2  SCFR_NC_073240_2_77925453_77932770_frame_2_fft    1    1  0.456745                      369.265                           2
with_coding_region     5000   NC_073240.2  SCFR_NC_073240_2_68713113_68723733_frame_2_fft    36   3  0.476836;0.474765;0.475330    1267.338;1233.712;1187.846        2;2;2
with_coding_region     5000   NC_073240.2  SCFR_NC_073240_2_77925548_77932784_frame_3_fft    2    2  0.456744;0.421504             363.237;343.625                   2;2
with_coding_region     5000   NC_073240.2  SCFR_NC_073240_2_7713383_7718474_frame_3_fft      13   3  0.200157;0.400314;0.199175    2493.117;1170.922;998.012         5;2;5
with_coding_region     5000   NC_073240.2  SCFR_NC_073240_2_77925577_77932810_frame_1_fft    0    0
with_coding_region     5000   NC_073240.2  SCFR_NC_073240_2_77925654_77932821_frame1_fft     1    1  0.415655                      367.620                           2
with_coding_region     5000   NC_073240.2  SCFR_NC_073240_2_77925602_77931701_frame3_fft     2    2  0.415642;0.333169             316.530;313.014                   2;3
with_coding_region     5000   NC_073244.2  SCFR_NC_073244_2_128_6071_frame3_fft              5    3  -0.166751;0.166751;-0.333333  3201.688;3201.688;1816.820        14;68;17
with_coding_region     5000   NC_073244.2  SCFR_NC_073244_2_133_6070_frame_3_fft             5    3  -0.166751;0.166751;-0.333333  3196.110;3196.110;1818.815        14;68;17
with_coding_region     5000   NC_073244.2  SCFR_NC_073244_2_15033826_15043543_frame_3_fft    1    1  0.333333                      2013.827                          3
with_coding_region     5000   NC_073244.2  SCFR_NC_073244_2_21077297_21084200_frame_2_fft    20   3  0.333333;0.357091;0.023758    1149.645;838.760;834.053          3;3;42
with_coding_region     5000   NC_073244.2  SCFR_NC_073244_2_49647083_49652570_frame_2_fft    3    3  0.333333;0.047749;0.142883    865.109;414.651;353.190           3;21;7
with_coding_region     5000   NC_073244.2  SCFR_NC_073244_2_49587427_49592764_frame_3_fft    4    3  0.333333;0.048342;0.000749    904.698;387.318;351.564           3;21;1334
with_coding_region     5000   NC_073244.2  SCFR_NC_073244_2_15006751_15029494_frame_3_fft    10   3  0.333333;0.003430;0.002286    4576.847;983.182;935.952          3;292;437
with_coding_region     5000   NC_073244.2  SCFR_NC_073244_2_607_6064_frame2_fft              5    3  -0.166575;0.166575;-0.333333  2756.803;2756.803;1826.151        15;74;18
with_coding_region     5000   NC_073244.2  SCFR_NC_073244_2_612_5787_frame_1_fft             5    3  -0.166570;0.166570;-0.333333  2599.040;2599.040;1724.000        16;78;20
with_coding_region     5000   NC_073244.2  SCFR_NC_073244_2_6255255_6266448_frame_1_fft      56   3  0.079871;0.080050;0.080854    1378.630;974.486;891.361          13;12;12
with_coding_region     5000   NC_073244.2  SCFR_NC_073244_2_67096415_67103447_frame3_fft     44   3  0.343999;0.095705;0.312002    1648.080;906.809;877.053          3;10;3
with_coding_region     5000   NC_073244.2  SCFR_NC_073244_2_6255194_6266432_frame_2_fft      65   3  0.080085;0.079818;0.319452    1302.717;1193.005;828.040         12;13;3
with_coding_region     5000   NC_073244.2  SCFR_NC_073244_2_6255187_6266410_frame_3_fft      53   3  0.079836;0.080103;0.080816    1438.385;1155.516;939.843         13;12;12
with_coding_region     5000   NC_073244.2  SCFR_NC_073244_2_67096378_67103458_frame2_fft     46   3  0.343927;0.095763;0.406215    1322.655;960.501;904.134          3;10;2
with_coding_region     5000   NC_073244.2  SCFR_NC_073244_2_67096437_67103466_frame1_fft     42   3  0.344003;0.095746;0.094181    1633.323;967.374;844.696          3;10;11
with_coding_region     5000   NC_073244.2  SCFR_NC_073244_2_7247730_7252887_frame1_fft       1    1  0.333333                      731.821                           3
with_coding_region     5000   NC_073232.2  SCFR_NC_073232_2_134373877_134379253_frame2_fft   1    1  0.333333                      836.160                           3
with_coding_region     5000   NC_073232.2  SCFR_NC_073232_2_140400140_140407085_frame_3_fft  11   3  0.333333;0.316775;0.303096    794.624;679.118;518.076           3;3;3
with_coding_region     5000   NC_073232.2  SCFR_NC_073232_2_144213625_144218737_frame2_fft   11   3  0.444444;0.055556;0.111111    1513.528;1422.320;1245.424        2;18;9
with_coding_region     5000   NC_073232.2  SCFR_NC_073232_2_144214505_144222680_frame_3_fft  12   3  0.055535;0.111070;0.444404    2423.117;2285.161;1730.994        18;9;2
with_coding_region     5000   NC_073232.2  SCFR_NC_073232_2_144215822_144223736_frame3_fft   13   3  0.111069;0.222264;0.277736    1876.173;1786.641;1640.398        9;4;4
with_coding_region     5000   NC_073232.2  SCFR_NC_073232_2_144213744_144223725_frame1_fft   17   3  0.444444;0.055505;0.111011    2675.968;2637.194;1835.793        2;18;9
with_coding_region     5000   NC_073232.2  SCFR_NC_073232_2_144214245_144223587_frame_2_fft  11   3  0.444444;0.055556;0.111111    2555.849;2426.762;1783.125        2;18;9
with_coding_region     5000   NC_073232.2  SCFR_NC_073232_2_55668237_55676118_frame1_fft     1    1  0.333333                      1092.080                          3
with_coding_region     5000   NC_073232.2  SCFR_NC_073232_2_145335205_145340260_frame2_fft   16   3  0.266667;0.233432;0.033234    2387.919;1421.186;948.598         4;4;30
with_coding_region     5000   NC_073232.2  SCFR_NC_073232_2_9393775_9399493_frame_1_fft      4    3  0.216859;0.242218;0.324414    401.507;389.230;364.621           5;4;3
with_coding_region     5000   NC_073232.2  SCFR_NC_073232_2_9393798_9399399_frame_2_fft      4    3  0.324406;0.216747;0.242100    375.727;375.398;338.108           3;5;4
with_coding_region     5000   NC_073247.2  SCFR_NC_073247_2_11098921_11108251_frame2_fft     5    3  0.499678;0.499357;0.498821    2717.210;1053.092;619.656         2;2;2
with_coding_region     5000   NC_073247.2  SCFR_NC_073247_2_11098881_11108220_frame_3_fft    5    3  0.499625;0.499304;0.498876    2823.124;992.023;718.445          2;2;2
with_coding_region     5000   NC_073247.2  SCFR_NC_073247_2_11098925_11108282_frame3_fft     5    3  0.499626;0.499305;0.498878    2833.444;992.259;712.527          2;2;2
with_coding_region     5000   NC_073247.2  SCFR_NC_073247_2_11098957_11108131_frame_2_fft    5    3  0.499673;0.499346;0.499128    2749.599;1037.496;683.488         2;2;2
with_coding_region     5000   NC_073247.2  SCFR_NC_073247_2_11098968_11108142_frame1_fft     5    3  0.499673;0.499346;0.499128    2751.599;1038.270;684.382         2;2;2
with_coding_region     5000   NC_073247.2  SCFR_NC_073247_2_11098967_11108141_frame_1_fft    5    3  0.499673;0.499346;0.499128    2750.086;1037.949;683.708         2;2;2
with_coding_region     5000   NC_073247.2  SCFR_NC_073247_2_113262111_113269767_frame1_fft   11   3  0.333333;0.166797;0.166536    1743.413;1231.802;1200.726        3;6;6
with_coding_region     5000   NC_073247.2  SCFR_NC_073247_2_1237_9019_frame2_fft             2    2  0.166667;0.333333             5479.347;1797.062                 6;3
with_coding_region     5000   NC_073247.2  SCFR_NC_073247_2_1236_8874_frame_3_fft            2    2  0.166667;0.333333             5479.913;1796.164                 6;3
with_coding_region     5000   NC_073247.2  SCFR_NC_073247_2_148049391_148055478_frame1_fft   1    1  0.333333                      1449.309                          3
with_coding_region     5000   NC_073247.2  SCFR_NC_073247_2_153601716_153607107_frame1_fft   18   3  0.419217;0.333333;0.085884    854.907;810.898;653.314           2;3;12
with_coding_region     5000   NC_073247.2  SCFR_NC_073247_2_164803924_164809450_frame_2_fft  27   3  0.148208;0.444444;0.333333    757.485;693.857;666.509           7;2;3
with_coding_region     5000   NC_073247.2  SCFR_NC_073247_2_164953452_164959983_frame1_fft   30   3  0.148216;0.462869;0.333333    872.309;758.656;740.037           7;2;3
with_coding_region     5000   NC_073247.2  SCFR_NC_073247_2_13588700_13593854_frame_1_fft    1    1  0.333333                      525.466                           3
with_coding_region     5000   NC_073247.2  SCFR_NC_073247_2_177551059_177557860_frame_2_fft  4    3  0.166740;0.333333;0.167181    4436.745;1388.091;529.174         6;3;6
with_coding_region     5000   NC_073247.2  SCFR_NC_073247_2_177551060_177557861_frame3_fft   4    3  0.166740;0.333333;0.167181    4438.387;1388.182;531.005         6;3;6
with_coding_region     5000   NC_073247.2  SCFR_NC_073247_2_177553083_177558087_frame_3_fft  2    2  0.166667;0.333333             3859.764;1555.393                 6;3
with_coding_region     5000   NC_073247.2  SCFR_NC_073247_2_177553084_177558088_frame2_fft   2    2  0.166667;0.333333             3857.920;1556.857                 6;3
with_coding_region     5000   NC_073247.2  SCFR_NC_073247_2_2722_8653_frame_2_fft            2    2  0.166751;0.333333             2979.361;1977.500                 6;3
with_coding_region     5000   NC_073247.2  SCFR_NC_073247_2_2723_8654_frame3_fft             2    2  0.166751;0.333333             2979.860;1976.000                 6;3
with_coding_region     5000   NC_073247.2  SCFR_NC_073247_2_87482629_87488941_frame_2_fft    3    3  0.333333;0.000475;0.000792    779.449;391.284;390.417           3;2104;1263
with_coding_region     5000   NC_073247.2  SCFR_NC_073247_2_18633510_18638814_frame1_fft     10   3  0.483409;0.033560;0.032617    421.329;418.450;377.150           2;30;31
with_coding_region     5000   NC_086018.1  SCFR_NC_086018_1_16297269_16302501_frame_1_fft    21   3  0.333333;0.074159;0.407492    2538.125;1135.162;1044.072        3;13;2
with_coding_region     5000   NC_086018.1  SCFR_NC_086018_1_16296019_16303360_frame_3_fft    23   3  0.333333;0.074104;0.407438    3393.190;1384.551;1179.214        3;13;2
with_coding_region     5000   NC_086018.1  SCFR_NC_086018_1_16296902_16302863_frame3_fft     24   3  0.333333;0.074149;0.407482    2867.398;1239.968;1116.759        3;13;2
with_coding_region     5000   NC_086018.1  SCFR_NC_086018_1_16296274_16303345_frame2_fft     22   3  0.333333;0.074106;0.407439    3409.475;1396.493;1238.815        3;13;2
with_coding_region     5000   NC_086018.1  SCFR_NC_086018_1_17831075_17840048_frame3_fft     33   3  0.333333;0.074446;0.407779    4230.775;1644.572;1510.368        3;13;2
with_coding_region     5000   NC_086018.1  SCFR_NC_086018_1_18222824_18228659_frame_2_fft    13   3  0.333333;0.074036;0.407369    2904.218;1702.486;1260.351        3;14;2
with_coding_region     5000   NC_086018.1  SCFR_NC_086018_1_17831090_17839793_frame_2_fft    30   3  0.333333;0.074457;0.407790    4249.031;1554.004;1516.910        3;13;2
with_coding_region     5000   NC_086018.1  SCFR_NC_086018_1_18222825_18228687_frame1_fft     13   3  0.333333;0.074036;0.407369    2897.003;1710.548;1258.735        3;14;2
with_coding_region     5000   NC_086018.1  SCFR_NC_086018_1_18222809_18228806_frame3_fft     13   3  0.333333;0.074037;0.259296    2910.061;1723.815;1257.581        3;14;4
with_coding_region     5000   NC_086018.1  SCFR_NC_086018_1_18222808_18228727_frame_3_fft    13   3  0.333333;0.185166;0.148167    2894.617;1580.929;1332.678        3;5;7
with_coding_region     5000   NC_086018.1  SCFR_NC_086018_1_18680650_18687487_frame_3_fft    13   3  0.333333;0.185169;0.148164    3316.452;1982.342;1708.652        3;5;7
with_coding_region     5000   NC_086018.1  SCFR_NC_086018_1_18680769_18687471_frame_1_fft    13   3  0.333333;0.185169;0.148165    3303.357;1997.765;1717.727        3;5;7
with_coding_region     5000   NC_086018.1  SCFR_NC_086018_1_18865272_18871974_frame1_fft     21   3  0.333333;0.074157;0.407490    3238.675;1372.017;1218.451        3;13;2
with_coding_region     5000   NC_086018.1  SCFR_NC_086018_1_18680729_18687488_frame3_fft     13   3  0.333333;0.074123;0.185235    3300.998;1924.995;1682.999        3;13;5
with_coding_region     5000   NC_086018.1  SCFR_NC_086018_1_18865017_18871989_frame_1_fft    21   3  0.333333;0.074154;0.407487    3221.096;1324.883;1197.642        3;13;2
with_coding_region     5000   NC_086018.1  SCFR_NC_086018_1_18680797_18687472_frame2_fft     13   3  0.333333;0.185169;0.148165    3310.530;1996.579;1719.247        3;5;7
with_coding_region     5000   NC_086018.1  SCFR_NC_086018_1_18961347_18966468_frame1_fft     1    1  0.333333                      774.953                           3
with_coding_region     5000   NC_086018.1  SCFR_NC_086018_1_19285946_19293812_frame3_fft     10   3  0.083270;0.166540;0.416476    4059.153;2536.611;2270.345        12;6;2
with_coding_region     5000   NC_086018.1  SCFR_NC_086018_1_19123996_19129135_frame_3_fft    1    1  0.333333                      774.784                           3
with_coding_region     5000   NC_086018.1  SCFR_NC_086018_1_29723257_29728513_frame_3_fft    1    1  0.333333                      499.388                           3
with_coding_region     5000   NC_086018.1  SCFR_NC_086018_1_19285923_19293849_frame1_fft     11   3  0.083270;0.166540;0.416477    4065.594;2556.000;2258.297        12;6;2
with_coding_region     5000   NC_086018.1  SCFR_NC_086018_1_44265780_44272815_frame_1_fft    2    2  0.000284;0.333333             806.531;742.690                   3518;3
with_coding_region     5000   NC_086018.1  SCFR_NC_086018_1_40222627_40228420_frame_3_fft    1    1  0.333333                      657.353                           3
with_coding_region     5000   NC_086018.1  SCFR_NC_086018_1_19285963_19293832_frame2_fft     11   3  0.083238;0.166603;0.416444    3183.419;2885.041;2310.655        12;6;2
with_coding_region     5000   NC_086018.1  SCFR_NC_086018_1_8126564_8132009_frame_2_fft      30   3  0.319008;0.318641;0.317723    1503.924;1072.293;1003.435        3;3;3
with_coding_region     5000   NC_086018.1  SCFR_NC_086018_1_8588416_8594950_frame_3_fft      37   3  0.318182;0.317876;0.318794    1476.167;1375.635;1308.667        3;3;3
with_coding_region     5000   NC_086018.1  SCFR_NC_086018_1_8616355_8622826_frame_3_fft      40   3  0.317571;0.320043;0.318962    1661.410;1289.898;1287.275        3;3;3
with_coding_region     5000   NC_086018.1  SCFR_NC_086018_1_8168714_8174924_frame_2_fft      31   3  0.319163;0.365217;0.317391    1457.287;1145.017;1137.823        3;3;3
with_coding_region     5000   NC_086018.1  SCFR_NC_086018_1_8624017_8630455_frame_3_fft      35   3  0.319043;0.317490;0.364865    1415.567;1285.466;1126.783        3;3;3
with_coding_region     5000   NC_086018.1  SCFR_NC_086018_1_8626001_8632265_frame_2_fft      33   3  0.317688;0.318966;0.320083    1433.280;1165.999;1094.389        3;3;3
with_coding_region     5000   NC_086018.1  SCFR_NC_086018_1_8643835_8650738_frame_3_fft      36   3  0.317833;0.045777;0.363610    1612.914;1273.964;1204.731        3;22;3
with_coding_region     5000   NC_086018.1  SCFR_NC_086018_1_8584728_8591631_frame_1_fft      36   3  0.317833;0.045777;0.363610    1613.392;1277.400;1203.836        3;22;3
with_coding_region     5000   NC_086018.1  SCFR_NC_086018_1_8564839_8572612_frame_3_fft      41   3  0.317509;0.364853;0.319053    1590.717;1373.630;1364.381        3;3;3
with_coding_region     5000   NC_086018.1  SCFR_NC_086018_1_8654946_8661849_frame_1_fft      36   3  0.317833;0.045777;0.363610    1612.914;1273.964;1204.731        3;22;3
without_coding_region  7500   NC_073236.2  SCFR_NC_073236_2_18521804_18540476_frame3_fft     8    3  0.176467;0.352935;0.470598    12491.250;7024.552;5562.266       6;3;2
without_coding_region  7500   NC_073236.2  SCFR_NC_073236_2_18541138_18553663_frame2_fft     8    3  0.176447;0.470579;0.352974    7024.712;3674.694;3613.477        6;2;3
without_coding_region  7500   NC_073236.2  SCFR_NC_073236_2_18541485_18554649_frame1_fft     8    3  0.176466;0.352932;0.470602    8797.616;4961.356;3939.718        6;3;2
without_coding_region  7500   NC_073236.2  SCFR_NC_073236_2_18556250_18567926_frame3_fft     8    3  0.176430;0.352946;0.058839    5269.255;4467.188;3140.398        6;3;17
without_coding_region  7500   NC_073236.2  SCFR_NC_073236_2_18569653_18579052_frame2_fft     17   3  0.176402;0.352910;0.470688    5055.635;2628.471;1956.212        6;3;2
without_coding_region  7500   NC_073236.2  SCFR_NC_073236_2_18573687_18581553_frame1_fft     21   3  0.176456;0.352784;0.470633    3297.079;2515.287;1470.739        6;3;2
without_coding_region  7500   NC_073236.2  SCFR_NC_073236_2_18461034_18586215_frame_2_fft    119  3  0.176472;0.352937;0.176449    62188.702;25779.636;21809.810     6;3;6
without_coding_region  7500   NC_073236.2  SCFR_NC_073236_2_18581556_18597183_frame1_fft     53   3  0.176361;0.352787;0.470852    8807.629;4096.769;3812.834        6;3;2
without_coding_region  7500   NC_073236.2  SCFR_NC_073236_2_18586219_18594598_frame2_fft     28   3  0.176393;0.352787;0.470820    5409.954;2727.571;1809.132        6;3;2
without_coding_region  7500   NC_073236.2  SCFR_NC_073236_2_18592775_18616097_frame3_fft     64   3  0.176400;0.352757;0.470843    10493.242;7459.076;4084.400       6;3;2
without_coding_region  7500   NC_073236.2  SCFR_NC_073236_2_18602130_18609711_frame1_fft     22   3  0.176362;0.352724;0.470782    4643.524;1975.652;1462.986        6;3;2
without_coding_region  7500   NC_073236.2  SCFR_NC_073236_2_18612690_18621318_frame1_fft     18   3  0.176402;0.352805;0.470793    5495.533;2669.934;1687.505        6;3;2
without_coding_region  7500   NC_073236.2  SCFR_NC_073236_2_18618668_18629369_frame3_fft     36   3  0.176432;0.352771;0.470797    4515.335;3638.093;1713.580        6;3;2
without_coding_region  7500   NC_073236.2  SCFR_NC_073236_2_18622903_18631954_frame2_fft     28   3  0.176334;0.352779;0.470887    4340.269;2960.709;1889.517        6;3;2
without_coding_region  7500   NC_073236.2  SCFR_NC_073236_2_18627546_18639555_frame1_fft     43   3  0.176368;0.352735;0.470814    7373.128;3183.984;2180.558        6;3;2
without_coding_region  7500   NC_073236.2  SCFR_NC_073236_2_18634724_18644291_frame3_fft     31   3  0.176440;0.352775;0.470785    4031.346;3189.851;1440.738        6;3;2
without_coding_region  7500   NC_073236.2  SCFR_NC_073236_2_18639690_18648291_frame1_fft     29   3  0.176375;0.352750;0.352982    5237.335;2244.149;1412.591        6;3;3
without_coding_region  7500   NC_073236.2  SCFR_NC_073236_2_18673940_18688697_frame3_fft     8    3  0.176459;0.352917;0.058820    9439.095;4598.561;4116.604        6;3;17
without_coding_region  7500   NC_073236.2  SCFR_NC_073236_2_18683053_18691570_frame2_fft     8    3  0.176471;0.352941;0.470588    5729.503;3299.935;2691.279        6;3;2
without_coding_region  7500   NC_073236.2  SCFR_NC_073236_2_18689988_18701328_frame1_fft     8    3  0.176455;0.352910;0.058818    7227.061;3516.617;3147.827        6;3;17
without_coding_region  7500   NC_073236.2  SCFR_NC_073236_2_18707651_18718583_frame3_fft     8    3  0.176454;0.352909;0.058818    6987.151;3414.820;3055.436        6;3;17
without_coding_region  7500   NC_073236.2  SCFR_NC_073236_2_18710575_18719227_frame2_fft     8    3  0.176491;0.352982;0.058830    5527.895;2703.167;2428.453        6;3;17
without_coding_region  7500   NC_073236.2  SCFR_NC_073236_2_18717834_18729276_frame1_fft     8    3  0.176455;0.352910;0.058818    7317.416;3558.803;3205.232        6;3;17
without_coding_region  7500   NC_073236.2  SCFR_NC_073236_2_18807499_18817717_frame2_fft     8    3  0.176453;0.352907;0.058818    6542.937;3181.473;2854.495        6;3;17
without_coding_region  7500   NC_073236.2  SCFR_NC_073236_2_18460955_18847313_frame_3_fft    367  3  0.176471;0.352937;0.176476    153633.949;60254.256;54902.071    6;3;6
without_coding_region  7500   NC_073236.2  SCFR_NC_073236_2_18868818_18887247_frame1_fft     8    3  0.176461;0.352922;0.058820    11772.451;5769.882;5292.876       6;3;17
without_coding_region  7500   NC_073236.2  SCFR_NC_073236_2_18847316_18977078_frame_3_fft    97   3  0.176477;0.176462;0.352946    47297.792;45176.158;32997.334     6;6;3
without_coding_region  7500   NC_073236.2  SCFR_NC_073236_2_18873340_18912373_frame2_fft     8    3  0.176466;0.352932;0.058822    24927.902;12243.759;11208.765     6;3;17
without_coding_region  7500   NC_073236.2  SCFR_NC_073236_2_18878117_18890426_frame3_fft     8    3  0.176456;0.352913;0.058819    7850.769;3852.228;3567.479        6;3;17
without_coding_region  7500   NC_073236.2  SCFR_NC_073236_2_18900044_18909755_frame3_fft     8    3  0.176501;0.470600;0.352899    5644.374;3048.534;2817.073        6;2;3
without_coding_region  7500   NC_073236.2  SCFR_NC_073236_2_18910421_18925187_frame3_fft     20   3  0.352905;0.176487;0.470540    4939.868;4937.553;3622.821        3;6;2
without_coding_region  7500   NC_073236.2  SCFR_NC_073236_2_18887382_18911676_frame1_fft     8    3  0.176463;0.352927;0.058821    15538.998;7631.178;6978.592       6;3;17
without_coding_region  7500   NC_073236.2  SCFR_NC_073236_2_18913384_18924823_frame2_fft     10   3  0.176501;0.352915;0.470583    5725.221;4066.390;3234.687        6;3;2
without_coding_region  7500   NC_073236.2  SCFR_NC_073236_2_18929280_18969027_frame1_fft     8    3  0.176466;0.352932;0.058822    25400.005;12466.971;11162.204     6;3;17
without_coding_region  7500   NC_073236.2  SCFR_NC_073236_2_18586218_19032354_frame_2_fft    384  3  0.176471;0.176475;0.352937    143576.742;104964.602;95535.725   6;6;3
without_coding_region  7500   NC_073236.2  SCFR_NC_073236_2_18924826_18973396_frame2_fft     8    3  0.176467;0.352934;0.058822    30980.626;15181.674;13682.893     6;3;17
without_coding_region  7500   NC_073236.2  SCFR_NC_073236_2_18969030_18977079_frame1_fft     8    3  0.176419;0.352963;0.470617    3973.480;2986.266;2318.014        6;3;2
without_coding_region  7500   NC_073236.2  SCFR_NC_073236_2_18974266_18984871_frame2_fft     8    3  0.176426;0.352947;0.058840    4740.620;4122.733;2851.222        6;3;17
without_coding_region  7500   NC_073236.2  SCFR_NC_073236_2_18932732_18969911_frame3_fft     8    3  0.176471;0.352941;0.470588    25018.217;14471.460;11723.597     6;3;2
without_coding_region  7500   NC_073236.2  SCFR_NC_073236_2_18977394_18992334_frame1_fft     8    3  0.176439;0.352945;0.058835    6700.319;5834.032;4041.811        6;3;17
without_coding_region  7500   NC_073236.2  SCFR_NC_073236_2_18988427_18996566_frame3_fft     11   3  0.176557;0.352992;0.058852    3531.013;2644.530;2227.623        6;3;17
without_coding_region  7500   NC_073236.2  SCFR_NC_073236_2_18992116_19003213_frame2_fft     10   3  0.176444;0.352978;0.058845    5295.573;3434.213;2990.056        6;3;17
without_coding_region  7500   NC_073236.2  SCFR_NC_073236_2_19009148_19018631_frame3_fft     8    3  0.176421;0.352947;0.058842    4239.725;3693.628;2578.022        6;3;17
without_coding_region  7500   NC_073236.2  SCFR_NC_073236_2_18996569_19009145_frame3_fft     15   3  0.176527;0.352974;0.058842    5451.327;4089.834;3472.667        6;3;17
without_coding_region  7500   NC_073236.2  SCFR_NC_073236_2_19009369_19018852_frame2_fft     8    3  0.176421;0.352947;0.058842    4228.191;3695.722;2575.059        6;3;17
without_coding_region  7500   NC_073236.2  SCFR_NC_073236_2_19010625_19020108_frame1_fft     8    3  0.176421;0.352947;0.058842    4252.941;3697.289;2587.188        6;3;17
without_coding_region  7500   NC_073236.2  SCFR_NC_073236_2_18977081_19025996_frame_3_fft    37   3  0.176490;0.352959;0.117653    21839.926;14543.997;10900.685     6;3;8
without_coding_region  7500   NC_073236.2  SCFR_NC_073236_2_19036794_19046175_frame_2_fft    8    3  0.176420;0.352947;0.058842    4223.854;3666.081;2597.619        6;3;17
without_coding_region  7500   NC_073236.2  SCFR_NC_073236_2_19029263_19042622_frame_3_fft    8    3  0.176435;0.352946;0.058837    5960.532;5231.105;3652.673        6;3;17
without_coding_region  7500   NC_073236.2  SCFR_NC_073236_2_19042625_19058126_frame_3_fft    9    3  0.176440;0.352945;0.058835    6939.376;6061.522;4295.056        6;3;17
without_coding_region  7500   NC_073236.2  SCFR_NC_073236_2_18461140_19049575_frame_1_fft    483  3  0.176471;0.176468;0.352938    183211.408;142024.002;125107.639  6;6;3
without_coding_region  7500   NC_073236.2  SCFR_NC_073236_2_19055167_19062814_frame2_fft     8    3  0.176409;0.352949;0.058847    3423.312;2987.832;2113.062        6;3;17
without_coding_region  7500   NC_073236.2  SCFR_NC_073236_2_19048095_19058127_frame1_fft     8    3  0.176435;0.352970;0.470594    5395.250;3396.053;3244.469        6;3;2
without_coding_region  7500   NC_073236.2  SCFR_NC_073236_2_19065643_19073290_frame_1_fft    8    3  0.176409;0.352949;0.058847    3413.630;2999.520;2100.849        6;3;17
without_coding_region  7500   NC_073236.2  SCFR_NC_073236_2_19059965_19068989_frame_3_fft    8    3  0.176418;0.352948;0.058843    4030.155;3528.568;2484.073        6;3;17
without_coding_region  7500   NC_073236.2  SCFR_NC_073236_2_19055188_19063804_frame_1_fft    8    3  0.176416;0.352948;0.058844    3856.506;3365.345;2382.494        6;3;17
without_coding_region  7500   NC_073236.2  SCFR_NC_073236_2_19046178_19081059_frame_2_fft    8    3  0.176457;0.352943;0.058829    15617.127;13646.242;9602.285      6;3;17
without_coding_region  7500   NC_073236.2  SCFR_NC_073236_2_19068992_19076537_frame_3_fft    8    3  0.176408;0.352949;0.058847    3379.569;2956.926;2069.857        6;3;17
without_coding_region  7500   NC_073236.2  SCFR_NC_073236_2_19076540_19099589_frame_3_fft    8    3  0.176450;0.352944;0.058831    10287.670;9013.982;6291.304       6;3;17
without_coding_region  7500   NC_073236.2  SCFR_NC_073236_2_19108908_19119870_frame_2_fft    8    3  0.176428;0.352947;0.058840    4914.208;4299.286;3006.937        6;3;17
without_coding_region  7500   NC_073236.2  SCFR_NC_073236_2_19099592_19107749_frame_3_fft    8    3  0.176413;0.352948;0.058845    3665.740;3194.098;2233.157        6;3;17
without_coding_region  7500   NC_073236.2  SCFR_NC_073236_2_19079566_19106236_frame_1_fft    8    3  0.176453;0.352943;0.058830    11909.895;10432.068;7272.553      6;3;17
without_coding_region  7500   NC_073236.2  SCFR_NC_073236_2_19107752_19139135_frame_3_fft    38   3  0.176465;0.352930;0.176561    14750.729;7766.891;6608.482       6;3;6
without_coding_region  7500   NC_073236.2  SCFR_NC_073236_2_19160282_19170887_frame3_fft     8    3  0.176426;0.352947;0.058840    4772.723;4123.446;2930.961        6;3;17
without_coding_region  7500   NC_073236.2  SCFR_NC_073236_2_19139138_19176983_frame_3_fft    8    3  0.176483;0.352940;0.058819    16948.329;14685.829;10404.566     6;3;17
without_coding_region  7500   NC_073236.2  SCFR_NC_073236_2_19164753_19176456_frame1_fft     8    3  0.176450;0.470563;0.352901    7103.340;3267.725;3055.248        6;2;3
without_coding_region  7500   NC_073236.2  SCFR_NC_073236_2_19182548_19191698_frame3_fft     8    3  0.176503;0.470601;0.352896    5270.261;2848.209;2628.683        6;2;3
without_coding_region  7500   NC_073236.2  SCFR_NC_073236_2_19119873_19172223_frame_2_fft    42   3  0.176485;0.352932;0.058816    20248.843;14045.050;11016.523     6;3;17
without_coding_region  7500   NC_073236.2  SCFR_NC_073236_2_19183311_19257468_frame1_fft     80   3  0.176463;0.470583;0.352927    30307.989;17076.506;16258.329     6;2;3
without_coding_region  7500   NC_073236.2  SCFR_NC_073236_2_19178703_19287357_frame_2_fft    133  3  0.176468;0.470586;0.352946    48527.007;29371.703;26103.596     6;2;3
without_coding_region  7500   NC_073236.2  SCFR_NC_073236_2_19191956_19215290_frame3_fft     8    3  0.176481;0.470601;0.352961    14188.721;6648.720;6139.630       6;2;3
without_coding_region  7500   NC_073236.2  SCFR_NC_073236_2_19183310_19287365_frame_3_fft    121  3  0.176464;0.176484;0.470588    46182.693;32277.224;28205.790     6;6;2
without_coding_region  7500   NC_073236.2  SCFR_NC_073236_2_19261415_19270775_frame3_fft     8    3  0.176496;0.470620;0.352991    5694.898;2699.396;2488.824        6;2;3
without_coding_region  7500   NC_073236.2  SCFR_NC_073236_2_19270778_19286483_frame3_fft     8    3  0.176441;0.352945;0.058835    7175.739;5945.206;4405.964        6;3;17
without_coding_region  7500   NC_073236.2  SCFR_NC_073236_2_19113328_19287679_frame_1_fft    199  3  0.176477;0.176466;0.058824    65138.614;57241.180;34276.544     6;6;17
without_coding_region  7500   NC_073236.2  SCFR_NC_073236_2_19190800_19275301_frame2_fft     98   3  0.176483;0.352931;0.470586    34223.113;23801.560;23186.255     6;3;2
without_coding_region  7500   NC_073236.2  SCFR_NC_073236_2_19271496_19279836_frame1_fft     8    3  0.176499;0.470624;0.352998    5075.742;2406.492;2206.206        6;2;3
without_coding_region  7500   NC_073236.2  SCFR_NC_073236_2_19215293_19254029_frame3_fft     73   3  0.176528;0.176451;0.352928    9707.222;9253.039;8931.307        6;6;3
without_coding_region  7500   NC_073236.2  SCFR_NC_073236_2_20061346_20074342_frame2_fft     8    3  0.176439;0.352955;0.470606    6515.246;4804.492;3788.165        6;3;2
without_coding_region  7500   NC_073236.2  SCFR_NC_073236_2_20062689_20074824_frame1_fft     8    3  0.176432;0.352946;0.058838    5504.387;4702.460;3332.891        6;3;17
without_coding_region  7500   NC_073236.2  SCFR_NC_073236_2_20066009_20074586_frame3_fft     8    3  0.176519;0.352921;0.470561    4274.982;3177.397;2486.139        6;3;2
without_coding_region  7500   NC_073236.2  SCFR_NC_073236_2_20074827_20092686_frame1_fft     8    3  0.176494;0.352931;0.470575    8911.167;6602.006;5215.751        6;3;2
without_coding_region  7500   NC_073236.2  SCFR_NC_073236_2_20076170_20091428_frame3_fft     8    3  0.176498;0.352930;0.470573    7622.072;5640.445;4452.902        6;3;2
without_coding_region  7500   NC_073236.2  SCFR_NC_073236_2_20079490_20093383_frame2_fft     8    3  0.176492;0.470597;0.352912    8068.660;4347.981;4015.043        6;2;3
without_coding_region  7500   NC_073236.2  SCFR_NC_073236_2_20091431_20100770_frame3_fft     13   3  0.176571;0.352929;0.176357    3501.531;3386.073;2950.658        6;3;6
without_coding_region  7500   NC_073236.2  SCFR_NC_073236_2_20055694_20154544_frame_1_fft    79   3  0.176480;0.352949;0.470592    44629.693;24176.599;24029.875     6;3;2
without_coding_region  7500   NC_073236.2  SCFR_NC_073236_2_20094270_20104128_frame1_fft     8    3  0.176506;0.352911;0.470582    5233.683;3378.253;3030.178        6;3;2
without_coding_region  7500   NC_073236.2  SCFR_NC_073236_2_20055615_20205381_frame_2_fft    144  3  0.176482;0.176469;0.470587    56532.359;37384.111;36230.376     6;6;2
without_coding_region  7500   NC_073236.2  SCFR_NC_073236_2_20094394_20106148_frame2_fft     15   3  0.176451;0.352901;0.470563    6729.949;3628.483;2649.250        6;3;2
without_coding_region  7500   NC_073236.2  SCFR_NC_073236_2_20055800_20216210_frame_3_fft    150  3  0.176479;0.176467;0.470588    67537.762;60427.405;40485.410     6;6;2
without_coding_region  7500   NC_073236.2  SCFR_NC_073236_2_20151783_20161980_frame1_fft     8    3  0.176424;0.352947;0.058841    4575.593;3958.139;2749.582        6;3;17
without_coding_region  7500   NC_073236.2  SCFR_NC_073236_2_20113853_20154545_frame3_fft     8    3  0.176472;0.352944;0.470584    27207.875;15492.842;12188.756     6;3;2
without_coding_region  7500   NC_073236.2  SCFR_NC_073236_2_20106151_20150029_frame2_fft     8    3  0.176467;0.352933;0.058822    28039.543;13752.228;12392.915     6;3;17
without_coding_region  7500   NC_073236.2  SCFR_NC_073236_2_20106027_20150913_frame1_fft     8    3  0.176469;0.352939;0.470592    29981.899;17046.146;13472.053     6;3;2
without_coding_region  7500   NC_073236.2  SCFR_NC_073236_2_20156611_20167165_frame2_fft     8    3  0.176426;0.352947;0.058840    4722.269;4118.756;2859.866        6;3;17
without_coding_region  7500   NC_073236.2  SCFR_NC_073236_2_20161983_20173368_frame1_fft     15   3  0.176548;0.058849;0.353008    5010.246;3099.780;2894.629        6;17;3
without_coding_region  7500   NC_073236.2  SCFR_NC_073236_2_20167168_20176258_frame2_fft     15   3  0.176458;0.058856;0.353025    3613.646;2464.000;2400.972        6;17;3
without_coding_region  7500   NC_073236.2  SCFR_NC_073236_2_20181004_20192848_frame2_fft     22   3  0.176461;0.353006;0.058848    4920.372;3779.348;3226.373        6;3;17
without_coding_region  7500   NC_073236.2  SCFR_NC_073236_2_20166947_20187137_frame3_fft     27   3  0.176474;0.058841;0.352997    10003.431;5303.524;4453.350       6;17;3
without_coding_region  7500   NC_073236.2  SCFR_NC_073236_2_20187140_20200328_frame3_fft     11   3  0.176448;0.352972;0.058841    6637.495;4021.399;3522.540        6;3;17
without_coding_region  7500   NC_073236.2  SCFR_NC_073236_2_20192851_20201584_frame2_fft     8    3  0.176457;0.352914;0.470629    5663.319;3133.577;2309.720        6;3;2
without_coding_region  7500   NC_073236.2  SCFR_NC_073236_2_20216213_20225594_frame_3_fft    8    3  0.176420;0.352947;0.058842    4225.279;3664.228;2596.422        6;3;17
without_coding_region  7500   NC_073236.2  SCFR_NC_073236_2_20205809_20213741_frame3_fft     8    3  0.176500;0.470625;0.353001    4800.048;2286.232;2120.597        6;2;3
without_coding_region  7500   NC_073236.2  SCFR_NC_073236_2_20225597_20237528_frame_3_fft    9    3  0.176431;0.352946;0.058838    5351.367;4661.454;3294.160        6;3;17
without_coding_region  7500   NC_073236.2  SCFR_NC_073236_2_20227497_20237529_frame1_fft     8    3  0.176435;0.352970;0.470594    5395.844;3394.714;3243.102        6;3;2
without_coding_region  7500   NC_073236.2  SCFR_NC_073236_2_20154547_20222041_frame_1_fft    57   3  0.176490;0.470590;0.117655    26600.905;14375.564;13904.834     6;2;8
without_coding_region  7500   NC_073236.2  SCFR_NC_073236_2_20234569_20242714_frame2_fft     8    3  0.176427;0.352977;0.470595    4365.917;2771.681;2641.945        6;3;2
without_coding_region  7500   NC_073236.2  SCFR_NC_073236_2_20234590_20247031_frame_1_fft    8    3  0.176433;0.352946;0.058838    5558.405;4869.955;3420.240        6;3;17
without_coding_region  7500   NC_073236.2  SCFR_NC_073236_2_20211759_20242713_frame_2_fft    8    3  0.176455;0.352943;0.058829    13879.043;12103.381;8524.854      6;3;17
without_coding_region  7500   NC_073236.2  SCFR_NC_073236_2_20239367_20250278_frame_3_fft    8    3  0.176427;0.352947;0.058840    4879.121;4284.007;3002.299        6;3;17
without_coding_region  7500   NC_073236.2  SCFR_NC_073236_2_20261480_20270351_frame3_fft     8    3  0.176418;0.352948;0.058843    3962.512;3485.114;2454.123        6;3;17
without_coding_region  7500   NC_073236.2  SCFR_NC_073236_2_20250281_20273942_frame_3_fft    8    3  0.176451;0.352944;0.058831    10564.929;9258.922;6469.863       6;3;17
without_coding_region  7500   NC_073236.2  SCFR_NC_073236_2_20242716_20254800_frame_2_fft    8    3  0.176432;0.352946;0.058838    5408.408;4736.995;3316.788        6;3;17
without_coding_region  7500   NC_073236.2  SCFR_NC_073236_2_20253307_20277223_frame_1_fft    8    3  0.176451;0.352944;0.058831    10691.821;9365.234;6552.662       6;3;17
without_coding_region  7500   NC_073236.2  SCFR_NC_073236_2_20292373_20300530_frame_1_fft    8    3  0.176413;0.352948;0.058845    3662.629;3192.523;2233.205        6;3;17
without_coding_region  7500   NC_073236.2  SCFR_NC_073236_2_20280626_20289089_frame_3_fft    8    3  0.176415;0.352948;0.058844    3763.703;3314.122;2310.727        6;3;17
without_coding_region  7500   NC_073236.2  SCFR_NC_073236_2_20277226_20292370_frame_1_fft    8    3  0.176440;0.352945;0.058835    6774.748;5925.539;4138.733        6;3;17
without_coding_region  7500   NC_073236.2  SCFR_NC_073236_2_20299020_20312634_frame_2_fft    8    3  0.176436;0.352945;0.058836    6092.902;5338.726;3741.618        6;3;17
without_coding_region  7500   NC_073236.2  SCFR_NC_073236_2_20265972_20299017_frame_2_fft    11   3  0.176456;0.352943;0.058829    14764.622;12934.605;9020.586      6;3;17
without_coding_region  7500   NC_073236.2  SCFR_NC_073236_2_20312637_20331198_frame_2_fft    8    3  0.176445;0.352944;0.058833    8317.560;7250.999;5046.243        6;3;17
without_coding_region  7500   NC_073236.2  SCFR_NC_073236_2_20344916_20354702_frame3_fft     8    3  0.176477;0.352953;0.470570    6492.853;3722.910;2968.889        6;3;2
without_coding_region  7500   NC_073236.2  SCFR_NC_073236_2_20306126_20353712_frame_3_fft    8    3  0.176480;0.352940;0.058820    21283.426;18587.429;13024.918     6;3;17
without_coding_region  7500   NC_073236.2  SCFR_NC_073236_2_20333598_20356551_frame_2_fft    8    3  0.176491;0.352939;0.058816    10309.367;8888.708;6273.425       6;3;17
without_coding_region  7500   NC_073236.2  SCFR_NC_073236_2_20358340_20402653_frame2_fft     18   3  0.176472;0.352944;0.470584    18644.382;16382.855;10354.765     6;3;2
without_coding_region  7500   NC_073236.2  SCFR_NC_073236_2_20353715_20510927_frame_3_fft    162  3  0.176462;0.352944;0.470594    46910.732;42091.388;27807.938     6;3;2
without_coding_region  7500   NC_073236.2  SCFR_NC_073236_2_20362922_20444732_frame3_fft     47   3  0.176482;0.176458;0.352940    32315.614;28207.381;24041.303     6;6;3
without_coding_region  7500   NC_073236.2  SCFR_NC_073236_2_20358339_20510919_frame_2_fft    158  3  0.176465;0.176478;0.352943    52000.196;47259.416;40859.709     6;6;3
without_coding_region  7500   NC_073236.2  SCFR_NC_073236_2_20412702_20428050_frame1_fft     8    3  0.176440;0.352945;0.058835    6899.689;5963.115;4297.854        6;3;17
without_coding_region  7500   NC_073236.2  SCFR_NC_073236_2_20402656_20443735_frame2_fft     8    3  0.176465;0.470581;0.352930    24995.920;11715.112;10816.828     6;2;3
without_coding_region  7500   NC_073236.2  SCFR_NC_073236_2_20364078_20412699_frame1_fft     36   3  0.176488;0.470599;0.352954    19625.169;13934.405;13853.841     6;2;3
without_coding_region  7500   NC_073236.2  SCFR_NC_073236_2_20300533_20513077_frame_1_fft    185  3  0.176467;0.176476;0.352943    84006.005;74538.831;61332.312     6;6;3
without_coding_region  7500   NC_073236.2  SCFR_NC_073236_2_20444735_20459378_frame3_fft     8    3  0.176467;0.352933;0.470600    9759.382;5504.450;4371.910        6;3;2
without_coding_region  7500   NC_073236.2  SCFR_NC_073236_2_20428053_20465889_frame1_fft     8    3  0.176472;0.352944;0.470584    25195.727;14325.890;11601.856     6;3;2
without_coding_region  7500   NC_073236.2  SCFR_NC_073236_2_20459381_20474693_frame3_fft     18   3  0.176528;0.058843;0.352926    6146.430;4216.925;3698.421        6;17;3
without_coding_region  7500   NC_073236.2  SCFR_NC_073236_2_20474696_20497661_frame3_fft     62   3  0.176573;0.058872;0.353103    9765.441;5435.133;4803.124        6;17;3
without_coding_region  7500   NC_073236.2  SCFR_NC_073236_2_20465892_20493519_frame1_fft     49   3  0.176530;0.058855;0.353133    12362.649;7086.638;5642.935       6;17;3
without_coding_region  7500   NC_073236.2  SCFR_NC_073236_2_20493537_20504793_frame1_fft     32   3  0.176706;0.058902;0.352878    4301.778;3171.584;2186.983        6;17;3
without_coding_region  7500   NC_073236.2  SCFR_NC_073236_2_20498309_20509073_frame3_fft     37   3  0.176700;0.058900;0.176421    5022.570;3055.145;2136.895        6;17;6
without_coding_region  7500   NC_073236.2  SCFR_NC_073236_2_20443738_20501890_frame2_fft     91   3  0.176486;0.176555;0.058829    18920.266;12827.768;10797.438     6;6;17
without_coding_region  7500   NC_073236.2  SCFR_NC_073236_2_20528138_20535797_frame3_fft     8    3  0.176524;0.352918;0.470558    3848.435;2822.487;2246.145        6;3;2
without_coding_region  7500   NC_073236.2  SCFR_NC_073236_2_20529297_20539155_frame1_fft     8    3  0.176506;0.352911;0.470582    5233.683;3378.253;3030.178        6;3;2
without_coding_region  7500   NC_073236.2  SCFR_NC_073236_2_20528097_20589384_frame_2_fft    30   3  0.176481;0.352946;0.470589    25872.872;15914.951;15434.306     6;3;2
without_coding_region  7500   NC_073236.2  SCFR_NC_073236_2_20529421_20541352_frame2_fft     16   3  0.176431;0.352946;0.058838    5456.164;3046.488;2757.451        6;3;17
without_coding_region  7500   NC_073236.2  SCFR_NC_073236_2_20540867_20585753_frame3_fft     8    3  0.176469;0.352939;0.470592    29981.899;17046.146;13472.053     6;3;2
without_coding_region  7500   NC_073236.2  SCFR_NC_073236_2_20540991_20584869_frame1_fft     8    3  0.176467;0.352933;0.058822    28039.543;13752.228;12392.915     6;3;17
without_coding_region  7500   NC_073236.2  SCFR_NC_073236_2_20588615_20596820_frame3_fft     8    3  0.176478;0.352956;0.470567    5432.729;3127.024;2450.967        6;3;2
without_coding_region  7500   NC_073236.2  SCFR_NC_073236_2_20528105_20658155_frame_3_fft    139  3  0.176471;0.176494;0.352941    52657.622;26710.250;25793.159     6;6;3
without_coding_region  7500   NC_073236.2  SCFR_NC_073236_2_20527465_20641495_frame_1_fft    104  3  0.176471;0.058827;0.352942    40922.110;25288.437;21695.474     6;17;3
without_coding_region  7500   NC_073236.2  SCFR_NC_073236_2_20548693_20589385_frame2_fft     8    3  0.176472;0.352944;0.470584    27207.358;15492.042;12186.982     6;3;2
without_coding_region  7500   NC_073236.2  SCFR_NC_073236_2_20591451_20602650_frame1_fft     9    3  0.176444;0.352978;0.470578    5813.267;3390.905;2952.171        6;3;2
without_coding_region  7500   NC_073236.2  SCFR_NC_073236_2_20600546_20612372_frame3_fft     19   3  0.176560;0.058853;0.353036    4692.185;3187.571;2643.987        6;17;3
without_coding_region  7500   NC_073236.2  SCFR_NC_073236_2_20617118_20628962_frame3_fft     22   3  0.176461;0.353006;0.058848    4918.526;3778.760;3228.182        6;3;17
without_coding_region  7500   NC_073236.2  SCFR_NC_073236_2_20602653_20623251_frame1_fft     28   3  0.176473;0.058841;0.352995    10509.612;5387.421;4321.553       6;17;3
without_coding_region  7500   NC_073236.2  SCFR_NC_073236_2_20623254_20636442_frame1_fft     11   3  0.176448;0.352972;0.058841    6637.279;4020.907;3524.530        6;3;17
without_coding_region  7500   NC_073236.2  SCFR_NC_073236_2_20641923_20649855_frame1_fft     8    3  0.176500;0.470625;0.353001    4800.048;2286.232;2120.597        6;2;3
without_coding_region  7500   NC_073236.2  SCFR_NC_073236_2_20628965_20637698_frame3_fft     8    3  0.176457;0.352914;0.470629    5663.319;3133.577;2309.720        6;3;2
without_coding_region  7500   NC_073236.2  SCFR_NC_073236_2_20589387_20652324_frame_2_fft    58   3  0.176494;0.176446;0.352956    23554.017;16315.028;13679.378     6;6;3
without_coding_region  7500   NC_073236.2  SCFR_NC_073236_2_20652327_20661708_frame_2_fft    8    3  0.176420;0.352947;0.058842    4225.279;3664.228;2596.422        6;3;17
without_coding_region  7500   NC_073236.2  SCFR_NC_073236_2_20647873_20678827_frame_1_fft    8    3  0.176455;0.352943;0.058829    13879.043;12103.381;8524.854      6;3;17
without_coding_region  7500   NC_073236.2  SCFR_NC_073236_2_20661711_20673642_frame_2_fft    9    3  0.176431;0.352946;0.058838    5351.367;4661.454;3294.160        6;3;17
without_coding_region  7500   NC_073236.2  SCFR_NC_073236_2_20670683_20678828_frame3_fft     8    3  0.176427;0.352977;0.470595    4365.917;2771.681;2641.945        6;3;2
without_coding_region  7500   NC_073236.2  SCFR_NC_073236_2_20663611_20673643_frame2_fft     8    3  0.176435;0.352970;0.470594    5395.844;3394.714;3243.102        6;3;2
without_coding_region  7500   NC_073236.2  SCFR_NC_073236_2_20670704_20683145_frame_3_fft    8    3  0.176433;0.352946;0.058838    5558.405;4869.955;3420.240        6;3;17
without_coding_region  7500   NC_073236.2  SCFR_NC_073236_2_20675481_20686392_frame_2_fft    8    3  0.176427;0.352947;0.058840    4878.747;4283.619;3000.333        6;3;17
without_coding_region  7500   NC_073236.2  SCFR_NC_073236_2_20678830_20690914_frame_1_fft    8    3  0.176432;0.352946;0.058838    5408.373;4736.481;3314.864        6;3;17
without_coding_region  7500   NC_073236.2  SCFR_NC_073236_2_20697594_20706465_frame1_fft     8    3  0.176418;0.352948;0.058843    3962.512;3485.114;2454.123        6;3;17
without_coding_region  7500   NC_073236.2  SCFR_NC_073236_2_20686395_20710056_frame_2_fft    8    3  0.176451;0.352944;0.058831    10564.929;9258.922;6469.863       6;3;17
without_coding_region  7500   NC_073236.2  SCFR_NC_073236_2_20689421_20713337_frame_3_fft    8    3  0.176451;0.352944;0.058831    10691.821;9365.234;6552.662       6;3;17
without_coding_region  7500   NC_073236.2  SCFR_NC_073236_2_20713340_20728484_frame_3_fft    8    3  0.176440;0.352945;0.058835    6774.748;5925.539;4138.733        6;3;17
without_coding_region  7500   NC_073236.2  SCFR_NC_073236_2_20716740_20725203_frame_2_fft    8    3  0.176415;0.352948;0.058844    3763.703;3314.122;2310.727        6;3;17
without_coding_region  7500   NC_073236.2  SCFR_NC_073236_2_20702086_20735131_frame_1_fft    11   3  0.176456;0.352943;0.058829    14764.622;12934.605;9020.586      6;3;17
without_coding_region  7500   NC_073236.2  SCFR_NC_073236_2_20728487_20736644_frame_3_fft    8    3  0.176413;0.352948;0.058845    3662.629;3192.523;2233.205        6;3;17
without_coding_region  7500   NC_073236.2  SCFR_NC_073236_2_20735134_20748748_frame_1_fft    8    3  0.176436;0.352945;0.058836    6092.902;5338.726;3741.618        6;3;17
without_coding_region  7500   NC_073236.2  SCFR_NC_073236_2_20748751_20767312_frame_1_fft    8    3  0.176445;0.352944;0.058833    8317.560;7250.999;5046.243        6;3;17
without_coding_region  7500   NC_073236.2  SCFR_NC_073236_2_20769712_20792665_frame_1_fft    8    3  0.176491;0.352939;0.058816    10309.367;8888.708;6273.425       6;3;17
without_coding_region  7500   NC_073236.2  SCFR_NC_073236_2_20781030_20790816_frame1_fft     8    3  0.176477;0.352953;0.470570    6492.853;3722.910;2968.889        6;3;2
without_coding_region  7500   NC_073236.2  SCFR_NC_073236_2_20742240_20789826_frame_2_fft    8    3  0.176480;0.352940;0.058820    21283.426;18587.429;13024.918     6;3;17
without_coding_region  7500   NC_073236.2  SCFR_NC_073236_2_20794454_20878304_frame3_fft     21   3  0.176470;0.352940;0.470590    50142.751;22802.926;19294.966     6;3;2
without_coding_region  7500   NC_073236.2  SCFR_NC_073236_2_20789829_20939484_frame_2_fft    139  3  0.176473;0.352945;0.058822    69029.564;31906.921;27750.680     6;3;17
without_coding_region  7500   NC_073236.2  SCFR_NC_073236_2_20794453_20939476_frame_1_fft    130  3  0.176475;0.352944;0.058825    56893.155;32389.673;31162.331     6;3;17
without_coding_region  7500   NC_073236.2  SCFR_NC_073236_2_20736647_20941634_frame_3_fft    184  3  0.176475;0.352944;0.058823    87182.410;52637.339;44912.103     6;3;17
without_coding_region  7500   NC_073236.2  SCFR_NC_073236_2_20800192_20836225_frame2_fft     16   3  0.176477;0.352954;0.058835    22774.962;11161.784;8548.614      6;3;17
without_coding_region  7500   NC_073236.2  SCFR_NC_073236_2_20799036_20846271_frame1_fft     18   3  0.176479;0.352937;0.117646    26979.770;11332.033;10366.596     6;3;9
without_coding_region  7500   NC_073236.2  SCFR_NC_073236_2_20846274_20861622_frame1_fft     8    3  0.176440;0.352945;0.058835    6899.689;5963.115;4297.854        6;3;17
without_coding_region  7500   NC_073236.2  SCFR_NC_073236_2_20878307_20886779_frame3_fft     8    3  0.176464;0.352927;0.470609    5631.159;3184.791;2528.293        6;3;2
without_coding_region  7500   NC_073236.2  SCFR_NC_073236_2_20836228_20877307_frame2_fft     8    3  0.176465;0.470581;0.352930    24994.047;11715.918;10816.811     6;2;3
without_coding_region  7500   NC_073236.2  SCFR_NC_073236_2_20887700_20903012_frame3_fft     18   3  0.176528;0.058843;0.352926    6146.430;4216.925;3698.421        6;17;3
without_coding_region  7500   NC_073236.2  SCFR_NC_073236_2_20877310_20908543_frame2_fft     33   3  0.176480;0.352928;0.470592    15798.019;7983.758;6999.392       6;3;2
without_coding_region  7500   NC_073236.2  SCFR_NC_073236_2_20861625_20894208_frame1_fft     8    3  0.176472;0.352945;0.470583    21693.463;12364.002;10027.742     6;3;2
without_coding_region  7500   NC_073236.2  SCFR_NC_073236_2_20908546_20922076_frame2_fft     25   3  0.176571;0.058832;0.353141    8085.564;3404.591;3337.651        6;17;3
without_coding_region  7500   NC_073236.2  SCFR_NC_073236_2_20922094_20933350_frame2_fft     32   3  0.176706;0.058902;0.352878    4298.979;3172.824;2186.697        6;17;3
without_coding_region  7500   NC_073236.2  SCFR_NC_073236_2_20894211_20926218_frame1_fft     73   3  0.176524;0.058862;0.117693    10570.217;6767.953;5089.397       6;17;8
without_coding_region  7500   NC_073236.2  SCFR_NC_073236_2_20903015_20930447_frame3_fft     63   3  0.176546;0.058873;0.176655    10280.445;6530.100;5338.123       6;17;6
without_coding_region  7500   NC_073236.2  SCFR_NC_073236_2_20926866_20937630_frame1_fft     37   3  0.176700;0.058900;0.176421    5022.320;3054.493;2137.772        6;17;6
without_coding_region  7500   NC_073228.2  SCFR_NC_073228_2_158859259_158868676_frame2_fft   15   3  0.468727;0.437507;0.124987    3383.661;3284.057;3101.040        2;2;8
without_coding_region  7500   NC_073228.2  SCFR_NC_073228_2_3980_11498_frame3_fft            3    3  0.166667;0.333333;0.166401    5451.511;2304.566;536.856         6;3;6
without_coding_region  7500   NC_073228.2  SCFR_NC_073228_2_158858669_158868704_frame3_fft   16   3  0.468759;0.437469;0.124963    3514.408;2771.797;2770.226        2;2;8
without_coding_region  7500   NC_073228.2  SCFR_NC_073228_2_158859195_158868738_frame1_fft   15   3  0.468721;0.437493;0.125013    3299.193;3269.256;3121.882        2;2;8
without_coding_region  7500   NC_073241.2  SCFR_NC_073241_2_2557_11068_frame_1_fft           2    2  0.166608;0.333333             4289.166;2834.000                 6;3
without_coding_region  7500   NC_073241.2  SCFR_NC_073241_2_2558_11069_frame3_fft            2    2  0.166608;0.333333             4290.145;2836.000                 6;3
without_coding_region  7500   NC_073241.2  SCFR_NC_073241_2_1527_11160_frame1_fft            3    3  0.166719;0.333333;0.166096    5455.433;2682.936;610.917         6;3;6
without_coding_region  7500   NC_073241.2  SCFR_NC_073241_2_1526_11213_frame_3_fft           3    3  0.166718;0.333333;0.166202    5477.588;2683.525;641.077         6;3;6
without_coding_region  7500   NC_073239.2  SCFR_NC_073239_2_61701880_61709764_frame2_fft     6    3  0.200025;0.400051;0.032851    5555.184;2204.186;523.570         5;2;30
without_coding_region  7500   NC_073239.2  SCFR_NC_073239_2_121851316_121863820_frame2_fft   49   3  0.307262;0.461612;0.461932    1951.848;1797.043;1792.557        3;2;2
without_coding_region  7500   NC_073239.2  SCFR_NC_073239_2_121851312_121863879_frame1_fft   51   3  0.307233;0.461367;0.461606    1919.290;1883.683;1838.120        3;2;2
without_coding_region  7500   NC_073239.2  SCFR_NC_073239_2_121851275_121863776_frame3_fft   47   3  0.461323;0.307255;0.307575    2362.664;2017.887;1772.955        2;3;3
without_coding_region  7500   NC_073239.2  SCFR_NC_073239_2_61711788_61719360_frame1_fft     4    3  0.199947;0.400026;0.032884    4276.905;2612.737;508.823         5;3;30
without_coding_region  7500   NC_073229.2  SCFR_NC_073229_2_199443150_199451427_frame_3_fft  2    2  0.166606;0.333333             4199.214;2556.714                 6;3
without_coding_region  7500   NC_073229.2  SCFR_NC_073229_2_199443151_199451428_frame2_fft   2    2  0.166606;0.333333             4198.696;2558.174                 6;3
without_coding_region  7500   NC_073229.2  SCFR_NC_073229_2_191756350_191770492_frame_2_fft  24   3  0.306887;0.346556;0.307453    3199.489;3011.803;1745.624        3;3;3
without_coding_region  7500   NC_073229.2  SCFR_NC_073229_2_191756409_191770125_frame_3_fft  23   3  0.346530;0.306868;0.307451    3582.372;3020.828;1657.727        3;3;3
without_coding_region  7500   NC_073229.2  SCFR_NC_073229_2_191756441_191770418_frame_1_fft  26   3  0.306861;0.346498;0.306504    2774.971;2591.985;1719.022        3;3;3
without_coding_region  7500   NC_073229.2  SCFR_NC_073229_2_199443391_199451260_frame_2_fft  2    2  0.166603;0.333333             3951.660;2622.000                 6;3
without_coding_region  7500   NC_073229.2  SCFR_NC_073229_2_199443392_199451261_frame3_fft   2    2  0.166730;0.333333             3952.038;2622.000                 6;3
without_coding_region  7500   NC_073229.2  SCFR_NC_073229_2_615_8445_frame_3_fft             17   3  -0.166667;0.166667;-0.500000  3579.585;3579.585;2608.000        10;50;17
without_coding_region  7500   NC_073229.2  SCFR_NC_073229_2_616_8446_frame2_fft              17   3  -0.166667;0.166667;-0.500000  3577.715;3577.715;2608.000        10;50;17
without_coding_region  7500   NC_073243.2  SCFR_NC_073243_2_2698_10507_frame_1_fft           2    2  0.166603;0.333333             3962.019;2523.668                 6;3
without_coding_region  7500   NC_073243.2  SCFR_NC_073243_2_2699_10406_frame3_fft            2    2  0.166602;0.333333             3961.853;2528.514                 6;3
without_coding_region  7500   NC_073243.2  SCFR_NC_073243_2_738_8973_frame_2_fft             13   3  -0.166606;0.166606;-0.333333  5099.077;5099.077;1911.021        9;47;12
without_coding_region  7500   NC_073243.2  SCFR_NC_073243_2_739_10516_frame2_fft             17   3  0.166616;-0.166616;0.333333   5906.420;5906.420;2318.840        39;8;19
without_coding_region  7500   NC_073233.2  SCFR_NC_073233_2_1465_9133_frame2_fft             2    2  0.166667;0.333333             5880.628;2363.786                 6;3
without_coding_region  7500   NC_073233.2  SCFR_NC_073233_2_143512737_143520636_frame_3_fft  45   3  0.166603;0.333333;0.151918    1461.097;1318.976;814.611         6;3;7
without_coding_region  7500   NC_073233.2  SCFR_NC_073233_2_143597515_143608078_frame_2_fft  67   3  0.333333;0.166525;0.166809    1770.732;1423.362;1381.130        3;6;6
without_coding_region  7500   NC_073233.2  SCFR_NC_073233_2_1470_9132_frame_3_fft            2    2  0.166667;0.333333             5877.865;2364.150                 6;3
without_coding_region  7500   NC_073233.2  SCFR_NC_073233_2_17639316_17663802_frame_3_fft    46   3  0.437352;0.443845;0.062648    1295.069;1090.461;1045.432        2;2;16
without_coding_region  7500   NC_073233.2  SCFR_NC_073233_2_17639276_17663846_frame3_fft     45   3  0.437322;0.443834;0.062678    1398.551;1109.744;1082.026        2;2;16
without_coding_region  7500   NC_073233.2  SCFR_NC_073233_2_17639302_17663854_frame2_fft     47   3  0.437317;0.443833;0.443019    1255.982;1105.195;1088.093        2;2;2
without_coding_region  7500   NC_073233.2  SCFR_NC_073233_2_583_8767_frame_2_fft             5    3  -0.166667;0.166667;-0.333333  6104.997;6104.997;2290.068        9;47;12
without_coding_region  7500   NC_073233.2  SCFR_NC_073233_2_584_8768_frame3_fft              5    3  -0.166667;0.166667;-0.333333  6106.809;6106.809;2288.860        9;47;12
without_coding_region  7500   NC_073233.2  SCFR_NC_073233_2_17639321_17663885_frame_1_fft    47   3  0.437347;0.443006;0.062653    1391.975;1263.818;1111.513        2;2;16
without_coding_region  7500   NC_073233.2  SCFR_NC_073233_2_17639341_17663782_frame_2_fft    29   3  0.499775;0.437339;0.443844    2355.137;1513.215;1097.131        2;2;2
without_coding_region  7500   NC_073233.2  SCFR_NC_073233_2_17639364_17663817_frame1_fft     33   3  0.499775;0.437329;0.443013    2366.030;1506.531;1203.736        2;2;2
without_coding_region  7500   NC_073242.2  SCFR_NC_073242_2_970_9262_frame_2_fft             5    3  -0.166667;0.166667;-0.333333  6253.952;6253.952;2390.380        9;46;12
without_coding_region  7500   NC_073242.2  SCFR_NC_073242_2_1743_9396_frame_3_fft            2    2  0.166732;0.333333             3908.415;2506.136                 6;3
without_coding_region  7500   NC_073242.2  SCFR_NC_073242_2_971_9263_frame3_fft              5    3  -0.166667;0.166667;-0.333333  6255.770;6255.770;2388.962        9;46;12
without_coding_region  7500   NC_073242.2  SCFR_NC_073242_2_1738_9391_frame2_fft             2    2  0.166732;0.333333             3914.862;2507.102                 6;3
without_coding_region  7500   NC_073230.2  SCFR_NC_073230_2_170793268_170800978_frame2_fft   2    2  0.166667;0.333333             5863.410;2354.378                 6;3
without_coding_region  7500   NC_073230.2  SCFR_NC_073230_2_170793315_170800977_frame_3_fft  2    2  0.166667;0.333333             5864.724;2357.614                 6;3
without_coding_region  7500   NC_073230.2  SCFR_NC_073230_2_164188677_164197260_frame1_fft   37   3  0.030875;0.499825;0.469300    1782.722;1773.233;1690.436        32;2;2
without_coding_region  7500   NC_073230.2  SCFR_NC_073230_2_8363013_8370960_frame_3_fft      20   3  0.154398;0.156663;0.154020    708.588;624.521;624.010           6;6;6
without_coding_region  7500   NC_073230.2  SCFR_NC_073230_2_164199720_164211564_frame1_fft   67   3  0.469352;0.030817;0.499831    2942.996;2909.202;2147.771        2;32;2
without_coding_region  7500   NC_073224.2  SCFR_NC_073224_2_240353964_240361575_frame1_fft   35   3  0.365129;0.333333;0.031796    2128.503;1984.711;1568.775        3;3;31
without_coding_region  7500   NC_073246.2  SCFR_NC_073246_2_59499021_59507247_frame_2_fft    2    2  0.166667;0.333333             5853.420;1836.816                 6;3
without_coding_region  7500   NC_073246.2  SCFR_NC_073246_2_59499022_59507248_frame2_fft     2    2  0.166667;0.333333             5854.339;1836.866                 6;3
without_coding_region  7500   NC_073238.2  SCFR_NC_073238_2_20629240_20637448_frame2_fft     8    3  0.176413;0.352948;0.058845    3663.556;3173.779;2282.202        6;3;17
without_coding_region  7500   NC_073238.2  SCFR_NC_073238_2_20637451_20646475_frame2_fft     8    3  0.176418;0.352948;0.058843    4015.420;3502.015;2443.916        6;3;17
without_coding_region  7500   NC_073238.2  SCFR_NC_073238_2_20446531_20657170_frame_3_fft    91   3  0.176473;0.352945;0.058826    131140.242;61230.898;47160.350    6;3;17
without_coding_region  7500   NC_073238.2  SCFR_NC_073238_2_20659330_20667538_frame2_fft     8    3  0.176413;0.352948;0.058845    3704.047;3173.352;2251.847        6;3;17
without_coding_region  7500   NC_073238.2  SCFR_NC_073238_2_20662458_20683620_frame1_fft     8    3  0.176448;0.352944;0.058832    9417.625;8245.085;5890.650        6;3;17
without_coding_region  7500   NC_073238.2  SCFR_NC_073238_2_20665433_20673386_frame3_fft     8    3  0.176411;0.352949;0.058846    3534.758;3103.252;2224.729        6;3;17
without_coding_region  7500   NC_073238.2  SCFR_NC_073238_2_20684524_20708695_frame2_fft     8    3  0.176451;0.352944;0.058831    10749.254;9448.979;6669.591       6;3;17
without_coding_region  7500   NC_073238.2  SCFR_NC_073238_2_20700657_20709324_frame1_fft     8    3  0.176416;0.352948;0.058844    3868.586;3397.766;2388.548        6;3;17
without_coding_region  7500   NC_073238.2  SCFR_NC_073238_2_20731886_20739941_frame3_fft     8    3  0.176412;0.352948;0.058845    3597.787;3162.410;2254.695        6;3;17
without_coding_region  7500   NC_073238.2  SCFR_NC_073238_2_20737836_20745942_frame1_fft     8    3  0.176413;0.352948;0.058845    3607.227;3174.098;2238.665        6;3;17
without_coding_region  7500   NC_073238.2  SCFR_NC_073238_2_20778840_20795208_frame1_fft     8    3  0.176442;0.352945;0.058834    7305.243;6366.612;4530.531        6;3;17
without_coding_region  7500   NC_073238.2  SCFR_NC_073238_2_20780506_20788714_frame2_fft     8    3  0.176413;0.352948;0.058845    3650.420;3193.506;2273.340        6;3;17
without_coding_region  7500   NC_073238.2  SCFR_NC_073238_2_20788445_20796857_frame3_fft     8    3  0.176415;0.352948;0.058845    3769.206;3280.100;2327.344        6;3;17
without_coding_region  7500   NC_073238.2  SCFR_NC_073238_2_20814931_20823037_frame2_fft     8    3  0.176413;0.352948;0.058845    3642.893;3168.545;2229.672        6;3;17
without_coding_region  7500   NC_073238.2  SCFR_NC_073238_2_20657173_21007348_frame_3_fft    16   3  0.176472;0.352941;0.470588    173048.803;128988.344;102562.496  6;3;2
without_coding_region  7500   NC_073238.2  SCFR_NC_073238_2_20817965_20829854_frame3_fft     8    3  0.176466;0.352931;0.470603    7844.225;4565.134;3654.277        6;3;2
without_coding_region  7500   NC_073238.2  SCFR_NC_073238_2_20825029_20835532_frame2_fft     8    3  0.176426;0.352947;0.058840    4670.409;4102.713;2894.019        6;3;17
without_coding_region  7500   NC_073238.2  SCFR_NC_073238_2_20830520_20841380_frame3_fft     8    3  0.176427;0.352947;0.058840    4838.191;4206.721;2955.924        6;3;17
without_coding_region  7500   NC_073238.2  SCFR_NC_073238_2_20867040_20876250_frame1_fft     8    3  0.176439;0.470575;0.352986    5263.144;2865.083;2672.907        6;2;3
without_coding_region  7500   NC_073238.2  SCFR_NC_073238_2_20825292_20836620_frame1_fft     8    3  0.176465;0.352931;0.470604    7439.560;4318.274;3439.146        6;3;2
without_coding_region  7500   NC_073238.2  SCFR_NC_073238_2_20905150_20913511_frame2_fft     8    3  0.176414;0.352948;0.058845    3718.914;3228.962;2290.708        6;3;17
without_coding_region  7500   NC_073238.2  SCFR_NC_073238_2_20961488_20969492_frame3_fft     8    3  0.176412;0.352949;0.058846    3555.388;3094.872;2154.743        6;3;17
without_coding_region  7500   NC_073238.2  SCFR_NC_073238_2_20914627_20924476_frame2_fft     8    3  0.176465;0.352929;0.470606    6505.636;3726.315;2969.297        6;3;2
without_coding_region  7500   NC_073238.2  SCFR_NC_073238_2_20980307_20987852_frame3_fft     8    3  0.176408;0.352949;0.058847    3386.131;2877.696;1981.783        6;3;17
without_coding_region  7500   NC_073238.2  SCFR_NC_073238_2_21053152_21066613_frame2_fft     8    3  0.176436;0.352946;0.058837    6073.756;5260.653;3672.260        6;3;17
without_coding_region  7500   NC_073238.2  SCFR_NC_073238_2_21243604_21252781_frame2_fft     8    3  0.176419;0.352948;0.058843    4114.144;3509.171;2425.669        6;3;17
without_coding_region  7500   NC_073238.2  SCFR_NC_073238_2_21254475_21273954_frame_1_fft    8    3  0.176446;0.352944;0.058833    8764.730;7488.625;5179.237        6;3;17
without_coding_region  7500   NC_073238.2  SCFR_NC_073238_2_21257782_21268591_frame2_fft     8    3  0.176427;0.352947;0.058840    4858.718;4198.258;2909.125        6;3;17
without_coding_region  7500   NC_073238.2  SCFR_NC_073238_2_21269299_21285259_frame_3_fft    8    3  0.176441;0.352945;0.058835    7196.041;6165.830;4243.283        6;3;17
without_coding_region  7500   NC_073238.2  SCFR_NC_073238_2_21272648_21292127_frame_2_fft    8    3  0.176446;0.352944;0.058833    8772.176;7514.016;5145.142        6;3;17
without_coding_region  7500   NC_073238.2  SCFR_NC_073238_2_21273957_21286296_frame_1_fft    8    3  0.176432;0.352946;0.058838    5558.152;4791.199;3289.391        6;3;17
without_coding_region  7500   NC_073238.2  SCFR_NC_073238_2_21286299_21304401_frame_1_fft    8    3  0.176445;0.352944;0.058833    8187.166;6973.601;4878.828        6;3;17
without_coding_region  7500   NC_073238.2  SCFR_NC_073238_2_21290821_21300457_frame_3_fft    8    3  0.176422;0.352947;0.058842    4364.176;3719.535;2609.983        6;3;17
without_coding_region  7500   NC_073238.2  SCFR_NC_073238_2_21292130_21306845_frame_2_fft    8    3  0.176487;0.470608;0.352973    8970.433;4053.831;3859.392        6;2;3
without_coding_region  7500   NC_073238.2  SCFR_NC_073238_2_21309413_21319631_frame_2_fft    9    3  0.176453;0.352907;0.058818    5704.641;3074.252;2665.765        6;3;17
without_coding_region  7500   NC_073238.2  SCFR_NC_073238_2_21310048_21319639_frame_3_fft    8    3  0.176520;0.352935;0.058805    4290.216;3548.406;2506.909        6;3;17
without_coding_region  7500   NC_073238.2  SCFR_NC_073238_2_21007351_21249865_frame_3_fft    90   3  0.176468;0.352940;0.470591    129452.745;62324.207;52843.998    6;3;2
without_coding_region  7500   NC_073238.2  SCFR_NC_073238_2_21322719_21448506_frame_1_fft    14   3  0.176473;0.470589;0.352938    70166.571;37836.032;34925.822     6;2;3
without_coding_region  7500   NC_073238.2  SCFR_NC_073238_2_21325206_21409380_frame1_fft     8    3  0.176468;0.470585;0.352936    51225.139;22726.361;21762.176     6;2;3
without_coding_region  7500   NC_073238.2  SCFR_NC_073238_2_21325277_21432329_frame_2_fft    8    3  0.176475;0.352941;0.058822    48314.240;40792.505;28142.387     6;3;17
without_coding_region  7500   NC_073238.2  SCFR_NC_073238_2_21325282_21399403_frame2_fft     8    3  0.176468;0.352936;0.058823    47019.519;22980.937;20453.486     6;3;17
without_coding_region  7500   NC_073238.2  SCFR_NC_073238_2_20446346_21252449_frame_2_fft    134  3  0.176470;0.058824;0.352941    325334.875;214765.058;177943.160  6;17;3
without_coding_region  7500   NC_073238.2  SCFR_NC_073238_2_20446425_21254472_frame_1_fft    134  3  0.176471;0.058823;0.352941    346792.487;213288.503;178354.430  6;17;3
without_coding_region  7500   NC_073238.2  SCFR_NC_073238_2_21333230_21374105_frame3_fft     8    3  0.176465;0.470581;0.352930    24922.238;10972.011;10617.211     6;2;3
without_coding_region  7500   NC_073238.2  SCFR_NC_073238_2_21374108_21400331_frame3_fft     8    3  0.176486;0.352934;0.470579    13073.935;9563.500;7495.992       6;3;2
without_coding_region  7500   NC_073238.2  SCFR_NC_073238_2_21400487_21421394_frame3_fft     8    3  0.176448;0.352944;0.058832    9440.020;7993.465;5488.618        6;3;17
without_coding_region  7500   NC_073238.2  SCFR_NC_073238_2_21409383_21420792_frame1_fft     8    3  0.176440;0.352967;0.470593    6166.365;3760.562;3545.783        6;3;2
without_coding_region  7500   NC_073238.2  SCFR_NC_073238_2_21448501_21461527_frame_3_fft    22   3  0.176416;0.176570;0.352986    6665.479;3880.037;3783.014        6;6;3
without_coding_region  7500   NC_073238.2  SCFR_NC_073238_2_21432332_21454379_frame_2_fft    17   3  0.176441;0.470586;0.352928    10352.229;5060.988;4982.910       6;2;3
without_coding_region  7500   NC_073238.2  SCFR_NC_073238_2_21406471_21421924_frame2_fft     8    3  0.176471;0.352941;0.470588    10329.447;5923.481;4812.316       6;3;2
without_coding_region  7500   NC_073238.2  SCFR_NC_073238_2_21454374_21468369_frame_1_fft    25   3  0.176420;0.176563;0.352983    7218.035;4211.272;4050.208        6;6;3
without_coding_region  7500   NC_073238.2  SCFR_NC_073238_2_21461522_21474863_frame_2_fft    20   3  0.176449;0.352972;0.411738    5528.205;4451.361;2618.948        6;3;2
without_coding_region  7500   NC_073238.2  SCFR_NC_073238_2_21474866_21502550_frame_2_fft    8    3  0.176456;0.352948;0.470597    13701.524;9684.913;7604.930       6;3;2
without_coding_region  7500   NC_073238.2  SCFR_NC_073238_2_21474874_21501562_frame_3_fft    8    3  0.176484;0.352930;0.470586    14338.325;8587.512;8030.870       6;3;2
without_coding_region  7500   NC_073238.2  SCFR_NC_073238_2_21468372_21496734_frame_1_fft    15   3  0.176469;0.352937;0.470594    11786.810;8534.869;7675.249       6;3;2
without_coding_region  7500   NC_073238.2  SCFR_NC_073238_2_21325285_21448498_frame_3_fft    8    3  0.176467;0.352942;0.058825    55338.129;46735.271;32278.836     6;3;17
without_coding_region  7500   NC_086017.1  SCFR_NC_086017_1_137342151_137350194_frame_2_fft  43   3  0.489618;0.488997;0.489991    2033.531;1511.684;865.377         2;2;2
without_coding_region  7500   NC_086017.1  SCFR_NC_086017_1_0_9945_frame_2_fft               5    3  -0.166616;0.166616;-0.333333  5041.250;5041.250;3270.078        9;46;11
without_coding_region  7500   NC_086017.1  SCFR_NC_086017_1_137349379_137360929_frame_1_fft  67   3  0.489351;0.061385;0.020693    3375.602;1152.142;1003.001        2;16;48
without_coding_region  7500   NC_086017.1  SCFR_NC_086017_1_137324298_137336481_frame_2_fft  73   3  0.489288;0.489453;0.021259    3288.940;3072.417;1404.642        2;2;47
without_coding_region  7500   NC_086017.1  SCFR_NC_086017_1_137318519_137331521_frame_3_fft  70   3  0.489232;0.489540;0.489002    2809.821;2125.570;1473.303        2;2;2
without_coding_region  7500   NC_086017.1  SCFR_NC_086017_1_137345834_137356823_frame_3_fft  52   3  0.489307;0.489489;0.488943    2034.036;1721.737;1674.701        2;2;2
without_coding_region  7500   NC_086017.1  SCFR_NC_086017_1_137369438_137382548_frame_3_fft  84   3  0.489474;0.489245;0.489626    3053.266;2479.651;1882.482        2;2;2
without_coding_region  7500   NC_086017.1  SCFR_NC_086017_1_137386611_137394606_frame_2_fft  47   3  0.489431;0.489181;0.489681    2090.161;1509.518;945.938         2;2;2
without_coding_region  7500   NC_086017.1  SCFR_NC_086017_1_137350197_137369193_frame_2_fft  116  3  0.489208;0.489471;0.489314    2841.803;2813.774;2680.972        2;2;2
without_coding_region  7500   NC_086017.1  SCFR_NC_086017_1_137382551_137390600_frame_3_fft  46   3  0.489253;0.488881;0.061498    2085.057;925.702;920.053          2;2;16
without_coding_region  7500   NC_086017.1  SCFR_NC_086017_1_137437348_137445259_frame_1_fft  39   3  0.489319;0.489066;0.489698    1863.369;1392.678;985.423         2;2;2
without_coding_region  7500   NC_086017.1  SCFR_NC_086017_1_137430663_137439786_frame_2_fft  47   3  0.489313;0.489093;0.041653    2309.607;1171.064;1035.743        2;2;24
without_coding_region  7500   NC_086017.1  SCFR_NC_086017_1_137410787_137418605_frame_3_fft  44   3  0.488744;0.061397;0.490023    1920.061;1015.738;951.188         2;16;2
without_coding_region  7500   NC_086017.1  SCFR_NC_086017_1_137463201_137470728_frame_2_fft  41   3  0.489172;0.489571;0.489837    1361.249;1002.408;860.253         2;2;2
without_coding_region  7500   NC_086017.1  SCFR_NC_086017_1_137422334_137438567_frame_3_fft  78   3  0.489373;0.489065;0.488757    3505.220;2096.732;1878.271        2;2;2
without_coding_region  7500   NC_086017.1  SCFR_NC_086017_1_137438570_137450096_frame_3_fft  61   3  0.489155;0.489502;0.489676    2649.361;2067.824;1856.493        2;2;2
without_coding_region  7500   NC_086017.1  SCFR_NC_086017_1_137466854_137479769_frame_3_fft  58   3  0.489353;0.061479;0.490592    4254.595;1770.039;1282.280        2;16;2
without_coding_region  7500   NC_086017.1  SCFR_NC_086017_1_137470731_137481903_frame_2_fft  53   3  0.489348;0.061493;0.490602    3178.053;1864.693;1436.715        2;16;2
without_coding_region  7500   NC_086017.1  SCFR_NC_086017_1_137469955_137485750_frame_1_fft  74   3  0.489395;0.488509;0.489016    3007.529;1991.272;1861.642        2;2;2
without_coding_region  7500   NC_086017.1  SCFR_NC_086017_1_137451439_137461858_frame_1_fft  52   3  0.489202;0.489490;0.489682    1888.732;1847.152;1430.717        2;2;2
without_coding_region  7500   NC_086017.1  SCFR_NC_086017_1_137534118_137544282_frame_2_fft  48   3  0.489177;0.021547;0.306867    3037.386;1360.388;1141.051        2;46;3
without_coding_region  7500   NC_086017.1  SCFR_NC_086017_1_137485753_137495776_frame_1_fft  55   3  0.489275;0.488975;0.488676    1793.322;1568.530;1348.358        2;2;2
without_coding_region  7500   NC_086017.1  SCFR_NC_086017_1_137491878_137501793_frame_2_fft  55   3  0.489158;0.489460;0.489864    2082.089;1729.283;1117.044        2;2;2
without_coding_region  7500   NC_086017.1  SCFR_NC_086017_1_137530379_137538416_frame_3_fft  37   3  0.489113;0.489362;0.488740    1881.389;1747.252;1014.257        2;2;2
without_coding_region  7500   NC_086017.1  SCFR_NC_086017_1_137554063_137563156_frame_1_fft  51   3  0.489167;0.021555;0.306829    2661.117;1339.826;992.585         2;46;3
without_coding_region  7500   NC_086017.1  SCFR_NC_086017_1_137553735_137562801_frame_2_fft  60   3  0.489190;0.306861;0.203949    3268.831;1035.076;1034.585        2;3;5
without_coding_region  7500   NC_086017.1  SCFR_NC_086017_1_137621877_137630385_frame_2_fft  39   3  0.489187;0.489657;0.490244    1552.002;1318.423;1241.792        2;2;2
without_coding_region  7500   NC_086017.1  SCFR_NC_086017_1_137645625_137658474_frame_2_fft  64   3  0.488987;0.489999;0.489532    1912.718;1620.624;1605.843        2;2;2
without_coding_region  7500   NC_086017.1  SCFR_NC_086017_1_137538419_137547614_frame_3_fft  44   3  0.489179;0.488853;0.489940    2650.165;1229.535;1051.732        2;2;2
without_coding_region  7500   NC_086017.1  SCFR_NC_086017_1_1_10147_frame2_fft               5    3  -0.166667;0.166667;-0.333333  7783.029;7783.029;3278.634        9;45;11
without_coding_region  7500   NC_086017.1  SCFR_NC_086017_1_76_9937_frame_1_fft              5    3  -0.166717;0.166717;-0.333333  4952.074;4952.074;3281.878        9;46;12
without_coding_region  7500   NC_086017.1  SCFR_NC_086017_1_77_10082_frame3_fft              5    3  -0.166717;0.166717;-0.333333  5027.703;5027.703;3292.891        9;46;11
without_coding_region  7500   NC_073234.2  SCFR_NC_073234_2_146051227_146059474_frame2_fft   30   3  0.351886;0.352249;0.350188    1203.674;1130.026;990.120         3;3;3
without_coding_region  7500   NC_073234.2  SCFR_NC_073234_2_146051453_146059319_frame3_fft   33   3  0.352276;0.351894;0.350114    1185.532;1165.787;1079.135        3;3;3
without_coding_region  7500   NC_073234.2  SCFR_NC_073234_2_146051436_146059089_frame1_fft   33   3  0.351888;0.352280;0.351235    1160.550;1132.104;985.607         3;3;3
without_coding_region  7500   NC_073227.2  SCFR_NC_073227_2_81548573_81565604_frame_2_fft    19   3  0.428571;0.047619;0.452352    6643.066;4026.895;3702.974        2;21;2
without_coding_region  7500   NC_073227.2  SCFR_NC_073227_2_82037244_82050285_frame_1_fft    19   3  0.428571;0.047619;0.452343    5090.424;3071.077;2830.206        2;21;2
without_coding_region  7500   NC_073227.2  SCFR_NC_073227_2_81618830_81631871_frame_2_fft    19   3  0.428571;0.047619;0.452343    5090.501;3066.734;2827.404        2;21;2
without_coding_region  7500   NC_073227.2  SCFR_NC_073227_2_81964890_81981921_frame_1_fft    20   3  0.428571;0.047619;0.452352    6645.065;4026.025;3702.803        2;21;2
without_coding_region  7500   NC_073227.2  SCFR_NC_073227_2_82060706_82068848_frame_2_fft    19   3  0.452346;0.428519;0.166667    2414.707;2294.712;1924.648        2;2;6
without_coding_region  7500   NC_073227.2  SCFR_NC_073227_2_82341147_82348824_frame_1_fft    19   3  0.428553;0.452390;0.119057    2728.669;2461.329;1598.067        2;2;8
without_coding_region  7500   NC_073227.2  SCFR_NC_073227_2_82240020_82255974_frame_1_fft    37   3  0.452363;0.428545;0.166667    4748.725;4514.729;3803.137        2;2;6
without_coding_region  7500   NC_073227.2  SCFR_NC_073227_2_82171006_82194967_frame_3_fft    25   3  0.428571;0.047619;0.452360    9335.100;5600.427;5169.943        2;21;2
without_coding_region  7500   NC_073227.2  SCFR_NC_073227_2_82352844_82361400_frame_1_fft    19   3  0.428588;0.452431;0.166667    3224.079;2107.308;2021.553        2;2;6
without_coding_region  7500   NC_073227.2  SCFR_NC_073227_2_82280244_82308024_frame_1_fft    37   3  0.428582;0.452376;0.166667    9477.909;9111.530;6566.469        2;2;6
without_coding_region  7500   NC_073227.2  SCFR_NC_073227_2_82364369_82375700_frame_2_fft    20   3  0.428647;0.452387;0.047657    2485.413;2424.662;2296.287        2;2;21
without_coding_region  7500   NC_073227.2  SCFR_NC_073227_2_84730778_84741152_frame_2_fft    20   3  0.428571;0.452381;0.166667    4007.547;3504.446;2482.066        2;2;6
without_coding_region  7500   NC_073227.2  SCFR_NC_073227_2_84719664_84730830_frame_1_fft    20   3  0.452355;0.428533;0.166667    3284.559;3147.495;2658.027        2;2;6
without_coding_region  7500   NC_073227.2  SCFR_NC_073227_2_84751778_84766976_frame_2_fft    36   3  0.452362;0.428543;0.166667    4504.704;4304.739;3617.975        2;2;6
without_coding_region  7500   NC_073227.2  SCFR_NC_073227_2_84782602_84795130_frame_3_fft    26   3  0.428560;0.452347;0.166667    4735.341;3099.227;2990.330        2;2;6
without_coding_region  7500   NC_073227.2  SCFR_NC_073227_2_84864309_84876120_frame_1_fft    20   3  0.428584;0.404792;0.452375    3740.438;2343.428;2100.318        2;2;2
without_coding_region  7500   NC_073227.2  SCFR_NC_073227_2_84827784_84836982_frame_1_fft    20   3  0.428571;0.452381;0.166667    3583.243;3124.949;2152.118        2;2;6
without_coding_region  7500   NC_073227.2  SCFR_NC_073227_2_87318728_87326675_frame_2_fft    19   3  0.428589;0.452372;0.119039    2969.771;2749.237;1711.706        2;2;8
without_coding_region  7500   NC_073227.2  SCFR_NC_073227_2_84845676_84861819_frame_1_fft    20   3  0.452394;0.428545;0.404757    5073.444;4549.889;3470.486        2;2;2
without_coding_region  7500   NC_073227.2  SCFR_NC_073227_2_85150962_85160232_frame_1_fft    21   3  0.428587;0.452427;0.166667    3500.270;2265.814;2190.817        2;2;6
without_coding_region  7500   NC_073227.2  SCFR_NC_073227_2_85089029_85108370_frame_2_fft    26   3  0.428571;0.047619;0.452355    7532.752;4577.050;4203.151        2;21;2
without_coding_region  7500   NC_073227.2  SCFR_NC_073227_2_87333594_87342531_frame_1_fft    20   3  0.428555;0.452389;0.119056    3363.533;3079.715;2005.688        2;2;8
without_coding_region  7500   NC_073248.2  SCFR_NC_073248_2_2020_11068_frame2_fft            12   3  0.166777;0.166556;0.333333    5115.640;3723.069;2453.817        6;6;3
without_coding_region  7500   NC_073248.2  SCFR_NC_073248_2_2019_11067_frame_3_fft           12   3  0.166777;0.166556;0.333333    5114.604;3724.100;2451.840        6;6;3
without_coding_region  7500   NC_073240.2  SCFR_NC_073240_2_13307784_13316655_frame1_fft     8    3  0.176418;0.352948;0.058843    3944.496;3384.102;2373.801        6;3;17
without_coding_region  7500   NC_073240.2  SCFR_NC_073240_2_13140813_13325778_frame_2_fft    11   3  0.176471;0.352942;0.470586    119443.998;64389.165;46493.919    6;3;2
without_coding_region  7500   NC_073240.2  SCFR_NC_073240_2_13140892_13326112_frame_1_fft    11   3  0.176471;0.352942;0.470586    119461.368;64407.307;46529.933    6;3;2
without_coding_region  7500   NC_073240.2  SCFR_NC_073240_2_13140998_13325723_frame_3_fft    8    3  0.176473;0.352941;0.058823    82636.267;70329.484;49165.476     6;3;17
without_coding_region  7500   NC_073240.2  SCFR_NC_073240_2_13555650_13564215_frame1_fft     8    3  0.176416;0.352948;0.058844    3827.308;3242.895;2278.220        6;3;17
without_coding_region  7500   NC_073240.2  SCFR_NC_073240_2_13606973_13615232_frame3_fft     8    3  0.176414;0.352948;0.058845    3680.462;3131.022;2193.332        6;3;17
without_coding_region  7500   NC_073240.2  SCFR_NC_073240_2_13679087_13687397_frame3_fft     8    3  0.176414;0.352948;0.058845    3731.577;3187.053;2277.183        6;3;17
without_coding_region  7500   NC_073240.2  SCFR_NC_073240_2_13717456_13728520_frame2_fft     8    3  0.176428;0.352946;0.058839    4995.337;4236.090;3025.303        6;3;17
without_coding_region  7500   NC_073240.2  SCFR_NC_073240_2_13736649_13745112_frame1_fft     8    3  0.176415;0.352948;0.058844    3793.592;3237.207;2289.665        6;3;17
without_coding_region  7500   NC_073240.2  SCFR_NC_073240_2_13748574_13760454_frame_2_fft    8    3  0.176431;0.352946;0.058838    5313.432;4469.503;3178.477        6;3;17
without_coding_region  7500   NC_073240.2  SCFR_NC_073240_2_13757006_13768172_frame_3_fft    8    3  0.176428;0.352946;0.058839    4987.675;4221.016;2995.505        6;3;17
without_coding_region  7500   NC_073240.2  SCFR_NC_073240_2_13372978_13750747_frame_1_fft    10   3  0.176470;0.352941;0.470589    245506.071;132014.867;96621.281   6;3;2
without_coding_region  7500   NC_073240.2  SCFR_NC_073240_2_13770504_13879080_frame_2_fft    9    3  0.176466;0.352942;0.058825    48980.248;40823.135;28670.903     6;3;17
without_coding_region  7500   NC_073240.2  SCFR_NC_073240_2_13774108_13880695_frame_1_fft    8    3  0.176466;0.352942;0.058825    48066.817;40062.160;28140.087     6;3;17
without_coding_region  7500   NC_073240.2  SCFR_NC_073240_2_13373057_13749047_frame_3_fft    8    3  0.176470;0.352940;0.058823    237479.008;116557.316;106326.660  6;3;17
without_coding_region  7500   NC_073240.2  SCFR_NC_073240_2_13373163_13748571_frame_2_fft    13   3  0.176469;0.352941;0.058824    168491.402;143024.599;101468.876  6;3;17
without_coding_region  7500   NC_073240.2  SCFR_NC_073240_2_13955864_13963613_frame3_fft     8    3  0.176410;0.352949;0.058846    3459.966;2892.653;1971.454        6;3;17
without_coding_region  7500   NC_073240.2  SCFR_NC_073240_2_13961821_13971739_frame2_fft     8    3  0.176447;0.470559;0.352894    6023.562;2612.719;2466.969        6;2;3
without_coding_region  7500   NC_073240.2  SCFR_NC_073240_2_13962273_13973796_frame1_fft     8    3  0.176430;0.352946;0.058839    5161.420;4267.807;2864.864        6;3;17
without_coding_region  7500   NC_073240.2  SCFR_NC_073240_2_13975788_13984659_frame1_fft     8    3  0.176418;0.352948;0.058843    4010.118;3325.401;2342.510        6;3;17
without_coding_region  7500   NC_073240.2  SCFR_NC_073240_2_13977947_13987124_frame3_fft     8    3  0.176419;0.352948;0.058843    4112.458;3432.774;2398.502        6;3;17
without_coding_region  7500   NC_073240.2  SCFR_NC_073240_2_13978525_13986988_frame2_fft     8    3  0.176415;0.352948;0.058844    3778.115;3183.776;2233.366        6;3;17
without_coding_region  7500   NC_073240.2  SCFR_NC_073240_2_13772714_14058896_frame_3_fft    12   3  0.176472;0.470589;0.352940    164760.233;87646.915;80549.437    6;2;3
without_coding_region  7500   NC_073240.2  SCFR_NC_073240_2_13986294_13994961_frame1_fft     8    3  0.176416;0.352948;0.058844    3877.388;3240.169;2234.726        6;3;17
without_coding_region  7500   NC_073240.2  SCFR_NC_073240_2_13994576_14010329_frame3_fft     8    3  0.176474;0.352949;0.470577    10471.308;5842.019;4806.697       6;3;2
without_coding_region  7500   NC_073240.2  SCFR_NC_073240_2_13994386_14007184_frame2_fft     8    3  0.176434;0.352946;0.058837    5778.404;4838.537;3484.011        6;3;17
without_coding_region  7500   NC_073240.2  SCFR_NC_073240_2_13994964_14005620_frame1_fft     8    3  0.176426;0.352947;0.058840    4805.790;4054.922;2931.758        6;3;17
without_coding_region  7500   NC_073240.2  SCFR_NC_073240_2_13879083_14060100_frame_2_fft    14   3  0.176470;0.352939;0.058823    113644.643;55041.849;49774.377    6;3;17
without_coding_region  7500   NC_073240.2  SCFR_NC_073240_2_14011607_14024966_frame3_fft     8    3  0.176435;0.352946;0.058837    5988.608;5022.424;3481.438        6;3;17
without_coding_region  7500   NC_073240.2  SCFR_NC_073240_2_68697295_68723734_frame2_fft     88   3  0.474753;0.475018;0.475737    2815.460;2519.399;2233.770        2;2;2
without_coding_region  7500   NC_073240.2  SCFR_NC_073240_2_68697427_68721334_frame_1_fft    79   3  0.475384;0.475049;0.474756    2500.200;2480.198;2379.931        2;2;2
without_coding_region  7500   NC_073240.2  SCFR_NC_073240_2_68697428_68723738_frame3_fft     88   3  0.475029;0.475371;0.474762    3225.191;2556.804;2442.712        2;2;2
without_coding_region  7500   NC_073240.2  SCFR_NC_073240_2_13881718_14058904_frame_1_fft    13   3  0.176470;0.352940;0.470590    115390.522;61045.309;44783.041    6;3;2
without_coding_region  7500   NC_073240.2  SCFR_NC_073240_2_68703836_68712935_frame_3_fft    29   3  0.475767;0.474228;0.474997    1384.062;1261.277;1150.891        2;2;2
without_coding_region  7500   NC_073240.2  SCFR_NC_073240_2_68697441_68723838_frame1_fft     89   3  0.474751;0.475016;0.475736    2844.816;2342.178;2247.540        2;2;2
without_coding_region  7500   NC_073240.2  SCFR_NC_073240_2_68698173_68713110_frame_2_fft    55   3  0.475397;0.475062;0.474192    2255.507;1893.712;1674.058        2;2;2
without_coding_region  7500   NC_073240.2  SCFR_NC_073240_2_68713113_68723733_frame_2_fft    36   3  0.476836;0.474765;0.475330    1267.338;1233.712;1187.846        2;2;2
without_coding_region  7500   NC_073240.2  SCFR_NC_073240_2_68713130_68721290_frame_3_fft    28   3  0.475245;0.476838;0.473897    1213.949;1205.078;1058.098        2;2;2
without_coding_region  7500   NC_073244.2  SCFR_NC_073244_2_6255187_6266410_frame_3_fft      53   3  0.079836;0.080103;0.080816    1438.385;1155.516;939.843         13;12;12
without_coding_region  7500   NC_073244.2  SCFR_NC_073244_2_6255194_6266432_frame_2_fft      65   3  0.080085;0.079818;0.319452    1302.717;1193.005;828.040         12;13;3
without_coding_region  7500   NC_073244.2  SCFR_NC_073244_2_6255255_6266448_frame_1_fft      56   3  0.079871;0.080050;0.080854    1378.630;974.486;891.361          13;12;12
without_coding_region  7500   NC_073232.2  SCFR_NC_073232_2_144214505_144222680_frame_3_fft  12   3  0.055535;0.111070;0.444404    2423.117;2285.161;1730.994        18;9;2
without_coding_region  7500   NC_073232.2  SCFR_NC_073232_2_144214245_144223587_frame_2_fft  11   3  0.444444;0.055556;0.111111    2555.849;2426.762;1783.125        2;18;9
without_coding_region  7500   NC_073232.2  SCFR_NC_073232_2_144215822_144223736_frame3_fft   13   3  0.111069;0.222264;0.277736    1876.173;1786.641;1640.398        9;4;4
without_coding_region  7500   NC_073232.2  SCFR_NC_073232_2_144213744_144223725_frame1_fft   17   3  0.444444;0.055505;0.111011    2675.968;2637.194;1835.793        2;18;9
without_coding_region  7500   NC_073247.2  SCFR_NC_073247_2_11098921_11108251_frame2_fft     5    3  0.499678;0.499357;0.498821    2717.210;1053.092;619.656         2;2;2
without_coding_region  7500   NC_073247.2  SCFR_NC_073247_2_11098925_11108282_frame3_fft     5    3  0.499626;0.499305;0.498878    2833.444;992.259;712.527          2;2;2
without_coding_region  7500   NC_073247.2  SCFR_NC_073247_2_11098957_11108131_frame_2_fft    5    3  0.499673;0.499346;0.499128    2749.599;1037.496;683.488         2;2;2
without_coding_region  7500   NC_073247.2  SCFR_NC_073247_2_11098881_11108220_frame_3_fft    5    3  0.499625;0.499304;0.498876    2823.124;992.023;718.445          2;2;2
without_coding_region  7500   NC_073247.2  SCFR_NC_073247_2_1236_8874_frame_3_fft            2    2  0.166667;0.333333             5479.913;1796.164                 6;3
without_coding_region  7500   NC_073247.2  SCFR_NC_073247_2_11098967_11108141_frame_1_fft    5    3  0.499673;0.499346;0.499128    2750.086;1037.949;683.708         2;2;2
without_coding_region  7500   NC_073247.2  SCFR_NC_073247_2_11098968_11108142_frame1_fft     5    3  0.499673;0.499346;0.499128    2751.599;1038.270;684.382         2;2;2
without_coding_region  7500   NC_073247.2  SCFR_NC_073247_2_1237_9019_frame2_fft             2    2  0.166667;0.333333             5479.347;1797.062                 6;3
without_coding_region  7500   NC_086018.1  SCFR_NC_086018_1_19285946_19293812_frame3_fft     10   3  0.083270;0.166540;0.416476    4059.153;2536.611;2270.345        12;6;2
without_coding_region  7500   NC_086018.1  SCFR_NC_086018_1_8564839_8572612_frame_3_fft      41   3  0.317509;0.364853;0.319053    1590.717;1373.630;1364.381        3;3;3
without_coding_region  7500   NC_086018.1  SCFR_NC_086018_1_19285923_19293849_frame1_fft     11   3  0.083270;0.166540;0.416477    4065.594;2556.000;2258.297        12;6;2
without_coding_region  7500   NC_086018.1  SCFR_NC_086018_1_19285963_19293832_frame2_fft     11   3  0.083238;0.166603;0.416444    3183.419;2885.041;2310.655        12;6;2
with_coding_region     7500   NC_073235.2  SCFR_NC_073235_2_69716140_69725548_frame2_fft     1    1  0.333333                      1250.930                          3
with_coding_region     7500   NC_073235.2  SCFR_NC_073235_2_88243368_88252827_frame1_fft     1    1  0.333333                      1144.755                          3
with_coding_region     7500   NC_073235.2  SCFR_NC_073235_2_88232227_88241236_frame2_fft     1    1  0.333333                      1073.855                          3
with_coding_region     7500   NC_073235.2  SCFR_NC_073235_2_81030956_81048194_frame_2_fft    15   3  0.333333;0.036953;0.006787    2720.661;902.390;857.857          3;27;147
with_coding_region     7500   NC_073236.2  SCFR_NC_073236_2_118912846_118920511_frame2_fft   1    1  0.333333                      907.993                           3
with_coding_region     7500   NC_073236.2  SCFR_NC_073236_2_112334532_112350717_frame_2_fft  28   3  0.333333;0.143219;0.119246    1830.713;1269.524;1165.464        3;7;8
with_coding_region     7500   NC_073236.2  SCFR_NC_073236_2_18521804_18540476_frame3_fft     8    3  0.176467;0.352935;0.470598    12491.250;7024.552;5562.266       6;3;2
with_coding_region     7500   NC_073236.2  SCFR_NC_073236_2_18541138_18553663_frame2_fft     8    3  0.176447;0.470579;0.352974    7024.712;3674.694;3613.477        6;2;3
with_coding_region     7500   NC_073236.2  SCFR_NC_073236_2_18541485_18554649_frame1_fft     8    3  0.176466;0.352932;0.470602    8797.616;4961.356;3939.718        6;3;2
with_coding_region     7500   NC_073236.2  SCFR_NC_073236_2_18556250_18567926_frame3_fft     8    3  0.176430;0.352946;0.058839    5269.255;4467.188;3140.398        6;3;17
with_coding_region     7500   NC_073236.2  SCFR_NC_073236_2_18569653_18579052_frame2_fft     17   3  0.176402;0.352910;0.470688    5055.635;2628.471;1956.212        6;3;2
with_coding_region     7500   NC_073236.2  SCFR_NC_073236_2_18461034_18586215_frame_2_fft    119  3  0.176472;0.352937;0.176449    62188.702;25779.636;21809.810     6;3;6
with_coding_region     7500   NC_073236.2  SCFR_NC_073236_2_18581556_18597183_frame1_fft     53   3  0.176361;0.352787;0.470852    8807.629;4096.769;3812.834        6;3;2
with_coding_region     7500   NC_073236.2  SCFR_NC_073236_2_18573687_18581553_frame1_fft     21   3  0.176456;0.352784;0.470633    3297.079;2515.287;1470.739        6;3;2
with_coding_region     7500   NC_073236.2  SCFR_NC_073236_2_18586219_18594598_frame2_fft     28   3  0.176393;0.352787;0.470820    5409.954;2727.571;1809.132        6;3;2
with_coding_region     7500   NC_073236.2  SCFR_NC_073236_2_18592775_18616097_frame3_fft     64   3  0.176400;0.352757;0.470843    10493.242;7459.076;4084.400       6;3;2
with_coding_region     7500   NC_073236.2  SCFR_NC_073236_2_18602130_18609711_frame1_fft     22   3  0.176362;0.352724;0.470782    4643.524;1975.652;1462.986        6;3;2
with_coding_region     7500   NC_073236.2  SCFR_NC_073236_2_18612690_18621318_frame1_fft     18   3  0.176402;0.352805;0.470793    5495.533;2669.934;1687.505        6;3;2
with_coding_region     7500   NC_073236.2  SCFR_NC_073236_2_18618668_18629369_frame3_fft     36   3  0.176432;0.352771;0.470797    4515.335;3638.093;1713.580        6;3;2
with_coding_region     7500   NC_073236.2  SCFR_NC_073236_2_18622903_18631954_frame2_fft     28   3  0.176334;0.352779;0.470887    4340.269;2960.709;1889.517        6;3;2
with_coding_region     7500   NC_073236.2  SCFR_NC_073236_2_18627546_18639555_frame1_fft     43   3  0.176368;0.352735;0.470814    7373.128;3183.984;2180.558        6;3;2
with_coding_region     7500   NC_073236.2  SCFR_NC_073236_2_18634724_18644291_frame3_fft     31   3  0.176440;0.352775;0.470785    4031.346;3189.851;1440.738        6;3;2
with_coding_region     7500   NC_073236.2  SCFR_NC_073236_2_18639690_18648291_frame1_fft     29   3  0.176375;0.352750;0.352982    5237.335;2244.149;1412.591        6;3;3
with_coding_region     7500   NC_073236.2  SCFR_NC_073236_2_18673940_18688697_frame3_fft     8    3  0.176459;0.352917;0.058820    9439.095;4598.561;4116.604        6;3;17
with_coding_region     7500   NC_073236.2  SCFR_NC_073236_2_18683053_18691570_frame2_fft     8    3  0.176471;0.352941;0.470588    5729.503;3299.935;2691.279        6;3;2
with_coding_region     7500   NC_073236.2  SCFR_NC_073236_2_18689988_18701328_frame1_fft     8    3  0.176455;0.352910;0.058818    7227.061;3516.617;3147.827        6;3;17
with_coding_region     7500   NC_073236.2  SCFR_NC_073236_2_18707651_18718583_frame3_fft     8    3  0.176454;0.352909;0.058818    6987.151;3414.820;3055.436        6;3;17
with_coding_region     7500   NC_073236.2  SCFR_NC_073236_2_18710575_18719227_frame2_fft     8    3  0.176491;0.352982;0.058830    5527.895;2703.167;2428.453        6;3;17
with_coding_region     7500   NC_073236.2  SCFR_NC_073236_2_18717834_18729276_frame1_fft     8    3  0.176455;0.352910;0.058818    7317.416;3558.803;3205.232        6;3;17
with_coding_region     7500   NC_073236.2  SCFR_NC_073236_2_18807499_18817717_frame2_fft     8    3  0.176453;0.352907;0.058818    6542.937;3181.473;2854.495        6;3;17
with_coding_region     7500   NC_073236.2  SCFR_NC_073236_2_18460955_18847313_frame_3_fft    367  3  0.176471;0.352937;0.176476    153633.949;60254.256;54902.071    6;3;6
with_coding_region     7500   NC_073236.2  SCFR_NC_073236_2_18868818_18887247_frame1_fft     8    3  0.176461;0.352922;0.058820    11772.451;5769.882;5292.876       6;3;17
with_coding_region     7500   NC_073236.2  SCFR_NC_073236_2_18873340_18912373_frame2_fft     8    3  0.176466;0.352932;0.058822    24927.902;12243.759;11208.765     6;3;17
with_coding_region     7500   NC_073236.2  SCFR_NC_073236_2_18878117_18890426_frame3_fft     8    3  0.176456;0.352913;0.058819    7850.769;3852.228;3567.479        6;3;17
with_coding_region     7500   NC_073236.2  SCFR_NC_073236_2_18887382_18911676_frame1_fft     8    3  0.176463;0.352927;0.058821    15538.998;7631.178;6978.592       6;3;17
with_coding_region     7500   NC_073236.2  SCFR_NC_073236_2_18847316_18977078_frame_3_fft    97   3  0.176477;0.176462;0.352946    47297.792;45176.158;32997.334     6;6;3
with_coding_region     7500   NC_073236.2  SCFR_NC_073236_2_18900044_18909755_frame3_fft     8    3  0.176501;0.470600;0.352899    5644.374;3048.534;2817.073        6;2;3
with_coding_region     7500   NC_073236.2  SCFR_NC_073236_2_18910421_18925187_frame3_fft     20   3  0.352905;0.176487;0.470540    4939.868;4937.553;3622.821        3;6;2
with_coding_region     7500   NC_073236.2  SCFR_NC_073236_2_18913384_18924823_frame2_fft     10   3  0.176501;0.352915;0.470583    5725.221;4066.390;3234.687        6;3;2
with_coding_region     7500   NC_073236.2  SCFR_NC_073236_2_18924826_18973396_frame2_fft     8    3  0.176467;0.352934;0.058822    30980.626;15181.674;13682.893     6;3;17
with_coding_region     7500   NC_073236.2  SCFR_NC_073236_2_18929280_18969027_frame1_fft     8    3  0.176466;0.352932;0.058822    25400.005;12466.971;11162.204     6;3;17
with_coding_region     7500   NC_073236.2  SCFR_NC_073236_2_18969030_18977079_frame1_fft     8    3  0.176419;0.352963;0.470617    3973.480;2986.266;2318.014        6;3;2
with_coding_region     7500   NC_073236.2  SCFR_NC_073236_2_18974266_18984871_frame2_fft     8    3  0.176426;0.352947;0.058840    4740.620;4122.733;2851.222        6;3;17
with_coding_region     7500   NC_073236.2  SCFR_NC_073236_2_18932732_18969911_frame3_fft     8    3  0.176471;0.352941;0.470588    25018.217;14471.460;11723.597     6;3;2
with_coding_region     7500   NC_073236.2  SCFR_NC_073236_2_18586218_19032354_frame_2_fft    384  3  0.176471;0.176475;0.352937    143576.742;104964.602;95535.725   6;6;3
with_coding_region     7500   NC_073236.2  SCFR_NC_073236_2_18988427_18996566_frame3_fft     11   3  0.176557;0.352992;0.058852    3531.013;2644.530;2227.623        6;3;17
with_coding_region     7500   NC_073236.2  SCFR_NC_073236_2_18977394_18992334_frame1_fft     8    3  0.176439;0.352945;0.058835    6700.319;5834.032;4041.811        6;3;17
with_coding_region     7500   NC_073236.2  SCFR_NC_073236_2_18992116_19003213_frame2_fft     10   3  0.176444;0.352978;0.058845    5295.573;3434.213;2990.056        6;3;17
with_coding_region     7500   NC_073236.2  SCFR_NC_073236_2_18996569_19009145_frame3_fft     15   3  0.176527;0.352974;0.058842    5451.327;4089.834;3472.667        6;3;17
with_coding_region     7500   NC_073236.2  SCFR_NC_073236_2_18977081_19025996_frame_3_fft    37   3  0.176490;0.352959;0.117653    21839.926;14543.997;10900.685     6;3;8
with_coding_region     7500   NC_073236.2  SCFR_NC_073236_2_19009148_19018631_frame3_fft     8    3  0.176421;0.352947;0.058842    4239.725;3693.628;2578.022        6;3;17
with_coding_region     7500   NC_073236.2  SCFR_NC_073236_2_19010625_19020108_frame1_fft     8    3  0.176421;0.352947;0.058842    4252.941;3697.289;2587.188        6;3;17
with_coding_region     7500   NC_073236.2  SCFR_NC_073236_2_19009369_19018852_frame2_fft     8    3  0.176421;0.352947;0.058842    4228.191;3695.722;2575.059        6;3;17
with_coding_region     7500   NC_073236.2  SCFR_NC_073236_2_19036794_19046175_frame_2_fft    8    3  0.176420;0.352947;0.058842    4223.854;3666.081;2597.619        6;3;17
with_coding_region     7500   NC_073236.2  SCFR_NC_073236_2_19029263_19042622_frame_3_fft    8    3  0.176435;0.352946;0.058837    5960.532;5231.105;3652.673        6;3;17
with_coding_region     7500   NC_073236.2  SCFR_NC_073236_2_19042625_19058126_frame_3_fft    9    3  0.176440;0.352945;0.058835    6939.376;6061.522;4295.056        6;3;17
with_coding_region     7500   NC_073236.2  SCFR_NC_073236_2_19048095_19058127_frame1_fft     8    3  0.176435;0.352970;0.470594    5395.250;3396.053;3244.469        6;3;2
with_coding_region     7500   NC_073236.2  SCFR_NC_073236_2_18461140_19049575_frame_1_fft    483  3  0.176471;0.176468;0.352938    183211.408;142024.002;125107.639  6;6;3
with_coding_region     7500   NC_073236.2  SCFR_NC_073236_2_19055167_19062814_frame2_fft     8    3  0.176409;0.352949;0.058847    3423.312;2987.832;2113.062        6;3;17
with_coding_region     7500   NC_073236.2  SCFR_NC_073236_2_19059965_19068989_frame_3_fft    8    3  0.176418;0.352948;0.058843    4030.155;3528.568;2484.073        6;3;17
with_coding_region     7500   NC_073236.2  SCFR_NC_073236_2_19065643_19073290_frame_1_fft    8    3  0.176409;0.352949;0.058847    3413.630;2999.520;2100.849        6;3;17
with_coding_region     7500   NC_073236.2  SCFR_NC_073236_2_19055188_19063804_frame_1_fft    8    3  0.176416;0.352948;0.058844    3856.506;3365.345;2382.494        6;3;17
with_coding_region     7500   NC_073236.2  SCFR_NC_073236_2_19046178_19081059_frame_2_fft    8    3  0.176457;0.352943;0.058829    15617.127;13646.242;9602.285      6;3;17
with_coding_region     7500   NC_073236.2  SCFR_NC_073236_2_19068992_19076537_frame_3_fft    8    3  0.176408;0.352949;0.058847    3379.569;2956.926;2069.857        6;3;17
with_coding_region     7500   NC_073236.2  SCFR_NC_073236_2_19076540_19099589_frame_3_fft    8    3  0.176450;0.352944;0.058831    10287.670;9013.982;6291.304       6;3;17
with_coding_region     7500   NC_073236.2  SCFR_NC_073236_2_19099592_19107749_frame_3_fft    8    3  0.176413;0.352948;0.058845    3665.740;3194.098;2233.157        6;3;17
with_coding_region     7500   NC_073236.2  SCFR_NC_073236_2_19108908_19119870_frame_2_fft    8    3  0.176428;0.352947;0.058840    4914.208;4299.286;3006.937        6;3;17
with_coding_region     7500   NC_073236.2  SCFR_NC_073236_2_19079566_19106236_frame_1_fft    8    3  0.176453;0.352943;0.058830    11909.895;10432.068;7272.553      6;3;17
with_coding_region     7500   NC_073236.2  SCFR_NC_073236_2_19107752_19139135_frame_3_fft    38   3  0.176465;0.352930;0.176561    14750.729;7766.891;6608.482       6;3;6
with_coding_region     7500   NC_073236.2  SCFR_NC_073236_2_19160282_19170887_frame3_fft     8    3  0.176426;0.352947;0.058840    4772.723;4123.446;2930.961        6;3;17
with_coding_region     7500   NC_073236.2  SCFR_NC_073236_2_19164753_19176456_frame1_fft     8    3  0.176450;0.470563;0.352901    7103.340;3267.725;3055.248        6;2;3
with_coding_region     7500   NC_073236.2  SCFR_NC_073236_2_19139138_19176983_frame_3_fft    8    3  0.176483;0.352940;0.058819    16948.329;14685.829;10404.566     6;3;17
with_coding_region     7500   NC_073236.2  SCFR_NC_073236_2_19119873_19172223_frame_2_fft    42   3  0.176485;0.352932;0.058816    20248.843;14045.050;11016.523     6;3;17
with_coding_region     7500   NC_073236.2  SCFR_NC_073236_2_19182548_19191698_frame3_fft     8    3  0.176503;0.470601;0.352896    5270.261;2848.209;2628.683        6;2;3
with_coding_region     7500   NC_073236.2  SCFR_NC_073236_2_19178703_19287357_frame_2_fft    133  3  0.176468;0.470586;0.352946    48527.007;29371.703;26103.596     6;2;3
with_coding_region     7500   NC_073236.2  SCFR_NC_073236_2_19183311_19257468_frame1_fft     80   3  0.176463;0.470583;0.352927    30307.989;17076.506;16258.329     6;2;3
with_coding_region     7500   NC_073236.2  SCFR_NC_073236_2_19183310_19287365_frame_3_fft    121  3  0.176464;0.176484;0.470588    46182.693;32277.224;28205.790     6;6;2
with_coding_region     7500   NC_073236.2  SCFR_NC_073236_2_19191956_19215290_frame3_fft     8    3  0.176481;0.470601;0.352961    14188.721;6648.720;6139.630       6;2;3
with_coding_region     7500   NC_073236.2  SCFR_NC_073236_2_19261415_19270775_frame3_fft     8    3  0.176496;0.470620;0.352991    5694.898;2699.396;2488.824        6;2;3
with_coding_region     7500   NC_073236.2  SCFR_NC_073236_2_19113328_19287679_frame_1_fft    199  3  0.176477;0.176466;0.058824    65138.614;57241.180;34276.544     6;6;17
with_coding_region     7500   NC_073236.2  SCFR_NC_073236_2_19270778_19286483_frame3_fft     8    3  0.176441;0.352945;0.058835    7175.739;5945.206;4405.964        6;3;17
with_coding_region     7500   NC_073236.2  SCFR_NC_073236_2_19215293_19254029_frame3_fft     73   3  0.176528;0.176451;0.352928    9707.222;9253.039;8931.307        6;6;3
with_coding_region     7500   NC_073236.2  SCFR_NC_073236_2_19190800_19275301_frame2_fft     98   3  0.176483;0.352931;0.470586    34223.113;23801.560;23186.255     6;3;2
with_coding_region     7500   NC_073236.2  SCFR_NC_073236_2_19271496_19279836_frame1_fft     8    3  0.176499;0.470624;0.352998    5075.742;2406.492;2206.206        6;2;3
with_coding_region     7500   NC_073236.2  SCFR_NC_073236_2_20061346_20074342_frame2_fft     8    3  0.176439;0.352955;0.470606    6515.246;4804.492;3788.165        6;3;2
with_coding_region     7500   NC_073236.2  SCFR_NC_073236_2_20062689_20074824_frame1_fft     8    3  0.176432;0.352946;0.058838    5504.387;4702.460;3332.891        6;3;17
with_coding_region     7500   NC_073236.2  SCFR_NC_073236_2_20066009_20074586_frame3_fft     8    3  0.176519;0.352921;0.470561    4274.982;3177.397;2486.139        6;3;2
with_coding_region     7500   NC_073236.2  SCFR_NC_073236_2_20074827_20092686_frame1_fft     8    3  0.176494;0.352931;0.470575    8911.167;6602.006;5215.751        6;3;2
with_coding_region     7500   NC_073236.2  SCFR_NC_073236_2_20055694_20154544_frame_1_fft    79   3  0.176480;0.352949;0.470592    44629.693;24176.599;24029.875     6;3;2
with_coding_region     7500   NC_073236.2  SCFR_NC_073236_2_20076170_20091428_frame3_fft     8    3  0.176498;0.352930;0.470573    7622.072;5640.445;4452.902        6;3;2
with_coding_region     7500   NC_073236.2  SCFR_NC_073236_2_20079490_20093383_frame2_fft     8    3  0.176492;0.470597;0.352912    8068.660;4347.981;4015.043        6;2;3
with_coding_region     7500   NC_073236.2  SCFR_NC_073236_2_20091431_20100770_frame3_fft     13   3  0.176571;0.352929;0.176357    3501.531;3386.073;2950.658        6;3;6
with_coding_region     7500   NC_073236.2  SCFR_NC_073236_2_20094270_20104128_frame1_fft     8    3  0.176506;0.352911;0.470582    5233.683;3378.253;3030.178        6;3;2
with_coding_region     7500   NC_073236.2  SCFR_NC_073236_2_20094394_20106148_frame2_fft     15   3  0.176451;0.352901;0.470563    6729.949;3628.483;2649.250        6;3;2
with_coding_region     7500   NC_073236.2  SCFR_NC_073236_2_20055615_20205381_frame_2_fft    144  3  0.176482;0.176469;0.470587    56532.359;37384.111;36230.376     6;6;2
with_coding_region     7500   NC_073236.2  SCFR_NC_073236_2_20106151_20150029_frame2_fft     8    3  0.176467;0.352933;0.058822    28039.543;13752.228;12392.915     6;3;17
with_coding_region     7500   NC_073236.2  SCFR_NC_073236_2_20055800_20216210_frame_3_fft    150  3  0.176479;0.176467;0.470588    67537.762;60427.405;40485.410     6;6;2
with_coding_region     7500   NC_073236.2  SCFR_NC_073236_2_20106027_20150913_frame1_fft     8    3  0.176469;0.352939;0.470592    29981.899;17046.146;13472.053     6;3;2
with_coding_region     7500   NC_073236.2  SCFR_NC_073236_2_20156611_20167165_frame2_fft     8    3  0.176426;0.352947;0.058840    4722.269;4118.756;2859.866        6;3;17
with_coding_region     7500   NC_073236.2  SCFR_NC_073236_2_20151783_20161980_frame1_fft     8    3  0.176424;0.352947;0.058841    4575.593;3958.139;2749.582        6;3;17
with_coding_region     7500   NC_073236.2  SCFR_NC_073236_2_20161983_20173368_frame1_fft     15   3  0.176548;0.058849;0.353008    5010.246;3099.780;2894.629        6;17;3
with_coding_region     7500   NC_073236.2  SCFR_NC_073236_2_20167168_20176258_frame2_fft     15   3  0.176458;0.058856;0.353025    3613.646;2464.000;2400.972        6;17;3
with_coding_region     7500   NC_073236.2  SCFR_NC_073236_2_20113853_20154545_frame3_fft     8    3  0.176472;0.352944;0.470584    27207.875;15492.842;12188.756     6;3;2
with_coding_region     7500   NC_073236.2  SCFR_NC_073236_2_20166947_20187137_frame3_fft     27   3  0.176474;0.058841;0.352997    10003.431;5303.524;4453.350       6;17;3
with_coding_region     7500   NC_073236.2  SCFR_NC_073236_2_20187140_20200328_frame3_fft     11   3  0.176448;0.352972;0.058841    6637.495;4021.399;3522.540        6;3;17
with_coding_region     7500   NC_073236.2  SCFR_NC_073236_2_20181004_20192848_frame2_fft     22   3  0.176461;0.353006;0.058848    4920.372;3779.348;3226.373        6;3;17
with_coding_region     7500   NC_073236.2  SCFR_NC_073236_2_20192851_20201584_frame2_fft     8    3  0.176457;0.352914;0.470629    5663.319;3133.577;2309.720        6;3;2
with_coding_region     7500   NC_073236.2  SCFR_NC_073236_2_20216213_20225594_frame_3_fft    8    3  0.176420;0.352947;0.058842    4225.279;3664.228;2596.422        6;3;17
with_coding_region     7500   NC_073236.2  SCFR_NC_073236_2_20205809_20213741_frame3_fft     8    3  0.176500;0.470625;0.353001    4800.048;2286.232;2120.597        6;2;3
with_coding_region     7500   NC_073236.2  SCFR_NC_073236_2_20225597_20237528_frame_3_fft    9    3  0.176431;0.352946;0.058838    5351.367;4661.454;3294.160        6;3;17
with_coding_region     7500   NC_073236.2  SCFR_NC_073236_2_20211759_20242713_frame_2_fft    8    3  0.176455;0.352943;0.058829    13879.043;12103.381;8524.854      6;3;17
with_coding_region     7500   NC_073236.2  SCFR_NC_073236_2_20227497_20237529_frame1_fft     8    3  0.176435;0.352970;0.470594    5395.844;3394.714;3243.102        6;3;2
with_coding_region     7500   NC_073236.2  SCFR_NC_073236_2_20154547_20222041_frame_1_fft    57   3  0.176490;0.470590;0.117655    26600.905;14375.564;13904.834     6;2;8
with_coding_region     7500   NC_073236.2  SCFR_NC_073236_2_20234569_20242714_frame2_fft     8    3  0.176427;0.352977;0.470595    4365.917;2771.681;2641.945        6;3;2
with_coding_region     7500   NC_073236.2  SCFR_NC_073236_2_20234590_20247031_frame_1_fft    8    3  0.176433;0.352946;0.058838    5558.405;4869.955;3420.240        6;3;17
with_coding_region     7500   NC_073236.2  SCFR_NC_073236_2_20239367_20250278_frame_3_fft    8    3  0.176427;0.352947;0.058840    4879.121;4284.007;3002.299        6;3;17
with_coding_region     7500   NC_073236.2  SCFR_NC_073236_2_20242716_20254800_frame_2_fft    8    3  0.176432;0.352946;0.058838    5408.408;4736.995;3316.788        6;3;17
with_coding_region     7500   NC_073236.2  SCFR_NC_073236_2_20250281_20273942_frame_3_fft    8    3  0.176451;0.352944;0.058831    10564.929;9258.922;6469.863       6;3;17
with_coding_region     7500   NC_073236.2  SCFR_NC_073236_2_20277226_20292370_frame_1_fft    8    3  0.176440;0.352945;0.058835    6774.748;5925.539;4138.733        6;3;17
with_coding_region     7500   NC_073236.2  SCFR_NC_073236_2_20253307_20277223_frame_1_fft    8    3  0.176451;0.352944;0.058831    10691.821;9365.234;6552.662       6;3;17
with_coding_region     7500   NC_073236.2  SCFR_NC_073236_2_20261480_20270351_frame3_fft     8    3  0.176418;0.352948;0.058843    3962.512;3485.114;2454.123        6;3;17
with_coding_region     7500   NC_073236.2  SCFR_NC_073236_2_20280626_20289089_frame_3_fft    8    3  0.176415;0.352948;0.058844    3763.703;3314.122;2310.727        6;3;17
with_coding_region     7500   NC_073236.2  SCFR_NC_073236_2_20265972_20299017_frame_2_fft    11   3  0.176456;0.352943;0.058829    14764.622;12934.605;9020.586      6;3;17
with_coding_region     7500   NC_073236.2  SCFR_NC_073236_2_20292373_20300530_frame_1_fft    8    3  0.176413;0.352948;0.058845    3662.629;3192.523;2233.205        6;3;17
with_coding_region     7500   NC_073236.2  SCFR_NC_073236_2_20299020_20312634_frame_2_fft    8    3  0.176436;0.352945;0.058836    6092.902;5338.726;3741.618        6;3;17
with_coding_region     7500   NC_073236.2  SCFR_NC_073236_2_20333598_20356551_frame_2_fft    8    3  0.176491;0.352939;0.058816    10309.367;8888.708;6273.425       6;3;17
with_coding_region     7500   NC_073236.2  SCFR_NC_073236_2_20344916_20354702_frame3_fft     8    3  0.176477;0.352953;0.470570    6492.853;3722.910;2968.889        6;3;2
with_coding_region     7500   NC_073236.2  SCFR_NC_073236_2_20312637_20331198_frame_2_fft    8    3  0.176445;0.352944;0.058833    8317.560;7250.999;5046.243        6;3;17
with_coding_region     7500   NC_073236.2  SCFR_NC_073236_2_20306126_20353712_frame_3_fft    8    3  0.176480;0.352940;0.058820    21283.426;18587.429;13024.918     6;3;17
with_coding_region     7500   NC_073236.2  SCFR_NC_073236_2_20358340_20402653_frame2_fft     18   3  0.176472;0.352944;0.470584    18644.382;16382.855;10354.765     6;3;2
with_coding_region     7500   NC_073236.2  SCFR_NC_073236_2_20362922_20444732_frame3_fft     47   3  0.176482;0.176458;0.352940    32315.614;28207.381;24041.303     6;6;3
with_coding_region     7500   NC_073236.2  SCFR_NC_073236_2_20358339_20510919_frame_2_fft    158  3  0.176465;0.176478;0.352943    52000.196;47259.416;40859.709     6;6;3
with_coding_region     7500   NC_073236.2  SCFR_NC_073236_2_20353715_20510927_frame_3_fft    162  3  0.176462;0.352944;0.470594    46910.732;42091.388;27807.938     6;3;2
with_coding_region     7500   NC_073236.2  SCFR_NC_073236_2_20412702_20428050_frame1_fft     8    3  0.176440;0.352945;0.058835    6899.689;5963.115;4297.854        6;3;17
with_coding_region     7500   NC_073236.2  SCFR_NC_073236_2_20300533_20513077_frame_1_fft    185  3  0.176467;0.176476;0.352943    84006.005;74538.831;61332.312     6;6;3
with_coding_region     7500   NC_073236.2  SCFR_NC_073236_2_20364078_20412699_frame1_fft     36   3  0.176488;0.470599;0.352954    19625.169;13934.405;13853.841     6;2;3
with_coding_region     7500   NC_073236.2  SCFR_NC_073236_2_20402656_20443735_frame2_fft     8    3  0.176465;0.470581;0.352930    24995.920;11715.112;10816.828     6;2;3
with_coding_region     7500   NC_073236.2  SCFR_NC_073236_2_20444735_20459378_frame3_fft     8    3  0.176467;0.352933;0.470600    9759.382;5504.450;4371.910        6;3;2
with_coding_region     7500   NC_073236.2  SCFR_NC_073236_2_20459381_20474693_frame3_fft     18   3  0.176528;0.058843;0.352926    6146.430;4216.925;3698.421        6;17;3
with_coding_region     7500   NC_073236.2  SCFR_NC_073236_2_20428053_20465889_frame1_fft     8    3  0.176472;0.352944;0.470584    25195.727;14325.890;11601.856     6;3;2
with_coding_region     7500   NC_073236.2  SCFR_NC_073236_2_20465892_20493519_frame1_fft     49   3  0.176530;0.058855;0.353133    12362.649;7086.638;5642.935       6;17;3
with_coding_region     7500   NC_073236.2  SCFR_NC_073236_2_20493537_20504793_frame1_fft     32   3  0.176706;0.058902;0.352878    4301.778;3171.584;2186.983        6;17;3
with_coding_region     7500   NC_073236.2  SCFR_NC_073236_2_20443738_20501890_frame2_fft     91   3  0.176486;0.176555;0.058829    18920.266;12827.768;10797.438     6;6;17
with_coding_region     7500   NC_073236.2  SCFR_NC_073236_2_20474696_20497661_frame3_fft     62   3  0.176573;0.058872;0.353103    9765.441;5435.133;4803.124        6;17;3
with_coding_region     7500   NC_073236.2  SCFR_NC_073236_2_20498309_20509073_frame3_fft     37   3  0.176700;0.058900;0.176421    5022.570;3055.145;2136.895        6;17;6
with_coding_region     7500   NC_073236.2  SCFR_NC_073236_2_20528138_20535797_frame3_fft     8    3  0.176524;0.352918;0.470558    3848.435;2822.487;2246.145        6;3;2
with_coding_region     7500   NC_073236.2  SCFR_NC_073236_2_20529297_20539155_frame1_fft     8    3  0.176506;0.352911;0.470582    5233.683;3378.253;3030.178        6;3;2
with_coding_region     7500   NC_073236.2  SCFR_NC_073236_2_20529421_20541352_frame2_fft     16   3  0.176431;0.352946;0.058838    5456.164;3046.488;2757.451        6;3;17
with_coding_region     7500   NC_073236.2  SCFR_NC_073236_2_20528097_20589384_frame_2_fft    30   3  0.176481;0.352946;0.470589    25872.872;15914.951;15434.306     6;3;2
with_coding_region     7500   NC_073236.2  SCFR_NC_073236_2_20540867_20585753_frame3_fft     8    3  0.176469;0.352939;0.470592    29981.899;17046.146;13472.053     6;3;2
with_coding_region     7500   NC_073236.2  SCFR_NC_073236_2_20540991_20584869_frame1_fft     8    3  0.176467;0.352933;0.058822    28039.543;13752.228;12392.915     6;3;17
with_coding_region     7500   NC_073236.2  SCFR_NC_073236_2_20548693_20589385_frame2_fft     8    3  0.176472;0.352944;0.470584    27207.358;15492.042;12186.982     6;3;2
with_coding_region     7500   NC_073236.2  SCFR_NC_073236_2_20527465_20641495_frame_1_fft    104  3  0.176471;0.058827;0.352942    40922.110;25288.437;21695.474     6;17;3
with_coding_region     7500   NC_073236.2  SCFR_NC_073236_2_20588615_20596820_frame3_fft     8    3  0.176478;0.352956;0.470567    5432.729;3127.024;2450.967        6;3;2
with_coding_region     7500   NC_073236.2  SCFR_NC_073236_2_20528105_20658155_frame_3_fft    139  3  0.176471;0.176494;0.352941    52657.622;26710.250;25793.159     6;6;3
with_coding_region     7500   NC_073236.2  SCFR_NC_073236_2_20591451_20602650_frame1_fft     9    3  0.176444;0.352978;0.470578    5813.267;3390.905;2952.171        6;3;2
with_coding_region     7500   NC_073236.2  SCFR_NC_073236_2_20600546_20612372_frame3_fft     19   3  0.176560;0.058853;0.353036    4692.185;3187.571;2643.987        6;17;3
with_coding_region     7500   NC_073236.2  SCFR_NC_073236_2_20623254_20636442_frame1_fft     11   3  0.176448;0.352972;0.058841    6637.279;4020.907;3524.530        6;3;17
with_coding_region     7500   NC_073236.2  SCFR_NC_073236_2_20617118_20628962_frame3_fft     22   3  0.176461;0.353006;0.058848    4918.526;3778.760;3228.182        6;3;17
with_coding_region     7500   NC_073236.2  SCFR_NC_073236_2_20628965_20637698_frame3_fft     8    3  0.176457;0.352914;0.470629    5663.319;3133.577;2309.720        6;3;2
with_coding_region     7500   NC_073236.2  SCFR_NC_073236_2_20602653_20623251_frame1_fft     28   3  0.176473;0.058841;0.352995    10509.612;5387.421;4321.553       6;17;3
with_coding_region     7500   NC_073236.2  SCFR_NC_073236_2_20652327_20661708_frame_2_fft    8    3  0.176420;0.352947;0.058842    4225.279;3664.228;2596.422        6;3;17
with_coding_region     7500   NC_073236.2  SCFR_NC_073236_2_20589387_20652324_frame_2_fft    58   3  0.176494;0.176446;0.352956    23554.017;16315.028;13679.378     6;6;3
with_coding_region     7500   NC_073236.2  SCFR_NC_073236_2_20641923_20649855_frame1_fft     8    3  0.176500;0.470625;0.353001    4800.048;2286.232;2120.597        6;2;3
with_coding_region     7500   NC_073236.2  SCFR_NC_073236_2_20661711_20673642_frame_2_fft    9    3  0.176431;0.352946;0.058838    5351.367;4661.454;3294.160        6;3;17
with_coding_region     7500   NC_073236.2  SCFR_NC_073236_2_20647873_20678827_frame_1_fft    8    3  0.176455;0.352943;0.058829    13879.043;12103.381;8524.854      6;3;17
with_coding_region     7500   NC_073236.2  SCFR_NC_073236_2_20670683_20678828_frame3_fft     8    3  0.176427;0.352977;0.470595    4365.917;2771.681;2641.945        6;3;2
with_coding_region     7500   NC_073236.2  SCFR_NC_073236_2_20663611_20673643_frame2_fft     8    3  0.176435;0.352970;0.470594    5395.844;3394.714;3243.102        6;3;2
with_coding_region     7500   NC_073236.2  SCFR_NC_073236_2_20675481_20686392_frame_2_fft    8    3  0.176427;0.352947;0.058840    4878.747;4283.619;3000.333        6;3;17
with_coding_region     7500   NC_073236.2  SCFR_NC_073236_2_20670704_20683145_frame_3_fft    8    3  0.176433;0.352946;0.058838    5558.405;4869.955;3420.240        6;3;17
with_coding_region     7500   NC_073236.2  SCFR_NC_073236_2_20678830_20690914_frame_1_fft    8    3  0.176432;0.352946;0.058838    5408.373;4736.481;3314.864        6;3;17
with_coding_region     7500   NC_073236.2  SCFR_NC_073236_2_20697594_20706465_frame1_fft     8    3  0.176418;0.352948;0.058843    3962.512;3485.114;2454.123        6;3;17
with_coding_region     7500   NC_073236.2  SCFR_NC_073236_2_20686395_20710056_frame_2_fft    8    3  0.176451;0.352944;0.058831    10564.929;9258.922;6469.863       6;3;17
with_coding_region     7500   NC_073236.2  SCFR_NC_073236_2_20716740_20725203_frame_2_fft    8    3  0.176415;0.352948;0.058844    3763.703;3314.122;2310.727        6;3;17
with_coding_region     7500   NC_073236.2  SCFR_NC_073236_2_20689421_20713337_frame_3_fft    8    3  0.176451;0.352944;0.058831    10691.821;9365.234;6552.662       6;3;17
with_coding_region     7500   NC_073236.2  SCFR_NC_073236_2_20702086_20735131_frame_1_fft    11   3  0.176456;0.352943;0.058829    14764.622;12934.605;9020.586      6;3;17
with_coding_region     7500   NC_073236.2  SCFR_NC_073236_2_20713340_20728484_frame_3_fft    8    3  0.176440;0.352945;0.058835    6774.748;5925.539;4138.733        6;3;17
with_coding_region     7500   NC_073236.2  SCFR_NC_073236_2_20728487_20736644_frame_3_fft    8    3  0.176413;0.352948;0.058845    3662.629;3192.523;2233.205        6;3;17
with_coding_region     7500   NC_073236.2  SCFR_NC_073236_2_20735134_20748748_frame_1_fft    8    3  0.176436;0.352945;0.058836    6092.902;5338.726;3741.618        6;3;17
with_coding_region     7500   NC_073236.2  SCFR_NC_073236_2_20748751_20767312_frame_1_fft    8    3  0.176445;0.352944;0.058833    8317.560;7250.999;5046.243        6;3;17
with_coding_region     7500   NC_073236.2  SCFR_NC_073236_2_20781030_20790816_frame1_fft     8    3  0.176477;0.352953;0.470570    6492.853;3722.910;2968.889        6;3;2
with_coding_region     7500   NC_073236.2  SCFR_NC_073236_2_20769712_20792665_frame_1_fft    8    3  0.176491;0.352939;0.058816    10309.367;8888.708;6273.425       6;3;17
with_coding_region     7500   NC_073236.2  SCFR_NC_073236_2_20742240_20789826_frame_2_fft    8    3  0.176480;0.352940;0.058820    21283.426;18587.429;13024.918     6;3;17
with_coding_region     7500   NC_073236.2  SCFR_NC_073236_2_20794454_20878304_frame3_fft     21   3  0.176470;0.352940;0.470590    50142.751;22802.926;19294.966     6;3;2
with_coding_region     7500   NC_073236.2  SCFR_NC_073236_2_20789829_20939484_frame_2_fft    139  3  0.176473;0.352945;0.058822    69029.564;31906.921;27750.680     6;3;17
with_coding_region     7500   NC_073236.2  SCFR_NC_073236_2_20799036_20846271_frame1_fft     18   3  0.176479;0.352937;0.117646    26979.770;11332.033;10366.596     6;3;9
with_coding_region     7500   NC_073236.2  SCFR_NC_073236_2_20794453_20939476_frame_1_fft    130  3  0.176475;0.352944;0.058825    56893.155;32389.673;31162.331     6;3;17
with_coding_region     7500   NC_073236.2  SCFR_NC_073236_2_20800192_20836225_frame2_fft     16   3  0.176477;0.352954;0.058835    22774.962;11161.784;8548.614      6;3;17
with_coding_region     7500   NC_073236.2  SCFR_NC_073236_2_20736647_20941634_frame_3_fft    184  3  0.176475;0.352944;0.058823    87182.410;52637.339;44912.103     6;3;17
with_coding_region     7500   NC_073236.2  SCFR_NC_073236_2_20846274_20861622_frame1_fft     8    3  0.176440;0.352945;0.058835    6899.689;5963.115;4297.854        6;3;17
with_coding_region     7500   NC_073236.2  SCFR_NC_073236_2_20836228_20877307_frame2_fft     8    3  0.176465;0.470581;0.352930    24994.047;11715.918;10816.811     6;2;3
with_coding_region     7500   NC_073236.2  SCFR_NC_073236_2_20878307_20886779_frame3_fft     8    3  0.176464;0.352927;0.470609    5631.159;3184.791;2528.293        6;3;2
with_coding_region     7500   NC_073236.2  SCFR_NC_073236_2_20861625_20894208_frame1_fft     8    3  0.176472;0.352945;0.470583    21693.463;12364.002;10027.742     6;3;2
with_coding_region     7500   NC_073236.2  SCFR_NC_073236_2_20887700_20903012_frame3_fft     18   3  0.176528;0.058843;0.352926    6146.430;4216.925;3698.421        6;17;3
with_coding_region     7500   NC_073236.2  SCFR_NC_073236_2_20877310_20908543_frame2_fft     33   3  0.176480;0.352928;0.470592    15798.019;7983.758;6999.392       6;3;2
with_coding_region     7500   NC_073236.2  SCFR_NC_073236_2_20908546_20922076_frame2_fft     25   3  0.176571;0.058832;0.353141    8085.564;3404.591;3337.651        6;17;3
with_coding_region     7500   NC_073236.2  SCFR_NC_073236_2_20922094_20933350_frame2_fft     32   3  0.176706;0.058902;0.352878    4298.979;3172.824;2186.697        6;17;3
with_coding_region     7500   NC_073236.2  SCFR_NC_073236_2_20903015_20930447_frame3_fft     63   3  0.176546;0.058873;0.176655    10280.445;6530.100;5338.123       6;17;6
with_coding_region     7500   NC_073236.2  SCFR_NC_073236_2_20926866_20937630_frame1_fft     37   3  0.176700;0.058900;0.176421    5022.320;3054.493;2137.772        6;17;6
with_coding_region     7500   NC_073236.2  SCFR_NC_073236_2_20894211_20926218_frame1_fft     73   3  0.176524;0.058862;0.117693    10570.217;6767.953;5089.397       6;17;8
with_coding_region     7500   NC_073231.2  SCFR_NC_073231_2_13314428_13322057_frame3_fft     5    3  0.333333;0.332940;0.333727    1007.412;476.328;422.747          3;3;3
with_coding_region     7500   NC_073231.2  SCFR_NC_073231_2_149710997_149727908_frame_3_fft  28   3  0.333333;0.316362;0.176098    4421.546;1027.722;1001.421        3;3;6
with_coding_region     7500   NC_073231.2  SCFR_NC_073231_2_149711021_149721230_frame3_fft   60   3  0.333333;0.176119;0.369184    3013.771;1089.378;811.085         3;6;3
with_coding_region     7500   NC_073228.2  SCFR_NC_073228_2_158858669_158868704_frame3_fft   16   3  0.468759;0.437469;0.124963    3514.408;2771.797;2770.226        2;2;8
with_coding_region     7500   NC_073228.2  SCFR_NC_073228_2_158859259_158868676_frame2_fft   15   3  0.468727;0.437507;0.124987    3383.661;3284.057;3101.040        2;2;8
with_coding_region     7500   NC_073228.2  SCFR_NC_073228_2_3980_11498_frame3_fft            3    3  0.166667;0.333333;0.166401    5451.511;2304.566;536.856         6;3;6
with_coding_region     7500   NC_073228.2  SCFR_NC_073228_2_158859195_158868738_frame1_fft   15   3  0.468721;0.437493;0.125013    3299.193;3269.256;3121.882        2;2;8
with_coding_region     7500   NC_073241.2  SCFR_NC_073241_2_2557_11068_frame_1_fft           2    2  0.166608;0.333333             4289.166;2834.000                 6;3
with_coding_region     7500   NC_073241.2  SCFR_NC_073241_2_2558_11069_frame3_fft            2    2  0.166608;0.333333             4290.145;2836.000                 6;3
with_coding_region     7500   NC_073241.2  SCFR_NC_073241_2_1527_11160_frame1_fft            3    3  0.166719;0.333333;0.166096    5455.433;2682.936;610.917         6;3;6
with_coding_region     7500   NC_073241.2  SCFR_NC_073241_2_1526_11213_frame_3_fft           3    3  0.166718;0.333333;0.166202    5477.588;2683.525;641.077         6;3;6
with_coding_region     7500   NC_073239.2  SCFR_NC_073239_2_121851316_121863820_frame2_fft   49   3  0.307262;0.461612;0.461932    1951.848;1797.043;1792.557        3;2;2
with_coding_region     7500   NC_073239.2  SCFR_NC_073239_2_121851275_121863776_frame3_fft   47   3  0.461323;0.307255;0.307575    2362.664;2017.887;1772.955        2;3;3
with_coding_region     7500   NC_073239.2  SCFR_NC_073239_2_121851312_121863879_frame1_fft   51   3  0.307233;0.461367;0.461606    1919.290;1883.683;1838.120        3;2;2
with_coding_region     7500   NC_073239.2  SCFR_NC_073239_2_121936319_121953572_frame_2_fft  130  3  0.333333;0.143453;0.139396    3545.075;1756.682;1629.871        3;7;7
with_coding_region     7500   NC_073239.2  SCFR_NC_073239_2_61701880_61709764_frame2_fft     6    3  0.200025;0.400051;0.032851    5555.184;2204.186;523.570         5;2;30
with_coding_region     7500   NC_073239.2  SCFR_NC_073239_2_61711788_61719360_frame1_fft     4    3  0.199947;0.400026;0.032884    4276.905;2612.737;508.823         5;3;30
with_coding_region     7500   NC_073229.2  SCFR_NC_073229_2_199443150_199451427_frame_3_fft  2    2  0.166606;0.333333             4199.214;2556.714                 6;3
with_coding_region     7500   NC_073229.2  SCFR_NC_073229_2_191756441_191770418_frame_1_fft  26   3  0.306861;0.346498;0.306504    2774.971;2591.985;1719.022        3;3;3
with_coding_region     7500   NC_073229.2  SCFR_NC_073229_2_191756350_191770492_frame_2_fft  24   3  0.306887;0.346556;0.307453    3199.489;3011.803;1745.624        3;3;3
with_coding_region     7500   NC_073229.2  SCFR_NC_073229_2_191756409_191770125_frame_3_fft  23   3  0.346530;0.306868;0.307451    3582.372;3020.828;1657.727        3;3;3
with_coding_region     7500   NC_073229.2  SCFR_NC_073229_2_199443151_199451428_frame2_fft   2    2  0.166606;0.333333             4198.696;2558.174                 6;3
with_coding_region     7500   NC_073229.2  SCFR_NC_073229_2_199443391_199451260_frame_2_fft  2    2  0.166603;0.333333             3951.660;2622.000                 6;3
with_coding_region     7500   NC_073229.2  SCFR_NC_073229_2_615_8445_frame_3_fft             17   3  -0.166667;0.166667;-0.500000  3579.585;3579.585;2608.000        10;50;17
with_coding_region     7500   NC_073229.2  SCFR_NC_073229_2_616_8446_frame2_fft              17   3  -0.166667;0.166667;-0.500000  3577.715;3577.715;2608.000        10;50;17
with_coding_region     7500   NC_073229.2  SCFR_NC_073229_2_199443392_199451261_frame3_fft   2    2  0.166730;0.333333             3952.038;2622.000                 6;3
with_coding_region     7500   NC_073243.2  SCFR_NC_073243_2_2698_10507_frame_1_fft           2    2  0.166603;0.333333             3962.019;2523.668                 6;3
with_coding_region     7500   NC_073243.2  SCFR_NC_073243_2_738_8973_frame_2_fft             13   3  -0.166606;0.166606;-0.333333  5099.077;5099.077;1911.021        9;47;12
with_coding_region     7500   NC_073243.2  SCFR_NC_073243_2_2699_10406_frame3_fft            2    2  0.166602;0.333333             3961.853;2528.514                 6;3
with_coding_region     7500   NC_073243.2  SCFR_NC_073243_2_31952662_31963174_frame_1_fft    1    1  0.333333                      2067.025                          3
with_coding_region     7500   NC_073243.2  SCFR_NC_073243_2_739_10516_frame2_fft             17   3  0.166616;-0.166616;0.333333   5906.420;5906.420;2318.840        39;8;19
with_coding_region     7500   NC_073233.2  SCFR_NC_073233_2_1470_9132_frame_3_fft            2    2  0.166667;0.333333             5877.865;2364.150                 6;3
with_coding_region     7500   NC_073233.2  SCFR_NC_073233_2_143512737_143520636_frame_3_fft  45   3  0.166603;0.333333;0.151918    1461.097;1318.976;814.611         6;3;7
with_coding_region     7500   NC_073233.2  SCFR_NC_073233_2_1465_9133_frame2_fft             2    2  0.166667;0.333333             5880.628;2363.786                 6;3
with_coding_region     7500   NC_073233.2  SCFR_NC_073233_2_143597515_143608078_frame_2_fft  67   3  0.333333;0.166525;0.166809    1770.732;1423.362;1381.130        3;6;6
with_coding_region     7500   NC_073233.2  SCFR_NC_073233_2_17639276_17663846_frame3_fft     45   3  0.437322;0.443834;0.062678    1398.551;1109.744;1082.026        2;2;16
with_coding_region     7500   NC_073233.2  SCFR_NC_073233_2_17639316_17663802_frame_3_fft    46   3  0.437352;0.443845;0.062648    1295.069;1090.461;1045.432        2;2;16
with_coding_region     7500   NC_073233.2  SCFR_NC_073233_2_17639321_17663885_frame_1_fft    47   3  0.437347;0.443006;0.062653    1391.975;1263.818;1111.513        2;2;16
with_coding_region     7500   NC_073233.2  SCFR_NC_073233_2_17639302_17663854_frame2_fft     47   3  0.437317;0.443833;0.443019    1255.982;1105.195;1088.093        2;2;2
with_coding_region     7500   NC_073233.2  SCFR_NC_073233_2_584_8768_frame3_fft              5    3  -0.166667;0.166667;-0.333333  6106.809;6106.809;2288.860        9;47;12
with_coding_region     7500   NC_073233.2  SCFR_NC_073233_2_17639341_17663782_frame_2_fft    29   3  0.499775;0.437339;0.443844    2355.137;1513.215;1097.131        2;2;2
with_coding_region     7500   NC_073233.2  SCFR_NC_073233_2_583_8767_frame_2_fft             5    3  -0.166667;0.166667;-0.333333  6104.997;6104.997;2290.068        9;47;12
with_coding_region     7500   NC_073233.2  SCFR_NC_073233_2_7549030_7557646_frame2_fft       30   3  0.333333;0.159471;0.304318    2772.297;1123.616;1068.688        3;6;3
with_coding_region     7500   NC_073233.2  SCFR_NC_073233_2_17639364_17663817_frame1_fft     33   3  0.499775;0.437329;0.443013    2366.030;1506.531;1203.736        2;2;2
with_coding_region     7500   NC_073233.2  SCFR_NC_073233_2_7462739_7476872_frame_1_fft      97   3  0.333333;0.307649;0.285927    2909.248;1070.905;994.711         3;3;3
with_coding_region     7500   NC_073233.2  SCFR_NC_073233_2_70434983_70452491_frame_1_fft    61   3  0.333333;0.143249;0.143477    3282.870;1576.441;1295.472        3;7;7
with_coding_region     7500   NC_073233.2  SCFR_NC_073233_2_7640486_7654049_frame3_fft       43   3  0.333333;0.374843;0.291823    4010.087;2282.587;1848.108        3;3;3
with_coding_region     7500   NC_073233.2  SCFR_NC_073233_2_7703066_7715603_frame3_fft       18   3  0.333333;0.321369;0.472761    2872.145;853.198;674.402          3;3;2
with_coding_region     7500   NC_073242.2  SCFR_NC_073242_2_104887486_104896507_frame2_fft   44   3  0.023279;0.286554;0.023501    1491.602;987.846;968.667          43;3;43
with_coding_region     7500   NC_073242.2  SCFR_NC_073242_2_104325084_104334585_frame1_fft   47   3  0.023261;0.023471;0.285865    1339.696;1124.758;1031.122        43;43;3
with_coding_region     7500   NC_073242.2  SCFR_NC_073242_2_15563159_15571457_frame3_fft     31   3  0.333333;0.023861;0.357195    1363.314;986.173;908.110          3;42;3
with_coding_region     7500   NC_073242.2  SCFR_NC_073242_2_119013009_119024907_frame1_fft   1    1  0.333333                      1090.663                          3
with_coding_region     7500   NC_073242.2  SCFR_NC_073242_2_21074338_21082198_frame_2_fft    29   3  0.333333;0.166667;0.285623    1480.243;1014.072;1013.213        3;6;4
with_coding_region     7500   NC_073242.2  SCFR_NC_073242_2_16322412_16330200_frame_3_fft    32   3  0.333333;0.023883;0.357216    1279.943;879.427;833.224          3;42;3
with_coding_region     7500   NC_073242.2  SCFR_NC_073242_2_1743_9396_frame_3_fft            2    2  0.166732;0.333333             3908.415;2506.136                 6;3
with_coding_region     7500   NC_073242.2  SCFR_NC_073242_2_1738_9391_frame2_fft             2    2  0.166732;0.333333             3914.862;2507.102                 6;3
with_coding_region     7500   NC_073242.2  SCFR_NC_073242_2_22128305_22136063_frame3_fft     25   3  0.333333;0.381026;0.285641    1393.031;1211.344;1144.241        3;3;4
with_coding_region     7500   NC_073242.2  SCFR_NC_073242_2_28370407_28379173_frame_2_fft    29   3  0.333333;0.166667;0.357061    1481.921;1291.687;913.185         3;6;3
with_coding_region     7500   NC_073242.2  SCFR_NC_073242_2_28995258_29003547_frame_3_fft    23   3  0.333333;0.357100;0.023766    1376.585;1017.974;993.692         3;3;42
with_coding_region     7500   NC_073242.2  SCFR_NC_073242_2_29452062_29461818_frame1_fft     30   3  0.357114;0.023780;0.166667    2117.203;1969.308;1956.964        3;42;6
with_coding_region     7500   NC_073242.2  SCFR_NC_073242_2_26968243_26976550_frame_2_fft    26   3  0.380884;0.357169;0.285783    1682.325;1671.723;1626.391        3;3;3
with_coding_region     7500   NC_073242.2  SCFR_NC_073242_2_30589006_30597979_frame2_fft     37   3  0.333333;0.023738;0.357071    1512.255;877.756;834.597          3;42;3
with_coding_region     7500   NC_073242.2  SCFR_NC_073242_2_29454103_29462050_frame_2_fft    23   3  0.357116;0.023783;0.380898    2127.963;1992.106;1921.779        3;42;3
with_coding_region     7500   NC_073242.2  SCFR_NC_073242_2_29864931_29873196_frame_3_fft    24   3  0.357169;0.380883;0.285783    1688.063;1661.810;1575.559        3;3;3
with_coding_region     7500   NC_073242.2  SCFR_NC_073242_2_32148255_32156904_frame_3_fft    39   3  0.333333;0.380969;0.285698    1444.296;848.116;830.163          3;3;4
with_coding_region     7500   NC_073242.2  SCFR_NC_073242_2_31452455_31462022_frame3_fft     35   3  0.333333;0.023727;0.357061    1613.328;935.374;893.399          3;42;3
with_coding_region     7500   NC_073242.2  SCFR_NC_073242_2_35228067_35236812_frame_3_fft    47   3  0.333333;0.357118;0.285649    1442.290;1012.082;975.277         3;3;4
with_coding_region     7500   NC_073242.2  SCFR_NC_073242_2_35555650_35563366_frame_2_fft    32   3  0.333333;0.357180;0.381026    1260.243;899.639;793.224          3;3;3
with_coding_region     7500   NC_073242.2  SCFR_NC_073242_2_35962701_35971449_frame_3_fft    38   3  0.333333;0.357110;0.023777    1451.456;954.847;873.769          3;3;42
with_coding_region     7500   NC_073242.2  SCFR_NC_073242_2_971_9263_frame3_fft              5    3  -0.166667;0.166667;-0.333333  6255.770;6255.770;2388.962        9;46;12
with_coding_region     7500   NC_073242.2  SCFR_NC_073242_2_970_9262_frame_2_fft             5    3  -0.166667;0.166667;-0.333333  6253.952;6253.952;2390.380        9;46;12
with_coding_region     7500   NC_073242.2  SCFR_NC_073242_2_99634442_99643478_frame_1_fft    39   3  0.023683;0.309761;0.333333    1244.291;1181.294;857.672         42;3;3
with_coding_region     7500   NC_073242.2  SCFR_NC_073242_2_99211222_99221440_frame_2_fft    52   3  0.286357;0.309748;0.023684    1820.887;1418.310;1388.052        3;3;42
with_coding_region     7500   NC_073230.2  SCFR_NC_073230_2_164188677_164197260_frame1_fft   37   3  0.030875;0.499825;0.469300    1782.722;1773.233;1690.436        32;2;2
with_coding_region     7500   NC_073230.2  SCFR_NC_073230_2_170793268_170800978_frame2_fft   2    2  0.166667;0.333333             5863.410;2354.378                 6;3
with_coding_region     7500   NC_073230.2  SCFR_NC_073230_2_170793315_170800977_frame_3_fft  2    2  0.166667;0.333333             5864.724;2357.614                 6;3
with_coding_region     7500   NC_073230.2  SCFR_NC_073230_2_164199720_164211564_frame1_fft   67   3  0.469352;0.030817;0.499831    2942.996;2909.202;2147.771        2;32;2
with_coding_region     7500   NC_073230.2  SCFR_NC_073230_2_8363013_8370960_frame_3_fft      20   3  0.154398;0.156663;0.154020    708.588;624.521;624.010           6;6;6
with_coding_region     7500   NC_073230.2  SCFR_NC_073230_2_8362632_8370786_frame1_fft       19   3  0.154403;0.154035;0.422492    699.887;629.532;596.223           6;6;2
with_coding_region     7500   NC_073230.2  SCFR_NC_073230_2_8362730_8370698_frame_1_fft      21   3  0.154367;0.148469;0.148218    740.478;633.896;605.941           6;7;7
with_coding_region     7500   NC_073230.2  SCFR_NC_073230_2_87646410_87673767_frame_3_fft    150  3  0.333333;0.299448;0.265490    9370.162;3431.458;3424.565        3;3;4
with_coding_region     7500   NC_073230.2  SCFR_NC_073230_2_87793422_87815400_frame_3_fft    54   3  0.333333;0.392210;0.078533    6297.033;2880.445;2745.907        3;3;13
with_coding_region     7500   NC_073230.2  SCFR_NC_073230_2_87770041_87793822_frame_2_fft    80   3  0.333333;0.019638;0.411841    7233.573;3356.316;3038.910        3;51;2
with_coding_region     7500   NC_073230.2  SCFR_NC_073230_2_87833989_87843982_frame_2_fft    20   3  0.333333;0.392074;0.411688    2778.713;653.201;618.689          3;3;2
with_coding_region     7500   NC_073230.2  SCFR_NC_073230_2_87697258_87740314_frame_2_fft    362  3  0.333333;0.357349;0.024015    9706.953;4967.883;4733.124        3;3;42
with_coding_region     7500   NC_073237.2  SCFR_NC_073237_2_27666313_27675031_frame_1_fft    1    1  0.333333                      1247.775                          3
with_coding_region     7500   NC_073224.2  SCFR_NC_073224_2_224250802_224259397_frame_1_fft  1    1  0.333333                      1230.884                          3
with_coding_region     7500   NC_073224.2  SCFR_NC_073224_2_104436844_104446375_frame2_fft   42   3  0.333333;0.480432;0.151506    1853.475;715.476;674.596          3;2;7
with_coding_region     7500   NC_073224.2  SCFR_NC_073224_2_104581524_104592423_frame1_fft   60   3  0.333333;0.179650;0.179283    2572.900;2099.402;1909.301        3;6;6
with_coding_region     7500   NC_073224.2  SCFR_NC_073224_2_104483886_104495943_frame1_fft   93   3  0.333333;0.284980;0.483537    1747.148;1271.306;1267.677        3;4;2
with_coding_region     7500   NC_073224.2  SCFR_NC_073224_2_240353964_240361575_frame1_fft   35   3  0.365129;0.333333;0.031796    2128.503;1984.711;1568.775        3;3;31
with_coding_region     7500   NC_073246.2  SCFR_NC_073246_2_59499021_59507247_frame_2_fft    2    2  0.166667;0.333333             5853.420;1836.816                 6;3
with_coding_region     7500   NC_073246.2  SCFR_NC_073246_2_59499022_59507248_frame2_fft     2    2  0.166667;0.333333             5854.339;1836.866                 6;3
with_coding_region     7500   NC_073238.2  SCFR_NC_073238_2_117449469_117470463_frame_1_fft  1    1  0.333333                      2282.506                          3
with_coding_region     7500   NC_073238.2  SCFR_NC_073238_2_20629240_20637448_frame2_fft     8    3  0.176413;0.352948;0.058845    3663.556;3173.779;2282.202        6;3;17
with_coding_region     7500   NC_073238.2  SCFR_NC_073238_2_20637451_20646475_frame2_fft     8    3  0.176418;0.352948;0.058843    4015.420;3502.015;2443.916        6;3;17
with_coding_region     7500   NC_073238.2  SCFR_NC_073238_2_20446531_20657170_frame_3_fft    91   3  0.176473;0.352945;0.058826    131140.242;61230.898;47160.350    6;3;17
with_coding_region     7500   NC_073238.2  SCFR_NC_073238_2_20659330_20667538_frame2_fft     8    3  0.176413;0.352948;0.058845    3704.047;3173.352;2251.847        6;3;17
with_coding_region     7500   NC_073238.2  SCFR_NC_073238_2_20662458_20683620_frame1_fft     8    3  0.176448;0.352944;0.058832    9417.625;8245.085;5890.650        6;3;17
with_coding_region     7500   NC_073238.2  SCFR_NC_073238_2_20665433_20673386_frame3_fft     8    3  0.176411;0.352949;0.058846    3534.758;3103.252;2224.729        6;3;17
with_coding_region     7500   NC_073238.2  SCFR_NC_073238_2_20684524_20708695_frame2_fft     8    3  0.176451;0.352944;0.058831    10749.254;9448.979;6669.591       6;3;17
with_coding_region     7500   NC_073238.2  SCFR_NC_073238_2_20700657_20709324_frame1_fft     8    3  0.176416;0.352948;0.058844    3868.586;3397.766;2388.548        6;3;17
with_coding_region     7500   NC_073238.2  SCFR_NC_073238_2_20731886_20739941_frame3_fft     8    3  0.176412;0.352948;0.058845    3597.787;3162.410;2254.695        6;3;17
with_coding_region     7500   NC_073238.2  SCFR_NC_073238_2_20737836_20745942_frame1_fft     8    3  0.176413;0.352948;0.058845    3607.227;3174.098;2238.665        6;3;17
with_coding_region     7500   NC_073238.2  SCFR_NC_073238_2_20778840_20795208_frame1_fft     8    3  0.176442;0.352945;0.058834    7305.243;6366.612;4530.531        6;3;17
with_coding_region     7500   NC_073238.2  SCFR_NC_073238_2_20657173_21007348_frame_3_fft    16   3  0.176472;0.352941;0.470588    173048.803;128988.344;102562.496  6;3;2
with_coding_region     7500   NC_073238.2  SCFR_NC_073238_2_20780506_20788714_frame2_fft     8    3  0.176413;0.352948;0.058845    3650.420;3193.506;2273.340        6;3;17
with_coding_region     7500   NC_073238.2  SCFR_NC_073238_2_20814931_20823037_frame2_fft     8    3  0.176413;0.352948;0.058845    3642.893;3168.545;2229.672        6;3;17
with_coding_region     7500   NC_073238.2  SCFR_NC_073238_2_20788445_20796857_frame3_fft     8    3  0.176415;0.352948;0.058845    3769.206;3280.100;2327.344        6;3;17
with_coding_region     7500   NC_073238.2  SCFR_NC_073238_2_20817965_20829854_frame3_fft     8    3  0.176466;0.352931;0.470603    7844.225;4565.134;3654.277        6;3;2
with_coding_region     7500   NC_073238.2  SCFR_NC_073238_2_20825029_20835532_frame2_fft     8    3  0.176426;0.352947;0.058840    4670.409;4102.713;2894.019        6;3;17
with_coding_region     7500   NC_073238.2  SCFR_NC_073238_2_20830520_20841380_frame3_fft     8    3  0.176427;0.352947;0.058840    4838.191;4206.721;2955.924        6;3;17
with_coding_region     7500   NC_073238.2  SCFR_NC_073238_2_20825292_20836620_frame1_fft     8    3  0.176465;0.352931;0.470604    7439.560;4318.274;3439.146        6;3;2
with_coding_region     7500   NC_073238.2  SCFR_NC_073238_2_20905150_20913511_frame2_fft     8    3  0.176414;0.352948;0.058845    3718.914;3228.962;2290.708        6;3;17
with_coding_region     7500   NC_073238.2  SCFR_NC_073238_2_20867040_20876250_frame1_fft     8    3  0.176439;0.470575;0.352986    5263.144;2865.083;2672.907        6;2;3
with_coding_region     7500   NC_073238.2  SCFR_NC_073238_2_20961488_20969492_frame3_fft     8    3  0.176412;0.352949;0.058846    3555.388;3094.872;2154.743        6;3;17
with_coding_region     7500   NC_073238.2  SCFR_NC_073238_2_20914627_20924476_frame2_fft     8    3  0.176465;0.352929;0.470606    6505.636;3726.315;2969.297        6;3;2
with_coding_region     7500   NC_073238.2  SCFR_NC_073238_2_20980307_20987852_frame3_fft     8    3  0.176408;0.352949;0.058847    3386.131;2877.696;1981.783        6;3;17
with_coding_region     7500   NC_073238.2  SCFR_NC_073238_2_21053152_21066613_frame2_fft     8    3  0.176436;0.352946;0.058837    6073.756;5260.653;3672.260        6;3;17
with_coding_region     7500   NC_073238.2  SCFR_NC_073238_2_21243604_21252781_frame2_fft     8    3  0.176419;0.352948;0.058843    4114.144;3509.171;2425.669        6;3;17
with_coding_region     7500   NC_073238.2  SCFR_NC_073238_2_21254475_21273954_frame_1_fft    8    3  0.176446;0.352944;0.058833    8764.730;7488.625;5179.237        6;3;17
with_coding_region     7500   NC_073238.2  SCFR_NC_073238_2_21257782_21268591_frame2_fft     8    3  0.176427;0.352947;0.058840    4858.718;4198.258;2909.125        6;3;17
with_coding_region     7500   NC_073238.2  SCFR_NC_073238_2_21269299_21285259_frame_3_fft    8    3  0.176441;0.352945;0.058835    7196.041;6165.830;4243.283        6;3;17
with_coding_region     7500   NC_073238.2  SCFR_NC_073238_2_21272648_21292127_frame_2_fft    8    3  0.176446;0.352944;0.058833    8772.176;7514.016;5145.142        6;3;17
with_coding_region     7500   NC_073238.2  SCFR_NC_073238_2_21273957_21286296_frame_1_fft    8    3  0.176432;0.352946;0.058838    5558.152;4791.199;3289.391        6;3;17
with_coding_region     7500   NC_073238.2  SCFR_NC_073238_2_21286299_21304401_frame_1_fft    8    3  0.176445;0.352944;0.058833    8187.166;6973.601;4878.828        6;3;17
with_coding_region     7500   NC_073238.2  SCFR_NC_073238_2_21290821_21300457_frame_3_fft    8    3  0.176422;0.352947;0.058842    4364.176;3719.535;2609.983        6;3;17
with_coding_region     7500   NC_073238.2  SCFR_NC_073238_2_21292130_21306845_frame_2_fft    8    3  0.176487;0.470608;0.352973    8970.433;4053.831;3859.392        6;2;3
with_coding_region     7500   NC_073238.2  SCFR_NC_073238_2_21309413_21319631_frame_2_fft    9    3  0.176453;0.352907;0.058818    5704.641;3074.252;2665.765        6;3;17
with_coding_region     7500   NC_073238.2  SCFR_NC_073238_2_21310048_21319639_frame_3_fft    8    3  0.176520;0.352935;0.058805    4290.216;3548.406;2506.909        6;3;17
with_coding_region     7500   NC_073238.2  SCFR_NC_073238_2_21007351_21249865_frame_3_fft    90   3  0.176468;0.352940;0.470591    129452.745;62324.207;52843.998    6;3;2
with_coding_region     7500   NC_073238.2  SCFR_NC_073238_2_21322719_21448506_frame_1_fft    14   3  0.176473;0.470589;0.352938    70166.571;37836.032;34925.822     6;2;3
with_coding_region     7500   NC_073238.2  SCFR_NC_073238_2_21325206_21409380_frame1_fft     8    3  0.176468;0.470585;0.352936    51225.139;22726.361;21762.176     6;2;3
with_coding_region     7500   NC_073238.2  SCFR_NC_073238_2_21325277_21432329_frame_2_fft    8    3  0.176475;0.352941;0.058822    48314.240;40792.505;28142.387     6;3;17
with_coding_region     7500   NC_073238.2  SCFR_NC_073238_2_21325282_21399403_frame2_fft     8    3  0.176468;0.352936;0.058823    47019.519;22980.937;20453.486     6;3;17
with_coding_region     7500   NC_073238.2  SCFR_NC_073238_2_20446425_21254472_frame_1_fft    134  3  0.176471;0.058823;0.352941    346792.487;213288.503;178354.430  6;17;3
with_coding_region     7500   NC_073238.2  SCFR_NC_073238_2_21333230_21374105_frame3_fft     8    3  0.176465;0.470581;0.352930    24922.238;10972.011;10617.211     6;2;3
with_coding_region     7500   NC_073238.2  SCFR_NC_073238_2_20446346_21252449_frame_2_fft    134  3  0.176470;0.058824;0.352941    325334.875;214765.058;177943.160  6;17;3
with_coding_region     7500   NC_073238.2  SCFR_NC_073238_2_21374108_21400331_frame3_fft     8    3  0.176486;0.352934;0.470579    13073.935;9563.500;7495.992       6;3;2
with_coding_region     7500   NC_073238.2  SCFR_NC_073238_2_21406471_21421924_frame2_fft     8    3  0.176471;0.352941;0.470588    10329.447;5923.481;4812.316       6;3;2
with_coding_region     7500   NC_073238.2  SCFR_NC_073238_2_21409383_21420792_frame1_fft     8    3  0.176440;0.352967;0.470593    6166.365;3760.562;3545.783        6;3;2
with_coding_region     7500   NC_073238.2  SCFR_NC_073238_2_21448501_21461527_frame_3_fft    22   3  0.176416;0.176570;0.352986    6665.479;3880.037;3783.014        6;6;3
with_coding_region     7500   NC_073238.2  SCFR_NC_073238_2_21400487_21421394_frame3_fft     8    3  0.176448;0.352944;0.058832    9440.020;7993.465;5488.618        6;3;17
with_coding_region     7500   NC_073238.2  SCFR_NC_073238_2_21432332_21454379_frame_2_fft    17   3  0.176441;0.470586;0.352928    10352.229;5060.988;4982.910       6;2;3
with_coding_region     7500   NC_073238.2  SCFR_NC_073238_2_21454374_21468369_frame_1_fft    25   3  0.176420;0.176563;0.352983    7218.035;4211.272;4050.208        6;6;3
with_coding_region     7500   NC_073238.2  SCFR_NC_073238_2_21461522_21474863_frame_2_fft    20   3  0.176449;0.352972;0.411738    5528.205;4451.361;2618.948        6;3;2
with_coding_region     7500   NC_073238.2  SCFR_NC_073238_2_21474866_21502550_frame_2_fft    8    3  0.176456;0.352948;0.470597    13701.524;9684.913;7604.930       6;3;2
with_coding_region     7500   NC_073238.2  SCFR_NC_073238_2_21468372_21496734_frame_1_fft    15   3  0.176469;0.352937;0.470594    11786.810;8534.869;7675.249       6;3;2
with_coding_region     7500   NC_073238.2  SCFR_NC_073238_2_21325285_21448498_frame_3_fft    8    3  0.176467;0.352942;0.058825    55338.129;46735.271;32278.836     6;3;17
with_coding_region     7500   NC_073238.2  SCFR_NC_073238_2_37643010_37654569_frame_1_fft    1    1  0.333333                      1278.524                          3
with_coding_region     7500   NC_073238.2  SCFR_NC_073238_2_21474874_21501562_frame_3_fft    8    3  0.176484;0.352930;0.470586    14338.325;8587.512;8030.870       6;3;2
with_coding_region     7500   NC_086017.1  SCFR_NC_086017_1_137342151_137350194_frame_2_fft  43   3  0.489618;0.488997;0.489991    2033.531;1511.684;865.377         2;2;2
with_coding_region     7500   NC_086017.1  SCFR_NC_086017_1_137318519_137331521_frame_3_fft  70   3  0.489232;0.489540;0.489002    2809.821;2125.570;1473.303        2;2;2
with_coding_region     7500   NC_086017.1  SCFR_NC_086017_1_0_9945_frame_2_fft               5    3  -0.166616;0.166616;-0.333333  5041.250;5041.250;3270.078        9;46;11
with_coding_region     7500   NC_086017.1  SCFR_NC_086017_1_137324298_137336481_frame_2_fft  73   3  0.489288;0.489453;0.021259    3288.940;3072.417;1404.642        2;2;47
with_coding_region     7500   NC_086017.1  SCFR_NC_086017_1_137345834_137356823_frame_3_fft  52   3  0.489307;0.489489;0.488943    2034.036;1721.737;1674.701        2;2;2
with_coding_region     7500   NC_086017.1  SCFR_NC_086017_1_137349379_137360929_frame_1_fft  67   3  0.489351;0.061385;0.020693    3375.602;1152.142;1003.001        2;16;48
with_coding_region     7500   NC_086017.1  SCFR_NC_086017_1_137382551_137390600_frame_3_fft  46   3  0.489253;0.488881;0.061498    2085.057;925.702;920.053          2;2;16
with_coding_region     7500   NC_086017.1  SCFR_NC_086017_1_137350197_137369193_frame_2_fft  116  3  0.489208;0.489471;0.489314    2841.803;2813.774;2680.972        2;2;2
with_coding_region     7500   NC_086017.1  SCFR_NC_086017_1_137369438_137382548_frame_3_fft  84   3  0.489474;0.489245;0.489626    3053.266;2479.651;1882.482        2;2;2
with_coding_region     7500   NC_086017.1  SCFR_NC_086017_1_137386611_137394606_frame_2_fft  47   3  0.489431;0.489181;0.489681    2090.161;1509.518;945.938         2;2;2
with_coding_region     7500   NC_086017.1  SCFR_NC_086017_1_137410787_137418605_frame_3_fft  44   3  0.488744;0.061397;0.490023    1920.061;1015.738;951.188         2;16;2
with_coding_region     7500   NC_086017.1  SCFR_NC_086017_1_137437348_137445259_frame_1_fft  39   3  0.489319;0.489066;0.489698    1863.369;1392.678;985.423         2;2;2
with_coding_region     7500   NC_086017.1  SCFR_NC_086017_1_137438570_137450096_frame_3_fft  61   3  0.489155;0.489502;0.489676    2649.361;2067.824;1856.493        2;2;2
with_coding_region     7500   NC_086017.1  SCFR_NC_086017_1_137430663_137439786_frame_2_fft  47   3  0.489313;0.489093;0.041653    2309.607;1171.064;1035.743        2;2;24
with_coding_region     7500   NC_086017.1  SCFR_NC_086017_1_137463201_137470728_frame_2_fft  41   3  0.489172;0.489571;0.489837    1361.249;1002.408;860.253         2;2;2
with_coding_region     7500   NC_086017.1  SCFR_NC_086017_1_137422334_137438567_frame_3_fft  78   3  0.489373;0.489065;0.488757    3505.220;2096.732;1878.271        2;2;2
with_coding_region     7500   NC_086017.1  SCFR_NC_086017_1_137451439_137461858_frame_1_fft  52   3  0.489202;0.489490;0.489682    1888.732;1847.152;1430.717        2;2;2
with_coding_region     7500   NC_086017.1  SCFR_NC_086017_1_137466854_137479769_frame_3_fft  58   3  0.489353;0.061479;0.490592    4254.595;1770.039;1282.280        2;16;2
with_coding_region     7500   NC_086017.1  SCFR_NC_086017_1_137470731_137481903_frame_2_fft  53   3  0.489348;0.061493;0.490602    3178.053;1864.693;1436.715        2;16;2
with_coding_region     7500   NC_086017.1  SCFR_NC_086017_1_137491878_137501793_frame_2_fft  55   3  0.489158;0.489460;0.489864    2082.089;1729.283;1117.044        2;2;2
with_coding_region     7500   NC_086017.1  SCFR_NC_086017_1_137530379_137538416_frame_3_fft  37   3  0.489113;0.489362;0.488740    1881.389;1747.252;1014.257        2;2;2
with_coding_region     7500   NC_086017.1  SCFR_NC_086017_1_137538419_137547614_frame_3_fft  44   3  0.489179;0.488853;0.489940    2650.165;1229.535;1051.732        2;2;2
with_coding_region     7500   NC_086017.1  SCFR_NC_086017_1_137469955_137485750_frame_1_fft  74   3  0.489395;0.488509;0.489016    3007.529;1991.272;1861.642        2;2;2
with_coding_region     7500   NC_086017.1  SCFR_NC_086017_1_137485753_137495776_frame_1_fft  55   3  0.489275;0.488975;0.488676    1793.322;1568.530;1348.358        2;2;2
with_coding_region     7500   NC_086017.1  SCFR_NC_086017_1_137534118_137544282_frame_2_fft  48   3  0.489177;0.021547;0.306867    3037.386;1360.388;1141.051        2;46;3
with_coding_region     7500   NC_086017.1  SCFR_NC_086017_1_137553735_137562801_frame_2_fft  60   3  0.489190;0.306861;0.203949    3268.831;1035.076;1034.585        2;3;5
with_coding_region     7500   NC_086017.1  SCFR_NC_086017_1_137554063_137563156_frame_1_fft  51   3  0.489167;0.021555;0.306829    2661.117;1339.826;992.585         2;46;3
with_coding_region     7500   NC_086017.1  SCFR_NC_086017_1_137621877_137630385_frame_2_fft  39   3  0.489187;0.489657;0.490244    1552.002;1318.423;1241.792        2;2;2
with_coding_region     7500   NC_086017.1  SCFR_NC_086017_1_137645625_137658474_frame_2_fft  64   3  0.488987;0.489999;0.489532    1912.718;1620.624;1605.843        2;2;2
with_coding_region     7500   NC_086017.1  SCFR_NC_086017_1_1_10147_frame2_fft               5    3  -0.166667;0.166667;-0.333333  7783.029;7783.029;3278.634        9;45;11
with_coding_region     7500   NC_086017.1  SCFR_NC_086017_1_207349781_207366191_frame_3_fft  23   3  0.333333;0.041682;0.291651    4583.279;3128.015;2933.181        3;24;3
with_coding_region     7500   NC_086017.1  SCFR_NC_086017_1_76_9937_frame_1_fft              5    3  -0.166717;0.166717;-0.333333  4952.074;4952.074;3281.878        9;46;12
with_coding_region     7500   NC_086017.1  SCFR_NC_086017_1_77_10082_frame3_fft              5    3  -0.166717;0.166717;-0.333333  5027.703;5027.703;3292.891        9;46;11
with_coding_region     7500   NC_073234.2  SCFR_NC_073234_2_146051227_146059474_frame2_fft   30   3  0.351886;0.352249;0.350188    1203.674;1130.026;990.120         3;3;3
with_coding_region     7500   NC_073234.2  SCFR_NC_073234_2_146051436_146059089_frame1_fft   33   3  0.351888;0.352280;0.351235    1160.550;1132.104;985.607         3;3;3
with_coding_region     7500   NC_073234.2  SCFR_NC_073234_2_146051453_146059319_frame3_fft   33   3  0.352276;0.351894;0.350114    1185.532;1165.787;1079.135        3;3;3
with_coding_region     7500   NC_073234.2  SCFR_NC_073234_2_60790982_60799271_frame3_fft     26   3  0.333333;0.233201;0.366751    3266.155;1870.986;1634.597        3;4;3
with_coding_region     7500   NC_073234.2  SCFR_NC_073234_2_60790981_60802768_frame_2_fft    45   3  0.333333;0.033427;0.366760    4597.099;2106.338;2059.654        3;30;3
with_coding_region     7500   NC_073227.2  SCFR_NC_073227_2_81548573_81565604_frame_2_fft    19   3  0.428571;0.047619;0.452352    6643.066;4026.895;3702.974        2;21;2
with_coding_region     7500   NC_073227.2  SCFR_NC_073227_2_81964890_81981921_frame_1_fft    20   3  0.428571;0.047619;0.452352    6645.065;4026.025;3702.803        2;21;2
with_coding_region     7500   NC_073227.2  SCFR_NC_073227_2_82037244_82050285_frame_1_fft    19   3  0.428571;0.047619;0.452343    5090.424;3071.077;2830.206        2;21;2
with_coding_region     7500   NC_073227.2  SCFR_NC_073227_2_81618830_81631871_frame_2_fft    19   3  0.428571;0.047619;0.452343    5090.501;3066.734;2827.404        2;21;2
with_coding_region     7500   NC_073227.2  SCFR_NC_073227_2_82060706_82068848_frame_2_fft    19   3  0.452346;0.428519;0.166667    2414.707;2294.712;1924.648        2;2;6
with_coding_region     7500   NC_073227.2  SCFR_NC_073227_2_82240020_82255974_frame_1_fft    37   3  0.452363;0.428545;0.166667    4748.725;4514.729;3803.137        2;2;6
with_coding_region     7500   NC_073227.2  SCFR_NC_073227_2_82341147_82348824_frame_1_fft    19   3  0.428553;0.452390;0.119057    2728.669;2461.329;1598.067        2;2;8
with_coding_region     7500   NC_073227.2  SCFR_NC_073227_2_82171006_82194967_frame_3_fft    25   3  0.428571;0.047619;0.452360    9335.100;5600.427;5169.943        2;21;2
with_coding_region     7500   NC_073227.2  SCFR_NC_073227_2_82352844_82361400_frame_1_fft    19   3  0.428588;0.452431;0.166667    3224.079;2107.308;2021.553        2;2;6
with_coding_region     7500   NC_073227.2  SCFR_NC_073227_2_82364369_82375700_frame_2_fft    20   3  0.428647;0.452387;0.047657    2485.413;2424.662;2296.287        2;2;21
with_coding_region     7500   NC_073227.2  SCFR_NC_073227_2_82280244_82308024_frame_1_fft    37   3  0.428582;0.452376;0.166667    9477.909;9111.530;6566.469        2;2;6
with_coding_region     7500   NC_073227.2  SCFR_NC_073227_2_84719664_84730830_frame_1_fft    20   3  0.452355;0.428533;0.166667    3284.559;3147.495;2658.027        2;2;6
with_coding_region     7500   NC_073227.2  SCFR_NC_073227_2_84730778_84741152_frame_2_fft    20   3  0.428571;0.452381;0.166667    4007.547;3504.446;2482.066        2;2;6
with_coding_region     7500   NC_073227.2  SCFR_NC_073227_2_84782602_84795130_frame_3_fft    26   3  0.428560;0.452347;0.166667    4735.341;3099.227;2990.330        2;2;6
with_coding_region     7500   NC_073227.2  SCFR_NC_073227_2_84827784_84836982_frame_1_fft    20   3  0.428571;0.452381;0.166667    3583.243;3124.949;2152.118        2;2;6
with_coding_region     7500   NC_073227.2  SCFR_NC_073227_2_84751778_84766976_frame_2_fft    36   3  0.452362;0.428543;0.166667    4504.704;4304.739;3617.975        2;2;6
with_coding_region     7500   NC_073227.2  SCFR_NC_073227_2_85150962_85160232_frame_1_fft    21   3  0.428587;0.452427;0.166667    3500.270;2265.814;2190.817        2;2;6
with_coding_region     7500   NC_073227.2  SCFR_NC_073227_2_85089029_85108370_frame_2_fft    26   3  0.428571;0.047619;0.452355    7532.752;4577.050;4203.151        2;21;2
with_coding_region     7500   NC_073227.2  SCFR_NC_073227_2_84864309_84876120_frame_1_fft    20   3  0.428584;0.404792;0.452375    3740.438;2343.428;2100.318        2;2;2
with_coding_region     7500   NC_073227.2  SCFR_NC_073227_2_87318728_87326675_frame_2_fft    19   3  0.428589;0.452372;0.119039    2969.771;2749.237;1711.706        2;2;8
with_coding_region     7500   NC_073227.2  SCFR_NC_073227_2_84845676_84861819_frame_1_fft    20   3  0.452394;0.428545;0.404757    5073.444;4549.889;3470.486        2;2;2
with_coding_region     7500   NC_073227.2  SCFR_NC_073227_2_87333594_87342531_frame_1_fft    20   3  0.428555;0.452389;0.119056    3363.533;3079.715;2005.688        2;2;8
with_coding_region     7500   NC_073248.2  SCFR_NC_073248_2_2020_11068_frame2_fft            12   3  0.166777;0.166556;0.333333    5115.640;3723.069;2453.817        6;6;3
with_coding_region     7500   NC_073248.2  SCFR_NC_073248_2_2019_11067_frame_3_fft           12   3  0.166777;0.166556;0.333333    5114.604;3724.100;2451.840        6;6;3
with_coding_region     7500   NC_073240.2  SCFR_NC_073240_2_13307784_13316655_frame1_fft     8    3  0.176418;0.352948;0.058843    3944.496;3384.102;2373.801        6;3;17
with_coding_region     7500   NC_073240.2  SCFR_NC_073240_2_13140813_13325778_frame_2_fft    11   3  0.176471;0.352942;0.470586    119443.998;64389.165;46493.919    6;3;2
with_coding_region     7500   NC_073240.2  SCFR_NC_073240_2_13140998_13325723_frame_3_fft    8    3  0.176473;0.352941;0.058823    82636.267;70329.484;49165.476     6;3;17
with_coding_region     7500   NC_073240.2  SCFR_NC_073240_2_13140892_13326112_frame_1_fft    11   3  0.176471;0.352942;0.470586    119461.368;64407.307;46529.933    6;3;2
with_coding_region     7500   NC_073240.2  SCFR_NC_073240_2_13555650_13564215_frame1_fft     8    3  0.176416;0.352948;0.058844    3827.308;3242.895;2278.220        6;3;17
with_coding_region     7500   NC_073240.2  SCFR_NC_073240_2_13606973_13615232_frame3_fft     8    3  0.176414;0.352948;0.058845    3680.462;3131.022;2193.332        6;3;17
with_coding_region     7500   NC_073240.2  SCFR_NC_073240_2_13679087_13687397_frame3_fft     8    3  0.176414;0.352948;0.058845    3731.577;3187.053;2277.183        6;3;17
with_coding_region     7500   NC_073240.2  SCFR_NC_073240_2_13717456_13728520_frame2_fft     8    3  0.176428;0.352946;0.058839    4995.337;4236.090;3025.303        6;3;17
with_coding_region     7500   NC_073240.2  SCFR_NC_073240_2_13736649_13745112_frame1_fft     8    3  0.176415;0.352948;0.058844    3793.592;3237.207;2289.665        6;3;17
with_coding_region     7500   NC_073240.2  SCFR_NC_073240_2_13748574_13760454_frame_2_fft    8    3  0.176431;0.352946;0.058838    5313.432;4469.503;3178.477        6;3;17
with_coding_region     7500   NC_073240.2  SCFR_NC_073240_2_13757006_13768172_frame_3_fft    8    3  0.176428;0.352946;0.058839    4987.675;4221.016;2995.505        6;3;17
with_coding_region     7500   NC_073240.2  SCFR_NC_073240_2_13372978_13750747_frame_1_fft    10   3  0.176470;0.352941;0.470589    245506.071;132014.867;96621.281   6;3;2
with_coding_region     7500   NC_073240.2  SCFR_NC_073240_2_13770504_13879080_frame_2_fft    9    3  0.176466;0.352942;0.058825    48980.248;40823.135;28670.903     6;3;17
with_coding_region     7500   NC_073240.2  SCFR_NC_073240_2_13774108_13880695_frame_1_fft    8    3  0.176466;0.352942;0.058825    48066.817;40062.160;28140.087     6;3;17
with_coding_region     7500   NC_073240.2  SCFR_NC_073240_2_13373057_13749047_frame_3_fft    8    3  0.176470;0.352940;0.058823    237479.008;116557.316;106326.660  6;3;17
with_coding_region     7500   NC_073240.2  SCFR_NC_073240_2_13373163_13748571_frame_2_fft    13   3  0.176469;0.352941;0.058824    168491.402;143024.599;101468.876  6;3;17
with_coding_region     7500   NC_073240.2  SCFR_NC_073240_2_13955864_13963613_frame3_fft     8    3  0.176410;0.352949;0.058846    3459.966;2892.653;1971.454        6;3;17
with_coding_region     7500   NC_073240.2  SCFR_NC_073240_2_13961821_13971739_frame2_fft     8    3  0.176447;0.470559;0.352894    6023.562;2612.719;2466.969        6;2;3
with_coding_region     7500   NC_073240.2  SCFR_NC_073240_2_13962273_13973796_frame1_fft     8    3  0.176430;0.352946;0.058839    5161.420;4267.807;2864.864        6;3;17
with_coding_region     7500   NC_073240.2  SCFR_NC_073240_2_13975788_13984659_frame1_fft     8    3  0.176418;0.352948;0.058843    4010.118;3325.401;2342.510        6;3;17
with_coding_region     7500   NC_073240.2  SCFR_NC_073240_2_13977947_13987124_frame3_fft     8    3  0.176419;0.352948;0.058843    4112.458;3432.774;2398.502        6;3;17
with_coding_region     7500   NC_073240.2  SCFR_NC_073240_2_13978525_13986988_frame2_fft     8    3  0.176415;0.352948;0.058844    3778.115;3183.776;2233.366        6;3;17
with_coding_region     7500   NC_073240.2  SCFR_NC_073240_2_13986294_13994961_frame1_fft     8    3  0.176416;0.352948;0.058844    3877.388;3240.169;2234.726        6;3;17
with_coding_region     7500   NC_073240.2  SCFR_NC_073240_2_13994386_14007184_frame2_fft     8    3  0.176434;0.352946;0.058837    5778.404;4838.537;3484.011        6;3;17
with_coding_region     7500   NC_073240.2  SCFR_NC_073240_2_13772714_14058896_frame_3_fft    12   3  0.176472;0.470589;0.352940    164760.233;87646.915;80549.437    6;2;3
with_coding_region     7500   NC_073240.2  SCFR_NC_073240_2_13994964_14005620_frame1_fft     8    3  0.176426;0.352947;0.058840    4805.790;4054.922;2931.758        6;3;17
with_coding_region     7500   NC_073240.2  SCFR_NC_073240_2_13994576_14010329_frame3_fft     8    3  0.176474;0.352949;0.470577    10471.308;5842.019;4806.697       6;3;2
with_coding_region     7500   NC_073240.2  SCFR_NC_073240_2_14011607_14024966_frame3_fft     8    3  0.176435;0.352946;0.058837    5988.608;5022.424;3481.438        6;3;17
with_coding_region     7500   NC_073240.2  SCFR_NC_073240_2_43502626_43512880_frame2_fft     1    1  0.333333                      1024.619                          3
with_coding_region     7500   NC_073240.2  SCFR_NC_073240_2_44333194_44341867_frame2_fft     4    3  0.333333;0.000346;0.333564    1152.432;624.112;486.509          3;2891;3
with_coding_region     7500   NC_073240.2  SCFR_NC_073240_2_13879083_14060100_frame_2_fft    14   3  0.176470;0.352939;0.058823    113644.643;55041.849;49774.377    6;3;17
with_coding_region     7500   NC_073240.2  SCFR_NC_073240_2_68697295_68723734_frame2_fft     88   3  0.474753;0.475018;0.475737    2815.460;2519.399;2233.770        2;2;2
with_coding_region     7500   NC_073240.2  SCFR_NC_073240_2_68697427_68721334_frame_1_fft    79   3  0.475384;0.475049;0.474756    2500.200;2480.198;2379.931        2;2;2
with_coding_region     7500   NC_073240.2  SCFR_NC_073240_2_68697428_68723738_frame3_fft     88   3  0.475029;0.475371;0.474762    3225.191;2556.804;2442.712        2;2;2
with_coding_region     7500   NC_073240.2  SCFR_NC_073240_2_13881718_14058904_frame_1_fft    13   3  0.176470;0.352940;0.470590    115390.522;61045.309;44783.041    6;3;2
with_coding_region     7500   NC_073240.2  SCFR_NC_073240_2_68698173_68713110_frame_2_fft    55   3  0.475397;0.475062;0.474192    2255.507;1893.712;1674.058        2;2;2
with_coding_region     7500   NC_073240.2  SCFR_NC_073240_2_68713113_68723733_frame_2_fft    36   3  0.476836;0.474765;0.475330    1267.338;1233.712;1187.846        2;2;2
with_coding_region     7500   NC_073240.2  SCFR_NC_073240_2_68697441_68723838_frame1_fft     89   3  0.474751;0.475016;0.475736    2844.816;2342.178;2247.540        2;2;2
with_coding_region     7500   NC_073240.2  SCFR_NC_073240_2_68713130_68721290_frame_3_fft    28   3  0.475245;0.476838;0.473897    1213.949;1205.078;1058.098        2;2;2
with_coding_region     7500   NC_073240.2  SCFR_NC_073240_2_68703836_68712935_frame_3_fft    29   3  0.475767;0.474228;0.474997    1384.062;1261.277;1150.891        2;2;2
with_coding_region     7500   NC_073244.2  SCFR_NC_073244_2_15033826_15043543_frame_3_fft    1    1  0.333333                      2013.827                          3
with_coding_region     7500   NC_073244.2  SCFR_NC_073244_2_6255194_6266432_frame_2_fft      65   3  0.080085;0.079818;0.319452    1302.717;1193.005;828.040         12;13;3
with_coding_region     7500   NC_073244.2  SCFR_NC_073244_2_6255187_6266410_frame_3_fft      53   3  0.079836;0.080103;0.080816    1438.385;1155.516;939.843         13;12;12
with_coding_region     7500   NC_073244.2  SCFR_NC_073244_2_6255255_6266448_frame_1_fft      56   3  0.079871;0.080050;0.080854    1378.630;974.486;891.361          13;12;12
with_coding_region     7500   NC_073244.2  SCFR_NC_073244_2_15006751_15029494_frame_3_fft    10   3  0.333333;0.003430;0.002286    4576.847;983.182;935.952          3;292;437
with_coding_region     7500   NC_073232.2  SCFR_NC_073232_2_144214245_144223587_frame_2_fft  11   3  0.444444;0.055556;0.111111    2555.849;2426.762;1783.125        2;18;9
with_coding_region     7500   NC_073232.2  SCFR_NC_073232_2_144214505_144222680_frame_3_fft  12   3  0.055535;0.111070;0.444404    2423.117;2285.161;1730.994        18;9;2
with_coding_region     7500   NC_073232.2  SCFR_NC_073232_2_144215822_144223736_frame3_fft   13   3  0.111069;0.222264;0.277736    1876.173;1786.641;1640.398        9;4;4
with_coding_region     7500   NC_073232.2  SCFR_NC_073232_2_55668237_55676118_frame1_fft     1    1  0.333333                      1092.080                          3
with_coding_region     7500   NC_073232.2  SCFR_NC_073232_2_144213744_144223725_frame1_fft   17   3  0.444444;0.055505;0.111011    2675.968;2637.194;1835.793        2;18;9
with_coding_region     7500   NC_073247.2  SCFR_NC_073247_2_11098957_11108131_frame_2_fft    5    3  0.499673;0.499346;0.499128    2749.599;1037.496;683.488         2;2;2
with_coding_region     7500   NC_073247.2  SCFR_NC_073247_2_11098925_11108282_frame3_fft     5    3  0.499626;0.499305;0.498878    2833.444;992.259;712.527          2;2;2
with_coding_region     7500   NC_073247.2  SCFR_NC_073247_2_11098881_11108220_frame_3_fft    5    3  0.499625;0.499304;0.498876    2823.124;992.023;718.445          2;2;2
with_coding_region     7500   NC_073247.2  SCFR_NC_073247_2_11098921_11108251_frame2_fft     5    3  0.499678;0.499357;0.498821    2717.210;1053.092;619.656         2;2;2
with_coding_region     7500   NC_073247.2  SCFR_NC_073247_2_113262111_113269767_frame1_fft   11   3  0.333333;0.166797;0.166536    1743.413;1231.802;1200.726        3;6;6
with_coding_region     7500   NC_073247.2  SCFR_NC_073247_2_11098968_11108142_frame1_fft     5    3  0.499673;0.499346;0.499128    2751.599;1038.270;684.382         2;2;2
with_coding_region     7500   NC_073247.2  SCFR_NC_073247_2_11098967_11108141_frame_1_fft    5    3  0.499673;0.499346;0.499128    2750.086;1037.949;683.708         2;2;2
with_coding_region     7500   NC_073247.2  SCFR_NC_073247_2_1236_8874_frame_3_fft            2    2  0.166667;0.333333             5479.913;1796.164                 6;3
with_coding_region     7500   NC_073247.2  SCFR_NC_073247_2_1237_9019_frame2_fft             2    2  0.166667;0.333333             5479.347;1797.062                 6;3
with_coding_region     7500   NC_086018.1  SCFR_NC_086018_1_17831075_17840048_frame3_fft     33   3  0.333333;0.074446;0.407779    4230.775;1644.572;1510.368        3;13;2
with_coding_region     7500   NC_086018.1  SCFR_NC_086018_1_17831090_17839793_frame_2_fft    30   3  0.333333;0.074457;0.407790    4249.031;1554.004;1516.910        3;13;2
with_coding_region     7500   NC_086018.1  SCFR_NC_086018_1_19285923_19293849_frame1_fft     11   3  0.083270;0.166540;0.416477    4065.594;2556.000;2258.297        12;6;2
with_coding_region     7500   NC_086018.1  SCFR_NC_086018_1_19285946_19293812_frame3_fft     10   3  0.083270;0.166540;0.416476    4059.153;2536.611;2270.345        12;6;2
with_coding_region     7500   NC_086018.1  SCFR_NC_086018_1_19285963_19293832_frame2_fft     11   3  0.083238;0.166603;0.416444    3183.419;2885.041;2310.655        12;6;2
with_coding_region     7500   NC_086018.1  SCFR_NC_086018_1_8564839_8572612_frame_3_fft      41   3  0.317509;0.364853;0.319053    1590.717;1373.630;1364.381        3;3;3
without_coding_region  10000  NC_073236.2  SCFR_NC_073236_2_18521804_18540476_frame3_fft     8    3  0.176467;0.352935;0.470598    12491.250;7024.552;5562.266       6;3;2
without_coding_region  10000  NC_073236.2  SCFR_NC_073236_2_18541138_18553663_frame2_fft     8    3  0.176447;0.470579;0.352974    7024.712;3674.694;3613.477        6;2;3
without_coding_region  10000  NC_073236.2  SCFR_NC_073236_2_18541485_18554649_frame1_fft     8    3  0.176466;0.352932;0.470602    8797.616;4961.356;3939.718        6;3;2
without_coding_region  10000  NC_073236.2  SCFR_NC_073236_2_18556250_18567926_frame3_fft     8    3  0.176430;0.352946;0.058839    5269.255;4467.188;3140.398        6;3;17
without_coding_region  10000  NC_073236.2  SCFR_NC_073236_2_18581556_18597183_frame1_fft     53   3  0.176361;0.352787;0.470852    8807.629;4096.769;3812.834        6;3;2
without_coding_region  10000  NC_073236.2  SCFR_NC_073236_2_18461034_18586215_frame_2_fft    119  3  0.176472;0.352937;0.176449    62188.702;25779.636;21809.810     6;3;6
without_coding_region  10000  NC_073236.2  SCFR_NC_073236_2_18592775_18616097_frame3_fft     64   3  0.176400;0.352757;0.470843    10493.242;7459.076;4084.400       6;3;2
without_coding_region  10000  NC_073236.2  SCFR_NC_073236_2_18618668_18629369_frame3_fft     36   3  0.176432;0.352771;0.470797    4515.335;3638.093;1713.580        6;3;2
without_coding_region  10000  NC_073236.2  SCFR_NC_073236_2_18627546_18639555_frame1_fft     43   3  0.176368;0.352735;0.470814    7373.128;3183.984;2180.558        6;3;2
without_coding_region  10000  NC_073236.2  SCFR_NC_073236_2_18673940_18688697_frame3_fft     8    3  0.176459;0.352917;0.058820    9439.095;4598.561;4116.604        6;3;17
without_coding_region  10000  NC_073236.2  SCFR_NC_073236_2_18689988_18701328_frame1_fft     8    3  0.176455;0.352910;0.058818    7227.061;3516.617;3147.827        6;3;17
without_coding_region  10000  NC_073236.2  SCFR_NC_073236_2_18707651_18718583_frame3_fft     8    3  0.176454;0.352909;0.058818    6987.151;3414.820;3055.436        6;3;17
without_coding_region  10000  NC_073236.2  SCFR_NC_073236_2_18717834_18729276_frame1_fft     8    3  0.176455;0.352910;0.058818    7317.416;3558.803;3205.232        6;3;17
without_coding_region  10000  NC_073236.2  SCFR_NC_073236_2_18807499_18817717_frame2_fft     8    3  0.176453;0.352907;0.058818    6542.937;3181.473;2854.495        6;3;17
without_coding_region  10000  NC_073236.2  SCFR_NC_073236_2_18847316_18977078_frame_3_fft    97   3  0.176477;0.176462;0.352946    47297.792;45176.158;32997.334     6;6;3
without_coding_region  10000  NC_073236.2  SCFR_NC_073236_2_18868818_18887247_frame1_fft     8    3  0.176461;0.352922;0.058820    11772.451;5769.882;5292.876       6;3;17
without_coding_region  10000  NC_073236.2  SCFR_NC_073236_2_18873340_18912373_frame2_fft     8    3  0.176466;0.352932;0.058822    24927.902;12243.759;11208.765     6;3;17
without_coding_region  10000  NC_073236.2  SCFR_NC_073236_2_18460955_18847313_frame_3_fft    367  3  0.176471;0.352937;0.176476    153633.949;60254.256;54902.071    6;3;6
without_coding_region  10000  NC_073236.2  SCFR_NC_073236_2_18878117_18890426_frame3_fft     8    3  0.176456;0.352913;0.058819    7850.769;3852.228;3567.479        6;3;17
without_coding_region  10000  NC_073236.2  SCFR_NC_073236_2_18910421_18925187_frame3_fft     20   3  0.352905;0.176487;0.470540    4939.868;4937.553;3622.821        3;6;2
without_coding_region  10000  NC_073236.2  SCFR_NC_073236_2_18887382_18911676_frame1_fft     8    3  0.176463;0.352927;0.058821    15538.998;7631.178;6978.592       6;3;17
without_coding_region  10000  NC_073236.2  SCFR_NC_073236_2_18913384_18924823_frame2_fft     10   3  0.176501;0.352915;0.470583    5725.221;4066.390;3234.687        6;3;2
without_coding_region  10000  NC_073236.2  SCFR_NC_073236_2_18929280_18969027_frame1_fft     8    3  0.176466;0.352932;0.058822    25400.005;12466.971;11162.204     6;3;17
without_coding_region  10000  NC_073236.2  SCFR_NC_073236_2_18924826_18973396_frame2_fft     8    3  0.176467;0.352934;0.058822    30980.626;15181.674;13682.893     6;3;17
without_coding_region  10000  NC_073236.2  SCFR_NC_073236_2_18974266_18984871_frame2_fft     8    3  0.176426;0.352947;0.058840    4740.620;4122.733;2851.222        6;3;17
without_coding_region  10000  NC_073236.2  SCFR_NC_073236_2_18932732_18969911_frame3_fft     8    3  0.176471;0.352941;0.470588    25018.217;14471.460;11723.597     6;3;2
without_coding_region  10000  NC_073236.2  SCFR_NC_073236_2_18977394_18992334_frame1_fft     8    3  0.176439;0.352945;0.058835    6700.319;5834.032;4041.811        6;3;17
without_coding_region  10000  NC_073236.2  SCFR_NC_073236_2_18586218_19032354_frame_2_fft    384  3  0.176471;0.176475;0.352937    143576.742;104964.602;95535.725   6;6;3
without_coding_region  10000  NC_073236.2  SCFR_NC_073236_2_18992116_19003213_frame2_fft     10   3  0.176444;0.352978;0.058845    5295.573;3434.213;2990.056        6;3;17
without_coding_region  10000  NC_073236.2  SCFR_NC_073236_2_18977081_19025996_frame_3_fft    37   3  0.176490;0.352959;0.117653    21839.926;14543.997;10900.685     6;3;8
without_coding_region  10000  NC_073236.2  SCFR_NC_073236_2_18996569_19009145_frame3_fft     15   3  0.176527;0.352974;0.058842    5451.327;4089.834;3472.667        6;3;17
without_coding_region  10000  NC_073236.2  SCFR_NC_073236_2_19029263_19042622_frame_3_fft    8    3  0.176435;0.352946;0.058837    5960.532;5231.105;3652.673        6;3;17
without_coding_region  10000  NC_073236.2  SCFR_NC_073236_2_19042625_19058126_frame_3_fft    9    3  0.176440;0.352945;0.058835    6939.376;6061.522;4295.056        6;3;17
without_coding_region  10000  NC_073236.2  SCFR_NC_073236_2_19048095_19058127_frame1_fft     8    3  0.176435;0.352970;0.470594    5395.250;3396.053;3244.469        6;3;2
without_coding_region  10000  NC_073236.2  SCFR_NC_073236_2_19079566_19106236_frame_1_fft    8    3  0.176453;0.352943;0.058830    11909.895;10432.068;7272.553      6;3;17
without_coding_region  10000  NC_073236.2  SCFR_NC_073236_2_19076540_19099589_frame_3_fft    8    3  0.176450;0.352944;0.058831    10287.670;9013.982;6291.304       6;3;17
without_coding_region  10000  NC_073236.2  SCFR_NC_073236_2_19046178_19081059_frame_2_fft    8    3  0.176457;0.352943;0.058829    15617.127;13646.242;9602.285      6;3;17
without_coding_region  10000  NC_073236.2  SCFR_NC_073236_2_19108908_19119870_frame_2_fft    8    3  0.176428;0.352947;0.058840    4914.208;4299.286;3006.937        6;3;17
without_coding_region  10000  NC_073236.2  SCFR_NC_073236_2_19107752_19139135_frame_3_fft    38   3  0.176465;0.352930;0.176561    14750.729;7766.891;6608.482       6;3;6
without_coding_region  10000  NC_073236.2  SCFR_NC_073236_2_18461140_19049575_frame_1_fft    483  3  0.176471;0.176468;0.352938    183211.408;142024.002;125107.639  6;6;3
without_coding_region  10000  NC_073236.2  SCFR_NC_073236_2_19160282_19170887_frame3_fft     8    3  0.176426;0.352947;0.058840    4772.723;4123.446;2930.961        6;3;17
without_coding_region  10000  NC_073236.2  SCFR_NC_073236_2_19119873_19172223_frame_2_fft    42   3  0.176485;0.352932;0.058816    20248.843;14045.050;11016.523     6;3;17
without_coding_region  10000  NC_073236.2  SCFR_NC_073236_2_19164753_19176456_frame1_fft     8    3  0.176450;0.470563;0.352901    7103.340;3267.725;3055.248        6;2;3
without_coding_region  10000  NC_073236.2  SCFR_NC_073236_2_19139138_19176983_frame_3_fft    8    3  0.176483;0.352940;0.058819    16948.329;14685.829;10404.566     6;3;17
without_coding_region  10000  NC_073236.2  SCFR_NC_073236_2_19183311_19257468_frame1_fft     80   3  0.176463;0.470583;0.352927    30307.989;17076.506;16258.329     6;2;3
without_coding_region  10000  NC_073236.2  SCFR_NC_073236_2_19183310_19287365_frame_3_fft    121  3  0.176464;0.176484;0.470588    46182.693;32277.224;28205.790     6;6;2
without_coding_region  10000  NC_073236.2  SCFR_NC_073236_2_19113328_19287679_frame_1_fft    199  3  0.176477;0.176466;0.058824    65138.614;57241.180;34276.544     6;6;17
without_coding_region  10000  NC_073236.2  SCFR_NC_073236_2_19191956_19215290_frame3_fft     8    3  0.176481;0.470601;0.352961    14188.721;6648.720;6139.630       6;2;3
without_coding_region  10000  NC_073236.2  SCFR_NC_073236_2_19178703_19287357_frame_2_fft    133  3  0.176468;0.470586;0.352946    48527.007;29371.703;26103.596     6;2;3
without_coding_region  10000  NC_073236.2  SCFR_NC_073236_2_19270778_19286483_frame3_fft     8    3  0.176441;0.352945;0.058835    7175.739;5945.206;4405.964        6;3;17
without_coding_region  10000  NC_073236.2  SCFR_NC_073236_2_19215293_19254029_frame3_fft     73   3  0.176528;0.176451;0.352928    9707.222;9253.039;8931.307        6;6;3
without_coding_region  10000  NC_073236.2  SCFR_NC_073236_2_19190800_19275301_frame2_fft     98   3  0.176483;0.352931;0.470586    34223.113;23801.560;23186.255     6;3;2
without_coding_region  10000  NC_073236.2  SCFR_NC_073236_2_20061346_20074342_frame2_fft     8    3  0.176439;0.352955;0.470606    6515.246;4804.492;3788.165        6;3;2
without_coding_region  10000  NC_073236.2  SCFR_NC_073236_2_20062689_20074824_frame1_fft     8    3  0.176432;0.352946;0.058838    5504.387;4702.460;3332.891        6;3;17
without_coding_region  10000  NC_073236.2  SCFR_NC_073236_2_20074827_20092686_frame1_fft     8    3  0.176494;0.352931;0.470575    8911.167;6602.006;5215.751        6;3;2
without_coding_region  10000  NC_073236.2  SCFR_NC_073236_2_20055694_20154544_frame_1_fft    79   3  0.176480;0.352949;0.470592    44629.693;24176.599;24029.875     6;3;2
without_coding_region  10000  NC_073236.2  SCFR_NC_073236_2_20076170_20091428_frame3_fft     8    3  0.176498;0.352930;0.470573    7622.072;5640.445;4452.902        6;3;2
without_coding_region  10000  NC_073236.2  SCFR_NC_073236_2_20079490_20093383_frame2_fft     8    3  0.176492;0.470597;0.352912    8068.660;4347.981;4015.043        6;2;3
without_coding_region  10000  NC_073236.2  SCFR_NC_073236_2_20094394_20106148_frame2_fft     15   3  0.176451;0.352901;0.470563    6729.949;3628.483;2649.250        6;3;2
without_coding_region  10000  NC_073236.2  SCFR_NC_073236_2_20055615_20205381_frame_2_fft    144  3  0.176482;0.176469;0.470587    56532.359;37384.111;36230.376     6;6;2
without_coding_region  10000  NC_073236.2  SCFR_NC_073236_2_20113853_20154545_frame3_fft     8    3  0.176472;0.352944;0.470584    27207.875;15492.842;12188.756     6;3;2
without_coding_region  10000  NC_073236.2  SCFR_NC_073236_2_20106151_20150029_frame2_fft     8    3  0.176467;0.352933;0.058822    28039.543;13752.228;12392.915     6;3;17
without_coding_region  10000  NC_073236.2  SCFR_NC_073236_2_20055800_20216210_frame_3_fft    150  3  0.176479;0.176467;0.470588    67537.762;60427.405;40485.410     6;6;2
without_coding_region  10000  NC_073236.2  SCFR_NC_073236_2_20106027_20150913_frame1_fft     8    3  0.176469;0.352939;0.470592    29981.899;17046.146;13472.053     6;3;2
without_coding_region  10000  NC_073236.2  SCFR_NC_073236_2_20151783_20161980_frame1_fft     8    3  0.176424;0.352947;0.058841    4575.593;3958.139;2749.582        6;3;17
without_coding_region  10000  NC_073236.2  SCFR_NC_073236_2_20156611_20167165_frame2_fft     8    3  0.176426;0.352947;0.058840    4722.269;4118.756;2859.866        6;3;17
without_coding_region  10000  NC_073236.2  SCFR_NC_073236_2_20161983_20173368_frame1_fft     15   3  0.176548;0.058849;0.353008    5010.246;3099.780;2894.629        6;17;3
without_coding_region  10000  NC_073236.2  SCFR_NC_073236_2_20166947_20187137_frame3_fft     27   3  0.176474;0.058841;0.352997    10003.431;5303.524;4453.350       6;17;3
without_coding_region  10000  NC_073236.2  SCFR_NC_073236_2_20181004_20192848_frame2_fft     22   3  0.176461;0.353006;0.058848    4920.372;3779.348;3226.373        6;3;17
without_coding_region  10000  NC_073236.2  SCFR_NC_073236_2_20187140_20200328_frame3_fft     11   3  0.176448;0.352972;0.058841    6637.495;4021.399;3522.540        6;3;17
without_coding_region  10000  NC_073236.2  SCFR_NC_073236_2_20225597_20237528_frame_3_fft    9    3  0.176431;0.352946;0.058838    5351.367;4661.454;3294.160        6;3;17
without_coding_region  10000  NC_073236.2  SCFR_NC_073236_2_20234590_20247031_frame_1_fft    8    3  0.176433;0.352946;0.058838    5558.405;4869.955;3420.240        6;3;17
without_coding_region  10000  NC_073236.2  SCFR_NC_073236_2_20227497_20237529_frame1_fft     8    3  0.176435;0.352970;0.470594    5395.844;3394.714;3243.102        6;3;2
without_coding_region  10000  NC_073236.2  SCFR_NC_073236_2_20239367_20250278_frame_3_fft    8    3  0.176427;0.352947;0.058840    4879.121;4284.007;3002.299        6;3;17
without_coding_region  10000  NC_073236.2  SCFR_NC_073236_2_20211759_20242713_frame_2_fft    8    3  0.176455;0.352943;0.058829    13879.043;12103.381;8524.854      6;3;17
without_coding_region  10000  NC_073236.2  SCFR_NC_073236_2_20154547_20222041_frame_1_fft    57   3  0.176490;0.470590;0.117655    26600.905;14375.564;13904.834     6;2;8
without_coding_region  10000  NC_073236.2  SCFR_NC_073236_2_20242716_20254800_frame_2_fft    8    3  0.176432;0.352946;0.058838    5408.408;4736.995;3316.788        6;3;17
without_coding_region  10000  NC_073236.2  SCFR_NC_073236_2_20250281_20273942_frame_3_fft    8    3  0.176451;0.352944;0.058831    10564.929;9258.922;6469.863       6;3;17
without_coding_region  10000  NC_073236.2  SCFR_NC_073236_2_20277226_20292370_frame_1_fft    8    3  0.176440;0.352945;0.058835    6774.748;5925.539;4138.733        6;3;17
without_coding_region  10000  NC_073236.2  SCFR_NC_073236_2_20253307_20277223_frame_1_fft    8    3  0.176451;0.352944;0.058831    10691.821;9365.234;6552.662       6;3;17
without_coding_region  10000  NC_073236.2  SCFR_NC_073236_2_20299020_20312634_frame_2_fft    8    3  0.176436;0.352945;0.058836    6092.902;5338.726;3741.618        6;3;17
without_coding_region  10000  NC_073236.2  SCFR_NC_073236_2_20265972_20299017_frame_2_fft    11   3  0.176456;0.352943;0.058829    14764.622;12934.605;9020.586      6;3;17
without_coding_region  10000  NC_073236.2  SCFR_NC_073236_2_20333598_20356551_frame_2_fft    8    3  0.176491;0.352939;0.058816    10309.367;8888.708;6273.425       6;3;17
without_coding_region  10000  NC_073236.2  SCFR_NC_073236_2_20306126_20353712_frame_3_fft    8    3  0.176480;0.352940;0.058820    21283.426;18587.429;13024.918     6;3;17
without_coding_region  10000  NC_073236.2  SCFR_NC_073236_2_20312637_20331198_frame_2_fft    8    3  0.176445;0.352944;0.058833    8317.560;7250.999;5046.243        6;3;17
without_coding_region  10000  NC_073236.2  SCFR_NC_073236_2_20358340_20402653_frame2_fft     18   3  0.176472;0.352944;0.470584    18644.382;16382.855;10354.765     6;3;2
without_coding_region  10000  NC_073236.2  SCFR_NC_073236_2_20362922_20444732_frame3_fft     47   3  0.176482;0.176458;0.352940    32315.614;28207.381;24041.303     6;6;3
without_coding_region  10000  NC_073236.2  SCFR_NC_073236_2_20358339_20510919_frame_2_fft    158  3  0.176465;0.176478;0.352943    52000.196;47259.416;40859.709     6;6;3
without_coding_region  10000  NC_073236.2  SCFR_NC_073236_2_20364078_20412699_frame1_fft     36   3  0.176488;0.470599;0.352954    19625.169;13934.405;13853.841     6;2;3
without_coding_region  10000  NC_073236.2  SCFR_NC_073236_2_20353715_20510927_frame_3_fft    162  3  0.176462;0.352944;0.470594    46910.732;42091.388;27807.938     6;3;2
without_coding_region  10000  NC_073236.2  SCFR_NC_073236_2_20412702_20428050_frame1_fft     8    3  0.176440;0.352945;0.058835    6899.689;5963.115;4297.854        6;3;17
without_coding_region  10000  NC_073236.2  SCFR_NC_073236_2_20300533_20513077_frame_1_fft    185  3  0.176467;0.176476;0.352943    84006.005;74538.831;61332.312     6;6;3
without_coding_region  10000  NC_073236.2  SCFR_NC_073236_2_20402656_20443735_frame2_fft     8    3  0.176465;0.470581;0.352930    24995.920;11715.112;10816.828     6;2;3
without_coding_region  10000  NC_073236.2  SCFR_NC_073236_2_20428053_20465889_frame1_fft     8    3  0.176472;0.352944;0.470584    25195.727;14325.890;11601.856     6;3;2
without_coding_region  10000  NC_073236.2  SCFR_NC_073236_2_20459381_20474693_frame3_fft     18   3  0.176528;0.058843;0.352926    6146.430;4216.925;3698.421        6;17;3
without_coding_region  10000  NC_073236.2  SCFR_NC_073236_2_20444735_20459378_frame3_fft     8    3  0.176467;0.352933;0.470600    9759.382;5504.450;4371.910        6;3;2
without_coding_region  10000  NC_073236.2  SCFR_NC_073236_2_20493537_20504793_frame1_fft     32   3  0.176706;0.058902;0.352878    4301.778;3171.584;2186.983        6;17;3
without_coding_region  10000  NC_073236.2  SCFR_NC_073236_2_20474696_20497661_frame3_fft     62   3  0.176573;0.058872;0.353103    9765.441;5435.133;4803.124        6;17;3
without_coding_region  10000  NC_073236.2  SCFR_NC_073236_2_20498309_20509073_frame3_fft     37   3  0.176700;0.058900;0.176421    5022.570;3055.145;2136.895        6;17;6
without_coding_region  10000  NC_073236.2  SCFR_NC_073236_2_20465892_20493519_frame1_fft     49   3  0.176530;0.058855;0.353133    12362.649;7086.638;5642.935       6;17;3
without_coding_region  10000  NC_073236.2  SCFR_NC_073236_2_20443738_20501890_frame2_fft     91   3  0.176486;0.176555;0.058829    18920.266;12827.768;10797.438     6;6;17
without_coding_region  10000  NC_073236.2  SCFR_NC_073236_2_20529421_20541352_frame2_fft     16   3  0.176431;0.352946;0.058838    5456.164;3046.488;2757.451        6;3;17
without_coding_region  10000  NC_073236.2  SCFR_NC_073236_2_20528097_20589384_frame_2_fft    30   3  0.176481;0.352946;0.470589    25872.872;15914.951;15434.306     6;3;2
without_coding_region  10000  NC_073236.2  SCFR_NC_073236_2_20540867_20585753_frame3_fft     8    3  0.176469;0.352939;0.470592    29981.899;17046.146;13472.053     6;3;2
without_coding_region  10000  NC_073236.2  SCFR_NC_073236_2_20540991_20584869_frame1_fft     8    3  0.176467;0.352933;0.058822    28039.543;13752.228;12392.915     6;3;17
without_coding_region  10000  NC_073236.2  SCFR_NC_073236_2_20548693_20589385_frame2_fft     8    3  0.176472;0.352944;0.470584    27207.358;15492.042;12186.982     6;3;2
without_coding_region  10000  NC_073236.2  SCFR_NC_073236_2_20527465_20641495_frame_1_fft    104  3  0.176471;0.058827;0.352942    40922.110;25288.437;21695.474     6;17;3
without_coding_region  10000  NC_073236.2  SCFR_NC_073236_2_20591451_20602650_frame1_fft     9    3  0.176444;0.352978;0.470578    5813.267;3390.905;2952.171        6;3;2
without_coding_region  10000  NC_073236.2  SCFR_NC_073236_2_20600546_20612372_frame3_fft     19   3  0.176560;0.058853;0.353036    4692.185;3187.571;2643.987        6;17;3
without_coding_region  10000  NC_073236.2  SCFR_NC_073236_2_20528105_20658155_frame_3_fft    139  3  0.176471;0.176494;0.352941    52657.622;26710.250;25793.159     6;6;3
without_coding_region  10000  NC_073236.2  SCFR_NC_073236_2_20623254_20636442_frame1_fft     11   3  0.176448;0.352972;0.058841    6637.279;4020.907;3524.530        6;3;17
without_coding_region  10000  NC_073236.2  SCFR_NC_073236_2_20617118_20628962_frame3_fft     22   3  0.176461;0.353006;0.058848    4918.526;3778.760;3228.182        6;3;17
without_coding_region  10000  NC_073236.2  SCFR_NC_073236_2_20602653_20623251_frame1_fft     28   3  0.176473;0.058841;0.352995    10509.612;5387.421;4321.553       6;17;3
without_coding_region  10000  NC_073236.2  SCFR_NC_073236_2_20663611_20673643_frame2_fft     8    3  0.176435;0.352970;0.470594    5395.844;3394.714;3243.102        6;3;2
without_coding_region  10000  NC_073236.2  SCFR_NC_073236_2_20661711_20673642_frame_2_fft    9    3  0.176431;0.352946;0.058838    5351.367;4661.454;3294.160        6;3;17
without_coding_region  10000  NC_073236.2  SCFR_NC_073236_2_20589387_20652324_frame_2_fft    58   3  0.176494;0.176446;0.352956    23554.017;16315.028;13679.378     6;6;3
without_coding_region  10000  NC_073236.2  SCFR_NC_073236_2_20670704_20683145_frame_3_fft    8    3  0.176433;0.352946;0.058838    5558.405;4869.955;3420.240        6;3;17
without_coding_region  10000  NC_073236.2  SCFR_NC_073236_2_20647873_20678827_frame_1_fft    8    3  0.176455;0.352943;0.058829    13879.043;12103.381;8524.854      6;3;17
without_coding_region  10000  NC_073236.2  SCFR_NC_073236_2_20675481_20686392_frame_2_fft    8    3  0.176427;0.352947;0.058840    4878.747;4283.619;3000.333        6;3;17
without_coding_region  10000  NC_073236.2  SCFR_NC_073236_2_20678830_20690914_frame_1_fft    8    3  0.176432;0.352946;0.058838    5408.373;4736.481;3314.864        6;3;17
without_coding_region  10000  NC_073236.2  SCFR_NC_073236_2_20713340_20728484_frame_3_fft    8    3  0.176440;0.352945;0.058835    6774.748;5925.539;4138.733        6;3;17
without_coding_region  10000  NC_073236.2  SCFR_NC_073236_2_20689421_20713337_frame_3_fft    8    3  0.176451;0.352944;0.058831    10691.821;9365.234;6552.662       6;3;17
without_coding_region  10000  NC_073236.2  SCFR_NC_073236_2_20686395_20710056_frame_2_fft    8    3  0.176451;0.352944;0.058831    10564.929;9258.922;6469.863       6;3;17
without_coding_region  10000  NC_073236.2  SCFR_NC_073236_2_20735134_20748748_frame_1_fft    8    3  0.176436;0.352945;0.058836    6092.902;5338.726;3741.618        6;3;17
without_coding_region  10000  NC_073236.2  SCFR_NC_073236_2_20702086_20735131_frame_1_fft    11   3  0.176456;0.352943;0.058829    14764.622;12934.605;9020.586      6;3;17
without_coding_region  10000  NC_073236.2  SCFR_NC_073236_2_20748751_20767312_frame_1_fft    8    3  0.176445;0.352944;0.058833    8317.560;7250.999;5046.243        6;3;17
without_coding_region  10000  NC_073236.2  SCFR_NC_073236_2_20769712_20792665_frame_1_fft    8    3  0.176491;0.352939;0.058816    10309.367;8888.708;6273.425       6;3;17
without_coding_region  10000  NC_073236.2  SCFR_NC_073236_2_20742240_20789826_frame_2_fft    8    3  0.176480;0.352940;0.058820    21283.426;18587.429;13024.918     6;3;17
without_coding_region  10000  NC_073236.2  SCFR_NC_073236_2_20794454_20878304_frame3_fft     21   3  0.176470;0.352940;0.470590    50142.751;22802.926;19294.966     6;3;2
without_coding_region  10000  NC_073236.2  SCFR_NC_073236_2_20799036_20846271_frame1_fft     18   3  0.176479;0.352937;0.117646    26979.770;11332.033;10366.596     6;3;9
without_coding_region  10000  NC_073236.2  SCFR_NC_073236_2_20789829_20939484_frame_2_fft    139  3  0.176473;0.352945;0.058822    69029.564;31906.921;27750.680     6;3;17
without_coding_region  10000  NC_073236.2  SCFR_NC_073236_2_20794453_20939476_frame_1_fft    130  3  0.176475;0.352944;0.058825    56893.155;32389.673;31162.331     6;3;17
without_coding_region  10000  NC_073236.2  SCFR_NC_073236_2_20736647_20941634_frame_3_fft    184  3  0.176475;0.352944;0.058823    87182.410;52637.339;44912.103     6;3;17
without_coding_region  10000  NC_073236.2  SCFR_NC_073236_2_20800192_20836225_frame2_fft     16   3  0.176477;0.352954;0.058835    22774.962;11161.784;8548.614      6;3;17
without_coding_region  10000  NC_073236.2  SCFR_NC_073236_2_20846274_20861622_frame1_fft     8    3  0.176440;0.352945;0.058835    6899.689;5963.115;4297.854        6;3;17
without_coding_region  10000  NC_073236.2  SCFR_NC_073236_2_20887700_20903012_frame3_fft     18   3  0.176528;0.058843;0.352926    6146.430;4216.925;3698.421        6;17;3
without_coding_region  10000  NC_073236.2  SCFR_NC_073236_2_20836228_20877307_frame2_fft     8    3  0.176465;0.470581;0.352930    24994.047;11715.918;10816.811     6;2;3
without_coding_region  10000  NC_073236.2  SCFR_NC_073236_2_20861625_20894208_frame1_fft     8    3  0.176472;0.352945;0.470583    21693.463;12364.002;10027.742     6;3;2
without_coding_region  10000  NC_073236.2  SCFR_NC_073236_2_20877310_20908543_frame2_fft     33   3  0.176480;0.352928;0.470592    15798.019;7983.758;6999.392       6;3;2
without_coding_region  10000  NC_073236.2  SCFR_NC_073236_2_20908546_20922076_frame2_fft     25   3  0.176571;0.058832;0.353141    8085.564;3404.591;3337.651        6;17;3
without_coding_region  10000  NC_073236.2  SCFR_NC_073236_2_20894211_20926218_frame1_fft     73   3  0.176524;0.058862;0.117693    10570.217;6767.953;5089.397       6;17;8
without_coding_region  10000  NC_073236.2  SCFR_NC_073236_2_20922094_20933350_frame2_fft     32   3  0.176706;0.058902;0.352878    4298.979;3172.824;2186.697        6;17;3
without_coding_region  10000  NC_073236.2  SCFR_NC_073236_2_20903015_20930447_frame3_fft     63   3  0.176546;0.058873;0.176655    10280.445;6530.100;5338.123       6;17;6
without_coding_region  10000  NC_073236.2  SCFR_NC_073236_2_20926866_20937630_frame1_fft     37   3  0.176700;0.058900;0.176421    5022.320;3054.493;2137.772        6;17;6
without_coding_region  10000  NC_073228.2  SCFR_NC_073228_2_158858669_158868704_frame3_fft   16   3  0.468759;0.437469;0.124963    3514.408;2771.797;2770.226        2;2;8
without_coding_region  10000  NC_073239.2  SCFR_NC_073239_2_121851312_121863879_frame1_fft   51   3  0.307233;0.461367;0.461606    1919.290;1883.683;1838.120        3;2;2
without_coding_region  10000  NC_073239.2  SCFR_NC_073239_2_121851316_121863820_frame2_fft   49   3  0.307262;0.461612;0.461932    1951.848;1797.043;1792.557        3;2;2
without_coding_region  10000  NC_073239.2  SCFR_NC_073239_2_121851275_121863776_frame3_fft   47   3  0.461323;0.307255;0.307575    2362.664;2017.887;1772.955        2;3;3
without_coding_region  10000  NC_073229.2  SCFR_NC_073229_2_191756350_191770492_frame_2_fft  24   3  0.306887;0.346556;0.307453    3199.489;3011.803;1745.624        3;3;3
without_coding_region  10000  NC_073229.2  SCFR_NC_073229_2_191756409_191770125_frame_3_fft  23   3  0.346530;0.306868;0.307451    3582.372;3020.828;1657.727        3;3;3
without_coding_region  10000  NC_073229.2  SCFR_NC_073229_2_191756441_191770418_frame_1_fft  26   3  0.306861;0.346498;0.306504    2774.971;2591.985;1719.022        3;3;3
without_coding_region  10000  NC_073233.2  SCFR_NC_073233_2_143597515_143608078_frame_2_fft  67   3  0.333333;0.166525;0.166809    1770.732;1423.362;1381.130        3;6;6
without_coding_region  10000  NC_073233.2  SCFR_NC_073233_2_17639302_17663854_frame2_fft     47   3  0.437317;0.443833;0.443019    1255.982;1105.195;1088.093        2;2;2
without_coding_region  10000  NC_073233.2  SCFR_NC_073233_2_17639276_17663846_frame3_fft     45   3  0.437322;0.443834;0.062678    1398.551;1109.744;1082.026        2;2;16
without_coding_region  10000  NC_073233.2  SCFR_NC_073233_2_17639316_17663802_frame_3_fft    46   3  0.437352;0.443845;0.062648    1295.069;1090.461;1045.432        2;2;16
without_coding_region  10000  NC_073233.2  SCFR_NC_073233_2_17639321_17663885_frame_1_fft    47   3  0.437347;0.443006;0.062653    1391.975;1263.818;1111.513        2;2;16
without_coding_region  10000  NC_073233.2  SCFR_NC_073233_2_17639341_17663782_frame_2_fft    29   3  0.499775;0.437339;0.443844    2355.137;1513.215;1097.131        2;2;2
without_coding_region  10000  NC_073233.2  SCFR_NC_073233_2_17639364_17663817_frame1_fft     33   3  0.499775;0.437329;0.443013    2366.030;1506.531;1203.736        2;2;2
without_coding_region  10000  NC_073230.2  SCFR_NC_073230_2_164199720_164211564_frame1_fft   67   3  0.469352;0.030817;0.499831    2942.996;2909.202;2147.771        2;32;2
without_coding_region  10000  NC_073238.2  SCFR_NC_073238_2_20446531_20657170_frame_3_fft    91   3  0.176473;0.352945;0.058826    131140.242;61230.898;47160.350    6;3;17
without_coding_region  10000  NC_073238.2  SCFR_NC_073238_2_20662458_20683620_frame1_fft     8    3  0.176448;0.352944;0.058832    9417.625;8245.085;5890.650        6;3;17
without_coding_region  10000  NC_073238.2  SCFR_NC_073238_2_20684524_20708695_frame2_fft     8    3  0.176451;0.352944;0.058831    10749.254;9448.979;6669.591       6;3;17
without_coding_region  10000  NC_073238.2  SCFR_NC_073238_2_20778840_20795208_frame1_fft     8    3  0.176442;0.352945;0.058834    7305.243;6366.612;4530.531        6;3;17
without_coding_region  10000  NC_073238.2  SCFR_NC_073238_2_20817965_20829854_frame3_fft     8    3  0.176466;0.352931;0.470603    7844.225;4565.134;3654.277        6;3;2
without_coding_region  10000  NC_073238.2  SCFR_NC_073238_2_20825029_20835532_frame2_fft     8    3  0.176426;0.352947;0.058840    4670.409;4102.713;2894.019        6;3;17
without_coding_region  10000  NC_073238.2  SCFR_NC_073238_2_20825292_20836620_frame1_fft     8    3  0.176465;0.352931;0.470604    7439.560;4318.274;3439.146        6;3;2
without_coding_region  10000  NC_073238.2  SCFR_NC_073238_2_20830520_20841380_frame3_fft     8    3  0.176427;0.352947;0.058840    4838.191;4206.721;2955.924        6;3;17
without_coding_region  10000  NC_073238.2  SCFR_NC_073238_2_20657173_21007348_frame_3_fft    16   3  0.176472;0.352941;0.470588    173048.803;128988.344;102562.496  6;3;2
without_coding_region  10000  NC_073238.2  SCFR_NC_073238_2_21053152_21066613_frame2_fft     8    3  0.176436;0.352946;0.058837    6073.756;5260.653;3672.260        6;3;17
without_coding_region  10000  NC_073238.2  SCFR_NC_073238_2_21254475_21273954_frame_1_fft    8    3  0.176446;0.352944;0.058833    8764.730;7488.625;5179.237        6;3;17
without_coding_region  10000  NC_073238.2  SCFR_NC_073238_2_21257782_21268591_frame2_fft     8    3  0.176427;0.352947;0.058840    4858.718;4198.258;2909.125        6;3;17
without_coding_region  10000  NC_073238.2  SCFR_NC_073238_2_21269299_21285259_frame_3_fft    8    3  0.176441;0.352945;0.058835    7196.041;6165.830;4243.283        6;3;17
without_coding_region  10000  NC_073238.2  SCFR_NC_073238_2_21272648_21292127_frame_2_fft    8    3  0.176446;0.352944;0.058833    8772.176;7514.016;5145.142        6;3;17
without_coding_region  10000  NC_073238.2  SCFR_NC_073238_2_21273957_21286296_frame_1_fft    8    3  0.176432;0.352946;0.058838    5558.152;4791.199;3289.391        6;3;17
without_coding_region  10000  NC_073238.2  SCFR_NC_073238_2_21286299_21304401_frame_1_fft    8    3  0.176445;0.352944;0.058833    8187.166;6973.601;4878.828        6;3;17
without_coding_region  10000  NC_073238.2  SCFR_NC_073238_2_21292130_21306845_frame_2_fft    8    3  0.176487;0.470608;0.352973    8970.433;4053.831;3859.392        6;2;3
without_coding_region  10000  NC_073238.2  SCFR_NC_073238_2_21309413_21319631_frame_2_fft    9    3  0.176453;0.352907;0.058818    5704.641;3074.252;2665.765        6;3;17
without_coding_region  10000  NC_073238.2  SCFR_NC_073238_2_21007351_21249865_frame_3_fft    90   3  0.176468;0.352940;0.470591    129452.745;62324.207;52843.998    6;3;2
without_coding_region  10000  NC_073238.2  SCFR_NC_073238_2_21322719_21448506_frame_1_fft    14   3  0.176473;0.470589;0.352938    70166.571;37836.032;34925.822     6;2;3
without_coding_region  10000  NC_073238.2  SCFR_NC_073238_2_21325206_21409380_frame1_fft     8    3  0.176468;0.470585;0.352936    51225.139;22726.361;21762.176     6;2;3
without_coding_region  10000  NC_073238.2  SCFR_NC_073238_2_21325277_21432329_frame_2_fft    8    3  0.176475;0.352941;0.058822    48314.240;40792.505;28142.387     6;3;17
without_coding_region  10000  NC_073238.2  SCFR_NC_073238_2_21325282_21399403_frame2_fft     8    3  0.176468;0.352936;0.058823    47019.519;22980.937;20453.486     6;3;17
without_coding_region  10000  NC_073238.2  SCFR_NC_073238_2_21333230_21374105_frame3_fft     8    3  0.176465;0.470581;0.352930    24922.238;10972.011;10617.211     6;2;3
without_coding_region  10000  NC_073238.2  SCFR_NC_073238_2_21374108_21400331_frame3_fft     8    3  0.176486;0.352934;0.470579    13073.935;9563.500;7495.992       6;3;2
without_coding_region  10000  NC_073238.2  SCFR_NC_073238_2_21400487_21421394_frame3_fft     8    3  0.176448;0.352944;0.058832    9440.020;7993.465;5488.618        6;3;17
without_coding_region  10000  NC_073238.2  SCFR_NC_073238_2_20446425_21254472_frame_1_fft    134  3  0.176471;0.058823;0.352941    346792.487;213288.503;178354.430  6;17;3
without_coding_region  10000  NC_073238.2  SCFR_NC_073238_2_21406471_21421924_frame2_fft     8    3  0.176471;0.352941;0.470588    10329.447;5923.481;4812.316       6;3;2
without_coding_region  10000  NC_073238.2  SCFR_NC_073238_2_20446346_21252449_frame_2_fft    134  3  0.176470;0.058824;0.352941    325334.875;214765.058;177943.160  6;17;3
without_coding_region  10000  NC_073238.2  SCFR_NC_073238_2_21409383_21420792_frame1_fft     8    3  0.176440;0.352967;0.470593    6166.365;3760.562;3545.783        6;3;2
without_coding_region  10000  NC_073238.2  SCFR_NC_073238_2_21325285_21448498_frame_3_fft    8    3  0.176467;0.352942;0.058825    55338.129;46735.271;32278.836     6;3;17
without_coding_region  10000  NC_073238.2  SCFR_NC_073238_2_21454374_21468369_frame_1_fft    25   3  0.176420;0.176563;0.352983    7218.035;4211.272;4050.208        6;6;3
without_coding_region  10000  NC_073238.2  SCFR_NC_073238_2_21461522_21474863_frame_2_fft    20   3  0.176449;0.352972;0.411738    5528.205;4451.361;2618.948        6;3;2
without_coding_region  10000  NC_073238.2  SCFR_NC_073238_2_21448501_21461527_frame_3_fft    22   3  0.176416;0.176570;0.352986    6665.479;3880.037;3783.014        6;6;3
without_coding_region  10000  NC_073238.2  SCFR_NC_073238_2_21432332_21454379_frame_2_fft    17   3  0.176441;0.470586;0.352928    10352.229;5060.988;4982.910       6;2;3
without_coding_region  10000  NC_073238.2  SCFR_NC_073238_2_21468372_21496734_frame_1_fft    15   3  0.176469;0.352937;0.470594    11786.810;8534.869;7675.249       6;3;2
without_coding_region  10000  NC_073238.2  SCFR_NC_073238_2_21474866_21502550_frame_2_fft    8    3  0.176456;0.352948;0.470597    13701.524;9684.913;7604.930       6;3;2
without_coding_region  10000  NC_073238.2  SCFR_NC_073238_2_21474874_21501562_frame_3_fft    8    3  0.176484;0.352930;0.470586    14338.325;8587.512;8030.870       6;3;2
without_coding_region  10000  NC_086017.1  SCFR_NC_086017_1_137324298_137336481_frame_2_fft  73   3  0.489288;0.489453;0.021259    3288.940;3072.417;1404.642        2;2;47
without_coding_region  10000  NC_086017.1  SCFR_NC_086017_1_137345834_137356823_frame_3_fft  52   3  0.489307;0.489489;0.488943    2034.036;1721.737;1674.701        2;2;2
without_coding_region  10000  NC_086017.1  SCFR_NC_086017_1_137349379_137360929_frame_1_fft  67   3  0.489351;0.061385;0.020693    3375.602;1152.142;1003.001        2;16;48
without_coding_region  10000  NC_086017.1  SCFR_NC_086017_1_137318519_137331521_frame_3_fft  70   3  0.489232;0.489540;0.489002    2809.821;2125.570;1473.303        2;2;2
without_coding_region  10000  NC_086017.1  SCFR_NC_086017_1_137369438_137382548_frame_3_fft  84   3  0.489474;0.489245;0.489626    3053.266;2479.651;1882.482        2;2;2
without_coding_region  10000  NC_086017.1  SCFR_NC_086017_1_137350197_137369193_frame_2_fft  116  3  0.489208;0.489471;0.489314    2841.803;2813.774;2680.972        2;2;2
without_coding_region  10000  NC_086017.1  SCFR_NC_086017_1_137422334_137438567_frame_3_fft  78   3  0.489373;0.489065;0.488757    3505.220;2096.732;1878.271        2;2;2
without_coding_region  10000  NC_086017.1  SCFR_NC_086017_1_137438570_137450096_frame_3_fft  61   3  0.489155;0.489502;0.489676    2649.361;2067.824;1856.493        2;2;2
without_coding_region  10000  NC_086017.1  SCFR_NC_086017_1_137451439_137461858_frame_1_fft  52   3  0.489202;0.489490;0.489682    1888.732;1847.152;1430.717        2;2;2
without_coding_region  10000  NC_086017.1  SCFR_NC_086017_1_137466854_137479769_frame_3_fft  58   3  0.489353;0.061479;0.490592    4254.595;1770.039;1282.280        2;16;2
without_coding_region  10000  NC_086017.1  SCFR_NC_086017_1_137470731_137481903_frame_2_fft  53   3  0.489348;0.061493;0.490602    3178.053;1864.693;1436.715        2;16;2
without_coding_region  10000  NC_086017.1  SCFR_NC_086017_1_137469955_137485750_frame_1_fft  74   3  0.489395;0.488509;0.489016    3007.529;1991.272;1861.642        2;2;2
without_coding_region  10000  NC_086017.1  SCFR_NC_086017_1_137645625_137658474_frame_2_fft  64   3  0.488987;0.489999;0.489532    1912.718;1620.624;1605.843        2;2;2
without_coding_region  10000  NC_086017.1  SCFR_NC_086017_1_137485753_137495776_frame_1_fft  55   3  0.489275;0.488975;0.488676    1793.322;1568.530;1348.358        2;2;2
without_coding_region  10000  NC_086017.1  SCFR_NC_086017_1_137534118_137544282_frame_2_fft  48   3  0.489177;0.021547;0.306867    3037.386;1360.388;1141.051        2;46;3
without_coding_region  10000  NC_086017.1  SCFR_NC_086017_1_1_10147_frame2_fft               5    3  -0.166667;0.166667;-0.333333  7783.029;7783.029;3278.634        9;45;11
without_coding_region  10000  NC_086017.1  SCFR_NC_086017_1_77_10082_frame3_fft              5    3  -0.166717;0.166717;-0.333333  5027.703;5027.703;3292.891        9;46;11
without_coding_region  10000  NC_073227.2  SCFR_NC_073227_2_81548573_81565604_frame_2_fft    19   3  0.428571;0.047619;0.452352    6643.066;4026.895;3702.974        2;21;2
without_coding_region  10000  NC_073227.2  SCFR_NC_073227_2_81618830_81631871_frame_2_fft    19   3  0.428571;0.047619;0.452343    5090.501;3066.734;2827.404        2;21;2
without_coding_region  10000  NC_073227.2  SCFR_NC_073227_2_82037244_82050285_frame_1_fft    19   3  0.428571;0.047619;0.452343    5090.424;3071.077;2830.206        2;21;2
without_coding_region  10000  NC_073227.2  SCFR_NC_073227_2_81964890_81981921_frame_1_fft    20   3  0.428571;0.047619;0.452352    6645.065;4026.025;3702.803        2;21;2
without_coding_region  10000  NC_073227.2  SCFR_NC_073227_2_82240020_82255974_frame_1_fft    37   3  0.452363;0.428545;0.166667    4748.725;4514.729;3803.137        2;2;6
without_coding_region  10000  NC_073227.2  SCFR_NC_073227_2_82364369_82375700_frame_2_fft    20   3  0.428647;0.452387;0.047657    2485.413;2424.662;2296.287        2;2;21
without_coding_region  10000  NC_073227.2  SCFR_NC_073227_2_84719664_84730830_frame_1_fft    20   3  0.452355;0.428533;0.166667    3284.559;3147.495;2658.027        2;2;6
without_coding_region  10000  NC_073227.2  SCFR_NC_073227_2_82280244_82308024_frame_1_fft    37   3  0.428582;0.452376;0.166667    9477.909;9111.530;6566.469        2;2;6
without_coding_region  10000  NC_073227.2  SCFR_NC_073227_2_82171006_82194967_frame_3_fft    25   3  0.428571;0.047619;0.452360    9335.100;5600.427;5169.943        2;21;2
without_coding_region  10000  NC_073227.2  SCFR_NC_073227_2_84730778_84741152_frame_2_fft    20   3  0.428571;0.452381;0.166667    4007.547;3504.446;2482.066        2;2;6
without_coding_region  10000  NC_073227.2  SCFR_NC_073227_2_84751778_84766976_frame_2_fft    36   3  0.452362;0.428543;0.166667    4504.704;4304.739;3617.975        2;2;6
without_coding_region  10000  NC_073227.2  SCFR_NC_073227_2_84864309_84876120_frame_1_fft    20   3  0.428584;0.404792;0.452375    3740.438;2343.428;2100.318        2;2;2
without_coding_region  10000  NC_073227.2  SCFR_NC_073227_2_84782602_84795130_frame_3_fft    26   3  0.428560;0.452347;0.166667    4735.341;3099.227;2990.330        2;2;6
without_coding_region  10000  NC_073227.2  SCFR_NC_073227_2_84845676_84861819_frame_1_fft    20   3  0.452394;0.428545;0.404757    5073.444;4549.889;3470.486        2;2;2
without_coding_region  10000  NC_073227.2  SCFR_NC_073227_2_85089029_85108370_frame_2_fft    26   3  0.428571;0.047619;0.452355    7532.752;4577.050;4203.151        2;21;2
without_coding_region  10000  NC_073240.2  SCFR_NC_073240_2_13140892_13326112_frame_1_fft    11   3  0.176471;0.352942;0.470586    119461.368;64407.307;46529.933    6;3;2
without_coding_region  10000  NC_073240.2  SCFR_NC_073240_2_13140998_13325723_frame_3_fft    8    3  0.176473;0.352941;0.058823    82636.267;70329.484;49165.476     6;3;17
without_coding_region  10000  NC_073240.2  SCFR_NC_073240_2_13140813_13325778_frame_2_fft    11   3  0.176471;0.352942;0.470586    119443.998;64389.165;46493.919    6;3;2
without_coding_region  10000  NC_073240.2  SCFR_NC_073240_2_13717456_13728520_frame2_fft     8    3  0.176428;0.352946;0.058839    4995.337;4236.090;3025.303        6;3;17
without_coding_region  10000  NC_073240.2  SCFR_NC_073240_2_13748574_13760454_frame_2_fft    8    3  0.176431;0.352946;0.058838    5313.432;4469.503;3178.477        6;3;17
without_coding_region  10000  NC_073240.2  SCFR_NC_073240_2_13757006_13768172_frame_3_fft    8    3  0.176428;0.352946;0.058839    4987.675;4221.016;2995.505        6;3;17
without_coding_region  10000  NC_073240.2  SCFR_NC_073240_2_13770504_13879080_frame_2_fft    9    3  0.176466;0.352942;0.058825    48980.248;40823.135;28670.903     6;3;17
without_coding_region  10000  NC_073240.2  SCFR_NC_073240_2_13372978_13750747_frame_1_fft    10   3  0.176470;0.352941;0.470589    245506.071;132014.867;96621.281   6;3;2
without_coding_region  10000  NC_073240.2  SCFR_NC_073240_2_13774108_13880695_frame_1_fft    8    3  0.176466;0.352942;0.058825    48066.817;40062.160;28140.087     6;3;17
without_coding_region  10000  NC_073240.2  SCFR_NC_073240_2_13373163_13748571_frame_2_fft    13   3  0.176469;0.352941;0.058824    168491.402;143024.599;101468.876  6;3;17
without_coding_region  10000  NC_073240.2  SCFR_NC_073240_2_13373057_13749047_frame_3_fft    8    3  0.176470;0.352940;0.058823    237479.008;116557.316;106326.660  6;3;17
without_coding_region  10000  NC_073240.2  SCFR_NC_073240_2_13962273_13973796_frame1_fft     8    3  0.176430;0.352946;0.058839    5161.420;4267.807;2864.864        6;3;17
without_coding_region  10000  NC_073240.2  SCFR_NC_073240_2_13994386_14007184_frame2_fft     8    3  0.176434;0.352946;0.058837    5778.404;4838.537;3484.011        6;3;17
without_coding_region  10000  NC_073240.2  SCFR_NC_073240_2_13994576_14010329_frame3_fft     8    3  0.176474;0.352949;0.470577    10471.308;5842.019;4806.697       6;3;2
without_coding_region  10000  NC_073240.2  SCFR_NC_073240_2_13879083_14060100_frame_2_fft    14   3  0.176470;0.352939;0.058823    113644.643;55041.849;49774.377    6;3;17
without_coding_region  10000  NC_073240.2  SCFR_NC_073240_2_13772714_14058896_frame_3_fft    12   3  0.176472;0.470589;0.352940    164760.233;87646.915;80549.437    6;2;3
without_coding_region  10000  NC_073240.2  SCFR_NC_073240_2_13994964_14005620_frame1_fft     8    3  0.176426;0.352947;0.058840    4805.790;4054.922;2931.758        6;3;17
without_coding_region  10000  NC_073240.2  SCFR_NC_073240_2_14011607_14024966_frame3_fft     8    3  0.176435;0.352946;0.058837    5988.608;5022.424;3481.438        6;3;17
without_coding_region  10000  NC_073240.2  SCFR_NC_073240_2_68697427_68721334_frame_1_fft    79   3  0.475384;0.475049;0.474756    2500.200;2480.198;2379.931        2;2;2
without_coding_region  10000  NC_073240.2  SCFR_NC_073240_2_68697295_68723734_frame2_fft     88   3  0.474753;0.475018;0.475737    2815.460;2519.399;2233.770        2;2;2
without_coding_region  10000  NC_073240.2  SCFR_NC_073240_2_68697428_68723738_frame3_fft     88   3  0.475029;0.475371;0.474762    3225.191;2556.804;2442.712        2;2;2
without_coding_region  10000  NC_073240.2  SCFR_NC_073240_2_68698173_68713110_frame_2_fft    55   3  0.475397;0.475062;0.474192    2255.507;1893.712;1674.058        2;2;2
without_coding_region  10000  NC_073240.2  SCFR_NC_073240_2_68697441_68723838_frame1_fft     89   3  0.474751;0.475016;0.475736    2844.816;2342.178;2247.540        2;2;2
without_coding_region  10000  NC_073240.2  SCFR_NC_073240_2_68713113_68723733_frame_2_fft    36   3  0.476836;0.474765;0.475330    1267.338;1233.712;1187.846        2;2;2
without_coding_region  10000  NC_073240.2  SCFR_NC_073240_2_13881718_14058904_frame_1_fft    13   3  0.176470;0.352940;0.470590    115390.522;61045.309;44783.041    6;3;2
without_coding_region  10000  NC_073244.2  SCFR_NC_073244_2_6255187_6266410_frame_3_fft      53   3  0.079836;0.080103;0.080816    1438.385;1155.516;939.843         13;12;12
without_coding_region  10000  NC_073244.2  SCFR_NC_073244_2_6255194_6266432_frame_2_fft      65   3  0.080085;0.079818;0.319452    1302.717;1193.005;828.040         12;13;3
without_coding_region  10000  NC_073244.2  SCFR_NC_073244_2_6255255_6266448_frame_1_fft      56   3  0.079871;0.080050;0.080854    1378.630;974.486;891.361          13;12;12
with_coding_region     10000  NC_073235.2  SCFR_NC_073235_2_81030956_81048194_frame_2_fft    15   3  0.333333;0.036953;0.006787    2720.661;902.390;857.857          3;27;147
with_coding_region     10000  NC_073236.2  SCFR_NC_073236_2_112334532_112350717_frame_2_fft  28   3  0.333333;0.143219;0.119246    1830.713;1269.524;1165.464        3;7;8
with_coding_region     10000  NC_073236.2  SCFR_NC_073236_2_18521804_18540476_frame3_fft     8    3  0.176467;0.352935;0.470598    12491.250;7024.552;5562.266       6;3;2
with_coding_region     10000  NC_073236.2  SCFR_NC_073236_2_18541138_18553663_frame2_fft     8    3  0.176447;0.470579;0.352974    7024.712;3674.694;3613.477        6;2;3
with_coding_region     10000  NC_073236.2  SCFR_NC_073236_2_18541485_18554649_frame1_fft     8    3  0.176466;0.352932;0.470602    8797.616;4961.356;3939.718        6;3;2
with_coding_region     10000  NC_073236.2  SCFR_NC_073236_2_18556250_18567926_frame3_fft     8    3  0.176430;0.352946;0.058839    5269.255;4467.188;3140.398        6;3;17
with_coding_region     10000  NC_073236.2  SCFR_NC_073236_2_18581556_18597183_frame1_fft     53   3  0.176361;0.352787;0.470852    8807.629;4096.769;3812.834        6;3;2
with_coding_region     10000  NC_073236.2  SCFR_NC_073236_2_18461034_18586215_frame_2_fft    119  3  0.176472;0.352937;0.176449    62188.702;25779.636;21809.810     6;3;6
with_coding_region     10000  NC_073236.2  SCFR_NC_073236_2_18592775_18616097_frame3_fft     64   3  0.176400;0.352757;0.470843    10493.242;7459.076;4084.400       6;3;2
with_coding_region     10000  NC_073236.2  SCFR_NC_073236_2_18618668_18629369_frame3_fft     36   3  0.176432;0.352771;0.470797    4515.335;3638.093;1713.580        6;3;2
with_coding_region     10000  NC_073236.2  SCFR_NC_073236_2_18627546_18639555_frame1_fft     43   3  0.176368;0.352735;0.470814    7373.128;3183.984;2180.558        6;3;2
with_coding_region     10000  NC_073236.2  SCFR_NC_073236_2_18673940_18688697_frame3_fft     8    3  0.176459;0.352917;0.058820    9439.095;4598.561;4116.604        6;3;17
with_coding_region     10000  NC_073236.2  SCFR_NC_073236_2_18689988_18701328_frame1_fft     8    3  0.176455;0.352910;0.058818    7227.061;3516.617;3147.827        6;3;17
with_coding_region     10000  NC_073236.2  SCFR_NC_073236_2_18707651_18718583_frame3_fft     8    3  0.176454;0.352909;0.058818    6987.151;3414.820;3055.436        6;3;17
with_coding_region     10000  NC_073236.2  SCFR_NC_073236_2_18717834_18729276_frame1_fft     8    3  0.176455;0.352910;0.058818    7317.416;3558.803;3205.232        6;3;17
with_coding_region     10000  NC_073236.2  SCFR_NC_073236_2_18807499_18817717_frame2_fft     8    3  0.176453;0.352907;0.058818    6542.937;3181.473;2854.495        6;3;17
with_coding_region     10000  NC_073236.2  SCFR_NC_073236_2_18460955_18847313_frame_3_fft    367  3  0.176471;0.352937;0.176476    153633.949;60254.256;54902.071    6;3;6
with_coding_region     10000  NC_073236.2  SCFR_NC_073236_2_18868818_18887247_frame1_fft     8    3  0.176461;0.352922;0.058820    11772.451;5769.882;5292.876       6;3;17
with_coding_region     10000  NC_073236.2  SCFR_NC_073236_2_18847316_18977078_frame_3_fft    97   3  0.176477;0.176462;0.352946    47297.792;45176.158;32997.334     6;6;3
with_coding_region     10000  NC_073236.2  SCFR_NC_073236_2_18878117_18890426_frame3_fft     8    3  0.176456;0.352913;0.058819    7850.769;3852.228;3567.479        6;3;17
with_coding_region     10000  NC_073236.2  SCFR_NC_073236_2_18873340_18912373_frame2_fft     8    3  0.176466;0.352932;0.058822    24927.902;12243.759;11208.765     6;3;17
with_coding_region     10000  NC_073236.2  SCFR_NC_073236_2_18887382_18911676_frame1_fft     8    3  0.176463;0.352927;0.058821    15538.998;7631.178;6978.592       6;3;17
with_coding_region     10000  NC_073236.2  SCFR_NC_073236_2_18910421_18925187_frame3_fft     20   3  0.352905;0.176487;0.470540    4939.868;4937.553;3622.821        3;6;2
with_coding_region     10000  NC_073236.2  SCFR_NC_073236_2_18913384_18924823_frame2_fft     10   3  0.176501;0.352915;0.470583    5725.221;4066.390;3234.687        6;3;2
with_coding_region     10000  NC_073236.2  SCFR_NC_073236_2_18929280_18969027_frame1_fft     8    3  0.176466;0.352932;0.058822    25400.005;12466.971;11162.204     6;3;17
with_coding_region     10000  NC_073236.2  SCFR_NC_073236_2_18924826_18973396_frame2_fft     8    3  0.176467;0.352934;0.058822    30980.626;15181.674;13682.893     6;3;17
with_coding_region     10000  NC_073236.2  SCFR_NC_073236_2_18974266_18984871_frame2_fft     8    3  0.176426;0.352947;0.058840    4740.620;4122.733;2851.222        6;3;17
with_coding_region     10000  NC_073236.2  SCFR_NC_073236_2_18932732_18969911_frame3_fft     8    3  0.176471;0.352941;0.470588    25018.217;14471.460;11723.597     6;3;2
with_coding_region     10000  NC_073236.2  SCFR_NC_073236_2_18586218_19032354_frame_2_fft    384  3  0.176471;0.176475;0.352937    143576.742;104964.602;95535.725   6;6;3
with_coding_region     10000  NC_073236.2  SCFR_NC_073236_2_18977394_18992334_frame1_fft     8    3  0.176439;0.352945;0.058835    6700.319;5834.032;4041.811        6;3;17
with_coding_region     10000  NC_073236.2  SCFR_NC_073236_2_18977081_19025996_frame_3_fft    37   3  0.176490;0.352959;0.117653    21839.926;14543.997;10900.685     6;3;8
with_coding_region     10000  NC_073236.2  SCFR_NC_073236_2_18996569_19009145_frame3_fft     15   3  0.176527;0.352974;0.058842    5451.327;4089.834;3472.667        6;3;17
with_coding_region     10000  NC_073236.2  SCFR_NC_073236_2_19029263_19042622_frame_3_fft    8    3  0.176435;0.352946;0.058837    5960.532;5231.105;3652.673        6;3;17
with_coding_region     10000  NC_073236.2  SCFR_NC_073236_2_18992116_19003213_frame2_fft     10   3  0.176444;0.352978;0.058845    5295.573;3434.213;2990.056        6;3;17
with_coding_region     10000  NC_073236.2  SCFR_NC_073236_2_19048095_19058127_frame1_fft     8    3  0.176435;0.352970;0.470594    5395.250;3396.053;3244.469        6;3;2
with_coding_region     10000  NC_073236.2  SCFR_NC_073236_2_19042625_19058126_frame_3_fft    9    3  0.176440;0.352945;0.058835    6939.376;6061.522;4295.056        6;3;17
with_coding_region     10000  NC_073236.2  SCFR_NC_073236_2_19079566_19106236_frame_1_fft    8    3  0.176453;0.352943;0.058830    11909.895;10432.068;7272.553      6;3;17
with_coding_region     10000  NC_073236.2  SCFR_NC_073236_2_19076540_19099589_frame_3_fft    8    3  0.176450;0.352944;0.058831    10287.670;9013.982;6291.304       6;3;17
with_coding_region     10000  NC_073236.2  SCFR_NC_073236_2_19046178_19081059_frame_2_fft    8    3  0.176457;0.352943;0.058829    15617.127;13646.242;9602.285      6;3;17
with_coding_region     10000  NC_073236.2  SCFR_NC_073236_2_19108908_19119870_frame_2_fft    8    3  0.176428;0.352947;0.058840    4914.208;4299.286;3006.937        6;3;17
with_coding_region     10000  NC_073236.2  SCFR_NC_073236_2_19107752_19139135_frame_3_fft    38   3  0.176465;0.352930;0.176561    14750.729;7766.891;6608.482       6;3;6
with_coding_region     10000  NC_073236.2  SCFR_NC_073236_2_18461140_19049575_frame_1_fft    483  3  0.176471;0.176468;0.352938    183211.408;142024.002;125107.639  6;6;3
with_coding_region     10000  NC_073236.2  SCFR_NC_073236_2_19160282_19170887_frame3_fft     8    3  0.176426;0.352947;0.058840    4772.723;4123.446;2930.961        6;3;17
with_coding_region     10000  NC_073236.2  SCFR_NC_073236_2_19139138_19176983_frame_3_fft    8    3  0.176483;0.352940;0.058819    16948.329;14685.829;10404.566     6;3;17
with_coding_region     10000  NC_073236.2  SCFR_NC_073236_2_19164753_19176456_frame1_fft     8    3  0.176450;0.470563;0.352901    7103.340;3267.725;3055.248        6;2;3
with_coding_region     10000  NC_073236.2  SCFR_NC_073236_2_19119873_19172223_frame_2_fft    42   3  0.176485;0.352932;0.058816    20248.843;14045.050;11016.523     6;3;17
with_coding_region     10000  NC_073236.2  SCFR_NC_073236_2_19183310_19287365_frame_3_fft    121  3  0.176464;0.176484;0.470588    46182.693;32277.224;28205.790     6;6;2
with_coding_region     10000  NC_073236.2  SCFR_NC_073236_2_19183311_19257468_frame1_fft     80   3  0.176463;0.470583;0.352927    30307.989;17076.506;16258.329     6;2;3
with_coding_region     10000  NC_073236.2  SCFR_NC_073236_2_19178703_19287357_frame_2_fft    133  3  0.176468;0.470586;0.352946    48527.007;29371.703;26103.596     6;2;3
with_coding_region     10000  NC_073236.2  SCFR_NC_073236_2_19191956_19215290_frame3_fft     8    3  0.176481;0.470601;0.352961    14188.721;6648.720;6139.630       6;2;3
with_coding_region     10000  NC_073236.2  SCFR_NC_073236_2_19113328_19287679_frame_1_fft    199  3  0.176477;0.176466;0.058824    65138.614;57241.180;34276.544     6;6;17
with_coding_region     10000  NC_073236.2  SCFR_NC_073236_2_19270778_19286483_frame3_fft     8    3  0.176441;0.352945;0.058835    7175.739;5945.206;4405.964        6;3;17
with_coding_region     10000  NC_073236.2  SCFR_NC_073236_2_19215293_19254029_frame3_fft     73   3  0.176528;0.176451;0.352928    9707.222;9253.039;8931.307        6;6;3
with_coding_region     10000  NC_073236.2  SCFR_NC_073236_2_19190800_19275301_frame2_fft     98   3  0.176483;0.352931;0.470586    34223.113;23801.560;23186.255     6;3;2
with_coding_region     10000  NC_073236.2  SCFR_NC_073236_2_20061346_20074342_frame2_fft     8    3  0.176439;0.352955;0.470606    6515.246;4804.492;3788.165        6;3;2
with_coding_region     10000  NC_073236.2  SCFR_NC_073236_2_20062689_20074824_frame1_fft     8    3  0.176432;0.352946;0.058838    5504.387;4702.460;3332.891        6;3;17
with_coding_region     10000  NC_073236.2  SCFR_NC_073236_2_20074827_20092686_frame1_fft     8    3  0.176494;0.352931;0.470575    8911.167;6602.006;5215.751        6;3;2
with_coding_region     10000  NC_073236.2  SCFR_NC_073236_2_20076170_20091428_frame3_fft     8    3  0.176498;0.352930;0.470573    7622.072;5640.445;4452.902        6;3;2
with_coding_region     10000  NC_073236.2  SCFR_NC_073236_2_20055694_20154544_frame_1_fft    79   3  0.176480;0.352949;0.470592    44629.693;24176.599;24029.875     6;3;2
with_coding_region     10000  NC_073236.2  SCFR_NC_073236_2_20094394_20106148_frame2_fft     15   3  0.176451;0.352901;0.470563    6729.949;3628.483;2649.250        6;3;2
with_coding_region     10000  NC_073236.2  SCFR_NC_073236_2_20079490_20093383_frame2_fft     8    3  0.176492;0.470597;0.352912    8068.660;4347.981;4015.043        6;2;3
with_coding_region     10000  NC_073236.2  SCFR_NC_073236_2_20055615_20205381_frame_2_fft    144  3  0.176482;0.176469;0.470587    56532.359;37384.111;36230.376     6;6;2
with_coding_region     10000  NC_073236.2  SCFR_NC_073236_2_20106151_20150029_frame2_fft     8    3  0.176467;0.352933;0.058822    28039.543;13752.228;12392.915     6;3;17
with_coding_region     10000  NC_073236.2  SCFR_NC_073236_2_20106027_20150913_frame1_fft     8    3  0.176469;0.352939;0.470592    29981.899;17046.146;13472.053     6;3;2
with_coding_region     10000  NC_073236.2  SCFR_NC_073236_2_20151783_20161980_frame1_fft     8    3  0.176424;0.352947;0.058841    4575.593;3958.139;2749.582        6;3;17
with_coding_region     10000  NC_073236.2  SCFR_NC_073236_2_20156611_20167165_frame2_fft     8    3  0.176426;0.352947;0.058840    4722.269;4118.756;2859.866        6;3;17
with_coding_region     10000  NC_073236.2  SCFR_NC_073236_2_20113853_20154545_frame3_fft     8    3  0.176472;0.352944;0.470584    27207.875;15492.842;12188.756     6;3;2
with_coding_region     10000  NC_073236.2  SCFR_NC_073236_2_20055800_20216210_frame_3_fft    150  3  0.176479;0.176467;0.470588    67537.762;60427.405;40485.410     6;6;2
with_coding_region     10000  NC_073236.2  SCFR_NC_073236_2_20161983_20173368_frame1_fft     15   3  0.176548;0.058849;0.353008    5010.246;3099.780;2894.629        6;17;3
with_coding_region     10000  NC_073236.2  SCFR_NC_073236_2_20166947_20187137_frame3_fft     27   3  0.176474;0.058841;0.352997    10003.431;5303.524;4453.350       6;17;3
with_coding_region     10000  NC_073236.2  SCFR_NC_073236_2_20181004_20192848_frame2_fft     22   3  0.176461;0.353006;0.058848    4920.372;3779.348;3226.373        6;3;17
with_coding_region     10000  NC_073236.2  SCFR_NC_073236_2_20187140_20200328_frame3_fft     11   3  0.176448;0.352972;0.058841    6637.495;4021.399;3522.540        6;3;17
with_coding_region     10000  NC_073236.2  SCFR_NC_073236_2_20225597_20237528_frame_3_fft    9    3  0.176431;0.352946;0.058838    5351.367;4661.454;3294.160        6;3;17
with_coding_region     10000  NC_073236.2  SCFR_NC_073236_2_20211759_20242713_frame_2_fft    8    3  0.176455;0.352943;0.058829    13879.043;12103.381;8524.854      6;3;17
with_coding_region     10000  NC_073236.2  SCFR_NC_073236_2_20227497_20237529_frame1_fft     8    3  0.176435;0.352970;0.470594    5395.844;3394.714;3243.102        6;3;2
with_coding_region     10000  NC_073236.2  SCFR_NC_073236_2_20239367_20250278_frame_3_fft    8    3  0.176427;0.352947;0.058840    4879.121;4284.007;3002.299        6;3;17
with_coding_region     10000  NC_073236.2  SCFR_NC_073236_2_20234590_20247031_frame_1_fft    8    3  0.176433;0.352946;0.058838    5558.405;4869.955;3420.240        6;3;17
with_coding_region     10000  NC_073236.2  SCFR_NC_073236_2_20154547_20222041_frame_1_fft    57   3  0.176490;0.470590;0.117655    26600.905;14375.564;13904.834     6;2;8
with_coding_region     10000  NC_073236.2  SCFR_NC_073236_2_20242716_20254800_frame_2_fft    8    3  0.176432;0.352946;0.058838    5408.408;4736.995;3316.788        6;3;17
with_coding_region     10000  NC_073236.2  SCFR_NC_073236_2_20250281_20273942_frame_3_fft    8    3  0.176451;0.352944;0.058831    10564.929;9258.922;6469.863       6;3;17
with_coding_region     10000  NC_073236.2  SCFR_NC_073236_2_20253307_20277223_frame_1_fft    8    3  0.176451;0.352944;0.058831    10691.821;9365.234;6552.662       6;3;17
with_coding_region     10000  NC_073236.2  SCFR_NC_073236_2_20299020_20312634_frame_2_fft    8    3  0.176436;0.352945;0.058836    6092.902;5338.726;3741.618        6;3;17
with_coding_region     10000  NC_073236.2  SCFR_NC_073236_2_20277226_20292370_frame_1_fft    8    3  0.176440;0.352945;0.058835    6774.748;5925.539;4138.733        6;3;17
with_coding_region     10000  NC_073236.2  SCFR_NC_073236_2_20265972_20299017_frame_2_fft    11   3  0.176456;0.352943;0.058829    14764.622;12934.605;9020.586      6;3;17
with_coding_region     10000  NC_073236.2  SCFR_NC_073236_2_20312637_20331198_frame_2_fft    8    3  0.176445;0.352944;0.058833    8317.560;7250.999;5046.243        6;3;17
with_coding_region     10000  NC_073236.2  SCFR_NC_073236_2_20333598_20356551_frame_2_fft    8    3  0.176491;0.352939;0.058816    10309.367;8888.708;6273.425       6;3;17
with_coding_region     10000  NC_073236.2  SCFR_NC_073236_2_20306126_20353712_frame_3_fft    8    3  0.176480;0.352940;0.058820    21283.426;18587.429;13024.918     6;3;17
with_coding_region     10000  NC_073236.2  SCFR_NC_073236_2_20358340_20402653_frame2_fft     18   3  0.176472;0.352944;0.470584    18644.382;16382.855;10354.765     6;3;2
with_coding_region     10000  NC_073236.2  SCFR_NC_073236_2_20362922_20444732_frame3_fft     47   3  0.176482;0.176458;0.352940    32315.614;28207.381;24041.303     6;6;3
with_coding_region     10000  NC_073236.2  SCFR_NC_073236_2_20358339_20510919_frame_2_fft    158  3  0.176465;0.176478;0.352943    52000.196;47259.416;40859.709     6;6;3
with_coding_region     10000  NC_073236.2  SCFR_NC_073236_2_20353715_20510927_frame_3_fft    162  3  0.176462;0.352944;0.470594    46910.732;42091.388;27807.938     6;3;2
with_coding_region     10000  NC_073236.2  SCFR_NC_073236_2_20364078_20412699_frame1_fft     36   3  0.176488;0.470599;0.352954    19625.169;13934.405;13853.841     6;2;3
with_coding_region     10000  NC_073236.2  SCFR_NC_073236_2_20412702_20428050_frame1_fft     8    3  0.176440;0.352945;0.058835    6899.689;5963.115;4297.854        6;3;17
with_coding_region     10000  NC_073236.2  SCFR_NC_073236_2_20402656_20443735_frame2_fft     8    3  0.176465;0.470581;0.352930    24995.920;11715.112;10816.828     6;2;3
with_coding_region     10000  NC_073236.2  SCFR_NC_073236_2_20300533_20513077_frame_1_fft    185  3  0.176467;0.176476;0.352943    84006.005;74538.831;61332.312     6;6;3
with_coding_region     10000  NC_073236.2  SCFR_NC_073236_2_20444735_20459378_frame3_fft     8    3  0.176467;0.352933;0.470600    9759.382;5504.450;4371.910        6;3;2
with_coding_region     10000  NC_073236.2  SCFR_NC_073236_2_20459381_20474693_frame3_fft     18   3  0.176528;0.058843;0.352926    6146.430;4216.925;3698.421        6;17;3
with_coding_region     10000  NC_073236.2  SCFR_NC_073236_2_20428053_20465889_frame1_fft     8    3  0.176472;0.352944;0.470584    25195.727;14325.890;11601.856     6;3;2
with_coding_region     10000  NC_073236.2  SCFR_NC_073236_2_20443738_20501890_frame2_fft     91   3  0.176486;0.176555;0.058829    18920.266;12827.768;10797.438     6;6;17
with_coding_region     10000  NC_073236.2  SCFR_NC_073236_2_20465892_20493519_frame1_fft     49   3  0.176530;0.058855;0.353133    12362.649;7086.638;5642.935       6;17;3
with_coding_region     10000  NC_073236.2  SCFR_NC_073236_2_20474696_20497661_frame3_fft     62   3  0.176573;0.058872;0.353103    9765.441;5435.133;4803.124        6;17;3
with_coding_region     10000  NC_073236.2  SCFR_NC_073236_2_20493537_20504793_frame1_fft     32   3  0.176706;0.058902;0.352878    4301.778;3171.584;2186.983        6;17;3
with_coding_region     10000  NC_073236.2  SCFR_NC_073236_2_20498309_20509073_frame3_fft     37   3  0.176700;0.058900;0.176421    5022.570;3055.145;2136.895        6;17;6
with_coding_region     10000  NC_073236.2  SCFR_NC_073236_2_20529421_20541352_frame2_fft     16   3  0.176431;0.352946;0.058838    5456.164;3046.488;2757.451        6;3;17
with_coding_region     10000  NC_073236.2  SCFR_NC_073236_2_20540867_20585753_frame3_fft     8    3  0.176469;0.352939;0.470592    29981.899;17046.146;13472.053     6;3;2
with_coding_region     10000  NC_073236.2  SCFR_NC_073236_2_20528097_20589384_frame_2_fft    30   3  0.176481;0.352946;0.470589    25872.872;15914.951;15434.306     6;3;2
with_coding_region     10000  NC_073236.2  SCFR_NC_073236_2_20527465_20641495_frame_1_fft    104  3  0.176471;0.058827;0.352942    40922.110;25288.437;21695.474     6;17;3
with_coding_region     10000  NC_073236.2  SCFR_NC_073236_2_20540991_20584869_frame1_fft     8    3  0.176467;0.352933;0.058822    28039.543;13752.228;12392.915     6;3;17
with_coding_region     10000  NC_073236.2  SCFR_NC_073236_2_20548693_20589385_frame2_fft     8    3  0.176472;0.352944;0.470584    27207.358;15492.042;12186.982     6;3;2
with_coding_region     10000  NC_073236.2  SCFR_NC_073236_2_20591451_20602650_frame1_fft     9    3  0.176444;0.352978;0.470578    5813.267;3390.905;2952.171        6;3;2
with_coding_region     10000  NC_073236.2  SCFR_NC_073236_2_20600546_20612372_frame3_fft     19   3  0.176560;0.058853;0.353036    4692.185;3187.571;2643.987        6;17;3
with_coding_region     10000  NC_073236.2  SCFR_NC_073236_2_20602653_20623251_frame1_fft     28   3  0.176473;0.058841;0.352995    10509.612;5387.421;4321.553       6;17;3
with_coding_region     10000  NC_073236.2  SCFR_NC_073236_2_20528105_20658155_frame_3_fft    139  3  0.176471;0.176494;0.352941    52657.622;26710.250;25793.159     6;6;3
with_coding_region     10000  NC_073236.2  SCFR_NC_073236_2_20617118_20628962_frame3_fft     22   3  0.176461;0.353006;0.058848    4918.526;3778.760;3228.182        6;3;17
with_coding_region     10000  NC_073236.2  SCFR_NC_073236_2_20623254_20636442_frame1_fft     11   3  0.176448;0.352972;0.058841    6637.279;4020.907;3524.530        6;3;17
with_coding_region     10000  NC_073236.2  SCFR_NC_073236_2_20589387_20652324_frame_2_fft    58   3  0.176494;0.176446;0.352956    23554.017;16315.028;13679.378     6;6;3
with_coding_region     10000  NC_073236.2  SCFR_NC_073236_2_20663611_20673643_frame2_fft     8    3  0.176435;0.352970;0.470594    5395.844;3394.714;3243.102        6;3;2
with_coding_region     10000  NC_073236.2  SCFR_NC_073236_2_20647873_20678827_frame_1_fft    8    3  0.176455;0.352943;0.058829    13879.043;12103.381;8524.854      6;3;17
with_coding_region     10000  NC_073236.2  SCFR_NC_073236_2_20661711_20673642_frame_2_fft    9    3  0.176431;0.352946;0.058838    5351.367;4661.454;3294.160        6;3;17
with_coding_region     10000  NC_073236.2  SCFR_NC_073236_2_20670704_20683145_frame_3_fft    8    3  0.176433;0.352946;0.058838    5558.405;4869.955;3420.240        6;3;17
with_coding_region     10000  NC_073236.2  SCFR_NC_073236_2_20675481_20686392_frame_2_fft    8    3  0.176427;0.352947;0.058840    4878.747;4283.619;3000.333        6;3;17
with_coding_region     10000  NC_073236.2  SCFR_NC_073236_2_20678830_20690914_frame_1_fft    8    3  0.176432;0.352946;0.058838    5408.373;4736.481;3314.864        6;3;17
with_coding_region     10000  NC_073236.2  SCFR_NC_073236_2_20686395_20710056_frame_2_fft    8    3  0.176451;0.352944;0.058831    10564.929;9258.922;6469.863       6;3;17
with_coding_region     10000  NC_073236.2  SCFR_NC_073236_2_20713340_20728484_frame_3_fft    8    3  0.176440;0.352945;0.058835    6774.748;5925.539;4138.733        6;3;17
with_coding_region     10000  NC_073236.2  SCFR_NC_073236_2_20689421_20713337_frame_3_fft    8    3  0.176451;0.352944;0.058831    10691.821;9365.234;6552.662       6;3;17
with_coding_region     10000  NC_073236.2  SCFR_NC_073236_2_20735134_20748748_frame_1_fft    8    3  0.176436;0.352945;0.058836    6092.902;5338.726;3741.618        6;3;17
with_coding_region     10000  NC_073236.2  SCFR_NC_073236_2_20702086_20735131_frame_1_fft    11   3  0.176456;0.352943;0.058829    14764.622;12934.605;9020.586      6;3;17
with_coding_region     10000  NC_073236.2  SCFR_NC_073236_2_20748751_20767312_frame_1_fft    8    3  0.176445;0.352944;0.058833    8317.560;7250.999;5046.243        6;3;17
with_coding_region     10000  NC_073236.2  SCFR_NC_073236_2_20742240_20789826_frame_2_fft    8    3  0.176480;0.352940;0.058820    21283.426;18587.429;13024.918     6;3;17
with_coding_region     10000  NC_073236.2  SCFR_NC_073236_2_20769712_20792665_frame_1_fft    8    3  0.176491;0.352939;0.058816    10309.367;8888.708;6273.425       6;3;17
with_coding_region     10000  NC_073236.2  SCFR_NC_073236_2_20794454_20878304_frame3_fft     21   3  0.176470;0.352940;0.470590    50142.751;22802.926;19294.966     6;3;2
with_coding_region     10000  NC_073236.2  SCFR_NC_073236_2_20789829_20939484_frame_2_fft    139  3  0.176473;0.352945;0.058822    69029.564;31906.921;27750.680     6;3;17
with_coding_region     10000  NC_073236.2  SCFR_NC_073236_2_20794453_20939476_frame_1_fft    130  3  0.176475;0.352944;0.058825    56893.155;32389.673;31162.331     6;3;17
with_coding_region     10000  NC_073236.2  SCFR_NC_073236_2_20800192_20836225_frame2_fft     16   3  0.176477;0.352954;0.058835    22774.962;11161.784;8548.614      6;3;17
with_coding_region     10000  NC_073236.2  SCFR_NC_073236_2_20799036_20846271_frame1_fft     18   3  0.176479;0.352937;0.117646    26979.770;11332.033;10366.596     6;3;9
with_coding_region     10000  NC_073236.2  SCFR_NC_073236_2_20836228_20877307_frame2_fft     8    3  0.176465;0.470581;0.352930    24994.047;11715.918;10816.811     6;2;3
with_coding_region     10000  NC_073236.2  SCFR_NC_073236_2_20846274_20861622_frame1_fft     8    3  0.176440;0.352945;0.058835    6899.689;5963.115;4297.854        6;3;17
with_coding_region     10000  NC_073236.2  SCFR_NC_073236_2_20861625_20894208_frame1_fft     8    3  0.176472;0.352945;0.470583    21693.463;12364.002;10027.742     6;3;2
with_coding_region     10000  NC_073236.2  SCFR_NC_073236_2_20736647_20941634_frame_3_fft    184  3  0.176475;0.352944;0.058823    87182.410;52637.339;44912.103     6;3;17
with_coding_region     10000  NC_073236.2  SCFR_NC_073236_2_20887700_20903012_frame3_fft     18   3  0.176528;0.058843;0.352926    6146.430;4216.925;3698.421        6;17;3
with_coding_region     10000  NC_073236.2  SCFR_NC_073236_2_20877310_20908543_frame2_fft     33   3  0.176480;0.352928;0.470592    15798.019;7983.758;6999.392       6;3;2
with_coding_region     10000  NC_073236.2  SCFR_NC_073236_2_20908546_20922076_frame2_fft     25   3  0.176571;0.058832;0.353141    8085.564;3404.591;3337.651        6;17;3
with_coding_region     10000  NC_073236.2  SCFR_NC_073236_2_20922094_20933350_frame2_fft     32   3  0.176706;0.058902;0.352878    4298.979;3172.824;2186.697        6;17;3
with_coding_region     10000  NC_073236.2  SCFR_NC_073236_2_20894211_20926218_frame1_fft     73   3  0.176524;0.058862;0.117693    10570.217;6767.953;5089.397       6;17;8
with_coding_region     10000  NC_073236.2  SCFR_NC_073236_2_20903015_20930447_frame3_fft     63   3  0.176546;0.058873;0.176655    10280.445;6530.100;5338.123       6;17;6
with_coding_region     10000  NC_073236.2  SCFR_NC_073236_2_20926866_20937630_frame1_fft     37   3  0.176700;0.058900;0.176421    5022.320;3054.493;2137.772        6;17;6
with_coding_region     10000  NC_073231.2  SCFR_NC_073231_2_149711021_149721230_frame3_fft   60   3  0.333333;0.176119;0.369184    3013.771;1089.378;811.085         3;6;3
with_coding_region     10000  NC_073231.2  SCFR_NC_073231_2_149710997_149727908_frame_3_fft  28   3  0.333333;0.316362;0.176098    4421.546;1027.722;1001.421        3;3;6
with_coding_region     10000  NC_073228.2  SCFR_NC_073228_2_158858669_158868704_frame3_fft   16   3  0.468759;0.437469;0.124963    3514.408;2771.797;2770.226        2;2;8
with_coding_region     10000  NC_073239.2  SCFR_NC_073239_2_121851275_121863776_frame3_fft   47   3  0.461323;0.307255;0.307575    2362.664;2017.887;1772.955        2;3;3
with_coding_region     10000  NC_073239.2  SCFR_NC_073239_2_121851316_121863820_frame2_fft   49   3  0.307262;0.461612;0.461932    1951.848;1797.043;1792.557        3;2;2
with_coding_region     10000  NC_073239.2  SCFR_NC_073239_2_121851312_121863879_frame1_fft   51   3  0.307233;0.461367;0.461606    1919.290;1883.683;1838.120        3;2;2
with_coding_region     10000  NC_073239.2  SCFR_NC_073239_2_121936319_121953572_frame_2_fft  130  3  0.333333;0.143453;0.139396    3545.075;1756.682;1629.871        3;7;7
with_coding_region     10000  NC_073229.2  SCFR_NC_073229_2_191756350_191770492_frame_2_fft  24   3  0.306887;0.346556;0.307453    3199.489;3011.803;1745.624        3;3;3
with_coding_region     10000  NC_073229.2  SCFR_NC_073229_2_191756409_191770125_frame_3_fft  23   3  0.346530;0.306868;0.307451    3582.372;3020.828;1657.727        3;3;3
with_coding_region     10000  NC_073229.2  SCFR_NC_073229_2_191756441_191770418_frame_1_fft  26   3  0.306861;0.346498;0.306504    2774.971;2591.985;1719.022        3;3;3
with_coding_region     10000  NC_073243.2  SCFR_NC_073243_2_31952662_31963174_frame_1_fft    1    1  0.333333                      2067.025                          3
with_coding_region     10000  NC_073233.2  SCFR_NC_073233_2_143597515_143608078_frame_2_fft  67   3  0.333333;0.166525;0.166809    1770.732;1423.362;1381.130        3;6;6
with_coding_region     10000  NC_073233.2  SCFR_NC_073233_2_17639316_17663802_frame_3_fft    46   3  0.437352;0.443845;0.062648    1295.069;1090.461;1045.432        2;2;16
with_coding_region     10000  NC_073233.2  SCFR_NC_073233_2_17639276_17663846_frame3_fft     45   3  0.437322;0.443834;0.062678    1398.551;1109.744;1082.026        2;2;16
with_coding_region     10000  NC_073233.2  SCFR_NC_073233_2_17639302_17663854_frame2_fft     47   3  0.437317;0.443833;0.443019    1255.982;1105.195;1088.093        2;2;2
with_coding_region     10000  NC_073233.2  SCFR_NC_073233_2_17639321_17663885_frame_1_fft    47   3  0.437347;0.443006;0.062653    1391.975;1263.818;1111.513        2;2;16
with_coding_region     10000  NC_073233.2  SCFR_NC_073233_2_70434983_70452491_frame_1_fft    61   3  0.333333;0.143249;0.143477    3282.870;1576.441;1295.472        3;7;7
with_coding_region     10000  NC_073233.2  SCFR_NC_073233_2_17639364_17663817_frame1_fft     33   3  0.499775;0.437329;0.443013    2366.030;1506.531;1203.736        2;2;2
with_coding_region     10000  NC_073233.2  SCFR_NC_073233_2_7640486_7654049_frame3_fft       43   3  0.333333;0.374843;0.291823    4010.087;2282.587;1848.108        3;3;3
with_coding_region     10000  NC_073233.2  SCFR_NC_073233_2_17639341_17663782_frame_2_fft    29   3  0.499775;0.437339;0.443844    2355.137;1513.215;1097.131        2;2;2
with_coding_region     10000  NC_073233.2  SCFR_NC_073233_2_7462739_7476872_frame_1_fft      97   3  0.333333;0.307649;0.285927    2909.248;1070.905;994.711         3;3;3
with_coding_region     10000  NC_073233.2  SCFR_NC_073233_2_7703066_7715603_frame3_fft       18   3  0.333333;0.321369;0.472761    2872.145;853.198;674.402          3;3;2
with_coding_region     10000  NC_073242.2  SCFR_NC_073242_2_99211222_99221440_frame_2_fft    52   3  0.286357;0.309748;0.023684    1820.887;1418.310;1388.052        3;3;42
with_coding_region     10000  NC_073242.2  SCFR_NC_073242_2_119013009_119024907_frame1_fft   1    1  0.333333                      1090.663                          3
with_coding_region     10000  NC_073230.2  SCFR_NC_073230_2_164199720_164211564_frame1_fft   67   3  0.469352;0.030817;0.499831    2942.996;2909.202;2147.771        2;32;2
with_coding_region     10000  NC_073230.2  SCFR_NC_073230_2_87770041_87793822_frame_2_fft    80   3  0.333333;0.019638;0.411841    7233.573;3356.316;3038.910        3;51;2
with_coding_region     10000  NC_073230.2  SCFR_NC_073230_2_87646410_87673767_frame_3_fft    150  3  0.333333;0.299448;0.265490    9370.162;3431.458;3424.565        3;3;4
with_coding_region     10000  NC_073230.2  SCFR_NC_073230_2_87793422_87815400_frame_3_fft    54   3  0.333333;0.392210;0.078533    6297.033;2880.445;2745.907        3;3;13
with_coding_region     10000  NC_073230.2  SCFR_NC_073230_2_87697258_87740314_frame_2_fft    362  3  0.333333;0.357349;0.024015    9706.953;4967.883;4733.124        3;3;42
with_coding_region     10000  NC_073224.2  SCFR_NC_073224_2_104483886_104495943_frame1_fft   93   3  0.333333;0.284980;0.483537    1747.148;1271.306;1267.677        3;4;2
with_coding_region     10000  NC_073224.2  SCFR_NC_073224_2_104581524_104592423_frame1_fft   60   3  0.333333;0.179650;0.179283    2572.900;2099.402;1909.301        3;6;6
with_coding_region     10000  NC_073238.2  SCFR_NC_073238_2_117449469_117470463_frame_1_fft  1    1  0.333333                      2282.506                          3
with_coding_region     10000  NC_073238.2  SCFR_NC_073238_2_20446531_20657170_frame_3_fft    91   3  0.176473;0.352945;0.058826    131140.242;61230.898;47160.350    6;3;17
with_coding_region     10000  NC_073238.2  SCFR_NC_073238_2_20662458_20683620_frame1_fft     8    3  0.176448;0.352944;0.058832    9417.625;8245.085;5890.650        6;3;17
with_coding_region     10000  NC_073238.2  SCFR_NC_073238_2_20684524_20708695_frame2_fft     8    3  0.176451;0.352944;0.058831    10749.254;9448.979;6669.591       6;3;17
with_coding_region     10000  NC_073238.2  SCFR_NC_073238_2_20778840_20795208_frame1_fft     8    3  0.176442;0.352945;0.058834    7305.243;6366.612;4530.531        6;3;17
with_coding_region     10000  NC_073238.2  SCFR_NC_073238_2_20817965_20829854_frame3_fft     8    3  0.176466;0.352931;0.470603    7844.225;4565.134;3654.277        6;3;2
with_coding_region     10000  NC_073238.2  SCFR_NC_073238_2_20825029_20835532_frame2_fft     8    3  0.176426;0.352947;0.058840    4670.409;4102.713;2894.019        6;3;17
with_coding_region     10000  NC_073238.2  SCFR_NC_073238_2_20825292_20836620_frame1_fft     8    3  0.176465;0.352931;0.470604    7439.560;4318.274;3439.146        6;3;2
with_coding_region     10000  NC_073238.2  SCFR_NC_073238_2_20830520_20841380_frame3_fft     8    3  0.176427;0.352947;0.058840    4838.191;4206.721;2955.924        6;3;17
with_coding_region     10000  NC_073238.2  SCFR_NC_073238_2_20657173_21007348_frame_3_fft    16   3  0.176472;0.352941;0.470588    173048.803;128988.344;102562.496  6;3;2
with_coding_region     10000  NC_073238.2  SCFR_NC_073238_2_21053152_21066613_frame2_fft     8    3  0.176436;0.352946;0.058837    6073.756;5260.653;3672.260        6;3;17
with_coding_region     10000  NC_073238.2  SCFR_NC_073238_2_21254475_21273954_frame_1_fft    8    3  0.176446;0.352944;0.058833    8764.730;7488.625;5179.237        6;3;17
with_coding_region     10000  NC_073238.2  SCFR_NC_073238_2_21257782_21268591_frame2_fft     8    3  0.176427;0.352947;0.058840    4858.718;4198.258;2909.125        6;3;17
with_coding_region     10000  NC_073238.2  SCFR_NC_073238_2_21269299_21285259_frame_3_fft    8    3  0.176441;0.352945;0.058835    7196.041;6165.830;4243.283        6;3;17
with_coding_region     10000  NC_073238.2  SCFR_NC_073238_2_21272648_21292127_frame_2_fft    8    3  0.176446;0.352944;0.058833    8772.176;7514.016;5145.142        6;3;17
with_coding_region     10000  NC_073238.2  SCFR_NC_073238_2_21273957_21286296_frame_1_fft    8    3  0.176432;0.352946;0.058838    5558.152;4791.199;3289.391        6;3;17
with_coding_region     10000  NC_073238.2  SCFR_NC_073238_2_21286299_21304401_frame_1_fft    8    3  0.176445;0.352944;0.058833    8187.166;6973.601;4878.828        6;3;17
with_coding_region     10000  NC_073238.2  SCFR_NC_073238_2_21292130_21306845_frame_2_fft    8    3  0.176487;0.470608;0.352973    8970.433;4053.831;3859.392        6;2;3
with_coding_region     10000  NC_073238.2  SCFR_NC_073238_2_21309413_21319631_frame_2_fft    9    3  0.176453;0.352907;0.058818    5704.641;3074.252;2665.765        6;3;17
with_coding_region     10000  NC_073238.2  SCFR_NC_073238_2_21007351_21249865_frame_3_fft    90   3  0.176468;0.352940;0.470591    129452.745;62324.207;52843.998    6;3;2
with_coding_region     10000  NC_073238.2  SCFR_NC_073238_2_21322719_21448506_frame_1_fft    14   3  0.176473;0.470589;0.352938    70166.571;37836.032;34925.822     6;2;3
with_coding_region     10000  NC_073238.2  SCFR_NC_073238_2_21325206_21409380_frame1_fft     8    3  0.176468;0.470585;0.352936    51225.139;22726.361;21762.176     6;2;3
with_coding_region     10000  NC_073238.2  SCFR_NC_073238_2_21325277_21432329_frame_2_fft    8    3  0.176475;0.352941;0.058822    48314.240;40792.505;28142.387     6;3;17
with_coding_region     10000  NC_073238.2  SCFR_NC_073238_2_21325282_21399403_frame2_fft     8    3  0.176468;0.352936;0.058823    47019.519;22980.937;20453.486     6;3;17
with_coding_region     10000  NC_073238.2  SCFR_NC_073238_2_20446425_21254472_frame_1_fft    134  3  0.176471;0.058823;0.352941    346792.487;213288.503;178354.430  6;17;3
with_coding_region     10000  NC_073238.2  SCFR_NC_073238_2_21333230_21374105_frame3_fft     8    3  0.176465;0.470581;0.352930    24922.238;10972.011;10617.211     6;2;3
with_coding_region     10000  NC_073238.2  SCFR_NC_073238_2_20446346_21252449_frame_2_fft    134  3  0.176470;0.058824;0.352941    325334.875;214765.058;177943.160  6;17;3
with_coding_region     10000  NC_073238.2  SCFR_NC_073238_2_21374108_21400331_frame3_fft     8    3  0.176486;0.352934;0.470579    13073.935;9563.500;7495.992       6;3;2
with_coding_region     10000  NC_073238.2  SCFR_NC_073238_2_21400487_21421394_frame3_fft     8    3  0.176448;0.352944;0.058832    9440.020;7993.465;5488.618        6;3;17
with_coding_region     10000  NC_073238.2  SCFR_NC_073238_2_21409383_21420792_frame1_fft     8    3  0.176440;0.352967;0.470593    6166.365;3760.562;3545.783        6;3;2
with_coding_region     10000  NC_073238.2  SCFR_NC_073238_2_21406471_21421924_frame2_fft     8    3  0.176471;0.352941;0.470588    10329.447;5923.481;4812.316       6;3;2
with_coding_region     10000  NC_073238.2  SCFR_NC_073238_2_21454374_21468369_frame_1_fft    25   3  0.176420;0.176563;0.352983    7218.035;4211.272;4050.208        6;6;3
with_coding_region     10000  NC_073238.2  SCFR_NC_073238_2_21448501_21461527_frame_3_fft    22   3  0.176416;0.176570;0.352986    6665.479;3880.037;3783.014        6;6;3
with_coding_region     10000  NC_073238.2  SCFR_NC_073238_2_21432332_21454379_frame_2_fft    17   3  0.176441;0.470586;0.352928    10352.229;5060.988;4982.910       6;2;3
with_coding_region     10000  NC_073238.2  SCFR_NC_073238_2_21461522_21474863_frame_2_fft    20   3  0.176449;0.352972;0.411738    5528.205;4451.361;2618.948        6;3;2
with_coding_region     10000  NC_073238.2  SCFR_NC_073238_2_21325285_21448498_frame_3_fft    8    3  0.176467;0.352942;0.058825    55338.129;46735.271;32278.836     6;3;17
with_coding_region     10000  NC_073238.2  SCFR_NC_073238_2_21468372_21496734_frame_1_fft    15   3  0.176469;0.352937;0.470594    11786.810;8534.869;7675.249       6;3;2
with_coding_region     10000  NC_073238.2  SCFR_NC_073238_2_37643010_37654569_frame_1_fft    1    1  0.333333                      1278.524                          3
with_coding_region     10000  NC_073238.2  SCFR_NC_073238_2_21474866_21502550_frame_2_fft    8    3  0.176456;0.352948;0.470597    13701.524;9684.913;7604.930       6;3;2
with_coding_region     10000  NC_073238.2  SCFR_NC_073238_2_21474874_21501562_frame_3_fft    8    3  0.176484;0.352930;0.470586    14338.325;8587.512;8030.870       6;3;2
with_coding_region     10000  NC_086017.1  SCFR_NC_086017_1_137324298_137336481_frame_2_fft  73   3  0.489288;0.489453;0.021259    3288.940;3072.417;1404.642        2;2;47
with_coding_region     10000  NC_086017.1  SCFR_NC_086017_1_137349379_137360929_frame_1_fft  67   3  0.489351;0.061385;0.020693    3375.602;1152.142;1003.001        2;16;48
with_coding_region     10000  NC_086017.1  SCFR_NC_086017_1_137345834_137356823_frame_3_fft  52   3  0.489307;0.489489;0.488943    2034.036;1721.737;1674.701        2;2;2
with_coding_region     10000  NC_086017.1  SCFR_NC_086017_1_137318519_137331521_frame_3_fft  70   3  0.489232;0.489540;0.489002    2809.821;2125.570;1473.303        2;2;2
with_coding_region     10000  NC_086017.1  SCFR_NC_086017_1_137438570_137450096_frame_3_fft  61   3  0.489155;0.489502;0.489676    2649.361;2067.824;1856.493        2;2;2
with_coding_region     10000  NC_086017.1  SCFR_NC_086017_1_137369438_137382548_frame_3_fft  84   3  0.489474;0.489245;0.489626    3053.266;2479.651;1882.482        2;2;2
with_coding_region     10000  NC_086017.1  SCFR_NC_086017_1_137422334_137438567_frame_3_fft  78   3  0.489373;0.489065;0.488757    3505.220;2096.732;1878.271        2;2;2
with_coding_region     10000  NC_086017.1  SCFR_NC_086017_1_137350197_137369193_frame_2_fft  116  3  0.489208;0.489471;0.489314    2841.803;2813.774;2680.972        2;2;2
with_coding_region     10000  NC_086017.1  SCFR_NC_086017_1_137451439_137461858_frame_1_fft  52   3  0.489202;0.489490;0.489682    1888.732;1847.152;1430.717        2;2;2
with_coding_region     10000  NC_086017.1  SCFR_NC_086017_1_137466854_137479769_frame_3_fft  58   3  0.489353;0.061479;0.490592    4254.595;1770.039;1282.280        2;16;2
with_coding_region     10000  NC_086017.1  SCFR_NC_086017_1_137469955_137485750_frame_1_fft  74   3  0.489395;0.488509;0.489016    3007.529;1991.272;1861.642        2;2;2
with_coding_region     10000  NC_086017.1  SCFR_NC_086017_1_137485753_137495776_frame_1_fft  55   3  0.489275;0.488975;0.488676    1793.322;1568.530;1348.358        2;2;2
with_coding_region     10000  NC_086017.1  SCFR_NC_086017_1_137645625_137658474_frame_2_fft  64   3  0.488987;0.489999;0.489532    1912.718;1620.624;1605.843        2;2;2
with_coding_region     10000  NC_086017.1  SCFR_NC_086017_1_1_10147_frame2_fft               5    3  -0.166667;0.166667;-0.333333  7783.029;7783.029;3278.634        9;45;11
with_coding_region     10000  NC_086017.1  SCFR_NC_086017_1_137534118_137544282_frame_2_fft  48   3  0.489177;0.021547;0.306867    3037.386;1360.388;1141.051        2;46;3
with_coding_region     10000  NC_086017.1  SCFR_NC_086017_1_137470731_137481903_frame_2_fft  53   3  0.489348;0.061493;0.490602    3178.053;1864.693;1436.715        2;16;2
with_coding_region     10000  NC_086017.1  SCFR_NC_086017_1_77_10082_frame3_fft              5    3  -0.166717;0.166717;-0.333333  5027.703;5027.703;3292.891        9;46;11
with_coding_region     10000  NC_086017.1  SCFR_NC_086017_1_207349781_207366191_frame_3_fft  23   3  0.333333;0.041682;0.291651    4583.279;3128.015;2933.181        3;24;3
with_coding_region     10000  NC_073234.2  SCFR_NC_073234_2_60790981_60802768_frame_2_fft    45   3  0.333333;0.033427;0.366760    4597.099;2106.338;2059.654        3;30;3
with_coding_region     10000  NC_073227.2  SCFR_NC_073227_2_81618830_81631871_frame_2_fft    19   3  0.428571;0.047619;0.452343    5090.501;3066.734;2827.404        2;21;2
with_coding_region     10000  NC_073227.2  SCFR_NC_073227_2_81964890_81981921_frame_1_fft    20   3  0.428571;0.047619;0.452352    6645.065;4026.025;3702.803        2;21;2
with_coding_region     10000  NC_073227.2  SCFR_NC_073227_2_82037244_82050285_frame_1_fft    19   3  0.428571;0.047619;0.452343    5090.424;3071.077;2830.206        2;21;2
with_coding_region     10000  NC_073227.2  SCFR_NC_073227_2_81548573_81565604_frame_2_fft    19   3  0.428571;0.047619;0.452352    6643.066;4026.895;3702.974        2;21;2
with_coding_region     10000  NC_073227.2  SCFR_NC_073227_2_82240020_82255974_frame_1_fft    37   3  0.452363;0.428545;0.166667    4748.725;4514.729;3803.137        2;2;6
with_coding_region     10000  NC_073227.2  SCFR_NC_073227_2_82364369_82375700_frame_2_fft    20   3  0.428647;0.452387;0.047657    2485.413;2424.662;2296.287        2;2;21
with_coding_region     10000  NC_073227.2  SCFR_NC_073227_2_82171006_82194967_frame_3_fft    25   3  0.428571;0.047619;0.452360    9335.100;5600.427;5169.943        2;21;2
with_coding_region     10000  NC_073227.2  SCFR_NC_073227_2_82280244_82308024_frame_1_fft    37   3  0.428582;0.452376;0.166667    9477.909;9111.530;6566.469        2;2;6
with_coding_region     10000  NC_073227.2  SCFR_NC_073227_2_84730778_84741152_frame_2_fft    20   3  0.428571;0.452381;0.166667    4007.547;3504.446;2482.066        2;2;6
with_coding_region     10000  NC_073227.2  SCFR_NC_073227_2_84719664_84730830_frame_1_fft    20   3  0.452355;0.428533;0.166667    3284.559;3147.495;2658.027        2;2;6
with_coding_region     10000  NC_073227.2  SCFR_NC_073227_2_84782602_84795130_frame_3_fft    26   3  0.428560;0.452347;0.166667    4735.341;3099.227;2990.330        2;2;6
with_coding_region     10000  NC_073227.2  SCFR_NC_073227_2_84751778_84766976_frame_2_fft    36   3  0.452362;0.428543;0.166667    4504.704;4304.739;3617.975        2;2;6
with_coding_region     10000  NC_073227.2  SCFR_NC_073227_2_84845676_84861819_frame_1_fft    20   3  0.452394;0.428545;0.404757    5073.444;4549.889;3470.486        2;2;2
with_coding_region     10000  NC_073227.2  SCFR_NC_073227_2_84864309_84876120_frame_1_fft    20   3  0.428584;0.404792;0.452375    3740.438;2343.428;2100.318        2;2;2
with_coding_region     10000  NC_073227.2  SCFR_NC_073227_2_85089029_85108370_frame_2_fft    26   3  0.428571;0.047619;0.452355    7532.752;4577.050;4203.151        2;21;2
with_coding_region     10000  NC_073240.2  SCFR_NC_073240_2_13140813_13325778_frame_2_fft    11   3  0.176471;0.352942;0.470586    119443.998;64389.165;46493.919    6;3;2
with_coding_region     10000  NC_073240.2  SCFR_NC_073240_2_13140998_13325723_frame_3_fft    8    3  0.176473;0.352941;0.058823    82636.267;70329.484;49165.476     6;3;17
with_coding_region     10000  NC_073240.2  SCFR_NC_073240_2_13140892_13326112_frame_1_fft    11   3  0.176471;0.352942;0.470586    119461.368;64407.307;46529.933    6;3;2
with_coding_region     10000  NC_073240.2  SCFR_NC_073240_2_13717456_13728520_frame2_fft     8    3  0.176428;0.352946;0.058839    4995.337;4236.090;3025.303        6;3;17
with_coding_region     10000  NC_073240.2  SCFR_NC_073240_2_13748574_13760454_frame_2_fft    8    3  0.176431;0.352946;0.058838    5313.432;4469.503;3178.477        6;3;17
with_coding_region     10000  NC_073240.2  SCFR_NC_073240_2_13757006_13768172_frame_3_fft    8    3  0.176428;0.352946;0.058839    4987.675;4221.016;2995.505        6;3;17
with_coding_region     10000  NC_073240.2  SCFR_NC_073240_2_13770504_13879080_frame_2_fft    9    3  0.176466;0.352942;0.058825    48980.248;40823.135;28670.903     6;3;17
with_coding_region     10000  NC_073240.2  SCFR_NC_073240_2_13372978_13750747_frame_1_fft    10   3  0.176470;0.352941;0.470589    245506.071;132014.867;96621.281   6;3;2
with_coding_region     10000  NC_073240.2  SCFR_NC_073240_2_13774108_13880695_frame_1_fft    8    3  0.176466;0.352942;0.058825    48066.817;40062.160;28140.087     6;3;17
with_coding_region     10000  NC_073240.2  SCFR_NC_073240_2_13373057_13749047_frame_3_fft    8    3  0.176470;0.352940;0.058823    237479.008;116557.316;106326.660  6;3;17
with_coding_region     10000  NC_073240.2  SCFR_NC_073240_2_13373163_13748571_frame_2_fft    13   3  0.176469;0.352941;0.058824    168491.402;143024.599;101468.876  6;3;17
with_coding_region     10000  NC_073240.2  SCFR_NC_073240_2_13962273_13973796_frame1_fft     8    3  0.176430;0.352946;0.058839    5161.420;4267.807;2864.864        6;3;17
with_coding_region     10000  NC_073240.2  SCFR_NC_073240_2_13994386_14007184_frame2_fft     8    3  0.176434;0.352946;0.058837    5778.404;4838.537;3484.011        6;3;17
with_coding_region     10000  NC_073240.2  SCFR_NC_073240_2_13994576_14010329_frame3_fft     8    3  0.176474;0.352949;0.470577    10471.308;5842.019;4806.697       6;3;2
with_coding_region     10000  NC_073240.2  SCFR_NC_073240_2_13772714_14058896_frame_3_fft    12   3  0.176472;0.470589;0.352940    164760.233;87646.915;80549.437    6;2;3
with_coding_region     10000  NC_073240.2  SCFR_NC_073240_2_13994964_14005620_frame1_fft     8    3  0.176426;0.352947;0.058840    4805.790;4054.922;2931.758        6;3;17
with_coding_region     10000  NC_073240.2  SCFR_NC_073240_2_13879083_14060100_frame_2_fft    14   3  0.176470;0.352939;0.058823    113644.643;55041.849;49774.377    6;3;17
with_coding_region     10000  NC_073240.2  SCFR_NC_073240_2_43502626_43512880_frame2_fft     1    1  0.333333                      1024.619                          3
with_coding_region     10000  NC_073240.2  SCFR_NC_073240_2_14011607_14024966_frame3_fft     8    3  0.176435;0.352946;0.058837    5988.608;5022.424;3481.438        6;3;17
with_coding_region     10000  NC_073240.2  SCFR_NC_073240_2_68697427_68721334_frame_1_fft    79   3  0.475384;0.475049;0.474756    2500.200;2480.198;2379.931        2;2;2
with_coding_region     10000  NC_073240.2  SCFR_NC_073240_2_68697428_68723738_frame3_fft     88   3  0.475029;0.475371;0.474762    3225.191;2556.804;2442.712        2;2;2
with_coding_region     10000  NC_073240.2  SCFR_NC_073240_2_68697295_68723734_frame2_fft     88   3  0.474753;0.475018;0.475737    2815.460;2519.399;2233.770        2;2;2
with_coding_region     10000  NC_073240.2  SCFR_NC_073240_2_68698173_68713110_frame_2_fft    55   3  0.475397;0.475062;0.474192    2255.507;1893.712;1674.058        2;2;2
with_coding_region     10000  NC_073240.2  SCFR_NC_073240_2_68697441_68723838_frame1_fft     89   3  0.474751;0.475016;0.475736    2844.816;2342.178;2247.540        2;2;2
with_coding_region     10000  NC_073240.2  SCFR_NC_073240_2_68713113_68723733_frame_2_fft    36   3  0.476836;0.474765;0.475330    1267.338;1233.712;1187.846        2;2;2
with_coding_region     10000  NC_073240.2  SCFR_NC_073240_2_13881718_14058904_frame_1_fft    13   3  0.176470;0.352940;0.470590    115390.522;61045.309;44783.041    6;3;2
with_coding_region     10000  NC_073244.2  SCFR_NC_073244_2_6255187_6266410_frame_3_fft      53   3  0.079836;0.080103;0.080816    1438.385;1155.516;939.843         13;12;12
with_coding_region     10000  NC_073244.2  SCFR_NC_073244_2_6255255_6266448_frame_1_fft      56   3  0.079871;0.080050;0.080854    1378.630;974.486;891.361          13;12;12
with_coding_region     10000  NC_073244.2  SCFR_NC_073244_2_6255194_6266432_frame_2_fft      65   3  0.080085;0.079818;0.319452    1302.717;1193.005;828.040         12;13;3
with_coding_region     10000  NC_073244.2  SCFR_NC_073244_2_15006751_15029494_frame_3_fft    10   3  0.333333;0.003430;0.002286    4576.847;983.182;935.952          3;292;437
