without_coding_region  5000   NC_071995.2     SCFR_NC_071995_2_108196031_108201044_frame_1_fft  23   3  0.040096;0.080192;0.120287    1402.470;1199.976;793.597    25;12;8
without_coding_region  5000   NC_071995.2     SCFR_NC_071995_2_108144004_108150562_frame_2_fft  19   3  0.080055;0.120006;0.039951    1572.629;1470.038;1301.584   12;8;25
without_coding_region  5000   NC_071995.2     SCFR_NC_071995_2_108419175_108425592_frame1_fft   11   3  0.333177;0.333801;0.334113    2411.681;1553.743;956.891    3;3;3
without_coding_region  5000   NC_071995.2     SCFR_NC_071995_2_108419209_108425485_frame2_fft   12   3  0.333174;0.333811;0.334130    2482.698;1357.778;900.756    3;3;3
without_coding_region  5000   NC_071995.2     SCFR_NC_071995_2_108419300_108425288_frame3_fft   10   3  0.333166;0.333667;0.334168    2555.196;1199.698;640.203    3;3;3
without_coding_region  5000   NC_071995.2     SCFR_NC_071995_2_131143278_131149542_frame1_fft   22   3  0.400064;0.266762;0.333174    1455.588;1226.181;1215.888   2;4;3
without_coding_region  5000   NC_071995.2     SCFR_NC_071995_2_132269655_132278790_frame_3_fft  2    2  0.166721;0.333333             4619.633;3019.771            6;3
without_coding_region  5000   NC_071995.2     SCFR_NC_071995_2_132269729_132278879_frame_1_fft  2    2  0.166667;0.333333             7158.899;2992.077            6;3
without_coding_region  5000   NC_071995.2     SCFR_NC_071995_2_132269656_132278791_frame2_fft   2    2  0.166721;0.333333             4621.496;3018.713            6;3
without_coding_region  5000   NC_071995.2     SCFR_NC_071995_2_132269730_132278880_frame1_fft   2    2  0.166667;0.333333             7157.036;2993.573            6;3
without_coding_region  5000   NC_071995.2     SCFR_NC_071995_2_2802_9081_frame_3_fft            3    3  0.166746;0.333333;0.165950    3421.460;1804.171;464.466    6;3;6
without_coding_region  5000   NC_071995.2     SCFR_NC_071995_2_2803_9082_frame2_fft             3    3  0.166746;0.333333;0.165950    3420.826;1803.222;466.020    6;3;6
without_coding_region  5000   NC_071995.2     SCFR_NC_071995_2_3522_9021_frame1_fft             2    2  0.166576;0.333333             2770.972;1832.000            6;3
without_coding_region  5000   NC_071995.2     SCFR_NC_071995_2_3521_9020_frame_1_fft            2    2  0.166576;0.333333             2769.103;1830.000            6;3
without_coding_region  5000   NC_072005.2     SCFR_NC_072005_2_19797873_19804044_frame_1_fft    13   3  0.499757;0.498947;0.499271    1118.540;1079.520;667.037    2;2;2
without_coding_region  5000   NC_072005.2     SCFR_NC_072005_2_19797903_19804245_frame1_fft     13   3  0.499527;0.499054;0.497162    1137.913;784.028;647.057     2;2;2
without_coding_region  5000   NC_072005.2     SCFR_NC_072005_2_19797770_19804265_frame_2_fft    14   3  0.498999;0.499769;0.499307    1174.931;1102.067;884.620    2;2;2
without_coding_region  5000   NC_072005.2     SCFR_NC_072005_2_19797850_19804060_frame2_fft     13   3  0.499517;0.499034;0.497101    1124.991;961.128;581.267     2;2;2
without_coding_region  5000   NC_072005.2     SCFR_NC_072005_2_19797913_19804219_frame_3_fft    12   3  0.499524;0.499049;0.497146    1130.070;826.444;652.118     2;2;2
without_coding_region  5000   NC_072005.2     SCFR_NC_072005_2_3940337_3946946_frame3_fft       11   3  0.487820;0.486912;0.488122    2044.711;951.320;678.200     2;2;2
without_coding_region  5000   NC_072005.2     SCFR_NC_072005_2_3940956_3947022_frame1_fft       8    3  0.487801;0.487141;0.486317    2002.125;822.579;617.665     2;2;2
without_coding_region  5000   NC_072005.2     SCFR_NC_072005_2_43253085_43276101_frame1_fft     14   3  0.466675;0.333333;0.366658    9942.480;9772.976;7104.087   2;3;3
without_coding_region  5000   NC_072005.2     SCFR_NC_072005_2_4573724_4580960_frame3_fft       24   3  0.023079;0.437949;0.440160    752.463;631.118;578.755      43;2;2
without_coding_region  5000   NC_072005.2     SCFR_NC_072005_2_43253116_43276084_frame2_fft     14   3  0.333333;0.466649;0.433342    9764.884;8093.594;6209.463   3;2;2
without_coding_region  5000   NC_072005.2     SCFR_NC_072005_2_62226982_62232298_frame_3_fft    4    3  0.000752;0.321482;0.000376    370.285;348.078;341.837      1329;3;2658
without_coding_region  5000   NC_072005.2     SCFR_NC_072005_2_4573635_4580682_frame1_fft       24   3  0.022989;0.045409;0.022421    861.871;678.546;560.022      44;22;45
without_coding_region  5000   NC_072005.2     SCFR_NC_072005_2_43253046_43276110_frame_1_fft    14   3  0.466658;0.333333;0.366675    9991.810;9772.222;7100.176   2;3;3
without_coding_region  5000   NC_072005.2     SCFR_NC_072005_2_62226990_62232417_frame_1_fft    4    3  0.000737;0.000369;0.321356    455.071;454.560;326.200      1357;2714;3
without_coding_region  5000   NC_072005.2     SCFR_NC_072005_2_62226986_62232158_frame_2_fft    3    3  0.321346;0.321732;0.336234    312.375;301.890;299.682      3;3;3
without_coding_region  5000   NC_072005.2     SCFR_NC_072005_2_65389157_65394329_frame3_fft     2    2  0.166667;0.333333             3854.230;1439.782            6;3
without_coding_region  5000   NC_072005.2     SCFR_NC_072005_2_9005064_9014835_frame_1_fft      1    1  0.333333                      2024.111                     3
without_coding_region  5000   NC_072005.2     SCFR_NC_072005_2_65389228_65394328_frame_3_fft    2    2  0.166667;0.333333             3820.138;1431.709            6;3
without_coding_region  5000   NC_072005.2     SCFR_NC_072005_2_8984121_9000780_frame_1_fft      4    3  0.333333;0.003422;0.002281    3330.967;777.611;654.500     3;292;438
without_coding_region  5000   NC_071988.2     SCFR_NC_071988_2_208796724_208804977_frame1_fft   13   3  0.285714;0.249970;0.142857    3017.801;2992.479;2982.046   4;4;7
without_coding_region  5000   NC_071988.2     SCFR_NC_071988_2_208796786_208805003_frame3_fft   13   3  0.249970;0.142875;0.285749    2986.900;2870.718;2709.220   4;7;4
without_coding_region  5000   NC_071988.2     SCFR_NC_071988_2_208796733_208804860_frame_2_fft  13   3  0.285714;0.250031;0.142857    2992.666;2971.933;2969.447   4;4;7
without_coding_region  5000   NC_071988.2     SCFR_NC_071988_2_208796752_208804942_frame2_fft   13   3  0.285714;0.142857;0.214286    3020.299;2985.729;2254.215   4;7;5
without_coding_region  5000   NC_071988.2     SCFR_NC_071988_2_208796827_208805020_frame_1_fft  13   3  0.249969;0.285732;0.107165    2974.707;2950.820;2531.831   4;4;9
without_coding_region  5000   NC_071988.2     SCFR_NC_071988_2_208796834_208804916_frame_3_fft  13   3  0.285697;0.107152;0.214303    2884.809;2675.218;2182.549   4;9;5
without_coding_region  5000   NC_071988.2     SCFR_NC_071988_2_6287657_6292859_frame_3_fft      13   3  0.333526;0.334295;0.333141    1435.963;1364.416;823.892    3;3;3
without_coding_region  5000   NC_071988.2     SCFR_NC_071988_2_902583_908268_frame_2_fft        31   3  0.030783;0.062093;0.485488    978.417;817.338;776.306      32;16;2
without_coding_region  5000   NC_071988.2     SCFR_NC_071988_2_902509_907945_frame_1_fft        30   3  0.030721;0.485467;0.484180    779.903;733.242;722.839      33;2;2
without_coding_region  5000   NC_071988.2     SCFR_NC_071988_2_902606_907985_frame_3_fft        31   3  0.062093;0.454731;0.484477    773.080;720.526;698.258      16;2;2
without_coding_region  5000   NC_071988.2     SCFR_NC_071988_2_902579_908240_frame3_fft         32   3  0.030737;0.454690;0.484190    848.790;735.999;711.633      33;2;2
without_coding_region  5000   NC_071988.2     SCFR_NC_071988_2_902563_908938_frame2_fft         30   3  0.030745;0.062118;0.485490    883.848;803.280;741.880      33;16;2
without_coding_region  5000   NC_071988.2     SCFR_NC_071988_2_951612_957822_frame1_fft         16   3  0.054911;0.216425;0.215137    1412.910;882.371;751.452     18;5;5
without_coding_region  5000   NC_071988.2     SCFR_NC_071988_2_951697_957940_frame2_fft         16   3  0.054942;0.216402;0.106359    1621.519;843.049;684.791     18;5;9
without_coding_region  5000   NC_071988.2     SCFR_NC_071988_2_902616_908115_frame1_fft         30   3  0.030733;0.485543;0.484452    849.876;800.540;681.549      33;2;2
without_coding_region  5000   NC_071988.2     SCFR_NC_071988_2_951737_957827_frame_3_fft        15   3  0.055008;0.216420;0.217241    1442.858;873.148;601.330     18;5;5
without_coding_region  5000   NC_071988.2     SCFR_NC_071988_2_951702_957939_frame_2_fft        17   3  0.054994;0.216450;0.215168    1578.684;883.556;830.248     18;5;5
without_coding_region  5000   NC_071996.2     SCFR_NC_071996_2_10375163_10381460_frame3_fft     24   3  0.178180;0.411466;0.176751    690.309;681.009;676.120      6;2;6
without_coding_region  5000   NC_071996.2     SCFR_NC_071996_2_11795921_11801246_frame3_fft     32   3  0.411831;0.181784;0.409953    851.574;693.913;593.233      2;6;2
without_coding_region  5000   NC_071996.2     SCFR_NC_071996_2_11772736_11777884_frame2_fft     24   3  0.410645;0.411422;0.177739    716.400;644.956;598.338      2;2;6
without_coding_region  5000   NC_071996.2     SCFR_NC_071996_2_10378456_10383616_frame2_fft     24   3  0.182946;0.412791;0.181395    626.833;597.724;546.046      5;2;6
without_coding_region  5000   NC_071996.2     SCFR_NC_071996_2_11841746_11846930_frame3_fft     25   3  0.173418;0.174190;0.412616    643.877;574.951;475.667      6;6;2
without_coding_region  5000   NC_071996.2     SCFR_NC_071996_2_13131360_13137426_frame1_fft     28   3  0.411803;0.175734;0.412463    948.338;827.390;639.327      2;6;2
without_coding_region  5000   NC_071996.2     SCFR_NC_071996_2_13228840_13234168_frame2_fft     21   3  0.409159;0.408784;0.184122    711.308;685.903;668.838      2;2;5
without_coding_region  5000   NC_071996.2     SCFR_NC_071996_2_144423375_144433509_frame1_fft   40   3  0.499803;0.416321;0.249951    2448.789;1511.774;1244.143   2;2;4
without_coding_region  5000   NC_071996.2     SCFR_NC_071996_2_144424175_144432998_frame3_fft   48   3  0.499717;0.416298;0.249915    2136.526;1474.668;1285.736   2;2;4
without_coding_region  5000   NC_071996.2     SCFR_NC_071996_2_144422803_144433750_frame2_fft   47   3  0.499772;0.416370;0.249931    2772.838;1497.549;1282.661   2;2;4
without_coding_region  5000   NC_071996.2     SCFR_NC_071996_2_146190126_146195259_frame1_fft   3    3  0.166764;0.333333;0.165985    3034.670;1330.436;443.682    6;3;6
without_coding_region  5000   NC_071996.2     SCFR_NC_071996_2_30290668_30297679_frame_2_fft    8    3  0.332905;0.332620;0.334617    1588.562;1400.793;1284.359   3;3;3
without_coding_region  5000   NC_071996.2     SCFR_NC_071996_2_146190191_146195258_frame_1_fft  3    3  0.166765;0.333333;0.165976    3002.598;1325.720;406.182    6;3;6
without_coding_region  5000   NC_071996.2     SCFR_NC_071996_2_1567837_1573060_frame2_fft       23   3  0.182462;0.180930;0.408960    767.010;734.373;616.095      5;6;2
without_coding_region  5000   NC_071996.2     SCFR_NC_071996_2_1662069_1667835_frame1_fft       26   3  0.410510;0.182622;0.179674    718.549;655.410;632.209      2;5;6
without_coding_region  5000   NC_071996.2     SCFR_NC_071996_2_3442063_3447577_frame_2_fft      26   3  0.181719;0.185528;0.180812    702.630;670.889;595.255      6;5;6
without_coding_region  5000   NC_071996.2     SCFR_NC_071996_2_30290867_30297635_frame_1_fft    7    3  0.332890;0.333629;0.333333    1755.372;1223.920;1160.728   3;3;3
without_coding_region  5000   NC_071996.2     SCFR_NC_071996_2_4321015_4326409_frame_2_fft      26   3  0.409900;0.180571;0.180200    721.426;659.435;609.522      2;6;6
without_coding_region  5000   NC_071996.2     SCFR_NC_071996_2_3461129_3470660_frame3_fft       40   3  0.173854;0.413283;0.412444    1113.322;887.405;866.036     6;2;2
without_coding_region  5000   NC_071996.2     SCFR_NC_071996_2_4428986_4434764_frame3_fft       28   3  0.179128;0.175493;0.410003    727.248;651.472;635.303      6;6;2
without_coding_region  5000   NC_071996.2     SCFR_NC_071996_2_4912221_4917576_frame1_fft       25   3  0.412698;0.177218;0.173856    819.083;601.843;526.781      2;6;6
without_coding_region  5000   NC_071996.2     SCFR_NC_071996_2_4822694_4828502_frame3_fft       26   3  0.412190;0.173382;0.179063    741.429;606.569;592.924      2;6;6
without_coding_region  5000   NC_071996.2     SCFR_NC_071996_2_4369175_4374434_frame_1_fft      27   3  0.182734;0.181023;0.409964    680.328;658.496;590.524      5;6;2
without_coding_region  5000   NC_071996.2     SCFR_NC_071996_2_7720201_7725508_frame_2_fft      30   3  0.183908;0.182212;0.181458    728.783;668.071;540.276      5;5;6
without_coding_region  5000   NC_071996.2     SCFR_NC_071996_2_81385040_81391556_frame_1_fft    1    1  0.333333                      992.047                      3
without_coding_region  5000   NC_071996.2     SCFR_NC_071996_2_4856481_4864179_frame1_fft       31   3  0.182645;0.180696;0.410366    933.799;884.743;844.852      5;6;2
without_coding_region  5000   NC_071996.2     SCFR_NC_071996_2_8805858_8810886_frame1_fft       22   3  0.412490;0.412092;0.175219    873.085;697.292;596.958      2;2;6
without_coding_region  5000   NC_071996.2     SCFR_NC_071996_2_8036681_8042132_frame_1_fft      28   3  0.175197;0.180150;0.411484    648.414;585.388;573.947      6;6;2
without_coding_region  5000   NC_071996.2     SCFR_NC_071996_2_6397926_6403707_frame1_fft       31   3  0.180765;0.411693;0.178862    733.334;732.744;701.200      6;2;6
without_coding_region  5000   NC_071996.2     SCFR_NC_071996_2_8872384_8878129_frame2_fft       31   3  0.413925;0.412185;0.171453    777.602;596.099;595.042      2;2;6
without_coding_region  5000   NC_072003.2     SCFR_NC_072003_2_5446816_5452354_frame_2_fft      37   3  0.037017;0.432105;0.123510    1762.759;1279.141;1090.199   27;2;8
without_coding_region  5000   NC_072003.2     SCFR_NC_072003_2_5446925_5452622_frame3_fft       39   3  0.037037;0.222222;0.049324    1894.284;1263.472;1138.145   27;5;20
without_coding_region  5000   NC_072003.2     SCFR_NC_072003_2_5446914_5452377_frame1_fft       39   3  0.036976;0.222222;0.049423    1501.950;1221.990;1219.282   27;5;20
without_coding_region  5000   NC_072003.2     SCFR_NC_072003_2_36172042_36177112_frame2_fft     4    3  0.200000;0.400000;0.200592    2531.439;1927.988;542.047    5;3;5
without_coding_region  5000   NC_072003.2     SCFR_NC_072003_2_6003649_6010618_frame_2_fft      38   3  0.037021;0.049361;0.012340    2218.148;1581.308;1421.045   27;20;81
without_coding_region  5000   NC_072003.2     SCFR_NC_072003_2_6003747_6010692_frame1_fft       40   3  0.037005;0.049388;0.432109    2103.221;1645.407;1607.649   27;20;2
without_coding_region  5000   NC_072003.2     SCFR_NC_072003_2_6034102_6041509_frame2_fft       39   3  0.036992;0.222222;0.493857    1970.561;1736.886;1557.643   27;5;2
without_coding_region  5000   NC_072003.2     SCFR_NC_072003_2_6003758_6010529_frame3_fft       39   3  0.037070;0.123468;0.432137    2058.290;1547.265;1450.851   27;8;2
without_coding_region  5000   NC_072003.2     SCFR_NC_072003_2_6034004_6041567_frame_1_fft      39   3  0.037022;0.432104;0.370356    2340.752;1694.476;1608.075   27;2;3
without_coding_region  5000   NC_072003.2     SCFR_NC_072003_2_6034113_6045801_frame1_fft       46   3  0.037047;0.123460;0.049367    3731.624;2444.405;2308.246   27;8;20
without_coding_region  5000   NC_072003.2     SCFR_NC_072003_2_688180_698353_frame2_fft         32   3  0.454537;0.424260;0.227268    2787.517;2297.904;2287.185   2;2;4
without_coding_region  5000   NC_072003.2     SCFR_NC_072003_2_688431_698292_frame_3_fft        32   3  0.454518;0.181827;0.075753    2439.211;2362.072;2314.042   2;6;13
without_coding_region  5000   NC_072003.2     SCFR_NC_072003_2_688162_697054_frame_2_fft        32   3  0.454566;0.166667;0.227283    2355.352;2085.899;2000.294   2;6;4
without_coding_region  5000   NC_072003.2     SCFR_NC_072003_2_688211_697055_frame3_fft         32   3  0.454545;0.181818;0.424242    2485.922;2163.976;2139.139   2;6;2
without_coding_region  5000   NC_072003.2     SCFR_NC_072003_2_80965362_80971227_frame1_fft     24   3  0.052003;0.052856;0.104007    1074.320;619.711;597.308     19;19;10
without_coding_region  5000   NC_072003.2     SCFR_NC_072003_2_89543288_89549654_frame_1_fft    3    3  0.166667;0.333333;0.165096    3943.260;1765.126;387.100    6;3;6
without_coding_region  5000   NC_072003.2     SCFR_NC_072003_2_80965414_80971147_frame2_fft     24   3  0.051980;0.207745;0.052852    1020.617;620.317;600.266     19;5;19
without_coding_region  5000   NC_072003.2     SCFR_NC_072003_2_89543289_89549655_frame1_fft     3    3  0.166667;0.333333;0.165096    3945.146;1765.935;385.168    6;3;6
without_coding_region  5000   NC_072003.2     SCFR_NC_072003_2_89543530_89549158_frame2_fft     2    2  0.166667;0.333333             4041.773;1873.106            6;3
without_coding_region  5000   NC_072003.2     SCFR_NC_072003_2_89543529_89549157_frame_3_fft    2    2  0.166667;0.333333             4041.275;1875.083            6;3
without_coding_region  5000   NC_071997.2     SCFR_NC_071997_2_102494053_102500080_frame_2_fft  30   3  0.438693;0.228140;0.017588    1704.775;1309.458;1200.389   2;4;57
without_coding_region  5000   NC_071997.2     SCFR_NC_071997_2_102494019_102500070_frame_3_fft  27   3  0.105272;0.438440;0.017518    1401.421;1267.060;1260.106   10;2;57
without_coding_region  5000   NC_071997.2     SCFR_NC_071997_2_102494066_102500102_frame_1_fft  30   3  0.438701;0.035123;0.228131    1687.902;1408.264;1335.285   2;28;4
without_coding_region  5000   NC_071997.2     SCFR_NC_071997_2_10818605_10824524_frame_1_fft    29   3  0.180774;0.410373;0.178577    874.837;801.450;742.015      6;2;6
without_coding_region  5000   NC_071997.2     SCFR_NC_071997_2_11076385_11082169_frame_2_fft    27   3  0.411307;0.176176;0.178250    912.462;898.929;757.415      2;6;6
without_coding_region  5000   NC_071997.2     SCFR_NC_071997_2_11747746_11752966_frame_2_fft    26   3  0.411686;0.413218;0.176628    703.050;694.981;657.348      2;2;6
without_coding_region  5000   NC_071997.2     SCFR_NC_071997_2_11975817_11980851_frame1_fft     10   3  0.200437;0.400477;0.400874    1591.184;1163.144;746.895    5;2;2
without_coding_region  5000   NC_071997.2     SCFR_NC_071997_2_11693102_11698802_frame_1_fft    29   3  0.180702;0.409474;0.178772    648.025;634.356;577.699      6;2;6
without_coding_region  5000   NC_071997.2     SCFR_NC_071997_2_11162469_11168259_frame_3_fft    32   3  0.180656;0.411054;0.176684    697.459;695.091;553.951      6;2;6
without_coding_region  5000   NC_071997.2     SCFR_NC_071997_2_11449210_11454262_frame2_fft     25   3  0.411124;0.174386;0.412708    723.610;707.708;696.521      2;6;2
without_coding_region  5000   NC_071997.2     SCFR_NC_071997_2_124426561_124445485_frame_2_fft  42   3  0.333333;0.493289;0.159956    13892.130;4673.890;3327.201  3;2;6
without_coding_region  5000   NC_071997.2     SCFR_NC_071997_2_124426565_124445297_frame_1_fft  40   3  0.333333;0.493274;0.159940    13887.446;4141.678;2914.733  3;2;6
without_coding_region  5000   NC_071997.2     SCFR_NC_071997_2_124426586_124445267_frame3_fft   43   3  0.333333;0.493282;0.159949    13893.036;4579.996;3239.143  3;2;6
without_coding_region  5000   NC_071997.2     SCFR_NC_071997_2_124426569_124437249_frame1_fft   22   3  0.333333;0.493258;0.159925    7918.110;2513.708;1765.245   3;2;6
without_coding_region  5000   NC_071997.2     SCFR_NC_071997_2_124437252_124445436_frame1_fft   23   3  0.333333;0.493280;0.159946    5962.917;1731.483;1256.787   3;2;6
without_coding_region  5000   NC_071997.2     SCFR_NC_071997_2_12472292_12478019_frame3_fft     27   3  0.411385;0.178453;0.181247    711.899;694.714;684.089      2;6;6
without_coding_region  5000   NC_071997.2     SCFR_NC_071997_2_12465381_12471042_frame1_fft     28   3  0.411411;0.178414;0.183536    759.813;717.387;671.483      2;6;5
without_coding_region  5000   NC_071997.2     SCFR_NC_071997_2_12479269_12484996_frame2_fft     28   3  0.411385;0.178453;0.181247    711.492;694.086;685.555      2;6;6
without_coding_region  5000   NC_071997.2     SCFR_NC_071997_2_130153950_130162431_frame1_fft   32   3  0.189600;0.379318;0.194317    2026.419;1416.552;1004.407   5;3;5
without_coding_region  5000   NC_071997.2     SCFR_NC_071997_2_12493262_12498989_frame3_fft     28   3  0.411385;0.181247;0.178453    715.658;680.663;674.945      2;6;6
without_coding_region  5000   NC_071997.2     SCFR_NC_071997_2_130154300_130162421_frame3_fft   35   3  0.189632;0.379264;0.194311    1952.814;1456.531;990.962    5;3;5
without_coding_region  5000   NC_071997.2     SCFR_NC_071997_2_130154365_130162543_frame2_fft   32   3  0.189655;0.379310;0.194302    1915.746;1449.871;992.811    5;3;5
without_coding_region  5000   NC_071997.2     SCFR_NC_071997_2_130154154_130162965_frame_3_fft  33   3  0.189649;0.379299;0.194303    1962.819;1441.442;1046.724   5;3;5
without_coding_region  5000   NC_071997.2     SCFR_NC_071997_2_124426603_124445278_frame2_fft   38   3  0.333333;0.493280;0.159946    13886.158;4496.872;3175.317  3;2;6
without_coding_region  5000   NC_071997.2     SCFR_NC_071997_2_133174908_133180221_frame1_fft   3    3  0.166761;0.333333;0.165443    2815.397;1481.565;342.757    6;3;6
without_coding_region  5000   NC_071997.2     SCFR_NC_071997_2_130154386_130162414_frame_2_fft  35   3  0.189586;0.379297;0.194320    2041.289;1467.851;966.565    5;3;5
without_coding_region  5000   NC_071997.2     SCFR_NC_071997_2_130154462_130162439_frame_1_fft  33   3  0.189670;0.379341;0.194309    1883.296;1370.463;1008.497   5;3;5
without_coding_region  5000   NC_071997.2     SCFR_NC_071997_2_133174907_133180220_frame_1_fft  3    3  0.166761;0.333333;0.165443    2814.014;1480.774;343.719    6;3;6
without_coding_region  5000   NC_071997.2     SCFR_NC_071997_2_13339078_13344682_frame2_fft     32   3  0.182905;0.180764;0.177195    625.901;612.529;578.008      5;6;6
without_coding_region  5000   NC_071997.2     SCFR_NC_071997_2_14002132_14007259_frame2_fft     20   3  0.173591;0.175151;0.412717    711.165;640.954;599.429      6;6;2
without_coding_region  5000   NC_071997.2     SCFR_NC_071997_2_14344336_14349484_frame2_fft     24   3  0.410645;0.411422;0.177739    702.294;645.830;599.560      2;2;6
without_coding_region  5000   NC_071997.2     SCFR_NC_071997_2_14417740_14422924_frame2_fft     26   3  0.173418;0.174190;0.412230    637.532;579.581;478.241      6;6;2
without_coding_region  5000   NC_071997.2     SCFR_NC_071997_2_15872829_15878607_frame_3_fft    29   3  0.411042;0.180339;0.177570    672.245;665.192;598.506      2;6;6
without_coding_region  5000   NC_071997.2     SCFR_NC_071997_2_14854115_14860772_frame_1_fft    33   3  0.181012;0.409644;0.409344    968.918;933.832;854.303      6;2;2
without_coding_region  5000   NC_071997.2     SCFR_NC_071997_2_17392325_17397368_frame3_fft     25   3  0.411263;0.178267;0.179258    648.232;583.231;577.499      2;6;6
without_coding_region  5000   NC_071997.2     SCFR_NC_071997_2_15913026_15918102_frame_3_fft    23   3  0.412530;0.413909;0.412136    583.434;518.612;509.376      2;2;2
without_coding_region  5000   NC_071997.2     SCFR_NC_071997_2_16885067_16890884_frame3_fft     29   3  0.178442;0.408458;0.410693    714.008;618.875;606.658      6;2;2
without_coding_region  5000   NC_071997.2     SCFR_NC_071997_2_5988032_5993492_frame3_fft       28   3  0.180403;0.412454;0.183700    696.098;680.773;614.396      6;2;5
without_coding_region  5000   NC_071997.2     SCFR_NC_071997_2_6757638_6764160_frame1_fft       12   3  0.200245;0.399877;0.199939    2503.673;2237.679;1560.359   5;3;5
without_coding_region  5000   NC_071997.2     SCFR_NC_071997_2_5990278_5995600_frame2_fft       26   3  0.175498;0.179444;0.410372    612.916;583.683;565.650      6;6;2
without_coding_region  5000   NC_071997.2     SCFR_NC_071997_2_7008544_7014250_frame2_fft       23   3  0.183141;0.182264;0.179635    747.698;717.589;691.879      5;5;6
without_coding_region  5000   NC_071997.2     SCFR_NC_071997_2_7361824_7367320_frame2_fft       24   3  0.178675;0.411026;0.412482    647.131;636.962;581.991      6;2;2
without_coding_region  5000   NC_071997.2     SCFR_NC_071997_2_7463884_7470268_frame2_fft       36   3  0.180294;0.175282;0.411811    747.368;700.688;682.012      6;6;2
without_coding_region  5000   NC_071997.2     SCFR_NC_071997_2_6891632_6896654_frame_1_fft      26   3  0.409797;0.180605;0.178017    733.902;630.337;571.275      2;6;6
without_coding_region  5000   NC_071997.2     SCFR_NC_071997_2_7464620_7469882_frame3_fft       29   3  0.180350;0.412581;0.411821    720.682;565.473;546.465      6;2;2
without_coding_region  5000   NC_071997.2     SCFR_NC_071997_2_7785772_7792597_frame2_fft       41   3  0.179341;0.409231;0.178901    921.655;902.966;800.386      6;2;6
without_coding_region  5000   NC_071997.2     SCFR_NC_071997_2_9913117_9920323_frame_2_fft      40   3  0.410214;0.176658;0.181654    960.684;951.257;787.976      2;6;6
without_coding_region  5000   NC_071997.2     SCFR_NC_071997_2_9489292_9494491_frame2_fft       26   3  0.412195;0.412579;0.173880    730.541;624.020;609.089      2;2;6
without_coding_region  5000   NC_071997.2     SCFR_NC_071997_2_8122399_8128300_frame2_fft       26   3  0.411117;0.173699;0.200474    682.037;673.976;660.749      2;6;5
without_coding_region  5000   NC_071993.2     SCFR_NC_071993_2_382_6754_frame2_fft              20   3  -0.166824;0.166824;0.166510   3318.343;3318.343;2620.364   12;61;61
without_coding_region  5000   NC_071993.2     SCFR_NC_071993_2_381_6753_frame_2_fft             20   3  -0.166824;0.166824;0.166510   3319.616;3319.616;2620.839   12;61;61
without_coding_region  5000   NC_071993.2     SCFR_NC_071993_2_140846694_140851896_frame_2_fft  4    3  0.166667;0.333333;0.168012    3506.120;1630.010;439.073    6;3;6
without_coding_region  5000   NC_071993.2     SCFR_NC_071993_2_39676465_39681586_frame_1_fft    25   3  0.178481;0.183167;0.408709    638.679;566.670;552.555      6;5;2
without_coding_region  5000   NC_071993.2     SCFR_NC_071993_2_39695914_39701689_frame_1_fft    30   3  0.175931;0.180433;0.180952    741.257;736.667;653.035      6;6;6
without_coding_region  5000   NC_071993.2     SCFR_NC_071993_2_914_6767_frame_3_fft             5    3  -0.166752;0.166752;-0.333333  2919.116;2919.116;1945.001   13;67;17
without_coding_region  5000   NC_071993.2     SCFR_NC_071993_2_915_6768_frame1_fft              5    3  -0.166752;0.166752;-0.333333  2919.030;2919.030;1945.001   13;67;17
without_coding_region  5000   NC_071998.2     SCFR_NC_071998_2_128922444_128929188_frame1_fft   20   3  0.206851;0.448250;0.413701    2239.765;1812.774;1484.697   5;2;2
without_coding_region  5000   NC_071998.2     SCFR_NC_071998_2_128922388_128929243_frame2_fft   20   3  0.206856;0.448140;0.413713    2235.218;2027.378;1490.990   5;2;2
without_coding_region  5000   NC_071998.2     SCFR_NC_071998_2_11225834_11232629_frame_1_fft    39   3  0.181751;0.176748;0.182046    956.713;941.524;710.115      6;6;5
without_coding_region  5000   NC_071998.2     SCFR_NC_071998_2_10734650_10740011_frame3_fft     8    3  0.200522;0.199963;0.399925    943.742;885.983;688.439      5;5;3
without_coding_region  5000   NC_071998.2     SCFR_NC_071998_2_128922485_128929262_frame3_fft   22   3  0.206876;0.448133;0.413752    2152.393;1973.806;1314.048   5;2;2
without_coding_region  5000   NC_071998.2     SCFR_NC_071998_2_129606005_129614723_frame3_fft   2    2  0.166667;0.333333             6877.880;2938.313            6;3
without_coding_region  5000   NC_071998.2     SCFR_NC_071998_2_129606004_129614722_frame_2_fft  2    2  0.166667;0.333333             6877.525;2937.360            6;3
without_coding_region  5000   NC_071998.2     SCFR_NC_071998_2_129606024_129614823_frame1_fft   2    2  0.166610;0.333333             4580.710;2941.373            6;3
without_coding_region  5000   NC_071998.2     SCFR_NC_071998_2_129606023_129615071_frame_1_fft  3    3  0.166667;0.333333;0.166446    6792.913;3008.717;527.413    6;3;6
without_coding_region  5000   NC_071998.2     SCFR_NC_071998_2_13058979_13064358_frame_3_fft    21   3  0.412530;0.172523;0.176241    657.330;644.528;620.907      2;6;6
without_coding_region  5000   NC_071998.2     SCFR_NC_071998_2_5197786_5205484_frame2_fft       41   3  0.412835;0.179137;0.182645    833.440;735.308;666.739      2;6;5
without_coding_region  5000   NC_071998.2     SCFR_NC_071998_2_7382304_7387443_frame1_fft       3    3  0.200039;0.400078;0.200428    2405.438;1563.587;350.575    5;2;5
without_coding_region  5000   NC_071998.2     SCFR_NC_071998_2_6630939_6635958_frame1_fft       27   3  0.412433;0.183702;0.176928    627.097;582.639;581.349      2;5;6
without_coding_region  5000   NC_071998.2     SCFR_NC_071998_2_8469197_8474429_frame3_fft       27   3  0.411888;0.177179;0.180428    772.097;609.731;599.955      2;6;6
without_coding_region  5000   NC_071998.2     SCFR_NC_071998_2_7596378_7601442_frame1_fft       20   3  0.410545;0.175553;0.178910    630.445;618.948;609.332      2;6;6
without_coding_region  5000   NC_071998.2     SCFR_NC_071998_2_7476115_7481509_frame_2_fft      24   3  0.180571;0.409900;0.178346    769.136;689.683;620.028      6;2;6
without_coding_region  5000   NC_071998.2     SCFR_NC_071998_2_8532523_8537782_frame2_fft       26   3  0.410534;0.179502;0.410915    783.967;770.660;570.255      2;6;2
without_coding_region  5000   NC_071998.2     SCFR_NC_071998_2_7643151_7648215_frame1_fft       21   3  0.410545;0.175553;0.178910    629.571;619.760;610.609      2;6;6
without_coding_region  5000   NC_071998.2     SCFR_NC_071998_2_9974583_9979929_frame1_fft       25   3  0.176955;0.411710;0.178825    573.572;567.669;561.605      6;2;6
without_coding_region  5000   NC_072001.2     SCFR_NC_072001_2_104367583_104373439_frame2_fft   21   3  0.489925;0.043204;0.494023    861.597;587.164;574.618      2;23;2
without_coding_region  5000   NC_072001.2     SCFR_NC_072001_2_104367831_104373477_frame1_fft   20   3  0.489904;0.493978;0.487779    803.813;682.252;591.627      2;2;2
without_coding_region  5000   NC_072001.2     SCFR_NC_072001_2_104367713_104373053_frame3_fft   24   3  0.489888;0.494007;0.487828    775.335;636.107;594.706      2;2;2
without_coding_region  5000   NC_072001.2     SCFR_NC_072001_2_105323240_105328715_frame_1_fft  3    3  0.166575;0.333333;0.167306    3151.046;1480.867;590.931    6;3;6
without_coding_region  5000   NC_072001.2     SCFR_NC_072001_2_105324162_105330237_frame_3_fft  6    3  0.166584;0.333333;0.166091    3138.888;1874.543;617.083    6;3;6
without_coding_region  5000   NC_072001.2     SCFR_NC_072001_2_105323241_105328716_frame1_fft   3    3  0.166575;0.333333;0.167306    3151.803;1480.242;589.366    6;3;6
without_coding_region  5000   NC_072001.2     SCFR_NC_072001_2_105324163_105330238_frame2_fft   6    3  0.166584;0.333333;0.166091    3137.063;1873.544;615.152    6;3;6
without_coding_region  5000   NC_072001.2     SCFR_NC_072001_2_32345332_32357440_frame_2_fft    26   3  0.059547;0.410968;0.029815    1226.236;898.660;823.476     17;2;34
without_coding_region  5000   NC_072001.2     SCFR_NC_072001_2_32344880_32357606_frame_1_fft    25   3  0.059563;0.410970;0.029782    1198.358;872.699;840.057     17;2;34
without_coding_region  5000   NC_072001.2     SCFR_NC_072001_2_32349327_32357496_frame_3_fft    21   3  0.059616;0.029747;0.410944    941.436;855.431;816.491      17;34;2
without_coding_region  5000   NC_072001.2     SCFR_NC_072001_2_3341385_3347082_frame1_fft       31   3  0.410391;0.175531;0.178515    896.476;821.691;806.802      2;6;6
without_coding_region  5000   NC_072001.2     SCFR_NC_072001_2_4335980_4341869_frame3_fft       31   3  0.178468;0.181864;0.410766    810.130;698.820;644.353      6;5;2
without_coding_region  5000   NC_072001.2     SCFR_NC_072001_2_4793_11297_frame_1_fft           2    2  0.166667;0.333333             4866.547;1817.935            6;3
without_coding_region  5000   NC_072001.2     SCFR_NC_072001_2_4794_11343_frame1_fft            3    3  0.166743;0.333333;0.165827    3742.467;1821.724;401.028    6;3;6
without_coding_region  5000   NC_072001.2     SCFR_NC_072001_2_4225704_4230798_frame1_fft       28   3  0.183942;0.176090;0.182175    650.723;594.000;539.277      5;6;5
without_coding_region  5000   NC_072001.2     SCFR_NC_072001_2_5518_11338_frame_2_fft           2    2  0.166667;0.333333             4553.466;1929.510            6;3
without_coding_region  5000   NC_072001.2     SCFR_NC_072001_2_5047851_5052879_frame_3_fft      22   3  0.174224;0.174622;0.171639    672.334;628.118;532.250      6;6;6
without_coding_region  5000   NC_072001.2     SCFR_NC_072001_2_5521318_5526382_frame2_fft       24   3  0.409953;0.180292;0.410545    763.649;713.878;662.477      2;6;2
without_coding_region  5000   NC_072001.2     SCFR_NC_072001_2_5519_11354_frame3_fft            2    2  0.166581;0.333333             2934.237;1929.864            6;3
without_coding_region  5000   NC_072001.2     SCFR_NC_072001_2_5503754_5508818_frame3_fft       24   3  0.409953;0.180292;0.410545    763.649;713.878;662.477      2;6;2
without_coding_region  5000   NC_072001.2     SCFR_NC_072001_2_7197765_7203228_frame_3_fft      27   3  0.173897;0.412411;0.173348    614.200;569.258;552.313      6;2;6
without_coding_region  5000   NC_072001.2     SCFR_NC_072001_2_7329286_7334527_frame2_fft       24   3  0.180500;0.181072;0.410227    769.560;741.730;669.619      6;6;2
without_coding_region  5000   NC_072001.2     SCFR_NC_072001_2_7190336_7195532_frame_1_fft      27   3  0.412048;0.173595;0.177059    767.889;605.713;547.945      2;6;6
without_coding_region  5000   NC_072001.2     SCFR_NC_072001_2_8297720_8302874_frame3_fft       22   3  0.178696;0.410749;0.177532    982.563;946.573;650.612      6;2;6
without_coding_region  5000   NC_072001.2     SCFR_NC_072001_2_94846624_94852288_frame_2_fft    2    2  0.333333;0.405014             2427.384;375.772             3;2
without_coding_region  5000   NC_072001.2     SCFR_NC_072001_2_7396474_7401691_frame_2_fft      29   3  0.410006;0.181522;0.180564    646.092;615.216;572.431      2;6;6
without_coding_region  5000   NC_072001.2     SCFR_NC_072001_2_7192098_7197762_frame_3_fft      27   3  0.184499;0.412076;0.174612    611.248;610.100;602.257      5;2;6
without_coding_region  5000   NC_071985.2     SCFR_NC_071985_2_179101472_179107175_frame_1_fft  12   3  0.471331;0.472558;0.338418    1074.573;688.417;481.648     2;2;3
without_coding_region  5000   NC_071985.2     SCFR_NC_071985_2_179101552_179107204_frame_2_fft  15   3  0.471338;0.472576;0.471868    1023.518;712.739;475.016     2;2;2
without_coding_region  5000   NC_071985.2     SCFR_NC_071985_2_179101038_179107404_frame_3_fft  12   3  0.471254;0.471568;0.472667    1239.194;1033.415;524.463    2;2;2
without_coding_region  5000   NC_071985.2     SCFR_NC_071985_2_12_6813_frame_3_fft              5    3  -0.166593;0.166593;-0.333333  3591.060;3591.060;2336.324   11;58;14
without_coding_region  5000   NC_071985.2     SCFR_NC_071985_2_1984085_1991201_frame_1_fft      19   3  0.435919;0.333333;0.256464    2422.596;2223.057;2149.617   2;3;4
without_coding_region  5000   NC_071985.2     SCFR_NC_071985_2_1993427_2000171_frame_1_fft      19   3  0.256376;0.333333;0.076957    2426.946;2098.833;2057.574   4;3;13
without_coding_region  5000   NC_071985.2     SCFR_NC_071985_2_224819407_224824630_frame_2_fft  13   3  0.376603;0.376221;0.378135    1149.006;1079.687;839.174    3;3;3
without_coding_region  5000   NC_071985.2     SCFR_NC_071985_2_1983993_2005302_frame_3_fft      19   3  0.256417;0.076916;0.333333    7981.157;6718.897;6556.066   4;13;3
without_coding_region  5000   NC_071985.2     SCFR_NC_071985_2_1_6814_frame2_fft                5    3  -0.166593;0.166593;-0.333333  3591.171;3591.171;2338.319   11;57;14
without_coding_region  5000   NC_071985.2     SCFR_NC_071985_2_233787562_233794471_frame_2_fft  9    3  0.166739;0.333333;0.167173    4328.899;1353.548;975.246    6;3;6
without_coding_region  5000   NC_071985.2     SCFR_NC_071985_2_7_6820_frame_2_fft               5    3  -0.166593;0.166593;-0.333333  3598.069;3598.069;2337.645   11;57;14
without_coding_region  5000   NC_071985.2     SCFR_NC_071985_2_224819417_224824607_frame_1_fft  9    3  0.376108;0.378227;0.376686    1505.895;830.272;795.617     3;3;3
without_coding_region  5000   NC_071985.2     SCFR_NC_071985_2_233786246_233791553_frame3_fft   4    3  0.166572;0.333333;0.166007    2477.031;1322.238;397.934    6;3;6
without_coding_region  5000   NC_071985.2     SCFR_NC_071985_2_8_6821_frame3_fft                5    3  -0.166593;0.166593;-0.333333  3598.649;3598.649;2336.507   11;57;14
without_coding_region  5000   NC_071985.2     SCFR_NC_071985_2_98271257_98281220_frame3_fft     35   3  0.333333;0.480177;0.186590    1890.730;988.318;773.882     3;2;5
without_coding_region  5000   NC_072009.2     SCFR_NC_072009_2_1203_6705_frame_3_fft            3    3  0.166667;0.333333;0.165940    4010.730;1665.247;418.944    6;3;6
without_coding_region  5000   NC_072009.2     SCFR_NC_072009_2_1204_6706_frame2_fft             3    3  0.166667;0.333333;0.165940    4010.229;1666.244;420.482    6;3;6
without_coding_region  5000   NC_072009.2     SCFR_NC_072009_2_1220909_1230281_frame3_fft       18   3  0.499787;0.499253;0.498933    1255.371;775.464;695.420     2;2;2
without_coding_region  5000   NC_072009.2     SCFR_NC_072009_2_1220935_1230211_frame_2_fft      18   3  0.499784;0.495364;0.498814    1250.662;717.107;685.397     2;2;2
without_coding_region  5000   NC_072009.2     SCFR_NC_072009_2_1220746_1230262_frame2_fft       21   3  0.499790;0.499264;0.498949    1257.007;907.424;734.206     2;2;2
without_coding_region  5000   NC_072009.2     SCFR_NC_072009_2_1221131_1230272_frame_1_fft      20   3  0.499289;0.499727;0.498961    1074.239;807.758;698.608     2;2;2
without_coding_region  5000   NC_072009.2     SCFR_NC_072009_2_1220955_1230189_frame_3_fft      20   3  0.499783;0.495343;0.499350    1257.859;690.069;689.525     2;2;2
without_coding_region  5000   NC_072009.2     SCFR_NC_072009_2_1589_6884_frame3_fft             2    2  0.166761;0.333333             2686.444;1731.148            6;3
without_coding_region  5000   NC_072009.2     SCFR_NC_072009_2_1221090_1230306_frame1_fft       20   3  0.499783;0.498806;0.499349    1227.548;686.797;672.857     2;2;2
without_coding_region  5000   NC_072009.2     SCFR_NC_072009_2_1588_7015_frame_2_fft            2    2  0.166575;0.333333             2745.144;1753.273            6;3
without_coding_region  5000   NC_072009.2     SCFR_NC_072009_2_5142370_5149321_frame2_fft       18   3  0.483959;0.032369;0.483528    1046.241;959.146;704.075     2;31;2
without_coding_region  5000   NC_072009.2     SCFR_NC_072009_2_5147117_5156375_frame3_fft       30   3  0.242061;0.032404;0.483690    1048.298;993.357;933.730     4;31;2
without_coding_region  5000   NC_072009.2     SCFR_NC_072009_2_5143581_5150991_frame1_fft       20   3  0.032389;0.483941;0.242240    1147.641;1102.396;802.589    31;2;4
without_coding_region  5000   NC_072009.2     SCFR_NC_072009_2_5212455_5221890_frame1_fft       26   3  0.241971;0.031902;0.484261    1299.737;1099.974;891.933    4;31;2
without_coding_region  5000   NC_072009.2     SCFR_NC_072009_2_5156378_5163302_frame3_fft       14   3  0.484258;0.032062;0.241912    1020.910;955.368;879.213     2;31;4
without_coding_region  5000   NC_072009.2     SCFR_NC_072009_2_5150008_5161756_frame2_fft       28   3  0.483657;0.241828;0.484253    1373.151;1276.994;1206.673   2;4;2
without_coding_region  5000   NC_072009.2     SCFR_NC_072009_2_5212468_5221903_frame2_fft       26   3  0.241971;0.031902;0.484261    1298.442;1095.553;897.185    4;31;2
without_coding_region  5000   NC_072009.2     SCFR_NC_072009_2_5214833_5221886_frame3_fft       19   3  0.031901;0.483908;0.242166    1046.735;811.897;786.396     31;2;4
without_coding_region  5000   NC_072009.2     SCFR_NC_072009_2_5151678_5162256_frame1_fft       24   3  0.483645;0.484118;0.032520    1284.675;1082.069;1055.706   2;2;31
without_coding_region  5000   NC_072009.2     SCFR_NC_072009_2_5526146_5536157_frame_1_fft      22   3  0.031965;0.242333;0.483868    1299.278;1032.187;989.970    31;4;2
without_coding_region  5000   NC_072009.2     SCFR_NC_072009_2_5518024_5533807_frame_2_fft      54   3  0.483938;0.242286;0.241906    2015.677;1860.175;1848.236   2;4;4
without_coding_region  5000   NC_072009.2     SCFR_NC_072009_2_5518037_5526143_frame_1_fft      21   3  0.241920;0.242290;0.484209    1106.228;975.213;944.337     4;4;2
without_coding_region  5000   NC_072009.2     SCFR_NC_072009_2_59258432_59264114_frame3_fft     29   3  0.410067;0.174938;0.178986    653.976;616.268;603.768      2;6;6
without_coding_region  5000   NC_072009.2     SCFR_NC_072009_2_5518041_5536239_frame_3_fft      55   3  0.031982;0.483954;0.242279    2279.532;1926.779;1753.991   31;2;4
without_coding_region  5000   NC_072009.2     SCFR_NC_072009_2_61712630_61717664_frame_1_fft    13   3  0.200238;0.400477;0.400079    2422.358;1142.798;954.188    5;2;2
without_coding_region  5000   NC_072009.2     SCFR_NC_072009_2_60725155_60730414_frame_2_fft    22   3  0.412436;0.179122;0.409964    738.873;688.725;655.526      2;6;2
without_coding_region  5000   NC_072009.2     SCFR_NC_072009_2_61581161_61586567_frame3_fft     28   3  0.409915;0.180540;0.175361    738.953;657.206;589.295      2;6;6
without_coding_region  5000   NC_072009.2     SCFR_NC_072009_2_61729960_61735072_frame_2_fft    8    3  0.400039;0.199922;0.199531    2070.467;1894.602;513.479    3;5;5
without_coding_region  5000   NC_072009.2     SCFR_NC_072009_2_61465210_61472278_frame_2_fft    32   3  0.182513;0.175439;0.179117    834.057;794.201;695.564      5;6;6
without_coding_region  5000   NC_072009.2     SCFR_NC_072009_2_65713608_65719023_frame1_fft     27   3  0.175439;0.178947;0.171560    586.683;575.223;503.695      6;6;6
without_coding_region  5000   NC_072009.2     SCFR_NC_072009_2_65178286_65184439_frame2_fft     27   3  0.412644;0.174061;0.173086    707.613;699.114;694.356      2;6;6
without_coding_region  5000   NC_072009.2     SCFR_NC_072009_2_61762285_61767319_frame_2_fft    24   3  0.179778;0.181963;0.413389    571.149;562.348;520.026      6;5;2
without_coding_region  5000   NC_072009.2     SCFR_NC_072009_2_66153776_66159785_frame_1_fft    36   3  0.173074;0.176901;0.412381    668.156;634.049;628.928      6;6;2
without_coding_region  5000   NC_072009.2     SCFR_NC_072009_2_62946306_62951316_frame1_fft     21   3  0.182435;0.411776;0.181637    664.715;627.469;616.504      5;2;6
without_coding_region  5000   NC_072009.2     SCFR_NC_072009_2_66206317_66213178_frame_2_fft    34   3  0.173590;0.184375;0.409561    740.614;693.958;641.408      6;5;2
without_coding_region  5000   NC_072004.2     SCFR_NC_072004_2_4040_9503_frame3_fft             2    2  0.166575;0.333333             2750.099;1817.500            6;3
without_coding_region  5000   NC_072004.2     SCFR_NC_072004_2_4039_9502_frame_2_fft            2    2  0.166575;0.333333             2749.595;1818.733            6;3
without_coding_region  5000   NC_072004.2     SCFR_NC_072004_2_1918_9496_frame2_fft             7    3  0.166799;0.166535;0.333333    2933.208;2932.070;2523.001   6;6;3
without_coding_region  5000   NC_072004.2     SCFR_NC_072004_2_1917_9495_frame_3_fft            7    3  0.166799;0.166535;0.333333    2934.325;2930.313;2523.001   6;6;3
without_coding_region  5000   NC_072004.2     SCFR_NC_072004_2_47865957_47875614_frame1_fft     20   3  0.333333;0.024024;0.309309    6966.849;1376.717;1287.726   3;42;3
without_coding_region  5000   NC_072004.2     SCFR_NC_072004_2_47865967_47875672_frame_2_fft    20   3  0.333333;0.024111;0.309222    6968.568;1424.139;1332.370   3;41;3
without_coding_region  5000   NC_072004.2     SCFR_NC_072004_2_98658784_98664955_frame_2_fft    2    2  0.166748;0.333333             3266.589;1861.515            6;3
without_coding_region  5000   NC_072004.2     SCFR_NC_072004_2_47866010_47875613_frame_1_fft    22   3  0.333333;0.024055;0.309278    6965.014;1537.845;1429.188   3;42;3
without_coding_region  5000   NC_072004.2     SCFR_NC_072004_2_98658785_98664956_frame3_fft     2    2  0.166748;0.333333             3267.158;1862.694            6;3
without_coding_region  5000   NC_072004.2     SCFR_NC_072004_2_98658851_98664626_frame_1_fft    2    2  0.166580;0.333333             2900.921;1924.000            6;3
without_coding_region  5000   NC_072004.2     SCFR_NC_072004_2_98658852_98664627_frame1_fft     2    2  0.166753;0.333333             2899.586;1922.000            6;3
without_coding_region  5000   NC_072004.2     SCFR_NC_072004_2_47866016_47875673_frame3_fft     20   3  0.333333;0.024024;0.309309    6973.053;1375.257;1291.331   3;42;3
without_coding_region  5000   NC_071999.2     SCFR_NC_071999_2_10344667_10350268_frame2_fft     25   3  0.412605;0.175326;0.411712    744.908;699.450;652.024      2;6;2
without_coding_region  5000   NC_071999.2     SCFR_NC_071999_2_10545434_10551785_frame_1_fft    29   3  0.413793;0.412691;0.172099    820.255;666.637;664.449      2;2;6
without_coding_region  5000   NC_071999.2     SCFR_NC_071999_2_11319323_11325440_frame_1_fft    9    3  0.200098;0.400033;0.400523    1872.287;1703.945;922.195    5;3;2
without_coding_region  5000   NC_071999.2     SCFR_NC_071999_2_10547200_10553164_frame_2_fft    26   3  0.411804;0.412643;0.176559    610.519;608.593;589.087      2;2;6
without_coding_region  5000   NC_071999.2     SCFR_NC_071999_2_11657671_11663296_frame_2_fft    18   3  0.411378;0.176178;0.409956    728.905;727.921;708.725      2;6;2
without_coding_region  5000   NC_071999.2     SCFR_NC_071999_2_11752880_11759885_frame_1_fft    35   3  0.176731;0.176160;0.408565    811.010;748.937;710.223      6;6;2
without_coding_region  5000   NC_071999.2     SCFR_NC_071999_2_11677166_11682986_frame_1_fft    30   3  0.178351;0.412715;0.173540    679.863;667.110;598.438      6;2;6
without_coding_region  5000   NC_071999.2     SCFR_NC_071999_2_120571843_120579484_frame_2_fft  2    2  0.166732;0.333333             3869.227;2559.201            6;3
without_coding_region  5000   NC_071999.2     SCFR_NC_071999_2_120571836_120579507_frame_3_fft  2    2  0.166732;0.333333             3896.448;2554.139            6;3
without_coding_region  5000   NC_071999.2     SCFR_NC_071999_2_12512622_12517656_frame1_fft     10   3  0.200437;0.400477;0.400874    1583.163;1165.754;747.861    5;2;2
without_coding_region  5000   NC_071999.2     SCFR_NC_071999_2_120571844_120579485_frame3_fft   2    2  0.166732;0.333333             3871.093;2559.201            6;3
without_coding_region  5000   NC_071999.2     SCFR_NC_071999_2_12978603_12983652_frame1_fft     23   3  0.183601;0.411369;0.410180    861.755;791.380;693.956      5;2;2
without_coding_region  5000   NC_071999.2     SCFR_NC_071999_2_12985634_12990683_frame3_fft     22   3  0.183601;0.411369;0.410180    860.786;792.771;696.194      5;2;2
without_coding_region  5000   NC_071999.2     SCFR_NC_071999_2_120571837_120579508_frame2_fft   2    2  0.166732;0.333333             3896.936;2555.652            6;3
without_coding_region  5000   NC_071999.2     SCFR_NC_071999_2_12993143_12998456_frame3_fft     24   3  0.411444;0.183700;0.410126    777.159;761.204;671.860      2;5;2
without_coding_region  5000   NC_071999.2     SCFR_NC_071999_2_13307948_13313003_frame3_fft     23   3  0.180613;0.178042;0.412463    689.106;503.741;487.990      6;6;2
without_coding_region  5000   NC_071999.2     SCFR_NC_071999_2_13311733_13317013_frame2_fft     22   3  0.410606;0.181061;0.182008    890.629;789.176;694.574      2;6;5
without_coding_region  5000   NC_071999.2     SCFR_NC_071999_2_15250425_15255480_frame1_fft     23   3  0.175074;0.172305;0.414243    838.098;773.278;683.541      6;6;2
without_coding_region  5000   NC_071999.2     SCFR_NC_071999_2_16608388_16613719_frame2_fft     23   3  0.412681;0.413806;0.173701    663.015;632.344;621.575      2;2;6
without_coding_region  5000   NC_071999.2     SCFR_NC_071999_2_402_6888_frame1_fft              5    3  -0.166667;0.166667;-0.500000  4820.691;4820.691;2308.000   12;60;20
without_coding_region  5000   NC_071999.2     SCFR_NC_071999_2_4075750_4081504_frame2_fft       26   3  0.410497;0.182656;0.179701    735.215;663.929;631.619      2;5;6
without_coding_region  5000   NC_071999.2     SCFR_NC_071999_2_4111468_4118212_frame2_fft       30   3  0.173488;0.412663;0.411180    981.391;834.991;710.492      6;2;2
without_coding_region  5000   NC_071999.2     SCFR_NC_071999_2_460_6859_frame2_fft              5    3  -0.166589;0.166589;-0.333333  3239.489;3239.489;2169.588   12;61;15
without_coding_region  5000   NC_071999.2     SCFR_NC_071999_2_6537518_6542900_frame3_fft       25   3  0.412486;0.180416;0.183575    641.149;636.757;624.242      2;6;5
without_coding_region  5000   NC_071999.2     SCFR_NC_071999_2_473_6128_frame_1_fft             5    3  -0.166578;0.166578;-0.333333  2839.591;2839.591;1883.001   14;70;17
without_coding_region  5000   NC_071999.2     SCFR_NC_071999_2_7815948_7821054_frame_3_fft      19   3  0.412848;0.173521;0.174696    836.991;628.318;627.577      2;6;6
without_coding_region  5000   NC_071999.2     SCFR_NC_071999_2_459_6954_frame_3_fft             5    3  -0.166590;0.166590;-0.333333  3277.836;3277.836;2184.344   12;60;15
without_coding_region  5000   NC_071999.2     SCFR_NC_071999_2_4443604_4448659_frame_2_fft      27   3  0.177052;0.182591;0.409298    611.089;587.762;564.308      6;5;2
without_coding_region  5000   NC_071999.2     SCFR_NC_071999_2_7281155_7287335_frame3_fft       29   3  0.410356;0.180906;0.182848    926.281;767.117;700.404      2;6;5
without_coding_region  5000   NC_071999.2     SCFR_NC_071999_2_8204830_8209948_frame_2_fft      29   3  0.179172;0.410317;0.177804    636.879;596.378;592.638      6;2;6
without_coding_region  5000   NC_071999.2     SCFR_NC_071999_2_8231038_8237893_frame2_fft       35   3  0.181619;0.410212;0.176659    904.667;902.834;901.815      6;2;6
without_coding_region  5000   NC_071999.2     SCFR_NC_071999_2_9365059_9370330_frame_2_fft      29   3  0.183457;0.409979;0.178903    932.104;651.247;536.208      5;2;6
without_coding_region  5000   NC_072008.2     SCFR_NC_072008_2_1233244_1240831_frame2_fft       9    3  0.315803;0.473705;0.052590    2912.604;2677.844;2347.043   3;2;19
without_coding_region  5000   NC_072008.2     SCFR_NC_072008_2_1232885_1240835_frame3_fft       9    3  0.473711;0.105283;0.368428    2637.308;2398.095;2149.376   2;9;3
without_coding_region  5000   NC_072008.2     SCFR_NC_072008_2_1233420_1240839_frame1_fft       9    3  0.315811;0.473649;0.105270    2812.660;2530.919;2447.072   3;2;10
without_coding_region  5000   NC_072008.2     SCFR_NC_072008_2_1233243_1240893_frame_2_fft      9    3  0.315817;0.052680;0.421046    2729.976;2633.623;2430.454   3;19;2
without_coding_region  5000   NC_072008.2     SCFR_NC_072008_2_1235285_1240568_frame_3_fft      9    3  0.052622;0.315730;0.105243    2123.995;1862.995;1804.524   19;3;10
without_coding_region  5000   NC_072008.2     SCFR_NC_072008_2_1604463_1613178_frame1_fft       46   3  0.333333;0.354676;0.021343    3200.099;2037.837;1438.673   3;3;47
without_coding_region  5000   NC_072008.2     SCFR_NC_072008_2_1604473_1613047_frame_1_fft      45   3  0.333333;0.354677;0.021344    3189.631;2028.175;1426.908   3;3;47
without_coding_region  5000   NC_072008.2     SCFR_NC_072008_2_162571334_162581726_frame_3_fft  2    2  0.166667;0.333333             8105.382;3396.269            6;3
without_coding_region  5000   NC_072008.2     SCFR_NC_072008_2_162571341_162581601_frame_2_fft  2    2  0.166667;0.333333             8057.684;3418.002            6;3
without_coding_region  5000   NC_072008.2     SCFR_NC_072008_2_2441_9899_frame3_fft             12   3  0.166667;0.333199;0.166130    4922.262;1279.380;747.692    6;3;6
without_coding_region  5000   NC_072008.2     SCFR_NC_072008_2_162571335_162581727_frame1_fft   2    2  0.166667;0.333333             8103.521;3397.759            6;3
without_coding_region  5000   NC_072008.2     SCFR_NC_072008_2_162571354_162581602_frame2_fft   2    2  0.166667;0.333333             8064.415;3414.000            6;3
without_coding_region  5000   NC_072008.2     SCFR_NC_072008_2_2440_9952_frame_1_fft            12   3  0.166667;0.333200;0.166134    4929.047;1285.913;780.872    6;3;6
without_coding_region  5000   NW_026946739.1  SCFR_NW_026946739_1_205354_214798_frame2_fft      39   3  0.037061;0.123465;0.432126    2880.436;2166.931;2027.238   27;8;2
without_coding_region  5000   NW_026946739.1  SCFR_NW_026946739_1_205343_214961_frame3_fft      40   3  0.037014;0.049387;0.432106    2925.605;2295.960;2247.253   27;20;2
without_coding_region  5000   NW_026946739.1  SCFR_NW_026946739_1_205245_214887_frame_1_fft     40   3  0.037026;0.049367;0.012342    3093.163;2210.227;1977.374   27;20;81
without_coding_region  5000   NC_085929.1     SCFR_NC_085929_1_11665648_11670688_frame_3_fft    27   3  0.177778;0.180556;0.176389    681.728;576.753;573.279      6;6;6
without_coding_region  5000   NC_085929.1     SCFR_NC_085929_1_11002337_11007839_frame3_fft     24   3  0.176663;0.412759;0.178117    766.019;735.870;665.964      6;2;6
without_coding_region  5000   NC_085929.1     SCFR_NC_085929_1_10279874_10285820_frame3_fft     24   3  0.173730;0.413555;0.175580    925.722;841.535;757.044      6;2;6
without_coding_region  5000   NC_085929.1     SCFR_NC_085929_1_11045996_11051126_frame3_fft     35   3  0.181481;0.409162;0.175049    700.736;648.727;606.213      6;2;6
without_coding_region  5000   NC_085929.1     SCFR_NC_085929_1_11975558_11981480_frame3_fft     27   3  0.173759;0.413543;0.175616    870.501;844.768;814.251      6;2;6
without_coding_region  5000   NC_085929.1     SCFR_NC_085929_1_11816118_11822316_frame_1_fft    24   3  0.412714;0.174572;0.173282    950.791;820.472;796.455      2;6;6
without_coding_region  5000   NC_085929.1     SCFR_NC_085929_1_12643810_12649435_frame2_fft     26   3  0.409244;0.409600;0.179733    772.901;753.924;657.239      2;2;6
without_coding_region  5000   NC_085929.1     SCFR_NC_085929_1_12795445_12800593_frame2_fft     23   3  0.410645;0.411422;0.177739    704.588;651.697;600.840      2;2;6
without_coding_region  5000   NC_085929.1     SCFR_NC_085929_1_14204287_14209420_frame_3_fft    24   3  0.179817;0.408923;0.412040    740.129;728.800;699.166      6;2;2
without_coding_region  5000   NC_085929.1     SCFR_NC_085929_1_13597724_13602884_frame3_fft     25   3  0.180039;0.177713;0.409109    607.215;542.489;533.548      6;6;2
without_coding_region  5000   NC_085929.1     SCFR_NC_085929_1_14065692_14071257_frame_1_fft    21   3  0.413477;0.174483;0.173226    988.370;740.809;680.744      2;6;6
without_coding_region  5000   NC_085929.1     SCFR_NC_085929_1_16449026_16457471_frame3_fft     42   3  0.410184;0.183422;0.180462    975.492;895.623;826.271      2;5;6
without_coding_region  5000   NC_085929.1     SCFR_NC_085929_1_15265206_15270726_frame1_fft     25   3  0.178442;0.410870;0.181884    784.460;673.679;625.982      6;2;5
without_coding_region  5000   NC_085929.1     SCFR_NC_085929_1_17213846_17218865_frame_2_fft    16   3  0.413230;0.173740;0.173142    955.117;753.411;692.391      2;6;6
without_coding_region  5000   NC_085929.1     SCFR_NC_085929_1_17815182_17821062_frame_1_fft    10   3  0.200000;0.399660;0.200510    1673.289;1385.005;1168.126   5;3;5
without_coding_region  5000   NC_085929.1     SCFR_NC_085929_1_17838201_17843457_frame_1_fft    16   3  0.200152;0.399924;0.400495    1576.921;1232.895;994.384    5;3;2
without_coding_region  5000   NC_085929.1     SCFR_NC_085929_1_15972857_15978092_frame_2_fft    25   3  0.175549;0.176122;0.178988    596.974;548.309;512.984      6;6;6
without_coding_region  5000   NC_085929.1     SCFR_NC_085929_1_1865_7838_frame_2_fft            4    3  0.166750;0.333333;0.166248    3748.707;1372.214;737.666    6;3;6
without_coding_region  5000   NC_085929.1     SCFR_NC_085929_1_1866_7776_frame1_fft             2    2  0.166667;0.333333             4236.491;1369.841            6;3
without_coding_region  5000   NC_085929.1     SCFR_NC_085929_1_4794510_4799538_frame1_fft       25   3  0.412689;0.175617;0.411893    573.919;498.490;475.586      2;6;2
without_coding_region  5000   NC_085929.1     SCFR_NC_085929_1_3882305_3887405_frame_2_fft      24   3  0.411373;0.411961;0.177451    796.183;703.553;681.525      2;2;6
without_coding_region  5000   NC_085929.1     SCFR_NC_085929_1_56184759_56194293_frame_1_fft    7    3  0.133312;0.200021;0.266625    3966.371;3646.348;3274.191   8;5;4
without_coding_region  5000   NC_085929.1     SCFR_NC_085929_1_56184740_56194298_frame3_fft     7    3  0.266688;0.133291;0.399979    4029.764;3255.908;3174.874   4;8;3
without_coding_region  5000   NC_085929.1     SCFR_NC_085929_1_56184782_56194247_frame_2_fft    7    3  0.266667;0.133333;0.200000    4307.163;4226.690;3866.675   4;8;5
without_coding_region  5000   NC_085929.1     SCFR_NC_085929_1_57584802_57593235_frame1_fft     3    3  0.166726;0.333333;0.166252    5013.789;2146.955;735.300    6;3;6
without_coding_region  5000   NC_085929.1     SCFR_NC_085929_1_56184694_56194207_frame2_fft     7    3  0.266688;0.133291;0.399979    4019.602;3236.650;3169.508   4;8;3
without_coding_region  5000   NC_085929.1     SCFR_NC_085929_1_57584844_57591873_frame_1_fft    2    2  0.166596;0.333333             3531.774;2342.000            6;3
without_coding_region  5000   NC_085929.1     SCFR_NC_085929_1_57584801_57593234_frame_2_fft    3    3  0.166726;0.333333;0.166252    5012.383;2146.300;736.423    6;3;6
without_coding_region  5000   NC_085929.1     SCFR_NC_085929_1_7040506_7045507_frame2_fft       22   3  0.409718;0.181964;0.408518    659.236;529.550;527.412      2;5;2
without_coding_region  5000   NC_085929.1     SCFR_NC_085929_1_6139276_6144856_frame2_fft       31   3  0.177957;0.176344;0.410573    736.410;625.716;598.249      6;6;2
without_coding_region  5000   NC_085929.1     SCFR_NC_085929_1_7762991_7768781_frame_2_fft      33   3  0.412953;0.175130;0.411572    712.518;643.057;609.686      2;6;2
without_coding_region  5000   NC_085929.1     SCFR_NC_085929_1_8763055_8768248_frame_3_fft      12   3  0.200655;0.199884;0.400539    1489.755;1272.988;968.282    5;5;2
without_coding_region  5000   NC_085929.1     SCFR_NC_085929_1_57584845_57591874_frame2_fft     2    2  0.166596;0.333333             3529.907;2342.000            6;3
without_coding_region  5000   NC_071992.2     SCFR_NC_071992_2_156569805_156574827_frame_1_fft  16   3  0.238949;0.241338;0.239745    543.870;445.437;398.834      4;4;4
without_coding_region  5000   NC_071992.2     SCFR_NC_071992_2_161620901_161626586_frame_2_fft  2    2  0.166579;0.333333             2919.070;1871.552            6;3
without_coding_region  5000   NC_071992.2     SCFR_NC_071992_2_156569762_156574766_frame_2_fft  16   3  0.239009;0.128098;0.239808    603.697;415.028;412.983      4;8;4
without_coding_region  5000   NC_071992.2     SCFR_NC_071992_2_156569795_156574901_frame3_fft   16   3  0.239130;0.241285;0.128085    528.849;457.910;389.188      4;4;8
without_coding_region  5000   NC_071992.2     SCFR_NC_071992_2_161620902_161626587_frame1_fft   2    2  0.166579;0.333333             2917.196;1871.284            6;3
without_coding_region  5000   NC_071992.2     SCFR_NC_071992_2_161620925_161629172_frame3_fft   11   3  0.166727;0.333333;0.167091    5075.067;1839.746;978.901    6;3;6
without_coding_region  5000   NC_071992.2     SCFR_NC_071992_2_7353215_7359062_frame3_fft       38   3  0.123482;0.271592;0.037113    1485.707;1288.870;1278.277   8;4;27
without_coding_region  5000   NC_071992.2     SCFR_NC_071992_2_161620924_161629171_frame_3_fft  11   3  0.166727;0.333333;0.167091    5074.121;1838.538;977.918    6;3;6
without_coding_region  5000   NC_071992.2     SCFR_NC_071992_2_7353060_7358964_frame_1_fft      38   3  0.123476;0.222222;0.037093    1500.762;1466.597;1459.703   8;5;27
without_coding_region  5000   NC_071992.2     SCFR_NC_071992_2_7352908_7358953_frame_3_fft      38   3  0.037055;0.123408;0.271629    1708.561;1353.296;1246.656   27;8;4
without_coding_region  5000   NC_071992.2     SCFR_NC_071992_2_9188475_9194439_frame_1_fft      39   3  0.037056;0.222166;0.271630    1778.069;1304.639;1284.579   27;5;4
without_coding_region  5000   NC_071992.2     SCFR_NC_071992_2_9188687_9194450_frame_2_fft      39   3  0.012320;0.036960;0.222280    1382.015;1319.057;1274.794   81;27;4
without_coding_region  5000   NC_071992.2     SCFR_NC_071992_2_7941103_7946140_frame2_fft       36   3  0.123486;0.271590;0.037125    1274.083;1103.909;1101.172   8;4;27
without_coding_region  5000   NC_071992.2     SCFR_NC_071992_2_9188782_9194473_frame2_fft       40   3  0.037076;0.049376;0.222281    1704.862;1297.897;1284.080   27;20;4
without_coding_region  5000   NC_071992.2     SCFR_NC_071992_2_7940796_7946031_frame_1_fft      38   3  0.037058;0.123400;0.271633    1463.903;1166.698;1068.369   27;8;4
without_coding_region  5000   NC_071989.2     SCFR_NC_071989_2_190368544_190373887_frame_2_fft  6    3  0.166760;0.333333;0.167322    3595.093;990.512;571.737     6;3;6
without_coding_region  5000   NC_071989.2     SCFR_NC_071989_2_190368545_190373888_frame3_fft   6    3  0.166760;0.333333;0.167322    3596.232;991.050;573.293     6;3;6
without_coding_region  5000   NC_072000.2     SCFR_NC_072000_2_111727735_111733861_frame_2_fft  21   3  0.150833;0.153281;0.149690    1023.166;1007.099;961.370    7;7;7
without_coding_region  5000   NC_072000.2     SCFR_NC_072000_2_111728022_111733854_frame_3_fft  20   3  0.150892;0.153292;0.149691    1161.521;1009.690;941.935    7;7;7
without_coding_region  5000   NC_072000.2     SCFR_NC_072000_2_109401410_109406945_frame_1_fft  13   3  0.250226;0.249864;0.250587    1625.987;1269.555;903.187    4;4;4
without_coding_region  5000   NC_072000.2     SCFR_NC_072000_2_111727853_111733793_frame_1_fft  19   3  0.153535;0.150842;0.149663    1392.471;1052.888;1013.305   7;7;7
without_coding_region  5000   NC_072000.2     SCFR_NC_072000_2_111734162_111741386_frame3_fft   2    2  0.166667;0.333333             5673.487;2448.117            6;3
without_coding_region  5000   NC_072000.2     SCFR_NC_072000_2_111734155_111741385_frame_2_fft  2    2  0.166667;0.333333             5672.601;2445.068            6;3
without_coding_region  5000   NC_072000.2     SCFR_NC_072000_2_111734169_111741546_frame1_fft   2    2  0.166599;0.333333             3783.876;2467.764            6;3
without_coding_region  5000   NC_072000.2     SCFR_NC_072000_2_111734168_111741545_frame_1_fft  2    2  0.166599;0.333333             3785.742;2469.761            6;3
without_coding_region  5000   NC_072000.2     SCFR_NC_072000_2_11733647_11740856_frame3_fft     36   3  0.183382;0.410182;0.409904    833.979;757.482;727.757      5;2;2
without_coding_region  5000   NC_072000.2     SCFR_NC_072000_2_12254204_12259538_frame3_fft     20   3  0.413573;0.173791;0.412636    918.560;723.536;682.501      2;6;2
without_coding_region  5000   NC_072000.2     SCFR_NC_072000_2_12263727_12269673_frame1_fft     22   3  0.173730;0.413555;0.175580    926.219;840.945;760.376      6;2;6
without_coding_region  5000   NC_072000.2     SCFR_NC_072000_2_12610239_12615780_frame_3_fft    27   3  0.408771;0.181917;0.182819    729.517;703.853;685.895      2;5;5
without_coding_region  5000   NC_072000.2     SCFR_NC_072000_2_12398273_12404771_frame3_fft     10   3  0.200215;0.399969;0.199754    2456.444;2124.907;1756.510   5;3;5
without_coding_region  5000   NC_072000.2     SCFR_NC_072000_2_13809637_13816186_frame_2_fft    30   3  0.180333;0.408459;0.182318    786.550;673.255;665.871      6;2;5
without_coding_region  5000   NC_072000.2     SCFR_NC_072000_2_13876245_13881705_frame_3_fft    27   3  0.181136;0.178755;0.409341    745.976;649.489;618.852      6;6;2
without_coding_region  5000   NC_072000.2     SCFR_NC_072000_2_13829779_13839334_frame2_fft     42   3  0.173836;0.182732;0.175720    1134.038;936.075;921.048     6;5;6
without_coding_region  5000   NC_072000.2     SCFR_NC_072000_2_14842033_14848192_frame2_fft     25   3  0.178925;0.175028;0.175353    972.574;719.135;650.599      6;6;6
without_coding_region  5000   NC_072000.2     SCFR_NC_072000_2_14713130_14718236_frame_1_fft    24   3  0.180572;0.409910;0.178222    716.059;673.540;590.842      6;2;6
without_coding_region  5000   NC_072000.2     SCFR_NC_072000_2_15484494_15491901_frame1_fft     27   3  0.413663;0.175645;0.173485    1144.490;905.482;802.866     2;6;6
without_coding_region  5000   NC_072000.2     SCFR_NC_072000_2_16242972_16247988_frame_3_fft    30   3  0.176037;0.179825;0.411882    582.372;531.735;520.549      6;6;2
without_coding_region  5000   NC_072000.2     SCFR_NC_072000_2_16337461_16343134_frame_2_fft    32   3  0.411951;0.176802;0.170280    740.519;600.091;573.200      2;6;6
without_coding_region  5000   NC_072000.2     SCFR_NC_072000_2_16686777_16692738_frame1_fft     35   3  0.411173;0.409998;0.183358    833.620;741.104;660.012      2;2;5
without_coding_region  5000   NC_072000.2     SCFR_NC_072000_2_16064318_16069331_frame_1_fft    23   3  0.172950;0.174546;0.413126    897.552;828.509;758.628      6;6;2
without_coding_region  5000   NC_072000.2     SCFR_NC_072000_2_16677978_16683048_frame1_fft     18   3  0.177909;0.183235;0.178501    711.874;698.076;679.543      6;5;6
without_coding_region  5000   NC_072000.2     SCFR_NC_072000_2_16339761_16345482_frame_3_fft    26   3  0.411991;0.174795;0.172522    746.129;626.780;606.215      2;6;6
without_coding_region  5000   NC_072000.2     SCFR_NC_072000_2_16740522_16745529_frame1_fft     20   3  0.410425;0.178350;0.409826    648.304;619.122;581.400      2;6;2
without_coding_region  5000   NC_072000.2     SCFR_NC_072000_2_16780020_16785027_frame1_fft     20   3  0.410425;0.178350;0.409826    648.304;619.122;581.400      2;6;2
without_coding_region  5000   NC_072000.2     SCFR_NC_072000_2_16750394_16755401_frame3_fft     20   3  0.410425;0.178350;0.409826    649.128;617.722;581.214      2;6;2
without_coding_region  5000   NC_072000.2     SCFR_NC_072000_2_16789892_16794899_frame3_fft     20   3  0.410425;0.178350;0.409826    648.304;619.122;581.400      2;6;2
without_coding_region  5000   NC_072000.2     SCFR_NC_072000_2_16770143_16775150_frame3_fft     20   3  0.410425;0.178350;0.409826    648.304;619.122;581.400      2;6;2
without_coding_region  5000   NC_072000.2     SCFR_NC_072000_2_16760266_16765273_frame2_fft     20   3  0.410425;0.178350;0.409826    648.304;619.122;581.400      2;6;2
without_coding_region  5000   NC_072000.2     SCFR_NC_072000_2_23655759_23661198_frame1_fft     17   3  0.388858;0.444383;0.472146    1850.487;1605.156;1593.494   3;2;2
without_coding_region  5000   NC_072000.2     SCFR_NC_072000_2_23655777_23661132_frame_3_fft    17   3  0.444444;0.194398;0.472269    1940.494;1875.737;1740.449   2;5;2
without_coding_region  5000   NC_072000.2     SCFR_NC_072000_2_17983509_17989989_frame1_fft     29   3  0.411574;0.179167;0.172840    881.137;797.910;705.879      2;6;6
without_coding_region  5000   NC_072000.2     SCFR_NC_072000_2_16978427_16983521_frame3_fft     23   3  0.412446;0.173734;0.174323    745.395;628.049;601.996      2;6;6
without_coding_region  5000   NC_072000.2     SCFR_NC_072000_2_2910157_2915269_frame2_fft       31   3  0.174296;0.412167;0.173122    727.699;708.234;503.674      6;2;6
without_coding_region  5000   NC_072000.2     SCFR_NC_072000_2_2849861_2855255_frame_1_fft      25   3  0.182610;0.178902;0.411198    765.694;727.023;659.021      5;6;2
without_coding_region  5000   NC_072000.2     SCFR_NC_072000_2_3089032_3095566_frame_2_fft      35   3  0.181512;0.182736;0.180288    813.937;728.344;724.486      6;5;6
without_coding_region  5000   NC_072000.2     SCFR_NC_072000_2_4687712_4693889_frame3_fft       30   3  0.181156;0.178566;0.177109    699.160;638.684;626.669      6;6;6
without_coding_region  5000   NC_072000.2     SCFR_NC_072000_2_3278411_3283796_frame_1_fft      21   3  0.413928;0.412256;0.171216    672.830;649.443;632.703      2;2;6
without_coding_region  5000   NC_072000.2     SCFR_NC_072000_2_3555_13788_frame1_fft            3    3  0.166716;0.333333;0.166325    6030.241;2663.739;863.321    6;3;6
without_coding_region  5000   NC_072000.2     SCFR_NC_072000_2_3560_13805_frame_1_fft           3    3  0.166715;0.333333;0.166325    6030.077;2664.747;871.870    6;3;6
without_coding_region  5000   NC_072000.2     SCFR_NC_072000_2_5047_13690_frame_2_fft           2    2  0.166609;0.333333             4343.488;2864.304            6;3
without_coding_region  5000   NC_072000.2     SCFR_NC_072000_2_5869825_5875057_frame_2_fft      30   3  0.180810;0.409021;0.179855    659.802;654.203;623.080      6;2;6
without_coding_region  5000   NC_072000.2     SCFR_NC_072000_2_6219119_6224975_frame3_fft       32   3  0.409324;0.179303;0.181182    743.601;675.165;671.108      2;6;6
without_coding_region  5000   NC_072000.2     SCFR_NC_072000_2_5301690_5306757_frame1_fft       24   3  0.412868;0.413262;0.173673    914.869;620.806;586.791      2;2;6
without_coding_region  5000   NC_072000.2     SCFR_NC_072000_2_8384616_8390292_frame1_fft       22   3  0.174771;0.178999;0.413672    632.279;624.455;603.083      6;6;2
without_coding_region  5000   NC_072000.2     SCFR_NC_072000_2_8320559_8326316_frame3_fft       25   3  0.412715;0.177697;0.174744    765.105;643.367;624.068      2;6;6
without_coding_region  5000   NC_072000.2     SCFR_NC_072000_2_5048_13862_frame3_fft            2    2  0.166667;0.333333             6750.373;2884.193            6;3
without_coding_region  5000   NC_072000.2     SCFR_NC_072000_2_8373253_8379973_frame2_fft       32   3  0.411310;0.411607;0.181101    760.567;728.033;697.317      2;2;6
without_coding_region  5000   NC_072000.2     SCFR_NC_072000_2_8729881_8734882_frame_2_fft      22   3  0.181764;0.408518;0.183763    698.500;665.867;614.544      6;2;5
without_coding_region  5000   NC_072000.2     SCFR_NC_072000_2_8992729_8999047_frame_2_fft      34   3  0.175847;0.175055;0.412947    800.636;717.445;691.929      6;6;2
without_coding_region  5000   NC_071990.2     SCFR_NC_071990_2_172461484_172470706_frame2_fft   16   3  0.393949;0.454565;0.333333    3202.339;3181.738;2499.471   3;2;3
without_coding_region  5000   NC_071990.2     SCFR_NC_071990_2_172461487_172470817_frame_3_fft  16   3  0.454555;0.121222;0.212111    3352.575;2627.897;2605.220   2;8;5
without_coding_region  5000   NC_071990.2     SCFR_NC_071990_2_1986923_1994069_frame_2_fft      51   3  0.323818;0.333333;0.276238    1653.923;1651.754;1624.229   3;3;4
without_coding_region  5000   NC_071990.2     SCFR_NC_071990_2_1986963_1993899_frame1_fft       51   3  0.323818;0.333333;0.276240    1657.879;1646.758;1602.656   3;3;4
without_coding_region  5000   NC_071990.2     SCFR_NC_071990_2_23739887_23745878_frame3_fft     5    3  0.249875;0.249541;0.499416    1474.820;784.884;564.153     4;4;2
without_coding_region  5000   NC_071990.2     SCFR_NC_071990_2_23739917_23746157_frame_2_fft    8    3  0.249840;0.250160;0.249519    1450.407;1331.889;708.895    4;4;4
without_coding_region  5000   NC_071990.2     SCFR_NC_071990_2_23739975_23746149_frame_1_fft    6    3  0.249919;0.499190;0.498866    1388.359;541.920;421.056     4;2;2
without_coding_region  5000   NC_071990.2     SCFR_NC_071990_2_23739976_23746015_frame2_fft     6    3  0.249876;0.250207;0.249545    1489.361;1131.513;784.459    4;4;4
without_coding_region  5000   NC_071990.2     SCFR_NC_071990_2_23739922_23746153_frame_3_fft    8    3  0.249880;0.250201;0.249559    1489.944;1167.243;809.217    4;4;4
without_coding_region  5000   NC_071990.2     SCFR_NC_071990_2_23816269_23827528_frame_3_fft    10   3  0.499689;0.499245;0.429257    1379.099;677.520;551.569     2;2;2
without_coding_region  5000   NC_071990.2     SCFR_NC_071990_2_23816658_23822241_frame1_fft     6    3  0.428981;0.166577;0.333512    504.208;446.723;445.462      2;6;3
without_coding_region  5000   NC_071990.2     SCFR_NC_071990_2_23816555_23827538_frame_2_fft    9    3  0.499681;0.499226;0.428936    1279.248;683.401;519.007     2;2;2
without_coding_region  5000   NC_071990.2     SCFR_NC_071990_2_23816662_23827555_frame2_fft     9    3  0.499679;0.499220;0.429267    1242.184;666.445;553.713     2;2;2
without_coding_region  5000   NC_071990.2     SCFR_NC_071990_2_23819624_23827529_frame3_fft     1    1  0.499304                      488.990                      2
without_coding_region  5000   NC_071990.2     SCFR_NC_071990_2_23816625_23827563_frame_1_fft    9    3  0.499451;0.429238;0.333516    906.257;549.122;460.673      2;2;3
without_coding_region  5000   NC_072002.2     SCFR_NC_072002_2_12149981_12155729_frame3_fft     25   3  0.173452;0.412317;0.181628    711.265;622.471;591.921      6;2;6
without_coding_region  5000   NC_072002.2     SCFR_NC_072002_2_11434464_11440752_frame1_fft     7    3  0.200223;0.399968;0.199746    2380.335;2048.278;1727.429   5;3;5
without_coding_region  5000   NC_072002.2     SCFR_NC_072002_2_11227525_11232715_frame_3_fft    21   3  0.174759;0.180539;0.411946    700.597;640.687;554.023      6;6;2
without_coding_region  5000   NC_072002.2     SCFR_NC_072002_2_11165248_11171137_frame_3_fft    25   3  0.412804;0.174563;0.172695    907.362;707.920;694.127      2;6;6
without_coding_region  5000   NC_072002.2     SCFR_NC_072002_2_12162258_12168738_frame1_fft     26   3  0.413426;0.175926;0.173457    680.816;664.510;633.496      2;6;6
without_coding_region  5000   NC_072002.2     SCFR_NC_072002_2_13487734_13494382_frame_3_fft    16   3  0.200060;0.400572;0.399970    1717.936;1406.523;1356.549   5;2;3
without_coding_region  5000   NC_072002.2     SCFR_NC_072002_2_13262189_13269656_frame3_fft     37   3  0.175305;0.411142;0.413553    801.693;734.729;696.249      6;2;2
without_coding_region  5000   NC_072002.2     SCFR_NC_072002_2_13235851_13241437_frame2_fft     28   3  0.181883;0.181525;0.409595    808.013;723.933;703.872      5;6;2
without_coding_region  5000   NC_072002.2     SCFR_NC_072002_2_5601152_5606399_frame_2_fft      23   3  0.411854;0.176672;0.174385    739.957;707.320;620.805      2;6;6
without_coding_region  5000   NC_072002.2     SCFR_NC_072002_2_566_9557_frame3_fft              5    3  -0.166722;0.166722;-0.333333  4663.290;4663.290;2943.051   8;42;10
without_coding_region  5000   NC_072002.2     SCFR_NC_072002_2_5767902_5773020_frame1_fft       22   3  0.175459;0.179172;0.412857    728.901;613.485;536.046      6;6;2
without_coding_region  5000   NC_072002.2     SCFR_NC_072002_2_607_9466_frame2_fft              5    3  -0.166610;0.166610;-0.333333  4572.345;4572.345;2943.258   8;42;11
without_coding_region  5000   NC_072002.2     SCFR_NC_072002_2_606_9435_frame_1_fft             5    3  -0.166723;0.166723;-0.333333  4558.018;4558.018;2940.002   9;43;11
without_coding_region  5000   NC_072002.2     SCFR_NC_072002_2_6745179_6750525_frame_1_fft      23   3  0.408343;0.182566;0.409091    916.717;714.481;695.171      2;5;2
without_coding_region  5000   NC_072002.2     SCFR_NC_072002_2_565_9451_frame_3_fft             5    3  -0.166667;0.166667;-0.500000  6979.125;6979.125;2938.000   8;42;14
without_coding_region  5000   NC_072002.2     SCFR_NC_072002_2_6494396_6499670_frame3_fft       32   3  0.179750;0.412780;0.180319    658.077;552.448;531.709      6;2;6
without_coding_region  5000   NC_072002.2     SCFR_NC_072002_2_7664381_7670933_frame_2_fft      34   3  0.413156;0.174145;0.412546    1041.253;787.109;672.332     2;6;2
without_coding_region  5000   NC_072002.2     SCFR_NC_072002_2_6759635_6764750_frame_2_fft      26   3  0.173607;0.411926;0.172630    794.314;630.614;589.953      6;2;6
without_coding_region  5000   NC_072002.2     SCFR_NC_072002_2_95454429_95459604_frame_1_fft    2    2  0.166570;0.333333             2649.579;1678.967            6;3
without_coding_region  5000   NC_072002.2     SCFR_NC_072002_2_95454604_95459605_frame2_fft     2    2  0.166567;0.333333             2568.450;1674.260            6;3
without_coding_region  5000   NC_072002.2     SCFR_NC_072002_2_9226934_9234503_frame_2_fft      40   3  0.183247;0.183512;0.182455    1054.523;832.540;785.334     5;5;5
without_coding_region  5000   NC_072002.2     SCFR_NC_072002_2_9048492_9053685_frame1_fft       16   3  0.175621;0.173503;0.413441    727.178;705.615;702.364      6;6;2
without_coding_region  5000   NC_072002.2     SCFR_NC_072002_2_95454650_95459708_frame3_fft     2    2  0.166667;0.333333             3923.351;1651.301            6;3
without_coding_region  5000   NC_072002.2     SCFR_NC_072002_2_9194865_9200337_frame_1_fft      31   3  0.174890;0.412463;0.174525    796.944;757.932;648.095      6;2;6
without_coding_region  5000   NC_072002.2     SCFR_NC_072002_2_95454655_95459707_frame_3_fft    2    2  0.166667;0.333333             3920.877;1654.380            6;3
without_coding_region  5000   NC_085928.1     SCFR_NC_085928_1_209536364_209544818_frame3_fft   2    2  0.166667;0.333333             6600.861;2764.272            6;3
without_coding_region  5000   NC_085928.1     SCFR_NC_085928_1_209536363_209544817_frame_3_fft  2    2  0.166667;0.333333             6598.999;2763.641            6;3
without_coding_region  5000   NC_085928.1     SCFR_NC_085928_1_209536370_209544713_frame_2_fft  2    2  0.166727;0.333333             4190.391;2779.001            6;3
without_coding_region  5000   NC_085928.1     SCFR_NC_085928_1_209536371_209544708_frame1_fft   2    2  0.166607;0.333333             4186.637;2778.000            6;3
without_coding_region  5000   NC_085928.1     SCFR_NC_085928_1_3340_11293_frame2_fft            2    2  0.166730;0.333333             4114.595;2676.002            6;3
without_coding_region  5000   NC_085928.1     SCFR_NC_085928_1_2342_11348_frame3_fft            3    3  0.166667;0.333333;0.166889    6571.794;2506.233;1008.442   6;3;6
without_coding_region  5000   NC_085928.1     SCFR_NC_085928_1_2341_11347_frame_3_fft           3    3  0.166667;0.333333;0.166889    6573.609;2507.180;1006.503   6;3;6
without_coding_region  5000   NC_085928.1     SCFR_NC_085928_1_3339_11409_frame_1_fft           2    2  0.166667;0.333333             6105.122;2669.952            6;3
without_coding_region  5000   NC_071991.2     SCFR_NC_071991_2_12250926_12259260_frame1_fft     9    3  0.473002;0.477562;0.342933    1008.431;649.945;561.441     2;2;3
without_coding_region  5000   NC_071991.2     SCFR_NC_071991_2_129355379_129361046_frame3_fft   1    1  0.000706                      295.032                      1417
without_coding_region  5000   NC_071991.2     SCFR_NC_071991_2_12251383_12263269_frame2_fft     20   3  0.472993;0.477621;0.420579    1037.538;670.622;571.821     2;2;2
without_coding_region  5000   NC_071991.2     SCFR_NC_071991_2_129355672_129361045_frame_1_fft  0    0
without_coding_region  5000   NC_071991.2     SCFR_NC_071991_2_12251345_12263321_frame3_fft     14   3  0.473029;0.477622;0.473697    1048.283;667.244;598.696     2;2;2
without_coding_region  5000   NC_071991.2     SCFR_NC_071991_2_145885978_145893217_frame_1_fft  21   3  0.231524;0.231109;0.231938    1980.394;1915.148;1433.616   4;4;4
without_coding_region  5000   NC_071991.2     SCFR_NC_071991_2_129355405_129361036_frame2_fft   0    0
without_coding_region  5000   NC_071991.2     SCFR_NC_071991_2_129355386_129361059_frame1_fft   0    0
without_coding_region  5000   NC_071991.2     SCFR_NC_071991_2_2019_8154_frame_2_fft            5    3  0.166748;0.333333;0.166259    3950.347;1300.792;840.250    6;3;6
without_coding_region  5000   NC_071991.2     SCFR_NC_071991_2_2020_8155_frame2_fft             5    3  0.166748;0.333333;0.166259    3949.384;1300.005;841.837    6;3;6
without_coding_region  5000   NC_071991.2     SCFR_NC_071991_2_355409_360563_frame3_fft         1    1  0.333333                      3750.221                     3
without_coding_region  5000   NC_071991.2     SCFR_NC_071991_2_145886114_145893236_frame_3_fft  16   3  0.231536;0.231115;0.231957    2022.361;1872.715;1314.572   4;4;4
without_coding_region  5000   NC_071991.2     SCFR_NC_071991_2_355471_360490_frame_1_fft        1    1  0.333333                      3755.859                     3
without_coding_region  5000   NC_071991.2     SCFR_NC_071991_2_6055165_6061726_frame_1_fft      49   3  0.037037;0.049383;0.012346    1786.102;1584.987;1386.296   27;20;81
without_coding_region  5000   NC_071991.2     SCFR_NC_071991_2_355448_360470_frame_3_fft        1    1  0.333333                      3758.662                     3
without_coding_region  5000   NC_071991.2     SCFR_NC_071991_2_7473434_7483151_frame_3_fft      39   3  0.037048;0.271586;0.049398    2800.924;2522.681;2090.109   27;4;20
without_coding_region  5000   NC_071991.2     SCFR_NC_071991_2_6058005_6065613_frame_2_fft      49   3  0.037066;0.049422;0.271688    1987.222;1717.344;1688.901   27;20;4
without_coding_region  5000   NC_071991.2     SCFR_NC_071991_2_7473415_7483390_frame2_fft       39   3  0.493835;0.271579;0.036992    2491.553;2403.656;2031.927   2;4;27
without_coding_region  5000   NC_071991.2     SCFR_NC_071991_2_99591134_99596744_frame_3_fft    23   3  0.208378;0.333333;0.479144    2174.418;1490.445;1381.886   5;3;2
without_coding_region  5000   NC_071991.2     SCFR_NC_071991_2_99591235_99596803_frame_1_fft    23   3  0.208333;0.416667;0.333333    2383.260;2004.136;1501.453   5;2;3
without_coding_region  5000   NC_071991.2     SCFR_NC_071991_2_7473435_7483203_frame1_fft       40   3  0.271601;0.037060;0.493857    2671.932;2652.361;2180.888   4;27;2
without_coding_region  5000   NC_071991.2     SCFR_NC_071991_2_99591247_99596788_frame2_fft     23   3  0.208266;0.416712;0.333333    1875.676;1803.703;1500.477   5;2;3
without_coding_region  5000   NW_026946741.1  SCFR_NW_026946741_1_52600_58543_frame_3_fft       38   3  0.037018;0.432105;0.123507    1871.602;1369.480;1163.239   27;2;8
without_coding_region  5000   NW_026946741.1  SCFR_NW_026946741_1_52698_58485_frame1_fft        40   3  0.036979;0.222222;0.049421    1583.522;1318.460;1304.035   27;5;20
without_coding_region  5000   NW_026946741.1  SCFR_NW_026946741_1_59136_67419_frame1_fft        48   3  0.037064;0.049378;0.222142    2268.163;2172.235;1531.840   27;20;5
without_coding_region  5000   NW_026946741.1  SCFR_NW_026946741_1_52709_63428_frame3_fft        40   3  0.037037;0.222222;0.049352    3354.016;2342.087;2325.366   27;5;20
without_coding_region  5000   NW_026946741.1  SCFR_NW_026946741_1_60815_67508_frame_2_fft       44   3  0.037054;0.222172;0.123413    1987.651;1540.544;1453.819   27;5;8
without_coding_region  5000   NC_072007.2     SCFR_NC_072007_2_11013539_11019182_frame3_fft     34   3  0.182704;0.411660;0.182173    712.787;613.878;583.914      5;2;5
without_coding_region  5000   NC_072007.2     SCFR_NC_072007_2_11659216_11665006_frame_3_fft    31   3  0.412953;0.175130;0.411572    710.014;655.631;619.746      2;6;2
without_coding_region  5000   NC_072007.2     SCFR_NC_072007_2_11475070_11482765_frame2_fft     40   3  0.414035;0.172190;0.412346    860.403;782.208;742.354      2;6;2
without_coding_region  5000   NC_072007.2     SCFR_NC_072007_2_11699338_11704393_frame_3_fft    24   3  0.181009;0.411078;0.176855    723.480;622.363;587.456      6;2;6
without_coding_region  5000   NC_072007.2     SCFR_NC_072007_2_13582212_13587948_frame1_fft     25   3  0.182357;0.180439;0.411262    770.027;734.722;707.783      5;6;2
without_coding_region  5000   NC_072007.2     SCFR_NC_072007_2_14466625_14473183_frame_3_fft    34   3  0.175358;0.184507;0.408814    818.545;774.734;733.509      6;5;2
without_coding_region  5000   NC_072007.2     SCFR_NC_072007_2_53590432_53595976_frame2_fft     18   3  0.444986;0.442641;0.441919    997.798;784.803;710.335      2;2;2
without_coding_region  5000   NC_072007.2     SCFR_NC_072007_2_53590422_53595966_frame1_fft     18   3  0.444986;0.442641;0.441919    999.908;784.720;710.525      2;2;2
without_coding_region  5000   NC_072007.2     SCFR_NC_072007_2_57131063_57137675_frame_2_fft    2    2  0.166667;0.333333             5033.770;1981.447            6;3
without_coding_region  5000   NC_072007.2     SCFR_NC_072007_2_3056943_3063621_frame1_fft       35   3  0.180144;0.411500;0.412249    703.177;639.967;618.574      6;2;2
without_coding_region  5000   NC_072007.2     SCFR_NC_072007_2_53590454_53595998_frame3_fft     18   3  0.444986;0.442641;0.441919    997.076;786.681;713.394      2;2;2
without_coding_region  5000   NC_072007.2     SCFR_NC_072007_2_57131064_57137676_frame1_fft     2    2  0.166667;0.333333             5033.153;1981.070            6;3
without_coding_region  5000   NC_072007.2     SCFR_NC_072007_2_57131537_57139205_frame3_fft     2    2  0.166667;0.333333             5544.453;1853.323            6;3
without_coding_region  5000   NC_072007.2     SCFR_NC_072007_2_55891459_55897339_frame_3_fft    22   3  0.125000;0.041667;0.333333    1679.771;1676.541;1455.542   8;24;3
without_coding_region  5000   NC_072007.2     SCFR_NC_072007_2_57131536_57139204_frame_3_fft    2    2  0.166667;0.333333             5546.192;1852.312            6;3
without_coding_region  5000   NC_072007.2     SCFR_NC_072007_2_6931784_6939200_frame_2_fft      36   3  0.412756;0.413161;0.175431    914.142;836.948;792.787      2;2;6
without_coding_region  5000   NC_072007.2     SCFR_NC_072007_2_9642052_9647116_frame2_fft       29   3  0.408965;0.181675;0.180885    629.463;597.190;585.418      2;6;6
without_coding_region  5000   NC_072007.2     SCFR_NC_072007_2_8377363_8385088_frame2_fft       37   3  0.413851;0.172039;0.180324    750.848;739.261;730.836      2;6;6
without_coding_region  5000   NC_072007.2     SCFR_NC_072007_2_6974746_6982837_frame_3_fft      36   3  0.409962;0.180571;0.182301    1611.408;1113.478;935.169    2;6;5
without_coding_region  5000   NC_072007.2     SCFR_NC_072007_2_6974985_6983718_frame_1_fft      43   3  0.409939;0.180579;0.410512    1486.446;1101.332;1045.842   2;6;2
without_coding_region  5000   NC_071994.2     SCFR_NC_071994_2_49257894_49263489_frame_1_fft    25   3  0.175156;0.412690;0.413405    712.108;636.976;595.102      6;2;2
without_coding_region  5000   NC_071994.2     SCFR_NC_071994_2_1166958_1173009_frame_1_fft      67   3  0.333333;0.471988;0.230045    1829.941;854.355;819.651     3;2;4
without_coding_region  5000   NC_071994.2     SCFR_NC_071994_2_1166217_1172616_frame1_fft       64   3  0.333333;0.286138;0.230036    1968.105;854.854;846.653     3;3;4
without_coding_region  5000   NC_071994.2     SCFR_NC_071994_2_1161730_1175959_frame2_fft       41   3  0.333333;0.230023;0.401153    3579.659;980.485;974.302     3;4;2
without_coding_region  5000   NC_071994.2     SCFR_NC_071994_2_53830039_53835769_frame_3_fft    30   3  0.173473;0.182024;0.183072    691.796;622.390;579.899      6;5;5
without_coding_region  5000   NC_071994.2     SCFR_NC_071994_2_53873515_53878750_frame_3_fft    26   3  0.411843;0.174403;0.181853    817.352;652.584;622.576      2;6;6
without_coding_region  5000   NC_071994.2     SCFR_NC_071994_2_54083898_54089679_frame_1_fft    26   3  0.179900;0.413596;0.182840    645.281;611.034;603.330      6;2;5
without_coding_region  5000   NC_071994.2     SCFR_NC_071994_2_54088714_54094366_frame_3_fft    24   3  0.409059;0.182944;0.409413    1076.818;628.477;563.187     2;5;2
without_coding_region  5000   NC_071994.2     SCFR_NC_071994_2_59508393_59513745_frame1_fft     17   3  0.444507;0.277840;0.083333    2166.494;1287.517;1269.766   2;4;12
without_coding_region  5000   NC_071994.2     SCFR_NC_071994_2_54669327_54674832_frame_1_fft    24   3  0.175658;0.412534;0.173842    832.803;831.437;644.413      6;2;6
without_coding_region  5000   NC_071994.2     SCFR_NC_071994_2_54106549_54111817_frame_3_fft    28   3  0.181853;0.179575;0.181473    791.038;768.565;661.871      6;6;6
without_coding_region  5000   NC_071994.2     SCFR_NC_071994_2_66034881_66040878_frame1_fft     22   3  0.041354;0.041688;0.458896    702.599;617.775;579.062      24;24;2
without_coding_region  5000   NC_071994.2     SCFR_NC_071994_2_66034913_66040892_frame_2_fft    21   3  0.041646;0.041144;0.475999    735.348;685.997;574.049      24;24;2
without_coding_region  5000   NC_071994.2     SCFR_NC_071994_2_66034942_66040774_frame2_fft     20   3  0.499314;0.041667;0.041324    1096.501;694.455;691.957     2;24;24
without_coding_region  5000   NC_071994.2     SCFR_NC_071994_2_66035006_66040853_frame3_fft     22   3  0.041389;0.458184;0.458697    645.902;629.861;619.891      24;2;2
without_coding_region  5000   NC_072006.2     SCFR_NC_072006_2_52766027_52771079_frame_3_fft    32   3  0.215162;0.205661;0.214766    575.600;509.812;492.122      5;5;5
without_coding_region  5000   NC_072006.2     SCFR_NC_072006_2_29630880_29636616_frame_2_fft    23   3  0.412308;0.176604;0.172594    794.956;682.950;647.309      2;6;6
without_coding_region  5000   NC_072006.2     SCFR_NC_072006_2_29594922_29601342_frame_2_fft    33   3  0.183801;0.182399;0.184268    791.414;784.186;648.700      5;5;5
without_coding_region  5000   NC_072006.2     SCFR_NC_072006_2_52766071_52771090_frame_1_fft    27   3  0.215182;0.214784;0.219765    556.735;501.836;466.006      5;5;5
without_coding_region  5000   NC_072006.2     SCFR_NC_072006_2_52766094_52771314_frame_2_fft    28   3  0.215134;0.214751;0.219732    566.643;478.505;475.195      5;5;5
without_coding_region  5000   NC_072006.2     SCFR_NC_072006_2_68743363_68749477_frame2_fft     12   3  0.166667;0.333333;0.166994    4215.394;1250.501;1194.024   6;3;6
without_coding_region  5000   NC_072006.2     SCFR_NC_072006_2_67677918_67683882_frame_2_fft    16   3  0.030349;0.121227;0.090879    2143.777;1656.293;1560.186   33;8;11
without_coding_region  5000   NC_072006.2     SCFR_NC_072006_2_68743362_68749476_frame_2_fft    12   3  0.166667;0.333333;0.166994    4216.969;1251.552;1192.332   6;3;6
without_coding_region  5000   NC_072006.2     SCFR_NC_072006_2_67677885_67683840_frame1_fft     16   3  0.393955;0.272712;0.030227    1896.633;1759.929;1673.371   3;4;33
with_coding_region     5000   NC_071995.2     SCFR_NC_071995_2_108419175_108425592_frame1_fft   11   3  0.333177;0.333801;0.334113    2411.681;1553.743;956.891    3;3;3
with_coding_region     5000   NC_071995.2     SCFR_NC_071995_2_108144004_108150562_frame_2_fft  19   3  0.080055;0.120006;0.039951    1572.629;1470.038;1301.584   12;8;25
with_coding_region     5000   NC_071995.2     SCFR_NC_071995_2_108419209_108425485_frame2_fft   12   3  0.333174;0.333811;0.334130    2482.698;1357.778;900.756    3;3;3
with_coding_region     5000   NC_071995.2     SCFR_NC_071995_2_108196031_108201044_frame_1_fft  23   3  0.040096;0.080192;0.120287    1402.470;1199.976;793.597    25;12;8
with_coding_region     5000   NC_071995.2     SCFR_NC_071995_2_123096059_123101099_frame3_fft   3    3  0.333333;0.334921;0.222421    3044.352;526.771;332.217     3;3;4
with_coding_region     5000   NC_071995.2     SCFR_NC_071995_2_132269656_132278791_frame2_fft   2    2  0.166721;0.333333             4621.496;3018.713            6;3
with_coding_region     5000   NC_071995.2     SCFR_NC_071995_2_108419300_108425288_frame3_fft   10   3  0.333166;0.333667;0.334168    2555.196;1199.698;640.203    3;3;3
with_coding_region     5000   NC_071995.2     SCFR_NC_071995_2_131143278_131149542_frame1_fft   22   3  0.400064;0.266762;0.333174    1455.588;1226.181;1215.888   2;4;3
with_coding_region     5000   NC_071995.2     SCFR_NC_071995_2_132269729_132278879_frame_1_fft  2    2  0.166667;0.333333             7158.899;2992.077            6;3
with_coding_region     5000   NC_071995.2     SCFR_NC_071995_2_132269730_132278880_frame1_fft   2    2  0.166667;0.333333             7157.036;2993.573            6;3
with_coding_region     5000   NC_071995.2     SCFR_NC_071995_2_132269655_132278790_frame_3_fft  2    2  0.166721;0.333333             4619.633;3019.771            6;3
with_coding_region     5000   NC_071995.2     SCFR_NC_071995_2_2802_9081_frame_3_fft            3    3  0.166746;0.333333;0.165950    3421.460;1804.171;464.466    6;3;6
with_coding_region     5000   NC_071995.2     SCFR_NC_071995_2_2803_9082_frame2_fft             3    3  0.166746;0.333333;0.165950    3420.826;1803.222;466.020    6;3;6
with_coding_region     5000   NC_071995.2     SCFR_NC_071995_2_3521_9020_frame_1_fft            2    2  0.166576;0.333333             2769.103;1830.000            6;3
with_coding_region     5000   NC_071995.2     SCFR_NC_071995_2_38092758_38098662_frame_3_fft    20   3  0.333333;0.233062;0.100271    2310.980;1534.440;1123.182   3;4;10
with_coding_region     5000   NC_071995.2     SCFR_NC_071995_2_38089258_38100541_frame2_fft     35   3  0.333333;0.033413;0.366746    4346.125;2087.077;2029.880   3;30;3
with_coding_region     5000   NC_071995.2     SCFR_NC_071995_2_33106182_33111219_frame1_fft     1    1  0.333333                      666.261                      3
with_coding_region     5000   NC_071995.2     SCFR_NC_071995_2_54629449_54634963_frame_2_fft    2    2  0.333333;0.043526             1329.118;617.077             3;23
with_coding_region     5000   NC_071995.2     SCFR_NC_071995_2_48121901_48128549_frame_1_fft    16   3  0.333333;0.027828;0.111011    1151.261;916.306;766.037     3;36;9
with_coding_region     5000   NC_071995.2     SCFR_NC_071995_2_3522_9021_frame1_fft             2    2  0.166576;0.333333             2770.972;1832.000            6;3
with_coding_region     5000   NC_072005.2     SCFR_NC_072005_2_19797770_19804265_frame_2_fft    14   3  0.498999;0.499769;0.499307    1174.931;1102.067;884.620    2;2;2
with_coding_region     5000   NC_072005.2     SCFR_NC_072005_2_1231528_1236697_frame2_fft       1    1  0.333333                      727.710                      3
with_coding_region     5000   NC_072005.2     SCFR_NC_072005_2_19797850_19804060_frame2_fft     13   3  0.499517;0.499034;0.497101    1124.991;961.128;581.267     2;2;2
with_coding_region     5000   NC_072005.2     SCFR_NC_072005_2_18481428_18492363_frame_1_fft    23   3  0.333333;0.205030;0.077000    939.847;861.420;701.539      3;5;13
with_coding_region     5000   NC_072005.2     SCFR_NC_072005_2_19797903_19804245_frame1_fft     13   3  0.499527;0.499054;0.497162    1137.913;784.028;647.057     2;2;2
with_coding_region     5000   NC_072005.2     SCFR_NC_072005_2_3940337_3946946_frame3_fft       11   3  0.487820;0.486912;0.488122    2044.711;951.320;678.200     2;2;2
with_coding_region     5000   NC_072005.2     SCFR_NC_072005_2_19797873_19804044_frame_1_fft    13   3  0.499757;0.498947;0.499271    1118.540;1079.520;667.037    2;2;2
with_coding_region     5000   NC_072005.2     SCFR_NC_072005_2_3940956_3947022_frame1_fft       8    3  0.487801;0.487141;0.486317    2002.125;822.579;617.665     2;2;2
with_coding_region     5000   NC_072005.2     SCFR_NC_072005_2_19797913_19804219_frame_3_fft    12   3  0.499524;0.499049;0.497146    1130.070;826.444;652.118     2;2;2
with_coding_region     5000   NC_072005.2     SCFR_NC_072005_2_43425247_43431382_frame_3_fft    2    2  0.333333;0.000489             934.365;358.167              3;2045
with_coding_region     5000   NC_072005.2     SCFR_NC_072005_2_43253116_43276084_frame2_fft     14   3  0.333333;0.466649;0.433342    9764.884;8093.594;6209.463   3;2;2
with_coding_region     5000   NC_072005.2     SCFR_NC_072005_2_43253085_43276101_frame1_fft     14   3  0.466675;0.333333;0.366658    9942.480;9772.976;7104.087   2;3;3
with_coding_region     5000   NC_072005.2     SCFR_NC_072005_2_43253046_43276110_frame_1_fft    14   3  0.466658;0.333333;0.366675    9991.810;9772.222;7100.176   2;3;3
with_coding_region     5000   NC_072005.2     SCFR_NC_072005_2_43484941_43490665_frame_3_fft    5    3  0.333333;0.047869;0.237771    891.092;474.353;393.733      3;21;4
with_coding_region     5000   NC_072005.2     SCFR_NC_072005_2_62226982_62232298_frame_3_fft    4    3  0.000752;0.321482;0.000376    370.285;348.078;341.837      1329;3;2658
with_coding_region     5000   NC_072005.2     SCFR_NC_072005_2_62226986_62232158_frame_2_fft    3    3  0.321346;0.321732;0.336234    312.375;301.890;299.682      3;3;3
with_coding_region     5000   NC_072005.2     SCFR_NC_072005_2_65389157_65394329_frame3_fft     2    2  0.166667;0.333333             3854.230;1439.782            6;3
with_coding_region     5000   NC_072005.2     SCFR_NC_072005_2_4573724_4580960_frame3_fft       24   3  0.023079;0.437949;0.440160    752.463;631.118;578.755      43;2;2
with_coding_region     5000   NC_072005.2     SCFR_NC_072005_2_4573635_4580682_frame1_fft       24   3  0.022989;0.045409;0.022421    861.871;678.546;560.022      44;22;45
with_coding_region     5000   NC_072005.2     SCFR_NC_072005_2_62226990_62232417_frame_1_fft    4    3  0.000737;0.000369;0.321356    455.071;454.560;326.200      1357;2714;3
with_coding_region     5000   NC_072005.2     SCFR_NC_072005_2_65389228_65394328_frame_3_fft    2    2  0.166667;0.333333             3820.138;1431.709            6;3
with_coding_region     5000   NC_072005.2     SCFR_NC_072005_2_9005064_9014835_frame_1_fft      1    1  0.333333                      2024.111                     3
with_coding_region     5000   NC_072005.2     SCFR_NC_072005_2_8984121_9000780_frame_1_fft      4    3  0.333333;0.003422;0.002281    3330.967;777.611;654.500     3;292;438
with_coding_region     5000   NC_071988.2     SCFR_NC_071988_2_135121333_135127693_frame2_fft   1    1  0.333333                      996.285                      3
with_coding_region     5000   NC_071988.2     SCFR_NC_071988_2_146868700_146873899_frame2_fft   1    1  0.333333                      833.657                      3
with_coding_region     5000   NC_071988.2     SCFR_NC_071988_2_121159520_121164959_frame_3_fft  1    1  0.333333                      684.473                      3
with_coding_region     5000   NC_071988.2     SCFR_NC_071988_2_12582159_12588456_frame_2_fft    1    1  0.333333                      1103.258                     3
with_coding_region     5000   NC_071988.2     SCFR_NC_071988_2_208796724_208804977_frame1_fft   13   3  0.285714;0.249970;0.142857    3017.801;2992.479;2982.046   4;4;7
with_coding_region     5000   NC_071988.2     SCFR_NC_071988_2_208796733_208804860_frame_2_fft  13   3  0.285714;0.250031;0.142857    2992.666;2971.933;2969.447   4;4;7
with_coding_region     5000   NC_071988.2     SCFR_NC_071988_2_208796834_208804916_frame_3_fft  13   3  0.285697;0.107152;0.214303    2884.809;2675.218;2182.549   4;9;5
with_coding_region     5000   NC_071988.2     SCFR_NC_071988_2_208796827_208805020_frame_1_fft  13   3  0.249969;0.285732;0.107165    2974.707;2950.820;2531.831   4;4;9
with_coding_region     5000   NC_071988.2     SCFR_NC_071988_2_208796752_208804942_frame2_fft   13   3  0.285714;0.142857;0.214286    3020.299;2985.729;2254.215   4;7;5
with_coding_region     5000   NC_071988.2     SCFR_NC_071988_2_208796786_208805003_frame3_fft   13   3  0.249970;0.142875;0.285749    2986.900;2870.718;2709.220   4;7;4
with_coding_region     5000   NC_071988.2     SCFR_NC_071988_2_88915822_88924069_frame_1_fft    1    1  0.333333                      5481.391                     3
with_coding_region     5000   NC_071988.2     SCFR_NC_071988_2_6287657_6292859_frame_3_fft      13   3  0.333526;0.334295;0.333141    1435.963;1364.416;823.892    3;3;3
with_coding_region     5000   NC_071988.2     SCFR_NC_071988_2_88915875_88924350_frame1_fft     2    2  0.333333;0.333569             5446.777;511.930             3;3
with_coding_region     5000   NC_071988.2     SCFR_NC_071988_2_902509_907945_frame_1_fft        30   3  0.030721;0.485467;0.484180    779.903;733.242;722.839      33;2;2
with_coding_region     5000   NC_071988.2     SCFR_NC_071988_2_88915864_88924225_frame2_fft     3    3  0.333333;0.333573;0.334051    5451.573;428.076;417.364     3;3;3
with_coding_region     5000   NC_071988.2     SCFR_NC_071988_2_88916073_88924263_frame_2_fft    1    1  0.333333                      5481.708                     3
with_coding_region     5000   NC_071988.2     SCFR_NC_071988_2_902563_908938_frame2_fft         30   3  0.030745;0.062118;0.485490    883.848;803.280;741.880      33;16;2
with_coding_region     5000   NC_071988.2     SCFR_NC_071988_2_902579_908240_frame3_fft         32   3  0.030737;0.454690;0.484190    848.790;735.999;711.633      33;2;2
with_coding_region     5000   NC_071988.2     SCFR_NC_071988_2_902583_908268_frame_2_fft        31   3  0.030783;0.062093;0.485488    978.417;817.338;776.306      32;16;2
with_coding_region     5000   NC_071988.2     SCFR_NC_071988_2_951359_958178_frame3_fft         21   3  0.054993;0.216454;0.054700    1583.709;902.785;819.848     18;5;18
with_coding_region     5000   NC_071988.2     SCFR_NC_071988_2_902616_908115_frame1_fft         30   3  0.030733;0.485543;0.484452    849.876;800.540;681.549      33;2;2
with_coding_region     5000   NC_071988.2     SCFR_NC_071988_2_902606_907985_frame_3_fft        31   3  0.062093;0.454731;0.484477    773.080;720.526;698.258      16;2;2
with_coding_region     5000   NC_071988.2     SCFR_NC_071988_2_951702_957939_frame_2_fft        17   3  0.054994;0.216450;0.215168    1578.684;883.556;830.248     18;5;5
with_coding_region     5000   NC_071988.2     SCFR_NC_071988_2_951466_957853_frame_1_fft        19   3  0.054955;0.216377;0.215124    1664.790;782.430;694.700     18;5;5
with_coding_region     5000   NC_071988.2     SCFR_NC_071988_2_951612_957822_frame1_fft         16   3  0.054911;0.216425;0.215137    1412.910;882.371;751.452     18;5;5
with_coding_region     5000   NC_071988.2     SCFR_NC_071988_2_951697_957940_frame2_fft         16   3  0.054942;0.216402;0.106359    1621.519;843.049;684.791     18;5;9
with_coding_region     5000   NC_071988.2     SCFR_NC_071988_2_951737_957827_frame_3_fft        15   3  0.055008;0.216420;0.217241    1442.858;873.148;601.330     18;5;5
with_coding_region     5000   NC_071996.2     SCFR_NC_071996_2_11772736_11777884_frame2_fft     24   3  0.410645;0.411422;0.177739    716.400;644.956;598.338      2;2;6
with_coding_region     5000   NC_071996.2     SCFR_NC_071996_2_10375163_10381460_frame3_fft     24   3  0.178180;0.411466;0.176751    690.309;681.009;676.120      6;2;6
with_coding_region     5000   NC_071996.2     SCFR_NC_071996_2_109620622_109627552_frame2_fft   4    3  0.333333;0.008081;0.341270    1311.776;537.118;475.524     3;124;3
with_coding_region     5000   NC_071996.2     SCFR_NC_071996_2_10378456_10383616_frame2_fft     24   3  0.182946;0.412791;0.181395    626.833;597.724;546.046      5;2;6
with_coding_region     5000   NC_071996.2     SCFR_NC_071996_2_11795921_11801246_frame3_fft     32   3  0.411831;0.181784;0.409953    851.574;693.913;593.233      2;6;2
with_coding_region     5000   NC_071996.2     SCFR_NC_071996_2_144422803_144433750_frame2_fft   47   3  0.499772;0.416370;0.249931    2772.838;1497.549;1282.661   2;2;4
with_coding_region     5000   NC_071996.2     SCFR_NC_071996_2_11841746_11846930_frame3_fft     25   3  0.173418;0.174190;0.412616    643.877;574.951;475.667      6;6;2
with_coding_region     5000   NC_071996.2     SCFR_NC_071996_2_13228840_13234168_frame2_fft     21   3  0.409159;0.408784;0.184122    711.308;685.903;668.838      2;2;5
with_coding_region     5000   NC_071996.2     SCFR_NC_071996_2_13131360_13137426_frame1_fft     28   3  0.411803;0.175734;0.412463    948.338;827.390;639.327      2;6;2
with_coding_region     5000   NC_071996.2     SCFR_NC_071996_2_144423375_144433509_frame1_fft   40   3  0.499803;0.416321;0.249951    2448.789;1511.774;1244.143   2;2;4
with_coding_region     5000   NC_071996.2     SCFR_NC_071996_2_144424175_144432998_frame3_fft   48   3  0.499717;0.416298;0.249915    2136.526;1474.668;1285.736   2;2;4
with_coding_region     5000   NC_071996.2     SCFR_NC_071996_2_1662069_1667835_frame1_fft       26   3  0.410510;0.182622;0.179674    718.549;655.410;632.209      2;5;6
with_coding_region     5000   NC_071996.2     SCFR_NC_071996_2_146190191_146195258_frame_1_fft  3    3  0.166765;0.333333;0.165976    3002.598;1325.720;406.182    6;3;6
with_coding_region     5000   NC_071996.2     SCFR_NC_071996_2_146190126_146195259_frame1_fft   3    3  0.166764;0.333333;0.165985    3034.670;1330.436;443.682    6;3;6
with_coding_region     5000   NC_071996.2     SCFR_NC_071996_2_1567837_1573060_frame2_fft       23   3  0.182462;0.180930;0.408960    767.010;734.373;616.095      5;6;2
with_coding_region     5000   NC_071996.2     SCFR_NC_071996_2_3442063_3447577_frame_2_fft      26   3  0.181719;0.185528;0.180812    702.630;670.889;595.255      6;5;6
with_coding_region     5000   NC_071996.2     SCFR_NC_071996_2_30290867_30297635_frame_1_fft    7    3  0.332890;0.333629;0.333333    1755.372;1223.920;1160.728   3;3;3
with_coding_region     5000   NC_071996.2     SCFR_NC_071996_2_4321015_4326409_frame_2_fft      26   3  0.409900;0.180571;0.180200    721.426;659.435;609.522      2;6;6
with_coding_region     5000   NC_071996.2     SCFR_NC_071996_2_4428986_4434764_frame3_fft       28   3  0.179128;0.175493;0.410003    727.248;651.472;635.303      6;6;2
with_coding_region     5000   NC_071996.2     SCFR_NC_071996_2_4822694_4828502_frame3_fft       26   3  0.412190;0.173382;0.179063    741.429;606.569;592.924      2;6;6
with_coding_region     5000   NC_071996.2     SCFR_NC_071996_2_4369175_4374434_frame_1_fft      27   3  0.182734;0.181023;0.409964    680.328;658.496;590.524      5;6;2
with_coding_region     5000   NC_071996.2     SCFR_NC_071996_2_3461129_3470660_frame3_fft       40   3  0.173854;0.413283;0.412444    1113.322;887.405;866.036     6;2;2
with_coding_region     5000   NC_071996.2     SCFR_NC_071996_2_4856481_4864179_frame1_fft       31   3  0.182645;0.180696;0.410366    933.799;884.743;844.852      5;6;2
with_coding_region     5000   NC_071996.2     SCFR_NC_071996_2_30290668_30297679_frame_2_fft    8    3  0.332905;0.332620;0.334617    1588.562;1400.793;1284.359   3;3;3
with_coding_region     5000   NC_071996.2     SCFR_NC_071996_2_4912221_4917576_frame1_fft       25   3  0.412698;0.177218;0.173856    819.083;601.843;526.781      2;6;6
with_coding_region     5000   NC_071996.2     SCFR_NC_071996_2_7720201_7725508_frame_2_fft      30   3  0.183908;0.182212;0.181458    728.783;668.071;540.276      5;5;6
with_coding_region     5000   NC_071996.2     SCFR_NC_071996_2_8036681_8042132_frame_1_fft      28   3  0.175197;0.180150;0.411484    648.414;585.388;573.947      6;6;2
with_coding_region     5000   NC_071996.2     SCFR_NC_071996_2_69778559_69787973_frame3_fft     1    1  0.333333                      1274.790                     3
with_coding_region     5000   NC_071996.2     SCFR_NC_071996_2_6397926_6403707_frame1_fft       31   3  0.180765;0.411693;0.178862    733.334;732.744;701.200      6;2;6
with_coding_region     5000   NC_071996.2     SCFR_NC_071996_2_81170636_81176345_frame_1_fft    1    1  0.333333                      612.290                      3
with_coding_region     5000   NC_071996.2     SCFR_NC_071996_2_8805858_8810886_frame1_fft       22   3  0.412490;0.412092;0.175219    873.085;697.292;596.958      2;2;6
with_coding_region     5000   NC_071996.2     SCFR_NC_071996_2_88620000_88629060_frame1_fft     1    1  0.333333                      1109.316                     3
with_coding_region     5000   NC_071996.2     SCFR_NC_071996_2_81385040_81391556_frame_1_fft    1    1  0.333333                      992.047                      3
with_coding_region     5000   NC_071996.2     SCFR_NC_071996_2_8872384_8878129_frame2_fft       31   3  0.413925;0.412185;0.171453    777.602;596.099;595.042      2;2;6
with_coding_region     5000   NC_071996.2     SCFR_NC_071996_2_81199781_81217019_frame_1_fft    15   3  0.333333;0.036953;0.309607    2713.768;894.972;858.884     3;27;3
with_coding_region     5000   NC_071996.2     SCFR_NC_071996_2_88631148_88640598_frame1_fft     2    2  0.333333;0.079894             1153.848;453.171             3;13
with_coding_region     5000   NC_072003.2     SCFR_NC_072003_2_36172042_36177112_frame2_fft     4    3  0.200000;0.400000;0.200592    2531.439;1927.988;542.047    5;3;5
with_coding_region     5000   NC_072003.2     SCFR_NC_072003_2_5446816_5452354_frame_2_fft      37   3  0.037017;0.432105;0.123510    1762.759;1279.141;1090.199   27;2;8
with_coding_region     5000   NC_072003.2     SCFR_NC_072003_2_2982126_2988828_frame_3_fft      3    3  0.333333;0.333035;0.333632    1271.519;567.774;530.260     3;3;3
with_coding_region     5000   NC_072003.2     SCFR_NC_072003_2_33280938_33286458_frame1_fft     1    1  0.333333                      675.759                      3
with_coding_region     5000   NC_072003.2     SCFR_NC_072003_2_5446914_5452377_frame1_fft       39   3  0.036976;0.222222;0.049423    1501.950;1221.990;1219.282   27;5;20
with_coding_region     5000   NC_072003.2     SCFR_NC_072003_2_6003649_6010618_frame_2_fft      38   3  0.037021;0.049361;0.012340    2218.148;1581.308;1421.045   27;20;81
with_coding_region     5000   NC_072003.2     SCFR_NC_072003_2_6003747_6010692_frame1_fft       40   3  0.037005;0.049388;0.432109    2103.221;1645.407;1607.649   27;20;2
with_coding_region     5000   NC_072003.2     SCFR_NC_072003_2_5446925_5452622_frame3_fft       39   3  0.037037;0.222222;0.049324    1894.284;1263.472;1138.145   27;5;20
with_coding_region     5000   NC_072003.2     SCFR_NC_072003_2_6034004_6041567_frame_1_fft      39   3  0.037022;0.432104;0.370356    2340.752;1694.476;1608.075   27;2;3
with_coding_region     5000   NC_072003.2     SCFR_NC_072003_2_6003758_6010529_frame3_fft       39   3  0.037070;0.123468;0.432137    2058.290;1547.265;1450.851   27;8;2
with_coding_region     5000   NC_072003.2     SCFR_NC_072003_2_6034102_6041509_frame2_fft       39   3  0.036992;0.222222;0.493857    1970.561;1736.886;1557.643   27;5;2
with_coding_region     5000   NC_072003.2     SCFR_NC_072003_2_688162_697054_frame_2_fft        32   3  0.454566;0.166667;0.227283    2355.352;2085.899;2000.294   2;6;4
with_coding_region     5000   NC_072003.2     SCFR_NC_072003_2_688211_697055_frame3_fft         32   3  0.454545;0.181818;0.424242    2485.922;2163.976;2139.139   2;6;2
with_coding_region     5000   NC_072003.2     SCFR_NC_072003_2_6034113_6045801_frame1_fft       46   3  0.037047;0.123460;0.049367    3731.624;2444.405;2308.246   27;8;20
with_coding_region     5000   NC_072003.2     SCFR_NC_072003_2_70977654_70983204_frame1_fft     3    3  0.333333;0.335135;0.000901    653.456;346.532;342.606      3;3;1110
with_coding_region     5000   NC_072003.2     SCFR_NC_072003_2_80965362_80971227_frame1_fft     24   3  0.052003;0.052856;0.104007    1074.320;619.711;597.308     19;19;10
with_coding_region     5000   NC_072003.2     SCFR_NC_072003_2_80965414_80971147_frame2_fft     24   3  0.051980;0.207745;0.052852    1020.617;620.317;600.266     19;5;19
with_coding_region     5000   NC_072003.2     SCFR_NC_072003_2_688431_698292_frame_3_fft        32   3  0.454518;0.181827;0.075753    2439.211;2362.072;2314.042   2;6;13
with_coding_region     5000   NC_072003.2     SCFR_NC_072003_2_88734362_88741178_frame_1_fft    2    2  0.333333;0.000880             1201.244;383.718             3;1136
with_coding_region     5000   NC_072003.2     SCFR_NC_072003_2_89543288_89549654_frame_1_fft    3    3  0.166667;0.333333;0.165096    3943.260;1765.126;387.100    6;3;6
with_coding_region     5000   NC_072003.2     SCFR_NC_072003_2_688180_698353_frame2_fft         32   3  0.454537;0.424260;0.227268    2787.517;2297.904;2287.185   2;2;4
with_coding_region     5000   NC_072003.2     SCFR_NC_072003_2_87876184_87888148_frame2_fft     1    1  0.333333                      1089.855                     3
with_coding_region     5000   NC_072003.2     SCFR_NC_072003_2_89543289_89549655_frame1_fft     3    3  0.166667;0.333333;0.165096    3945.146;1765.935;385.168    6;3;6
with_coding_region     5000   NC_072003.2     SCFR_NC_072003_2_89543529_89549157_frame_3_fft    2    2  0.166667;0.333333             4041.275;1875.083            6;3
with_coding_region     5000   NC_072003.2     SCFR_NC_072003_2_89543530_89549158_frame2_fft     2    2  0.166667;0.333333             4041.773;1873.106            6;3
with_coding_region     5000   NC_071997.2     SCFR_NC_071997_2_102494019_102500070_frame_3_fft  27   3  0.105272;0.438440;0.017518    1401.421;1267.060;1260.106   10;2;57
with_coding_region     5000   NC_071997.2     SCFR_NC_071997_2_102494066_102500102_frame_1_fft  30   3  0.438701;0.035123;0.228131    1687.902;1408.264;1335.285   2;28;4
with_coding_region     5000   NC_071997.2     SCFR_NC_071997_2_102494053_102500080_frame_2_fft  30   3  0.438693;0.228140;0.017588    1704.775;1309.458;1200.389   2;4;57
with_coding_region     5000   NC_071997.2     SCFR_NC_071997_2_10818605_10824524_frame_1_fft    29   3  0.180774;0.410373;0.178577    874.837;801.450;742.015      6;2;6
with_coding_region     5000   NC_071997.2     SCFR_NC_071997_2_111634912_111640717_frame_2_fft  1    1  0.333333                      718.903                      3
with_coding_region     5000   NC_071997.2     SCFR_NC_071997_2_11076385_11082169_frame_2_fft    27   3  0.411307;0.176176;0.178250    912.462;898.929;757.415      2;6;6
with_coding_region     5000   NC_071997.2     SCFR_NC_071997_2_105215956_105232720_frame_2_fft  27   3  0.333333;0.143283;0.118945    1905.124;1061.733;972.112    3;7;8
with_coding_region     5000   NC_071997.2     SCFR_NC_071997_2_111771458_111779069_frame3_fft   1    1  0.333333                      909.255                      3
with_coding_region     5000   NC_071997.2     SCFR_NC_071997_2_11162469_11168259_frame_3_fft    32   3  0.180656;0.411054;0.176684    697.459;695.091;553.951      6;2;6
with_coding_region     5000   NC_071997.2     SCFR_NC_071997_2_11449210_11454262_frame2_fft     25   3  0.411124;0.174386;0.412708    723.610;707.708;696.521      2;6;2
with_coding_region     5000   NC_071997.2     SCFR_NC_071997_2_11975817_11980851_frame1_fft     10   3  0.200437;0.400477;0.400874    1591.184;1163.144;746.895    5;2;2
with_coding_region     5000   NC_071997.2     SCFR_NC_071997_2_11747746_11752966_frame_2_fft    26   3  0.411686;0.413218;0.176628    703.050;694.981;657.348      2;2;6
with_coding_region     5000   NC_071997.2     SCFR_NC_071997_2_124426569_124437249_frame1_fft   22   3  0.333333;0.493258;0.159925    7918.110;2513.708;1765.245   3;2;6
with_coding_region     5000   NC_071997.2     SCFR_NC_071997_2_124426565_124445297_frame_1_fft  40   3  0.333333;0.493274;0.159940    13887.446;4141.678;2914.733  3;2;6
with_coding_region     5000   NC_071997.2     SCFR_NC_071997_2_11693102_11698802_frame_1_fft    29   3  0.180702;0.409474;0.178772    648.025;634.356;577.699      6;2;6
with_coding_region     5000   NC_071997.2     SCFR_NC_071997_2_124426561_124445485_frame_2_fft  42   3  0.333333;0.493289;0.159956    13892.130;4673.890;3327.201  3;2;6
with_coding_region     5000   NC_071997.2     SCFR_NC_071997_2_12465381_12471042_frame1_fft     28   3  0.411411;0.178414;0.183536    759.813;717.387;671.483      2;6;5
with_coding_region     5000   NC_071997.2     SCFR_NC_071997_2_124426603_124445278_frame2_fft   38   3  0.333333;0.493280;0.159946    13886.158;4496.872;3175.317  3;2;6
with_coding_region     5000   NC_071997.2     SCFR_NC_071997_2_124437252_124445436_frame1_fft   23   3  0.333333;0.493280;0.159946    5962.917;1731.483;1256.787   3;2;6
with_coding_region     5000   NC_071997.2     SCFR_NC_071997_2_12472292_12478019_frame3_fft     27   3  0.411385;0.178453;0.181247    711.899;694.714;684.089      2;6;6
with_coding_region     5000   NC_071997.2     SCFR_NC_071997_2_12493262_12498989_frame3_fft     28   3  0.411385;0.181247;0.178453    715.658;680.663;674.945      2;6;6
with_coding_region     5000   NC_071997.2     SCFR_NC_071997_2_124426586_124445267_frame3_fft   43   3  0.333333;0.493282;0.159949    13893.036;4579.996;3239.143  3;2;6
with_coding_region     5000   NC_071997.2     SCFR_NC_071997_2_12479269_12484996_frame2_fft     28   3  0.411385;0.178453;0.181247    711.492;694.086;685.555      2;6;6
with_coding_region     5000   NC_071997.2     SCFR_NC_071997_2_130153950_130162431_frame1_fft   32   3  0.189600;0.379318;0.194317    2026.419;1416.552;1004.407   5;3;5
with_coding_region     5000   NC_071997.2     SCFR_NC_071997_2_130154154_130162965_frame_3_fft  33   3  0.189649;0.379299;0.194303    1962.819;1441.442;1046.724   5;3;5
with_coding_region     5000   NC_071997.2     SCFR_NC_071997_2_130154462_130162439_frame_1_fft  33   3  0.189670;0.379341;0.194309    1883.296;1370.463;1008.497   5;3;5
with_coding_region     5000   NC_071997.2     SCFR_NC_071997_2_130154300_130162421_frame3_fft   35   3  0.189632;0.379264;0.194311    1952.814;1456.531;990.962    5;3;5
with_coding_region     5000   NC_071997.2     SCFR_NC_071997_2_130154365_130162543_frame2_fft   32   3  0.189655;0.379310;0.194302    1915.746;1449.871;992.811    5;3;5
with_coding_region     5000   NC_071997.2     SCFR_NC_071997_2_133174908_133180221_frame1_fft   3    3  0.166761;0.333333;0.165443    2815.397;1481.565;342.757    6;3;6
with_coding_region     5000   NC_071997.2     SCFR_NC_071997_2_14002132_14007259_frame2_fft     20   3  0.173591;0.175151;0.412717    711.165;640.954;599.429      6;6;2
with_coding_region     5000   NC_071997.2     SCFR_NC_071997_2_130154386_130162414_frame_2_fft  35   3  0.189586;0.379297;0.194320    2041.289;1467.851;966.565    5;3;5
with_coding_region     5000   NC_071997.2     SCFR_NC_071997_2_13339078_13344682_frame2_fft     32   3  0.182905;0.180764;0.177195    625.901;612.529;578.008      5;6;6
with_coding_region     5000   NC_071997.2     SCFR_NC_071997_2_14344336_14349484_frame2_fft     24   3  0.410645;0.411422;0.177739    702.294;645.830;599.560      2;2;6
with_coding_region     5000   NC_071997.2     SCFR_NC_071997_2_14854115_14860772_frame_1_fft    33   3  0.181012;0.409644;0.409344    968.918;933.832;854.303      6;2;2
with_coding_region     5000   NC_071997.2     SCFR_NC_071997_2_15872829_15878607_frame_3_fft    29   3  0.411042;0.180339;0.177570    672.245;665.192;598.506      2;6;6
with_coding_region     5000   NC_071997.2     SCFR_NC_071997_2_14417740_14422924_frame2_fft     26   3  0.173418;0.174190;0.412230    637.532;579.581;478.241      6;6;2
with_coding_region     5000   NC_071997.2     SCFR_NC_071997_2_16885067_16890884_frame3_fft     29   3  0.178442;0.408458;0.410693    714.008;618.875;606.658      6;2;2
with_coding_region     5000   NC_071997.2     SCFR_NC_071997_2_15913026_15918102_frame_3_fft    23   3  0.412530;0.413909;0.412136    583.434;518.612;509.376      2;2;2
with_coding_region     5000   NC_071997.2     SCFR_NC_071997_2_58907150_58913297_frame_1_fft    16   3  0.333333;0.326338;0.255897    1030.959;726.721;553.469     3;3;4
with_coding_region     5000   NC_071997.2     SCFR_NC_071997_2_17392325_17397368_frame3_fft     25   3  0.411263;0.178267;0.179258    648.232;583.231;577.499      2;6;6
with_coding_region     5000   NC_071997.2     SCFR_NC_071997_2_133174907_133180220_frame_1_fft  3    3  0.166761;0.333333;0.165443    2814.014;1480.774;343.719    6;3;6
with_coding_region     5000   NC_071997.2     SCFR_NC_071997_2_6757638_6764160_frame1_fft       12   3  0.200245;0.399877;0.199939    2503.673;2237.679;1560.359   5;3;5
with_coding_region     5000   NC_071997.2     SCFR_NC_071997_2_39160005_39165195_frame1_fft     1    1  0.333333                      792.290                      3
with_coding_region     5000   NC_071997.2     SCFR_NC_071997_2_5990278_5995600_frame2_fft       26   3  0.175498;0.179444;0.410372    612.916;583.683;565.650      6;6;2
with_coding_region     5000   NC_071997.2     SCFR_NC_071997_2_5988032_5993492_frame3_fft       28   3  0.180403;0.412454;0.183700    696.098;680.773;614.396      6;2;5
with_coding_region     5000   NC_071997.2     SCFR_NC_071997_2_7361824_7367320_frame2_fft       24   3  0.178675;0.411026;0.412482    647.131;636.962;581.991      6;2;2
with_coding_region     5000   NC_071997.2     SCFR_NC_071997_2_7008544_7014250_frame2_fft       23   3  0.183141;0.182264;0.179635    747.698;717.589;691.879      5;5;6
with_coding_region     5000   NC_071997.2     SCFR_NC_071997_2_7463884_7470268_frame2_fft       36   3  0.180294;0.175282;0.411811    747.368;700.688;682.012      6;6;2
with_coding_region     5000   NC_071997.2     SCFR_NC_071997_2_6891632_6896654_frame_1_fft      26   3  0.409797;0.180605;0.178017    733.902;630.337;571.275      2;6;6
with_coding_region     5000   NC_071997.2     SCFR_NC_071997_2_9489292_9494491_frame2_fft       26   3  0.412195;0.412579;0.173880    730.541;624.020;609.089      2;2;6
with_coding_region     5000   NC_071997.2     SCFR_NC_071997_2_7464620_7469882_frame3_fft       29   3  0.180350;0.412581;0.411821    720.682;565.473;546.465      6;2;2
with_coding_region     5000   NC_071997.2     SCFR_NC_071997_2_8122399_8128300_frame2_fft       26   3  0.411117;0.173699;0.200474    682.037;673.976;660.749      2;6;5
with_coding_region     5000   NC_071997.2     SCFR_NC_071997_2_7785772_7792597_frame2_fft       41   3  0.179341;0.409231;0.178901    921.655;902.966;800.386      6;2;6
with_coding_region     5000   NC_071997.2     SCFR_NC_071997_2_9913117_9920323_frame_2_fft      40   3  0.410214;0.176658;0.181654    960.684;951.257;787.976      2;6;6
with_coding_region     5000   NC_071993.2     SCFR_NC_071993_2_129152333_129157688_frame3_fft   1    1  0.333333                      821.208                      3
with_coding_region     5000   NC_071993.2     SCFR_NC_071993_2_381_6753_frame_2_fft             20   3  -0.166824;0.166824;0.166510   3319.616;3319.616;2620.839   12;61;61
with_coding_region     5000   NC_071993.2     SCFR_NC_071993_2_140846694_140851896_frame_2_fft  4    3  0.166667;0.333333;0.168012    3506.120;1630.010;439.073    6;3;6
with_coding_region     5000   NC_071993.2     SCFR_NC_071993_2_135214858_135221806_frame_1_fft  17   3  0.333333;0.316782;0.303109    772.780;678.261;547.525      3;3;3
with_coding_region     5000   NC_071993.2     SCFR_NC_071993_2_382_6754_frame2_fft              20   3  -0.166824;0.166824;0.166510   3318.343;3318.343;2620.364   12;61;61
with_coding_region     5000   NC_071993.2     SCFR_NC_071993_2_39676465_39681586_frame_1_fft    25   3  0.178481;0.183167;0.408709    638.679;566.670;552.555      6;5;2
with_coding_region     5000   NC_071993.2     SCFR_NC_071993_2_914_6767_frame_3_fft             5    3  -0.166752;0.166752;-0.333333  2919.116;2919.116;1945.001   13;67;17
with_coding_region     5000   NC_071993.2     SCFR_NC_071993_2_39695914_39701689_frame_1_fft    30   3  0.175931;0.180433;0.180952    741.257;736.667;653.035      6;6;6
with_coding_region     5000   NC_071993.2     SCFR_NC_071993_2_84156735_84164622_frame1_fft     1    1  0.333333                      1094.361                     3
with_coding_region     5000   NC_071993.2     SCFR_NC_071993_2_915_6768_frame1_fft              5    3  -0.166752;0.166752;-0.333333  2919.030;2919.030;1945.001   13;67;17
with_coding_region     5000   NC_071998.2     SCFR_NC_071998_2_10734650_10740011_frame3_fft     8    3  0.200522;0.199963;0.399925    943.742;885.983;688.439      5;5;3
with_coding_region     5000   NC_071998.2     SCFR_NC_071998_2_11225834_11232629_frame_1_fft    39   3  0.181751;0.176748;0.182046    956.713;941.524;710.115      6;6;5
with_coding_region     5000   NC_071998.2     SCFR_NC_071998_2_128922444_128929188_frame1_fft   20   3  0.206851;0.448250;0.413701    2239.765;1812.774;1484.697   5;2;2
with_coding_region     5000   NC_071998.2     SCFR_NC_071998_2_128922388_128929243_frame2_fft   20   3  0.206856;0.448140;0.413713    2235.218;2027.378;1490.990   5;2;2
with_coding_region     5000   NC_071998.2     SCFR_NC_071998_2_129606005_129614723_frame3_fft   2    2  0.166667;0.333333             6877.880;2938.313            6;3
with_coding_region     5000   NC_071998.2     SCFR_NC_071998_2_128922485_128929262_frame3_fft   22   3  0.206876;0.448133;0.413752    2152.393;1973.806;1314.048   5;2;2
with_coding_region     5000   NC_071998.2     SCFR_NC_071998_2_129606024_129614823_frame1_fft   2    2  0.166610;0.333333             4580.710;2941.373            6;3
with_coding_region     5000   NC_071998.2     SCFR_NC_071998_2_13058979_13064358_frame_3_fft    21   3  0.412530;0.172523;0.176241    657.330;644.528;620.907      2;6;6
with_coding_region     5000   NC_071998.2     SCFR_NC_071998_2_129606004_129614722_frame_2_fft  2    2  0.166667;0.333333             6877.525;2937.360            6;3
with_coding_region     5000   NC_071998.2     SCFR_NC_071998_2_129606023_129615071_frame_1_fft  3    3  0.166667;0.333333;0.166446    6792.913;3008.717;527.413    6;3;6
with_coding_region     5000   NC_071998.2     SCFR_NC_071998_2_22554155_22562891_frame_1_fft    1    1  0.333333                      1250.814                     3
with_coding_region     5000   NC_071998.2     SCFR_NC_071998_2_6630939_6635958_frame1_fft       27   3  0.412433;0.183702;0.176928    627.097;582.639;581.349      2;5;6
with_coding_region     5000   NC_071998.2     SCFR_NC_071998_2_5197786_5205484_frame2_fft       41   3  0.412835;0.179137;0.182645    833.440;735.308;666.739      2;6;5
with_coding_region     5000   NC_071998.2     SCFR_NC_071998_2_7382304_7387443_frame1_fft       3    3  0.200039;0.400078;0.200428    2405.438;1563.587;350.575    5;2;5
with_coding_region     5000   NC_071998.2     SCFR_NC_071998_2_25321559_25327085_frame3_fft     1    1  0.333333                      774.293                      3
with_coding_region     5000   NC_071998.2     SCFR_NC_071998_2_67154098_67160794_frame_2_fft    1    1  0.333333                      1054.379                     3
with_coding_region     5000   NC_071998.2     SCFR_NC_071998_2_7643151_7648215_frame1_fft       21   3  0.410545;0.175553;0.178910    629.571;619.760;610.609      2;6;6
with_coding_region     5000   NC_071998.2     SCFR_NC_071998_2_7476115_7481509_frame_2_fft      24   3  0.180571;0.409900;0.178346    769.136;689.683;620.028      6;2;6
with_coding_region     5000   NC_071998.2     SCFR_NC_071998_2_8532523_8537782_frame2_fft       26   3  0.410534;0.179502;0.410915    783.967;770.660;570.255      2;6;2
with_coding_region     5000   NC_071998.2     SCFR_NC_071998_2_7596378_7601442_frame1_fft       20   3  0.410545;0.175553;0.178910    630.445;618.948;609.332      2;6;6
with_coding_region     5000   NC_071998.2     SCFR_NC_071998_2_8469197_8474429_frame3_fft       27   3  0.411888;0.177179;0.180428    772.097;609.731;599.955      2;6;6
with_coding_region     5000   NC_071998.2     SCFR_NC_071998_2_9974583_9979929_frame1_fft       25   3  0.176955;0.411710;0.178825    573.572;567.669;561.605      6;2;6
with_coding_region     5000   NC_071998.2     SCFR_NC_071998_2_98005365_98011191_frame1_fft     1    1  0.333333                      666.488                      3
with_coding_region     5000   NC_072001.2     SCFR_NC_072001_2_104367583_104373439_frame2_fft   21   3  0.489925;0.043204;0.494023    861.597;587.164;574.618      2;23;2
with_coding_region     5000   NC_072001.2     SCFR_NC_072001_2_104367831_104373477_frame1_fft   20   3  0.489904;0.493978;0.487779    803.813;682.252;591.627      2;2;2
with_coding_region     5000   NC_072001.2     SCFR_NC_072001_2_104367713_104373053_frame3_fft   24   3  0.489888;0.494007;0.487828    775.335;636.107;594.706      2;2;2
with_coding_region     5000   NC_072001.2     SCFR_NC_072001_2_105323240_105328715_frame_1_fft  3    3  0.166575;0.333333;0.167306    3151.046;1480.867;590.931    6;3;6
with_coding_region     5000   NC_072001.2     SCFR_NC_072001_2_105323241_105328716_frame1_fft   3    3  0.166575;0.333333;0.167306    3151.803;1480.242;589.366    6;3;6
with_coding_region     5000   NC_072001.2     SCFR_NC_072001_2_105324162_105330237_frame_3_fft  6    3  0.166584;0.333333;0.166091    3138.888;1874.543;617.083    6;3;6
with_coding_region     5000   NC_072001.2     SCFR_NC_072001_2_105324163_105330238_frame2_fft   6    3  0.166584;0.333333;0.166091    3137.063;1873.544;615.152    6;3;6
with_coding_region     5000   NC_072001.2     SCFR_NC_072001_2_32349327_32357496_frame_3_fft    21   3  0.059616;0.029747;0.410944    941.436;855.431;816.491      17;34;2
with_coding_region     5000   NC_072001.2     SCFR_NC_072001_2_32345332_32357440_frame_2_fft    26   3  0.059547;0.410968;0.029815    1226.236;898.660;823.476     17;2;34
with_coding_region     5000   NC_072001.2     SCFR_NC_072001_2_32344880_32357606_frame_1_fft    25   3  0.059563;0.410970;0.029782    1198.358;872.699;840.057     17;2;34
with_coding_region     5000   NC_072001.2     SCFR_NC_072001_2_3341385_3347082_frame1_fft       31   3  0.410391;0.175531;0.178515    896.476;821.691;806.802      2;6;6
with_coding_region     5000   NC_072001.2     SCFR_NC_072001_2_45618624_45628863_frame1_fft     1    1  0.333333                      1026.141                     3
with_coding_region     5000   NC_072001.2     SCFR_NC_072001_2_43523219_43528385_frame3_fft     1    1  0.333333                      797.248                      3
with_coding_region     5000   NC_072001.2     SCFR_NC_072001_2_46440679_46449346_frame2_fft     4    3  0.333333;0.000346;0.333564    1150.066;632.777;481.744     3;2889;3
with_coding_region     5000   NC_072001.2     SCFR_NC_072001_2_4225704_4230798_frame1_fft       28   3  0.183942;0.176090;0.182175    650.723;594.000;539.277      5;6;5
with_coding_region     5000   NC_072001.2     SCFR_NC_072001_2_4794_11343_frame1_fft            3    3  0.166743;0.333333;0.165827    3742.467;1821.724;401.028    6;3;6
with_coding_region     5000   NC_072001.2     SCFR_NC_072001_2_4335980_4341869_frame3_fft       31   3  0.178468;0.181864;0.410766    810.130;698.820;644.353      6;5;2
with_coding_region     5000   NC_072001.2     SCFR_NC_072001_2_5047851_5052879_frame_3_fft      22   3  0.174224;0.174622;0.171639    672.334;628.118;532.250      6;6;6
with_coding_region     5000   NC_072001.2     SCFR_NC_072001_2_5519_11354_frame3_fft            2    2  0.166581;0.333333             2934.237;1929.864            6;3
with_coding_region     5000   NC_072001.2     SCFR_NC_072001_2_4793_11297_frame_1_fft           2    2  0.166667;0.333333             4866.547;1817.935            6;3
with_coding_region     5000   NC_072001.2     SCFR_NC_072001_2_5518_11338_frame_2_fft           2    2  0.166667;0.333333             4553.466;1929.510            6;3
with_coding_region     5000   NC_072001.2     SCFR_NC_072001_2_5521318_5526382_frame2_fft       24   3  0.409953;0.180292;0.410545    763.649;713.878;662.477      2;6;2
with_coding_region     5000   NC_072001.2     SCFR_NC_072001_2_7197765_7203228_frame_3_fft      27   3  0.173897;0.412411;0.173348    614.200;569.258;552.313      6;2;6
with_coding_region     5000   NC_072001.2     SCFR_NC_072001_2_7329286_7334527_frame2_fft       24   3  0.180500;0.181072;0.410227    769.560;741.730;669.619      6;6;2
with_coding_region     5000   NC_072001.2     SCFR_NC_072001_2_5503754_5508818_frame3_fft       24   3  0.409953;0.180292;0.410545    763.649;713.878;662.477      2;6;2
with_coding_region     5000   NC_072001.2     SCFR_NC_072001_2_7190336_7195532_frame_1_fft      27   3  0.412048;0.173595;0.177059    767.889;605.713;547.945      2;6;6
with_coding_region     5000   NC_072001.2     SCFR_NC_072001_2_7192098_7197762_frame_3_fft      27   3  0.184499;0.412076;0.174612    611.248;610.100;602.257      5;2;6
with_coding_region     5000   NC_072001.2     SCFR_NC_072001_2_8297720_8302874_frame3_fft       22   3  0.178696;0.410749;0.177532    982.563;946.573;650.612      6;2;6
with_coding_region     5000   NC_072001.2     SCFR_NC_072001_2_94846624_94852288_frame_2_fft    2    2  0.333333;0.405014             2427.384;375.772             3;2
with_coding_region     5000   NC_072001.2     SCFR_NC_072001_2_7396474_7401691_frame_2_fft      29   3  0.410006;0.181522;0.180564    646.092;615.216;572.431      2;6;6
with_coding_region     5000   NC_071985.2     SCFR_NC_071985_2_12_6813_frame_3_fft              5    3  -0.166593;0.166593;-0.333333  3591.060;3591.060;2336.324   11;58;14
with_coding_region     5000   NC_071985.2     SCFR_NC_071985_2_179101038_179107404_frame_3_fft  12   3  0.471254;0.471568;0.472667    1239.194;1033.415;524.463    2;2;2
with_coding_region     5000   NC_071985.2     SCFR_NC_071985_2_179101472_179107175_frame_1_fft  12   3  0.471331;0.472558;0.338418    1074.573;688.417;481.648     2;2;3
with_coding_region     5000   NC_071985.2     SCFR_NC_071985_2_179101552_179107204_frame_2_fft  15   3  0.471338;0.472576;0.471868    1023.518;712.739;475.016     2;2;2
with_coding_region     5000   NC_071985.2     SCFR_NC_071985_2_191889820_191895118_frame2_fft   1    1  0.333333                      404.947                      3
with_coding_region     5000   NC_071985.2     SCFR_NC_071985_2_194176956_194182452_frame_3_fft  1    1  0.333333                      700.857                      3
with_coding_region     5000   NC_071985.2     SCFR_NC_071985_2_1984085_1991201_frame_1_fft      19   3  0.435919;0.333333;0.256464    2422.596;2223.057;2149.617   2;3;4
with_coding_region     5000   NC_071985.2     SCFR_NC_071985_2_1993427_2000171_frame_1_fft      19   3  0.256376;0.333333;0.076957    2426.946;2098.833;2057.574   4;3;13
with_coding_region     5000   NC_071985.2     SCFR_NC_071985_2_217794517_217802917_frame_2_fft  1    1  0.333333                      1210.407                     3
with_coding_region     5000   NC_071985.2     SCFR_NC_071985_2_224819407_224824630_frame_2_fft  13   3  0.376603;0.376221;0.378135    1149.006;1079.687;839.174    3;3;3
with_coding_region     5000   NC_071985.2     SCFR_NC_071985_2_1_6814_frame2_fft                5    3  -0.166593;0.166593;-0.333333  3591.171;3591.171;2338.319   11;57;14
with_coding_region     5000   NC_071985.2     SCFR_NC_071985_2_233786246_233791553_frame3_fft   4    3  0.166572;0.333333;0.166007    2477.031;1322.238;397.934    6;3;6
with_coding_region     5000   NC_071985.2     SCFR_NC_071985_2_1983993_2005302_frame_3_fft      19   3  0.256417;0.076916;0.333333    7981.157;6718.897;6556.066   4;13;3
with_coding_region     5000   NC_071985.2     SCFR_NC_071985_2_233787562_233794471_frame_2_fft  9    3  0.166739;0.333333;0.167173    4328.899;1353.548;975.246    6;3;6
with_coding_region     5000   NC_071985.2     SCFR_NC_071985_2_224819417_224824607_frame_1_fft  9    3  0.376108;0.378227;0.376686    1505.895;830.272;795.617     3;3;3
with_coding_region     5000   NC_071985.2     SCFR_NC_071985_2_7_6820_frame_2_fft               5    3  -0.166593;0.166593;-0.333333  3598.069;3598.069;2337.645   11;57;14
with_coding_region     5000   NC_071985.2     SCFR_NC_071985_2_98271257_98281220_frame3_fft     35   3  0.333333;0.480177;0.186590    1890.730;988.318;773.882     3;2;5
with_coding_region     5000   NC_071985.2     SCFR_NC_071985_2_48340826_48347126_frame_1_fft    8    3  0.333333;0.092698;0.111111    855.795;493.798;453.409      3;11;9
with_coding_region     5000   NC_071985.2     SCFR_NC_071985_2_98317273_98328352_frame2_fft     71   3  0.333333;0.483527;0.284954    1565.548;1255.538;1052.422   3;2;4
with_coding_region     5000   NC_071985.2     SCFR_NC_071985_2_98385750_98390754_frame1_fft     23   3  0.333333;0.179456;0.282174    1120.717;999.249;864.961     3;6;4
with_coding_region     5000   NC_071985.2     SCFR_NC_071985_2_8_6821_frame3_fft                5    3  -0.166593;0.166593;-0.333333  3598.649;3598.649;2336.507   11;57;14
with_coding_region     5000   NC_071985.2     SCFR_NC_071985_2_98501564_98506592_frame3_fft     1    1  0.333333                      1773.108                     3
with_coding_region     5000   NC_072009.2     SCFR_NC_072009_2_1203_6705_frame_3_fft            3    3  0.166667;0.333333;0.165940    4010.730;1665.247;418.944    6;3;6
with_coding_region     5000   NC_072009.2     SCFR_NC_072009_2_1204_6706_frame2_fft             3    3  0.166667;0.333333;0.165940    4010.229;1666.244;420.482    6;3;6
with_coding_region     5000   NC_072009.2     SCFR_NC_072009_2_1220909_1230281_frame3_fft       18   3  0.499787;0.499253;0.498933    1255.371;775.464;695.420     2;2;2
with_coding_region     5000   NC_072009.2     SCFR_NC_072009_2_1220746_1230262_frame2_fft       21   3  0.499790;0.499264;0.498949    1257.007;907.424;734.206     2;2;2
with_coding_region     5000   NC_072009.2     SCFR_NC_072009_2_1220935_1230211_frame_2_fft      18   3  0.499784;0.495364;0.498814    1250.662;717.107;685.397     2;2;2
with_coding_region     5000   NC_072009.2     SCFR_NC_072009_2_1220955_1230189_frame_3_fft      20   3  0.499783;0.495343;0.499350    1257.859;690.069;689.525     2;2;2
with_coding_region     5000   NC_072009.2     SCFR_NC_072009_2_1221131_1230272_frame_1_fft      20   3  0.499289;0.499727;0.498961    1074.239;807.758;698.608     2;2;2
with_coding_region     5000   NC_072009.2     SCFR_NC_072009_2_1588_7015_frame_2_fft            2    2  0.166575;0.333333             2745.144;1753.273            6;3
with_coding_region     5000   NC_072009.2     SCFR_NC_072009_2_1589_6884_frame3_fft             2    2  0.166761;0.333333             2686.444;1731.148            6;3
with_coding_region     5000   NC_072009.2     SCFR_NC_072009_2_1221090_1230306_frame1_fft       20   3  0.499783;0.498806;0.499349    1227.548;686.797;672.857     2;2;2
with_coding_region     5000   NC_072009.2     SCFR_NC_072009_2_5143581_5150991_frame1_fft       20   3  0.032389;0.483941;0.242240    1147.641;1102.396;802.589    31;2;4
with_coding_region     5000   NC_072009.2     SCFR_NC_072009_2_5142370_5149321_frame2_fft       18   3  0.483959;0.032369;0.483528    1046.241;959.146;704.075     2;31;2
with_coding_region     5000   NC_072009.2     SCFR_NC_072009_2_5147117_5156375_frame3_fft       30   3  0.242061;0.032404;0.483690    1048.298;993.357;933.730     4;31;2
with_coding_region     5000   NC_072009.2     SCFR_NC_072009_2_5156378_5163302_frame3_fft       14   3  0.484258;0.032062;0.241912    1020.910;955.368;879.213     2;31;4
with_coding_region     5000   NC_072009.2     SCFR_NC_072009_2_5212455_5221890_frame1_fft       26   3  0.241971;0.031902;0.484261    1299.737;1099.974;891.933    4;31;2
with_coding_region     5000   NC_072009.2     SCFR_NC_072009_2_5150008_5161756_frame2_fft       28   3  0.483657;0.241828;0.484253    1373.151;1276.994;1206.673   2;4;2
with_coding_region     5000   NC_072009.2     SCFR_NC_072009_2_5214833_5221886_frame3_fft       19   3  0.031901;0.483908;0.242166    1046.735;811.897;786.396     31;2;4
with_coding_region     5000   NC_072009.2     SCFR_NC_072009_2_5151678_5162256_frame1_fft       24   3  0.483645;0.484118;0.032520    1284.675;1082.069;1055.706   2;2;31
with_coding_region     5000   NC_072009.2     SCFR_NC_072009_2_5212468_5221903_frame2_fft       26   3  0.241971;0.031902;0.484261    1298.442;1095.553;897.185    4;31;2
with_coding_region     5000   NC_072009.2     SCFR_NC_072009_2_5518037_5526143_frame_1_fft      21   3  0.241920;0.242290;0.484209    1106.228;975.213;944.337     4;4;2
with_coding_region     5000   NC_072009.2     SCFR_NC_072009_2_5518024_5533807_frame_2_fft      54   3  0.483938;0.242286;0.241906    2015.677;1860.175;1848.236   2;4;4
with_coding_region     5000   NC_072009.2     SCFR_NC_072009_2_5526146_5536157_frame_1_fft      22   3  0.031965;0.242333;0.483868    1299.278;1032.187;989.970    31;4;2
with_coding_region     5000   NC_072009.2     SCFR_NC_072009_2_60725155_60730414_frame_2_fft    22   3  0.412436;0.179122;0.409964    738.873;688.725;655.526      2;6;2
with_coding_region     5000   NC_072009.2     SCFR_NC_072009_2_5518041_5536239_frame_3_fft      55   3  0.031982;0.483954;0.242279    2279.532;1926.779;1753.991   31;2;4
with_coding_region     5000   NC_072009.2     SCFR_NC_072009_2_61581161_61586567_frame3_fft     28   3  0.409915;0.180540;0.175361    738.953;657.206;589.295      2;6;6
with_coding_region     5000   NC_072009.2     SCFR_NC_072009_2_59258432_59264114_frame3_fft     29   3  0.410067;0.174938;0.178986    653.976;616.268;603.768      2;6;6
with_coding_region     5000   NC_072009.2     SCFR_NC_072009_2_61762285_61767319_frame_2_fft    24   3  0.179778;0.181963;0.413389    571.149;562.348;520.026      6;5;2
with_coding_region     5000   NC_072009.2     SCFR_NC_072009_2_61465210_61472278_frame_2_fft    32   3  0.182513;0.175439;0.179117    834.057;794.201;695.564      5;6;6
with_coding_region     5000   NC_072009.2     SCFR_NC_072009_2_61712630_61717664_frame_1_fft    13   3  0.200238;0.400477;0.400079    2422.358;1142.798;954.188    5;2;2
with_coding_region     5000   NC_072009.2     SCFR_NC_072009_2_65178286_65184439_frame2_fft     27   3  0.412644;0.174061;0.173086    707.613;699.114;694.356      2;6;6
with_coding_region     5000   NC_072009.2     SCFR_NC_072009_2_61729960_61735072_frame_2_fft    8    3  0.400039;0.199922;0.199531    2070.467;1894.602;513.479    3;5;5
with_coding_region     5000   NC_072009.2     SCFR_NC_072009_2_66153776_66159785_frame_1_fft    36   3  0.173074;0.176901;0.412381    668.156;634.049;628.928      6;6;2
with_coding_region     5000   NC_072009.2     SCFR_NC_072009_2_62946306_62951316_frame1_fft     21   3  0.182435;0.411776;0.181637    664.715;627.469;616.504      5;2;6
with_coding_region     5000   NC_072009.2     SCFR_NC_072009_2_66206317_66213178_frame_2_fft    34   3  0.173590;0.184375;0.409561    740.614;693.958;641.408      6;5;2
with_coding_region     5000   NC_072009.2     SCFR_NC_072009_2_65713608_65719023_frame1_fft     27   3  0.175439;0.178947;0.171560    586.683;575.223;503.695      6;6;6
with_coding_region     5000   NC_072004.2     SCFR_NC_072004_2_1917_9495_frame_3_fft            7    3  0.166799;0.166535;0.333333    2934.325;2930.313;2523.001   6;6;3
with_coding_region     5000   NC_072004.2     SCFR_NC_072004_2_4039_9502_frame_2_fft            2    2  0.166575;0.333333             2749.595;1818.733            6;3
with_coding_region     5000   NC_072004.2     SCFR_NC_072004_2_18468832_18474505_frame_2_fft    1    1  0.333333                      762.591                      3
with_coding_region     5000   NC_072004.2     SCFR_NC_072004_2_1918_9496_frame2_fft             7    3  0.166799;0.166535;0.333333    2933.208;2932.070;2523.001   6;6;3
with_coding_region     5000   NC_072004.2     SCFR_NC_072004_2_4040_9503_frame3_fft             2    2  0.166575;0.333333             2750.099;1817.500            6;3
with_coding_region     5000   NC_072004.2     SCFR_NC_072004_2_47865957_47875614_frame1_fft     20   3  0.333333;0.024024;0.309309    6966.849;1376.717;1287.726   3;42;3
with_coding_region     5000   NC_072004.2     SCFR_NC_072004_2_47865967_47875672_frame_2_fft    20   3  0.333333;0.024111;0.309222    6968.568;1424.139;1332.370   3;41;3
with_coding_region     5000   NC_072004.2     SCFR_NC_072004_2_68611589_68616653_frame_1_fft    1    1  0.333333                      473.554                      3
with_coding_region     5000   NC_072004.2     SCFR_NC_072004_2_98658784_98664955_frame_2_fft    2    2  0.166748;0.333333             3266.589;1861.515            6;3
with_coding_region     5000   NC_072004.2     SCFR_NC_072004_2_98658785_98664956_frame3_fft     2    2  0.166748;0.333333             3267.158;1862.694            6;3
with_coding_region     5000   NC_072004.2     SCFR_NC_072004_2_98658851_98664626_frame_1_fft    2    2  0.166580;0.333333             2900.921;1924.000            6;3
with_coding_region     5000   NC_072004.2     SCFR_NC_072004_2_47866016_47875673_frame3_fft     20   3  0.333333;0.024024;0.309309    6973.053;1375.257;1291.331   3;42;3
with_coding_region     5000   NC_072004.2     SCFR_NC_072004_2_98658852_98664627_frame1_fft     2    2  0.166753;0.333333             2899.586;1922.000            6;3
with_coding_region     5000   NC_072004.2     SCFR_NC_072004_2_47866010_47875613_frame_1_fft    22   3  0.333333;0.024055;0.309278    6965.014;1537.845;1429.188   3;42;3
with_coding_region     5000   NC_071999.2     SCFR_NC_071999_2_10545434_10551785_frame_1_fft    29   3  0.413793;0.412691;0.172099    820.255;666.637;664.449      2;2;6
with_coding_region     5000   NC_071999.2     SCFR_NC_071999_2_10547200_10553164_frame_2_fft    26   3  0.411804;0.412643;0.176559    610.519;608.593;589.087      2;2;6
with_coding_region     5000   NC_071999.2     SCFR_NC_071999_2_10344667_10350268_frame2_fft     25   3  0.412605;0.175326;0.411712    744.908;699.450;652.024      2;6;2
with_coding_region     5000   NC_071999.2     SCFR_NC_071999_2_11657671_11663296_frame_2_fft    18   3  0.411378;0.176178;0.409956    728.905;727.921;708.725      2;6;2
with_coding_region     5000   NC_071999.2     SCFR_NC_071999_2_11677166_11682986_frame_1_fft    30   3  0.178351;0.412715;0.173540    679.863;667.110;598.438      6;2;6
with_coding_region     5000   NC_071999.2     SCFR_NC_071999_2_11319323_11325440_frame_1_fft    9    3  0.200098;0.400033;0.400523    1872.287;1703.945;922.195    5;3;2
with_coding_region     5000   NC_071999.2     SCFR_NC_071999_2_11752880_11759885_frame_1_fft    35   3  0.176731;0.176160;0.408565    811.010;748.937;710.223      6;6;2
with_coding_region     5000   NC_071999.2     SCFR_NC_071999_2_119668407_119673594_frame_3_fft  5    3  0.333333;0.166570;0.166956    657.773;628.243;505.116      3;6;6
with_coding_region     5000   NC_071999.2     SCFR_NC_071999_2_108928513_108949510_frame_2_fft  1    1  0.333333                      2280.590                     3
with_coding_region     5000   NC_071999.2     SCFR_NC_071999_2_120571836_120579507_frame_3_fft  2    2  0.166732;0.333333             3896.448;2554.139            6;3
with_coding_region     5000   NC_071999.2     SCFR_NC_071999_2_120571837_120579508_frame2_fft   2    2  0.166732;0.333333             3896.936;2555.652            6;3
with_coding_region     5000   NC_071999.2     SCFR_NC_071999_2_120571843_120579484_frame_2_fft  2    2  0.166732;0.333333             3869.227;2559.201            6;3
with_coding_region     5000   NC_071999.2     SCFR_NC_071999_2_120571844_120579485_frame3_fft   2    2  0.166732;0.333333             3871.093;2559.201            6;3
with_coding_region     5000   NC_071999.2     SCFR_NC_071999_2_12512622_12517656_frame1_fft     10   3  0.200437;0.400477;0.400874    1583.163;1165.754;747.861    5;2;2
with_coding_region     5000   NC_071999.2     SCFR_NC_071999_2_12978603_12983652_frame1_fft     23   3  0.183601;0.411369;0.410180    861.755;791.380;693.956      5;2;2
with_coding_region     5000   NC_071999.2     SCFR_NC_071999_2_12985634_12990683_frame3_fft     22   3  0.183601;0.411369;0.410180    860.786;792.771;696.194      5;2;2
with_coding_region     5000   NC_071999.2     SCFR_NC_071999_2_13307948_13313003_frame3_fft     23   3  0.180613;0.178042;0.412463    689.106;503.741;487.990      6;6;2
with_coding_region     5000   NC_071999.2     SCFR_NC_071999_2_12993143_12998456_frame3_fft     24   3  0.411444;0.183700;0.410126    777.159;761.204;671.860      2;5;2
with_coding_region     5000   NC_071999.2     SCFR_NC_071999_2_13311733_13317013_frame2_fft     22   3  0.410606;0.181061;0.182008    890.629;789.176;694.574      2;6;5
with_coding_region     5000   NC_071999.2     SCFR_NC_071999_2_15250425_15255480_frame1_fft     23   3  0.175074;0.172305;0.414243    838.098;773.278;683.541      6;6;2
with_coding_region     5000   NC_071999.2     SCFR_NC_071999_2_16608388_16613719_frame2_fft     23   3  0.412681;0.413806;0.173701    663.015;632.344;621.575      2;2;6
with_coding_region     5000   NC_071999.2     SCFR_NC_071999_2_37257157_37262167_frame2_fft     1    1  0.333333                      783.486                      3
with_coding_region     5000   NC_071999.2     SCFR_NC_071999_2_402_6888_frame1_fft              5    3  -0.166667;0.166667;-0.500000  4820.691;4820.691;2308.000   12;60;20
with_coding_region     5000   NC_071999.2     SCFR_NC_071999_2_4075750_4081504_frame2_fft       26   3  0.410497;0.182656;0.179701    735.215;663.929;631.619      2;5;6
with_coding_region     5000   NC_071999.2     SCFR_NC_071999_2_25335868_25347427_frame_2_fft    1    1  0.333333                      1285.927                     3
with_coding_region     5000   NC_071999.2     SCFR_NC_071999_2_4111468_4118212_frame2_fft       30   3  0.173488;0.412663;0.411180    981.391;834.991;710.492      6;2;2
with_coding_region     5000   NC_071999.2     SCFR_NC_071999_2_43698880_43704208_frame2_fft     1    1  0.333333                      805.979                      3
with_coding_region     5000   NC_071999.2     SCFR_NC_071999_2_4443604_4448659_frame_2_fft      27   3  0.177052;0.182591;0.409298    611.089;587.762;564.308      6;5;2
with_coding_region     5000   NC_071999.2     SCFR_NC_071999_2_459_6954_frame_3_fft             5    3  -0.166590;0.166590;-0.333333  3277.836;3277.836;2184.344   12;60;15
with_coding_region     5000   NC_071999.2     SCFR_NC_071999_2_460_6859_frame2_fft              5    3  -0.166589;0.166589;-0.333333  3239.489;3239.489;2169.588   12;61;15
with_coding_region     5000   NC_071999.2     SCFR_NC_071999_2_473_6128_frame_1_fft             5    3  -0.166578;0.166578;-0.333333  2839.591;2839.591;1883.001   14;70;17
with_coding_region     5000   NC_071999.2     SCFR_NC_071999_2_6537518_6542900_frame3_fft       25   3  0.412486;0.180416;0.183575    641.149;636.757;624.242      2;6;5
with_coding_region     5000   NC_071999.2     SCFR_NC_071999_2_8204830_8209948_frame_2_fft      29   3  0.179172;0.410317;0.177804    636.879;596.378;592.638      6;2;6
with_coding_region     5000   NC_071999.2     SCFR_NC_071999_2_7815948_7821054_frame_3_fft      19   3  0.412848;0.173521;0.174696    836.991;628.318;627.577      2;6;6
with_coding_region     5000   NC_071999.2     SCFR_NC_071999_2_7281155_7287335_frame3_fft       29   3  0.410356;0.180906;0.182848    926.281;767.117;700.404      2;6;5
with_coding_region     5000   NC_071999.2     SCFR_NC_071999_2_8231038_8237893_frame2_fft       35   3  0.181619;0.410212;0.176659    904.667;902.834;901.815      6;2;6
with_coding_region     5000   NC_071999.2     SCFR_NC_071999_2_9365059_9370330_frame_2_fft      29   3  0.183457;0.409979;0.178903    932.104;651.247;536.208      5;2;6
with_coding_region     5000   NC_072008.2     SCFR_NC_072008_2_107221161_107228673_frame1_fft   11   3  0.333333;0.166800;0.166534    1733.414;1199.102;1179.252   3;6;6
with_coding_region     5000   NC_072008.2     SCFR_NC_072008_2_1233243_1240893_frame_2_fft      9    3  0.315817;0.052680;0.421046    2729.976;2633.623;2430.454   3;19;2
with_coding_region     5000   NC_072008.2     SCFR_NC_072008_2_1232885_1240835_frame3_fft       9    3  0.473711;0.105283;0.368428    2637.308;2398.095;2149.376   2;9;3
with_coding_region     5000   NC_072008.2     SCFR_NC_072008_2_1233244_1240831_frame2_fft       9    3  0.315803;0.473705;0.052590    2912.604;2677.844;2347.043   3;2;19
with_coding_region     5000   NC_072008.2     SCFR_NC_072008_2_1235285_1240568_frame_3_fft      9    3  0.052622;0.315730;0.105243    2123.995;1862.995;1804.524   19;3;10
with_coding_region     5000   NC_072008.2     SCFR_NC_072008_2_1233420_1240839_frame1_fft       9    3  0.315811;0.473649;0.105270    2812.660;2530.919;2447.072   3;2;10
with_coding_region     5000   NC_072008.2     SCFR_NC_072008_2_159831677_159838391_frame3_fft   30   3  0.425976;0.148049;0.462913    876.152;841.482;834.537      2;7;2
with_coding_region     5000   NC_072008.2     SCFR_NC_072008_2_1604463_1613178_frame1_fft       46   3  0.333333;0.354676;0.021343    3200.099;2037.837;1438.673   3;3;47
with_coding_region     5000   NC_072008.2     SCFR_NC_072008_2_142431783_142437876_frame1_fft   1    1  0.333333                      1451.177                     3
with_coding_region     5000   NC_072008.2     SCFR_NC_072008_2_1604473_1613047_frame_1_fft      45   3  0.333333;0.354677;0.021344    3189.631;2028.175;1426.908   3;3;47
with_coding_region     5000   NC_072008.2     SCFR_NC_072008_2_159663521_159670703_frame_3_fft  34   3  0.333333;0.148009;0.444444    946.301;913.965;777.328      3;7;2
with_coding_region     5000   NC_072008.2     SCFR_NC_072008_2_162571334_162581726_frame_3_fft  2    2  0.166667;0.333333             8105.382;3396.269            6;3
with_coding_region     5000   NC_072008.2     SCFR_NC_072008_2_162571341_162581601_frame_2_fft  2    2  0.166667;0.333333             8057.684;3418.002            6;3
with_coding_region     5000   NC_072008.2     SCFR_NC_072008_2_162571354_162581602_frame2_fft   2    2  0.166667;0.333333             8064.415;3414.000            6;3
with_coding_region     5000   NC_072008.2     SCFR_NC_072008_2_162571335_162581727_frame1_fft   2    2  0.166667;0.333333             8103.521;3397.759            6;3
with_coding_region     5000   NC_072008.2     SCFR_NC_072008_2_2942985_2948040_frame_2_fft      1    1  0.333333                      523.614                      3
with_coding_region     5000   NC_072008.2     SCFR_NC_072008_2_80654117_80660390_frame_3_fft    3    3  0.333333;0.000478;0.000797    773.152;377.464;356.031      3;2091;1255
with_coding_region     5000   NC_072008.2     SCFR_NC_072008_2_2441_9899_frame3_fft             12   3  0.166667;0.333199;0.166130    4922.262;1279.380;747.692    6;3;6
with_coding_region     5000   NC_072008.2     SCFR_NC_072008_2_2440_9952_frame_1_fft            12   3  0.166667;0.333200;0.166134    4929.047;1285.913;780.872    6;3;6
with_coding_region     5000   NW_026946739.1  SCFR_NW_026946739_1_205354_214798_frame2_fft      39   3  0.037061;0.123465;0.432126    2880.436;2166.931;2027.238   27;8;2
with_coding_region     5000   NW_026946739.1  SCFR_NW_026946739_1_205245_214887_frame_1_fft     40   3  0.037026;0.049367;0.012342    3093.163;2210.227;1977.374   27;20;81
with_coding_region     5000   NW_026946739.1  SCFR_NW_026946739_1_205343_214961_frame3_fft      40   3  0.037014;0.049387;0.432106    2925.605;2295.960;2247.253   27;20;2
with_coding_region     5000   NC_085929.1     SCFR_NC_085929_1_10279874_10285820_frame3_fft     24   3  0.173730;0.413555;0.175580    925.722;841.535;757.044      6;2;6
with_coding_region     5000   NC_085929.1     SCFR_NC_085929_1_11002337_11007839_frame3_fft     24   3  0.176663;0.412759;0.178117    766.019;735.870;665.964      6;2;6
with_coding_region     5000   NC_085929.1     SCFR_NC_085929_1_11045996_11051126_frame3_fft     35   3  0.181481;0.409162;0.175049    700.736;648.727;606.213      6;2;6
with_coding_region     5000   NC_085929.1     SCFR_NC_085929_1_11665648_11670688_frame_3_fft    27   3  0.177778;0.180556;0.176389    681.728;576.753;573.279      6;6;6
with_coding_region     5000   NC_085929.1     SCFR_NC_085929_1_11816118_11822316_frame_1_fft    24   3  0.412714;0.174572;0.173282    950.791;820.472;796.455      2;6;6
with_coding_region     5000   NC_085929.1     SCFR_NC_085929_1_12643810_12649435_frame2_fft     26   3  0.409244;0.409600;0.179733    772.901;753.924;657.239      2;2;6
with_coding_region     5000   NC_085929.1     SCFR_NC_085929_1_11975558_11981480_frame3_fft     27   3  0.173759;0.413543;0.175616    870.501;844.768;814.251      6;2;6
with_coding_region     5000   NC_085929.1     SCFR_NC_085929_1_12795445_12800593_frame2_fft     23   3  0.410645;0.411422;0.177739    704.588;651.697;600.840      2;2;6
with_coding_region     5000   NC_085929.1     SCFR_NC_085929_1_13597724_13602884_frame3_fft     25   3  0.180039;0.177713;0.409109    607.215;542.489;533.548      6;6;2
with_coding_region     5000   NC_085929.1     SCFR_NC_085929_1_15265206_15270726_frame1_fft     25   3  0.178442;0.410870;0.181884    784.460;673.679;625.982      6;2;5
with_coding_region     5000   NC_085929.1     SCFR_NC_085929_1_14065692_14071257_frame_1_fft    21   3  0.413477;0.174483;0.173226    988.370;740.809;680.744      2;6;6
with_coding_region     5000   NC_085929.1     SCFR_NC_085929_1_15972857_15978092_frame_2_fft    25   3  0.175549;0.176122;0.178988    596.974;548.309;512.984      6;6;6
with_coding_region     5000   NC_085929.1     SCFR_NC_085929_1_17213846_17218865_frame_2_fft    16   3  0.413230;0.173740;0.173142    955.117;753.411;692.391      2;6;6
with_coding_region     5000   NC_085929.1     SCFR_NC_085929_1_17815182_17821062_frame_1_fft    10   3  0.200000;0.399660;0.200510    1673.289;1385.005;1168.126   5;3;5
with_coding_region     5000   NC_085929.1     SCFR_NC_085929_1_16449026_16457471_frame3_fft     42   3  0.410184;0.183422;0.180462    975.492;895.623;826.271      2;5;6
with_coding_region     5000   NC_085929.1     SCFR_NC_085929_1_14204287_14209420_frame_3_fft    24   3  0.179817;0.408923;0.412040    740.129;728.800;699.166      6;2;2
with_coding_region     5000   NC_085929.1     SCFR_NC_085929_1_17838201_17843457_frame_1_fft    16   3  0.200152;0.399924;0.400495    1576.921;1232.895;994.384    5;3;2
with_coding_region     5000   NC_085929.1     SCFR_NC_085929_1_1866_7776_frame1_fft             2    2  0.166667;0.333333             4236.491;1369.841            6;3
with_coding_region     5000   NC_085929.1     SCFR_NC_085929_1_1865_7838_frame_2_fft            4    3  0.166750;0.333333;0.166248    3748.707;1372.214;737.666    6;3;6
with_coding_region     5000   NC_085929.1     SCFR_NC_085929_1_24728069_24733886_frame_2_fft    33   3  0.116383;0.332302;0.333333    523.621;517.652;501.941      9;3;3
with_coding_region     5000   NC_085929.1     SCFR_NC_085929_1_24696940_24702757_frame_3_fft    33   3  0.116383;0.332302;0.333333    524.396;512.541;499.432      9;3;3
with_coding_region     5000   NC_085929.1     SCFR_NC_085929_1_26881933_26887087_frame2_fft     1    1  0.333333                      755.232                      3
with_coding_region     5000   NC_085929.1     SCFR_NC_085929_1_38149581_38154873_frame_1_fft    1    1  0.333333                      516.779                      3
with_coding_region     5000   NC_085929.1     SCFR_NC_085929_1_48671671_48677470_frame_3_fft    1    1  0.333333                      657.914                      3
with_coding_region     5000   NC_085929.1     SCFR_NC_085929_1_52786091_52793030_frame_2_fft    2    2  0.000288;0.333333             798.083;753.107              3470;3
with_coding_region     5000   NC_085929.1     SCFR_NC_085929_1_56184694_56194207_frame2_fft     7    3  0.266688;0.133291;0.399979    4019.602;3236.650;3169.508   4;8;3
with_coding_region     5000   NC_085929.1     SCFR_NC_085929_1_56184740_56194298_frame3_fft     7    3  0.266688;0.133291;0.399979    4029.764;3255.908;3174.874   4;8;3
with_coding_region     5000   NC_085929.1     SCFR_NC_085929_1_3882305_3887405_frame_2_fft      24   3  0.411373;0.411961;0.177451    796.183;703.553;681.525      2;2;6
with_coding_region     5000   NC_085929.1     SCFR_NC_085929_1_56184759_56194293_frame_1_fft    7    3  0.133312;0.200021;0.266625    3966.371;3646.348;3274.191   8;5;4
with_coding_region     5000   NC_085929.1     SCFR_NC_085929_1_4794510_4799538_frame1_fft       25   3  0.412689;0.175617;0.411893    573.919;498.490;475.586      2;6;2
with_coding_region     5000   NC_085929.1     SCFR_NC_085929_1_56184782_56194247_frame_2_fft    7    3  0.266667;0.133333;0.200000    4307.163;4226.690;3866.675   4;8;5
with_coding_region     5000   NC_085929.1     SCFR_NC_085929_1_57584801_57593234_frame_2_fft    3    3  0.166726;0.333333;0.166252    5012.383;2146.300;736.423    6;3;6
with_coding_region     5000   NC_085929.1     SCFR_NC_085929_1_57584802_57593235_frame1_fft     3    3  0.166726;0.333333;0.166252    5013.789;2146.955;735.300    6;3;6
with_coding_region     5000   NC_085929.1     SCFR_NC_085929_1_6139276_6144856_frame2_fft       31   3  0.177957;0.176344;0.410573    736.410;625.716;598.249      6;6;2
with_coding_region     5000   NC_085929.1     SCFR_NC_085929_1_57584845_57591874_frame2_fft     2    2  0.166596;0.333333             3529.907;2342.000            6;3
with_coding_region     5000   NC_085929.1     SCFR_NC_085929_1_57584844_57591873_frame_1_fft    2    2  0.166596;0.333333             3531.774;2342.000            6;3
with_coding_region     5000   NC_085929.1     SCFR_NC_085929_1_8763055_8768248_frame_3_fft      12   3  0.200655;0.199884;0.400539    1489.755;1272.988;968.282    5;5;2
with_coding_region     5000   NC_085929.1     SCFR_NC_085929_1_7762991_7768781_frame_2_fft      33   3  0.412953;0.175130;0.411572    712.518;643.057;609.686      2;6;2
with_coding_region     5000   NC_085929.1     SCFR_NC_085929_1_7040506_7045507_frame2_fft       22   3  0.409718;0.181964;0.408518    659.236;529.550;527.412      2;5;2
with_coding_region     5000   NC_071992.2     SCFR_NC_071992_2_156569762_156574766_frame_2_fft  16   3  0.239009;0.128098;0.239808    603.697;415.028;412.983      4;8;4
with_coding_region     5000   NC_071992.2     SCFR_NC_071992_2_156569805_156574827_frame_1_fft  16   3  0.238949;0.241338;0.239745    543.870;445.437;398.834      4;4;4
with_coding_region     5000   NC_071992.2     SCFR_NC_071992_2_11932412_11939156_frame3_fft     6    3  0.333333;0.000741;0.332888    914.196;407.959;399.044      3;1349;3
with_coding_region     5000   NC_071992.2     SCFR_NC_071992_2_156569795_156574901_frame3_fft   16   3  0.239130;0.241285;0.128085    528.849;457.910;389.188      4;4;8
with_coding_region     5000   NC_071992.2     SCFR_NC_071992_2_160359319_160379362_frame_3_fft  76   3  0.333333;0.369306;0.176171    5321.135;1232.836;1224.567   3;3;6
with_coding_region     5000   NC_071992.2     SCFR_NC_071992_2_161620902_161626587_frame1_fft   2    2  0.166579;0.333333             2917.196;1871.284            6;3
with_coding_region     5000   NC_071992.2     SCFR_NC_071992_2_160359343_160372684_frame2_fft   131  3  0.333333;0.176149;0.369313    3928.961;1378.064;1142.311   3;6;3
with_coding_region     5000   NC_071992.2     SCFR_NC_071992_2_160427618_160433855_frame_2_fft  2    2  0.333333;0.140131             1699.060;425.176             3;7
with_coding_region     5000   NC_071992.2     SCFR_NC_071992_2_161620901_161626586_frame_2_fft  2    2  0.166579;0.333333             2919.070;1871.552            6;3
with_coding_region     5000   NC_071992.2     SCFR_NC_071992_2_161620924_161629171_frame_3_fft  11   3  0.166727;0.333333;0.167091    5074.121;1838.538;977.918    6;3;6
with_coding_region     5000   NC_071992.2     SCFR_NC_071992_2_69296579_69302324_frame3_fft     1    1  0.333333                      820.147                      3
with_coding_region     5000   NC_071992.2     SCFR_NC_071992_2_161620925_161629172_frame3_fft   11   3  0.166727;0.333333;0.167091    5075.067;1839.746;978.901    6;3;6
with_coding_region     5000   NC_071992.2     SCFR_NC_071992_2_32685321_32692683_frame_1_fft    1    1  0.333333                      924.682                      3
with_coding_region     5000   NC_071992.2     SCFR_NC_071992_2_7353060_7358964_frame_1_fft      38   3  0.123476;0.222222;0.037093    1500.762;1466.597;1459.703   8;5;27
with_coding_region     5000   NC_071992.2     SCFR_NC_071992_2_7353215_7359062_frame3_fft       38   3  0.123482;0.271592;0.037113    1485.707;1288.870;1278.277   8;4;27
with_coding_region     5000   NC_071992.2     SCFR_NC_071992_2_7352908_7358953_frame_3_fft      38   3  0.037055;0.123408;0.271629    1708.561;1353.296;1246.656   27;8;4
with_coding_region     5000   NC_071992.2     SCFR_NC_071992_2_7940796_7946031_frame_1_fft      38   3  0.037058;0.123400;0.271633    1463.903;1166.698;1068.369   27;8;4
with_coding_region     5000   NC_071992.2     SCFR_NC_071992_2_9188687_9194450_frame_2_fft      39   3  0.012320;0.036960;0.222280    1382.015;1319.057;1274.794   81;27;4
with_coding_region     5000   NC_071992.2     SCFR_NC_071992_2_9188475_9194439_frame_1_fft      39   3  0.037056;0.222166;0.271630    1778.069;1304.639;1284.579   27;5;4
with_coding_region     5000   NC_071992.2     SCFR_NC_071992_2_92062885_92068354_frame2_fft     3    3  0.333333;0.000914;0.334248    615.653;382.014;334.514      3;1094;3
with_coding_region     5000   NC_071992.2     SCFR_NC_071992_2_7941103_7946140_frame2_fft       36   3  0.123486;0.271590;0.037125    1274.083;1103.909;1101.172   8;4;27
with_coding_region     5000   NC_071992.2     SCFR_NC_071992_2_9188782_9194473_frame2_fft       40   3  0.037076;0.049376;0.222281    1704.862;1297.897;1284.080   27;20;4
with_coding_region     5000   NC_071989.2     SCFR_NC_071989_2_120896931_120903513_frame1_fft   1    1  0.333333                      1026.582                     3
with_coding_region     5000   NC_071989.2     SCFR_NC_071989_2_190368545_190373888_frame3_fft   6    3  0.166760;0.333333;0.167322    3596.232;991.050;573.293     6;3;6
with_coding_region     5000   NC_071989.2     SCFR_NC_071989_2_190368544_190373887_frame_2_fft  6    3  0.166760;0.333333;0.167322    3595.093;990.512;571.737     6;3;6
with_coding_region     5000   NC_071989.2     SCFR_NC_071989_2_79661658_79668399_frame1_fft     2    2  0.333333;0.001038             1168.703;382.593             3;963
with_coding_region     5000   NC_071989.2     SCFR_NC_071989_2_87308859_87319392_frame1_fft     1    1  0.333333                      2055.011                     3
with_coding_region     5000   NC_071989.2     SCFR_NC_071989_2_91122637_91128031_frame2_fft     1    1  0.333333                      1062.242                     3
with_coding_region     5000   NC_072000.2     SCFR_NC_072000_2_111727853_111733793_frame_1_fft  19   3  0.153535;0.150842;0.149663    1392.471;1052.888;1013.305   7;7;7
with_coding_region     5000   NC_072000.2     SCFR_NC_072000_2_111727735_111733861_frame_2_fft  21   3  0.150833;0.153281;0.149690    1023.166;1007.099;961.370    7;7;7
with_coding_region     5000   NC_072000.2     SCFR_NC_072000_2_109401410_109406945_frame_1_fft  13   3  0.250226;0.249864;0.250587    1625.987;1269.555;903.187    4;4;4
with_coding_region     5000   NC_072000.2     SCFR_NC_072000_2_111728022_111733854_frame_3_fft  20   3  0.150892;0.153292;0.149691    1161.521;1009.690;941.935    7;7;7
with_coding_region     5000   NC_072000.2     SCFR_NC_072000_2_111734155_111741385_frame_2_fft  2    2  0.166667;0.333333             5672.601;2445.068            6;3
with_coding_region     5000   NC_072000.2     SCFR_NC_072000_2_109452248_109468637_frame_1_fft  101  3  0.333333;0.187870;0.143450    3317.809;1730.801;1721.003   3;5;7
with_coding_region     5000   NC_072000.2     SCFR_NC_072000_2_111734168_111741545_frame_1_fft  2    2  0.166599;0.333333             3785.742;2469.761            6;3
with_coding_region     5000   NC_072000.2     SCFR_NC_072000_2_111734169_111741546_frame1_fft   2    2  0.166599;0.333333             3783.876;2467.764            6;3
with_coding_region     5000   NC_072000.2     SCFR_NC_072000_2_111734162_111741386_frame3_fft   2    2  0.166667;0.333333             5673.487;2448.117            6;3
with_coding_region     5000   NC_072000.2     SCFR_NC_072000_2_11733647_11740856_frame3_fft     36   3  0.183382;0.410182;0.409904    833.979;757.482;727.757      5;2;2
with_coding_region     5000   NC_072000.2     SCFR_NC_072000_2_12263727_12269673_frame1_fft     22   3  0.173730;0.413555;0.175580    926.219;840.945;760.376      6;2;6
with_coding_region     5000   NC_072000.2     SCFR_NC_072000_2_12254204_12259538_frame3_fft     20   3  0.413573;0.173791;0.412636    918.560;723.536;682.501      2;6;2
with_coding_region     5000   NC_072000.2     SCFR_NC_072000_2_13809637_13816186_frame_2_fft    30   3  0.180333;0.408459;0.182318    786.550;673.255;665.871      6;2;5
with_coding_region     5000   NC_072000.2     SCFR_NC_072000_2_12398273_12404771_frame3_fft     10   3  0.200215;0.399969;0.199754    2456.444;2124.907;1756.510   5;3;5
with_coding_region     5000   NC_072000.2     SCFR_NC_072000_2_13876245_13881705_frame_3_fft    27   3  0.181136;0.178755;0.409341    745.976;649.489;618.852      6;6;2
with_coding_region     5000   NC_072000.2     SCFR_NC_072000_2_12610239_12615780_frame_3_fft    27   3  0.408771;0.181917;0.182819    729.517;703.853;685.895      2;5;5
with_coding_region     5000   NC_072000.2     SCFR_NC_072000_2_14842033_14848192_frame2_fft     25   3  0.178925;0.175028;0.175353    972.574;719.135;650.599      6;6;6
with_coding_region     5000   NC_072000.2     SCFR_NC_072000_2_15484494_15491901_frame1_fft     27   3  0.413663;0.175645;0.173485    1144.490;905.482;802.866     2;6;6
with_coding_region     5000   NC_072000.2     SCFR_NC_072000_2_13829779_13839334_frame2_fft     42   3  0.173836;0.182732;0.175720    1134.038;936.075;921.048     6;5;6
with_coding_region     5000   NC_072000.2     SCFR_NC_072000_2_16337461_16343134_frame_2_fft    32   3  0.411951;0.176802;0.170280    740.519;600.091;573.200      2;6;6
with_coding_region     5000   NC_072000.2     SCFR_NC_072000_2_14713130_14718236_frame_1_fft    24   3  0.180572;0.409910;0.178222    716.059;673.540;590.842      6;2;6
with_coding_region     5000   NC_072000.2     SCFR_NC_072000_2_16064318_16069331_frame_1_fft    23   3  0.172950;0.174546;0.413126    897.552;828.509;758.628      6;6;2
with_coding_region     5000   NC_072000.2     SCFR_NC_072000_2_16242972_16247988_frame_3_fft    30   3  0.176037;0.179825;0.411882    582.372;531.735;520.549      6;6;2
with_coding_region     5000   NC_072000.2     SCFR_NC_072000_2_16740522_16745529_frame1_fft     20   3  0.410425;0.178350;0.409826    648.304;619.122;581.400      2;6;2
with_coding_region     5000   NC_072000.2     SCFR_NC_072000_2_16339761_16345482_frame_3_fft    26   3  0.411991;0.174795;0.172522    746.129;626.780;606.215      2;6;6
with_coding_region     5000   NC_072000.2     SCFR_NC_072000_2_16677978_16683048_frame1_fft     18   3  0.177909;0.183235;0.178501    711.874;698.076;679.543      6;5;6
with_coding_region     5000   NC_072000.2     SCFR_NC_072000_2_16760266_16765273_frame2_fft     20   3  0.410425;0.178350;0.409826    648.304;619.122;581.400      2;6;2
with_coding_region     5000   NC_072000.2     SCFR_NC_072000_2_16770143_16775150_frame3_fft     20   3  0.410425;0.178350;0.409826    648.304;619.122;581.400      2;6;2
with_coding_region     5000   NC_072000.2     SCFR_NC_072000_2_16750394_16755401_frame3_fft     20   3  0.410425;0.178350;0.409826    649.128;617.722;581.214      2;6;2
with_coding_region     5000   NC_072000.2     SCFR_NC_072000_2_16789892_16794899_frame3_fft     20   3  0.410425;0.178350;0.409826    648.304;619.122;581.400      2;6;2
with_coding_region     5000   NC_072000.2     SCFR_NC_072000_2_16686777_16692738_frame1_fft     35   3  0.411173;0.409998;0.183358    833.620;741.104;660.012      2;2;5
with_coding_region     5000   NC_072000.2     SCFR_NC_072000_2_16780020_16785027_frame1_fft     20   3  0.410425;0.178350;0.409826    648.304;619.122;581.400      2;6;2
with_coding_region     5000   NC_072000.2     SCFR_NC_072000_2_16978427_16983521_frame3_fft     23   3  0.412446;0.173734;0.174323    745.395;628.049;601.996      2;6;6
with_coding_region     5000   NC_072000.2     SCFR_NC_072000_2_17983509_17989989_frame1_fft     29   3  0.411574;0.179167;0.172840    881.137;797.910;705.879      2;6;6
with_coding_region     5000   NC_072000.2     SCFR_NC_072000_2_2910157_2915269_frame2_fft       31   3  0.174296;0.412167;0.173122    727.699;708.234;503.674      6;2;6
with_coding_region     5000   NC_072000.2     SCFR_NC_072000_2_23655777_23661132_frame_3_fft    17   3  0.444444;0.194398;0.472269    1940.494;1875.737;1740.449   2;5;2
with_coding_region     5000   NC_072000.2     SCFR_NC_072000_2_23655759_23661198_frame1_fft     17   3  0.388858;0.444383;0.472146    1850.487;1605.156;1593.494   3;2;2
with_coding_region     5000   NC_072000.2     SCFR_NC_072000_2_3089032_3095566_frame_2_fft      35   3  0.181512;0.182736;0.180288    813.937;728.344;724.486      6;5;6
with_coding_region     5000   NC_072000.2     SCFR_NC_072000_2_3278411_3283796_frame_1_fft      21   3  0.413928;0.412256;0.171216    672.830;649.443;632.703      2;2;6
with_coding_region     5000   NC_072000.2     SCFR_NC_072000_2_2849861_2855255_frame_1_fft      25   3  0.182610;0.178902;0.411198    765.694;727.023;659.021      5;6;2
with_coding_region     5000   NC_072000.2     SCFR_NC_072000_2_5047_13690_frame_2_fft           2    2  0.166609;0.333333             4343.488;2864.304            6;3
with_coding_region     5000   NC_072000.2     SCFR_NC_072000_2_3560_13805_frame_1_fft           3    3  0.166715;0.333333;0.166325    6030.077;2664.747;871.870    6;3;6
with_coding_region     5000   NC_072000.2     SCFR_NC_072000_2_3555_13788_frame1_fft            3    3  0.166716;0.333333;0.166325    6030.241;2663.739;863.321    6;3;6
with_coding_region     5000   NC_072000.2     SCFR_NC_072000_2_4687712_4693889_frame3_fft       30   3  0.181156;0.178566;0.177109    699.160;638.684;626.669      6;6;6
with_coding_region     5000   NC_072000.2     SCFR_NC_072000_2_6219119_6224975_frame3_fft       32   3  0.409324;0.179303;0.181182    743.601;675.165;671.108      2;6;6
with_coding_region     5000   NC_072000.2     SCFR_NC_072000_2_5048_13862_frame3_fft            2    2  0.166667;0.333333             6750.373;2884.193            6;3
with_coding_region     5000   NC_072000.2     SCFR_NC_072000_2_5869825_5875057_frame_2_fft      30   3  0.180810;0.409021;0.179855    659.802;654.203;623.080      6;2;6
with_coding_region     5000   NC_072000.2     SCFR_NC_072000_2_8384616_8390292_frame1_fft       22   3  0.174771;0.178999;0.413672    632.279;624.455;603.083      6;6;2
with_coding_region     5000   NC_072000.2     SCFR_NC_072000_2_8320559_8326316_frame3_fft       25   3  0.412715;0.177697;0.174744    765.105;643.367;624.068      2;6;6
with_coding_region     5000   NC_072000.2     SCFR_NC_072000_2_8729881_8734882_frame_2_fft      22   3  0.181764;0.408518;0.183763    698.500;665.867;614.544      6;2;5
with_coding_region     5000   NC_072000.2     SCFR_NC_072000_2_8992729_8999047_frame_2_fft      34   3  0.175847;0.175055;0.412947    800.636;717.445;691.929      6;6;2
with_coding_region     5000   NC_072000.2     SCFR_NC_072000_2_8373253_8379973_frame2_fft       32   3  0.411310;0.411607;0.181101    760.567;728.033;697.317      2;2;6
with_coding_region     5000   NC_072000.2     SCFR_NC_072000_2_5301690_5306757_frame1_fft       24   3  0.412868;0.413262;0.173673    914.869;620.806;586.791      2;2;6
with_coding_region     5000   NC_071990.2     SCFR_NC_071990_2_152974031_152979113_frame3_fft   1    1  0.333333                      1052.896                     3
with_coding_region     5000   NC_071990.2     SCFR_NC_071990_2_144317728_144323233_frame_3_fft  1    1  0.333333                      488.256                      3
with_coding_region     5000   NC_071990.2     SCFR_NC_071990_2_12050548_12056593_frame2_fft     1    1  0.333333                      663.307                      3
with_coding_region     5000   NC_071990.2     SCFR_NC_071990_2_172461484_172470706_frame2_fft   16   3  0.393949;0.454565;0.333333    3202.339;3181.738;2499.471   3;2;3
with_coding_region     5000   NC_071990.2     SCFR_NC_071990_2_1986923_1994069_frame_2_fft      51   3  0.323818;0.333333;0.276238    1653.923;1651.754;1624.229   3;3;4
with_coding_region     5000   NC_071990.2     SCFR_NC_071990_2_1986963_1993899_frame1_fft       51   3  0.323818;0.333333;0.276240    1657.879;1646.758;1602.656   3;3;4
with_coding_region     5000   NC_071990.2     SCFR_NC_071990_2_172461487_172470817_frame_3_fft  16   3  0.454555;0.121222;0.212111    3352.575;2627.897;2605.220   2;8;5
with_coding_region     5000   NC_071990.2     SCFR_NC_071990_2_23739917_23746157_frame_2_fft    8    3  0.249840;0.250160;0.249519    1450.407;1331.889;708.895    4;4;4
with_coding_region     5000   NC_071990.2     SCFR_NC_071990_2_23739887_23745878_frame3_fft     5    3  0.249875;0.249541;0.499416    1474.820;784.884;564.153     4;4;2
with_coding_region     5000   NC_071990.2     SCFR_NC_071990_2_23739975_23746149_frame_1_fft    6    3  0.249919;0.499190;0.498866    1388.359;541.920;421.056     4;2;2
with_coding_region     5000   NC_071990.2     SCFR_NC_071990_2_23739922_23746153_frame_3_fft    8    3  0.249880;0.250201;0.249559    1489.944;1167.243;809.217    4;4;4
with_coding_region     5000   NC_071990.2     SCFR_NC_071990_2_23739976_23746015_frame2_fft     6    3  0.249876;0.250207;0.249545    1489.361;1131.513;784.459    4;4;4
with_coding_region     5000   NC_071990.2     SCFR_NC_071990_2_23816269_23827528_frame_3_fft    10   3  0.499689;0.499245;0.429257    1379.099;677.520;551.569     2;2;2
with_coding_region     5000   NC_071990.2     SCFR_NC_071990_2_23816555_23827538_frame_2_fft    9    3  0.499681;0.499226;0.428936    1279.248;683.401;519.007     2;2;2
with_coding_region     5000   NC_071990.2     SCFR_NC_071990_2_23819624_23827529_frame3_fft     1    1  0.499304                      488.990                      2
with_coding_region     5000   NC_071990.2     SCFR_NC_071990_2_23816658_23822241_frame1_fft     6    3  0.428981;0.166577;0.333512    504.208;446.723;445.462      2;6;3
with_coding_region     5000   NC_071990.2     SCFR_NC_071990_2_23816625_23827563_frame_1_fft    9    3  0.499451;0.429238;0.333516    906.257;549.122;460.673      2;2;3
with_coding_region     5000   NC_071990.2     SCFR_NC_071990_2_31001578_31006981_frame2_fft     17   3  0.333333;0.175088;0.016842    1055.240;558.808;536.222     3;6;59
with_coding_region     5000   NC_071990.2     SCFR_NC_071990_2_57185639_57191180_frame_2_fft    1    1  0.333333                      857.463                      3
with_coding_region     5000   NC_071990.2     SCFR_NC_071990_2_46936469_46942571_frame3_fft     1    1  0.333333                      671.485                      3
with_coding_region     5000   NC_071990.2     SCFR_NC_071990_2_23816662_23827555_frame2_fft     9    3  0.499679;0.499220;0.429267    1242.184;666.445;553.713     2;2;2
with_coding_region     5000   NC_071990.2     SCFR_NC_071990_2_87985498_87992674_frame2_fft     1    1  0.333333                      1020.740                     3
with_coding_region     5000   NC_072002.2     SCFR_NC_072002_2_11434464_11440752_frame1_fft     7    3  0.200223;0.399968;0.199746    2380.335;2048.278;1727.429   5;3;5
with_coding_region     5000   NC_072002.2     SCFR_NC_072002_2_11227525_11232715_frame_3_fft    21   3  0.174759;0.180539;0.411946    700.597;640.687;554.023      6;6;2
with_coding_region     5000   NC_072002.2     SCFR_NC_072002_2_12149981_12155729_frame3_fft     25   3  0.173452;0.412317;0.181628    711.265;622.471;591.921      6;2;6
with_coding_region     5000   NC_072002.2     SCFR_NC_072002_2_11165248_11171137_frame_3_fft    25   3  0.412804;0.174563;0.172695    907.362;707.920;694.127      2;6;6
with_coding_region     5000   NC_072002.2     SCFR_NC_072002_2_12162258_12168738_frame1_fft     26   3  0.413426;0.175926;0.173457    680.816;664.510;633.496      2;6;6
with_coding_region     5000   NC_072002.2     SCFR_NC_072002_2_13235851_13241437_frame2_fft     28   3  0.181883;0.181525;0.409595    808.013;723.933;703.872      5;6;2
with_coding_region     5000   NC_072002.2     SCFR_NC_072002_2_5601152_5606399_frame_2_fft      23   3  0.411854;0.176672;0.174385    739.957;707.320;620.805      2;6;6
with_coding_region     5000   NC_072002.2     SCFR_NC_072002_2_13262189_13269656_frame3_fft     37   3  0.175305;0.411142;0.413553    801.693;734.729;696.249      6;2;2
with_coding_region     5000   NC_072002.2     SCFR_NC_072002_2_13487734_13494382_frame_3_fft    16   3  0.200060;0.400572;0.399970    1717.936;1406.523;1356.549   5;2;3
with_coding_region     5000   NC_072002.2     SCFR_NC_072002_2_566_9557_frame3_fft              5    3  -0.166722;0.166722;-0.333333  4663.290;4663.290;2943.051   8;42;10
with_coding_region     5000   NC_072002.2     SCFR_NC_072002_2_565_9451_frame_3_fft             5    3  -0.166667;0.166667;-0.500000  6979.125;6979.125;2938.000   8;42;14
with_coding_region     5000   NC_072002.2     SCFR_NC_072002_2_5767902_5773020_frame1_fft       22   3  0.175459;0.179172;0.412857    728.901;613.485;536.046      6;6;2
with_coding_region     5000   NC_072002.2     SCFR_NC_072002_2_606_9435_frame_1_fft             5    3  -0.166723;0.166723;-0.333333  4558.018;4558.018;2940.002   9;43;11
with_coding_region     5000   NC_072002.2     SCFR_NC_072002_2_6494396_6499670_frame3_fft       32   3  0.179750;0.412780;0.180319    658.077;552.448;531.709      6;2;6
with_coding_region     5000   NC_072002.2     SCFR_NC_072002_2_607_9466_frame2_fft              5    3  -0.166610;0.166610;-0.333333  4572.345;4572.345;2943.258   8;42;11
with_coding_region     5000   NC_072002.2     SCFR_NC_072002_2_9048492_9053685_frame1_fft       16   3  0.175621;0.173503;0.413441    727.178;705.615;702.364      6;6;2
with_coding_region     5000   NC_072002.2     SCFR_NC_072002_2_6745179_6750525_frame_1_fft      23   3  0.408343;0.182566;0.409091    916.717;714.481;695.171      2;5;2
with_coding_region     5000   NC_072002.2     SCFR_NC_072002_2_9194865_9200337_frame_1_fft      31   3  0.174890;0.412463;0.174525    796.944;757.932;648.095      6;2;6
with_coding_region     5000   NC_072002.2     SCFR_NC_072002_2_9226934_9234503_frame_2_fft      40   3  0.183247;0.183512;0.182455    1054.523;832.540;785.334     5;5;5
with_coding_region     5000   NC_072002.2     SCFR_NC_072002_2_6759635_6764750_frame_2_fft      26   3  0.173607;0.411926;0.172630    794.314;630.614;589.953      6;2;6
with_coding_region     5000   NC_072002.2     SCFR_NC_072002_2_95454429_95459604_frame_1_fft    2    2  0.166570;0.333333             2649.579;1678.967            6;3
with_coding_region     5000   NC_072002.2     SCFR_NC_072002_2_7664381_7670933_frame_2_fft      34   3  0.413156;0.174145;0.412546    1041.253;787.109;672.332     2;6;2
with_coding_region     5000   NC_072002.2     SCFR_NC_072002_2_95454604_95459605_frame2_fft     2    2  0.166567;0.333333             2568.450;1674.260            6;3
with_coding_region     5000   NC_072002.2     SCFR_NC_072002_2_95454650_95459708_frame3_fft     2    2  0.166667;0.333333             3923.351;1651.301            6;3
with_coding_region     5000   NC_072002.2     SCFR_NC_072002_2_95454655_95459707_frame_3_fft    2    2  0.166667;0.333333             3920.877;1654.380            6;3
with_coding_region     5000   NC_085928.1     SCFR_NC_085928_1_16400991_16406181_frame1_fft     1    1  0.333333                      955.522                      3
with_coding_region     5000   NC_085928.1     SCFR_NC_085928_1_104794760_104801543_frame_2_fft  3    3  0.333333;0.334070;0.333776    691.819;389.652;387.086      3;3;3
with_coding_region     5000   NC_085928.1     SCFR_NC_085928_1_1071698_1077977_frame_2_fft      1    1  0.333333                      967.978                      3
with_coding_region     5000   NC_085928.1     SCFR_NC_085928_1_115324369_115330021_frame2_fft   1    1  0.333333                      677.420                      3
with_coding_region     5000   NC_085928.1     SCFR_NC_085928_1_209536363_209544817_frame_3_fft  2    2  0.166667;0.333333             6598.999;2763.641            6;3
with_coding_region     5000   NC_085928.1     SCFR_NC_085928_1_209536364_209544818_frame3_fft   2    2  0.166667;0.333333             6600.861;2764.272            6;3
with_coding_region     5000   NC_085928.1     SCFR_NC_085928_1_209536371_209544708_frame1_fft   2    2  0.166607;0.333333             4186.637;2778.000            6;3
with_coding_region     5000   NC_085928.1     SCFR_NC_085928_1_209536370_209544713_frame_2_fft  2    2  0.166727;0.333333             4190.391;2779.001            6;3
with_coding_region     5000   NC_085928.1     SCFR_NC_085928_1_2341_11347_frame_3_fft           3    3  0.166667;0.333333;0.166889    6573.609;2507.180;1006.503   6;3;6
with_coding_region     5000   NC_085928.1     SCFR_NC_085928_1_3339_11409_frame_1_fft           2    2  0.166667;0.333333             6105.122;2669.952            6;3
with_coding_region     5000   NC_085928.1     SCFR_NC_085928_1_24467846_24474329_frame3_fft     1    1  0.333333                      925.204                      3
with_coding_region     5000   NC_085928.1     SCFR_NC_085928_1_3340_11293_frame2_fft            2    2  0.166730;0.333333             4114.595;2676.002            6;3
with_coding_region     5000   NC_085928.1     SCFR_NC_085928_1_2342_11348_frame3_fft            3    3  0.166667;0.333333;0.166889    6571.794;2506.233;1008.442   6;3;6
with_coding_region     5000   NC_071991.2     SCFR_NC_071991_2_10575524_10586687_frame3_fft     19   3  0.333333;0.392188;0.078474    3170.697;813.412;791.217     3;3;13
with_coding_region     5000   NC_071991.2     SCFR_NC_071991_2_10728791_10738901_frame3_fft     74   3  0.333333;0.265480;0.401187    3450.789;1983.627;1859.218   3;4;2
with_coding_region     5000   NC_071991.2     SCFR_NC_071991_2_10680756_10703067_frame1_fft     120  3  0.333333;0.357357;0.024024    4955.732;2742.179;2589.339   3;3;42
with_coding_region     5000   NC_071991.2     SCFR_NC_071991_2_12251345_12263321_frame3_fft     14   3  0.473029;0.477622;0.473697    1048.283;667.244;598.696     2;2;2
with_coding_region     5000   NC_071991.2     SCFR_NC_071991_2_12250926_12259260_frame1_fft     9    3  0.473002;0.477562;0.342933    1008.431;649.945;561.441     2;2;3
with_coding_region     5000   NC_071991.2     SCFR_NC_071991_2_12251383_12263269_frame2_fft     20   3  0.472993;0.477621;0.420579    1037.538;670.622;571.821     2;2;2
with_coding_region     5000   NC_071991.2     SCFR_NC_071991_2_10606161_10650531_frame1_fft     108  3  0.333333;0.019608;0.313725    12585.610;4840.266;4079.075  3;51;3
with_coding_region     5000   NC_071991.2     SCFR_NC_071991_2_129355386_129361059_frame1_fft   0    0
with_coding_region     5000   NC_071991.2     SCFR_NC_071991_2_129355379_129361046_frame3_fft   1    1  0.000706                      295.032                      1417
with_coding_region     5000   NC_071991.2     SCFR_NC_071991_2_129355405_129361036_frame2_fft   0    0
with_coding_region     5000   NC_071991.2     SCFR_NC_071991_2_129355672_129361045_frame_1_fft  0    0
with_coding_region     5000   NC_071991.2     SCFR_NC_071991_2_150416992_150422254_frame2_fft   5    3  0.333333;0.333713;0.428924    3455.015;918.688;412.996     3;3;2
with_coding_region     5000   NC_071991.2     SCFR_NC_071991_2_145886114_145893236_frame_3_fft  16   3  0.231536;0.231115;0.231957    2022.361;1872.715;1314.572   4;4;4
with_coding_region     5000   NC_071991.2     SCFR_NC_071991_2_145885978_145893217_frame_1_fft  21   3  0.231524;0.231109;0.231938    1980.394;1915.148;1433.616   4;4;4
with_coding_region     5000   NC_071991.2     SCFR_NC_071991_2_355448_360470_frame_3_fft        1    1  0.333333                      3758.662                     3
with_coding_region     5000   NC_071991.2     SCFR_NC_071991_2_2019_8154_frame_2_fft            5    3  0.166748;0.333333;0.166259    3950.347;1300.792;840.250    6;3;6
with_coding_region     5000   NC_071991.2     SCFR_NC_071991_2_2020_8155_frame2_fft             5    3  0.166748;0.333333;0.166259    3949.384;1300.005;841.837    6;3;6
with_coding_region     5000   NC_071991.2     SCFR_NC_071991_2_355471_360490_frame_1_fft        1    1  0.333333                      3755.859                     3
with_coding_region     5000   NC_071991.2     SCFR_NC_071991_2_355409_360563_frame3_fft         1    1  0.333333                      3750.221                     3
with_coding_region     5000   NC_071991.2     SCFR_NC_071991_2_6055165_6061726_frame_1_fft      49   3  0.037037;0.049383;0.012346    1786.102;1584.987;1386.296   27;20;81
with_coding_region     5000   NC_071991.2     SCFR_NC_071991_2_39974820_39980640_frame1_fft     26   3  0.333333;0.350000;0.100000    955.904;656.256;654.398      3;3;10
with_coding_region     5000   NC_071991.2     SCFR_NC_071991_2_7473434_7483151_frame_3_fft      39   3  0.037048;0.271586;0.049398    2800.924;2522.681;2090.109   27;4;20
with_coding_region     5000   NC_071991.2     SCFR_NC_071991_2_6058005_6065613_frame_2_fft      49   3  0.037066;0.049422;0.271688    1987.222;1717.344;1688.901   27;20;4
with_coding_region     5000   NC_071991.2     SCFR_NC_071991_2_7473415_7483390_frame2_fft       39   3  0.493835;0.271579;0.036992    2491.553;2403.656;2031.927   2;4;27
with_coding_region     5000   NC_071991.2     SCFR_NC_071991_2_93557911_93563062_frame2_fft     1    1  0.333333                      920.293                      3
with_coding_region     5000   NC_071991.2     SCFR_NC_071991_2_99591134_99596744_frame_3_fft    23   3  0.208378;0.333333;0.479144    2174.418;1490.445;1381.886   5;3;2
with_coding_region     5000   NC_071991.2     SCFR_NC_071991_2_99591235_99596803_frame_1_fft    23   3  0.208333;0.416667;0.333333    2383.260;2004.136;1501.453   5;2;3
with_coding_region     5000   NC_071991.2     SCFR_NC_071991_2_7473435_7483203_frame1_fft       40   3  0.271601;0.037060;0.493857    2671.932;2652.361;2180.888   4;27;2
with_coding_region     5000   NC_071991.2     SCFR_NC_071991_2_99591247_99596788_frame2_fft     23   3  0.208266;0.416712;0.333333    1875.676;1803.703;1500.477   5;2;3
with_coding_region     5000   NW_026946741.1  SCFR_NW_026946741_1_52600_58543_frame_3_fft       38   3  0.037018;0.432105;0.123507    1871.602;1369.480;1163.239   27;2;8
with_coding_region     5000   NW_026946741.1  SCFR_NW_026946741_1_52698_58485_frame1_fft        40   3  0.036979;0.222222;0.049421    1583.522;1318.460;1304.035   27;5;20
with_coding_region     5000   NW_026946741.1  SCFR_NW_026946741_1_59136_67419_frame1_fft        48   3  0.037064;0.049378;0.222142    2268.163;2172.235;1531.840   27;20;5
with_coding_region     5000   NW_026946741.1  SCFR_NW_026946741_1_60815_67508_frame_2_fft       44   3  0.037054;0.222172;0.123413    1987.651;1540.544;1453.819   27;5;8
with_coding_region     5000   NW_026946741.1  SCFR_NW_026946741_1_52709_63428_frame3_fft        40   3  0.037037;0.222222;0.049352    3354.016;2342.087;2325.366   27;5;20
with_coding_region     5000   NC_072007.2     SCFR_NC_072007_2_11659216_11665006_frame_3_fft    31   3  0.412953;0.175130;0.411572    710.014;655.631;619.746      2;6;2
with_coding_region     5000   NC_072007.2     SCFR_NC_072007_2_11699338_11704393_frame_3_fft    24   3  0.181009;0.411078;0.176855    723.480;622.363;587.456      6;2;6
with_coding_region     5000   NC_072007.2     SCFR_NC_072007_2_11013539_11019182_frame3_fft     34   3  0.182704;0.411660;0.182173    712.787;613.878;583.914      5;2;5
with_coding_region     5000   NC_072007.2     SCFR_NC_072007_2_11475070_11482765_frame2_fft     40   3  0.414035;0.172190;0.412346    860.403;782.208;742.354      2;6;2
with_coding_region     5000   NC_072007.2     SCFR_NC_072007_2_14466625_14473183_frame_3_fft    34   3  0.175358;0.184507;0.408814    818.545;774.734;733.509      6;5;2
with_coding_region     5000   NC_072007.2     SCFR_NC_072007_2_43864692_43870614_frame1_fft     4    3  0.333333;0.333671;0.332996    949.401;620.890;580.866      3;3;3
with_coding_region     5000   NC_072007.2     SCFR_NC_072007_2_13582212_13587948_frame1_fft     25   3  0.182357;0.180439;0.411262    770.027;734.722;707.783      5;6;2
with_coding_region     5000   NC_072007.2     SCFR_NC_072007_2_3056943_3063621_frame1_fft       35   3  0.180144;0.411500;0.412249    703.177;639.967;618.574      6;2;2
with_coding_region     5000   NC_072007.2     SCFR_NC_072007_2_53590432_53595976_frame2_fft     18   3  0.444986;0.442641;0.441919    997.798;784.803;710.335      2;2;2
with_coding_region     5000   NC_072007.2     SCFR_NC_072007_2_53590454_53595998_frame3_fft     18   3  0.444986;0.442641;0.441919    997.076;786.681;713.394      2;2;2
with_coding_region     5000   NC_072007.2     SCFR_NC_072007_2_55891459_55897339_frame_3_fft    22   3  0.125000;0.041667;0.333333    1679.771;1676.541;1455.542   8;24;3
with_coding_region     5000   NC_072007.2     SCFR_NC_072007_2_53590422_53595966_frame1_fft     18   3  0.444986;0.442641;0.441919    999.908;784.720;710.525      2;2;2
with_coding_region     5000   NC_072007.2     SCFR_NC_072007_2_57131536_57139204_frame_3_fft    2    2  0.166667;0.333333             5546.192;1852.312            6;3
with_coding_region     5000   NC_072007.2     SCFR_NC_072007_2_57131063_57137675_frame_2_fft    2    2  0.166667;0.333333             5033.770;1981.447            6;3
with_coding_region     5000   NC_072007.2     SCFR_NC_072007_2_57131537_57139205_frame3_fft     2    2  0.166667;0.333333             5544.453;1853.323            6;3
with_coding_region     5000   NC_072007.2     SCFR_NC_072007_2_57131064_57137676_frame1_fft     2    2  0.166667;0.333333             5033.153;1981.070            6;3
with_coding_region     5000   NC_072007.2     SCFR_NC_072007_2_8377363_8385088_frame2_fft       37   3  0.413851;0.172039;0.180324    750.848;739.261;730.836      2;6;6
with_coding_region     5000   NC_072007.2     SCFR_NC_072007_2_6974985_6983718_frame_1_fft      43   3  0.409939;0.180579;0.410512    1486.446;1101.332;1045.842   2;6;2
with_coding_region     5000   NC_072007.2     SCFR_NC_072007_2_6931784_6939200_frame_2_fft      36   3  0.412756;0.413161;0.175431    914.142;836.948;792.787      2;2;6
with_coding_region     5000   NC_072007.2     SCFR_NC_072007_2_6974746_6982837_frame_3_fft      36   3  0.409962;0.180571;0.182301    1611.408;1113.478;935.169    2;6;5
with_coding_region     5000   NC_072007.2     SCFR_NC_072007_2_9642052_9647116_frame2_fft       29   3  0.408965;0.181675;0.180885    629.463;597.190;585.418      2;6;6
with_coding_region     5000   NC_071994.2     SCFR_NC_071994_2_1007730_1012986_frame_1_fft      19   3  0.333333;0.159247;0.492580    1955.298;818.763;657.079     3;6;2
with_coding_region     5000   NC_071994.2     SCFR_NC_071994_2_1006120_1011310_frame_3_fft      18   3  0.333333;0.158960;0.159345    1985.976;815.028;623.834     3;6;6
with_coding_region     5000   NC_071994.2     SCFR_NC_071994_2_1004799_1013100_frame1_fft       24   3  0.333333;0.159258;0.492591    3103.516;1176.538;907.590    3;6;2
with_coding_region     5000   NC_071994.2     SCFR_NC_071994_2_1002610_1013347_frame2_fft       25   3  0.333333;0.159262;0.492596    3626.973;1158.290;895.759    3;6;2
with_coding_region     5000   NC_071994.2     SCFR_NC_071994_2_1166217_1172616_frame1_fft       64   3  0.333333;0.286138;0.230036    1968.105;854.854;846.653     3;3;4
with_coding_region     5000   NC_071994.2     SCFR_NC_071994_2_1166958_1173009_frame_1_fft      67   3  0.333333;0.471988;0.230045    1829.941;854.355;819.651     3;2;4
with_coding_region     5000   NC_071994.2     SCFR_NC_071994_2_1096249_1113430_frame2_fft       58   3  0.333333;0.374833;0.332402    4550.632;2376.305;1813.280   3;3;3
with_coding_region     5000   NC_071994.2     SCFR_NC_071994_2_111622392_111627834_frame_1_fft  1    1  0.333333                      577.877                      3
with_coding_region     5000   NC_071994.2     SCFR_NC_071994_2_49257894_49263489_frame_1_fft    25   3  0.175156;0.412690;0.413405    712.108;636.976;595.102      6;2;2
with_coding_region     5000   NC_071994.2     SCFR_NC_071994_2_53830039_53835769_frame_3_fft    30   3  0.173473;0.182024;0.183072    691.796;622.390;579.899      6;5;5
with_coding_region     5000   NC_071994.2     SCFR_NC_071994_2_12196426_12214498_frame2_fft     63   3  0.333333;0.143260;0.143150    3391.815;1364.504;1262.815   3;7;7
with_coding_region     5000   NC_071994.2     SCFR_NC_071994_2_1161730_1175959_frame2_fft       41   3  0.333333;0.230023;0.401153    3579.659;980.485;974.302     3;4;2
with_coding_region     5000   NC_071994.2     SCFR_NC_071994_2_53873515_53878750_frame_3_fft    26   3  0.411843;0.174403;0.181853    817.352;652.584;622.576      2;6;6
with_coding_region     5000   NC_071994.2     SCFR_NC_071994_2_54083898_54089679_frame_1_fft    26   3  0.179900;0.413596;0.182840    645.281;611.034;603.330      6;2;5
with_coding_region     5000   NC_071994.2     SCFR_NC_071994_2_54106549_54111817_frame_3_fft    28   3  0.181853;0.179575;0.181473    791.038;768.565;661.871      6;6;6
with_coding_region     5000   NC_071994.2     SCFR_NC_071994_2_59508393_59513745_frame1_fft     17   3  0.444507;0.277840;0.083333    2166.494;1287.517;1269.766   2;4;12
with_coding_region     5000   NC_071994.2     SCFR_NC_071994_2_66034913_66040892_frame_2_fft    21   3  0.041646;0.041144;0.475999    735.348;685.997;574.049      24;24;2
with_coding_region     5000   NC_071994.2     SCFR_NC_071994_2_54669327_54674832_frame_1_fft    24   3  0.175658;0.412534;0.173842    832.803;831.437;644.413      6;2;6
with_coding_region     5000   NC_071994.2     SCFR_NC_071994_2_54088714_54094366_frame_3_fft    24   3  0.409059;0.182944;0.409413    1076.818;628.477;563.187     2;5;2
with_coding_region     5000   NC_071994.2     SCFR_NC_071994_2_66035006_66040853_frame3_fft     22   3  0.041389;0.458184;0.458697    645.902;629.861;619.891      24;2;2
with_coding_region     5000   NC_071994.2     SCFR_NC_071994_2_66034881_66040878_frame1_fft     22   3  0.041354;0.041688;0.458896    702.599;617.775;579.062      24;24;2
with_coding_region     5000   NC_071994.2     SCFR_NC_071994_2_66034942_66040774_frame2_fft     20   3  0.499314;0.041667;0.041324    1096.501;694.455;691.957     2;24;24
with_coding_region     5000   NC_071994.2     SCFR_NC_071994_2_914734_929251_frame_3_fft        76   3  0.333333;0.285872;0.361025    3036.243;1192.259;1122.256   3;3;3
with_coding_region     5000   NC_072006.2     SCFR_NC_072006_2_52766027_52771079_frame_3_fft    32   3  0.215162;0.205661;0.214766    575.600;509.812;492.122      5;5;5
with_coding_region     5000   NC_072006.2     SCFR_NC_072006_2_52766071_52771090_frame_1_fft    27   3  0.215182;0.214784;0.219765    556.735;501.836;466.006      5;5;5
with_coding_region     5000   NC_072006.2     SCFR_NC_072006_2_29594922_29601342_frame_2_fft    33   3  0.183801;0.182399;0.184268    791.414;784.186;648.700      5;5;5
with_coding_region     5000   NC_072006.2     SCFR_NC_072006_2_29630880_29636616_frame_2_fft    23   3  0.412308;0.176604;0.172594    794.956;682.950;647.309      2;6;6
with_coding_region     5000   NC_072006.2     SCFR_NC_072006_2_52766094_52771314_frame_2_fft    28   3  0.215134;0.214751;0.219732    566.643;478.505;475.195      5;5;5
with_coding_region     5000   NC_072006.2     SCFR_NC_072006_2_67677885_67683840_frame1_fft     16   3  0.393955;0.272712;0.030227    1896.633;1759.929;1673.371   3;4;33
with_coding_region     5000   NC_072006.2     SCFR_NC_072006_2_68743362_68749476_frame_2_fft    12   3  0.166667;0.333333;0.166994    4216.969;1251.552;1192.332   6;3;6
with_coding_region     5000   NC_072006.2     SCFR_NC_072006_2_67677918_67683882_frame_2_fft    16   3  0.030349;0.121227;0.090879    2143.777;1656.293;1560.186   33;8;11
with_coding_region     5000   NC_072006.2     SCFR_NC_072006_2_68743363_68749477_frame2_fft     12   3  0.166667;0.333333;0.166994    4215.394;1250.501;1194.024   6;3;6
without_coding_region  7500   NC_071995.2     SCFR_NC_071995_2_132269730_132278880_frame1_fft   2    2  0.166667;0.333333             7157.036;2993.573            6;3
without_coding_region  7500   NC_071995.2     SCFR_NC_071995_2_132269656_132278791_frame2_fft   2    2  0.166721;0.333333             4621.496;3018.713            6;3
without_coding_region  7500   NC_071995.2     SCFR_NC_071995_2_132269655_132278790_frame_3_fft  2    2  0.166721;0.333333             4619.633;3019.771            6;3
without_coding_region  7500   NC_071995.2     SCFR_NC_071995_2_132269729_132278879_frame_1_fft  2    2  0.166667;0.333333             7158.899;2992.077            6;3
without_coding_region  7500   NC_072005.2     SCFR_NC_072005_2_8984121_9000780_frame_1_fft      4    3  0.333333;0.003422;0.002281    3330.967;777.611;654.500     3;292;438
without_coding_region  7500   NC_072005.2     SCFR_NC_072005_2_43253085_43276101_frame1_fft     14   3  0.466675;0.333333;0.366658    9942.480;9772.976;7104.087   2;3;3
without_coding_region  7500   NC_072005.2     SCFR_NC_072005_2_9005064_9014835_frame_1_fft      1    1  0.333333                      2024.111                     3
without_coding_region  7500   NC_072005.2     SCFR_NC_072005_2_43253116_43276084_frame2_fft     14   3  0.333333;0.466649;0.433342    9764.884;8093.594;6209.463   3;2;2
without_coding_region  7500   NC_072005.2     SCFR_NC_072005_2_43253046_43276110_frame_1_fft    14   3  0.466658;0.333333;0.366675    9991.810;9772.222;7100.176   2;3;3
without_coding_region  7500   NC_071988.2     SCFR_NC_071988_2_208796733_208804860_frame_2_fft  13   3  0.285714;0.250031;0.142857    2992.666;2971.933;2969.447   4;4;7
without_coding_region  7500   NC_071988.2     SCFR_NC_071988_2_208796752_208804942_frame2_fft   13   3  0.285714;0.142857;0.214286    3020.299;2985.729;2254.215   4;7;5
without_coding_region  7500   NC_071988.2     SCFR_NC_071988_2_208796786_208805003_frame3_fft   13   3  0.249970;0.142875;0.285749    2986.900;2870.718;2709.220   4;7;4
without_coding_region  7500   NC_071988.2     SCFR_NC_071988_2_208796724_208804977_frame1_fft   13   3  0.285714;0.249970;0.142857    3017.801;2992.479;2982.046   4;4;7
without_coding_region  7500   NC_071988.2     SCFR_NC_071988_2_208796827_208805020_frame_1_fft  13   3  0.249969;0.285732;0.107165    2974.707;2950.820;2531.831   4;4;9
without_coding_region  7500   NC_071988.2     SCFR_NC_071988_2_208796834_208804916_frame_3_fft  13   3  0.285697;0.107152;0.214303    2884.809;2675.218;2182.549   4;9;5
without_coding_region  7500   NC_071996.2     SCFR_NC_071996_2_144424175_144432998_frame3_fft   48   3  0.499717;0.416298;0.249915    2136.526;1474.668;1285.736   2;2;4
without_coding_region  7500   NC_071996.2     SCFR_NC_071996_2_144422803_144433750_frame2_fft   47   3  0.499772;0.416370;0.249931    2772.838;1497.549;1282.661   2;2;4
without_coding_region  7500   NC_071996.2     SCFR_NC_071996_2_4856481_4864179_frame1_fft       31   3  0.182645;0.180696;0.410366    933.799;884.743;844.852      5;6;2
without_coding_region  7500   NC_071996.2     SCFR_NC_071996_2_3461129_3470660_frame3_fft       40   3  0.173854;0.413283;0.412444    1113.322;887.405;866.036     6;2;2
without_coding_region  7500   NC_071996.2     SCFR_NC_071996_2_144423375_144433509_frame1_fft   40   3  0.499803;0.416321;0.249951    2448.789;1511.774;1244.143   2;2;4
without_coding_region  7500   NC_072003.2     SCFR_NC_072003_2_6034004_6041567_frame_1_fft      39   3  0.037022;0.432104;0.370356    2340.752;1694.476;1608.075   27;2;3
without_coding_region  7500   NC_072003.2     SCFR_NC_072003_2_688162_697054_frame_2_fft        32   3  0.454566;0.166667;0.227283    2355.352;2085.899;2000.294   2;6;4
without_coding_region  7500   NC_072003.2     SCFR_NC_072003_2_688180_698353_frame2_fft         32   3  0.454537;0.424260;0.227268    2787.517;2297.904;2287.185   2;2;4
without_coding_region  7500   NC_072003.2     SCFR_NC_072003_2_6034113_6045801_frame1_fft       46   3  0.037047;0.123460;0.049367    3731.624;2444.405;2308.246   27;8;20
without_coding_region  7500   NC_072003.2     SCFR_NC_072003_2_688211_697055_frame3_fft         32   3  0.454545;0.181818;0.424242    2485.922;2163.976;2139.139   2;6;2
without_coding_region  7500   NC_072003.2     SCFR_NC_072003_2_688431_698292_frame_3_fft        32   3  0.454518;0.181827;0.075753    2439.211;2362.072;2314.042   2;6;13
without_coding_region  7500   NC_071997.2     SCFR_NC_071997_2_124426569_124437249_frame1_fft   22   3  0.333333;0.493258;0.159925    7918.110;2513.708;1765.245   3;2;6
without_coding_region  7500   NC_071997.2     SCFR_NC_071997_2_124426565_124445297_frame_1_fft  40   3  0.333333;0.493274;0.159940    13887.446;4141.678;2914.733  3;2;6
without_coding_region  7500   NC_071997.2     SCFR_NC_071997_2_124426561_124445485_frame_2_fft  42   3  0.333333;0.493289;0.159956    13892.130;4673.890;3327.201  3;2;6
without_coding_region  7500   NC_071997.2     SCFR_NC_071997_2_124426603_124445278_frame2_fft   38   3  0.333333;0.493280;0.159946    13886.158;4496.872;3175.317  3;2;6
without_coding_region  7500   NC_071997.2     SCFR_NC_071997_2_124437252_124445436_frame1_fft   23   3  0.333333;0.493280;0.159946    5962.917;1731.483;1256.787   3;2;6
without_coding_region  7500   NC_071997.2     SCFR_NC_071997_2_124426586_124445267_frame3_fft   43   3  0.333333;0.493282;0.159949    13893.036;4579.996;3239.143  3;2;6
without_coding_region  7500   NC_071997.2     SCFR_NC_071997_2_130154365_130162543_frame2_fft   32   3  0.189655;0.379310;0.194302    1915.746;1449.871;992.811    5;3;5
without_coding_region  7500   NC_071997.2     SCFR_NC_071997_2_130154386_130162414_frame_2_fft  35   3  0.189586;0.379297;0.194320    2041.289;1467.851;966.565    5;3;5
without_coding_region  7500   NC_071997.2     SCFR_NC_071997_2_130154154_130162965_frame_3_fft  33   3  0.189649;0.379299;0.194303    1962.819;1441.442;1046.724   5;3;5
without_coding_region  7500   NC_071997.2     SCFR_NC_071997_2_130154300_130162421_frame3_fft   35   3  0.189632;0.379264;0.194311    1952.814;1456.531;990.962    5;3;5
without_coding_region  7500   NC_071997.2     SCFR_NC_071997_2_130153950_130162431_frame1_fft   32   3  0.189600;0.379318;0.194317    2026.419;1416.552;1004.407   5;3;5
without_coding_region  7500   NC_071997.2     SCFR_NC_071997_2_130154462_130162439_frame_1_fft  33   3  0.189670;0.379341;0.194309    1883.296;1370.463;1008.497   5;3;5
without_coding_region  7500   NC_071998.2     SCFR_NC_071998_2_129606004_129614722_frame_2_fft  2    2  0.166667;0.333333             6877.525;2937.360            6;3
without_coding_region  7500   NC_071998.2     SCFR_NC_071998_2_129606023_129615071_frame_1_fft  3    3  0.166667;0.333333;0.166446    6792.913;3008.717;527.413    6;3;6
without_coding_region  7500   NC_071998.2     SCFR_NC_071998_2_129606024_129614823_frame1_fft   2    2  0.166610;0.333333             4580.710;2941.373            6;3
without_coding_region  7500   NC_071998.2     SCFR_NC_071998_2_129606005_129614723_frame3_fft   2    2  0.166667;0.333333             6877.880;2938.313            6;3
without_coding_region  7500   NC_071998.2     SCFR_NC_071998_2_5197786_5205484_frame2_fft       41   3  0.412835;0.179137;0.182645    833.440;735.308;666.739      2;6;5
without_coding_region  7500   NC_072001.2     SCFR_NC_072001_2_32349327_32357496_frame_3_fft    21   3  0.059616;0.029747;0.410944    941.436;855.431;816.491      17;34;2
without_coding_region  7500   NC_072001.2     SCFR_NC_072001_2_32344880_32357606_frame_1_fft    25   3  0.059563;0.410970;0.029782    1198.358;872.699;840.057     17;2;34
without_coding_region  7500   NC_072001.2     SCFR_NC_072001_2_32345332_32357440_frame_2_fft    26   3  0.059547;0.410968;0.029815    1226.236;898.660;823.476     17;2;34
without_coding_region  7500   NC_071985.2     SCFR_NC_071985_2_98271257_98281220_frame3_fft     35   3  0.333333;0.480177;0.186590    1890.730;988.318;773.882     3;2;5
without_coding_region  7500   NC_071985.2     SCFR_NC_071985_2_1983993_2005302_frame_3_fft      19   3  0.256417;0.076916;0.333333    7981.157;6718.897;6556.066   4;13;3
without_coding_region  7500   NC_072009.2     SCFR_NC_072009_2_1220955_1230189_frame_3_fft      20   3  0.499783;0.495343;0.499350    1257.859;690.069;689.525     2;2;2
without_coding_region  7500   NC_072009.2     SCFR_NC_072009_2_1220909_1230281_frame3_fft       18   3  0.499787;0.499253;0.498933    1255.371;775.464;695.420     2;2;2
without_coding_region  7500   NC_072009.2     SCFR_NC_072009_2_1220935_1230211_frame_2_fft      18   3  0.499784;0.495364;0.498814    1250.662;717.107;685.397     2;2;2
without_coding_region  7500   NC_072009.2     SCFR_NC_072009_2_1220746_1230262_frame2_fft       21   3  0.499790;0.499264;0.498949    1257.007;907.424;734.206     2;2;2
without_coding_region  7500   NC_072009.2     SCFR_NC_072009_2_1221090_1230306_frame1_fft       20   3  0.499783;0.498806;0.499349    1227.548;686.797;672.857     2;2;2
without_coding_region  7500   NC_072009.2     SCFR_NC_072009_2_1221131_1230272_frame_1_fft      20   3  0.499289;0.499727;0.498961    1074.239;807.758;698.608     2;2;2
without_coding_region  7500   NC_072009.2     SCFR_NC_072009_2_5150008_5161756_frame2_fft       28   3  0.483657;0.241828;0.484253    1373.151;1276.994;1206.673   2;4;2
without_coding_region  7500   NC_072009.2     SCFR_NC_072009_2_5147117_5156375_frame3_fft       30   3  0.242061;0.032404;0.483690    1048.298;993.357;933.730     4;31;2
without_coding_region  7500   NC_072009.2     SCFR_NC_072009_2_5151678_5162256_frame1_fft       24   3  0.483645;0.484118;0.032520    1284.675;1082.069;1055.706   2;2;31
without_coding_region  7500   NC_072009.2     SCFR_NC_072009_2_5212455_5221890_frame1_fft       26   3  0.241971;0.031902;0.484261    1299.737;1099.974;891.933    4;31;2
without_coding_region  7500   NC_072009.2     SCFR_NC_072009_2_5212468_5221903_frame2_fft       26   3  0.241971;0.031902;0.484261    1298.442;1095.553;897.185    4;31;2
without_coding_region  7500   NC_072009.2     SCFR_NC_072009_2_5526146_5536157_frame_1_fft      22   3  0.031965;0.242333;0.483868    1299.278;1032.187;989.970    31;4;2
without_coding_region  7500   NC_072009.2     SCFR_NC_072009_2_5518037_5526143_frame_1_fft      21   3  0.241920;0.242290;0.484209    1106.228;975.213;944.337     4;4;2
without_coding_region  7500   NC_072009.2     SCFR_NC_072009_2_5518041_5536239_frame_3_fft      55   3  0.031982;0.483954;0.242279    2279.532;1926.779;1753.991   31;2;4
without_coding_region  7500   NC_072009.2     SCFR_NC_072009_2_5518024_5533807_frame_2_fft      54   3  0.483938;0.242286;0.241906    2015.677;1860.175;1848.236   2;4;4
without_coding_region  7500   NC_072004.2     SCFR_NC_072004_2_1917_9495_frame_3_fft            7    3  0.166799;0.166535;0.333333    2934.325;2930.313;2523.001   6;6;3
without_coding_region  7500   NC_072004.2     SCFR_NC_072004_2_1918_9496_frame2_fft             7    3  0.166799;0.166535;0.333333    2933.208;2932.070;2523.001   6;6;3
without_coding_region  7500   NC_072004.2     SCFR_NC_072004_2_47865967_47875672_frame_2_fft    20   3  0.333333;0.024111;0.309222    6968.568;1424.139;1332.370   3;41;3
without_coding_region  7500   NC_072004.2     SCFR_NC_072004_2_47865957_47875614_frame1_fft     20   3  0.333333;0.024024;0.309309    6966.849;1376.717;1287.726   3;42;3
without_coding_region  7500   NC_072004.2     SCFR_NC_072004_2_47866010_47875613_frame_1_fft    22   3  0.333333;0.024055;0.309278    6965.014;1537.845;1429.188   3;42;3
without_coding_region  7500   NC_072004.2     SCFR_NC_072004_2_47866016_47875673_frame3_fft     20   3  0.333333;0.024024;0.309309    6973.053;1375.257;1291.331   3;42;3
without_coding_region  7500   NC_071999.2     SCFR_NC_071999_2_120571844_120579485_frame3_fft   2    2  0.166732;0.333333             3871.093;2559.201            6;3
without_coding_region  7500   NC_071999.2     SCFR_NC_071999_2_120571843_120579484_frame_2_fft  2    2  0.166732;0.333333             3869.227;2559.201            6;3
without_coding_region  7500   NC_071999.2     SCFR_NC_071999_2_120571836_120579507_frame_3_fft  2    2  0.166732;0.333333             3896.448;2554.139            6;3
without_coding_region  7500   NC_071999.2     SCFR_NC_071999_2_120571837_120579508_frame2_fft   2    2  0.166732;0.333333             3896.936;2555.652            6;3
without_coding_region  7500   NC_072008.2     SCFR_NC_072008_2_1232885_1240835_frame3_fft       9    3  0.473711;0.105283;0.368428    2637.308;2398.095;2149.376   2;9;3
without_coding_region  7500   NC_072008.2     SCFR_NC_072008_2_1604463_1613178_frame1_fft       46   3  0.333333;0.354676;0.021343    3200.099;2037.837;1438.673   3;3;47
without_coding_region  7500   NC_072008.2     SCFR_NC_072008_2_1233243_1240893_frame_2_fft      9    3  0.315817;0.052680;0.421046    2729.976;2633.623;2430.454   3;19;2
without_coding_region  7500   NC_072008.2     SCFR_NC_072008_2_1233244_1240831_frame2_fft       9    3  0.315803;0.473705;0.052590    2912.604;2677.844;2347.043   3;2;19
without_coding_region  7500   NC_072008.2     SCFR_NC_072008_2_1604473_1613047_frame_1_fft      45   3  0.333333;0.354677;0.021344    3189.631;2028.175;1426.908   3;3;47
without_coding_region  7500   NC_072008.2     SCFR_NC_072008_2_162571334_162581726_frame_3_fft  2    2  0.166667;0.333333             8105.382;3396.269            6;3
without_coding_region  7500   NC_072008.2     SCFR_NC_072008_2_162571354_162581602_frame2_fft   2    2  0.166667;0.333333             8064.415;3414.000            6;3
without_coding_region  7500   NC_072008.2     SCFR_NC_072008_2_162571341_162581601_frame_2_fft  2    2  0.166667;0.333333             8057.684;3418.002            6;3
without_coding_region  7500   NC_072008.2     SCFR_NC_072008_2_2440_9952_frame_1_fft            12   3  0.166667;0.333200;0.166134    4929.047;1285.913;780.872    6;3;6
without_coding_region  7500   NC_072008.2     SCFR_NC_072008_2_162571335_162581727_frame1_fft   2    2  0.166667;0.333333             8103.521;3397.759            6;3
without_coding_region  7500   NW_026946739.1  SCFR_NW_026946739_1_205354_214798_frame2_fft      39   3  0.037061;0.123465;0.432126    2880.436;2166.931;2027.238   27;8;2
without_coding_region  7500   NW_026946739.1  SCFR_NW_026946739_1_205343_214961_frame3_fft      40   3  0.037014;0.049387;0.432106    2925.605;2295.960;2247.253   27;20;2
without_coding_region  7500   NW_026946739.1  SCFR_NW_026946739_1_205245_214887_frame_1_fft     40   3  0.037026;0.049367;0.012342    3093.163;2210.227;1977.374   27;20;81
without_coding_region  7500   NC_085929.1     SCFR_NC_085929_1_16449026_16457471_frame3_fft     42   3  0.410184;0.183422;0.180462    975.492;895.623;826.271      2;5;6
without_coding_region  7500   NC_085929.1     SCFR_NC_085929_1_56184759_56194293_frame_1_fft    7    3  0.133312;0.200021;0.266625    3966.371;3646.348;3274.191   8;5;4
without_coding_region  7500   NC_085929.1     SCFR_NC_085929_1_57584801_57593234_frame_2_fft    3    3  0.166726;0.333333;0.166252    5012.383;2146.300;736.423    6;3;6
without_coding_region  7500   NC_085929.1     SCFR_NC_085929_1_56184694_56194207_frame2_fft     7    3  0.266688;0.133291;0.399979    4019.602;3236.650;3169.508   4;8;3
without_coding_region  7500   NC_085929.1     SCFR_NC_085929_1_56184740_56194298_frame3_fft     7    3  0.266688;0.133291;0.399979    4029.764;3255.908;3174.874   4;8;3
without_coding_region  7500   NC_085929.1     SCFR_NC_085929_1_56184782_56194247_frame_2_fft    7    3  0.266667;0.133333;0.200000    4307.163;4226.690;3866.675   4;8;5
without_coding_region  7500   NC_085929.1     SCFR_NC_085929_1_57584802_57593235_frame1_fft     3    3  0.166726;0.333333;0.166252    5013.789;2146.955;735.300    6;3;6
without_coding_region  7500   NC_071992.2     SCFR_NC_071992_2_161620924_161629171_frame_3_fft  11   3  0.166727;0.333333;0.167091    5074.121;1838.538;977.918    6;3;6
without_coding_region  7500   NC_071992.2     SCFR_NC_071992_2_161620925_161629172_frame3_fft   11   3  0.166727;0.333333;0.167091    5075.067;1839.746;978.901    6;3;6
without_coding_region  7500   NC_072000.2     SCFR_NC_072000_2_5047_13690_frame_2_fft           2    2  0.166609;0.333333             4343.488;2864.304            6;3
without_coding_region  7500   NC_072000.2     SCFR_NC_072000_2_13829779_13839334_frame2_fft     42   3  0.173836;0.182732;0.175720    1134.038;936.075;921.048     6;5;6
without_coding_region  7500   NC_072000.2     SCFR_NC_072000_2_3560_13805_frame_1_fft           3    3  0.166715;0.333333;0.166325    6030.077;2664.747;871.870    6;3;6
without_coding_region  7500   NC_072000.2     SCFR_NC_072000_2_3555_13788_frame1_fft            3    3  0.166716;0.333333;0.166325    6030.241;2663.739;863.321    6;3;6
without_coding_region  7500   NC_072000.2     SCFR_NC_072000_2_5048_13862_frame3_fft            2    2  0.166667;0.333333             6750.373;2884.193            6;3
without_coding_region  7500   NC_071990.2     SCFR_NC_071990_2_172461487_172470817_frame_3_fft  16   3  0.454555;0.121222;0.212111    3352.575;2627.897;2605.220   2;8;5
without_coding_region  7500   NC_071990.2     SCFR_NC_071990_2_172461484_172470706_frame2_fft   16   3  0.393949;0.454565;0.333333    3202.339;3181.738;2499.471   3;2;3
without_coding_region  7500   NC_071990.2     SCFR_NC_071990_2_23816555_23827538_frame_2_fft    9    3  0.499681;0.499226;0.428936    1279.248;683.401;519.007     2;2;2
without_coding_region  7500   NC_071990.2     SCFR_NC_071990_2_23816269_23827528_frame_3_fft    10   3  0.499689;0.499245;0.429257    1379.099;677.520;551.569     2;2;2
without_coding_region  7500   NC_071990.2     SCFR_NC_071990_2_23816625_23827563_frame_1_fft    9    3  0.499451;0.429238;0.333516    906.257;549.122;460.673      2;2;3
without_coding_region  7500   NC_071990.2     SCFR_NC_071990_2_23816662_23827555_frame2_fft     9    3  0.499679;0.499220;0.429267    1242.184;666.445;553.713     2;2;2
without_coding_region  7500   NC_071990.2     SCFR_NC_071990_2_23819624_23827529_frame3_fft     1    1  0.499304                      488.990                      2
without_coding_region  7500   NC_072002.2     SCFR_NC_072002_2_565_9451_frame_3_fft             5    3  -0.166667;0.166667;-0.500000  6979.125;6979.125;2938.000   8;42;14
without_coding_region  7500   NC_072002.2     SCFR_NC_072002_2_606_9435_frame_1_fft             5    3  -0.166723;0.166723;-0.333333  4558.018;4558.018;2940.002   9;43;11
without_coding_region  7500   NC_072002.2     SCFR_NC_072002_2_607_9466_frame2_fft              5    3  -0.166610;0.166610;-0.333333  4572.345;4572.345;2943.258   8;42;11
without_coding_region  7500   NC_072002.2     SCFR_NC_072002_2_566_9557_frame3_fft              5    3  -0.166722;0.166722;-0.333333  4663.290;4663.290;2943.051   8;42;10
without_coding_region  7500   NC_072002.2     SCFR_NC_072002_2_9226934_9234503_frame_2_fft      40   3  0.183247;0.183512;0.182455    1054.523;832.540;785.334     5;5;5
without_coding_region  7500   NC_085928.1     SCFR_NC_085928_1_209536364_209544818_frame3_fft   2    2  0.166667;0.333333             6600.861;2764.272            6;3
without_coding_region  7500   NC_085928.1     SCFR_NC_085928_1_209536363_209544817_frame_3_fft  2    2  0.166667;0.333333             6598.999;2763.641            6;3
without_coding_region  7500   NC_085928.1     SCFR_NC_085928_1_209536371_209544708_frame1_fft   2    2  0.166607;0.333333             4186.637;2778.000            6;3
without_coding_region  7500   NC_085928.1     SCFR_NC_085928_1_209536370_209544713_frame_2_fft  2    2  0.166727;0.333333             4190.391;2779.001            6;3
without_coding_region  7500   NC_085928.1     SCFR_NC_085928_1_2341_11347_frame_3_fft           3    3  0.166667;0.333333;0.166889    6573.609;2507.180;1006.503   6;3;6
without_coding_region  7500   NC_085928.1     SCFR_NC_085928_1_2342_11348_frame3_fft            3    3  0.166667;0.333333;0.166889    6571.794;2506.233;1008.442   6;3;6
without_coding_region  7500   NC_085928.1     SCFR_NC_085928_1_3340_11293_frame2_fft            2    2  0.166730;0.333333             4114.595;2676.002            6;3
without_coding_region  7500   NC_085928.1     SCFR_NC_085928_1_3339_11409_frame_1_fft           2    2  0.166667;0.333333             6105.122;2669.952            6;3
without_coding_region  7500   NC_071991.2     SCFR_NC_071991_2_6058005_6065613_frame_2_fft      49   3  0.037066;0.049422;0.271688    1987.222;1717.344;1688.901   27;20;4
without_coding_region  7500   NC_071991.2     SCFR_NC_071991_2_12250926_12259260_frame1_fft     9    3  0.473002;0.477562;0.342933    1008.431;649.945;561.441     2;2;3
without_coding_region  7500   NC_071991.2     SCFR_NC_071991_2_7473415_7483390_frame2_fft       39   3  0.493835;0.271579;0.036992    2491.553;2403.656;2031.927   2;4;27
without_coding_region  7500   NC_071991.2     SCFR_NC_071991_2_12251383_12263269_frame2_fft     20   3  0.472993;0.477621;0.420579    1037.538;670.622;571.821     2;2;2
without_coding_region  7500   NC_071991.2     SCFR_NC_071991_2_12251345_12263321_frame3_fft     14   3  0.473029;0.477622;0.473697    1048.283;667.244;598.696     2;2;2
without_coding_region  7500   NC_071991.2     SCFR_NC_071991_2_7473434_7483151_frame_3_fft      39   3  0.037048;0.271586;0.049398    2800.924;2522.681;2090.109   27;4;20
without_coding_region  7500   NC_071991.2     SCFR_NC_071991_2_7473435_7483203_frame1_fft       40   3  0.271601;0.037060;0.493857    2671.932;2652.361;2180.888   4;27;2
without_coding_region  7500   NW_026946741.1  SCFR_NW_026946741_1_59136_67419_frame1_fft        48   3  0.037064;0.049378;0.222142    2268.163;2172.235;1531.840   27;20;5
without_coding_region  7500   NW_026946741.1  SCFR_NW_026946741_1_52709_63428_frame3_fft        40   3  0.037037;0.222222;0.049352    3354.016;2342.087;2325.366   27;5;20
without_coding_region  7500   NC_072007.2     SCFR_NC_072007_2_57131536_57139204_frame_3_fft    2    2  0.166667;0.333333             5546.192;1852.312            6;3
without_coding_region  7500   NC_072007.2     SCFR_NC_072007_2_11475070_11482765_frame2_fft     40   3  0.414035;0.172190;0.412346    860.403;782.208;742.354      2;6;2
without_coding_region  7500   NC_072007.2     SCFR_NC_072007_2_57131537_57139205_frame3_fft     2    2  0.166667;0.333333             5544.453;1853.323            6;3
without_coding_region  7500   NC_072007.2     SCFR_NC_072007_2_6974746_6982837_frame_3_fft      36   3  0.409962;0.180571;0.182301    1611.408;1113.478;935.169    2;6;5
without_coding_region  7500   NC_072007.2     SCFR_NC_072007_2_6974985_6983718_frame_1_fft      43   3  0.409939;0.180579;0.410512    1486.446;1101.332;1045.842   2;6;2
without_coding_region  7500   NC_072007.2     SCFR_NC_072007_2_8377363_8385088_frame2_fft       37   3  0.413851;0.172039;0.180324    750.848;739.261;730.836      2;6;6
without_coding_region  7500   NC_071994.2     SCFR_NC_071994_2_1161730_1175959_frame2_fft       41   3  0.333333;0.230023;0.401153    3579.659;980.485;974.302     3;4;2
with_coding_region     7500   NC_071995.2     SCFR_NC_071995_2_132269656_132278791_frame2_fft   2    2  0.166721;0.333333             4621.496;3018.713            6;3
with_coding_region     7500   NC_071995.2     SCFR_NC_071995_2_132269730_132278880_frame1_fft   2    2  0.166667;0.333333             7157.036;2993.573            6;3
with_coding_region     7500   NC_071995.2     SCFR_NC_071995_2_132269729_132278879_frame_1_fft  2    2  0.166667;0.333333             7158.899;2992.077            6;3
with_coding_region     7500   NC_071995.2     SCFR_NC_071995_2_132269655_132278790_frame_3_fft  2    2  0.166721;0.333333             4619.633;3019.771            6;3
with_coding_region     7500   NC_071995.2     SCFR_NC_071995_2_38089258_38100541_frame2_fft     35   3  0.333333;0.033413;0.366746    4346.125;2087.077;2029.880   3;30;3
with_coding_region     7500   NC_072005.2     SCFR_NC_072005_2_18481428_18492363_frame_1_fft    23   3  0.333333;0.205030;0.077000    939.847;861.420;701.539      3;5;13
with_coding_region     7500   NC_072005.2     SCFR_NC_072005_2_43253046_43276110_frame_1_fft    14   3  0.466658;0.333333;0.366675    9991.810;9772.222;7100.176   2;3;3
with_coding_region     7500   NC_072005.2     SCFR_NC_072005_2_8984121_9000780_frame_1_fft      4    3  0.333333;0.003422;0.002281    3330.967;777.611;654.500     3;292;438
with_coding_region     7500   NC_072005.2     SCFR_NC_072005_2_43253085_43276101_frame1_fft     14   3  0.466675;0.333333;0.366658    9942.480;9772.976;7104.087   2;3;3
with_coding_region     7500   NC_072005.2     SCFR_NC_072005_2_9005064_9014835_frame_1_fft      1    1  0.333333                      2024.111                     3
with_coding_region     7500   NC_072005.2     SCFR_NC_072005_2_43253116_43276084_frame2_fft     14   3  0.333333;0.466649;0.433342    9764.884;8093.594;6209.463   3;2;2
with_coding_region     7500   NC_071988.2     SCFR_NC_071988_2_208796786_208805003_frame3_fft   13   3  0.249970;0.142875;0.285749    2986.900;2870.718;2709.220   4;7;4
with_coding_region     7500   NC_071988.2     SCFR_NC_071988_2_208796733_208804860_frame_2_fft  13   3  0.285714;0.250031;0.142857    2992.666;2971.933;2969.447   4;4;7
with_coding_region     7500   NC_071988.2     SCFR_NC_071988_2_208796752_208804942_frame2_fft   13   3  0.285714;0.142857;0.214286    3020.299;2985.729;2254.215   4;7;5
with_coding_region     7500   NC_071988.2     SCFR_NC_071988_2_208796724_208804977_frame1_fft   13   3  0.285714;0.249970;0.142857    3017.801;2992.479;2982.046   4;4;7
with_coding_region     7500   NC_071988.2     SCFR_NC_071988_2_208796827_208805020_frame_1_fft  13   3  0.249969;0.285732;0.107165    2974.707;2950.820;2531.831   4;4;9
with_coding_region     7500   NC_071988.2     SCFR_NC_071988_2_208796834_208804916_frame_3_fft  13   3  0.285697;0.107152;0.214303    2884.809;2675.218;2182.549   4;9;5
with_coding_region     7500   NC_071988.2     SCFR_NC_071988_2_88915822_88924069_frame_1_fft    1    1  0.333333                      5481.391                     3
with_coding_region     7500   NC_071988.2     SCFR_NC_071988_2_88915864_88924225_frame2_fft     3    3  0.333333;0.333573;0.334051    5451.573;428.076;417.364     3;3;3
with_coding_region     7500   NC_071988.2     SCFR_NC_071988_2_88916073_88924263_frame_2_fft    1    1  0.333333                      5481.708                     3
with_coding_region     7500   NC_071988.2     SCFR_NC_071988_2_88915875_88924350_frame1_fft     2    2  0.333333;0.333569             5446.777;511.930             3;3
with_coding_region     7500   NC_071996.2     SCFR_NC_071996_2_144424175_144432998_frame3_fft   48   3  0.499717;0.416298;0.249915    2136.526;1474.668;1285.736   2;2;4
with_coding_region     7500   NC_071996.2     SCFR_NC_071996_2_144422803_144433750_frame2_fft   47   3  0.499772;0.416370;0.249931    2772.838;1497.549;1282.661   2;2;4
with_coding_region     7500   NC_071996.2     SCFR_NC_071996_2_4856481_4864179_frame1_fft       31   3  0.182645;0.180696;0.410366    933.799;884.743;844.852      5;6;2
with_coding_region     7500   NC_071996.2     SCFR_NC_071996_2_144423375_144433509_frame1_fft   40   3  0.499803;0.416321;0.249951    2448.789;1511.774;1244.143   2;2;4
with_coding_region     7500   NC_071996.2     SCFR_NC_071996_2_69778559_69787973_frame3_fft     1    1  0.333333                      1274.790                     3
with_coding_region     7500   NC_071996.2     SCFR_NC_071996_2_3461129_3470660_frame3_fft       40   3  0.173854;0.413283;0.412444    1113.322;887.405;866.036     6;2;2
with_coding_region     7500   NC_071996.2     SCFR_NC_071996_2_88631148_88640598_frame1_fft     2    2  0.333333;0.079894             1153.848;453.171             3;13
with_coding_region     7500   NC_071996.2     SCFR_NC_071996_2_81199781_81217019_frame_1_fft    15   3  0.333333;0.036953;0.309607    2713.768;894.972;858.884     3;27;3
with_coding_region     7500   NC_071996.2     SCFR_NC_071996_2_88620000_88629060_frame1_fft     1    1  0.333333                      1109.316                     3
with_coding_region     7500   NC_072003.2     SCFR_NC_072003_2_688162_697054_frame_2_fft        32   3  0.454566;0.166667;0.227283    2355.352;2085.899;2000.294   2;6;4
with_coding_region     7500   NC_072003.2     SCFR_NC_072003_2_6034004_6041567_frame_1_fft      39   3  0.037022;0.432104;0.370356    2340.752;1694.476;1608.075   27;2;3
with_coding_region     7500   NC_072003.2     SCFR_NC_072003_2_6034113_6045801_frame1_fft       46   3  0.037047;0.123460;0.049367    3731.624;2444.405;2308.246   27;8;20
with_coding_region     7500   NC_072003.2     SCFR_NC_072003_2_688180_698353_frame2_fft         32   3  0.454537;0.424260;0.227268    2787.517;2297.904;2287.185   2;2;4
with_coding_region     7500   NC_072003.2     SCFR_NC_072003_2_688211_697055_frame3_fft         32   3  0.454545;0.181818;0.424242    2485.922;2163.976;2139.139   2;6;2
with_coding_region     7500   NC_072003.2     SCFR_NC_072003_2_87876184_87888148_frame2_fft     1    1  0.333333                      1089.855                     3
with_coding_region     7500   NC_072003.2     SCFR_NC_072003_2_688431_698292_frame_3_fft        32   3  0.454518;0.181827;0.075753    2439.211;2362.072;2314.042   2;6;13
with_coding_region     7500   NC_071997.2     SCFR_NC_071997_2_111771458_111779069_frame3_fft   1    1  0.333333                      909.255                      3
with_coding_region     7500   NC_071997.2     SCFR_NC_071997_2_105215956_105232720_frame_2_fft  27   3  0.333333;0.143283;0.118945    1905.124;1061.733;972.112    3;7;8
with_coding_region     7500   NC_071997.2     SCFR_NC_071997_2_124426569_124437249_frame1_fft   22   3  0.333333;0.493258;0.159925    7918.110;2513.708;1765.245   3;2;6
with_coding_region     7500   NC_071997.2     SCFR_NC_071997_2_124426561_124445485_frame_2_fft  42   3  0.333333;0.493289;0.159956    13892.130;4673.890;3327.201  3;2;6
with_coding_region     7500   NC_071997.2     SCFR_NC_071997_2_124426565_124445297_frame_1_fft  40   3  0.333333;0.493274;0.159940    13887.446;4141.678;2914.733  3;2;6
with_coding_region     7500   NC_071997.2     SCFR_NC_071997_2_124437252_124445436_frame1_fft   23   3  0.333333;0.493280;0.159946    5962.917;1731.483;1256.787   3;2;6
with_coding_region     7500   NC_071997.2     SCFR_NC_071997_2_130153950_130162431_frame1_fft   32   3  0.189600;0.379318;0.194317    2026.419;1416.552;1004.407   5;3;5
with_coding_region     7500   NC_071997.2     SCFR_NC_071997_2_124426586_124445267_frame3_fft   43   3  0.333333;0.493282;0.159949    13893.036;4579.996;3239.143  3;2;6
with_coding_region     7500   NC_071997.2     SCFR_NC_071997_2_124426603_124445278_frame2_fft   38   3  0.333333;0.493280;0.159946    13886.158;4496.872;3175.317  3;2;6
with_coding_region     7500   NC_071997.2     SCFR_NC_071997_2_130154154_130162965_frame_3_fft  33   3  0.189649;0.379299;0.194303    1962.819;1441.442;1046.724   5;3;5
with_coding_region     7500   NC_071997.2     SCFR_NC_071997_2_130154365_130162543_frame2_fft   32   3  0.189655;0.379310;0.194302    1915.746;1449.871;992.811    5;3;5
with_coding_region     7500   NC_071997.2     SCFR_NC_071997_2_130154300_130162421_frame3_fft   35   3  0.189632;0.379264;0.194311    1952.814;1456.531;990.962    5;3;5
with_coding_region     7500   NC_071997.2     SCFR_NC_071997_2_130154462_130162439_frame_1_fft  33   3  0.189670;0.379341;0.194309    1883.296;1370.463;1008.497   5;3;5
with_coding_region     7500   NC_071997.2     SCFR_NC_071997_2_130154386_130162414_frame_2_fft  35   3  0.189586;0.379297;0.194320    2041.289;1467.851;966.565    5;3;5
with_coding_region     7500   NC_071993.2     SCFR_NC_071993_2_84156735_84164622_frame1_fft     1    1  0.333333                      1094.361                     3
with_coding_region     7500   NC_071998.2     SCFR_NC_071998_2_129606023_129615071_frame_1_fft  3    3  0.166667;0.333333;0.166446    6792.913;3008.717;527.413    6;3;6
with_coding_region     7500   NC_071998.2     SCFR_NC_071998_2_129606004_129614722_frame_2_fft  2    2  0.166667;0.333333             6877.525;2937.360            6;3
with_coding_region     7500   NC_071998.2     SCFR_NC_071998_2_129606024_129614823_frame1_fft   2    2  0.166610;0.333333             4580.710;2941.373            6;3
with_coding_region     7500   NC_071998.2     SCFR_NC_071998_2_129606005_129614723_frame3_fft   2    2  0.166667;0.333333             6877.880;2938.313            6;3
with_coding_region     7500   NC_071998.2     SCFR_NC_071998_2_22554155_22562891_frame_1_fft    1    1  0.333333                      1250.814                     3
with_coding_region     7500   NC_071998.2     SCFR_NC_071998_2_5197786_5205484_frame2_fft       41   3  0.412835;0.179137;0.182645    833.440;735.308;666.739      2;6;5
with_coding_region     7500   NC_072001.2     SCFR_NC_072001_2_32349327_32357496_frame_3_fft    21   3  0.059616;0.029747;0.410944    941.436;855.431;816.491      17;34;2
with_coding_region     7500   NC_072001.2     SCFR_NC_072001_2_32344880_32357606_frame_1_fft    25   3  0.059563;0.410970;0.029782    1198.358;872.699;840.057     17;2;34
with_coding_region     7500   NC_072001.2     SCFR_NC_072001_2_45618624_45628863_frame1_fft     1    1  0.333333                      1026.141                     3
with_coding_region     7500   NC_072001.2     SCFR_NC_072001_2_46440679_46449346_frame2_fft     4    3  0.333333;0.000346;0.333564    1150.066;632.777;481.744     3;2889;3
with_coding_region     7500   NC_072001.2     SCFR_NC_072001_2_32345332_32357440_frame_2_fft    26   3  0.059547;0.410968;0.029815    1226.236;898.660;823.476     17;2;34
with_coding_region     7500   NC_071985.2     SCFR_NC_071985_2_217794517_217802917_frame_2_fft  1    1  0.333333                      1210.407                     3
with_coding_region     7500   NC_071985.2     SCFR_NC_071985_2_1983993_2005302_frame_3_fft      19   3  0.256417;0.076916;0.333333    7981.157;6718.897;6556.066   4;13;3
with_coding_region     7500   NC_071985.2     SCFR_NC_071985_2_98271257_98281220_frame3_fft     35   3  0.333333;0.480177;0.186590    1890.730;988.318;773.882     3;2;5
with_coding_region     7500   NC_071985.2     SCFR_NC_071985_2_98317273_98328352_frame2_fft     71   3  0.333333;0.483527;0.284954    1565.548;1255.538;1052.422   3;2;4
with_coding_region     7500   NC_072009.2     SCFR_NC_072009_2_1220909_1230281_frame3_fft       18   3  0.499787;0.499253;0.498933    1255.371;775.464;695.420     2;2;2
with_coding_region     7500   NC_072009.2     SCFR_NC_072009_2_1220955_1230189_frame_3_fft      20   3  0.499783;0.495343;0.499350    1257.859;690.069;689.525     2;2;2
with_coding_region     7500   NC_072009.2     SCFR_NC_072009_2_1220935_1230211_frame_2_fft      18   3  0.499784;0.495364;0.498814    1250.662;717.107;685.397     2;2;2
with_coding_region     7500   NC_072009.2     SCFR_NC_072009_2_1220746_1230262_frame2_fft       21   3  0.499790;0.499264;0.498949    1257.007;907.424;734.206     2;2;2
with_coding_region     7500   NC_072009.2     SCFR_NC_072009_2_1221090_1230306_frame1_fft       20   3  0.499783;0.498806;0.499349    1227.548;686.797;672.857     2;2;2
with_coding_region     7500   NC_072009.2     SCFR_NC_072009_2_1221131_1230272_frame_1_fft      20   3  0.499289;0.499727;0.498961    1074.239;807.758;698.608     2;2;2
with_coding_region     7500   NC_072009.2     SCFR_NC_072009_2_5150008_5161756_frame2_fft       28   3  0.483657;0.241828;0.484253    1373.151;1276.994;1206.673   2;4;2
with_coding_region     7500   NC_072009.2     SCFR_NC_072009_2_5212455_5221890_frame1_fft       26   3  0.241971;0.031902;0.484261    1299.737;1099.974;891.933    4;31;2
with_coding_region     7500   NC_072009.2     SCFR_NC_072009_2_5212468_5221903_frame2_fft       26   3  0.241971;0.031902;0.484261    1298.442;1095.553;897.185    4;31;2
with_coding_region     7500   NC_072009.2     SCFR_NC_072009_2_5151678_5162256_frame1_fft       24   3  0.483645;0.484118;0.032520    1284.675;1082.069;1055.706   2;2;31
with_coding_region     7500   NC_072009.2     SCFR_NC_072009_2_5147117_5156375_frame3_fft       30   3  0.242061;0.032404;0.483690    1048.298;993.357;933.730     4;31;2
with_coding_region     7500   NC_072009.2     SCFR_NC_072009_2_5518024_5533807_frame_2_fft      54   3  0.483938;0.242286;0.241906    2015.677;1860.175;1848.236   2;4;4
with_coding_region     7500   NC_072009.2     SCFR_NC_072009_2_5518037_5526143_frame_1_fft      21   3  0.241920;0.242290;0.484209    1106.228;975.213;944.337     4;4;2
with_coding_region     7500   NC_072009.2     SCFR_NC_072009_2_5526146_5536157_frame_1_fft      22   3  0.031965;0.242333;0.483868    1299.278;1032.187;989.970    31;4;2
with_coding_region     7500   NC_072009.2     SCFR_NC_072009_2_5518041_5536239_frame_3_fft      55   3  0.031982;0.483954;0.242279    2279.532;1926.779;1753.991   31;2;4
with_coding_region     7500   NC_072004.2     SCFR_NC_072004_2_1918_9496_frame2_fft             7    3  0.166799;0.166535;0.333333    2933.208;2932.070;2523.001   6;6;3
with_coding_region     7500   NC_072004.2     SCFR_NC_072004_2_1917_9495_frame_3_fft            7    3  0.166799;0.166535;0.333333    2934.325;2930.313;2523.001   6;6;3
with_coding_region     7500   NC_072004.2     SCFR_NC_072004_2_47865957_47875614_frame1_fft     20   3  0.333333;0.024024;0.309309    6966.849;1376.717;1287.726   3;42;3
with_coding_region     7500   NC_072004.2     SCFR_NC_072004_2_47865967_47875672_frame_2_fft    20   3  0.333333;0.024111;0.309222    6968.568;1424.139;1332.370   3;41;3
with_coding_region     7500   NC_072004.2     SCFR_NC_072004_2_47866010_47875613_frame_1_fft    22   3  0.333333;0.024055;0.309278    6965.014;1537.845;1429.188   3;42;3
with_coding_region     7500   NC_072004.2     SCFR_NC_072004_2_47866016_47875673_frame3_fft     20   3  0.333333;0.024024;0.309309    6973.053;1375.257;1291.331   3;42;3
with_coding_region     7500   NC_071999.2     SCFR_NC_071999_2_120571836_120579507_frame_3_fft  2    2  0.166732;0.333333             3896.448;2554.139            6;3
with_coding_region     7500   NC_071999.2     SCFR_NC_071999_2_120571837_120579508_frame2_fft   2    2  0.166732;0.333333             3896.936;2555.652            6;3
with_coding_region     7500   NC_071999.2     SCFR_NC_071999_2_120571843_120579484_frame_2_fft  2    2  0.166732;0.333333             3869.227;2559.201            6;3
with_coding_region     7500   NC_071999.2     SCFR_NC_071999_2_108928513_108949510_frame_2_fft  1    1  0.333333                      2280.590                     3
with_coding_region     7500   NC_071999.2     SCFR_NC_071999_2_25335868_25347427_frame_2_fft    1    1  0.333333                      1285.927                     3
with_coding_region     7500   NC_071999.2     SCFR_NC_071999_2_120571844_120579485_frame3_fft   2    2  0.166732;0.333333             3871.093;2559.201            6;3
with_coding_region     7500   NC_072008.2     SCFR_NC_072008_2_107221161_107228673_frame1_fft   11   3  0.333333;0.166800;0.166534    1733.414;1199.102;1179.252   3;6;6
with_coding_region     7500   NC_072008.2     SCFR_NC_072008_2_1233243_1240893_frame_2_fft      9    3  0.315817;0.052680;0.421046    2729.976;2633.623;2430.454   3;19;2
with_coding_region     7500   NC_072008.2     SCFR_NC_072008_2_1232885_1240835_frame3_fft       9    3  0.473711;0.105283;0.368428    2637.308;2398.095;2149.376   2;9;3
with_coding_region     7500   NC_072008.2     SCFR_NC_072008_2_1233244_1240831_frame2_fft       9    3  0.315803;0.473705;0.052590    2912.604;2677.844;2347.043   3;2;19
with_coding_region     7500   NC_072008.2     SCFR_NC_072008_2_1604473_1613047_frame_1_fft      45   3  0.333333;0.354677;0.021344    3189.631;2028.175;1426.908   3;3;47
with_coding_region     7500   NC_072008.2     SCFR_NC_072008_2_162571334_162581726_frame_3_fft  2    2  0.166667;0.333333             8105.382;3396.269            6;3
with_coding_region     7500   NC_072008.2     SCFR_NC_072008_2_1604463_1613178_frame1_fft       46   3  0.333333;0.354676;0.021343    3200.099;2037.837;1438.673   3;3;47
with_coding_region     7500   NC_072008.2     SCFR_NC_072008_2_162571341_162581601_frame_2_fft  2    2  0.166667;0.333333             8057.684;3418.002            6;3
with_coding_region     7500   NC_072008.2     SCFR_NC_072008_2_162571335_162581727_frame1_fft   2    2  0.166667;0.333333             8103.521;3397.759            6;3
with_coding_region     7500   NC_072008.2     SCFR_NC_072008_2_162571354_162581602_frame2_fft   2    2  0.166667;0.333333             8064.415;3414.000            6;3
with_coding_region     7500   NC_072008.2     SCFR_NC_072008_2_2440_9952_frame_1_fft            12   3  0.166667;0.333200;0.166134    4929.047;1285.913;780.872    6;3;6
with_coding_region     7500   NW_026946739.1  SCFR_NW_026946739_1_205354_214798_frame2_fft      39   3  0.037061;0.123465;0.432126    2880.436;2166.931;2027.238   27;8;2
with_coding_region     7500   NW_026946739.1  SCFR_NW_026946739_1_205245_214887_frame_1_fft     40   3  0.037026;0.049367;0.012342    3093.163;2210.227;1977.374   27;20;81
with_coding_region     7500   NW_026946739.1  SCFR_NW_026946739_1_205343_214961_frame3_fft      40   3  0.037014;0.049387;0.432106    2925.605;2295.960;2247.253   27;20;2
with_coding_region     7500   NC_085929.1     SCFR_NC_085929_1_16449026_16457471_frame3_fft     42   3  0.410184;0.183422;0.180462    975.492;895.623;826.271      2;5;6
with_coding_region     7500   NC_085929.1     SCFR_NC_085929_1_56184740_56194298_frame3_fft     7    3  0.266688;0.133291;0.399979    4029.764;3255.908;3174.874   4;8;3
with_coding_region     7500   NC_085929.1     SCFR_NC_085929_1_57584801_57593234_frame_2_fft    3    3  0.166726;0.333333;0.166252    5012.383;2146.300;736.423    6;3;6
with_coding_region     7500   NC_085929.1     SCFR_NC_085929_1_56184694_56194207_frame2_fft     7    3  0.266688;0.133291;0.399979    4019.602;3236.650;3169.508   4;8;3
with_coding_region     7500   NC_085929.1     SCFR_NC_085929_1_56184759_56194293_frame_1_fft    7    3  0.133312;0.200021;0.266625    3966.371;3646.348;3274.191   8;5;4
with_coding_region     7500   NC_085929.1     SCFR_NC_085929_1_57584802_57593235_frame1_fft     3    3  0.166726;0.333333;0.166252    5013.789;2146.955;735.300    6;3;6
with_coding_region     7500   NC_085929.1     SCFR_NC_085929_1_56184782_56194247_frame_2_fft    7    3  0.266667;0.133333;0.200000    4307.163;4226.690;3866.675   4;8;5
with_coding_region     7500   NC_071992.2     SCFR_NC_071992_2_161620924_161629171_frame_3_fft  11   3  0.166727;0.333333;0.167091    5074.121;1838.538;977.918    6;3;6
with_coding_region     7500   NC_071992.2     SCFR_NC_071992_2_161620925_161629172_frame3_fft   11   3  0.166727;0.333333;0.167091    5075.067;1839.746;978.901    6;3;6
with_coding_region     7500   NC_071992.2     SCFR_NC_071992_2_160359343_160372684_frame2_fft   131  3  0.333333;0.176149;0.369313    3928.961;1378.064;1142.311   3;6;3
with_coding_region     7500   NC_071992.2     SCFR_NC_071992_2_160359319_160379362_frame_3_fft  76   3  0.333333;0.369306;0.176171    5321.135;1232.836;1224.567   3;3;6
with_coding_region     7500   NC_071989.2     SCFR_NC_071989_2_87308859_87319392_frame1_fft     1    1  0.333333                      2055.011                     3
with_coding_region     7500   NC_072000.2     SCFR_NC_072000_2_13829779_13839334_frame2_fft     42   3  0.173836;0.182732;0.175720    1134.038;936.075;921.048     6;5;6
with_coding_region     7500   NC_072000.2     SCFR_NC_072000_2_3560_13805_frame_1_fft           3    3  0.166715;0.333333;0.166325    6030.077;2664.747;871.870    6;3;6
with_coding_region     7500   NC_072000.2     SCFR_NC_072000_2_3555_13788_frame1_fft            3    3  0.166716;0.333333;0.166325    6030.241;2663.739;863.321    6;3;6
with_coding_region     7500   NC_072000.2     SCFR_NC_072000_2_109452248_109468637_frame_1_fft  101  3  0.333333;0.187870;0.143450    3317.809;1730.801;1721.003   3;5;7
with_coding_region     7500   NC_072000.2     SCFR_NC_072000_2_5048_13862_frame3_fft            2    2  0.166667;0.333333             6750.373;2884.193            6;3
with_coding_region     7500   NC_072000.2     SCFR_NC_072000_2_5047_13690_frame_2_fft           2    2  0.166609;0.333333             4343.488;2864.304            6;3
with_coding_region     7500   NC_071990.2     SCFR_NC_071990_2_172461487_172470817_frame_3_fft  16   3  0.454555;0.121222;0.212111    3352.575;2627.897;2605.220   2;8;5
with_coding_region     7500   NC_071990.2     SCFR_NC_071990_2_172461484_172470706_frame2_fft   16   3  0.393949;0.454565;0.333333    3202.339;3181.738;2499.471   3;2;3
with_coding_region     7500   NC_071990.2     SCFR_NC_071990_2_23816269_23827528_frame_3_fft    10   3  0.499689;0.499245;0.429257    1379.099;677.520;551.569     2;2;2
with_coding_region     7500   NC_071990.2     SCFR_NC_071990_2_23816555_23827538_frame_2_fft    9    3  0.499681;0.499226;0.428936    1279.248;683.401;519.007     2;2;2
with_coding_region     7500   NC_071990.2     SCFR_NC_071990_2_23819624_23827529_frame3_fft     1    1  0.499304                      488.990                      2
with_coding_region     7500   NC_071990.2     SCFR_NC_071990_2_23816625_23827563_frame_1_fft    9    3  0.499451;0.429238;0.333516    906.257;549.122;460.673      2;2;3
with_coding_region     7500   NC_071990.2     SCFR_NC_071990_2_23816662_23827555_frame2_fft     9    3  0.499679;0.499220;0.429267    1242.184;666.445;553.713     2;2;2
with_coding_region     7500   NC_072002.2     SCFR_NC_072002_2_566_9557_frame3_fft              5    3  -0.166722;0.166722;-0.333333  4663.290;4663.290;2943.051   8;42;10
with_coding_region     7500   NC_072002.2     SCFR_NC_072002_2_607_9466_frame2_fft              5    3  -0.166610;0.166610;-0.333333  4572.345;4572.345;2943.258   8;42;11
with_coding_region     7500   NC_072002.2     SCFR_NC_072002_2_606_9435_frame_1_fft             5    3  -0.166723;0.166723;-0.333333  4558.018;4558.018;2940.002   9;43;11
with_coding_region     7500   NC_072002.2     SCFR_NC_072002_2_565_9451_frame_3_fft             5    3  -0.166667;0.166667;-0.500000  6979.125;6979.125;2938.000   8;42;14
with_coding_region     7500   NC_072002.2     SCFR_NC_072002_2_9226934_9234503_frame_2_fft      40   3  0.183247;0.183512;0.182455    1054.523;832.540;785.334     5;5;5
with_coding_region     7500   NC_085928.1     SCFR_NC_085928_1_209536364_209544818_frame3_fft   2    2  0.166667;0.333333             6600.861;2764.272            6;3
with_coding_region     7500   NC_085928.1     SCFR_NC_085928_1_209536371_209544708_frame1_fft   2    2  0.166607;0.333333             4186.637;2778.000            6;3
with_coding_region     7500   NC_085928.1     SCFR_NC_085928_1_209536363_209544817_frame_3_fft  2    2  0.166667;0.333333             6598.999;2763.641            6;3
with_coding_region     7500   NC_085928.1     SCFR_NC_085928_1_209536370_209544713_frame_2_fft  2    2  0.166727;0.333333             4190.391;2779.001            6;3
with_coding_region     7500   NC_085928.1     SCFR_NC_085928_1_2341_11347_frame_3_fft           3    3  0.166667;0.333333;0.166889    6573.609;2507.180;1006.503   6;3;6
with_coding_region     7500   NC_085928.1     SCFR_NC_085928_1_3340_11293_frame2_fft            2    2  0.166730;0.333333             4114.595;2676.002            6;3
with_coding_region     7500   NC_085928.1     SCFR_NC_085928_1_2342_11348_frame3_fft            3    3  0.166667;0.333333;0.166889    6571.794;2506.233;1008.442   6;3;6
with_coding_region     7500   NC_085928.1     SCFR_NC_085928_1_3339_11409_frame_1_fft           2    2  0.166667;0.333333             6105.122;2669.952            6;3
with_coding_region     7500   NC_071991.2     SCFR_NC_071991_2_10728791_10738901_frame3_fft     74   3  0.333333;0.265480;0.401187    3450.789;1983.627;1859.218   3;4;2
with_coding_region     7500   NC_071991.2     SCFR_NC_071991_2_10575524_10586687_frame3_fft     19   3  0.333333;0.392188;0.078474    3170.697;813.412;791.217     3;3;13
with_coding_region     7500   NC_071991.2     SCFR_NC_071991_2_10680756_10703067_frame1_fft     120  3  0.333333;0.357357;0.024024    4955.732;2742.179;2589.339   3;3;42
with_coding_region     7500   NC_071991.2     SCFR_NC_071991_2_12251345_12263321_frame3_fft     14   3  0.473029;0.477622;0.473697    1048.283;667.244;598.696     2;2;2
with_coding_region     7500   NC_071991.2     SCFR_NC_071991_2_12251383_12263269_frame2_fft     20   3  0.472993;0.477621;0.420579    1037.538;670.622;571.821     2;2;2
with_coding_region     7500   NC_071991.2     SCFR_NC_071991_2_10606161_10650531_frame1_fft     108  3  0.333333;0.019608;0.313725    12585.610;4840.266;4079.075  3;51;3
with_coding_region     7500   NC_071991.2     SCFR_NC_071991_2_12250926_12259260_frame1_fft     9    3  0.473002;0.477562;0.342933    1008.431;649.945;561.441     2;2;3
with_coding_region     7500   NC_071991.2     SCFR_NC_071991_2_6058005_6065613_frame_2_fft      49   3  0.037066;0.049422;0.271688    1987.222;1717.344;1688.901   27;20;4
with_coding_region     7500   NC_071991.2     SCFR_NC_071991_2_7473434_7483151_frame_3_fft      39   3  0.037048;0.271586;0.049398    2800.924;2522.681;2090.109   27;4;20
with_coding_region     7500   NC_071991.2     SCFR_NC_071991_2_7473435_7483203_frame1_fft       40   3  0.271601;0.037060;0.493857    2671.932;2652.361;2180.888   4;27;2
with_coding_region     7500   NC_071991.2     SCFR_NC_071991_2_7473415_7483390_frame2_fft       39   3  0.493835;0.271579;0.036992    2491.553;2403.656;2031.927   2;4;27
with_coding_region     7500   NW_026946741.1  SCFR_NW_026946741_1_59136_67419_frame1_fft        48   3  0.037064;0.049378;0.222142    2268.163;2172.235;1531.840   27;20;5
with_coding_region     7500   NW_026946741.1  SCFR_NW_026946741_1_52709_63428_frame3_fft        40   3  0.037037;0.222222;0.049352    3354.016;2342.087;2325.366   27;5;20
with_coding_region     7500   NC_072007.2     SCFR_NC_072007_2_11475070_11482765_frame2_fft     40   3  0.414035;0.172190;0.412346    860.403;782.208;742.354      2;6;2
with_coding_region     7500   NC_072007.2     SCFR_NC_072007_2_57131537_57139205_frame3_fft     2    2  0.166667;0.333333             5544.453;1853.323            6;3
with_coding_region     7500   NC_072007.2     SCFR_NC_072007_2_57131536_57139204_frame_3_fft    2    2  0.166667;0.333333             5546.192;1852.312            6;3
with_coding_region     7500   NC_072007.2     SCFR_NC_072007_2_6974746_6982837_frame_3_fft      36   3  0.409962;0.180571;0.182301    1611.408;1113.478;935.169    2;6;5
with_coding_region     7500   NC_072007.2     SCFR_NC_072007_2_8377363_8385088_frame2_fft       37   3  0.413851;0.172039;0.180324    750.848;739.261;730.836      2;6;6
with_coding_region     7500   NC_072007.2     SCFR_NC_072007_2_6974985_6983718_frame_1_fft      43   3  0.409939;0.180579;0.410512    1486.446;1101.332;1045.842   2;6;2
with_coding_region     7500   NC_071994.2     SCFR_NC_071994_2_1004799_1013100_frame1_fft       24   3  0.333333;0.159258;0.492591    3103.516;1176.538;907.590    3;6;2
with_coding_region     7500   NC_071994.2     SCFR_NC_071994_2_1002610_1013347_frame2_fft       25   3  0.333333;0.159262;0.492596    3626.973;1158.290;895.759    3;6;2
with_coding_region     7500   NC_071994.2     SCFR_NC_071994_2_1161730_1175959_frame2_fft       41   3  0.333333;0.230023;0.401153    3579.659;980.485;974.302     3;4;2
with_coding_region     7500   NC_071994.2     SCFR_NC_071994_2_1096249_1113430_frame2_fft       58   3  0.333333;0.374833;0.332402    4550.632;2376.305;1813.280   3;3;3
with_coding_region     7500   NC_071994.2     SCFR_NC_071994_2_914734_929251_frame_3_fft        76   3  0.333333;0.285872;0.361025    3036.243;1192.259;1122.256   3;3;3
with_coding_region     7500   NC_071994.2     SCFR_NC_071994_2_12196426_12214498_frame2_fft     63   3  0.333333;0.143260;0.143150    3391.815;1364.504;1262.815   3;7;7
without_coding_region  10000  NC_072005.2     SCFR_NC_072005_2_8984121_9000780_frame_1_fft      4    3  0.333333;0.003422;0.002281    3330.967;777.611;654.500     3;292;438
without_coding_region  10000  NC_072005.2     SCFR_NC_072005_2_43253046_43276110_frame_1_fft    14   3  0.466658;0.333333;0.366675    9991.810;9772.222;7100.176   2;3;3
without_coding_region  10000  NC_072005.2     SCFR_NC_072005_2_43253085_43276101_frame1_fft     14   3  0.466675;0.333333;0.366658    9942.480;9772.976;7104.087   2;3;3
without_coding_region  10000  NC_072005.2     SCFR_NC_072005_2_43253116_43276084_frame2_fft     14   3  0.333333;0.466649;0.433342    9764.884;8093.594;6209.463   3;2;2
without_coding_region  10000  NC_071996.2     SCFR_NC_071996_2_144422803_144433750_frame2_fft   47   3  0.499772;0.416370;0.249931    2772.838;1497.549;1282.661   2;2;4
without_coding_region  10000  NC_071996.2     SCFR_NC_071996_2_144423375_144433509_frame1_fft   40   3  0.499803;0.416321;0.249951    2448.789;1511.774;1244.143   2;2;4
without_coding_region  10000  NC_072003.2     SCFR_NC_072003_2_688180_698353_frame2_fft         32   3  0.454537;0.424260;0.227268    2787.517;2297.904;2287.185   2;2;4
without_coding_region  10000  NC_072003.2     SCFR_NC_072003_2_6034113_6045801_frame1_fft       46   3  0.037047;0.123460;0.049367    3731.624;2444.405;2308.246   27;8;20
without_coding_region  10000  NC_071997.2     SCFR_NC_071997_2_124426561_124445485_frame_2_fft  42   3  0.333333;0.493289;0.159956    13892.130;4673.890;3327.201  3;2;6
without_coding_region  10000  NC_071997.2     SCFR_NC_071997_2_124426569_124437249_frame1_fft   22   3  0.333333;0.493258;0.159925    7918.110;2513.708;1765.245   3;2;6
without_coding_region  10000  NC_071997.2     SCFR_NC_071997_2_124426586_124445267_frame3_fft   43   3  0.333333;0.493282;0.159949    13893.036;4579.996;3239.143  3;2;6
without_coding_region  10000  NC_071997.2     SCFR_NC_071997_2_124426565_124445297_frame_1_fft  40   3  0.333333;0.493274;0.159940    13887.446;4141.678;2914.733  3;2;6
without_coding_region  10000  NC_071997.2     SCFR_NC_071997_2_124426603_124445278_frame2_fft   38   3  0.333333;0.493280;0.159946    13886.158;4496.872;3175.317  3;2;6
without_coding_region  10000  NC_072001.2     SCFR_NC_072001_2_32345332_32357440_frame_2_fft    26   3  0.059547;0.410968;0.029815    1226.236;898.660;823.476     17;2;34
without_coding_region  10000  NC_072001.2     SCFR_NC_072001_2_32344880_32357606_frame_1_fft    25   3  0.059563;0.410970;0.029782    1198.358;872.699;840.057     17;2;34
without_coding_region  10000  NC_071985.2     SCFR_NC_071985_2_1983993_2005302_frame_3_fft      19   3  0.256417;0.076916;0.333333    7981.157;6718.897;6556.066   4;13;3
without_coding_region  10000  NC_072009.2     SCFR_NC_072009_2_5518041_5536239_frame_3_fft      55   3  0.031982;0.483954;0.242279    2279.532;1926.779;1753.991   31;2;4
without_coding_region  10000  NC_072009.2     SCFR_NC_072009_2_5151678_5162256_frame1_fft       24   3  0.483645;0.484118;0.032520    1284.675;1082.069;1055.706   2;2;31
without_coding_region  10000  NC_072009.2     SCFR_NC_072009_2_5518024_5533807_frame_2_fft      54   3  0.483938;0.242286;0.241906    2015.677;1860.175;1848.236   2;4;4
without_coding_region  10000  NC_072009.2     SCFR_NC_072009_2_5150008_5161756_frame2_fft       28   3  0.483657;0.241828;0.484253    1373.151;1276.994;1206.673   2;4;2
without_coding_region  10000  NC_072009.2     SCFR_NC_072009_2_5526146_5536157_frame_1_fft      22   3  0.031965;0.242333;0.483868    1299.278;1032.187;989.970    31;4;2
without_coding_region  10000  NC_072008.2     SCFR_NC_072008_2_162571354_162581602_frame2_fft   2    2  0.166667;0.333333             8064.415;3414.000            6;3
without_coding_region  10000  NC_072008.2     SCFR_NC_072008_2_162571335_162581727_frame1_fft   2    2  0.166667;0.333333             8103.521;3397.759            6;3
without_coding_region  10000  NC_072008.2     SCFR_NC_072008_2_162571341_162581601_frame_2_fft  2    2  0.166667;0.333333             8057.684;3418.002            6;3
without_coding_region  10000  NC_072008.2     SCFR_NC_072008_2_162571334_162581726_frame_3_fft  2    2  0.166667;0.333333             8105.382;3396.269            6;3
without_coding_region  10000  NC_072000.2     SCFR_NC_072000_2_3560_13805_frame_1_fft           3    3  0.166715;0.333333;0.166325    6030.077;2664.747;871.870    6;3;6
without_coding_region  10000  NC_072000.2     SCFR_NC_072000_2_3555_13788_frame1_fft            3    3  0.166716;0.333333;0.166325    6030.241;2663.739;863.321    6;3;6
without_coding_region  10000  NC_071990.2     SCFR_NC_071990_2_23816625_23827563_frame_1_fft    9    3  0.499451;0.429238;0.333516    906.257;549.122;460.673      2;2;3
without_coding_region  10000  NC_071990.2     SCFR_NC_071990_2_23816662_23827555_frame2_fft     9    3  0.499679;0.499220;0.429267    1242.184;666.445;553.713     2;2;2
without_coding_region  10000  NC_071990.2     SCFR_NC_071990_2_23816269_23827528_frame_3_fft    10   3  0.499689;0.499245;0.429257    1379.099;677.520;551.569     2;2;2
without_coding_region  10000  NC_071990.2     SCFR_NC_071990_2_23816555_23827538_frame_2_fft    9    3  0.499681;0.499226;0.428936    1279.248;683.401;519.007     2;2;2
without_coding_region  10000  NC_071991.2     SCFR_NC_071991_2_12251383_12263269_frame2_fft     20   3  0.472993;0.477621;0.420579    1037.538;670.622;571.821     2;2;2
without_coding_region  10000  NC_071991.2     SCFR_NC_071991_2_12251345_12263321_frame3_fft     14   3  0.473029;0.477622;0.473697    1048.283;667.244;598.696     2;2;2
without_coding_region  10000  NW_026946741.1  SCFR_NW_026946741_1_52709_63428_frame3_fft        40   3  0.037037;0.222222;0.049352    3354.016;2342.087;2325.366   27;5;20
without_coding_region  10000  NC_071994.2     SCFR_NC_071994_2_1161730_1175959_frame2_fft       41   3  0.333333;0.230023;0.401153    3579.659;980.485;974.302     3;4;2
with_coding_region     10000  NC_071995.2     SCFR_NC_071995_2_38089258_38100541_frame2_fft     35   3  0.333333;0.033413;0.366746    4346.125;2087.077;2029.880   3;30;3
with_coding_region     10000  NC_072005.2     SCFR_NC_072005_2_43253116_43276084_frame2_fft     14   3  0.333333;0.466649;0.433342    9764.884;8093.594;6209.463   3;2;2
with_coding_region     10000  NC_072005.2     SCFR_NC_072005_2_18481428_18492363_frame_1_fft    23   3  0.333333;0.205030;0.077000    939.847;861.420;701.539      3;5;13
with_coding_region     10000  NC_072005.2     SCFR_NC_072005_2_43253046_43276110_frame_1_fft    14   3  0.466658;0.333333;0.366675    9991.810;9772.222;7100.176   2;3;3
with_coding_region     10000  NC_072005.2     SCFR_NC_072005_2_43253085_43276101_frame1_fft     14   3  0.466675;0.333333;0.366658    9942.480;9772.976;7104.087   2;3;3
with_coding_region     10000  NC_072005.2     SCFR_NC_072005_2_8984121_9000780_frame_1_fft      4    3  0.333333;0.003422;0.002281    3330.967;777.611;654.500     3;292;438
with_coding_region     10000  NC_071996.2     SCFR_NC_071996_2_144422803_144433750_frame2_fft   47   3  0.499772;0.416370;0.249931    2772.838;1497.549;1282.661   2;2;4
with_coding_region     10000  NC_071996.2     SCFR_NC_071996_2_144423375_144433509_frame1_fft   40   3  0.499803;0.416321;0.249951    2448.789;1511.774;1244.143   2;2;4
with_coding_region     10000  NC_071996.2     SCFR_NC_071996_2_81199781_81217019_frame_1_fft    15   3  0.333333;0.036953;0.309607    2713.768;894.972;858.884     3;27;3
with_coding_region     10000  NC_072003.2     SCFR_NC_072003_2_6034113_6045801_frame1_fft       46   3  0.037047;0.123460;0.049367    3731.624;2444.405;2308.246   27;8;20
with_coding_region     10000  NC_072003.2     SCFR_NC_072003_2_87876184_87888148_frame2_fft     1    1  0.333333                      1089.855                     3
with_coding_region     10000  NC_072003.2     SCFR_NC_072003_2_688180_698353_frame2_fft         32   3  0.454537;0.424260;0.227268    2787.517;2297.904;2287.185   2;2;4
with_coding_region     10000  NC_071997.2     SCFR_NC_071997_2_124426569_124437249_frame1_fft   22   3  0.333333;0.493258;0.159925    7918.110;2513.708;1765.245   3;2;6
with_coding_region     10000  NC_071997.2     SCFR_NC_071997_2_124426565_124445297_frame_1_fft  40   3  0.333333;0.493274;0.159940    13887.446;4141.678;2914.733  3;2;6
with_coding_region     10000  NC_071997.2     SCFR_NC_071997_2_124426586_124445267_frame3_fft   43   3  0.333333;0.493282;0.159949    13893.036;4579.996;3239.143  3;2;6
with_coding_region     10000  NC_071997.2     SCFR_NC_071997_2_105215956_105232720_frame_2_fft  27   3  0.333333;0.143283;0.118945    1905.124;1061.733;972.112    3;7;8
with_coding_region     10000  NC_071997.2     SCFR_NC_071997_2_124426561_124445485_frame_2_fft  42   3  0.333333;0.493289;0.159956    13892.130;4673.890;3327.201  3;2;6
with_coding_region     10000  NC_071997.2     SCFR_NC_071997_2_124426603_124445278_frame2_fft   38   3  0.333333;0.493280;0.159946    13886.158;4496.872;3175.317  3;2;6
with_coding_region     10000  NC_072001.2     SCFR_NC_072001_2_32345332_32357440_frame_2_fft    26   3  0.059547;0.410968;0.029815    1226.236;898.660;823.476     17;2;34
with_coding_region     10000  NC_072001.2     SCFR_NC_072001_2_45618624_45628863_frame1_fft     1    1  0.333333                      1026.141                     3
with_coding_region     10000  NC_072001.2     SCFR_NC_072001_2_32344880_32357606_frame_1_fft    25   3  0.059563;0.410970;0.029782    1198.358;872.699;840.057     17;2;34
with_coding_region     10000  NC_071985.2     SCFR_NC_071985_2_1983993_2005302_frame_3_fft      19   3  0.256417;0.076916;0.333333    7981.157;6718.897;6556.066   4;13;3
with_coding_region     10000  NC_071985.2     SCFR_NC_071985_2_98317273_98328352_frame2_fft     71   3  0.333333;0.483527;0.284954    1565.548;1255.538;1052.422   3;2;4
with_coding_region     10000  NC_072009.2     SCFR_NC_072009_2_5151678_5162256_frame1_fft       24   3  0.483645;0.484118;0.032520    1284.675;1082.069;1055.706   2;2;31
with_coding_region     10000  NC_072009.2     SCFR_NC_072009_2_5150008_5161756_frame2_fft       28   3  0.483657;0.241828;0.484253    1373.151;1276.994;1206.673   2;4;2
with_coding_region     10000  NC_072009.2     SCFR_NC_072009_2_5518041_5536239_frame_3_fft      55   3  0.031982;0.483954;0.242279    2279.532;1926.779;1753.991   31;2;4
with_coding_region     10000  NC_072009.2     SCFR_NC_072009_2_5518024_5533807_frame_2_fft      54   3  0.483938;0.242286;0.241906    2015.677;1860.175;1848.236   2;4;4
with_coding_region     10000  NC_072009.2     SCFR_NC_072009_2_5526146_5536157_frame_1_fft      22   3  0.031965;0.242333;0.483868    1299.278;1032.187;989.970    31;4;2
with_coding_region     10000  NC_071999.2     SCFR_NC_071999_2_25335868_25347427_frame_2_fft    1    1  0.333333                      1285.927                     3
with_coding_region     10000  NC_071999.2     SCFR_NC_071999_2_108928513_108949510_frame_2_fft  1    1  0.333333                      2280.590                     3
with_coding_region     10000  NC_072008.2     SCFR_NC_072008_2_162571354_162581602_frame2_fft   2    2  0.166667;0.333333             8064.415;3414.000            6;3
with_coding_region     10000  NC_072008.2     SCFR_NC_072008_2_162571334_162581726_frame_3_fft  2    2  0.166667;0.333333             8105.382;3396.269            6;3
with_coding_region     10000  NC_072008.2     SCFR_NC_072008_2_162571335_162581727_frame1_fft   2    2  0.166667;0.333333             8103.521;3397.759            6;3
with_coding_region     10000  NC_072008.2     SCFR_NC_072008_2_162571341_162581601_frame_2_fft  2    2  0.166667;0.333333             8057.684;3418.002            6;3
with_coding_region     10000  NC_071992.2     SCFR_NC_071992_2_160359343_160372684_frame2_fft   131  3  0.333333;0.176149;0.369313    3928.961;1378.064;1142.311   3;6;3
with_coding_region     10000  NC_071992.2     SCFR_NC_071992_2_160359319_160379362_frame_3_fft  76   3  0.333333;0.369306;0.176171    5321.135;1232.836;1224.567   3;3;6
with_coding_region     10000  NC_071989.2     SCFR_NC_071989_2_87308859_87319392_frame1_fft     1    1  0.333333                      2055.011                     3
with_coding_region     10000  NC_072000.2     SCFR_NC_072000_2_3560_13805_frame_1_fft           3    3  0.166715;0.333333;0.166325    6030.077;2664.747;871.870    6;3;6
with_coding_region     10000  NC_072000.2     SCFR_NC_072000_2_3555_13788_frame1_fft            3    3  0.166716;0.333333;0.166325    6030.241;2663.739;863.321    6;3;6
with_coding_region     10000  NC_072000.2     SCFR_NC_072000_2_109452248_109468637_frame_1_fft  101  3  0.333333;0.187870;0.143450    3317.809;1730.801;1721.003   3;5;7
with_coding_region     10000  NC_071990.2     SCFR_NC_071990_2_23816625_23827563_frame_1_fft    9    3  0.499451;0.429238;0.333516    906.257;549.122;460.673      2;2;3
with_coding_region     10000  NC_071990.2     SCFR_NC_071990_2_23816269_23827528_frame_3_fft    10   3  0.499689;0.499245;0.429257    1379.099;677.520;551.569     2;2;2
with_coding_region     10000  NC_071990.2     SCFR_NC_071990_2_23816662_23827555_frame2_fft     9    3  0.499679;0.499220;0.429267    1242.184;666.445;553.713     2;2;2
with_coding_region     10000  NC_071990.2     SCFR_NC_071990_2_23816555_23827538_frame_2_fft    9    3  0.499681;0.499226;0.428936    1279.248;683.401;519.007     2;2;2
with_coding_region     10000  NC_071991.2     SCFR_NC_071991_2_10728791_10738901_frame3_fft     74   3  0.333333;0.265480;0.401187    3450.789;1983.627;1859.218   3;4;2
with_coding_region     10000  NC_071991.2     SCFR_NC_071991_2_10575524_10586687_frame3_fft     19   3  0.333333;0.392188;0.078474    3170.697;813.412;791.217     3;3;13
with_coding_region     10000  NC_071991.2     SCFR_NC_071991_2_12251345_12263321_frame3_fft     14   3  0.473029;0.477622;0.473697    1048.283;667.244;598.696     2;2;2
with_coding_region     10000  NC_071991.2     SCFR_NC_071991_2_10680756_10703067_frame1_fft     120  3  0.333333;0.357357;0.024024    4955.732;2742.179;2589.339   3;3;42
with_coding_region     10000  NC_071991.2     SCFR_NC_071991_2_12251383_12263269_frame2_fft     20   3  0.472993;0.477621;0.420579    1037.538;670.622;571.821     2;2;2
with_coding_region     10000  NC_071991.2     SCFR_NC_071991_2_10606161_10650531_frame1_fft     108  3  0.333333;0.019608;0.313725    12585.610;4840.266;4079.075  3;51;3
with_coding_region     10000  NW_026946741.1  SCFR_NW_026946741_1_52709_63428_frame3_fft        40   3  0.037037;0.222222;0.049352    3354.016;2342.087;2325.366   27;5;20
with_coding_region     10000  NC_071994.2     SCFR_NC_071994_2_1002610_1013347_frame2_fft       25   3  0.333333;0.159262;0.492596    3626.973;1158.290;895.759    3;6;2
with_coding_region     10000  NC_071994.2     SCFR_NC_071994_2_12196426_12214498_frame2_fft     63   3  0.333333;0.143260;0.143150    3391.815;1364.504;1262.815   3;7;7
with_coding_region     10000  NC_071994.2     SCFR_NC_071994_2_1161730_1175959_frame2_fft       41   3  0.333333;0.230023;0.401153    3579.659;980.485;974.302     3;4;2
with_coding_region     10000  NC_071994.2     SCFR_NC_071994_2_1096249_1113430_frame2_fft       58   3  0.333333;0.374833;0.332402    4550.632;2376.305;1813.280   3;3;3
with_coding_region     10000  NC_071994.2     SCFR_NC_071994_2_914734_929251_frame_3_fft        76   3  0.333333;0.285872;0.361025    3036.243;1192.259;1122.256   3;3;3
