chr	start	end	frame	filler	frame	chr	exon_1_start	exon_1_end	exon_2_start	exon_2_end	gene	transcript	exon_strand	exon_frame	intron_start	intron_end	intron_length	merged_txs
NC_073249.2	103242122	103242722	-2	1	-	NC_073249.2	103242470	103242603	103242249	103242286	PIAS3	XM_003806201.7	-	2	103242286	103242470	183	1
NC_073249.2	113385288	113386134	-1	1	-	NC_073249.2	113385635	113385811	113385324	113385496	LOC134730803	XM_063606285.1	-	1	113385496	113385635	138	1
NC_073249.2	113390318	113391164	-2	1	-	NC_073249.2	113390665	113390841	113390354	113390526	LOC134730803	XM_063606285.1	-	2	113390526	113390665	138	1
NC_073249.2	113853442	113854288	-3	1	-	NC_073249.2	113853789	113853965	113853478	113853650	LOC129394614	XM_063606287.1	-	3	113853650	113853789	138	1
NC_073249.2	113858472	113859318	-1	1	-	NC_073249.2	113858819	113858995	113858508	113858680	LOC129394614	XM_063606287.1	-	1	113858680	113858819	138	1
NC_073249.2	114325482	114325914	1	1	+	NC_073249.2	114325522	114325629	114325762	114325913	PPM1J	XM_008963061.5	+	1	114325629	114325762	132	1
NC_073249.2	117130146	117130506	-1	1	-	NC_073249.2	117130489	117130503	117130246	117130368	CSF1	XM_063599449.1	-	1	117130368	117130489	120	1
NC_073249.2	117374324	117374816	-2	1	-	NC_073249.2	117374580	117374675	117374379	117374489	LOC129398196	XM_055114800.2	-	2	117374489	117374580	90	1
NC_073249.2	117578767	117579613	2	1	+	NC_073249.2	117579091	117579267	117579406	117579578	LOC117974945	XM_063606467.1	+	2	117579267	117579406	138	1
NC_073249.2	117583797	117584637	1	1	+	NC_073249.2	117584115	117584291	117584430	117584602	LOC117974945	XM_063606467.1	+	1	117584291	117584430	138	1
NC_073249.2	117588821	117589661	3	1	+	NC_073249.2	117589139	117589315	117589454	117589626	LOC117974945	XM_063606467.1	+	3	117589315	117589454	138	1
NC_073249.2	117636069	117636621	-1	1	-	NC_073249.2	117636553	117636588	117636204	117636279	LOC129398196	XM_055114800.2	-	1	117636279	117636553	273	1
NC_073249.2	117645383	117645971	-2	1	-	NC_073249.2	117645747	117645842	117645546	117645656	GSTM4	NM_001367587.1	-	2	117645656	117645747	90	2
NC_073249.2	118030357	118031215	-3	1	-	NC_073249.2	118031002	118031196	118030693	118030863	CELSR2	XM_034932778.3	-	3	118030863	118031002	138	4
NC_073249.2	118030357	118031215	-3	1	-	NC_073249.2	118030693	118030863	118030359	118030611	CELSR2	XM_034932778.3	-	3	118030611	118030693	81	2
NC_073249.2	118030357	118031215	-3	1	-	NC_073249.2	118030693	118030863	118030359	118030593	CELSR2	XM_034932786.4	-	3	118030593	118030693	99	2
NC_073249.2	118032276	118032747	-1	1	-	NC_073249.2	118032517	118032643	118032307	118032429	CELSR2	XM_034932778.3	-	1	118032429	118032517	87	4
NC_073249.2	155806923	155807196	1	1	+	NC_073249.2	155806935	155806987	155807078	155807186	ZRANB2	XM_003830602.5	+	1	155806987	155807078	90	1
NC_073249.2	172026353	172027229	-2	1	-	NC_073249.2	172026867	172027031	172026546	172026668	CIMAP2	XM_003814987.4	-	2	172026668	172026867	198	2
NC_073249.2	172605142	172605829	2	1	+	NC_073249.2	172605344	172605422	172605693	172605721	SSBP3	XM_034965692.3	+	2	172605422	172605693	270	9
NC_073249.2	174497340	174497970	1	1	+	NC_073249.2	174497401	174497459	174497541	174497657	CC2D1B	XM_008967916.4	+	1	174497459	174497541	81	11
NC_073249.2	174499139	174499505	3	1	+	NC_073249.2	174499148	174499238	174499392	174499481	CC2D1B	XM_008967916.4	+	3	174499238	174499392	153	5
NC_073249.2	178595660	178596137	-2	1	-	NC_073249.2	178596024	178596098	178595742	178595906	SLC5A9	XM_063601241.1	-	2	178595906	178596024	117	1
NC_073249.2	180402254	180402845	-2	1	-	NC_073249.2	180402566	180402606	180402276	180402400	FAAH	XM_008965209.4	-	2	180402400	180402566	165	1
NC_073249.2	180612658	180613009	2	1	+	NC_073249.2	180612709	180612781	180612863	180612991	POMGNT1	XM_034964100.3	+	2	180612781	180612863	81	5
NC_073249.2	181187889	181188555	1	1	+	NC_073249.2	181188197	181188315	181188457	181188554	CCDC17	XM_003812760.7	+	1	181188315	181188457	141	3
NC_073249.2	181189028	181189547	3	1	+	NC_073249.2	181189079	181189289	181189359	181189469	CCDC17	XM_003812760.7	+	3	181189289	181189359	69	3
NC_073249.2	181467242	181467521	-2	1	-	NC_073249.2	181467372	181467514	181467244	181467284	TOE1	XM_003812776.7	-	2	181467284	181467372	87	2
NC_073249.2	181980302	181981328	3	1	+	NC_073249.2	181980391	181980533	181980618	181980798	PTCH2	XM_008965267.4	+	3	181980533	181980618	84	2
NC_073249.2	181993538	181994189	-2	1	-	NC_073249.2	181993809	181993934	181993539	181993670	BTBD19	XM_003812800.7	-	2	181993670	181993809	138	6
NC_073249.2	181993538	181994189	-2	1	-	NC_073249.2	181993809	181994170	181993539	181993670	BTBD19	XM_063608061.1	-	2	181993670	181993809	138	1
NC_073249.2	182021257	182022001	2	1	+	NC_073249.2	182021322	182021555	182021790	182021944	BEST4	XM_014344791.4	+	2	182021555	182021790	234	2
NC_073249.2	182045583	182046210	-1	1	-	NC_073249.2	182045896	182046001	182045689	182045802	KIF2C	XM_003812801.7	-	1	182045802	182045896	93	5
NC_073249.2	182047282	182048104	-3	1	-	NC_073249.2	182047868	182048072	182047649	182047759	KIF2C	XM_003812801.7	-	3	182047759	182047868	108	5
NC_073249.2	182817010	182817556	-3	1	-	NC_073249.2	182817264	182817439	182817012	182817128	CCDC24	XM_003812823.4	-	3	182817128	182817264	135	5
NC_073249.2	182817010	182817556	-3	1	-	NC_073249.2	182817225	182817331	182817012	182817128	CCDC24	XM_008965309.3	-	3	182817128	182817225	96	3
NC_073249.2	182817010	182817556	-3	1	-	NC_073249.2	182817264	182817331	182817012	182817128	CCDC24	XM_008965310.3	-	3	182817128	182817264	135	4
NC_073249.2	182817010	182817556	-3	1	-	NC_073249.2	182817225	182817439	182817012	182817128	CCDC24	XM_024930987.3	-	3	182817128	182817225	96	4
NC_073249.2	182817010	182817556	-3	1	-	NC_073249.2	182817225	182817498	182817012	182817128	CCDC24	XM_034963351.3	-	3	182817128	182817225	96	5
NC_073249.2	182817010	182817556	-3	1	-	NC_073249.2	182817264	182817498	182817012	182817128	CCDC24	XM_055094128.2	-	3	182817128	182817264	135	3
NC_073249.2	182842588	182842981	-3	1	-	NC_073249.2	182842901	182842959	182842664	182842753	IPO13	XM_003812825.5	-	3	182842753	182842901	147	1
NC_073249.2	183358031	183358361	3	1	+	NC_073249.2	183358032	183358110	183358198	183358247	HYI	XM_034962958.3	+	3	183358110	183358198	87	4
NC_073249.2	183359567	183360026	-2	1	-	NC_073249.2	183359874	183359942	183359568	183359708	SZT2	XM_003812838.5	-	2	183359708	183359874	165	3
NC_073249.2	183370530	183371418	-1	1	-	NC_073249.2	183371221	183371339	183370945	183371109	SZT2	XM_003812838.5	-	1	183371109	183371221	111	3
NC_073249.2	183370530	183371418	-1	1	-	NC_073249.2	183370945	183371109	183370596	183370680	SZT2	XM_003812838.5	-	1	183370680	183370945	264	3
NC_073249.2	186502311	186502533	1	1	+	NC_073249.2	186502342	186502377	186502462	186502524	COL9A2	XM_003815424.5	+	1	186502377	186502462	84	2
NC_073249.2	186504965	186505358	3	1	+	NC_073249.2	186505020	186505073	186505185	186505232	COL9A2	XM_003815424.5	+	3	186505073	186505185	111	2
NC_073249.2	186512177	186512573	3	1	+	NC_073249.2	186512205	186512258	186512343	186512414	COL9A2	XM_003815424.5	+	3	186512258	186512343	84	2
NC_073249.2	189115440	189115887	1	1	+	NC_073249.2	189115467	189115528	189115673	189115798	EPHA10	XM_034961557.3	+	1	189115528	189115673	144	4
NC_073249.2	190523726	190525151	-2	1	-	NC_073249.2	190525041	190525135	190523728	190524902	SH3D21	XM_008965049.6	-	2	190524902	190525041	138	1
NC_073249.2	190523726	190525151	-2	1	-	NC_073249.2	190525041	190525135	190523739	190524902	SH3D21	XM_034961329.3	-	2	190524902	190525041	138	1
NC_073249.2	190665863	190666754	-2	1	-	NC_073249.2	190666562	190666607	190666363	190666453	MAP7D1	XM_034961309.4	-	2	190666453	190666562	108	7
NC_073249.2	190665863	190666754	-2	1	-	NC_073249.2	190666363	190666453	190666052	190666245	MAP7D1	XM_034961309.4	-	2	190666245	190666363	117	14
NC_073249.2	190665863	190666754	-2	1	-	NC_073249.2	190666052	190666245	190665864	190665871	MAP7D1	XM_034961309.4	-	2	190665871	190666052	180	14
NC_073249.2	190665863	190666754	-2	1	-	NC_073249.2	190666562	190666604	190666363	190666453	MAP7D1	XM_034961316.4	-	2	190666453	190666562	108	7
NC_073249.2	193928474	193929167	-2	1	-	NC_073249.2	193928705	193928810	193928475	193928569	HPCA	XM_003812536.4	-	2	193928569	193928705	135	3
NC_073249.2	194047381	194050213	-3	1	-	NC_073249.2	194050072	194050185	194047417	194049978	NHSL3	XM_003812964.6	-	3	194049978	194050072	93	4
NC_073249.2	194598197	194598542	-2	1	-	NC_073249.2	194598432	194598542	194598225	194598314	EIF3I	XM_003828143.6	-	2	194598314	194598432	117	1
NC_073249.2	194614222	194614861	-3	1	-	NC_073249.2	194614431	194614577	194614274	194614313	DCDC2B	XM_003828144.4	-	3	194614313	194614431	117	1
NC_073249.2	195029453	195030101	3	1	+	NC_073249.2	195029679	195029804	195029955	195030009	SPOCD1	XM_008953483.5	+	3	195029804	195029955	150	6
NC_073249.2	195088042	195088654	2	1	+	NC_073249.2	195088131	195088232	195088377	195088483	ADGRB2	XM_008953476.4	+	2	195088232	195088377	144	16
NC_073249.2	195089284	195089995	2	1	+	NC_073249.2	195089309	195089503	195089672	195089740	ADGRB2	XM_008953476.4	+	2	195089503	195089672	168	16
NC_073249.2	195089284	195089995	2	1	+	NC_073249.2	195089672	195089740	195089816	195089924	ADGRB2	XM_008953476.4	+	2	195089740	195089816	75	16
NC_073249.2	195167012	195167381	3	1	+	NC_073249.2	195167049	195167120	195167322	195167375	COL16A1	XM_003828130.5	+	3	195167120	195167322	201	15
NC_073249.2	195247013	195247544	-2	1	-	NC_073249.2	195247360	195247510	195247056	195247245	TINAGL1	XM_003828126.5	-	2	195247245	195247360	114	3
NC_073249.2	198618166	198618487	-3	1	-	NC_073249.2	198618350	198618436	198618168	198618259	ATP5IF1	XM_003828089.4	-	3	198618259	198618350	90	1
NC_073249.2	198897261	198897774	-1	1	-	NC_073249.2	198897594	198897774	198897376	198897509	SMPDL3B	XM_003828081.6	-	1	198897509	198897594	84	2
NC_073249.2	199521909	199522371	1	1	+	NC_073249.2	199521940	199522132	199522232	199522370	MAP3K6	XM_003809416.6	+	1	199522132	199522232	99	2
NC_073249.2	199530528	199531122	-1	1	-	NC_073249.2	199530976	199531076	199530709	199530822	SYTL1	XM_034959161.3	-	1	199530822	199530976	153	2
NC_073249.2	200535363	200535705	1	1	+	NC_073249.2	200535430	200535462	200535592	200535704	CRYBG2	XM_034958924.3	+	1	200535462	200535592	129	2
NC_073249.2	200705432	200705885	3	1	+	NC_073249.2	200705505	200705588	200705700	200705797	C1H1orf232	XM_034942407.2	+	3	200705588	200705700	111	1
NC_073249.2	203144510	203144984	3	1	+	NC_073249.2	203144532	203144609	203144844	203144958	GALE	XM_008963121.3	+	3	203144609	203144844	234	3
NC_073249.2	203506936	203507383	2	1	+	NC_073249.2	203506953	203507020	203507114	203507221	ASAP3	XM_003810751.5	+	2	203507020	203507114	93	5
NC_073249.2	203506936	203507383	2	1	+	NC_073249.2	203506953	203507020	203507114	203507284	ASAP3	XM_008963114.4	+	2	203507020	203507114	93	3
NC_073249.2	204346433	204346961	-2	1	-	NC_073249.2	204346737	204346886	204346459	204346649	EPHA8	XM_034957801.4	-	2	204346649	204346737	87	1
NC_073249.2	205054730	205055381	3	1	+	NC_073249.2	205054804	205054935	205055098	205055242	HSPG2	XM_034957737.3	+	3	205054935	205055098	162	7
NC_073249.2	205079956	205080466	2	1	+	NC_073249.2	205079992	205080050	205080225	205080392	HSPG2	XM_034957737.3	+	2	205080050	205080225	174	7
NC_073249.2	205092009	205092615	1	1	+	NC_073249.2	205092121	205092256	205092374	205092525	HSPG2	XM_034957737.3	+	1	205092256	205092374	117	7
NC_073249.2	205106217	205106748	1	1	+	NC_073249.2	205106246	205106355	205106557	205106704	HSPG2	XM_034957737.3	+	1	205106355	205106557	201	7
NC_073249.2	205108487	205109093	3	1	+	NC_073249.2	205108605	205108704	205108843	205108952	HSPG2	XM_034957737.3	+	3	205108704	205108843	138	7
NC_073249.2	206468248	206468698	2	1	+	NC_073249.2	206468358	206468461	206468603	206468697	DDOST	XM_008967066.5	+	2	206468461	206468603	141	1
NC_073249.2	206471136	206471679	1	1	+	NC_073249.2	206471155	206471275	206471399	206471505	DDOST	XM_008967066.5	+	1	206471275	206471399	123	1
NC_073249.2	207806671	207807271	2	1	+	NC_073249.2	207806718	207806905	207807098	207807202	LOC100981962	XM_034956910.4	+	2	207806905	207807098	192	1
NC_073249.2	207828866	207829463	3	1	+	NC_073249.2	207828910	207829097	207829290	207829394	AKR7A3	XM_034956936.3	+	3	207829097	207829290	192	1
NC_073249.2	207844287	207844929	1	1	+	NC_073249.2	207844376	207844563	207844756	207844860	LOC100981286	XM_003814427.8	+	1	207844563	207844756	192	1
NC_073249.2	207916385	207916850	3	1	+	NC_073249.2	207916416	207916545	207916663	207916802	UBR4	XM_003814430.6	+	3	207916545	207916663	117	20
NC_073249.2	210129908	210130298	3	1	+	NC_073249.2	210129933	210130067	210130155	210130221	ATP13A2	XM_034956516.3	+	3	210130067	210130155	87	9
NC_073249.2	210129908	210130298	3	1	+	NC_073249.2	210129960	210130067	210130155	210130221	ATP13A2	XM_034956541.3	+	3	210130067	210130155	87	2
NC_073249.2	210133850	210134609	3	1	+	NC_073249.2	210133972	210134082	210134167	210134213	ATP13A2	XM_034956516.3	+	3	210134082	210134167	84	11
NC_073249.2	210133850	210134609	3	1	+	NC_073249.2	210134167	210134213	210134307	210134495	ATP13A2	XM_034956516.3	+	3	210134213	210134307	93	11
NC_073249.2	210140178	210141027	1	1	+	NC_073249.2	210140186	210140346	210140470	210140586	ATP13A2	XM_034956516.3	+	1	210140346	210140470	123	8
NC_073249.2	210974520	210975498	1	1	+	NC_073249.2	210974614	210974756	210974853	210975153	ZBTB17	XM_003806244.4	+	1	210974756	210974853	96	6
NC_073249.2	210976983	210977481	1	1	+	NC_073249.2	210977033	210977122	210977201	210977481	ZBTB17	XM_003806244.4	+	1	210977122	210977201	78	3
NC_073249.2	210976983	210977481	1	1	+	NC_073249.2	210977012	210977122	210977201	210977481	ZBTB17	XM_003806245.5	+	1	210977122	210977201	78	3
NC_073249.2	21228727	21229303	-3	1	-	NC_073249.2	21229146	21229227	21228729	21228968	OBSCN	XM_055104619.2	-	3	21228968	21229146	177	1
NC_073249.2	21229797	21230451	-1	1	-	NC_073249.2	21230196	21230318	21229842	21230012	OBSCN	XM_055104619.2	-	1	21230012	21230196	183	1
NC_073249.2	21239232	21240141	-1	1	-	NC_073249.2	21239851	21239963	21239469	21239637	OBSCN	XM_055104619.2	-	1	21239637	21239851	213	1
NC_073249.2	21268620	21269313	-1	1	-	NC_073249.2	21269031	21269153	21268774	21268913	OBSCN	XM_055104619.2	-	1	21268913	21269031	117	1
NC_073249.2	21325234	21326221	-3	1	-	NC_073249.2	21325750	21326016	21325399	21325665	OBSCN	XM_055104619.2	-	3	21325665	21325750	84	1
NC_073249.2	21327690	21328881	-1	1	-	NC_073249.2	21328533	21328694	21328341	21328445	OBSCN	XM_055104619.2	-	1	21328445	21328533	87	1
NC_073249.2	21331750	21332467	-3	1	-	NC_073249.2	21332152	21332430	21331756	21332022	OBSCN	XM_055104619.2	-	3	21332022	21332152	129	1
NC_073249.2	21388864	21390133	-3	1	-	NC_073249.2	21389788	21390054	21388915	21389196	OBSCN	XM_055104619.2	-	3	21389196	21389788	591	1
NC_073249.2	216543952	216544444	2	1	+	NC_073249.2	216544154	216544193	216544281	216544399	MAD2L2	XM_003822073.5	+	2	216544193	216544281	87	4
NC_073249.2	217163762	217165133	3	1	+	NC_073249.2	217164255	217164421	217164851	217164971	SRM	XM_034955292.4	+	3	217164421	217164851	429	2
NC_073249.2	21789234	21789801	-1	1	-	NC_073249.2	21789624	21789771	21789236	21789398	PRSS38	XM_003814940.4	-	1	21789398	21789624	225	1
NC_073249.2	218499652	218500072	-3	1	-	NC_073249.2	218499947	218500046	218499654	218499832	PIK3CD	XM_034954879.3	-	3	218499832	218499947	114	8
NC_073249.2	218504650	218505364	-3	1	-	NC_073249.2	218505167	218505346	218504678	218504827	PIK3CD	XM_034954879.3	-	3	218504827	218505167	339	5
NC_073249.2	218504650	218505364	-3	1	-	NC_073249.2	218505167	218505346	218504678	218504740	PIK3CD	XM_034954915.3	-	3	218504740	218505167	426	3
NC_073249.2	221639601	221640171	-1	1	-	NC_073249.2	221639931	221640067	221639685	221639849	ZBTB48	XM_003822142.4	-	1	221639849	221639931	81	6
NC_073249.2	221755854	221756505	1	1	+	NC_073249.2	221756065	221756115	221756236	221756385	PLEKHG5	XM_008975694.4	+	1	221756115	221756236	120	7
NC_073249.2	221775490	221776342	-3	1	-	NC_073249.2	221776139	221776284	221775791	221776054	ESPN	XM_034954221.3	-	3	221776054	221776139	84	9
NC_073249.2	221786954	221787689	-2	1	-	NC_073249.2	221787465	221787651	221787096	221787278	ESPN	XM_034954221.3	-	2	221787278	221787465	186	4
NC_073249.2	221786954	221787689	-2	1	-	NC_073249.2	221787465	221787521	221787096	221787278	ESPN	XM_034954231.3	-	2	221787278	221787465	186	1
NC_073249.2	222094841	222095753	3	1	+	NC_073249.2	222094902	222095133	222095362	222095472	CHD5	XM_008975719.5	+	3	222095133	222095362	228	5
NC_073249.2	224545014	224545992	-1	1	-	NC_073249.2	224545476	224545842	224545114	224545244	CCDC27	XM_034953825.3	-	1	224545244	224545476	231	1
NC_073249.2	225640964	225641990	3	1	+	NC_073249.2	225641056	225641174	225641799	225641864	MMEL1	XM_034953648.3	+	3	225641174	225641799	624	6
NC_073249.2	225660102	225660897	-1	1	-	NC_073249.2	225660556	225660708	225660210	225660414	PRXL2B	XM_034953610.3	-	1	225660414	225660556	141	8
NC_073249.2	225751092	225752136	-1	1	-	NC_073249.2	225751765	225751889	225751584	225751668	PLCH2	XM_034953537.3	-	1	225751668	225751765	96	1
NC_073249.2	225751092	225752136	-1	1	-	NC_073249.2	225751584	225751668	225751182	225751328	PLCH2	XM_034953537.3	-	1	225751328	225751584	255	1
NC_073249.2	225958585	225959011	-3	1	-	NC_073249.2	225958880	225959005	225958587	225958702	SKI	XM_003807318.6	-	3	225958702	225958880	177	2
NC_073249.2	226071327	226071771	1	1	+	NC_073249.2	226071459	226071607	226071644	226071766	FAAP20	XM_063602406.1	+	1	226071607	226071644	36	3
NC_073249.2	226352769	226353201	1	1	+	NC_073249.2	226352830	226352964	226353169	226353201	CFAP74	XM_063602440.1	+	1	226352964	226353169	204	2
NC_073249.2	226355803	226356646	2	1	+	NC_073249.2	226355897	226356356	226356450	226356645	TMEM52	XM_034953402.3	+	2	226356356	226356450	93	1
NC_073249.2	226355803	226356646	2	1	+	NC_073249.2	226355897	226356356	226356450	226356493	TMEM52	XM_034953408.3	+	2	226356356	226356450	93	1
NC_073249.2	226356870	226357653	1	1	+	NC_073249.2	226357107	226357285	226357376	226357653	TMEM52	XM_003807296.6	+	1	226357285	226357376	90	4
NC_073249.2	226591494	226592043	-1	1	-	NC_073249.2	226591807	226591949	226591582	226591689	MIB2	XM_034953198.3	-	1	226591689	226591807	117	23
NC_073249.2	226591494	226592043	-1	1	-	NC_073249.2	226591807	226591949	226591582	226591677	MIB2	XM_034953200.3	-	1	226591677	226591807	129	4
NC_073249.2	226592005	226592803	-3	1	-	NC_073249.2	226592335	226592441	226592050	226592271	MIB2	XM_034953198.3	-	3	226592271	226592335	63	9
NC_073249.2	226592005	226592803	-3	1	-	NC_073249.2	226592335	226592441	226592050	226592244	MIB2	XM_034953210.3	-	3	226592244	226592335	90	18
NC_073249.2	226592005	226592803	-3	1	-	NC_073249.2	226592335	226592618	226592050	226592244	MIB2	XM_063595056.1	-	3	226592244	226592335	90	6
NC_073249.2	226680336	226681485	1	1	+	NC_073249.2	226680898	226680954	226681378	226681484	TMEM240	XM_034953177.4	+	1	226680954	226681378	423	1
NC_073249.2	226685379	226685880	1	1	+	NC_073249.2	226685445	226685653	226685735	226685880	TMEM240	XM_034953177.4	+	1	226685653	226685735	81	1
NC_073249.2	226818191	226819097	3	1	+	NC_073249.2	226818273	226818359	226818471	226818581	MRPL20	XM_003809499.6	+	3	226818359	226818471	111	3
NC_073249.2	226818191	226819097	3	1	+	NC_073249.2	226818273	226818359	226818471	226819097	MRPL20	XM_063595160.1	+	3	226818359	226818471	111	1
NC_073249.2	226869703	226870309	2	1	+	NC_073249.2	226869744	226870046	226870137	226870238	MXRA8	XM_034953007.3	+	2	226870046	226870137	90	2
NC_073249.2	226869703	226870309	2	1	+	NC_073249.2	226869845	226870046	226870137	226870238	MXRA8	XM_063595175.1	+	2	226870046	226870137	90	3
NC_073249.2	226883923	226884550	2	1	+	NC_073249.2	226883938	226884031	226884125	226884194	DVL1	XM_034952966.4	+	2	226884031	226884125	93	3
NC_073249.2	226883923	226884550	2	1	+	NC_073249.2	226884125	226884194	226884264	226884403	DVL1	XM_034952966.4	+	2	226884194	226884264	69	3
NC_073249.2	226890213	226891557	-1	1	-	NC_073249.2	226891296	226891416	226890214	226891169	TAS1R3	XM_003809488.6	-	1	226891169	226891296	126	1
NC_073249.2	226914817	226915273	2	1	+	NC_073249.2	226914836	226914978	226915054	226915183	INTS11	XM_003809485.6	+	2	226914978	226915054	75	1
NC_073249.2	226930429	226931230	2	1	+	NC_073249.2	226930685	226930893	226931089	226931158	ACAP3	XM_063595179.1	+	2	226930893	226931089	195	3
NC_073249.2	226936012	226936591	-3	1	-	NC_073249.2	226936431	226936489	226936244	226936319	SCNN1D	XM_034952927.3	-	3	226936319	226936431	111	3
NC_073249.2	226936470	226938522	-1	1	-	NC_073249.2	226938409	226938507	226936995	226937112	SCNN1D	XM_034952927.3	-	1	226937112	226938409	1296	3
NC_073249.2	226982036	226982792	3	1	+	NC_073249.2	226982178	226982294	226982400	226982484	C1QTNF12	XM_055099671.2	+	3	226982294	226982400	105	5
NC_073249.2	226982036	226982792	3	1	+	NC_073249.2	226982178	226982294	226982400	226982718	C1QTNF12	XM_055099676.2	+	3	226982294	226982400	105	3
NC_073249.2	227012806	227013568	2	1	+	NC_073249.2	227013111	227013212	227013501	227013567	TNFRSF4	XM_034951753.3	+	2	227013212	227013501	288	2
NC_073249.2	227021685	227022453	1	1	+	NC_073249.2	227021714	227021901	227022064	227022266	TNFRSF18	XM_063602518.1	+	1	227021901	227022064	162	1
NC_073249.2	227201930	227202530	-2	1	-	NC_073249.2	227202101	227202293	227201932	227202019	AGRN	XM_034951765.3	-	2	227202019	227202101	81	11
NC_073249.2	227206797	227207592	-1	1	-	NC_073249.2	227207169	227207507	227206947	227207084	AGRN	XM_034951765.3	-	1	227207084	227207169	84	11
NC_073249.2	227208375	227208771	-1	1	-	NC_073249.2	227208627	227208743	227208381	227208545	AGRN	XM_034951765.3	-	1	227208545	227208627	81	11
NC_073249.2	227270659	227271241	2	1	+	NC_073249.2	227270690	227270777	227270871	227271241	HES4	XM_034951763.3	+	2	227270777	227270871	93	2
NC_073249.2	227282327	227284832	3	1	+	NC_073249.2	227282334	227283353	227283426	227284599	PERM1	XM_055099883.2	+	3	227283353	227283426	72	2
NC_073249.2	227282327	227284832	3	1	+	NC_073249.2	227282706	227283353	227283426	227284599	PERM1	XM_055099888.2	+	3	227283353	227283426	72	1
NC_073249.2	227292081	227292864	-1	1	-	NC_073249.2	227292628	227292708	227292471	227292543	PLEKHN1	XM_008961383.6	-	1	227292543	227292628	84	3
NC_073249.2	227292081	227292864	-1	1	-	NC_073249.2	227292471	227292543	227292223	227292350	PLEKHN1	XM_008961383.6	-	1	227292350	227292471	120	3
NC_073249.2	227292081	227292864	-1	1	-	NC_073249.2	227292628	227292708	227292223	227292543	PLEKHN1	XM_063595239.1	-	1	227292543	227292628	84	3
NC_073249.2	227309830	227310382	2	1	+	NC_073249.2	227309959	227310037	227310149	227310259	NOC2L	XM_034951759.3	+	2	227310037	227310149	111	5
NC_073249.2	39625272	39626073	-1	1	-	NC_073249.2	39625915	39626055	39625669	39625806	TRAF3IP3	XM_003831214.6	-	1	39625806	39625915	108	3
NC_073249.2	39625272	39626073	-1	1	-	NC_073249.2	39625915	39626037	39625669	39625806	TRAF3IP3	XM_057301396.2	-	1	39625806	39625915	108	1
NC_073249.2	39777145	39777742	2	1	+	NC_073249.2	39777169	39777326	39777441	39777661	LAMB3	XM_055108585.2	+	2	39777326	39777441	114	1
NC_073249.2	41910519	41910948	-1	1	-	NC_073249.2	41910705	41910893	41910521	41910620	CR2	XM_055108668.2	-	1	41910620	41910705	84	2
NC_073249.2	4290614	4291070	3	1	+	NC_073249.2	4290796	4290907	4290992	4291065	HNRNPU	XM_003807987.6	+	3	4290907	4290992	84	2
NC_073249.2	44311876	44312431	-3	1	-	NC_073249.2	44312244	44312394	44311966	44312093	CNTN2	XM_003822961.7	-	3	44312093	44312244	150	1
NC_073249.2	48166839	48174561	-1	1	-	NC_073249.2	48171093	48174548	48169506	48170984	IGFN1	XM_063603424.1	-	1	48170984	48171093	108	1
NC_073249.2	48166839	48174561	-1	1	-	NC_073249.2	48169506	48170984	48166875	48169451	IGFN1	XM_063603424.1	-	1	48169451	48169506	54	1
NC_073249.2	48374853	48375339	1	1	+	NC_073249.2	48374890	48375039	48375142	48375276	KIF21B	XM_003823048.5	+	1	48375039	48375142	102	5
NC_073249.2	77927278	77927725	2	1	+	NC_073249.2	77927378	77927443	77927525	77927725	LOC103787134	XM_008978423.4	+	2	77927443	77927525	81	1
NC_073249.2	81941269	81941722	2	1	+	NC_073249.2	81941333	81941537	81941616	81941712	ADCY10	XM_003824603.5	+	2	81941537	81941616	78	10
NC_073249.2	89099962	89100655	-3	1	-	NC_073249.2	89100346	89100618	89100016	89100135	SLAMF7	XM_003811869.6	-	3	89100135	89100346	210	2
NC_073249.2	89553911	89554349	3	1	+	NC_073249.2	89553912	89554101	89554219	89554314	COPA	XM_003811879.5	+	3	89554101	89554219	117	3
NC_073249.2	89723095	89723719	-3	1	-	NC_073249.2	89723416	89723614	89723177	89723286	ATP1A2	XM_003811890.5	-	3	89723286	89723416	129	1
NC_073249.2	91121829	91122825	1	1	+	NC_073249.2	91121833	91121880	91121938	91122825	LOC100980547	XM_003820989.1	+	1	91121880	91121938	57	1
NC_073249.2	92911990	92912560	-3	1	-	NC_073249.2	92912411	92912532	92911991	92912104	LRRC71	XM_008974498.5	-	3	92912104	92912411	306	2
NC_073249.2	92920081	92920699	-3	1	-	NC_073249.2	92920249	92920377	92920083	92920158	LRRC71	XM_008974498.5	-	3	92920158	92920249	90	2
NC_073249.2	93283165	93283486	2	1	+	NC_073249.2	93283207	93283274	93283365	93283478	IQGAP3	XM_003821051.4	+	2	93283274	93283365	90	3
NC_073249.2	93295978	93296485	2	1	+	NC_073249.2	93296049	93296216	93296310	93296449	IQGAP3	XM_003821051.4	+	2	93296216	93296310	93	2
NC_073249.2	93295978	93296485	2	1	+	NC_073249.2	93296049	93296216	93296313	93296449	IQGAP3	XM_063604517.1	+	2	93296216	93296313	96	1
NC_073249.2	93887369	93887906	3	1	+	NC_073249.2	93887465	93887574	93887749	93887889	ARHGEF2	XM_003821083.7	+	3	93887574	93887749	174	8
NC_073249.2	93887369	93887906	3	1	+	NC_073249.2	93887465	93887574	93887746	93887889	ARHGEF2	XM_008974574.6	+	3	93887574	93887746	171	14
NC_073249.2	94229616	94230012	-1	1	-	NC_073249.2	94229839	94229981	94229639	94229748	LOC112439315	XM_034937207.3	-	1	94229748	94229839	90	2
NC_073249.2	94231076	94231463	-2	1	-	NC_073249.2	94231305	94231422	94231089	94231223	LOC112439315	XM_034937154.3	-	2	94231223	94231305	81	14
NC_073249.2	94231076	94231463	-2	1	-	NC_073249.2	94231305	94231422	94231182	94231223	LOC112439315	XM_063604888.1	-	2	94231223	94231305	81	1
NC_073249.2	94524276	94524885	-1	1	-	NC_073249.2	94524808	94524885	94524568	94524702	FDPS	XM_003817051.5	-	1	94524702	94524808	105	10
NC_073249.2	94548636	94549182	1	1	+	NC_073249.2	94548704	94548795	94548892	94549023	PKLR	XM_003817047.6	+	1	94548795	94548892	96	3
NC_073249.2	94631494	94632283	-3	1	-	NC_073249.2	94631870	94631962	94631522	94631704	LOC100987557	XM_034936865.3	-	3	94631704	94631870	165	1
NC_073249.2	94754386	94754845	-3	1	-	NC_073249.2	94754728	94754805	94754387	94754514	EFNA3	XM_003817092.6	-	3	94754514	94754728	213	1
NC_073249.2	94788164	94788413	-2	1	-	NC_073249.2	94788384	94788412	94788166	94788272	ADAM15	XM_008970261.4	-	2	94788272	94788384	111	1
NC_073249.2	94794691	94795114	-3	1	-	NC_073249.2	94794965	94795064	94794737	94794832	DCST1	XM_055101024.2	-	3	94794832	94794965	132	2
NC_073249.2	94873865	94874627	3	1	+	NC_073249.2	94873958	94874156	94874244	94874313	SHC1	XM_003817086.5	+	3	94874156	94874244	87	11
NC_073249.2	94873865	94874627	3	1	+	NC_073249.2	94874244	94874313	94874398	94874529	SHC1	XM_003817086.5	+	3	94874313	94874398	84	6
NC_073249.2	94873865	94874627	3	1	+	NC_073249.2	94874244	94874313	94874395	94874529	SHC1	XM_008970280.4	+	3	94874313	94874395	81	5
NC_073249.2	94892554	94893217	2	1	+	NC_073249.2	94892754	94892824	94892918	94893049	PBXIP1	XM_034936527.3	+	2	94892824	94892918	93	2
NC_073249.2	95891441	95892089	3	1	+	NC_073249.2	95891471	95891615	95891913	95892088	DENND4B	XM_003817123.7	+	3	95891615	95891913	297	6
NC_073249.2	95901429	95901795	1	1	+	NC_073249.2	95901457	95901498	95901664	95901795	DENND4B	XM_063605157.1	+	1	95901498	95901664	165	1
NC_073249.2	96059230	96059683	-3	1	-	NC_073249.2	96059417	96059573	96059231	96059305	INTS3	XM_003817144.7	-	3	96059305	96059417	111	3
NC_073249.2	96143000	96143408	-2	1	-	NC_073249.2	96143277	96143400	96143067	96143135	NPR1	XM_003817147.7	-	2	96143135	96143277	141	2
NC_073249.2	98118332	98118977	3	1	+	NC_073249.2	98118388	98118522	98118781	98118924	CELF3	XM_003817239.6	+	3	98118522	98118781	258	8
NC_073249.2	98118332	98118977	3	1	+	NC_073249.2	98118391	98118522	98118781	98118924	CELF3	XM_008970385.5	+	3	98118522	98118781	258	2
NC_073249.2	98288523	98288823	-1	1	-	NC_073249.2	98288740	98288823	98288525	98288643	CGN	XM_003817247.5	-	1	98288643	98288740	96	1
NC_073249.2	98395430	98396099	3	1	+	NC_073249.2	98395498	98395788	98395897	98396088	POGZ	XM_003817249.6	+	3	98395788	98395897	108	2
NC_073249.2	98395430	98396099	3	1	+	NC_073249.2	98395498	98395788	98395870	98396088	POGZ	XM_008970389.5	+	3	98395788	98395870	81	7
NC_073249.2	99122759	99122990	3	1	+	NC_073249.2	99122760	99122826	99122911	99122987	HORMAD1	XM_034934796.3	+	3	99122826	99122911	84	2
NC_073249.2	99281768	99282611	-2	1	-	NC_073249.2	99282432	99282604	99282173	99282284	ADAMTSL4	XM_008970469.5	-	2	99282284	99282432	147	5
NC_073249.2	99281768	99282611	-2	1	-	NC_073249.2	99282173	99282284	99281888	99282073	ADAMTSL4	XM_008970469.5	-	2	99282073	99282173	99	5
NC_073249.2	99328002	99328506	-1	1	-	NC_073249.2	99328299	99328379	99328119	99328199	ECM1	XM_003817305.5	-	1	99328199	99328299	99	1
NC_073249.2	99903787	99904171	2	1	+	NC_073249.2	99903788	99903848	99904017	99904159	MTMR11	XM_003817320.6	+	2	99903848	99904017	168	4
NC_073249.2	99915028	99915595	2	1	+	NC_073249.2	99915126	99915299	99915411	99915595	SF3B4	XM_055114000.2	+	2	99915299	99915411	111	1
NC_073252.2	101241324	101242044	-2	1	-	NC_073252.2	101241730	101242044	101241334	101241606	CENPE	XM_003829965.5	-	2	101241606	101241730	123	6
NC_073252.2	1165391	1165880	-3	1	-	NC_073252.2	1165608	1165784	1165392	1165490	GAK	XM_003811302.6	-	3	1165490	1165608	117	19
NC_073252.2	1289823	1290489	-2	1	-	NC_073252.2	1290250	1290402	1289824	1289922	DGKQ	XM_034958117.4	-	2	1289922	1290250	327	1
NC_073252.2	1332538	1333180	2	1	+	NC_073252.2	1332555	1332676	1332863	1332988	IDUA	XM_034958124.3	+	2	1332676	1332863	186	2
NC_073252.2	1332538	1333180	2	1	+	NC_073252.2	1332863	1332988	1333067	1333143	IDUA	XM_034958124.3	+	2	1332988	1333067	78	7
NC_073252.2	1332538	1333180	2	1	+	NC_073252.2	1332546	1332676	1332863	1332988	IDUA	XM_063603635.1	+	2	1332676	1332863	186	5
NC_073252.2	1333497	1333908	1	1	+	NC_073252.2	1333530	1333630	1333778	1333908	IDUA	XM_034958124.3	+	1	1333630	1333778	147	7
NC_073252.2	1353186	1354410	1	1	+	NC_073252.2	1353377	1353730	1353971	1354410	FGFRL1	XM_034958127.4	+	1	1353730	1353971	240	6
NC_073252.2	143031093	143031489	-2	1	-	NC_073252.2	143031384	143031487	143031095	143031281	OTUD4	XM_034959193.3	-	2	143031281	143031384	102	12
NC_073252.2	1501176	1502121	-2	1	-	NC_073252.2	1501864	1502087	1501600	1501791	SPON2	XM_034958137.3	-	2	1501791	1501864	72	1
NC_073252.2	1501176	1502121	-2	1	-	NC_073252.2	1501864	1502087	1501177	1501791	SPON2	XM_063603644.1	-	2	1501791	1501864	72	1
NC_073252.2	150538852	150539392	-1	1	-	NC_073252.2	150539089	150539349	150538960	150538998	TMEM154	XM_003815894.5	-	1	150538998	150539089	90	1
NC_073252.2	165941415	165941703	1	1	+	NC_073252.2	165941452	165941505	165941602	165941695	ANXA10	XM_003821800.5	+	1	165941505	165941602	96	2
NC_073252.2	2312570	2313851	-3	1	-	NC_073252.2	2313561	2313691	2313404	2313473	NELFA	XM_008965479.4	-	3	2313473	2313561	87	11
NC_073252.2	2799070	2799775	2	1	+	NC_073252.2	2799295	2799457	2799662	2799775	CFAP99	XM_008965519.4	+	2	2799457	2799662	204	1
NC_073252.2	3233816	3234248	3	1	+	NC_073252.2	3233817	3233960	3234066	3234164	ADD1	XM_008965500.5	+	3	3233960	3234066	105	18
NC_073252.2	3267412	3267847	-1	1	-	NC_073252.2	3267673	3267781	3267453	3267564	MFSD10	XM_003812959.6	-	1	3267564	3267673	108	5
NC_073252.2	3268668	3269292	-2	1	-	NC_073252.2	3269196	3269292	3268735	3268838	MFSD10	XM_003812959.6	-	2	3268838	3269196	357	5
NC_073252.2	3846575	3847541	3	1	+	NC_073252.2	3846970	3847122	3847411	3847541	DOK7	XM_034958281.3	+	3	3847122	3847411	288	3
NC_073252.2	41439793	41440399	2	1	+	NC_073252.2	41440163	41440195	41440301	41440312	UCHL1	XM_034958500.3	+	2	41440195	41440301	105	1
NC_073252.2	4582351	4582732	2	1	+	NC_073252.2	4582372	4582454	4582545	4582706	ZBTB49	XM_003816482.3	+	2	4582454	4582545	90	1
NC_073252.2	56227241	56227691	-3	1	-	NC_073252.2	56227484	56227592	56227243	56227375	CXCL6	XM_003832334.4	-	3	56227375	56227484	108	1
NC_073253.2	1256126	1256741	3	1	+	NC_073253.2	1256226	1256250	1256359	1256394	NKD2	XM_063604360.1	+	3	1256250	1256359	108	2
NC_073253.2	127803753	127804467	-2	1	-	NC_073253.2	127804399	127804448	127804161	127804290	IRF1	XM_003829304.7	-	2	127804290	127804399	108	1
NC_073253.2	127803753	127804467	-2	1	-	NC_073253.2	127804161	127804290	127803855	127803977	IRF1	XM_003829304.7	-	2	127803977	127804161	183	1
NC_073253.2	128200407	128200773	-2	1	-	NC_073253.2	128200660	128200723	128200409	128200545	AFF4	XM_003829291.7	-	2	128200545	128200660	114	8
NC_073253.2	129413116	129413989	2	1	+	NC_073253.2	129413321	129413569	129413735	129413801	TCF7	XM_034960507.3	+	2	129413569	129413735	165	9
NC_073253.2	134913097	134913487	-1	1	-	NC_073253.2	134913349	134913355	134913103	134913225	LOC134730481	XM_063604745.1	-	1	134913225	134913349	123	1
NC_073253.2	135605670	135606324	-2	1	-	NC_073253.2	135606093	135606138	135605721	135605894	HBEGF	XM_003829193.4	-	2	135605894	135606093	198	1
NC_073253.2	136775408	136775894	-3	1	-	NC_073253.2	136775676	136775839	136775417	136775552	DIAPH1	XM_034960649.3	-	3	136775552	136775676	123	1
NC_073253.2	136920294	136920930	-2	1	-	NC_073253.2	136920594	136920793	136920397	136920482	ARAP3	XM_034960670.3	-	2	136920482	136920594	111	5
NC_073253.2	145299998	145300427	-3	1	-	NC_073253.2	145300274	145300389	145300000	145300120	CSF1R	XM_057302361.2	-	3	145300120	145300274	153	1
NC_073253.2	145362083	145362806	-3	1	-	NC_073253.2	145362660	145362787	145362365	145362539	PDGFRB	XM_008954451.4	-	3	145362539	145362660	120	7
NC_073253.2	145433097	145433640	1	1	+	NC_073253.2	145433098	145433197	145433393	145433493	SLC6A7	XM_003829024.6	+	1	145433197	145433393	195	1
NC_073253.2	145607495	145608116	3	1	+	NC_073253.2	145607559	145607738	145607862	145608062	TCOF1	XM_034960786.3	+	3	145607738	145607862	123	7
NC_073253.2	145630809	145631733	-2	1	-	NC_073253.2	145631448	145631639	145630893	145630955	CD74	XM_003829020.5	-	2	145630955	145631448	492	1
NC_073253.2	145921542	145922016	-2	1	-	NC_073253.2	145921887	145921975	145921563	145921694	RBM22	XM_003829012.5	-	2	145921694	145921887	192	2
NC_073253.2	150006825	150007389	1	1	+	NC_073253.2	150006835	150006958	150007085	150007290	LARP1	XM_008954411.4	+	1	150006958	150007085	126	11
NC_073253.2	150144383	150144659	3	1	+	NC_073253.2	150144504	150144531	150144610	150144658	MRPL22	XM_003828960.6	+	3	150144531	150144610	78	1
NC_073253.2	1585848	1586253	-2	1	-	NC_073253.2	1586146	1586201	1586017	1586061	CLPTM1L	XM_063604162.1	-	2	1586061	1586146	84	2
NC_073253.2	171609841	171610360	-1	1	-	NC_073253.2	171610151	171610312	171609843	171609967	RNF44	XM_034961020.3	-	1	171609967	171610151	183	9
NC_073253.2	171663731	171664604	3	1	+	NC_073253.2	171663738	171663807	171663958	171664563	CDHR2	XM_034961030.2	+	3	171663807	171663958	150	1
NC_073253.2	171732118	171732562	2	1	+	NC_073253.2	171732176	171732226	171732314	171732460	TSPAN17	XM_003806846.5	+	2	171732226	171732314	87	7
NC_073253.2	171960254	171961043	3	1	+	NC_073253.2	171960490	171960577	171960833	171961001	UNC5A	XM_034961039.3	+	3	171960577	171960833	255	4
NC_073253.2	171961522	171962575	2	1	+	NC_073253.2	171961541	171961690	171961772	171962575	UNC5A	XM_034961039.3	+	2	171961690	171961772	81	2
NC_073253.2	171961522	171962575	2	1	+	NC_073253.2	171961541	171961690	171961772	171961936	UNC5A	XM_034961041.3	+	2	171961690	171961772	81	2
NC_073253.2	171964598	171965456	-3	1	-	NC_073253.2	171964990	171965145	171964600	171964833	HK3	XM_003806847.7	-	3	171964833	171964990	156	1
NC_073253.2	172451360	172452074	3	1	+	NC_073253.2	172451499	172451642	172451799	172451910	RGS14	XM_008958292.3	+	3	172451642	172451799	156	1
NC_073253.2	172455256	172455847	2	1	+	NC_073253.2	172455402	172455448	172455527	172455641	RGS14	XM_008958292.3	+	2	172455448	172455527	78	1
NC_073253.2	172469927	172470452	3	1	+	NC_073253.2	172470004	172470153	172470238	172470366	SLC34A1	XM_014345158.4	+	3	172470153	172470238	84	3
NC_073253.2	172487585	172488428	-3	1	-	NC_073253.2	172488043	172488274	172487666	172487802	F12	XM_034961069.3	-	3	172487802	172488043	240	4
NC_073253.2	172520646	172521177	1	1	+	NC_073253.2	172520699	172520907	172521019	172521156	GRK6	XM_034961072.4	+	1	172520907	172521019	111	4
NC_073253.2	172525297	172526167	2	1	+	NC_073253.2	172525319	172525456	172525535	172525672	GRK6	XM_034961072.4	+	2	172525456	172525535	78	2
NC_073253.2	172525297	172526167	2	1	+	NC_073253.2	172525319	172525456	172525538	172525672	GRK6	XM_034961073.3	+	2	172525456	172525538	81	2
NC_073253.2	172567477	172568092	-1	1	-	NC_073253.2	172567942	172568062	172567739	172567854	PDLIM7	XM_003806866.3	-	1	172567854	172567942	87	5
NC_073253.2	172576105	172576624	-1	1	-	NC_073253.2	172576353	172576504	172576232	172576262	PDLIM7	XM_003806866.3	-	1	172576262	172576353	90	6
NC_073253.2	173083918	173084506	2	1	+	NC_073253.2	173083995	173084140	173084264	173084404	RMND5B	XM_003805369.6	+	2	173084140	173084264	123	8
NC_073253.2	173083918	173084506	2	1	+	NC_073253.2	173084036	173084140	173084264	173084404	RMND5B	XM_034961116.3	+	2	173084140	173084264	123	1
NC_073253.2	173088917	173089289	3	1	+	NC_073253.2	173088938	173089040	173089134	173089288	RMND5B	XM_003805369.6	+	3	173089040	173089134	93	9
NC_073253.2	173189512	173189944	-1	1	-	NC_073253.2	173189846	173189899	173189534	173189560	COL23A1	XM_034961132.3	-	1	173189560	173189846	285	2
NC_073253.2	173930419	173931298	-1	1	-	NC_073253.2	173931137	173931282	173930429	173931052	GRM6	XM_034961158.3	-	1	173931052	173931137	84	1
NC_073253.2	174738593	174738929	3	1	+	NC_073253.2	174738692	174738762	174738847	174738928	LTC4S	XM_034961211.1	+	3	174738762	174738847	84	1
NC_073253.2	174742881	174743340	-2	1	-	NC_073253.2	174743245	174743320	174742965	174743079	MGAT4B	XM_034961200.3	-	2	174743079	174743245	165	3
NC_073253.2	174815769	174816264	-2	1	-	NC_073253.2	174816141	174816212	174815808	174815858	TBC1D9B	XM_034961213.3	-	2	174815858	174816141	282	2
NC_073253.2	175160466	175161264	-2	1	-	NC_073253.2	175160836	175161012	175160554	175160676	RASGEF1C	XM_055112916.3	-	2	175160676	175160836	159	3
NC_073253.2	176043716	176044676	3	1	+	NC_073253.2	176044312	176044431	176044585	176044617	BTNL9	XM_024928892.3	+	3	176044431	176044585	153	5
NC_073253.2	19646994	19647744	-2	1	-	NC_073253.2	19647515	19647516	19647115	19647340	RHOBTB3	XM_003822756.5	-	2	19647340	19647515	174	1
NC_073253.2	382589	383156	3	1	+	NC_073253.2	382662	382751	382833	383063	PLEKHG4B	XM_063604077.1	+	3	382751	382833	81	1
NC_073253.2	5560341	5560956	1	1	+	NC_073253.2	5560428	5560629	5560732	5560926	ADAMTS16	XM_034959711.3	+	1	5560629	5560732	102	2
NC_073253.2	8152529	8152985	3	1	+	NC_073253.2	8152601	8152693	8152802	8152984	MTRR	XM_003809224.5	+	3	8152693	8152802	108	5
NC_073253.2	92146129	92146699	2	1	+	NC_073253.2	92146130	92146261	92146493	92146624	ERAP2	XM_003817930.6	+	2	92146261	92146493	231	2
NC_073254.2	105724909	105725407	-1	1	-	NC_073254.2	105725231	105725344	105724955	105725131	SYNCRIP	XM_003822840.6	-	1	105725131	105725231	99	8
NC_073254.2	129451118	129451592	3	1	+	NC_073254.2	129451179	129451261	129451388	129451520	SMPD2	XM_003805514.5	+	3	129451261	129451388	126	1
NC_073254.2	129462392	129463244	-3	1	-	NC_073254.2	129462726	129462983	129462425	129462632	MICAL1	XM_003805510.4	-	3	129462632	129462726	93	5
NC_073254.2	129462392	129463244	-3	1	-	NC_073254.2	129462726	129463026	129462425	129462632	MICAL1	XM_034962683.3	-	3	129462632	129462726	93	2
NC_073254.2	151938092	151938695	-3	1	-	NC_073254.2	151938453	151938518	151938116	151938338	CCN2	XM_034962865.3	-	3	151938338	151938453	114	1
NC_073254.2	152717642	152718092	-3	1	-	NC_073254.2	152717871	152718083	152717644	152717774	VNN3P	XM_063605081.1	-	3	152717774	152717871	96	1
NC_073254.2	163036289	163037273	3	1	+	NC_073254.2	163036635	163036643	163036938	163037057	AIG1	XM_034962981.3	+	3	163036643	163036938	294	2
NC_073254.2	170827451	170827814	3	1	+	NC_073254.2	170827452	170827547	170827719	170827805	PLEKHG1	XM_003811506.6	+	3	170827547	170827719	171	5
NC_073254.2	178178887	178179412	2	1	+	NC_073254.2	178178912	178179061	178179137	178179302	SYNJ2	XM_014345522.4	+	2	178179061	178179137	75	9
NC_073254.2	34476564	34477632	1	1	+	NC_073254.2	34476769	34477209	34477591	34477632	ID4	XM_034961525.3	+	1	34477209	34477591	381	1
NC_073254.2	40422479	40422941	3	1	+	NC_073254.2	40422576	40422708	40422793	40422940	SLC17A4	XM_055113244.3	+	3	40422708	40422793	84	1
NC_073254.2	44432232	44432754	1	1	+	NC_073254.2	44432278	44432350	44432480	44432749	LOC100978774	XM_063604769.1	+	1	44432350	44432480	129	1
NC_073254.2	45136217	45136607	3	1	+	NC_073254.2	45136218	45136313	45136473	45136602	ABCF1	XM_008959477.5	+	3	45136313	45136473	159	2
NC_073254.2	45136217	45136607	3	1	+	NC_073254.2	45136218	45136313	45136476	45136602	ABCF1	XM_034961694.3	+	3	45136313	45136476	162	1
NC_073254.2	45219468	45220014	-2	1	-	NC_073254.2	45219874	45219972	45219610	45219762	DHX16	XM_003807345.5	-	2	45219762	45219874	111	2
NC_073254.2	45222752	45223400	-3	1	-	NC_073254.2	45223044	45223154	45222760	45222875	DHX16	XM_003807345.5	-	3	45222875	45223044	168	1
NC_073254.2	45449368	45449746	2	1	+	NC_073254.2	45449441	45449525	45449619	45449721	DDR1	XM_003807341.5	+	2	45449525	45449619	93	11
NC_073254.2	45449368	45449746	2	1	+	NC_073254.2	45449399	45449525	45449619	45449721	DDR1	XM_003807344.7	+	2	45449525	45449619	93	2
NC_073254.2	45453684	45454236	1	1	+	NC_073254.2	45453791	45453886	45453995	45454146	DDR1	XM_003807341.5	+	1	45453886	45453995	108	13
NC_073254.2	45483700	45484018	2	1	+	NC_073254.2	45483722	45483790	45483914	45483992	VARS2	XM_008959448.6	+	2	45483790	45483914	123	7
NC_073254.2	45706549	45706996	-1	1	-	NC_073254.2	45706768	45706956	45706570	45706671	CCHCR1	XM_008959435.4	-	1	45706671	45706768	96	7
NC_073254.2	45712042	45712771	-1	1	-	NC_073254.2	45712607	45712742	45712337	45712447	CCHCR1	XM_008959435.4	-	1	45712447	45712607	159	7
NC_073254.2	45718645	45719044	-1	1	-	NC_073254.2	45718939	45719005	45718647	45718860	CCHCR1	XM_008959435.4	-	1	45718860	45718939	78	2
NC_073254.2	45718645	45719044	-1	1	-	NC_073254.2	45718939	45718954	45718647	45718860	CCHCR1	XM_008959438.5	-	1	45718860	45718939	78	5
NC_073254.2	46189802	46190279	-3	1	-	NC_073254.2	46189925	46190050	46189803	46189822	LOC106634867	XM_057302476.2	-	3	46189822	46189925	102	1
NC_073254.2	46244159	46244621	-3	1	-	NC_073254.2	46244378	46244530	46244174	46244266	VWA7	XM_003831552.6	-	3	46244266	46244378	111	1
NC_073254.2	46255893	46256652	-2	1	-	NC_073254.2	46256436	46256547	46255978	46256303	VARS1	XM_003831551.4	-	2	46256303	46256436	132	2
NC_073254.2	46258332	46258938	-2	1	-	NC_073254.2	46258702	46258772	46258492	46258617	VARS1	XM_003831551.4	-	2	46258617	46258702	84	2
NC_073254.2	46343690	46344221	-3	1	-	NC_073254.2	46344050	46344120	46343856	46343950	SLC44A4	XM_003831545.5	-	3	46343950	46344050	99	2
NC_073254.2	46359713	46360328	-3	1	-	NC_073254.2	46360056	46360134	46359715	46359890	EHMT2	XM_008956881.6	-	3	46359890	46360056	165	10
NC_073254.2	46421066	46421588	3	1	+	NC_073254.2	46421277	46421403	46421530	46421579	C2	XM_008956876.4	+	3	46421403	46421530	126	3
NC_073254.2	46427830	46428250	2	1	+	NC_073254.2	46427894	46428026	46428108	46428157	CFB	XM_008956880.4	+	2	46428026	46428108	81	1
NC_073254.2	46465004	46465406	3	1	+	NC_073254.2	46465005	46465121	46465227	46465398	C4A	XM_034961790.3	+	3	46465121	46465227	105	1
NC_073254.2	46467666	46468224	1	1	+	NC_073254.2	46467791	46467977	46468092	46468182	C4A	XM_034961790.3	+	1	46467977	46468092	114	1
NC_073254.2	46470023	46470557	3	1	+	NC_073254.2	46470106	46470195	46470280	46470378	C4A	XM_034961790.3	+	3	46470195	46470280	84	1
NC_073254.2	46478226	46478910	-2	1	-	NC_073254.2	46478512	46478663	46478322	46478418	LOC112440090	XM_055113449.2	-	2	46478418	46478512	93	1
NC_073254.2	46478991	46479525	-2	1	-	NC_073254.2	46479231	46479374	46479007	46479137	LOC112440090	XM_055113449.2	-	2	46479137	46479231	93	1
NC_073254.2	46479724	46480237	-1	1	-	NC_073254.2	46480063	46480185	46479805	46479948	LOC112440090	XM_055113449.2	-	1	46479948	46480063	114	1
NC_073254.2	46491465	46491867	1	1	+	NC_073254.2	46491466	46491582	46491688	46491859	LOC100988452	XM_003831534.5	+	1	46491582	46491688	105	1
NC_073254.2	46494127	46494685	2	1	+	NC_073254.2	46494252	46494438	46494553	46494643	LOC100988452	XM_003831534.5	+	2	46494438	46494553	114	1
NC_073254.2	46496484	46497018	1	1	+	NC_073254.2	46496567	46496656	46496741	46496839	LOC100988452	XM_003831534.5	+	1	46496656	46496741	84	1
NC_073254.2	46504681	46505365	-1	1	-	NC_073254.2	46504967	46505118	46504777	46504873	LOC100992963	XM_063605246.1	-	1	46504873	46504967	93	5
NC_073254.2	46505446	46505980	-1	1	-	NC_073254.2	46505686	46505829	46505462	46505592	LOC100992963	XM_063605246.1	-	1	46505592	46505686	93	5
NC_073254.2	46506179	46506692	-3	1	-	NC_073254.2	46506518	46506640	46506260	46506403	LOC100992963	XM_063605246.1	-	3	46506403	46506518	114	5
NC_073254.2	46530834	46531986	-2	1	-	NC_073254.2	46531329	46531643	46530897	46531214	LOC100992963	XM_063605246.1	-	2	46531214	46531329	114	5
NC_073254.2	46618242	46618578	1	1	+	NC_073254.2	46618274	46618369	46618457	46618564	PPT2	XM_003829767.5	+	1	46618369	46618457	87	3
NC_073254.2	46643085	46643400	1	1	+	NC_073254.2	46643086	46643203	46643306	46643400	RNF5	XM_003829773.5	+	1	46643203	46643306	102	2
NC_073254.2	46683124	46683694	-1	1	-	NC_073254.2	46683430	46683666	46683154	46683309	NOTCH4	XM_003829762.4	-	1	46683309	46683430	120	2
NC_073254.2	47455337	47455874	3	1	+	NC_073254.2	47455501	47455623	47455741	47455874	BRD2	XM_024929272.3	+	3	47455623	47455741	117	5
NC_073254.2	47643414	47643897	-2	1	-	NC_073254.2	47643805	47643858	47643423	47643690	COL11A2	XM_003808587.5	-	2	47643690	47643805	114	6
NC_073254.2	47645112	47645523	-2	1	-	NC_073254.2	47645299	47645406	47645137	47645190	COL11A2	XM_003808587.5	-	2	47645190	47645299	108	6
NC_073254.2	47648126	47648600	-3	1	-	NC_073254.2	47648436	47648489	47648202	47648255	COL11A2	XM_003808587.5	-	3	47648255	47648436	180	6
NC_073254.2	47672776	47673310	-1	1	-	NC_073254.2	47673196	47673287	47672778	47672883	RXRB	XM_003808590.6	-	1	47672883	47673196	312	1
NC_073254.2	47672776	47673310	-1	1	-	NC_073254.2	47673196	47673299	47672778	47672883	RXRB	XM_008960655.5	-	1	47672883	47673196	312	1
NC_073254.2	47767892	47768357	3	1	+	NC_073254.2	47768080	47768150	47768232	47768356	PFDN6	XM_008960652.5	+	3	47768150	47768232	81	3
NC_073254.2	47771698	47772070	-1	1	-	NC_073254.2	47771939	47771971	47771700	47771821	RGL2	XM_003808574.5	-	1	47771821	47771939	117	4
NC_073254.2	47772873	47773161	-2	1	-	NC_073254.2	47773033	47773117	47772883	47772951	RGL2	XM_003808574.5	-	2	47772951	47773033	81	4
NC_073254.2	48163087	48163900	2	1	+	NC_073254.2	48163201	48163309	48163442	48163532	ITPR3	XM_003808557.4	+	2	48163309	48163442	132	7
NC_073254.2	48164425	48165184	2	1	+	NC_073254.2	48164487	48164671	48164897	48165097	ITPR3	XM_003808557.4	+	2	48164671	48164897	225	7
NC_073254.2	49554101	49554809	3	1	+	NC_073254.2	49554117	49554287	49554621	49554809	ANKS1A	XM_063604838.1	+	3	49554287	49554621	333	6
NC_073254.2	49758718	49759309	2	1	+	NC_073254.2	49758815	49758931	49759190	49759265	ZNF76	XM_003808530.5	+	2	49758931	49759190	258	4
NC_073254.2	49760858	49761665	3	1	+	NC_073254.2	49761103	49761336	49761430	49761593	ZNF76	XM_003808530.5	+	3	49761336	49761430	93	7
NC_073254.2	52128188	52128497	-3	1	-	NC_073254.2	52128495	52128497	52128230	52128362	MDGA1	XM_063604886.1	-	3	52128362	52128495	132	1
NC_073254.2	56084763	56085384	1	1	+	NC_073254.2	56084929	56085012	56085121	56085328	FOXP4	XM_034962056.3	+	1	56085012	56085121	108	10
NC_073254.2	56084763	56085384	1	1	+	NC_073254.2	56084929	56085012	56085157	56085328	FOXP4	XM_034962059.3	+	1	56085012	56085157	144	7
NC_073254.2	57510636	57511149	1	1	+	NC_073254.2	57510783	57510855	57511000	57511116	PPP2R5D	XM_003833272.5	+	1	57510855	57511000	144	1
NC_073254.2	57704574	57705345	1	1	+	NC_073254.2	57704669	57704778	57704854	57705036	CUL9	XM_003833264.7	+	1	57704778	57704854	75	6
NC_073254.2	57704574	57705345	1	1	+	NC_073254.2	57704854	57705036	57705184	57705344	CUL9	XM_003833264.7	+	1	57705036	57705184	147	6
NC_073254.2	57758789	57759917	3	1	+	NC_073254.2	57759029	57759260	57759522	57759697	TTBK1	XM_034962125.4	+	3	57759260	57759522	261	4
NC_073254.2	58173369	58173786	-2	1	-	NC_073254.2	58173663	58173786	58173371	58173440	MRPS18A	XM_003833240.6	-	2	58173440	58173663	222	1
NC_073254.2	58659361	58659928	2	1	+	NC_073254.2	58659413	58659493	58659740	58659928	TMEM63B	XM_003833230.4	+	2	58659493	58659740	246	7
NC_073254.2	58686981	58687629	1	1	+	NC_073254.2	58687222	58687300	58687400	58687516	CAPN11	XM_003833229.5	+	1	58687300	58687400	99	1
NC_073254.2	58760699	58761944	-3	1	-	NC_073254.2	58761430	58761440	58760705	58760898	SLC35B2	XM_003833227.6	-	3	58760898	58761430	531	1
NC_073254.2	58764027	58764645	-2	1	-	NC_073254.2	58764478	58764566	58764070	58764309	NFKBIE	XM_003833228.6	-	2	58764309	58764478	168	1
NC_073254.2	71119284	71119602	-2	1	-	NC_073254.2	71119507	71119602	71119286	71119413	DST	XM_008954352.4	-	2	71119413	71119507	93	14
NC_073254.2	85679377	85679839	2	1	+	NC_073254.2	85679474	85679606	85679691	85679838	LOC129398007	XM_055113846.2	+	2	85679606	85679691	84	1
NC_073254.2	93496592	93497210	-3	1	-	NC_073254.2	93497022	93497201	93496617	93496913	EEF1A1	XM_003809528.5	-	3	93496913	93497022	108	3
NC_073255.2	11169147	11169876	1	1	+	NC_073255.2	11169172	11169327	11169463	11169549	GRID2IP	XM_034963655.3	+	1	11169327	11169463	135	7
NC_073255.2	112251436	112251835	2	1	+	NC_073255.2	112251533	112251586	112251737	112251790	COL1A2	XM_063606253.1	+	2	112251586	112251737	150	1
NC_073255.2	116077285	116077774	-3	1	-	NC_073255.2	116077550	116077699	116077287	116077444	TECPR1	XM_003815697.6	-	3	116077444	116077550	105	2
NC_073255.2	118090182	118090932	-1	1	-	NC_073255.2	118090525	118090664	118090184	118090359	GPC2	XM_063606008.1	-	1	118090359	118090525	165	1
NC_073255.2	118486557	118487469	-1	1	-	NC_073255.2	118487137	118487214	118486558	118486752	LRCH4	XM_008965431.6	-	1	118486752	118487137	384	3
NC_073255.2	118526142	118526568	1	1	+	NC_073255.2	118526255	118526419	118526540	118526568	MOSPD3	XM_003812914.4	+	1	118526419	118526540	120	4
NC_073255.2	118539290	118539686	-2	1	-	NC_073255.2	118539576	118539658	118539425	118539488	TFR2	XM_055115237.2	-	2	118539488	118539576	87	3
NC_073255.2	118544285	118544756	-2	1	-	NC_073255.2	118544574	118544685	118544346	118544468	TFR2	XM_055115237.2	-	2	118544468	118544574	105	3
NC_073255.2	118558600	118559044	-3	1	-	NC_073255.2	118558823	118558912	118558602	118558663	ACTL6B	XM_008965420.4	-	3	118558663	118558823	159	2
NC_073255.2	118559903	118560368	-2	1	-	NC_073255.2	118560107	118560201	118559934	118560040	ACTL6B	XM_008965420.4	-	2	118560040	118560107	66	2
NC_073255.2	118567099	118567792	-3	1	-	NC_073255.2	118567726	118567750	118567199	118567275	ACTL6B	XM_008965420.4	-	3	118567275	118567726	450	2
NC_073255.2	118594837	118595830	-3	1	-	NC_073255.2	118595495	118595577	118595243	118595383	GIGYF1	XM_034964604.3	-	3	118595383	118595495	111	14
NC_073255.2	118595630	118596254	-2	1	-	NC_073255.2	118595965	118596099	118595762	118595862	GIGYF1	XM_034964604.3	-	2	118595862	118595965	102	14
NC_073255.2	118771573	118772461	2	1	+	NC_073255.2	118771607	118771732	118771994	118772365	SLC12A9	XM_055115247.3	+	2	118771732	118771994	261	3
NC_073255.2	118788329	118788647	3	1	+	NC_073255.2	118788330	118788425	118788510	118788627	SRRT	XM_003812897.5	+	3	118788425	118788510	84	6
NC_073255.2	118947901	118948492	2	1	+	NC_073255.2	118948186	118948277	118948431	118948483	LOC117981257	XM_055115311.1	+	2	118948277	118948431	153	1
NC_073255.2	119046512	119055332	3	1	+	NC_073255.2	119047140	119047715	119047869	119049195	LOC129398343	XM_055115317.1	+	3	119047715	119047869	153	1
NC_073255.2	119223495	119224056	-1	1	-	NC_073255.2	119223745	119223886	119223544	119223657	PLOD3	XM_003807195.5	-	1	119223657	119223745	87	2
NC_073255.2	119224802	119225261	-2	1	-	NC_073255.2	119225059	119225163	119224804	119224929	PLOD3	XM_003807195.5	-	2	119224929	119225059	129	2
NC_073255.2	120497197	120497641	-3	1	-	NC_073255.2	120497428	120497492	120497198	120497316	LOC100972043	XM_055114751.2	-	3	120497316	120497428	111	5
NC_073255.2	141979233	141979638	-1	1	-	NC_073255.2	141979513	141979613	141979300	141979407	SRPK2	XM_034964709.2	-	1	141979407	141979513	105	9
NC_073255.2	165645666	165646326	1	1	+	NC_073255.2	165645752	165645945	165646036	165646149	FLNC	XM_003813502.5	+	1	165645945	165646036	90	5
NC_073255.2	165648331	165648856	2	1	+	NC_073255.2	165648377	165648494	165648585	165648847	FLNC	XM_003813502.5	+	2	165648494	165648585	90	5
NC_073255.2	165655271	165656081	3	1	+	NC_073255.2	165655381	165655521	165655810	165655938	FLNC	XM_003813502.5	+	3	165655521	165655810	288	5
NC_073255.2	165691207	165691540	-3	1	-	NC_073255.2	165691432	165691522	165691211	165691293	KCP	XM_055114852.2	-	3	165691293	165691432	138	1
NC_073255.2	178448259	178448868	-1	1	-	NC_073255.2	178448544	178448675	178448261	178448411	DENND11	XM_034965115.3	-	1	178448411	178448544	132	1
NC_073255.2	179179043	179179613	3	1	+	NC_073255.2	179179152	179179200	179179309	179179613	LOC112440465	unassigned_transcript_377	+	3	179179200	179179309	108	1
NC_073255.2	179286860	179287661	3	1	+	NC_073255.2	179286861	179287059	179287192	179287485	LOC100995080	unassigned_transcript_389	+	3	179287059	179287192	132	1
NC_073255.2	179294728	179295352	2	1	+	NC_073255.2	179294813	179294888	179295012	179295352	LOC129398291	unassigned_transcript_390	+	2	179294888	179295012	123	1
NC_073255.2	179763048	179763546	-1	1	-	NC_073255.2	179763328	179763493	179763087	179763153	LOC100989368	XM_063606397.1	-	1	179763153	179763328	174	1
NC_073255.2	180873392	180874016	3	1	+	NC_073255.2	180873396	180873647	180873693	180874016	LOC106635009	XM_055115267.1	+	3	180873647	180873693	45	1
NC_073255.2	187364987	187365680	-2	1	-	NC_073255.2	187365263	187365535	187364989	187365175	KCNH2	XM_014345869.5	-	2	187365175	187365263	87	4
NC_073255.2	187430099	187430489	3	1	+	NC_073255.2	187430151	187430283	187430410	187430488	NOS3	XM_008967939.5	+	3	187430283	187430410	126	1
NC_073255.2	187444623	187444965	-1	1	-	NC_073255.2	187444867	187444910	187444625	187444689	ATG9B	XM_055115530.2	-	1	187444689	187444867	177	2
NC_073255.2	187473389	187474208	3	1	+	NC_073255.2	187473725	187473816	187473898	187473977	ASIC3	XM_034965256.3	+	3	187473816	187473898	81	10
NC_073255.2	187478771	187479317	-2	1	-	NC_073255.2	187478991	187479079	187478827	187478894	CDK5	XM_055115536.1	-	2	187478894	187478991	96	2
NC_073255.2	187497427	187498240	2	1	+	NC_073255.2	187497552	187497721	187497959	187498132	SLC4A2	XM_055115532.3	+	2	187497721	187497959	237	1
NC_073255.2	187538459	187539203	3	1	+	NC_073255.2	187538692	187538750	187538994	187539081	AGAP3	XM_008967950.6	+	3	187538750	187538994	243	5
NC_073255.2	187661139	187662003	-1	1	-	NC_073255.2	187661602	187661724	187661374	187661475	SMARCD3	XM_008967959.4	-	1	187661475	187661602	126	3
NC_073255.2	26292109	26292694	2	1	+	NC_073255.2	26292116	26292122	26292540	26292655	SP4	XM_003825036.7	+	2	26292122	26292540	417	1
NC_073255.2	31026277	31026583	-3	1	-	NC_073255.2	31026457	31026558	31026301	31026381	HNRNPA2B1	XM_003807916.5	-	3	31026381	31026457	75	5
NC_073255.2	35779996	35780698	2	1	+	NC_073255.2	35780126	35780228	35780355	35780462	GHRHR	XM_008958907.5	+	2	35780228	35780355	126	1
NC_073255.2	41355273	41355699	-1	1	-	NC_073255.2	41355415	41355473	41355277	41355336	AOAH	XM_003814969.5	-	1	41355336	41355415	78	4
NC_073255.2	43189441	43190179	-3	1	-	NC_073255.2	43190077	43190119	43189442	43189965	LOC117980923	unassigned_transcript_359	-	3	43189965	43190077	111	1
NC_073255.2	48984879	48985482	-1	1	-	NC_073255.2	48985279	48985381	48984931	48985173	POLM	XM_003805243.5	-	1	48985173	48985279	105	10
NC_073255.2	49022257	49022776	2	1	+	NC_073255.2	49022387	49022531	49022628	49022713	AEBP1	XM_003805233.5	+	2	49022531	49022628	96	1
NC_073255.2	49146491	49147268	-2	1	-	NC_073255.2	49146822	49146859	49146573	49146644	CAMK2B	XM_034964021.4	-	2	49146644	49146822	177	8
NC_073255.2	52711213	52711585	-3	1	-	NC_073255.2	52711442	52711552	52711276	52711348	PKD1L1	XM_055115919.2	-	3	52711348	52711442	93	1
NC_073255.2	5929878	5930412	1	1	+	NC_073255.2	5929967	5930116	5930183	5930340	CYP2W1	XM_034965417.1	+	1	5930116	5930183	66	1
NC_073255.2	60087407	60088496	-2	1	-	NC_073255.2	60087778	60088331	60087409	60087534	LOC117980962	XM_034964129.3	-	2	60087534	60087778	243	2
NC_073255.2	60087407	60088496	-2	1	-	NC_073255.2	60088287	60088331	60087778	60088004	LOC117980962	XM_055115962.2	-	2	60088004	60088287	282	2
NC_073255.2	60087407	60088496	-2	1	-	NC_073255.2	60087778	60088004	60087409	60087534	LOC117980962	XM_055115962.2	-	2	60087534	60087778	243	2
NC_073255.2	60933409	60934186	-3	1	-	NC_073255.2	60934007	60934160	60933746	60933871	PHKG1	XM_008963810.4	-	3	60933871	60934007	135	4
NC_073255.2	6428044	6428944	-3	1	-	NC_073255.2	6428761	6428920	6428401	6428541	INTS1	XM_055115655.1	-	3	6428541	6428761	219	2
NC_073255.2	6434822	6435578	-2	1	-	NC_073255.2	6435198	6435377	6435006	6435110	INTS1	XM_055115655.1	-	2	6435110	6435198	87	2
NC_073255.2	6436476	6437181	-1	1	-	NC_073255.2	6436810	6436989	6436516	6436665	INTS1	XM_055115655.1	-	1	6436665	6436810	144	2
NC_073255.2	6448424	6449387	-2	1	-	NC_073255.2	6449112	6449298	6448825	6448970	INTS1	XM_055115655.1	-	2	6448970	6449112	141	2
NC_073255.2	6448424	6449387	-2	1	-	NC_073255.2	6448825	6448970	6448563	6448704	INTS1	XM_055115655.1	-	2	6448704	6448825	120	2
NC_073255.2	6449390	6449993	-2	1	-	NC_073255.2	6449609	6449768	6449392	6449497	INTS1	XM_055115655.1	-	2	6449497	6449609	111	1
NC_073255.2	6449390	6449993	-2	1	-	NC_073255.2	6449615	6449768	6449392	6449497	INTS1	XM_055115656.1	-	2	6449497	6449615	117	1
NC_073255.2	7533489	7534917	1	1	+	NC_073255.2	7534543	7534656	7534774	7534824	IQCE	XM_034963539.4	+	1	7534656	7534774	117	7
NC_073255.2	7533489	7534917	1	1	+	NC_073255.2	7534576	7534656	7534774	7534824	IQCE	XM_034963549.2	+	1	7534656	7534774	117	2
NC_073255.2	76816169	76817822	-2	1	-	NC_073255.2	76816907	76817731	76816170	76816576	LOC117980981	XM_034964189.2	-	2	76816576	76816907	330	1
NC_073255.2	76816169	76817822	-2	1	-	NC_073255.2	76817158	76817731	76816738	76817073	LOC117980981	XM_063606260.1	-	2	76817073	76817158	84	1
NC_073255.2	76816169	76817822	-2	1	-	NC_073255.2	76816738	76817073	76816170	76816569	LOC117980981	XM_063606260.1	-	2	76816569	76816738	168	1
NC_073255.2	81402173	81402785	3	1	+	NC_073255.2	81402380	81402464	81402564	81402623	ASL	XM_055115020.2	+	3	81402464	81402564	99	4
NC_073255.2	81402173	81402785	3	1	+	NC_073255.2	81402312	81402464	81402564	81402623	ASL	XM_057302699.2	+	3	81402464	81402564	99	1
NC_073255.2	82603505	82603955	-2	1	-	NC_073255.2	82603847	82603931	82603532	82603681	LOC117978413	XM_063605819.1	-	2	82603681	82603847	165	1
NC_073255.2	89977435	89977762	2	1	+	NC_073255.2	89977506	89977600	89977700	89977762	CASTOR2	XM_034951416.3	+	2	89977600	89977700	99	1
NC_073255.2	90122248	90122590	-3	1	-	NC_073255.2	90122515	90122590	90122250	90122415	NCF1	XM_003810304.6	-	3	90122415	90122515	99	1
NC_073255.2	90152187	90152649	-1	1	-	NC_073255.2	90152550	90152615	90152189	90152372	GTF2I	XM_034951428.2	-	1	90152372	90152550	177	17
NC_073255.2	91162453	91162948	2	1	+	NC_073255.2	91162484	91162654	91162766	91162947	ABHD11	XM_008968523.4	+	2	91162654	91162766	111	1
NC_073255.2	91213065	91213377	-1	1	-	NC_073255.2	91213263	91213345	91213067	91213163	BUD23	XM_003815568.7	-	1	91213163	91213263	99	3
NC_073255.2	91304390	91305014	3	1	+	NC_073255.2	91304635	91304702	91304778	91304928	MLXIPL	XM_003815573.4	+	3	91304702	91304778	75	4
NC_073255.2	91304390	91305014	3	1	+	NC_073255.2	91304635	91304702	91304781	91304928	MLXIPL	XM_008968529.4	+	3	91304702	91304781	78	2
NC_073255.2	93968329	93968608	2	1	+	NC_073255.2	93968354	93968422	93968498	93968608	TMEM120A	XM_008961064.5	+	2	93968422	93968498	75	1
NC_073255.2	9751361	9751673	3	1	+	NC_073255.2	9751381	9751418	9751488	9751650	AP5Z1	XM_003819750.6	+	3	9751418	9751488	69	4
NC_073256.2	108759832	108760090	2	1	+	NC_073256.2	108759842	108759896	108759981	108760084	SLC26A7	XM_003821136.5	+	2	108759896	108759981	84	3
NC_073256.2	111506790	111507276	-3	1	-	NC_073256.2	111507114	111507272	111506809	111507008	CDH17	XM_034966347.2	-	3	111507008	111507114	105	1
NC_073256.2	117310230	117310536	-3	1	-	NC_073256.2	117310443	117310536	117310245	117310325	RGS22	XM_003821702.5	-	3	117310325	117310443	117	8
NC_073256.2	15842354	15843647	-1	1	-	NC_073256.2	15843008	15843551	15842355	15842659	LOC134730857	XM_063606538.1	-	1	15842659	15843008	348	1
NC_073256.2	159908435	159908957	3	1	+	NC_073256.2	159908485	159908649	159908788	159908952	ADGRB1	XM_034966742.3	+	3	159908649	159908788	138	2
NC_073256.2	159908435	159908957	3	1	+	NC_073256.2	159908485	159908649	159908788	159908951	ADGRB1	XM_055117033.2	+	3	159908649	159908788	138	11
NC_073256.2	159919921	159920629	2	1	+	NC_073256.2	159920004	159920079	159920305	159920407	ADGRB1	XM_034966742.3	+	2	159920079	159920305	225	13
NC_073256.2	159976209	159976701	1	1	+	NC_073256.2	159976276	159976311	159976447	159976581	ADGRB1	XM_034966742.3	+	1	159976311	159976447	135	4
NC_073256.2	159976209	159976701	1	1	+	NC_073256.2	159976276	159976311	159976447	159976560	ADGRB1	XM_055117036.2	+	1	159976311	159976447	135	2
NC_073256.2	159976209	159976701	1	1	+	NC_073256.2	159976276	159976311	159976474	159976581	ADGRB1	XM_055117038.2	+	1	159976311	159976474	162	6
NC_073256.2	159976209	159976701	1	1	+	NC_073256.2	159976276	159976311	159976474	159976560	ADGRB1	XM_055117041.2	+	1	159976311	159976474	162	2
NC_073256.2	160554657	160555152	1	1	+	NC_073256.2	160554709	160554781	160554866	160554982	LY6L	XM_034966759.3	+	1	160554781	160554866	84	1
NC_073256.2	160691888	160692467	3	1	+	NC_073256.2	160691965	160692078	160692211	160692467	GPIHBP1	XM_034966765.3	+	3	160692078	160692211	132	1
NC_073256.2	161042315	161042666	3	1	+	NC_073256.2	161042355	161042369	161042631	161042661	GSDMD	XM_063606484.1	+	3	161042369	161042631	261	1
NC_073256.2	161058730	161059498	-2	1	-	NC_073256.2	161059034	161059114	161058835	161058937	NAPRT	XM_003819451.7	-	2	161058937	161059034	96	5
NC_073256.2	161189391	161190876	-3	1	-	NC_073256.2	161190361	161190804	161189392	161190264	CCDC166	XM_034966818.3	-	3	161190264	161190361	96	1
NC_073256.2	161189391	161190876	-3	1	-	NC_073256.2	161190361	161190804	161189650	161190264	CCDC166	XM_034966821.3	-	3	161190264	161190361	96	1
NC_073256.2	161189391	161190876	-3	1	-	NC_073256.2	161189650	161190264	161189392	161189529	CCDC166	XM_034966821.3	-	3	161189529	161189650	120	2
NC_073256.2	161189391	161190876	-3	1	-	NC_073256.2	161190385	161190804	161189650	161190264	CCDC166	XM_055116046.2	-	3	161190264	161190385	120	1
NC_073256.2	161200426	161200954	2	1	+	NC_073256.2	161200694	161200723	161200859	161200949	MAPK15	XM_003819448.5	+	2	161200723	161200859	135	2
NC_073256.2	161201213	161201780	3	1	+	NC_073256.2	161201398	161201528	161201616	161201779	MAPK15	XM_003819448.5	+	3	161201528	161201616	87	2
NC_073256.2	161202840	161203923	1	1	+	NC_073256.2	161203419	161203556	161203716	161203821	MAPK15	XM_003819448.5	+	1	161203556	161203716	159	2
NC_073256.2	161277193	161277856	-2	1	-	NC_073256.2	161277686	161277793	161277418	161277577	SCRIB	XM_034966823.4	-	2	161277577	161277686	108	6
NC_073256.2	161277193	161277856	-2	1	-	NC_073256.2	161277418	161277577	161277195	161277345	SCRIB	XM_034966823.4	-	2	161277345	161277418	72	6
NC_073256.2	161289193	161289817	-2	1	-	NC_073256.2	161289521	161289814	161289257	161289445	SCRIB	XM_034966823.4	-	2	161289445	161289521	75	7
NC_073256.2	161290303	161290996	-2	1	-	NC_073256.2	161290823	161290903	161290442	161290714	SCRIB	XM_034966823.4	-	2	161290714	161290823	108	6
NC_073256.2	161290303	161290996	-2	1	-	NC_073256.2	161290844	161290903	161290442	161290714	SCRIB	XM_034966824.2	-	2	161290714	161290844	129	1
NC_073256.2	161303716	161304271	-2	1	-	NC_073256.2	161304179	161304271	161303848	161304061	PUF60	XM_003819445.7	-	2	161304061	161304179	117	11
NC_073256.2	161320577	161321342	-1	1	-	NC_073256.2	161321184	161321237	161321024	161321087	NRBP2	XM_003819444.6	-	1	161321087	161321184	96	2
NC_073256.2	161320577	161321342	-1	1	-	NC_073256.2	161321184	161321237	161320578	161321087	NRBP2	XM_063606974.1	-	1	161321087	161321184	96	1
NC_073256.2	161323780	161324212	-2	1	-	NC_073256.2	161324062	161324145	161323928	161323983	NRBP2	XM_003819444.6	-	2	161323983	161324062	78	3
NC_073256.2	161423094	161423769	-3	1	-	NC_073256.2	161423452	161423547	161423135	161423262	PLEC	XM_034966854.3	-	3	161423262	161423452	189	35
NC_073256.2	161423521	161424016	-2	1	-	NC_073256.2	161423828	161423934	161423627	161423746	PLEC	XM_034966854.3	-	2	161423746	161423828	81	27
NC_073256.2	161423521	161424016	-2	1	-	NC_073256.2	161423840	161423934	161423627	161423746	PLEC	XM_034966855.3	-	2	161423746	161423840	93	8
NC_073256.2	161472818	161473394	-1	1	-	NC_073256.2	161473065	161473286	161472863	161472959	PARP10	XM_055116062.2	-	1	161472959	161473065	105	7
NC_073256.2	161472818	161473394	-1	1	-	NC_073256.2	161473065	161473286	161472890	161472959	PARP10	XM_055116063.2	-	1	161472959	161473065	105	2
NC_073256.2	161573611	161574259	2	1	+	NC_073256.2	161573631	161573732	161573826	161574022	GPAA1	XM_055116074.2	+	2	161573732	161573826	93	10
NC_073256.2	161605525	161605894	2	1	+	NC_073256.2	161605546	161605616	161605695	161605894	WDR97	XM_034966888.4	+	2	161605616	161605695	78	5
NC_073256.2	161800532	161801159	3	1	+	NC_073256.2	161800733	161800838	161800950	161801015	HSF1	XM_034966906.3	+	3	161800838	161800950	111	6
NC_073256.2	161840921	161841413	-1	1	-	NC_073256.2	161841137	161841332	161840961	161841046	TMEM249	XM_003819427.5	-	1	161841046	161841137	90	1
NC_073256.2	161846598	161848050	1	1	+	NC_073256.2	161846599	161846728	161846831	161847701	SLC52A2	XM_003819423.5	+	1	161846728	161846831	102	4
NC_073256.2	161846598	161848050	1	1	+	NC_073256.2	161846831	161847701	161847798	161847921	SLC52A2	XM_003819423.5	+	1	161847701	161847798	96	4
NC_073256.2	161846598	161848050	1	1	+	NC_073256.2	161846599	161846728	161846831	161848050	SLC52A2	XM_063607005.1	+	1	161846728	161846831	102	1
NC_073256.2	161880465	161881056	1	1	+	NC_073256.2	161880508	161880533	161880648	161880843	ADCK5	XM_034966920.3	+	1	161880533	161880648	114	3
NC_073256.2	161882892	161883432	-3	1	-	NC_073256.2	161883222	161883360	161882893	161883146	CPSF1	XM_034966915.3	-	3	161883146	161883222	75	3
NC_073256.2	161883101	161883482	-1	1	-	NC_073256.2	161883222	161883360	161883102	161883146	CPSF1	XM_003819416.5	-	1	161883146	161883222	75	3
NC_073256.2	161883435	161883831	-3	1	-	NC_073256.2	161883654	161883809	161883437	161883566	CPSF1	XM_003819416.5	-	3	161883566	161883654	87	3
NC_073256.2	161883927	161884464	-3	1	-	NC_073256.2	161884150	161884326	161884005	161884071	CPSF1	XM_003819416.5	-	3	161884071	161884150	78	6
NC_073256.2	161886495	161887827	-3	1	-	NC_073256.2	161887562	161887698	161887306	161887480	CPSF1	XM_003819416.5	-	3	161887480	161887562	81	6
NC_073256.2	161887721	161888402	-1	1	-	NC_073256.2	161888126	161888267	161887773	161887951	CPSF1	XM_003819416.5	-	1	161887951	161888126	174	6
NC_073256.2	161889528	161889927	-3	1	-	NC_073256.2	161889739	161889861	161889603	161889654	CPSF1	XM_003819416.5	-	3	161889654	161889739	84	6
NC_073256.2	161890141	161890534	-2	1	-	NC_073256.2	161890312	161890422	161890143	161890236	CPSF1	XM_003819416.5	-	2	161890236	161890312	75	6
NC_073256.2	161904196	161905285	-2	1	-	NC_073256.2	161904515	161904646	161904277	161904331	SLC39A4	XM_003819418.4	-	2	161904331	161904515	183	3
NC_073256.2	161935796	161936648	-1	1	-	NC_073256.2	161936159	161936183	161935949	161936044	TONSL	XM_003819417.5	-	1	161936044	161936159	114	2
NC_073256.2	161990051	161990396	3	1	+	NC_073256.2	161990104	161990174	161990250	161990395	PPP1R16A	XM_024929834.5	+	3	161990174	161990250	75	34
NC_073256.2	162001652	162002012	3	1	+	NC_073256.2	162001657	162001796	162001887	162002011	MFSD3	XM_055116157.2	+	3	162001796	162001887	90	1
NC_073256.2	162001652	162002012	3	1	+	NC_073256.2	162001714	162001796	162001887	162002011	MFSD3	XM_063607033.1	+	3	162001796	162001887	90	1
NC_073256.2	162004443	162005079	-3	1	-	NC_073256.2	162004857	162004998	162004504	162004766	RECQL4	XM_055116106.2	-	3	162004766	162004857	90	17
NC_073256.2	162016573	162017179	-2	1	-	NC_073256.2	162017003	162017161	162016628	162016906	LRRC24	XM_055116125.2	-	2	162016906	162017003	96	3
NC_073256.2	40526680	40527556	2	1	+	NC_073256.2	40526903	40526993	40527123	40527208	NPM2	XM_008977271.4	+	2	40526993	40527123	129	16
NC_073256.2	40526680	40527556	2	1	+	NC_073256.2	40526936	40526993	40527123	40527208	NPM2	XM_034965775.3	+	2	40526993	40527123	129	2
NC_073256.2	40538129	40538354	3	1	+	NC_073256.2	40538168	40538201	40538313	40538354	NPM2	XM_008977271.4	+	3	40538201	40538313	111	2
NC_073256.2	40599317	40600202	3	1	+	NC_073256.2	40599342	40599446	40599543	40599665	FHIP2B	XM_034965788.3	+	3	40599446	40599543	96	7
NC_073256.2	40599317	40600202	3	1	+	NC_073256.2	40599543	40599665	40599894	40600136	FHIP2B	XM_034965788.3	+	3	40599665	40599894	228	7
NC_073256.2	40621708	40622521	-2	1	-	NC_073256.2	40622152	40622317	40621917	40621986	HR	XM_003823608.5	-	2	40621986	40622152	165	4
NC_073256.2	40640439	40640937	-3	1	-	NC_073256.2	40640742	40640877	40640455	40640609	REEP4	XM_008977248.4	-	3	40640609	40640742	132	3
NC_073256.2	45981146	45981617	3	1	+	NC_073256.2	45981228	45981374	45981522	45981557	PTK2B	XM_008956236.7	+	3	45981374	45981522	147	8
NC_073256.2	56394574	56395243	2	1	+	NC_073256.2	56394689	56394838	56394968	56395129	ADGRA2	XM_034965941.4	+	2	56394838	56394968	129	3
NC_073256.2	62835887	62836349	-1	1	-	NC_073256.2	62836244	62836289	62835888	62836141	LOC100978840	unassigned_transcript_423	-	1	62836141	62836244	102	1
NC_073256.2	63482818	63483454	-2	1	-	NC_073256.2	63483045	63483169	63482820	63482969	PRKDC	XM_055116533.2	-	2	63482969	63483045	75	4
NC_073256.2	70316512	70316800	2	1	+	NC_073256.2	70316536	70316612	70316712	70316743	RP1	XM_057303012.2	+	2	70316612	70316712	99	1
NC_073257.2	105638303	105639026	-2	1	-	NC_073257.2	105638781	105638891	105638539	105638675	RBP4	XM_008950694.5	-	2	105638675	105638781	105	2
NC_073257.2	106844230	106844719	2	1	+	NC_073257.2	106844231	106844393	106844565	106844714	CYP2C9	XM_003825387.7	+	2	106844393	106844565	171	2
NC_073257.2	107244629	107245283	-2	1	-	NC_073257.2	107245155	107245269	107244876	107245001	SORBS1	XM_034931140.3	-	2	107245001	107245155	153	50
NC_073257.2	107517444	107517948	-1	1	-	NC_073257.2	107517681	107517876	107517457	107517578	ALDH18A1	XM_003825394.6	-	1	107517578	107517681	102	5
NC_073257.2	109286622	109287075	-1	1	-	NC_073257.2	109286952	109287057	109286664	109286771	RRP12	XM_008950736.5	-	1	109286771	109286952	180	2
NC_073257.2	109366052	109366574	3	1	+	NC_073257.2	109366071	109366265	109366395	109366483	ZDHHC16	XM_003825424.4	+	3	109366265	109366395	129	9
NC_073257.2	112871784	112872516	-1	1	-	NC_073257.2	112872138	112872244	112871785	112872023	MRPL43	XM_008950812.4	-	1	112872023	112872138	114	1
NC_073257.2	112896987	112897374	-1	1	-	NC_073257.2	112897261	112897352	112897019	112897110	PDZD7	XM_034931311.3	-	1	112897110	112897261	150	3
NC_073257.2	114288118	114288661	2	1	+	NC_073257.2	114288156	114288325	114288449	114288551	NFKB2	XM_003825515.5	+	2	114288325	114288449	123	7
NC_073257.2	114308529	114309150	1	1	+	NC_073257.2	114308626	114308678	114308850	114309003	FBXL15	XM_003825518.5	+	1	114308678	114308850	171	2
NC_073257.2	114308529	114309150	1	1	+	NC_073257.2	114308548	114308678	114308850	114309003	FBXL15	XM_008950846.6	+	1	114308678	114308850	171	1
NC_073257.2	12544881	12545370	-1	1	-	NC_073257.2	12545262	12545370	12545073	12545183	TUBB8	XM_063607221.1	-	1	12545183	12545262	78	2
NC_073257.2	131016499	131016808	-3	1	-	NC_073257.2	131016752	131016805	131016614	131016670	SFXN4	XM_003825644.4	-	3	131016670	131016752	81	5
NC_073257.2	131434220	131434550	-2	1	-	NC_073257.2	131434412	131434507	131434222	131434306	TIAL1	XM_003825651.6	-	2	131434306	131434412	105	7
NC_073257.2	13153097	13155137	3	1	+	NC_073257.2	13153314	13154594	13154643	13155137	LOC134731077	XM_063607220.1	+	3	13154594	13154643	48	1
NC_073257.2	141858003	141858744	-1	1	-	NC_073257.2	141858308	141858441	141858040	141858196	EBF3	XM_034931715.3	-	1	141858196	141858308	111	8
NC_073257.2	144103274	144103847	3	1	+	NC_073257.2	144103299	144103382	144103710	144103772	JAKMIP3	XM_055093493.2	+	3	144103382	144103710	327	22
NC_073257.2	144872329	144873442	-3	1	-	NC_073257.2	144872762	144872896	144872480	144872659	CFAP46	XM_055093516.1	-	3	144872659	144872762	102	1
NC_073257.2	144940784	144941417	-2	1	-	NC_073257.2	144941188	144941400	144940797	144940962	CFAP46	XM_055093516.1	-	2	144940962	144941188	225	1
NC_073257.2	145396623	145397979	-1	1	-	NC_073257.2	145397771	145397847	145397263	145397452	ADAM8	XM_024930247.3	-	1	145397452	145397771	318	1
NC_073257.2	145396623	145397979	-1	1	-	NC_073257.2	145397263	145397452	145396966	145397028	ADAM8	XM_024930247.3	-	1	145397028	145397263	234	1
NC_073257.2	145396623	145397979	-1	1	-	NC_073257.2	145396966	145397028	145396807	145396875	ADAM8	XM_024930247.3	-	1	145396875	145396966	90	1
NC_073257.2	145593076	145594771	-3	1	-	NC_073257.2	145593377	145594486	145593077	145593343	LOC134731153	XM_063607923.1	-	3	145593343	145593377	33	1
NC_073257.2	146474319	146475468	1	1	+	NC_073257.2	146474534	146474629	146474861	146474937	LOC117979216	XM_034953527.2	+	1	146474629	146474861	231	2
NC_073257.2	146474319	146475468	1	1	+	NC_073257.2	146474861	146474937	146475169	146475328	LOC117979216	XM_034953527.2	+	1	146474937	146475169	231	2
NC_073257.2	146484282	146485026	1	1	+	NC_073257.2	146484332	146484436	146484590	146484769	LOC117976139	XM_055093545.1	+	1	146484436	146484590	153	1
NC_073257.2	56329232	56330315	3	1	+	NC_073257.2	56329269	56329631	56330082	56330159	ZNF485	XM_003816735.5	+	3	56329631	56330082	450	1
NC_073257.2	58269158	58269947	3	1	+	NC_073257.2	58269164	58269285	58269487	58269587	ALOX5	XM_003816753.4	+	3	58269285	58269487	201	1
NC_073257.2	58597116	58597680	1	1	+	NC_073257.2	58597327	58597329	58597426	58597548	WASHC2C	XM_055092708.2	+	1	58597329	58597426	96	11
NC_073257.2	62019418	62020153	-3	1	-	NC_073257.2	62019707	62019886	62019428	62019556	OGDHL	XM_014343700.5	-	3	62019556	62019707	150	6
NC_073257.2	62387588	62388152	-2	1	-	NC_073257.2	62387940	62387942	62387721	62387843	LOC100967802	XM_055092794.2	-	2	62387843	62387940	96	17
NC_073257.2	68657203	68657542	-3	1	-	NC_073257.2	68657339	68657507	68657204	68657242	ZWINT	XM_003821167.7	-	3	68657242	68657339	96	1
NC_073257.2	68657203	68657542	-3	1	-	NC_073257.2	68657339	68657470	68657204	68657242	ZWINT	XM_003821168.5	-	3	68657242	68657339	96	1
NC_073257.2	68657203	68657542	-3	1	-	NC_073257.2	68657339	68657488	68657204	68657242	ZWINT	XM_008974640.6	-	3	68657242	68657339	96	1
NC_073257.2	80595204	80595609	-1	1	-	NC_073257.2	80595419	80595535	80595231	80595340	SLC25A16	XM_055092914.1	-	1	80595340	80595419	78	8
NC_073257.2	80634832	80635177	-3	1	-	NC_073257.2	80635097	80635165	80634834	80634928	SLC25A16	XM_055092915.2	-	3	80634928	80635097	168	1
NC_073257.2	81395984	81396593	3	1	+	NC_073257.2	81396223	81396368	81396468	81396587	HKDC1	XM_003815922.6	+	3	81396368	81396468	99	1
NC_073257.2	83661218	83661662	3	1	+	NC_073257.2	83661315	83661362	83661501	83661593	LOC129392945	XM_055092951.2	+	3	83661362	83661501	138	1
NC_073257.2	83957733	83958420	1	1	+	NC_073257.2	83957900	83958151	83958230	83958391	LOC100983880	XM_008968975.5	+	1	83958151	83958230	78	4
NC_073257.2	83962399	83963077	2	1	+	NC_073257.2	83962679	83962749	83962867	83962996	LOC100983880	XM_055092950.2	+	2	83962749	83962867	117	2
NC_073257.2	85331316	85331727	-1	1	-	NC_073257.2	85331611	85331698	85331318	85331496	ECD	XM_003815981.7	-	1	85331496	85331611	114	6
NC_073257.2	85940237	85940741	3	1	+	NC_073257.2	85940260	85940432	85940604	85940711	ZSWIM8	XM_014346485.5	+	3	85940432	85940604	171	17
NC_073257.2	86023910	86024282	-2	1	-	NC_073257.2	86024140	86024141	86023928	86024022	CAMK2G	XM_034930827.3	-	2	86024022	86024140	117	2
NC_073257.2	87395542	87396337	-3	1	-	NC_073257.2	87396112	87396205	87395544	87395649	COMTD1	XM_063607776.1	-	3	87395649	87396112	462	1
NC_073257.2	96203980	96204934	-3	1	-	NC_073257.2	96204883	96204912	96203981	96204738	LRIT2	XM_003828212.6	-	3	96204738	96204883	144	1
NC_073257.2	98918222	98918621	3	1	+	NC_073257.2	98918281	98918411	98918499	98918621	BMPR1A	XM_034931037.3	+	3	98918411	98918499	87	8
NC_073257.2	98953024	98953534	2	1	+	NC_073257.2	98953025	98953151	98953260	98953490	SNCG	XM_024930361.4	+	2	98953151	98953260	108	1
NC_073258.2	117534174	117535008	1	1	+	NC_073258.2	117534211	117534319	117534455	117534578	APOC3	XM_003820084.4	+	1	117534319	117534455	135	1
NC_073258.2	117534174	117535008	1	1	+	NC_073258.2	117534265	117534319	117534455	117534578	APOC3	XM_057299041.1	+	1	117534319	117534455	135	1
NC_073258.2	117882114	117882477	1	1	+	NC_073258.2	117882148	117882249	117882352	117882435	SIDT2	XM_024930697.4	+	1	117882249	117882352	102	6
NC_073258.2	118868148	118869075	-3	1	-	NC_073258.2	118868902	118869068	118868403	118868613	SCN2B	XM_003820059.6	-	3	118868613	118868902	288	1
NC_073258.2	119365892	119366411	-1	1	-	NC_073258.2	119366324	119366373	119365997	119366191	TREH	XM_003820034.5	-	1	119366191	119366324	132	1
NC_073258.2	119751289	119751700	-2	1	-	NC_073258.2	119751391	119751631	119751290	119751291	HYOU1	XM_055094975.2	-	2	119751291	119751391	99	1
NC_073258.2	119752903	119753536	-2	1	-	NC_073258.2	119753303	119753390	119753075	119753197	HYOU1	XM_003820019.5	-	2	119753197	119753303	105	19
NC_073258.2	119797690	119798059	2	1	+	NC_073258.2	119797712	119797798	119797889	119798059	HMBS	XM_003820013.5	+	2	119797798	119797889	90	4
NC_073258.2	119837703	119838102	1	1	+	NC_073258.2	119837816	119837893	119837981	119838101	HINFP	XM_003820007.5	+	1	119837893	119837981	87	7
NC_073258.2	119837703	119838102	1	1	+	NC_073258.2	119837786	119837893	119837981	119838101	HINFP	XM_008973429.4	+	1	119837893	119837981	87	7
NC_073258.2	119837703	119838102	1	1	+	NC_073258.2	119837881	119837893	119837981	119838101	HINFP	XM_024930832.4	+	1	119837893	119837981	87	1
NC_073258.2	120019421	120020003	-1	1	-	NC_073258.2	120019782	120019900	120019538	120019679	MCAM	XM_034933884.3	-	1	120019679	120019782	102	4
NC_073258.2	120049301	120049772	-1	1	-	NC_073258.2	120049608	120049735	120049302	120049523	MFRP	XM_003819993.6	-	1	120049523	120049608	84	1
NC_073258.2	124318143	124318833	1	1	+	NC_073258.2	124318377	124318388	124318725	124318832	GRAMD1B	XM_034933924.3	+	1	124318388	124318725	336	4
NC_073258.2	125574376	125574895	2	1	+	NC_073258.2	125574463	125574614	125574738	125574848	ROBO3	XM_003819932.5	+	2	125574614	125574738	123	7
NC_073258.2	125591015	125591567	-1	1	-	NC_073258.2	125591444	125591564	125591031	125591158	ROBO4	XM_003819930.6	-	1	125591158	125591444	285	2
NC_073258.2	125772782	125773181	3	1	+	NC_073258.2	125772882	125772975	125773102	125773180	SLC37A2	XM_003819926.5	+	3	125772975	125773102	126	1
NC_073258.2	125780442	125781123	1	1	+	NC_073258.2	125780470	125780518	125780711	125780784	SLC37A2	XM_003819926.5	+	1	125780518	125780711	192	1
NC_073258.2	125780442	125781123	1	1	+	NC_073258.2	125780711	125780784	125781040	125781118	SLC37A2	XM_003819926.5	+	1	125780784	125781040	255	1
NC_073258.2	130559861	130560251	-1	1	-	NC_073258.2	130560018	130560097	130559863	130559909	NFRKB	XM_034934055.3	-	1	130559909	130560018	108	17
NC_073258.2	134969622	134970324	1	1	+	NC_073258.2	134969675	134969817	134970181	134970324	VPS26B	XM_008973259.4	+	1	134969817	134970181	363	1
NC_073258.2	2662221	2662860	1	1	+	NC_073258.2	2662344	2662555	2662670	2662860	PGGHG	XM_034931786.3	+	1	2662555	2662670	114	4
NC_073258.2	2744292	2744838	1	1	+	NC_073258.2	2744503	2744598	2744677	2744767	B4GALNT4	XM_034931797.4	+	1	2744598	2744677	78	4
NC_073258.2	2751190	2752024	2	1	+	NC_073258.2	2751614	2751767	2752020	2752024	B4GALNT4	XM_034931801.3	+	2	2751767	2752020	252	1
NC_073258.2	2772386	2773046	3	1	+	NC_073258.2	2772528	2772681	2772853	2773045	PKP3	XM_034931803.4	+	3	2772681	2772853	171	2
NC_073258.2	2798220	2798958	-3	1	-	NC_073258.2	2798758	2798854	2798433	2798493	ANO9	XM_034931811.3	-	3	2798493	2798758	264	1
NC_073258.2	2798220	2798958	-3	1	-	NC_073258.2	2798433	2798493	2798245	2798327	ANO9	XM_034931811.3	-	3	2798327	2798433	105	1
NC_073258.2	2932158	2932929	-3	1	-	NC_073258.2	2932681	2932879	2932159	2932287	LMNTD2	XM_055093891.1	-	3	2932287	2932681	393	1
NC_073258.2	2934941	2935532	-1	1	-	NC_073258.2	2935260	2935415	2934948	2935016	LMNTD2	XM_055093891.1	-	1	2935016	2935260	243	1
NC_073258.2	2989471	2990242	2	1	+	NC_073258.2	2989542	2989802	2989995	2990123	PHRF1	XM_055093909.2	+	2	2989802	2989995	192	7
NC_073258.2	2992223	2992919	-1	1	-	NC_073258.2	2992748	2992828	2992229	2992618	IRF7	XM_055093923.2	-	1	2992618	2992748	129	3
NC_073258.2	3114084	3114828	1	1	+	NC_073258.2	3114357	3114499	3114578	3114648	EPS8L2	XM_003805080.6	+	1	3114499	3114578	78	4
NC_073258.2	3114854	3115814	3	1	+	NC_073258.2	3114861	3114987	3115171	3115259	EPS8L2	XM_003805080.6	+	3	3114987	3115171	183	4
NC_073258.2	3114854	3115814	3	1	+	NC_073258.2	3115171	3115259	3115665	3115813	EPS8L2	XM_003805080.6	+	3	3115259	3115665	405	4
NC_073258.2	3190111	3190801	-2	1	-	NC_073258.2	3190429	3190547	3190113	3190287	SLC25A22	XM_003805065.4	-	2	3190287	3190429	141	12
NC_073258.2	3198240	3199074	-3	1	-	NC_073258.2	3198884	3199019	3198661	3198811	PIDD1	XM_055093933.2	-	3	3198811	3198884	72	8
NC_073258.2	3200431	3201025	-2	1	-	NC_073258.2	3200584	3200793	3200445	3200499	PIDD1	XM_055093933.2	-	2	3200499	3200584	84	8
NC_073258.2	3210123	3210588	1	1	+	NC_073258.2	3210290	3210388	3210515	3210588	RPLP2	XM_003805074.7	+	1	3210388	3210515	126	1
NC_073258.2	3220516	3221344	2	1	+	NC_073258.2	3220536	3220768	3220865	3220930	PNPLA2	XM_034931870.3	+	2	3220768	3220865	96	1
NC_073258.2	3235806	3236715	1	1	+	NC_073258.2	3236209	3236313	3236419	3236577	CD151	XM_034931879.4	+	1	3236313	3236419	105	3
NC_073258.2	3418513	3432796	-2	1	-	NC_073258.2	3432307	3432720	3431293	3431799	MUC6	XM_063608025.1	-	2	3431799	3432307	507	1
NC_073258.2	3418513	3432796	-2	1	-	NC_073258.2	3431293	3431799	3429559	3429774	MUC6	XM_063608025.1	-	2	3429774	3431293	1518	1
NC_073258.2	3418513	3432796	-2	1	-	NC_073258.2	3429559	3429774	3418750	3420621	MUC6	XM_063608025.1	-	2	3420621	3429559	8937	1
NC_073258.2	3439616	3440657	-1	1	-	NC_073258.2	3440319	3440460	3440124	3440234	MUC6	XM_063608025.1	-	1	3440234	3440319	84	1
NC_073258.2	3441859	3442558	-2	1	-	NC_073258.2	3442286	3442380	3442006	3442138	MUC6	XM_063608025.1	-	2	3442138	3442286	147	1
NC_073258.2	3445123	3445651	-2	1	-	NC_073258.2	3445504	3445594	3445268	3445377	MUC6	XM_063608025.1	-	2	3445377	3445504	126	1
NC_073258.2	3493445	3494171	3	1	+	NC_073258.2	3493666	3493803	3493894	3494058	MUC2	XM_063607947.1	+	3	3493803	3493894	90	1
NC_073258.2	3504790	3513619	2	1	+	NC_073258.2	3504978	3506202	3506251	3506402	MUC2	XM_063607947.1	+	2	3506202	3506251	48	1
NC_073258.2	3504790	3513619	2	1	+	NC_073258.2	3506251	3506402	3506901	3513371	MUC2	XM_063607947.1	+	2	3506402	3506901	498	1
NC_073258.2	3593554	3605986	2	1	+	NC_073258.2	3593691	3595259	3597399	3600419	MUC5AC	XM_063608031.1	+	2	3595259	3597399	2139	1
NC_073258.2	3593554	3605986	2	1	+	NC_073258.2	3597399	3600419	3604605	3605052	MUC5AC	XM_063608031.1	+	2	3600419	3604605	4185	1
NC_073258.2	3593554	3605986	2	1	+	NC_073258.2	3604605	3605052	3605317	3605981	MUC5AC	XM_063608031.1	+	2	3605052	3605317	264	1
NC_073258.2	3612682	3613321	2	1	+	NC_073258.2	3612860	3612979	3613184	3613253	MUC5AC	XM_063608031.1	+	2	3612979	3613184	204	1
NC_073258.2	3640277	3640940	3	1	+	NC_073258.2	3640526	3640640	3640803	3640893	MUC5B	XM_055093955.2	+	3	3640640	3640803	162	1
NC_073258.2	3644429	3645521	3	1	+	NC_073258.2	3644454	3644523	3644941	3645078	MUC5B	XM_055093955.2	+	3	3644523	3644941	417	1
NC_073258.2	3654547	3669328	2	1	+	NC_073258.2	3654600	3657587	3658044	3659553	MUC5B	XM_055093955.2	+	2	3657587	3658044	456	1
NC_073258.2	3654547	3669328	2	1	+	NC_073258.2	3658044	3659553	3659641	3661919	MUC5B	XM_055093955.2	+	2	3659553	3659641	87	1
NC_073258.2	3654547	3669328	2	1	+	NC_073258.2	3659641	3661919	3662418	3663924	MUC5B	XM_055093955.2	+	2	3661919	3662418	498	1
NC_073258.2	3654547	3669328	2	1	+	NC_073258.2	3662418	3663924	3665191	3665668	MUC5B	XM_055093955.2	+	2	3663924	3665191	1266	1
NC_073258.2	3654547	3669328	2	1	+	NC_073258.2	3665191	3665668	3666161	3667373	MUC5B	XM_055093955.2	+	2	3665668	3666161	492	1
NC_073258.2	3654547	3669328	2	1	+	NC_073258.2	3666161	3667373	3667950	3668336	MUC5B	XM_055093955.2	+	2	3667373	3667950	576	1
NC_073258.2	3676128	3676785	1	1	+	NC_073258.2	3676156	3676242	3676363	3676485	MUC5B	XM_055093955.2	+	1	3676242	3676363	120	1
NC_073258.2	3858865	3859378	2	1	+	NC_073258.2	3858949	3858982	3859178	3859246	BRSK2	XM_034931902.3	+	2	3858982	3859178	195	13
NC_073258.2	3871955	3872615	3	1	+	NC_073258.2	3872166	3872346	3872416	3872505	BRSK2	XM_034931902.3	+	3	3872346	3872416	69	13
NC_073258.2	4256206	4256995	2	1	+	NC_073258.2	4256522	4256615	4256712	4256875	SYT8	XM_055093839.2	+	2	4256615	4256712	96	1
NC_073258.2	4311138	4311576	1	1	+	NC_073258.2	4311253	4311330	4311490	4311576	LSP1	XM_003816073.5	+	1	4311330	4311490	159	12
NC_073258.2	4422763	4423750	-2	1	-	NC_073258.2	4422928	4423750	4422764	4422831	LOC100978470	XM_008969116.3	-	2	4422831	4422928	96	1
NC_073258.2	4427020	4427785	-2	1	-	NC_073258.2	4427627	4427647	4427423	4427542	LOC100978470	XM_008969116.3	-	2	4427542	4427627	84	1
NC_073258.2	48110805	48111891	1	1	+	NC_073258.2	48110822	48111634	48111815	48111890	MAPK8IP1	XM_034932452.3	+	1	48111634	48111815	180	3
NC_073258.2	4829477	4830311	-1	1	-	NC_073258.2	4830135	4830137	4829684	4829864	TRPM5	XM_055093969.1	-	1	4829864	4830135	270	1
NC_073258.2	48584348	48584879	3	1	+	NC_073258.2	48584484	48584555	48584658	48584774	DGKZ	XM_003815217.7	+	3	48584555	48584658	102	9
NC_073258.2	48587573	48587975	3	1	+	NC_073258.2	48587739	48587801	48587901	48587974	DGKZ	XM_003815217.7	+	3	48587801	48587901	99	9
NC_073258.2	48932006	48932549	3	1	+	NC_073258.2	48932062	48932190	48932275	48932401	F2	XM_003815200.5	+	3	48932190	48932275	84	1
NC_073258.2	48957248	48957680	-1	1	-	NC_073258.2	48957492	48957680	48957264	48957401	CKAP5	XM_008968128.5	-	1	48957401	48957492	90	6
NC_073258.2	49485009	49485648	1	1	+	NC_073258.2	49485153	49485256	49485350	49485540	MADD	XM_034932508.3	+	1	49485256	49485350	93	50
NC_073258.2	49533659	49534331	-1	1	-	NC_073258.2	49533956	49534115	49533708	49533844	MYBPC3	XM_055093683.1	-	1	49533844	49533956	111	2
NC_073258.2	5294869	5295361	-2	1	-	NC_073258.2	5295091	5295226	5294870	5295003	CDKN1C	XM_034931956.1	-	2	5295003	5295091	87	2
NC_073258.2	5333174	5333861	3	1	+	NC_073258.2	5333175	5333276	5333508	5333628	SLC22A18	XM_003816047.6	+	3	5333276	5333508	231	2
NC_073258.2	58489765	58490695	-2	1	-	NC_073258.2	58490449	58490554	58489973	58490163	SSRP1	XM_003826437.5	-	2	58490163	58490449	285	1
NC_073258.2	58657211	58657658	-1	1	-	NC_073258.2	58657499	58657554	58657290	58657366	SLC43A1	XM_003826432.6	-	1	58657366	58657499	132	11
NC_073258.2	62040085	62040592	2	1	+	NC_073258.2	62040234	62040421	62040494	62040591	ZP1	XM_003826328.4	+	2	62040421	62040494	72	1
NC_073258.2	62043721	62044654	2	1	+	NC_073258.2	62044253	62044334	62044449	62044568	ZP1	XM_003826328.4	+	2	62044334	62044449	114	1
NC_073258.2	62069713	62070259	-2	1	-	NC_073258.2	62070157	62070232	62069885	62069994	PRPF19	XM_003826325.5	-	2	62069994	62070157	162	3
NC_073258.2	62071675	62072200	-2	1	-	NC_073258.2	62071886	62071959	62071706	62071768	PRPF19	XM_003826325.5	-	2	62071768	62071886	117	3
NC_073258.2	62377537	62377942	2	1	+	NC_073258.2	62377573	62377717	62377820	62377918	LOC117974284	XM_055094389.2	+	2	62377717	62377820	102	1
NC_073258.2	62396704	62397109	2	1	+	NC_073258.2	62396740	62396884	62396987	62397085	LOC117974931	XM_055094390.2	+	2	62396884	62396987	102	1
NC_073258.2	62416522	62416927	2	1	+	NC_073258.2	62416558	62416702	62416805	62416903	LOC100973723	XM_034932728.3	+	2	62416702	62416805	102	1
NC_073258.2	62512917	62513544	1	1	+	NC_073258.2	62513244	62513277	62513389	62513478	TKFC	XM_003828444.7	+	1	62513277	62513389	111	4
NC_073258.2	62654785	62655220	2	1	+	NC_073258.2	62654927	62655040	62655125	62655219	SAXO4	XM_008953858.4	+	2	62655040	62655125	84	6
NC_073258.2	62939712	62940345	1	1	+	NC_073258.2	62939892	62940142	62940221	62940344	MYRF	XM_003828456.5	+	1	62940142	62940221	78	6
NC_073258.2	63109983	63110364	-3	1	-	NC_073258.2	63110233	63110329	63109985	63110064	FADS3	XM_003828460.6	-	3	63110064	63110233	168	4
NC_073258.2	63372330	63372702	1	1	+	NC_073258.2	63372399	63372456	63372574	63372691	INCENP	XM_003828472.6	+	1	63372456	63372574	117	8
NC_073258.2	63896123	63896579	-1	1	-	NC_073258.2	63896397	63896546	63896156	63896318	LBHD1	XM_063608519.1	-	1	63896318	63896397	78	1
NC_073258.2	63898004	63898622	3	1	+	NC_073258.2	63898143	63898376	63898464	63898622	LOC134731237	XM_063608520.1	+	3	63898376	63898464	87	1
NC_073258.2	64002718	64003351	2	1	+	NC_073258.2	64002986	64003136	64003293	64003343	TAF6L	XM_034932803.3	+	2	64003136	64003293	156	4
NC_073258.2	64026371	64026695	-1	1	-	NC_073258.2	64026626	64026695	64026393	64026481	NXF1	XM_003828500.6	-	1	64026481	64026626	144	2
NC_073258.2	64202524	64203001	-2	1	-	NC_073258.2	64202801	64202924	64202526	64202641	SLC22A6	XM_003828515.4	-	2	64202641	64202801	159	1
NC_073258.2	65223343	65224498	2	1	+	NC_073258.2	65223472	65223556	65223665	65223859	OTUB1	XM_008953944.3	+	2	65223556	65223665	108	2
NC_073258.2	65426239	65426857	2	1	+	NC_073258.2	65426240	65426336	65426469	65426593	STIP1	XM_003828553.5	+	2	65426336	65426469	132	1
NC_073258.2	65450108	65450702	3	1	+	NC_073258.2	65450261	65450402	65450526	65450702	FERMT3	XM_003828552.5	+	3	65450402	65450526	123	2
NC_073258.2	65451392	65452205	-1	1	-	NC_073258.2	65452017	65452186	65451758	65451932	TRPT1	XM_003828555.6	-	1	65451932	65452017	84	3
NC_073258.2	65451392	65452205	-1	1	-	NC_073258.2	65451758	65451932	65451500	65451556	TRPT1	XM_003828555.6	-	1	65451556	65451758	201	3
NC_073258.2	65451392	65452205	-1	1	-	NC_073258.2	65452017	65452186	65451393	65451932	TRPT1	XM_063608539.1	-	1	65451932	65452017	84	1
NC_073258.2	65481867	65482311	1	1	+	NC_073258.2	65481937	65482005	65482087	65482227	PLCB3	XM_003828562.5	+	1	65482005	65482087	81	2
NC_073258.2	65486047	65486446	2	1	+	NC_073258.2	65486062	65486146	65486234	65486420	PLCB3	XM_003828562.5	+	2	65486146	65486234	87	2
NC_073258.2	65490626	65491100	3	1	+	NC_073258.2	65490678	65490777	65490871	65490975	PLCB3	XM_003828562.5	+	3	65490777	65490871	93	2
NC_073258.2	65494365	65494734	1	1	+	NC_073258.2	65494366	65494452	65494534	65494734	PLCB3	XM_003828562.5	+	1	65494452	65494534	81	2
NC_073258.2	65523899	65524445	3	1	+	NC_073258.2	65523975	65524098	65524216	65524376	KCNK4	XM_034932894.3	+	3	65524098	65524216	117	6
NC_073258.2	65523945	65524377	1	1	+	NC_073258.2	65523975	65524098	65524216	65524376	KCNK4	XM_055094453.3	+	1	65524098	65524216	117	1
NC_073258.2	65567725	65568322	2	1	+	NC_073258.2	65567875	65567986	65568077	65568146	CCDC88B	XM_034932890.3	+	2	65567986	65568077	90	5
NC_073258.2	65582213	65582891	3	1	+	NC_073258.2	65582368	65582574	65582734	65582802	CCDC88B	XM_034932891.4	+	3	65582574	65582734	159	1
NC_073258.2	65582298	65582826	1	1	+	NC_073258.2	65582368	65582574	65582734	65582802	CCDC88B	XM_034932890.3	+	1	65582574	65582734	159	1
NC_073258.2	65595565	65596087	2	1	+	NC_073258.2	65595653	65595786	65595889	65595982	RPS6KA4	XM_003828572.4	+	2	65595786	65595889	102	2
NC_073258.2	65595565	65596087	2	1	+	NC_073258.2	65595674	65595786	65595889	65595982	RPS6KA4	XM_008953980.4	+	2	65595786	65595889	102	1
NC_073258.2	65817692	65818697	3	1	+	NC_073258.2	65817917	65818071	65818147	65818315	SLC22A12	XM_008953983.5	+	3	65818071	65818147	75	1
NC_073258.2	65817692	65818697	3	1	+	NC_073258.2	65817917	65817969	65818147	65818315	SLC22A12	XM_034932937.3	+	3	65817969	65818147	177	1
NC_073258.2	65822640	65823075	1	1	+	NC_073258.2	65822667	65822790	65822959	65823074	SLC22A12	XM_008953983.5	+	1	65822790	65822959	168	3
NC_073258.2	66021983	66022586	-1	1	-	NC_073258.2	66022430	66022490	66022210	66022327	MAP4K2	XM_034932954.4	-	1	66022327	66022430	102	4
NC_073258.2	66023044	66023629	-2	1	-	NC_073258.2	66023438	66023471	66023212	66023317	MAP4K2	XM_034932954.4	-	2	66023317	66023438	120	4
NC_073258.2	66060076	66060388	-2	1	-	NC_073258.2	66060263	66060361	66060125	66060184	CDC42BPG	XM_003828587.6	-	2	66060184	66060263	78	2
NC_073258.2	66063225	66063573	-3	1	-	NC_073258.2	66063438	66063535	66063255	66063335	CDC42BPG	XM_003828587.6	-	3	66063335	66063438	102	2
NC_073258.2	66124909	66125302	-2	1	-	NC_073258.2	66125158	66125242	66124911	66125046	ATG2A	XM_003828593.5	-	2	66125046	66125158	111	5
NC_073258.2	66129251	66130022	-1	1	-	NC_073258.2	66129588	66129752	66129332	66129458	ATG2A	XM_003828593.5	-	1	66129458	66129588	129	2
NC_073258.2	66129251	66130022	-1	1	-	NC_073258.2	66129582	66129752	66129332	66129458	ATG2A	XM_008954021.4	-	1	66129458	66129582	123	3
NC_073258.2	66138818	66139418	-1	1	-	NC_073258.2	66139181	66139345	66138938	66139078	ATG2A	XM_003828593.5	-	1	66139078	66139181	102	5
NC_073258.2	66161847	66162411	-3	1	-	NC_073258.2	66162285	66162387	66161914	66162098	GPHA2	XM_003828597.5	-	3	66162098	66162285	186	1
NC_073258.2	66279712	66280498	-2	1	-	NC_073258.2	66280306	66280391	66280033	66280152	NAALADL1	XM_003828601.6	-	2	66280152	66280306	153	1
NC_073258.2	66305937	66306663	-3	1	-	NC_073258.2	66306181	66306615	66305938	66306015	LOC100971082	XM_003828602.3	-	3	66306015	66306181	165	1
NC_073258.2	66310300	66310606	-2	1	-	NC_073258.2	66310475	66310569	66310331	66310396	LOC100971082	XM_003828602.3	-	2	66310396	66310475	78	1
NC_073258.2	66340367	66341924	3	1	+	NC_073258.2	66340426	66340572	66340648	66340867	VPS51	XM_003828606.7	+	3	66340572	66340648	75	1
NC_073258.2	66340367	66341924	3	1	+	NC_073258.2	66340648	66340867	66341042	66341759	VPS51	XM_003828606.7	+	3	66340867	66341042	174	1
NC_073258.2	66343290	66343641	1	1	+	NC_073258.2	66343327	66343448	66343539	66343626	VPS51	XM_003828606.7	+	1	66343448	66343539	90	1
NC_073258.2	66345325	66345715	2	1	+	NC_073258.2	66345360	66345556	66345656	66345710	TM7SF2	XM_008954040.5	+	2	66345556	66345656	99	9
NC_073258.2	66407438	66408239	3	1	+	NC_073258.2	66407459	66407630	66407709	66408039	SPDYC	XM_055094508.3	+	3	66407630	66407709	78	1
NC_073258.2	66407438	66408239	3	1	+	NC_073258.2	66407709	66408039	66408208	66408239	SPDYC	XM_055094508.3	+	3	66408039	66408208	168	1
NC_073258.2	66443084	66443483	3	1	+	NC_073258.2	66443175	66443240	66443325	66443382	CAPN1	XM_055094499.2	+	3	66443240	66443325	84	4
NC_073258.2	66579196	66580429	2	1	+	NC_073258.2	66579272	66579350	66579861	66579902	DPF2	XM_003828624.7	+	2	66579350	66579861	510	2
NC_073258.2	66755288	66756092	3	1	+	NC_073258.2	66755604	66755723	66755799	66756025	SCYL1	XM_063608571.1	+	3	66755723	66755799	75	1
NC_073258.2	66782878	66783256	-2	1	-	NC_073258.2	66783151	66783256	66782890	66782982	LTBP3	XM_008954065.5	-	2	66782982	66783151	168	5
NC_073258.2	66810693	66811086	1	1	+	NC_073258.2	66810770	66810838	66810923	66811085	EHBP1L1	XM_034933004.3	+	1	66810838	66810923	84	4
NC_073258.2	66837041	66837908	-1	1	-	NC_073258.2	66837695	66837843	66837414	66837589	MAP3K11	XM_034933018.3	-	1	66837589	66837695	105	2
NC_073258.2	66879355	66879736	2	1	+	NC_073258.2	66879376	66879487	66879572	66879680	SIPA1	XM_003828634.5	+	2	66879487	66879572	84	2
NC_073258.2	67090409	67090997	3	1	+	NC_073258.2	67090500	67090598	67090764	67090832	MUS81	XM_003828642.5	+	3	67090598	67090764	165	4
NC_073258.2	67179825	67180956	1	1	+	NC_073258.2	67179915	67180633	67180808	67180955	TSGA10IP	XM_003828651.6	+	1	67180633	67180808	174	5
NC_073258.2	67179825	67180956	1	1	+	NC_073258.2	67180039	67180633	67180808	67180955	TSGA10IP	XM_055094538.2	+	1	67180633	67180808	174	3
NC_073258.2	67199967	67200627	1	1	+	NC_073258.2	67200064	67200188	67200276	67200391	SART1	XM_003828650.5	+	1	67200188	67200276	87	1
NC_073258.2	67232615	67233005	-1	1	-	NC_073258.2	67232898	67232984	67232648	67232756	EIF1AD	XM_003828653.5	-	1	67232756	67232898	141	5
NC_073258.2	67253207	67253603	-1	1	-	NC_073258.2	67253456	67253599	67253209	67253272	CATSPER1	XM_003828657.4	-	1	67253272	67253456	183	2
NC_073258.2	67464220	67464658	2	1	+	NC_073258.2	67464221	67464336	67464478	67464613	LOC100990116	XM_034933063.3	+	2	67464336	67464478	141	4
NC_073258.2	67497574	67498180	2	1	+	NC_073258.2	67497674	67497775	67497869	67498042	LOC100990116	XM_003828659.5	+	2	67497775	67497869	93	10
NC_073258.2	67499460	67499931	1	1	+	NC_073258.2	67499478	67499586	67499677	67499835	LOC100990116	XM_003828659.5	+	1	67499586	67499677	90	10
NC_073258.2	67567117	67567852	-2	1	-	NC_073258.2	67567567	67567698	67567298	67567449	RIN1	XM_003828667.5	-	2	67567449	67567567	117	4
NC_073258.2	67574962	67575409	-2	1	-	NC_073258.2	67575247	67575374	67575008	67575087	BRMS1	XM_003828669.5	-	2	67575087	67575247	159	2
NC_073258.2	67648020	67648623	1	1	+	NC_073258.2	67648132	67648234	67648355	67648622	NPAS4	XM_003828672.4	+	1	67648234	67648355	120	2
NC_073258.2	67720984	67721491	2	1	+	NC_073258.2	67721207	67721269	67721366	67721490	DPP3	XM_003828675.7	+	2	67721269	67721366	96	6
NC_073258.2	67788555	67789104	1	1	+	NC_073258.2	67788571	67788705	67788802	67788981	ACTN3	XM_003828673.6	+	1	67788705	67788802	96	2
NC_073258.2	68068553	68068961	3	1	+	NC_073258.2	68068579	68068799	68068899	68068961	TOP6BL	XM_055094565.3	+	3	68068799	68068899	99	12
NC_073258.2	68076342	68077638	-3	1	-	NC_073258.2	68076769	68077009	68076405	68076654	PC	XM_003828701.7	-	3	68076654	68076769	114	6
NC_073258.2	68096642	68097278	-1	1	-	NC_073258.2	68097017	68097182	68096754	68096899	PC	XM_003828701.7	-	1	68096899	68097017	117	6
NC_073258.2	68518292	68518664	3	1	+	NC_073258.2	68518293	68518338	68518420	68518563	ANKRD13D	XM_034933126.3	+	3	68518338	68518420	81	3
NC_073258.2	68635736	68636528	3	1	+	NC_073258.2	68635970	68636124	68636398	68636528	TBC1D10C	XM_034933142.3	+	3	68636124	68636398	273	1
NC_073258.2	68659610	68659985	3	1	+	NC_073258.2	68659679	68659779	68659894	68659984	RPS6KB2	XM_003828721.4	+	3	68659779	68659894	114	2
NC_073258.2	68725664	68726126	-1	1	-	NC_073258.2	68726013	68726074	68725669	68725919	PITPNM1	XM_034933156.3	-	1	68725919	68726013	93	6
NC_073258.2	68839456	68839849	-2	1	-	NC_073258.2	68839660	68839756	68839457	68839584	LOC100993195	XM_034933170.3	-	2	68839584	68839660	75	2
NC_073258.2	68994407	68995070	3	1	+	NC_073258.2	68994461	68994570	68994754	68994966	TCIRG1	XM_063608618.1	+	3	68994570	68994754	183	1
NC_073258.2	70038167	70038728	3	1	+	NC_073258.2	70038189	70038308	70038441	70038500	TPCN2	XM_003828761.6	+	3	70038308	70038441	132	7
NC_073258.2	72452053	72452812	2	1	+	NC_073258.2	72452156	72452453	72452484	72452812	LOC130540634	XM_057299329.2	+	2	72452453	72452484	30	1
NC_073258.2	73167789	73168263	1	1	+	NC_073258.2	73167811	73167999	73168117	73168252	FOLR2	XM_003815679.6	+	1	73167999	73168117	117	3
NC_073258.2	73180519	73180885	2	1	+	NC_073258.2	73180544	73180625	73180758	73180847	INPPL1	XM_014346921.4	+	2	73180625	73180758	132	6
NC_073258.2	73185131	73185440	3	1	+	NC_073258.2	73185132	73185265	73185353	73185440	INPPL1	XM_014346921.4	+	3	73185265	73185353	87	5
NC_073258.2	73529688	73530438	-3	1	-	NC_073258.2	73530117	73530294	73529767	73529879	PDE2A	XM_003815670.5	-	3	73529879	73530117	237	4
NC_073258.2	73644884	73645466	-1	1	-	NC_073258.2	73645199	73645394	73644886	73644937	ARAP1	XM_003815668.5	-	1	73644937	73645199	261	8
NC_073258.2	74335909	74336281	2	1	+	NC_073258.2	74335910	74335984	74336114	74336280	RELT	XM_003815656.7	+	2	74335984	74336114	129	2
NC_073258.2	7445701	7446010	2	1	+	NC_073258.2	7445733	7445894	7445985	7446010	MMP26	XM_003819020.6	+	2	7445894	7445985	90	1
NC_073258.2	8970756	8971401	1	1	+	NC_073258.2	8970766	8970891	8970982	8971258	DNHD1	XM_055095168.2	+	1	8970891	8970982	90	1
NC_073258.2	9045712	9046177	2	1	+	NC_073258.2	9045875	9045971	9046065	9046148	ILK	XM_003819082.5	+	2	9045971	9046065	93	1
NC_073258.2	9063720	9064947	-3	1	-	NC_073258.2	9063966	9064844	9063729	9063842	DCHS1	XM_034932050.3	-	3	9063842	9063966	123	1
NC_073259.2	104064486	104064714	-1	1	-	NC_073259.2	104064642	104064714	104064488	104064554	HAL	XM_008960326.4	-	1	104064554	104064642	87	2
NC_073259.2	109355710	109356025	2	1	+	NC_073259.2	109355714	109355780	109355892	109356024	UTP20	XM_003832597.4	+	2	109355780	109355892	111	1
NC_073259.2	11170662	11171343	-1	1	-	NC_073259.2	11171131	11171188	11170886	11170986	ANO2	XM_008973750.3	-	1	11170986	11171131	144	1
NC_073259.2	116596572	116596926	-1	1	-	NC_073259.2	116596824	116596901	116596630	116596688	SART3	XM_003832528.6	-	1	116596688	116596824	135	3
NC_073259.2	11892766	11893285	-3	1	-	NC_073259.2	11893066	11893215	11892768	11892846	TNFRSF1A	XM_008973744.5	-	3	11892846	11893066	219	1
NC_073259.2	119513136	119513418	1	1	+	NC_073259.2	119513137	119513238	119513326	119513417	SH2B3	XM_008957884.4	+	1	119513238	119513326	87	4
NC_073259.2	119817429	119817960	1	1	+	NC_073259.2	119817526	119817663	119817772	119817862	ACAD10	XM_034934517.3	+	1	119817663	119817772	108	8
NC_073259.2	12112532	12112895	-2	1	-	NC_073259.2	12112806	12112866	12112560	12112655	IFFO1	XM_008973726.4	-	2	12112655	12112806	150	17
NC_073259.2	121254483	121255050	-1	1	-	NC_073259.2	121254798	121255028	121254640	121254713	DDX54	XM_003832440.7	-	1	121254713	121254798	84	2
NC_073259.2	121365134	121365662	3	1	+	NC_073259.2	121365216	121365332	121365537	121365661	TPCN1	XM_008957831.4	+	3	121365332	121365537	204	11
NC_073259.2	12144707	12145280	-2	1	-	NC_073259.2	12145076	12145256	12144905	12144991	CHD4	XM_008973712.5	-	2	12144991	12145076	84	16
NC_073259.2	12144707	12145280	-2	1	-	NC_073259.2	12144905	12144991	12144726	12144814	CHD4	XM_008973712.5	-	2	12144814	12144905	90	26
NC_073259.2	12144707	12145280	-2	1	-	NC_073259.2	12145076	12145253	12144905	12144991	CHD4	XM_014347052.4	-	2	12144991	12145076	84	10
NC_073259.2	12144707	12145280	-2	1	-	NC_073259.2	12144905	12145256	12144726	12144814	CHD4	XM_063593300.1	-	2	12144814	12144905	90	2
NC_073259.2	12393479	12393953	3	1	+	NC_073259.2	12393507	12393708	12393793	12393924	P3H3	XM_008973674.5	+	3	12393708	12393793	84	1
NC_073259.2	12400627	12401227	2	1	+	NC_073259.2	12400899	12401016	12401125	12401200	P3H3	XM_008973674.5	+	2	12401016	12401125	108	1
NC_073259.2	125107552	125107867	-3	1	-	NC_073259.2	125107731	125107797	125107553	125107625	TESC	XM_055096233.2	-	3	125107625	125107731	105	1
NC_073259.2	12526062	12526428	1	1	+	NC_073259.2	12526085	12526236	12526336	12526427	PTPN6	XM_003820256.6	+	1	12526236	12526336	99	2
NC_073259.2	12754460	12755177	3	1	+	NC_073259.2	12754470	12754516	12754898	12755060	PEX5	XM_003820252.6	+	3	12754516	12754898	381	2
NC_073259.2	12754460	12755177	3	1	+	NC_073259.2	12754470	12754516	12754898	12755105	PEX5	XM_055095335.2	+	3	12754516	12754898	381	2
NC_073259.2	128260675	128261092	-3	1	-	NC_073259.2	128260991	128261078	128260727	128260873	RPLP0	XM_008957784.4	-	3	128260873	128260991	117	3
NC_073259.2	128429976	128430759	-1	1	-	NC_073259.2	128430272	128430330	128430072	128430112	MSI1	XM_034934642.3	-	1	128430112	128430272	159	4
NC_073259.2	129528949	129529963	-3	1	-	NC_073259.2	129529514	129529600	129529076	129529336	KDM2B	XM_055096262.2	-	3	129529336	129529514	177	6
NC_073259.2	129528949	129529963	-3	1	-	NC_073259.2	129529513	129529600	129529076	129529344	KDM2B	XM_063593722.1	-	3	129529344	129529513	168	13
NC_073259.2	129906996	129907869	1	1	+	NC_073259.2	129907117	129907378	129907454	129907773	SETD1B	XM_034934685.3	+	1	129907378	129907454	75	1
NC_073259.2	129917468	129918344	3	1	+	NC_073259.2	129917592	129917723	129917808	129917927	SETD1B	XM_034934685.3	+	3	129917723	129917808	84	1
NC_073259.2	129917468	129918344	3	1	+	NC_073259.2	129917808	129917927	129918006	129918143	SETD1B	XM_034934685.3	+	3	129917927	129918006	78	1
NC_073259.2	130030681	130031281	2	1	+	NC_073259.2	130030759	130030870	130031120	130031200	CFAP251	XM_003832350.6	+	2	130030870	130031120	249	6
NC_073259.2	130065931	130066366	2	1	+	NC_073259.2	130065932	130066075	130066184	130066366	CFAP251	XM_055096268.2	+	2	130066075	130066184	108	1
NC_073259.2	130261657	130262176	-3	1	-	NC_073259.2	130262056	130262071	130261742	130261890	IL31	XM_003832349.4	-	3	130261890	130262056	165	1
NC_073259.2	130951969	130952575	2	1	+	NC_073259.2	130952078	130952225	130952325	130952411	HIP1R	XM_003812127.6	+	2	130952225	130952325	99	3
NC_073259.2	131074289	131074928	3	1	+	NC_073259.2	131074351	131074478	131074662	131074919	OGFOD2	XM_003812126.6	+	3	131074478	131074662	183	3
NC_073259.2	131074289	131074928	3	1	+	NC_073259.2	131074440	131074478	131074662	131074919	OGFOD2	XM_014347356.4	+	3	131074478	131074662	183	3
NC_073259.2	131081901	131082870	-1	1	-	NC_073259.2	131082556	131082739	131082346	131082474	PITPNM2	XM_034934744.4	-	1	131082474	131082556	81	13
NC_073259.2	133039057	133039552	-3	1	-	NC_073259.2	133039321	133039445	133039114	133039230	DHX37	XM_003817856.4	-	3	133039230	133039321	90	2
NC_073259.2	13787255	13787825	-2	1	-	NC_073259.2	13787515	13787576	13787307	13787415	FAM90A1	XM_055095346.2	-	2	13787415	13787515	99	1
NC_073259.2	140243896	140244316	2	1	+	NC_073259.2	140243897	140244046	140244152	140244251	NOC4L	XM_008967355.4	+	2	140244046	140244152	105	1
NC_073259.2	140245962	140246646	1	1	+	NC_073259.2	140246001	140246161	140246321	140246403	NOC4L	XM_008967355.4	+	1	140246161	140246321	159	1
NC_073259.2	140246492	140246981	3	1	+	NC_073259.2	140246667	140246780	140246865	140246981	NOC4L	XM_008967355.4	+	3	140246780	140246865	84	1
NC_073259.2	140679525	140680758	1	1	+	NC_073259.2	140679620	140679935	140680029	140680234	FBRSL1	XM_034934894.4	+	1	140679935	140680029	93	14
NC_073259.2	140679525	140680758	1	1	+	NC_073259.2	140679620	140679935	140680032	140680234	FBRSL1	XM_034934896.4	+	1	140679935	140680032	96	1
NC_073259.2	140679525	140680758	1	1	+	NC_073259.2	140679620	140679923	140680029	140680234	FBRSL1	XM_034934900.4	+	1	140679923	140680029	105	1
NC_073259.2	140728258	140730034	2	1	+	NC_073259.2	140728937	140729109	140729722	140729857	P2RX2	XM_034934923.4	+	2	140729109	140729722	612	3
NC_073259.2	140731337	140731757	3	1	+	NC_073259.2	140731365	140731495	140731619	140731709	P2RX2	XM_034934918.4	+	3	140731495	140731619	123	11
NC_073259.2	140767430	140767871	-2	1	-	NC_073259.2	140767728	140767808	140767515	140767637	POLE	XM_003814590.6	-	2	140767637	140767728	90	4
NC_073259.2	140856720	140857359	-1	1	-	NC_073259.2	140857120	140857313	140856814	140857002	ANKLE2	XM_055096424.2	-	1	140857002	140857120	117	1
NC_073259.2	141467097	141467880	1	1	+	NC_073259.2	141467179	141467385	141467593	141467848	LOC117979510	XM_063593806.1	+	1	141467385	141467593	207	1
NC_073259.2	141467097	141467880	1	1	+	NC_073259.2	141467182	141467385	141467593	141467848	LOC117979510	XM_063593807.1	+	1	141467385	141467593	207	1
NC_073259.2	141467097	141467880	1	1	+	NC_073259.2	141467185	141467385	141467593	141467848	LOC117979510	XM_063593808.1	+	1	141467385	141467593	207	4
NC_073259.2	16773970	16774702	-3	1	-	NC_073259.2	16774441	16774674	16773971	16774170	PRB4	XM_057299379.2	-	3	16774170	16774441	270	1
NC_073259.2	16819197	16821099	-1	1	-	NC_073259.2	16820511	16820852	16820013	16820198	LOC100974080	XM_055095405.2	-	1	16820198	16820511	312	1
NC_073259.2	16819197	16821099	-1	1	-	NC_073259.2	16820013	16820198	16819198	16819949	LOC100974080	XM_055095405.2	-	1	16819949	16820013	63	1
NC_073259.2	18668682	18669240	1	1	+	NC_073259.2	18668731	18668827	18668933	18669073	EMP1	XM_003816503.7	+	1	18668827	18668933	105	1
NC_073259.2	18668682	18669240	1	1	+	NC_073259.2	18668731	18668827	18668933	18669240	EMP1	XM_063593369.1	+	1	18668827	18668933	105	1
NC_073259.2	28110304	28110673	-3	1	-	NC_073259.2	28110611	28110673	28110359	28110523	IRAK3	XM_003824788.5	-	3	28110523	28110611	87	2
NC_073259.2	36624230	36624698	-2	1	-	NC_073259.2	36624468	36624568	36624236	36624287	OS9	XM_003824833.4	-	2	36624287	36624468	180	4
NC_073259.2	36711727	36712267	2	1	+	NC_073259.2	36711825	36711923	36712068	36712258	B4GALNT1	XM_008978487.6	+	2	36711923	36712068	144	5
NC_073259.2	36726864	36727404	-1	1	-	NC_073259.2	36727225	36727291	36726866	36726969	ARHGEF25	XM_008978483.5	-	1	36726969	36727225	255	4
NC_073259.2	36768288	36769062	-1	1	-	NC_073259.2	36768805	36769011	36768346	36768492	KIF5A	XM_003824849.5	-	1	36768492	36768805	312	1
NC_073259.2	36777264	36777666	-1	1	-	NC_073259.2	36777558	36777645	36777391	36777464	KIF5A	XM_003824849.5	-	1	36777464	36777558	93	1
NC_073259.2	36812385	36813018	-1	1	-	NC_073259.2	36812545	36812961	36812387	36812439	MBD6	XM_034935569.3	-	1	36812439	36812545	105	1
NC_073259.2	36812385	36813018	-1	1	-	NC_073259.2	36812545	36812958	36812387	36812439	MBD6	XM_034935570.3	-	1	36812439	36812545	105	1
NC_073259.2	36864663	36865041	1	1	+	NC_073259.2	36864664	36864796	36864881	36864988	ARHGAP9	XM_008978507.4	+	1	36864796	36864881	84	5
NC_073259.2	37147931	37148852	-2	1	-	NC_073259.2	37148318	37148446	37147937	37148056	LRP1	XM_003824883.6	-	2	37148056	37148318	261	1
NC_073259.2	37293447	37293837	1	1	+	NC_073259.2	37293502	37293615	37293721	37293836	MYO1A	XM_034934999.3	+	1	37293615	37293721	105	1
NC_073259.2	37983144	37983672	1	1	+	NC_073259.2	37983163	37983261	37983364	37983499	STAT2	XM_003824916.4	+	1	37983261	37983364	102	6
NC_073259.2	37983144	37983672	1	1	+	NC_073259.2	37983163	37983261	37983340	37983499	STAT2	XM_008978589.4	+	1	37983261	37983340	78	5
NC_073259.2	38007254	38007860	3	1	+	NC_073259.2	38007390	38007518	38007606	38007805	PAN2	XM_008978599.3	+	3	38007518	38007606	87	15
NC_073259.2	38094749	38095286	-2	1	-	NC_073259.2	38095094	38095174	38094765	38094955	SLC39A5	XM_003824919.5	-	2	38094955	38095094	138	2
NC_073259.2	38389848	38390844	-1	1	-	NC_073259.2	38390446	38390495	38390017	38390091	DGKA	XM_024931103.4	-	1	38390091	38390446	354	14
NC_073259.2	38630719	38631208	2	1	+	NC_073259.2	38630773	38630834	38630982	38631151	ITGA7	XM_003807538.7	+	2	38630834	38630982	147	6
NC_073259.2	39529434	39530022	1	1	+	NC_073259.2	39529478	39529567	39529982	39530022	DCD	XM_003807560.5	+	1	39529567	39529982	414	1
NC_073259.2	39763143	39763632	1	1	+	NC_073259.2	39763169	39763281	39763414	39763534	ITGA5	XM_003807568.4	+	1	39763281	39763414	132	1
NC_073259.2	39768273	39768615	1	1	+	NC_073259.2	39768284	39768329	39768513	39768614	ITGA5	XM_003807568.4	+	1	39768329	39768513	183	1
NC_073259.2	40701132	40702137	1	1	+	NC_073259.2	40701153	40701290	40701450	40702074	MAP3K12	XM_003831010.7	+	1	40701290	40701450	159	4
NC_073259.2	41087880	41088444	-1	1	-	NC_073259.2	41088265	41088410	41087962	41088081	IGFBP6	XM_003831038.5	-	1	41088081	41088265	183	1
NC_073259.2	41122357	41122864	2	1	+	NC_073259.2	41122425	41122544	41122632	41122804	SPRYD3	XM_003831042.5	+	2	41122544	41122632	87	1
NC_073259.2	41130340	41130820	-3	1	-	NC_073259.2	41130658	41130787	41130466	41130531	TNS2	XM_003831040.5	-	3	41130531	41130658	126	7
NC_073259.2	41133256	41133664	-3	1	-	NC_073259.2	41133413	41133535	41133258	41133322	TNS2	XM_003831040.5	-	3	41133322	41133413	90	7
NC_073259.2	41344695	41345094	1	1	+	NC_073259.2	41344729	41344782	41344879	41345093	KRT78	XM_057299454.1	+	1	41344782	41344879	96	1
NC_073259.2	41768235	41768748	1	1	+	NC_073259.2	41768260	41768385	41768527	41768747	KRT75	XM_003831048.4	+	1	41768385	41768527	141	1
NC_073259.2	42023544	42023919	1	1	+	NC_073259.2	42023607	42023662	42023798	42023919	KRT80	XM_003831068.6	+	1	42023662	42023798	135	1
NC_073259.2	44053440	44053779	1	1	+	NC_073259.2	44053441	44053569	44053672	44053778	CERS5	XM_003825859.5	+	1	44053569	44053672	102	14
NC_073259.2	44098793	44099180	-2	1	-	NC_073259.2	44098983	44099144	44098795	44098892	SMARCD1	XM_003825857.6	-	2	44098892	44098983	90	5
NC_073259.2	44624805	44625291	1	1	+	NC_073259.2	44624897	44624989	44625182	44625264	MCRS1	XM_008951170.4	+	1	44624989	44625182	192	6
NC_073259.2	44856040	44856571	-3	1	-	NC_073259.2	44856260	44856388	44856071	44856154	TROAP	XM_008951162.4	-	3	44856154	44856260	105	3
NC_073259.2	45082782	45083193	1	1	+	NC_073259.2	45082841	45082924	45083021	45083097	LMBR1L	XM_003825829.4	+	1	45082924	45083021	96	6
NC_073259.2	45155906	45156407	3	1	+	NC_073259.2	45155963	45156138	45156241	45156371	KMT2D	XM_034935936.3	+	3	45156138	45156241	102	12
NC_073259.2	45156936	45157512	1	1	+	NC_073259.2	45157060	45157192	45157271	45157398	KMT2D	XM_034935936.3	+	1	45157192	45157271	78	12
NC_073259.2	45354109	45354577	-3	1	-	NC_073259.2	45354413	45354508	45354143	45354292	CACNB3	XM_003825809.5	-	3	45354292	45354413	120	4
NC_073259.2	45405055	45405586	2	1	+	NC_073259.2	45405175	45405316	45405434	45405562	ADCY6	XM_034935951.3	+	2	45405316	45405434	117	7
NC_073259.2	46368530	46369115	3	1	+	NC_073259.2	46368651	46368791	46368924	46369014	HDAC7	XM_008951105.6	+	3	46368791	46368924	132	1
NC_073259.2	46368530	46369115	3	1	+	NC_073259.2	46368604	46368791	46368924	46369014	HDAC7	XM_034935969.3	+	3	46368791	46368924	132	4
NC_073259.2	49296746	49297160	3	1	+	NC_073259.2	49296750	49296801	49296955	49297083	NELL2	XM_003825750.6	+	3	49296801	49296955	153	1
NC_073259.2	53606641	53606959	-3	1	-	NC_073259.2	53606863	53606916	53606650	53606703	MUC19	XM_034935026.2	-	3	53606703	53606863	159	1
NC_073259.2	53665422	53676795	-1	1	-	NC_073259.2	53670630	53676725	53665548	53670569	MUC19	XM_034935026.2	-	1	53670569	53670630	60	1
NC_073259.2	67330936	67331323	2	1	+	NC_073259.2	67330943	67331075	67331184	67331314	OVCH1	XM_063593132.1	+	2	67331075	67331184	108	1
NC_073259.2	69497597	69498104	-2	1	-	NC_073259.2	69498002	69498104	69497769	69497830	STK38L	XM_008954293.4	-	2	69497830	69498002	171	3
NC_073259.2	7424676	7425171	-1	1	-	NC_073259.2	7425079	7425168	7424860	7424973	CACNA2D4	XM_055095248.1	-	1	7424973	7425079	105	2
NC_073259.2	8141743	8142391	2	1	+	NC_073259.2	8142008	8142067	8142215	8142274	CACNA1C	XM_063593291.1	+	2	8142067	8142215	147	1
NC_073259.2	88756424	88757009	3	1	+	NC_073259.2	88756575	88756665	88756894	88757009	MYF6	XM_003811661.4	+	3	88756665	88756894	228	1
NC_073260.2	10347481	10348021	-1	1	-	NC_073260.2	10347794	10348021	10347548	10347679	NUP188	XM_003822348.5	-	1	10347679	10347794	114	4
NC_073260.2	10599767	10600418	3	1	+	NC_073260.2	10599863	10599977	10600122	10600268	ZER1	XM_003822337.3	+	3	10599977	10600122	144	5
NC_073260.2	10630594	10631059	-1	1	-	NC_073260.2	10630877	10631019	10630688	10630795	PKN3	XM_034929211.3	-	1	10630795	10630877	81	3
NC_073260.2	10637039	10637609	-3	1	-	NC_073260.2	10637316	10637425	10637061	10637204	PKN3	XM_034929211.3	-	3	10637204	10637316	111	3
NC_073260.2	10742988	10743408	-2	1	-	NC_073260.2	10743302	10743405	10742995	10743157	SPTAN1	XM_008975884.6	-	2	10743157	10743302	144	16
NC_073260.2	10818141	10818621	-2	1	-	NC_073260.2	10818439	10818581	10818143	10818333	GLE1	XM_008975883.5	-	2	10818333	10818439	105	1
NC_073260.2	10922405	10922732	-3	1	-	NC_073260.2	10922610	10922686	10922407	10922513	CERCAM	XM_034929191.4	-	3	10922513	10922610	96	6
NC_073260.2	10996186	10996720	-1	1	-	NC_073260.2	10996501	10996665	10996267	10996413	SLC27A4	XM_034929184.3	-	1	10996413	10996501	87	1
NC_073260.2	11085861	11086221	1	1	+	NC_073260.2	11085862	11085921	11086105	11086185	GOLGA2	XM_003822320.6	+	1	11085921	11086105	183	2
NC_073260.2	11094127	11094844	2	1	+	NC_073260.2	11094374	11094592	11094680	11094782	GOLGA2	XM_003822320.6	+	2	11094592	11094680	87	4
NC_073260.2	11161417	11161894	2	1	+	NC_073260.2	11161451	11161538	11161719	11161893	CIZ1	XM_014346290.4	+	2	11161538	11161719	180	13
NC_073260.2	11637730	11638651	-1	1	-	NC_073260.2	11638358	11638448	11638010	11638153	TTC16	XM_034929108.2	-	1	11638153	11638358	204	5
NC_073260.2	11639950	11640808	2	1	+	NC_073260.2	11640104	11640347	11640588	11640807	PTRH1	XM_063594189.1	+	2	11640347	11640588	240	3
NC_073260.2	11641355	11641679	3	1	+	NC_073260.2	11641358	11641403	11641500	11641679	PTRH1	XM_008975810.6	+	3	11641403	11641500	96	2
NC_073260.2	121758057	121758465	1	1	+	NC_073260.2	121758082	121758175	121758398	121758464	PUM3	XM_008976992.4	+	1	121758175	121758398	222	2
NC_073260.2	1739840	1740476	-3	1	-	NC_073260.2	1740192	1740425	1739931	1740107	ARRDC1	XM_024930017.4	-	3	1740107	1740192	84	3
NC_073260.2	1739840	1740476	-3	1	-	NC_073260.2	1740192	1740374	1739931	1740107	ARRDC1	XM_034929667.3	-	3	1740107	1740192	84	3
NC_073260.2	1739840	1740476	-3	1	-	NC_073260.2	1740192	1740266	1739931	1740107	ARRDC1	XM_034929669.3	-	3	1740107	1740192	84	3
NC_073260.2	1879022	1879676	3	1	+	NC_073260.2	1879042	1879142	1879365	1879511	PNPLA7	XM_003817011.5	+	3	1879142	1879365	222	1
NC_073260.2	1935353	1935968	3	1	+	NC_073260.2	1935384	1935417	1935535	1935605	NSMF	XM_008970143.4	+	3	1935417	1935535	117	4
NC_073260.2	2126995	2127517	-1	1	-	NC_073260.2	2127189	2127381	2126996	2127008	NELFB	XM_063594086.1	-	1	2127008	2127189	180	1
NC_073260.2	2126995	2127517	-1	1	-	NC_073260.2	2127189	2127297	2126996	2127008	NELFB	XM_063594087.1	-	1	2127008	2127189	180	1
NC_073260.2	2126995	2127517	-1	1	-	NC_073260.2	2127189	2127317	2126996	2127008	NELFB	XM_063594089.1	-	1	2127008	2127189	180	1
NC_073260.2	2153684	2154422	3	1	+	NC_073260.2	2153768	2153982	2154064	2154314	CIMIP2A	XM_034929635.3	+	3	2153982	2154064	81	4
NC_073260.2	2153684	2154422	3	1	+	NC_073260.2	2153768	2153982	2154178	2154314	CIMIP2A	XM_055117438.2	+	3	2153982	2154178	195	2
NC_073260.2	2153684	2154422	3	1	+	NC_073260.2	2153886	2153982	2154064	2154314	CIMIP2A	XM_063594099.1	+	3	2153982	2154064	81	2
NC_073260.2	2183386	2183986	-1	1	-	NC_073260.2	2183809	2183955	2183597	2183715	NDOR1	XM_003816999.6	-	1	2183715	2183809	93	13
NC_073260.2	2184692	2185541	-3	1	-	NC_073260.2	2185201	2185410	2184923	2185044	NDOR1	XM_003816999.6	-	3	2185044	2185201	156	13
NC_073260.2	2207185	2207506	2	1	+	NC_073260.2	2207256	2207362	2207447	2207506	TPRN	XM_003817001.6	+	2	2207362	2207447	84	1
NC_073260.2	2214518	2215523	3	1	+	NC_073260.2	2214522	2214696	2215303	2215422	ANAPC2	XM_008970110.5	+	3	2214696	2215303	606	2
NC_073260.2	2223559	2224150	2	1	+	NC_073260.2	2223624	2223859	2223941	2224150	ANAPC2	XM_008970110.5	+	2	2223859	2223941	81	1
NC_073260.2	2241593	2242562	-3	1	-	NC_073260.2	2242226	2242347	2241979	2242153	GRIN1	XM_034929614.3	-	3	2242153	2242226	72	10
NC_073260.2	2284500	2285247	1	1	+	NC_073260.2	2284770	2284909	2285003	2285166	DPP7	XM_055117422.2	+	1	2284909	2285003	93	2
NC_073260.2	2284500	2285247	1	1	+	NC_073260.2	2284570	2284683	2284774	2284909	DPP7	XM_055117425.2	+	1	2284683	2284774	90	1
NC_073260.2	2284500	2285247	1	1	+	NC_073260.2	2284774	2284909	2285003	2285166	DPP7	XM_055117425.2	+	1	2284909	2285003	93	1
NC_073260.2	2284687	2285749	2	1	+	NC_073260.2	2284770	2284909	2285003	2285166	DPP7	XM_055117419.1	+	2	2284909	2285003	93	1
NC_073260.2	2284687	2285749	2	1	+	NC_073260.2	2285003	2285166	2285536	2285671	DPP7	XM_055117419.1	+	2	2285166	2285536	369	4
NC_073260.2	2284687	2285749	2	1	+	NC_073260.2	2284774	2284909	2285003	2285166	DPP7	XM_055117420.2	+	2	2284909	2285003	93	2
NC_073260.2	2288302	2288608	2	1	+	NC_073260.2	2288309	2288379	2288476	2288608	DPP7	XM_055117419.1	+	2	2288379	2288476	96	10
NC_073260.2	2319503	2320535	-3	1	-	NC_073260.2	2320193	2320481	2319760	2319964	UAP1L1	XM_003816989.5	-	3	2319964	2320193	228	2
NC_073260.2	2332485	2333742	1	1	+	NC_073260.2	2333425	2333541	2333617	2333742	SAPCD2	XM_003817035.6	+	1	2333541	2333617	75	2
NC_073260.2	2347168	2347996	2	1	+	NC_073260.2	2347270	2347429	2347511	2347738	ENTPD2	XM_003816987.5	+	2	2347429	2347511	81	2
NC_073260.2	2349063	2349855	1	1	+	NC_073260.2	2349421	2349555	2349655	2349855	ENTPD2	XM_003816987.5	+	1	2349555	2349655	99	2
NC_073260.2	2356919	2357849	3	1	+	NC_073260.2	2357332	2357457	2357782	2357848	NPDC1	XM_034929600.3	+	3	2357457	2357782	324	1
NC_073260.2	2356919	2357849	3	1	+	NC_073260.2	2357332	2357457	2357806	2357848	NPDC1	XM_034929601.4	+	3	2357457	2357806	348	1
NC_073260.2	2381826	2382306	1	1	+	NC_073260.2	2381858	2382022	2382125	2382305	ABCA2	XM_034929595.4	+	1	2382022	2382125	102	2
NC_073260.2	2382692	2383190	3	1	+	NC_073260.2	2382725	2382921	2383000	2383182	ABCA2	XM_034929595.4	+	3	2382921	2383000	78	2
NC_073260.2	2383689	2384841	1	1	+	NC_073260.2	2383786	2383906	2384192	2384428	ABCA2	XM_034929595.4	+	1	2383906	2384192	285	2
NC_073260.2	2383689	2384841	1	1	+	NC_073260.2	2384192	2384428	2384558	2384764	ABCA2	XM_034929595.4	+	1	2384428	2384558	129	2
NC_073260.2	2389987	2390626	2	1	+	NC_073260.2	2390003	2390140	2390249	2390455	ABCA2	XM_034929595.4	+	2	2390140	2390249	108	2
NC_073260.2	2405315	2405867	-3	1	-	NC_073260.2	2405603	2405793	2405435	2405503	PAXX	XM_003816983.6	-	3	2405503	2405603	99	2
NC_073260.2	2454156	2454615	-2	1	-	NC_073260.2	2454369	2454470	2454246	2454284	C8G	XM_008970101.5	-	2	2454284	2454369	84	3
NC_073260.2	2454156	2454615	-2	1	-	NC_073260.2	2454246	2454284	2454157	2454167	C8G	XM_008970101.5	-	2	2454167	2454246	78	3
NC_073260.2	25284840	25285305	1	1	+	NC_073260.2	25284910	25285010	25285101	25285219	KIF12	XM_003833073.5	+	1	25285010	25285101	90	1
NC_073260.2	2543616	2544243	-2	1	-	NC_073260.2	2544075	2544165	2543805	2543951	MAMDC4	XM_003816975.6	-	2	2543951	2544075	123	9
NC_073260.2	2544731	2545514	-3	1	-	NC_073260.2	2545304	2545438	2545047	2545180	MAMDC4	XM_003816975.6	-	3	2545180	2545304	123	15
NC_073260.2	25963367	25963622	3	1	+	NC_073260.2	25963383	25963448	25963536	25963621	POLE3	XM_003833068.7	+	3	25963448	25963536	87	1
NC_073260.2	2706477	2707191	1	1	+	NC_073260.2	2706584	2706759	2706997	2707092	AGPAT2	XM_003816964.5	+	1	2706759	2706997	237	1
NC_073260.2	2711879	2712863	-3	1	-	NC_073260.2	2712702	2712766	2711933	2712095	EGFL7	XM_003816966.5	-	3	2712095	2712702	606	7
NC_073260.2	2713011	2713830	-2	1	-	NC_073260.2	2713707	2713802	2713386	2713547	EGFL7	XM_003816966.5	-	2	2713547	2713707	159	7
NC_073260.2	2922386	2922818	3	1	+	NC_073260.2	2922387	2922504	2922706	2922817	SEC16A	XM_034929528.3	+	3	2922504	2922706	201	16
NC_073260.2	2998631	2999060	3	1	+	NC_073260.2	2998696	2998802	2998965	2999059	SNAPC4	XM_014346344.5	+	3	2998802	2998965	162	6
NC_073260.2	3015525	3016458	1	1	+	NC_073260.2	3015844	3016023	3016108	3016251	CARD9	XM_003816957.5	+	1	3016023	3016108	84	4
NC_073260.2	3021905	3022274	3	1	+	NC_073260.2	3022027	3022103	3022188	3022274	CARD9	XM_063593859.1	+	3	3022103	3022188	84	1
NC_073260.2	3125790	3126474	1	1	+	NC_073260.2	3125813	3125898	3126208	3126277	CCDC187	XM_008970066.4	+	1	3125898	3126208	309	1
NC_073260.2	3128790	3129603	1	1	+	NC_073260.2	3128890	3129002	3129480	3129556	CCDC187	XM_008970066.4	+	1	3129002	3129480	477	1
NC_073260.2	3185007	3185775	1	1	+	NC_073260.2	3185252	3185403	3185491	3185659	LHX3	XM_034929786.3	+	1	3185403	3185491	87	4
NC_073260.2	34398543	34399440	1	1	+	NC_073260.2	34398589	34399207	34399310	34399440	LOC130541784	XM_057303112.1	+	1	34399207	34399310	102	1
NC_073260.2	3440869	3441466	2	1	+	NC_073260.2	3440891	3440993	3441258	3441366	UBAC1	XM_003816948.6	+	2	3440993	3441258	264	1
NC_073260.2	3721711	3722272	-1	1	-	NC_073260.2	3722095	3722196	3721712	3721986	LCN9	XM_057303179.1	-	1	3721986	3722095	108	1
NC_073260.2	3778667	3779219	-3	1	-	NC_073260.2	3778952	3779056	3778668	3778681	PAEP	XM_003816942.5	-	3	3778681	3778952	270	3
NC_073260.2	42094714	42095041	-1	1	-	NC_073260.2	42094906	42094961	42094716	42094794	CCDC180	XM_034967842.3	-	1	42094794	42094906	111	7
NC_073260.2	42126364	42127012	-1	1	-	NC_073260.2	42126973	42127012	42126395	42126843	CCDC180	XM_034967842.3	-	1	42126843	42126973	129	7
NC_073260.2	44000034	44000379	1	1	+	NC_073260.2	44000085	44000100	44000284	44000379	PTCH1	XM_034967795.3	+	1	44000100	44000284	183	1
NC_073260.2	50079250	50079571	2	1	+	NC_073260.2	50079275	50079447	50079523	50079566	SEMA4D	XM_008952350.5	+	2	50079447	50079523	75	18
NC_073260.2	514359	515103	-2	1	-	NC_073260.2	514950	515054	514617	514796	LOC117977805	XM_063593836.1	-	2	514796	514950	153	3
NC_073260.2	523910	525059	-3	1	-	NC_073260.2	524750	524845	524442	524518	LOC117977851	XM_034950830.2	-	3	524518	524750	231	2
NC_073260.2	523910	525059	-3	1	-	NC_073260.2	524442	524518	524051	524210	LOC117977851	XM_034950830.2	-	3	524210	524442	231	2
NC_073260.2	6696364	6696889	2	1	+	NC_073260.2	6696389	6696645	6696748	6696823	DDX31	XM_003822407.6	+	2	6696645	6696748	102	8
NC_073260.2	76531499	76531871	3	1	+	NC_073260.2	76531611	76531656	76531747	76531870	VPS13A	XM_003811456.7	+	3	76531656	76531747	90	3
NC_073260.2	7769833	7770589	2	1	+	NC_073260.2	7770238	7770316	7770422	7770523	RAPGEF1	XM_003822399.6	+	2	7770316	7770422	105	13
NC_073260.2	8254579	8255422	-1	1	-	NC_073260.2	8255305	8255335	8255102	8255163	AIF1L	XM_034929306.2	-	1	8255163	8255305	141	1
NC_073260.2	8312627	8313095	-3	1	-	NC_073260.2	8312825	8313013	8312629	8312746	LAMC3	XM_003822380.5	-	3	8312746	8312825	78	2
NC_073260.2	88741646	88742417	-3	1	-	NC_073260.2	88742218	88742334	88741647	88741986	TMEM8B	XM_034967407.3	-	3	88741986	88742218	231	1
NC_073260.2	88776774	88777965	1	1	+	NC_073260.2	88776846	88777647	88777771	88777945	SPAG8	XM_003829845.5	+	1	88777647	88777771	123	3
NC_073260.2	88776774	88777965	1	1	+	NC_073260.2	88776846	88776933	88776976	88777647	SPAG8	XM_034967404.3	+	1	88776933	88776976	42	1
NC_073260.2	88776774	88777965	1	1	+	NC_073260.2	88776976	88777647	88777771	88777945	SPAG8	XM_034967404.3	+	1	88777647	88777771	123	1
NC_073260.2	88779386	88779869	-3	1	-	NC_073260.2	88779582	88779673	88779387	88779449	NPR2	XM_003829844.6	-	3	88779449	88779582	132	5
NC_073260.2	88782712	88783588	-1	1	-	NC_073260.2	88783159	88783318	88782844	88782999	NPR2	XM_003829844.6	-	1	88782999	88783159	159	5
NC_073260.2	88852937	88853243	-3	1	-	NC_073260.2	88853098	88853204	88852939	88853007	CREB3	XM_003829841.6	-	3	88853007	88853098	90	1
NC_073260.2	88877178	88877538	1	1	+	NC_073260.2	88877217	88877310	88877413	88877502	TLN1	XM_034967401.2	+	1	88877310	88877413	102	2
NC_073260.2	88881588	88882122	1	1	+	NC_073260.2	88881607	88881777	88881862	88882011	TLN1	XM_034967401.2	+	1	88881777	88881862	84	2
NC_073260.2	88907042	88907498	-3	1	-	NC_073260.2	88907354	88907498	88907213	88907239	CA9	XM_003829832.4	-	3	88907239	88907354	114	1
NC_073260.2	88910834	88911596	-3	1	-	NC_073260.2	88911386	88911556	88911111	88911253	CA9	XM_003829832.4	-	3	88911253	88911386	132	1
NC_073260.2	88910834	88911596	-3	1	-	NC_073260.2	88911111	88911253	88910928	88911020	CA9	XM_003829832.4	-	3	88911020	88911111	90	1
NC_073260.2	88936830	88937448	1	1	+	NC_073260.2	88936884	88936942	88937054	88937115	SIT1	XM_003829831.6	+	1	88936942	88937054	111	1
NC_073260.2	88936830	88937448	1	1	+	NC_073260.2	88937054	88937115	88937218	88937448	SIT1	XM_003829831.6	+	1	88937115	88937218	102	1
NC_073260.2	89026300	89027083	2	1	+	NC_073260.2	89026577	89026628	89026749	89026897	CIMIP2B	XM_055092055.2	+	2	89026628	89026749	120	4
NC_073260.2	89030706	89031258	-2	1	-	NC_073260.2	89030904	89031078	89030708	89030813	RUSC2	XM_034967389.4	-	2	89030813	89030904	90	2
NC_073260.2	89488566	89489022	1	1	+	NC_073260.2	89488609	89488753	89488877	89488956	STOML2	XM_003829819.3	+	1	89488753	89488877	123	1
NC_073260.2	8956371	8956818	-2	1	-	NC_073260.2	8956668	8956749	8956429	8956565	HMCN2	XM_008975935.4	-	2	8956565	8956668	102	1
NC_073260.2	89966399	89966726	3	1	+	NC_073260.2	89966400	89966451	89966629	89966721	SIGMAR1	XM_034967355.3	+	3	89966451	89966629	177	1
NC_073260.2	90679662	90680034	1	1	+	NC_073260.2	90679663	90679854	90679942	90680034	UBAP2	XM_008955167.4	+	1	90679854	90679942	87	27
NC_073261.2	100043133	100044480	1	1	+	NC_073261.2	100043155	100043274	100043698	100043859	OTOF	XM_008952428.4	+	1	100043274	100043698	423	5
NC_073261.2	100043133	100044480	1	1	+	NC_073261.2	100043698	100043859	100043968	100044130	OTOF	XM_008952428.4	+	1	100043859	100043968	108	5
NC_073261.2	102500175	102500679	-1	1	-	NC_073261.2	102500583	102500661	102500359	102500489	MFSD2B	XM_063595044.1	-	1	102500489	102500583	93	1
NC_073261.2	102817966	102818731	-3	1	-	NC_073261.2	102818506	102818704	102818194	102818376	KLHL29	XM_034952689.3	-	3	102818376	102818506	129	2
NC_073261.2	106325217	106325730	1	1	+	NC_073261.2	106325278	106325413	106325564	106325730	SDC1	XM_034952657.3	+	1	106325413	106325564	150	1
NC_073261.2	110892677	110892953	-2	1	-	NC_073261.2	110892865	110892937	110892738	110892780	DDX1	XM_003826983.5	-	2	110892780	110892865	84	1
NC_073261.2	14687065	14687749	-3	1	-	NC_073261.2	14687527	14687672	14687215	14687412	LOC117975333	XM_063594687.1	-	3	14687412	14687527	114	1
NC_073261.2	15401339	15402050	-2	1	-	NC_073261.2	15401515	15401632	15401341	15401436	NT5DC4	XM_055107405.2	-	2	15401436	15401515	78	1
NC_073261.2	21039863	21040409	-2	1	-	NC_073261.2	21040040	21040165	21039869	21039943	EDAR	XM_034952415.4	-	2	21039943	21040040	96	1
NC_073261.2	27197170	27197695	2	1	+	NC_073261.2	27197188	27197317	27197474	27197572	TBC1D8	XM_034952037.3	+	2	27197317	27197474	156	3
NC_073261.2	30641091	30641745	1	1	+	NC_073261.2	30641301	30641454	30641548	30641718	TMEM131	XM_034953707.3	+	1	30641454	30641548	93	4
NC_073261.2	30722335	30722791	-3	1	-	NC_073261.2	30722605	30722692	30722474	30722520	LOC100971372	XM_055107630.1	-	3	30722520	30722605	84	1
NC_073261.2	31442713	31443340	2	1	+	NC_073261.2	31442735	31442797	31442900	31442998	SEMA4C	XM_024927708.4	+	2	31442797	31442900	102	8
NC_073261.2	31446917	31448021	3	1	+	NC_073261.2	31447001	31447071	31447195	31448021	SEMA4C	XM_024927708.4	+	3	31447071	31447195	123	8
NC_073261.2	31694753	31695128	3	1	+	NC_073261.2	31694814	31694915	31695024	31695095	KANSL3	XM_003805740.5	+	3	31694915	31695024	108	21
NC_073261.2	32040824	32041244	-2	1	-	NC_073261.2	32041097	32041208	32040909	32040997	CIAO1	XM_003805728.6	-	2	32040997	32041097	99	1
NC_073261.2	32162955	32163801	1	1	+	NC_073261.2	32163148	32163535	32163620	32163741	DUSP2	XM_024927786.3	+	1	32163535	32163620	84	1
NC_073261.2	32283225	32283729	1	1	+	NC_073261.2	32283305	32283375	32283463	32283721	GPAT2	XM_034953769.3	+	1	32283375	32283463	87	15
NC_073261.2	39596960	39597713	3	1	+	NC_073261.2	39596976	39597147	39597250	39597603	CD8A	XM_034953505.3	+	3	39597147	39597250	102	2
NC_073261.2	40984590	40985448	1	1	+	NC_073261.2	40984651	40984743	40985281	40985413	CAPG	XM_003816585.6	+	1	40984743	40985281	537	8
NC_073261.2	41055269	41056889	3	1	+	NC_073261.2	41055360	41055405	41055637	41056799	TGOLN2	XM_008969643.6	+	3	41055405	41055637	231	3
NC_073261.2	41055269	41056889	3	1	+	NC_073261.2	41055360	41055405	41055637	41056328	TGOLN2	XM_034953460.3	+	3	41055405	41055637	231	2
NC_073261.2	41055269	41056889	3	1	+	NC_073261.2	41055637	41056328	41056503	41056799	TGOLN2	XM_034953460.3	+	3	41056328	41056503	174	2
NC_073261.2	41247887	41248769	-2	1	-	NC_073261.2	41248628	41248691	41248257	41248384	TCF7L1	XM_014343871.4	-	2	41248384	41248628	243	2
NC_073261.2	51857514	51858045	-1	1	-	NC_073261.2	51857878	51857910	51857547	51857652	HTRA2	XM_003810328.7	-	1	51857652	51857878	225	2
NC_073261.2	51897433	51897925	-3	1	-	NC_073261.2	51897812	51897892	51897509	51897700	TTC31	XM_003810338.4	-	3	51897700	51897812	111	8
NC_073261.2	51897433	51897925	-3	1	-	NC_073261.2	51897812	51897892	51897515	51897700	TTC31	XM_008962690.4	-	3	51897700	51897812	111	3
NC_073261.2	54245329	54246709	2	1	+	NC_073261.2	54245609	54245638	54245762	54245986	CYP26B1	XM_034953364.3	+	2	54245638	54245762	123	1
NC_073261.2	55553840	55554164	3	1	+	NC_073261.2	55553850	55553922	55554019	55554135	CD207	XM_003830951.4	+	3	55553922	55554019	96	1
NC_073261.2	65423143	65423485	2	1	+	NC_073261.2	65423259	65423335	65423429	65423484	PUS10	XM_008956285.4	+	2	65423335	65423429	93	10
NC_073261.2	70672250	70672679	3	1	+	NC_073261.2	70672308	70672374	70672459	70672548	PNPT1	XM_034953185.3	+	3	70672374	70672459	84	2
NC_073261.2	77906129	77906411	-2	1	-	NC_073261.2	77906310	77906411	77906131	77906219	PPP1R21	XM_003822685.4	-	2	77906219	77906310	90	3
NC_073261.2	78578538	78579042	-1	1	-	NC_073261.2	78578833	78578987	78578540	78578739	MSH6	XM_034953080.2	-	1	78578739	78578833	93	2
NC_073261.2	83192120	83194418	3	1	+	NC_073261.2	83192433	83192483	83192997	83194418	ZFP36L2	XM_034953030.4	+	3	83192483	83192997	513	1
NC_073261.2	95296718	95297228	3	1	+	NC_073261.2	95296837	95296955	95297091	95297227	CAPN14	XM_055108094.2	+	3	95296955	95297091	135	1
NC_073261.2	97286297	97286594	3	1	+	NC_073261.2	97286330	97286420	97286529	97286593	ALK	XM_003827145.4	+	3	97286420	97286529	108	1
NC_073261.2	98933633	98949680	-2	1	-	NC_073261.2	98934692	98949549	98933634	98934610	SPATA31H1	XM_055108122.2	-	2	98934610	98934692	81	1
NC_073261.2	99067155	99067719	-1	1	-	NC_073261.2	99067456	99067662	99067204	99067338	KRTCAP3	XM_003827111.4	-	1	99067338	99067456	117	3
NC_073261.2	99067813	99068230	-3	1	-	NC_073261.2	99067976	99068160	99067838	99067897	KRTCAP3	XM_003827111.4	-	3	99067897	99067976	78	3
NC_073261.2	99270117	99270525	-1	1	-	NC_073261.2	99270370	99270525	99270172	99270273	CAD	XM_003827090.5	-	1	99270273	99270370	96	2
NC_073261.2	99277397	99277895	-2	1	-	NC_073261.2	99277713	99277895	99277500	99277604	CAD	XM_003827090.5	-	2	99277604	99277713	108	2
NC_073261.2	99311768	99312710	3	1	+	NC_073261.2	99312001	99312116	99312567	99312710	SLC5A6	XM_034952822.2	+	3	99312116	99312567	450	5
NC_073261.2	99383138	99383594	3	1	+	NC_073261.2	99383162	99383335	99383483	99383555	PREB	XM_003827082.5	+	3	99383335	99383483	147	2
NC_073261.2	99446436	99446964	-1	1	-	NC_073261.2	99446788	99446900	99446438	99446484	AGBL5	XM_055108142.2	-	1	99446484	99446788	303	1
NC_073262.2	120897846	120898365	-1	1	-	NC_073262.2	120898242	120898325	120898009	120898124	AAMP	XM_003818605.5	-	1	120898124	120898242	117	2
NC_073262.2	121448955	121449438	1	1	+	NC_073262.2	121448956	121449168	121449322	121449438	CYP27A1	XM_003818630.5	+	1	121449168	121449322	153	1
NC_073262.2	121644231	121645017	-1	1	-	NC_073262.2	121644731	121644907	121644382	121644448	CFAP65	XM_034955179.2	-	1	121644448	121644731	282	2
NC_073262.2	121798414	121798933	-3	1	-	NC_073262.2	121798793	121798916	121798528	121798642	SLC23A3	XM_003818634.6	-	3	121798642	121798793	150	3
NC_073262.2	121805324	121805717	-2	1	-	NC_073262.2	121805580	121805700	121805370	121805498	CNPPD1	XM_008971986.4	-	2	121805498	121805580	81	2
NC_073262.2	121876058	121876544	3	1	+	NC_073262.2	121876068	121876235	121876335	121876524	STK16	XM_008971997.5	+	3	121876235	121876335	99	1
NC_073262.2	121877500	121878052	2	1	+	NC_073262.2	121877552	121877685	121877854	121877974	STK16	XM_003818650.4	+	2	121877685	121877854	168	4
NC_073262.2	121920636	121921047	-1	1	-	NC_073262.2	121920946	121921019	121920637	121920705	PTPRN	XM_034955204.3	-	1	121920705	121920946	240	6
NC_073262.2	122091971	122092601	3	1	+	NC_073262.2	122092096	122092271	122092512	122092600	SPEG	XM_024927835.4	+	3	122092271	122092512	240	11
NC_073262.2	122119167	122120244	1	1	+	NC_073262.2	122119229	122119396	122119511	122120114	SPEG	XM_024927835.4	+	1	122119396	122119511	114	9
NC_073262.2	122135606	122136086	3	1	+	NC_073262.2	122135633	122135730	122135890	122135936	GMPPA	XM_003818663.7	+	3	122135730	122135890	159	4
NC_073262.2	122167149	122167641	1	1	+	NC_073262.2	122167242	122167333	122167418	122167497	ASIC4	XM_003818661.6	+	1	122167333	122167418	84	1
NC_073262.2	122187368	122188463	-2	1	-	NC_073262.2	122188016	122188303	122187554	122187829	OBSL1	XM_034955235.3	-	2	122187829	122188016	186	6
NC_073262.2	122235959	122236550	3	1	+	NC_073262.2	122236096	122236199	122236335	122236430	STK11IP	XM_034955249.3	+	3	122236199	122236335	135	1
NC_073262.2	127420272	127420596	-1	1	-	NC_073262.2	127420422	127420536	127420274	127420340	DOCK10	XM_034955276.3	-	1	127420340	127420422	81	12
NC_073262.2	132416118	132416514	-1	1	-	NC_073262.2	132416413	132416486	132416126	132416325	TRIP12	XM_003821842.6	-	1	132416325	132416413	87	50
NC_073262.2	134524920	134525913	-1	1	-	NC_073262.2	134525653	134525742	134524921	134525208	NPPC	XM_003821872.7	-	1	134525208	134525653	444	1
NC_073262.2	134971259	134971826	3	1	+	NC_073262.2	134971383	134971517	134971617	134971689	LOC100991867	XM_003821874.5	+	3	134971517	134971617	99	1
NC_073262.2	135001305	135001872	1	1	+	NC_073262.2	135001429	135001563	135001663	135001735	LOC117979480	XM_055109214.3	+	1	135001563	135001663	99	1
NC_073262.2	135018244	135018811	2	1	+	NC_073262.2	135018368	135018502	135018602	135018674	LOC117979481	XM_034955365.2	+	2	135018502	135018602	99	1
NC_073262.2	135063247	135063853	2	1	+	NC_073262.2	135063390	135063524	135063609	135063800	ALPI	XM_003813146.6	+	2	135063524	135063609	84	1
NC_073262.2	135089817	135090588	-1	1	-	NC_073262.2	135090367	135090477	135090187	135090279	LOC100993088	XM_034955366.1	-	1	135090279	135090367	87	1
NC_073262.2	135127621	135128332	2	1	+	NC_073262.2	135127972	135128071	135128159	135128318	PRSS56	XM_003813143.4	+	2	135128071	135128159	87	2
NC_073262.2	135129039	135129828	1	1	+	NC_073262.2	135129230	135129403	135129497	135129661	PRSS56	XM_003813143.4	+	1	135129403	135129497	93	1
NC_073262.2	135129039	135129828	1	1	+	NC_073262.2	135129227	135129403	135129497	135129661	PRSS56	XM_057301543.2	+	1	135129403	135129497	93	1
NC_073262.2	135133576	135134176	2	1	+	NC_073262.2	135133718	135133827	135133957	135134112	CHRND	XM_057301544.1	+	2	135133827	135133957	129	1
NC_073262.2	136691642	136691993	3	1	+	NC_073262.2	136691673	136691757	136691857	136691981	SPP2	XM_003813123.4	+	3	136691757	136691857	99	1
NC_073262.2	140453782	140454133	2	1	+	NC_073262.2	140453836	140454019	140454110	140454132	RBM44	XM_055109265.1	+	2	140454019	140454110	90	1
NC_073262.2	140795434	140797027	2	1	+	NC_073262.2	140796291	140796553	140796629	140796737	ERFE	XM_034955472.3	+	2	140796553	140796629	75	5
NC_073262.2	140795434	140797027	2	1	+	NC_073262.2	140796291	140796553	140796629	140796733	ERFE	XM_034955478.3	+	2	140796553	140796629	75	3
NC_073262.2	140795434	140797027	2	1	+	NC_073262.2	140796629	140796733	140796824	140796914	ERFE	XM_034955478.3	+	2	140796733	140796824	90	3
NC_073262.2	140871934	140872699	-3	1	-	NC_073262.2	140872505	140872591	140872327	140872408	HES6	XM_034955484.3	-	3	140872408	140872505	96	1
NC_073262.2	140871934	140872699	-3	1	-	NC_073262.2	140872505	140872591	140872367	140872408	HES6	XM_034955485.2	-	3	140872408	140872505	96	1
NC_073262.2	140891035	140891434	-3	1	-	NC_073262.2	140891262	140891409	140891041	140891165	PER2	XM_003813090.5	-	3	140891165	140891262	96	3
NC_073262.2	143651926	143652739	2	1	+	NC_073262.2	143652038	143652175	143652293	143652650	CROCC2	XM_024928027.4	+	2	143652175	143652293	117	1
NC_073262.2	143726413	143727253	2	1	+	NC_073262.2	143726736	143726849	143726961	143727074	SNED1	XM_034955554.3	+	2	143726849	143726961	111	14
NC_073262.2	143726413	143727253	2	1	+	NC_073262.2	143726760	143726849	143726961	143727074	SNED1	XM_063595632.1	+	2	143726849	143726961	111	2
NC_073262.2	143925735	143926569	1	1	+	NC_073262.2	143926081	143926200	143926324	143926374	ANO7	XM_055109315.3	+	1	143926200	143926324	123	1
NC_073262.2	143925735	143926569	1	1	+	NC_073262.2	143926324	143926374	143926516	143926569	ANO7	XM_055109315.3	+	1	143926374	143926516	141	1
NC_073262.2	144523511	144524294	3	1	+	NC_073262.2	144523593	144523799	144524007	144524262	NEU4	XM_003804455.5	+	3	144523799	144524007	207	1
NC_073262.2	144523511	144524294	3	1	+	NC_073262.2	144523596	144523799	144524007	144524262	NEU4	XM_008960072.4	+	3	144523799	144524007	207	1
NC_073262.2	144523511	144524294	3	1	+	NC_073262.2	144523599	144523799	144524007	144524262	NEU4	XM_008960076.4	+	3	144523799	144524007	207	5
NC_073262.2	15306530	15307244	-2	1	-	NC_073262.2	15306935	15307030	15306627	15306703	LOC117979218	XM_055108415.2	-	2	15306703	15306935	231	2
NC_073262.2	43892754	43893282	1	1	+	NC_073262.2	43893018	43893091	43893173	43893282	IMP4	XM_003804154.6	+	1	43893091	43893173	81	3
NC_073262.2	43905819	43906557	1	1	+	NC_073262.2	43906073	43906149	43906237	43906332	PTPN18	XM_034954133.3	+	1	43906149	43906237	87	4
NC_073262.2	43917582	43918113	1	1	+	NC_073262.2	43917655	43917744	43917979	43918067	PTPN18	XM_034954133.3	+	1	43917744	43917979	234	4
NC_073262.2	48744194	48744866	-2	1	-	NC_073262.2	48744539	48744788	48744365	48744439	TEX51	XM_024927991.4	-	2	48744439	48744539	99	8
NC_073262.2	54377123	54377627	-2	1	-	NC_073262.2	54377505	54377612	54377298	54377411	NEB	XM_034954281.3	-	2	54377411	54377505	93	1
NC_073262.2	64959339	64959729	-1	1	-	NC_073262.2	64959616	64959706	64959340	64959516	IFIH1	XM_003820935.6	-	1	64959516	64959616	99	1
NC_073262.2	71495858	71496251	3	1	+	NC_073262.2	71495886	71495984	71496081	71496206	NOSTRIN	XM_034954436.2	+	3	71495984	71496081	96	20
NC_073262.2	81227161	81227989	-3	1	-	NC_073262.2	81227611	81227901	81227233	81227520	TTN	XM_063595464.1	-	3	81227520	81227611	90	1
NC_073262.2	81261158	81261911	-2	1	-	NC_073262.2	81261566	81261862	81261265	81261451	TTN	XM_063595464.1	-	2	81261451	81261566	114	1
NC_073262.2	81278318	81278885	-2	1	-	NC_073262.2	81278591	81278857	81278361	81278500	TTN	XM_063595464.1	-	2	81278500	81278591	90	1
NC_073262.2	81299551	81299929	-3	1	-	NC_073262.2	81299767	81299850	81299599	81299682	TTN	XM_063595464.1	-	3	81299682	81299767	84	1
NC_073262.2	81302211	81302637	-1	1	-	NC_073262.2	81302412	81302495	81302247	81302330	TTN	XM_063595464.1	-	1	81302330	81302412	81	1
NC_073262.2	81310725	81311088	-1	1	-	NC_073262.2	81310926	81311009	81310761	81310844	TTN	XM_063595464.1	-	1	81310844	81310926	81	1
NC_073262.2	81366917	81367730	-2	1	-	NC_073262.2	81367322	81367600	81366920	81367201	TTN	XM_063595464.1	-	2	81367201	81367322	120	1
NC_073262.2	81369930	81370668	-1	1	-	NC_073262.2	81370350	81370628	81369978	81370256	TTN	XM_063595464.1	-	1	81370256	81370350	93	1
NC_073262.2	81446711	81447185	-2	1	-	NC_073262.2	81447051	81447136	81446713	81446957	TTN	XM_034954590.3	-	2	81446957	81447051	93	2
NC_073263.2	101511455	101512343	3	1	+	NC_073263.2	101511610	101511773	101511987	101512343	ZIC2	XM_024925317.5	+	3	101511773	101511987	213	1
NC_073263.2	111707531	111707792	-2	1	-	NC_073263.2	111707703	111707792	111707559	111707603	COL4A1	XM_003832082.6	-	2	111707603	111707703	99	2
NC_073263.2	111707531	111707792	-2	1	-	NC_073263.2	111707703	111707744	111707559	111707603	COL4A1	XM_034936976.3	-	2	111707603	111707703	99	1
NC_073263.2	114548226	114548559	1	1	+	NC_073263.2	114548227	114548294	114548418	114548508	MCF2L	XM_034937037.3	+	1	114548294	114548418	123	1
NC_073263.2	116024116	116024551	2	1	+	NC_073263.2	116024123	116024212	116024291	116024401	LOC129398497	XM_063596018.1	+	2	116024212	116024291	78	1
NC_073263.2	20771349	20771988	1	1	+	NC_073263.2	20771545	20771673	20771878	20771987	SAP18	XM_003833024.5	+	1	20771673	20771878	204	4
NC_073263.2	27620926	27621283	-3	1	-	NC_073263.2	27621130	27621262	27620935	27621039	FLT3	XM_034936495.3	-	3	27621039	27621130	90	1
NC_073263.2	36551767	36552193	-3	1	-	NC_073263.2	36552029	36552185	36551879	36551935	SUPT20H	XM_063595709.1	-	3	36551935	36552029	93	50
NC_073263.2	49954077	49954605	-1	1	-	NC_073263.2	49954414	49954572	49954168	49954275	RCBTB2	XM_008963828.4	-	1	49954275	49954414	138	5
NC_073263.2	53585736	53586024	-1	1	-	NC_073263.2	53585931	53586024	53585746	53585843	NEK3	XM_003809787.4	-	1	53585843	53585931	87	3
NC_073263.2	53585736	53586024	-1	1	-	NC_073263.2	53585931	53585973	53585746	53585843	NEK3	XM_063595776.1	-	1	53585843	53585931	87	1
NC_073263.2	97173568	97174294	-3	1	-	NC_073263.2	97174283	97174285	97173584	97174144	DZIP1	XM_003832025.5	-	3	97174144	97174283	138	2
NC_073263.2	99533456	99533738	3	1	+	NC_073263.2	99533457	99533568	99533653	99533708	IPO5	XM_034936872.3	+	3	99533568	99533653	84	7
NC_073264.2	100881321	100882134	1	1	+	NC_073264.2	100881600	100881666	100881967	100882134	CYP46A1	XM_003832850.5	+	1	100881666	100881967	300	2
NC_073264.2	101449838	101450594	-3	1	-	NC_073264.2	101450399	101450557	101450226	101450269	SLC25A29	XM_008958304.5	-	3	101450269	101450399	129	1
NC_073264.2	104082433	104082844	2	1	+	NC_073264.2	104082453	104082615	104082694	104082781	AMN	XM_034938207.2	+	2	104082615	104082694	78	2
NC_073264.2	104258888	104259446	3	1	+	NC_073264.2	104258963	104259074	104259303	104259425	EXOC3L4	XM_034938212.3	+	3	104259074	104259303	228	1
NC_073264.2	104284798	104285302	2	1	+	NC_073264.2	104284829	104284951	104285141	104285241	TNFAIP2	XM_034938213.3	+	2	104284951	104285141	189	4
NC_073264.2	105332315	105333359	3	1	+	NC_073264.2	105332467	105332729	105332820	105333003	KIF26A	XM_034938254.3	+	3	105332729	105332820	90	2
NC_073264.2	105332315	105333359	3	1	+	NC_073264.2	105332820	105333003	105333196	105333358	KIF26A	XM_034938254.3	+	3	105333003	105333196	192	2
NC_073264.2	105957364	105957697	-1	1	-	NC_073264.2	105957566	105957697	105957428	105957493	AKT1	XM_034938270.4	-	1	105957493	105957566	72	3
NC_073264.2	106070487	106073142	1	1	+	NC_073264.2	106071067	106071157	106071302	106073005	CEP170B	XM_034938272.3	+	1	106071157	106071302	144	4
NC_073264.2	106116686	106117187	3	1	+	NC_073264.2	106116773	106116938	106117020	106117116	PLD4	XM_003806996.5	+	3	106116938	106117020	81	1
NC_073264.2	106328778	106329366	-2	1	-	NC_073264.2	106329189	106329341	106328997	106329110	JAG2	XM_034938287.2	-	2	106329110	106329189	78	3
NC_073264.2	106330758	106331388	-2	1	-	NC_073264.2	106331206	106331252	106330945	106331118	JAG2	XM_034938287.2	-	2	106331118	106331206	87	3
NC_073264.2	106331275	106331911	-1	1	-	NC_073264.2	106331587	106331700	106331332	106331445	JAG2	XM_034938287.2	-	1	106331445	106331587	141	2
NC_073264.2	106335873	106336455	-2	1	-	NC_073264.2	106336050	106336301	106335875	106335935	JAG2	XM_034938287.2	-	2	106335935	106336050	114	3
NC_073264.2	22469560	22470310	-1	1	-	NC_073264.2	22470032	22470079	22469780	22469815	NDRG2	XM_003804723.4	-	1	22469815	22470032	216	14
NC_073264.2	22472043	22472445	-2	1	-	NC_073264.2	22472359	22472419	22472071	22472157	NDRG2	XM_003804723.4	-	2	22472157	22472359	201	14
NC_073264.2	22931968	22932418	-1	1	-	NC_073264.2	22932298	22932343	22931998	22932069	RAB2B	XM_003804752.4	-	1	22932069	22932298	228	1
NC_073264.2	24331694	24332033	-3	1	-	NC_073264.2	24331862	24331990	24331696	24331765	RBM23	XM_003808111.6	-	3	24331765	24331862	96	3
NC_073264.2	24331694	24332033	-3	1	-	NC_073264.2	24331862	24331990	24331695	24331765	RBM23	XM_055097328.2	-	3	24331765	24331862	96	2
NC_073264.2	24334728	24335124	-2	1	-	NC_073264.2	24334972	24335124	24334753	24334890	RBM23	XM_003808111.6	-	2	24334890	24334972	81	5
NC_073264.2	24481534	24482332	-1	1	-	NC_073264.2	24482119	24482230	24481558	24481806	CDH24	XM_034937290.4	-	1	24481806	24482119	312	1
NC_073264.2	24820831	24821785	-1	1	-	NC_073264.2	24821303	24821692	24820843	24820969	MYH6	XM_034937302.4	-	1	24820969	24821303	333	1
NC_073264.2	24828204	24828528	-2	1	-	NC_073264.2	24828417	24828504	24828212	24828329	MYH6	XM_034937302.4	-	2	24828329	24828417	87	1
NC_073264.2	24863680	24864115	-1	1	-	NC_073264.2	24863842	24863998	24863682	24863709	LOC100978529	XM_003808086.6	-	1	24863709	24863842	132	1
NC_073264.2	25416017	25416449	3	1	+	NC_073264.2	25416110	25416203	25416297	25416395	CARMIL3	XM_003809065.5	+	3	25416203	25416297	93	13
NC_073264.2	25422429	25422921	1	1	+	NC_073264.2	25422529	25422595	25422698	25422787	CARMIL3	XM_003809065.5	+	1	25422595	25422698	102	13
NC_073264.2	25430313	25430892	1	1	+	NC_073264.2	25430410	25430484	25430650	25430733	CPNE6	XM_034937317.3	+	1	25430484	25430650	165	3
NC_073264.2	25432921	25433614	2	1	+	NC_073264.2	25432983	25433116	25433258	25433494	CPNE6	XM_034937317.3	+	2	25433116	25433258	141	3
NC_073264.2	25509751	25510105	2	1	+	NC_073264.2	25509794	25509892	25509983	25510072	RNF31	XM_003809067.6	+	2	25509892	25509983	90	2
NC_073264.2	25517365	25517941	2	1	+	NC_073264.2	25517366	25517549	25517781	25517911	IRF9	XM_003809073.7	+	2	25517549	25517781	231	7
NC_073264.2	25520097	25520655	1	1	+	NC_073264.2	25520250	25520365	25520525	25520655	IRF9	XM_008961228.6	+	1	25520365	25520525	159	3
NC_073264.2	25527150	25527525	1	1	+	NC_073264.2	25527225	25527367	25527452	25527524	REC8	XM_003809069.6	+	1	25527367	25527452	84	2
NC_073264.2	25541563	25542103	-1	1	-	NC_073264.2	25541948	25542077	25541681	25541860	IPO4	XM_008961233.4	-	1	25541860	25541948	87	6
NC_073264.2	25592152	25592584	2	1	+	NC_073264.2	25592241	25592347	25592516	25592558	GMPR2	XM_003809075.5	+	2	25592347	25592516	168	10
NC_073264.2	25622315	25623284	-3	1	-	NC_073264.2	25622796	25622884	25622586	25622702	RABGGTA	XM_003809089.6	-	3	25622702	25622796	93	1
NC_073264.2	25623290	25623773	-3	1	-	NC_073264.2	25623651	25623752	25623440	25623545	RABGGTA	XM_003809089.6	-	3	25623545	25623651	105	1
NC_073264.2	25623290	25623773	-3	1	-	NC_073264.2	25623440	25623545	25623295	25623346	RABGGTA	XM_003809089.6	-	3	25623346	25623440	93	1
NC_073264.2	25654999	25655977	2	1	+	NC_073264.2	25655036	25655282	25655490	25655933	LOC100979193	XM_003809090.6	+	2	25655282	25655490	207	4
NC_073264.2	25685817	25686528	-2	1	-	NC_073264.2	25686314	25686462	25686124	25686235	ADCY4	XM_008961276.4	-	2	25686235	25686314	78	5
NC_073264.2	25766066	25766702	3	1	+	NC_073264.2	25766114	25766244	25766392	25766488	NYNRIN	XM_003809109.5	+	3	25766244	25766392	147	1
NC_073264.2	53776799	53777186	-3	1	-	NC_073264.2	53777028	53777114	53776807	53776940	ERO1A	XM_003831710.6	-	3	53776940	53777028	87	1
NC_073264.2	59347228	59347525	2	1	+	NC_073264.2	59347251	59347330	59347412	59347485	ACTR10	XM_003831665.5	+	2	59347330	59347412	81	1
NC_073264.2	74354961	74355930	1	1	+	NC_073264.2	74355315	74355375	74355751	74355853	PAPLN	XM_034937777.3	+	1	74355375	74355751	375	3
NC_073264.2	74702436	74703189	1	1	+	NC_073264.2	74702539	74703063	74703139	74703184	ACOT6	XM_055097822.2	+	1	74703063	74703139	75	1
NC_073264.2	75048891	75049392	1	1	+	NC_073264.2	75049012	75049176	75049264	75049371	COQ6	XM_034937798.3	+	1	75049176	75049264	87	1
NC_073264.2	75048891	75049392	1	1	+	NC_073264.2	75049012	75049074	75049264	75049371	COQ6	XM_034937799.3	+	1	75049074	75049264	189	2
NC_073264.2	75370646	75371012	-3	1	-	NC_073264.2	75370845	75370966	75370648	75370739	ABCD4	XM_003824162.5	-	3	75370739	75370845	105	13
NC_073265.2	29276262	29276826	-2	1	-	NC_073265.2	29276740	29276763	29276523	29276595	SRP14	XM_003826559.4	-	2	29276595	29276740	144	1
NC_073265.2	29506095	29507016	1	1	+	NC_073265.2	29506216	29506713	29506858	29506991	PAK6	XM_034938514.4	+	1	29506713	29506858	144	8
NC_073265.2	29507299	29507911	2	1	+	NC_073265.2	29507338	29507464	29507543	29507668	PAK6	XM_034938514.4	+	2	29507464	29507543	78	8
NC_073265.2	29530441	29530873	-1	1	-	NC_073265.2	29530711	29530873	29530487	29530599	PLCB2	XM_003826565.6	-	1	29530599	29530711	111	15
NC_073265.2	29530441	29530873	-1	1	-	NC_073265.2	29530723	29530873	29530487	29530599	PLCB2	XM_008951966.5	-	1	29530599	29530723	123	2
NC_073265.2	29616820	29617468	2	1	+	NC_073265.2	29616839	29617047	29617231	29617325	KNSTRN	XM_003826572.5	+	2	29617047	29617231	183	3
NC_073265.2	29644125	29644500	1	1	+	NC_073265.2	29644126	29644215	29644429	29644480	IVD	XM_003826575.6	+	1	29644215	29644429	213	15
NC_073265.2	30017198	30017867	-3	1	-	NC_073265.2	30017691	30017776	30017345	30017441	DNAJC17	XM_008951984.4	-	3	30017441	30017691	249	1
NC_073265.2	30095834	30096452	3	1	+	NC_073265.2	30095869	30095996	30096234	30096372	SPINT1	XM_003826598.5	+	3	30095996	30096234	237	6
NC_073265.2	30116067	30116997	-2	1	-	NC_073265.2	30116670	30116877	30116422	30116480	RHOV	XM_003826601.6	-	2	30116480	30116670	189	1
NC_073265.2	30337575	30337962	-2	1	-	NC_073265.2	30337767	30337936	30337609	30337676	INO80	XM_003826605.6	-	2	30337676	30337767	90	1
NC_073265.2	30718321	30718696	2	1	+	NC_073265.2	30718322	30718443	30718615	30718672	RTF1	XM_003826612.5	+	2	30718443	30718615	171	1
NC_073265.2	30742860	30743301	1	1	+	NC_073265.2	30742876	30742972	30743048	30743264	ITPKA	XM_034938562.3	+	1	30742972	30743048	75	1
NC_073265.2	30752541	30753756	-2	1	-	NC_073265.2	30752826	30752982	30752568	30752750	LTK	XM_063596558.1	-	2	30752750	30752826	75	1
NC_073265.2	31058998	31059493	2	1	+	NC_073265.2	31059104	31059215	31059429	31059492	MAPKBP1	XM_034938565.3	+	2	31059215	31059429	213	3
NC_073265.2	31076837	31077551	3	1	+	NC_073265.2	31077052	31077147	31077379	31077455	LOC129393987	XM_055098664.2	+	3	31077147	31077379	231	9
NC_073265.2	31088006	31088600	3	1	+	NC_073265.2	31088250	31088402	31088562	31088600	LOC129393987	XM_055098669.2	+	3	31088402	31088562	159	1
NC_073265.2	31096006	31096633	-1	1	-	NC_073265.2	31096344	31096540	31096019	31096223	SPTBN5	XM_055098674.2	-	1	31096223	31096344	120	1
NC_073265.2	31099335	31099806	-2	1	-	NC_073265.2	31099699	31099789	31099411	31099557	SPTBN5	XM_055098674.2	-	2	31099557	31099699	141	1
NC_073265.2	31123446	31124148	-2	1	-	NC_073265.2	31123948	31124148	31123615	31123824	SPTBN5	XM_055098674.2	-	2	31123824	31123948	123	1
NC_073265.2	32398115	32398628	3	1	+	NC_073265.2	32398231	32398355	32398584	32398627	TMEM62	XM_024925608.4	+	3	32398355	32398584	228	1
NC_073265.2	32773966	32782735	2	1	+	NC_073265.2	32773967	32782151	32782293	32782513	MAP1A	XM_003805579.5	+	2	32782151	32782293	141	1
NC_073265.2	32773966	32782735	2	1	+	NC_073265.2	32773967	32782151	32782293	32782735	MAP1A	XM_063596593.1	+	2	32782151	32782293	141	1
NC_073265.2	32773966	32782735	2	1	+	NC_073265.2	32774117	32782151	32782293	32782735	MAP1A	XM_063596594.1	+	2	32782151	32782293	141	1
NC_073265.2	33027840	33028533	-2	1	-	NC_073265.2	33028312	33028347	33027842	33027954	ELL3	XM_008967828.5	-	2	33027954	33028312	357	2
NC_073265.2	54064350	54065145	-2	1	-	NC_073265.2	54065007	54065094	54064696	54064841	PIF1	XM_034938921.4	-	2	54064841	54065007	165	6
NC_073265.2	61553064	61553910	-2	1	-	NC_073265.2	61553442	61553574	61553205	61553354	HEXA	XM_003818557.5	-	2	61553354	61553442	87	12
NC_073265.2	61553064	61553910	-2	1	-	NC_073265.2	61553442	61553574	61553205	61553351	HEXA	XM_008971894.4	-	2	61553351	61553442	90	5
NC_073265.2	62554410	62555202	-2	1	-	NC_073265.2	62554897	62555043	62554554	62554794	HCN4	XM_034939102.3	-	2	62554794	62554897	102	1
NC_073265.2	63111271	63112039	2	1	+	NC_073265.2	63111473	63111556	63111821	63112039	TBC1D21	XM_034939113.3	+	2	63111556	63111821	264	1
NC_073265.2	63644993	63645758	-3	1	-	NC_073265.2	63645504	63645596	63645218	63645302	SEMA7A	XM_003811109.7	-	3	63645302	63645504	201	1
NC_073265.2	63820119	63821157	1	1	+	NC_073265.2	63820344	63820621	63820748	63821002	ARID3B	XM_014341544.4	+	1	63820621	63820748	126	2
NC_073265.2	64557613	64558048	-1	1	-	NC_073265.2	64557806	64557954	64557615	64557724	MAN2C1	XM_003818956.7	-	1	64557724	64557806	81	7
NC_073265.2	67493761	67494193	2	1	+	NC_073265.2	67493781	67493881	67493981	67494193	DNAJA4	XM_024925663.2	+	2	67493881	67493981	99	6
NC_073265.2	68046902	68047757	-3	1	-	NC_073265.2	68047554	68047637	68047084	68047208	ADAMTS7	XM_055098540.3	-	3	68047208	68047554	345	2
NC_073265.2	7105878	7106352	1	1	+	NC_073265.2	7105879	7105960	7106048	7106219	LOC100976978	XM_034938387.3	+	1	7105960	7106048	87	3
NC_073265.2	73205436	73206258	1	1	+	NC_073265.2	73205494	73205676	73205758	73206041	AP3B2	XM_034939314.4	+	1	73205676	73205758	81	2
NC_073265.2	73891093	73891762	2	1	+	NC_073265.2	73891165	73891333	73891460	73891657	LOC134729055	XM_063596502.1	+	2	73891333	73891460	126	1
NC_073265.2	73900892	73901291	3	1	+	NC_073265.2	73900990	73901088	73901179	73901291	LOC134729055	XM_063596502.1	+	3	73901088	73901179	90	1
NC_073265.2	80429557	80429998	2	1	+	NC_073265.2	80429639	80429737	80429846	80429941	FURIN	XM_034939430.3	+	2	80429737	80429846	108	3
NC_073265.2	80440348	80440759	2	1	+	NC_073265.2	80440349	80440445	80440575	80440758	FES	XM_003807716.6	+	2	80440445	80440575	129	4
NC_073265.2	80488697	80489243	3	1	+	NC_073265.2	80488809	80488814	80489028	80489189	UNC45A	XM_008959849.6	+	3	80488814	80489028	213	1
NC_073265.2	80488697	80489243	3	1	+	NC_073265.2	80488809	80488859	80489028	80489189	UNC45A	XM_034939440.2	+	3	80488859	80489028	168	1
NC_073265.2	80506713	80507211	1	1	+	NC_073265.2	80506773	80506890	80506999	80507154	UNC45A	XM_008959849.6	+	1	80506890	80506999	108	2
NC_073266.2	23261147	23261879	-2	1	-	NC_073266.2	23261367	23261489	23261246	23261282	LOC129393739	XM_063597393.1	-	2	23261282	23261367	84	1
NC_073266.2	67810609	67811368	-3	1	-	NC_073266.2	67811159	67811255	67810748	67810900	CXXC1	XM_003827216.5	-	3	67810900	67811159	258	5
NC_073266.2	67811585	67812227	-2	1	-	NC_073266.2	67811790	67811997	67811601	67811711	CXXC1	XM_003827216.5	-	2	67811711	67811790	78	5
NC_073266.2	97985808	97986276	1	1	+	NC_073266.2	97985848	97985956	97986035	97986145	LOC129394588	XM_055102441.2	+	1	97985956	97986035	78	1
NC_073267.2	1029046	1029736	-2	1	-	NC_073267.2	1029539	1029662	1029262	1029364	RPUSD1	XM_034951539.3	-	2	1029364	1029539	174	1
NC_073267.2	1039072	1039666	2	1	+	NC_073267.2	1039234	1039378	1039478	1039609	CHTF18	XM_003808822.5	+	2	1039378	1039478	99	5
NC_073267.2	11290095	11290596	1	1	+	NC_073267.2	11290099	11290320	11290399	11290503	NUBP1	XM_063598368.1	+	1	11290320	11290399	78	2
NC_073267.2	11445737	11446433	3	1	+	NC_073267.2	11445757	11445903	11446144	11446239	CIITA	XM_008960373.5	+	3	11445903	11446144	240	11
NC_073267.2	1461000	1461576	1	1	+	NC_073267.2	1461111	1461228	1461385	1461540	CACNA1H	XM_008960949.5	+	1	1461228	1461385	156	9
NC_073267.2	1464580	1465120	2	1	+	NC_073267.2	1464683	1464751	1464887	1465071	CACNA1H	XM_008960949.5	+	2	1464751	1464887	135	9
NC_073267.2	1465235	1465793	3	1	+	NC_073267.2	1465268	1465394	1465581	1465706	CACNA1H	XM_008960949.5	+	3	1465394	1465581	186	9
NC_073267.2	1485364	1485790	-2	1	-	NC_073267.2	1485691	1485751	1485366	1485537	LOC100978423	XM_008960952.4	-	2	1485537	1485691	153	1
NC_073267.2	1485364	1485790	-2	1	-	NC_073267.2	1485691	1485772	1485366	1485537	LOC100978423	XM_014341614.4	-	2	1485537	1485691	153	1
NC_073267.2	1496555	1496981	3	1	+	NC_073267.2	1496574	1496655	1496809	1496980	LOC117978660	XM_034951543.3	+	3	1496655	1496809	153	1
NC_073267.2	1511287	1511713	2	1	+	NC_073267.2	1511306	1511387	1511541	1511712	LOC100983474	XM_034950938.3	+	2	1511387	1511541	153	1
NC_073267.2	15798041	15798899	-1	1	-	NC_073267.2	15798507	15798638	15798210	15798416	MYH11	XM_034951175.3	-	1	15798416	15798507	90	6
NC_073267.2	1602128	1602578	3	1	+	NC_073267.2	1602146	1602233	1602357	1602488	BAIAP3	XM_034951567.3	+	3	1602233	1602357	123	2
NC_073267.2	1602128	1602578	3	1	+	NC_073267.2	1602146	1602233	1602408	1602488	BAIAP3	XM_034951568.4	+	3	1602233	1602408	174	2
NC_073267.2	1603663	1604098	2	1	+	NC_073267.2	1603748	1603807	1603955	1604021	BAIAP3	XM_034951567.3	+	2	1603807	1603955	147	4
NC_073267.2	1605334	1605682	2	1	+	NC_073267.2	1605353	1605460	1605545	1605640	BAIAP3	XM_034951567.3	+	2	1605460	1605545	84	4
NC_073267.2	1606931	1607456	3	1	+	NC_073267.2	1607099	1607189	1607340	1607396	BAIAP3	XM_034951567.3	+	3	1607189	1607340	150	4
NC_073267.2	1607459	1607783	3	1	+	NC_073267.2	1607472	1607569	1607669	1607720	BAIAP3	XM_034951567.3	+	3	1607569	1607669	99	4
NC_073267.2	1610597	1611116	3	1	+	NC_073267.2	1610643	1610723	1610799	1610919	BAIAP3	XM_034951567.3	+	3	1610723	1610799	75	4
NC_073267.2	1610597	1611116	3	1	+	NC_073267.2	1610799	1610919	1610992	1611115	BAIAP3	XM_034951567.3	+	3	1610919	1610992	72	4
NC_073267.2	1615032	1615251	1	1	+	NC_073267.2	1615057	1615108	1615193	1615250	GNPTG	XM_003807623.5	+	1	1615108	1615193	84	1
NC_073267.2	1626444	1626708	1	1	+	NC_073267.2	1626445	1626526	1626617	1626708	GNPTG	XM_003807623.5	+	1	1626526	1626617	90	1
NC_073267.2	16785150	16785546	1	1	+	NC_073267.2	16785172	16785237	16785379	16785545	LOC134729411	XM_063598434.1	+	1	16785237	16785379	141	1
NC_073267.2	1700572	1701154	-2	1	-	NC_073267.2	1700912	1701013	1700702	1700830	CCDC154	XM_055100610.2	-	2	1700830	1700912	81	2
NC_073267.2	1708478	1708988	-1	1	-	NC_073267.2	1708851	1708931	1708479	1708562	CLCN7	XM_034939584.3	-	1	1708562	1708851	288	2
NC_073267.2	1709196	1709682	-3	1	-	NC_073267.2	1709500	1709559	1709236	1709412	CLCN7	XM_034939584.3	-	3	1709412	1709500	87	2
NC_073267.2	17179763	17180159	3	1	+	NC_073267.2	17179785	17179850	17179992	17180158	LOC129394167	XM_063598433.1	+	3	17179850	17179992	141	1
NC_073267.2	1719226	1719622	-2	1	-	NC_073267.2	1719473	1719535	1719233	1719316	CLCN7	XM_034939584.3	-	2	1719316	1719473	156	2
NC_073267.2	17515554	17515875	1	1	+	NC_073267.2	17515555	17515765	17515856	17515875	LOC129394135	XM_063598410.1	+	1	17515765	17515856	90	1
NC_073267.2	1763745	1764471	1	1	+	NC_073267.2	1764015	1764103	1764281	1764372	TELO2	XM_003807616.6	+	1	1764103	1764281	177	2
NC_073267.2	17672006	17672402	3	1	+	NC_073267.2	17672028	17672093	17672235	17672401	LOC117976211	XM_063598435.1	+	3	17672093	17672235	141	1
NC_073267.2	20101650	20102307	-3	1	-	NC_073267.2	20102169	20102307	20101975	20102084	SMG1	XM_055100222.2	-	3	20102084	20102169	84	4
NC_073267.2	2033468	2034209	3	1	+	NC_073267.2	2033561	2033628	2033806	2033954	MAPK8IP3	XM_063598204.1	+	3	2033628	2033806	177	8
NC_073267.2	2034445	2034859	2	1	+	NC_073267.2	2034462	2034575	2034726	2034764	MAPK8IP3	XM_063598204.1	+	2	2034575	2034726	150	8
NC_073267.2	2037388	2037754	-2	1	-	NC_073267.2	2037508	2037620	2037389	2037393	NME3	XM_055100717.2	-	2	2037393	2037508	114	1
NC_073267.2	2234118	2238501	1	1	+	NC_073267.2	2234438	2238057	2238277	2238426	PKD1	XM_055100622.3	+	1	2238057	2238277	219	5
NC_073267.2	2253253	2253979	2	1	+	NC_073267.2	2253288	2253490	2253563	2253757	PKD1	XM_055100622.3	+	2	2253490	2253563	72	5
NC_073267.2	2256193	2257162	2	1	+	NC_073267.2	2256209	2256499	2256575	2256709	PKD1	XM_055100622.3	+	2	2256499	2256575	75	5
NC_073267.2	2258768	2259488	-1	1	-	NC_073267.2	2259237	2259328	2259051	2259149	TSC2	XM_003807693.6	-	1	2259149	2259237	87	8
NC_073267.2	2258768	2259488	-1	1	-	NC_073267.2	2259051	2259149	2258769	2258930	TSC2	XM_003807693.6	-	1	2258930	2259051	120	8
NC_073267.2	2258768	2259488	-1	1	-	NC_073267.2	2259237	2259328	2258769	2259149	TSC2	XM_063598193.1	-	1	2259149	2259237	87	8
NC_073267.2	2369137	2369536	-2	1	-	NC_073267.2	2369368	2369471	2369209	2369280	TBL3	XM_003807681.7	-	2	2369280	2369368	87	1
NC_073267.2	2372581	2373046	-2	1	-	NC_073267.2	2372999	2373046	2372743	2372884	TBL3	XM_003807681.7	-	2	2372884	2372999	114	1
NC_073267.2	2372581	2373046	-2	1	-	NC_073267.2	2372743	2372884	2372583	2372667	TBL3	XM_003807681.7	-	2	2372667	2372743	75	1
NC_073267.2	2405834	2406617	3	1	+	NC_073267.2	2405995	2406111	2406508	2406617	MSRB1	XM_034941049.3	+	3	2406111	2406508	396	1
NC_073267.2	24941453	24942143	-1	1	-	NC_073267.2	24941697	24941850	24941455	24941585	EARS2	XM_003813707.7	-	1	24941585	24941697	111	3
NC_073267.2	2679058	2679478	2	1	+	NC_073267.2	2679083	2679214	2679299	2679418	TRAF7	XM_008951359.4	+	2	2679214	2679299	84	3
NC_073267.2	2682541	2684932	-2	1	-	NC_073267.2	2684794	2684932	2682571	2684577	CASKIN1	XM_034940938.4	-	2	2684577	2684794	216	2
NC_073267.2	2687740	2688313	-2	1	-	NC_073267.2	2688122	2688210	2687962	2688046	CASKIN1	XM_034940938.4	-	2	2688046	2688122	75	2
NC_073267.2	2689412	2690321	-1	1	-	NC_073267.2	2690177	2690285	2689989	2690083	CASKIN1	XM_034940938.4	-	1	2690083	2690177	93	2
NC_073267.2	2689412	2690321	-1	1	-	NC_073267.2	2689989	2690083	2689718	2689835	CASKIN1	XM_034940938.4	-	1	2689835	2689989	153	2
NC_073267.2	2692424	2693273	-1	1	-	NC_073267.2	2693090	2693187	2692437	2692582	CASKIN1	XM_034940938.4	-	1	2692582	2693090	507	2
NC_073267.2	2709718	2710426	2	1	+	NC_073267.2	2709964	2710039	2710121	2710273	MLST8	XM_003806216.6	+	2	2710039	2710121	81	4
NC_073267.2	2734610	2735519	3	1	+	NC_073267.2	2734624	2734776	2734879	2735051	E4F1	XM_003806213.5	+	3	2734776	2734879	102	7
NC_073267.2	274350	274788	-3	1	-	NC_073267.2	274633	274708	274463	274563	RHBDF1	XM_034951557.3	-	3	274563	274633	69	4
NC_073267.2	277900	278554	-2	1	-	NC_073267.2	278192	278401	277994	278116	RHBDF1	XM_034951556.3	-	2	278116	278192	75	6
NC_073267.2	2782676	2783288	-1	1	-	NC_073267.2	2783061	2783189	2782707	2782901	ABCA3	XM_034940937.3	-	1	2782901	2783061	159	2
NC_073267.2	2827477	2827996	-2	1	-	NC_073267.2	2827913	2827966	2827510	2827774	ABCA3	XM_034940937.3	-	2	2827774	2827913	138	2
NC_073267.2	29784947	29785325	-1	1	-	NC_073267.2	29785124	29785286	29784948	29785027	EIF3CL	XM_055099554.2	-	1	29785027	29785124	96	1
NC_073267.2	3029565	3030117	1	1	+	NC_073267.2	3029636	3029724	3029812	3029956	AMDHD2	XM_034940983.4	+	1	3029724	3029812	87	3
NC_073267.2	30555783	30557631	1	1	+	NC_073267.2	30556306	30556497	30556582	30557432	MAZ	XM_034952180.4	+	1	30556497	30556582	84	3
NC_073267.2	30555783	30557631	1	1	+	NC_073267.2	30556411	30556497	30556582	30557432	MAZ	XM_055099782.2	+	1	30556497	30556582	84	2
NC_073267.2	30583425	30583779	1	1	+	NC_073267.2	30583426	30583549	30583628	30583759	MVP	XM_003809367.5	+	1	30583549	30583628	78	3
NC_073267.2	30758964	30759555	-3	1	-	NC_073267.2	30759277	30759356	30759001	30759075	DOC2A	XM_008961587.5	-	3	30759075	30759277	201	11
NC_073267.2	30930558	30931071	1	1	+	NC_073267.2	30930648	30930705	30930817	30931032	CORO1A	XM_034952188.3	+	1	30930705	30930817	111	1
NC_073267.2	31042588	31042966	-2	1	-	NC_073267.2	31042765	31042927	31042589	31042668	LOC117978822	XM_063597406.1	-	2	31042668	31042765	96	1
NC_073267.2	31099953	31103310	1	1	+	NC_073267.2	31099954	31100877	31100932	31102956	LOC117978821	XM_063597437.1	+	1	31100877	31100932	54	1
NC_073267.2	31099953	31103310	1	1	+	NC_073267.2	31100932	31102956	31103041	31103309	LOC117978821	XM_063597437.1	+	1	31102956	31103041	84	1
NC_073267.2	31108614	31109145	-3	1	-	NC_073267.2	31108834	31109006	31108651	31108749	IL27	XM_034952211.3	-	3	31108749	31108834	84	1
NC_073267.2	31709097	31709475	1	1	+	NC_073267.2	31709137	31709299	31709396	31709475	LOC134728365	XM_063597466.1	+	1	31709299	31709396	96	3
NC_073267.2	31858087	31858708	-2	1	-	NC_073267.2	31858556	31858641	31858311	31858444	ATP2A1	XM_034951863.3	-	2	31858444	31858556	111	2
NC_073267.2	31926733	31927564	-2	1	-	NC_073267.2	31927219	31927291	31926941	31927128	ATXN2L	XM_008978765.7	-	2	31927128	31927219	90	45
NC_073267.2	32061997	32062375	-2	1	-	NC_073267.2	32062174	32062336	32061998	32062077	LOC129394188	XM_055099653.2	-	2	32062077	32062174	96	3
NC_073267.2	32132044	32132497	2	1	+	NC_073267.2	32132045	32132189	32132319	32132428	NFATC2IP	XM_003804597.7	+	2	32132189	32132319	129	1
NC_073267.2	32163075	32163324	1	1	+	NC_073267.2	32163089	32163154	32163248	32163324	LAT	XM_008961649.4	+	1	32163154	32163248	93	4
NC_073267.2	32309872	32310250	2	1	+	NC_073267.2	32309912	32310074	32310171	32310250	LOC117977830	XM_055099659.2	+	2	32310074	32310171	96	3
NC_073267.2	32785430	32785808	-1	1	-	NC_073267.2	32785607	32785769	32785431	32785510	LOC117978768	XM_034951900.3	-	1	32785510	32785607	96	2
NC_073267.2	33156882	33157413	-3	1	-	NC_073267.2	33157242	33157383	33156883	33156899	LOC106634374	XM_055099829.2	-	3	33156899	33157242	342	1
NC_073267.2	3324203	3325256	3	1	+	NC_073267.2	3324406	3324571	3324734	3325017	PRSS41	XM_055100697.3	+	3	3324571	3324734	162	1
NC_073267.2	3324203	3325256	3	1	+	NC_073267.2	3324406	3324571	3324734	3325256	PRSS41	XM_057300161.2	+	3	3324571	3324734	162	1
NC_073267.2	33558493	33559342	-2	1	-	NC_073267.2	33559103	33559260	33558571	33559003	CD2BP2	XM_003807465.6	-	2	33559003	33559103	99	1
NC_073267.2	33564617	33565127	-1	1	-	NC_073267.2	33564930	33565044	33564741	33564806	TBC1D10B	XM_008959656.5	-	1	33564806	33564930	123	1
NC_073267.2	33582781	33583090	2	1	+	NC_073267.2	33582847	33582895	33582989	33583090	MYL11	XM_057300016.2	+	2	33582895	33582989	93	2
NC_073267.2	3363197	3363881	-1	1	-	NC_073267.2	3363687	3363847	3363198	3363470	LOC100988258	XM_055100699.2	-	1	3363470	3363687	216	3
NC_073267.2	33816752	33817559	-1	1	-	NC_073267.2	33817073	33817277	33816761	33816874	ZNF689	XM_003807471.6	-	1	33816874	33817073	198	1
NC_073267.2	33916777	33917479	2	1	+	NC_073267.2	33916857	33917030	33917121	33917443	SRCAP	XM_034940047.3	+	2	33917030	33917121	90	7
NC_073267.2	34186480	34186966	2	1	+	NC_073267.2	34186491	34186663	34186745	34186855	SETD1A	XM_034940022.3	+	2	34186663	34186745	81	4
NC_073267.2	34192449	34193157	1	1	+	NC_073267.2	34192617	34192716	34192852	34193014	HSD3B7	XM_003807485.4	+	1	34192716	34192852	135	6
NC_073267.2	34241657	34241990	3	1	+	NC_073267.2	34241673	34241774	34241886	34241985	STX4	XM_003807483.6	+	3	34241774	34241886	111	3
NC_073267.2	34326188	34326638	3	1	+	NC_073267.2	34326205	34326279	34326358	34326533	KAT8	XM_003807488.7	+	3	34326279	34326358	78	2
NC_073267.2	34579383	34579737	1	1	+	NC_073267.2	34579444	34579575	34579663	34579736	ITGAX	XM_008959647.4	+	1	34579575	34579663	87	2
NC_073267.2	34583837	34584119	3	1	+	NC_073267.2	34583838	34583954	34584039	34584118	ITGAX	XM_008959647.4	+	3	34583954	34584039	84	2
NC_073267.2	34589093	34589579	3	1	+	NC_073267.2	34589241	34589348	34589466	34589549	ITGAX	XM_008959647.4	+	3	34589348	34589466	117	1
NC_073267.2	34632119	34632716	3	1	+	NC_073267.2	34632189	34632296	34632408	34632485	ITGAD	XM_057299982.2	+	3	34632296	34632408	111	1
NC_073267.2	34699377	34699917	1	1	+	NC_073267.2	34699489	34699615	34699694	34699917	SLC5A2	XM_063597961.1	+	1	34699615	34699694	78	1
NC_073267.2	3518731	3519526	-2	1	-	NC_073267.2	3519310	3519416	3519005	3519177	PKMYT1	XM_003804680.7	-	2	3519177	3519310	132	7
NC_073267.2	3518731	3519526	-2	1	-	NC_073267.2	3519005	3519177	3518760	3518917	PKMYT1	XM_003804680.7	-	2	3518917	3519005	87	7
NC_073267.2	3534574	3535177	2	1	+	NC_073267.2	3534720	3534752	3534831	3534866	GREP1	XM_055100737.2	+	2	3534752	3534831	78	1
NC_073267.2	3535538	3536288	3	1	+	NC_073267.2	3535792	3535860	3536122	3536181	GREP1	XM_055100737.2	+	3	3535860	3536122	261	1
NC_073267.2	3536897	3537788	3	1	+	NC_073267.2	3537517	3537546	3537643	3537675	GREP1	XM_055100737.2	+	3	3537546	3537643	96	1
NC_073267.2	3539397	3539598	1	1	+	NC_073267.2	3539417	3539446	3539525	3539557	GREP1	XM_055100737.2	+	1	3539446	3539525	78	1
NC_073267.2	3540245	3541019	3	1	+	NC_073267.2	3540337	3540372	3540457	3540489	GREP1	XM_055100737.2	+	3	3540372	3540457	84	1
NC_073267.2	3542973	3543435	1	1	+	NC_073267.2	3543071	3543103	3543209	3543238	GREP1	XM_055100737.2	+	1	3543103	3543209	105	1
NC_073267.2	3571720	3572140	2	1	+	NC_073267.2	3571811	3571873	3571970	3572080	THOC6	XM_003804690.6	+	2	3571873	3571970	96	2
NC_073267.2	35872271	35873456	-1	1	-	NC_073267.2	35873249	35873393	35872272	35872537	LOC129394275	XM_055100190.2	-	1	35872537	35873249	711	1
NC_073267.2	36735200	36736385	-1	1	-	NC_073267.2	36736178	36736322	36735201	36735466	LOC117978030	XM_055100181.1	-	1	36735466	36736178	711	1
NC_073267.2	3780460	3781222	-2	1	-	NC_073267.2	3781177	3781209	3780461	3781011	MEFV	XM_003815139.6	-	2	3781011	3781177	165	1
NC_073267.2	379025	380168	3	1	+	NC_073267.2	379586	379790	380043	380168	LOC117978663	XM_034951553.3	+	3	379790	380043	252	1
NC_073267.2	38442014	38442332	3	1	+	NC_073267.2	38442042	38442087	38442172	38442299	LOC117978369	unassigned_transcript_706	+	3	38442087	38442172	84	1
NC_073267.2	500654	501011	3	1	+	NC_073267.2	500670	500733	500815	501011	ARHGDIG	XM_034951629.3	+	3	500733	500815	81	2
NC_073267.2	50132040	50132358	-3	1	-	NC_073267.2	50132286	50132331	50132039	50132201	LOC117978833	unassigned_transcript_711	-	3	50132201	50132286	84	1
NC_073267.2	503647	504115	2	1	+	NC_073267.2	503648	503773	503882	504079	PDIA2	XM_034951627.3	+	2	503773	503882	108	2
NC_073267.2	503647	504115	2	1	+	NC_073267.2	503708	503773	503882	504079	PDIA2	XM_055099237.2	+	2	503773	503882	108	1
NC_073267.2	505952	506495	3	1	+	NC_073267.2	506029	506210	506307	506417	PDIA2	XM_055099236.2	+	3	506210	506307	96	2
NC_073267.2	5139220	5140306	-2	1	-	NC_073267.2	5140079	5140141	5139221	5139568	UBALD1	XM_034939719.3	-	2	5139568	5140079	510	1
NC_073267.2	5427016	5427703	-2	1	-	NC_073267.2	5427458	5427619	5427248	5427355	PPL	XM_003815101.5	-	2	5427355	5427458	102	1
NC_073267.2	5527934	5528330	3	1	+	NC_073267.2	5528029	5528117	5528229	5528299	SEC14L5	XM_034939748.3	+	3	5528117	5528229	111	4
NC_073267.2	601407	602016	-3	1	-	NC_073267.2	601777	601955	601561	601707	PGAP6	XM_034951488.4	-	3	601707	601777	69	1
NC_073267.2	640332	640848	1	1	+	NC_073267.2	640372	640465	640652	640756	DECR2	XM_034951545.3	+	1	640465	640652	186	4
NC_073267.2	66455423	66455885	3	1	+	NC_073267.2	66455548	66455633	66455814	66455885	CETP	XM_034940233.3	+	3	66455633	66455814	180	1
NC_073267.2	66945058	66945883	-2	1	-	NC_073267.2	66945367	66945486	66945060	66945249	DOK4	XM_034940251.4	-	2	66945249	66945367	117	6
NC_073267.2	759982	760546	2	1	+	NC_073267.2	760169	760309	760436	760546	RAB11FIP3	XM_063598168.1	+	2	760309	760436	126	2
NC_073267.2	76662183	76662765	1	1	+	NC_073267.2	76662204	76662283	76662575	76662669	PHAF1	XM_003812215.6	+	1	76662283	76662575	291	3
NC_073267.2	76695294	76696020	1	1	+	NC_073267.2	76695470	76695597	76695697	76695821	HSF4	XM_003812207.5	+	1	76695597	76695697	99	4
NC_073267.2	76714848	76715265	-3	1	-	NC_073267.2	76715113	76715242	76714888	76715010	EXOC3L1	XM_003812206.6	-	3	76715010	76715113	102	4
NC_073267.2	76732705	76733605	2	1	+	NC_073267.2	76733058	76733140	76733228	76733314	ELMO3	XM_003812205.5	+	2	76733140	76733228	87	2
NC_073267.2	76732705	76733605	2	1	+	NC_073267.2	76733228	76733314	76733396	76733605	ELMO3	XM_003812205.5	+	2	76733314	76733396	81	2
NC_073267.2	76759411	76759945	-2	1	-	NC_073267.2	76759690	76759852	76759417	76759614	FHOD1	XM_003812201.7	-	2	76759614	76759690	75	2
NC_073267.2	76766954	76767413	-1	1	-	NC_073267.2	76767269	76767380	76767087	76767181	FHOD1	XM_003812201.7	-	1	76767181	76767269	87	2
NC_073267.2	76809929	76810343	3	1	+	NC_073267.2	76809982	76810077	76810153	76810276	PLEKHG4	XM_055100321.2	+	3	76810077	76810153	75	1
NC_073267.2	76811007	76811634	1	1	+	NC_073267.2	76811008	76811121	76811293	76811391	PLEKHG4	XM_055100321.2	+	1	76811121	76811293	171	3
NC_073267.2	76811007	76811634	1	1	+	NC_073267.2	76811293	76811391	76811485	76811633	PLEKHG4	XM_055100321.2	+	1	76811391	76811485	93	3
NC_073267.2	76815554	76816031	3	1	+	NC_073267.2	76815555	76815644	76815726	76815947	PLEKHG4	XM_055100321.2	+	3	76815644	76815726	81	3
NC_073267.2	76816014	76816512	1	1	+	NC_073267.2	76816030	76816200	76816282	76816459	PLEKHG4	XM_055100321.2	+	1	76816200	76816282	81	3
NC_073267.2	76924268	76924796	-1	1	-	NC_073267.2	76924658	76924718	76924269	76924549	ZDHHC1	XM_034940433.3	-	1	76924549	76924658	108	2
NC_073267.2	76924268	76924796	-1	1	-	NC_073267.2	76924658	76924738	76924269	76924549	ZDHHC1	XM_063598038.1	-	1	76924549	76924658	108	1
NC_073267.2	76965484	76966051	2	1	+	NC_073267.2	76965519	76965704	76965813	76965950	HSD11B2	XM_034940444.3	+	2	76965704	76965813	108	1
NC_073267.2	76968366	76968930	-3	1	-	NC_073267.2	76968799	76968876	76968496	76968672	ATP6V0D1	XM_003812192.5	-	3	76968672	76968799	126	1
NC_073267.2	77068447	77068684	2	1	+	NC_073267.2	77068478	77068541	77068638	77068681	RIPOR1	XM_003812218.7	+	2	77068541	77068638	96	7
NC_073267.2	77069716	77071525	2	1	+	NC_073267.2	77069830	77069959	77070044	77071504	RIPOR1	XM_003812218.7	+	2	77069959	77070044	84	7
NC_073267.2	77175941	77176499	3	1	+	NC_073267.2	77176030	77176142	77176236	77176498	CARMIL2	XM_034940449.3	+	3	77176142	77176236	93	1
NC_073267.2	77175941	77176499	3	1	+	NC_073267.2	77176030	77176142	77176236	77176313	CARMIL2	XM_034940451.3	+	3	77176142	77176236	93	1
NC_073267.2	77175941	77176499	3	1	+	NC_073267.2	77176236	77176313	77176422	77176498	CARMIL2	XM_034940451.3	+	3	77176313	77176422	108	1
NC_073267.2	77176401	77177277	1	1	+	NC_073267.2	77176869	77176938	77177077	77177158	CARMIL2	XM_034940449.3	+	1	77176938	77177077	138	2
NC_073267.2	77180194	77180761	2	1	+	NC_073267.2	77180381	77180521	77180654	77180720	CARMIL2	XM_034940449.3	+	2	77180521	77180654	132	2
NC_073267.2	77404060	77404783	2	1	+	NC_073267.2	77404158	77404347	77404450	77404597	EDC4	XM_003812171.5	+	2	77404347	77404450	102	3
NC_073267.2	77405875	77406265	2	1	+	NC_073267.2	77405912	77406092	77406192	77406264	EDC4	XM_003812171.5	+	2	77406092	77406192	99	3
NC_073267.2	77406510	77406927	1	1	+	NC_073267.2	77406542	77406729	77406805	77406926	EDC4	XM_003812171.5	+	1	77406729	77406805	75	3
NC_073267.2	77408618	77409287	3	1	+	NC_073267.2	77408622	77408799	77408908	77409063	EDC4	XM_003812171.5	+	3	77408799	77408908	108	1
NC_073267.2	77408618	77409287	3	1	+	NC_073267.2	77408908	77409063	77409166	77409281	EDC4	XM_003812171.5	+	3	77409063	77409166	102	1
NC_073267.2	77408618	77409287	3	1	+	NC_073267.2	77408622	77409063	77409166	77409281	EDC4	XM_008964574.4	+	3	77409063	77409166	102	2
NC_073267.2	77409376	77409928	2	1	+	NC_073267.2	77409383	77409548	77409633	77409819	EDC4	XM_003812171.5	+	2	77409548	77409633	84	2
NC_073267.2	77471589	77472168	-3	1	-	NC_073267.2	77471986	77472093	77471591	77471775	SLC12A4	XM_034940476.4	-	3	77471775	77471986	210	6
NC_073267.2	79220262	79220679	1	1	+	NC_073267.2	79220306	79220440	79220567	79220619	NFAT5	XM_003814541.6	+	1	79220440	79220567	126	9
NC_073267.2	794359	795976	2	1	+	NC_073267.2	794618	794796	795802	795976	CAPN15	XM_055100124.2	+	2	794796	795802	1005	2
NC_073267.2	82025608	82026292	-2	1	-	NC_073267.2	82025971	82026179	82025720	82025874	DHX38	XM_008954865.5	-	2	82025874	82025971	96	1
NC_073267.2	821508	822063	1	1	+	NC_073267.2	821624	821777	821922	822033	PIGQ	XM_008960907.6	+	1	821777	821922	144	4
NC_073267.2	82726200	82726677	1	1	+	NC_073267.2	82726210	82726520	82726641	82726663	TLE7	XM_034940647.2	+	1	82726520	82726641	120	1
NC_073267.2	83501245	83501974	2	1	+	NC_073267.2	83501267	83501443	83501600	83501765	MTSS2	XM_055099281.2	+	2	83501443	83501600	156	6
NC_073267.2	84830017	84830392	-2	1	-	NC_073267.2	84830251	84830341	84830019	84830130	LDHD	XM_003829529.4	-	2	84830130	84830251	120	1
NC_073267.2	86930502	86931057	1	1	+	NC_073267.2	86930703	86930775	86930986	86931057	SYCE1L	XM_003829554.5	+	1	86930775	86930986	210	2
NC_073267.2	911780	912224	3	1	+	NC_073267.2	911871	911972	912090	912188	RHOT2	XM_003808813.5	+	3	911972	912090	117	17
NC_073267.2	912989	913349	3	1	+	NC_073267.2	913043	913127	913206	913348	RHOT2	XM_003808813.5	+	3	913127	913206	78	21
NC_073267.2	913583	914057	3	1	+	NC_073267.2	913603	913733	913839	913916	RHOT2	XM_003808813.5	+	3	913733	913839	105	21
NC_073267.2	914034	914736	1	1	+	NC_073267.2	914053	914175	914278	914480	RHOT2	XM_003808813.5	+	1	914175	914278	102	11
NC_073267.2	914034	914736	1	1	+	NC_073267.2	914053	914175	914278	914736	RHOT2	XM_063597916.1	+	1	914175	914278	102	10
NC_073267.2	917182	918319	2	1	+	NC_073267.2	917615	917776	917951	918175	RHBDL1	XM_034951503.3	+	2	917776	917951	174	2
NC_073267.2	917182	918319	2	1	+	NC_073267.2	917618	917776	917951	918175	RHBDL1	XM_034951504.3	+	2	917776	917951	174	2
NC_073267.2	917182	918319	2	1	+	NC_073267.2	917381	917776	917951	918175	RHBDL1	XM_034951505.3	+	2	917776	917951	174	2
NC_073267.2	923274	923694	1	1	+	NC_073267.2	923374	923490	923572	923694	STUB1	XM_003808814.6	+	1	923490	923572	81	1
NC_073267.2	924342	924726	-3	1	-	NC_073267.2	924534	924653	924379	924446	JMJD8	XM_034951513.3	-	3	924446	924534	87	5
NC_073267.2	926096	927077	-1	1	-	NC_073267.2	926915	927019	926493	926833	WDR24	XM_003808812.6	-	1	926833	926915	81	1
NC_073267.2	926096	927077	-1	1	-	NC_073267.2	926493	926833	926227	926411	WDR24	XM_003808812.6	-	1	926411	926493	81	1
NC_073267.2	926096	927077	-1	1	-	NC_073267.2	926915	927019	926097	926833	WDR24	XM_063597915.1	-	1	926833	926915	81	1
NC_073267.2	93930364	93930841	-2	1	-	NC_073267.2	93930682	93930763	93930395	93930492	TAF1C	XM_003820870.5	-	2	93930492	93930682	189	7
NC_073267.2	93930364	93930841	-2	1	-	NC_073267.2	93930682	93930700	93930395	93930492	TAF1C	XM_034940824.3	-	2	93930492	93930682	189	1
NC_073267.2	94186923	94187409	1	1	+	NC_073267.2	94187022	94187146	94187285	94187382	ATP2C2	XM_014341886.4	+	1	94187146	94187285	138	8
NC_073267.2	963479	964034	-1	1	-	NC_073267.2	963702	963768	963529	963629	CCDC78	XM_008960929.4	-	1	963629	963702	72	12
NC_073267.2	963479	964034	-1	1	-	NC_073267.2	963702	963768	963553	963629	CCDC78	XM_034951579.3	-	1	963629	963702	72	1
NC_073267.2	98488147	98488465	2	1	+	NC_073267.2	98488265	98488323	98488399	98488465	CTU2	XM_034940909.3	+	2	98488323	98488399	75	2
NC_073267.2	98489143	98489884	-2	1	-	NC_073267.2	98489410	98489489	98489145	98489331	PIEZO1	XM_034940908.4	-	2	98489331	98489410	78	2
NC_073267.2	98489571	98490027	-3	1	-	NC_073267.2	98489771	98489943	98489573	98489695	PIEZO1	XM_034940908.4	-	3	98489695	98489771	75	2
NC_073267.2	98493010	98493514	-2	1	-	NC_073267.2	98493279	98493493	98493012	98493170	PIEZO1	XM_034940908.4	-	2	98493170	98493279	108	2
NC_073267.2	98504521	98506639	-2	1	-	NC_073267.2	98506187	98506344	98505749	98505925	PIEZO1	XM_034940908.4	-	2	98505925	98506187	261	2
NC_073267.2	98504521	98506639	-2	1	-	NC_073267.2	98505749	98505925	98504801	98505001	PIEZO1	XM_034940908.4	-	2	98505001	98505749	747	2
NC_073267.2	98510357	98511071	-1	1	-	NC_073267.2	98510676	98510762	98510507	98510594	PIEZO1	XM_034940908.4	-	1	98510594	98510676	81	2
NC_073267.2	98514961	98515453	-2	1	-	NC_073267.2	98515210	98515332	98514963	98515005	PIEZO1	XM_034940908.4	-	2	98515005	98515210	204	2
NC_073267.2	98976439	98977255	2	1	+	NC_073267.2	98976462	98976701	98977011	98977250	CDH15	XM_055099152.2	+	2	98976701	98977011	309	1
NC_073267.2	99425438	99426017	3	1	+	NC_073267.2	99425529	99425705	99425793	99425877	DPEP1	XM_003805778.4	+	3	99425705	99425793	87	5
NC_073267.2	99563002	99563413	-2	1	-	NC_073267.2	99563272	99563364	99563004	99563166	VPS9D1	XM_034941105.3	-	2	99563166	99563272	105	10
NC_073267.2	99563002	99563413	-2	1	-	NC_073267.2	99563272	99563361	99563004	99563166	VPS9D1	XM_034941107.3	-	2	99563166	99563272	105	5
NC_073267.2	99563002	99563413	-2	1	-	NC_073267.2	99563272	99563329	99563004	99563166	VPS9D1	XM_055100563.2	-	2	99563166	99563272	105	2
NC_073267.2	99971208	99971892	1	1	+	NC_073267.2	99971286	99971431	99971546	99971743	LOC117976329	XM_055099339.2	+	1	99971431	99971546	114	1
NC_073268.2	10272770	10273079	-1	1	-	NC_073268.2	10272924	10273058	10272772	10272845	CLUH	XM_034941263.3	-	1	10272845	10272924	78	2
NC_073268.2	10276417	10276936	-2	1	-	NC_073268.2	10276652	10276804	10276496	10276558	CLUH	XM_034941263.3	-	2	10276558	10276652	93	2
NC_073268.2	10277727	10278477	-3	1	-	NC_073268.2	10278021	10278244	10277736	10277840	CLUH	XM_034941263.3	-	3	10277840	10278021	180	1
NC_073268.2	10277727	10278477	-3	1	-	NC_073268.2	10278021	10278244	10277736	10277837	CLUH	XM_034941264.3	-	3	10277837	10278021	183	1
NC_073268.2	11338467	11338896	-3	1	-	NC_073268.2	11338726	11338789	11338540	11338647	ITGAE	XM_055101598.2	-	3	11338647	11338726	78	1
NC_073268.2	11507271	11507571	-3	1	-	NC_073268.2	11507464	11507565	11507272	11507334	P2RX1	XM_003810222.6	-	3	11507334	11507464	129	1
NC_073268.2	11551768	11552785	-2	1	-	NC_073268.2	11552498	11552716	11551823	11552158	ATP2A3	XM_055101087.2	-	2	11552158	11552498	339	4
NC_073268.2	11562087	11562921	-3	1	-	NC_073268.2	11562610	11562714	11562282	11562420	ATP2A3	XM_055101087.2	-	3	11562420	11562610	189	4
NC_073268.2	12149542	12150307	2	1	+	NC_073268.2	12149644	12149796	12149896	12150085	SPNS2	XM_008962620.5	+	2	12149796	12149896	99	4
NC_073268.2	12162032	12162596	-1	1	-	NC_073268.2	12162449	12162545	12162189	12162340	MYBBP1A	XM_003810217.5	-	1	12162340	12162449	108	2
NC_073268.2	12337763	12338042	3	1	+	NC_073268.2	12337785	12337868	12337962	12338041	ARRB2	XM_008962573.4	+	3	12337868	12337962	93	1
NC_073268.2	12361603	12362116	2	1	+	NC_073268.2	12361725	12361813	12361904	12362002	ZMYND15	XM_034941328.3	+	2	12361813	12361904	90	4
NC_073268.2	12406597	12407065	2	1	+	NC_073268.2	12406655	12406799	12406926	12407065	PSMB6	XM_003810195.5	+	2	12406799	12406926	126	1
NC_073268.2	12415723	12416911	2	1	+	NC_073268.2	12416414	12416522	12416625	12416755	PLD2	XM_034941340.3	+	2	12416522	12416625	102	1
NC_073268.2	12418320	12418671	1	1	+	NC_073268.2	12418332	12418424	12418518	12418670	PLD2	XM_034941340.3	+	1	12418424	12418518	93	2
NC_073268.2	12502338	12502824	1	1	+	NC_073268.2	12502339	12502476	12502690	12502798	MINK1	XM_024926122.5	+	1	12502476	12502690	213	39
NC_073268.2	12503411	12504047	3	1	+	NC_073268.2	12503515	12503658	12503872	12504006	MINK1	XM_024926122.5	+	3	12503658	12503872	213	39
NC_073268.2	12507033	12507573	-3	1	-	NC_073268.2	12507369	12507555	12507178	12507284	CHRNE	XM_034941344.3	-	3	12507284	12507369	84	1
NC_073268.2	12548801	12549290	-1	1	-	NC_073268.2	12549094	12549246	12548803	12549009	SLC25A11	XM_003810181.5	-	1	12549009	12549094	84	1
NC_073268.2	12554228	12554870	3	1	+	NC_073268.2	12554461	12554532	12554623	12554703	RNF167	XM_034941346.3	+	3	12554532	12554623	90	8
NC_073268.2	12563091	12563421	1	1	+	NC_073268.2	12563126	12563184	12563347	12563416	ENO3	XM_003810178.7	+	1	12563184	12563347	162	6
NC_073268.2	12578699	12578948	-1	1	-	NC_073268.2	12578848	12578922	12578700	12578760	CAMTA2	XM_034941362.3	-	1	12578760	12578848	87	8
NC_073268.2	12614169	12614508	1	1	+	NC_073268.2	12614254	12614319	12614401	12614476	KIF1C	XM_003810177.6	+	1	12614319	12614401	81	2
NC_073268.2	14355195	14355549	1	1	+	NC_073268.2	14355205	14355334	14355452	14355537	LOC100995017	XM_024926247.4	+	1	14355334	14355452	117	1
NC_073268.2	14608435	14608846	2	1	+	NC_073268.2	14608475	14608495	14608679	14608773	C19H17orf49	XM_003810127.5	+	2	14608495	14608679	183	7
NC_073268.2	14631490	14632489	2	1	+	NC_073268.2	14631531	14631614	14631726	14632463	SLC16A13	XM_063598635.1	+	2	14631614	14631726	111	1
NC_073268.2	14766257	14767346	-1	1	-	NC_073268.2	14767073	14767159	14766837	14766988	ASGR1	XM_003810110.8	-	1	14766988	14767073	84	3
NC_073268.2	14769727	14770216	-2	1	-	NC_073268.2	14770021	14770137	14769787	14769882	ASGR1	XM_003810110.8	-	2	14769882	14770021	138	2
NC_073268.2	14795958	14796492	-3	1	-	NC_073268.2	14796249	14796418	14796010	14796146	DLG4	XM_034941404.3	-	3	14796146	14796249	102	5
NC_073268.2	14876912	14877674	3	1	+	NC_073268.2	14876943	14877059	14877171	14877343	SLC2A4	XM_003810103.5	+	3	14877059	14877171	111	1
NC_073268.2	14908081	14908531	2	1	+	NC_073268.2	14908244	14908375	14908472	14908531	EIF5A	XM_003810099.5	+	2	14908375	14908472	96	3
NC_073268.2	14914095	14914959	-3	1	-	NC_073268.2	14914353	14914465	14914097	14914262	NEURL4	XM_014341925.4	-	3	14914262	14914353	90	2
NC_073268.2	14923038	14923536	-3	1	-	NC_073268.2	14923311	14923422	14923129	14923217	NEURL4	XM_014341925.4	-	3	14923217	14923311	93	2
NC_073268.2	14980469	14981228	3	1	+	NC_073268.2	14980683	14980838	14980944	14981227	TNK1	XM_034941421.3	+	3	14980838	14980944	105	2
NC_073268.2	14985686	14985971	3	1	+	NC_073268.2	14985766	14985861	14985949	14985971	TNK1	XM_055102299.2	+	3	14985861	14985949	87	1
NC_073268.2	14985744	14986059	1	1	+	NC_073268.2	14985766	14985861	14985949	14986059	TNK1	XM_034941421.3	+	1	14985861	14985949	87	1
NC_073268.2	15091445	15092426	3	1	+	NC_073268.2	15091536	15091709	15091860	15092141	POLR2A	XM_008962447.5	+	3	15091709	15091860	150	1
NC_073268.2	15107234	15107774	3	1	+	NC_073268.2	15107337	15107523	15107656	15107769	POLR2A	XM_008962447.5	+	3	15107523	15107656	132	1
NC_073268.2	15160297	15160804	2	1	+	NC_073268.2	15160465	15160612	15160742	15160789	SENP3	XM_008962443.4	+	2	15160612	15160742	129	1
NC_073268.2	15172232	15172616	3	1	+	NC_073268.2	15172254	15172391	15172512	15172601	EIF4A1	XM_008962442.4	+	3	15172391	15172512	120	1
NC_073268.2	15364606	15364975	2	1	+	NC_073268.2	15364607	15364768	15364871	15364974	DNAH2	XM_055101998.2	+	2	15364768	15364871	102	2
NC_073268.2	15403821	15404634	1	1	+	NC_073268.2	15403898	15404067	15404218	15404334	DNAH2	XM_055101998.2	+	1	15404067	15404218	150	2
NC_073268.2	15420614	15421295	3	1	+	NC_073268.2	15420631	15420779	15420918	15421101	DNAH2	XM_055101998.2	+	3	15420779	15420918	138	2
NC_073268.2	15427878	15428343	1	1	+	NC_073268.2	15427887	15428115	15428191	15428342	DNAH2	XM_055101998.2	+	1	15428115	15428191	75	2
NC_073268.2	15443938	15444622	2	1	+	NC_073268.2	15444082	15444301	15444404	15444496	KDM6B	XM_055102001.2	+	2	15444301	15444404	102	9
NC_073268.2	15449315	15449609	3	1	+	NC_073268.2	15449346	15449410	15449495	15449566	KDM6B	XM_055102001.2	+	3	15449410	15449495	84	9
NC_073268.2	15505023	15505626	1	1	+	NC_073268.2	15505232	15505353	15505459	15505594	CHD3	XM_008962425.6	+	1	15505353	15505459	105	14
NC_073268.2	15506406	15506964	1	1	+	NC_073268.2	15506507	15506615	15506802	15506934	CHD3	XM_008962425.6	+	1	15506615	15506802	186	14
NC_073268.2	15608776	15609511	2	1	+	NC_073268.2	15608882	15609088	15609188	15609344	GUCY2D	XM_055102017.2	+	2	15609088	15609188	99	1
NC_073268.2	17122465	17122831	-2	1	-	NC_073268.2	17122631	17122802	17122466	17122528	CDK5RAP3	XM_003827484.6	-	2	17122528	17122631	102	3
NC_073268.2	17294431	17294884	2	1	+	NC_073268.2	17294518	17294640	17294779	17294884	OSBPL7	XM_003827477.5	+	2	17294640	17294779	138	1
NC_073268.2	19432941	19433367	1	1	+	NC_073268.2	19432960	19433040	19433113	19433196	ARHGAP27	XM_008954878.4	+	1	19433040	19433113	72	10
NC_073268.2	19918640	19919318	3	1	+	NC_073268.2	19918832	19918892	19919097	19919192	GFAP	XM_003806514.5	+	3	19918892	19919097	204	3
NC_073268.2	20061564	20062635	-3	1	-	NC_073268.2	20062183	20062258	20061681	20061747	ADAM11	XM_034941677.3	-	3	20061747	20062183	435	3
NC_073268.2	20086477	20086975	-2	1	-	NC_073268.2	20086802	20086910	20086479	20086603	DBF4B	XM_008954550.4	-	2	20086603	20086802	198	7
NC_073268.2	20534932	20535697	2	1	+	NC_073268.2	20535107	20535220	20535458	20535559	ITGA2B	XM_003805878.5	+	2	20535220	20535458	237	1
NC_073268.2	20560354	20561065	-2	1	-	NC_073268.2	20560889	20561026	20560640	20560765	GRN	XM_003805876.5	-	2	20560765	20560889	123	2
NC_073268.2	20587964	20588528	3	1	+	NC_073268.2	20587990	20588034	20588314	20588423	SLC25A39	XM_003805873.6	+	3	20588034	20588314	279	1
NC_073268.2	20587964	20588528	3	1	+	NC_073268.2	20587990	20588034	20588290	20588423	SLC25A39	XM_003805874.5	+	3	20588034	20588290	255	1
NC_073268.2	20597259	20598000	-3	1	-	NC_073268.2	20597575	20597723	20597324	20597409	RUNDC3A	XM_034941713.3	-	3	20597409	20597575	165	2
NC_073268.2	20597259	20598000	-3	1	-	NC_073268.2	20597575	20597711	20597324	20597409	RUNDC3A	XM_034941714.3	-	3	20597409	20597575	165	1
NC_073268.2	20597259	20598000	-3	1	-	NC_073268.2	20597575	20597708	20597324	20597409	RUNDC3A	XM_034941715.3	-	3	20597409	20597575	165	2
NC_073268.2	20700611	20701028	3	1	+	NC_073268.2	20700702	20700749	20700843	20700914	UBTF	XM_034941719.3	+	3	20700749	20700843	93	13
NC_073268.2	20700918	20701377	1	1	+	NC_073268.2	20701015	20701158	20701255	20701377	UBTF	XM_034941719.3	+	1	20701158	20701255	96	13
NC_073268.2	20751900	20752326	-3	1	-	NC_073268.2	20752053	20752161	20751901	20751968	HROB	XM_063599001.1	-	3	20751968	20752053	84	1
NC_073268.2	20814736	20815234	2	1	+	NC_073268.2	20814759	20814905	20815002	20815114	HDAC5	XM_034941746.3	+	2	20814905	20815002	96	17
NC_073268.2	20814736	20815234	2	1	+	NC_073268.2	20814759	20814890	20815002	20815114	HDAC5	XM_034941751.3	+	2	20814890	20815002	111	8
NC_073268.2	20831515	20832070	-2	1	-	NC_073268.2	20831771	20831912	20831516	20831542	G6PC3	XM_024926066.4	-	2	20831542	20831771	228	1
NC_073268.2	21024376	21025027	2	1	+	NC_073268.2	21024413	21024544	21024653	21024758	MPP2	XM_003828177.6	+	2	21024544	21024653	108	9
NC_073268.2	21093720	21094257	1	1	+	NC_073268.2	21093845	21094009	21094115	21094195	MPP3	XM_003828172.5	+	1	21094009	21094115	105	2
NC_073268.2	21973588	21974068	2	1	+	NC_073268.2	21973650	21973820	21973926	21974015	VAT1	XM_008966518.6	+	2	21973820	21973926	105	1
NC_073268.2	21979070	21979448	-1	1	-	NC_073268.2	21979259	21979406	21979074	21979186	IFI35	XM_003813925.4	-	1	21979186	21979259	72	1
NC_073268.2	21979070	21979448	-1	1	-	NC_073268.2	21979259	21979406	21979080	21979186	IFI35	XM_008966517.4	-	1	21979186	21979259	72	1
NC_073268.2	22299609	22300134	-3	1	-	NC_073268.2	22299930	22300077	22299648	22299851	CNTNAP1	XM_003813902.5	-	3	22299851	22299930	78	2
NC_073268.2	22310964	22311474	1	1	+	NC_073268.2	22311006	22311085	22311185	22311376	PLEKHH3	XM_003813901.5	+	1	22311085	22311185	99	6
NC_073268.2	22318727	22319510	-1	1	-	NC_073268.2	22319184	22319333	22318770	22318922	TUBG2	XM_003813893.5	-	1	22318922	22319184	261	2
NC_073268.2	22370449	22371136	-2	1	-	NC_073268.2	22370906	22371055	22370492	22370644	TUBG1	XM_003813891.6	-	2	22370644	22370906	261	1
NC_073268.2	22419403	22420081	-2	1	-	NC_073268.2	22419694	22419883	22419545	22419609	COASY	XM_008966496.4	-	2	22419609	22419694	84	2
NC_073268.2	22419960	22420761	-3	1	-	NC_073268.2	22420417	22420631	22420015	22420146	COASY	XM_008966496.4	-	3	22420146	22420417	270	2
NC_073268.2	22655373	22655658	1	1	+	NC_073268.2	22655379	22655472	22655569	22655616	STAT3	XM_003813876.7	+	1	22655472	22655569	96	8
NC_073268.2	22819817	22820522	3	1	+	NC_073268.2	22819959	22819997	22820169	22820521	KCNH4	XM_034941840.3	+	3	22819997	22820169	171	2
NC_073268.2	22875698	22876571	3	1	+	NC_073268.2	22875915	22876041	22876228	22876419	DHX58	XM_008966476.6	+	3	22876041	22876228	186	6
NC_073268.2	23249421	23249892	1	1	+	NC_073268.2	23249440	23249607	23249719	23249891	HAP1	XM_003813839.4	+	1	23249607	23249719	111	8
NC_073268.2	23249421	23249892	1	1	+	NC_073268.2	23249491	23249607	23249719	23249891	HAP1	XM_034941887.3	+	1	23249607	23249719	111	3
NC_073268.2	23546150	23546702	3	1	+	NC_073268.2	23546172	23546297	23546475	23546695	KRT38	XM_003813830.5	+	3	23546297	23546475	177	1
NC_073268.2	23767144	23767723	2	1	+	NC_073268.2	23767229	23767467	23767516	23767723	LOC100980510	XM_063598623.1	+	2	23767467	23767516	48	1
NC_073268.2	23767144	23767723	2	1	+	NC_073268.2	23767229	23767467	23767573	23767723	LOC100980510	XM_063598624.1	+	2	23767467	23767573	105	1
NC_073268.2	24088690	24089275	2	1	+	NC_073268.2	24088787	24088912	24089054	24089274	KRT12	XM_003831407.5	+	2	24088912	24089054	141	1
NC_073268.2	24172720	24173170	2	1	+	NC_073268.2	24172736	24172897	24172970	24173095	KRT27	XM_003831409.5	+	2	24172897	24172970	72	2
NC_073268.2	24182464	24182851	2	1	+	NC_073268.2	24182465	24182626	24182708	24182833	KRT26	XM_003831412.5	+	2	24182626	24182708	81	2
NC_073268.2	24472477	24472921	2	1	+	NC_073268.2	24472539	24472631	24472749	24472826	TNS4	XM_003831419.6	+	2	24472631	24472749	117	1
NC_073268.2	24764408	24764765	-1	1	-	NC_073268.2	24764649	24764746	24764418	24764540	RAPGEFL1	XM_008956769.5	-	1	24764540	24764649	108	2
NC_073268.2	24933773	24935006	3	1	+	NC_073268.2	24934384	24934464	24934804	24934952	MED24	XM_003831426.6	+	3	24934464	24934804	339	8
NC_073268.2	24933773	24935006	3	1	+	NC_073268.2	24934387	24934464	24934804	24934952	MED24	XM_055101068.2	+	3	24934464	24934804	339	7
NC_073268.2	25210173	25210821	-3	1	-	NC_073268.2	25210582	25210680	25210243	25210323	GRB7	XM_003831448.5	-	3	25210323	25210582	258	4
NC_073268.2	25245060	25246611	-3	1	-	NC_073268.2	25246146	25246280	25245717	25245785	ERBB2	XM_003831452.5	-	3	25245785	25246146	360	6
NC_073268.2	25245060	25246611	-3	1	-	NC_073268.2	25245717	25245785	25245397	25245512	ERBB2	XM_003831452.5	-	3	25245512	25245717	204	6
NC_073268.2	25245060	25246611	-3	1	-	NC_073268.2	25245397	25245512	25245117	25245258	ERBB2	XM_003831452.5	-	3	25245258	25245397	138	7
NC_073268.2	25245060	25246611	-3	1	-	NC_073268.2	25245717	25245768	25245397	25245512	ERBB2	XM_063598666.1	-	3	25245512	25245717	204	1
NC_073268.2	25297344	25297752	-3	1	-	NC_073268.2	25297561	25297638	25297387	25297440	STARD3	XM_003831453.6	-	3	25297440	25297561	120	15
NC_073268.2	26229758	26230337	-1	1	-	NC_073268.2	26230043	26230240	26229864	26229952	MLLT6	XM_034941981.4	-	1	26229952	26230043	90	2
NC_073268.2	26803505	26803844	3	1	+	NC_073268.2	26803524	26803595	26803758	26803843	LOC117976500	XM_055100891.2	+	3	26803595	26803758	162	4
NC_073268.2	27816189	27817095	-3	1	-	NC_073268.2	27816831	27817057	27816460	27816737	LHX1	XM_003817955.7	-	3	27816737	27816831	93	1
NC_073268.2	28247164	28247617	2	1	+	NC_073268.2	28247264	28247360	28247484	28247560	MYO19	XM_003817958.6	+	2	28247360	28247484	123	8
NC_073268.2	33597859	33599089	-2	1	-	NC_073268.2	33598912	33599005	33597950	33598080	ADAP2	XM_003811973.6	-	2	33598080	33598912	831	5
NC_073268.2	34839064	34839706	2	1	+	NC_073268.2	34839284	34839388	34839479	34839624	CORO6	XM_003812710.5	+	2	34839388	34839479	90	11
NC_073268.2	34839972	34840590	1	1	+	NC_073268.2	34839990	34840047	34840150	34840380	CORO6	XM_003812710.5	+	1	34840047	34840150	102	11
NC_073268.2	34839972	34840590	1	1	+	NC_073268.2	34840150	34840380	34840468	34840590	CORO6	XM_003812710.5	+	1	34840380	34840468	87	4
NC_073268.2	34839972	34840590	1	1	+	NC_073268.2	34840150	34840380	34840471	34840590	CORO6	XM_008965153.5	+	1	34840380	34840471	90	7
NC_073268.2	34848132	34848708	-3	1	-	NC_073268.2	34848537	34848672	34848304	34848428	ANKRD13B	XM_034942158.4	-	3	34848428	34848537	108	3
NC_073268.2	34848132	34848708	-3	1	-	NC_073268.2	34848304	34848428	34848174	34848219	ANKRD13B	XM_034942158.4	-	3	34848219	34848304	84	3
NC_073268.2	34880431	34880779	2	1	+	NC_073268.2	34880510	34880596	34880705	34880778	GIT1	XM_034942155.4	+	2	34880596	34880705	108	2
NC_073268.2	35335592	35336210	3	1	+	NC_073268.2	35335639	35335745	35335869	35336045	MYO18A	XM_014342108.4	+	3	35335745	35335869	123	20
NC_073268.2	35574961	35575657	2	1	+	NC_073268.2	35574989	35575102	35575202	35575321	FLOT2	XM_003812696.6	+	2	35575102	35575202	99	3
NC_073268.2	35733709	35734078	2	1	+	NC_073268.2	35733760	35733842	35733930	35734012	TLCD1	XM_003812688.4	+	2	35733842	35733930	87	2
NC_073268.2	35744034	35744472	1	1	+	NC_073268.2	35744124	35744205	35744278	35744368	RAB34	XM_003812684.7	+	1	35744205	35744278	72	8
NC_073268.2	35744034	35744472	1	1	+	NC_073268.2	35744124	35744181	35744278	35744368	RAB34	XM_003812687.7	+	1	35744181	35744278	96	3
NC_073268.2	35744034	35744472	1	1	+	NC_073268.2	35744124	35744205	35744278	35744337	RAB34	XM_008965117.6	+	1	35744205	35744278	72	1
NC_073268.2	35827768	35828353	2	1	+	NC_073268.2	35827874	35827973	35828112	35828314	BLTP2	XM_008965099.6	+	2	35827973	35828112	138	2
NC_073268.2	35827768	35828353	2	1	+	NC_073268.2	35827874	35827973	35828115	35828314	BLTP2	XM_063598701.1	+	2	35827973	35828115	141	1
NC_073268.2	35886032	35886701	3	1	+	NC_073268.2	35886081	35886255	35886388	35886587	ALDOC	XM_003812674.5	+	3	35886255	35886388	132	2
NC_073268.2	36088615	36089434	2	1	+	NC_073268.2	36088632	36088751	36088827	36089171	VTN	XM_003812661.6	+	2	36088751	36088827	75	1
NC_073268.2	36088615	36089434	2	1	+	NC_073268.2	36088827	36089171	36089250	36089389	VTN	XM_003812661.6	+	2	36089171	36089250	78	1
NC_073268.2	36678153	36678597	1	1	+	NC_073268.2	36678186	36678327	36678457	36678596	NOS2	XM_034942227.4	+	1	36678327	36678457	129	2
NC_073268.2	52011353	52012163	-1	1	-	NC_073268.2	52011719	52012004	52011354	52011433	RASD1	XM_034942317.2	-	1	52011433	52011719	285	1
NC_073268.2	53018976	53019708	1	1	+	NC_073268.2	53019136	53019275	53019360	53019597	FLII	XM_034942285.3	+	1	53019275	53019360	84	4
NC_073268.2	53020662	53021058	1	1	+	NC_073268.2	53020780	53020845	53020927	53021058	FLII	XM_034942285.3	+	1	53020845	53020927	81	4
NC_073268.2	53108034	53108460	-3	1	-	NC_073268.2	53108374	53108447	53108036	53108118	LOC100971960	XM_034942284.3	-	3	53108118	53108374	255	2
NC_073268.2	53110781	53111156	-1	1	-	NC_073268.2	53110988	53111099	53110823	53110897	LOC100971960	XM_034942284.3	-	1	53110897	53110988	90	2
NC_073268.2	53239308	53239587	1	1	+	NC_073268.2	53239327	53239341	53239504	53239586	LOC129394456	XM_055101810.2	+	1	53239341	53239504	162	1
NC_073268.2	54395968	54396526	-2	1	-	NC_073268.2	54396416	54396493	54396133	54396211	MFAP4	XM_063599229.1	-	2	54396211	54396416	204	1
NC_073268.2	54567406	54568024	2	1	+	NC_073268.2	54567691	54567788	54567894	54568007	SLC47A1	XM_003807275.6	+	2	54567788	54567894	105	4
NC_073268.2	54728763	54729138	-3	1	-	NC_073268.2	54728863	54728993	54728764	54728775	ALDH3A1	XM_003807282.6	-	3	54728775	54728863	87	6
NC_073268.2	60746519	60746873	3	1	+	NC_073268.2	60746555	60746693	60746775	60746860	ELAC2	XM_003829381.5	+	3	60746693	60746775	81	3
NC_073268.2	60746519	60746873	3	1	+	NC_073268.2	60746555	60746693	60746778	60746860	ELAC2	XM_008954748.5	+	3	60746693	60746778	84	2
NC_073268.2	60754003	60754369	2	1	+	NC_073268.2	60754066	60754165	60754244	60754364	ELAC2	XM_003829381.5	+	2	60754165	60754244	78	5
NC_073268.2	63107491	63108121	2	1	+	NC_073268.2	63107492	63107662	63107765	63108071	MYH3	XM_063598738.1	+	2	63107662	63107765	102	1
NC_073268.2	63342390	63342756	1	1	+	NC_073268.2	63342399	63342522	63342619	63342755	LOC103782669	XM_008971340.5	+	1	63342522	63342619	96	4
NC_073268.2	64911430	64912048	2	1	+	NC_073268.2	64911671	64911803	64911978	64912047	PIK3R6	XM_055100894.1	+	2	64911803	64911978	174	1
NC_073268.2	65435517	65435859	-3	1	-	NC_073268.2	65435767	65435859	65435519	65435679	ARHGEF15	XM_003818067.5	-	3	65435679	65435767	87	4
NC_073268.2	65438528	65439023	-1	1	-	NC_073268.2	65438863	65439023	65438530	65438682	ARHGEF15	XM_003818067.5	-	1	65438682	65438863	180	4
NC_073268.2	65440888	65441599	-2	1	-	NC_073268.2	65441194	65441526	65440893	65440947	ARHGEF15	XM_003818067.5	-	2	65440947	65441194	246	4
NC_073268.2	65488851	65489727	-3	1	-	NC_073268.2	65489479	65489709	65489136	65489316	PFAS	XM_003818063.7	-	3	65489316	65489479	162	2
NC_073268.2	65488851	65489727	-3	1	-	NC_073268.2	65489136	65489316	65488965	65489048	PFAS	XM_003818063.7	-	3	65489048	65489136	87	2
NC_073268.2	65489869	65490412	-2	1	-	NC_073268.2	65490287	65490412	65490023	65490154	PFAS	XM_003818063.7	-	2	65490154	65490287	132	2
NC_073268.2	65520924	65521707	1	1	+	NC_073268.2	65521092	65521416	65521504	65521593	CTC1	XM_008971319.6	+	1	65521416	65521504	87	4
NC_073268.2	66263978	66264614	3	1	+	NC_073268.2	66264099	66264248	66264354	66264451	ITGA3	XM_003817468.7	+	3	66264248	66264354	105	3
NC_073268.2	66387607	66388180	-2	1	-	NC_073268.2	66388085	66388120	66387893	66387994	COL1A1	XM_003817459.5	-	2	66387994	66388085	90	2
NC_073268.2	66467432	66468149	3	1	+	NC_073268.2	66467645	66467840	66468039	66468149	TMEM92	XM_003817457.5	+	3	66467840	66468039	198	6
NC_073268.2	66547530	66548088	1	1	+	NC_073268.2	66547578	66547794	66547882	66548058	XYLT2	XM_034942438.3	+	1	66547794	66547882	87	1
NC_073268.2	66653985	66654561	1	1	+	NC_073268.2	66654052	66654170	66654288	66654453	ACSF2	XM_003817448.7	+	1	66654170	66654288	117	1
NC_073268.2	66712766	66713111	3	1	+	NC_073268.2	66712789	66712904	66712995	66713110	MYCBPAP	XM_003817444.5	+	3	66712904	66712995	90	18
NC_073268.2	66739932	66740745	1	1	+	NC_073268.2	66740027	66740181	66740260	66740403	SPATA20	XM_003817440.3	+	1	66740181	66740260	78	4
NC_073268.2	66739932	66740745	1	1	+	NC_073268.2	66740260	66740403	66740503	66740704	SPATA20	XM_003817440.3	+	1	66740403	66740503	99	4
NC_073268.2	74481457	74482489	-2	1	-	NC_073268.2	74482010	74482387	74481686	74481925	TSPOAP1	XM_003817380.5	-	2	74481925	74482010	84	13
NC_073268.2	76175086	76175425	-2	1	-	NC_073268.2	76175336	76175407	76175088	76175173	LOC117976570	XM_034942622.3	-	2	76175173	76175336	162	2
NC_073268.2	76286392	76286731	2	1	+	NC_073268.2	76286411	76286482	76286645	76286730	LOC117976571	XM_055101670.2	+	2	76286482	76286645	162	3
NC_073268.2	78440124	78440463	-3	1	-	NC_073268.2	78440374	78440445	78440126	78440211	LOC117976578	XM_034942644.4	-	3	78440211	78440374	162	3
NC_073268.2	78836192	78836810	3	1	+	NC_073268.2	78836195	78836297	78836565	78836703	MRC2	XM_003811320.6	+	3	78836297	78836565	267	1
NC_073268.2	79648185	79649550	1	1	+	NC_073268.2	79648765	79648778	79649370	79649537	ACE	XM_055102202.2	+	1	79648778	79649370	591	1
NC_073268.2	79657782	79658517	1	1	+	NC_073268.2	79657987	79658145	79658410	79658497	ACE	XM_008963751.5	+	1	79658145	79658410	264	6
NC_073268.2	79996817	79997267	-1	1	-	NC_073268.2	79997168	79997267	79996874	79997068	FTSJ3	XM_003811336.6	-	1	79997068	79997168	99	1
NC_073268.2	80001752	80002280	3	1	+	NC_073268.2	80001753	80001809	80001891	80002121	PSMC5	XM_003811342.6	+	3	80001809	80001891	81	2
NC_073268.2	80005532	80005976	-1	1	-	NC_073268.2	80005794	80005955	80005534	80005631	SMARCD2	XM_003811339.8	-	1	80005631	80005794	162	3
NC_073268.2	80006037	80006484	-3	1	-	NC_073268.2	80006332	80006427	80006101	80006202	SMARCD2	XM_003811339.8	-	3	80006202	80006332	129	3
NC_073268.2	80127737	80128484	-1	1	-	NC_073268.2	80128107	80128385	80127753	80127806	SCN4A	XM_055102143.2	-	1	80127806	80128107	300	1
NC_073268.2	80692641	80693013	-3	1	-	NC_073268.2	80692905	80693001	80692666	80692799	DDX5	XM_003811368.6	-	3	80692799	80692905	105	2
NC_073268.2	83384167	83384452	-2	1	-	NC_073268.2	83384393	83384452	83384177	83384305	PSMD12	XM_003812357.6	-	2	83384305	83384393	87	1
NC_073268.2	89418535	89419351	-2	1	-	NC_073268.2	89418985	89419180	89418697	89418795	SDK2	XM_003813355.5	-	2	89418795	89418985	189	2
NC_073268.2	90234650	90234983	3	1	+	NC_073268.2	90234711	90234713	90234885	90234945	RPL38	XM_008965922.5	+	3	90234713	90234885	171	3
NC_073268.2	9037431	9037917	-3	1	-	NC_073268.2	9037813	9037883	9037433	9037530	MYO1C	XM_003816837.6	-	3	9037530	9037813	282	4
NC_073268.2	90382162	90382927	2	1	+	NC_073268.2	90382289	90382559	90382641	90382762	KIF19	XM_034942817.3	+	2	90382559	90382641	81	5
NC_073268.2	9040552	9041548	-2	1	-	NC_073268.2	9041262	9041375	9041110	9041186	MYO1C	XM_003816837.6	-	2	9041186	9041262	75	4
NC_073268.2	90782453	90782669	3	1	+	NC_073268.2	90782457	90782513	90782592	90782668	RAB37	XM_003813331.4	+	3	90782513	90782592	78	4
NC_073268.2	90900019	90900718	-2	1	-	NC_073268.2	90900335	90900540	90900020	90900241	FDXR	XM_008965896.3	-	2	90900241	90900335	93	8
NC_073268.2	90903309	90904080	-3	1	-	NC_073268.2	90903736	90903858	90903421	90903534	FDXR	XM_003813322.4	-	3	90903534	90903736	201	17
NC_073268.2	90909244	90909676	-2	1	-	NC_073268.2	90909482	90909600	90909320	90909391	FDXR	XM_057300267.1	-	2	90909391	90909482	90	1
NC_073268.2	91532092	91532791	2	1	+	NC_073268.2	91532134	91532236	91532444	91532530	TMEM94	XM_003813288.5	+	2	91532236	91532444	207	48
NC_073268.2	91536323	91537073	3	1	+	NC_073268.2	91536355	91536457	91536563	91536780	TMEM94	XM_003813288.5	+	3	91536457	91536563	105	49
NC_073268.2	91537459	91538296	2	1	+	NC_073268.2	91537491	91537672	91537760	91537898	TMEM94	XM_003813288.5	+	2	91537672	91537760	87	40
NC_073268.2	91537459	91538296	2	1	+	NC_073268.2	91537760	91537898	91538148	91538263	TMEM94	XM_003813288.5	+	2	91537898	91538148	249	49
NC_073268.2	91537459	91538296	2	1	+	NC_073268.2	91537494	91537672	91537760	91537898	TMEM94	XM_008965859.4	+	2	91537672	91537760	87	9
NC_073268.2	91540979	91541585	3	1	+	NC_073268.2	91541037	91541185	91541306	91541400	TMEM94	XM_003813288.5	+	3	91541185	91541306	120	27
NC_073268.2	91540979	91541585	3	1	+	NC_073268.2	91541306	91541400	91541491	91541584	TMEM94	XM_003813288.5	+	3	91541400	91541491	90	27
NC_073268.2	91540979	91541585	3	1	+	NC_073268.2	91541037	91541185	91541306	91541584	TMEM94	XM_008965858.4	+	3	91541185	91541306	120	22
NC_073268.2	91614326	91615019	3	1	+	NC_073268.2	91614487	91614603	91614718	91614884	LLGL2	XM_003813285.6	+	3	91614603	91614718	114	8
NC_073268.2	91771246	91771816	2	1	+	NC_073268.2	91771350	91771432	91771559	91771660	ITGB4	XM_024926018.4	+	2	91771432	91771559	126	6
NC_073268.2	91781443	91782112	2	1	+	NC_073268.2	91781460	91781582	91781676	91781782	ITGB4	XM_024926018.4	+	2	91781582	91781676	93	6
NC_073268.2	91879889	91880231	-1	1	-	NC_073268.2	91880079	91880135	91879891	91879988	UNC13D	XM_034942903.3	-	1	91879988	91880079	90	2
NC_073268.2	91883871	91884270	-3	1	-	NC_073268.2	91884127	91884231	91883920	91884012	UNC13D	XM_034942903.3	-	3	91884012	91884127	114	2
NC_073268.2	91886652	91887057	-3	1	-	NC_073268.2	91886917	91886976	91886760	91886826	UNC13D	XM_034942903.3	-	3	91886826	91886917	90	1
NC_073268.2	91918677	91919805	-3	1	-	NC_073268.2	91919592	91919666	91918678	91919315	TRIM47	XM_024926022.4	-	3	91919315	91919592	276	1
NC_073268.2	91920064	91920826	-2	1	-	NC_073268.2	91920452	91920682	91920091	91920289	TRIM47	XM_024926022.4	-	2	91920289	91920452	162	1
NC_073268.2	91935890	91936430	-1	1	-	NC_073268.2	91936196	91936370	91935998	91936063	TRIM65	XM_034942906.3	-	1	91936063	91936196	132	5
NC_073268.2	91958831	91959569	-1	1	-	NC_073268.2	91959225	91959347	91958955	91959140	FBF1	XM_008965817.5	-	1	91959140	91959225	84	18
NC_073268.2	92043193	92043622	2	1	+	NC_073268.2	92043220	92043340	92043446	92043616	CDK3	XM_008965813.4	+	2	92043340	92043446	105	2
NC_073268.2	92052939	92053311	-3	1	-	NC_073268.2	92053207	92053290	92052973	92053083	EVPL	XM_063599415.1	-	3	92053083	92053207	123	1
NC_073268.2	92056114	92056645	-2	1	-	NC_073268.2	92056427	92056565	92056116	92056309	EVPL	XM_063599415.1	-	2	92056309	92056427	117	1
NC_073268.2	9221852	9222524	-1	1	-	NC_073268.2	9222245	9222338	9222033	9222139	RILP	XM_034941232.3	-	1	9222139	9222245	105	2
NC_073268.2	92322867	92323419	-3	1	-	NC_073268.2	92323123	92323287	92322869	92322990	QRICH2	XM_014342202.4	-	3	92322990	92323123	132	2
NC_073268.2	92434698	92435109	-3	1	-	NC_073268.2	92434906	92435109	92434752	92434809	UBE2O	XM_003813233.4	-	3	92434809	92434906	96	4
NC_073268.2	92516229	92516751	-3	1	-	NC_073268.2	92516422	92516485	92516231	92516325	RHBDF2	XM_024926212.4	-	3	92516325	92516422	96	5
NC_073268.2	92521189	92522065	-2	1	-	NC_073268.2	92521673	92521868	92521397	92521600	RHBDF2	XM_024926212.4	-	2	92521600	92521673	72	5
NC_073268.2	92993284	92993776	2	1	+	NC_073268.2	92993309	92993455	92993639	92993755	MGAT5B	XM_055101149.2	+	2	92993455	92993639	183	3
NC_073268.2	9316051	9317368	2	1	+	NC_073268.2	9316442	9316480	9316601	9316663	SERPINF2	XM_003816851.6	+	2	9316480	9316601	120	3
NC_073268.2	9316051	9317368	2	1	+	NC_073268.2	9316601	9316663	9316976	9317177	SERPINF2	XM_003816851.6	+	2	9316663	9316976	312	4
NC_073268.2	9316051	9317368	2	1	+	NC_073268.2	9316460	9316480	9316601	9316663	SERPINF2	XM_034941239.3	+	2	9316480	9316601	120	1
NC_073268.2	94171294	94172182	-2	1	-	NC_073268.2	94171877	94172032	94171335	94171486	TMC6	XM_008971553.5	-	2	94171486	94171877	390	3
NC_073268.2	94255531	94256020	2	1	+	NC_073268.2	94255611	94255683	94255876	94255973	AFMID	XM_034942998.3	+	2	94255683	94255876	192	4
NC_073268.2	94532397	94533177	-3	1	-	NC_073268.2	94532785	94533067	94532521	94532694	DNAH17	XM_008971540.4	-	3	94532694	94532785	90	2
NC_073268.2	95850526	95850928	-2	1	-	NC_073268.2	95850762	95850827	95850569	95850635	CBX8	XM_003818257.5	-	2	95850635	95850762	126	1
NC_073268.2	96794125	96795133	-2	1	-	NC_073268.2	96794734	96794839	96794316	96794466	SGSH	XM_024926065.4	-	2	96794466	96794734	267	2
NC_073268.2	96825775	96826285	2	1	+	NC_073268.2	96825802	96825857	96826071	96826285	SLC26A11	XM_063599448.1	+	2	96825857	96826071	213	1
NC_073268.2	97458542	97459703	3	1	+	NC_073268.2	97458651	97458716	97459014	97459205	RPTOR	XM_003831138.7	+	3	97458716	97459014	297	3
NC_073268.2	97682463	97683579	1	1	+	NC_073268.2	97682716	97682937	97683118	97683319	BAIAP2	XM_034943079.2	+	1	97682937	97683118	180	5
NC_073268.2	97703936	97704284	-1	1	-	NC_073268.2	97704141	97704225	97703938	97704059	AATK	XM_003831132.5	-	1	97704059	97704141	81	8
NC_073268.2	97811961	97812864	-3	1	-	NC_073268.2	97812432	97812635	97811963	97812137	TEPSIN	XM_014342266.5	-	3	97812137	97812432	294	4
NC_073268.2	97819476	97819893	1	1	+	NC_073268.2	97819483	97819566	97819687	97819797	NDUFAF8	XM_034943098.2	+	1	97819566	97819687	120	1
NC_073268.2	97819476	97819893	1	1	+	NC_073268.2	97819483	97819566	97819687	97819801	NDUFAF8	XM_055101970.2	+	1	97819566	97819687	120	1
NC_073268.2	98043122	98043584	3	1	+	NC_073268.2	98043171	98043275	98043363	98043519	BAHCC1	XM_055101972.2	+	3	98043275	98043363	87	6
NC_073268.2	98043122	98043584	3	1	+	NC_073268.2	98043171	98043251	98043363	98043519	BAHCC1	XM_063598810.1	+	3	98043251	98043363	111	1
NC_073268.2	98045057	98046809	3	1	+	NC_073268.2	98045083	98045259	98045419	98046599	BAHCC1	XM_055101972.2	+	3	98045259	98045419	159	6
NC_073268.2	98045057	98046809	3	1	+	NC_073268.2	98045083	98045259	98045443	98046599	BAHCC1	XM_063598809.1	+	3	98045259	98045443	183	1
NC_073268.2	98283388	98284075	2	1	+	NC_073268.2	98283571	98283649	98283722	98283820	HGS	XM_003831112.5	+	2	98283649	98283722	72	2
NC_073268.2	98283388	98284075	2	1	+	NC_073268.2	98283722	98283820	98283938	98284033	HGS	XM_003831112.5	+	2	98283820	98283938	117	2
NC_073268.2	98284973	98285375	3	1	+	NC_073268.2	98284992	98285135	98285232	98285291	HGS	XM_003831112.5	+	3	98285135	98285232	96	2
NC_073268.2	98347108	98347453	2	1	+	NC_073268.2	98347134	98347255	98347346	98347452	GCGR	XM_057300253.2	+	2	98347255	98347346	90	4
NC_073268.2	98359725	98360475	-3	1	-	NC_073268.2	98360060	98360067	98359848	98359966	MCRIP1	XM_034943125.2	-	3	98359966	98360060	93	4
NC_073268.2	98359725	98360475	-3	1	-	NC_073268.2	98360060	98360115	98359848	98359966	MCRIP1	XM_055101080.2	-	3	98359966	98360060	93	3
NC_073268.2	98441455	98442070	-2	1	-	NC_073268.2	98441801	98441866	98441513	98441578	PCYT2	XM_034943133.3	-	2	98441578	98441801	222	2
NC_073268.2	98470198	98471320	-2	1	-	NC_073268.2	98471045	98471266	98470772	98470864	PYCR1	XM_008956485.4	-	2	98470864	98471045	180	6
NC_073268.2	98470198	98471320	-2	1	-	NC_073268.2	98471045	98471266	98470199	98470864	PYCR1	XM_063599492.1	-	2	98470864	98471045	180	3
NC_073268.2	98490469	98491174	-2	1	-	NC_073268.2	98490918	98491109	98490685	98490785	NOTUM	XM_034943130.4	-	2	98490785	98490918	132	1
NC_073268.2	98551962	98552406	1	1	+	NC_073268.2	98552028	98552200	98552396	98552406	ASPSCR1	XM_055100908.2	+	1	98552200	98552396	195	2
NC_073268.2	98563053	98563560	1	1	+	NC_073268.2	98563095	98563230	98563318	98563395	LRRC45	XM_003831095.5	+	1	98563230	98563318	87	2
NC_073268.2	98584221	98585067	-3	1	-	NC_073268.2	98584870	98585035	98584223	98584308	RFNG	XM_034943190.3	-	3	98584308	98584870	561	3
NC_073268.2	98585843	98587022	-1	1	-	NC_073268.2	98586693	98586953	98586488	98586536	RFNG	XM_034943190.3	-	1	98586536	98586693	156	3
NC_073268.2	98616851	98617694	-1	1	-	NC_073268.2	98617588	98617679	98617274	98617425	FASN	XM_034943193.3	-	1	98617425	98617588	162	2
NC_073268.2	98616851	98617694	-1	1	-	NC_073268.2	98617274	98617425	98616866	98617108	FASN	XM_034943193.3	-	1	98617108	98617274	165	2
NC_073268.2	98619719	98620295	-1	1	-	NC_073268.2	98620064	98620218	98619779	98619982	FASN	XM_034943193.3	-	1	98619982	98620064	81	2
NC_073268.2	98622757	98623615	-2	1	-	NC_073268.2	98623405	98623596	98623243	98623323	FASN	XM_034943193.3	-	2	98623323	98623405	81	2
NC_073268.2	99483140	99483788	3	1	+	NC_073268.2	99483269	99483427	99483518	99483656	TBCD	XM_034943211.3	+	3	99483427	99483518	90	2
NC_073269.2	10781906	10782443	-3	1	-	NC_073269.2	10782305	10782366	10782110	10782229	GTF2F1	XM_003819334.7	-	3	10782229	10782305	75	2
NC_073269.2	10781906	10782443	-3	1	-	NC_073269.2	10782305	10782363	10782110	10782229	GTF2F1	XM_063599805.1	-	3	10782229	10782305	75	1
NC_073269.2	10815733	10816516	-1	1	-	NC_073269.2	10816087	10816164	10815734	10816008	KHSRP	XM_034945546.3	-	1	10816008	10816087	78	2
NC_073269.2	10816950	10817799	-2	1	-	NC_073269.2	10817454	10817598	10817206	10817366	KHSRP	XM_034945546.3	-	2	10817366	10817454	87	2
NC_073269.2	10835183	10835843	-3	1	-	NC_073269.2	10835493	10835645	10835208	10835315	SLC25A41	XM_055103885.2	-	3	10835315	10835493	177	2
NC_073269.2	10883343	10883724	-2	1	-	NC_073269.2	10883599	10883700	10883389	10883514	DENND1C	XM_008972673.5	-	2	10883514	10883599	84	5
NC_073269.2	10908832	10909219	-1	1	-	NC_073269.2	10909111	10909219	10908883	10908993	TUBB4A	XM_008972676.5	-	1	10908993	10909111	117	1
NC_073269.2	11089572	11089911	-2	1	-	NC_073269.2	11089794	11089877	11089574	11089709	C3	XM_034946877.3	-	2	11089709	11089794	84	1
NC_073269.2	11095814	11096198	-3	1	-	NC_073269.2	11095988	11096078	11095816	11095867	C3	XM_034946877.3	-	3	11095867	11095988	120	1
NC_073269.2	11096109	11096574	-2	1	-	NC_073269.2	11096416	11096574	11096203	11096262	C3	XM_034946877.3	-	2	11096262	11096416	153	1
NC_073269.2	11122187	11123675	-3	1	-	NC_073269.2	11123346	11123555	11122998	11123204	C3	XM_034946877.3	-	3	11123204	11123346	141	1
NC_073269.2	11127330	11127759	-2	1	-	NC_073269.2	11127623	11127717	11127435	11127517	C3	XM_034946877.3	-	2	11127517	11127623	105	1
NC_073269.2	11144206	11144605	-1	1	-	NC_073269.2	11144464	11144547	11144252	11144376	GPR108	XM_055104160.2	-	1	11144376	11144464	87	1
NC_073269.2	11144250	11144733	-2	1	-	NC_073269.2	11144464	11144547	11144252	11144376	GPR108	XM_003819346.5	-	2	11144376	11144464	87	3
NC_073269.2	11144250	11144733	-2	1	-	NC_073269.2	11144464	11144499	11144252	11144376	GPR108	XM_034945218.3	-	2	11144376	11144464	87	1
NC_073269.2	11163182	11163770	3	1	+	NC_073269.2	11163272	11163404	11163630	11163769	TRIP10	XM_003819347.6	+	3	11163404	11163630	225	3
NC_073269.2	11167686	11168298	-2	1	-	NC_073269.2	11168169	11168270	11167954	11168069	SH2D3A	XM_055104164.2	-	2	11168069	11168169	99	1
NC_073269.2	11308530	11309043	1	1	+	NC_073269.2	11308607	11308762	11308886	11309005	ADGRE1	XM_003819352.4	+	1	11308762	11308886	123	1
NC_073269.2	11347607	11348222	3	1	+	NC_073269.2	11347649	11347817	11347950	11348054	ADGRE1	XM_003819352.4	+	3	11347817	11347950	132	1
NC_073269.2	12141178	12141775	2	1	+	NC_073269.2	12141384	12141509	12141606	12141775	ARHGEF18	XM_034946294.3	+	2	12141509	12141606	96	6
NC_073269.2	12200932	12201619	2	1	+	NC_073269.2	12200951	12201052	12201440	12201562	MCOLN1	XM_003810017.5	+	2	12201052	12201440	387	1
NC_073269.2	12213127	12213619	2	1	+	NC_073269.2	12213197	12213277	12213365	12213527	PNPLA6	XM_008962378.6	+	2	12213277	12213365	87	8
NC_073269.2	12214284	12214962	1	1	+	NC_073269.2	12214406	12214515	12214606	12214773	PNPLA6	XM_008962378.6	+	1	12214515	12214606	90	8
NC_073269.2	12214284	12214962	1	1	+	NC_073269.2	12214606	12214773	12214852	12214929	PNPLA6	XM_008962378.6	+	1	12214773	12214852	78	8
NC_073269.2	12232764	12233259	1	1	+	NC_073269.2	12232846	12232942	12233039	12233148	PNPLA6	XM_008962378.6	+	1	12232942	12233039	96	8
NC_073269.2	12309519	12310005	1	1	+	NC_073269.2	12309611	12309660	12309904	12309985	STXBP2	XM_003810007.4	+	1	12309660	12309904	243	1
NC_073269.2	12313289	12314021	3	1	+	NC_073269.2	12313604	12313661	12313821	12313886	STXBP2	XM_003810007.4	+	3	12313661	12313821	159	2
NC_073269.2	12349257	12349779	1	1	+	NC_073269.2	12349595	12349654	12349769	12349779	MCEMP1	XM_003810013.6	+	1	12349654	12349769	114	1
NC_073269.2	12398036	12398870	-3	1	-	NC_073269.2	12398711	12398800	12398379	12398527	CLEC4G	XM_034945722.3	-	3	12398527	12398711	183	4
NC_073269.2	12399087	12399501	-2	1	-	NC_073269.2	12399387	12399449	12399114	12399218	CLEC4G	XM_034945722.3	-	2	12399218	12399387	168	4
NC_073269.2	12545991	12547044	1	1	+	NC_073269.2	12546031	12546177	12546577	12546672	EVI5L	XM_034946839.2	+	1	12546177	12546577	399	4
NC_073269.2	12545991	12547044	1	1	+	NC_073269.2	12546577	12546672	12546796	12546891	EVI5L	XM_034946839.2	+	1	12546672	12546796	123	4
NC_073269.2	12593678	12594188	3	1	+	NC_073269.2	12593802	12593981	12594072	12594152	MAP2K7	XM_034945276.3	+	3	12593981	12594072	90	4
NC_073269.2	12598613	12599999	3	1	+	NC_073269.2	12599097	12599372	12599451	12599762	TGFBR3L	XM_034945281.3	+	3	12599372	12599451	78	6
NC_073269.2	12598613	12599999	3	1	+	NC_073269.2	12599097	12599372	12599451	12599854	TGFBR3L	XM_034945285.3	+	3	12599372	12599451	78	1
NC_073269.2	12799726	12800275	-1	1	-	NC_073269.2	12800065	12800190	12799768	12799890	FBN3	XM_055102809.2	-	1	12799890	12800065	174	6
NC_073269.2	12818481	12819033	-2	1	-	NC_073269.2	12818754	12818897	12818556	12818675	FBN3	XM_055102809.2	-	2	12818675	12818754	78	6
NC_073269.2	12969996	12970530	-2	1	-	NC_073269.2	12970308	12970511	12969997	12970136	CD320	XM_003809979.6	-	2	12970136	12970308	171	1
NC_073269.2	13158239	13158506	-3	1	-	NC_073269.2	13158386	13158420	13158240	13158274	PRAM1	XM_024926492.5	-	3	13158274	13158386	111	1
NC_073269.2	13158522	13158819	-2	1	-	NC_073269.2	13158642	13158804	13158524	13158557	PRAM1	XM_024926492.5	-	2	13158557	13158642	84	1
NC_073269.2	13197928	13198396	-1	1	-	NC_073269.2	13198201	13198315	13197938	13198107	MYO1F	XM_034944612.3	-	1	13198107	13198201	93	2
NC_073269.2	13215350	13215731	-3	1	-	NC_073269.2	13215612	13215692	13215411	13215497	MYO1F	XM_034944612.3	-	3	13215497	13215612	114	2
NC_073269.2	13217347	13218193	-1	1	-	NC_073269.2	13217929	13218061	13217531	13217727	MYO1F	XM_034944612.3	-	1	13217727	13217929	201	2
NC_073269.2	13247727	13248507	-2	1	-	NC_073269.2	13248109	13248313	13247785	13247961	ADAMTS10	XM_008962339.6	-	2	13247961	13248109	147	5
NC_073269.2	13248683	13249169	-3	1	-	NC_073269.2	13248998	13249124	13248776	13248901	ADAMTS10	XM_034944292.3	-	3	13248901	13248998	96	1
NC_073269.2	13846510	13847029	-1	1	-	NC_073269.2	13846870	13846905	13846549	13846614	MUC16	XM_055102885.2	-	1	13846614	13846870	255	2
NC_073269.2	13874401	13874887	-1	1	-	NC_073269.2	13874693	13874823	13874403	13874470	MUC16	XM_014342466.5	-	1	13874470	13874693	222	3
NC_073269.2	13913131	13935868	-1	1	-	NC_073269.2	13929025	13935792	13913215	13928151	MUC16	XM_014342466.5	-	1	13928151	13929025	873	3
NC_073269.2	14879300	14879915	-3	1	-	NC_073269.2	14879538	14879777	14879301	14879444	COL5A3	XM_034944392.3	-	3	14879444	14879538	93	2
NC_073269.2	14909018	14909315	-3	1	-	NC_073269.2	14909247	14909291	14909049	14909102	COL5A3	XM_034944392.3	-	3	14909102	14909247	144	2
NC_073269.2	15001990	15002548	2	1	+	NC_073269.2	15002054	15002177	15002376	15002425	SHFL	XM_003809599.5	+	2	15002177	15002376	198	2
NC_073269.2	15025572	15026187	1	1	+	NC_073269.2	15025722	15025891	15025970	15026187	PPAN	XM_034944453.3	+	1	15025891	15025970	78	1
NC_073269.2	15207996	15208833	1	1	+	NC_073269.2	15208046	15208315	15208463	15208783	ICAM5	XM_034946172.3	+	1	15208315	15208463	147	1
NC_073269.2	15237617	15238286	-3	1	-	NC_073269.2	15238041	15238252	15237648	15237944	RAVER1	XM_003809590.6	-	3	15237944	15238041	96	2
NC_073269.2	15237617	15238286	-3	1	-	NC_073269.2	15238041	15238252	15237851	15237944	RAVER1	XM_008961860.5	-	3	15237944	15238041	96	1
NC_073269.2	15237617	15238286	-3	1	-	NC_073269.2	15237851	15237944	15237648	15237775	RAVER1	XM_008961860.5	-	3	15237775	15237851	75	1
NC_073269.2	15275304	15275958	-2	1	-	NC_073269.2	15275646	15275781	15275407	15275561	TYK2	XM_008961851.5	-	2	15275561	15275646	84	10
NC_073269.2	15463156	15463666	2	1	+	NC_073269.2	15463257	15463340	15463431	15463604	ATG4D	XM_003809584.6	+	2	15463340	15463431	90	1
NC_073269.2	15463156	15463666	2	1	+	NC_073269.2	15463211	15463340	15463431	15463604	ATG4D	XM_003809585.5	+	2	15463340	15463431	90	1
NC_073269.2	15470164	15470752	2	1	+	NC_073269.2	15470333	15470411	15470481	15470557	ATG4D	XM_003809584.6	+	2	15470411	15470481	69	2
NC_073269.2	15980269	15980929	2	1	+	NC_073269.2	15980378	15980510	15980670	15980812	SMARCA4	XM_034945780.3	+	2	15980510	15980670	159	19
NC_073269.2	16085854	16086382	-1	1	-	NC_073269.2	16086047	16086247	16085876	16085965	KANK2	XM_003830483.7	-	1	16085965	16086047	81	14
NC_073269.2	16123837	16124467	-1	1	-	NC_073269.2	16124153	16124345	16123928	16124071	DOCK6	XM_034946034.3	-	1	16124071	16124153	81	5
NC_073269.2	16137376	16138120	-1	1	-	NC_073269.2	16137743	16137856	16137485	16137655	DOCK6	XM_034946034.3	-	1	16137655	16137743	87	5
NC_073269.2	16160390	16160873	-3	1	-	NC_073269.2	16160685	16160751	16160436	16160585	DOCK6	XM_034946034.3	-	3	16160585	16160685	99	4
NC_073269.2	16320256	16321039	-1	1	-	NC_073269.2	16320893	16321035	16320590	16320805	RGL3	XM_034944833.3	-	1	16320805	16320893	87	2
NC_073269.2	16320256	16321039	-1	1	-	NC_073269.2	16320893	16321002	16320590	16320805	RGL3	XM_034944835.3	-	1	16320805	16320893	87	1
NC_073269.2	16348717	16349245	2	1	+	NC_073269.2	16348790	16348868	16349061	16349177	PRKCSH	XM_034945379.3	+	2	16348868	16349061	192	4
NC_073269.2	16361641	16362058	2	1	+	NC_073269.2	16361725	16361824	16361915	16362058	PRKCSH	XM_034945379.3	+	2	16361824	16361915	90	4
NC_073269.2	16370695	16371292	-1	1	-	NC_073269.2	16371094	16371247	16370697	16370922	ELAVL3	XM_003830499.7	-	1	16370922	16371094	171	3
NC_073269.2	17601656	17602061	3	1	+	NC_073269.2	17601791	17601858	17601952	17602060	WDR83	XM_003814812.4	+	3	17601858	17601952	93	1
NC_073269.2	17618174	17618393	-3	1	-	NC_073269.2	17618328	17618393	17618175	17618246	FBXW9	XM_003814814.5	-	3	17618246	17618328	81	2
NC_073269.2	17702356	17702710	-1	1	-	NC_073269.2	17702660	17702710	17702446	17702578	HOOK2	XM_008967666.4	-	1	17702578	17702660	81	5
NC_073269.2	17702356	17702710	-1	1	-	NC_073269.2	17702660	17702695	17702446	17702578	HOOK2	XM_055104194.2	-	1	17702578	17702660	81	4
NC_073269.2	17807129	17807699	-3	1	-	NC_073269.2	17807432	17807596	17807144	17807341	DNASE2	XM_003814825.6	-	3	17807341	17807432	90	1
NC_073269.2	17820540	17821284	1	1	+	NC_073269.2	17820578	17820721	17820863	17820925	GCDH	XM_008967678.5	+	1	17820721	17820863	141	2
NC_073269.2	17853309	17854002	-2	1	-	NC_073269.2	17853609	17853686	17853311	17853425	FARSA	XM_003814830.5	-	2	17853425	17853609	183	2
NC_073269.2	17859662	17860019	-3	1	-	NC_073269.2	17859870	17859968	17859664	17859782	FARSA	XM_003814830.5	-	3	17859782	17859870	87	2
NC_073269.2	18038074	18038839	-1	1	-	NC_073269.2	18038309	18038378	18038090	18038224	TRMT1	XM_034946200.3	-	1	18038224	18038309	84	5
NC_073269.2	18041428	18042007	-1	1	-	NC_073269.2	18041755	18041870	18041564	18041676	TRMT1	XM_034946200.3	-	1	18041676	18041755	78	1
NC_073269.2	18041428	18042007	-1	1	-	NC_073269.2	18041755	18041869	18041564	18041676	TRMT1	XM_034946202.3	-	1	18041676	18041755	78	3
NC_073269.2	18044139	18044937	-2	1	-	NC_073269.2	18044859	18044914	18044488	18044630	TRMT1	XM_034946200.3	-	2	18044630	18044859	228	1
NC_073269.2	18044139	18044937	-2	1	-	NC_073269.2	18044488	18044630	18044141	18044328	TRMT1	XM_034946200.3	-	2	18044328	18044488	159	1
NC_073269.2	18065471	18066803	3	1	+	NC_073269.2	18065529	18066474	18066553	18066726	NACC1	XM_034946204.4	+	3	18066474	18066553	78	2
NC_073269.2	18694561	18695197	2	1	+	NC_073269.2	18694598	18694729	18694904	18695142	MRI1	XM_034944813.3	+	2	18694729	18694904	174	2
NC_073269.2	18849916	18850474	2	1	+	NC_073269.2	18850034	18850145	18850227	18850399	CC2D1A	XM_034945816.3	+	2	18850145	18850227	81	8
NC_073269.2	18849916	18850474	2	1	+	NC_073269.2	18850037	18850145	18850227	18850399	CC2D1A	XM_034945817.3	+	2	18850145	18850227	81	5
NC_073269.2	18857254	18857596	2	1	+	NC_073269.2	18857300	18857437	18857531	18857595	CC2D1A	XM_034945816.3	+	2	18857437	18857531	93	9
NC_073269.2	18857254	18857596	2	1	+	NC_073269.2	18857300	18857437	18857534	18857595	CC2D1A	XM_034945818.4	+	2	18857437	18857534	96	4
NC_073269.2	18858949	18859717	2	1	+	NC_073269.2	18858950	18859076	18859461	18859537	CC2D1A	XM_034945816.3	+	2	18859076	18859461	384	13
NC_073269.2	18858949	18859717	2	1	+	NC_073269.2	18859461	18859537	18859625	18859672	CC2D1A	XM_034945816.3	+	2	18859537	18859625	87	13
NC_073269.2	18888188	18889244	3	1	+	NC_073269.2	18888238	18888672	18888775	18888866	DCAF15	XM_003814854.5	+	3	18888672	18888775	102	1
NC_073269.2	18888188	18889244	3	1	+	NC_073269.2	18888775	18888866	18888960	18889088	DCAF15	XM_003814854.5	+	3	18888866	18888960	93	1
NC_073269.2	18891893	18892358	-3	1	-	NC_073269.2	18892190	18892235	18891894	18892060	RFX1	XM_034945815.3	-	3	18892060	18892190	129	4
NC_073269.2	18895626	18896040	-2	1	-	NC_073269.2	18895840	18895958	18895628	18895737	RFX1	XM_034945815.3	-	2	18895737	18895840	102	4
NC_073269.2	19088916	19089588	-2	1	-	NC_073269.2	19089244	19089453	19088918	19089138	ADGRL1	XM_034945010.3	-	2	19089138	19089244	105	8
NC_073269.2	19091191	19091767	-1	1	-	NC_073269.2	19091729	19091767	19091395	19091578	ADGRL1	XM_034945010.3	-	1	19091578	19091729	150	8
NC_073269.2	19318494	19318971	1	1	+	NC_073269.2	19318592	19318642	19318844	19318960	ADGRE5	XM_034945334.3	+	1	19318642	19318844	201	3
NC_073269.2	19327805	19328183	3	1	+	NC_073269.2	19327888	19327934	19328061	19328138	ADGRE5	XM_034945334.3	+	3	19327934	19328061	126	3
NC_073269.2	19336259	19336739	3	1	+	NC_073269.2	19336478	19336544	19336647	19336738	ADGRE5	XM_034945334.3	+	3	19336544	19336647	102	3
NC_073269.2	19339231	19339606	-1	1	-	NC_073269.2	19339439	19339570	19339233	19339342	DDX39A	XM_003807080.5	-	1	19339342	19339439	96	2
NC_073269.2	19493230	19493551	2	1	+	NC_073269.2	19493253	19493356	19493435	19493550	TECR	XM_003807074.5	+	2	19493356	19493435	78	3
NC_073269.2	19494172	19494493	2	1	+	NC_073269.2	19494239	19494311	19494402	19494445	TECR	XM_003807074.5	+	2	19494311	19494402	90	4
NC_073269.2	19494515	19494965	3	1	+	NC_073269.2	19494519	19494576	19494655	19494743	TECR	XM_003807074.5	+	3	19494576	19494655	78	4
NC_073269.2	19695062	19695539	-3	1	-	NC_073269.2	19695392	19695442	19695074	19695190	LOC100974936	XM_055104361.2	-	3	19695190	19695392	201	1
NC_073269.2	19932951	19933908	1	1	+	NC_073269.2	19933184	19933350	19933447	19933542	TEKTL1	XM_003813593.5	+	1	19933350	19933447	96	1
NC_073269.2	20025198	20025699	1	1	+	NC_073269.2	20025199	20025325	20025518	20025678	SYDE1	XM_008966113.5	+	1	20025325	20025518	192	1
NC_073269.2	20025198	20025699	1	1	+	NC_073269.2	20025199	20025325	20025455	20025678	SYDE1	XM_055104184.2	+	1	20025325	20025455	129	1
NC_073269.2	20036548	20036929	-1	1	-	NC_073269.2	20036749	20036887	20036550	20036661	ILVBL	XM_003813587.5	-	1	20036661	20036749	87	3
NC_073269.2	20092463	20093138	-3	1	-	NC_073269.2	20092979	20093111	20092640	20092897	NOTCH3	XM_034944587.4	-	3	20092897	20092979	81	2
NC_073269.2	20098420	20099047	-1	1	-	NC_073269.2	20098879	20099030	20098528	20098641	NOTCH3	XM_034944587.4	-	1	20098641	20098879	237	2
NC_073269.2	20104979	20105489	-3	1	-	NC_073269.2	20105342	20105464	20105021	20105254	NOTCH3	XM_034944587.4	-	3	20105254	20105342	87	2
NC_073269.2	20152254	20153034	-2	1	-	NC_073269.2	20152610	20152815	20152294	20152531	BRD4	XM_008966111.5	-	2	20152531	20152610	78	1
NC_073269.2	20152861	20153446	-1	1	-	NC_073269.2	20153200	20153362	20152943	20153073	BRD4	XM_008966111.5	-	1	20153073	20153200	126	1
NC_073269.2	20367268	20367688	-1	1	-	NC_073269.2	20367482	20367683	20367270	20367388	RASAL3	XM_034945121.4	-	1	20367388	20367482	93	4
NC_073269.2	20371060	20371978	-1	1	-	NC_073269.2	20371649	20371775	20371448	20371546	RASAL3	XM_034945121.4	-	1	20371546	20371649	102	4
NC_073269.2	20529876	20530419	1	1	+	NC_073269.2	20530106	20530170	20530336	20530418	CYP4F8	XM_003813576.5	+	1	20530170	20530336	165	2
NC_073269.2	20562334	20562694	2	1	+	NC_073269.2	20562361	20562494	20562588	20562652	CYP4F3	XM_003813573.6	+	2	20562494	20562588	93	2
NC_073269.2	21699783	21700542	1	1	+	NC_073269.2	21700006	21700116	21700381	21700487	SIN3B	XM_024926547.4	+	1	21700116	21700381	264	2
NC_073269.2	21765720	21766311	-2	1	-	NC_073269.2	21766002	21766211	21765722	21765872	CPAMD8	XM_003813600.7	-	2	21765872	21766002	129	4
NC_073269.2	21772923	21773613	-2	1	-	NC_073269.2	21773233	21773388	21773092	21773154	CPAMD8	XM_003813600.7	-	2	21773154	21773233	78	6
NC_073269.2	21881021	21881552	-3	1	-	NC_073269.2	21881309	21881474	21881181	21881233	CPAMD8	XM_003813600.7	-	3	21881233	21881309	75	1
NC_073269.2	22198317	22198860	-2	1	-	NC_073269.2	22198639	22198770	22198435	22198545	ANO8	XM_034946029.3	-	2	22198545	22198639	93	2
NC_073269.2	22204404	22205097	-2	1	-	NC_073269.2	22204896	22205006	22204628	22204760	ANO8	XM_034946029.3	-	2	22204760	22204896	135	2
NC_073269.2	22209483	22210011	1	1	+	NC_073269.2	22209524	22209610	22209698	22209900	GTPBP3	XM_003817806.8	+	1	22209610	22209698	87	4
NC_073269.2	22413647	22413983	3	1	+	NC_073269.2	22413663	22413779	22413870	22413977	NIBAN3	XM_034945319.3	+	3	22413779	22413870	90	4
NC_073269.2	22447410	22447818	1	1	+	NC_073269.2	22447544	22447620	22447711	22447817	COLGALT1	XM_003817790.7	+	1	22447620	22447711	90	2
NC_073269.2	22646501	22647419	3	1	+	NC_073269.2	22646734	22646846	22646955	22647042	FCHO1	XM_034944484.3	+	3	22646846	22646955	108	12
NC_073269.2	22697328	22697793	-2	1	-	NC_073269.2	22697617	22697756	22697346	22697535	JAK3	XM_034944865.3	-	2	22697535	22697617	81	5
NC_073269.2	22706482	22706938	-1	1	-	NC_073269.2	22706735	22706857	22706484	22706641	JAK3	XM_034944865.3	-	1	22706641	22706735	93	2
NC_073269.2	22867324	22867894	2	1	+	NC_073269.2	22867427	22867700	22867827	22867893	ARRDC2	XM_003817784.6	+	2	22867700	22867827	126	1
NC_073269.2	22869211	22869820	2	1	+	NC_073269.2	22869272	22869434	22869648	22869805	ARRDC2	XM_003817784.6	+	2	22869434	22869648	213	2
NC_073269.2	22993932	22994490	1	1	+	NC_073269.2	22993944	22994076	22994182	22994347	MAST3	XM_034946355.3	+	1	22994076	22994182	105	30
NC_073269.2	23021528	23021840	3	1	+	NC_073269.2	23021560	23021610	23021695	23021826	PIK3R2	XM_034946868.2	+	3	23021610	23021695	84	1
NC_073269.2	23038189	23038549	2	1	+	NC_073269.2	23038352	23038405	23038490	23038549	IFI30	XM_003817782.5	+	2	23038405	23038490	84	1
NC_073269.2	23287899	23288460	1	1	+	NC_073269.2	23288229	23288290	23288375	23288459	SSBP4	XM_063600020.1	+	1	23288290	23288375	84	2
NC_073269.2	23296734	23297643	-2	1	-	NC_073269.2	23297439	23297571	23297149	23297342	ISYNA1	XM_003817771.6	-	2	23297342	23297439	96	2
NC_073269.2	23296734	23297643	-2	1	-	NC_073269.2	23297149	23297342	23296795	23296944	ISYNA1	XM_003817771.6	-	2	23296944	23297149	204	2
NC_073269.2	23297929	23298607	-1	1	-	NC_073269.2	23298362	23298490	23298101	23298262	ISYNA1	XM_003817771.6	-	1	23298262	23298362	99	1
NC_073269.2	23433739	23434069	2	1	+	NC_073269.2	23433792	23433894	23433979	23434069	UBA52	XM_003817760.5	+	2	23433894	23433979	84	7
NC_073269.2	23472558	23473065	1	1	+	NC_073269.2	23472583	23472727	23472815	23472906	TMEM59L	XM_034944110.3	+	1	23472727	23472815	87	4
NC_073269.2	24397640	24398195	3	1	+	NC_073269.2	24397725	24397838	24397917	24398067	YJEFN3	XM_008970977.4	+	3	24397838	24397917	78	2
NC_073269.2	24500908	24501835	-1	1	-	NC_073269.2	24501461	24501525	24501251	24501358	GMIP	XM_003817720.5	-	1	24501358	24501461	102	4
NC_073269.2	24506576	24507101	-3	1	-	NC_073269.2	24506799	24506942	24506577	24506684	ATP13A1	XM_003817717.5	-	3	24506684	24506799	114	2
NC_073269.2	35796601	35797123	2	1	+	NC_073269.2	35796656	35796801	35796925	35797060	CCNE1	XM_034945373.3	+	2	35796801	35796925	123	3
NC_073269.2	38615386	38615635	-1	1	-	NC_073269.2	38615582	38615635	38615438	38615503	ANKRD27	XM_003816207.6	-	1	38615503	38615582	78	5
NC_073269.2	38615386	38615635	-1	1	-	NC_073269.2	38615582	38615632	38615438	38615503	ANKRD27	XM_034946771.3	-	1	38615503	38615582	78	2
NC_073269.2	38799555	38799933	1	1	+	NC_073269.2	38799588	38799741	38799826	38799892	TDRD12	XM_008969262.6	+	1	38799741	38799826	84	2
NC_073269.2	38834625	38835174	-2	1	-	NC_073269.2	38834970	38835095	38834627	38834726	SLC7A9	XM_003816204.3	-	2	38834726	38834970	243	1
NC_073269.2	41030270	41030759	3	1	+	NC_073269.2	41030416	41030534	41030616	41030758	GRAMD1A	XM_003816092.4	+	3	41030534	41030616	81	7
NC_073269.2	41072551	41073064	2	1	+	NC_073269.2	41072680	41072720	41072898	41073063	HPN	XM_008969213.7	+	2	41072720	41072898	177	3
NC_073269.2	41135473	41135731	2	1	+	NC_073269.2	41135542	41135579	41135718	41135731	FXYD3	XM_008969219.5	+	2	41135579	41135718	138	4
NC_073269.2	41163349	41163805	2	1	+	NC_073269.2	41163528	41163602	41163714	41163756	FXYD7	XM_003816157.4	+	2	41163602	41163714	111	2
NC_073269.2	41163349	41163805	2	1	+	NC_073269.2	41163528	41163602	41163714	41163747	FXYD7	XM_008969211.6	+	2	41163602	41163714	111	1
NC_073269.2	41281706	41282765	3	1	+	NC_073269.2	41282128	41282246	41282346	41282546	USF2	XM_034945743.3	+	3	41282246	41282346	99	2
NC_073269.2	41291196	41291715	1	1	+	NC_073269.2	41291237	41291331	41291485	41291715	USF2	XM_034945743.3	+	1	41291331	41291485	153	2
NC_073269.2	41291196	41291715	1	1	+	NC_073269.2	41291237	41291331	41291485	41291613	USF2	XM_034945744.4	+	1	41291331	41291485	153	2
NC_073269.2	41629493	41629916	3	1	+	NC_073269.2	41629522	41629587	41629663	41629838	RBM42	XM_003816106.5	+	3	41629587	41629663	75	1
NC_073269.2	41629493	41629916	3	1	+	NC_073269.2	41629522	41629587	41629684	41629838	RBM42	XM_008969179.5	+	3	41629587	41629684	96	1
NC_073269.2	41721669	41722128	1	1	+	NC_073269.2	41721704	41721888	41721964	41722053	KMT2B	XM_034945750.4	+	1	41721888	41721964	75	4
NC_073269.2	41737995	41738424	-2	1	-	NC_073269.2	41738337	41738412	41738076	41738171	U2AF1L4	XM_003816146.5	-	2	41738171	41738337	165	5
NC_073269.2	41774461	41774935	2	1	+	NC_073269.2	41774507	41774629	41774717	41774794	ARHGAP33	XM_055103016.3	+	2	41774629	41774717	87	7
NC_073269.2	41774628	41775369	1	1	+	NC_073269.2	41774878	41774944	41775050	41775112	ARHGAP33	XM_055103016.3	+	1	41774944	41775050	105	3
NC_073269.2	41774628	41775369	1	1	+	NC_073269.2	41774878	41774944	41775053	41775112	ARHGAP33	XM_055103017.3	+	1	41774944	41775053	108	4
NC_073269.2	41842264	41842798	-1	1	-	NC_073269.2	41842573	41842713	41842357	41842497	NPHS1	XM_034944173.3	-	1	41842497	41842573	75	1
NC_073269.2	41873910	41874756	1	1	+	NC_073269.2	41873965	41874123	41874202	41874330	APLP1	XM_003816097.7	+	1	41874123	41874202	78	2
NC_073269.2	42007117	42007906	-1	1	-	NC_073269.2	42007658	42007852	42007331	42007579	SYNE4	XM_003816121.5	-	1	42007579	42007658	78	2
NC_073269.2	42092554	42093331	2	1	+	NC_073269.2	42092999	42093110	42093201	42093264	WDR62	XM_003816089.6	+	2	42093110	42093201	90	9
NC_073269.2	42104938	42105829	2	1	+	NC_073269.2	42104972	42105023	42105159	42105797	WDR62	XM_003816089.6	+	2	42105023	42105159	135	12
NC_073269.2	42153027	42153537	-2	1	-	NC_073269.2	42153367	42153453	42153156	42153240	LOC100973061	XM_003816162.6	-	2	42153240	42153367	126	1
NC_073269.2	44593253	44593604	3	1	+	NC_073269.2	44593287	44593349	44593506	44593604	C20H19orf33	XM_003812295.7	+	3	44593349	44593506	156	1
NC_073269.2	44661075	44661807	1	1	+	NC_073269.2	44661177	44661276	44661544	44661807	CATSPERG	XM_034944887.2	+	1	44661276	44661544	267	10
NC_073269.2	44754497	44754926	3	1	+	NC_073269.2	44754498	44754602	44754822	44754925	RYR1	XM_034945507.3	+	3	44754602	44754822	219	2
NC_073269.2	44900665	44901034	-1	1	-	NC_073269.2	44900915	44900973	44900793	44900836	MAP4K1	XM_034945509.3	-	1	44900836	44900915	78	2
NC_073269.2	44900665	44901034	-1	1	-	NC_073269.2	44900793	44900836	44900667	44900714	MAP4K1	XM_034945509.3	-	1	44900714	44900793	78	2
NC_073269.2	45022599	45023187	-2	1	-	NC_073269.2	45022968	45023084	45022825	45022883	CAPN12	XM_003812264.5	-	2	45022883	45022968	84	1
NC_073269.2	45092635	45093100	-1	1	-	NC_073269.2	45092861	45093026	45092636	45092779	LGALS4	XM_034945631.3	-	1	45092779	45092861	81	1
NC_073269.2	45107798	45108338	-3	1	-	NC_073269.2	45108161	45108209	45107910	45107974	LOC100980944	XM_003812260.5	-	3	45107974	45108161	186	1
NC_073269.2	45192327	45192735	-2	1	-	NC_073269.2	45192589	45192695	45192421	45192477	SIRT2	XM_003812256.4	-	2	45192477	45192589	111	5
NC_073269.2	45221964	45222429	-2	1	-	NC_073269.2	45222294	45222402	45221966	45222011	SARS2	XM_003812251.5	-	2	45222011	45222294	282	3
NC_073269.2	45396637	45396964	2	1	+	NC_073269.2	45396690	45396752	45396849	45396963	ACP7	XM_034944753.3	+	2	45396752	45396849	96	2
NC_073269.2	45397032	45397374	1	1	+	NC_073269.2	45397060	45397167	45397261	45397318	ACP7	XM_034944746.3	+	1	45397167	45397261	93	8
NC_073269.2	45542986	45543436	-1	1	-	NC_073269.2	45543347	45543418	45543131	45543274	LOC100990235	XM_034945398.4	-	1	45543274	45543347	72	1
NC_073269.2	45564616	45565141	2	1	+	NC_073269.2	45564617	45564694	45564953	45565102	LOC100976754	XM_008964649.5	+	2	45564694	45564953	258	1
NC_073269.2	45715942	45716428	2	1	+	NC_073269.2	45716130	45716231	45716328	45716375	PLEKHG2	XM_008964642.6	+	2	45716231	45716328	96	7
NC_073269.2	45754394	45754769	3	1	+	NC_073269.2	45754513	45754582	45754700	45754768	SUPT5H	XM_008964641.4	+	3	45754582	45754700	117	1
NC_073269.2	45781832	45782330	3	1	+	NC_073269.2	45781878	45781982	45782088	45782186	TIMM50	XM_003812235.7	+	3	45781982	45782088	105	1
NC_073269.2	45814447	45814795	2	1	+	NC_073269.2	45814553	45814627	45814721	45814795	SELENOV	XM_003812231.5	+	2	45814627	45814721	93	2
NC_073269.2	45814447	45814795	2	1	+	NC_073269.2	45814553	45814627	45814721	45814794	SELENOV	XM_055103607.2	+	2	45814627	45814721	93	1
NC_073269.2	46055996	46056638	-3	1	-	NC_073269.2	46056474	46056620	46056249	46056389	DYRK1B	XM_055103610.2	-	3	46056389	46056474	84	3
NC_073269.2	4607340	4608330	-2	1	-	NC_073269.2	4607618	4607742	4607394	4607482	MIER2	XM_034951024.3	-	2	4607482	4607618	135	6
NC_073269.2	4607340	4608330	-2	1	-	NC_073269.2	4607639	4607742	4607394	4607482	MIER2	XM_055102925.2	-	2	4607482	4607639	156	2
NC_073269.2	46482305	46482935	-3	1	-	NC_073269.2	46482639	46482797	46482403	46482554	CCNP	XM_008964933.5	-	3	46482554	46482639	84	2
NC_073269.2	46629019	46629439	2	1	+	NC_073269.2	46629026	46629052	46629152	46629226	PLD3	XM_008964918.6	+	2	46629052	46629152	99	30
NC_073269.2	46629019	46629439	2	1	+	NC_073269.2	46629152	46629226	46629296	46629438	PLD3	XM_008964918.6	+	2	46629226	46629296	69	30
NC_073269.2	46813114	46814191	2	1	+	NC_073269.2	46813511	46813789	46813880	46814010	SPTBN4	XM_034945099.4	+	2	46813789	46813880	90	5
NC_073269.2	46824728	46825220	3	1	+	NC_073269.2	46824773	46824911	46825011	46825095	SPTBN4	XM_034945099.4	+	3	46824911	46825011	99	4
NC_073269.2	46865438	46865939	3	1	+	NC_073269.2	46865524	46865598	46865695	46865817	LTBP4	XM_003812479.7	+	3	46865598	46865695	96	27
NC_073269.2	46867226	46867979	3	1	+	NC_073269.2	46867522	46867671	46867786	46867905	LTBP4	XM_003812479.7	+	3	46867671	46867786	114	27
NC_073269.2	46868794	46869295	2	1	+	NC_073269.2	46868808	46868939	46869024	46869149	LTBP4	XM_003812479.7	+	2	46868939	46869024	84	26
NC_073269.2	46972464	46972962	-2	1	-	NC_073269.2	46972714	46972833	46972503	46972569	COQ8B	XM_003812472.5	-	2	46972569	46972714	144	10
NC_073269.2	47440921	47441386	2	1	+	NC_073269.2	47440953	47441033	47441169	47441284	AXL	XM_003812463.5	+	2	47441033	47441169	135	2
NC_073269.2	47447845	47448724	2	1	+	NC_073269.2	47447900	47448110	47448426	47448565	AXL	XM_003812463.5	+	2	47448110	47448426	315	2
NC_073269.2	47999165	47999567	3	1	+	NC_073269.2	47999247	47999343	47999422	47999457	ARHGEF1	XM_008964832.4	+	3	47999343	47999422	78	18
NC_073269.2	48007393	48008050	2	1	+	NC_073269.2	48007464	48007610	48007851	48007933	ARHGEF1	XM_008964832.4	+	2	48007610	48007851	240	18
NC_073269.2	48009456	48010128	1	1	+	NC_073269.2	48009613	48009688	48009794	48009961	ARHGEF1	XM_008964832.4	+	1	48009688	48009794	105	18
NC_073269.2	48083044	48083497	-1	1	-	NC_073269.2	48083261	48083436	48083046	48083182	ATP1A3	XM_034946078.3	-	1	48083182	48083261	78	2
NC_073269.2	48108240	48108825	-2	1	-	NC_073269.2	48108621	48108749	48108382	48108503	GRIK5	XM_024926407.4	-	2	48108503	48108621	117	3
NC_073269.2	48226785	48227343	-2	1	-	NC_073269.2	48227172	48227237	48227005	48227039	POU2F2	XM_003811775.6	-	2	48227039	48227172	132	12
NC_073269.2	48226785	48227343	-2	1	-	NC_073269.2	48227172	48227229	48227005	48227039	POU2F2	XM_034946084.3	-	2	48227039	48227172	132	4
NC_073269.2	48341586	48342360	-2	1	-	NC_073269.2	48342256	48342339	48342004	48342114	GSK3A	XM_003811765.6	-	2	48342114	48342256	141	1
NC_073269.2	48393742	48394432	2	1	+	NC_073269.2	48393831	48394033	48394124	48394349	CIC	XM_014342693.4	+	2	48394033	48394124	90	19
NC_073269.2	48396489	48397146	1	1	+	NC_073269.2	48396497	48396684	48397024	48397145	CIC	XM_014342693.4	+	1	48396684	48397024	339	19
NC_073269.2	48397469	48398273	3	1	+	NC_073269.2	48397504	48397797	48397894	48398219	CIC	XM_014342693.4	+	3	48397797	48397894	96	8
NC_073269.2	48397469	48398273	3	1	+	NC_073269.2	48397504	48397797	48397897	48398219	CIC	XM_034946061.3	+	3	48397797	48397897	99	4
NC_073269.2	48397469	48398273	3	1	+	NC_073269.2	48397507	48397797	48397894	48398219	CIC	XM_034946063.3	+	3	48397797	48397894	96	4
NC_073269.2	48397469	48398273	3	1	+	NC_073269.2	48397507	48397797	48397897	48398219	CIC	XM_055103684.2	+	3	48397797	48397897	99	3
NC_073269.2	48419764	48420067	2	1	+	NC_073269.2	48419765	48419866	48419966	48420050	TMEM145	XM_034946093.3	+	2	48419866	48419966	99	7
NC_073269.2	48439783	48440449	2	1	+	NC_073269.2	48439991	48440171	48440253	48440341	MEGF8	XM_003811761.6	+	2	48440171	48440253	81	6
NC_073269.2	48664993	48668590	-1	1	-	NC_073269.2	48665651	48667000	48664994	48665338	LOC129394738	XM_055103701.2	-	1	48665338	48665651	312	1
NC_073269.2	49644266	49644698	-3	1	-	NC_073269.2	49644512	49644611	49644268	49644358	PHLDB3	XM_008970842.4	-	3	49644358	49644512	153	2
NC_073269.2	49910009	49910606	-3	1	-	NC_073269.2	49910342	49910606	49910151	49910248	SMG9	XM_003817577.5	-	3	49910248	49910342	93	4
NC_073269.2	50916883	50917501	2	1	+	NC_073269.2	50917091	50917295	50917401	50917489	BCL3	XM_034945162.3	+	2	50917295	50917401	105	3
NC_073269.2	50979707	50980256	3	1	+	NC_073269.2	50980043	50980160	50980254	50980256	BCAM	XM_003817547.6	+	3	50980160	50980254	93	1
NC_073269.2	51045278	51045818	3	1	+	NC_073269.2	51045452	51045515	51045648	51045734	NECTIN2	XM_034944393.3	+	3	51045515	51045648	132	1
NC_073269.2	51301290	51301953	1	1	+	NC_073269.2	51301402	51301552	51301643	51301798	PPP1R37	XM_003817535.7	+	1	51301552	51301643	90	3
NC_073269.2	5135031	5135916	1	1	+	NC_073269.2	5135107	5135253	5135347	5135517	PTBP1	XM_034946333.3	+	1	5135253	5135347	93	2
NC_073269.2	5135031	5135916	1	1	+	NC_073269.2	5135347	5135517	5135644	5135754	PTBP1	XM_034946333.3	+	1	5135517	5135644	126	2
NC_073269.2	5139064	5139583	2	1	+	NC_073269.2	5139180	5139272	5139366	5139582	PTBP1	XM_034946333.3	+	2	5139272	5139366	93	2
NC_073269.2	51425637	51425949	1	1	+	NC_073269.2	51425666	51425731	51425822	51425892	MARK4	XM_003817533.6	+	1	51425731	51425822	90	4
NC_073269.2	51425637	51425949	1	1	+	NC_073269.2	51425713	51425731	51425822	51425892	MARK4	XM_063600397.1	+	1	51425731	51425822	90	1
NC_073269.2	51518399	51518747	-3	1	-	NC_073269.2	51518619	51518688	51518415	51518516	ERCC2	XM_003817527.7	-	3	51518516	51518619	102	5
NC_073269.2	51556867	51557710	-1	1	-	NC_073269.2	51557536	51557634	51557366	51557457	PPP1R13L	XM_034945614.3	-	1	51557457	51557536	78	2
NC_073269.2	51656022	51656907	-2	1	-	NC_073269.2	51656397	51656876	51656037	51656291	RTN2	XM_003817518.5	-	2	51656291	51656397	105	2
NC_073269.2	51687748	51687982	2	1	+	NC_073269.2	51687749	51687806	51687948	51687982	VASP	XM_003817515.6	+	2	51687806	51687948	141	4
NC_073269.2	51937035	51937533	-2	1	-	NC_073269.2	51937304	51937461	51937107	51937204	DMPK	XM_008970711.4	-	2	51937204	51937304	99	23
NC_073269.2	5220718	5221375	-1	1	-	NC_073269.2	5221249	5221356	5220737	5220906	MED16	XM_055104309.2	-	1	5220906	5221249	342	3
NC_073269.2	52303424	52303943	-3	1	-	NC_073269.2	52303808	52303861	52303426	52303696	IGFL3	XM_008970706.5	-	3	52303696	52303808	111	1
NC_073269.2	52451664	52452192	1	1	+	NC_073269.2	52451700	52451806	52452044	52452191	HIF3A	XM_003817493.6	+	1	52451806	52452044	237	12
NC_073269.2	5250340	5251354	2	1	+	NC_073269.2	5250480	5250712	5250899	5251354	KISS1R	XM_034945670.3	+	2	5250712	5250899	186	1
NC_073269.2	52528013	52528433	3	1	+	NC_073269.2	52528036	52528076	52528179	52528357	PPP5C	XM_003817491.5	+	3	52528076	52528179	102	2
NC_073269.2	53401771	53402935	2	1	+	NC_073269.2	53401772	53401873	53402039	53402290	CCDC9	XM_003814129.7	+	2	53401873	53402039	165	6
NC_073269.2	53411976	53412804	1	1	+	NC_073269.2	53411996	53412131	53412525	53412630	CCDC9	XM_003814129.7	+	1	53412131	53412525	393	7
NC_073269.2	5341654	5342518	-1	1	-	NC_073269.2	5342089	5342211	5341907	5342007	TMEM259	XM_055102893.2	-	1	5342007	5342089	81	4
NC_073269.2	5341654	5342518	-1	1	-	NC_073269.2	5341907	5342007	5341756	5341813	TMEM259	XM_055102893.2	-	1	5341813	5341907	93	4
NC_073269.2	5386059	5386581	1	1	+	NC_073269.2	5386077	5386208	5386314	5386453	ABCA7	XM_055103162.2	+	1	5386208	5386314	105	4
NC_073269.2	5399076	5399811	1	1	+	NC_073269.2	5399479	5399613	5399695	5399798	ABCA7	XM_055103162.2	+	1	5399613	5399695	81	4
NC_073269.2	5409549	5409972	1	1	+	NC_073269.2	5409567	5409639	5409841	5409907	ARHGAP45	XM_034946337.3	+	1	5409639	5409841	201	7
NC_073269.2	5415605	5416187	3	1	+	NC_073269.2	5415639	5415776	5415864	5416054	ARHGAP45	XM_034946337.3	+	3	5415776	5415864	87	7
NC_073269.2	5417442	5417910	1	1	+	NC_073269.2	5417488	5417676	5417761	5417898	ARHGAP45	XM_034946337.3	+	1	5417676	5417761	84	7
NC_073269.2	54237088	54237658	-1	1	-	NC_073269.2	54237445	54237536	54237090	54237189	LIG1	XM_003814100.5	-	1	54237189	54237445	255	8
NC_073269.2	54408138	54408822	-2	1	-	NC_073269.2	54408492	54408679	54408189	54408323	ODAD1	XM_008966717.5	-	2	54408323	54408492	168	13
NC_073269.2	5442706	5443114	2	1	+	NC_073269.2	5442850	5442874	5442986	5443067	GPX4	XM_057300686.2	+	2	5442874	5442986	111	1
NC_073269.2	5445260	5445602	-3	1	-	NC_073269.2	5445390	5445576	5445261	5445311	SBNO2	XM_055104021.2	-	3	5445311	5445390	78	1
NC_073269.2	5445766	5446444	-1	1	-	NC_073269.2	5446289	5446383	5446112	5446204	SBNO2	XM_055104018.2	-	1	5446204	5446289	84	3
NC_073269.2	5445766	5446444	-1	1	-	NC_073269.2	5446112	5446204	5445899	5446030	SBNO2	XM_055104018.2	-	1	5446030	5446112	81	3
NC_073269.2	5459778	5460465	-2	1	-	NC_073269.2	5460016	5460167	5459780	5459913	SBNO2	XM_055104018.2	-	2	5459913	5460016	102	3
NC_073269.2	54816632	54817298	-3	1	-	NC_073269.2	54817113	54817298	54816633	54816803	MAMSTR	XM_063600477.1	-	3	54816803	54817113	309	1
NC_073269.2	54817537	54818314	-1	1	-	NC_073269.2	54818039	54818141	54817619	54817813	MAMSTR	XM_034946825.2	-	1	54817813	54818039	225	2
NC_073269.2	54898706	54899267	-3	1	-	NC_073269.2	54898932	54899072	54898782	54898856	BCAT2	XM_003814304.7	-	3	54898856	54898932	75	4
NC_073269.2	55254546	55255152	1	1	+	NC_073269.2	55254580	55254743	55254873	55255000	PPFIA3	XM_003814310.6	+	1	55254743	55254873	129	2
NC_073269.2	55268026	55270552	-1	1	-	NC_073269.2	55268329	55270291	55268183	55268253	HRC	XM_008966929.4	-	1	55268253	55268329	75	2
NC_073269.2	55280202	55282854	1	1	+	NC_073269.2	55280469	55280643	55282345	55282525	TRPM4	XM_034944376.3	+	1	55280643	55282345	1701	1
NC_073269.2	55280202	55282854	1	1	+	NC_073269.2	55282345	55282525	55282688	55282851	TRPM4	XM_034944376.3	+	1	55282525	55282688	162	1
NC_073269.2	55280202	55282854	1	1	+	NC_073269.2	55280469	55282525	55282688	55282851	TRPM4	XM_063600486.1	+	1	55282525	55282688	162	4
NC_073269.2	55299313	55299940	2	1	+	NC_073269.2	55299344	55299633	55299844	55299940	TRPM4	XM_063600488.1	+	2	55299633	55299844	210	1
NC_073269.2	55327203	55327866	1	1	+	NC_073269.2	55327323	55327395	55327483	55327588	TRPM4	XM_034944376.3	+	1	55327395	55327483	87	8
NC_073269.2	55473109	55473424	-1	1	-	NC_073269.2	55473266	55473382	55473111	55473169	TEAD2	XM_008966938.4	-	1	55473169	55473266	96	11
NC_073269.2	55473109	55473424	-1	1	-	NC_073269.2	55473275	55473382	55473111	55473169	TEAD2	XM_055103553.2	-	1	55473169	55473275	105	8
NC_073269.2	55547707	55548292	-1	1	-	NC_073269.2	55548082	55548192	55547759	55547886	SLC17A7	XM_003814324.6	-	1	55547886	55548082	195	1
NC_073269.2	55595829	55596300	1	1	+	NC_073269.2	55596002	55596180	55596256	55596300	FLT3LG	XM_034944878.3	+	1	55596180	55596256	75	4
NC_073269.2	55606981	55607494	2	1	+	NC_073269.2	55607114	55607236	55607411	55607494	RPL13A	XM_003814327.7	+	2	55607236	55607411	174	3
NC_073269.2	55674823	55675585	-1	1	-	NC_073269.2	55675366	55675525	55675151	55675269	NOSIP	XM_003814335.5	-	1	55675269	55675366	96	2
NC_073269.2	55674823	55675585	-1	1	-	NC_073269.2	55675151	55675269	55674825	55675012	NOSIP	XM_003814335.5	-	1	55675012	55675151	138	4
NC_073269.2	55674823	55675585	-1	1	-	NC_073269.2	55675357	55675525	55675151	55675269	NOSIP	XM_008966950.5	-	1	55675269	55675357	87	2
NC_073269.2	55711919	55715558	3	1	+	NC_073269.2	55711972	55712133	55712215	55715531	PRR12	XM_034946289.4	+	3	55712133	55712215	81	1
NC_073269.2	5577873	5578590	-2	1	-	NC_073269.2	5578229	5578368	5577951	5578015	CBARP	XM_003813749.7	-	2	5578015	5578229	213	3
NC_073269.2	55779217	55779916	-1	1	-	NC_073269.2	55779700	55779892	55779223	55779603	IRF3	XM_008966956.4	-	1	55779603	55779700	96	9
NC_073269.2	55780426	55780849	-1	1	-	NC_073269.2	55780618	55780789	55780463	55780533	IRF3	XM_008966956.4	-	1	55780533	55780618	84	9
NC_073269.2	55821708	55822146	1	1	+	NC_073269.2	55821832	55821939	55822039	55822123	CPT1C	XM_034946317.3	+	1	55821939	55822039	99	14
NC_073269.2	5586499	5586889	2	1	+	NC_073269.2	5586552	5586640	5586770	5586889	ATP5F1D	XM_034951817.2	+	2	5586640	5586770	129	1
NC_073269.2	55947620	55948061	3	1	+	NC_073269.2	55947692	55947749	55947900	55948007	MED25	XM_008966986.4	+	3	55947749	55947900	150	7
NC_073269.2	5596260	5596998	1	1	+	NC_073269.2	5596387	5596515	5596600	5596911	MIDN	XM_034951788.3	+	1	5596515	5596600	84	2
NC_073269.2	55969698	55970334	1	1	+	NC_073269.2	55970005	55970142	55970251	55970333	PTOV1	XM_008966984.6	+	1	55970142	55970251	108	10
NC_073269.2	55978122	55978374	-2	1	-	NC_073269.2	55978326	55978374	55978174	55978244	PNKP	XM_003814346.6	-	2	55978244	55978326	81	3
NC_073269.2	56000011	56000389	2	1	+	NC_073269.2	56000028	56000128	56000228	56000327	TBC1D17	XM_034946790.3	+	2	56000128	56000228	99	2
NC_073269.2	56002971	56004279	1	1	+	NC_073269.2	56003033	56003130	56003287	56003403	TBC1D17	XM_034946790.3	+	1	56003130	56003287	156	2
NC_073269.2	56002971	56004279	1	1	+	NC_073269.2	56003287	56003403	56003800	56003886	TBC1D17	XM_034946790.3	+	1	56003403	56003800	396	2
NC_073269.2	56482063	56482537	2	1	+	NC_073269.2	56482145	56482277	56482359	56482472	POLD1	XM_003813619.5	+	2	56482277	56482359	81	4
NC_073269.2	56528269	56528827	2	1	+	NC_073269.2	56528270	56528429	56528631	56528767	MYBPC2	XM_034946532.3	+	2	56528429	56528631	201	1
NC_073269.2	56753209	56753842	-1	1	-	NC_073269.2	56753776	56753799	56753503	56753571	SHANK1	XM_034944348.3	-	1	56753571	56753776	204	3
NC_073269.2	56783406	56784108	-2	1	-	NC_073269.2	56783821	56784075	56783431	56783634	SHANK1	XM_034944348.3	-	2	56783634	56783821	186	4
NC_073269.2	5714676	5715099	1	1	+	NC_073269.2	5714677	5714752	5715008	5715058	PWWP3A	XM_034951823.4	+	1	5714752	5715008	255	7
NC_073269.2	57745838	57746231	3	1	+	NC_073269.2	57745861	57745938	57746068	57746177	SPACA6	XM_008966220.6	+	3	57745938	57746068	129	2
NC_073269.2	5799046	5799595	2	1	+	NC_073269.2	5799230	5799320	5799414	5799594	APC2	XM_055103243.2	+	2	5799320	5799414	93	5
NC_073269.2	5801106	5801784	1	1	+	NC_073269.2	5801157	5801265	5801392	5801508	APC2	XM_055103243.2	+	1	5801265	5801392	126	4
NC_073269.2	5801106	5801784	1	1	+	NC_073269.2	5801157	5801265	5801395	5801508	APC2	XM_055103244.2	+	1	5801265	5801395	129	1
NC_073269.2	5855646	5856591	-2	1	-	NC_073269.2	5856013	5856185	5855725	5855937	PCSK4	XM_055103250.2	-	2	5855937	5856013	75	8
NC_073269.2	5856655	5857171	-1	1	-	NC_073269.2	5856836	5856964	5856657	5856733	PCSK4	XM_055103250.2	-	1	5856733	5856836	102	8
NC_073269.2	59087456	59088380	-3	1	-	NC_073269.2	59088005	59088272	59087457	59087878	LOC134729645	XM_063600620.1	-	3	59087878	59088005	126	1
NC_073269.2	5984036	5984654	-3	1	-	NC_073269.2	5984436	5984594	5984231	5984354	TCF3	XM_034951776.3	-	3	5984354	5984436	81	19
NC_073269.2	5984036	5984654	-3	1	-	NC_073269.2	5984436	5984591	5984231	5984354	TCF3	XM_055103286.2	-	3	5984354	5984436	81	5
NC_073269.2	5986211	5987702	-3	1	-	NC_073269.2	5987364	5987533	5987147	5987279	TCF3	XM_034951776.3	-	3	5987279	5987364	84	24
NC_073269.2	5986211	5987702	-3	1	-	NC_073269.2	5987147	5987279	5986251	5986309	TCF3	XM_034951776.3	-	3	5986309	5987147	837	24
NC_073269.2	60112124	60112628	-3	1	-	NC_073269.2	60112485	60112554	60112185	60112403	TFPT	XM_003830160.6	-	3	60112403	60112485	81	3
NC_073269.2	60153592	60154213	2	1	+	NC_073269.2	60153617	60154004	60154089	60154212	CNOT3	XM_003830153.5	+	2	60154004	60154089	84	17
NC_073269.2	60222320	60222998	-3	1	-	NC_073269.2	60222878	60222915	60222594	60222646	LOC100991256	XM_034946400.3	-	3	60222646	60222878	231	2
NC_073269.2	60479430	60480327	1	1	+	NC_073269.2	60479527	60479656	60479738	60480327	LENG8	XM_034946375.3	+	1	60479656	60479738	81	8
NC_073269.2	60479430	60480327	1	1	+	NC_073269.2	60479527	60479656	60479738	60479945	LENG8	XM_034946379.3	+	1	60479656	60479738	81	6
NC_073269.2	60542545	60543019	2	1	+	NC_073269.2	60542568	60542714	60542790	60542873	LOC100992623	XM_063599707.1	+	2	60542714	60542790	75	1
NC_073269.2	60566535	60566922	1	1	+	NC_073269.2	60566573	60566625	60566734	60566922	LOC100992623	XM_063599707.1	+	1	60566625	60566734	108	1
NC_073269.2	60649516	60650425	2	1	+	NC_073269.2	60649596	60649898	60650217	60650267	LOC103783591	XM_034946392.3	+	2	60649898	60650217	318	7
NC_073269.2	60652773	60653475	1	1	+	NC_073269.2	60653095	60653253	60653332	60653475	LOC103783591	XM_034946392.3	+	1	60653253	60653332	78	3
NC_073269.2	60652773	60653475	1	1	+	NC_073269.2	60653098	60653253	60653332	60653475	LOC103783591	XM_034946393.3	+	1	60653253	60653332	78	4
NC_073269.2	60687228	60687906	1	1	+	NC_073269.2	60687550	60687708	60687787	60687906	LILRB4	XM_055103203.2	+	1	60687708	60687787	78	1
NC_073269.2	60687841	60688276	2	1	+	NC_073269.2	60687896	60688054	60688133	60688276	LILRB4	XM_055103196.2	+	2	60688054	60688133	78	1
NC_073269.2	60979915	60980293	2	1	+	NC_073269.2	60979935	60979987	60980087	60980293	LOC100986982	XM_063599676.1	+	2	60979987	60980087	99	7
NC_073269.2	60979915	60980293	2	1	+	NC_073269.2	60979935	60979987	60980153	60980293	LOC100986982	XM_063599681.1	+	2	60979987	60980153	165	1
NC_073269.2	61214364	61215000	1	1	+	NC_073269.2	61214365	61214491	61214684	61214772	EPS8L1	XM_003809897.5	+	1	61214491	61214684	192	6
NC_073269.2	61218929	61219469	3	1	+	NC_073269.2	61218972	61219098	61219294	61219468	EPS8L1	XM_003809897.5	+	3	61219098	61219294	195	6
NC_073269.2	61225262	61225601	-3	1	-	NC_073269.2	61225425	61225510	61225264	61225304	PPP1R12C	XM_034944330.3	-	3	61225304	61225425	120	1
NC_073269.2	61225262	61225601	-3	1	-	NC_073269.2	61225425	61225507	61225264	61225304	PPP1R12C	XM_034944331.3	-	3	61225304	61225425	120	1
NC_073269.2	61297575	61298193	-2	1	-	NC_073269.2	61298038	61298163	61297810	61297932	DNAAF3	XM_003807109.5	-	2	61297932	61298038	105	4
NC_073269.2	61431712	61432084	2	1	+	NC_073269.2	61431871	61431904	61431986	61432054	BRSK1	XM_034946835.4	+	2	61431904	61431986	81	2
NC_073269.2	6154894	6155611	-1	1	-	NC_073269.2	6155255	6155494	6154945	6155083	ATP8B3	XM_034945327.3	-	1	6155083	6155255	171	9
NC_073269.2	6159087	6160266	-2	1	-	NC_073269.2	6159667	6159766	6159138	6159504	ATP8B3	XM_034945327.3	-	2	6159504	6159667	162	9
NC_073269.2	61629712	61630966	2	1	+	NC_073269.2	61629762	61630070	61630290	61630403	SSC5D	XM_034946545.3	+	2	61630070	61630290	219	5
NC_073269.2	61629712	61630966	2	1	+	NC_073269.2	61630290	61630403	61630650	61630760	SSC5D	XM_034946545.3	+	2	61630403	61630650	246	5
NC_073269.2	6186644	6187016	-3	1	-	NC_073269.2	6186809	6186929	6186645	6186730	REXO1	XM_034944187.3	-	3	6186730	6186809	78	1
NC_073269.2	6187187	6188006	-3	1	-	NC_073269.2	6187803	6187913	6187282	6187397	REXO1	XM_034944187.3	-	3	6187397	6187803	405	1
NC_073269.2	62861329	62861764	2	1	+	NC_073269.2	62861330	62861456	62861574	62861669	ZNF470	XM_008962213.5	+	2	62861456	62861574	117	2
NC_073269.2	62861329	62861764	2	1	+	NC_073269.2	62861423	62861456	62861574	62861669	ZNF470	XM_014342906.4	+	2	62861456	62861574	117	3
NC_073269.2	6288470	6289151	3	1	+	NC_073269.2	6288562	6288690	6288994	6289150	SCAMP4	XM_055103304.3	+	3	6288690	6288994	303	1
NC_073269.2	6354748	6355495	2	1	+	NC_073269.2	6354792	6354832	6354929	6355237	CSNK1G2	XM_055103307.2	+	2	6354832	6354929	96	1
NC_073269.2	6354748	6355495	2	1	+	NC_073269.2	6354792	6354832	6354929	6354998	CSNK1G2	XM_055103308.3	+	2	6354832	6354929	96	3
NC_073269.2	6354748	6355495	2	1	+	NC_073269.2	6354929	6354998	6355089	6355237	CSNK1G2	XM_055103308.3	+	2	6354998	6355089	90	3
NC_073269.2	6363985	6365248	-1	1	-	NC_073269.2	6365027	6365114	6364691	6364837	BTBD2	XM_055103305.2	-	1	6364837	6365027	189	2
NC_073269.2	6422522	6423065	-3	1	-	NC_073269.2	6422814	6422869	6422634	6422729	MKNK2	XM_003819227.7	-	3	6422729	6422814	84	5
NC_073269.2	64253207	64253681	-3	1	-	NC_073269.2	64253540	64253660	64253327	64253431	C20H19orf18	XM_003816662.4	-	3	64253431	64253540	108	1
NC_073269.2	64775415	64775829	-2	1	-	NC_073269.2	64775683	64775813	64775416	64775589	SLC27A5	XM_003816626.4	-	2	64775589	64775683	93	1
NC_073269.2	64830970	64831474	2	1	+	NC_073269.2	64830999	64831111	64831337	64831469	TRIM28	XM_034944768.3	+	2	64831111	64831337	225	1
NC_073269.2	64833976	64834438	2	1	+	NC_073269.2	64834062	64834168	64834313	64834349	TRIM28	XM_034944768.3	+	2	64834168	64834313	144	1
NC_073269.2	64835522	64835912	3	1	+	NC_073269.2	64835523	64835609	64835721	64835858	TRIM28	XM_034944768.3	+	3	64835609	64835721	111	1
NC_073269.2	64837382	64837850	-3	1	-	NC_073269.2	64837639	64837769	64837490	64837551	CHMP2A	XM_003816640.7	-	3	64837551	64837639	87	2
NC_073269.2	6511106	6511457	-3	1	-	NC_073269.2	6511263	6511402	6511108	6511181	AP3D1	XM_034946369.3	-	3	6511181	6511263	81	2
NC_073269.2	6635601	6636816	1	1	+	NC_073269.2	6635711	6635870	6635961	6636816	AMH	XM_034946257.4	+	1	6635870	6635961	90	1
NC_073269.2	6818356	6819115	-1	1	-	NC_073269.2	6818853	6819073	6818384	6818663	LMNB2	XM_034945928.3	-	1	6818663	6818853	189	2
NC_073269.2	7603339	7603783	2	1	+	NC_073269.2	7603489	7603567	7603727	7603783	NCLN	XM_003819248.5	+	2	7603567	7603727	159	4
NC_073269.2	7931960	7932632	3	1	+	NC_073269.2	7932219	7932320	7932594	7932632	FZR1	XM_034945770.3	+	3	7932320	7932594	273	2
NC_073269.2	7931960	7932632	3	1	+	NC_073269.2	7932219	7932311	7932594	7932632	FZR1	XM_034945771.3	+	3	7932311	7932594	282	2
NC_073269.2	7944894	7945320	-2	1	-	NC_073269.2	7945195	7945287	7945012	7945104	MFSD12	XM_034945772.3	-	2	7945104	7945195	90	2
NC_073269.2	8148159	8148762	-2	1	-	NC_073269.2	8148520	8148690	8148208	8148420	APBA3	XM_003819249.6	-	2	8148420	8148520	99	1
NC_073269.2	8334704	8335790	3	1	+	NC_073269.2	8334777	8334825	8335633	8335789	NMRK2	XM_034945597.3	+	3	8334825	8335633	807	4
NC_073269.2	8432156	8434136	3	1	+	NC_073269.2	8432223	8433188	8433228	8434136	LOC134729588	XM_063599781.1	+	3	8433188	8433228	39	1
NC_073269.2	8434448	8435066	3	1	+	NC_073269.2	8434568	8434698	8434810	8435066	PIAS4	XM_003819270.7	+	3	8434698	8434810	111	2
NC_073269.2	8721601	8721961	2	1	+	NC_073269.2	8721669	8721757	8721854	8721961	FSD1	XM_003819276.5	+	2	8721757	8721854	96	3
NC_073269.2	8723484	8724090	-2	1	-	NC_073269.2	8723724	8723885	8723544	8723636	STAP2	XM_003819277.7	-	2	8723636	8723724	87	5
NC_073269.2	8752991	8753414	3	1	+	NC_073269.2	8753082	8753154	8753230	8753306	MPND	XM_034945477.3	+	3	8753154	8753230	75	3
NC_073269.2	8883729	8884035	1	1	+	NC_073269.2	8883754	8883870	8883952	8884023	HDGFL2	XM_034946518.3	+	1	8883870	8883952	81	4
NC_073269.2	8887904	8888573	3	1	+	NC_073269.2	8888020	8888095	8888204	8888513	HDGFL2	XM_034946518.3	+	3	8888095	8888204	108	4
NC_073269.2	8904472	8908177	-1	1	-	NC_073269.2	8906087	8908153	8904502	8905987	PLIN4	XM_063599789.1	-	1	8905987	8906087	99	1
NC_073269.2	9337331	9337784	3	1	+	NC_073269.2	9337349	9337472	9337560	9337667	UHRF1	XM_034944741.3	+	3	9337472	9337560	87	2
NC_073270.2	18510089	18510665	-2	1	-	NC_073270.2	18510456	18510548	18510291	18510374	RRBP1	XM_063601142.1	-	2	18510374	18510456	81	3
NC_073270.2	22222789	22223209	2	1	+	NC_073270.2	22222790	22222923	22223023	22223080	XRN2	XM_003810626.6	+	2	22222923	22223023	99	2
NC_073270.2	3652840	3653455	-3	1	-	NC_073270.2	3653300	3653335	3653072	3653152	IDH3B	XM_034946995.2	-	3	3653152	3653300	147	2
NC_073270.2	3738163	3738979	2	1	+	NC_073270.2	3738597	3738730	3738824	3738950	EBF4	XM_034946986.3	+	2	3738730	3738824	93	4
NC_073270.2	37527189	37527702	1	1	+	NC_073270.2	37527379	37527449	37527573	37527701	MYLK2	XM_003814759.4	+	1	37527449	37527573	123	1
NC_073270.2	3830709	3831183	1	1	+	NC_073270.2	3830813	3830910	3830998	3831126	VPS16	XM_008974758.5	+	1	3830910	3830998	87	1
NC_073270.2	3833289	3833817	1	1	+	NC_073270.2	3833350	3833481	3833578	3833705	VPS16	XM_008974758.5	+	1	3833481	3833578	96	1
NC_073270.2	38772267	38773248	1	1	+	NC_073270.2	38772287	38772349	38772740	38773247	BPIFB4	XM_034947355.3	+	1	38772349	38772740	390	1
NC_073270.2	4039412	4039940	3	1	+	NC_073270.2	4039602	4039803	4039888	4039940	OXT	XM_055104764.2	+	3	4039803	4039888	84	1
NC_073270.2	4050201	4050909	-1	1	-	NC_073270.2	4050543	4050744	4050202	4050371	AVP	XM_034947667.4	-	1	4050371	4050543	171	1
NC_073270.2	40587412	40587940	-3	1	-	NC_073270.2	40587776	40587903	40587513	40587601	GGT7	XM_034947568.3	-	3	40587601	40587776	174	3
NC_073270.2	40729208	40729709	3	1	+	NC_073270.2	40729296	40729472	40729563	40729708	MYH7B	XM_008957218.5	+	3	40729472	40729563	90	3
NC_073270.2	40734139	40734592	2	1	+	NC_073270.2	40734182	40734286	40734368	40734463	MYH7B	XM_008957218.5	+	2	40734286	40734368	81	3
NC_073270.2	41333076	41333349	-1	1	-	NC_073270.2	41333263	41333325	41333097	41333181	LOC103783902	XM_034947140.3	-	1	41333181	41333263	81	1
NC_073270.2	41333502	41334024	-1	1	-	NC_073270.2	41333833	41333893	41333584	41333715	LOC103783902	XM_034947140.3	-	1	41333715	41333833	117	1
NC_073270.2	4197312	4197897	-1	1	-	NC_073270.2	4197780	4197873	4197546	4197671	SLC4A11	XM_008974774.5	-	1	4197671	4197780	108	26
NC_073270.2	4197312	4197897	-1	1	-	NC_073270.2	4197546	4197671	4197345	4197458	SLC4A11	XM_008974774.5	-	1	4197458	4197546	87	26
NC_073270.2	4624008	4624665	-1	1	-	NC_073270.2	4624268	4624613	4624077	4624186	GFRA4	XM_034947160.2	-	1	4624186	4624268	81	1
NC_073270.2	50940537	50942433	1	1	+	NC_073270.2	50940587	50941600	50942132	50942433	SEMG1	XM_034947443.2	+	1	50941600	50942132	531	1
NC_073270.2	51034658	51035084	-2	1	-	NC_073270.2	51034940	51035062	51034721	51034843	MATN4	XM_008951337.4	-	2	51034843	51034940	96	3
NC_073270.2	51154176	51155079	1	1	+	NC_073270.2	51154251	51154378	51154694	51154794	PIGT	XM_008951354.5	+	1	51154378	51154694	315	2
NC_073270.2	51557330	51557927	3	1	+	NC_073270.2	51557376	51557580	51557689	51557748	UBE2C	XM_003825980.5	+	3	51557580	51557689	108	1
NC_073270.2	51643589	51644075	-2	1	-	NC_073270.2	51643764	51643928	51643591	51643658	PLTP	XM_008951377.6	-	2	51643658	51643764	105	3
NC_073270.2	51687384	51687792	1	1	+	NC_073270.2	51687436	51687522	51687607	51687791	PCIF1	XM_003825996.6	+	1	51687522	51687607	84	2
NC_073270.2	51690523	51690829	-3	1	-	NC_073270.2	51690737	51690802	51690574	51690655	ZNF335	XM_003825994.6	-	3	51690655	51690737	81	3
NC_073270.2	51702086	51702437	-2	1	-	NC_073270.2	51702321	51702437	51702154	51702230	ZNF335	XM_003825994.6	-	2	51702230	51702321	90	7
NC_073270.2	51783485	51783806	3	1	+	NC_073270.2	51783505	51783603	51783748	51783805	SLC12A5	XM_003825997.7	+	3	51783603	51783748	144	2
NC_073270.2	51796922	51797465	3	1	+	NC_073270.2	51797033	51797166	51797377	51797465	SLC12A5	XM_003825997.7	+	3	51797166	51797377	210	2
NC_073270.2	51868159	51868420	2	1	+	NC_073270.2	51868191	51868277	51868380	51868408	CD40	XM_003826000.8	+	2	51868277	51868380	102	2
NC_073270.2	51868159	51868420	2	1	+	NC_073270.2	51868191	51868289	51868380	51868408	CD40	XM_034947136.4	+	2	51868289	51868380	90	2
NC_073270.2	51926338	51926980	-3	1	-	NC_073270.2	51926825	51926946	51926587	51926704	CDH22	XM_034947215.3	-	3	51926704	51926825	120	2
NC_073270.2	56357337	56357715	-1	1	-	NC_073270.2	56357563	56357688	56357339	56357484	RIPOR3	XM_008968198.4	-	1	56357484	56357563	78	9
NC_073270.2	62381731	62382433	2	1	+	NC_073270.2	62381777	62382262	62382377	62382428	TFAP2C	XM_003806157.6	+	2	62382262	62382377	114	2
NC_073270.2	63314000	63314738	3	1	+	NC_073270.2	63314188	63314391	63314521	63314708	PCK1	XM_003806166.5	+	3	63314391	63314521	129	1
NC_073270.2	68088444	68089005	1	1	+	NC_073270.2	68088467	68088624	68088814	68088916	ADRM1	XM_003810820.6	+	1	68088624	68088814	189	2
NC_073270.2	68091717	68092224	-1	1	-	NC_073270.2	68091958	68092093	68091719	68091864	LAMA5	XM_055104919.2	-	1	68091864	68091958	93	1
NC_073270.2	68091717	68092224	-1	1	-	NC_073270.2	68091943	68092093	68091719	68091864	LAMA5	XM_063601132.1	-	1	68091864	68091943	78	2
NC_073270.2	68096659	68097478	-3	1	-	NC_073270.2	68097176	68097317	68096965	68097067	LAMA5	XM_055104919.2	-	3	68097067	68097176	108	3
NC_073270.2	68097544	68098414	-3	1	-	NC_073270.2	68097959	68098075	68097639	68097793	LAMA5	XM_055104919.2	-	3	68097793	68097959	165	3
NC_073270.2	68102629	68103181	-3	1	-	NC_073270.2	68102936	68103087	68102756	68102866	LAMA5	XM_055104919.2	-	3	68102866	68102936	69	3
NC_073270.2	68117082	68117520	-1	1	-	NC_073270.2	68117389	68117441	68117193	68117298	LAMA5	XM_055104919.2	-	1	68117298	68117389	90	3
NC_073270.2	69363814	69364393	-3	1	-	NC_073270.2	69364147	69364303	69363904	69364071	HELZ2	XM_024926824.4	-	3	69364071	69364147	75	2
NC_073270.2	69365713	69366499	-3	1	-	NC_073270.2	69366049	69366359	69365800	69365961	HELZ2	XM_024926824.4	-	3	69365961	69366049	87	1
NC_073270.2	69365713	69366499	-3	1	-	NC_073270.2	69366265	69366359	69366049	69366180	HELZ2	XM_034952091.3	-	3	69366180	69366265	84	3
NC_073270.2	69365713	69366499	-3	1	-	NC_073270.2	69366049	69366180	69365800	69365961	HELZ2	XM_034952091.3	-	3	69365961	69366049	87	3
NC_073270.2	69465454	69466417	2	1	+	NC_073270.2	69465808	69465889	69466091	69466151	RTEL1	XM_034952096.3	+	2	69465889	69466091	201	9
NC_073270.2	69483974	69484211	3	1	+	NC_073270.2	69484009	69484047	69484132	69484210	RTEL1	XM_034952096.3	+	3	69484047	69484132	84	9
NC_073270.2	69495873	69496770	1	1	+	NC_073270.2	69496015	69496165	69496529	69496671	RTEL1	XM_034952096.3	+	1	69496165	69496529	363	9
NC_073270.2	69500013	69500673	1	1	+	NC_073270.2	69500192	69500429	69500517	69500672	RTEL1	XM_055104575.2	+	1	69500429	69500517	87	6
NC_073270.2	69500732	69501233	3	1	+	NC_073270.2	69500779	69500931	69501229	69501233	RTEL1	XM_034952098.3	+	3	69500931	69501229	297	1
NC_073270.2	69506802	69507378	-1	1	-	NC_073270.2	69507282	69507350	69506803	69507107	ARFRP1	XM_034952111.3	-	1	69507107	69507282	174	4
NC_073270.2	69506802	69507378	-1	1	-	NC_073270.2	69507282	69507347	69506803	69507107	ARFRP1	XM_034952114.3	-	1	69507107	69507282	174	1
NC_073270.2	69541055	69542009	3	1	+	NC_073270.2	69541195	69541314	69541528	69541933	ZGPAT	XM_003809919.4	+	3	69541314	69541528	213	6
NC_073270.2	69541055	69542009	3	1	+	NC_073270.2	69541135	69541314	69541528	69541933	ZGPAT	XM_008962287.3	+	3	69541314	69541528	213	5
NC_073270.2	69543687	69544416	1	1	+	NC_073270.2	69544176	69544257	69544363	69544415	LIME1	XM_014343122.4	+	1	69544257	69544363	105	1
NC_073270.2	69544261	69545212	2	1	+	NC_073270.2	69544328	69544415	69544536	69544852	LIME1	XM_003809923.6	+	2	69544415	69544536	120	2
NC_073270.2	69548443	69549019	2	1	+	NC_073270.2	69548465	69548565	69548650	69548929	SLC2A4RG	XM_034952106.3	+	2	69548565	69548650	84	1
NC_073270.2	69549012	69549300	1	1	+	NC_073270.2	69549013	69549104	69549192	69549300	SLC2A4RG	XM_034952106.3	+	1	69549104	69549192	87	1
NC_073270.2	69752022	69752346	-1	1	-	NC_073270.2	69752190	69752346	69752023	69752099	UCKL1	XM_003809929.4	-	1	69752099	69752190	90	11
NC_073270.2	69752369	69752981	-2	1	-	NC_073270.2	69752634	69752756	69752418	69752525	UCKL1	XM_003809929.4	-	2	69752525	69752634	108	11
NC_073270.2	69752775	69753189	-1	1	-	NC_073270.2	69752990	69753083	69752857	69752896	UCKL1	XM_034952138.3	-	1	69752896	69752990	93	2
NC_073270.2	69756669	69757431	-1	1	-	NC_073270.2	69756945	69757134	69756796	69756857	UCKL1	XM_003809929.4	-	1	69756857	69756945	87	16
NC_073270.2	69756669	69757431	-1	1	-	NC_073270.2	69756945	69757134	69756787	69756857	UCKL1	XM_063601167.1	-	1	69756857	69756945	87	1
NC_073270.2	69781495	69782293	-3	1	-	NC_073270.2	69782165	69782227	69781532	69781630	ZNF512B	XM_034952134.3	-	3	69781630	69782165	534	4
NC_073270.2	69783762	69784218	-1	1	-	NC_073270.2	69784012	69784136	69783841	69783933	ZNF512B	XM_034952134.3	-	1	69783933	69784012	78	4
NC_073270.2	69784129	69784708	-3	1	-	NC_073270.2	69784543	69784614	69784294	69784440	ZNF512B	XM_034952134.3	-	3	69784440	69784543	102	4
NC_073270.2	69813869	69814682	3	1	+	NC_073270.2	69813915	69814091	69814326	69814481	PRPF6	XM_055104965.1	+	3	69814091	69814326	234	1
NC_073270.2	69855394	69856138	2	1	+	NC_073270.2	69855536	69855811	69855905	69856057	C21H20orf204	XM_034952155.3	+	2	69855811	69855905	93	1
NC_073270.2	69865769	69867350	-2	1	-	NC_073270.2	69866759	69867116	69865770	69866563	SOX18	XM_034952159.3	-	2	69866563	69866759	195	1
NC_073270.2	70046486	70046882	3	1	+	NC_073270.2	70046618	70046680	70046798	70046866	MYT1	XM_034952122.3	+	3	70046680	70046798	117	3
NC_073271.2	29622335	29622743	-2	1	-	NC_073271.2	29622621	29622736	29622336	29622524	GART	XM_003823976.6	-	2	29622524	29622621	96	8
NC_073271.2	38548624	38549044	-3	1	-	NC_073271.2	38548895	38549008	38548687	38548792	RSPH1	XM_003823879.5	-	3	38548792	38548895	102	1
NC_073271.2	38792981	38793410	3	1	+	NC_073271.2	38793043	38793222	38793343	38793397	PDE9A	XM_003823868.5	+	3	38793222	38793343	120	3
NC_073271.2	39430682	39434030	-2	1	-	NC_073271.2	39433967	39434030	39433631	39433792	SIK1	XM_034947872.3	-	2	39433792	39433967	174	2
NC_073271.2	39430682	39434030	-2	1	-	NC_073271.2	39433631	39433792	39430848	39430972	SIK1	XM_034947872.3	-	2	39430972	39433631	2658	2
NC_073271.2	40619867	40620965	3	1	+	NC_073271.2	40620090	40620455	40620537	40620965	LOC100989520	XM_008977543.4	+	3	40620455	40620537	81	1
NC_073271.2	40619867	40620965	3	1	+	NC_073271.2	40620090	40620410	40620537	40620965	LOC100989520	XM_034948291.2	+	3	40620410	40620537	126	1
NC_073271.2	40625680	40627045	-3	1	-	NC_073271.2	40626206	40626511	40625681	40626109	LOC100987601	XM_034948293.3	-	3	40626109	40626206	96	1
NC_073271.2	40625680	40627045	-3	1	-	NC_073271.2	40626266	40626439	40625681	40626154	LOC100987601	XM_055105141.2	-	3	40626154	40626266	111	1
NC_073271.2	40625680	40627045	-3	1	-	NC_073271.2	40626266	40626511	40626071	40626154	LOC100987601	XM_063601405.1	-	3	40626154	40626266	111	1
NC_073271.2	40625680	40627045	-3	1	-	NC_073271.2	40626071	40626154	40625681	40625983	LOC100987601	XM_063601405.1	-	3	40625983	40626071	87	1
NC_073271.2	41345094	41345907	-1	1	-	NC_073271.2	41345628	41345878	41345223	41345282	POFUT2	XM_063601361.1	-	1	41345282	41345628	345	2
NC_073271.2	41360830	41361484	-3	1	-	NC_073271.2	41361364	41361475	41361197	41361282	LOC134729729	XM_063601331.1	-	3	41361282	41361364	81	1
NC_073271.2	41565099	41566437	1	1	+	NC_073271.2	41565124	41565159	41565514	41565603	COL18A1	XM_034947942.3	+	1	41565159	41565514	354	10
NC_073271.2	42082941	42083715	1	1	+	NC_073271.2	42083082	42083241	42083500	42083628	COL6A1	XM_034947880.3	+	1	42083241	42083500	258	1
NC_073271.2	42095574	42096129	1	1	+	NC_073271.2	42095575	42095640	42096079	42096114	COL6A1	XM_034947880.3	+	1	42095640	42096079	438	1
NC_073271.2	42226046	42227159	3	1	+	NC_073271.2	42226074	42226136	42226386	42226421	COL6A2	XM_034948259.4	+	3	42226136	42226386	249	2
NC_073271.2	42226046	42227159	3	1	+	NC_073271.2	42226386	42226421	42226767	42226812	COL6A2	XM_034948259.4	+	3	42226421	42226767	345	2
NC_073271.2	42226924	42227776	2	1	+	NC_073271.2	42226947	42227099	42227268	42227720	COL6A2	XM_034948259.4	+	2	42227099	42227268	168	2
NC_073271.2	42246416	42247211	-2	1	-	NC_073271.2	42246924	42247053	42246483	42246644	FTCD	XM_063601350.1	-	2	42246644	42246924	279	2
NC_073271.2	42496920	42497964	1	1	+	NC_073271.2	42497030	42497259	42497779	42497895	PCNT	XM_055105153.2	+	1	42497259	42497779	519	7
NC_073272.2	101085240	101092656	1	1	+	NC_073272.2	101085293	101090856	101091217	101092656	ARMCX4	XM_034950273.3	+	1	101090856	101091217	360	1
NC_073272.2	101922621	101923368	1	1	+	NC_073272.2	101922778	101922858	101923045	101923114	LOC100978865	XM_055106295.2	+	1	101922858	101923045	186	4
NC_073272.2	101922621	101923368	1	1	+	NC_073272.2	101923045	101923114	101923271	101923359	LOC100978865	XM_055106295.2	+	1	101923114	101923271	156	4
NC_073272.2	101978714	101979461	-1	1	-	NC_073272.2	101979225	101979305	101978969	101979038	LOC129395270	XM_055106313.2	-	1	101979038	101979225	186	4
NC_073272.2	101978714	101979461	-1	1	-	NC_073272.2	101978969	101979038	101978724	101978812	LOC129395270	XM_055106313.2	-	1	101978812	101978969	156	4
NC_073272.2	103240745	103241324	3	1	+	NC_073272.2	103240755	103240811	103240986	103241299	TCEAL1	XM_063601987.1	+	3	103240811	103240986	174	1
NC_073272.2	108060681	108060906	1	1	+	NC_073272.2	108060682	108060717	108060808	108060849	COL4A5	XM_034949958.2	+	1	108060717	108060808	90	1
NC_073272.2	110048489	110049425	3	1	+	NC_073272.2	110048636	110048727	110048815	110048977	LOC129395233	XM_055106210.1	+	3	110048727	110048815	87	1
NC_073272.2	110048602	110049664	2	1	+	NC_073272.2	110049097	110049154	110049350	110049664	LOC129395233	XM_055106210.1	+	2	110049154	110049350	195	1
NC_073272.2	122585492	122585783	-1	1	-	NC_073272.2	122585692	122585694	122585493	122585631	LOC100967471	XM_024927288.3	-	1	122585631	122585692	60	1
NC_073272.2	132730950	132731568	-3	1	-	NC_073272.2	132731398	132731528	132731146	132731292	GPC4	XM_003814499.6	-	3	132731292	132731398	105	1
NC_073272.2	148849888	148850533	2	1	+	NC_073272.2	148850013	148850145	148850413	148850528	LOC100969417	XM_008974292.6	+	2	148850145	148850413	267	4
NC_073272.2	149060078	149060723	3	1	+	NC_073272.2	149060203	149060335	149060603	149060718	LOC117974216	XM_034951032.3	+	3	149060335	149060603	267	4
NC_073272.2	149271107	149271752	3	1	+	NC_073272.2	149271232	149271364	149271632	149271747	LOC129392977	XM_055106153.2	+	3	149271364	149271632	267	4
NC_073272.2	149848667	149849312	-1	1	-	NC_073272.2	149849056	149849188	149848673	149848788	LOC129392930	XM_055106127.2	-	1	149848788	149849056	267	4
NC_073272.2	15098953	15100072	-2	1	-	NC_073272.2	15099785	15100033	15098954	15099520	ATXN3L	XM_008973934.2	-	2	15099520	15099785	264	1
NC_073272.2	152978402	152978771	3	1	+	NC_073272.2	152978427	152978460	152978647	152978770	ZNF185	XM_008965811.4	+	3	152978460	152978647	186	6
NC_073272.2	153596417	153596888	3	1	+	NC_073272.2	153596418	153596597	153596700	153596787	ATP2B3	XM_034950377.3	+	3	153596597	153596700	102	12
NC_073272.2	153713163	153713571	-3	1	-	NC_073272.2	153713376	153713424	153713165	153713234	PNCK	XM_003804843.3	-	3	153713234	153713376	141	1
NC_073272.2	153811355	153811739	3	1	+	NC_073272.2	153811374	153811499	153811581	153811697	PLXNB3	XM_003804837.5	+	3	153811499	153811581	81	13
NC_073272.2	153814461	153815232	1	1	+	NC_073272.2	153814519	153814758	153814846	153815004	PLXNB3	XM_003804837.5	+	1	153814758	153814846	87	13
NC_073272.2	153814461	153815232	1	1	+	NC_073272.2	153814846	153815004	153815080	153815231	PLXNB3	XM_003804837.5	+	1	153815004	153815080	75	13
NC_073272.2	153817884	153818430	1	1	+	NC_073272.2	153817907	153818079	153818227	153818387	PLXNB3	XM_003804837.5	+	1	153818079	153818227	147	10
NC_073272.2	153818332	153819073	2	1	+	NC_073272.2	153818647	153818794	153818960	153819024	PLXNB3	XM_003804837.5	+	2	153818794	153818960	165	10
NC_073272.2	153819080	153819725	3	1	+	NC_073272.2	153819095	153819170	153819300	153819374	PLXNB3	XM_003804837.5	+	3	153819170	153819300	129	8
NC_073272.2	153819080	153819725	3	1	+	NC_073272.2	153819300	153819374	153819513	153819725	PLXNB3	XM_034949582.3	+	3	153819374	153819513	138	4
NC_073272.2	153819080	153819725	3	1	+	NC_073272.2	153819095	153819170	153819300	153819361	PLXNB3	XM_034949583.3	+	3	153819170	153819300	129	2
NC_073272.2	153819080	153819725	3	1	+	NC_073272.2	153819300	153819361	153819635	153819725	PLXNB3	XM_034949583.3	+	3	153819361	153819635	273	2
NC_073272.2	153821790	153822315	1	1	+	NC_073272.2	153821916	153822046	153822206	153822314	SRPK3	XM_003804841.6	+	1	153822046	153822206	159	2
NC_073272.2	153823430	153824111	3	1	+	NC_073272.2	153823644	153823809	153823915	153823940	SRPK3	XM_003804841.6	+	3	153823809	153823915	105	2
NC_073272.2	153825682	153826192	2	1	+	NC_073272.2	153825756	153825848	153826011	153826192	SRPK3	XM_003804841.6	+	2	153825848	153826011	162	2
NC_073272.2	153904654	153905362	-2	1	-	NC_073272.2	153905110	153905265	153904663	153904797	L1CAM	XM_063601745.1	-	2	153904797	153905110	312	1
NC_073272.2	153905594	153906284	-1	1	-	NC_073272.2	153905876	153905998	153905609	153905782	L1CAM	XM_063601745.1	-	1	153905782	153905876	93	1
NC_073272.2	153908058	153908754	-3	1	-	NC_073272.2	153908568	153908678	153908124	153908321	L1CAM	XM_063601745.1	-	3	153908321	153908568	246	1
NC_073272.2	153909068	153909581	-1	1	-	NC_073272.2	153909329	153909495	153909070	153909226	L1CAM	XM_063601745.1	-	1	153909226	153909329	102	1
NC_073272.2	153911485	153912088	-2	1	-	NC_073272.2	153911830	153911952	153911563	153911733	L1CAM	XM_063601745.1	-	2	153911733	153911830	96	1
NC_073272.2	153954509	153955001	-1	1	-	NC_073272.2	153954782	153954855	153954511	153954694	ARHGAP4	XM_003804827.3	-	1	153954694	153954782	87	5
NC_073272.2	153955456	153956011	-2	1	-	NC_073272.2	153955900	153955960	153955693	153955770	ARHGAP4	XM_003804827.3	-	2	153955770	153955900	129	5
NC_073272.2	153955456	153956011	-2	1	-	NC_073272.2	153955693	153955770	153955471	153955605	ARHGAP4	XM_003804827.3	-	2	153955605	153955693	87	5
NC_073272.2	153957932	153958670	-1	1	-	NC_073272.2	153958545	153958646	153958176	153958367	ARHGAP4	XM_003804827.3	-	1	153958367	153958545	177	4
NC_073272.2	153980102	153980426	-1	1	-	NC_073272.2	153980315	153980402	153980103	153980230	RENBP	XM_003804823.5	-	1	153980230	153980315	84	4
NC_073272.2	154059408	154060110	-3	1	-	NC_073272.2	154059939	154060074	154059693	154059860	IRAK1	XM_034949721.4	-	3	154059860	154059939	78	3
NC_073272.2	154059408	154060110	-3	1	-	NC_073272.2	154059693	154059860	154059459	154059590	IRAK1	XM_034949721.4	-	3	154059590	154059693	102	3
NC_073272.2	154059408	154060110	-3	1	-	NC_073272.2	154059693	154060074	154059459	154059590	IRAK1	XM_034949722.3	-	3	154059590	154059693	102	1
NC_073272.2	154326229	154326652	-2	1	-	NC_073272.2	154326529	154326633	154326304	154326381	EMD	XM_003804719.5	-	2	154326381	154326529	147	1
NC_073272.2	154344069	154344663	1	1	+	NC_073272.2	154344112	154344202	154344296	154344465	FLNA	XM_003804718.5	+	1	154344202	154344296	93	2
NC_073272.2	154353716	154354580	3	1	+	NC_073272.2	154353751	154353873	154353979	154354245	FLNA	XM_003804718.5	+	3	154353873	154353979	105	2
NC_073272.2	154353716	154354580	3	1	+	NC_073272.2	154353979	154354245	154354405	154354542	FLNA	XM_003804718.5	+	3	154354245	154354405	159	2
NC_073272.2	154394332	154394677	2	1	+	NC_073272.2	154394430	154394492	154394610	154394662	TAFAZZIN	XM_003806338.6	+	2	154394492	154394610	117	9
NC_073272.2	154440524	154441277	3	1	+	NC_073272.2	154440542	154440662	154440768	154440904	PLXNA3	XM_034949491.3	+	3	154440662	154440768	105	6
NC_073272.2	154441428	154441914	1	1	+	NC_073272.2	154441449	154441542	154441624	154441863	PLXNA3	XM_034949491.3	+	1	154441542	154441624	81	6
NC_073272.2	154441861	154442398	2	1	+	NC_073272.2	154441937	154442080	154442159	154442393	PLXNA3	XM_034949491.3	+	2	154442080	154442159	78	6
NC_073272.2	154441917	154443051	1	1	+	NC_073272.2	154442474	154442616	154442695	154442951	PLXNA3	XM_034949491.3	+	1	154442616	154442695	78	6
NC_073272.2	154442620	154443496	2	1	+	NC_073272.2	154443055	154443121	154443215	154443361	PLXNA3	XM_034949491.3	+	2	154443121	154443215	93	6
NC_073272.2	154501	156277	-2	1	-	NC_073272.2	156008	156110	154730	154804	LOC117977740	XM_055106400.2	-	2	154804	156008	1203	2
NC_073272.2	154508055	154508502	-3	1	-	NC_073272.2	154508288	154508446	154508057	154508182	G6PD	XM_003806356.5	-	3	154508182	154508288	105	2
NC_073272.2	154508055	154508502	-3	1	-	NC_073272.2	154508288	154508449	154508057	154508182	G6PD	XM_008952855.4	-	3	154508182	154508288	105	2
NC_073272.2	156119414	156120323	3	1	+	NC_073272.2	156119520	156119564	156119895	156120223	LOC130541155	XM_057301052.2	+	3	156119564	156119895	330	1
NC_073272.2	19547992	19548625	2	1	+	NC_073272.2	19547999	19548257	19548399	19548512	SCML1	XM_008972927.3	+	2	19548257	19548399	141	3
NC_073272.2	20702951	20703737	-1	1	-	NC_073272.2	20703279	20703357	20703038	20703167	PHKA2	XM_003819542.6	-	1	20703167	20703279	111	4
NC_073272.2	25584909	25585401	1	1	+	NC_073272.2	25584973	25585024	25585115	25585198	SAT1	XM_003819574.6	+	1	25585024	25585115	90	1
NC_073272.2	48807289	48807871	2	1	+	NC_073272.2	48807348	48807508	48807680	48807777	RBM10	XM_003809667.5	+	2	48807508	48807680	171	2
NC_073272.2	48807289	48807871	2	1	+	NC_073272.2	48807348	48807505	48807680	48807777	RBM10	XM_008961945.3	+	2	48807505	48807680	174	2
NC_073272.2	48808381	48809335	2	1	+	NC_073272.2	48808679	48808865	48808971	48809110	RBM10	XM_003809667.5	+	2	48808865	48808971	105	4
NC_073272.2	48808381	48809335	2	1	+	NC_073272.2	48808971	48809110	48809213	48809330	RBM10	XM_003809667.5	+	2	48809110	48809213	102	4
NC_073272.2	48826640	48827132	3	1	+	NC_073272.2	48826649	48826817	48826920	48827054	UBA1	XM_003809664.5	+	3	48826817	48826920	102	4
NC_073272.2	48828509	48829115	3	1	+	NC_073272.2	48828713	48828803	48828915	48829047	UBA1	XM_003809664.5	+	3	48828803	48828915	111	4
NC_073272.2	48852032	48852317	3	1	+	NC_073272.2	48852033	48852158	48852249	48852305	CDK16	XM_003809668.4	+	3	48852158	48852249	90	8
NC_073272.2	49083566	49084124	-1	1	-	NC_073272.2	49083923	49084049	49083572	49083667	ZNF41	XM_003812136.7	-	1	49083667	49083923	255	5
NC_073272.2	49083566	49084124	-1	1	-	NC_073272.2	49083923	49084089	49083572	49083667	ZNF41	XM_008964535.6	-	1	49083667	49083923	255	8
NC_073272.2	49083566	49084124	-1	1	-	NC_073272.2	49083923	49084065	49083572	49083667	ZNF41	XM_024927304.4	-	1	49083667	49083923	255	6
NC_073272.2	49970921	49971368	3	1	+	NC_073272.2	49970923	49971026	49971117	49971368	FTSJ1	XM_034949461.3	+	3	49971026	49971117	90	2
NC_073272.2	49970921	49971368	3	1	+	NC_073272.2	49970929	49971026	49971117	49971368	FTSJ1	XM_063601615.1	+	3	49971026	49971117	90	1
NC_073272.2	49970921	49971368	3	1	+	NC_073272.2	49970923	49971026	49971117	49971314	FTSJ1	XM_063601616.1	+	3	49971026	49971117	90	1
NC_073272.2	49970921	49971368	3	1	+	NC_073272.2	49970929	49971026	49971117	49971314	FTSJ1	XM_063601617.1	+	3	49971026	49971117	90	1
NC_073272.2	50002933	50003467	2	1	+	NC_073272.2	50003047	50003172	50003332	50003432	PORCN	XM_014343442.4	+	2	50003172	50003332	159	8
NC_073272.2	50004463	50004841	2	1	+	NC_073272.2	50004528	50004604	50004701	50004764	PORCN	XM_014343442.4	+	2	50004604	50004701	96	9
NC_073272.2	50048037	50049852	1	1	+	NC_073272.2	50048038	50048226	50048494	50049852	TBC1D25	XM_003807213.5	+	1	50048226	50048494	267	2
NC_073272.2	50305257	50305857	1	1	+	NC_073272.2	50305287	50305415	50305611	50305779	HDAC6	XM_003807223.5	+	1	50305415	50305611	195	10
NC_073272.2	50456050	50456623	-2	1	-	NC_073272.2	50456435	50456597	50456252	50456335	KCND1	XM_014343431.4	-	2	50456335	50456435	99	3
NC_073272.2	50456050	50456623	-2	1	-	NC_073272.2	50456252	50456335	50456069	50456167	KCND1	XM_014343431.4	-	2	50456167	50456252	84	3
NC_073272.2	50471031	50471580	-3	1	-	NC_073272.2	50471422	50471517	50471242	50471298	GRIPAP1	XM_003807239.4	-	3	50471298	50471422	123	4
NC_073272.2	50477367	50478042	-3	1	-	NC_073272.2	50477941	50478018	50477629	50477721	GRIPAP1	XM_003807239.4	-	3	50477721	50477941	219	4
NC_073272.2	50656342	50657140	2	1	+	NC_073272.2	50656469	50656696	50656796	50656967	MAGIX	XM_055106869.3	+	2	50656696	50656796	99	2
NC_073272.2	50656342	50657140	2	1	+	NC_073272.2	50656367	50656696	50656796	50656967	MAGIX	XM_055106871.2	+	2	50656696	50656796	99	1
NC_073272.2	50714100	50714844	-3	1	-	NC_073272.2	50714509	50714716	50714298	50714418	CACNA1F	XM_055106798.1	-	3	50714418	50714509	90	3
NC_073272.2	50714100	50714844	-3	1	-	NC_073272.2	50714298	50714418	50714102	50714183	CACNA1F	XM_055106798.1	-	3	50714183	50714298	114	3
NC_073272.2	50719570	50720026	-2	1	-	NC_073272.2	50719787	50719983	50719572	50719675	CACNA1F	XM_055106798.1	-	2	50719675	50719787	111	3
NC_073272.2	50734834	50735452	2	1	+	NC_073272.2	50735063	50735129	50735229	50735407	CCDC22	XM_003807258.5	+	2	50735129	50735229	99	2
NC_073272.2	50740885	50741755	2	1	+	NC_073272.2	50741078	50741173	50741420	50741479	CCDC22	XM_003807258.5	+	2	50741173	50741420	246	2
NC_073272.2	50743246	50743723	-2	1	-	NC_073272.2	50743574	50743675	50743247	50743393	FOXP3	XM_003807260.6	-	2	50743393	50743574	180	1
NC_073272.2	50748622	50749081	-2	1	-	NC_073272.2	50748798	50748885	50748624	50748728	FOXP3	XM_003807260.6	-	2	50748728	50748798	69	1
NC_073272.2	54480864	54481287	1	1	+	NC_073272.2	54480898	54480975	54481108	54481219	TSPYL2	XM_003805904.4	+	1	54480975	54481108	132	2
NC_073272.2	55832672	55833212	3	1	+	NC_073272.2	55832673	55832849	55833081	55833212	TSR2	XM_003807158.6	+	3	55832849	55833081	231	1
NC_073272.2	55832672	55833212	3	1	+	NC_073272.2	55832694	55832849	55833081	55833212	TSR2	XM_034950416.3	+	3	55832849	55833081	231	1
NC_073272.2	56198673	56199216	1	1	+	NC_073272.2	56198695	56199003	56199124	56199187	MAGED2	XM_008959216.4	+	1	56199003	56199124	120	6
NC_073272.2	56200791	56201148	1	1	+	NC_073272.2	56200818	56200897	56200991	56201033	MAGED2	XM_008959216.4	+	1	56200897	56200991	93	6
NC_073272.2	56320516	56320972	2	1	+	NC_073272.2	56320622	56320726	56320841	56320904	TRO	XM_014343462.4	+	2	56320726	56320841	114	6
NC_073272.2	56322551	56322911	3	1	+	NC_073272.2	56322581	56322660	56322754	56322796	TRO	XM_014343462.4	+	3	56322660	56322754	93	6
NC_073272.2	68375086	68375593	2	1	+	NC_073272.2	68375119	68375295	68375479	68375593	STARD8	XM_008970005.5	+	2	68375295	68375479	183	3
NC_073272.2	69916833	69917550	1	1	+	NC_073272.2	69916998	69917197	69917399	69917550	AWAT1	XM_003820166.5	+	1	69917197	69917399	201	1
NC_073272.2	70109520	70109781	1	1	+	NC_073272.2	70109610	70109638	70109732	70109781	GDPD2	XM_003820156.4	+	1	70109638	70109732	93	4
NC_073272.2	70783918	70784338	-2	1	-	NC_073272.2	70784299	70784323	70784107	70784193	CXHXorf65	XM_034949774.3	-	2	70784193	70784299	105	1
NC_073272.2	70814970	70815366	1	1	+	NC_073272.2	70814971	70815048	70815139	70815356	MED12	XM_003820143.8	+	1	70815048	70815139	90	7
NC_073272.2	70814970	70815366	1	1	+	NC_073272.2	70814971	70815048	70815139	70815193	MED12	XM_008973561.5	+	1	70815048	70815139	90	3
NC_073272.2	70814970	70815366	1	1	+	NC_073272.2	70815139	70815193	70815269	70815356	MED12	XM_008973561.5	+	1	70815193	70815269	75	3
NC_073272.2	70814970	70815366	1	1	+	NC_073272.2	70814974	70815048	70815139	70815356	MED12	XM_034950177.4	+	1	70815048	70815139	90	1
NC_073273.2	36552236	36553073	3	1	+	NC_073273.2	36552364	36552375	36552688	36553073	LOC129395510	XM_055106941.1	+	3	36552375	36552688	312	1
NC_073273.2	38075161	38075701	-1	1	-	NC_073273.2	38075560	38075676	38075163	38075304	LOC129395506	XM_055106938.2	-	1	38075304	38075560	255	1
NC_073273.2	46829856	46831671	1	1	+	NC_073273.2	46830024	46830126	46831369	46831443	LOC117977740	XM_055107040.2	+	1	46830126	46831369	1242	2
NC_085926.1	117791337	117792072	1	1	+	NC_085926.1	117791598	117791740	117791942	117792058	NR1I2	XM_055110334.1	+	1	117791740	117791942	201	2
NC_085926.1	120668095	120669151	2	1	+	NC_085926.1	120668178	120668384	120668466	120669065	PARP14	XM_003825201.4	+	2	120668384	120668466	81	1
NC_085926.1	120856119	120856869	-1	1	-	NC_085926.1	120856440	120856610	120856188	120856337	SEMA5B	XM_003825203.5	-	1	120856337	120856440	102	7
NC_085926.1	120856119	120856869	-1	1	-	NC_085926.1	120856440	120856610	120856188	120856334	SEMA5B	XM_008950502.4	-	1	120856334	120856440	105	2
NC_085926.1	124928187	124928844	1	1	+	NC_085926.1	124928415	124928538	124928620	124928773	PLXNA1	XM_034957294.4	+	1	124928538	124928620	81	2
NC_085926.1	124937646	124938156	1	1	+	NC_085926.1	124937708	124937901	124938004	124938155	PLXNA1	XM_034957294.4	+	1	124937901	124938004	102	2
NC_085926.1	124940251	124941208	2	1	+	NC_085926.1	124940470	124940563	124940951	124941190	PLXNA1	XM_034957294.4	+	2	124940563	124940951	387	2
NC_085926.1	125500475	125500823	-2	1	-	NC_085926.1	125500710	125500796	125500541	125500613	TPRA1	XM_003815244.6	-	2	125500613	125500710	96	6
NC_085926.1	12721237	12721735	-3	1	-	NC_085926.1	12721642	12721713	12721456	12721530	TMEM40	XM_034955845.3	-	3	12721530	12721642	111	1
NC_085926.1	127500180	127500540	-1	1	-	NC_085926.1	127500411	127500518	127500205	127500317	PLXND1	XM_034957330.4	-	1	127500317	127500411	93	5
NC_085926.1	12797629	12798274	2	1	+	NC_085926.1	12797775	12797880	12798031	12798173	CAND2	XM_003826247.5	+	2	12797880	12798031	150	3
NC_085926.1	128361982	128362720	2	1	+	NC_085926.1	128362065	128362405	128362511	128362592	COL6A5	XM_024928310.4	+	2	128362405	128362511	105	3
NC_085926.1	128390964	128391393	1	1	+	NC_085926.1	128390965	128391000	128391118	128391154	COL6A5	XM_024928310.4	+	1	128391000	128391118	117	3
NC_085926.1	13330944	13331358	-1	1	-	NC_085926.1	13331212	13331316	13331011	13331112	NUP210	XM_034955863.3	-	1	13331112	13331212	99	1
NC_085926.1	1370849	1371527	3	1	+	NC_085926.1	1370979	1371213	1371331	1371446	LOC100990608	XM_003831234.6	+	3	1371213	1371331	117	6
NC_085926.1	140594918	140595383	3	1	+	NC_085926.1	140594985	140595150	140595232	140595374	PLS1	XM_003826515.4	+	3	140595150	140595232	81	9
NC_085926.1	147642905	147643250	-2	1	-	NC_085926.1	147643166	147643232	147642998	147643075	COMMD2	XM_003826477.6	-	2	147643075	147643166	90	1
NC_085926.1	155071045	155071840	-3	1	-	NC_085926.1	155071487	155071789	155071100	155071174	CCNL1	XM_003830644.6	-	3	155071174	155071487	312	4
NC_085926.1	157933242	157933581	1	1	+	NC_085926.1	157933243	157933284	157933375	157933518	IL12A	XM_003830628.5	+	1	157933284	157933375	90	1
NC_085926.1	158461532	158461919	-2	1	-	NC_085926.1	158461734	158461903	158461596	158461640	KPNA4	XM_008956062.7	-	2	158461640	158461734	93	2
NC_085926.1	182052994	182053465	2	1	+	NC_085926.1	182053045	182053164	182053261	182053396	AP2M1	XM_003806591.5	+	2	182053164	182053261	96	1
NC_085926.1	182060038	182060329	2	1	+	NC_085926.1	182060101	182060181	182060269	182060328	ABCF3	XM_003806576.4	+	2	182060181	182060269	87	2
NC_085926.1	182231077	182231893	-3	1	-	NC_085926.1	182231300	182231433	182231117	182231194	CLCN2	XM_003806572.6	-	3	182231194	182231300	105	7
NC_085926.1	182253021	182254092	1	1	+	NC_085926.1	182253280	182253427	182253653	182253756	CHRD	XM_034957834.4	+	1	182253427	182253653	225	3
NC_085926.1	182254112	182254748	3	1	+	NC_085926.1	182254197	182254326	182254459	182254587	CHRD	XM_034957834.4	+	3	182254326	182254459	132	3
NC_085926.1	182255569	182256010	2	1	+	NC_085926.1	182255598	182255738	182255820	182255902	CHRD	XM_034957834.4	+	2	182255738	182255820	81	3
NC_085926.1	182458492	182459548	2	1	+	NC_085926.1	182458751	182458966	182459078	182459227	EPHB3	XM_034957842.3	+	2	182458966	182459078	111	1
NC_085926.1	182458492	182459548	2	1	+	NC_085926.1	182459078	182459227	182459321	182459514	EPHB3	XM_034957842.3	+	2	182459227	182459321	93	1
NC_085926.1	182458492	182459548	2	1	+	NC_085926.1	182458751	182459227	182459321	182459514	EPHB3	XM_063603013.1	+	2	182459227	182459321	93	1
NC_085926.1	183976634	183977234	-2	1	-	NC_085926.1	183977001	183977045	183976802	183976889	ETV5	XM_003806618.5	-	2	183976889	183977001	111	1
NC_085926.1	185595725	185596670	-2	1	-	NC_085926.1	185596464	185596594	185595957	185596094	BCL6	XM_003824955.6	-	2	185596094	185596464	369	7
NC_085926.1	192352727	192353069	-2	1	-	NC_085926.1	192352890	192353012	192352729	192352808	ATP13A3	XM_034957917.3	-	2	192352808	192352890	81	8
NC_085926.1	192574175	192574652	-2	1	-	NC_085926.1	192574551	192574652	192574317	192574460	LSG1	XM_003807643.4	-	2	192574460	192574551	90	1
NC_085926.1	193694170	193705456	-3	1	-	NC_085926.1	193704102	193705099	193694230	193694288	MUC4	XM_055111009.2	-	3	193694288	193704102	9813	1
NC_085926.1	194878222	194878660	-3	1	-	NC_085926.1	194878404	194878560	194878252	194878319	MELTF	XM_034957983.3	-	3	194878319	194878404	84	4
NC_085926.1	194878222	194878660	-3	1	-	NC_085926.1	194878404	194878557	194878252	194878319	MELTF	XM_063602680.1	-	3	194878319	194878404	84	1
NC_085926.1	20141300	20141924	-2	1	-	NC_085926.1	20141612	20141753	20141334	20141530	SGO1	XM_034955957.4	-	2	20141530	20141612	81	8
NC_085926.1	20352892	20356465	-3	1	-	NC_085926.1	20353526	20356252	20352893	20353225	LOC129397367	XM_055109457.1	-	3	20353225	20353526	300	1
NC_085926.1	36493400	36493838	3	1	+	NC_085926.1	36493457	36493508	36493617	36493754	STAC	XM_003826118.5	+	3	36493508	36493617	108	3
NC_085926.1	38229073	38229394	2	1	+	NC_085926.1	38229091	38229211	38229299	38229393	LOC100994888	XM_063602266.1	+	2	38229211	38229299	87	1
NC_085926.1	39089390	39090248	3	1	+	NC_085926.1	39089838	39089958	39090127	39090194	TTC21A	XM_008951537.5	+	3	39089958	39090127	168	17
NC_085926.1	40442315	40442912	3	1	+	NC_085926.1	40442364	40442517	40442731	40442850	ZNF619	XM_055109699.3	+	3	40442517	40442731	213	1
NC_085926.1	41643723	41644020	-1	1	-	NC_085926.1	41643969	41644020	41643725	41643869	ULK4	XM_034956180.3	-	1	41643869	41643969	99	9
NC_085926.1	42663325	42663844	-3	1	-	NC_085926.1	42663653	42663766	42663329	42663523	HHATL	XM_003809289.5	-	3	42663523	42663653	129	3
NC_085926.1	46532752	46533376	2	1	+	NC_085926.1	46532754	46532888	46533261	46533375	CRIPTO	XM_003818454.5	+	2	46532888	46533261	372	1
NC_085926.1	46814720	46814957	-2	1	-	NC_085926.1	46814858	46814935	46814721	46814746	MYL3	XM_034956296.3	-	2	46814746	46814858	111	8
NC_085926.1	46854661	46855471	2	1	+	NC_085926.1	46854851	46854945	46855135	46855330	PTH1R	XM_034956286.4	+	2	46854945	46855135	189	10
NC_085926.1	46858957	46859395	2	1	+	NC_085926.1	46859002	46859143	46859225	46859266	PTH1R	XM_034956286.4	+	2	46859143	46859225	81	7
NC_085926.1	46858979	46859267	3	1	+	NC_085926.1	46859006	46859143	46859225	46859266	PTH1R	XM_063602286.1	+	3	46859143	46859225	81	1
NC_085926.1	46879861	46880452	-3	1	-	NC_085926.1	46880141	46880202	46879863	46879897	CCDC12	XM_008971794.4	-	3	46879897	46880141	243	6
NC_085926.1	46945105	46945726	2	1	+	NC_085926.1	46945186	46945314	46945429	46945510	NBEAL2	XM_034956298.4	+	2	46945314	46945429	114	3
NC_085926.1	46945105	46945726	2	1	+	NC_085926.1	46945429	46945510	46945604	46945725	NBEAL2	XM_034956298.4	+	2	46945510	46945604	93	3
NC_085926.1	46964611	46965013	2	1	+	NC_085926.1	46964627	46964785	46964864	46965012	NBEAL2	XM_034956298.4	+	2	46964785	46964864	78	3
NC_085926.1	46968926	46969349	3	1	+	NC_085926.1	46968967	46969109	46969227	46969349	LOC129397538	XM_055111036.2	+	3	46969109	46969227	117	1
NC_085926.1	47363254	47363974	2	1	+	NC_085926.1	47363408	47363488	47363564	47363695	PTPN23	XM_034956319.3	+	2	47363488	47363564	75	3
NC_085926.1	47363254	47363974	2	1	+	NC_085926.1	47363564	47363695	47363786	47363833	PTPN23	XM_034956319.3	+	2	47363695	47363786	90	3
NC_085926.1	47366232	47366793	1	1	+	NC_085926.1	47366249	47366403	47366503	47366654	PTPN23	XM_034956319.3	+	1	47366403	47366503	99	3
NC_085926.1	47366534	47369087	3	1	+	NC_085926.1	47366741	47366920	47367014	47368772	PTPN23	XM_034956319.3	+	3	47366920	47367014	93	3
NC_085926.1	47366534	47369087	3	1	+	NC_085926.1	47367014	47368772	47368869	47369053	PTPN23	XM_034956319.3	+	3	47368772	47368869	96	3
NC_085926.1	48380277	48380649	-1	1	-	NC_085926.1	48380575	48380649	48380278	48380361	PLXNB1	XM_063602307.1	-	1	48380361	48380575	213	1
NC_085926.1	48415055	48415400	3	1	+	NC_085926.1	48415152	48415167	48415258	48415313	TMA7	XM_057301752.2	+	3	48415167	48415258	90	1
NC_085926.1	48546988	48547222	-3	1	-	NC_085926.1	48547175	48547210	48547052	48547093	COL7A1	XM_008971712.4	-	3	48547093	48547175	81	3
NC_085926.1	48547509	48547818	-1	1	-	NC_085926.1	48547693	48547728	48547534	48547614	COL7A1	XM_008971712.4	-	1	48547614	48547693	78	4
NC_085926.1	48549744	48550380	-1	1	-	NC_085926.1	48550021	48550221	48549889	48549924	COL7A1	XM_008971712.4	-	1	48549924	48550021	96	4
NC_085926.1	48552921	48553596	-1	1	-	NC_085926.1	48553135	48553197	48553003	48553047	COL7A1	XM_008971712.4	-	1	48553047	48553135	87	4
NC_085926.1	48554104	48554755	-3	1	-	NC_085926.1	48554270	48554350	48554162	48554197	COL7A1	XM_008971712.4	-	3	48554197	48554270	72	4
NC_085926.1	48558043	48558373	-3	1	-	NC_085926.1	48558233	48558292	48558071	48558106	COL7A1	XM_008971712.4	-	3	48558106	48558233	126	4
NC_085926.1	48559560	48559953	-1	1	-	NC_085926.1	48559714	48559794	48559588	48559623	COL7A1	XM_008971712.4	-	1	48559623	48559714	90	4
NC_085926.1	48561001	48561466	-3	1	-	NC_085926.1	48561241	48561367	48561010	48561156	COL7A1	XM_008971712.4	-	3	48561156	48561241	84	4
NC_085926.1	48564680	48565268	-2	1	-	NC_085926.1	48565136	48565261	48564890	48565033	COL7A1	XM_008971712.4	-	2	48565033	48565136	102	4
NC_085926.1	48566518	48566974	-3	1	-	NC_085926.1	48566779	48566925	48566575	48566691	COL7A1	XM_008971712.4	-	3	48566691	48566779	87	4
NC_085926.1	48996836	48997415	-2	1	-	NC_085926.1	48997215	48997379	48996838	48997133	DALRD3	XM_034956392.4	-	2	48997133	48997215	81	6
NC_085926.1	49005120	49005420	-1	1	-	NC_085926.1	49005330	49005420	49005135	49005230	IMPDH2	XM_008971680.4	-	1	49005230	49005330	99	4
NC_085926.1	49093871	49094465	-2	1	-	NC_085926.1	49094244	49094464	49093964	49094159	USP19	XM_034956407.3	-	2	49094159	49094244	84	27
NC_085926.1	49093871	49094465	-2	1	-	NC_085926.1	49094244	49094458	49093964	49094159	USP19	XM_034956410.3	-	2	49094159	49094244	84	23
NC_085926.1	49094468	49094954	-2	1	-	NC_085926.1	49094800	49094871	49094567	49094682	USP19	XM_034956407.3	-	2	49094682	49094800	117	50
NC_085926.1	49102580	49103174	-2	1	-	NC_085926.1	49102899	49103116	49102694	49102790	LAMB2	XM_034956406.3	-	2	49102790	49102899	108	2
NC_085926.1	49401128	49401626	-2	1	-	NC_085926.1	49401435	49401580	49401146	49401326	AMT	XM_003818858.5	-	2	49401326	49401435	108	3
NC_085926.1	49660545	49661268	1	1	+	NC_085926.1	49660546	49660963	49661066	49661267	APEH	XM_063602365.1	+	1	49660963	49661066	102	1
NC_085926.1	49661120	49661576	3	1	+	NC_085926.1	49661256	49661267	49661343	49661475	APEH	XM_003818852.5	+	3	49661267	49661343	75	3
NC_085926.1	49668533	49668818	3	1	+	NC_085926.1	49668568	49668651	49668733	49668813	APEH	XM_003818852.5	+	3	49668651	49668733	81	5
NC_085926.1	49671075	49671495	-1	1	-	NC_085926.1	49671387	49671493	49671151	49671290	MST1	XM_034956472.2	-	1	49671290	49671387	96	3
NC_085926.1	49673773	49674193	-3	1	-	NC_085926.1	49673983	49674119	49673781	49673901	MST1	XM_034956472.2	-	3	49673901	49673983	81	1
NC_085926.1	49673773	49674193	-3	1	-	NC_085926.1	49673983	49674119	49673785	49673901	MST1	XM_034956473.3	-	3	49673901	49673983	81	2
NC_085926.1	49778722	49779382	-3	1	-	NC_085926.1	49779110	49779330	49778724	49778866	CDHR4	XM_063602366.1	-	3	49778866	49779110	243	1
NC_085926.1	49826021	49826675	-2	1	-	NC_085926.1	49826586	49826675	49826074	49826162	TRAIP	XM_003818847.6	-	2	49826162	49826586	423	3
NC_085926.1	49847298	49847892	-1	1	-	NC_085926.1	49847716	49847854	49847457	49847577	CAMKV	XM_008972247.4	-	1	49847577	49847716	138	2
NC_085926.1	50253931	50254237	2	1	+	NC_085926.1	50253932	50254051	50254130	50254223	SEMA3B	XM_003818814.6	+	2	50254051	50254130	78	2
NC_085926.1	50271400	50271844	-3	1	-	NC_085926.1	50271638	50271766	50271464	50271559	IFRD2	XM_008972228.3	-	3	50271559	50271638	78	3
NC_085926.1	50345278	50346007	-3	1	-	NC_085926.1	50345498	50345580	50345279	50345416	CACNA2D2	XM_034956525.2	-	3	50345416	50345498	81	4
NC_085926.1	50345278	50346007	-3	1	-	NC_085926.1	50345498	50345585	50345279	50345416	CACNA2D2	XM_055109983.1	-	3	50345416	50345498	81	4
NC_085926.1	50358556	50359108	-3	1	-	NC_085926.1	50358926	50358975	50358650	50358739	CACNA2D2	XM_034956523.3	-	3	50358739	50358926	186	9
NC_085926.1	51927869	51928223	-2	1	-	NC_085926.1	51928069	51928142	51927870	51927960	RRP9	XM_003818774.6	-	2	51927960	51928069	108	2
NC_085926.1	51983012	51983477	3	1	+	NC_085926.1	51983171	51983231	51983316	51983477	ACY1	XM_008972148.4	+	3	51983231	51983316	84	3
NC_085926.1	52347978	52348992	1	1	+	NC_085926.1	52348327	52348525	52348604	52348857	DNAH1	XM_055110010.1	+	1	52348525	52348604	78	1
NC_085926.1	52404767	52405052	-2	1	-	NC_085926.1	52404929	52404958	52404769	52404823	BAP1	XM_003818761.6	-	2	52404823	52404929	105	4
NC_085926.1	52446378	52446735	-1	1	-	NC_085926.1	52446492	52446628	52446379	52446407	TNNC1	XM_003818758.5	-	1	52446407	52446492	84	1
NC_085926.1	52475004	52475772	1	1	+	NC_085926.1	52475005	52475118	52475416	52475551	NISCH	XM_034956607.2	+	1	52475118	52475416	297	1
NC_085926.1	52475004	52475772	1	1	+	NC_085926.1	52475005	52475118	52475440	52475551	NISCH	XM_034956608.2	+	1	52475118	52475440	321	2
NC_085926.1	52499584	52500160	2	1	+	NC_085926.1	52499633	52499770	52499897	52500037	STAB1	XM_003818746.7	+	2	52499770	52499897	126	5
NC_085926.1	52500540	52500948	1	1	+	NC_085926.1	52500562	52500675	52500775	52500828	STAB1	XM_003818746.7	+	1	52500675	52500775	99	5
NC_085926.1	52510801	52511320	2	1	+	NC_085926.1	52510850	52511045	52511163	52511258	STAB1	XM_003818746.7	+	2	52511045	52511163	117	5
NC_085926.1	52512077	52512578	3	1	+	NC_085926.1	52512127	52512200	52512357	52512431	STAB1	XM_003818746.7	+	3	52512200	52512357	156	5
NC_085926.1	52517803	52518334	2	1	+	NC_085926.1	52517820	52517929	52518017	52518136	STAB1	XM_003818746.7	+	2	52517929	52518017	87	5
NC_085926.1	52522615	52522966	-3	1	-	NC_085926.1	52522801	52522861	52522617	52522719	NT5DC2	XM_008972126.4	-	3	52522719	52522801	81	6
NC_085926.1	52686948	52687443	1	1	+	NC_085926.1	52687023	52687159	52687247	52687422	GNL3	XM_003818752.6	+	1	52687159	52687247	87	2
NC_085926.1	52818558	52819134	-1	1	-	NC_085926.1	52818882	52819050	52818675	52818800	ITIH4	XM_014344242.5	-	1	52818800	52818882	81	13
NC_085926.1	53224180	53224879	-3	1	-	NC_085926.1	53224547	53224630	53224327	53224420	TKT	XM_003818734.5	-	3	53224420	53224547	126	2
NC_085926.1	58120235	58120913	3	1	+	NC_085926.1	58120276	58120428	58120531	58120653	FLNB	XM_003811629.5	+	3	58120428	58120531	102	6
NC_085926.1	62314854	62315472	-1	1	-	NC_085926.1	62315338	62315472	62315022	62315154	FEZF2	XM_003811606.5	-	1	62315154	62315338	183	2
NC_085926.1	74256967	74257423	-3	1	-	NC_085926.1	74257219	74257377	74256970	74257119	CNTN3	XM_055110140.2	-	3	74257119	74257219	99	3
NC_085926.1	88215457	88216573	-3	1	-	NC_085926.1	88216131	88216363	88215458	88215539	LOC100974639	XM_003831517.8	-	3	88215539	88216131	591	2
NC_085926.1	88356593	88357709	-2	1	-	NC_085926.1	88357127	88357697	88356594	88357057	LOC134730014	XM_063602865.1	-	2	88357057	88357127	69	1
NC_085926.1	90421529	90422030	-2	1	-	NC_085926.1	90421874	90421949	90421637	90421768	LOC100987890	XM_055110858.2	-	2	90421768	90421874	105	1
NC_085926.1	91814463	91814958	-1	1	-	NC_085926.1	91814796	91814918	91814559	91814690	PROS1	XM_034956970.3	-	1	91814690	91814796	105	2
NC_085926.1	9932128	9932563	2	1	+	NC_085926.1	9932148	9932329	9932423	9932473	IL17RC	XM_003808909.4	+	2	9932329	9932423	93	33
NC_085926.1	9947110	9947674	2	1	+	NC_085926.1	9947139	9947222	9947403	9947498	CRELD1	XM_034955747.2	+	2	9947222	9947403	180	2
NC_085927.1	28108392	28108863	-3	1	-	NC_085927.1	28108656	28108729	28108393	28108574	MICAL3	XM_034949077.3	-	3	28108574	28108656	81	11
NC_085927.1	28539923	28540490	-1	1	-	NC_085927.1	28540184	28540272	28539924	28540108	PRODH	XM_034949294.3	-	1	28540108	28540184	75	2
NC_085927.1	28762430	28762883	-1	1	-	NC_085927.1	28762625	28762793	28762436	28762531	ESS2	XM_003814039.5	-	1	28762531	28762625	93	2
NC_085927.1	28769385	28770303	-3	1	-	NC_085927.1	28769922	28770180	28769560	28769813	GSC2	XM_034948645.4	-	3	28769813	28769922	108	1
NC_085927.1	30051982	30052846	-2	1	-	NC_085927.1	30052711	30052812	30051984	30052503	SCARF2	XM_034952248.4	-	2	30052503	30052711	207	4
NC_085927.1	30435988	30436627	-2	1	-	NC_085927.1	30436435	30436554	30436175	30436254	PI4KA	XM_034948740.3	-	2	30436254	30436435	180	6
NC_085927.1	30683669	30684158	3	1	+	NC_085927.1	30683673	30683744	30683838	30683901	AIFM3	XM_034948751.3	+	3	30683744	30683838	93	9
NC_085927.1	30684357	30684891	1	1	+	NC_085927.1	30684506	30684582	30684694	30684811	AIFM3	XM_034948751.3	+	1	30684582	30684694	111	8
NC_085927.1	30684357	30684891	1	1	+	NC_085927.1	30684512	30684582	30684694	30684811	AIFM3	XM_063603232.1	+	1	30684582	30684694	111	1
NC_085927.1	30702483	30703170	1	1	+	NC_085927.1	30702539	30702665	30702756	30702905	LZTR1	XM_003806884.7	+	1	30702665	30702756	90	2
NC_085927.1	30729762	30730662	1	1	+	NC_085927.1	30730044	30730196	30730278	30730387	P2RX6	XM_055105830.2	+	1	30730196	30730278	81	1
NC_085927.1	30735805	30736255	-2	1	-	NC_085927.1	30736084	30736192	30735806	30735978	SLC7A4	XM_008958638.4	-	2	30735978	30736084	105	2
NC_085927.1	31017117	31017504	-3	1	-	NC_085927.1	31017307	31017379	31017119	31017159	LOC100976362	XM_034948781.3	-	3	31017159	31017307	147	2
NC_085927.1	31174217	31174601	-1	1	-	NC_085927.1	31174502	31174601	31174219	31174396	YDJC	XM_003807743.7	-	1	31174396	31174502	105	1
NC_085927.1	31505587	31506103	-2	1	-	NC_085927.1	31505885	31506039	31505647	31505752	TOP3B	XM_003807737.4	-	2	31505752	31505885	132	11
NC_085927.1	31825794	31826379	1	1	+	NC_085927.1	31825918	31826106	31826191	31826379	LOC117977499	XM_034949136.3	+	1	31826106	31826191	84	1
NC_085927.1	31906525	31907908	-2	1	-	NC_085927.1	31906900	31907236	31906526	31906770	LOC117978545	XM_055106036.2	-	2	31906770	31906900	129	1
NC_085927.1	32328216	32328807	1	1	+	NC_085927.1	32328395	32328507	32328589	32328702	LOC117978697	XM_055106014.2	+	1	32328507	32328589	81	3
NC_085927.1	32364524	32365115	3	1	+	NC_085927.1	32364703	32364815	32364897	32365010	LOC117978698	XM_055106011.2	+	3	32364815	32364897	81	2
NC_085927.1	32701251	32701770	1	1	+	NC_085927.1	32701279	32701324	32701451	32701770	LOC129395165	unassigned_transcript_809	+	1	32701324	32701451	126	1
NC_085927.1	32990056	32990731	2	1	+	NC_085927.1	32990086	32990167	32990351	32990441	RAB36	XM_003806388.6	+	2	32990167	32990351	183	5
NC_085927.1	33498966	33499518	-3	1	-	NC_085927.1	33499451	33499491	33498991	33499210	CHCHD10	XM_008962229.3	-	3	33499210	33499451	240	2
NC_085927.1	33972467	33973226	3	1	+	NC_085927.1	33972580	33972852	33972982	33973158	SUSD2	XM_003811070.5	+	3	33972852	33972982	129	1
NC_085927.1	39214931	39215402	3	1	+	NC_085927.1	39215107	39215157	39215242	39215331	EMID1	XM_014343278.4	+	3	39215157	39215242	84	8
NC_085927.1	39217671	39218061	1	1	+	NC_085927.1	39217786	39217848	39217954	39217998	EMID1	XM_014343278.4	+	1	39217848	39217954	105	6
NC_085927.1	39313718	39314297	-1	1	-	NC_085927.1	39314147	39314233	39313719	39314056	AP1B1	XM_008964383.4	-	1	39314056	39314147	90	3
NC_085927.1	39313718	39314297	-1	1	-	NC_085927.1	39314147	39314233	39313902	39314056	AP1B1	XM_034949025.3	-	1	39314056	39314147	90	2
NC_085927.1	40451506	40451863	-2	1	-	NC_085927.1	40451723	40451829	40451508	40451647	SEC14L4	XM_003812025.6	-	2	40451647	40451723	75	4
NC_085927.1	40484479	40485178	-2	1	-	NC_085927.1	40484830	40484999	40484480	40484589	LOC100976417	XM_034948545.3	-	2	40484589	40484830	240	2
NC_085927.1	40485089	40485446	-1	1	-	NC_085927.1	40485306	40485412	40485091	40485230	LOC100976417	XM_034948545.3	-	1	40485230	40485306	75	3
NC_085927.1	40538205	40539096	-3	1	-	NC_085927.1	40538623	40538789	40538323	40538484	PES1	XM_034949322.3	-	3	40538484	40538623	138	1
NC_085927.1	40538205	40539096	-3	1	-	NC_085927.1	40538623	40538789	40538323	40538481	PES1	XM_063603076.1	-	3	40538481	40538623	141	1
NC_085927.1	40847138	40847831	3	1	+	NC_085927.1	40847252	40847306	40847562	40847708	OSBP2	XM_008964432.4	+	3	40847306	40847562	255	8
NC_085927.1	41088942	41089320	1	1	+	NC_085927.1	41088979	41089056	41089183	41089287	INPP5J	XM_034949090.3	+	1	41089056	41089183	126	1
NC_085927.1	41567476	41568268	2	1	+	NC_085927.1	41567968	41568079	41568167	41568268	SFI1	XM_003821472.5	+	2	41568079	41568167	87	20
NC_085927.1	41858235	41858769	1	1	+	NC_085927.1	41858259	41858341	41858480	41858769	DEPDC5	XM_003821482.7	+	1	41858341	41858480	138	13
NC_085927.1	46621862	46622264	-1	1	-	NC_085927.1	46622126	46622210	46621926	46622005	IFT27	XM_063603438.1	-	1	46622005	46622126	120	1
NC_085927.1	47284794	47286114	1	1	+	NC_085927.1	47285039	47285242	47285489	47286001	LOC117977482	XM_055105640.2	+	1	47285242	47285489	246	1
NC_085927.1	47352072	47352879	-3	1	-	NC_085927.1	47352507	47352665	47352298	47352413	CARD10	XM_034948447.3	-	3	47352413	47352507	93	2
NC_085927.1	47483771	47484314	3	1	+	NC_085927.1	47483931	47484071	47484156	47484237	GGA1	XM_008975042.5	+	3	47484071	47484156	84	9
NC_085927.1	47937922	47939395	-2	1	-	NC_085927.1	47939128	47939341	47938354	47938497	SLC16A8	XM_034948678.2	-	2	47938497	47939128	630	2
NC_085927.1	48606326	48607409	-1	1	-	NC_085927.1	48607130	48607293	48606818	48606955	SUN2	XM_034949051.3	-	1	48606955	48607130	174	5
NC_085927.1	48875886	48876702	1	1	+	NC_085927.1	48876100	48876379	48876587	48876701	APOBEC3D	XM_034949103.3	+	1	48876379	48876587	207	2
NC_085927.1	48875886	48876702	1	1	+	NC_085927.1	48876177	48876379	48876587	48876701	APOBEC3D	XM_063603311.1	+	1	48876379	48876587	207	1
NC_085927.1	48895710	48896451	1	1	+	NC_085927.1	48895849	48896128	48896336	48896450	LOC100990514	XM_034949105.3	+	1	48896128	48896336	207	2
NC_085927.1	50146311	50146845	1	1	+	NC_085927.1	50146312	50146407	50146552	50146735	TNRC6B	XM_008975121.6	+	1	50146407	50146552	144	12
NC_085927.1	50244074	50244866	3	1	+	NC_085927.1	50244201	50244255	50244385	50244512	SGSM3	XM_003814608.8	+	3	50244255	50244385	129	13
NC_085927.1	50244074	50244866	3	1	+	NC_085927.1	50244385	50244512	50244597	50244752	SGSM3	XM_003814608.8	+	3	50244512	50244597	84	13
NC_085927.1	50245160	50245634	3	1	+	NC_085927.1	50245255	50245304	50245461	50245613	SGSM3	XM_003814608.8	+	3	50245304	50245461	156	13
NC_085927.1	51624466	51625000	2	1	+	NC_085927.1	51624545	51624676	51624869	51624981	MEI1	XM_003814635.5	+	2	51624676	51624869	192	1
NC_085927.1	51973705	51974230	-2	1	-	NC_085927.1	51973981	51974122	51973706	51973881	LOC100969627	XM_034949304.3	-	2	51973881	51973981	99	2
NC_085927.1	54719111	54719831	-1	1	-	NC_085927.1	54719642	54719717	54719205	54719308	PHF21B	XM_034948445.4	-	1	54719308	54719642	333	2
NC_085927.1	56195493	56196102	-3	1	-	NC_085927.1	56195937	56196040	56195580	56195729	CELSR1	XM_034951716.4	-	3	56195729	56195937	207	2
NC_085927.1	56222529	56223480	-3	1	-	NC_085927.1	56223267	56223450	56222820	56222921	CELSR1	XM_034951716.4	-	3	56222921	56223267	345	2
NC_085927.1	60124784	60125240	-1	1	-	NC_085927.1	60125087	60125240	60124786	60124954	TUBGCP6	XM_003811029.7	-	1	60124954	60125087	132	2
NC_085927.1	60155672	60156521	-1	1	-	NC_085927.1	60155899	60156003	60155674	60155742	HDAC10	XM_003811027.5	-	1	60155742	60155899	156	11
NC_085927.1	60172839	60173511	-3	1	-	NC_085927.1	60173386	60173433	60173193	60173307	MAPK11	XM_034949193.3	-	3	60173307	60173386	78	2
NC_085927.1	60173497	60173752	-2	1	-	NC_085927.1	60173630	60173741	60173516	60173545	MAPK11	XM_034949193.3	-	2	60173545	60173630	84	2
NC_085927.1	60186392	60187322	-1	1	-	NC_085927.1	60187072	60187253	60186588	60186654	PLXNB2	XM_034949307.3	-	1	60186654	60187072	417	15
NC_085927.1	60188389	60189586	-2	1	-	NC_085927.1	60188768	60188897	60188438	60188665	PLXNB2	XM_034949307.3	-	2	60188665	60188768	102	15
NC_085927.1	60189654	60190275	-3	1	-	NC_085927.1	60190015	60190123	60189728	60189864	PLXNB2	XM_034949307.3	-	3	60189864	60190015	150	15
NC_085927.1	60218840	60219620	-1	1	-	NC_085927.1	60219081	60219183	60218901	60218975	DENND6B	XM_034948524.3	-	1	60218975	60219081	105	4
NC_085927.1	60219623	60220217	-1	1	-	NC_085927.1	60219942	60220031	60219753	60219806	DENND6B	XM_034948524.3	-	1	60219806	60219942	135	4
NC_085927.1	60225063	60225720	-3	1	-	NC_085927.1	60225214	60225252	60225096	60225138	DENND6B	XM_034948524.3	-	3	60225138	60225214	75	4
NC_085927.1	60354844	60356068	2	1	+	NC_085927.1	60354868	60354925	60355199	60355323	PPP6R2	XM_055105586.2	+	2	60354925	60355199	273	27
NC_085927.1	60365561	60366179	-1	1	-	NC_085927.1	60366060	60366167	60365752	60365963	SBF1	XM_034948397.4	-	1	60365963	60366060	96	6
NC_085927.1	60378031	60378769	-2	1	-	NC_085927.1	60378401	60378582	60378125	60378304	SBF1	XM_034948397.4	-	2	60378304	60378401	96	6
NC_085927.1	60382147	60382651	-2	1	-	NC_085927.1	60382452	60382630	60382189	60382325	SBF1	XM_034948397.4	-	2	60382325	60382452	126	6
NC_085927.1	60387882	60388476	-3	1	-	NC_085927.1	60388144	60388252	60387955	60388068	SBF1	XM_034948397.4	-	3	60388068	60388144	75	6
NC_085927.1	60450538	60451201	-2	1	-	NC_085927.1	60451069	60451173	60450815	60450936	CIMAP1B	XM_003804583.8	-	2	60450936	60451069	132	5
NC_085927.1	60450538	60451201	-2	1	-	NC_085927.1	60450815	60450936	60450590	60450730	CIMAP1B	XM_003804583.8	-	2	60450730	60450815	84	5
NC_085927.1	60490695	60491346	-3	1	-	NC_085927.1	60491134	60491268	60490867	60491019	CPT1B	XM_008961501.4	-	3	60491019	60491134	114	9
NC_085927.1	60542732	60543266	-1	1	-	NC_085927.1	60543164	60543266	60542733	60543049	ARSA	XM_008961542.4	-	1	60543049	60543164	114	5
NC_085927.1	60594560	60594953	3	1	+	NC_085927.1	60594576	60594684	60594760	60594911	SHANK3	XM_055105967.3	+	3	60594684	60594760	75	5
