chr	start	end	frame	filler	frame	chr	exon_1_start	exon_1_end	exon_2_start	exon_2_end	gene	transcript	exon_strand	exon_frame	intron_start	intron_end	intron_length	merged_txs
NC_072373.2	108846070	108847207	-3	1	-	NC_072373.2	108846463	108847018	108846200	108846225	NUDT17	XM_054453047.2	-	3	108846225	108846463	237	2
NC_072373.2	108846070	108847207	-3	1	-	NC_072373.2	108846827	108847018	108846463	108846646	NUDT17	XM_054453057.1	-	3	108846646	108846827	180	1
NC_072373.2	108846070	108847207	-3	1	-	NC_072373.2	108846463	108846646	108846200	108846225	NUDT17	XM_054453057.1	-	3	108846225	108846463	237	1
NC_072373.2	113548	113986	2	1	+	NC_072373.2	113708	113741	113871	113964	ZNF692	XM_054484278.2	+	2	113741	113871	129	2
NC_072373.2	117015814	117016465	2	1	+	NC_072373.2	117015841	117015904	117016061	117016168	PPM1J	XM_054465830.1	+	2	117015904	117016061	156	1
NC_072373.2	117015814	117016465	2	1	+	NC_072373.2	117016061	117016168	117016313	117016464	PPM1J	XM_054465830.1	+	2	117016168	117016313	144	1
NC_072373.2	120060440	120061028	-2	1	-	NC_072373.2	120060804	120060899	120060603	120060713	GSTM4	XM_054471644.2	-	2	120060713	120060804	90	1
NC_072373.2	120449249	120449882	-2	1	-	NC_072373.2	120449669	120449863	120449360	120449530	CELSR2	XM_054494619.1	-	2	120449530	120449669	138	4
NC_072373.2	120450944	120451415	-2	1	-	NC_072373.2	120451185	120451311	120450975	120451097	CELSR2	XM_054494619.1	-	2	120451097	120451185	87	4
NC_072373.2	130135845	130136289	-1	1	-	NC_072373.2	130136101	130136256	130135857	130136007	AGL	XM_054475086.1	-	1	130136007	130136101	93	3
NC_072373.2	159193541	159193835	3	1	+	NC_072373.2	159193574	159193626	159193717	159193825	ZRANB2	XM_054482772.2	+	3	159193626	159193717	90	2
NC_072373.2	175607995	175608802	-3	1	-	NC_072373.2	175608509	175608673	175608188	175608310	CIMAP2	XM_054486118.2	-	3	175608310	175608509	198	7
NC_072373.2	175629862	175630627	2	1	+	NC_072373.2	175629863	175629918	175630138	175630253	TTC22	XM_054486067.1	+	2	175629918	175630138	219	2
NC_072373.2	176164762	176165224	2	1	+	NC_072373.2	176164871	176164937	176165040	176165116	SSBP3	XM_054486850.2	+	2	176164937	176165040	102	4
NC_072373.2	184090265	184090928	-2	1	-	NC_072373.2	184090649	184090710	184090356	184090480	LOC129037329	XM_054489320.2	-	2	184090480	184090649	168	3
NC_072373.2	184090265	184090928	-2	1	-	NC_072373.2	184090649	184090689	184090356	184090480	LOC129037329	XM_054489327.2	-	2	184090480	184090649	168	2
NC_072373.2	184298110	184298416	2	1	+	NC_072373.2	184298111	184298176	184298267	184298380	POMGNT1	XM_054489550.1	+	2	184298176	184298267	90	2
NC_072373.2	184299211	184299823	2	1	+	NC_072373.2	184299233	184299350	184299543	184299641	POMGNT1	XM_054489550.1	+	2	184299350	184299543	192	2
NC_072373.2	184308898	184309327	-3	1	-	NC_072373.2	184309100	184309255	184308908	184308991	TSPAN1	XM_054489775.2	-	3	184308991	184309100	108	3
NC_072373.2	185150200	185150479	-3	1	-	NC_072373.2	185150330	185150472	185150202	185150242	TOE1	XM_054490264.2	-	3	185150242	185150330	87	2
NC_072373.2	185150200	185150479	-3	1	-	NC_072373.2	185150330	185150386	185150202	185150242	TOE1	XM_063665376.1	-	3	185150242	185150330	87	1
NC_072373.2	185662169	185663402	3	1	+	NC_072373.2	185662295	185662643	185662770	185663082	PTCH2	XM_054490402.2	+	3	185662643	185662770	126	8
NC_072373.2	185663480	185664335	3	1	+	NC_072373.2	185663716	185663996	185664108	185664245	PTCH2	XM_054490402.2	+	3	185663996	185664108	111	8
NC_072373.2	185676222	185676786	-1	1	-	NC_072373.2	185676493	185676618	185676223	185676354	BTBD19	XM_054490528.2	-	1	185676354	185676493	138	2
NC_072373.2	185702548	185703355	2	1	+	NC_072373.2	185702676	185702909	185703144	185703298	BEST4	XM_054490554.2	+	2	185702909	185703144	234	1
NC_072373.2	185726247	185726634	-1	1	-	NC_072373.2	185726482	185726587	185726275	185726388	KIF2C	XM_054490567.2	-	1	185726388	185726482	93	8
NC_072373.2	186509850	186510396	-1	1	-	NC_072373.2	186510104	186510279	186509852	186509968	CCDC24	XM_054490993.2	-	1	186509968	186510104	135	6
NC_072373.2	186509850	186510396	-1	1	-	NC_072373.2	186510104	186510338	186509852	186509968	CCDC24	XM_054491029.2	-	1	186509968	186510104	135	1
NC_072373.2	186509850	186510396	-1	1	-	NC_072373.2	186510104	186510171	186509852	186509968	CCDC24	XM_054491038.2	-	1	186509968	186510104	135	5
NC_072373.2	186509850	186510396	-1	1	-	NC_072373.2	186510104	186510273	186509852	186509968	CCDC24	XM_054491061.2	-	1	186509968	186510104	135	2
NC_072373.2	186535437	186535803	-1	1	-	NC_072373.2	186535723	186535781	186535486	186535575	IPO13	XM_054436934.2	-	1	186535575	186535723	147	2
NC_072373.2	187058615	187059050	-2	1	-	NC_072373.2	187058874	187058953	187058664	187058789	SZT2	XM_054491540.2	-	2	187058789	187058874	84	9
NC_072373.2	187060473	187060989	-1	1	-	NC_072373.2	187060760	187060926	187060539	187060636	SZT2	XM_054491540.2	-	1	187060636	187060760	123	9
NC_072373.2	187062631	187063516	-3	1	-	NC_072373.2	187063319	187063437	187063046	187063210	SZT2	XM_054491540.2	-	3	187063210	187063319	108	9
NC_072373.2	187062631	187063516	-3	1	-	NC_072373.2	187063046	187063210	187062697	187062781	SZT2	XM_054491540.2	-	3	187062781	187063046	264	9
NC_072373.2	187155287	187155911	-2	1	-	NC_072373.2	187155698	187155882	187155393	187155535	MPL	XM_054491672.2	-	2	187155535	187155698	162	1
NC_072373.2	187164059	187164467	-2	1	-	NC_072373.2	187164365	187164443	187164061	187164193	MPL	XM_054491672.2	-	2	187164193	187164365	171	1
NC_072373.2	190383619	190383841	2	1	+	NC_072373.2	190383650	190383685	190383770	190383832	COL9A2	XM_054493171.2	+	2	190383685	190383770	84	2
NC_072373.2	190386286	190386661	2	1	+	NC_072373.2	190386341	190386394	190386509	190386556	COL9A2	XM_054493171.2	+	2	190386394	190386509	114	3
NC_072373.2	190393513	190393909	2	1	+	NC_072373.2	190393541	190393594	190393679	190393750	COL9A2	XM_054493171.2	+	2	190393594	190393679	84	3
NC_072373.2	192990474	192990921	1	1	+	NC_072373.2	192990501	192990562	192990707	192990832	EPHA10	XM_054453990.1	+	1	192990562	192990707	144	1
NC_072373.2	194411597	194412968	-2	1	-	NC_072373.2	194412858	194412952	194411610	194412719	SH3D21	XM_054495806.2	-	2	194412719	194412858	138	3
NC_072373.2	194411597	194412968	-2	1	-	NC_072373.2	194412858	194412952	194411599	194412719	SH3D21	XM_054495817.2	-	2	194412719	194412858	138	2
NC_072373.2	194551898	194552843	-2	1	-	NC_072373.2	194552398	194552488	194552087	194552280	MAP7D1	XM_054495870.2	-	2	194552280	194552398	117	12
NC_072373.2	194551898	194552843	-2	1	-	NC_072373.2	194552087	194552280	194551899	194551906	MAP7D1	XM_054495870.2	-	2	194551906	194552087	180	12
NC_072373.2	197864968	197865589	-3	1	-	NC_072373.2	197865199	197865304	197864969	197865063	HPCA	XM_054464225.2	-	3	197865063	197865199	135	2
NC_072373.2	197984766	197987598	-1	1	-	NC_072373.2	197987457	197987570	197984802	197987363	NHSL3	XM_054464247.2	-	1	197987363	197987457	93	3
NC_072373.2	198547178	198547814	-2	1	-	NC_072373.2	198547387	198547533	198547230	198547269	DCDC2B	XM_054464877.2	-	2	198547269	198547387	117	1
NC_072373.2	198967668	198968259	1	1	+	NC_072373.2	198967834	198967959	198968113	198968167	SPOCD1	XM_054465107.2	+	1	198967959	198968113	153	6
NC_072373.2	199026207	199026819	1	1	+	NC_072373.2	199026296	199026397	199026542	199026648	ADGRB2	XM_054465151.2	+	1	199026397	199026542	144	13
NC_072373.2	199027459	199028170	2	1	+	NC_072373.2	199027484	199027678	199027847	199027915	ADGRB2	XM_054465151.2	+	2	199027678	199027847	168	12
NC_072373.2	199027459	199028170	2	1	+	NC_072373.2	199027847	199027915	199027991	199028099	ADGRB2	XM_054465151.2	+	2	199027915	199027991	75	12
NC_072373.2	199027459	199028170	2	1	+	NC_072373.2	199027484	199027678	199027991	199028099	ADGRB2	XM_054465171.2	+	2	199027678	199027991	312	1
NC_072373.2	199183084	199183606	-3	1	-	NC_072373.2	199183431	199183581	199183127	199183316	TINAGL1	XM_054465366.1	-	3	199183316	199183431	114	4
NC_072373.2	202586225	202586783	-2	1	-	NC_072373.2	202586574	202586756	202586247	202586459	SESN2	XM_054498201.2	-	2	202586459	202586574	114	1
NC_072373.2	202620629	202620932	-2	1	-	NC_072373.2	202620813	202620899	202620631	202620722	ATP5IF1	XM_054498226.2	-	2	202620722	202620813	90	1
NC_072373.2	202900546	202901059	-3	1	-	NC_072373.2	202900879	202901059	202900661	202900794	SMPDL3B	XM_054498326.1	-	3	202900794	202900879	84	1
NC_072373.2	203500672	203501134	2	1	+	NC_072373.2	203500703	203500895	203500995	203501133	MAP3K6	XM_054498751.2	+	2	203500895	203500995	99	4
NC_072373.2	203509296	203509890	-1	1	-	NC_072373.2	203509744	203509844	203509477	203509590	SYTL1	XM_054498798.1	-	1	203509590	203509744	153	2
NC_072373.2	204507965	204511214	3	1	+	NC_072373.2	204507992	204508091	204508161	204511100	CRYBG2	XM_054499293.1	+	3	204508091	204508161	69	1
NC_072373.2	204667827	204668253	-1	1	-	NC_072373.2	204668101	204668162	204667908	204668007	CNKSR1	XM_054447983.2	-	1	204668007	204668101	93	4
NC_072373.2	204672444	204672966	-1	1	-	NC_072373.2	204672751	204672852	204672446	204672516	CNKSR1	XM_054447983.2	-	1	204672516	204672751	234	4
NC_072373.2	204690373	204690826	2	1	+	NC_072373.2	204690446	204690529	204690641	204690738	C1H1orf232	XM_054463037.1	+	2	204690529	204690641	111	1
NC_072373.2	205049425	205049881	-3	1	-	NC_072373.2	205049765	205049877	205049579	205049680	SELENON	XM_054499764.2	-	3	205049680	205049765	84	2
NC_072373.2	207347481	207348198	1	1	+	NC_072373.2	207347498	207347565	207347659	207347829	ASAP3	XM_054500830.2	+	1	207347565	207347659	93	3
NC_072373.2	207347481	207348198	1	1	+	NC_072373.2	207347659	207347829	207347911	207348106	ASAP3	XM_054500830.2	+	1	207347829	207347911	81	3
NC_072373.2	207347481	207348198	1	1	+	NC_072373.2	207347498	207347565	207347659	207347766	ASAP3	XM_054500849.2	+	1	207347565	207347659	93	2
NC_072373.2	207347481	207348198	1	1	+	NC_072373.2	207347659	207347766	207347911	207348106	ASAP3	XM_054500849.2	+	1	207347766	207347911	144	2
NC_072373.2	208199597	208200125	-2	1	-	NC_072373.2	208199901	208200050	208199623	208199813	EPHA8	XM_054456392.2	-	2	208199813	208199901	87	2
NC_072373.2	209008015	209008633	2	1	+	NC_072373.2	209008139	209008274	209008392	209008543	HSPG2	XM_054502323.2	+	2	209008274	209008392	117	4
NC_072373.2	209024725	209025331	2	1	+	NC_072373.2	209024843	209024942	209025081	209025190	HSPG2	XM_054502323.2	+	2	209024942	209025081	138	4
NC_072373.2	209027795	209028482	3	1	+	NC_072373.2	209027979	209028150	209028253	209028375	HSPG2	XM_054502323.2	+	3	209028150	209028253	102	4
NC_072373.2	209031551	209032082	3	1	+	NC_072373.2	209031773	209031851	209032011	209032081	HSPG2	XM_054502323.2	+	3	209031851	209032011	159	2
NC_072373.2	209031551	209032082	3	1	+	NC_072373.2	209031773	209031851	209031975	209032081	HSPG2	XM_063658800.1	+	3	209031851	209031975	123	2
NC_072373.2	209502495	209503542	1	1	+	NC_072373.2	209502763	209502816	209503030	209503116	ECE1	XM_054502654.2	+	1	209502816	209503030	213	1
NC_072373.2	210127639	210128182	2	1	+	NC_072373.2	210127842	210127945	210128087	210128181	DDOST	XM_054503002.2	+	2	210127945	210128087	141	2
NC_072373.2	210130629	210131235	1	1	+	NC_072373.2	210130648	210130768	210130892	210130998	DDOST	XM_054503002.2	+	1	210130768	210130892	123	2
NC_072373.2	210130629	210131235	1	1	+	NC_072373.2	210130892	210130998	210131089	210131235	DDOST	XM_054503002.2	+	1	210130998	210131089	90	2
NC_072373.2	211509226	211509826	2	1	+	NC_072373.2	211509273	211509460	211509653	211509757	LOC129045240	XM_054503704.2	+	2	211509460	211509653	192	1
NC_072373.2	211530503	211531100	3	1	+	NC_072373.2	211530547	211530734	211530927	211531031	LOC129045242	XM_054503719.2	+	3	211530734	211530927	192	1
NC_072373.2	211545898	211546540	2	1	+	NC_072373.2	211545987	211546174	211546367	211546471	LOC129045249	XM_054503732.2	+	2	211546174	211546367	192	3
NC_072373.2	21154987	21155593	-3	1	-	NC_072373.2	21155386	21155508	21155032	21155202	OBSCN	XM_054467038.2	-	3	21155202	21155386	183	2
NC_072373.2	211617714	211618179	1	1	+	NC_072373.2	211617745	211617874	211617992	211618131	UBR4	XM_054503754.2	+	1	211617874	211617992	117	13
NC_072373.2	21162252	21162891	-1	1	-	NC_072373.2	21162736	21162813	21162254	21162426	OBSCN	XM_054467038.2	-	1	21162426	21162736	309	2
NC_072373.2	21163963	21165208	-3	1	-	NC_072373.2	21164972	21165084	21164590	21164758	OBSCN	XM_054467038.2	-	3	21164758	21164972	213	2
NC_072373.2	21163963	21165208	-3	1	-	NC_072373.2	21164590	21164758	21163983	21164183	OBSCN	XM_054467038.2	-	3	21164183	21164590	406	2
NC_072373.2	21194482	21195130	-3	1	-	NC_072373.2	21194848	21194970	21194591	21194730	OBSCN	XM_054467038.2	-	3	21194730	21194848	117	2
NC_072373.2	21254193	21254826	-1	1	-	NC_072373.2	21254478	21254639	21254286	21254390	OBSCN	XM_054467038.2	-	1	21254390	21254478	87	2
NC_072373.2	21257790	21258537	-1	1	-	NC_072373.2	21258183	21258461	21257796	21258062	OBSCN	XM_054467038.2	-	1	21258062	21258183	120	2
NC_072373.2	213841216	213841606	2	1	+	NC_072373.2	213841241	213841375	213841463	213841529	ATP13A2	XM_054436093.2	+	2	213841375	213841463	87	6
NC_072373.2	213841216	213841606	2	1	+	NC_072373.2	213841268	213841375	213841463	213841529	ATP13A2	XM_054436122.2	+	2	213841375	213841463	87	1
NC_072373.2	213851417	213852266	3	1	+	NC_072373.2	213851425	213851585	213851709	213851825	ATP13A2	XM_054436093.2	+	3	213851585	213851709	123	7
NC_072373.2	215085991	215086972	2	1	+	NC_072373.2	215086085	215086227	215086324	215086624	ZBTB17	XM_054436860.2	+	2	215086227	215086324	96	2
NC_072373.2	215088465	215088963	1	1	+	NC_072373.2	215088494	215088604	215088683	215088963	ZBTB17	XM_054436860.2	+	1	215088604	215088683	78	1
NC_072373.2	215088465	215088963	1	1	+	NC_072373.2	215088515	215088604	215088683	215088963	ZBTB17	XM_063659255.1	+	1	215088604	215088683	78	1
NC_072373.2	215298415	215299429	-3	1	-	NC_072373.2	215299067	215299226	215298560	215298739	PLEKHM2	XM_054437210.2	-	3	215298739	215299067	327	3
NC_072373.2	219539507	219540038	3	1	+	NC_072373.2	219539709	219539748	219539839	219539957	MAD2L2	XM_054439222.2	+	3	219539748	219539839	90	2
NC_072373.2	220165105	220166506	2	1	+	NC_072373.2	220165631	220165797	220166224	220166344	SRM	XM_054439715.2	+	2	220165797	220166224	426	1
NC_072373.2	220169323	220170040	2	1	+	NC_072373.2	220169499	220169582	220169682	220169827	SRM	XM_054439715.2	+	2	220169582	220169682	99	1
NC_072373.2	221512806	221513520	-1	1	-	NC_072373.2	221513323	221513502	221512834	221512983	PIK3CD	XM_054440295.2	-	1	221512983	221513323	339	10
NC_072373.2	222202627	222203197	2	1	+	NC_072373.2	222202628	222202729	222203051	222203126	SLC2A5	XM_054440615.2	+	2	222202729	222203051	321	7
NC_072373.2	224627926	224628421	-3	1	-	NC_072373.2	224628181	224628317	224627932	224628096	ZBTB48	XM_054441342.2	-	3	224628096	224628181	84	8
NC_072373.2	224628482	224629367	-2	1	-	NC_072373.2	224629116	224629202	224628742	224628896	ZBTB48	XM_054441342.2	-	2	224628896	224629116	219	8
NC_072373.2	224743362	224744004	1	1	+	NC_072373.2	224743573	224743623	224743744	224743893	PLEKHG5	XM_054441524.2	+	1	224743623	224743744	120	10
NC_072373.2	224744124	224744961	1	1	+	NC_072373.2	224744284	224744394	224744500	224744649	PLEKHG5	XM_054441524.2	+	1	224744394	224744500	105	10
NC_072373.2	224752375	224752744	2	1	+	NC_072373.2	224752432	224752487	224752587	224752694	TNFRSF25	XM_054441598.2	+	2	224752487	224752587	99	1
NC_072373.2	224763345	224764314	-1	1	-	NC_072373.2	224763901	224764046	224763553	224763816	ESPN	XM_054441444.2	-	1	224763816	224763901	84	8
NC_072373.2	224774683	224775397	-3	1	-	NC_072373.2	224775173	224775359	224774825	224775007	ESPN	XM_054441444.2	-	3	224775007	224775173	165	5
NC_072373.2	224774683	224775397	-3	1	-	NC_072373.2	224775173	224775359	224774825	224774974	ESPN	XM_054441462.1	-	3	224774974	224775173	198	1
NC_072373.2	225088675	225089587	2	1	+	NC_072373.2	225088736	225088967	225089196	225089306	CHD5	XM_054441784.1	+	2	225088967	225089196	228	4
NC_072373.2	225096045	225096750	1	1	+	NC_072373.2	225096143	225096222	225096478	225096610	CHD5	XM_054441784.1	+	1	225096222	225096478	255	2
NC_072373.2	225108373	225111646	2	1	+	NC_072373.2	225111159	225111322	225111431	225111545	CHD5	XM_054441784.1	+	2	225111322	225111431	108	2
NC_072373.2	227475544	227476447	-3	1	-	NC_072373.2	227475940	227476297	227475578	227475708	CCDC27	XM_054442913.1	-	3	227475708	227475940	231	8
NC_072373.2	228623180	228624029	-2	1	-	NC_072373.2	228623718	228623842	228623537	228623621	PLCH2	XM_054443784.2	-	2	228623621	228623718	96	1
NC_072373.2	229085501	229086251	-2	1	-	NC_072373.2	229086018	229086229	229085502	229085798	GABRD	XM_054444296.2	-	2	229085798	229086018	219	1
NC_072373.2	229188223	229188727	2	1	+	NC_072373.2	229188235	229188369	229188502	229188611	CFAP74	XM_054444305.2	+	2	229188369	229188502	132	9
NC_072373.2	229188623	229189196	3	1	+	NC_072373.2	229188751	229188806	229188915	229189034	CFAP74	XM_054444305.2	+	3	229188806	229188915	108	9
NC_072373.2	229197523	229198306	2	1	+	NC_072373.2	229197760	229197938	229198029	229198306	TMEM52	XM_054444367.1	+	2	229197938	229198029	90	2
NC_072373.2	229493733	229494204	-1	1	-	NC_072373.2	229494048	229494187	229493802	229493969	LOC129010582	XM_054445035.2	-	1	229493969	229494048	78	2
NC_072373.2	229501331	229501880	-2	1	-	NC_072373.2	229501644	229501786	229501419	229501526	MIB2	XM_054444959.2	-	2	229501526	229501644	117	9
NC_072373.2	229501331	229501880	-2	1	-	NC_072373.2	229501644	229501786	229501419	229501514	MIB2	XM_054444966.2	-	2	229501514	229501644	129	4
NC_072373.2	229591983	229592484	1	1	+	NC_072373.2	229592049	229592257	229592339	229592484	TMEM240	XM_054445081.2	+	1	229592257	229592339	81	1
NC_072373.2	229715557	229716043	2	1	+	NC_072373.2	229715639	229715725	229715837	229715947	MRPL20	XM_054445266.2	+	2	229715725	229715837	111	2
NC_072373.2	229747659	229748814	1	1	+	NC_072373.2	229748023	229748074	229748330	229748775	AURKAIP1	XM_054445248.2	+	1	229748074	229748330	255	4
NC_072373.2	229780308	229781001	1	1	+	NC_072373.2	229780399	229780468	229780538	229780677	DVL1	XM_054445301.1	+	1	229780468	229780538	69	3
NC_072373.2	229781057	229781831	3	1	+	NC_072373.2	229781183	229781250	229781392	229781469	DVL1	XM_054445301.1	+	3	229781250	229781392	141	1
NC_072373.2	229781057	229781831	3	1	+	NC_072373.2	229781183	229781250	229781392	229781544	DVL1	XM_054445308.2	+	3	229781250	229781392	141	2
NC_072373.2	229817729	229818224	3	1	+	NC_072373.2	229817799	229817918	229818105	229818158	ACAP3	XM_054445282.2	+	3	229817918	229818105	186	3
NC_072373.2	230069781	230070504	-1	1	-	NC_072373.2	230070307	230070423	230069952	230070144	AGRN	XM_054445805.2	-	1	230070144	230070307	162	9
NC_072373.2	230069781	230070504	-1	1	-	NC_072373.2	230069952	230070144	230069783	230069870	AGRN	XM_054445805.2	-	1	230069870	230069952	81	9
NC_072373.2	230073733	230074387	-3	1	-	NC_072373.2	230074133	230074260	230073901	230074015	AGRN	XM_054445805.2	-	3	230074015	230074133	117	9
NC_072373.2	230074481	230075276	-2	1	-	NC_072373.2	230074853	230075191	230074631	230074768	AGRN	XM_054445805.2	-	2	230074768	230074853	84	9
NC_072373.2	230076058	230076454	-3	1	-	NC_072373.2	230076310	230076426	230076064	230076228	AGRN	XM_054445805.2	-	3	230076228	230076310	81	9
NC_072373.2	230077867	230078386	-3	1	-	NC_072373.2	230078149	230078367	230077873	230078067	AGRN	XM_054445805.2	-	3	230078067	230078149	81	9
NC_072373.2	230123707	230124289	2	1	+	NC_072373.2	230123738	230123825	230123919	230124289	HES4	XM_054445922.2	+	2	230123825	230123919	93	2
NC_072373.2	230146322	230146754	3	1	+	NC_072373.2	230146336	230146461	230146666	230146754	PERM1	XM_054446231.2	+	3	230146461	230146666	204	1
NC_072373.2	230148584	230149175	-2	1	-	NC_072373.2	230148903	230149121	230148590	230148638	PLEKHN1	XM_054446253.2	-	2	230148638	230148903	264	1
NC_072373.2	230151893	230152589	-2	1	-	NC_072373.2	230152353	230152433	230152196	230152268	PLEKHN1	XM_054446253.2	-	2	230152268	230152353	84	1
NC_072373.2	230169188	230169749	3	1	+	NC_072373.2	230169326	230169404	230169516	230169626	NOC2L	XM_054446319.2	+	3	230169404	230169516	111	2
NC_072373.2	39663548	39664349	-2	1	-	NC_072373.2	39664191	39664331	39663945	39664082	TRAF3IP3	XM_054474384.2	-	2	39664082	39664191	108	8
NC_072373.2	39815023	39815623	2	1	+	NC_072373.2	39815047	39815207	39815322	39815542	LAMB3	XM_054474781.2	+	2	39815207	39815322	114	2
NC_072373.2	41960279	41960684	-2	1	-	NC_072373.2	41960465	41960653	41960281	41960380	CR1	XM_054485890.1	-	2	41960380	41960465	84	1
NC_072373.2	43925876	43926605	-2	1	-	NC_072373.2	43926212	43926309	43925878	43925983	CDK18	XM_054491783.2	-	2	43925983	43926212	228	4
NC_072373.2	43925876	43926605	-2	1	-	NC_072373.2	43926212	43926309	43925877	43925983	CDK18	XM_054491792.2	-	2	43925983	43926212	228	1
NC_072373.2	44392715	44393279	-2	1	-	NC_072373.2	44393083	44393233	44392805	44392932	CNTN2	XM_054466818.2	-	2	44392932	44393083	150	2
NC_072373.2	44481873	44483022	-1	1	-	NC_072373.2	44482494	44482660	44481899	44482046	NFASC	XM_054466840.1	-	1	44482046	44482494	447	16
NC_072373.2	48428615	48429179	3	1	+	NC_072373.2	48428672	48428801	48429078	48429137	CACNA1S	XM_054462763.1	+	3	48428801	48429078	276	1
NC_072373.2	48491981	48492467	3	1	+	NC_072373.2	48492018	48492167	48492270	48492404	KIF21B	XM_054462791.1	+	3	48492167	48492270	102	6
NC_072373.2	5928197	5929001	3	1	+	NC_072373.2	5928349	5928512	5928699	5928992	CEP170	XM_054500939.2	+	3	5928512	5928699	186	14
NC_072373.2	66555899	66556460	-2	1	-	NC_072373.2	66556098	66556256	66555905	66556004	LAMC2	XM_054443470.2	-	2	66556004	66556098	93	2
NC_072373.2	69940751	69941333	-2	1	-	NC_072373.2	69941046	69941084	69940764	69940805	CEP350	XM_063651290.1	-	2	69940805	69941046	240	3
NC_072373.2	88987672	88988104	-3	1	-	NC_072373.2	88987970	88988073	88987700	88987786	USP21	XM_054503972.2	-	3	88987786	88987970	183	3
NC_072373.2	89099557	89099902	2	1	+	NC_072373.2	89099602	89099705	89099781	89099858	ARHGAP30	XM_054435480.2	+	2	89099705	89099781	75	4
NC_072373.2	90055855	90056470	-3	1	-	NC_072373.2	90056176	90056374	90055937	90056046	ATP1A2	XM_054438131.1	-	3	90056046	90056176	129	1
NC_072373.2	91567245	91568241	1	1	+	NC_072373.2	91567249	91567296	91567354	91568241	LOC129016044	XM_054454902.1	+	1	91567296	91567354	57	1
NC_072373.2	93272674	93273343	2	1	+	NC_072373.2	93272960	93273017	93273105	93273342	ETV3L	XM_054439042.1	+	2	93273017	93273105	87	1
NC_072373.2	93446862	93447375	-1	1	-	NC_072373.2	93447030	93447158	93446864	93446939	LRRC71	XM_054484048.1	-	1	93446939	93447030	90	8
NC_072373.2	93529286	93529787	3	1	+	NC_072373.2	93529387	93529516	93529652	93529786	INSRR	XM_054435609.1	+	3	93529516	93529652	135	3
NC_072373.2	93811272	93811593	1	1	+	NC_072373.2	93811314	93811381	93811472	93811585	IQGAP3	XM_054450468.2	+	1	93811381	93811472	90	4
NC_072373.2	93824077	93824584	2	1	+	NC_072373.2	93824148	93824315	93824409	93824548	IQGAP3	XM_054450468.2	+	2	93824315	93824409	93	3
NC_072373.2	93824077	93824584	2	1	+	NC_072373.2	93824148	93824315	93824412	93824548	IQGAP3	XM_063650330.1	+	2	93824315	93824412	96	1
NC_072373.2	94760386	94760776	-3	1	-	NC_072373.2	94760609	94760751	94760409	94760518	LOC129017807	XM_054458761.2	-	3	94760518	94760609	90	2
NC_072373.2	95049526	95051632	-3	1	-	NC_072373.2	95050225	95051581	95049544	95049954	RUSC1	XM_063657507.1	-	3	95049954	95050225	270	1
NC_072373.2	95077730	95078276	3	1	+	NC_072373.2	95077798	95077889	95077986	95078117	PKLR	XM_054459070.2	+	3	95077889	95077986	96	3
NC_072373.2	95124410	95125040	3	1	+	NC_072373.2	95124556	95124624	95124724	95124977	ENTREP3	XM_054459177.2	+	3	95124624	95124724	99	4
NC_072373.2	95140054	95140840	-3	1	-	NC_072373.2	95140430	95140519	95140082	95140264	LOC129018110	XM_063664516.1	-	3	95140264	95140430	165	1
NC_072373.2	95161085	95161874	-2	1	-	NC_072373.2	95161461	95161553	95161113	95161295	LOC129018092	XM_054459313.2	-	2	95161295	95161461	165	1
NC_072373.2	95309680	95310484	-3	1	-	NC_072373.2	95310362	95310431	95309705	95309779	ADAM15	XM_054459730.2	-	3	95309779	95310362	582	5
NC_072373.2	95309680	95310484	-3	1	-	NC_072373.2	95310362	95310431	95309705	95309776	ADAM15	XM_054459738.2	-	3	95309776	95310362	585	4
NC_072373.2	95309680	95310484	-3	1	-	NC_072373.2	95310362	95310431	95309681	95309779	ADAM15	XM_054459842.2	-	3	95309779	95310362	582	1
NC_072373.2	95318418	95318652	-1	1	-	NC_072373.2	95318623	95318651	95318420	95318511	ADAM15	XM_054459906.2	-	1	95318511	95318623	111	1
NC_072373.2	95324928	95325351	-1	1	-	NC_072373.2	95325202	95325301	95324974	95325069	DCST1	XM_054459937.2	-	1	95325069	95325202	132	2
NC_072373.2	95403025	95403787	2	1	+	NC_072373.2	95403118	95403316	95403404	95403473	SHC1	XM_054460223.2	+	2	95403316	95403404	87	21
NC_072373.2	95403025	95403787	2	1	+	NC_072373.2	95403404	95403473	95403558	95403689	SHC1	XM_054460223.2	+	2	95403473	95403558	84	11
NC_072373.2	95403025	95403787	2	1	+	NC_072373.2	95403404	95403473	95403555	95403689	SHC1	XM_054460224.2	+	2	95403473	95403555	81	10
NC_072373.2	95421230	95421893	3	1	+	NC_072373.2	95421430	95421500	95421594	95421725	PBXIP1	XM_054460237.2	+	3	95421500	95421594	93	3
NC_072373.2	96408749	96409127	3	1	+	NC_072373.2	96408874	96408953	96409077	96409126	CRTC2	XM_054461492.2	+	3	96408953	96409077	123	3
NC_072373.2	96408749	96409127	3	1	+	NC_072373.2	96408889	96408953	96409077	96409126	CRTC2	XM_054461494.2	+	3	96408953	96409077	123	1
NC_072373.2	96430405	96430771	2	1	+	NC_072373.2	96430433	96430474	96430640	96430771	DENND4B	XM_054461509.2	+	2	96430474	96430640	165	1
NC_072373.2	98175287	98187518	3	1	+	NC_072373.2	98175312	98179987	98180681	98181642	HRNR	XM_054479425.1	+	3	98179987	98180681	693	1
NC_072373.2	98175287	98187518	3	1	+	NC_072373.2	98180681	98181642	98182345	98183208	HRNR	XM_054479425.1	+	3	98181642	98182345	702	1
NC_072373.2	98175287	98187518	3	1	+	NC_072373.2	98182345	98183208	98183917	98184384	HRNR	XM_054479425.1	+	3	98183208	98183917	708	1
NC_072373.2	98175287	98187518	3	1	+	NC_072373.2	98183917	98184384	98185087	98185627	HRNR	XM_054479425.1	+	3	98184384	98185087	702	1
NC_072373.2	98175287	98187518	3	1	+	NC_072373.2	98185087	98185627	98186003	98186028	HRNR	XM_054479425.1	+	3	98185627	98186003	375	1
NC_072373.2	98175287	98187518	3	1	+	NC_072373.2	98186003	98186028	98186341	98186656	HRNR	XM_054479425.1	+	3	98186028	98186341	312	1
NC_072373.2	98175287	98187518	3	1	+	NC_072373.2	98186341	98186656	98187015	98187518	HRNR	XM_054479425.1	+	3	98186656	98187015	358	1
NC_072373.2	98748371	98749043	3	1	+	NC_072373.2	98748451	98748588	98748847	98748990	CELF3	XM_054473964.2	+	3	98748588	98748847	258	8
NC_072373.2	98748371	98749043	3	1	+	NC_072373.2	98748454	98748588	98748847	98748990	CELF3	XM_054474045.2	+	3	98748588	98748847	258	2
NC_072373.2	98918574	98918874	-1	1	-	NC_072373.2	98918791	98918874	98918576	98918694	CGN	XM_054473994.1	-	1	98918694	98918791	96	4
NC_072373.2	99020447	99021116	3	1	+	NC_072373.2	99020515	99020805	99020887	99021105	POGZ	XM_063663422.1	+	3	99020805	99020887	81	6
NC_072373.2	99020447	99021116	3	1	+	NC_072373.2	99020515	99020805	99020914	99021105	POGZ	XM_063663431.1	+	3	99020805	99020914	108	2
NC_072373.2	99906959	99907772	-2	1	-	NC_072373.2	99907593	99907765	99907334	99907445	ADAMTSL4	XM_054474473.2	-	2	99907445	99907593	147	9
NC_072373.2	99906959	99907772	-2	1	-	NC_072373.2	99907334	99907445	99907049	99907234	ADAMTSL4	XM_054474473.2	-	2	99907234	99907334	99	9
NC_072373.2	99953407	99953905	-3	1	-	NC_072373.2	99953698	99953778	99953518	99953598	ECM1	XM_054474618.2	-	3	99953598	99953698	99	1
NC_072376.2	1010780	1011491	3	1	+	NC_072376.2	1011174	1011299	1011378	1011454	IDUA	XM_054485920.2	+	3	1011299	1011378	78	4
NC_072376.2	1011820	1012219	2	1	+	NC_072376.2	1011841	1011941	1012089	1012219	IDUA	XM_054485920.2	+	2	1011941	1012089	147	5
NC_072376.2	1031464	1032778	2	1	+	NC_072376.2	1031745	1032098	1032339	1032778	FGFRL1	XM_054485884.2	+	2	1032098	1032339	240	3
NC_072376.2	110991892	110992375	-1	1	-	NC_072376.2	110992172	110992219	110991929	110992045	TSPAN5	XM_054484300.2	-	1	110992045	110992172	126	5
NC_072376.2	115757843	115758563	-3	1	-	NC_072376.2	115758249	115758563	115757853	115758125	CENPE	XM_054485226.2	-	3	115758125	115758249	123	11
NC_072376.2	1175028	1175772	-2	1	-	NC_072376.2	1175515	1175738	1175251	1175442	SPON2	XM_054485579.2	-	2	1175442	1175515	72	1
NC_072376.2	158014388	158014820	-3	1	-	NC_072376.2	158014679	158014782	158014390	158014576	OTUD4	XM_054486723.1	-	3	158014576	158014679	102	6
NC_072376.2	164169657	164169870	-2	1	-	NC_072376.2	164169862	164169864	164169741	164169780	SH3D19	XM_063664182.1	-	2	164169780	164169862	81	2
NC_072376.2	165599245	165599785	-1	1	-	NC_072376.2	165599482	165599742	165599353	165599391	TMEM154	XM_054485752.2	-	1	165599391	165599482	90	1
NC_072376.2	181364645	181364969	3	1	+	NC_072376.2	181364682	181364735	181364832	181364925	ANXA10	XM_054485747.1	+	3	181364735	181364832	96	1
NC_072376.2	1840552	1841062	2	1	+	NC_072376.2	1840634	1840704	1840924	1841061	FGFR3	XM_054485457.2	+	2	1840704	1840924	219	20
NC_072376.2	2497247	2497874	3	1	+	NC_072376.2	2497394	2497556	2497761	2497874	CFAP99	XM_054486577.2	+	3	2497556	2497761	204	1
NC_072376.2	2967776	2968211	-3	1	-	NC_072376.2	2968037	2968145	2967817	2967928	MFSD10	XM_054486609.2	-	3	2967928	2968037	108	14
NC_072376.2	38851358	38851814	-3	1	-	NC_072376.2	38851754	38851799	38851554	38851669	RPL9	XM_054484651.2	-	3	38851669	38851754	84	2
NC_072376.2	40661460	40662147	1	1	+	NC_072376.2	40661830	40661862	40661968	40661979	UCHL1	XM_054485816.2	+	1	40661862	40661968	105	1
NC_072376.2	7869144	7869576	1	1	+	NC_072376.2	7869220	7869264	7869433	7869561	CYTL1	XM_054484782.2	+	1	7869264	7869433	168	1
NC_072376.2	82532034	82532691	1	1	+	NC_072376.2	82532266	82532372	82532451	82532691	SMR3A	XM_063663233.1	+	1	82532372	82532451	78	1
NC_072376.2	846119	846608	-3	1	-	NC_072376.2	846336	846512	846120	846218	GAK	XM_054485913.2	-	3	846218	846336	117	12
NC_072376.2	8632470	8632785	1	1	+	NC_072376.2	8632471	8632578	8632690	8632773	LYAR	XM_054485131.2	+	1	8632578	8632690	111	3
NC_072376.2	9093130	9093967	-1	1	-	NC_072376.2	9093889	9093904	9093347	9093468	WDR1	XM_054484809.1	-	1	9093468	9093889	420	2
NC_072376.2	969653	969893	-3	1	-	NC_072376.2	969717	969878	969654	969656	DGKQ	XM_063663460.1	-	3	969656	969717	60	1
NC_072377.2	1290116	1290521	-3	1	-	NC_072377.2	1290414	1290469	1290285	1290329	CLPTM1L	XM_054488592.2	-	3	1290329	1290414	84	3
NC_072377.2	1310278	1310839	-1	1	-	NC_072377.2	1310633	1310794	1310304	1310404	CLPTM1L	XM_054488592.2	-	1	1310404	1310633	228	2
NC_072377.2	135324	135957	1	1	+	NC_072377.2	135386	135595	135719	135842	PLEKHG4B	XM_054489160.2	+	1	135595	135719	123	2
NC_072377.2	136450772	136451228	-3	1	-	NC_072377.2	136451111	136451216	136450867	136450960	MEIKIN	XM_054488162.1	-	3	136450960	136451111	150	1
NC_072377.2	136797676	136798330	2	1	+	NC_072377.2	136797724	136797887	136798212	136798329	PDLIM4	XM_054489140.2	+	2	136797887	136798212	324	2
NC_072377.2	137013369	137014038	-2	1	-	NC_072377.2	137013789	137013918	137013471	137013593	IRF1	XM_054487371.2	-	2	137013593	137013789	195	1
NC_072377.2	138626355	138627243	1	1	+	NC_072377.2	138626560	138626823	138626989	138627055	TCF7	XM_054488561.2	+	1	138626823	138626989	165	11
NC_072377.2	143966779	143967268	-1	1	-	NC_072377.2	143967120	143967252	143966821	143967026	ECSCR	XM_054488920.2	-	1	143967026	143967120	93	4
NC_072377.2	144865403	144866102	-3	1	-	NC_072377.2	144865868	144865913	144865496	144865669	HBEGF	XM_054489214.2	-	3	144865669	144865868	198	1
NC_072377.2	146040856	146041342	-1	1	-	NC_072377.2	146041124	146041287	146040865	146041000	DIAPH1	XM_054489331.2	-	1	146041000	146041124	123	3
NC_072377.2	146186967	146187603	-2	1	-	NC_072377.2	146187267	146187466	146187070	146187155	ARAP3	XM_054489346.2	-	2	146187155	146187267	111	8
NC_072377.2	151682412	151682811	-2	1	-	NC_072377.2	151682784	151682793	151682586	151682663	PPP2R2B	XM_054489452.2	-	2	151682663	151682784	120	1
NC_072377.2	152849900	152851349	3	1	+	NC_072377.2	152849995	152850656	152850738	152851277	MARCOL	XM_054487149.2	+	3	152850656	152850738	81	1
NC_072377.2	154849633	154850062	-1	1	-	NC_072377.2	154849909	154850024	154849635	154849755	CSF1R	XM_054487736.1	-	1	154849755	154849909	153	1
NC_072377.2	154911716	154912253	-3	1	-	NC_072377.2	154912107	154912234	154911812	154911986	PDGFRB	XM_054488417.2	-	3	154911986	154912107	120	3
NC_072377.2	154982738	154983281	3	1	+	NC_072377.2	154982739	154982838	154983034	154983134	SLC6A7	XM_054489190.1	+	3	154982838	154983034	195	1
NC_072377.2	155030570	155031134	-3	1	-	NC_072377.2	155030852	155030935	155030622	155030716	CAMK2A	XM_054488261.2	-	3	155030716	155030852	135	2
NC_072377.2	155161143	155161842	1	1	+	NC_072377.2	155161285	155161464	155161588	155161788	TCOF1	XM_054487876.2	+	1	155161464	155161588	123	15
NC_072377.2	155484335	155484809	-3	1	-	NC_072377.2	155484680	155484768	155484356	155484487	RBM22	XM_054489028.2	-	3	155484487	155484680	192	1
NC_072377.2	159639795	159640359	1	1	+	NC_072377.2	159639805	159639928	159640055	159640260	LARP1	XM_054487193.1	+	1	159639928	159640055	126	5
NC_072377.2	159776331	159776607	1	1	+	NC_072377.2	159776452	159776479	159776558	159776606	MRPL22	XM_054488772.2	+	1	159776479	159776558	78	2
NC_072377.2	162317078	162317531	-3	1	-	NC_072377.2	162317430	162317507	162317210	162317318	ADAM19	XM_054489084.2	-	3	162317318	162317430	111	2
NC_072377.2	165192665	165193064	-3	1	-	NC_072377.2	165193002	165193058	165192674	165192887	CCNJL	XM_063665329.1	-	3	165192887	165193002	114	1
NC_072377.2	168268	168835	2	1	+	NC_072377.2	168341	168430	168512	168742	PLEKHG4B	XM_054489160.2	+	2	168430	168512	81	2
NC_072377.2	181277819	181278467	3	1	+	NC_072377.2	181277867	181278029	181278321	181278452	DDX41	XM_054487227.2	+	3	181278029	181278321	291	1
NC_072377.2	181307366	181307981	3	1	+	NC_072377.2	181307397	181307517	181307605	181307720	PDLIM7	XM_054487234.2	+	3	181307517	181307605	87	6
NC_072377.2	181307366	181307981	3	1	+	NC_072377.2	181307397	181307517	181307605	181307981	PDLIM7	XM_063665622.1	+	3	181307517	181307605	87	9
NC_072377.2	181334695	181335769	-1	1	-	NC_072377.2	181335319	181335745	181334696	181335090	PRR7	XM_054487267.2	-	1	181335090	181335319	228	4
NC_072377.2	181405343	181405925	-3	1	-	NC_072377.2	181405643	181405792	181405430	181405558	SLC34A1	XM_054487272.2	-	3	181405558	181405643	84	1
NC_072377.2	181420011	181420500	-2	1	-	NC_072377.2	181420378	181420424	181420185	181420299	RGS14	XM_054487275.2	-	2	181420299	181420378	78	1
NC_072377.2	181423813	181424527	-1	1	-	NC_072377.2	181424246	181424389	181423978	181424089	RGS14	XM_054487275.2	-	1	181424089	181424246	156	1
NC_072377.2	181424582	181425389	-3	1	-	NC_072377.2	181425003	181425095	181424769	181424912	RGS14	XM_054487275.2	-	3	181424912	181425003	90	1
NC_072377.2	181485548	181485938	-3	1	-	NC_072377.2	181485825	181485938	181485638	181485716	PRELID1	XM_054487278.2	-	3	181485716	181485825	108	1
NC_072377.2	181488974	181489469	3	1	+	NC_072377.2	181488975	181489053	181489159	181489226	RAB24	XM_054487284.2	+	3	181489053	181489159	105	1
NC_072377.2	181705317	181706049	-2	1	-	NC_072377.2	181705678	181705868	181705413	181705551	FGFR4	XM_054489586.2	-	2	181705551	181705678	126	1
NC_072377.2	181914282	181915143	1	1	+	NC_072377.2	181914597	181914752	181914909	181915142	HK3	XM_054489582.2	+	1	181914752	181914909	156	3
NC_072377.2	181917165	181918188	-2	1	-	NC_072377.2	181918021	181918170	181917166	181917939	UNC5A	XM_054489575.2	-	2	181917939	181918021	81	3
NC_072377.2	181917165	181918188	-2	1	-	NC_072377.2	181918021	181918170	181917775	181917939	UNC5A	XM_054489578.2	-	2	181917939	181918021	81	3
NC_072377.2	182145653	182146097	-3	1	-	NC_072377.2	182145990	182146040	182145756	182145902	TSPAN17	XM_054488932.2	-	3	182145902	182145990	87	2
NC_072377.2	182213119	182214025	-1	1	-	NC_072377.2	182213917	182213986	182213161	182213766	CDHR2	XM_054487167.1	-	1	182213766	182213917	150	3
NC_072377.2	182267521	182268328	2	1	+	NC_072377.2	182267570	182267731	182268203	182268327	RNF44	XM_054487171.2	+	2	182267731	182268203	471	15
NC_072377.2	182408311	182408755	2	1	+	NC_072377.2	182408312	182408429	182408643	182408754	CLTB	XM_054488004.2	+	2	182408429	182408643	213	2
NC_072377.2	182881603	182882236	2	1	+	NC_072377.2	182881689	182881834	182881958	182882098	RMND5B	XM_054487599.2	+	2	182881834	182881958	123	3
NC_072377.2	182881603	182882236	2	1	+	NC_072377.2	182881730	182881834	182881958	182882098	RMND5B	XM_054487600.2	+	2	182881834	182881958	123	1
NC_072377.2	182985111	182985687	-2	1	-	NC_072377.2	182985622	182985675	182985322	182985408	COL23A1	XM_054487618.2	-	2	182985408	182985622	213	1
NC_072377.2	182988929	182989352	-3	1	-	NC_072377.2	182989263	182989316	182988951	182988977	COL23A1	XM_054487618.2	-	3	182988977	182989263	285	1
NC_072377.2	184532186	184532738	-3	1	-	NC_072377.2	184532643	184532718	184532408	184532522	MGAT4B	XM_054489715.2	-	3	184532522	184532643	120	5
NC_072377.2	184533703	184534198	-1	1	-	NC_072377.2	184534018	184534158	184533797	184533930	MGAT4B	XM_054489715.2	-	1	184533930	184534018	87	5
NC_072377.2	184596502	184597123	-1	1	-	NC_072377.2	184596874	184596945	184596541	184596591	TBC1D9B	XM_054489713.2	-	1	184596591	184596874	282	2
NC_072377.2	185337821	185338658	-3	1	-	NC_072377.2	185338226	185338394	185337823	185337940	FLT4	XM_054486948.1	-	3	185337940	185338226	285	3
NC_072377.2	185338883	185339525	-3	1	-	NC_072377.2	185339193	185339305	185338910	185339072	FLT4	XM_054486948.1	-	3	185339072	185339193	120	3
NC_072377.2	185774541	185774946	1	1	+	NC_072377.2	185774573	185774701	185774879	185774911	BTNL9	XM_054489618.1	+	1	185774701	185774879	177	3
NC_072377.2	5308472	5309153	3	1	+	NC_072377.2	5308625	5308826	5308929	5309123	ADAMTS16	XM_054489493.2	+	3	5308826	5308929	102	2
NC_072377.2	7917992	7918439	3	1	+	NC_072377.2	7918055	7918147	7918256	7918438	MTRR	XM_054487694.2	+	3	7918147	7918256	108	10
NC_072377.2	99653039	99653753	3	1	+	NC_072377.2	99653268	99653269	99653444	99653669	RHOBTB3	XM_054487892.2	+	3	99653269	99653444	174	10
NC_072378.2	109396786	109397260	2	1	+	NC_072378.2	109396847	109396929	109397056	109397188	SMPD2	XM_054490037.2	+	2	109396929	109397056	126	1
NC_072378.2	109408070	109408667	-2	1	-	NC_072378.2	109408404	109408661	109408103	109408310	MICAL1	XM_054490030.2	-	2	109408310	109408404	93	7
NC_072378.2	132268398	132269001	-1	1	-	NC_072378.2	132268759	132268824	132268422	132268644	CCN2	XM_054492937.2	-	1	132268644	132268759	114	1
NC_072378.2	133055388	133055862	-1	1	-	NC_072378.2	133055617	133055829	133055390	133055520	LOC129038981	XM_054492555.2	-	1	133055520	133055617	96	1
NC_072378.2	151280142	151280505	1	1	+	NC_072378.2	151280143	151280238	151280410	151280496	PLEKHG1	XM_054490716.2	+	1	151280238	151280410	171	7
NC_072378.2	158631425	158631950	3	1	+	NC_072378.2	158631450	158631599	158631675	158631840	SYNJ2	XM_054492131.2	+	3	158631599	158631675	75	10
NC_072378.2	167871546	167872812	1	1	+	NC_072378.2	167871595	167871603	167871700	167872812	CCR6	XM_054493118.2	+	1	167871603	167871700	96	3
NC_072378.2	171006274	171007423	-3	1	-	NC_072378.2	171007181	171007234	171006605	171006901	DLL1	XM_054490280.2	-	3	171006901	171007181	279	1
NC_072378.2	25879967	25880552	3	1	+	NC_072378.2	25880187	25880319	25880404	25880551	SLC17A4	XM_054491739.2	+	3	25880319	25880404	84	1
NC_072378.2	30033644	30034211	-2	1	-	NC_072378.2	30033958	30034202	30033705	30033780	LOC129039306	XM_063665958.1	-	2	30033780	30033958	177	5
NC_072378.2	30587595	30587985	1	1	+	NC_072378.2	30587596	30587691	30587851	30587980	ABCF1	XM_054491333.2	+	1	30587691	30587851	159	1
NC_072378.2	30587595	30587985	1	1	+	NC_072378.2	30587596	30587691	30587854	30587980	ABCF1	XM_054491334.2	+	1	30587691	30587854	162	1
NC_072378.2	30671169	30671715	-1	1	-	NC_072378.2	30671575	30671673	30671311	30671463	DHX16	XM_054489963.2	-	1	30671463	30671575	111	2
NC_072378.2	30674276	30674927	-2	1	-	NC_072378.2	30674571	30674681	30674284	30674399	DHX16	XM_054489963.2	-	2	30674399	30674571	171	1
NC_072378.2	30899160	30899538	1	1	+	NC_072378.2	30899233	30899317	30899411	30899513	DDR1	XM_054492179.2	+	1	30899317	30899411	93	12
NC_072378.2	30903473	30904019	3	1	+	NC_072378.2	30903574	30903669	30903778	30903929	DDR1	XM_054492179.2	+	3	30903669	30903778	108	12
NC_072378.2	30933194	30933512	3	1	+	NC_072378.2	30933216	30933284	30933408	30933486	VARS2	XM_054491586.2	+	3	30933284	30933408	123	3
NC_072378.2	30958977	30964380	1	1	+	NC_072378.2	30959141	30960034	30960452	30960979	MUCL3	XM_063665681.1	+	1	30960034	30960452	417	1
NC_072378.2	30958977	30964380	1	1	+	NC_072378.2	30960452	30960979	30961340	30962018	MUCL3	XM_063665681.1	+	1	30960979	30961340	360	1
NC_072378.2	30958977	30964380	1	1	+	NC_072378.2	30961340	30962018	30962304	30963073	MUCL3	XM_063665681.1	+	1	30962018	30962304	285	1
NC_072378.2	30958977	30964380	1	1	+	NC_072378.2	30962304	30963073	30963131	30964332	MUCL3	XM_063665681.1	+	1	30963073	30963131	57	1
NC_072378.2	30997844	30999068	3	1	+	NC_072378.2	30997930	30998171	30998307	30999059	MUC21	XM_063665682.1	+	3	30998171	30998307	135	1
NC_072378.2	31032611	31036823	3	1	+	NC_072378.2	31032667	31033866	31033987	31036641	MUC22	XM_054493095.2	+	3	31033866	31033987	120	1
NC_072378.2	31152460	31152907	-3	1	-	NC_072378.2	31152679	31152867	31152481	31152582	CCHCR1	XM_054490310.2	-	3	31152582	31152679	96	44
NC_072378.2	31152460	31152907	-3	1	-	NC_072378.2	31152679	31152867	31152461	31152582	CCHCR1	XM_054490331.2	-	3	31152582	31152679	96	1
NC_072378.2	31158215	31158653	-2	1	-	NC_072378.2	31158489	31158624	31158219	31158329	CCHCR1	XM_054490310.2	-	2	31158329	31158489	159	35
NC_072378.2	31158215	31158653	-2	1	-	NC_072378.2	31158489	31158494	31158219	31158329	CCHCR1	XM_063666016.1	-	2	31158329	31158489	159	2
NC_072378.2	31164528	31164915	-1	1	-	NC_072378.2	31164822	31164888	31164530	31164743	CCHCR1	XM_054490310.2	-	1	31164743	31164822	78	8
NC_072378.2	31164528	31164915	-1	1	-	NC_072378.2	31164822	31164888	31164530	31164635	CCHCR1	XM_054490311.2	-	1	31164635	31164822	186	5
NC_072378.2	31164528	31164915	-1	1	-	NC_072378.2	31164822	31164837	31164530	31164743	CCHCR1	XM_054490316.2	-	1	31164743	31164822	78	21
NC_072378.2	31164528	31164915	-1	1	-	NC_072378.2	31164822	31164837	31164530	31164635	CCHCR1	XM_054490321.2	-	1	31164635	31164822	186	7
NC_072378.2	31173141	31173993	-1	1	-	NC_072378.2	31173702	31173822	31173340	31173470	POU5F1	XM_054490346.2	-	1	31173470	31173702	231	1
NC_072378.2	31291711	31292356	-3	1	-	NC_072378.2	31292116	31292179	31291717	31291986	LOC129038117	XM_054490701.2	-	3	31291986	31292116	129	2
NC_072378.2	31880928	31881936	1	1	+	NC_072378.2	31880957	31881178	31881350	31881936	NFKBIL1	XM_054490970.2	+	1	31881178	31881350	171	2
NC_072378.2	31880928	31881936	1	1	+	NC_072378.2	31880957	31881133	31881350	31881936	NFKBIL1	XM_054490971.2	+	1	31881133	31881350	216	1
NC_072378.2	32035895	32036570	-2	1	-	NC_072378.2	32036216	32036341	32035896	32036113	LOC129038492	XM_054491574.1	-	2	32036113	32036216	102	1
NC_072378.2	32091760	32092333	-3	1	-	NC_072378.2	32091979	32092131	32091775	32091867	VWA7	XM_054491318.2	-	3	32091867	32091979	111	3
NC_072378.2	32103393	32104107	-1	1	-	NC_072378.2	32103936	32104047	32103478	32103803	VARS1	XM_054492496.2	-	1	32103803	32103936	132	2
NC_072378.2	32105858	32106437	-2	1	-	NC_072378.2	32106201	32106271	32105991	32106116	VARS1	XM_054492496.2	-	2	32106116	32106201	84	2
NC_072378.2	32188590	32189100	-1	1	-	NC_072378.2	32188950	32189020	32188756	32188850	SLC44A4	XM_063666050.1	-	1	32188850	32188950	99	1
NC_072378.2	32204625	32205264	-1	1	-	NC_072378.2	32204962	32205040	32204627	32204802	EHMT2	XM_054493166.2	-	1	32204802	32204962	159	8
NC_072378.2	32271113	32271725	3	1	+	NC_072378.2	32271205	32271336	32271619	32271720	CFB	XM_054493178.2	+	3	32271336	32271619	282	1
NC_072378.2	32317273	32317675	2	1	+	NC_072378.2	32317274	32317390	32317496	32317667	LOC129039433	XM_054493191.2	+	2	32317390	32317496	105	2
NC_072378.2	32319931	32320489	2	1	+	NC_072378.2	32320056	32320242	32320357	32320447	LOC129039433	XM_054493191.2	+	2	32320242	32320357	114	2
NC_072378.2	32331228	32331810	-1	1	-	NC_072378.2	32331468	32331611	32331244	32331374	TNXB	XM_063666061.1	-	1	32331374	32331468	93	1
NC_072378.2	32332030	32332474	-3	1	-	NC_072378.2	32332300	32332422	32332042	32332185	TNXB	XM_063666061.1	-	3	32332185	32332300	114	1
NC_072378.2	32343730	32344132	2	1	+	NC_072378.2	32343731	32343847	32343953	32344124	LOC129039436	XM_054493197.2	+	2	32343847	32343953	105	1
NC_072378.2	32346389	32346947	3	1	+	NC_072378.2	32346514	32346700	32346815	32346905	LOC129039436	XM_054493197.2	+	3	32346700	32346815	114	1
NC_072378.2	32357674	32358256	-3	1	-	NC_072378.2	32357914	32358057	32357690	32357820	TNXB	XM_054493196.2	-	3	32357820	32357914	93	3
NC_072378.2	32358422	32358920	-2	1	-	NC_072378.2	32358746	32358868	32358488	32358631	TNXB	XM_054493196.2	-	2	32358631	32358746	114	3
NC_072378.2	32382515	32383601	-2	1	-	NC_072378.2	32383007	32383321	32382575	32382892	TNXB	XM_054493196.2	-	2	32382892	32383007	114	4
NC_072378.2	32470117	32470453	2	1	+	NC_072378.2	32470149	32470244	32470332	32470439	PPT2	XM_054493205.2	+	2	32470244	32470332	87	3
NC_072378.2	32481900	32482263	1	1	+	NC_072378.2	32481905	32482075	32482169	32482248	EGFL8	XM_054493214.2	+	1	32482075	32482169	93	1
NC_072378.2	32494848	32495163	1	1	+	NC_072378.2	32494849	32494966	32495069	32495163	RNF5	XM_054493234.2	+	1	32494966	32495069	102	2
NC_072378.2	32534671	32535241	-3	1	-	NC_072378.2	32534977	32535213	32534701	32534856	NOTCH4	XM_054493221.2	-	3	32534856	32534977	120	2
NC_072378.2	32609018	32610239	-2	1	-	NC_072378.2	32609652	32610115	32609019	32609606	TSBP1	XM_063666080.1	-	2	32609606	32609652	45	3
NC_072378.2	33321676	33322138	2	1	+	NC_072378.2	33321765	33321887	33322005	33322138	BRD2	XM_054493569.2	+	2	33321887	33322005	117	7
NC_072378.2	33518289	33518814	-1	1	-	NC_072378.2	33518722	33518775	33518340	33518607	COL11A2	XM_054490820.2	-	1	33518607	33518722	114	9
NC_072378.2	33531583	33532120	-3	1	-	NC_072378.2	33531821	33531874	33531668	33531721	COL11A2	XM_054490820.2	-	3	33531721	33531821	99	9
NC_072378.2	33547666	33548200	-3	1	-	NC_072378.2	33548086	33548189	33547668	33547773	RXRB	XM_054490823.2	-	3	33547773	33548086	312	2
NC_072378.2	33547666	33548200	-3	1	-	NC_072378.2	33548086	33548177	33547668	33547773	RXRB	XM_054490824.2	-	3	33547773	33548086	312	2
NC_072378.2	33642252	33642549	1	1	+	NC_072378.2	33642272	33642342	33642424	33642548	PFDN6	XM_054493300.2	+	1	33642342	33642424	81	1
NC_072378.2	33645871	33646243	-3	1	-	NC_072378.2	33646112	33646144	33645873	33645994	RGL2	XM_054493283.2	-	3	33645994	33646112	117	5
NC_072378.2	33647047	33647332	-3	1	-	NC_072378.2	33647204	33647288	33647057	33647125	RGL2	XM_054493283.2	-	3	33647125	33647204	78	5
NC_072378.2	33672407	33673664	-2	1	-	NC_072378.2	33672833	33673664	33672477	33672688	DAXX	XM_054491582.2	-	2	33672688	33672833	144	2
NC_072378.2	34038246	34039011	1	1	+	NC_072378.2	34038424	34038546	34038643	34038843	ITPR3	XM_054490242.2	+	1	34038546	34038643	96	7
NC_072378.2	34044226	34045039	2	1	+	NC_072378.2	34044340	34044448	34044581	34044671	ITPR3	XM_054490242.2	+	2	34044448	34044581	132	7
NC_072378.2	34045550	34046309	3	1	+	NC_072378.2	34045612	34045796	34046022	34046222	ITPR3	XM_054490242.2	+	3	34045796	34046022	225	7
NC_072378.2	34137772	34138183	-3	1	-	NC_072378.2	34137958	34138059	34137774	34137876	LEMD2	XM_054490247.2	-	3	34137876	34137958	81	1
NC_072378.2	34904956	34905556	-3	1	-	NC_072378.2	34905322	34905369	34905058	34905204	SPDEF	XM_054491725.2	-	3	34905204	34905322	117	2
NC_072378.2	35665643	35666234	3	1	+	NC_072378.2	35665740	35665856	35666115	35666190	ZNF76	XM_054490639.2	+	3	35665856	35666115	258	4
NC_072378.2	35665643	35666234	3	1	+	NC_072378.2	35665727	35665856	35666115	35666190	ZNF76	XM_054490641.2	+	3	35665856	35666115	258	1
NC_072378.2	35667583	35668579	2	1	+	NC_072378.2	35668017	35668250	35668344	35668507	ZNF76	XM_054490639.2	+	2	35668250	35668344	93	5
NC_072378.2	36117401	36117884	3	1	+	NC_072378.2	36117474	36117647	36117789	36117860	ARMC12	XM_054490679.2	+	3	36117647	36117789	141	3
NC_072378.2	36510929	36511460	3	1	+	NC_072378.2	36510948	36511026	36511126	36511302	MAPK13	XM_054491682.2	+	3	36511026	36511126	99	2
NC_072378.2	39243564	39244077	1	1	+	NC_072378.2	39243575	39243816	39243901	39244041	DNAH8	XM_054492591.2	+	1	39243816	39243901	84	1
NC_072378.2	41949874	41950495	2	1	+	NC_072378.2	41950040	41950123	41950232	41950439	FOXP4	XM_054491859.2	+	2	41950123	41950232	108	7
NC_072378.2	41949874	41950495	2	1	+	NC_072378.2	41950040	41950123	41950268	41950439	FOXP4	XM_054491861.2	+	2	41950123	41950268	144	4
NC_072378.2	43368326	43368923	3	1	+	NC_072378.2	43368367	43368566	43368651	43368761	PPP2R5D	XM_054493418.2	+	3	43368566	43368651	84	2
NC_072378.2	43368326	43368923	3	1	+	NC_072378.2	43368388	43368566	43368651	43368761	PPP2R5D	XM_063667018.1	+	3	43368566	43368651	84	1
NC_072378.2	43371980	43372493	3	1	+	NC_072378.2	43372127	43372199	43372344	43372460	PPP2R5D	XM_054493418.2	+	3	43372199	43372344	144	3
NC_072378.2	43571221	43572076	2	1	+	NC_072378.2	43571400	43571509	43571585	43571767	CUL9	XM_054491214.2	+	2	43571509	43571585	75	4
NC_072378.2	43571221	43572076	2	1	+	NC_072378.2	43571585	43571767	43571915	43572075	CUL9	XM_054491214.2	+	2	43571767	43571915	147	4
NC_072378.2	43571221	43572076	2	1	+	NC_072378.2	43571400	43571509	43571585	43572075	CUL9	XM_063667029.1	+	2	43571509	43571585	75	7
NC_072378.2	43625221	43626487	2	1	+	NC_072378.2	43625461	43625692	43625954	43626129	TTBK1	XM_054492291.2	+	2	43625692	43625954	261	2
NC_072378.2	43822963	43823365	2	1	+	NC_072378.2	43823041	43823170	43823267	43823364	ABCC10	XM_063666218.1	+	2	43823170	43823267	96	1
NC_072378.2	43822963	43823365	2	1	+	NC_072378.2	43823041	43823170	43823267	43823365	ABCC10	XM_063666219.1	+	2	43823170	43823267	96	1
NC_072378.2	43997877	43998570	-1	1	-	NC_072378.2	43998322	43998430	43997929	43998126	GTPBP2	XM_054493256.2	-	1	43998126	43998322	195	2
NC_072378.2	44531935	44532502	2	1	+	NC_072378.2	44531987	44532067	44532314	44532502	TMEM63B	XM_054491411.2	+	2	44532067	44532314	246	10
NC_072378.2	44627689	44628262	2	1	+	NC_072378.2	44627715	44627905	44628032	44628179	HSP90AB1	XM_054490192.2	+	2	44627905	44628032	126	1
NC_072378.2	44632994	44634020	-2	1	-	NC_072378.2	44633707	44633717	44633000	44633193	SLC35B2	XM_054490193.2	-	2	44633193	44633707	513	1
NC_072378.2	7785363	7785720	1	1	+	NC_072378.2	7785370	7785480	7785574	7785720	BMP6	XM_054490858.2	+	1	7785480	7785574	93	1
NC_072378.2	85188828	85189326	-1	1	-	NC_072378.2	85189150	85189263	85188874	85189050	SYNCRIP	XM_054492881.2	-	1	85189050	85189150	99	8
NC_072379.2	10006360	10007197	2	1	+	NC_072379.2	10006394	10006519	10006778	10007149	TRIP6	XM_054496426.2	+	2	10006519	10006778	258	1
NC_072379.2	10022869	10023190	2	1	+	NC_072379.2	10022870	10022968	10023053	10023170	SRRT	XM_054496421.1	+	2	10022968	10023053	84	7
NC_072379.2	1007415	1008498	1	1	+	NC_072379.2	1007885	1008034	1008101	1008258	LOC129040201	XM_054494352.1	+	1	1008034	1008101	66	1
NC_072379.2	10084011	10095126	1	1	+	NC_072379.2	10084070	10089793	10091525	10092455	MUC3A	XM_054496432.1	+	1	10089793	10091525	1731	1
NC_072379.2	10084011	10095126	1	1	+	NC_072379.2	10091525	10092455	10092507	10093099	MUC3A	XM_054496432.1	+	1	10092455	10092507	51	1
NC_072379.2	10084011	10095126	1	1	+	NC_072379.2	10092507	10093099	10093547	10095124	MUC3A	XM_054496432.1	+	1	10093099	10093547	447	1
NC_072379.2	1009469	1010591	3	1	+	NC_072379.2	1009557	1009730	1010040	1010178	LOC129040201	XM_054494352.1	+	3	1009730	1010040	309	1
NC_072379.2	10114819	10129846	2	1	+	NC_072379.2	10114878	10115660	10116384	10116543	LOC129040851	XM_054495694.1	+	2	10115660	10116384	723	1
NC_072379.2	10114819	10129846	2	1	+	NC_072379.2	10116384	10116543	10116685	10117272	LOC129040851	XM_054495694.1	+	2	10116543	10116685	141	1
NC_072379.2	10114819	10129846	2	1	+	NC_072379.2	10121357	10121769	10122871	10126990	LOC129040852	XM_054495695.1	+	2	10121769	10122871	1101	1
NC_072379.2	10129849	10170319	2	1	+	NC_072379.2	10137911	10139934	10140496	10140890	LOC129040855	XM_054495698.2	+	2	10139934	10140496	561	1
NC_072379.2	10129849	10170319	2	1	+	NC_072379.2	10140496	10140890	10142838	10142921	LOC129040855	XM_054495698.2	+	2	10140890	10142838	1947	1
NC_072379.2	10129849	10170319	2	1	+	NC_072379.2	10142838	10142921	10143024	10143705	LOC129040855	XM_054495698.2	+	2	10142921	10143024	102	1
NC_072379.2	10129849	10170319	2	1	+	NC_072379.2	10143024	10143705	10143859	10144766	LOC129040855	XM_054495698.2	+	2	10143705	10143859	153	1
NC_072379.2	10129849	10170319	2	1	+	NC_072379.2	10143859	10144766	10146553	10146803	LOC129040855	XM_054495698.2	+	2	10144766	10146553	1786	1
NC_072379.2	10129849	10170319	2	1	+	NC_072379.2	10146553	10146803	10146906	10147645	LOC129040855	XM_054495698.2	+	2	10146803	10146906	102	1
NC_072379.2	10129849	10170319	2	1	+	NC_072379.2	10146906	10147645	10148351	10148579	LOC129040855	XM_054495698.2	+	2	10147645	10148351	705	1
NC_072379.2	10129849	10170319	2	1	+	NC_072379.2	10150202	10150931	10151085	10151648	LOC129040858	XM_054495699.1	+	2	10150931	10151085	153	1
NC_072379.2	10129849	10170319	2	1	+	NC_072379.2	10155209	10155279	10155424	10155715	LOC129040859	XM_054495700.1	+	2	10155279	10155424	144	1
NC_072379.2	10129849	10170319	2	1	+	NC_072379.2	10155424	10155715	10155971	10156850	LOC129040859	XM_054495700.1	+	2	10155715	10155971	255	1
NC_072379.2	10129849	10170319	2	1	+	NC_072379.2	10167071	10167647	10167954	10170317	LOC129040861	XM_054495703.2	+	2	10167647	10167954	306	1
NC_072379.2	10129849	10170319	2	1	+	NC_072379.2	10134521	10135038	10135447	10136150	LOC129040854	XM_063668072.1	+	2	10135038	10135447	408	1
NC_072379.2	10129849	10170319	2	1	+	NC_072379.2	10135447	10136150	10136850	10137221	LOC129040854	XM_063668072.1	+	2	10136150	10136850	699	1
NC_072379.2	10250285	10260395	3	1	+	NC_072379.2	10255719	10257701	10258233	10260390	MUC17	XM_054495704.1	+	3	10257701	10258233	531	1
NC_072379.2	103425019	103425424	-2	1	-	NC_072379.2	103425299	103425399	103425086	103425193	SRPK2	XM_054495293.1	-	2	103425193	103425299	105	14
NC_072379.2	103863953	103864343	3	1	+	NC_072379.2	103863971	103864151	103864224	103864342	RINT1	XM_054494817.2	+	3	103864151	103864224	72	4
NC_072379.2	10429344	10429905	-3	1	-	NC_072379.2	10429594	10429735	10429393	10429506	PLOD3	XM_054496435.2	-	3	10429506	10429594	87	2
NC_072379.2	11645354	11645882	3	1	+	NC_072379.2	11645420	11645654	11645757	11645873	LRWD1	XM_054496522.2	+	3	11645654	11645757	102	1
NC_072379.2	11651691	11652288	1	1	+	NC_072379.2	11651828	11651983	11652068	11652180	LRWD1	XM_054496522.2	+	1	11651983	11652068	84	1
NC_072379.2	11668348	11668792	-2	1	-	NC_072379.2	11668579	11668643	11668349	11668467	LOC129041178	XM_054496519.2	-	2	11668467	11668579	111	1
NC_072379.2	11681438	11682221	-1	1	-	NC_072379.2	11681994	11682111	11681615	11681765	LOC129041178	XM_054496519.2	-	1	11681765	11681994	228	2
NC_072379.2	11685874	11686441	-2	1	-	NC_072379.2	11686274	11686405	11685876	11685970	LOC129041178	XM_054496519.2	-	2	11685970	11686274	303	2
NC_072379.2	127441506	127442361	-3	1	-	NC_072379.2	127441780	127441986	127441542	127441629	IMPDH1	XM_054495126.2	-	3	127441629	127441780	150	3
NC_072379.2	127716830	127717484	3	1	+	NC_072379.2	127716910	127717103	127717194	127717307	FLNC	XM_054494783.2	+	3	127717103	127717194	90	4
NC_072379.2	127719503	127720028	3	1	+	NC_072379.2	127719549	127719666	127719757	127720019	FLNC	XM_054494783.2	+	3	127719666	127719757	90	4
NC_072379.2	130422894	130423497	-3	1	-	NC_072379.2	130423350	130423497	130423027	130423088	PODXL	XM_054495781.2	-	3	130423088	130423350	261	1
NC_072379.2	13114448	13114778	3	1	+	NC_072379.2	13114519	13114613	13114716	13114778	CASTOR2	XM_054496598.2	+	3	13114613	13114716	102	1
NC_072379.2	13285317	13285767	-3	1	-	NC_072379.2	13285680	13285745	13285319	13285502	GTF2I	XM_054496613.2	-	3	13285502	13285680	177	14
NC_072379.2	140604115	140604616	-2	1	-	NC_072379.2	140604400	140604531	140604117	140604267	DENND11	XM_054493757.2	-	2	140604267	140604400	132	1
NC_072379.2	141503202	141503778	1	1	+	NC_072379.2	141503311	141503359	141503474	141503778	LOC129040083	unassigned_transcript_306	+	1	141503359	141503474	114	1
NC_072379.2	141634439	141635213	3	1	+	NC_072379.2	141634674	141634749	141634873	141635194	LOC129041622	unassigned_transcript_319	+	3	141634749	141634873	123	1
NC_072379.2	142083694	142083958	-2	1	-	NC_072379.2	142083872	142083958	142083696	142083772	TRPV6	XM_054493665.1	-	2	142083772	142083872	99	2
NC_072379.2	142122876	142123494	-3	1	-	NC_072379.2	142123276	142123441	142123035	142123101	TRPV5	XM_054493667.1	-	3	142123101	142123276	174	1
NC_072379.2	14331646	14331979	-2	1	-	NC_072379.2	14331844	14331926	14331648	14331744	BUD23	XM_054493788.2	-	2	14331744	14331844	99	5
NC_072379.2	14420193	14421462	1	1	+	NC_072379.2	14420218	14420749	14421005	14421298	MLXIPL	XM_054493794.2	+	1	14420749	14421005	255	1
NC_072379.2	14420193	14421462	1	1	+	NC_072379.2	14420218	14420749	14421005	14421072	MLXIPL	XM_054493797.2	+	1	14420749	14421005	255	2
NC_072379.2	14420193	14421462	1	1	+	NC_072379.2	14421005	14421072	14421148	14421298	MLXIPL	XM_054493797.2	+	1	14421072	14421148	75	1
NC_072379.2	14420193	14421462	1	1	+	NC_072379.2	14421005	14421072	14421151	14421298	MLXIPL	XM_054493799.2	+	1	14421072	14421151	78	1
NC_072379.2	14713063	14713531	2	1	+	NC_072379.2	14713095	14713305	14713390	14713530	NSUN5	XM_054493817.2	+	2	14713305	14713390	84	1
NC_072379.2	149363289	149363835	-3	1	-	NC_072379.2	149363653	149363748	149363290	149363403	RARRES2	XM_054494035.2	-	3	149363403	149363653	249	1
NC_072379.2	1496024	1496918	-1	1	-	NC_072379.2	1496735	1496894	1496375	1496515	INTS1	XM_054494080.2	-	1	1496515	1496735	219	4
NC_072379.2	149998362	149999034	-3	1	-	NC_072379.2	149998638	149998910	149998364	149998550	KCNH2	XM_054495685.2	-	3	149998550	149998638	87	4
NC_072379.2	150059578	150059968	2	1	+	NC_072379.2	150059630	150059762	150059889	150059967	NOS3	XM_054494469.1	+	2	150059762	150059889	126	1
NC_072379.2	150064426	150065020	2	1	+	NC_072379.2	150064559	150064753	150064862	150065020	NOS3	XM_054494469.1	+	2	150064753	150064862	108	1
NC_072379.2	150128039	150128852	3	1	+	NC_072379.2	150128164	150128333	150128571	150128744	SLC4A2	XM_054494500.2	+	3	150128333	150128571	237	2
NC_072379.2	150169842	150170598	1	1	+	NC_072379.2	150170089	150170176	150170357	150170442	AGAP3	XM_054495003.2	+	1	150170176	150170357	180	10
NC_072379.2	1503177	1504224	-3	1	-	NC_072379.2	1503829	1504008	1503637	1503741	INTS1	XM_054494080.2	-	3	1503741	1503829	87	4
NC_072379.2	1504997	1505747	-1	1	-	NC_072379.2	1505451	1505630	1505154	1505303	INTS1	XM_054494080.2	-	1	1505303	1505451	147	4
NC_072379.2	1518376	1518979	-2	1	-	NC_072379.2	1518595	1518754	1518378	1518483	INTS1	XM_054494080.2	-	2	1518483	1518595	111	4
NC_072379.2	1566474	1567488	-3	1	-	NC_072379.2	1567272	1567469	1566475	1566701	TMEM184A	XM_054495475.2	-	3	1566701	1567272	570	1
NC_072379.2	1569777	1570299	-3	1	-	NC_072379.2	1570051	1570126	1569779	1569870	TMEM184A	XM_054495474.1	-	3	1569870	1570051	180	2
NC_072379.2	20735670	20736507	1	1	+	NC_072379.2	20735904	20735953	20736125	20736226	LOC129040489	XM_054495094.2	+	1	20735953	20736125	171	1
NC_072379.2	24760425	24761994	1	1	+	NC_072379.2	24760517	24761178	24761599	24761994	LOC129041396	XM_054496911.1	+	1	24761178	24761599	420	1
NC_072379.2	25235186	25236335	3	1	+	NC_072379.2	25235278	25236022	25236104	25236335	LOC129041472	XM_054497042.1	+	3	25236022	25236104	81	1
NC_072379.2	2689541	2690102	-1	1	-	NC_072379.2	2689803	2689916	2689635	2689685	IQCE	XM_054494554.2	-	1	2689685	2689803	117	22
NC_072379.2	41493308	41494010	3	1	+	NC_072379.2	41493312	41493483	41493763	41493920	TBRG4	XM_054495318.2	+	3	41493483	41493763	279	5
NC_072379.2	42459495	42460227	1	1	+	NC_072379.2	42459697	42459772	42460067	42460171	MYL7	XM_054494754.2	+	1	42459772	42460067	294	1
NC_072379.2	42478784	42479612	3	1	+	NC_072379.2	42478898	42479096	42479403	42479483	POLD2	XM_054494756.1	+	3	42479096	42479403	306	5
NC_072379.2	42484434	42485124	-3	1	-	NC_072379.2	42484851	42484995	42484669	42484754	AEBP1	XM_054494755.2	-	3	42484754	42484851	96	2
NC_072379.2	4886586	4887957	-3	1	-	NC_072379.2	4887655	4887767	4886631	4886868	RADIL	XM_054496050.2	-	3	4886868	4887655	786	2
NC_072379.2	55615042	55615741	-2	1	-	NC_072379.2	55615510	55615612	55615276	55615383	GHRHR	XM_054495503.1	-	2	55615383	55615510	126	1
NC_072379.2	5580134	5580770	-1	1	-	NC_072379.2	5580597	5580719	5580228	5580467	ACTB	XM_054496084.2	-	1	5580467	5580597	129	1
NC_072379.2	6018446	6019094	3	1	+	NC_072379.2	6018555	6018748	6018845	6019094	LOC129041024	XM_063668082.1	+	3	6018748	6018845	96	1
NC_072379.2	60546713	60547019	3	1	+	NC_072379.2	60546739	60546840	60546916	60546996	HNRNPA2B1	XM_054496930.2	+	3	60546840	60546916	75	8
NC_072379.2	64793293	64793677	-2	1	-	NC_072379.2	64793489	64793671	64793295	64793410	DNAH11	XM_063667481.1	-	2	64793410	64793489	78	1
NC_072379.2	6597838	6598414	2	1	+	NC_072379.2	6597839	6597998	6598287	6598414	RAC1	XM_054496170.2	+	2	6597998	6598287	288	2
NC_072379.2	6697759	6698185	-2	1	-	NC_072379.2	6698006	6698161	6697784	6697870	GRID2IP	XM_054496173.2	-	2	6697870	6698006	135	1
NC_072379.2	7423070	7423658	-1	1	-	NC_072379.2	7423335	7423484	7423072	7423229	TECPR1	XM_054495348.2	-	1	7423229	7423335	105	7
NC_072379.2	74448385	74449030	2	1	+	NC_072379.2	74448411	74448632	74448840	74448980	VWDE	XM_063667148.1	+	2	74448632	74448840	207	1
NC_072379.2	79050945	79051224	-3	1	-	NC_072379.2	79051101	79051200	79050946	79050992	UMAD1	XM_063667538.1	-	3	79050992	79051101	108	1
NC_072379.2	85463676	85464120	1	1	+	NC_072379.2	85463709	85463851	85463942	85464045	PEX1	XM_054493856.2	+	1	85463851	85463942	90	5
NC_072379.2	9351578	9352313	3	1	+	NC_072379.2	9351609	9351951	9352174	9352299	COPS6	XM_054496270.2	+	3	9351951	9352174	222	1
NC_072379.2	9351578	9352313	3	1	+	NC_072379.2	9351873	9351951	9352177	9352299	COPS6	XM_054496271.2	+	3	9351951	9352177	225	1
NC_072379.2	9354215	9354677	3	1	+	NC_072379.2	9354301	9354401	9354540	9354677	COPS6	XM_054496270.2	+	3	9354401	9354540	138	2
NC_072379.2	9360152	9360848	-1	1	-	NC_072379.2	9360425	9360539	9360209	9360340	MCM7	XM_054496236.1	-	1	9360340	9360425	84	1
NC_072379.2	9432308	9432719	-1	1	-	NC_072379.2	9432552	9432698	9432310	9432449	GPC2	XM_054496288.2	-	1	9432449	9432552	102	1
NC_072379.2	9485963	9486467	3	1	+	NC_072379.2	9485984	9486044	9486147	9486467	PVRIG	XM_054496300.1	+	3	9486044	9486147	102	2
NC_072379.2	9706694	9707165	-1	1	-	NC_072379.2	9707052	9707149	9706695	9706976	SAP25	XM_054496371.1	-	1	9706976	9707052	75	2
NC_072379.2	9712225	9712984	-2	1	-	NC_072379.2	9712568	9712667	9712231	9712321	LRCH4	XM_054496361.2	-	2	9712321	9712568	246	4
NC_072379.2	9749227	9749629	2	1	+	NC_072379.2	9749316	9749480	9749601	9749629	MOSPD3	XM_054496374.2	+	2	9749480	9749601	120	6
NC_072379.2	9764950	9765346	-2	1	-	NC_072379.2	9765236	9765318	9765085	9765148	TFR2	XM_054496380.2	-	2	9765148	9765236	87	3
NC_072379.2	9769990	9770605	-2	1	-	NC_072379.2	9770279	9770390	9770051	9770173	TFR2	XM_054496380.2	-	2	9770173	9770279	105	3
NC_072379.2	9784564	9785026	-2	1	-	NC_072379.2	9784768	9784862	9784595	9784701	ACTL6B	XM_054496384.2	-	2	9784701	9784768	66	2
NC_072379.2	9791861	9792554	-1	1	-	NC_072379.2	9792488	9792512	9791961	9792037	ACTL6B	XM_054496385.2	-	1	9792037	9792488	450	1
NC_072379.2	9815572	9816082	2	1	+	NC_072379.2	9815681	9815897	9815979	9816082	GNB2	XM_054496386.2	+	2	9815897	9815979	81	1
NC_072379.2	9819981	9820938	-3	1	-	NC_072379.2	9820801	9820883	9820555	9820695	GIGYF1	XM_054496388.2	-	3	9820695	9820801	105	13
NC_072379.2	9823010	9823772	-1	1	-	NC_072379.2	9823449	9823702	9823244	9823349	GIGYF1	XM_054496388.2	-	1	9823349	9823449	99	13
NC_072380.2	10198453	10206115	2	1	+	NC_072380.2	10198560	10201816	10202975	10206115	RP1L1	XM_054499076.1	+	2	10201816	10202975	1158	1
NC_072380.2	103750335	103750593	1	1	+	NC_072380.2	103750345	103750399	103750484	103750587	SLC26A7	XM_054499127.2	+	1	103750399	103750484	84	2
NC_072380.2	106523135	106523621	-1	1	-	NC_072380.2	106523459	106523617	106523154	106523353	CDH17	XM_054498673.2	-	1	106523353	106523459	105	3
NC_072380.2	112408940	112409246	-1	1	-	NC_072380.2	112409153	112409246	112408955	112409035	RGS22	XM_054497617.2	-	1	112409035	112409153	117	27
NC_072380.2	135570774	135571557	1	1	+	NC_072380.2	135571003	135571139	135571377	135571557	LOC134740039	XM_063669049.1	+	1	135571139	135571377	237	1
NC_072380.2	135903943	135904423	2	1	+	NC_072380.2	135903944	135904023	135904096	135904242	TBC1D31	XM_054497461.2	+	2	135904023	135904096	72	14
NC_072380.2	135903943	135904423	2	1	+	NC_072380.2	135903944	135904023	135904150	135904242	TBC1D31	XM_054497463.2	+	2	135904023	135904150	126	4
NC_072380.2	154343840	154345235	-1	1	-	NC_072380.2	154344744	154344866	154344440	154344542	LOC129042357	XM_054498242.2	-	1	154344542	154344744	201	9
NC_072380.2	154343840	154345235	-1	1	-	NC_072380.2	154344440	154344542	154344167	154344241	LOC129042357	XM_054498242.2	-	1	154344241	154344440	198	7
NC_072380.2	155497787	155498357	3	1	+	NC_072380.2	155497878	155497913	155498076	155498183	ADGRB1	XM_054498572.2	+	3	155497913	155498076	162	5
NC_072380.2	156073268	156073766	3	1	+	NC_072380.2	156073320	156073392	156073477	156073593	LY6L	XM_054497695.2	+	3	156073392	156073477	84	1
NC_072380.2	156303607	156304114	-2	1	-	NC_072380.2	156303881	156304008	156303609	156303703	TOP1MT	XM_054497912.2	-	2	156303703	156303881	177	6
NC_072380.2	156557316	156558201	-3	1	-	NC_072380.2	156558016	156558183	156557605	156557724	MROH6	XM_054498301.2	-	3	156557724	156558016	291	1
NC_072380.2	156558653	156559247	-1	1	-	NC_072380.2	156559104	156559247	156558837	156559010	MROH6	XM_054498301.2	-	1	156559010	156559104	93	1
NC_072380.2	156565431	156566016	-3	1	-	NC_072380.2	156565735	156565815	156565536	156565638	NAPRT	XM_054497420.2	-	3	156565638	156565735	96	1
NC_072380.2	156569227	156569878	-2	1	-	NC_072380.2	156569645	156569760	156569229	156569425	NAPRT	XM_054497420.2	-	2	156569425	156569645	219	1
NC_072380.2	156717409	156717937	2	1	+	NC_072380.2	156717677	156717706	156717842	156717932	MAPK15	XM_054497882.2	+	2	156717706	156717842	135	3
NC_072380.2	156718200	156718944	1	1	+	NC_072380.2	156718562	156718692	156718780	156718943	MAPK15	XM_054497882.2	+	1	156718692	156718780	87	3
NC_072380.2	156720230	156720983	3	1	+	NC_072380.2	156720488	156720625	156720785	156720890	MAPK15	XM_054497882.2	+	3	156720625	156720785	159	2
NC_072380.2	156770554	156771520	2	1	+	NC_072380.2	156770612	156771070	156771257	156771421	IQANK1	XM_054497880.2	+	2	156771070	156771257	186	6
NC_072380.2	156770554	156771520	2	1	+	NC_072380.2	156770940	156771070	156771257	156771421	IQANK1	XM_063669206.1	+	2	156771070	156771257	186	1
NC_072380.2	156786404	156787055	3	1	+	NC_072380.2	156786405	156786544	156786692	156786746	IQANK1	XM_054497880.2	+	3	156786544	156786692	147	7
NC_072380.2	156786404	156787055	3	1	+	NC_072380.2	156786692	156786746	156786939	156787031	IQANK1	XM_054497880.2	+	3	156786746	156786939	192	8
NC_072380.2	156786404	156787055	3	1	+	NC_072380.2	156786405	156786553	156786692	156786746	IQANK1	XM_063669206.1	+	3	156786553	156786692	138	1
NC_072380.2	156789026	156789809	-1	1	-	NC_072380.2	156789593	156789735	156789480	156789517	SCRIB	XM_054497867.2	-	1	156789517	156789593	75	7
NC_072380.2	156789026	156789809	-1	1	-	NC_072380.2	156789593	156789735	156789027	156789517	SCRIB	XM_063669192.1	-	1	156789517	156789593	75	5
NC_072380.2	156790084	156790981	-2	1	-	NC_072380.2	156790577	156790684	156790309	156790468	SCRIB	XM_054497867.2	-	2	156790468	156790577	108	11
NC_072380.2	156790084	156790981	-2	1	-	NC_072380.2	156790309	156790468	156790086	156790236	SCRIB	XM_054497867.2	-	2	156790236	156790309	72	13
NC_072380.2	156792809	156793217	-1	1	-	NC_072380.2	156793020	156793130	156792882	156792938	SCRIB	XM_054497867.2	-	1	156792938	156793020	81	14
NC_072380.2	156802502	156803198	-1	1	-	NC_072380.2	156803025	156803105	156802641	156802916	SCRIB	XM_054497867.2	-	1	156802916	156803025	108	12
NC_072380.2	156802502	156803198	-1	1	-	NC_072380.2	156803046	156803105	156802641	156802916	SCRIB	XM_054497875.2	-	1	156802916	156803046	129	2
NC_072380.2	156815790	156816297	-3	1	-	NC_072380.2	156816205	156816297	156815874	156816087	PUF60	XM_054497810.2	-	3	156816087	156816205	117	17
NC_072380.2	156832550	156833315	-1	1	-	NC_072380.2	156833157	156833210	156832997	156833060	NRBP2	XM_054497818.2	-	1	156833060	156833157	96	2
NC_072380.2	156832550	156833315	-1	1	-	NC_072380.2	156832997	156833060	156832551	156832759	NRBP2	XM_054497818.2	-	1	156832759	156832997	237	1
NC_072380.2	156832550	156833315	-1	1	-	NC_072380.2	156833157	156833210	156832551	156833060	NRBP2	XM_063669208.1	-	1	156833060	156833157	96	1
NC_072380.2	156835791	156836316	-3	1	-	NC_072380.2	156836265	156836288	156836109	156836192	NRBP2	XM_054497818.2	-	3	156836192	156836265	72	3
NC_072380.2	156835791	156836316	-3	1	-	NC_072380.2	156836109	156836192	156835975	156836030	NRBP2	XM_054497818.2	-	3	156836030	156836109	78	3
NC_072380.2	156937473	156938082	-3	1	-	NC_072380.2	156937780	156937886	156937579	156937698	PLEC	XM_054497754.2	-	3	156937698	156937780	81	10
NC_072380.2	156937473	156938082	-3	1	-	NC_072380.2	156937792	156937886	156937579	156937698	PLEC	XM_063669278.1	-	3	156937698	156937792	93	8
NC_072380.2	156986336	156986906	-1	1	-	NC_072380.2	156986583	156986804	156986381	156986477	PARP10	XM_054499063.2	-	1	156986477	156986583	105	4
NC_072380.2	157050756	157051425	-3	1	-	NC_072380.2	157051021	157051167	157050805	157050939	OPLAH	XM_054499060.2	-	3	157050939	157051021	81	4
NC_072380.2	157082030	157082678	3	1	+	NC_072380.2	157082050	157082151	157082245	157082441	GPAA1	XM_054499066.2	+	3	157082151	157082245	93	1
NC_072380.2	157112199	157112667	1	1	+	NC_072380.2	157112269	157112466	157112545	157112666	WDR97	XM_054497801.2	+	1	157112466	157112545	78	1
NC_072380.2	157239247	157239793	2	1	+	NC_072380.2	157239306	157239346	157239596	157239737	MROH1	XM_054499266.2	+	2	157239346	157239596	249	22
NC_072380.2	157261146	157261590	1	1	+	NC_072380.2	157261147	157261281	157261354	157261456	MROH1	XM_054499266.2	+	1	157261281	157261354	72	14
NC_072380.2	157261146	157261590	1	1	+	NC_072380.2	157261147	157261281	157261354	157261589	MROH1	XM_054499271.2	+	1	157261281	157261354	72	8
NC_072380.2	157313043	157313595	1	1	+	NC_072380.2	157313050	157313186	157313313	157313594	HSF1	XM_054499284.2	+	1	157313186	157313313	126	3
NC_072380.2	157354815	157355307	-3	1	-	NC_072380.2	157355031	157355226	157354855	157354940	TMEM249	XM_054499302.2	-	3	157354940	157355031	90	2
NC_072380.2	157360633	157362034	2	1	+	NC_072380.2	157360653	157361523	157361620	157361743	SLC52A2	XM_054499294.2	+	2	157361523	157361620	96	6
NC_072380.2	157360633	157362034	2	1	+	NC_072380.2	157360634	157361523	157361620	157361743	SLC52A2	XM_054499300.2	+	2	157361523	157361620	96	3
NC_072380.2	157360633	157362034	2	1	+	NC_072380.2	157360653	157361523	157361620	157362034	SLC52A2	XM_063669317.1	+	2	157361523	157361620	96	5
NC_072380.2	157360633	157362034	2	1	+	NC_072380.2	157360634	157361523	157361620	157362034	SLC52A2	XM_063669322.1	+	2	157361523	157361620	96	2
NC_072380.2	157393408	157394005	2	1	+	NC_072380.2	157393490	157393690	157393769	157393909	ADCK5	XM_054499312.2	+	2	157393690	157393769	78	3
NC_072380.2	157393408	157394005	2	1	+	NC_072380.2	157393495	157393690	157393769	157393909	ADCK5	XM_054499314.2	+	2	157393690	157393769	78	3
NC_072380.2	157394257	157394728	2	1	+	NC_072380.2	157394417	157394500	157394579	157394660	ADCK5	XM_054499312.2	+	2	157394500	157394579	78	6
NC_072380.2	157394582	157395518	3	1	+	NC_072380.2	157394894	157394985	157395070	157395322	ADCK5	XM_054499312.2	+	3	157394985	157395070	84	6
NC_072380.2	157394582	157395518	3	1	+	NC_072380.2	157395070	157395322	157395401	157395517	ADCK5	XM_054499312.2	+	3	157395322	157395401	78	6
NC_072380.2	157402012	157402402	-2	1	-	NC_072380.2	157402214	157402336	157402078	157402129	CPSF1	XM_054499304.2	-	2	157402129	157402214	84	6
NC_072380.2	157402616	157403009	-1	1	-	NC_072380.2	157402787	157402897	157402618	157402711	CPSF1	XM_054499304.2	-	1	157402711	157402787	75	6
NC_072380.2	157440652	157441330	-2	1	-	NC_072380.2	157441061	157441224	157440865	157440988	TONSL	XM_054499316.2	-	2	157440988	157441061	72	5
NC_072380.2	157447973	157449221	-1	1	-	NC_072380.2	157448732	157448756	157448522	157448617	TONSL	XM_054499316.2	-	1	157448617	157448732	114	3
NC_072380.2	157447973	157449221	-1	1	-	NC_072380.2	157448522	157448617	157448199	157448341	TONSL	XM_054499316.2	-	1	157448341	157448522	180	3
NC_072380.2	157473622	157474144	2	1	+	NC_072380.2	157473656	157473764	157473876	157474033	KIFC2	XM_054499348.2	+	2	157473764	157473876	111	1
NC_072380.2	157476626	157477100	3	1	+	NC_072380.2	157476737	157476860	157476954	157477083	KIFC2	XM_054499348.2	+	3	157476860	157476954	93	1
NC_072380.2	157502729	157503074	3	1	+	NC_072380.2	157502782	157502852	157502928	157503073	PPP1R16A	XM_054499357.2	+	3	157502852	157502928	75	2
NC_072380.2	157514267	157514627	3	1	+	NC_072380.2	157514272	157514411	157514502	157514626	MFSD3	XM_063669253.1	+	3	157514411	157514502	90	2
NC_072380.2	157837674	157838697	-3	1	-	NC_072380.2	157838077	157838625	157837675	157838004	LOC134740056	XM_063669270.1	-	3	157838004	157838077	72	1
NC_072380.2	1846280	1846658	3	1	+	NC_072380.2	1846370	1846458	1846540	1846590	MYOM2	XM_054498927.2	+	3	1846458	1846540	81	1
NC_072380.2	22117358	22117583	3	1	+	NC_072380.2	22117397	22117430	22117542	22117583	NPM2	XM_054498068.2	+	3	22117430	22117542	111	1
NC_072380.2	22178307	22178790	1	1	+	NC_072380.2	22178332	22178436	22178533	22178655	FHIP2B	XM_054498662.2	+	1	22178436	22178533	96	2
NC_072380.2	22200691	22201456	-2	1	-	NC_072380.2	22201087	22201252	22200849	22200918	HR	XM_054498930.2	-	2	22200918	22201087	168	4
NC_072380.2	22219246	22219831	-2	1	-	NC_072380.2	22219636	22219771	22219349	22219503	REEP4	XM_054499113.1	-	2	22219503	22219636	132	3
NC_072380.2	38090549	38091131	3	1	+	NC_072380.2	38090577	38090726	38090856	38091017	ADGRA2	XM_054498928.2	+	3	38090726	38090856	129	2
NC_072380.2	44344899	44346231	-3	1	-	NC_072380.2	44345413	44345617	44345044	44345223	LOC129042065	XM_054497665.2	-	3	44345223	44345413	189	1
NC_072380.2	58314673	58315024	2	1	+	NC_072380.2	58314697	58314778	58314866	58315021	LOC134739968	XM_063668482.1	+	2	58314778	58314866	87	1
NC_072380.2	59491304	59491832	-1	1	-	NC_072380.2	59491531	59491655	59491306	59491455	PRKDC	XM_054498113.2	-	1	59491455	59491531	75	4
NC_072380.2	8084495	8086187	3	1	+	NC_072380.2	8084601	8085143	8085846	8085966	LOC129043213	XM_063669421.1	+	3	8085143	8085846	702	1
NC_072380.2	8107807	8109499	2	1	+	NC_072380.2	8107913	8108455	8109158	8109278	LOC134740065	XM_063669423.1	+	2	8108455	8109158	702	1
NC_072380.2	8112469	8114161	2	1	+	NC_072380.2	8112575	8113117	8113820	8113940	LOC134740066	XM_063669424.1	+	2	8113117	8113820	702	1
NC_072380.2	8117125	8118817	2	1	+	NC_072380.2	8117231	8117773	8118476	8118596	LOC129043217	XM_063669425.1	+	2	8117773	8118476	702	1
NC_072380.2	8121787	8123479	2	1	+	NC_072380.2	8121893	8122435	8123138	8123258	LOC129043197	XM_063669426.1	+	2	8122435	8123138	702	1
NC_072380.2	8126445	8128137	1	1	+	NC_072380.2	8126551	8127150	8127796	8127916	LOC129043218	XM_063669427.1	+	1	8127150	8127796	645	1
NC_072381.2	100624638	100625337	-1	1	-	NC_072381.2	100625209	100625323	100624930	100625055	SORBS1	XM_054503034.2	-	1	100625055	100625209	153	39
NC_072381.2	100898288	100898798	-2	1	-	NC_072381.2	100898531	100898726	100898307	100898428	ALDH18A1	XM_054435804.2	-	2	100898428	100898531	102	11
NC_072381.2	102149627	102151025	3	1	+	NC_072381.2	102150522	102150598	102150887	102150960	LCOR	XM_054503630.2	+	3	102150598	102150887	288	2
NC_072381.2	102678294	102678747	-1	1	-	NC_072381.2	102678624	102678729	102678336	102678443	RRP12	XM_054435430.2	-	1	102678443	102678624	180	2
NC_072381.2	102681401	102682223	-2	1	-	NC_072381.2	102682104	102682168	102681851	102682013	RRP12	XM_054435430.2	-	2	102682013	102682104	90	2
NC_072381.2	108163769	108164051	3	1	+	NC_072381.2	108163839	108163901	108164007	108164050	BORCS7	XM_054436845.2	+	3	108163901	108164007	105	1
NC_072381.2	118330749	118331538	1	1	+	NC_072381.2	118330816	118331004	118331266	118331332	TCF7L2	XM_054503879.2	+	1	118331004	118331266	261	49
NC_072381.2	124976246	124976576	-2	1	-	NC_072381.2	124976438	124976533	124976248	124976332	TIAL1	XM_054435339.2	-	2	124976332	124976438	105	5
NC_072381.2	13335659	13335986	3	1	+	NC_072381.2	13335670	13335780	13335868	13335985	MCM10	XM_054436304.2	+	3	13335780	13335868	87	4
NC_072381.2	135423595	135424336	-3	1	-	NC_072381.2	135423900	135424033	135423632	135423788	EBF3	XM_054436322.2	-	3	135423788	135423900	111	14
NC_072381.2	137501130	137503029	-1	1	-	NC_072381.2	137501383	137502672	137501131	137501292	LOC134740192	XM_063670410.1	-	1	137501292	137501383	90	1
NC_072381.2	138747598	138748402	2	1	+	NC_072381.2	138747927	138747998	138748083	138748144	KNDC1	XM_054504007.2	+	2	138747998	138748083	84	2
NC_072381.2	138789128	138790454	3	1	+	NC_072381.2	138789225	138789852	138789982	138790454	UTF1	XM_054504016.2	+	3	138789852	138789982	129	1
NC_072381.2	138833626	138834931	-3	1	-	NC_072381.2	138834855	138834931	138834347	138834536	ADAM8	XM_054435116.2	-	3	138834536	138834855	318	3
NC_072381.2	138833626	138834931	-3	1	-	NC_072381.2	138834347	138834536	138834050	138834112	ADAM8	XM_054435116.2	-	3	138834112	138834347	234	3
NC_072381.2	138833626	138834931	-3	1	-	NC_072381.2	138834050	138834112	138833891	138833959	ADAM8	XM_054435116.2	-	3	138833959	138834050	90	3
NC_072381.2	47641589	47641736	3	1	+	NC_072381.2	47641607	47641644	47641720	47641736	FXYD4	XM_054503940.2	+	3	47641644	47641720	75	6
NC_072381.2	55533829	55534228	-3	1	-	NC_072381.2	55534040	55534170	55533830	55533952	BMPR1A	XM_054503872.2	-	3	55533952	55534040	87	8
NC_072381.2	68496922	68497294	2	1	+	NC_072381.2	68496962	68497065	68497183	68497277	CAMK2G	XM_054437246.2	+	2	68497065	68497183	117	8
NC_072381.2	68578858	68579563	-3	1	-	NC_072381.2	68579183	68579384	68578860	68579035	ZSWIM8	XM_054437296.2	-	3	68579035	68579183	147	14
NC_072381.2	68580511	68581021	-3	1	-	NC_072381.2	68580827	68580999	68580542	68580649	ZSWIM8	XM_054437296.2	-	3	68580649	68580827	177	14
NC_072381.2	69123105	69123516	1	1	+	NC_072381.2	69123135	69123222	69123337	69123515	ECD	XM_054503780.2	+	1	69123222	69123337	114	6
NC_072381.2	70509565	70510960	-3	1	-	NC_072381.2	70510543	70510794	70510303	70510464	LOC129006861	XM_054437079.1	-	3	70510464	70510543	78	2
NC_072381.2	71794747	71795218	-3	1	-	NC_072381.2	71795105	71795204	71794787	71794891	PALD1	XM_054435289.2	-	3	71794891	71795105	213	14
NC_072381.2	71796435	71797002	-1	1	-	NC_072381.2	71796842	71797002	71796553	71796628	PALD1	XM_054435289.2	-	1	71796628	71796842	213	14
NC_072381.2	74156004	74156409	1	1	+	NC_072381.2	74156079	74156195	74156274	74156383	DNA2	XM_054436654.2	+	1	74156195	74156274	78	3
NC_072381.2	82525320	82526112	1	1	+	NC_072381.2	82525358	82525666	82525934	82526024	ANK3	XM_054436348.2	+	1	82525666	82525934	267	5
NC_072381.2	86299357	86299696	2	1	+	NC_072381.2	86299393	86299561	86299658	86299696	ZWINT	XM_054435984.2	+	2	86299561	86299658	96	2
NC_072381.2	86299357	86299696	2	1	+	NC_072381.2	86299412	86299561	86299658	86299696	ZWINT	XM_054435986.2	+	2	86299561	86299658	96	2
NC_072381.2	86299357	86299696	2	1	+	NC_072381.2	86299430	86299561	86299658	86299696	ZWINT	XM_054435988.2	+	2	86299561	86299658	96	2
NC_072381.2	878560	881941	-3	1	-	NC_072381.2	880300	881869	878561	879378	LOC134740132	XM_063669473.1	-	3	879378	880300	921	1
NC_072381.2	98483112	98483529	-1	1	-	NC_072381.2	98483371	98483529	98483155	98483253	MYOF	XM_054435782.2	-	1	98483253	98483371	117	2
NC_072381.2	99720802	99721180	2	1	+	NC_072381.2	99720803	99720942	99721030	99721168	HELLS	XM_054435486.2	+	2	99720942	99721030	87	4
NC_072382.2	10108914	10109349	-1	1	-	NC_072382.2	10109200	10109323	10108916	10109031	SLC22A12	XM_054441168.2	-	1	10109031	10109200	168	2
NC_072382.2	1011855	1012668	1	1	+	NC_072382.2	1012076	1012213	1012304	1012468	MUC2	XM_063672213.1	+	1	1012213	1012304	90	1
NC_072382.2	1022942	1033265	3	1	+	NC_072382.2	1023130	1024244	1024923	1025571	MUC2	XM_063672213.1	+	3	1024244	1024923	678	1
NC_072382.2	1022942	1033265	3	1	+	NC_072382.2	1024923	1025571	1025629	1026024	MUC2	XM_063672213.1	+	3	1025571	1025629	57	1
NC_072382.2	1022942	1033265	3	1	+	NC_072382.2	1025629	1026024	1026352	1027765	MUC2	XM_063672213.1	+	3	1026024	1026352	327	1
NC_072382.2	1022942	1033265	3	1	+	NC_072382.2	1026352	1027765	1028012	1028554	MUC2	XM_063672213.1	+	3	1027765	1028012	246	1
NC_072382.2	1022942	1033265	3	1	+	NC_072382.2	1028012	1028554	1028744	1030069	MUC2	XM_063672213.1	+	3	1028554	1028744	189	1
NC_072382.2	1022942	1033265	3	1	+	NC_072382.2	1028744	1030069	1030259	1032739	MUC2	XM_063672213.1	+	3	1030069	1030259	189	1
NC_072382.2	1022942	1033265	3	1	+	NC_072382.2	1030259	1032739	1032812	1033122	MUC2	XM_063672213.1	+	3	1032739	1032812	72	1
NC_072382.2	10360833	10361421	-1	1	-	NC_072382.2	10361145	10361351	10360917	10361006	CCDC88B	XM_054441176.2	-	1	10361006	10361145	138	1
NC_072382.2	10360833	10361421	-1	1	-	NC_072382.2	10361145	10361351	10360917	10360985	CCDC88B	XM_054441178.2	-	1	10360985	10361145	159	1
NC_072382.2	10375160	10376132	-2	1	-	NC_072382.2	10375497	10375608	10375337	10375406	CCDC88B	XM_054441176.2	-	2	10375406	10375497	90	2
NC_072382.2	103941971	103942418	3	1	+	NC_072382.2	103942000	103942254	103942363	103942404	BIRC2	XM_054438698.2	+	3	103942254	103942363	108	3
NC_072382.2	1042485	1043193	1	1	+	NC_072382.2	1042678	1042806	1043044	1043083	MUC2	XM_063672213.1	+	1	1042806	1043044	237	1
NC_072382.2	10446627	10446996	-1	1	-	NC_072382.2	10446910	10446996	10446628	10446828	PLCB3	XM_054441193.2	-	1	10446828	10446910	81	1
NC_072382.2	10450006	10450720	-3	1	-	NC_072382.2	10450570	10450669	10450372	10450476	PLCB3	XM_054441193.2	-	3	10450476	10450570	93	1
NC_072382.2	10450006	10450720	-3	1	-	NC_072382.2	10450372	10450476	10450067	10450158	PLCB3	XM_054441193.2	-	3	10450158	10450372	213	1
NC_072382.2	10451233	10451836	-3	1	-	NC_072382.2	10451612	10451766	10451360	10451521	PLCB3	XM_054441193.2	-	3	10451521	10451612	90	1
NC_072382.2	10489288	10490101	2	1	+	NC_072382.2	10489308	10489483	10489562	10489736	TRPT1	XM_054441212.2	+	2	10489483	10489562	78	3
NC_072382.2	10489288	10490101	2	1	+	NC_072382.2	10489562	10489736	10489938	10489994	TRPT1	XM_054441212.2	+	2	10489736	10489938	201	5
NC_072382.2	10489288	10490101	2	1	+	NC_072382.2	10489308	10489477	10489562	10489736	TRPT1	XM_054441215.2	+	2	10489477	10489562	84	2
NC_072382.2	10490790	10491384	-1	1	-	NC_072382.2	10491091	10491232	10490791	10490967	FERMT3	XM_054441205.2	-	1	10490967	10491091	123	2
NC_072382.2	10899187	10899874	-3	1	-	NC_072382.2	10899547	10899672	10899199	10899399	SPINDOC	XM_054441262.2	-	3	10899399	10899547	147	3
NC_072382.2	1107036	1107693	1	1	+	NC_072382.2	1107052	1107178	1107437	1107692	MUC5AC	XM_063672214.1	+	1	1107178	1107437	258	1
NC_072382.2	1114086	1128324	1	1	+	NC_072382.2	1114163	1117383	1117576	1117877	MUC5AC	XM_063672214.1	+	1	1117383	1117576	192	1
NC_072382.2	1114086	1128324	1	1	+	NC_072382.2	1117576	1117877	1117974	1118269	MUC5AC	XM_063672214.1	+	1	1117877	1117974	96	1
NC_072382.2	1114086	1128324	1	1	+	NC_072382.2	1117974	1118269	1119710	1120442	MUC5AC	XM_063672214.1	+	1	1118269	1119710	1440	1
NC_072382.2	1114086	1128324	1	1	+	NC_072382.2	1119710	1120442	1120539	1121620	MUC5AC	XM_063672214.1	+	1	1120442	1120539	96	1
NC_072382.2	1114086	1128324	1	1	+	NC_072382.2	1120539	1121620	1123712	1124924	MUC5AC	XM_063672214.1	+	1	1121620	1123712	2091	1
NC_072382.2	1114086	1128324	1	1	+	NC_072382.2	1123712	1124924	1125021	1125269	MUC5AC	XM_063672214.1	+	1	1124924	1125021	96	1
NC_072382.2	1114086	1128324	1	1	+	NC_072382.2	1125021	1125269	1125876	1126150	MUC5AC	XM_063672214.1	+	1	1125269	1125876	606	1
NC_072382.2	1114086	1128324	1	1	+	NC_072382.2	1125876	1126150	1126787	1126801	MUC5AC	XM_063672214.1	+	1	1126150	1126787	636	1
NC_072382.2	1114086	1128324	1	1	+	NC_072382.2	1126787	1126801	1126961	1128319	MUC5AC	XM_063672214.1	+	1	1126801	1126961	159	1
NC_072382.2	11776633	11777257	2	1	+	NC_072382.2	11776870	11777073	11777161	11777257	SLC22A8	XM_054439163.2	+	2	11777073	11777161	87	2
NC_072382.2	118604686	118605151	2	1	+	NC_072382.2	118604729	118604783	118604919	118605042	APOC3	XM_054441456.1	+	2	118604783	118604919	135	1
NC_072382.2	118948877	118949240	3	1	+	NC_072382.2	118948911	118949012	118949115	118949198	SIDT2	XM_054439929.2	+	3	118949012	118949115	102	4
NC_072382.2	119162730	119163495	1	1	+	NC_072382.2	119162776	119162859	119162977	119163045	CEP164	XM_054439946.2	+	1	119162859	119162977	117	14
NC_072382.2	11938614	11939127	1	1	+	NC_072382.2	11938667	11938812	11938930	11938986	WDR74	XM_054440402.2	+	1	11938812	11938930	117	2
NC_072382.2	11970772	11971096	2	1	+	NC_072382.2	11970773	11970842	11970987	11971075	NXF1	XM_054440400.2	+	2	11970842	11970987	144	3
NC_072382.2	11994117	11994753	-1	1	-	NC_072382.2	11994333	11994483	11994126	11994176	TAF6L	XM_054440408.2	-	1	11994176	11994333	156	4
NC_072382.2	120429293	120429812	-2	1	-	NC_072382.2	120429725	120429774	120429398	120429592	TREH	XM_054441063.2	-	2	120429592	120429725	132	1
NC_072382.2	120804899	120805556	-2	1	-	NC_072382.2	120805299	120805386	120805071	120805193	HYOU1	XM_054441688.2	-	2	120805193	120805299	105	11
NC_072382.2	120809118	120809760	-1	1	-	NC_072382.2	120809470	120809662	120809128	120809262	HYOU1	XM_054441688.2	-	1	120809262	120809470	207	11
NC_072382.2	120826231	120826720	2	1	+	NC_072382.2	120826302	120826450	120826547	120826682	VPS11	XM_054441696.2	+	2	120826450	120826547	96	2
NC_072382.2	120826231	120826720	2	1	+	NC_072382.2	120826279	120826450	120826547	120826682	VPS11	XM_054441697.2	+	2	120826450	120826547	96	1
NC_072382.2	120849847	120850216	2	1	+	NC_072382.2	120849869	120849955	120850046	120850216	HMBS	XM_054438473.2	+	2	120849955	120850046	90	2
NC_072382.2	120890254	120890662	2	1	+	NC_072382.2	120890376	120890453	120890541	120890661	HINFP	XM_054438476.2	+	2	120890453	120890541	87	7
NC_072382.2	120890254	120890662	2	1	+	NC_072382.2	120890441	120890453	120890541	120890661	HINFP	XM_054438482.2	+	2	120890453	120890541	87	1
NC_072382.2	120890254	120890662	2	1	+	NC_072382.2	120890346	120890453	120890541	120890661	HINFP	XM_063672195.1	+	2	120890453	120890541	87	3
NC_072382.2	12097432	12097975	-3	1	-	NC_072382.2	12097679	12097912	12097433	12097591	LOC129008140	XM_054439989.2	-	3	12097591	12097679	87	1
NC_072382.2	12099464	12099920	3	1	+	NC_072382.2	12099498	12099647	12099726	12099888	LBHD1	XM_054439986.2	+	3	12099647	12099726	78	1
NC_072382.2	12105859	12106171	2	1	+	NC_072382.2	12105892	12105989	12106065	12106171	C9H11orf98	XM_054439987.2	+	2	12105989	12106065	75	1
NC_072382.2	121070850	121071420	-1	1	-	NC_072382.2	121071211	121071329	121070967	121071108	MCAM	XM_054438510.2	-	1	121071108	121071211	102	3
NC_072382.2	12145923	12146274	1	1	+	NC_072382.2	12145924	12146037	12146161	12146273	GANAB	XM_054440182.2	+	1	12146037	12146161	123	4
NC_072382.2	126627531	126628254	1	1	+	NC_072382.2	126627532	126627703	126627839	126628024	ROBO3	XM_054440522.2	+	1	126627703	126627839	135	3
NC_072382.2	126630682	126631249	2	1	+	NC_072382.2	126630769	126630920	126631044	126631154	ROBO3	XM_054440517.2	+	2	126630920	126631044	123	9
NC_072382.2	126842812	126843211	2	1	+	NC_072382.2	126842912	126843005	126843132	126843210	SLC37A2	XM_054438857.2	+	2	126843005	126843132	126	3
NC_072382.2	132237337	132237925	-3	1	-	NC_072382.2	132237644	132237816	132237339	132237514	ADAMTS8	XM_054441094.2	-	3	132237514	132237644	129	2
NC_072382.2	13345014	13345590	-1	1	-	NC_072382.2	13345341	13345426	13345056	13345247	MYRF	XM_054439100.2	-	1	13345247	13345341	93	2
NC_072382.2	13345014	13345590	-1	1	-	NC_072382.2	13345341	13345429	13345056	13345247	MYRF	XM_054439102.2	-	1	13345247	13345341	93	1
NC_072382.2	135761492	135762422	-2	1	-	NC_072382.2	135762144	135762286	135761733	135761873	IGSF9B	XM_054439186.2	-	2	135761873	135762144	270	4
NC_072382.2	13772097	13772727	-1	1	-	NC_072382.2	13772365	13772398	13772164	13772253	TKFC	XM_054441421.2	-	1	13772253	13772365	111	1
NC_072382.2	1378808	1379300	3	1	+	NC_072382.2	1378871	1378904	1379100	1379168	BRSK2	XM_054437776.2	+	3	1378904	1379100	195	16
NC_072382.2	1392681	1393344	1	1	+	NC_072382.2	1392895	1393075	1393145	1393234	BRSK2	XM_054437776.2	+	1	1393075	1393145	69	16
NC_072382.2	14248893	14249418	1	1	+	NC_072382.2	14249135	14249208	14249326	14249388	PRPF19	XM_054438052.2	+	1	14249208	14249326	117	1
NC_072382.2	14279792	14280236	-2	1	-	NC_072382.2	14279967	14280154	14279794	14279891	ZP1	XM_054439128.2	-	2	14279891	14279967	75	2
NC_072382.2	1560834	1561524	1	1	+	NC_072382.2	1560835	1561034	1561182	1561524	LOC129007605	XM_054438686.2	+	1	1561034	1561182	147	1
NC_072382.2	17908150	17908561	2	1	+	NC_072382.2	17908255	17908310	17908443	17908519	SLC43A1	XM_054438321.2	+	2	17908310	17908443	132	8
NC_072382.2	18080506	18081391	2	1	+	NC_072382.2	18080603	18080708	18080994	18081184	SSRP1	XM_054438340.2	+	2	18080708	18080994	285	1
NC_072382.2	1841793	1842351	1	1	+	NC_072382.2	1841826	1841932	1842029	1842192	SYT8	XM_054441082.2	+	1	1841932	1842029	96	3
NC_072382.2	1841793	1842351	1	1	+	NC_072382.2	1841839	1841932	1842029	1842192	SYT8	XM_054441086.2	+	1	1841932	1842029	96	1
NC_072382.2	1889541	1890087	1	1	+	NC_072382.2	1889542	1889634	1889890	1889933	LSP1	XM_054439498.2	+	1	1889634	1889890	255	8
NC_072382.2	1892717	1893155	3	1	+	NC_072382.2	1892832	1892909	1893069	1893155	LSP1	XM_054439498.2	+	3	1892909	1893069	159	8
NC_072382.2	19861102	19861666	2	1	+	NC_072382.2	19861211	19861370	19861482	19861618	MYBPC3	XM_054439604.2	+	2	19861370	19861482	111	1
NC_072382.2	19932485	19932965	-2	1	-	NC_072382.2	19932786	19932965	19932494	19932593	NR1H3	XM_054439661.1	-	2	19932593	19932786	192	15
NC_072382.2	19959951	19960404	-1	1	-	NC_072382.2	19960258	19960357	19959996	19960173	DDB2	XM_054439673.2	-	1	19960173	19960258	84	1
NC_072382.2	2001137	2002511	-2	1	-	NC_072382.2	2001689	2002511	2001458	2001592	LOC129007617	XM_063670611.1	-	2	2001592	2001689	96	1
NC_072382.2	20449558	20449990	2	1	+	NC_072382.2	20449559	20449747	20449838	20449975	CKAP5	XM_054439682.2	+	2	20449747	20449838	90	6
NC_072382.2	20821655	20822879	-2	1	-	NC_072382.2	20822018	20822185	20821736	20821897	MDK	XM_054439766.2	-	2	20821897	20822018	120	5
NC_072382.2	20829625	20830027	-3	1	-	NC_072382.2	20829800	20829862	20829627	20829700	DGKZ	XM_054439751.2	-	3	20829700	20829800	99	11
NC_072382.2	20832645	20833239	-1	1	-	NC_072382.2	20833033	20833104	20832814	20832930	DGKZ	XM_054439751.2	-	1	20832930	20833033	102	11
NC_072382.2	21291225	21292119	1	1	+	NC_072382.2	21291359	21291439	21291575	21291727	PEX16	XM_054440459.2	+	1	21291439	21291575	135	1
NC_072382.2	22271618	22272257	3	1	+	NC_072382.2	22271739	22271835	22271950	22272257	TP53I11	XM_054438607.2	+	3	22271835	22271950	114	4
NC_072382.2	23125528	23126254	-3	1	-	NC_072382.2	23126084	23126226	23125529	23125699	ACCS	XM_054437891.2	-	3	23125699	23126084	384	1
NC_072382.2	23125528	23126254	-3	1	-	NC_072382.2	23126084	23126226	23125606	23125699	ACCS	XM_063670968.1	-	3	23125699	23126084	384	1
NC_072382.2	2438945	2439617	-2	1	-	NC_072382.2	2439376	2439468	2439003	2439261	TRPM5	XM_054438917.1	-	2	2439261	2439376	114	2
NC_072382.2	2440615	2442403	-3	1	-	NC_072382.2	2442200	2442318	2441414	2441764	TRPM5	XM_054438917.1	-	3	2441764	2442200	435	2
NC_072382.2	2440615	2442403	-3	1	-	NC_072382.2	2441414	2441764	2441201	2441341	TRPM5	XM_054438917.1	-	3	2441341	2441414	72	2
NC_072382.2	265960	266383	2	1	+	NC_072382.2	266048	266143	266222	266312	B4GALNT4	XM_054437640.2	+	2	266143	266222	78	2
NC_072382.2	266373	266706	1	1	+	NC_072382.2	266387	266487	266638	266705	B4GALNT4	XM_054437640.2	+	1	266487	266638	150	2
NC_072382.2	2912275	2912767	-3	1	-	NC_072382.2	2912497	2912632	2912276	2912409	CDKN1C	XM_054440003.2	-	3	2912409	2912497	87	2
NC_072382.2	294115	294769	2	1	+	NC_072382.2	294257	294410	294576	294768	PKP3	XM_054437642.2	+	2	294410	294576	165	1
NC_072382.2	3418825	3419629	-3	1	-	NC_072382.2	3419119	3419434	3418826	3418917	LOC134740321	XM_063672217.1	-	3	3418917	3419119	201	1
NC_072382.2	446377	447148	2	1	+	NC_072382.2	446647	446743	446822	447022	LRRC56	XM_063670619.1	+	2	446743	446822	78	15
NC_072382.2	5835734	5836295	-2	1	-	NC_072382.2	5836155	5836274	5835963	5836022	TPCN2	XM_054438814.2	-	2	5836022	5836155	132	8
NC_072382.2	58661284	58661950	2	1	+	NC_072382.2	58661297	58661431	58661717	58661879	ABCC8	XM_054438740.2	+	2	58661431	58661717	285	7
NC_072382.2	61862582	61863101	-2	1	-	NC_072382.2	61862843	61863013	61862588	61862755	SPON1	XM_054440180.1	-	2	61862755	61862843	87	1
NC_072382.2	65388653	65389385	3	1	+	NC_072382.2	65388675	65388890	65388975	65389233	EIF4G2	XM_054440102.2	+	3	65388890	65388975	84	1
NC_072382.2	69682465	69683626	2	1	+	NC_072382.2	69682503	69683381	69683505	69683618	DCHS1	XM_054439198.2	+	2	69683381	69683505	123	1
NC_072382.2	69701163	69701625	-1	1	-	NC_072382.2	69701361	69701457	69701184	69701267	ILK	XM_063671197.1	-	1	69701267	69701361	93	2
NC_072382.2	69774575	69775220	-2	1	-	NC_072382.2	69775086	69775211	69774576	69774995	DNHD1	XM_054439194.2	-	2	69774995	69775086	90	1
NC_072382.2	69774575	69775220	-2	1	-	NC_072382.2	69775086	69775211	69774719	69774995	DNHD1	XM_063671199.1	-	2	69774995	69775086	90	1
NC_072382.2	717131	717509	-2	1	-	NC_072382.2	717336	717454	717132	717245	PIDD1	XM_054438996.2	-	2	717245	717336	90	1
NC_072382.2	719131	719725	-3	1	-	NC_072382.2	719284	719493	719145	719199	PIDD1	XM_054438987.2	-	3	719199	719284	84	14
NC_072382.2	7233845	7234352	-2	1	-	NC_072382.2	7234052	7234152	7233847	7233937	RPS6KB2	XM_054438455.2	-	2	7233937	7234052	114	2
NC_072382.2	730853	731318	3	1	+	NC_072382.2	731020	731118	731245	731318	RPLP2	XM_054439006.1	+	3	731118	731245	126	2
NC_072382.2	73147532	73148006	3	1	+	NC_072382.2	73147554	73147742	73147860	73147995	FOLR2	XM_054441379.1	+	3	73147742	73147860	117	2
NC_072382.2	73160136	73160502	1	1	+	NC_072382.2	73160161	73160242	73160375	73160464	INPPL1	XM_054439177.2	+	1	73160242	73160375	132	10
NC_072382.2	73164762	73165071	1	1	+	NC_072382.2	73164763	73164896	73164984	73165071	INPPL1	XM_054439177.2	+	1	73164896	73164984	87	7
NC_072382.2	73534178	73534529	-2	1	-	NC_072382.2	73534410	73534484	73534233	73534274	PDE2A	XM_054438931.2	-	2	73534274	73534410	135	4
NC_072382.2	7359049	7359373	-3	1	-	NC_072382.2	7359206	7359334	7359051	7359097	SSH3	XM_054438071.2	-	3	7359097	7359206	108	1
NC_072382.2	7367374	7367707	-3	1	-	NC_072382.2	7367612	7367673	7367376	7367506	ANKRD13D	XM_054438073.2	-	3	7367506	7367612	105	2
NC_072382.2	7375685	7376057	-2	1	-	NC_072382.2	7376012	7376057	7375787	7375930	ANKRD13D	XM_054438073.2	-	2	7375930	7376012	81	2
NC_072382.2	741256	741934	2	1	+	NC_072382.2	741276	741508	741605	741670	PNPLA2	XM_054439008.2	+	2	741508	741605	96	2
NC_072382.2	750520	751510	2	1	+	NC_072382.2	751027	751098	751339	751510	CRACR2B	XM_054439020.2	+	2	751098	751339	240	3
NC_072382.2	756643	757417	2	1	+	NC_072382.2	757016	757120	757226	757384	CD151	XM_054439037.2	+	2	757120	757226	105	1
NC_072382.2	7837891	7838464	-3	1	-	NC_072382.2	7838054	7838274	7837892	7837954	TOP6BL	XM_054441754.2	-	3	7837954	7838054	99	10
NC_072382.2	785177	785606	3	1	+	NC_072382.2	785253	785384	785472	785555	TSPAN4	XM_054439025.2	+	3	785384	785472	87	7
NC_072382.2	8110510	8111059	-3	1	-	NC_072382.2	8110910	8111044	8110634	8110813	ACTN3	XM_054440555.2	-	3	8110813	8110910	96	3
NC_072382.2	8175577	8175946	-3	1	-	NC_072382.2	8175800	8175862	8175579	8175703	DPP3	XM_054440558.2	-	3	8175703	8175800	96	6
NC_072382.2	8249321	8249924	-2	1	-	NC_072382.2	8249711	8249813	8249323	8249590	NPAS4	XM_054440573.2	-	2	8249590	8249711	120	1
NC_072382.2	8332943	8334110	3	1	+	NC_072382.2	8333289	8333427	8334019	8334109	BRMS1	XM_054440579.2	+	3	8333427	8334019	591	6
NC_072382.2	8334273	8334720	1	1	+	NC_072382.2	8334309	8334436	8334596	8334675	BRMS1	XM_054440579.2	+	1	8334436	8334596	159	6
NC_072382.2	8409519	8409948	-1	1	-	NC_072382.2	8409823	8409931	8409574	8409732	KLC2	XM_054440597.2	-	1	8409732	8409823	90	8
NC_072382.2	8411234	8411840	-2	1	-	NC_072382.2	8411640	8411741	8411373	8411546	KLC2	XM_054440597.2	-	2	8411546	8411640	93	8
NC_072382.2	8441481	8442144	-1	1	-	NC_072382.2	8441799	8441953	8441496	8441606	PACS1	XM_054440604.2	-	1	8441606	8441799	192	1
NC_072382.2	8652352	8652778	2	1	+	NC_072382.2	8652387	8652530	8652714	8652777	CATSPER1	XM_054440612.2	+	2	8652530	8652714	183	1
NC_072382.2	8672320	8672710	2	1	+	NC_072382.2	8672342	8672428	8672570	8672678	EIF1AD	XM_054440614.2	+	2	8672428	8672570	141	3
NC_072382.2	8706222	8706708	-1	1	-	NC_072382.2	8706488	8706612	8706285	8706400	SART1	XM_054440620.2	-	1	8706400	8706488	87	2
NC_072382.2	8707239	8707881	-1	1	-	NC_072382.2	8707654	8707796	8707315	8707521	SART1	XM_054440620.2	-	1	8707521	8707654	132	2
NC_072382.2	8726106	8727237	-1	1	-	NC_072382.2	8726427	8727148	8726108	8726255	TSGA10IP	XM_054440621.2	-	1	8726255	8726427	171	2
NC_072382.2	8796060	8796798	-1	1	-	NC_072382.2	8796421	8796575	8796225	8796321	CTSW	XM_054440630.1	-	1	8796321	8796421	99	2
NC_072382.2	8816027	8816552	-2	1	-	NC_072382.2	8816364	8816462	8816130	8816198	MUS81	XM_054440635.2	-	2	8816198	8816364	165	3
NC_072382.2	9038162	9038696	-2	1	-	NC_072382.2	9038565	9038676	9038372	9038480	SIPA1	XM_054440662.2	-	2	9038480	9038565	84	2
NC_072382.2	9038162	9038696	-2	1	-	NC_072382.2	9038372	9038480	9038186	9038287	SIPA1	XM_054440662.2	-	2	9038287	9038372	84	2
NC_072382.2	9052411	9053026	-3	1	-	NC_072382.2	9052769	9052999	9052413	9052687	PCNX3	XM_054440665.2	-	3	9052687	9052769	81	9
NC_072382.2	9080140	9081007	2	1	+	NC_072382.2	9080206	9080354	9080460	9080635	MAP3K11	XM_054440679.2	+	2	9080354	9080460	105	1
NC_072382.2	9106979	9107699	-2	1	-	NC_072382.2	9107228	9107296	9106981	9107143	EHBP1L1	XM_054440672.2	-	2	9107143	9107228	84	4
NC_072382.2	9106979	9107699	-2	1	-	NC_072382.2	9107228	9107296	9107028	9107143	EHBP1L1	XM_054440675.2	-	2	9107143	9107228	84	2
NC_072382.2	9134828	9135206	3	1	+	NC_072382.2	9134829	9134934	9135103	9135195	LTBP3	XM_054440677.2	+	3	9134934	9135103	168	2
NC_072382.2	9148840	9149455	2	1	+	NC_072382.2	9149079	9149210	9149307	9149455	LTBP3	XM_054440677.2	+	2	9149210	9149307	96	2
NC_072382.2	9150179	9150845	-2	1	-	NC_072382.2	9150654	9150725	9150352	9150530	SCYL1	XM_063671715.1	-	2	9150530	9150654	123	2
NC_072382.2	9150179	9150845	-2	1	-	NC_072382.2	9150352	9150530	9150210	9150264	SCYL1	XM_063671715.1	-	2	9150264	9150352	87	3
NC_072382.2	9150179	9150845	-2	1	-	NC_072382.2	9150654	9150722	9150352	9150530	SCYL1	XM_063671716.1	-	2	9150530	9150654	123	1
NC_072382.2	935318	949838	-2	1	-	NC_072382.2	949295	949522	940802	941713	MUC6	XM_063670671.1	-	2	941713	949295	7581	1
NC_072382.2	935318	949838	-2	1	-	NC_072382.2	940802	941713	938495	938947	MUC6	XM_063670671.1	-	2	938947	940802	1854	1
NC_072382.2	935318	949838	-2	1	-	NC_072382.2	938495	938947	935555	937987	MUC6	XM_063670671.1	-	2	937987	938495	507	1
NC_072382.2	9480839	9481544	-2	1	-	NC_072382.2	9481017	9481391	9480841	9480944	LOC129008483	XM_054440787.2	-	2	9480944	9481017	72	1
NC_072382.2	9487030	9487510	-3	1	-	NC_072382.2	9487355	9487420	9487213	9487270	CAPN1	XM_054439779.2	-	3	9487270	9487355	84	3
NC_072382.2	95177018	95177381	3	1	+	NC_072382.2	95177019	95177115	95177197	95177367	CEP295	XM_054439316.2	+	3	95177115	95177197	81	12
NC_072382.2	95177018	95177381	3	1	+	NC_072382.2	95177019	95177115	95177200	95177367	CEP295	XM_054439317.2	+	3	95177115	95177200	84	4
NC_072382.2	9522340	9523141	-3	1	-	NC_072382.2	9522950	9523121	9522541	9522871	SPDYC	XM_054437521.2	-	3	9522871	9522950	78	2
NC_072382.2	9522340	9523141	-3	1	-	NC_072382.2	9522541	9522871	9522341	9522372	SPDYC	XM_054437521.2	-	3	9522372	9522541	168	2
NC_072382.2	956234	957017	-2	1	-	NC_072382.2	956679	956820	956484	956594	MUC6	XM_063670671.1	-	2	956594	956679	84	1
NC_072382.2	958180	958849	-3	1	-	NC_072382.2	958643	958737	958363	958495	MUC6	XM_063670671.1	-	3	958495	958643	147	1
NC_072382.2	9584929	9585319	-3	1	-	NC_072382.2	9585089	9585285	9584935	9584989	TM7SF2	XM_054437515.2	-	3	9584989	9585089	99	2
NC_072382.2	9587002	9587353	-3	1	-	NC_072382.2	9587196	9587317	9587018	9587105	VPS51	XM_054437501.2	-	3	9587105	9587196	90	4
NC_072382.2	9588708	9590265	-1	1	-	NC_072382.2	9590061	9590207	9589766	9589985	VPS51	XM_054437501.2	-	1	9589985	9590061	75	4
NC_072382.2	9588708	9590265	-1	1	-	NC_072382.2	9589766	9589985	9588874	9589591	VPS51	XM_054437501.2	-	1	9589591	9589766	174	4
NC_072382.2	9627464	9628190	3	1	+	NC_072382.2	9627513	9627947	9628113	9628190	CDCA5	XM_054437514.2	+	3	9627947	9628113	165	1
NC_072382.2	9771812	9772322	3	1	+	NC_072382.2	9771837	9771939	9772126	9772310	GPHA2	XM_054437550.2	+	3	9771939	9772126	186	1
NC_072382.2	9794705	9795305	3	1	+	NC_072382.2	9794779	9794943	9795046	9795186	ATG2A	XM_054437552.2	+	3	9794943	9795046	102	2
NC_072382.2	9808747	9809140	2	1	+	NC_072382.2	9808808	9808892	9809004	9809139	ATG2A	XM_054437552.2	+	2	9808892	9809004	111	2
NC_072382.2	9870348	9870864	1	1	+	NC_072382.2	9870511	9870600	9870742	9870863	CDC42BPG	XM_054437556.2	+	1	9870600	9870742	141	2
NC_072382.2	9872504	9872966	3	1	+	NC_072382.2	9872532	9872630	9872709	9872768	CDC42BPG	XM_054437556.2	+	3	9872630	9872709	78	2
NC_072382.2	9902067	9902964	1	1	+	NC_072382.2	9902104	9902268	9902485	9902964	MEN1	XM_054440324.2	+	1	9902268	9902485	216	9
NC_072382.2	9905490	9905856	1	1	+	NC_072382.2	9905557	9905604	9905692	9905734	MAP4K2	XM_054441097.2	+	1	9905604	9905692	87	7
NC_072382.2	9909908	9910268	3	1	+	NC_072382.2	9909990	9910031	9910119	9910203	MAP4K2	XM_054441097.2	+	3	9910031	9910119	87	7
NC_072382.2	9910382	9910961	3	1	+	NC_072382.2	9910458	9910518	9910621	9910738	MAP4K2	XM_054441097.2	+	3	9910518	9910621	102	7
NC_072382.2	9939702	9940086	1	1	+	NC_072382.2	9939728	9939787	9939902	9940081	SF1	XM_054441101.2	+	1	9939787	9939902	114	8
NC_072383.2	107119191	107119545	-3	1	-	NC_072383.2	107119443	107119520	107119249	107119307	SART3	XM_054442462.2	-	3	107119307	107119443	135	2
NC_072383.2	107665372	107666173	2	1	+	NC_072383.2	107665685	107665765	107665865	107666084	USP30	XM_054443690.2	+	2	107665765	107665865	99	5
NC_072383.2	109097272	109098184	-2	1	-	NC_072383.2	109097748	109098094	109097432	109097651	GPN3	XM_054444967.2	-	2	109097651	109097748	96	1
NC_072383.2	110823815	110824565	-1	1	-	NC_072383.2	110824374	110824477	110823876	110824097	HECTD4	XM_054442178.2	-	1	110824097	110824374	276	7
NC_072383.2	111845343	111845910	-3	1	-	NC_072383.2	111845658	111845888	111845500	111845573	DDX54	XM_054443760.2	-	3	111845573	111845658	84	4
NC_072383.2	111956113	111956641	2	1	+	NC_072383.2	111956195	111956311	111956516	111956640	TPCN1	XM_054443769.2	+	2	111956311	111956516	204	1
NC_072383.2	112078355	112078820	-1	1	-	NC_072383.2	112078617	112078756	112078426	112078517	SDS	XM_054443785.1	-	1	112078517	112078617	99	2
NC_072383.2	118825681	118826137	-2	1	-	NC_072383.2	118825969	118826093	118825748	118825872	RAB35	XM_054442453.2	-	2	118825872	118825969	96	1
NC_072383.2	118924712	118925147	-1	1	-	NC_072383.2	118925028	118925115	118924764	118924910	RPLP0	XM_054442731.1	-	1	118924910	118925028	117	1
NC_072383.2	119102946	119104416	-3	1	-	NC_072383.2	119103930	119104098	119103730	119103770	MSI1	XM_063646773.1	-	3	119103770	119103930	159	3
NC_072383.2	119103634	119104462	-2	1	-	NC_072383.2	119103930	119103988	119103730	119103770	MSI1	XM_063646769.1	-	2	119103770	119103930	159	5
NC_072383.2	120547775	120548549	3	1	+	NC_072383.2	120547840	120547904	120548241	120548309	TMEM120B	XM_054443929.2	+	3	120547904	120548241	336	2
NC_072383.2	120553981	120554479	-2	1	-	NC_072383.2	120554276	120554385	120554063	120554197	RHOF	XM_054443931.2	-	2	120554197	120554276	78	2
NC_072383.2	120590411	120591293	3	1	+	NC_072383.2	120590529	120590790	120590866	120591197	SETD1B	XM_054443933.2	+	3	120590790	120590866	75	3
NC_072383.2	120600458	120601094	3	1	+	NC_072383.2	120600495	120600614	120600693	120600830	SETD1B	XM_054443933.2	+	3	120600614	120600693	78	3
NC_072383.2	120619030	120619525	-2	1	-	NC_072383.2	120619307	120619469	120619118	120619189	HPD	XM_054441807.2	-	2	120619189	120619307	117	1
NC_072383.2	121606186	121606678	2	1	+	NC_072383.2	121606213	121606288	121606424	121606564	HIP1R	XM_054441885.2	+	2	121606288	121606424	135	2
NC_072383.2	121609241	121609772	3	1	+	NC_072383.2	121609269	121609416	121609516	121609602	HIP1R	XM_054441885.2	+	3	121609416	121609516	99	2
NC_072383.2	121732703	121733342	3	1	+	NC_072383.2	121732765	121732892	121733076	121733333	OGFOD2	XM_054441908.2	+	3	121732892	121733076	183	3
NC_072383.2	121732703	121733342	3	1	+	NC_072383.2	121732854	121732892	121733076	121733333	OGFOD2	XM_054441910.2	+	3	121732892	121733076	183	4
NC_072383.2	122407041	122407512	1	1	+	NC_072383.2	122407225	122407360	122407475	122407511	GTF2H3	XM_054444117.2	+	1	122407360	122407475	114	6
NC_072383.2	122562336	122562738	1	1	+	NC_072383.2	122562337	122562453	122562535	122562637	DNAH10	XM_054443987.2	+	1	122562453	122562535	81	1
NC_072383.2	123709087	123709852	-2	1	-	NC_072383.2	123709298	123709392	123709137	123709210	DHX37	XM_054443825.2	-	2	123709210	123709298	87	3
NC_072383.2	123712950	123713445	-3	1	-	NC_072383.2	123713214	123713338	123713007	123713123	DHX37	XM_054443825.2	-	3	123713123	123713214	90	3
NC_072383.2	123728078	123728960	-1	1	-	NC_072383.2	123728451	123728552	123728120	123728234	DHX37	XM_054443825.2	-	1	123728234	123728451	216	3
NC_072383.2	123857620	123858046	2	1	+	NC_072383.2	123857651	123857765	123857964	123858045	AACS	XM_054443496.2	+	2	123857765	123857964	198	5
NC_072383.2	130732184	130732892	3	1	+	NC_072383.2	130732334	130732416	130732513	130732665	MMP17	XM_054444807.1	+	3	130732416	130732513	96	4
NC_072383.2	130808872	130809421	2	1	+	NC_072383.2	130809037	130809146	130809261	130809404	ULK1	XM_054444809.2	+	2	130809146	130809261	114	6
NC_072383.2	131037202	131037970	2	1	+	NC_072383.2	131037263	131037370	131037623	131037772	NOC4L	XM_054444821.2	+	2	131037370	131037623	252	1
NC_072383.2	131461279	131462113	2	1	+	NC_072383.2	131461374	131461689	131461783	131461988	FBRSL1	XM_054444834.2	+	2	131461689	131461783	93	16
NC_072383.2	131461279	131462113	2	1	+	NC_072383.2	131461374	131461689	131461786	131461988	FBRSL1	XM_054444835.2	+	2	131461689	131461786	96	1
NC_072383.2	131511530	131512484	3	1	+	NC_072383.2	131511714	131511818	131512305	131512440	P2RX2	XM_054444859.1	+	3	131511818	131512305	486	1
NC_072383.2	131549315	131549969	-1	1	-	NC_072383.2	131549697	131549777	131549484	131549606	POLE	XM_054444862.2	-	1	131549606	131549697	90	2
NC_072383.2	131560565	131561114	-1	1	-	NC_072383.2	131560991	131561093	131560706	131560852	POLE	XM_054444862.2	-	1	131560852	131560991	138	2
NC_072383.2	13625513	13626071	3	1	+	NC_072383.2	13625562	13625658	13625764	13625904	EMP1	XM_054445009.2	+	3	13625658	13625764	105	1
NC_072383.2	2641458	2642106	1	1	+	NC_072383.2	2641723	2641782	2641930	2641989	LOC129009980	XM_063672311.1	+	1	2641782	2641930	147	5
NC_072383.2	28383289	28383796	2	1	+	NC_072383.2	28383290	28383392	28383564	28383625	STK38L	XM_054442897.2	+	2	28383392	28383564	171	5
NC_072383.2	30566493	30566880	-3	1	-	NC_072383.2	30566742	30566879	30566503	30566633	OVCH1	XM_054442366.2	-	3	30566633	30566742	108	1
NC_072383.2	3854820	3855108	-3	1	-	NC_072383.2	3855034	3855106	3854822	3854952	PARP11	XM_054445473.2	-	3	3854952	3855034	81	11
NC_072383.2	42384418	42384832	-2	1	-	NC_072383.2	42384778	42384829	42384496	42384624	NELL2	XM_063672658.1	-	2	42384624	42384778	153	1
NC_072383.2	45369709	45370327	-2	1	-	NC_072383.2	45370010	45370197	45369787	45369877	HDAC7	XM_054443060.2	-	2	45369877	45370010	132	2
NC_072383.2	45369709	45370327	-2	1	-	NC_072383.2	45370010	45370150	45369787	45369877	HDAC7	XM_063672692.1	-	2	45369877	45370010	132	2
NC_072383.2	45717337	45717646	2	1	+	NC_072383.2	45717359	45717458	45717540	45717645	PFKM	XM_054443079.1	+	2	45717458	45717540	81	7
NC_072383.2	46397666	46398197	-1	1	-	NC_072383.2	46397937	46398078	46397691	46397819	ADCY6	XM_054442202.2	-	1	46397819	46397937	117	4
NC_072383.2	46647839	46648400	-1	1	-	NC_072383.2	46648145	46648277	46647939	46648066	KMT2D	XM_054442225.2	-	1	46648066	46648145	78	10
NC_072383.2	46648927	46649428	-2	1	-	NC_072383.2	46649197	46649372	46648964	46649094	KMT2D	XM_054442225.2	-	2	46649094	46649197	102	10
NC_072383.2	46722096	46722555	-3	1	-	NC_072383.2	46722366	46722449	46722193	46722269	LMBR1L	XM_054442236.2	-	3	46722269	46722366	96	3
NC_072383.2	46807320	46807866	-3	1	-	NC_072383.2	46807620	46807842	46807345	46807493	TUBA1A	XM_054442245.2	-	3	46807493	46807620	126	1
NC_072383.2	46955503	46955980	2	1	+	NC_072383.2	46955633	46955761	46955867	46955950	TROAP	XM_054444251.2	+	2	46955761	46955867	105	3
NC_072383.2	46975780	46976779	2	1	+	NC_072383.2	46975784	46976623	46976705	46976774	DNAJC22	XM_054445497.2	+	2	46976623	46976705	81	2
NC_072383.2	47175992	47176535	3	1	+	NC_072383.2	47176015	47176172	47176275	47176482	KCNH3	XM_054445502.2	+	3	47176172	47176275	102	3
NC_072383.2	47429113	47429620	-2	1	-	NC_072383.2	47429486	47429569	47429219	47429332	NCKAP5L	XM_054445546.2	-	2	47429332	47429486	153	1
NC_072383.2	47715866	47716253	3	1	+	NC_072383.2	47715903	47716064	47716155	47716252	SMARCD1	XM_054445567.2	+	3	47716064	47716155	90	4
NC_072383.2	47759344	47759683	-2	1	-	NC_072383.2	47759555	47759683	47759346	47759452	CERS5	XM_054445573.2	-	2	47759452	47759555	102	6
NC_072383.2	47979022	47985670	-2	1	-	NC_072383.2	47982680	47985615	47982362	47982535	FAM186A	XM_054445584.1	-	2	47982535	47982680	144	1
NC_072383.2	47979022	47985670	-2	1	-	NC_072383.2	47982362	47982535	47981858	47982217	FAM186A	XM_054445584.1	-	2	47982217	47982362	144	1
NC_072383.2	47979022	47985670	-2	1	-	NC_072383.2	47981858	47982217	47981390	47981785	FAM186A	XM_054445584.1	-	2	47981785	47981858	72	1
NC_072383.2	47979022	47985670	-2	1	-	NC_072383.2	47981390	47981785	47979024	47981029	FAM186A	XM_054445584.1	-	2	47981029	47981390	360	1
NC_072383.2	49872194	49872833	3	1	+	NC_072383.2	49872254	49872288	49872667	49872833	KRT7	XM_054443305.2	+	3	49872288	49872667	378	1
NC_072383.2	50722021	50722429	2	1	+	NC_072383.2	50722151	50722273	50722364	50722428	TNS2	XM_054442182.2	+	2	50722273	50722364	90	3
NC_072383.2	50953784	50954186	3	1	+	NC_072383.2	50953806	50953921	50954102	50954185	ESPL1	XM_054444372.2	+	3	50953921	50954102	180	5
NC_072383.2	51081078	51081924	1	1	+	NC_072383.2	51081266	51081448	51081686	51081877	AMHR2	XM_054443711.1	+	1	51081448	51081686	237	2
NC_072383.2	52063278	52063620	-3	1	-	NC_072383.2	52063565	52063610	52063280	52063381	ITGA5	XM_054445190.2	-	3	52063381	52063565	183	2
NC_072383.2	52068275	52068857	-1	1	-	NC_072383.2	52068627	52068739	52068374	52068494	ITGA5	XM_054445190.2	-	1	52068494	52068627	132	2
NC_072383.2	52167363	52167690	1	1	+	NC_072383.2	52167388	52167436	52167533	52167689	NCKAP1L	XM_054445206.2	+	1	52167436	52167533	96	1
NC_072383.2	53469646	53470486	-2	1	-	NC_072383.2	53470021	53470082	53469704	53469873	ITGA7	XM_054441968.2	-	2	53469873	53470021	147	9
NC_072383.2	53707120	53707993	2	1	+	NC_072383.2	53707347	53707396	53707751	53707825	DGKA	XM_054441997.2	+	2	53707396	53707751	354	5
NC_072383.2	54136652	54137180	-1	1	-	NC_072383.2	54137064	54137162	54136826	54136961	STAT2	XM_054445291.2	-	1	54136961	54137064	102	4
NC_072383.2	54136652	54137180	-1	1	-	NC_072383.2	54137064	54137162	54136826	54136985	STAT2	XM_063647000.1	-	1	54136985	54137064	78	4
NC_072383.2	54504376	54509710	-2	1	-	NC_072383.2	54507922	54509641	54504377	54507792	LOC129010007	XM_063647022.1	-	2	54507792	54507922	129	1
NC_072383.2	55004369	55004990	3	1	+	NC_072383.2	55004410	55004535	55004740	55004868	LRP1	XM_054442952.2	+	3	55004535	55004740	204	1
NC_072383.2	55289637	55290432	-3	1	-	NC_072383.2	55290274	55290372	55289916	55290057	ARHGAP9	XM_054445719.2	-	3	55290057	55290274	216	4
NC_072383.2	55289637	55290432	-3	1	-	NC_072383.2	55289916	55290057	55289724	55289831	ARHGAP9	XM_054445719.2	-	3	55289831	55289916	84	4
NC_072383.2	55338614	55339247	3	1	+	NC_072383.2	55338672	55339088	55339194	55339246	MBD6	XM_054445708.2	+	3	55339088	55339194	105	4
NC_072383.2	55338614	55339247	3	1	+	NC_072383.2	55338675	55339088	55339194	55339246	MBD6	XM_054445712.2	+	3	55339088	55339194	105	4
NC_072383.2	55383364	55384207	2	1	+	NC_072383.2	55383485	55383691	55384004	55384150	KIF5A	XM_054445730.1	+	2	55383691	55384004	312	1
NC_072383.2	55425349	55425889	2	1	+	NC_072383.2	55425463	55425529	55425785	55425888	ARHGEF25	XM_054443456.1	+	2	55425529	55425785	255	8
NC_072383.2	55440813	55441353	-3	1	-	NC_072383.2	55441158	55441256	55440823	55441013	B4GALNT1	XM_054443463.2	-	3	55441013	55441158	144	4
NC_072383.2	55531701	55532181	1	1	+	NC_072383.2	55531844	55531944	55532125	55532176	OS9	XM_054442330.2	+	1	55531944	55532125	180	8
NC_072383.2	55618799	55619360	-1	1	-	NC_072383.2	55619140	55619285	55618863	55619007	AVIL	XM_054442693.2	-	1	55619007	55619140	132	1
NC_072383.2	5675799	5676480	-3	1	-	NC_072383.2	5676268	5676325	5676023	5676123	ANO2	XM_054444248.1	-	3	5676123	5676268	144	2
NC_072383.2	6406637	6407540	-1	1	-	NC_072383.2	6407111	6407399	6406638	6406945	TNFRSF1A	XM_054443293.2	-	1	6406945	6407111	165	1
NC_072383.2	64099438	64099807	2	1	+	NC_072383.2	64099439	64099501	64099589	64099753	IRAK3	XM_054442357.2	+	2	64099501	64099589	87	10
NC_072383.2	6410404	6410923	-2	1	-	NC_072383.2	6410704	6410853	6410406	6410484	TNFRSF1A	XM_054443293.2	-	2	6410484	6410704	219	1
NC_072383.2	6607604	6608141	3	1	+	NC_072383.2	6607651	6607809	6608059	6608141	NCAPD2	XM_054444380.2	+	3	6607809	6608059	249	1
NC_072383.2	6614325	6614952	1	1	+	NC_072383.2	6614368	6614780	6614886	6614952	GAPDH	XM_054444391.1	+	1	6614780	6614886	105	1
NC_072383.2	6627336	6627909	-3	1	-	NC_072383.2	6627820	6627880	6627574	6627669	IFFO1	XM_054444381.2	-	3	6627669	6627820	150	11
NC_072383.2	6729811	6730237	-2	1	-	NC_072383.2	6730087	6730201	6729813	6729921	ING4	XM_054444419.2	-	2	6729921	6730087	165	3
NC_072383.2	6729811	6730237	-2	1	-	NC_072383.2	6730087	6730201	6729813	6729918	ING4	XM_054444420.2	-	2	6729918	6730087	168	1
NC_072383.2	6729811	6730237	-2	1	-	NC_072383.2	6730096	6730201	6729813	6729921	ING4	XM_054444421.2	-	2	6729921	6730096	174	1
NC_072383.2	6729811	6730237	-2	1	-	NC_072383.2	6730096	6730201	6729813	6729918	ING4	XM_054444422.2	-	2	6729918	6730096	177	1
NC_072383.2	67567759	67568170	-2	1	-	NC_072383.2	67568093	67568170	67567829	67567981	BEST3	XM_054445020.1	-	2	67567981	67568093	111	2
NC_072383.2	6914735	6915320	3	1	+	NC_072383.2	6914874	6915075	6915160	6915291	P3H3	XM_054444480.2	+	3	6915075	6915160	84	2
NC_072383.2	6921970	6922570	2	1	+	NC_072383.2	6922242	6922359	6922468	6922543	P3H3	XM_054444480.2	+	2	6922359	6922468	108	2
NC_072383.2	7025784	7026294	1	1	+	NC_072383.2	7025891	7026071	7026264	7026294	ATN1	XM_054444502.2	+	1	7026071	7026264	192	2
NC_072383.2	7046861	7047227	3	1	+	NC_072383.2	7046884	7047035	7047135	7047226	PTPN6	XM_054444508.2	+	3	7047035	7047135	99	2
NC_072383.2	7064073	7064682	-3	1	-	NC_072383.2	7064386	7064533	7064155	7064313	LPCAT3	XM_054444511.2	-	3	7064313	7064386	72	1
NC_072383.2	86416988	86417381	-1	1	-	NC_072383.2	86417193	86417293	86417033	86417120	CEP290	XM_054442054.2	-	1	86417120	86417193	72	10
NC_072383.2	9467511	9468411	1	1	+	NC_072383.2	9467791	9467899	9468005	9468136	DDX11	XM_054444081.2	+	1	9467899	9468005	105	9
NC_072384.2	101517801	101518191	-2	1	-	NC_072384.2	101518054	101518143	101517815	101517924	FLACC1	XM_054479099.2	-	2	101517924	101518054	129	12
NC_072384.2	118279579	118280089	-1	1	-	NC_072384.2	118280005	118280076	118279581	118279749	TNS1	XM_054477278.2	-	1	118279749	118280005	255	15
NC_072384.2	118743080	118743635	-3	1	-	NC_072384.2	118743432	118743522	118743082	118743236	AAMP	XM_054478500.1	-	3	118743236	118743432	195	2
NC_072384.2	118743729	118744248	-2	1	-	NC_072384.2	118744125	118744208	118743892	118744007	AAMP	XM_054478500.1	-	2	118744007	118744125	117	2
NC_072384.2	119282214	119282697	1	1	+	NC_072384.2	119282215	119282427	119282581	119282697	LOC129031813	XM_054478574.2	+	1	119282427	119282581	153	1
NC_072384.2	119483350	119484136	-1	1	-	NC_072384.2	119483850	119484026	119483501	119483567	CFAP65	XM_054478585.2	-	1	119483567	119483850	282	1
NC_072384.2	119501183	119502125	-3	1	-	NC_072384.2	119501870	119502092	119501286	119501551	CFAP65	XM_054478585.2	-	3	119501551	119501870	318	2
NC_072384.2	119502454	119503276	-1	1	-	NC_072384.2	119502991	119503190	119502572	119502717	CFAP65	XM_054478585.2	-	1	119502717	119502991	273	2
NC_072384.2	119639543	119640062	-3	1	-	NC_072384.2	119639922	119640045	119639657	119639771	LOC129031824	XM_054478591.2	-	3	119639771	119639922	150	2
NC_072384.2	119646434	119646827	-3	1	-	NC_072384.2	119646690	119646810	119646480	119646608	CNPPD1	XM_054478598.1	-	3	119646608	119646690	81	5
NC_072384.2	119717256	119717808	1	1	+	NC_072384.2	119717308	119717441	119717610	119717730	STK16	XM_054478626.2	+	1	119717441	119717610	168	6
NC_072384.2	119758702	119759113	-1	1	-	NC_072384.2	119759012	119759085	119758703	119758771	PTPRN	XM_054478642.2	-	1	119758771	119759012	240	3
NC_072384.2	119939505	119940612	1	1	+	NC_072384.2	119939585	119939689	119940248	119940454	SPEG	XM_054478652.2	+	1	119939689	119940248	558	6
NC_072384.2	120004453	120004945	2	1	+	NC_072384.2	120004546	120004637	120004722	120004801	ASIC4	XM_054478673.2	+	2	120004637	120004722	84	2
NC_072384.2	120024831	120025926	-2	1	-	NC_072384.2	120025479	120025766	120025017	120025292	OBSL1	XM_054478668.2	-	2	120025292	120025479	186	2
NC_072384.2	120073669	120074230	2	1	+	NC_072384.2	120073806	120073909	120074045	120074140	STK11IP	XM_054478683.2	+	2	120073909	120074045	135	7
NC_072384.2	125343115	125343421	-1	1	-	NC_072384.2	125343271	125343385	125343117	125343183	DOCK10	XM_054477377.2	-	1	125343183	125343271	87	6
NC_072384.2	131490066	131490891	1	1	+	NC_072384.2	131490088	131490198	131490631	131490781	ITM2C	XM_054478424.2	+	1	131490198	131490631	432	2
NC_072384.2	131490066	131490891	1	1	+	NC_072384.2	131490088	131490198	131490631	131490891	ITM2C	XM_063648032.1	+	1	131490198	131490631	432	2
NC_072384.2	132521157	132522150	-2	1	-	NC_072384.2	132521890	132521979	132521158	132521445	NPPC	XM_054477504.1	-	2	132521445	132521890	444	1
NC_072384.2	132967802	132968360	3	1	+	NC_072384.2	132967917	132968051	132968151	132968223	ALPP	XM_054477509.1	+	3	132968051	132968151	99	1
NC_072384.2	132997909	132998476	2	1	+	NC_072384.2	132998033	132998167	132998267	132998339	LOC129031341	XM_054477510.1	+	2	132998167	132998267	99	1
NC_072384.2	133075421	133076192	-3	1	-	NC_072384.2	133075971	133076081	133075791	133075883	LOC129031343	XM_054477514.2	-	3	133075883	133075971	87	3
NC_072384.2	133113162	133113873	1	1	+	NC_072384.2	133113513	133113612	133113700	133113859	PRSS56	XM_054477516.1	+	1	133113612	133113700	87	2
NC_072384.2	133114716	133115361	1	1	+	NC_072384.2	133114760	133114936	133115030	133115194	PRSS56	XM_054477516.1	+	1	133114936	133115030	93	1
NC_072384.2	133114716	133115361	1	1	+	NC_072384.2	133114763	133114936	133115030	133115194	PRSS56	XM_054477517.1	+	1	133114936	133115030	93	1
NC_072384.2	133119185	133119785	3	1	+	NC_072384.2	133119327	133119436	133119566	133119721	CHRND	XM_054477518.2	+	3	133119436	133119566	129	1
NC_072384.2	136774523	136775498	-3	1	-	NC_072384.2	136774835	136775357	136774525	136774561	GBX2	XM_054478269.2	-	3	136774561	136774835	273	1
NC_072384.2	138432876	138433227	1	1	+	NC_072384.2	138432928	138433113	138433204	138433226	RBM44	XM_054477337.2	+	1	138433113	138433204	90	2
NC_072384.2	138432876	138433227	1	1	+	NC_072384.2	138432930	138433113	138433204	138433226	RBM44	XM_054477339.2	+	1	138433113	138433204	90	1
NC_072384.2	138777968	138779483	3	1	+	NC_072384.2	138778747	138779009	138779085	138779193	ERFE	XM_054479414.2	+	3	138779009	138779085	75	2
NC_072384.2	138809583	138809880	-2	1	-	NC_072384.2	138809760	138809825	138809610	138809657	ILKAP	XM_054479421.2	-	2	138809657	138809760	102	2
NC_072384.2	138854029	138855004	-1	1	-	NC_072384.2	138854756	138854836	138854422	138854503	HES6	XM_054478065.2	-	1	138854503	138854756	252	1
NC_072384.2	13979121	13980798	-2	1	-	NC_072384.2	13980411	13980455	13979274	13979522	CCDC74B	XM_054479066.2	-	2	13979522	13980411	888	2
NC_072384.2	13979121	13980798	-2	1	-	NC_072384.2	13980411	13980455	13979274	13979324	CCDC74B	XM_054479071.2	-	2	13979324	13980411	1086	2
NC_072384.2	13979121	13980798	-2	1	-	NC_072384.2	13980411	13980455	13979274	13979810	CCDC74B	XM_063647279.1	-	2	13979810	13980411	600	1
NC_072384.2	141729928	141730768	2	1	+	NC_072384.2	141730251	141730364	141730476	141730589	SNED1	XM_054477239.2	+	2	141730364	141730476	111	6
NC_072384.2	141918793	141919603	2	1	+	NC_072384.2	141918822	141919027	141919460	141919602	ANO7	XM_054477256.2	+	2	141919027	141919460	432	1
NC_072384.2	141925074	141925443	1	1	+	NC_072384.2	141925198	141925248	141925390	141925443	ANO7	XM_054477256.2	+	1	141925248	141925390	141	1
NC_072384.2	18043012	18043684	-1	1	-	NC_072384.2	18043357	18043555	18043183	18043257	TEX51	XM_054477181.1	-	1	18043257	18043357	99	2
NC_072384.2	25087402	25087780	-1	1	-	NC_072384.2	25087638	25087758	25087418	25087505	EPB41L5	XM_054477342.2	-	1	25087505	25087638	132	6
NC_072384.2	25087402	25087780	-1	1	-	NC_072384.2	25087638	25087675	25087418	25087505	EPB41L5	XM_063647369.1	-	1	25087505	25087638	132	1
NC_072384.2	51137092	51137545	-1	1	-	NC_072384.2	51137423	51137530	51137216	51137329	NEB	XM_054478960.2	-	1	51137329	51137423	93	4
NC_072384.2	51144054	51144492	-2	1	-	NC_072384.2	51144322	51144429	51144115	51144228	NEB	XM_054478960.2	-	2	51144228	51144322	93	4
NC_072384.2	52085020	52085293	2	1	+	NC_072384.2	52085021	52085089	52085192	52085272	FMNL2	XM_054479308.2	+	2	52085089	52085192	102	8
NC_072384.2	61762725	61763115	-2	1	-	NC_072384.2	61763002	61763092	61762726	61762902	IFIH1	XM_054477430.1	-	2	61762902	61763002	99	1
NC_072384.2	68436995	68437388	3	1	+	NC_072384.2	68437023	68437121	68437218	68437343	NOSTRIN	XM_054476913.2	+	3	68437121	68437218	96	6
NC_072384.2	76872657	76872945	1	1	+	NC_072384.2	76872686	76872808	76872896	76872945	HNRNPA3	XM_054478097.2	+	1	76872808	76872896	87	4
NC_072384.2	77090003	77090342	3	1	+	NC_072384.2	77090004	77090124	77090218	77090292	AGPS	XM_054478101.2	+	3	77090124	77090218	93	2
NC_072384.2	78255346	78256258	-1	1	-	NC_072384.2	78255598	78256185	78255406	78255510	TTN	XM_054479293.2	-	1	78255510	78255598	87	1
NC_072384.2	78256281	78257076	-2	1	-	NC_072384.2	78256731	78257021	78256353	78256640	TTN	XM_054479293.2	-	2	78256640	78256731	90	1
NC_072384.2	78281900	78282704	-3	1	-	NC_072384.2	78282332	78282631	78281906	78282214	TTN	XM_054479293.2	-	3	78282214	78282332	117	1
NC_072384.2	78290549	78291365	-3	1	-	NC_072384.2	78290957	78291253	78290656	78290842	TTN	XM_054479293.2	-	3	78290842	78290957	114	1
NC_072384.2	78297626	78298355	-3	1	-	NC_072384.2	78298019	78298285	78297632	78297910	TTN	XM_054479293.2	-	3	78297910	78298019	108	1
NC_072384.2	78298341	78298926	-2	1	-	NC_072384.2	78298758	78298926	78298392	78298658	TTN	XM_054479293.2	-	2	78298658	78298758	99	1
NC_072384.2	78307353	78307920	-2	1	-	NC_072384.2	78307626	78307892	78307396	78307535	TTN	XM_054479293.2	-	2	78307535	78307626	90	1
NC_072384.2	78395944	78396757	-1	1	-	NC_072384.2	78396349	78396627	78395947	78396228	TTN	XM_054479293.2	-	1	78396228	78396349	120	1
NC_072384.2	78398900	78399638	-3	1	-	NC_072384.2	78399320	78399598	78398948	78399226	TTN	XM_054479293.2	-	3	78399226	78399320	93	1
NC_072385.2	104725111	104725411	2	1	+	NC_072385.2	104725144	104725234	104725346	104725410	ALK	XM_054476638.1	+	2	104725234	104725346	111	1
NC_072385.2	106497449	106498013	-1	1	-	NC_072385.2	106497750	106497956	106497498	106497632	KRTCAP3	XM_054476090.2	-	1	106497632	106497750	117	2
NC_072385.2	106640142	106640580	-3	1	-	NC_072385.2	106640346	106640470	106640143	106640225	TRIM54	XM_054476146.2	-	3	106640225	106640346	120	4
NC_072385.2	106689180	106689873	1	1	+	NC_072385.2	106689224	106689370	106689473	106689626	SLC30A3	XM_054476141.1	+	1	106689370	106689473	102	3
NC_072385.2	106704464	106704872	-1	1	-	NC_072385.2	106704717	106704872	106704519	106704620	CAD	XM_054476092.2	-	1	106704620	106704717	96	2
NC_072385.2	106815701	106816157	3	1	+	NC_072385.2	106815725	106815898	106816046	106816118	PREB	XM_054476135.2	+	3	106815898	106816046	147	2
NC_072385.2	106879108	106879636	-2	1	-	NC_072385.2	106879460	106879572	106879110	106879156	AGBL5	XM_063648866.1	-	2	106879156	106879460	303	2
NC_072385.2	107473000	107474662	2	1	+	NC_072385.2	107473022	107473141	107473562	107473723	OTOF	XM_054474896.1	+	2	107473141	107473562	420	6
NC_072385.2	107473000	107474662	2	1	+	NC_072385.2	107473562	107473723	107473835	107473997	OTOF	XM_054474896.1	+	2	107473723	107473835	111	6
NC_072385.2	107473000	107474662	2	1	+	NC_072385.2	107473835	107473997	107474481	107474611	OTOF	XM_054474896.1	+	2	107473997	107474481	483	4
NC_072385.2	107473000	107474662	2	1	+	NC_072385.2	107473835	107473997	107474541	107474611	OTOF	XM_054474898.1	+	2	107473997	107474541	543	2
NC_072385.2	107475672	107476659	1	1	+	NC_072385.2	107476081	107476110	107476510	107476641	OTOF	XM_054474896.1	+	1	107476110	107476510	399	6
NC_072385.2	109938810	109939290	-3	1	-	NC_072385.2	109939194	109939272	109938970	109939100	MFSD2B	XM_054476525.2	-	3	109939100	109939194	93	3
NC_072385.2	110255472	110256237	-3	1	-	NC_072385.2	110256012	110256210	110255700	110255882	KLHL29	XM_054476535.2	-	3	110255882	110256012	129	2
NC_072385.2	112913427	112913874	1	1	+	NC_072385.2	112913469	112913586	112913689	112913835	APOB	XM_054475522.1	+	1	112913586	112913689	102	1
NC_072385.2	113790155	113790593	3	1	+	NC_072385.2	113790159	113790270	113790322	113790593	LOC129030464	XM_054475792.2	+	3	113790270	113790322	51	1
NC_072385.2	118357321	118357597	-2	1	-	NC_072385.2	118357509	118357581	118357382	118357424	DDX1	XM_063648940.1	-	2	118357424	118357509	84	3
NC_072385.2	124645929	124646655	-3	1	-	NC_072385.2	124646527	124646615	124645966	124646088	ASAP2	XM_054474424.1	-	3	124646088	124646527	438	9
NC_072385.2	25094750	25095119	3	1	+	NC_072385.2	25094794	25094821	25095038	25095119	LOC129030773	XM_054476428.2	+	3	25094821	25095038	216	1
NC_072385.2	25951004	25951385	3	1	+	NC_072385.2	25951050	25951161	25951261	25951349	CIAO1	XM_054475814.2	+	3	25951161	25951261	99	1
NC_072385.2	26854782	26855220	-3	1	-	NC_072385.2	26855059	26855160	26854879	26854950	KANSL3	XM_054475868.2	-	3	26854950	26855059	108	14
NC_072385.2	27103978	27105082	-2	1	-	NC_072385.2	27104929	27104999	27103979	27104805	SEMA4C	XM_054475910.2	-	2	27104805	27104929	123	5
NC_072385.2	27108948	27109311	-3	1	-	NC_072385.2	27109228	27109290	27109027	27109125	SEMA4C	XM_054475910.2	-	3	27109125	27109228	102	5
NC_072385.2	27424137	27424632	-3	1	-	NC_072385.2	27424429	27424582	27424165	27424335	TMEM131	XM_054474140.2	-	3	27424335	27424429	93	5
NC_072385.2	30341889	30342825	-3	1	-	NC_072385.2	30342441	30342753	30341926	30342311	AFF3	XM_054476743.2	-	3	30342311	30342441	129	11
NC_072385.2	31390003	31390486	-2	1	-	NC_072385.2	31390340	31390469	31390085	31390183	TBC1D8	XM_054474291.2	-	2	31390183	31390340	156	5
NC_072385.2	40531938	40532346	-3	1	-	NC_072385.2	40532115	40532240	40531944	40532018	EDAR	XM_054475332.2	-	3	40532018	40532115	96	1
NC_072385.2	44685534	44686071	-3	1	-	NC_072385.2	44685972	44686026	44685535	44685857	LOC129029984	unassigned_transcript_391	-	3	44685857	44685972	114	1
NC_072385.2	44871192	44871759	1	1	+	NC_072385.2	44871238	44871292	44871416	44871759	LOC129026615	unassigned_transcript_396	+	1	44871292	44871416	123	1
NC_072385.2	46745777	46746236	-1	1	-	NC_072385.2	46746060	46746236	46745841	46745975	KDM3A	XM_054475770.2	-	1	46745975	46746060	84	1
NC_072385.2	47866078	47866936	2	1	+	NC_072385.2	47866139	47866231	47866769	47866901	CAPG	XM_054475423.2	+	2	47866231	47866769	537	7
NC_072385.2	47893422	47893968	-3	1	-	NC_072385.2	47893794	47893917	47893437	47893559	ELMOD3	XM_054475415.2	-	3	47893559	47893794	234	10
NC_072385.2	47937450	47939247	1	1	+	NC_072385.2	47937706	47937751	47937983	47939160	TGOLN2	XM_054475406.2	+	1	47937751	47937983	231	4
NC_072385.2	47937450	47939247	1	1	+	NC_072385.2	47937706	47937751	47937983	47938689	TGOLN2	XM_054475410.2	+	1	47937751	47937983	231	3
NC_072385.2	47937450	47939247	1	1	+	NC_072385.2	47937983	47938689	47938864	47939160	TGOLN2	XM_054475410.2	+	1	47938689	47938864	174	3
NC_072385.2	58995194	58995680	-1	1	-	NC_072385.2	58995567	58995647	58995270	58995461	TTC31	XM_054475268.2	-	1	58995461	58995567	105	3
NC_072385.2	59061578	59061950	-1	1	-	NC_072385.2	59061786	59061860	59061579	59061707	WDR54	XM_054476262.2	-	1	59061707	59061786	78	5
NC_072385.2	61421382	61422075	1	1	+	NC_072385.2	61421473	61421502	61421626	61421850	LOC129026320	XM_054473687.2	+	1	61421502	61421626	123	1
NC_072385.2	62710572	62711202	1	1	+	NC_072385.2	62710661	62710777	62711108	62711197	CLEC4F	XM_054475642.1	+	1	62710777	62711108	330	3
NC_072385.2	72078361	72078856	2	1	+	NC_072385.2	72078362	72078500	72078663	72078844	XPO1	XM_054474137.2	+	2	72078500	72078663	162	3
NC_072385.2	72631943	72632285	3	1	+	NC_072385.2	72632059	72632135	72632229	72632284	PUS10	XM_054475063.2	+	3	72632135	72632229	93	17
NC_072385.2	85212220	85212502	-2	1	-	NC_072385.2	85212401	85212502	85212222	85212310	PPP1R21	XM_054474742.2	-	2	85212310	85212401	90	4
NC_072385.2	85900201	85900723	-2	1	-	NC_072385.2	85900496	85900650	85900203	85900402	MSH6	XM_054472021.2	-	2	85900402	85900496	93	2
NC_072385.2	97007331	97007697	1	1	+	NC_072385.2	97007357	97007443	97007531	97007697	STRN	XM_054474891.2	+	1	97007443	97007531	87	3
NC_072386.2	102948064	102949264	-3	1	-	NC_072386.2	102948715	102949263	102948125	102948276	LOC129043684	XM_063650137.1	-	3	102948276	102948715	438	1
NC_072386.2	103675365	103675860	1	1	+	NC_072386.2	103675423	103675435	103675529	103675718	SLC31A2	XM_054500893.2	+	1	103675435	103675529	93	1
NC_072386.2	104518275	104519244	1	1	+	NC_072386.2	104518553	104518630	104519177	104519215	ZNF618	XM_054502095.2	+	1	104518630	104519177	546	36
NC_072386.2	104609828	104610248	-2	1	-	NC_072386.2	104610124	104610224	104609915	104610033	KIF12	XM_054502117.2	-	2	104610033	104610124	90	1
NC_072386.2	115520916	115521201	1	1	+	NC_072386.2	115520938	115520985	115521076	115521201	WDR38	XM_054500066.2	+	1	115520985	115521076	90	3
NC_072386.2	118403397	118404315	1	1	+	NC_072386.2	118403601	118403691	118403896	118404039	TTC16	XM_054501343.2	+	1	118403691	118403896	204	2
NC_072386.2	118953330	118953690	-1	1	-	NC_072386.2	118953631	118953690	118953367	118953447	GOLGA2	XM_054501037.1	-	1	118953447	118953631	183	2
NC_072386.2	119039643	119040177	1	1	+	NC_072386.2	119039699	119039863	119039951	119040097	SLC27A4	XM_054501061.2	+	1	119039863	119039951	87	1
NC_072386.2	119039643	119040177	1	1	+	NC_072386.2	119039699	119039773	119039951	119040097	SLC27A4	XM_063650369.1	+	1	119039773	119039951	177	1
NC_072386.2	119217173	119217653	3	1	+	NC_072386.2	119217214	119217356	119217462	119217652	GLE1	XM_054501090.2	+	3	119217356	119217462	105	1
NC_072386.2	119389313	119389883	3	1	+	NC_072386.2	119389498	119389607	119389719	119389862	PKN3	XM_054501099.2	+	3	119389607	119389719	111	9
NC_072386.2	119395857	119396304	1	1	+	NC_072386.2	119395880	119396022	119396104	119396211	PKN3	XM_054501099.2	+	1	119396022	119396104	81	9
NC_072386.2	119426082	119426733	-1	1	-	NC_072386.2	119426524	119426638	119426233	119426379	ZER1	XM_054501115.1	-	1	119426379	119426524	144	11
NC_072386.2	119680613	119681180	3	1	+	NC_072386.2	119680614	119680841	119680956	119681087	NUP188	XM_054501160.2	+	3	119680841	119680956	114	3
NC_072386.2	121732335	121732803	1	1	+	NC_072386.2	121732418	121732606	121732685	121732802	LAMC3	XM_054501494.2	+	1	121732606	121732685	78	1
NC_072386.2	121789920	121791141	1	1	+	NC_072386.2	121790380	121790410	121790552	121790613	AIF1L	XM_054500208.2	+	1	121790410	121790552	141	1
NC_072386.2	122282417	122283470	-2	1	-	NC_072386.2	122282988	122283066	122282781	122282882	RAPGEF1	XM_054500110.2	-	2	122282882	122282988	105	4
NC_072386.2	123776660	123777218	3	1	+	NC_072386.2	123776725	123776805	123777028	123777125	GTF3C5	XM_054501859.2	+	3	123776805	123777028	222	2
NC_072386.2	124163697	124164174	1	1	+	NC_072386.2	124163785	124163936	124164048	124164111	ADAMTS13	XM_054501769.2	+	1	124163936	124164048	111	11
NC_072386.2	126298134	126298716	1	1	+	NC_072386.2	126298328	126298432	126298703	126298716	PAEP	XM_054501735.2	+	1	126298432	126298703	270	3
NC_072386.2	126420349	126420655	2	1	+	NC_072386.2	126420426	126420527	126420636	126420655	LCN9	XM_054502143.2	+	2	126420527	126420636	108	1
NC_072386.2	126505691	126506255	3	1	+	NC_072386.2	126505842	126505901	126506133	126506207	KCNT1	XM_054500564.2	+	3	126505901	126506133	231	3
NC_072386.2	126948612	126949371	-1	1	-	NC_072386.2	126948976	126949127	126948720	126948888	LHX3	XM_054501890.2	-	1	126948888	126948976	87	2
NC_072386.2	127119464	127120397	-2	1	-	NC_072386.2	127119900	127120079	127119672	127119815	CARD9	XM_054502457.2	-	2	127119815	127119900	84	6
NC_072386.2	127136797	127137226	-3	1	-	NC_072386.2	127137056	127137162	127136799	127136893	SNAPC4	XM_054501491.2	-	3	127136893	127137056	162	5
NC_072386.2	127431022	127431847	2	1	+	NC_072386.2	127431051	127431146	127431306	127431467	EGFL7	XM_054500556.2	+	2	127431146	127431306	159	2
NC_072386.2	127438118	127438985	-2	1	-	NC_072386.2	127438676	127438809	127438203	127438378	AGPAT2	XM_054500561.2	-	2	127438378	127438676	297	2
NC_072386.2	127520246	127520828	-2	1	-	NC_072386.2	127520651	127520755	127520483	127520572	LCN8	XM_054501755.1	-	2	127520572	127520651	78	1
NC_072386.2	127569365	127569863	3	1	+	NC_072386.2	127569405	127569530	127569654	127569708	CCDC183	XM_054502366.2	+	3	127569530	127569654	123	1
NC_072386.2	127617976	127618564	2	1	+	NC_072386.2	127618001	127618085	127618221	127618346	MAMDC4	XM_063650143.1	+	2	127618085	127618221	135	1
NC_072386.2	127618554	127619403	1	1	+	NC_072386.2	127618766	127618854	127618933	127619106	MAMDC4	XM_063650143.1	+	1	127618854	127618933	78	1
NC_072386.2	127620418	127621669	2	1	+	NC_072386.2	127620963	127621097	127621221	127621354	MAMDC4	XM_063650143.1	+	2	127621097	127621221	123	1
NC_072386.2	127621422	127621923	1	1	+	NC_072386.2	127621423	127621642	127621715	127621852	MAMDC4	XM_063650143.1	+	1	127621642	127621715	72	1
NC_072386.2	127622157	127622640	1	1	+	NC_072386.2	127622236	127622326	127622450	127622596	MAMDC4	XM_063650143.1	+	1	127622326	127622450	123	1
NC_072386.2	127709474	127709933	3	1	+	NC_072386.2	127709620	127709721	127709806	127709844	C8G	XM_054502959.2	+	3	127709721	127709806	84	2
NC_072386.2	127709474	127709933	3	1	+	NC_072386.2	127709806	127709844	127709923	127709933	C8G	XM_054502959.2	+	3	127709844	127709923	78	1
NC_072386.2	127709474	127709933	3	1	+	NC_072386.2	127709806	127709844	127709926	127709933	C8G	XM_054502960.2	+	3	127709844	127709926	81	1
NC_072386.2	127756547	127756886	3	1	+	NC_072386.2	127756672	127756756	127756850	127756886	PAXX	XM_054501433.2	+	3	127756756	127756850	93	1
NC_072386.2	127775415	127776720	-1	1	-	NC_072386.2	127776351	127776471	127775829	127776065	ABCA2	XM_054501743.2	-	1	127776065	127776351	285	2
NC_072386.2	127775415	127776720	-1	1	-	NC_072386.2	127775829	127776065	127775493	127775699	ABCA2	XM_054501743.2	-	1	127775699	127775829	129	2
NC_072386.2	127777083	127777581	-1	1	-	NC_072386.2	127777353	127777549	127777092	127777274	ABCA2	XM_054501743.2	-	1	127777274	127777353	78	2
NC_072386.2	127777969	127778449	-3	1	-	NC_072386.2	127778254	127778418	127777971	127778151	ABCA2	XM_054501743.2	-	3	127778151	127778254	102	2
NC_072386.2	127779750	127780536	-1	1	-	NC_072386.2	127780440	127780536	127779852	127780025	ABCA2	XM_054501743.2	-	1	127780025	127780440	414	2
NC_072386.2	127810308	127811151	-1	1	-	NC_072386.2	127810609	127810743	127810309	127810509	ENTPD2	XM_054502455.2	-	1	127810509	127810609	99	1
NC_072386.2	127812414	127813242	-1	1	-	NC_072386.2	127812982	127813141	127812673	127812900	ENTPD2	XM_054502455.2	-	1	127812900	127812982	81	1
NC_072386.2	127839532	127840396	2	1	+	NC_072386.2	127839756	127839960	127840207	127840382	UAP1L1	XM_054502976.2	+	2	127839960	127840207	246	4
NC_072386.2	127920716	127921436	3	1	+	NC_072386.2	127920932	127921053	127921126	127921300	GRIN1	XM_054501592.1	+	3	127921053	127921126	72	9
NC_072386.2	127925884	127926370	2	1	+	NC_072386.2	127926008	127926172	127926251	127926369	GRIN1	XM_054501592.1	+	2	127926172	127926251	78	9
NC_072386.2	127979399	127979999	3	1	+	NC_072386.2	127979431	127979577	127979671	127979789	NDOR1	XM_054500720.2	+	3	127979577	127979671	93	3
NC_072386.2	128010664	128011636	-3	1	-	NC_072386.2	128010950	128011496	128010736	128010862	CIMIP2A	XM_054502445.2	-	3	128010862	128010950	87	2
NC_072386.2	128010664	128011636	-3	1	-	NC_072386.2	128011282	128011496	128010950	128011200	CIMIP2A	XM_054502447.2	-	3	128011200	128011282	81	2
NC_072386.2	128010664	128011636	-3	1	-	NC_072386.2	128010950	128011200	128010736	128010862	CIMIP2A	XM_054502447.2	-	3	128010862	128010950	87	2
NC_072386.2	128017825	128018491	2	1	+	NC_072386.2	128017959	128018047	128018162	128018465	STPG3	XM_054502449.2	+	2	128018047	128018162	114	3
NC_072386.2	128204796	128205273	-1	1	-	NC_072386.2	128204992	128205264	128204799	128204916	ENTPD8	XM_054500314.2	-	1	128204916	128204992	75	5
NC_072386.2	128204796	128205273	-1	1	-	NC_072386.2	128204992	128205117	128204799	128204916	ENTPD8	XM_054500317.2	-	1	128204916	128204992	75	2
NC_072386.2	128215905	128216340	-1	1	-	NC_072386.2	128216277	128216310	128216089	128216159	NSMF	XM_054499976.2	-	1	128216159	128216277	117	4
NC_072386.2	21343581	21343998	-1	1	-	NC_072386.2	21343777	21343955	21343582	21343653	TMEM8B	XM_054501979.2	-	1	21343653	21343777	123	1
NC_072386.2	21384769	21385645	-3	1	-	NC_072386.2	21385216	21385375	21384901	21385056	NPR2	XM_054501995.2	-	3	21385056	21385216	159	2
NC_072386.2	21454524	21454830	-1	1	-	NC_072386.2	21454685	21454791	21454526	21454594	CREB3	XM_054502006.2	-	1	21454594	21454685	90	1
NC_072386.2	21478779	21479139	1	1	+	NC_072386.2	21478818	21478911	21479014	21479103	TLN1	XM_054501994.2	+	1	21478911	21479014	102	2
NC_072386.2	21483159	21483660	1	1	+	NC_072386.2	21483178	21483348	21483433	21483582	TLN1	XM_054501994.2	+	1	21483348	21483433	84	2
NC_072386.2	21503936	21504365	3	1	+	NC_072386.2	21503958	21504091	21504185	21504302	TPM2	XM_054501901.2	+	3	21504091	21504185	93	5
NC_072386.2	21509424	21509880	-1	1	-	NC_072386.2	21509736	21509880	21509595	21509621	CA9	XM_054501843.1	-	1	21509621	21509736	114	1
NC_072386.2	21513273	21514149	-1	1	-	NC_072386.2	21513939	21514109	21513664	21513806	CA9	XM_054501843.1	-	1	21513806	21513939	132	1
NC_072386.2	21513273	21514149	-1	1	-	NC_072386.2	21513664	21513806	21513481	21513573	CA9	XM_054501843.1	-	1	21513573	21513664	90	1
NC_072386.2	21539187	21540084	1	1	+	NC_072386.2	21539300	21539578	21539690	21539751	SIT1	XM_054501851.2	+	1	21539578	21539690	111	1
NC_072386.2	21539187	21540084	1	1	+	NC_072386.2	21539690	21539751	21539854	21540084	SIT1	XM_054501851.2	+	1	21539751	21539854	102	3
NC_072386.2	21539187	21540084	1	1	+	NC_072386.2	21539300	21539435	21539520	21539578	SIT1	XM_054501852.2	+	1	21539435	21539520	84	2
NC_072386.2	21539187	21540084	1	1	+	NC_072386.2	21539520	21539578	21539690	21539751	SIT1	XM_054501852.2	+	1	21539578	21539690	111	2
NC_072386.2	21626761	21627658	2	1	+	NC_072386.2	21626790	21626977	21627152	21627203	CIMIP2B	XM_063650471.1	+	2	21626977	21627152	174	2
NC_072386.2	21626761	21627658	2	1	+	NC_072386.2	21627152	21627203	21627324	21627472	CIMIP2B	XM_063650472.1	+	2	21627203	21627324	120	1
NC_072386.2	22102791	22103247	1	1	+	NC_072386.2	22102834	22102978	22103102	22103181	STOML2	XM_054501878.2	+	1	22102978	22103102	123	2
NC_072386.2	22208162	22209224	-2	1	-	NC_072386.2	22208553	22209154	22208163	22208393	DNAJB5	XM_054502708.2	-	2	22208393	22208553	159	4
NC_072386.2	22697561	22698089	-2	1	-	NC_072386.2	22697826	22697915	22697615	22697702	DNAI1	XM_054502758.1	-	2	22697702	22697826	123	2
NC_072386.2	23287854	23288226	1	1	+	NC_072386.2	23287855	23288046	23288134	23288226	UBAP2	XM_054502799.2	+	1	23288046	23288134	87	16
NC_072386.2	23829688	23830234	2	1	+	NC_072386.2	23829822	23829956	23830041	23830204	NOL6	XM_054502828.2	+	2	23829956	23830041	84	12
NC_072386.2	36450424	36450826	2	1	+	NC_072386.2	36450463	36450569	36450720	36450814	HACD4	XM_054502388.2	+	2	36450569	36450720	150	1
NC_072386.2	52451675	52452350	3	1	+	NC_072386.2	52451718	52451928	52452085	52452185	LOC129043688	XM_054500540.1	+	3	52451928	52452085	156	1
NC_072386.2	55102647	55103094	1	1	+	NC_072386.2	55102672	55102765	55103027	55103093	PUM3	XM_054500148.2	+	1	55102765	55103027	261	2
NC_072386.2	67028106	67028367	1	1	+	NC_072386.2	67028107	67028152	67028243	67028366	VPS13A	XM_054500058.2	+	1	67028152	67028243	90	3
NC_072386.2	81420549	81420870	1	1	+	NC_072386.2	81420574	81420746	81420822	81420865	SEMA4D	XM_054502191.2	+	1	81420746	81420822	75	20
NC_072386.2	83559052	83559703	2	1	+	NC_072386.2	83559147	83559258	83559655	83559703	WNK2	XM_054500467.2	+	2	83559258	83559655	396	1
NC_072386.2	89381080	89381536	2	1	+	NC_072386.2	89381120	89381260	89381456	89381524	COL15A1	XM_054501944.2	+	2	89381260	89381456	195	2
NC_072386.2	95388124	95388673	-3	1	-	NC_072386.2	95388358	95388667	95388125	95388255	LOC129044300	XM_054502136.1	-	3	95388255	95388358	102	1
NC_072386.2	99071933	99072419	3	1	+	NC_072386.2	99072045	99072124	99072179	99072419	LOC129044333	XM_054502184.2	+	3	99072124	99072179	54	1
NC_072387.2	107926559	107926841	3	1	+	NC_072387.2	107926560	107926671	107926756	107926811	IPO5	XM_054446396.2	+	3	107926671	107926756	84	2
NC_072387.2	109904542	109905328	2	1	+	NC_072387.2	109904601	109904764	109904978	109905328	ZIC2	XM_054447167.2	+	2	109904764	109904978	213	1
NC_072387.2	109904542	109905328	2	1	+	NC_072387.2	109904601	109904764	109904978	109905321	ZIC2	XM_063651074.1	+	2	109904764	109904978	213	1
NC_072387.2	111041365	111041860	-1	1	-	NC_072387.2	111041618	111041738	111041390	111041521	NALCN	XM_054446842.2	-	1	111041521	111041618	96	1
NC_072387.2	120207094	120207355	-1	1	-	NC_072387.2	120207266	120207355	120207122	120207166	COL4A1	XM_054447361.2	-	1	120207166	120207266	99	1
NC_072387.2	120496632	120497121	1	1	+	NC_072387.2	120496697	120496843	120497000	120497116	COL4A2	XM_054447359.2	+	1	120496843	120497000	156	1
NC_072387.2	123077161	123077833	2	1	+	NC_072387.2	123077215	123077333	123077679	123077771	MCF2L	XM_054447037.2	+	2	123077333	123077679	345	9
NC_072387.2	27168032	27168512	3	1	+	NC_072387.2	27168069	27168197	27168402	27168511	SAP18	XM_054446122.2	+	3	27168197	27168402	204	4
NC_072387.2	27361027	27361306	-1	1	-	NC_072387.2	27361166	27361201	27361029	27361090	LOC129011868	XM_054447208.2	-	1	27361090	27361166	75	1
NC_072387.2	30871016	30871295	-3	1	-	NC_072387.2	30871155	30871190	30871018	30871079	LOC129011388	XM_054446228.2	-	3	30871079	30871155	75	12
NC_072387.2	33383348	33383726	3	1	+	NC_072387.2	33383358	33383423	33383625	33383725	LOC129011430	XM_054446360.2	+	3	33383423	33383625	201	1
NC_072387.2	33387898	33388177	2	1	+	NC_072387.2	33388004	33388039	33388115	33388176	LOC129011430	XM_054446356.2	+	2	33388039	33388115	75	5
NC_072387.2	36528152	36528509	-3	1	-	NC_072387.2	36528356	36528488	36528161	36528265	FLT3	XM_054446513.2	-	3	36528265	36528356	90	2
NC_072387.2	45582219	45582639	-2	1	-	NC_072387.2	45582475	45582631	45582325	45582381	SUPT20H	XM_054446440.2	-	2	45582381	45582475	93	50
NC_072387.2	57035036	57035564	-3	1	-	NC_072387.2	57035373	57035531	57035127	57035234	RCBTB2	XM_054446760.2	-	3	57035234	57035373	138	7
NC_072387.2	60725012	60725300	-3	1	-	NC_072387.2	60725207	60725300	60725022	60725119	NEK3	XM_054446900.2	-	3	60725119	60725207	87	5
NC_072387.2	60725012	60725300	-3	1	-	NC_072387.2	60725207	60725249	60725022	60725119	NEK3	XM_063650900.1	-	3	60725119	60725207	87	1
NC_072388.2	102024736	102025417	-3	1	-	NC_072388.2	102025172	102025269	102024991	102025075	CDC42BPB	XM_054449340.2	-	3	102025075	102025172	96	4
NC_072388.2	102183740	102184271	3	1	+	NC_072388.2	102183815	102183926	102184128	102184250	EXOC3L4	XM_054449348.2	+	3	102183926	102184128	201	15
NC_072388.2	102212015	102212624	3	1	+	NC_072388.2	102212178	102212333	102212502	102212623	TNFAIP2	XM_054449364.2	+	3	102212333	102212502	168	1
NC_072388.2	103275852	103276836	1	1	+	NC_072388.2	103275902	103276164	103276255	103276438	KIF26A	XM_054449457.2	+	1	103276164	103276255	90	4
NC_072388.2	103858200	103859559	1	1	+	NC_072388.2	103858318	103858459	103858661	103859404	INF2	XM_054448738.2	+	1	103858459	103858661	201	4
NC_072388.2	103927866	103928319	-1	1	-	NC_072388.2	103928068	103928199	103927930	103927995	AKT1	XM_054447960.2	-	1	103927995	103928068	72	5
NC_072388.2	104087268	104087769	1	1	+	NC_072388.2	104087355	104087520	104087602	104087698	PLD4	XM_054447796.1	+	1	104087520	104087602	81	3
NC_072388.2	104112658	104113042	-3	1	-	NC_072388.2	104112887	104112945	104112683	104112781	AHNAK2	XM_054447793.2	-	3	104112781	104112887	105	2
NC_072388.2	104305755	104306418	-1	1	-	NC_072388.2	104306254	104306300	104305993	104306166	JAG2	XM_054448663.2	-	1	104306166	104306254	87	3
NC_072388.2	104306487	104307195	-1	1	-	NC_072388.2	104306988	104307101	104306646	104306759	JAG2	XM_054448663.2	-	1	104306759	104306988	228	3
NC_072388.2	104752627	104753584	-3	1	-	NC_072388.2	104753257	104753449	104752732	104753052	LOC129013108	unassigned_transcript_486	-	3	104753052	104753257	204	1
NC_072388.2	105030394	105031504	-3	1	-	NC_072388.2	105030979	105031486	105030445	105030768	LOC129013243	unassigned_transcript_495	-	3	105030768	105030979	210	1
NC_072388.2	105449040	105449760	-1	1	-	NC_072388.2	105449288	105449724	105449042	105449104	LOC134738096	XM_063651289.1	-	1	105449104	105449288	183	1
NC_072388.2	16684605	16685130	1	1	+	NC_072388.2	16684664	16684809	16684894	16685100	LOC129013193	XM_063651310.1	+	1	16684809	16684894	84	15
NC_072388.2	16782257	16782494	-2	1	-	NC_072388.2	16782417	16782478	16782258	16782335	LOC129012665	XM_054448586.2	-	2	16782335	16782417	81	1
NC_072388.2	17589759	17590746	-1	1	-	NC_072388.2	17590522	17590708	17589922	17590359	LOC129013197	XM_063652123.1	-	1	17590359	17590522	162	1
NC_072388.2	19077473	19077812	-2	1	-	NC_072388.2	19077704	19077740	19077534	19077598	NDRG2	XM_063651372.1	-	2	19077598	19077704	105	1
NC_072388.2	19160660	19161113	3	1	+	NC_072388.2	19160712	19160822	19160940	19161086	TMEM253	XM_054449774.1	+	3	19160822	19160940	117	1
NC_072388.2	21065151	21065547	-1	1	-	NC_072388.2	21065395	21065547	21065176	21065313	RBM23	XM_054448855.2	-	1	21065313	21065395	81	18
NC_072388.2	21210561	21211299	-1	1	-	NC_072388.2	21211086	21211197	21210585	21210833	CDH24	XM_054448827.2	-	1	21210833	21211086	252	5
NC_072388.2	21568790	21569624	-2	1	-	NC_072388.2	21569283	21569426	21568853	21569009	MYH6	XM_054448901.2	-	2	21569009	21569283	273	1
NC_072388.2	22234420	22234858	2	1	+	NC_072388.2	22234513	22234606	22234700	22234798	CARMIL3	XM_054448925.2	+	2	22234606	22234700	93	3
NC_072388.2	22248802	22249381	2	1	+	NC_072388.2	22248899	22248973	22249139	22249222	CPNE6	XM_054448928.2	+	2	22248973	22249139	165	2
NC_072388.2	22251412	22252105	2	1	+	NC_072388.2	22251474	22251607	22251749	22251985	CPNE6	XM_054448928.2	+	2	22251607	22251749	141	2
NC_072388.2	22322500	22322779	-3	1	-	NC_072388.2	22322749	22322779	22322564	22322661	PSME2	XM_054449000.1	-	3	22322661	22322749	87	2
NC_072388.2	22332943	22333255	2	1	+	NC_072388.2	22332944	22333042	22333133	22333222	RNF31	XM_054448955.2	+	2	22333042	22333133	90	4
NC_072388.2	22340473	22341049	2	1	+	NC_072388.2	22340474	22340657	22340889	22341019	IRF9	XM_054448973.2	+	2	22340657	22340889	231	4
NC_072388.2	22343200	22343758	2	1	+	NC_072388.2	22343353	22343468	22343628	22343758	IRF9	XM_054448973.2	+	2	22343468	22343628	159	2
NC_072388.2	22350724	22351099	2	1	+	NC_072388.2	22350799	22350941	22351026	22351098	REC8	XM_054448970.2	+	2	22350941	22351026	84	2
NC_072388.2	22365248	22365695	-2	1	-	NC_072388.2	22365540	22365669	22365273	22365452	IPO4	XM_054448952.2	-	2	22365452	22365540	87	6
NC_072388.2	22387201	22387711	-3	1	-	NC_072388.2	22387538	22387652	22387234	22387369	CHMP4A	XM_054449001.2	-	3	22387369	22387538	168	1
NC_072388.2	22431261	22432026	-1	1	-	NC_072388.2	22431624	22431905	22431316	22431476	TGM1	XM_054449010.2	-	1	22431476	22431624	147	1
NC_072388.2	22444009	22444975	-3	1	-	NC_072388.2	22444487	22444575	22444277	22444393	RABGGTA	XM_054447936.2	-	3	22444393	22444487	93	2
NC_072388.2	22444981	22445527	-3	1	-	NC_072388.2	22445342	22445443	22445131	22445236	RABGGTA	XM_054447936.2	-	3	22445236	22445342	105	2
NC_072388.2	22444981	22445527	-3	1	-	NC_072388.2	22445131	22445236	22444986	22445037	RABGGTA	XM_054447936.2	-	3	22445037	22445131	93	2
NC_072388.2	22476532	22477564	2	1	+	NC_072388.2	22476569	22476815	22477023	22477466	NOP9	XM_054447940.2	+	2	22476815	22477023	207	2
NC_072388.2	22506251	22506962	-2	1	-	NC_072388.2	22506748	22506896	22506558	22506669	ADCY4	XM_054448490.2	-	2	22506669	22506748	78	5
NC_072388.2	22585862	22586456	3	1	+	NC_072388.2	22585910	22586040	22586188	22586284	NYNRIN	XM_054449177.2	+	3	22586040	22586188	147	3
NC_072388.2	50703928	50704759	-3	1	-	NC_072388.2	50704408	50704709	50703967	50704326	NID2	XM_054447696.2	-	3	50704326	50704408	81	1
NC_072388.2	72165058	72165850	2	1	+	NC_072388.2	72165256	72165316	72165671	72165773	PAPLN	XM_054449518.2	+	2	72165316	72165671	354	2
NC_072388.2	73217602	73218229	-3	1	-	NC_072388.2	73217801	73217922	73217604	73217695	ABCD4	XM_054447879.2	-	3	73217695	73217801	105	10
NC_072388.2	75753469	75754051	2	1	+	NC_072388.2	75753535	75753542	75753585	75753713	LRRC74A	XM_063651927.1	+	2	75753542	75753585	42	1
NC_072388.2	75897956	75898358	3	1	+	NC_072388.2	75898020	75898082	75898164	75898358	LOC129012470	XM_054448092.2	+	3	75898082	75898164	81	1
NC_072388.2	95597162	95597504	3	1	+	NC_072388.2	95597167	95597256	95597347	95597485	PAPOLA	XM_054447403.2	+	3	95597256	95597347	90	6
NC_072388.2	96010311	96010629	1	1	+	NC_072388.2	96010318	96010419	96010507	96010629	LOC129012227	XM_054447716.1	+	1	96010419	96010507	87	1
NC_072388.2	98804068	98804338	2	1	+	NC_072388.2	98804069	98804149	98804321	98804338	LOC129012883	XM_063652067.1	+	2	98804149	98804321	171	1
NC_072388.2	98808226	98808832	2	1	+	NC_072388.2	98808301	98808367	98808665	98808832	LOC129012883	XM_054449047.2	+	2	98808367	98808665	297	1
NC_072389.2	106930463	106932293	-1	1	-	NC_072389.2	106932085	106932248	106931830	106932015	LOC134738343	XM_063653058.1	-	1	106932015	106932085	69	8
NC_072389.2	106930463	106932293	-1	1	-	NC_072389.2	106931830	106932015	106931482	106931760	LOC134738343	XM_063653058.1	-	1	106931760	106931830	69	8
NC_072389.2	106930463	106932293	-1	1	-	NC_072389.2	106931482	106931760	106931227	106931412	LOC134738343	XM_063653058.1	-	1	106931412	106931482	69	11
NC_072389.2	106930463	106932293	-1	1	-	NC_072389.2	106931227	106931412	106930879	106931064	LOC134738343	XM_063653058.1	-	1	106931064	106931227	162	8
NC_072389.2	106930463	106932293	-1	1	-	NC_072389.2	106930879	106931064	106930464	106930809	LOC134738343	XM_063653058.1	-	1	106930809	106930879	69	6
NC_072389.2	106930463	106932293	-1	1	-	NC_072389.2	106930879	106931064	106930625	106930809	LOC134738343	XM_063653062.1	-	1	106930809	106930879	69	1
NC_072389.2	106930463	106932293	-1	1	-	NC_072389.2	106930625	106930809	106930464	106930531	LOC134738343	XM_063653062.1	-	1	106930531	106930625	93	1
NC_072389.2	106930463	106932293	-1	1	-	NC_072389.2	106930879	106931064	106930741	106930809	LOC134738343	XM_063653063.1	-	1	106930809	106930879	69	1
NC_072389.2	106930463	106932293	-1	1	-	NC_072389.2	106930741	106930809	106930464	106930647	LOC134738343	XM_063653063.1	-	1	106930647	106930741	93	1
NC_072389.2	106930463	106932293	-1	1	-	NC_072389.2	106931830	106931923	106931482	106931760	LOC134738343	XM_063653065.1	-	1	106931760	106931830	69	1
NC_072389.2	106930463	106932293	-1	1	-	NC_072389.2	106931227	106931412	106930881	106931064	LOC134738343	XM_063653068.1	-	1	106931064	106931227	162	1
NC_072389.2	106930463	106932293	-1	1	-	NC_072389.2	106931227	106931412	106930971	106931064	LOC134738343	XM_063653069.1	-	1	106931064	106931227	162	2
NC_072389.2	19763471	19764110	3	1	+	NC_072389.2	19763478	19763668	19763765	19764109	LOC134738233	XM_063652452.1	+	3	19763668	19763765	96	1
NC_072389.2	19763471	19764110	3	1	+	NC_072389.2	19763478	19763603	19763820	19764109	LOC134738233	XM_063652453.1	+	3	19763603	19763820	216	1
NC_072389.2	20370315	20370660	-3	1	-	NC_072389.2	20370520	20370540	20370317	20370423	LOC129014698	XM_063653120.1	-	3	20370423	20370520	96	1
NC_072389.2	20567127	20567385	1	1	+	NC_072389.2	20567128	20567175	20567260	20567344	LOC134738352	XM_063653135.1	+	1	20567175	20567260	84	2
NC_072389.2	21114017	21114275	3	1	+	NC_072389.2	21114018	21114065	21114150	21114234	LOC134738355	XM_063653137.1	+	3	21114065	21114150	84	1
NC_072389.2	21364048	21364405	-2	1	-	NC_072389.2	21364156	21364384	21364049	21364068	LOC134737557	XM_063653134.1	-	2	21364068	21364156	87	1
NC_072389.2	22401338	22401704	3	1	+	NC_072389.2	22401339	22401398	22401582	22401662	LOC134738375	XM_063653154.1	+	3	22401398	22401582	183	1
NC_072389.2	22402811	22403069	3	1	+	NC_072389.2	22402812	22402859	22402944	22403028	LOC134738375	XM_063653154.1	+	3	22402859	22402944	84	3
NC_072389.2	22484493	22485087	1	1	+	NC_072389.2	22484494	22484553	22484737	22484817	LOC134738376	XM_063653157.1	+	1	22484553	22484737	183	2
NC_072389.2	22876442	22876799	-1	1	-	NC_072389.2	22876550	22876778	22876443	22876462	LOC134737558	XM_063653181.1	-	1	22876462	22876550	87	1
NC_072389.2	23951428	23951785	-2	1	-	NC_072389.2	23951536	23951764	23951429	23951448	LOC129014568	XM_063653291.1	-	2	23951448	23951536	87	3
NC_072389.2	26520553	26520910	2	1	+	NC_072389.2	26520575	26520803	26520891	26520910	LOC129014675	XM_063653210.1	+	2	26520803	26520891	87	1
NC_072389.2	26687958	26688552	-3	1	-	NC_072389.2	26688493	26688552	26688229	26688309	LOC129014666	XM_054452260.2	-	3	26688309	26688493	183	4
NC_072389.2	26770513	26770771	-2	1	-	NC_072389.2	26770724	26770771	26770555	26770639	LOC129014665	XM_054452256.2	-	2	26770639	26770724	84	3
NC_072389.2	26771878	26772244	-2	1	-	NC_072389.2	26772185	26772244	26771921	26772001	LOC129014665	XM_054452258.2	-	2	26772001	26772185	183	1
NC_072389.2	32684495	32684954	3	1	+	NC_072389.2	32684496	32684555	32684739	32684819	LOC129014343	XM_063652492.1	+	3	32684555	32684739	183	2
NC_072389.2	34500420	34500777	-3	1	-	NC_072389.2	34500528	34500756	34500421	34500440	LOC129013767	XM_063652517.1	-	3	34500440	34500528	87	1
NC_072389.2	36400791	36401385	-3	1	-	NC_072389.2	36401326	36401385	36401062	36401142	LOC129014721	XM_054452393.2	-	3	36401142	36401326	183	4
NC_072389.2	36483494	36483752	-1	1	-	NC_072389.2	36483705	36483752	36483536	36483620	LOC129014720	XM_054452389.2	-	1	36483620	36483705	84	4
NC_072389.2	36484859	36485225	-1	1	-	NC_072389.2	36485166	36485225	36484902	36484982	LOC129014720	XM_054452389.2	-	1	36484982	36485166	183	2
NC_072389.2	36626948	36627542	-1	1	-	NC_072389.2	36627483	36627542	36627219	36627299	LOC129014722	XM_054452399.2	-	1	36627299	36627483	183	1
NC_072389.2	36901466	36901724	3	1	+	NC_072389.2	36901467	36901514	36901599	36901683	LOC129014227	XM_054451397.2	+	3	36901514	36901599	84	6
NC_072389.2	36983804	36984398	3	1	+	NC_072389.2	36983805	36983864	36984048	36984128	LOC129014231	XM_054451409.2	+	3	36983864	36984048	183	3
NC_072389.2	37133283	37133649	1	1	+	NC_072389.2	37133284	37133343	37133527	37133607	LOC129014228	XM_054451401.2	+	1	37133343	37133527	183	1
NC_072389.2	37134761	37135019	3	1	+	NC_072389.2	37134762	37134809	37134894	37134978	LOC129014228	XM_054451401.2	+	3	37134809	37134894	84	3
NC_072389.2	37213211	37213805	3	1	+	NC_072389.2	37213212	37213271	37213455	37213535	LOC129014232	XM_054451414.2	+	3	37213271	37213455	183	2
NC_072389.2	37347315	37347681	1	1	+	NC_072389.2	37347316	37347375	37347559	37347639	LOC129014230	XM_054451407.2	+	1	37347375	37347559	183	1
NC_072389.2	37348793	37349051	3	1	+	NC_072389.2	37348794	37348841	37348926	37349010	LOC129014230	XM_054451407.2	+	3	37348841	37348926	84	1
NC_072389.2	37427453	37428047	3	1	+	NC_072389.2	37427454	37427513	37427697	37427777	LOC134737556	XM_063652538.1	+	3	37427513	37427697	183	2
NC_072389.2	37578479	37578737	3	1	+	NC_072389.2	37578480	37578527	37578612	37578696	LOC129014226	XM_054451391.2	+	3	37578527	37578612	84	5
NC_072389.2	39438152	39438410	-1	1	-	NC_072389.2	39438363	39438410	39438194	39438278	LOC129013812	XM_054450522.2	-	1	39438278	39438363	84	3
NC_072389.2	39556798	39557392	-2	1	-	NC_072389.2	39557333	39557392	39557069	39557149	LOC129013811	XM_054450521.2	-	2	39557149	39557333	183	1
NC_072389.2	39642539	39642800	-1	1	-	NC_072389.2	39642753	39642800	39642581	39642665	LOC129013810	XM_054450520.2	-	1	39642665	39642753	87	1
NC_072389.2	45229603	45230167	-2	1	-	NC_072389.2	45230081	45230104	45229864	45229936	SRP14	XM_054450908.1	-	2	45229936	45230081	144	1
NC_072389.2	45458947	45459868	2	1	+	NC_072389.2	45459068	45459565	45459710	45459843	PAK6	XM_054450699.1	+	2	45459565	45459710	144	6
NC_072389.2	45460149	45460635	1	1	+	NC_072389.2	45460188	45460314	45460393	45460518	PAK6	XM_054450699.1	+	1	45460314	45460393	78	6
NC_072389.2	45476869	45478039	-2	1	-	NC_072389.2	45477797	45477962	45477525	45477601	PLCB2	XM_054451774.1	-	2	45477601	45477797	195	6
NC_072389.2	45483258	45483690	-3	1	-	NC_072389.2	45483540	45483690	45483304	45483416	PLCB2	XM_054451774.1	-	3	45483416	45483540	123	2
NC_072389.2	45483258	45483690	-3	1	-	NC_072389.2	45483528	45483690	45483304	45483416	PLCB2	XM_054451775.1	-	3	45483416	45483528	111	4
NC_072389.2	45552140	45552944	3	1	+	NC_072389.2	45552326	45552453	45552808	45552905	DISP2	XM_054450243.2	+	3	45552453	45552808	354	1
NC_072389.2	45965758	45966583	-2	1	-	NC_072389.2	45966407	45966492	45966061	45966157	DNAJC17	XM_054450283.2	-	2	45966157	45966407	249	1
NC_072389.2	46070760	46071477	-3	1	-	NC_072389.2	46071385	46071443	46070761	46071201	RHOV	XM_054450295.2	-	3	46071201	46071385	183	1
NC_072389.2	46291556	46291943	-1	1	-	NC_072389.2	46291748	46291917	46291590	46291657	INO80	XM_054450302.2	-	1	46291657	46291748	90	3
NC_072389.2	46702936	46703404	2	1	+	NC_072389.2	46702952	46703048	46703124	46703340	ITPKA	XM_054451827.2	+	2	46703048	46703124	75	1
NC_072389.2	46712585	46713068	-1	1	-	NC_072389.2	46712870	46713026	46712612	46712794	LTK	XM_054451124.2	-	1	46712794	46712870	75	1
NC_072389.2	46724617	46725517	-2	1	-	NC_072389.2	46725263	46725464	46724739	46724848	RPAP1	XM_054451783.2	-	2	46724848	46725263	414	5
NC_072389.2	47046183	47046864	1	1	+	NC_072389.2	47046261	47046406	47046521	47046715	MAPKBP1	XM_054451816.2	+	1	47046406	47046521	114	2
NC_072389.2	47079661	47080432	-2	1	-	NC_072389.2	47079999	47080195	47079674	47079878	SPTBN5	XM_054450467.1	-	2	47079878	47079999	120	1
NC_072389.2	47083147	47083666	-2	1	-	NC_072389.2	47083511	47083601	47083223	47083369	SPTBN5	XM_054450467.1	-	2	47083369	47083511	141	1
NC_072389.2	47106488	47107196	-1	1	-	NC_072389.2	47106996	47107196	47106654	47106863	SPTBN5	XM_054450467.1	-	1	47106863	47106996	132	1
NC_072389.2	47299641	47300274	-3	1	-	NC_072389.2	47300130	47300237	47299809	47300003	PLA2G4D	XM_054452069.1	-	3	47300003	47300130	126	1
NC_072389.2	47382599	47383187	-1	1	-	NC_072389.2	47382984	47383120	47382750	47382878	PLA2G4F	XM_054452070.1	-	1	47382878	47382984	105	1
NC_072389.2	47973614	47974214	-1	1	-	NC_072389.2	47973985	47974191	47973620	47973789	CDAN1	XM_054452114.2	-	1	47973789	47973985	195	3
NC_072389.2	47973614	47974214	-1	1	-	NC_072389.2	47973985	47974188	47973620	47973789	CDAN1	XM_054452116.2	-	1	47973789	47973985	195	2
NC_072389.2	48373577	48374090	3	1	+	NC_072389.2	48373693	48373817	48374046	48374089	TMEM62	XM_054452148.2	+	3	48373817	48374046	228	2
NC_072389.2	48406240	48406828	2	1	+	NC_072389.2	48406331	48406439	48406629	48406688	CCNDBP1	XM_054452151.2	+	2	48406439	48406629	189	1
NC_072389.2	48480785	48481748	-1	1	-	NC_072389.2	48481319	48481498	48480968	48481213	TGM5	XM_054452153.1	-	1	48481213	48481319	105	1
NC_072389.2	48738259	48746929	2	1	+	NC_072389.2	48738260	48746441	48746583	48746803	MAP1A	XM_054452188.2	+	2	48746441	48746583	141	1
NC_072389.2	48738259	48746929	2	1	+	NC_072389.2	48738410	48746441	48746583	48746803	MAP1A	XM_054452189.2	+	2	48746441	48746583	141	1
NC_072389.2	50304443	50305019	-1	1	-	NC_072389.2	50304731	50304956	50304550	50304643	DUOX2	XM_054451091.1	-	1	50304643	50304731	87	2
NC_072389.2	50311406	50312687	-1	1	-	NC_072389.2	50311967	50312168	50311695	50311861	DUOX2	XM_054451091.1	-	1	50311861	50311967	105	2
NC_072389.2	50335603	50336788	2	1	+	NC_072389.2	50336027	50336228	50336334	50336500	DUOX1	XM_054451057.1	+	2	50336228	50336334	105	4
NC_072389.2	53345006	53345345	3	1	+	NC_072389.2	53345029	53345112	53345206	53345309	SLC24A5	XM_063652347.1	+	3	53345112	53345206	93	1
NC_072389.2	77866195	77866966	-2	1	-	NC_072389.2	77866498	77866630	77866261	77866410	CELF6	XM_054451520.2	-	2	77866410	77866498	87	13
NC_072389.2	77866195	77866966	-2	1	-	NC_072389.2	77866498	77866630	77866261	77866407	CELF6	XM_054451521.2	-	2	77866407	77866498	90	4
NC_072389.2	78903146	78905024	-1	1	-	NC_072389.2	78904751	78904915	78903147	78904612	HCN4	XM_054451569.2	-	1	78904612	78904751	138	1
NC_072389.2	80015580	80016342	-3	1	-	NC_072389.2	80016088	80016180	80015805	80015889	SEMA7A	XM_054452041.2	-	3	80015889	80016088	198	1
NC_072389.2	80183876	80184902	3	1	+	NC_072389.2	80184083	80184366	80184493	80184747	ARID3B	XM_054452046.2	+	3	80184366	80184493	126	2
NC_072389.2	80932603	80933278	-2	1	-	NC_072389.2	80933101	80933180	80932796	80933001	MAN2C1	XM_054450031.2	-	2	80933001	80933101	99	2
NC_072389.2	80932603	80933278	-2	1	-	NC_072389.2	80932796	80933001	80932605	80932714	MAN2C1	XM_054450031.2	-	2	80932714	80932796	81	2
NC_072389.2	80932603	80933278	-2	1	-	NC_072389.2	80933101	80933180	80932796	80932944	MAN2C1	XM_054450032.2	-	2	80932944	80933101	156	3
NC_072389.2	80932603	80933278	-2	1	-	NC_072389.2	80932796	80932944	80932605	80932714	MAN2C1	XM_054450032.2	-	2	80932714	80932796	81	3
NC_072389.2	80932603	80933278	-2	1	-	NC_072389.2	80933101	80933180	80932796	80932875	MAN2C1	XM_054450033.2	-	2	80932875	80933101	225	4
NC_072389.2	80932603	80933278	-2	1	-	NC_072389.2	80932796	80932875	80932605	80932714	MAN2C1	XM_054450033.2	-	2	80932714	80932796	81	4
NC_072389.2	81346133	81346403	3	1	+	NC_072389.2	81346134	81346184	81346281	81346362	LOC129013611	XM_054450039.2	+	3	81346184	81346281	96	3
NC_072389.2	83785857	83786487	-3	1	-	NC_072389.2	83786157	83786259	83785972	83786075	LOC129013982	XM_054450828.2	-	3	83786075	83786157	81	2
NC_072389.2	84221314	84221746	2	1	+	NC_072389.2	84221334	84221434	84221534	84221746	DNAJA4	XM_054450859.2	+	2	84221434	84221534	99	4
NC_072389.2	84723462	84724308	-3	1	-	NC_072389.2	84724105	84724188	84723644	84723768	ADAMTS7	XM_054449976.2	-	3	84723768	84724105	336	4
NC_072389.2	89948565	89949438	1	1	+	NC_072389.2	89948623	89948805	89948887	89949170	AP3B2	XM_054451307.2	+	1	89948805	89948887	81	4
NC_072389.2	89948565	89949438	1	1	+	NC_072389.2	89948623	89948805	89948887	89949123	AP3B2	XM_054451308.2	+	1	89948805	89948887	81	1
NC_072389.2	89965701	89966154	1	1	+	NC_072389.2	89965725	89965899	89966080	89966140	AP3B2	XM_054451307.2	+	1	89965899	89966080	180	5
NC_072389.2	90405424	90405823	-2	1	-	NC_072389.2	90405628	90405726	90405426	90405537	SLC28A1	XM_054450984.1	-	2	90405537	90405628	90	5
NC_072389.2	90414358	90415114	-2	1	-	NC_072389.2	90414875	90415043	90414551	90414748	SLC28A1	XM_054450984.1	-	2	90414748	90414875	126	6
NC_072389.2	94963174	94963927	-2	1	-	NC_072389.2	94963568	94963688	94963274	94963360	POLG	XM_054450364.2	-	2	94963360	94963568	207	3
NC_072389.2	95276306	95277143	-1	1	-	NC_072389.2	95276900	95277098	95276459	95276605	KIF7	XM_054450373.2	-	1	95276605	95276900	294	10
NC_072389.2	95877408	95878005	1	1	+	NC_072389.2	95877445	95877655	95877758	95877873	SEMA4B	XM_054450402.2	+	1	95877655	95877758	102	3
NC_072389.2	96600772	96601315	2	1	+	NC_072389.2	96600884	96600934	96601100	96601261	UNC45A	XM_054451369.2	+	2	96600934	96601100	165	1
NC_072389.2	96600772	96601315	2	1	+	NC_072389.2	96600884	96600889	96601100	96601261	UNC45A	XM_054451370.2	+	2	96600889	96601100	210	1
NC_072389.2	96623134	96623641	2	1	+	NC_072389.2	96623203	96623320	96623429	96623584	UNC45A	XM_054451369.2	+	2	96623320	96623429	108	2
NC_072390.2	38892157	38892550	2	1	+	NC_072390.2	38892228	38892391	38892497	38892550	HRH4	XM_054460837.2	+	2	38892391	38892497	105	1
NC_072390.2	60754200	60754626	-1	1	-	NC_072390.2	60754421	60754571	60754201	60754279	ATP5F1A	XM_054460397.1	-	1	60754279	60754421	141	1
NC_072390.2	61656960	61659153	-1	1	-	NC_072390.2	61657154	61658673	61656961	61657078	LOC129018897	XM_054460937.2	-	1	61657078	61657154	75	1
NC_072390.2	65102613	65103165	-1	1	-	NC_072390.2	65103039	65103121	65102755	65102795	MBD1	XM_054460700.2	-	1	65102795	65103039	243	50
NC_072390.2	65109043	65109802	-3	1	-	NC_072390.2	65109593	65109689	65109182	65109334	CXXC1	XM_054460757.2	-	3	65109334	65109593	258	10
NC_072390.2	65110018	65110663	-3	1	-	NC_072390.2	65110223	65110430	65110034	65110144	CXXC1	XM_054460757.2	-	3	65110144	65110223	78	7
NC_072390.2	72611720	72612005	-2	1	-	NC_072390.2	72611898	72611970	72611722	72611792	ATP8B1	XM_054461198.2	-	2	72611792	72611898	105	5
NC_072390.2	74818313	74818856	3	1	+	NC_072390.2	74818467	74818534	74818718	74818856	PMAIP1	XM_063653778.1	+	3	74818534	74818718	183	1
NC_072391.2	10643592	10643994	1	1	+	NC_072391.2	10643657	10643737	10643813	10643994	LOC129014986	XM_054452492.1	+	1	10643737	10643813	75	2
NC_072391.2	1086935	1088270	-1	1	-	NC_072391.2	1087850	1088269	1087218	1087246	LOC129016036	XM_054454885.2	-	1	1087246	1087850	603	1
NC_072391.2	12645092	12645788	3	1	+	NC_072391.2	12645112	12645258	12645499	12645594	CIITA	XM_054452997.2	+	3	12645258	12645499	240	16
NC_072391.2	13102080	13102353	-3	1	-	NC_072391.2	13102263	13102292	13102081	13102181	MPV17L	XM_054453633.2	-	3	13102181	13102263	81	1
NC_072391.2	1314921	1316499	1	1	+	NC_072391.2	1315122	1315239	1315396	1315551	CACNA1H	XM_063655186.1	+	1	1315239	1315396	156	3
NC_072391.2	13181602	13181941	2	1	+	NC_072391.2	13181663	13181755	13181834	13181930	PDXDC1	XM_054453641.2	+	2	13181755	13181834	78	9
NC_072391.2	1318628	1319174	3	1	+	NC_072391.2	1318731	1318799	1318935	1319119	CACNA1H	XM_063655186.1	+	3	1318799	1318935	135	3
NC_072391.2	1319289	1319754	1	1	+	NC_072391.2	1319322	1319448	1319623	1319748	CACNA1H	XM_063655186.1	+	1	1319448	1319623	174	3
NC_072391.2	1322925	1323561	1	1	+	NC_072391.2	1323091	1323200	1323360	1323493	CACNA1H	XM_063655186.1	+	1	1323200	1323360	159	3
NC_072391.2	1338206	1338632	-1	1	-	NC_072391.2	1338533	1338593	1338208	1338379	LOC129016007	XM_054454874.2	-	1	1338379	1338533	153	1
NC_072391.2	13428831	13429545	1	1	+	NC_072391.2	13429131	13429296	13429375	13429509	LOC129016230	XM_054455393.2	+	1	13429296	13429375	78	1
NC_072391.2	1355848	1356274	2	1	+	NC_072391.2	1355867	1355948	1356102	1356273	LOC129016008	XM_054454875.2	+	2	1355948	1356102	153	1
NC_072391.2	1398564	1399098	-3	1	-	NC_072391.2	1398835	1398995	1398565	1398732	LOC129016141	XM_054455151.1	-	3	1398732	1398835	102	1
NC_072391.2	1399967	1400525	-1	1	-	NC_072391.2	1400324	1400384	1399969	1400149	LOC129016141	XM_054455151.1	-	1	1400149	1400324	174	1
NC_072391.2	1467458	1467893	3	1	+	NC_072391.2	1467543	1467602	1467750	1467816	BAIAP3	XM_054454634.2	+	3	1467602	1467750	147	4
NC_072391.2	1469019	1469487	1	1	+	NC_072391.2	1469158	1469265	1469350	1469445	BAIAP3	XM_054454634.2	+	1	1469265	1469350	84	4
NC_072391.2	1471292	1471616	3	1	+	NC_072391.2	1471305	1471402	1471502	1471553	BAIAP3	XM_054454634.2	+	3	1471402	1471502	99	4
NC_072391.2	1478860	1479079	2	1	+	NC_072391.2	1478885	1478936	1479021	1479078	GNPTG	XM_054454651.2	+	2	1478936	1479021	84	4
NC_072391.2	1488524	1488959	3	1	+	NC_072391.2	1488656	1488749	1488825	1488939	GNPTG	XM_054454651.2	+	3	1488749	1488825	75	4
NC_072391.2	1562666	1563635	-1	1	-	NC_072391.2	1563147	1563266	1562902	1562978	CCDC154	XM_054454657.2	-	1	1562978	1563147	168	2
NC_072391.2	1565138	1565720	-1	1	-	NC_072391.2	1565478	1565579	1565268	1565396	CCDC154	XM_054454657.2	-	1	1565396	1565478	81	2
NC_072391.2	1573836	1574505	-3	1	-	NC_072391.2	1574134	1574193	1573870	1574046	CLCN7	XM_054454655.2	-	3	1574046	1574134	87	1
NC_072391.2	162786	163464	-3	1	-	NC_072391.2	163309	163384	163139	163239	RHBDF1	XM_054453726.2	-	3	163239	163309	69	2
NC_072391.2	162786	163464	-3	1	-	NC_072391.2	163139	163239	162862	163015	RHBDF1	XM_054453726.2	-	3	163015	163139	123	2
NC_072391.2	1628410	1628998	2	1	+	NC_072391.2	1628513	1628654	1628727	1628863	TELO2	XM_054454673.2	+	2	1628654	1628727	72	6
NC_072391.2	1628410	1628998	2	1	+	NC_072391.2	1628507	1628654	1628727	1628863	TELO2	XM_063654856.1	+	2	1628654	1628727	72	4
NC_072391.2	1630107	1630680	1	1	+	NC_072391.2	1630224	1630312	1630490	1630581	TELO2	XM_054454673.2	+	1	1630312	1630490	177	10
NC_072391.2	1653857	1654610	-1	1	-	NC_072391.2	1654371	1654499	1654062	1654244	IFT140	XM_054454663.2	-	1	1654244	1654371	126	8
NC_072391.2	166632	167250	-3	1	-	NC_072391.2	166888	167097	166690	166812	RHBDF1	XM_054453726.2	-	3	166812	166888	75	2
NC_072391.2	168536	168965	-1	1	-	NC_072391.2	168804	168920	168604	168734	RHBDF1	XM_054453726.2	-	1	168734	168804	69	1
NC_072391.2	168536	168965	-1	1	-	NC_072391.2	168804	168944	168604	168734	RHBDF1	XM_063654691.1	-	1	168734	168804	69	1
NC_072391.2	17300856	17301570	1	1	+	NC_072391.2	17301156	17301321	17301400	17301534	LOC129016092	XM_054454967.2	+	1	17301321	17301400	78	2
NC_072391.2	1899595	1900012	2	1	+	NC_072391.2	1899612	1899725	1899879	1899917	MAPK8IP3	XM_054454694.2	+	2	1899725	1899879	153	8
NC_072391.2	2070362	2071145	-1	1	-	NC_072391.2	2070869	2070985	2070363	2070472	MSRB1	XM_054454728.1	-	1	2070472	2070869	396	1
NC_072391.2	20787434	20787953	-1	1	-	NC_072391.2	20787815	20787953	20787621	20787730	SMG1	XM_054452961.2	-	1	20787730	20787815	84	5
NC_072391.2	2102971	2103712	2	1	+	NC_072391.2	2102972	2103019	2103134	2103275	TBL3	XM_054454743.2	+	2	2103019	2103134	114	1
NC_072391.2	2173029	2173479	-3	1	-	NC_072391.2	2173238	2173343	2173030	2173177	NTHL1	XM_054454786.2	-	3	2173177	2173238	60	4
NC_072391.2	2173029	2173479	-3	1	-	NC_072391.2	2173238	2173343	2173030	2173150	NTHL1	XM_054454787.2	-	3	2173150	2173238	87	5
NC_072391.2	2223937	2225398	-2	1	-	NC_072391.2	2225093	2225383	2224883	2225017	PKD1	XM_054454765.2	-	2	2225017	2225093	75	6
NC_072391.2	2223937	2225398	-2	1	-	NC_072391.2	2224883	2225017	2224493	2224798	PKD1	XM_054454765.2	-	2	2224798	2224883	84	2
NC_072391.2	2223937	2225398	-2	1	-	NC_072391.2	2224493	2224798	2223938	2224402	PKD1	XM_054454765.2	-	2	2224402	2224493	90	2
NC_072391.2	2223937	2225398	-2	1	-	NC_072391.2	2224883	2225017	2223938	2224798	PKD1	XM_063654890.1	-	2	2224798	2224883	84	4
NC_072391.2	2227877	2228423	-1	1	-	NC_072391.2	2228187	2228389	2227920	2228114	PKD1	XM_054454765.2	-	1	2228114	2228187	72	6
NC_072391.2	2237129	2238011	-1	1	-	NC_072391.2	2237583	2237835	2237264	2237459	PKD1	XM_054454765.2	-	1	2237459	2237583	123	6
NC_072391.2	2246662	2250841	-2	1	-	NC_072391.2	2247107	2250726	2246738	2246887	PKD1	XM_054454765.2	-	2	2246887	2247107	219	6
NC_072391.2	2254870	2255674	-2	1	-	NC_072391.2	2255453	2255568	2254918	2255044	PKD1	XM_054454765.2	-	2	2255044	2255453	408	5
NC_072391.2	2307424	2308408	2	1	+	NC_072391.2	2307536	2307628	2307845	2307878	TRAF7	XM_054454799.2	+	2	2307628	2307845	216	5
NC_072391.2	2312328	2312748	1	1	+	NC_072391.2	2312353	2312484	2312569	2312688	TRAF7	XM_054454799.2	+	1	2312484	2312569	84	5
NC_072391.2	2321098	2321671	-2	1	-	NC_072391.2	2321480	2321568	2321320	2321404	CASKIN1	XM_054454797.2	-	2	2321404	2321480	75	2
NC_072391.2	2323266	2323692	-3	1	-	NC_072391.2	2323548	2323656	2323360	2323454	CASKIN1	XM_054454797.2	-	3	2323454	2323548	93	2
NC_072391.2	2325727	2326726	-2	1	-	NC_072391.2	2326498	2326595	2325803	2325948	CASKIN1	XM_054454797.2	-	2	2325948	2326498	549	2
NC_072391.2	2415239	2415851	-1	1	-	NC_072391.2	2415624	2415752	2415270	2415464	ABCA3	XM_054454825.2	-	1	2415464	2415624	159	5
NC_072391.2	2431426	2432320	-2	1	-	NC_072391.2	2431949	2432103	2431574	2431729	ABCA3	XM_054454825.2	-	2	2431729	2431949	219	5
NC_072391.2	2460420	2460939	-3	1	-	NC_072391.2	2460856	2460909	2460453	2460717	ABCA3	XM_054454825.2	-	3	2460717	2460856	138	3
NC_072391.2	26162895	26163462	-3	1	-	NC_072391.2	26163139	26163292	26162897	26163027	EARS2	XM_054452575.2	-	3	26163027	26163139	111	3
NC_072391.2	2627665	2628544	2	1	+	NC_072391.2	2627833	2627992	2628167	2628278	TEDC2	XM_054454829.2	+	2	2627992	2628167	174	3
NC_072391.2	2627665	2628544	2	1	+	NC_072391.2	2627902	2627992	2628167	2628278	TEDC2	XM_054454830.2	+	2	2627992	2628167	174	5
NC_072391.2	2639417	2640164	3	1	+	NC_072391.2	2639491	2639565	2639818	2640164	NTN3	XM_054454838.2	+	3	2639565	2639818	252	2
NC_072391.2	2639417	2640164	3	1	+	NC_072391.2	2639491	2639565	2639818	2639938	NTN3	XM_063654916.1	+	3	2639565	2639818	252	1
NC_072391.2	2686122	2686878	1	1	+	NC_072391.2	2686351	2686433	2686701	2686837	AMDHD2	XM_054454846.2	+	1	2686433	2686701	267	5
NC_072391.2	2693883	2694453	1	1	+	NC_072391.2	2693954	2694042	2694130	2694274	AMDHD2	XM_054454846.2	+	1	2694042	2694130	87	5
NC_072391.2	27198724	27199057	2	1	+	NC_072391.2	27198751	27198847	27198974	27199052	RBBP6	XM_063654692.1	+	2	27198847	27198974	126	2
NC_072391.2	273529	274096	2	1	+	NC_072391.2	273664	273868	273971	274096	HBM	XM_054454230.1	+	2	273868	273971	102	1
NC_072391.2	2937649	2938333	2	1	+	NC_072391.2	2937684	2937844	2938061	2938333	LOC129015875	XM_054454554.2	+	2	2937844	2938061	216	9
NC_072391.2	2963262	2963928	-3	1	-	NC_072391.2	2963523	2963586	2963400	2963426	PRSS21	XM_054455149.2	-	3	2963426	2963523	96	2
NC_072391.2	31101687	31102140	-3	1	-	NC_072391.2	31101996	31102140	31101757	31101866	NFATC2IP	XM_054454396.2	-	3	31101866	31101996	129	2
NC_072391.2	31224905	31225553	-1	1	-	NC_072391.2	31225382	31225454	31225104	31225291	ATXN2L	XM_054454417.2	-	1	31225291	31225382	90	39
NC_072391.2	31344117	31347429	1	1	+	NC_072391.2	31344118	31347075	31347160	31347428	APOBR	XM_054454455.2	+	1	31347075	31347160	84	1
NC_072391.2	31352720	31353251	-1	1	-	NC_072391.2	31352940	31353112	31352757	31352855	IL27	XM_054452739.1	-	1	31352855	31352940	84	1
NC_072391.2	31455680	31456142	-1	1	-	NC_072391.2	31455917	31456042	31455732	31455829	LOC129015837	XM_054454468.2	-	1	31455829	31455917	87	2
NC_072391.2	31504491	31504887	-3	1	-	NC_072391.2	31504765	31504887	31504539	31504668	CORO1A	XM_054454474.2	-	3	31504668	31504765	96	2
NC_072391.2	31577767	31578235	2	1	+	NC_072391.2	31577862	31577980	31578065	31578154	GDPD3	XM_054454486.2	+	2	31577980	31578065	84	1
NC_072391.2	3161464	3162514	-2	1	-	NC_072391.2	3162298	3162404	3161993	3162165	PKMYT1	XM_054452944.2	-	2	3162165	3162298	132	3
NC_072391.2	3161464	3162514	-2	1	-	NC_072391.2	3161993	3162165	3161748	3161905	PKMYT1	XM_054452944.2	-	2	3161905	3161993	87	3
NC_072391.2	31680497	31681088	3	1	+	NC_072391.2	31680697	31680776	31680978	31681052	DOC2A	XM_054454515.2	+	3	31680776	31680978	201	12
NC_072391.2	31698713	31699544	-1	1	-	NC_072391.2	31699314	31699496	31698714	31699232	TAOK2	XM_054454507.2	-	1	31699232	31699314	81	1
NC_072391.2	31857764	31858115	-1	1	-	NC_072391.2	31857992	31858115	31857782	31857913	MVP	XM_054454579.2	-	1	31857913	31857992	78	7
NC_072391.2	3187126	3187876	2	1	+	NC_072391.2	3187275	3187304	3187629	3187760	GREP1	XM_054454221.2	+	2	3187304	3187629	324	1
NC_072391.2	31884811	31885870	-2	1	-	NC_072391.2	31885805	31885840	31885088	31885174	MAZ	XM_054454589.2	-	2	31885174	31885805	630	2
NC_072391.2	32090877	32091390	-3	1	-	NC_072391.2	32091190	32091304	32091001	32091066	TBC1D10B	XM_054453160.2	-	3	32091066	32091190	123	2
NC_072391.2	3210284	3210572	3	1	+	NC_072391.2	3210304	3210438	3210520	3210572	TNFRSF12A	XM_054453611.2	+	3	3210438	3210520	81	1
NC_072391.2	32109074	32109383	3	1	+	NC_072391.2	32109140	32109188	32109282	32109383	MYL11	XM_054453163.1	+	3	32109188	32109282	93	2
NC_072391.2	32339286	32340093	-3	1	-	NC_072391.2	32339607	32339811	32339295	32339408	ZNF689	XM_054454220.2	-	3	32339408	32339607	198	1
NC_072391.2	32440198	32440900	2	1	+	NC_072391.2	32440278	32440451	32440542	32440864	SRCAP	XM_054453449.2	+	2	32440451	32440542	90	7
NC_072391.2	3244662	3245196	1	1	+	NC_072391.2	3244835	3245011	3245111	3245195	MMP25	XM_054453657.2	+	1	3245011	3245111	99	1
NC_072391.2	3254523	3254856	1	1	+	NC_072391.2	3254545	3254583	3254722	3254781	LOC129015533	XM_054453664.2	+	1	3254583	3254722	138	10
NC_072391.2	3254523	3254856	1	1	+	NC_072391.2	3254581	3254583	3254722	3254781	LOC129015533	XM_063655010.1	+	1	3254583	3254722	138	1
NC_072391.2	3272521	3272854	2	1	+	NC_072391.2	3272543	3272581	3272720	3272779	IL32	XM_054453659.2	+	2	3272581	3272720	138	6
NC_072391.2	32729814	32730384	1	1	+	NC_072391.2	32729844	32729943	32730079	32730241	HSD3B7	XM_054455665.2	+	1	32729943	32730079	135	5
NC_072391.2	32870654	32871596	3	1	+	NC_072391.2	32870655	32870795	32870904	32870997	KAT8	XM_054454339.2	+	3	32870795	32870904	108	2
NC_072391.2	32870654	32871596	3	1	+	NC_072391.2	32870904	32870997	32871383	32871537	KAT8	XM_054454339.2	+	3	32870997	32871383	385	2
NC_072391.2	33135558	33135840	1	1	+	NC_072391.2	33135559	33135675	33135760	33135839	ITGAX	XM_054454357.2	+	1	33135675	33135760	84	4
NC_072391.2	33140742	33141228	1	1	+	NC_072391.2	33140890	33140997	33141115	33141198	ITGAX	XM_054454357.2	+	1	33140997	33141115	117	4
NC_072391.2	33178758	33179241	1	1	+	NC_072391.2	33178918	33178997	33179097	33179180	ITGAD	XM_054453601.1	+	1	33178997	33179097	99	2
NC_072391.2	33183932	33184364	3	1	+	NC_072391.2	33184002	33184109	33184221	33184298	ITGAD	XM_054453601.1	+	3	33184109	33184221	111	2
NC_072391.2	33647324	33647603	3	1	+	NC_072391.2	33647430	33647465	33647541	33647602	LOC129015203	XM_054452800.2	+	3	33647465	33647541	75	7
NC_072391.2	3459206	3459968	-1	1	-	NC_072391.2	3459923	3459955	3459207	3459757	MEFV	XM_054455703.2	-	1	3459757	3459923	165	1
NC_072391.2	388047	388665	-3	1	-	NC_072391.2	388551	388601	388249	388355	RGS11	XM_054455555.2	-	3	388355	388551	195	2
NC_072391.2	399687	400212	1	1	+	NC_072391.2	399764	399945	400045	400155	PDIA2	XM_054454566.2	+	1	399945	400045	99	2
NC_072391.2	4838797	4839883	-2	1	-	NC_072391.2	4839656	4839718	4838798	4839145	UBALD1	XM_054452533.2	-	2	4839145	4839656	510	1
NC_072391.2	491247	491883	-3	1	-	NC_072391.2	491644	491822	491428	491574	PGAP6	XM_054455231.2	-	3	491574	491644	69	1
NC_072391.2	5010037	5010889	-2	1	-	NC_072391.2	5010332	5010449	5010146	5010241	SEPTIN12	XM_054454292.2	-	2	5010241	5010332	90	7
NC_072391.2	5019660	5020200	1	1	+	NC_072391.2	5019706	5019829	5019920	5020200	SMIM22	XM_054454301.2	+	1	5019829	5019920	90	1
NC_072391.2	5019660	5020200	1	1	+	NC_072391.2	5019706	5019829	5019920	5020020	SMIM22	XM_054454303.2	+	1	5019829	5019920	90	1
NC_072391.2	5019660	5020200	1	1	+	NC_072391.2	5019920	5020020	5020162	5020200	SMIM22	XM_054454303.2	+	1	5020020	5020162	141	1
NC_072391.2	5019660	5020200	1	1	+	NC_072391.2	5019706	5019829	5019920	5020005	SMIM22	XM_054454304.2	+	1	5019829	5019920	90	1
NC_072391.2	5019660	5020200	1	1	+	NC_072391.2	5019920	5020005	5020162	5020200	SMIM22	XM_054454304.2	+	1	5020005	5020162	156	1
NC_072391.2	5123366	5123834	-1	1	-	NC_072391.2	5123589	5123750	5123379	5123486	PPL	XM_054454305.2	-	1	5123486	5123589	102	2
NC_072391.2	5223821	5224217	3	1	+	NC_072391.2	5223916	5224004	5224116	5224186	SEC14L5	XM_054454887.2	+	3	5224004	5224116	111	3
NC_072391.2	54128051	54128522	3	1	+	NC_072391.2	54128185	54128270	54128451	54128522	CETP	XM_054452933.2	+	3	54128270	54128451	180	2
NC_072391.2	54616274	54617303	-1	1	-	NC_072391.2	54616982	54617096	54616586	54616705	DOK4	XM_054455009.2	-	1	54616705	54616982	276	12
NC_072391.2	54616274	54617303	-1	1	-	NC_072391.2	54616586	54616705	54616276	54616465	DOK4	XM_054455009.2	-	1	54616465	54616586	120	12
NC_072391.2	54891940	54892522	2	1	+	NC_072391.2	54891979	54892050	54892228	54892378	KATNB1	XM_054455066.2	+	2	54892050	54892228	177	11
NC_072391.2	54892371	54893004	1	1	+	NC_072391.2	54892522	54892712	54892833	54892963	KATNB1	XM_054455066.2	+	1	54892712	54892833	120	11
NC_072391.2	54910804	54911548	-2	1	-	NC_072391.2	54911237	54911380	54910892	54911131	KIFC3	XM_054455072.2	-	2	54911131	54911237	105	9
NC_072391.2	637352	638405	3	1	+	NC_072391.2	637512	637667	637851	637991	RAB11FIP3	XM_054455251.2	+	3	637667	637851	183	3
NC_072391.2	64488955	64489519	2	1	+	NC_072391.2	64488976	64489055	64489347	64489441	PHAF1	XM_054453867.2	+	2	64489055	64489347	291	5
NC_072391.2	64522186	64522849	2	1	+	NC_072391.2	64522362	64522489	64522589	64522713	HSF4	XM_054453860.1	+	2	64522489	64522589	99	4
NC_072391.2	64525409	64525763	3	1	+	NC_072391.2	64525454	64525559	64525659	64525724	HSF4	XM_054453860.1	+	3	64525559	64525659	99	4
NC_072391.2	64541158	64541659	-2	1	-	NC_072391.2	64541448	64541572	64541159	64541366	EXOC3L1	XM_054453849.2	-	2	64541366	64541448	81	2
NC_072391.2	64541858	64542275	-1	1	-	NC_072391.2	64542123	64542252	64541898	64542020	EXOC3L1	XM_054453849.2	-	1	64542020	64542123	102	3
NC_072391.2	64554549	64554918	1	1	+	NC_072391.2	64554662	64554706	64554806	64554918	E2F4	XM_054453887.2	+	1	64554706	64554806	99	2
NC_072391.2	64558070	64558514	3	1	+	NC_072391.2	64558167	64558217	64558302	64558424	ELMO3	XM_054453883.2	+	3	64558217	64558302	84	3
NC_072391.2	64558734	64559181	1	1	+	NC_072391.2	64558759	64558860	64558957	64559065	ELMO3	XM_054453883.2	+	1	64558860	64558957	96	3
NC_072391.2	64559744	64560644	3	1	+	NC_072391.2	64560097	64560179	64560267	64560353	ELMO3	XM_054453883.2	+	3	64560179	64560267	87	2
NC_072391.2	64559744	64560644	3	1	+	NC_072391.2	64560267	64560353	64560435	64560644	ELMO3	XM_054453883.2	+	3	64560353	64560435	81	2
NC_072391.2	64586322	64586856	-3	1	-	NC_072391.2	64586601	64586763	64586328	64586525	FHOD1	XM_054453890.2	-	3	64586525	64586601	75	3
NC_072391.2	64637457	64638084	1	1	+	NC_072391.2	64637458	64637571	64637743	64637841	PLEKHG4	XM_054453905.2	+	1	64637571	64637743	171	9
NC_072391.2	64637457	64638084	1	1	+	NC_072391.2	64637743	64637841	64637935	64638083	PLEKHG4	XM_054453905.2	+	1	64637841	64637935	93	9
NC_072391.2	64637457	64638084	1	1	+	NC_072391.2	64637458	64637571	64637935	64638083	PLEKHG4	XM_063654391.1	+	1	64637571	64637935	363	2
NC_072391.2	64642008	64642656	1	1	+	NC_072391.2	64642009	64642098	64642180	64642401	PLEKHG4	XM_054453905.2	+	1	64642098	64642180	81	11
NC_072391.2	64642400	64642967	3	1	+	NC_072391.2	64642485	64642655	64642737	64642914	PLEKHG4	XM_054453905.2	+	3	64642655	64642737	81	11
NC_072391.2	64791169	64791766	2	1	+	NC_072391.2	64791204	64791389	64791495	64791632	HSD11B2	XM_054453941.1	+	2	64791389	64791495	105	1
NC_072391.2	64794088	64794652	-2	1	-	NC_072391.2	64794521	64794598	64794218	64794394	ATP6V0D1	XM_054453942.2	-	2	64794394	64794521	126	1
NC_072391.2	64897147	64897384	2	1	+	NC_072391.2	64897178	64897241	64897338	64897381	RIPOR1	XM_054453946.2	+	2	64897241	64897338	96	6
NC_072391.2	64898438	64900205	3	1	+	NC_072391.2	64898552	64898681	64898766	64900184	RIPOR1	XM_054453946.2	+	3	64898681	64898766	84	6
NC_072391.2	65017901	65018480	-1	1	-	NC_072391.2	65018181	65018306	65017900	65018063	ENKD1	XM_054453965.2	-	1	65018063	65018181	117	1
NC_072391.2	65245007	65245703	3	1	+	NC_072391.2	65245249	65245438	65245541	65245688	EDC4	XM_054453974.2	+	3	65245438	65245541	102	4
NC_072391.2	65246949	65247339	1	1	+	NC_072391.2	65246986	65247166	65247266	65247338	EDC4	XM_054453974.2	+	1	65247166	65247266	99	4
NC_072391.2	65247584	65248001	3	1	+	NC_072391.2	65247616	65247803	65247879	65248000	EDC4	XM_054453974.2	+	3	65247803	65247879	75	4
NC_072391.2	65248994	65249447	3	1	+	NC_072391.2	65249105	65249209	65249294	65249446	EDC4	XM_054453974.2	+	3	65249209	65249294	84	4
NC_072391.2	65249693	65250362	3	1	+	NC_072391.2	65249697	65250138	65250241	65250356	EDC4	XM_054453974.2	+	3	65250138	65250241	102	2
NC_072391.2	65249693	65250362	3	1	+	NC_072391.2	65249697	65249874	65249983	65250138	EDC4	XM_054453976.2	+	3	65249874	65249983	108	2
NC_072391.2	65249693	65250362	3	1	+	NC_072391.2	65249983	65250138	65250241	65250356	EDC4	XM_054453976.2	+	3	65250138	65250241	102	2
NC_072391.2	65250451	65251003	2	1	+	NC_072391.2	65250458	65250623	65250708	65250894	EDC4	XM_054453974.2	+	2	65250623	65250708	84	4
NC_072391.2	65314314	65314869	-3	1	-	NC_072391.2	65314669	65314788	65314316	65314449	SLC12A4	XM_063654399.1	-	3	65314449	65314669	219	2
NC_072391.2	66517622	66518264	3	1	+	NC_072391.2	66517797	66517968	66518074	66518165	UTP4	XM_054454118.2	+	3	66517968	66518074	105	3
NC_072391.2	66685356	66685866	1	1	+	NC_072391.2	66685501	66685612	66685718	66685865	VPS4A	XM_054454134.2	+	1	66685612	66685718	105	1
NC_072391.2	66688105	66688420	2	1	+	NC_072391.2	66688126	66688187	66688293	66688412	VPS4A	XM_054454134.2	+	2	66688187	66688293	105	1
NC_072391.2	67044562	67044979	2	1	+	NC_072391.2	67044606	67044740	67044867	67044919	NFAT5	XM_054454142.2	+	2	67044740	67044867	126	8
NC_072391.2	671333	672017	3	1	+	NC_072391.2	671592	671770	672011	672017	CAPN15	XM_054455257.2	+	3	671770	672011	240	2
NC_072391.2	67301962	67302703	2	1	+	NC_072391.2	67302049	67302124	67302407	67302478	WWP2	XM_054452729.2	+	2	67302124	67302407	282	3
NC_072391.2	69548915	69549569	-1	1	-	NC_072391.2	69549248	69549456	69548997	69549169	DHX38	XM_054453207.2	-	1	69549169	69549248	78	3
NC_072391.2	69548915	69549569	-1	1	-	NC_072391.2	69549248	69549456	69548997	69549151	DHX38	XM_054453209.2	-	1	69549151	69549248	96	3
NC_072391.2	697803	698370	1	1	+	NC_072391.2	697919	698072	698229	698340	PIGQ	XM_054455268.2	+	1	698072	698229	156	20
NC_072391.2	700814	701705	3	1	+	NC_072391.2	701071	701132	701544	701586	PIGQ	XM_054455268.2	+	3	701132	701544	411	6
NC_072391.2	74454852	74455407	1	1	+	NC_072391.2	74455053	74455125	74455231	74455407	SYCE1L	XM_054453733.2	+	1	74455125	74455231	105	1
NC_072391.2	74454852	74455407	1	1	+	NC_072391.2	74455053	74455125	74455336	74455407	SYCE1L	XM_054453734.2	+	1	74455125	74455336	210	4
NC_072391.2	751425	752385	-3	1	-	NC_072391.2	752033	752229	751461	751717	METTL26	XM_054455283.2	-	3	751717	752033	315	3
NC_072391.2	751425	752385	-3	1	-	NC_072391.2	752033	752229	751555	751717	METTL26	XM_054455285.2	-	3	751717	752033	315	5
NC_072391.2	773778	774345	1	1	+	NC_072391.2	773871	774001	774071	774187	WDR90	XM_054455306.2	+	1	774001	774071	69	19
NC_072391.2	783997	784633	2	1	+	NC_072391.2	784022	784196	784293	784423	WDR90	XM_054455306.2	+	2	784196	784293	96	21
NC_072391.2	789683	790061	3	1	+	NC_072391.2	789755	789839	789918	790060	RHOT2	XM_054455310.2	+	3	789839	789918	78	10
NC_072391.2	794289	795057	1	1	+	NC_072391.2	794359	794520	794689	794913	RHBDL1	XM_054455316.2	+	1	794520	794689	168	4
NC_072391.2	794289	795057	1	1	+	NC_072391.2	794362	794520	794689	794913	RHBDL1	XM_054455317.2	+	1	794520	794689	168	2
NC_072391.2	801224	801608	-1	1	-	NC_072391.2	801416	801535	801261	801328	JMJD8	XM_054455324.2	-	1	801328	801416	87	4
NC_072391.2	803198	803960	-1	1	-	NC_072391.2	803798	803902	803376	803716	WDR24	XM_054455323.2	-	1	803716	803798	81	1
NC_072391.2	81450371	81450785	-1	1	-	NC_072391.2	81450689	81450770	81450402	81450499	TAF1C	XM_054452636.2	-	1	81450499	81450689	189	8
NC_072391.2	81450371	81450785	-1	1	-	NC_072391.2	81450689	81450707	81450402	81450499	TAF1C	XM_054452640.2	-	1	81450499	81450689	189	4
NC_072391.2	833032	834304	2	1	+	NC_072391.2	833339	833442	833638	834038	METRN	XM_054455334.2	+	2	833442	833638	195	1
NC_072391.2	838672	839923	2	1	+	NC_072391.2	838688	839512	839672	839776	ANTKMT	XM_054455342.2	+	2	839512	839672	159	2
NC_072391.2	840754	841348	-2	1	-	NC_072391.2	841169	841235	840996	841096	CCDC78	XM_054455344.2	-	2	841096	841169	72	1
NC_072391.2	840754	841348	-2	1	-	NC_072391.2	840996	841096	840755	840863	CCDC78	XM_054455344.2	-	2	840863	840996	132	1
NC_072391.2	843424	844039	-2	1	-	NC_072391.2	843896	843982	843515	843682	CCDC78	XM_054455344.2	-	2	843682	843896	213	1
NC_072391.2	85839524	85840043	3	1	+	NC_072391.2	85839679	85839774	85839853	85839993	ZFPM1	XM_054453683.2	+	3	85839774	85839853	78	2
NC_072391.2	86009718	86010009	-3	1	-	NC_072391.2	86009884	86009991	86009719	86009736	RNF166	XM_063654191.1	-	3	86009736	86009884	147	1
NC_072391.2	86021715	86022090	1	1	+	NC_072391.2	86021733	86021792	86021949	86022015	CTU2	XM_063654190.1	+	1	86021792	86021949	156	1
NC_072391.2	86027160	86027871	-3	1	-	NC_072391.2	86027427	86027506	86027162	86027348	PIEZO1	XM_054453026.2	-	3	86027348	86027427	78	2
NC_072391.2	86027753	86028245	-1	1	-	NC_072391.2	86028033	86028125	86027788	86027960	PIEZO1	XM_054453026.2	-	1	86027960	86028033	72	2
NC_072391.2	86031865	86032849	-2	1	-	NC_072391.2	86032414	86032678	86031867	86031999	PIEZO1	XM_054453026.2	-	2	86031999	86032414	414	2
NC_072391.2	86044010	86044838	-1	1	-	NC_072391.2	86044582	86044764	86044151	86044284	PIEZO1	XM_054453026.2	-	1	86044284	86044582	297	2
NC_072391.2	86046450	86047011	-3	1	-	NC_072391.2	86046892	86046992	86046499	86046759	PIEZO1	XM_054453026.2	-	3	86046759	86046892	132	2
NC_072391.2	86047598	86048381	-1	1	-	NC_072391.2	86047986	86048072	86047817	86047904	PIEZO1	XM_054453026.2	-	1	86047904	86047986	81	2
NC_072391.2	86115459	86115855	1	1	+	NC_072391.2	86115487	86115627	86115718	86115854	CDT1	XM_054452786.2	+	1	86115627	86115718	90	1
NC_072391.2	86889956	86890676	3	1	+	NC_072391.2	86890035	86890121	86890413	86890472	CPNE7	XM_054455442.2	+	3	86890121	86890413	291	12
NC_072391.2	86894540	86895434	3	1	+	NC_072391.2	86894565	86894616	86894998	86895115	CPNE7	XM_063654200.1	+	3	86894616	86894998	381	1
NC_072391.2	86894540	86895434	3	1	+	NC_072391.2	86894565	86894616	86894992	86895115	CPNE7	XM_063654201.1	+	3	86894616	86894992	375	2
NC_072391.2	86894544	86895162	1	1	+	NC_072391.2	86894684	86894817	86894992	86895115	CPNE7	XM_063654203.1	+	1	86894817	86894992	174	1
NC_072391.2	86894544	86895162	1	1	+	NC_072391.2	86894684	86894817	86894998	86895115	CPNE7	XM_063654204.1	+	1	86894817	86894998	180	1
NC_072391.2	86894544	86895162	1	1	+	NC_072391.2	86894684	86894817	86894992	86895114	CPNE7	XM_063654205.1	+	1	86894817	86894992	174	1
NC_072391.2	86935990	86936806	2	1	+	NC_072391.2	86936315	86936491	86936582	86936666	DPEP1	XM_054455447.2	+	2	86936491	86936582	90	5
NC_072391.2	87016796	87017207	-1	1	-	NC_072391.2	87017066	87017158	87016798	87016960	VPS9D1	XM_054455472.2	-	1	87016960	87017066	105	6
NC_072391.2	87016796	87017207	-1	1	-	NC_072391.2	87017066	87017123	87016798	87016960	VPS9D1	XM_063654616.1	-	1	87016960	87017066	105	2
NC_072391.2	87016803	87017424	-3	1	-	NC_072391.2	87017066	87017158	87016805	87016960	VPS9D1	XM_054455479.2	-	3	87016960	87017066	105	2
NC_072391.2	902637	903231	-3	1	-	NC_072391.2	903034	903157	902748	902859	RPUSD1	XM_054455351.2	-	3	902859	903034	174	1
NC_072391.2	902637	903231	-3	1	-	NC_072391.2	903034	903157	902757	902859	RPUSD1	XM_054455352.2	-	3	902859	903034	174	1
NC_072391.2	913350	913644	1	1	+	NC_072391.2	913372	913429	913511	913644	CHTF18	XM_054455361.2	+	1	913429	913511	81	3
NC_072392.2	100005164	100005842	3	1	+	NC_072392.2	100005338	100005416	100005489	100005587	HGS	XM_054458542.2	+	3	100005416	100005489	72	4
NC_072392.2	100005164	100005842	3	1	+	NC_072392.2	100005489	100005587	100005705	100005800	HGS	XM_054458542.2	+	3	100005587	100005705	117	4
NC_072392.2	100006738	100007140	2	1	+	NC_072392.2	100006757	100006900	100006997	100007056	HGS	XM_054458542.2	+	2	100006900	100006997	96	2
NC_072392.2	100026941	100027424	3	1	+	NC_072392.2	100026990	100027104	100027195	100027243	SLC25A10	XM_054457457.2	+	3	100027104	100027195	90	3
NC_072392.2	100028127	100028631	1	1	+	NC_072392.2	100028319	100028362	100028516	100028586	SLC25A10	XM_054457457.2	+	1	100028362	100028516	153	3
NC_072392.2	100067241	100068279	1	1	+	NC_072392.2	100067254	100067316	100068127	100068229	GCGR	XM_054458775.2	+	1	100067316	100068127	810	6
NC_072392.2	100067241	100068279	1	1	+	NC_072392.2	100067254	100067316	100068148	100068229	GCGR	XM_054458780.2	+	1	100067316	100068148	831	1
NC_072392.2	100069078	100069657	2	1	+	NC_072392.2	100069227	100069334	100069413	100069534	GCGR	XM_054458775.2	+	2	100069334	100069413	78	7
NC_072392.2	100169201	100169651	-1	1	-	NC_072392.2	100169568	100169633	100169251	100169339	PCYT2	XM_054459658.2	-	1	100169339	100169568	228	5
NC_072392.2	100171468	100172062	-2	1	-	NC_072392.2	100171952	100172036	100171733	100171777	PCYT2	XM_054459658.2	-	2	100171777	100171952	174	5
NC_072392.2	100178122	100178698	-2	1	-	NC_072392.2	100178462	100178698	100178255	100178335	SIRT7	XM_054459673.2	-	2	100178335	100178462	126	2
NC_072392.2	100219415	100220120	-1	1	-	NC_072392.2	100219864	100220055	100219631	100219731	NOTUM	XM_054459682.2	-	1	100219731	100219864	132	2
NC_072392.2	100258346	100258994	3	1	+	NC_072392.2	100258482	100258598	100258920	100258993	ASPSCR1	XM_063656347.1	+	3	100258598	100258920	321	4
NC_072392.2	100288586	100289111	3	1	+	NC_072392.2	100288587	100288657	100288895	100289073	LRRC45	XM_054457414.2	+	3	100288657	100288895	237	1
NC_072392.2	100291844	100292225	3	1	+	NC_072392.2	100291886	100292021	100292109	100292186	LRRC45	XM_054457414.2	+	3	100292021	100292109	87	1
NC_072392.2	100313505	100314351	-3	1	-	NC_072392.2	100314154	100314319	100313507	100313592	RFNG	XM_054456574.2	-	3	100313592	100314154	561	1
NC_072392.2	100321088	100321766	3	1	+	NC_072392.2	100321107	100321244	100321317	100321451	GPS1	XM_054456559.1	+	3	100321244	100321317	72	14
NC_072392.2	100325205	100325484	-3	1	-	NC_072392.2	100325371	100325467	100325207	100325289	DUS1L	XM_054456571.2	-	3	100325289	100325371	81	3
NC_072392.2	100350458	100351121	-1	1	-	NC_072392.2	100351015	100351106	100350701	100350852	FASN	XM_054457218.2	-	1	100350852	100351015	162	2
NC_072392.2	100355695	100356379	-2	1	-	NC_072392.2	100356031	100356210	100355743	100355946	FASN	XM_054457218.2	-	2	100355946	100356031	84	2
NC_072392.2	100356174	100357032	-3	1	-	NC_072392.2	100356822	100357013	100356660	100356740	FASN	XM_054457218.2	-	3	100356740	100356822	81	2
NC_072392.2	100361587	100362232	-2	1	-	NC_072392.2	100362010	100362210	100361626	100361748	FASN	XM_054457218.2	-	2	100361748	100362010	261	2
NC_072392.2	10366039	10366405	-2	1	-	NC_072392.2	10366274	10366397	10366041	10366177	MYH8	XM_054459133.2	-	2	10366177	10366274	96	1
NC_072392.2	10375091	10375400	-1	1	-	NC_072392.2	10375287	10375379	10375097	10375160	MYH8	XM_054459133.2	-	1	10375160	10375287	126	1
NC_072392.2	10408047	10408560	-3	1	-	NC_072392.2	10408396	10408521	10408135	10408305	LOC129018023	XM_054459134.2	-	3	10408305	10408396	90	4
NC_072392.2	10611240	10611870	-3	1	-	NC_072392.2	10611700	10611870	10611291	10611597	MYH3	XM_054457207.2	-	3	10611597	10611700	102	1
NC_072392.2	11642748	11643579	1	1	+	NC_072392.2	11642816	11643012	11643121	11643545	DNAH9	XM_054456248.2	+	1	11643012	11643121	108	1
NC_072392.2	1258516	1259095	-2	1	-	NC_072392.2	1258830	1258943	1258678	1258754	MYO1C	XM_054459723.2	-	2	1258754	1258830	75	5
NC_072392.2	12976472	12976823	-1	1	-	NC_072392.2	12976650	12976788	12976486	12976568	ELAC2	XM_054456367.2	-	1	12976568	12976650	81	2
NC_072392.2	1441550	1442294	-1	1	-	NC_072392.2	1442135	1442228	1441926	1442032	RILP	XM_054459740.2	-	1	1442032	1442135	102	3
NC_072392.2	1441550	1442294	-1	1	-	NC_072392.2	1441926	1442032	1441563	1441808	RILP	XM_054459740.2	-	1	1441808	1441926	117	3
NC_072392.2	1534273	1535302	2	1	+	NC_072392.2	1534358	1534396	1534517	1534579	SERPINF2	XM_054459748.1	+	2	1534396	1534517	120	7
NC_072392.2	1534273	1535302	2	1	+	NC_072392.2	1534517	1534579	1534856	1535057	SERPINF2	XM_054459748.1	+	2	1534579	1534856	276	8
NC_072392.2	1534273	1535302	2	1	+	NC_072392.2	1534376	1534396	1534517	1534579	SERPINF2	XM_054459754.2	+	2	1534396	1534517	120	1
NC_072392.2	16003038	16003374	-3	1	-	NC_072392.2	16003285	16003356	16003040	16003122	LOC129029899	XM_054474701.2	-	3	16003122	16003285	162	6
NC_072392.2	16195759	16196095	2	1	+	NC_072392.2	16195778	16195849	16196012	16196094	LOC129016870	XM_054456631.2	+	2	16195849	16196012	162	3
NC_072392.2	17547008	17547344	-1	1	-	NC_072392.2	17547255	17547326	17547010	17547092	LOC129017143	XM_054457328.2	-	1	17547092	17547255	162	4
NC_072392.2	17743898	17744234	3	1	+	NC_072392.2	17743917	17743988	17744151	17744233	LOC129018030	XM_054459153.2	+	3	17743988	17744151	162	4
NC_072392.2	17944061	17944610	3	1	+	NC_072392.2	17944231	17944344	17944444	17944609	TOP3A	XM_054459158.2	+	3	17944344	17944444	99	7
NC_072392.2	17982400	17983018	2	1	+	NC_072392.2	17982446	17982585	17982670	17982907	FLII	XM_054459170.2	+	2	17982585	17982670	84	2
NC_072392.2	17983918	17984356	2	1	+	NC_072392.2	17984078	17984143	17984225	17984356	FLII	XM_054459170.2	+	2	17984143	17984225	81	2
NC_072392.2	18056803	18057793	-2	1	-	NC_072392.2	18057439	18057572	18056921	18057054	MYO15A	XM_054459178.2	-	2	18057054	18057439	384	2
NC_072392.2	18069214	18069640	-2	1	-	NC_072392.2	18069554	18069627	18069216	18069298	MYO15A	XM_054459178.2	-	2	18069298	18069554	255	2
NC_072392.2	18071947	18072322	-2	1	-	NC_072392.2	18072154	18072265	18071989	18072063	MYO15A	XM_054459178.2	-	2	18072063	18072154	90	2
NC_072392.2	18732801	18733617	1	1	+	NC_072392.2	18732967	18733252	18733538	18733617	RASD1	XM_054459205.2	+	1	18733252	18733538	285	1
NC_072392.2	19611002	19611338	-1	1	-	NC_072392.2	19611249	19611320	19611004	19611086	LOC129017725	XM_054458402.2	-	1	19611086	19611249	162	2
NC_072392.2	19816536	19816872	1	1	+	NC_072392.2	19816555	19816626	19816789	19816871	LOC129017730	XM_054458408.2	+	1	19816626	19816789	162	3
NC_072392.2	20769218	20769836	3	1	+	NC_072392.2	20769503	20769600	20769706	20769819	SLC47A1	XM_054458462.2	+	3	20769600	20769706	105	5
NC_072392.2	2493230	2493764	-1	1	-	NC_072392.2	2493528	2493608	2493321	2493446	CLUH	XM_054457467.2	-	1	2493446	2493528	81	2
NC_072392.2	2496125	2496617	-1	1	-	NC_072392.2	2496360	2496512	2496204	2496266	CLUH	XM_054457467.2	-	1	2496266	2496360	93	2
NC_072392.2	3521305	3521707	-2	1	-	NC_072392.2	3521537	3521600	3521351	3521458	ITGAE	XM_054459282.2	-	2	3521458	3521537	78	3
NC_072392.2	3728181	3729039	-3	1	-	NC_072392.2	3728752	3728970	3728287	3728622	ATP2A3	XM_054459307.2	-	3	3728622	3728752	129	3
NC_072392.2	3737920	3739159	-2	1	-	NC_072392.2	3738848	3738952	3738520	3738658	ATP2A3	XM_054459307.2	-	2	3738658	3738848	189	3
NC_072392.2	3737920	3739159	-2	1	-	NC_072392.2	3738520	3738658	3737962	3738042	ATP2A3	XM_054459307.2	-	2	3738042	3738520	477	3
NC_072392.2	43504184	43504655	3	1	+	NC_072392.2	43504253	43504313	43504575	43504654	KSR1	XM_063656308.1	+	3	43504313	43504575	261	6
NC_072392.2	44328040	44328985	-2	1	-	NC_072392.2	44328724	44328843	44328304	44328648	VTN	XM_054458641.2	-	2	44328648	44328724	75	1
NC_072392.2	44328040	44328985	-2	1	-	NC_072392.2	44328304	44328648	44328086	44328225	VTN	XM_054458641.2	-	2	44328225	44328304	78	1
NC_072392.2	44670300	44670861	-3	1	-	NC_072392.2	44670714	44670813	44670370	44670572	BLTP2	XM_054458681.2	-	3	44670572	44670714	141	2
NC_072392.2	44751712	44752150	-2	1	-	NC_072392.2	44751980	44752061	44751817	44751907	RAB34	XM_054458737.2	-	2	44751907	44751980	72	5
NC_072392.2	44751712	44752150	-2	1	-	NC_072392.2	44752004	44752061	44751817	44751907	RAB34	XM_054458739.2	-	2	44751907	44752004	96	5
NC_072392.2	44918639	44919335	-1	1	-	NC_072392.2	44919195	44919308	44918976	44919095	FLOT2	XM_054458755.2	-	1	44919095	44919195	99	6
NC_072392.2	45134432	45135071	-1	1	-	NC_072392.2	45134859	45134982	45134574	45134774	MYO18A	XM_063656093.1	-	1	45134774	45134859	84	10
NC_072392.2	45160966	45161869	-2	1	-	NC_072392.2	45161561	45161737	45161017	45161230	MYO18A	XM_063656093.1	-	2	45161230	45161561	330	10
NC_072392.2	4520603	4520882	3	1	+	NC_072392.2	4520625	4520708	4520802	4520881	ARRB2	XM_054459340.2	+	3	4520708	4520802	93	1
NC_072392.2	4541809	4542400	2	1	+	NC_072392.2	4541916	4542150	4542244	4542399	ZMYND15	XM_054459341.2	+	2	4542150	4542244	93	3
NC_072392.2	4544392	4544905	2	1	+	NC_072392.2	4544514	4544602	4544693	4544791	ZMYND15	XM_054459341.2	+	2	4544602	4544693	90	3
NC_072392.2	45615260	45615608	-1	1	-	NC_072392.2	45615444	45615530	45615262	45615335	GIT1	XM_054458166.2	-	1	45615335	45615444	108	5
NC_072392.2	45647258	45647879	3	1	+	NC_072392.2	45647298	45647433	45647542	45647666	ANKRD13B	XM_054458170.2	+	3	45647433	45647542	108	5
NC_072392.2	45647258	45647879	3	1	+	NC_072392.2	45647542	45647666	45647751	45647796	ANKRD13B	XM_054458170.2	+	3	45647666	45647751	84	5
NC_072392.2	45655268	45655808	-1	1	-	NC_072392.2	45655479	45655709	45655269	45655391	CORO6	XM_054458173.2	-	1	45655391	45655479	87	3
NC_072392.2	45655268	45655808	-1	1	-	NC_072392.2	45655479	45655709	45655269	45655388	CORO6	XM_054458175.2	-	1	45655388	45655479	90	5
NC_072392.2	45656154	45656649	-3	1	-	NC_072392.2	45656473	45656577	45656237	45656382	CORO6	XM_054458173.2	-	3	45656382	45656473	90	8
NC_072392.2	4604180	4604648	3	1	+	NC_072392.2	4604238	4604382	4604509	4604648	PSMB6	XM_054459355.2	+	3	4604382	4604509	126	1
NC_072392.2	4613842	4614526	2	1	+	NC_072392.2	4614029	4614137	4614240	4614370	PLD2	XM_054459358.2	+	2	4614137	4614240	102	2
NC_072392.2	4615234	4615639	2	1	+	NC_072392.2	4615357	4615462	4615553	4615618	PLD2	XM_054459358.2	+	2	4615462	4615553	90	2
NC_072392.2	4701957	4702560	1	1	+	NC_072392.2	4702159	4702182	4702306	4702469	MINK1	XM_054459365.2	+	1	4702182	4702306	123	15
NC_072392.2	4703043	4703529	1	1	+	NC_072392.2	4703044	4703181	4703395	4703503	MINK1	XM_054459365.2	+	1	4703181	4703395	213	33
NC_072392.2	4707754	4708294	-2	1	-	NC_072392.2	4708090	4708276	4707899	4708005	CHRNE	XM_054456612.1	-	2	4708005	4708090	84	1
NC_072392.2	4751824	4752313	-2	1	-	NC_072392.2	4752117	4752269	4751826	4752032	SLC25A11	XM_054459402.2	-	2	4752032	4752117	84	1
NC_072392.2	4757217	4757898	1	1	+	NC_072392.2	4757450	4757521	4757612	4757692	RNF167	XM_054459393.2	+	1	4757521	4757612	90	1
NC_072392.2	4766110	4766440	2	1	+	NC_072392.2	4766145	4766203	4766366	4766435	ENO3	XM_054459389.2	+	2	4766203	4766366	162	3
NC_072392.2	4816929	4817235	1	1	+	NC_072392.2	4817014	4817079	4817158	4817233	KIF1C	XM_054459417.2	+	1	4817079	4817158	78	2
NC_072392.2	4949307	4949643	1	1	+	NC_072392.2	4949326	4949397	4949560	4949642	USP6	XM_054459433.2	+	1	4949397	4949560	162	3
NC_072392.2	4957066	4957936	2	1	+	NC_072392.2	4957113	4957265	4957548	4957687	USP6	XM_054459433.2	+	2	4957265	4957548	282	3
NC_072392.2	51082339	51082891	-2	1	-	NC_072392.2	51082771	51082852	51082349	51082410	RAD51D	XM_054458380.2	-	2	51082410	51082771	360	4
NC_072392.2	52665150	52665873	1	1	+	NC_072392.2	52665238	52665270	52665520	52665873	LOC129016553	XM_063655462.1	+	1	52665270	52665520	249	1
NC_072392.2	54354830	54355763	-1	1	-	NC_072392.2	54355301	54355527	54354927	54355204	LHX1	XM_054456911.2	-	1	54355204	54355301	96	2
NC_072392.2	55024613	55024949	-1	1	-	NC_072392.2	55024860	55024932	55024615	55024697	LOC129017027	XM_063655547.1	-	1	55024697	55024860	162	3
NC_072392.2	55024613	55024949	-1	1	-	NC_072392.2	55024860	55024931	55024615	55024697	LOC129017027	XM_063655550.1	-	1	55024697	55024860	162	2
NC_072392.2	55360834	55361170	2	1	+	NC_072392.2	55360853	55360924	55361087	55361169	LOC129017018	XM_054457001.2	+	2	55360924	55361087	162	5
NC_072392.2	55506098	55506434	3	1	+	NC_072392.2	55506117	55506188	55506351	55506433	LOC129017017	XM_054456999.2	+	3	55506188	55506351	162	8
NC_072392.2	55684594	55684930	-2	1	-	NC_072392.2	55684841	55684913	55684596	55684678	LOC129017005	XM_054456966.2	-	2	55684678	55684841	162	1
NC_072392.2	56020267	56020603	2	1	+	NC_072392.2	56020285	56020357	56020520	56020602	LOC129017003	XM_054456951.2	+	2	56020357	56020520	162	8
NC_072392.2	56020267	56020603	2	1	+	NC_072392.2	56020286	56020357	56020520	56020602	LOC129017003	XM_054456964.2	+	2	56020357	56020520	162	2
NC_072392.2	56198647	56198983	-2	1	-	NC_072392.2	56198894	56198966	56198649	56198731	LOC129017037	XM_054457053.2	-	2	56198731	56198894	162	2
NC_072392.2	56409087	56409423	1	1	+	NC_072392.2	56409105	56409177	56409340	56409422	LOC129017041	XM_054457072.2	+	1	56409177	56409340	162	6
NC_072392.2	56409087	56409423	1	1	+	NC_072392.2	56409106	56409177	56409340	56409422	LOC129017041	XM_054457077.2	+	1	56409177	56409340	162	3
NC_072392.2	56549985	56550321	-3	1	-	NC_072392.2	56550232	56550304	56549987	56550069	LOC129017052	XM_054457087.2	-	3	56550069	56550232	162	2
NC_072392.2	56549985	56550321	-3	1	-	NC_072392.2	56550232	56550303	56549987	56550069	LOC129017052	XM_063655608.1	-	3	56550069	56550232	162	1
NC_072392.2	60451002	60452115	-3	1	-	NC_072392.2	60451955	60452072	60451441	60451570	LPO	XM_054457957.2	-	3	60451570	60451955	384	2
NC_072392.2	61448716	61449700	-2	1	-	NC_072392.2	61449127	61449167	61448718	61448799	MSI2	XM_054460172.2	-	2	61448799	61449127	327	6
NC_072392.2	68314244	68315057	-1	1	-	NC_072392.2	68314809	68314963	68314587	68314730	SPATA20	XM_054460110.2	-	1	68314730	68314809	78	7
NC_072392.2	68314244	68315057	-1	1	-	NC_072392.2	68314587	68314730	68314286	68314487	SPATA20	XM_054460110.2	-	1	68314487	68314587	99	8
NC_072392.2	68314244	68315057	-1	1	-	NC_072392.2	68314809	68314934	68314587	68314730	SPATA20	XM_063656995.1	-	1	68314730	68314809	78	1
NC_072392.2	68342540	68342885	-1	1	-	NC_072392.2	68342748	68342863	68342542	68342657	MYCBPAP	XM_054460141.2	-	1	68342657	68342748	90	22
NC_072392.2	68389314	68389992	-3	1	-	NC_072392.2	68389597	68389665	68389315	68389362	ACSF2	XM_054460157.2	-	3	68389362	68389597	234	1
NC_072392.2	68389835	68390306	-1	1	-	NC_072392.2	68390058	68390199	68389860	68389970	ACSF2	XM_054460157.2	-	1	68389970	68390058	87	1
NC_072392.2	68509425	68509983	-3	1	-	NC_072392.2	68509720	68509936	68509456	68509632	XYLT2	XM_054456108.2	-	3	68509632	68509720	87	1
NC_072392.2	68586236	68586959	-1	1	-	NC_072392.2	68586552	68586747	68586237	68586347	TMEM92	XM_054457979.2	-	1	68586347	68586552	204	22
NC_072392.2	68681096	68681660	3	1	+	NC_072392.2	68681145	68681387	68681517	68681660	COL1A1	XM_054457473.2	+	3	68681387	68681517	129	1
NC_072392.2	68789635	68790478	-2	1	-	NC_072392.2	68790167	68790316	68789964	68790061	ITGA3	XM_063657169.1	-	2	68790061	68790167	105	1
NC_072392.2	6879114	6879525	1	1	+	NC_072392.2	6879154	6879174	6879358	6879452	C19H17orf49	XM_054456090.2	+	1	6879174	6879358	183	5
NC_072392.2	7040742	7041705	-3	1	-	NC_072392.2	7041558	7041644	7041322	7041473	ASGR1	XM_054458082.2	-	3	7041473	7041558	84	4
NC_072392.2	7070249	7070867	-1	1	-	NC_072392.2	7070624	7070793	7070385	7070521	DLG4	XM_054458084.2	-	1	7070521	7070624	102	10
NC_072392.2	70908107	70908500	-1	1	-	NC_072392.2	70908273	70908444	70908108	70908170	CDK5RAP3	XM_054456022.2	-	1	70908170	70908273	102	1
NC_072392.2	71080313	71080766	3	1	+	NC_072392.2	71080400	71080522	71080661	71080766	OSBPL7	XM_054456044.2	+	3	71080522	71080661	138	5
NC_072392.2	7119436	7119817	2	1	+	NC_072392.2	7119497	7119590	7119756	7119816	ELP5	XM_054458102.2	+	2	7119590	7119756	165	1
NC_072392.2	7151920	7152520	2	1	+	NC_072392.2	7151951	7152067	7152179	7152351	SLC2A4	XM_054458523.2	+	2	7152067	7152179	111	1
NC_072392.2	71645032	71646115	-2	1	-	NC_072392.2	71645528	71645674	71645033	71645290	SRCIN1	XM_054456422.2	-	2	71645290	71645528	237	3
NC_072392.2	7184393	7185053	3	1	+	NC_072392.2	7184766	7184897	7184994	7185053	EIF5A	XM_054458530.1	+	3	7184897	7184994	96	3
NC_072392.2	7186568	7186928	-1	1	-	NC_072392.2	7186805	7186894	7186638	7186717	GPS2	XM_054458527.2	-	1	7186717	7186805	87	2
NC_072392.2	7190632	7191496	-2	1	-	NC_072392.2	7190890	7191002	7190634	7190799	NEURL4	XM_054458514.2	-	2	7190799	7190890	90	4
NC_072392.2	7196720	7197170	-1	1	-	NC_072392.2	7197065	7197141	7196902	7196980	NEURL4	XM_054458514.2	-	1	7196980	7197065	84	4
NC_072392.2	7199560	7200064	-2	1	-	NC_072392.2	7199839	7199950	7199657	7199745	NEURL4	XM_054458514.2	-	2	7199745	7199839	93	4
NC_072392.2	7229336	7229762	3	1	+	NC_072392.2	7229455	7229559	7229674	7229761	TMEM95	XM_054458533.2	+	3	7229559	7229674	114	3
NC_072392.2	7229336	7229762	3	1	+	NC_072392.2	7229479	7229559	7229674	7229761	TMEM95	XM_054458535.2	+	3	7229559	7229674	114	1
NC_072392.2	72504662	72505097	-1	1	-	NC_072392.2	72504881	72504976	72504664	72504769	MED1	XM_054457221.2	-	1	72504769	72504881	111	2
NC_072392.2	7261877	7262192	3	1	+	NC_072392.2	7261899	7261994	7262082	7262192	TNK1	XM_054457389.1	+	3	7261994	7262082	87	2
NC_072392.2	72747437	72747845	3	1	+	NC_072392.2	72747552	72747629	72747750	72747803	STARD3	XM_054457270.2	+	3	72747629	72747750	120	14
NC_072392.2	72800662	72802039	2	1	+	NC_072392.2	72800820	72800954	72801315	72801383	ERBB2	XM_054457281.2	+	2	72800954	72801315	360	9
NC_072392.2	72800662	72802039	2	1	+	NC_072392.2	72801315	72801383	72801588	72801703	ERBB2	XM_054457281.2	+	2	72801383	72801588	204	9
NC_072392.2	72800662	72802039	2	1	+	NC_072392.2	72801588	72801703	72801842	72801983	ERBB2	XM_054457281.2	+	2	72801703	72801842	138	9
NC_072392.2	73108602	73109835	-3	1	-	NC_072392.2	73109145	73109225	73108657	73108805	MED24	XM_054459811.2	-	3	73108805	73109145	339	7
NC_072392.2	73108602	73109835	-3	1	-	NC_072392.2	73109145	73109222	73108657	73108805	MED24	XM_054459812.2	-	3	73108805	73109145	339	5
NC_072392.2	7318321	7318636	2	1	+	NC_072392.2	7318337	7318394	7318479	7318618	CHRNB1	XM_054458071.2	+	2	7318394	7318479	84	1
NC_072392.2	73279934	73280411	3	1	+	NC_072392.2	73279954	73280051	73280160	73280282	RAPGEFL1	XM_054458120.2	+	3	73280051	73280160	108	1
NC_072392.2	7368269	7369478	3	1	+	NC_072392.2	7368310	7368446	7368540	7368713	POLR2A	XM_054458073.2	+	3	7368446	7368540	93	1
NC_072392.2	7368269	7369478	3	1	+	NC_072392.2	7368540	7368713	7368864	7369145	POLR2A	XM_054458073.2	+	3	7368713	7368864	150	1
NC_072392.2	73857847	73858234	-2	1	-	NC_072392.2	73858073	73858234	73857866	73857991	KRT26	XM_054457823.2	-	2	73857991	73858073	81	1
NC_072392.2	73951150	73951840	-2	1	-	NC_072392.2	73951592	73951753	73951373	73951498	KRT12	XM_054457877.2	-	2	73951498	73951592	93	1
NC_072392.2	7432963	7433470	2	1	+	NC_072392.2	7433131	7433278	7433408	7433455	SENP3	XM_054459531.2	+	2	7433278	7433408	129	1
NC_072392.2	74533546	74534077	-2	1	-	NC_072392.2	74533952	74534077	74533554	74533774	LOC129017648	XM_054458256.2	-	2	74533774	74533952	177	1
NC_072392.2	74868622	74869495	-2	1	-	NC_072392.2	74869094	74869353	74868645	74868883	JUP	XM_054457517.2	-	2	74868883	74869094	210	6
NC_072392.2	75212714	75213602	-1	1	-	NC_072392.2	75213305	75213431	75212867	75213058	DHX58	XM_054457568.2	-	1	75213058	75213305	246	3
NC_072392.2	75268357	75269062	-2	1	-	NC_072392.2	75268883	75268921	75268359	75268711	KCNH4	XM_054457579.2	-	2	75268711	75268883	171	1
NC_072392.2	75396399	75397017	1	1	+	NC_072392.2	75396500	75396630	75396865	75397016	LOC129017271	XM_054457584.2	+	1	75396630	75396865	234	4
NC_072392.2	75659813	75660491	3	1	+	NC_072392.2	75660012	75660201	75660286	75660350	COASY	XM_054457617.2	+	3	75660201	75660286	84	4
NC_072392.2	75662271	75662976	1	1	+	NC_072392.2	75662437	75662640	75662935	75662971	MLX	XM_054457627.2	+	1	75662640	75662935	294	1
NC_072392.2	75662271	75662976	1	1	+	NC_072392.2	75662437	75662478	75662935	75662971	MLX	XM_054457629.2	+	1	75662478	75662935	456	1
NC_072392.2	75709499	75710186	3	1	+	NC_072392.2	75709581	75709730	75709992	75710144	TUBG1	XM_054457626.1	+	3	75709730	75709992	261	1
NC_072392.2	75769449	75769959	-3	1	-	NC_072392.2	75769839	75769918	75769548	75769739	PLEKHH3	XM_054457634.2	-	3	75769739	75769839	99	10
NC_072392.2	75780742	75781417	2	1	+	NC_072392.2	75780950	75781097	75781176	75781379	CNTNAP1	XM_054457645.2	+	2	75781097	75781176	78	3
NC_072392.2	76117432	76117900	2	1	+	NC_072392.2	76117475	76117622	76117695	76117801	IFI35	XM_054457693.2	+	2	76117622	76117695	72	1
NC_072392.2	76122801	76123281	-3	1	-	NC_072392.2	76123050	76123220	76122855	76122944	VAT1	XM_054457692.1	-	3	76122944	76123050	105	1
NC_072392.2	76639052	76639778	-1	1	-	NC_072392.2	76639562	76639630	76639182	76639354	ETV4	XM_054457772.2	-	1	76639354	76639562	207	12
NC_072392.2	7665401	7665953	3	1	+	NC_072392.2	7665488	7665620	7665747	7665886	DNAH2	XM_054455790.2	+	3	7665620	7665747	126	1
NC_072392.2	76654708	76655149	-2	1	-	NC_072392.2	76655014	76655107	76654714	76654761	ETV4	XM_054457772.2	-	2	76654761	76655014	252	6
NC_072392.2	76654708	76655149	-2	1	-	NC_072392.2	76655014	76655050	76654714	76654761	ETV4	XM_063656400.1	-	2	76654761	76655014	252	2
NC_072392.2	7681740	7682268	1	1	+	NC_072392.2	7681741	7681891	7682108	7682256	DNAH2	XM_054455790.2	+	1	7681891	7682108	216	1
NC_072392.2	7687603	7688266	2	1	+	NC_072392.2	7687620	7687768	7687907	7688090	DNAH2	XM_054455790.2	+	2	7687768	7687907	138	1
NC_072392.2	76930893	76931430	-3	1	-	NC_072392.2	76931142	76931306	76930956	76931036	MPP3	XM_054457780.2	-	3	76931036	76931142	105	1
NC_072392.2	7696341	7696836	1	1	+	NC_072392.2	7696369	7696545	7696642	7696716	DNAH2	XM_054455790.2	+	1	7696545	7696642	96	1
NC_072392.2	77000911	77001562	-2	1	-	NC_072392.2	77001395	77001526	77001181	77001286	MPP2	XM_054457794.2	-	2	77001286	77001395	108	5
NC_072392.2	77002800	77003412	-3	1	-	NC_072392.2	77003134	77003286	77002834	77002983	MPP2	XM_054457794.2	-	3	77002983	77003134	150	5
NC_072392.2	7710987	7711782	1	1	+	NC_072392.2	7711131	7711350	7711453	7711545	KDM6B	XM_054455791.2	+	1	7711350	7711453	102	18
NC_072392.2	77191384	77191939	2	1	+	NC_072392.2	77191543	77191684	77191913	77191939	G6PC3	XM_054456547.2	+	2	77191684	77191913	228	1
NC_072392.2	77208644	77209142	-1	1	-	NC_072392.2	77208974	77209120	77208765	77208877	HDAC5	XM_054456549.2	-	1	77208877	77208974	96	9
NC_072392.2	77208644	77209142	-1	1	-	NC_072392.2	77208989	77209120	77208765	77208877	HDAC5	XM_054456553.2	-	1	77208877	77208989	111	6
NC_072392.2	77291391	77291991	1	1	+	NC_072392.2	77291419	77291575	77291723	77291990	ASB16	XM_063656730.1	+	1	77291575	77291723	147	1
NC_072392.2	77426434	77427175	2	1	+	NC_072392.2	77426712	77426860	77427026	77427111	RUNDC3A	XM_054458590.2	+	2	77426860	77427026	165	3
NC_072392.2	77426434	77427175	2	1	+	NC_072392.2	77426727	77426860	77427026	77427111	RUNDC3A	XM_054458591.2	+	2	77426860	77427026	165	3
NC_072392.2	77426434	77427175	2	1	+	NC_072392.2	77426724	77426860	77427026	77427111	RUNDC3A	XM_054458592.2	+	2	77426860	77427026	165	1
NC_072392.2	77465092	77465530	2	1	+	NC_072392.2	77465132	77465269	77465393	77465518	GRN	XM_054457490.2	+	2	77465269	77465393	123	2
NC_072392.2	7771950	7772553	1	1	+	NC_072392.2	7772159	7772280	7772386	7772521	CHD3	XM_054455801.2	+	1	7772280	7772386	105	21
NC_072392.2	7775299	7776430	2	1	+	NC_072392.2	7775481	7775644	7775900	7776026	CHD3	XM_054455806.2	+	2	7775644	7775900	255	7
NC_072392.2	77863127	77863856	3	1	+	NC_072392.2	77863211	77863319	77863479	77863643	DBF4B	XM_063656762.1	+	3	77863319	77863479	159	1
NC_072392.2	78031192	78031870	-2	1	-	NC_072392.2	78031619	78031679	78031319	78031414	GFAP	XM_054456529.2	-	2	78031414	78031619	204	2
NC_072392.2	78229955	78230543	-1	1	-	NC_072392.2	78230322	78230488	78230003	78230138	PLCD3	XM_054459085.2	-	1	78230138	78230322	183	3
NC_072392.2	78384219	78385227	-3	1	-	NC_072392.2	78384603	78384956	78384289	78384395	MAP3K14	XM_054460216.2	-	3	78384395	78384603	207	1
NC_072392.2	78513849	78514329	-3	1	-	NC_072392.2	78514218	78514316	78513939	78514016	ARHGAP27	XM_054457986.2	-	3	78514016	78514218	201	10
NC_072392.2	7905782	7906289	3	1	+	NC_072392.2	7905792	7905938	7906023	7906242	ALOX15B	XM_054456733.2	+	3	7905938	7906023	84	1
NC_072392.2	7913406	7913904	1	1	+	NC_072392.2	7913494	7913580	7913734	7913903	ALOX15B	XM_054456733.2	+	1	7913580	7913734	153	1
NC_072392.2	8012924	8013452	-1	1	-	NC_072392.2	8013300	8013431	8012948	8013053	PER1	XM_054456740.2	-	1	8013053	8013300	246	5
NC_072392.2	80900201	80900990	3	1	+	NC_072392.2	80900284	80900457	80900650	80900814	MRC2	XM_063655880.1	+	3	80900457	80900650	192	1
NC_072392.2	8096899	8097682	-2	1	-	NC_072392.2	8097191	8097515	8097014	8097103	CTC1	XM_054456769.2	-	2	8097103	8097191	87	1
NC_072392.2	8129545	8130073	2	1	+	NC_072392.2	8129615	8129740	8129873	8130004	PFAS	XM_054456767.2	+	2	8129740	8129873	132	1
NC_072392.2	8130279	8131155	1	1	+	NC_072392.2	8130298	8130528	8130691	8130871	PFAS	XM_054456767.2	+	1	8130528	8130691	162	1
NC_072392.2	8130279	8131155	1	1	+	NC_072392.2	8130691	8130871	8130959	8131042	PFAS	XM_054456767.2	+	1	8130871	8130959	87	1
NC_072392.2	81793941	81795369	1	1	+	NC_072392.2	81794684	81794883	81795028	81795280	KCNH6	XM_054458947.2	+	1	81794883	81795028	144	4
NC_072392.2	8184011	8184353	3	1	+	NC_072392.2	8184012	8184104	8184192	8184352	ARHGEF15	XM_054456774.2	+	3	8184104	8184192	87	8
NC_072392.2	82085496	82085946	-3	1	-	NC_072392.2	82085847	82085946	82085553	82085747	FTSJ3	XM_054458978.2	-	3	82085747	82085847	99	4
NC_072392.2	82090433	82090961	3	1	+	NC_072392.2	82090434	82090490	82090572	82090802	PSMC5	XM_054458987.1	+	3	82090490	82090572	81	2
NC_072392.2	82091734	82092181	2	1	+	NC_072392.2	82091807	82091917	82092023	82092109	PSMC5	XM_054458987.1	+	2	82091917	82092023	105	2
NC_072392.2	82094712	82095159	-3	1	-	NC_072392.2	82095007	82095102	82094776	82094877	SMARCD2	XM_054458984.2	-	3	82094877	82095007	129	1
NC_072392.2	82265473	82266187	2	1	+	NC_072392.2	82265492	82265567	82265754	82265860	PRR29	XM_054459011.1	+	2	82265567	82265754	186	2
NC_072392.2	85548718	85549003	-2	1	-	NC_072392.2	85548944	85549003	85548728	85548856	PSMD12	XM_054459615.2	-	2	85548856	85548944	87	1
NC_072392.2	8790605	8791145	-1	1	-	NC_072392.2	8790851	8790983	8790607	8790676	PIK3R6	XM_054459145.2	-	1	8790676	8790851	174	3
NC_072392.2	92427747	92428047	1	1	+	NC_072392.2	92427808	92427810	92427982	92428042	RPL38	XM_054457381.2	+	1	92427810	92427982	171	6
NC_072392.2	92575054	92575819	2	1	+	NC_072392.2	92575181	92575451	92575533	92575654	KIF19	XM_054458338.2	+	2	92575451	92575533	81	1
NC_072392.2	92986504	92986720	2	1	+	NC_072392.2	92986508	92986564	92986643	92986719	RAB37	XM_054456286.2	+	2	92986564	92986643	78	3
NC_072392.2	93103802	93104408	-1	1	-	NC_072392.2	93104060	93104230	93103803	93103930	FDXR	XM_054456307.2	-	1	93103930	93104060	129	11
NC_072392.2	93104868	93105414	-3	1	-	NC_072392.2	93105133	93105332	93104880	93105051	FDXR	XM_054456307.2	-	3	93105051	93105133	81	11
NC_072392.2	93107037	93107799	-3	1	-	NC_072392.2	93107446	93107568	93107131	93107244	FDXR	XM_054456307.2	-	3	93107244	93107446	201	7
NC_072392.2	93112954	93113386	-2	1	-	NC_072392.2	93113192	93113310	93113030	93113101	FDXR	XM_054456311.2	-	2	93113101	93113192	90	1
NC_072392.2	93369931	93370372	-2	1	-	NC_072392.2	93370192	93370306	93369932	93370083	NT5C	XM_054456331.2	-	2	93370083	93370192	108	1
NC_072392.2	93507468	93508029	-3	1	-	NC_072392.2	93507895	93508004	93507562	93507717	MIF4GD	XM_054456361.2	-	3	93507717	93507895	177	4
NC_072392.2	93726916	93727669	2	1	+	NC_072392.2	93727012	93727114	93727322	93727408	TMEM94	XM_054457344.2	+	2	93727114	93727322	207	9
NC_072392.2	93731046	93731985	1	1	+	NC_072392.2	93731267	93731369	93731475	93731692	TMEM94	XM_054457344.2	+	1	93731369	93731475	105	12
NC_072392.2	93732466	93733225	2	1	+	NC_072392.2	93732689	93732827	93733077	93733192	TMEM94	XM_054457344.2	+	2	93732827	93733077	249	12
NC_072392.2	93735906	93736512	1	1	+	NC_072392.2	93735964	93736112	93736233	93736511	TMEM94	XM_054457344.2	+	1	93736112	93736233	120	7
NC_072392.2	93735906	93736512	1	1	+	NC_072392.2	93735964	93736112	93736233	93736327	TMEM94	XM_054457349.2	+	1	93736112	93736233	120	5
NC_072392.2	93735906	93736512	1	1	+	NC_072392.2	93736233	93736327	93736418	93736511	TMEM94	XM_054457349.2	+	1	93736327	93736418	90	5
NC_072392.2	93965804	93966374	3	1	+	NC_072392.2	93965908	93965990	93966117	93966218	ITGB4	XM_054458786.2	+	3	93965990	93966117	126	12
NC_072392.2	94076178	94076520	-3	1	-	NC_072392.2	94076368	94076424	94076180	94076277	UNC13D	XM_054456486.2	-	3	94076277	94076368	90	4
NC_072392.2	94076413	94077109	-2	1	-	NC_072392.2	94076972	94077089	94076742	94076866	UNC13D	XM_054456486.2	-	2	94076866	94076972	105	4
NC_072392.2	94076413	94077109	-2	1	-	NC_072392.2	94076742	94076866	94076507	94076597	UNC13D	XM_054456486.2	-	2	94076597	94076742	144	4
NC_072392.2	94080142	94080541	-2	1	-	NC_072392.2	94080398	94080502	94080191	94080283	UNC13D	XM_054456486.2	-	2	94080283	94080398	114	4
NC_072392.2	94082953	94083358	-2	1	-	NC_072392.2	94083218	94083277	94083061	94083127	UNC13D	XM_054456486.2	-	2	94083127	94083218	90	4
NC_072392.2	94114111	94115188	-2	1	-	NC_072392.2	94115038	94115112	94114112	94114749	TRIM47	XM_054459044.2	-	2	94114749	94115038	288	1
NC_072392.2	94115501	94116485	-1	1	-	NC_072392.2	94115889	94116119	94115528	94115726	TRIM47	XM_054459044.2	-	1	94115726	94115889	162	1
NC_072392.2	94131584	94132253	-1	1	-	NC_072392.2	94131930	94132163	94131674	94131848	TRIM65	XM_054456208.2	-	1	94131848	94131930	81	2
NC_072392.2	94139831	94140434	-1	1	-	NC_072392.2	94140236	94140370	94139934	94140142	MRPL38	XM_054456212.2	-	1	94140142	94140236	93	1
NC_072392.2	94151704	94152247	-2	1	-	NC_072392.2	94152074	94152211	94151863	94151980	FBF1	XM_054456193.2	-	2	94151980	94152074	93	32
NC_072392.2	94152783	94153521	-3	1	-	NC_072392.2	94153177	94153299	94152907	94153092	FBF1	XM_054456193.2	-	3	94153092	94153177	84	32
NC_072392.2	94152783	94153521	-3	1	-	NC_072392.2	94153177	94153299	94152990	94153092	FBF1	XM_063655831.1	-	3	94153092	94153177	84	1
NC_072392.2	94240339	94240768	2	1	+	NC_072392.2	94240366	94240486	94240592	94240762	CDK3	XM_054456849.2	+	2	94240486	94240592	105	2
NC_072392.2	94250077	94250482	-2	1	-	NC_072392.2	94250378	94250461	94250144	94250254	EVPL	XM_054458289.2	-	2	94250254	94250378	123	1
NC_072392.2	94253282	94253813	-1	1	-	NC_072392.2	94253595	94253733	94253284	94253477	EVPL	XM_054458289.2	-	1	94253477	94253595	117	1
NC_072392.2	94526324	94526876	-1	1	-	NC_072392.2	94526580	94526744	94526326	94526447	QRICH2	XM_054456121.2	-	1	94526447	94526580	132	6
NC_072392.2	94526879	94527368	-1	1	-	NC_072392.2	94527123	94527245	94526946	94527020	QRICH2	XM_054456121.2	-	1	94527020	94527123	102	6
NC_072392.2	94631258	94631828	3	1	+	NC_072392.2	94631446	94631598	94631680	94631774	SPHK1	XM_054456131.2	+	3	94631598	94631680	81	2
NC_072392.2	94723810	94724686	-2	1	-	NC_072392.2	94724294	94724489	94724018	94724221	RHBDF2	XM_054458002.2	-	2	94724221	94724294	72	6
NC_072392.2	96392933	96393605	3	1	+	NC_072392.2	96393026	96393149	96393507	96393604	TMC8	XM_054456668.2	+	3	96393149	96393507	357	1
NC_072392.2	96457903	96458455	2	1	+	NC_072392.2	96458072	96458137	96458237	96458285	AFMID	XM_063656437.1	+	2	96458137	96458237	99	1
NC_072392.2	96460251	96460815	1	1	+	NC_072392.2	96460331	96460403	96460596	96460693	AFMID	XM_054456675.2	+	1	96460403	96460596	192	12
NC_072392.2	96716890	96717583	-2	1	-	NC_072392.2	96717269	96717364	96716892	96717109	DNAH17	XM_063656557.1	-	2	96717109	96717269	159	1
NC_072392.2	96742116	96742896	-3	1	-	NC_072392.2	96742504	96742786	96742240	96742413	DNAH17	XM_063656557.1	-	3	96742413	96742504	90	1
NC_072392.2	96830285	96830840	-1	1	-	NC_072392.2	96830619	96830811	96830306	96830405	DNAH17	XM_063656557.1	-	1	96830405	96830619	213	1
NC_072392.2	98072475	98072886	-3	1	-	NC_072392.2	98072732	98072797	98072539	98072605	CBX8	XM_054458802.2	-	3	98072605	98072732	126	2
NC_072392.2	98396844	98397414	1	1	+	NC_072392.2	98396924	98397075	98397265	98397413	GAA	XM_054457824.2	+	1	98397075	98397265	189	4
NC_072392.2	98514247	98515231	-2	1	-	NC_072392.2	98514832	98514937	98514414	98514564	SGSH	XM_054457840.2	-	2	98514564	98514832	267	1
NC_072392.2	99181502	99182660	3	1	+	NC_072392.2	99181611	99181676	99181974	99182165	RPTOR	XM_054458563.2	+	3	99181676	99181974	297	3
NC_072392.2	99425080	99425545	-2	1	-	NC_072392.2	99425285	99425369	99425082	99425203	AATK	XM_054458574.2	-	2	99425203	99425285	81	6
NC_072392.2	99427917	99428499	-3	1	-	NC_072392.2	99428177	99428295	99427954	99428041	AATK	XM_054458574.2	-	3	99428041	99428177	135	6
NC_072392.2	99536038	99536860	-2	1	-	NC_072392.2	99536593	99536686	99536095	99536190	TEPSIN	XM_054456602.2	-	2	99536190	99536593	402	4
NC_072392.2	99539227	99539635	2	1	+	NC_072392.2	99539234	99539317	99539438	99539548	NDUFAF8	XM_054456611.2	+	2	99539317	99539438	120	1
NC_072392.2	99763926	99764388	1	1	+	NC_072392.2	99763975	99764079	99764167	99764323	BAHCC1	XM_054457507.2	+	1	99764079	99764167	87	6
NC_072392.2	99763926	99764388	1	1	+	NC_072392.2	99763975	99764055	99764167	99764323	BAHCC1	XM_063656623.1	+	1	99764055	99764167	111	2
NC_072392.2	99765856	99767488	2	1	+	NC_072392.2	99765882	99766058	99766209	99767386	BAHCC1	XM_054457507.2	+	2	99766058	99766209	150	6
NC_072392.2	99765856	99767488	2	1	+	NC_072392.2	99765882	99766058	99766233	99767386	BAHCC1	XM_054457509.2	+	2	99766058	99766233	174	2
NC_072392.2	99767860	99769114	2	1	+	NC_072392.2	99768080	99768316	99768911	99769114	BAHCC1	XM_054457507.2	+	2	99768316	99768911	594	8
NC_072392.2	99984444	99985032	1	1	+	NC_072392.2	99984489	99984571	99984821	99984900	CCDC137	XM_054458544.2	+	1	99984571	99984821	249	1
NC_072393.2	1009015	1009762	2	1	+	NC_072393.2	1009142	1009270	1009355	1009675	MIDN	XM_054465310.2	+	2	1009270	1009355	84	3
NC_072393.2	10195151	10195898	-3	1	-	NC_072393.2	10195389	10195628	10195152	10195295	COL5A3	XM_054461653.2	-	3	10195295	10195389	93	2
NC_072393.2	10229370	10229667	-2	1	-	NC_072393.2	10229599	10229643	10229401	10229454	COL5A3	XM_054461653.2	-	2	10229454	10229599	144	2
NC_072393.2	10331584	10332142	2	1	+	NC_072393.2	10331648	10331771	10331970	10332019	SHFL	XM_054461665.2	+	2	10331771	10331970	198	2
NC_072393.2	10355135	10355831	3	1	+	NC_072393.2	10355155	10355284	10355366	10355535	LOC129019333	XM_054461673.2	+	3	10355284	10355366	81	2
NC_072393.2	10355135	10355831	3	1	+	NC_072393.2	10355366	10355535	10355614	10355691	LOC129019333	XM_054461673.2	+	3	10355535	10355614	78	1
NC_072393.2	10355135	10355831	3	1	+	NC_072393.2	10355366	10355535	10355614	10355831	LOC129019333	XM_054461674.1	+	3	10355535	10355614	78	1
NC_072393.2	10496490	10496823	1	1	+	NC_072393.2	10496560	10496616	10496704	10496770	MRPL4	XM_054461681.2	+	1	10496616	10496704	87	3
NC_072393.2	10535481	10536351	1	1	+	NC_072393.2	10535531	10535800	10535948	10536268	ICAM5	XM_054464409.2	+	1	10535800	10535948	147	1
NC_072393.2	10565263	10565932	-1	1	-	NC_072393.2	10565687	10565898	10565294	10565590	RAVER1	XM_054463729.2	-	1	10565590	10565687	96	4
NC_072393.2	10565263	10565932	-1	1	-	NC_072393.2	10565687	10565898	10565497	10565590	RAVER1	XM_054463730.2	-	1	10565590	10565687	96	2
NC_072393.2	10565263	10565932	-1	1	-	NC_072393.2	10565497	10565590	10565294	10565421	RAVER1	XM_054463730.2	-	1	10565421	10565497	75	2
NC_072393.2	10567661	10568243	-3	1	-	NC_072393.2	10568031	10568222	10567802	10567931	RAVER1	XM_054463729.2	-	3	10567931	10568031	99	6
NC_072393.2	10604669	10605380	-3	1	-	NC_072393.2	10605059	10605194	10604820	10604974	TYK2	XM_054463872.2	-	3	10604974	10605059	84	5
NC_072393.2	10795125	10795635	1	1	+	NC_072393.2	10795226	10795309	10795400	10795573	ATG4D	XM_054463893.2	+	1	10795309	10795400	90	1
NC_072393.2	10795125	10795635	1	1	+	NC_072393.2	10795180	10795309	10795400	10795573	ATG4D	XM_063657980.1	+	1	10795309	10795400	90	1
NC_072393.2	10801818	10802394	1	1	+	NC_072393.2	10801996	10802074	10802144	10802220	ATG4D	XM_054463893.2	+	1	10802074	10802144	69	2
NC_072393.2	10809331	10809883	-1	1	-	NC_072393.2	10809788	10809883	10809488	10809658	KRI1	XM_054463891.2	-	1	10809658	10809788	129	2
NC_072393.2	10882953	10883433	1	1	+	NC_072393.2	10883088	10883172	10883305	10883415	SLC44A2	XM_054463900.2	+	1	10883172	10883305	132	4
NC_072393.2	10883468	10883780	3	1	+	NC_072393.2	10883505	10883565	10883656	10883779	SLC44A2	XM_054463900.2	+	3	10883565	10883656	90	4
NC_072393.2	10965575	10966154	3	1	+	NC_072393.2	10965839	10965914	10966044	10966153	QTRT1	XM_054463937.2	+	3	10965914	10966044	129	1
NC_072393.2	11173811	11174336	3	1	+	NC_072393.2	11174024	11174161	11174246	11174335	CARM1	XM_054463935.2	+	3	11174161	11174246	84	2
NC_072393.2	11177013	11177526	-2	1	-	NC_072393.2	11177341	11177507	11177083	11177265	YIPF2	XM_054463939.2	-	2	11177265	11177341	75	4
NC_072393.2	1128042	1128465	1	1	+	NC_072393.2	1128043	1128118	1128374	1128424	PWWP3A	XM_054465333.2	+	1	1128118	1128374	255	7
NC_072393.2	11313452	11314121	3	1	+	NC_072393.2	11313570	11313702	11313862	11314004	SMARCA4	XM_054463904.2	+	3	11313702	11313862	159	14
NC_072393.2	11422356	11422884	-2	1	-	NC_072393.2	11422549	11422749	11422378	11422467	KANK2	XM_054463961.2	-	2	11422467	11422549	81	11
NC_072393.2	11461190	11461844	-3	1	-	NC_072393.2	11461506	11461698	11461281	11461424	DOCK6	XM_054463954.2	-	3	11461424	11461506	81	5
NC_072393.2	11474830	11475592	-1	1	-	NC_072393.2	11475200	11475313	11474942	11475112	DOCK6	XM_054463954.2	-	1	11475112	11475200	87	5
NC_072393.2	11497397	11497880	-3	1	-	NC_072393.2	11497692	11497758	11497443	11497592	DOCK6	XM_054463954.2	-	3	11497592	11497692	99	4
NC_072393.2	11652782	11653073	-3	1	-	NC_072393.2	11652990	11653022	11652784	11652905	RGL3	XM_054463996.2	-	3	11652905	11652990	84	9
NC_072393.2	11671961	11673128	-3	1	-	NC_072393.2	11672898	11673054	11672103	11672258	ODAD3	XM_054464004.2	-	3	11672258	11672898	639	2
NC_072393.2	11684982	11685510	1	1	+	NC_072393.2	11685055	11685133	11685326	11685442	PRKCSH	XM_054464006.2	+	1	11685133	11685326	192	10
NC_072393.2	11697936	11698356	1	1	+	NC_072393.2	11698020	11698119	11698210	11698356	PRKCSH	XM_054464006.2	+	1	11698119	11698210	90	10
NC_072393.2	1211376	1211847	1	1	+	NC_072393.2	1211482	1211572	1211666	1211846	APC2	XM_054465368.2	+	1	1211572	1211666	93	6
NC_072393.2	1247050	1247848	-1	1	-	NC_072393.2	1247426	1247598	1247138	1247350	PCSK4	XM_054465378.2	-	1	1247350	1247426	75	15
NC_072393.2	1269751	1270435	-1	1	-	NC_072393.2	1269970	1270030	1269753	1269861	ADAMTSL5	XM_063658291.1	-	1	1269861	1269970	108	3
NC_072393.2	1269864	1270755	-2	1	-	NC_072393.2	1270452	1270524	1270246	1270340	ADAMTSL5	XM_063658291.1	-	2	1270340	1270452	111	2
NC_072393.2	1269864	1270755	-2	1	-	NC_072393.2	1270452	1270524	1270246	1270337	ADAMTSL5	XM_063658292.1	-	2	1270337	1270452	114	1
NC_072393.2	12912317	12912716	3	1	+	NC_072393.2	12912446	12912513	12912607	12912715	WDR83	XM_054464120.2	+	3	12912513	12912607	93	2
NC_072393.2	12930069	12930288	-2	1	-	NC_072393.2	12930223	12930288	12930070	12930141	FBXW9	XM_054464125.2	-	2	12930141	12930223	81	2
NC_072393.2	13006336	13006765	-1	1	-	NC_072393.2	13006585	13006667	13006400	13006503	HOOK2	XM_054464143.2	-	1	13006503	13006585	81	7
NC_072393.2	13006336	13006765	-1	1	-	NC_072393.2	13006585	13006667	13006400	13006500	HOOK2	XM_054464144.2	-	1	13006500	13006585	84	3
NC_072393.2	13116268	13116838	-1	1	-	NC_072393.2	13116571	13116735	13116283	13116480	DNASE2	XM_054464183.2	-	1	13116480	13116571	90	1
NC_072393.2	13129992	13130646	1	1	+	NC_072393.2	13130048	13130191	13130333	13130395	GCDH	XM_054464176.2	+	1	13130191	13130333	141	2
NC_072393.2	13168766	13169123	-3	1	-	NC_072393.2	13168974	13169072	13168768	13168886	FARSA	XM_054464175.2	-	3	13168886	13168974	87	1
NC_072393.2	13351474	13352239	-1	1	-	NC_072393.2	13351709	13351778	13351490	13351624	TRMT1	XM_054464154.2	-	1	13351624	13351709	84	5
NC_072393.2	1381543	1382437	-1	1	-	NC_072393.2	1382063	1382221	1381858	1381981	TCF3	XM_054465405.2	-	1	1381981	1382063	81	21
NC_072393.2	1381543	1382437	-1	1	-	NC_072393.2	1382063	1382218	1381858	1381981	TCF3	XM_054465412.2	-	1	1381981	1382063	81	8
NC_072393.2	1383986	1384967	-3	1	-	NC_072393.2	1384629	1384798	1384412	1384544	TCF3	XM_054465405.2	-	3	1384544	1384629	84	29
NC_072393.2	14156425	14156815	2	1	+	NC_072393.2	14156532	14156647	14156738	14156803	CC2D1A	XM_054461687.2	+	2	14156647	14156738	90	13
NC_072393.2	14172919	14174071	2	1	+	NC_072393.2	14172920	14173046	14173974	14174050	CC2D1A	XM_054461687.2	+	2	14173046	14173974	927	13
NC_072393.2	14203705	14204500	2	1	+	NC_072393.2	14203941	14204032	14204126	14204254	DCAF15	XM_054461722.1	+	2	14204032	14204126	93	3
NC_072393.2	14210813	14211227	-3	1	-	NC_072393.2	14211027	14211145	14210815	14210924	RFX1	XM_054461682.2	-	3	14210924	14211027	102	6
NC_072393.2	14283804	14284377	1	1	+	NC_072393.2	14283909	14284066	14284139	14284311	IL27RA	XM_054461727.2	+	1	14284066	14284139	72	1
NC_072393.2	14283804	14284377	1	1	+	NC_072393.2	14283909	14284066	14284154	14284311	IL27RA	XM_054461728.2	+	1	14284066	14284154	87	1
NC_072393.2	14283804	14284377	1	1	+	NC_072393.2	14283985	14284066	14284139	14284311	IL27RA	XM_054461729.2	+	1	14284066	14284139	72	1
NC_072393.2	14293468	14294104	2	1	+	NC_072393.2	14293527	14293628	14293701	14293859	IL27RA	XM_054461727.2	+	2	14293628	14293701	72	3
NC_072393.2	14405110	14405608	-1	1	-	NC_072393.2	14405570	14405608	14405236	14405419	ADGRL1	XM_054461734.2	-	1	14405419	14405570	150	8
NC_072393.2	14647125	14647743	1	1	+	NC_072393.2	14647126	14647303	14647388	14647495	ADGRE5	XM_054461747.2	+	1	14647303	14647388	84	10
NC_072393.2	14655249	14655624	-2	1	-	NC_072393.2	14655457	14655588	14655251	14655360	DDX39A	XM_054461750.2	-	2	14655360	14655457	96	2
NC_072393.2	14811330	14811651	1	1	+	NC_072393.2	14811353	14811456	14811535	14811650	TECR	XM_054461759.1	+	1	14811456	14811535	78	3
NC_072393.2	14812832	14813309	3	1	+	NC_072393.2	14812836	14812893	14812972	14813060	TECR	XM_054461759.1	+	3	14812893	14812972	78	3
NC_072393.2	15314043	15315039	1	1	+	NC_072393.2	15314215	15314569	15314855	15315039	LOC129020224	XM_054464278.2	+	1	15314569	15314855	285	1
NC_072393.2	15516425	15516977	3	1	+	NC_072393.2	15516477	15516603	15516733	15516956	SYDE1	XM_054463046.2	+	3	15516603	15516733	129	1
NC_072393.2	15516425	15516977	3	1	+	NC_072393.2	15516477	15516603	15516796	15516956	SYDE1	XM_054463047.2	+	3	15516603	15516796	192	1
NC_072393.2	15586987	15587662	-1	1	-	NC_072393.2	15587503	15587635	15587164	15587421	NOTCH3	XM_054465278.2	-	1	15587421	15587503	81	1
NC_072393.2	15592954	15593581	-1	1	-	NC_072393.2	15593413	15593564	15593062	15593175	NOTCH3	XM_054465278.2	-	1	15593175	15593413	237	1
NC_072393.2	15599546	15600056	-3	1	-	NC_072393.2	15599909	15600031	15599588	15599821	NOTCH3	XM_054465278.2	-	3	15599821	15599909	87	1
NC_072393.2	1560223	1560787	-1	1	-	NC_072393.2	1560710	1560741	1560448	1560616	ATP8B3	XM_054465424.2	-	1	1560616	1560710	93	3
NC_072393.2	1560223	1560787	-1	1	-	NC_072393.2	1560710	1560741	1560460	1560616	ATP8B3	XM_054465426.2	-	1	1560616	1560710	93	1
NC_072393.2	15865261	15866098	-1	1	-	NC_072393.2	15865769	15865895	15865568	15865666	RASAL3	XM_054465820.2	-	1	15865666	15865769	102	4
NC_072393.2	15993084	15993672	1	1	+	NC_072393.2	15993258	15993391	15993488	15993552	LOC129020909	XM_054465835.2	+	1	15993391	15993488	96	1
NC_072393.2	16035353	16035896	3	1	+	NC_072393.2	16035583	16035647	16035813	16035895	LOC129020907	XM_054465833.2	+	3	16035647	16035813	165	1
NC_072393.2	16428962	16429547	3	1	+	NC_072393.2	16429047	16429107	16429288	16429440	LOC129020919	XM_054465845.2	+	3	16429107	16429288	180	1
NC_072393.2	1681118	1681802	3	1	+	NC_072393.2	1681210	1681338	1681645	1681801	SCAMP4	XM_054465435.2	+	3	1681338	1681645	306	1
NC_072393.2	17245933	17246698	2	1	+	NC_072393.2	17246162	17246272	17246537	17246643	SIN3B	XM_054465905.2	+	2	17246272	17246537	264	4
NC_072393.2	17313580	17314342	-1	1	-	NC_072393.2	17314096	17314201	17313898	17314008	CPAMD8	XM_054465910.2	-	1	17314008	17314096	87	4
NC_072393.2	17319586	17320315	-1	1	-	NC_072393.2	17319941	17320096	17319800	17319862	CPAMD8	XM_054465910.2	-	1	17319862	17319941	78	5
NC_072393.2	17431993	17432494	-1	1	-	NC_072393.2	17432251	17432416	17432123	17432175	CPAMD8	XM_054465910.2	-	1	17432175	17432251	75	7
NC_072393.2	17758395	17758992	1	1	+	NC_072393.2	17758505	17758591	17758679	17758881	GTPBP3	XM_054465949.2	+	1	17758591	17758679	87	4
NC_072393.2	17917034	17917493	3	1	+	NC_072393.2	17917138	17917299	17917423	17917492	SLC27A1	XM_054465962.2	+	3	17917299	17917423	123	10
NC_072393.2	17972552	17973032	3	1	+	NC_072393.2	17972712	17972828	17972919	17973026	NIBAN3	XM_054465970.2	+	3	17972828	17972919	90	3
NC_072393.2	1806378	1807047	-2	1	-	NC_072393.2	1806796	1806851	1806616	1806711	MKNK2	XM_054465446.2	-	2	1806711	1806796	84	9
NC_072393.2	1810370	1810874	-3	1	-	NC_072393.2	1810760	1810847	1810523	1810624	MKNK2	XM_054465446.2	-	3	1810624	1810760	135	8
NC_072393.2	18265870	18266476	-1	1	-	NC_072393.2	18266333	18266457	18265887	18266059	JAK3	XM_054465991.2	-	1	18266059	18266333	273	1
NC_072393.2	18276332	18276839	-3	1	-	NC_072393.2	18276585	18276707	18276334	18276491	JAK3	XM_054465991.2	-	3	18276491	18276585	93	1
NC_072393.2	18320360	18320837	3	1	+	NC_072393.2	18320445	18320531	18320640	18320836	SLC5A5	XM_054465277.2	+	3	18320531	18320640	108	1
NC_072393.2	18568308	18568749	1	1	+	NC_072393.2	18568320	18568452	18568558	18568723	MAST3	XM_054463177.2	+	1	18568452	18568558	105	25
NC_072393.2	18611326	18611587	2	1	+	NC_072393.2	18611390	18611443	18611528	18611587	IFI30	XM_054464405.2	+	2	18611443	18611528	84	2
NC_072393.2	18870639	18871407	-2	1	-	NC_072393.2	18871063	18871278	18870787	18870951	ISYNA1	XM_054464753.2	-	2	18870951	18871063	111	1
NC_072393.2	19015642	19015972	2	1	+	NC_072393.2	19015695	19015797	19015882	19015972	UBA52	XM_054466341.2	+	2	19015797	19015882	84	4
NC_072393.2	19034978	19035569	-3	1	-	NC_072393.2	19035261	19035448	19035080	19035122	CRLF1	XM_054466347.2	-	3	19035122	19035261	138	4
NC_072393.2	19054580	19055102	3	1	+	NC_072393.2	19054605	19054749	19054837	19054928	TMEM59L	XM_054465735.2	+	3	19054749	19054837	87	3
NC_072393.2	19319998	19320505	-1	1	-	NC_072393.2	19320311	19320458	19320000	19320109	CERS1	XM_054465005.2	-	1	19320109	19320311	201	3
NC_072393.2	19340989	19341364	-1	1	-	NC_072393.2	19341179	19341253	19340990	19341034	COPE	XM_054465030.2	-	1	19341034	19341179	144	2
NC_072393.2	1976917	1977520	2	1	+	NC_072393.2	1976942	1977043	1977245	1977382	DOT1L	XM_054465451.2	+	2	1977043	1977245	201	2
NC_072393.2	19939508	19940135	3	1	+	NC_072393.2	19939563	19939694	19939860	19940027	GATAD2A	XM_054465066.2	+	3	19939694	19939860	165	14
NC_072393.2	19978951	19979554	2	1	+	NC_072393.2	19979084	19979197	19979276	19979426	YJEFN3	XM_054465080.2	+	2	19979197	19979276	78	9
NC_072393.2	20082624	20083155	-2	1	-	NC_072393.2	20082855	20082967	20082645	20082734	GMIP	XM_054465098.2	-	2	20082734	20082855	120	2
NC_072393.2	20082624	20083155	-2	1	-	NC_072393.2	20082855	20082967	20082645	20082725	GMIP	XM_054465099.2	-	2	20082725	20082855	129	2
NC_072393.2	20085669	20086596	-2	1	-	NC_072393.2	20086222	20086286	20086012	20086119	GMIP	XM_054465098.2	-	2	20086119	20086222	102	4
NC_072393.2	20091339	20091864	-2	1	-	NC_072393.2	20091562	20091705	20091340	20091447	ATP13A1	XM_054465104.2	-	2	20091447	20091562	114	1
NC_072393.2	20092978	20093503	-1	1	-	NC_072393.2	20093323	20093437	20093039	20093235	ATP13A1	XM_054465104.2	-	1	20093235	20093323	87	2
NC_072393.2	20099656	20100685	-1	1	-	NC_072393.2	20100505	20100662	20099930	20100105	ATP13A1	XM_054465104.2	-	1	20100105	20100505	399	2
NC_072393.2	2014977	2016192	1	1	+	NC_072393.2	2015087	2015246	2015337	2016192	AMH	XM_054465457.2	+	1	2015246	2015337	90	1
NC_072393.2	2108728	2109652	2	1	+	NC_072393.2	2108933	2109007	2109530	2109592	SPPL2B	XM_054465472.2	+	2	2109007	2109530	522	7
NC_072393.2	2198611	2199373	-1	1	-	NC_072393.2	2199188	2199358	2198981	2199106	LMNB2	XM_054465482.2	-	1	2199106	2199188	81	3
NC_072393.2	2656752	2657187	1	1	+	NC_072393.2	2656753	2656836	2657011	2657187	LOC129021015	XM_054466092.2	+	1	2656836	2657011	174	2
NC_072393.2	3150890	3151466	3	1	+	NC_072393.2	3151068	3151209	3151294	3151440	CELF5	XM_054461779.2	+	3	3151209	3151294	84	15
NC_072393.2	3409046	3409709	3	1	+	NC_072393.2	3409296	3409397	3409671	3409709	FZR1	XM_054462047.2	+	3	3409397	3409671	273	1
NC_072393.2	3409046	3409709	3	1	+	NC_072393.2	3409296	3409388	3409671	3409709	FZR1	XM_054462048.2	+	3	3409388	3409671	282	1
NC_072393.2	3422146	3422572	-1	1	-	NC_072393.2	3422447	3422539	3422264	3422356	MFSD12	XM_054462049.2	-	1	3422356	3422447	90	2
NC_072393.2	3460583	3461528	3	1	+	NC_072393.2	3460932	3461117	3461253	3461433	GIPC3	XM_054465777.2	+	3	3461117	3461253	135	2
NC_072393.2	34992006	34992528	1	1	+	NC_072393.2	34992061	34992206	34992330	34992465	CCNE1	XM_054466040.2	+	1	34992206	34992330	123	4
NC_072393.2	3518777	3519434	-3	1	-	NC_072393.2	3519133	3519271	3518779	3518811	PIP5K1C	XM_054463724.2	-	3	3518811	3519133	321	4
NC_072393.2	3637185	3637770	-2	1	-	NC_072393.2	3637471	3637557	3637216	3637377	APBA3	XM_054464642.2	-	2	3637377	3637471	93	3
NC_072393.2	37818301	37818550	-1	1	-	NC_072393.2	37818497	37818550	37818353	37818418	ANKRD27	XM_054464668.2	-	1	37818418	37818497	78	1
NC_072393.2	37818301	37818550	-1	1	-	NC_072393.2	37818497	37818547	37818353	37818418	ANKRD27	XM_054464670.2	-	1	37818418	37818497	78	1
NC_072393.2	37998575	37998953	3	1	+	NC_072393.2	37998608	37998761	37998846	37998912	TDRD12	XM_063657493.1	+	3	37998761	37998846	84	1
NC_072393.2	38024900	38025449	-3	1	-	NC_072393.2	38025245	38025370	38024902	38025001	SLC7A9	XM_054464677.2	-	3	38025001	38025245	243	1
NC_072393.2	3922106	3922682	3	1	+	NC_072393.2	3922157	3922247	3922365	3922493	PIAS4	XM_054463156.2	+	3	3922247	3922365	117	1
NC_072393.2	3934360	3935038	2	1	+	NC_072393.2	3934540	3934670	3934782	3935038	PIAS4	XM_054463156.2	+	2	3934670	3934782	111	1
NC_072393.2	40304366	40304855	3	1	+	NC_072393.2	40304512	40304630	40304712	40304854	GRAMD1A	XM_054463253.2	+	3	40304630	40304712	81	2
NC_072393.2	40406221	40406482	2	1	+	NC_072393.2	40406290	40406327	40406469	40406482	FXYD3	XM_054464730.1	+	2	40406327	40406469	141	1
NC_072393.2	40434031	40434442	2	1	+	NC_072393.2	40434165	40434239	40434351	40434393	FXYD7	XM_054464737.2	+	2	40434239	40434351	111	1
NC_072393.2	40434031	40434442	2	1	+	NC_072393.2	40434165	40434239	40434351	40434384	FXYD7	XM_063657544.1	+	2	40434239	40434351	111	1
NC_072393.2	40553960	40554950	3	1	+	NC_072393.2	40554298	40554416	40554516	40554716	USF2	XM_054462142.2	+	3	40554416	40554516	99	2
NC_072393.2	40563237	40563885	1	1	+	NC_072393.2	40563407	40563501	40563655	40563885	USF2	XM_054462142.2	+	1	40563501	40563655	153	1
NC_072393.2	40563237	40563885	1	1	+	NC_072393.2	40563407	40563501	40563655	40563783	USF2	XM_054462143.2	+	1	40563501	40563655	153	2
NC_072393.2	40849520	40850525	-3	1	-	NC_072393.2	40850409	40850420	40850175	40850318	ATP4A	XM_054465524.2	-	3	40850318	40850409	90	1
NC_072393.2	40931101	40931524	2	1	+	NC_072393.2	40931130	40931195	40931271	40931446	RBM42	XM_054462087.2	+	2	40931195	40931271	75	1
NC_072393.2	40931101	40931524	2	1	+	NC_072393.2	40931130	40931195	40931292	40931446	RBM42	XM_063657547.1	+	2	40931195	40931292	96	1
NC_072393.2	41028406	41028820	2	1	+	NC_072393.2	41028441	41028625	41028701	41028790	KMT2B	XM_054462185.2	+	2	41028625	41028701	75	3
NC_072393.2	41044654	41045083	-1	1	-	NC_072393.2	41044997	41045071	41044735	41044831	U2AF1L4	XM_054462214.1	-	1	41044831	41044997	165	1
NC_072393.2	41080576	41081050	2	1	+	NC_072393.2	41080622	41080744	41080832	41080909	ARHGAP33	XM_054462220.2	+	2	41080744	41080832	87	29
NC_072393.2	41080743	41081433	1	1	+	NC_072393.2	41080993	41081059	41081141	41081203	ARHGAP33	XM_054462220.2	+	1	41081059	41081141	81	14
NC_072393.2	41080743	41081433	1	1	+	NC_072393.2	41080993	41081059	41081144	41081203	ARHGAP33	XM_054462221.2	+	1	41081059	41081144	84	15
NC_072393.2	41084470	41085319	2	1	+	NC_072393.2	41084569	41084714	41084892	41085246	ARHGAP33	XM_054462248.2	+	2	41084714	41084892	177	5
NC_072393.2	41085215	41085731	3	1	+	NC_072393.2	41085350	41085503	41085555	41085730	ARHGAP33	XM_054462248.2	+	3	41085503	41085555	51	3
NC_072393.2	41085215	41085731	3	1	+	NC_072393.2	41085350	41085503	41085585	41085730	ARHGAP33	XM_054462250.2	+	3	41085503	41085585	81	2
NC_072393.2	41136642	41137095	-2	1	-	NC_072393.2	41136952	41137027	41136708	41136801	NPHS1	XM_054462264.2	-	2	41136801	41136952	150	1
NC_072393.2	41150123	41150582	-3	1	-	NC_072393.2	41150357	41150497	41150141	41150281	NPHS1	XM_054462264.2	-	3	41150281	41150357	75	1
NC_072393.2	41180526	41181288	1	1	+	NC_072393.2	41180581	41180739	41180818	41180946	APLP1	XM_054462265.2	+	1	41180739	41180818	78	1
NC_072393.2	41209116	41209764	1	1	+	NC_072393.2	41209175	41209240	41209598	41209729	HCST	XM_054462277.2	+	1	41209240	41209598	357	6
NC_072393.2	41310913	41311753	-1	1	-	NC_072393.2	41311538	41311732	41311121	41311459	SYNE4	XM_054462287.2	-	1	41311459	41311538	78	3
NC_072393.2	41310913	41311753	-1	1	-	NC_072393.2	41311538	41311732	41311211	41311459	SYNE4	XM_054462288.2	-	1	41311459	41311538	78	1
NC_072393.2	41330257	41331061	-1	1	-	NC_072393.2	41330818	41330979	41330396	41330514	CLIP3	XM_054462309.2	-	1	41330514	41330818	303	1
NC_072393.2	41394206	41394791	3	1	+	NC_072393.2	41394459	41394570	41394661	41394724	WDR62	XM_054462297.2	+	3	41394570	41394661	90	12
NC_072393.2	41406144	41407302	1	1	+	NC_072393.2	41406237	41406363	41406445	41406496	WDR62	XM_054462297.2	+	1	41406363	41406445	81	12
NC_072393.2	41406144	41407302	1	1	+	NC_072393.2	41406445	41406496	41406632	41407270	WDR62	XM_054462297.2	+	1	41406496	41406632	135	12
NC_072393.2	41428777	41429167	2	1	+	NC_072393.2	41428839	41428911	41429056	41429167	TBCB	XM_054462312.2	+	2	41428911	41429056	144	1
NC_072393.2	4225732	4226584	-1	1	-	NC_072393.2	4226209	4226379	4226029	4226121	STAP2	XM_054462948.2	-	1	4226121	4226209	87	3
NC_072393.2	4255543	4256014	2	1	+	NC_072393.2	4255682	4255754	4255830	4255906	MPND	XM_054462945.2	+	2	4255754	4255830	75	2
NC_072393.2	4388257	4388563	2	1	+	NC_072393.2	4388282	4388398	4388480	4388551	HDGFL2	XM_054466112.2	+	2	4388398	4388480	81	4
NC_072393.2	4393130	4393829	3	1	+	NC_072393.2	4393276	4393351	4393460	4393769	HDGFL2	XM_054466112.2	+	3	4393351	4393460	108	4
NC_072393.2	44025534	44026134	1	1	+	NC_072393.2	44025669	44025783	44025871	44026003	RYR1	XM_054462589.2	+	1	44025783	44025871	87	2
NC_072393.2	44032248	44032692	1	1	+	NC_072393.2	44032249	44032469	44032584	44032674	RYR1	XM_054462589.2	+	1	44032469	44032584	114	2
NC_072393.2	44052147	44053092	1	1	+	NC_072393.2	44052343	44052435	44053039	44053053	RYR1	XM_054462589.2	+	1	44052435	44053039	603	1
NC_072393.2	44137837	44138206	-1	1	-	NC_072393.2	44138087	44138145	44137965	44138008	MAP4K1	XM_054462591.2	-	1	44138008	44138087	78	3
NC_072393.2	44137837	44138206	-1	1	-	NC_072393.2	44137965	44138008	44137839	44137886	MAP4K1	XM_054462591.2	-	1	44137886	44137965	78	3
NC_072393.2	44260345	44260873	-1	1	-	NC_072393.2	44260570	44260686	44260427	44260485	CAPN12	XM_054462603.2	-	1	44260485	44260570	84	1
NC_072393.2	44263516	44263933	-1	1	-	NC_072393.2	44263805	44263881	44263628	44263690	CAPN12	XM_054462603.2	-	1	44263690	44263805	114	1
NC_072393.2	44324343	44324808	-2	1	-	NC_072393.2	44324569	44324734	44324344	44324487	LGALS4	XM_054462606.2	-	2	44324487	44324569	81	3
NC_072393.2	44338760	44339300	-3	1	-	NC_072393.2	44339123	44339171	44338872	44338936	LOC134738847	XM_063658279.1	-	3	44338936	44339123	186	1
NC_072393.2	44352350	44352890	-3	1	-	NC_072393.2	44352713	44352761	44352462	44352526	LOC129019632	XM_054462607.2	-	3	44352526	44352713	186	1
NC_072393.2	44410818	44411427	-2	1	-	NC_072393.2	44411101	44411156	44410820	44410896	SIRT2	XM_054462622.2	-	2	44410896	44411101	204	4
NC_072393.2	44640723	44641038	1	1	+	NC_072393.2	44640724	44640831	44640925	44640982	ACP7	XM_054462637.2	+	1	44640831	44640925	93	2
NC_072393.2	44781356	44781881	-3	1	-	NC_072393.2	44781804	44781881	44781396	44781545	LOC129019656	XM_054462689.2	-	3	44781545	44781804	258	2
NC_072393.2	44784960	44785410	-2	1	-	NC_072393.2	44785321	44785392	44785105	44785248	LOC129019658	XM_054462691.2	-	2	44785248	44785321	72	1
NC_072393.2	44924395	44925043	-1	1	-	NC_072393.2	44924890	44924980	44924396	44924811	PAF1	XM_054462677.2	-	1	44924811	44924890	78	4
NC_072393.2	44997013	44997388	2	1	+	NC_072393.2	44997132	44997201	44997319	44997387	SUPT5H	XM_054462698.2	+	2	44997201	44997319	117	3
NC_072393.2	45024312	45024810	1	1	+	NC_072393.2	45024358	45024462	45024568	45024666	TIMM50	XM_054462704.2	+	1	45024462	45024568	105	1
NC_072393.2	45522327	45522897	-2	1	-	NC_072393.2	45522733	45522879	45522508	45522648	DYRK1B	XM_054462719.2	-	2	45522648	45522733	84	4
NC_072393.2	45588799	45590461	-1	1	-	NC_072393.2	45589861	45590434	45588851	45589467	FCGBP	XM_063657391.1	-	1	45589467	45589861	393	1
NC_072393.2	45606199	45607861	-1	1	-	NC_072393.2	45607261	45607834	45606251	45606867	FCGBP	XM_063657391.1	-	1	45606867	45607261	393	1
NC_072393.2	46095814	46096240	2	1	+	NC_072393.2	46095821	46095847	46095947	46096021	PLD3	XM_054462760.2	+	2	46095847	46095947	99	31
NC_072393.2	46297468	46297960	2	1	+	NC_072393.2	46297513	46297651	46297751	46297835	SPTBN4	XM_054462869.2	+	2	46297651	46297751	99	4
NC_072393.2	46309311	46309698	1	1	+	NC_072393.2	46309419	46309464	46309579	46309652	SHKBP1	XM_054462874.2	+	1	46309464	46309579	114	3
NC_072393.2	46338548	46338947	3	1	+	NC_072393.2	46338634	46338708	46338805	46338927	LTBP4	XM_054464499.2	+	3	46338708	46338805	96	30
NC_072393.2	46340568	46341108	1	1	+	NC_072393.2	46340651	46340800	46340915	46341034	LTBP4	XM_054464499.2	+	1	46340800	46340915	114	30
NC_072393.2	46341927	46342644	1	1	+	NC_072393.2	46341941	46342072	46342157	46342282	LTBP4	XM_054464499.2	+	1	46342072	46342157	84	21
NC_072393.2	46695528	46696182	1	1	+	NC_072393.2	46695593	46695780	46695970	46696111	LOC129020761	XM_054465542.2	+	1	46695780	46695970	189	2
NC_072393.2	46903613	46904234	3	1	+	NC_072393.2	46903707	46903848	46904029	46904234	LOC129021007	XM_054466068.2	+	3	46903848	46904029	180	1
NC_072393.2	46928677	46929142	2	1	+	NC_072393.2	46928709	46928789	46928925	46929040	AXL	XM_054466069.2	+	2	46928789	46928925	135	2
NC_072393.2	46935572	46936451	3	1	+	NC_072393.2	46935627	46935837	46936153	46936292	AXL	XM_054466069.2	+	3	46935837	46936153	315	2
NC_072393.2	47730563	47730965	3	1	+	NC_072393.2	47730645	47730741	47730826	47730855	ARHGEF1	XM_054463314.2	+	3	47730741	47730826	84	6
NC_072393.2	47738261	47738867	3	1	+	NC_072393.2	47738332	47738478	47738719	47738801	ARHGEF1	XM_054463314.2	+	3	47738478	47738719	240	9
NC_072393.2	47740315	47740987	2	1	+	NC_072393.2	47740472	47740547	47740653	47740820	ARHGEF1	XM_054463314.2	+	2	47740547	47740653	105	9
NC_072393.2	47813525	47813978	-3	1	-	NC_072393.2	47813742	47813917	47813527	47813663	ATP1A3	XM_054463321.2	-	3	47813663	47813742	78	2
NC_072393.2	47960486	47961044	-3	1	-	NC_072393.2	47960873	47960938	47960706	47960740	POU2F2	XM_054463338.2	-	3	47960740	47960873	132	7
NC_072393.2	48075527	48076076	-3	1	-	NC_072393.2	48075972	48076055	48075720	48075830	GSK3A	XM_054463357.2	-	3	48075830	48075972	141	1
NC_072393.2	48131513	48132317	3	1	+	NC_072393.2	48131548	48131841	48131938	48132263	CIC	XM_054463291.2	+	3	48131841	48131938	96	9
NC_072393.2	48131513	48132317	3	1	+	NC_072393.2	48131548	48131841	48131941	48132263	CIC	XM_054463296.2	+	3	48131841	48131941	99	4
NC_072393.2	48131513	48132317	3	1	+	NC_072393.2	48131551	48131841	48131938	48132263	CIC	XM_063658418.1	+	3	48131841	48131938	96	4
NC_072393.2	48131513	48132317	3	1	+	NC_072393.2	48131551	48131841	48131941	48132263	CIC	XM_063658419.1	+	3	48131841	48131941	99	3
NC_072393.2	48153420	48154092	1	1	+	NC_072393.2	48153727	48153828	48153928	48154012	TMEM145	XM_054463344.2	+	1	48153828	48153928	99	3
NC_072393.2	48153420	48154092	1	1	+	NC_072393.2	48153727	48153786	48153928	48154012	TMEM145	XM_054463346.2	+	1	48153786	48153928	141	2
NC_072393.2	48173958	48174579	1	1	+	NC_072393.2	48174166	48174346	48174428	48174516	MEGF8	XM_054463289.2	+	1	48174346	48174428	81	7
NC_072393.2	48183525	48184317	1	1	+	NC_072393.2	48183568	48183712	48183797	48183960	MEGF8	XM_054463289.2	+	1	48183712	48183797	84	8
NC_072393.2	48246135	48247200	-2	1	-	NC_072393.2	48246880	48247065	48246447	48246741	LIPE	XM_054463310.2	-	2	48246741	48246880	138	4
NC_072393.2	4857758	4858439	3	1	+	NC_072393.2	4857776	4857899	4857987	4858094	UHRF1	XM_054465539.2	+	3	4857899	4857987	87	3
NC_072393.2	49448831	49449650	-3	1	-	NC_072393.2	49449534	49449621	49449081	49449137	PHLDB3	XM_054463442.2	-	3	49449137	49449534	396	3
NC_072393.2	49449703	49450135	-1	1	-	NC_072393.2	49449949	49450048	49449705	49449795	PHLDB3	XM_054463442.2	-	1	49449795	49449949	153	3
NC_072393.2	49718378	49719050	-3	1	-	NC_072393.2	49718711	49718975	49718520	49718617	SMG9	XM_054463481.2	-	3	49718617	49718711	93	4
NC_072393.2	5049041	5049956	3	1	+	NC_072393.2	5049114	5049336	5049784	5049956	KDM4B	XM_054462797.2	+	3	5049336	5049784	447	1
NC_072393.2	50729561	50730179	3	1	+	NC_072393.2	50729769	50729973	50730079	50730167	BCL3	XM_054463621.1	+	3	50729973	50730079	105	1
NC_072393.2	50793886	50794519	2	1	+	NC_072393.2	50794306	50794423	50794517	50794519	BCAM	XM_054463626.2	+	2	50794423	50794517	93	1
NC_072393.2	50859641	50860181	3	1	+	NC_072393.2	50859815	50859878	50860011	50860097	NECTIN2	XM_054463627.2	+	3	50859878	50860011	132	1
NC_072393.2	51116480	51117053	3	1	+	NC_072393.2	51116565	51116715	51116806	51116961	PPP1R37	XM_054463647.2	+	3	51116715	51116806	90	2
NC_072393.2	51119110	51119653	2	1	+	NC_072393.2	51119177	51119318	51119418	51119584	PPP1R37	XM_054463647.2	+	2	51119318	51119418	99	2
NC_072393.2	51203474	51203768	-3	1	-	NC_072393.2	51203667	51203768	51203476	51203576	EXOC3L2	XM_054463658.2	-	3	51203576	51203667	90	2
NC_072393.2	51240021	51240384	1	1	+	NC_072393.2	51240050	51240115	51240209	51240279	MARK4	XM_054463667.2	+	1	51240115	51240209	93	2
NC_072393.2	51240021	51240384	1	1	+	NC_072393.2	51240097	51240115	51240209	51240279	MARK4	XM_063658138.1	+	1	51240115	51240209	93	1
NC_072393.2	51327839	51328301	3	1	+	NC_072393.2	51327891	51327981	51328060	51328097	KLC3	XM_054463672.1	+	3	51327981	51328060	78	4
NC_072393.2	51327839	51328301	3	1	+	NC_072393.2	51327891	51327981	51328075	51328097	KLC3	XM_054463677.1	+	3	51327981	51328075	93	3
NC_072393.2	5133052	5133961	-1	1	-	NC_072393.2	5133704	5133879	5133503	5133622	PTPRS	XM_054463055.2	-	1	5133622	5133704	81	13
NC_072393.2	51375154	51376009	-1	1	-	NC_072393.2	51375823	51375921	51375653	51375744	PPP1R13L	XM_054463680.2	-	1	51375744	51375823	78	3
NC_072393.2	5139053	5139620	-3	1	-	NC_072393.2	5139420	5139513	5139099	5139314	PTPRS	XM_054463055.2	-	3	5139314	5139420	105	13
NC_072393.2	51468119	51468530	-3	1	-	NC_072393.2	51468348	51468486	51468137	51468206	RTN2	XM_054463694.2	-	3	51468206	51468348	141	3
NC_072393.2	51474677	51475562	-3	1	-	NC_072393.2	51475052	51475531	51474692	51474946	RTN2	XM_054463694.2	-	3	51474946	51475052	105	2
NC_072393.2	5148152	5148788	-3	1	-	NC_072393.2	5148561	5148754	5148387	5148413	PTPRS	XM_054463055.2	-	3	5148413	5148561	147	6
NC_072393.2	51506589	51506823	1	1	+	NC_072393.2	51506590	51506647	51506789	51506823	VASP	XM_054463697.2	+	1	51506647	51506789	141	4
NC_072393.2	51657161	51657467	3	1	+	NC_072393.2	51657182	51657251	51657378	51657466	GIPR	XM_054463715.1	+	3	51657251	51657378	126	1
NC_072393.2	52006915	52007386	2	1	+	NC_072393.2	52006984	52007123	52007307	52007385	CCDC61	XM_054466260.2	+	2	52007123	52007307	183	3
NC_072393.2	52209229	52209778	2	1	+	NC_072393.2	52209350	52209404	52209516	52209777	IGFL2	XM_054466270.2	+	2	52209404	52209516	111	3
NC_072393.2	52411158	52411878	1	1	+	NC_072393.2	52411177	52411242	52411561	52411659	PPP5C	XM_054466285.2	+	1	52411242	52411561	318	2
NC_072393.2	52416072	52416495	1	1	+	NC_072393.2	52416095	52416135	52416241	52416419	PPP5C	XM_054466285.2	+	1	52416135	52416241	105	2
NC_072393.2	52771731	52772613	-2	1	-	NC_072393.2	52772313	52772426	52771873	52771988	STRN4	XM_054466305.2	-	2	52771988	52772313	324	2
NC_072393.2	52771731	52772613	-2	1	-	NC_072393.2	52772313	52772426	52771873	52771967	STRN4	XM_054466306.2	-	2	52771967	52772313	345	1
NC_072393.2	53310015	53310990	1	1	+	NC_072393.2	53310016	53310117	53310283	53310534	CCDC9	XM_054463750.2	+	1	53310117	53310283	165	4
NC_072393.2	53320607	53322215	3	1	+	NC_072393.2	53321021	53321067	53321167	53321302	CCDC9	XM_054463750.2	+	3	53321067	53321167	99	4
NC_072393.2	53320607	53322215	3	1	+	NC_072393.2	53321167	53321302	53321696	53321801	CCDC9	XM_054463750.2	+	3	53321302	53321696	393	4
NC_072393.2	54416488	54416851	-1	1	-	NC_072393.2	54416666	54416829	54416490	54416587	ODAD1	XM_054462984.2	-	1	54416587	54416666	78	15
NC_072393.2	54421097	54423512	-3	1	-	NC_072393.2	54423182	54423369	54422879	54423013	ODAD1	XM_054462985.2	-	3	54423013	54423182	168	12
NC_072393.2	54421097	54423512	-3	1	-	NC_072393.2	54422879	54423013	54421287	54421369	ODAD1	XM_054462985.2	-	3	54421369	54422879	1509	14
NC_072393.2	54421097	54423512	-3	1	-	NC_072393.2	54423182	54423350	54422879	54423013	ODAD1	XM_054462997.2	-	3	54423013	54423182	168	2
NC_072393.2	54614318	54614942	-3	1	-	NC_072393.2	54614687	54614822	54614390	54614527	LMTK3	XM_054466348.2	-	3	54614527	54614687	159	4
NC_072393.2	54768140	54768647	-3	1	-	NC_072393.2	54768413	54768485	54768168	54768322	CA11	XM_054463034.2	-	3	54768322	54768413	90	1
NC_072393.2	54925807	54926500	-1	1	-	NC_072393.2	54926387	54926472	54926033	54926173	BCAT2	XM_054466175.2	-	1	54926173	54926387	213	6
NC_072393.2	54925807	54926500	-1	1	-	NC_072393.2	54926033	54926173	54925883	54925957	BCAT2	XM_054466175.2	-	1	54925957	54926033	75	6
NC_072393.2	54929087	54929534	-3	1	-	NC_072393.2	54929394	54929513	54929089	54929252	BCAT2	XM_054466175.2	-	3	54929252	54929394	141	6
NC_072393.2	550337	550928	3	1	+	NC_072393.2	550413	550559	550653	550823	PTBP1	XM_054473542.2	+	3	550559	550653	93	4
NC_072393.2	55115037	55115901	-2	1	-	NC_072393.2	55115458	55115643	55115070	55115214	GYS1	XM_054464312.2	-	2	55115214	55115458	243	3
NC_072393.2	55265088	55265694	1	1	+	NC_072393.2	55265122	55265285	55265415	55265542	PPFIA3	XM_054464355.2	+	1	55265285	55265415	129	2
NC_072393.2	55277885	55280504	-3	1	-	NC_072393.2	55278146	55280465	55278000	55278070	HRC	XM_054464357.2	-	3	55278070	55278146	75	1
NC_072393.2	55277885	55280504	-3	1	-	NC_072393.2	55278146	55280243	55278000	55278070	HRC	XM_054464358.2	-	3	55278070	55278146	75	1
NC_072393.2	55309334	55310126	3	1	+	NC_072393.2	55309365	55309709	55309866	55310000	TRPM4	XM_054464359.2	+	3	55309709	55309866	156	2
NC_072393.2	55309334	55310126	3	1	+	NC_072393.2	55309389	55309709	55309866	55310000	TRPM4	XM_054464361.2	+	3	55309709	55309866	156	1
NC_072393.2	554400	554892	1	1	+	NC_072393.2	554495	554587	554675	554891	PTBP1	XM_054473542.2	+	1	554587	554675	87	4
NC_072393.2	55459051	55460011	2	1	+	NC_072393.2	55459190	55459256	55459461	55459535	CD37	XM_054466379.2	+	2	55459256	55459461	204	1
NC_072393.2	55479267	55479582	-2	1	-	NC_072393.2	55479424	55479540	55479269	55479327	TEAD2	XM_054466362.2	-	2	55479327	55479424	96	8
NC_072393.2	55479267	55479582	-2	1	-	NC_072393.2	55479433	55479540	55479269	55479327	TEAD2	XM_054466365.2	-	2	55479327	55479433	105	10
NC_072393.2	55489407	55490085	1	1	+	NC_072393.2	55489444	55489584	55489729	55489821	DKKL1	XM_054466382.2	+	1	55489584	55489729	144	7
NC_072393.2	55563323	55564061	-3	1	-	NC_072393.2	55563698	55563808	55563375	55563502	SLC17A7	XM_054464239.1	-	3	55563502	55563698	195	1
NC_072393.2	55566032	55566704	-3	1	-	NC_072393.2	55566320	55566406	55566087	55566229	SLC17A7	XM_054464239.1	-	3	55566229	55566320	90	1
NC_072393.2	55613764	55614187	2	1	+	NC_072393.2	55613889	55614067	55614143	55614187	FLT3LG	XM_054465794.2	+	2	55614067	55614143	75	5
NC_072393.2	55692098	55692974	-3	1	-	NC_072393.2	55692695	55692863	55692489	55692607	NOSIP	XM_054462098.2	-	3	55692607	55692695	87	1
NC_072393.2	55692098	55692974	-3	1	-	NC_072393.2	55692704	55692863	55692489	55692607	NOSIP	XM_054462099.2	-	3	55692607	55692704	96	1
NC_072393.2	55730458	55734097	2	1	+	NC_072393.2	55730511	55730672	55730754	55734070	PRR12	XM_054462089.2	+	2	55730672	55730754	81	1
NC_072393.2	55799186	55799645	-3	1	-	NC_072393.2	55799378	55799549	55799223	55799293	IRF3	XM_054462852.2	-	3	55799293	55799378	84	5
NC_072393.2	55817963	55818338	3	1	+	NC_072393.2	55817964	55818119	55818234	55818297	PRMT1	XM_054462863.2	+	3	55818119	55818234	114	5
NC_072393.2	55840140	55840776	1	1	+	NC_072393.2	55840273	55840350	55840564	55840671	CPT1C	XM_054464791.1	+	1	55840350	55840564	213	3
NC_072393.2	55840140	55840776	1	1	+	NC_072393.2	55840273	55840350	55840597	55840671	CPT1C	XM_054464792.1	+	1	55840350	55840597	246	2
NC_072393.2	55950320	55950746	3	1	+	NC_072393.2	55950345	55950512	55950585	55950745	AP2A1	XM_054464803.2	+	3	55950512	55950585	72	3
NC_072393.2	56003813	56004884	3	1	+	NC_072393.2	56004555	56004692	56004801	56004883	PTOV1	XM_063657319.1	+	3	56004692	56004801	108	2
NC_072393.2	56034621	56034999	1	1	+	NC_072393.2	56034638	56034738	56034838	56034937	TBC1D17	XM_054464826.2	+	1	56034738	56034838	99	2
NC_072393.2	56427181	56427700	-1	1	-	NC_072393.2	56427502	56427625	56427194	56427312	LOC129020488	XM_054464882.2	-	1	56427312	56427502	189	2
NC_072393.2	56472886	56473741	2	1	+	NC_072393.2	56473122	56473330	56473598	56473741	NR1H2	XM_054464885.2	+	2	56473330	56473598	267	3
NC_072393.2	56492306	56493098	3	1	+	NC_072393.2	56492413	56492579	56492853	56492957	POLD1	XM_054464889.2	+	3	56492579	56492853	273	6
NC_072393.2	56497949	56498474	3	1	+	NC_072393.2	56498024	56498140	56498360	56498473	POLD1	XM_054464889.2	+	3	56498140	56498360	219	4
NC_072393.2	56497949	56498474	3	1	+	NC_072393.2	56498024	56498140	56498384	56498473	POLD1	XM_054464891.2	+	3	56498140	56498384	243	2
NC_072393.2	56552462	56553017	3	1	+	NC_072393.2	56552463	56552622	56552821	56552957	MYBPC2	XM_054464888.2	+	3	56552622	56552821	198	2
NC_072393.2	56812332	56813034	-2	1	-	NC_072393.2	56812747	56813001	56812357	56812560	SHANK1	XM_054464894.2	-	2	56812560	56812747	186	3
NC_072393.2	56888650	56888848	-1	1	-	NC_072393.2	56888774	56888833	56888651	56888659	SMIM47	XM_054463755.2	-	1	56888659	56888774	114	1
NC_072393.2	56893142	56893667	3	1	+	NC_072393.2	56893389	56893493	56893569	56893655	ACP4	XM_054463756.2	+	3	56893493	56893569	75	1
NC_072393.2	56897513	56897930	3	1	+	NC_072393.2	56897561	56897739	56897818	56897930	ACP4	XM_054463756.2	+	3	56897739	56897818	78	1
NC_072393.2	57867478	57867871	2	1	+	NC_072393.2	57867501	57867578	57867708	57867817	SPACA6	XM_054464485.2	+	2	57867578	57867708	129	9
NC_072393.2	5814589	5815207	-1	1	-	NC_072393.2	5815090	5815182	5814637	5814834	NDUFA11	XM_054463112.2	-	1	5814834	5815090	255	1
NC_072393.2	5814589	5815207	-1	1	-	NC_072393.2	5815090	5815182	5814637	5814759	NDUFA11	XM_054463113.2	-	1	5814759	5815090	330	1
NC_072393.2	5832432	5833140	1	1	+	NC_072393.2	5832760	5832966	5833042	5833140	CAPS	XM_054463123.2	+	1	5832966	5833042	75	1
NC_072393.2	597877	598639	2	1	+	NC_072393.2	597902	598049	598482	598638	ELANE	XM_054473623.2	+	2	598049	598482	432	3
NC_072393.2	60386072	60386576	-3	1	-	NC_072393.2	60386433	60386502	60386133	60386351	TFPT	XM_054462977.2	-	3	60386351	60386433	81	2
NC_072393.2	60426587	60427208	3	1	+	NC_072393.2	60426612	60426999	60427084	60427207	CNOT3	XM_054461510.2	+	3	60426999	60427084	84	12
NC_072393.2	60533799	60534966	-2	1	-	NC_072393.2	60534582	60534878	60534006	60534308	LOC129021234	XM_063658941.1	-	2	60534308	60534582	273	4
NC_072393.2	60535273	60536113	-1	1	-	NC_072393.2	60535786	60536070	60535339	60535638	LOC129021234	XM_063658941.1	-	1	60535638	60535786	147	4
NC_072393.2	60559539	60559788	-2	1	-	NC_072393.2	60559684	60559736	60559540	60559590	LOC129021111	XM_063658940.1	-	2	60559590	60559684	93	1
NC_072393.2	60715697	60716147	-3	1	-	NC_072393.2	60715940	60715977	60715698	60715750	LOC129020790	XM_063657370.1	-	3	60715750	60715940	189	1
NC_072393.2	60799240	60799693	2	1	+	NC_072393.2	60799346	60799488	60799630	60799675	TTYH1	XM_054461875.2	+	2	60799488	60799630	141	3
NC_072393.2	60821756	60822680	3	1	+	NC_072393.2	60821853	60821982	60822064	60822680	LENG8	XM_054461862.2	+	3	60821982	60822064	81	11
NC_072393.2	60821756	60822680	3	1	+	NC_072393.2	60821853	60821982	60822064	60822271	LENG8	XM_054461868.2	+	3	60821982	60822064	81	10
NC_072393.2	60912446	60912833	3	1	+	NC_072393.2	60912484	60912536	60912645	60912833	LOC129020019	XM_054463758.2	+	3	60912536	60912645	108	1
NC_072393.2	61448129	61448585	-3	1	-	NC_072393.2	61448460	61448562	61448241	61448345	PPP1R12C	XM_054463801.2	-	3	61448345	61448460	114	2
NC_072393.2	61448638	61448977	-1	1	-	NC_072393.2	61448801	61448886	61448640	61448680	PPP1R12C	XM_054463801.2	-	1	61448680	61448801	120	1
NC_072393.2	61448638	61448977	-1	1	-	NC_072393.2	61448801	61448883	61448640	61448680	PPP1R12C	XM_054463802.2	-	1	61448680	61448801	120	1
NC_072393.2	61489471	61489888	-1	1	-	NC_072393.2	61489652	61489742	61489473	61489513	TNNT1	XM_054463808.2	-	1	61489513	61489652	138	5
NC_072393.2	61662334	61662706	2	1	+	NC_072393.2	61662493	61662526	61662608	61662676	BRSK1	XM_054463844.2	+	2	61662526	61662608	81	2
NC_072393.2	6303526	6304261	-1	1	-	NC_072393.2	6303931	6304078	6303527	6303846	PSPN	XM_054465582.2	-	1	6303846	6303931	84	1
NC_072393.2	63100850	63101285	3	1	+	NC_072393.2	63100851	63100977	63101095	63101190	ZNF470	XM_054464652.2	+	3	63100977	63101095	117	1
NC_072393.2	63100850	63101285	3	1	+	NC_072393.2	63100944	63100977	63101095	63101190	ZNF470	XM_063658526.1	+	3	63100977	63101095	117	1
NC_072393.2	6310220	6310838	-3	1	-	NC_072393.2	6310700	6310761	6310505	6310624	GTF2F1	XM_054465562.2	-	3	6310624	6310700	75	1
NC_072393.2	6310220	6310838	-3	1	-	NC_072393.2	6310505	6310624	6310290	6310363	GTF2F1	XM_054465562.2	-	3	6310363	6310505	141	2
NC_072393.2	6310220	6310838	-3	1	-	NC_072393.2	6310700	6310758	6310505	6310624	GTF2F1	XM_054465563.2	-	3	6310624	6310700	75	1
NC_072393.2	6343677	6344448	-2	1	-	NC_072393.2	6344031	6344108	6343678	6343952	KHSRP	XM_054465555.2	-	2	6343952	6344031	78	4
NC_072393.2	6343677	6344448	-2	1	-	NC_072393.2	6344031	6344108	6343792	6343952	KHSRP	XM_054465558.2	-	2	6343952	6344031	78	2
NC_072393.2	6359099	6359759	-3	1	-	NC_072393.2	6359409	6359561	6359124	6359231	SLC25A41	XM_054465570.2	-	3	6359231	6359409	177	4
NC_072393.2	6406173	6406554	-2	1	-	NC_072393.2	6406429	6406530	6406219	6406344	DENND1C	XM_054465549.2	-	2	6406344	6406429	84	5
NC_072393.2	64603575	64604049	-2	1	-	NC_072393.2	64603908	64604028	64603695	64603799	C20H19orf18	XM_054464462.2	-	2	64603799	64603908	108	1
NC_072393.2	646282	647227	-1	1	-	NC_072393.2	647048	647172	646444	646567	R3HDM4	XM_054473557.2	-	1	646567	647048	480	3
NC_072393.2	65186853	65187354	1	1	+	NC_072393.2	65186882	65186994	65187217	65187349	TRIM28	XM_054463009.2	+	1	65186994	65187217	222	1
NC_072393.2	65189544	65190273	1	1	+	NC_072393.2	65189945	65190051	65190148	65190184	TRIM28	XM_054463009.2	+	1	65190051	65190148	96	1
NC_072393.2	65193153	65193897	-2	1	-	NC_072393.2	65193673	65193852	65193470	65193600	CHMP2A	XM_054463211.2	-	2	65193600	65193673	72	2
NC_072393.2	65193153	65193897	-2	1	-	NC_072393.2	65193470	65193600	65193321	65193382	CHMP2A	XM_054463211.2	-	2	65193382	65193470	87	2
NC_072393.2	66219	66774	-2	1	-	NC_072393.2	66497	66621	66273	66361	MIER2	XM_054473576.2	-	2	66361	66497	135	6
NC_072393.2	6645076	6645496	-1	1	-	NC_072393.2	6645298	6645381	6645078	6645213	C3	XM_054461796.2	-	1	6645213	6645298	84	1
NC_072393.2	6651310	6651694	-1	1	-	NC_072393.2	6651484	6651574	6651312	6651363	C3	XM_054461796.2	-	1	6651363	6651484	120	1
NC_072393.2	6651605	6652070	-3	1	-	NC_072393.2	6651912	6652070	6651699	6651758	C3	XM_054461796.2	-	3	6651758	6651912	153	1
NC_072393.2	6676600	6677665	-1	1	-	NC_072393.2	6677369	6677578	6677021	6677227	C3	XM_054461796.2	-	1	6677227	6677369	141	1
NC_072393.2	6680652	6681084	-2	1	-	NC_072393.2	6680948	6681042	6680757	6680839	C3	XM_054461796.2	-	2	6680839	6680948	108	1
NC_072393.2	6697463	6698075	-3	1	-	NC_072393.2	6698003	6698052	6697721	6697804	GPR108	XM_054461800.2	-	3	6697804	6698003	198	1
NC_072393.2	6697463	6698075	-3	1	-	NC_072393.2	6697721	6697804	6697509	6697633	GPR108	XM_054461800.2	-	3	6697633	6697721	87	1
NC_072393.2	6697507	6698182	-1	1	-	NC_072393.2	6698003	6698052	6697721	6697804	GPR108	XM_054461797.2	-	1	6697804	6698003	198	2
NC_072393.2	6697507	6698182	-1	1	-	NC_072393.2	6697721	6697804	6697509	6697633	GPR108	XM_054461797.2	-	1	6697633	6697721	87	2
NC_072393.2	6875627	6876170	3	1	+	NC_072393.2	6875734	6875889	6876013	6876132	ADGRE1	XM_063658646.1	+	3	6875889	6876013	123	1
NC_072393.2	6876770	6877322	3	1	+	NC_072393.2	6876886	6877041	6877165	6877284	ADGRE1	XM_063658646.1	+	3	6877041	6877165	123	1
NC_072393.2	6877960	6878482	2	1	+	NC_072393.2	6878046	6878201	6878325	6878444	ADGRE1	XM_063658646.1	+	2	6878201	6878325	123	1
NC_072393.2	6879120	6879642	1	1	+	NC_072393.2	6879206	6879361	6879485	6879604	ADGRE1	XM_063658646.1	+	1	6879361	6879485	123	1
NC_072393.2	6880246	6880795	2	1	+	NC_072393.2	6880359	6880514	6880638	6880757	ADGRE1	XM_063658646.1	+	2	6880514	6880638	123	1
NC_072393.2	7528132	7528720	2	1	+	NC_072393.2	7528176	7528285	7528376	7528543	PNPLA6	XM_054462963.2	+	2	7528285	7528376	90	6
NC_072393.2	7528132	7528720	2	1	+	NC_072393.2	7528376	7528543	7528622	7528699	PNPLA6	XM_054462963.2	+	2	7528543	7528622	78	6
NC_072393.2	754615	755191	2	1	+	NC_072393.2	754693	754808	754977	755128	GRIN3B	XM_054473596.2	+	2	754808	754977	168	2
NC_072393.2	7546463	7546994	3	1	+	NC_072393.2	7546581	7546677	7546774	7546883	PNPLA6	XM_054462963.2	+	3	7546677	7546774	96	6
NC_072393.2	758422	759466	-1	1	-	NC_072393.2	759331	759441	758935	759057	TMEM259	XM_054473593.2	-	1	759057	759331	273	4
NC_072393.2	758422	759466	-1	1	-	NC_072393.2	758935	759057	758584	758641	TMEM259	XM_054473593.2	-	1	758641	758935	293	4
NC_072393.2	7595447	7596323	3	1	+	NC_072393.2	7595629	7595768	7595853	7595946	CAMSAP3	XM_054465239.2	+	3	7595768	7595853	84	5
NC_072393.2	7602587	7603181	3	1	+	NC_072393.2	7602670	7602788	7602879	7603181	CAMSAP3	XM_054465239.2	+	3	7602788	7602879	90	5
NC_072393.2	7605193	7605973	-1	1	-	NC_072393.2	7605674	7605796	7605397	7605568	XAB2	XM_054461886.2	-	1	7605568	7605674	105	1
NC_072393.2	7611069	7611645	-2	1	-	NC_072393.2	7611484	7611618	7611226	7611390	XAB2	XM_054461886.2	-	2	7611390	7611484	93	1
NC_072393.2	7627848	7628352	1	1	+	NC_072393.2	7627935	7627992	7628152	7628217	STXBP2	XM_054461887.2	+	1	7627992	7628152	159	3
NC_072393.2	7663646	7664096	3	1	+	NC_072393.2	7663915	7663968	7664083	7664096	MCEMP1	XM_054464743.2	+	3	7663968	7664083	114	1
NC_072393.2	788826	789522	1	1	+	NC_072393.2	788897	789036	789289	789405	ABCA7	XM_063658669.1	+	1	789036	789289	252	10
NC_072393.2	7908701	7909673	3	1	+	NC_072393.2	7908783	7908962	7909053	7909133	MAP2K7	XM_054463268.2	+	3	7908962	7909053	90	2
NC_072393.2	7909907	7910255	3	1	+	NC_072393.2	7909976	7910021	7910124	7910255	MAP2K7	XM_054463268.2	+	3	7910021	7910124	102	2
NC_072393.2	7913805	7914987	1	1	+	NC_072393.2	7914082	7914357	7914436	7914750	TGFBR3L	XM_054463274.2	+	1	7914357	7914436	78	2
NC_072393.2	798639	799128	1	1	+	NC_072393.2	798657	798788	798891	799030	ABCA7	XM_063658669.1	+	1	798788	798891	102	10
NC_072393.2	810718	812518	2	1	+	NC_072393.2	812186	812320	812402	812505	ABCA7	XM_063658669.1	+	2	812320	812402	81	7
NC_072393.2	8132755	8133253	-1	1	-	NC_072393.2	8133076	8133213	8132905	8132955	FBN3	XM_054463263.2	-	1	8132955	8133076	120	6
NC_072393.2	828297	829284	1	1	+	NC_072393.2	828331	828468	828556	828746	ARHGAP45	XM_054463014.2	+	1	828468	828556	87	8
NC_072393.2	828297	829284	1	1	+	NC_072393.2	828556	828746	828882	829174	ARHGAP45	XM_054463014.2	+	1	828746	828882	135	3
NC_072393.2	828297	829284	1	1	+	NC_072393.2	828556	828746	828882	829006	ARHGAP45	XM_054463016.2	+	1	828746	828882	135	5
NC_072393.2	828297	829284	1	1	+	NC_072393.2	828882	829006	829091	829174	ARHGAP45	XM_054463016.2	+	1	829006	829091	84	4
NC_072393.2	8307580	8308060	-1	1	-	NC_072393.2	8307892	8308041	8307581	8307720	CD320	XM_054466422.2	-	1	8307720	8307892	171	1
NC_072393.2	8495857	8496310	-1	1	-	NC_072393.2	8496004	8496038	8495858	8495892	PRAM1	XM_054466066.2	-	1	8495892	8496004	111	1
NC_072393.2	8496140	8496437	-3	1	-	NC_072393.2	8496260	8496422	8496142	8496175	PRAM1	XM_054466066.2	-	3	8496175	8496260	84	1
NC_072393.2	8536103	8536571	-3	1	-	NC_072393.2	8536376	8536490	8536113	8536282	MYO1F	XM_054461542.2	-	3	8536282	8536376	93	2
NC_072393.2	854950	855319	2	1	+	NC_072393.2	855091	855115	855248	855307	GPX4	XM_054466107.2	+	2	855115	855248	132	2
NC_072393.2	8555026	8555407	-1	1	-	NC_072393.2	8555288	8555368	8555087	8555173	MYO1F	XM_054461542.2	-	1	8555173	8555288	114	2
NC_072393.2	857592	857934	-2	1	-	NC_072393.2	857722	857908	857593	857643	SBNO2	XM_054466106.2	-	2	857643	857722	78	1
NC_072393.2	858354	858780	-2	1	-	NC_072393.2	858625	858719	858448	858540	SBNO2	XM_054466104.2	-	2	858540	858625	84	3
NC_072393.2	8593060	8593453	-1	1	-	NC_072393.2	8593282	8593408	8593062	8593191	ADAMTS10	XM_054461545.2	-	1	8593191	8593282	90	5
NC_072393.2	861350	861764	-3	1	-	NC_072393.2	861563	861698	861372	861484	SBNO2	XM_054466104.2	-	3	861484	861563	78	3
NC_072393.2	9135464	9135869	-3	1	-	NC_072393.2	9135720	9135844	9135466	9135533	MUC16	XM_063658436.1	-	3	9135533	9135720	186	1
NC_072393.2	990599	991334	-3	1	-	NC_072393.2	990955	991094	990677	990741	CBARP	XM_054465309.2	-	3	990741	990955	213	1
NC_072393.2	999250	999640	2	1	+	NC_072393.2	999303	999391	999521	999640	ATP5F1D	XM_054465322.2	+	2	999391	999521	129	1
NC_072394.2	12339081	12339657	-1	1	-	NC_072394.2	12339448	12339540	12339283	12339366	RRBP1	XM_054466514.2	-	1	12339366	12339448	81	5
NC_072394.2	30436293	30436878	1	1	+	NC_072394.2	30436318	30436411	30436520	30436645	SLC4A11	XM_054467969.2	+	1	30436411	30436520	108	8
NC_072394.2	30436293	30436878	1	1	+	NC_072394.2	30436520	30436645	30436733	30436846	SLC4A11	XM_054467969.2	+	1	30436645	30436733	87	8
NC_072394.2	30591853	30592399	-3	1	-	NC_072394.2	30591991	30592192	30591854	30591906	OXT	XM_054466622.1	-	3	30591906	30591991	84	1
NC_072394.2	30617186	30617858	-2	1	-	NC_072394.2	30617662	30617808	30617442	30617565	MRPS26	XM_054466623.2	-	2	30617565	30617662	96	1
NC_072394.2	30807180	30807786	-1	1	-	NC_072394.2	30807595	30807726	30807371	30807498	VPS16	XM_054466632.2	-	1	30807498	30807595	96	2
NC_072394.2	30809900	30811151	-2	1	-	NC_072394.2	30810506	30810594	30810165	30810262	VPS16	XM_054466632.2	-	2	30810262	30810506	243	2
NC_072394.2	30809900	30811151	-2	1	-	NC_072394.2	30810165	30810262	30809949	30810077	VPS16	XM_054466632.2	-	2	30810077	30810165	87	2
NC_072394.2	30916004	30916583	-2	1	-	NC_072394.2	30916254	30916387	30916034	30916160	EBF4	XM_054466642.2	-	2	30916160	30916254	93	2
NC_072394.2	32151177	32151603	1	1	+	NC_072394.2	32151235	32151307	32151389	32151517	LOC129021974	XM_063659510.1	+	1	32151307	32151389	81	1
NC_072394.2	33648003	33648585	-1	1	-	NC_072394.2	33648195	33648524	33648004	33648086	DEFB125	XM_054466859.1	-	1	33648086	33648195	108	1
NC_072394.2	35505945	35506914	1	1	+	NC_072394.2	35505965	35506027	35506394	35506913	BPIFB4	XM_054467071.1	+	1	35506027	35506394	366	1
NC_072394.2	36994062	36994620	1	1	+	NC_072394.2	36994202	36994257	36994345	36994451	MAP1LC3A	XM_054466729.1	+	1	36994257	36994345	87	3
NC_072394.2	37345666	37346209	2	1	+	NC_072394.2	37345735	37345826	37346022	37346125	ACSS2	XM_054466753.2	+	2	37345826	37346022	195	2
NC_072394.2	37425310	37426015	2	1	+	NC_072394.2	37425334	37425457	37425566	37425702	MYH7B	XM_054466755.2	+	2	37425457	37425566	108	2
NC_072394.2	37428498	37428978	1	1	+	NC_072394.2	37428565	37428741	37428832	37428977	MYH7B	XM_054466755.2	+	1	37428741	37428832	90	2
NC_072394.2	37433430	37433886	1	1	+	NC_072394.2	37433476	37433580	37433662	37433757	MYH7B	XM_054466755.2	+	1	37433580	37433662	81	2
NC_072394.2	37907338	37907944	2	1	+	NC_072394.2	37907368	37907495	37907691	37907860	CEP250	XM_054466459.2	+	2	37907495	37907691	195	17
NC_072394.2	37983055	37983529	2	1	+	NC_072394.2	37983206	37983302	37983381	37983445	ERGIC3	XM_054466478.1	+	2	37983302	37983381	78	1
NC_072394.2	38029656	38029929	-1	1	-	NC_072394.2	38029843	38029905	38029677	38029761	LOC129021317	XM_063659176.1	-	1	38029761	38029843	81	1
NC_072394.2	39494263	39494638	-3	1	-	NC_072394.2	39494557	39494621	39494320	39494448	RBL1	XM_054467759.1	-	3	39494448	39494557	108	1
NC_072394.2	47741941	47744560	2	1	+	NC_072394.2	47741991	47743736	47744097	47744560	LOC129021852	XM_054467792.1	+	2	47743736	47744097	360	1
NC_072394.2	47741941	47744560	2	1	+	NC_072394.2	47741991	47743556	47744097	47744560	LOC129021852	XM_054467793.1	+	2	47743556	47744097	540	1
NC_072394.2	47854094	47854520	-2	1	-	NC_072394.2	47854376	47854498	47854157	47854279	MATN4	XM_054468109.2	-	2	47854279	47854376	96	3
NC_072394.2	47972052	47972610	1	1	+	NC_072394.2	47972071	47972257	47972432	47972609	PIGT	XM_054467538.2	+	1	47972257	47972432	174	2
NC_072394.2	47972052	47972610	1	1	+	NC_072394.2	47972071	47972257	47972432	47972569	PIGT	XM_054467539.2	+	1	47972257	47972432	174	2
NC_072394.2	47974688	47975591	3	1	+	NC_072394.2	47974763	47974890	47975206	47975306	PIGT	XM_054467538.2	+	3	47974890	47975206	315	2
NC_072394.2	48371048	48371645	3	1	+	NC_072394.2	48371094	48371298	48371407	48371466	UBE2C	XM_054468244.2	+	3	48371298	48371407	108	1
NC_072394.2	48501864	48502272	1	1	+	NC_072394.2	48501916	48502002	48502087	48502271	PCIF1	XM_054467111.2	+	1	48502002	48502087	84	2
NC_072394.2	48600410	48600731	3	1	+	NC_072394.2	48600430	48600528	48600673	48600730	SLC12A5	XM_054467659.2	+	3	48600528	48600673	144	2
NC_072394.2	48613752	48614361	1	1	+	NC_072394.2	48613929	48614062	48614273	48614361	SLC12A5	XM_054467659.2	+	1	48614062	48614273	210	2
NC_072394.2	48685325	48685589	3	1	+	NC_072394.2	48685357	48685455	48685549	48685577	CD40	XM_054468012.2	+	3	48685455	48685549	93	1
NC_072394.2	48685325	48685589	3	1	+	NC_072394.2	48685357	48685443	48685549	48685577	CD40	XM_054468014.2	+	3	48685443	48685549	105	1
NC_072394.2	48747019	48747661	-3	1	-	NC_072394.2	48747506	48747627	48747268	48747385	CDH22	XM_054467663.2	-	3	48747385	48747506	120	1
NC_072394.2	53209052	53209430	-2	1	-	NC_072394.2	53209278	53209403	53209054	53209199	RIPOR3	XM_054466686.1	-	2	53209199	53209278	78	6
NC_072394.2	59308563	59309451	1	1	+	NC_072394.2	59308795	59309280	59309395	59309446	TFAP2C	XM_054468247.2	+	1	59309280	59309395	114	3
NC_072394.2	60238635	60239373	1	1	+	NC_072394.2	60238823	60239026	60239156	60239343	PCK1	XM_054468194.1	+	1	60239026	60239156	129	1
NC_072394.2	65011728	65012316	-1	1	-	NC_072394.2	65012071	65012204	65011881	65011974	LAMA5	XM_054467990.2	-	1	65011974	65012071	96	2
NC_072394.2	65016245	65016866	-2	1	-	NC_072394.2	65016665	65016844	65016435	65016583	LAMA5	XM_054467990.2	-	2	65016583	65016665	81	2
NC_072394.2	65017969	65019040	-3	1	-	NC_072394.2	65018510	65018651	65018299	65018401	LAMA5	XM_054467990.2	-	3	65018401	65018510	108	2
NC_072394.2	65018297	65022041	-2	1	-	NC_072394.2	65021820	65022016	65019303	65019419	LAMA5	XM_054467990.2	-	2	65019419	65021820	2400	2
NC_072394.2	65018297	65022041	-2	1	-	NC_072394.2	65019303	65019419	65018983	65019137	LAMA5	XM_054467990.2	-	2	65019137	65019303	165	2
NC_072394.2	65038852	65039290	-3	1	-	NC_072394.2	65039159	65039211	65038963	65039068	LAMA5	XM_054467990.2	-	3	65039068	65039159	90	2
NC_072394.2	65544592	65545144	2	1	+	NC_072394.2	65544617	65544670	65545004	65545057	COL9A3	XM_054468035.2	+	2	65544670	65545004	333	1
NC_072394.2	65574247	65574562	-3	1	-	NC_072394.2	65574353	65574494	65574248	65574280	TCFL5	XM_054468042.2	-	3	65574280	65574353	72	1
NC_072394.2	65966044	65966929	2	1	+	NC_072394.2	65966118	65966217	65966611	65966692	BIRC7	XM_054467848.1	+	2	65966217	65966611	393	2
NC_072394.2	66084002	66084425	-2	1	-	NC_072394.2	66084381	66084425	66084004	66084113	CHRNA4	XM_054467265.2	-	2	66084113	66084381	267	3
NC_072394.2	66292305	66292905	-1	1	-	NC_072394.2	66292659	66292815	66292416	66292583	HELZ2	XM_054467514.2	-	1	66292583	66292659	75	1
NC_072394.2	66292948	66293458	-3	1	-	NC_072394.2	66293291	66293425	66292967	66293185	HELZ2	XM_054467514.2	-	3	66293185	66293291	105	1
NC_072394.2	66435440	66435941	3	1	+	NC_072394.2	66435487	66435639	66435937	66435941	RTEL1	XM_054466583.2	+	3	66435639	66435937	297	2
NC_072394.2	66476286	66476562	1	1	+	NC_072394.2	66476322	66476403	66476509	66476561	LIME1	XM_054466593.2	+	1	66476403	66476509	105	1
NC_072394.2	66476407	66477358	2	1	+	NC_072394.2	66476474	66476561	66476682	66476998	LIME1	XM_054466591.2	+	2	66476561	66476682	120	2
NC_072394.2	66481196	66481484	3	1	+	NC_072394.2	66481197	66481288	66481376	66481484	SLC2A4RG	XM_054467295.2	+	3	66481288	66481376	87	2
NC_072394.2	66707839	66708295	-3	1	-	NC_072394.2	66708089	66708213	66707918	66708010	ZNF512B	XM_054466784.2	-	3	66708010	66708089	78	6
NC_072394.2	66708206	66708785	-2	1	-	NC_072394.2	66708620	66708691	66708371	66708517	ZNF512B	XM_054466784.2	-	2	66708517	66708620	102	6
NC_072394.2	66709054	66710002	-3	1	-	NC_072394.2	66709874	66710002	66709140	66709780	ZNF512B	XM_054466784.2	-	3	66709780	66709874	93	6
NC_072394.2	66737706	66738342	1	1	+	NC_072394.2	66737752	66737928	66738160	66738315	PRPF6	XM_054466788.1	+	1	66737928	66738160	231	2
NC_072394.2	66779274	66780018	1	1	+	NC_072394.2	66779416	66779691	66779785	66779937	C21H20orf204	XM_054467676.1	+	1	66779691	66779785	93	3
NC_072394.2	66789811	66791536	-3	1	-	NC_072394.2	66791017	66791374	66789812	66790605	SOX18	XM_054467643.1	-	3	66790605	66791017	411	1
NC_072394.2	66826189	66827257	-3	1	-	NC_072394.2	66826601	66827209	66826190	66826498	LKAAEAR1	XM_054467802.2	-	3	66826498	66826601	102	1
NC_072394.2	66826189	66827257	-3	1	-	NC_072394.2	66826601	66827209	66826376	66826498	LKAAEAR1	XM_054467803.1	-	3	66826498	66826601	102	1
NC_072394.2	66826189	66827257	-3	1	-	NC_072394.2	66826601	66827002	66826190	66826498	LKAAEAR1	XM_054467804.2	-	3	66826498	66826601	102	2
NC_072394.2	66826189	66827257	-3	1	-	NC_072394.2	66826601	66827002	66826376	66826498	LKAAEAR1	XM_054467806.2	-	3	66826498	66826601	102	1
NC_072395.2	43538600	43539434	-1	1	-	NC_072395.2	43538900	43539305	43538601	43538659	LOC129022251	XM_063659671.1	-	1	43538659	43538900	240	1
NC_072395.2	46386343	46386751	-2	1	-	NC_072395.2	46386629	46386744	46386344	46386532	GART	XM_054468739.2	-	2	46386532	46386629	96	2
NC_072395.2	55055944	55057225	2	1	+	NC_072395.2	55056090	55056502	55056548	55056995	UMODL1	XM_063659821.1	+	2	55056502	55056548	45	1
NC_072395.2	55454813	55455233	-1	1	-	NC_072395.2	55455084	55455197	55454876	55454981	RSPH1	XM_054468558.2	-	1	55454981	55455084	102	5
NC_072395.2	55691291	55691993	3	1	+	NC_072395.2	55691626	55691805	55691926	55691980	PDE9A	XM_054468898.2	+	3	55691805	55691926	120	2
NC_072395.2	57501315	57502254	-3	1	-	NC_072395.2	57501748	57502068	57501316	57501651	LOC129022487	XM_054468677.1	-	3	57501651	57501748	96	1
NC_072395.2	57501315	57502254	-3	1	-	NC_072395.2	57501502	57501651	57501316	57501399	LOC129022487	XM_063659805.1	-	3	57501399	57501502	102	1
NC_072395.2	57531285	57532464	-3	1	-	NC_072395.2	57531997	57532242	57531286	57531885	LOC129022483	XM_054468670.1	-	3	57531885	57531997	111	1
NC_072395.2	57531285	57532464	-3	1	-	NC_072395.2	57531967	57532242	57531286	57531840	LOC129022483	XM_054468671.1	-	3	57531840	57531967	126	1
NC_072395.2	57531285	57532464	-3	1	-	NC_072395.2	57531967	57532242	57531811	57531888	LOC129022483	XM_054468672.1	-	3	57531888	57531967	78	1
NC_072395.2	57531285	57532464	-3	1	-	NC_072395.2	57531811	57531888	57531286	57531714	LOC129022483	XM_054468672.1	-	3	57531714	57531811	96	1
NC_072395.2	57531285	57532464	-3	1	-	NC_072395.2	57531997	57532242	57531802	57531885	LOC129022483	XM_054468673.1	-	3	57531885	57531997	111	1
NC_072395.2	57531285	57532464	-3	1	-	NC_072395.2	57531802	57531885	57531286	57531588	LOC129022483	XM_054468673.1	-	3	57531588	57531802	213	1
NC_072395.2	57589481	57590441	3	1	+	NC_072395.2	57589662	57590030	57590127	57590441	LOC129022485	XM_054468674.2	+	3	57590030	57590127	96	1
NC_072395.2	57598344	57599316	1	1	+	NC_072395.2	57598423	57598743	57598855	57599316	LOC129022478	XM_054468660.2	+	1	57598743	57598855	111	1
NC_072395.2	57598344	57599316	1	1	+	NC_072395.2	57598423	57598743	57598981	57599316	LOC129022478	XM_054468661.2	+	1	57598743	57598981	237	1
NC_072395.2	57634651	57635137	-2	1	-	NC_072395.2	57634818	57635017	57634652	57634757	LOC129022492	XM_054468681.1	-	2	57634757	57634818	60	1
NC_072395.2	57634651	57635137	-2	1	-	NC_072395.2	57634835	57634999	57634652	57634786	LOC129022492	XM_054468682.1	-	2	57634786	57634835	48	1
NC_072395.2	57634651	57635137	-2	1	-	NC_072395.2	57634878	57634999	57634652	57634817	LOC129022492	XM_054468683.1	-	2	57634817	57634878	60	1
NC_072395.2	58454591	58455413	3	1	+	NC_072395.2	58454616	58454651	58455006	58455095	COL18A1	XM_054468294.2	+	3	58454651	58455006	354	5
NC_072395.2	58965973	58966549	2	1	+	NC_072395.2	58965995	58966060	58966499	58966534	COL6A1	XM_054468364.2	+	2	58966060	58966499	438	1
NC_072395.2	59089522	59090116	2	1	+	NC_072395.2	59089550	59089612	59089787	59089822	COL6A2	XM_054468365.2	+	2	59089612	59089787	174	2
NC_072396.2	105532876	105540388	2	1	+	NC_072396.2	105532929	105538504	105538637	105538702	ARMCX4	XM_063660375.1	+	2	105538504	105538637	132	1
NC_072396.2	105532876	105540388	2	1	+	NC_072396.2	105538637	105538702	105539015	105540388	ARMCX4	XM_063660375.1	+	2	105538702	105539015	312	1
NC_072396.2	106608170	106608620	3	1	+	NC_072396.2	106608299	106608357	106608466	106608581	LOC129023802	XM_054470623.1	+	3	106608357	106608466	108	2
NC_072396.2	107984504	107984795	-1	1	-	NC_072396.2	107984726	107984777	107984505	107984542	LOC129024941	XM_054472272.2	-	1	107984542	107984726	183	1
NC_072396.2	107984504	107984795	-1	1	-	NC_072396.2	107984699	107984777	107984505	107984542	LOC129024941	XM_063660845.1	-	1	107984542	107984699	156	1
NC_072396.2	112262699	112263110	-1	1	-	NC_072396.2	112262964	112263110	112262701	112262867	PSMD10	XM_054471832.2	-	1	112262867	112262964	96	1
NC_072396.2	112262699	112263110	-1	1	-	NC_072396.2	112262964	112263110	112262780	112262867	PSMD10	XM_054471833.2	-	1	112262867	112262964	96	1
NC_072396.2	112743694	112744132	2	1	+	NC_072396.2	112743695	112743730	112743821	112743862	COL4A5	XM_054471834.2	+	2	112743730	112743821	90	1
NC_072396.2	112743694	112744132	2	1	+	NC_072396.2	112743821	112743862	112744031	112744123	COL4A5	XM_054471834.2	+	2	112743862	112744031	168	1
NC_072396.2	127384178	127384469	-1	1	-	NC_072396.2	127384378	127384380	127384179	127384317	LOC129024948	XM_054472284.2	-	1	127384317	127384378	60	1
NC_072396.2	137722757	137723366	-1	1	-	NC_072396.2	137723054	137723229	137722758	137722957	GPC4	XM_054471389.2	-	1	137722957	137723054	96	1
NC_072396.2	13779562	13780747	-2	1	-	NC_072396.2	13780394	13780627	13779563	13780129	ATXN3L	XM_054472808.1	-	2	13780129	13780394	264	1
NC_072396.2	158054507	158061536	-1	1	-	NC_072396.2	158057819	158061254	158057198	158057305	LOC129024865	XM_054472137.1	-	1	158057305	158057819	513	1
NC_072396.2	158054507	158061536	-1	1	-	NC_072396.2	158057198	158057305	158056775	158057089	LOC129024865	XM_054472137.1	-	1	158057089	158057198	108	1
NC_072396.2	158054507	158061536	-1	1	-	NC_072396.2	158056775	158057089	158056451	158056612	LOC129024865	XM_054472137.1	-	1	158056612	158056775	162	1
NC_072396.2	158054507	158061536	-1	1	-	NC_072396.2	158056451	158056612	158054508	158056396	LOC129024865	XM_054472137.1	-	1	158056396	158056451	54	1
NC_072396.2	158221587	158228616	1	1	+	NC_072396.2	158221870	158225305	158225819	158225926	LOC129024906	XM_054472191.1	+	1	158225305	158225819	513	1
NC_072396.2	158221587	158228616	1	1	+	NC_072396.2	158225819	158225926	158226035	158226349	LOC129024906	XM_054472191.1	+	1	158225926	158226035	108	1
NC_072396.2	158221587	158228616	1	1	+	NC_072396.2	158226035	158226349	158226512	158226673	LOC129024906	XM_054472191.1	+	1	158226349	158226512	162	1
NC_072396.2	158221587	158228616	1	1	+	NC_072396.2	158226512	158226673	158226728	158228616	LOC129024906	XM_054472191.1	+	1	158226673	158226728	54	1
NC_072396.2	158731332	158731716	1	1	+	NC_072396.2	158731351	158731476	158731558	158731674	PLXNB3	XM_054471261.2	+	1	158731476	158731558	81	10
NC_072396.2	158734443	158735211	1	1	+	NC_072396.2	158734501	158734740	158734828	158734986	PLXNB3	XM_054471261.2	+	1	158734740	158734828	87	10
NC_072396.2	158734443	158735211	1	1	+	NC_072396.2	158734828	158734986	158735059	158735210	PLXNB3	XM_054471261.2	+	1	158734986	158735059	72	9
NC_072396.2	158734443	158735211	1	1	+	NC_072396.2	158734828	158734986	158735065	158735210	PLXNB3	XM_054471262.2	+	1	158734986	158735065	78	1
NC_072396.2	158737577	158738123	3	1	+	NC_072396.2	158737600	158737772	158737920	158738080	PLXNB3	XM_054471261.2	+	3	158737772	158737920	147	9
NC_072396.2	158738025	158738766	1	1	+	NC_072396.2	158738340	158738487	158738653	158738717	PLXNB3	XM_054471261.2	+	1	158738487	158738653	165	9
NC_072396.2	158738853	158739417	1	1	+	NC_072396.2	158738992	158739053	158739327	158739417	PLXNB3	XM_054471265.2	+	1	158739053	158739327	273	1
NC_072396.2	158743041	158743818	1	1	+	NC_072396.2	158743354	158743519	158743622	158743647	SRPK3	XM_054471271.2	+	1	158743519	158743622	102	1
NC_072396.2	158820237	158820882	-3	1	-	NC_072396.2	158820693	158820848	158820246	158820380	L1CAM	XM_054472495.2	-	3	158820380	158820693	312	2
NC_072396.2	158821177	158821867	-2	1	-	NC_072396.2	158821459	158821581	158821192	158821365	L1CAM	XM_054472495.2	-	2	158821365	158821459	93	2
NC_072396.2	158823631	158824327	-2	1	-	NC_072396.2	158824141	158824251	158823697	158823894	L1CAM	XM_054472495.2	-	2	158823894	158824141	246	2
NC_072396.2	158824641	158825154	-3	1	-	NC_072396.2	158824902	158825068	158824643	158824799	L1CAM	XM_054472495.2	-	3	158824799	158824902	102	2
NC_072396.2	158827055	158827658	-1	1	-	NC_072396.2	158827400	158827522	158827133	158827303	L1CAM	XM_054472495.2	-	1	158827303	158827400	96	2
NC_072396.2	158869248	158869740	-3	1	-	NC_072396.2	158869521	158869594	158869250	158869433	ARHGAP4	XM_054471727.2	-	3	158869433	158869521	87	2
NC_072396.2	158870195	158870750	-1	1	-	NC_072396.2	158870639	158870699	158870432	158870509	ARHGAP4	XM_054471727.2	-	1	158870509	158870639	129	2
NC_072396.2	158870195	158870750	-1	1	-	NC_072396.2	158870432	158870509	158870210	158870344	ARHGAP4	XM_054471727.2	-	1	158870344	158870432	87	2
NC_072396.2	158872687	158873647	-2	1	-	NC_072396.2	158873300	158873401	158872931	158873122	ARHGAP4	XM_054471727.2	-	2	158873122	158873300	177	1
NC_072396.2	158893895	158894225	-1	1	-	NC_072396.2	158894114	158894201	158893896	158894029	RENBP	XM_054473145.1	-	1	158894029	158894114	84	2
NC_072396.2	158980096	158980804	-2	1	-	NC_072396.2	158980627	158980762	158980381	158980548	IRAK1	XM_054470919.2	-	2	158980548	158980627	78	2
NC_072396.2	158980096	158980804	-2	1	-	NC_072396.2	158980381	158980548	158980147	158980278	IRAK1	XM_054470919.2	-	2	158980278	158980381	102	2
NC_072396.2	158980096	158980804	-2	1	-	NC_072396.2	158980381	158980762	158980147	158980278	IRAK1	XM_054470920.2	-	2	158980278	158980381	102	1
NC_072396.2	159243194	159244058	-1	1	-	NC_072396.2	159243902	159244024	159243530	159243796	FLNA	XM_054471043.2	-	1	159243796	159243902	105	2
NC_072396.2	159243194	159244058	-1	1	-	NC_072396.2	159243530	159243796	159243233	159243370	FLNA	XM_054471043.2	-	1	159243370	159243530	159	2
NC_072396.2	159253041	159253632	-3	1	-	NC_072396.2	159253503	159253593	159253240	159253409	FLNA	XM_054471043.2	-	3	159253409	159253503	93	2
NC_072396.2	159272487	159272910	1	1	+	NC_072396.2	159272507	159272611	159272759	159272836	EMD	XM_054471046.1	+	1	159272611	159272759	147	1
NC_072396.2	159314027	159314372	3	1	+	NC_072396.2	159314125	159314187	159314305	159314357	TAFAZZIN	XM_054470858.2	+	3	159314187	159314305	117	9
NC_072396.2	159337735	159338062	2	1	+	NC_072396.2	159337768	159337822	159337913	159338062	GDI1	XM_054471646.2	+	2	159337822	159337913	90	1
NC_072396.2	159344986	159345625	2	1	+	NC_072396.2	159345166	159345220	159345368	159345416	FAM50A	XM_054472294.2	+	2	159345220	159345368	147	1
NC_072396.2	159355757	159358004	3	1	+	NC_072396.2	159355785	159356378	159356697	159357236	PLXNA3	XM_054472292.2	+	3	159356378	159356697	318	2
NC_072396.2	159355757	159358004	3	1	+	NC_072396.2	159355785	159356378	159356697	159357918	PLXNA3	XM_063660646.1	+	3	159356378	159356697	318	2
NC_072396.2	159361701	159362454	1	1	+	NC_072396.2	159361719	159361839	159361945	159362081	PLXNA3	XM_054472292.2	+	1	159361839	159361945	105	4
NC_072396.2	159362605	159363091	2	1	+	NC_072396.2	159362626	159362719	159362801	159363040	PLXNA3	XM_054472292.2	+	2	159362719	159362801	81	4
NC_072396.2	159363038	159363575	3	1	+	NC_072396.2	159363114	159363257	159363336	159363570	PLXNA3	XM_054472292.2	+	3	159363257	159363336	78	4
NC_072396.2	159364210	159364672	2	1	+	NC_072396.2	159364231	159364297	159364391	159364537	PLXNA3	XM_054472292.2	+	2	159364297	159364391	93	4
NC_072396.2	159428227	159428707	-2	1	-	NC_072396.2	159428408	159428643	159428229	159428305	G6PD	XM_054470612.2	-	2	159428305	159428408	102	4
NC_072396.2	19417769	19418558	-1	1	-	NC_072396.2	19418097	19418175	19417856	19417985	PHKA2	XM_054471174.2	-	1	19417985	19418097	111	10
NC_072396.2	24321131	24321578	3	1	+	NC_072396.2	24321195	24321246	24321337	24321420	SAT1	XM_054472078.2	+	3	24321246	24321337	90	1
NC_072396.2	24322796	24323135	3	1	+	NC_072396.2	24322870	24322971	24323065	24323105	SAT1	XM_054472078.2	+	3	24322971	24323065	93	1
NC_072396.2	41981199	41981649	1	1	+	NC_072396.2	41981240	41981421	41981515	41981632	DDX3X	XM_054471236.2	+	1	41981421	41981515	93	2
NC_072396.2	47402559	47402940	-3	1	-	NC_072396.2	47402827	47402915	47402620	47402733	SLC9A7	XM_054470982.2	-	3	47402733	47402827	93	5
NC_072396.2	47952871	47953450	2	1	+	NC_072396.2	47953028	47953088	47953242	47953418	RBM10	XM_054470967.2	+	2	47953088	47953242	153	8
NC_072396.2	47953759	47954332	2	1	+	NC_072396.2	47953818	47953978	47954150	47954247	RBM10	XM_054470967.2	+	2	47953978	47954150	171	4
NC_072396.2	47953759	47954332	2	1	+	NC_072396.2	47953818	47953975	47954150	47954247	RBM10	XM_054470968.2	+	2	47953975	47954150	174	4
NC_072396.2	47955078	47955801	1	1	+	NC_072396.2	47955145	47955331	47955437	47955576	RBM10	XM_054470967.2	+	1	47955331	47955437	105	8
NC_072396.2	47955078	47955801	1	1	+	NC_072396.2	47955437	47955576	47955679	47955796	RBM10	XM_054470967.2	+	1	47955576	47955679	102	8
NC_072396.2	47973258	47973750	1	1	+	NC_072396.2	47973267	47973435	47973538	47973672	UBA1	XM_054470960.2	+	1	47973435	47973538	102	7
NC_072396.2	47975126	47975732	3	1	+	NC_072396.2	47975330	47975420	47975532	47975664	UBA1	XM_054470960.2	+	3	47975420	47975532	111	7
NC_072396.2	48231523	48232081	-2	1	-	NC_072396.2	48231880	48232046	48231529	48231624	ZNF41	XM_054472305.2	-	2	48231624	48231880	255	4
NC_072396.2	48231523	48232081	-2	1	-	NC_072396.2	48231880	48232022	48231529	48231624	ZNF41	XM_054472308.2	-	2	48231624	48231880	255	4
NC_072396.2	48231523	48232081	-2	1	-	NC_072396.2	48231880	48232006	48231529	48231624	ZNF41	XM_054472310.2	-	2	48231624	48231880	255	5
NC_072396.2	49371182	49371629	3	1	+	NC_072396.2	49371184	49371287	49371378	49371629	FTSJ1	XM_054472102.2	+	3	49371287	49371378	90	1
NC_072396.2	49371182	49371629	3	1	+	NC_072396.2	49371190	49371287	49371378	49371629	FTSJ1	XM_054472103.2	+	3	49371287	49371378	90	1
NC_072396.2	49371182	49371629	3	1	+	NC_072396.2	49371184	49371287	49371378	49371575	FTSJ1	XM_054472104.2	+	3	49371287	49371378	90	2
NC_072396.2	49371182	49371629	3	1	+	NC_072396.2	49371190	49371287	49371378	49371575	FTSJ1	XM_054472105.2	+	3	49371287	49371378	90	1
NC_072396.2	49398569	49399427	3	1	+	NC_072396.2	49398573	49398640	49398875	49399047	PORCN	XM_054471973.2	+	3	49398640	49398875	234	3
NC_072396.2	49403217	49403787	1	1	+	NC_072396.2	49403331	49403456	49403616	49403716	PORCN	XM_054471973.2	+	1	49403456	49403616	159	15
NC_072396.2	49404762	49405128	1	1	+	NC_072396.2	49404827	49404903	49405000	49405063	PORCN	XM_054471973.2	+	1	49404903	49405000	96	15
NC_072396.2	49490763	49491369	1	1	+	NC_072396.2	49490860	49491040	49491143	49491284	WDR13	XM_054470600.2	+	1	49491040	49491143	102	3
NC_072396.2	49706252	49706852	3	1	+	NC_072396.2	49706282	49706410	49706606	49706774	HDAC6	XM_054471238.2	+	3	49706410	49706606	195	8
NC_072396.2	49801910	49802654	-1	1	-	NC_072396.2	49802366	49802479	49801911	49802032	OTUD5	XM_054471855.2	-	1	49802032	49802366	333	1
NC_072396.2	49801910	49802654	-1	1	-	NC_072396.2	49802366	49802479	49801911	49802029	OTUD5	XM_054471856.2	-	1	49802029	49802366	336	2
NC_072396.2	49845294	49845837	-3	1	-	NC_072396.2	49845649	49845811	49845466	49845549	KCND1	XM_054473148.2	-	3	49845549	49845649	99	1
NC_072396.2	49859915	49860464	-1	1	-	NC_072396.2	49860306	49860401	49860126	49860182	GRIPAP1	XM_054471570.1	-	1	49860182	49860306	123	5
NC_072396.2	50037006	50037804	1	1	+	NC_072396.2	50037133	50037360	50037460	50037631	MAGIX	XM_054470679.2	+	1	50037360	50037460	99	3
NC_072396.2	50037006	50037804	1	1	+	NC_072396.2	50037031	50037360	50037460	50037631	MAGIX	XM_054470682.2	+	1	50037360	50037460	99	4
NC_072396.2	50094969	50095713	-3	1	-	NC_072396.2	50095378	50095585	50095167	50095287	CACNA1F	XM_063660218.1	-	3	50095287	50095378	90	1
NC_072396.2	50094969	50095713	-3	1	-	NC_072396.2	50095167	50095287	50094971	50095052	CACNA1F	XM_063660218.1	-	3	50095052	50095167	114	1
NC_072396.2	50100494	50100950	-1	1	-	NC_072396.2	50100711	50100907	50100496	50100599	CACNA1F	XM_063660218.1	-	1	50100599	50100711	111	1
NC_072396.2	50116107	50116725	1	1	+	NC_072396.2	50116336	50116402	50116502	50116680	CCDC22	XM_054470698.2	+	1	50116402	50116502	99	2
NC_072396.2	50122219	50123089	2	1	+	NC_072396.2	50122412	50122507	50122754	50122813	CCDC22	XM_054470698.2	+	2	50122507	50122754	246	2
NC_072396.2	50124583	50125060	-2	1	-	NC_072396.2	50124911	50125012	50124584	50124730	FOXP3	XM_054470699.2	-	2	50124730	50124911	180	1
NC_072396.2	50129942	50130401	-1	1	-	NC_072396.2	50130118	50130205	50129944	50130048	FOXP3	XM_054470699.2	-	1	50130048	50130118	69	1
NC_072396.2	55413063	55413606	1	1	+	NC_072396.2	55413085	55413393	55413514	55413577	MAGED2	XM_054471281.1	+	1	55413393	55413514	120	4
NC_072396.2	55415177	55415534	3	1	+	NC_072396.2	55415204	55415283	55415377	55415419	MAGED2	XM_054471281.1	+	3	55415283	55415377	93	4
NC_072396.2	55557225	55557672	1	1	+	NC_072396.2	55557322	55557426	55557541	55557604	TRO	XM_054472039.2	+	1	55557426	55557541	114	3
NC_072396.2	55559251	55559611	2	1	+	NC_072396.2	55559281	55559360	55559454	55559496	TRO	XM_054472039.2	+	2	55559360	55559454	93	3
NC_072396.2	71859645	71860152	1	1	+	NC_072396.2	71859678	71859854	71860038	71860152	STARD8	XM_054472629.2	+	1	71859854	71860038	183	8
NC_072396.2	73393646	73394363	3	1	+	NC_072396.2	73393811	73394010	73394212	73394363	AWAT1	XM_054470744.1	+	3	73394010	73394212	201	1
NC_072396.2	73583982	73584399	1	1	+	NC_072396.2	73584228	73584256	73584350	73584399	GDPD2	XM_054470755.2	+	1	73584256	73584350	93	3
NC_072396.2	74258986	74259406	-2	1	-	NC_072396.2	74259367	74259391	74259175	74259261	CXHXorf65	XM_054470776.2	-	2	74259261	74259367	105	2
NC_072396.2	74289979	74290375	2	1	+	NC_072396.2	74289980	74290057	74290148	74290365	MED12	XM_054470778.2	+	2	74290057	74290148	90	2
NC_072396.2	74289979	74290375	2	1	+	NC_072396.2	74289980	74290057	74290148	74290202	MED12	XM_054470780.2	+	2	74290057	74290148	90	2
NC_072396.2	74289979	74290375	2	1	+	NC_072396.2	74290148	74290202	74290278	74290365	MED12	XM_054470780.2	+	2	74290202	74290278	75	2
NC_072397.2	4021923	4022349	1	1	+	NC_072397.2	4021946	4022127	4022197	4022314	DDX3Y	XM_054473518.1	+	1	4022127	4022197	69	2
NC_072397.2	5144614	5147329	-2	1	-	NC_072397.2	5145908	5147161	5144615	5145688	LOC129025938	XM_054473484.2	-	2	5145688	5145908	219	1
NC_072397.2	5144614	5147329	-2	1	-	NC_072397.2	5146413	5147161	5144615	5145860	LOC129025938	XM_054473485.2	-	2	5145860	5146413	552	1
NC_072397.2	9496377	9498096	-3	1	-	NC_072397.2	9497498	9497925	9496378	9497074	LOC129025654	XM_054473289.1	-	3	9497074	9497498	423	1
NC_085930.1	100283580	100284267	1	1	+	NC_085930.1	100283830	100283913	100284040	100284133	TKT	XM_054483874.2	+	1	100283913	100284040	126	3
NC_085930.1	100702122	100703037	1	1	+	NC_085930.1	100702153	100702269	100702546	100702714	ITIH4	XM_054483889.2	+	1	100702269	100702546	276	4
NC_085930.1	100702122	100703037	1	1	+	NC_085930.1	100702546	100702714	100702796	100702921	ITIH4	XM_054483889.2	+	1	100702714	100702796	81	4
NC_085930.1	100724595	100725090	-2	1	-	NC_085930.1	100724884	100725069	100724597	100724736	ITIH3	XM_054483894.1	-	2	100724736	100724884	147	1
NC_085930.1	101002405	101002756	2	1	+	NC_085930.1	101002511	101002571	101002653	101002755	NT5DC2	XM_054483961.2	+	2	101002571	101002653	81	1
NC_085930.1	101014054	101014573	-1	1	-	NC_085930.1	101014330	101014525	101014117	101014212	STAB1	XM_054483896.1	-	1	101014212	101014330	117	8
NC_085930.1	101024446	101024854	-1	1	-	NC_085930.1	101024720	101024833	101024567	101024620	STAB1	XM_054483896.1	-	1	101024620	101024720	99	8
NC_085930.1	101025347	101025818	-3	1	-	NC_085930.1	101025621	101025758	101025354	101025494	STAB1	XM_054483896.1	-	3	101025494	101025621	126	7
NC_085930.1	101025347	101025818	-3	1	-	NC_085930.1	101025621	101025758	101025354	101025479	STAB1	XM_054483897.1	-	3	101025479	101025621	141	1
NC_085930.1	101027639	101028392	-3	1	-	NC_085930.1	101028260	101028329	101027774	101027869	STAB1	XM_054483896.1	-	3	101027869	101028260	390	8
NC_085930.1	101078799	101079159	1	1	+	NC_085930.1	101078910	101079046	101079131	101079159	TNNC1	XM_054479781.2	+	1	101079046	101079131	84	1
NC_085930.1	101122219	101122501	2	1	+	NC_085930.1	101122314	101122343	101122446	101122500	BAP1	XM_054480428.2	+	2	101122343	101122446	102	4
NC_085930.1	101140695	101141139	-2	1	-	NC_085930.1	101140993	101141112	101140711	101140860	DNAH1	XM_054483745.1	-	2	101140860	101140993	132	1
NC_085930.1	101178331	101179345	-1	1	-	NC_085930.1	101178799	101178997	101178467	101178720	DNAH1	XM_054483745.1	-	1	101178720	101178799	78	1
NC_085930.1	101549921	101550452	-3	1	-	NC_085930.1	101550168	101550228	101549922	101550083	ACY1	XM_054483672.2	-	3	101550083	101550168	84	2
NC_085930.1	103240120	103240672	2	1	+	NC_085930.1	103240254	103240303	103240490	103240579	CACNA2D2	XM_054483281.2	+	2	103240303	103240490	186	8
NC_085930.1	103253232	103253952	1	1	+	NC_085930.1	103253651	103253733	103253815	103253952	CACNA2D2	XM_054483281.2	+	1	103253733	103253815	81	5
NC_085930.1	103253232	103253952	1	1	+	NC_085930.1	103253644	103253733	103253815	103253952	CACNA2D2	XM_063661952.1	+	1	103253733	103253815	81	3
NC_085930.1	103327661	103328105	3	1	+	NC_085930.1	103327740	103327868	103327947	103328042	IFRD2	XM_054483309.2	+	3	103327868	103327947	78	2
NC_085930.1	103344842	103345244	-3	1	-	NC_085930.1	103345125	103345244	103344953	103345046	SEMA3B	XM_054480222.2	-	3	103345046	103345125	78	3
NC_085930.1	103421259	103421802	-2	1	-	NC_085930.1	103421559	103421712	103421260	103421447	GNAT1	XM_054482098.1	-	2	103421447	103421559	111	1
NC_085930.1	103432904	103433258	-3	1	-	NC_085930.1	103433144	103433258	103432906	103432975	SEMA3F	XM_054482829.2	-	3	103432975	103433144	168	2
NC_085930.1	103754610	103755375	1	1	+	NC_085930.1	103754820	103754958	103755097	103755217	CAMKV	XM_054481980.1	+	1	103754958	103755097	138	3
NC_085930.1	103935737	103936097	3	1	+	NC_085930.1	103935794	103935906	103935982	103936096	MST1	XM_054481685.2	+	3	103935906	103935982	75	7
NC_085930.1	103936100	103936520	3	1	+	NC_085930.1	103936175	103936311	103936393	103936509	MST1	XM_054481685.2	+	3	103936311	103936393	81	6
NC_085930.1	103936100	103936520	3	1	+	NC_085930.1	103936175	103936311	103936393	103936513	MST1	XM_054481686.2	+	3	103936311	103936393	81	1
NC_085930.1	103938802	103939192	2	1	+	NC_085930.1	103938805	103938911	103939008	103939147	MST1	XM_054481685.2	+	2	103938911	103939008	96	6
NC_085930.1	103941472	103941757	-1	1	-	NC_085930.1	103941640	103941723	103941478	103941558	APEH	XM_054481682.2	-	1	103941558	103941640	81	3
NC_085930.1	103948727	103949183	-3	1	-	NC_085930.1	103949037	103949048	103948829	103948961	APEH	XM_054481682.2	-	3	103948961	103949037	75	3
NC_085930.1	104502342	104502837	1	1	+	NC_085930.1	104502415	104502603	104502697	104502760	LAMB2	XM_054481609.2	+	1	104502603	104502697	93	2
NC_085930.1	104509437	104510031	1	1	+	NC_085930.1	104509496	104509713	104509822	104509918	LAMB2	XM_054481609.2	+	1	104509713	104509822	108	2
NC_085930.1	104518168	104518762	2	1	+	NC_085930.1	104518170	104518390	104518475	104518670	USP19	XM_054481611.2	+	2	104518390	104518475	84	27
NC_085930.1	104518168	104518762	2	1	+	NC_085930.1	104518176	104518390	104518475	104518670	USP19	XM_054481615.2	+	2	104518390	104518475	84	20
NC_085930.1	104608727	104609147	3	1	+	NC_085930.1	104608848	104608938	104609038	104609133	IMPDH2	XM_054481709.2	+	3	104608938	104609038	99	2
NC_085930.1	104616850	104617429	2	1	+	NC_085930.1	104616887	104617051	104617133	104617428	DALRD3	XM_054481711.2	+	2	104617051	104617133	81	8
NC_085930.1	104927627	104928110	3	1	+	NC_085930.1	104927725	104927793	104927884	104928109	IP6K2	XM_063661166.1	+	3	104927793	104927884	90	6
NC_085930.1	104975342	104976377	3	1	+	NC_085930.1	104975776	104975888	104976297	104976376	CELSR3	XM_054481599.1	+	3	104975888	104976297	408	6
NC_085930.1	105030931	105031378	2	1	+	NC_085930.1	105030972	105031118	105031206	105031322	COL7A1	XM_054481605.2	+	2	105031118	105031206	87	1
NC_085930.1	105032615	105033203	3	1	+	NC_085930.1	105032623	105032748	105032851	105032994	COL7A1	XM_054481605.2	+	3	105032748	105032851	102	1
NC_085930.1	105036441	105036906	1	1	+	NC_085930.1	105036541	105036667	105036752	105036898	COL7A1	XM_054481605.2	+	1	105036667	105036752	84	1
NC_085930.1	105038026	105038347	2	1	+	NC_085930.1	105038114	105038194	105038285	105038320	COL7A1	XM_054481605.2	+	2	105038194	105038285	90	1
NC_085930.1	105039533	105039869	3	1	+	NC_085930.1	105039615	105039674	105039807	105039842	COL7A1	XM_054481605.2	+	3	105039674	105039807	132	1
NC_085930.1	105043156	105043807	2	1	+	NC_085930.1	105043562	105043642	105043715	105043750	COL7A1	XM_054481605.2	+	2	105043642	105043715	72	1
NC_085930.1	105044381	105044993	3	1	+	NC_085930.1	105044718	105044780	105044868	105044912	COL7A1	XM_054481605.2	+	3	105044780	105044868	87	1
NC_085930.1	105047580	105048162	1	1	+	NC_085930.1	105047686	105047886	105047983	105048018	COL7A1	XM_054481605.2	+	1	105047886	105047983	96	1
NC_085930.1	105050655	105050889	1	1	+	NC_085930.1	105050668	105050703	105050785	105050826	COL7A1	XM_054481605.2	+	1	105050703	105050785	81	1
NC_085930.1	106231586	106234187	-3	1	-	NC_085930.1	106233802	106233981	106231902	106233708	PTPN23	XM_054481893.2	-	3	106233708	106233802	93	4
NC_085930.1	106231586	106234187	-3	1	-	NC_085930.1	106231902	106233708	106231621	106231805	PTPN23	XM_054481893.2	-	3	106231805	106231902	96	4
NC_085930.1	106233928	106234489	-1	1	-	NC_085930.1	106234319	106234473	106234068	106234219	PTPN23	XM_054481893.2	-	1	106234219	106234319	99	4
NC_085930.1	106236793	106237387	-1	1	-	NC_085930.1	106237280	106237360	106237073	106237204	PTPN23	XM_054481893.2	-	1	106237204	106237280	75	4
NC_085930.1	106236793	106237387	-1	1	-	NC_085930.1	106237073	106237204	106236935	106236982	PTPN23	XM_054481893.2	-	1	106236982	106237073	90	4
NC_085930.1	106630636	106631038	-1	1	-	NC_085930.1	106630865	106631023	106630638	106630786	NBEAL2	XM_054481917.2	-	1	106630786	106630865	78	3
NC_085930.1	106650141	106650600	-2	1	-	NC_085930.1	106650392	106650520	106650196	106650277	NBEAL2	XM_054481917.2	-	2	106650277	106650392	114	3
NC_085930.1	106782667	106782904	2	1	+	NC_085930.1	106782690	106782767	106782879	106782904	MYL3	XM_054481943.2	+	2	106782767	106782879	111	5
NC_085930.1	106891814	106892465	3	1	+	NC_085930.1	106891920	106892022	106892167	106892391	LOC129033401	XM_054481937.1	+	3	106892022	106892167	144	1
NC_085930.1	108748342	108748855	-1	1	-	NC_085930.1	108748576	108748750	108748344	108748482	TGM4	XM_054481254.2	-	1	108748482	108748576	93	6
NC_085930.1	110966542	110967061	2	1	+	NC_085930.1	110966621	110966734	110966864	110967058	HHATL	XM_054483347.1	+	2	110966734	110966864	129	1
NC_085930.1	113217073	113217670	-1	1	-	NC_085930.1	113217469	113217622	113217136	113217255	LOC129033625	XM_063661269.1	-	1	113217255	113217469	213	1
NC_085930.1	114563169	114564666	1	1	+	NC_085930.1	114563269	114563583	114563680	114564666	CSRNP1	XM_054483487.2	+	1	114563583	114563680	96	3
NC_085930.1	114569079	114569688	-2	1	-	NC_085930.1	114569331	114569451	114569095	114569162	TTC21A	XM_054483482.2	-	2	114569162	114569331	168	11
NC_085930.1	114577177	114577741	-1	1	-	NC_085930.1	114577565	114577637	114577358	114577468	TTC21A	XM_054483482.2	-	1	114577468	114577565	96	11
NC_085930.1	133749118	133749706	2	1	+	NC_085930.1	133749254	133749395	133749477	133749673	SGO1	XM_054483036.2	+	2	133749395	133749477	81	6
NC_085930.1	139087630	139087888	2	1	+	NC_085930.1	139087631	139087666	139087784	139087820	COL6A5	XM_054483243.1	+	2	139087666	139087784	117	2
NC_085930.1	151366005	151366446	1	1	+	NC_085930.1	151366048	151366213	151366295	151366437	PLS1	XM_054481244.2	+	1	151366213	151366295	81	4
NC_085930.1	158558412	158558757	-2	1	-	NC_085930.1	158558673	158558739	158558505	158558582	COMMD2	XM_054480243.2	-	2	158558582	158558673	90	1
NC_085930.1	169488916	169489312	-1	1	-	NC_085930.1	169489127	169489296	169488989	169489033	KPNA4	XM_054482710.2	-	1	169489033	169489127	93	1
NC_085930.1	189800117	189800621	3	1	+	NC_085930.1	189800150	189800274	189800383	189800582	TTC14	XM_054481203.2	+	3	189800274	189800383	108	2
NC_085930.1	190444680	190445289	-2	1	-	NC_085930.1	190444993	190445268	190444726	190444857	LOC129032964	XM_054480868.1	-	2	190444857	190444993	135	1
NC_085930.1	193350536	193351094	3	1	+	NC_085930.1	193350610	193350711	193350883	193350990	EIF2B5	XM_054481113.2	+	3	193350711	193350883	171	1
NC_085930.1	193396325	193396616	3	1	+	NC_085930.1	193396388	193396468	193396556	193396615	ABCF3	XM_054479475.2	+	3	193396468	193396556	87	2
NC_085930.1	193448763	193449570	1	1	+	NC_085930.1	193448791	193448980	193449086	193449430	VWA5B2	XM_054481365.2	+	1	193448980	193449086	105	10
NC_085930.1	193535553	193536159	1	1	+	NC_085930.1	193535554	193535742	193535929	193536126	EIF4G1	XM_054480996.2	+	1	193535742	193535929	186	4
NC_085930.1	193535553	193536159	1	1	+	NC_085930.1	193535557	193535742	193535929	193536126	EIF4G1	XM_054480999.2	+	1	193535742	193535929	186	1
NC_085930.1	193553826	193554528	1	1	+	NC_085930.1	193553881	193553974	193554224	193554406	FAM131A	XM_054481015.2	+	1	193553974	193554224	249	2
NC_085930.1	193553826	193554528	1	1	+	NC_085930.1	193553905	193553974	193554224	193554406	FAM131A	XM_054481016.2	+	1	193553974	193554224	249	7
NC_085930.1	193569913	193570729	-1	1	-	NC_085930.1	193570136	193570269	193569953	193570030	CLCN2	XM_054481012.2	-	1	193570030	193570136	105	2
NC_085930.1	193591902	193592973	1	1	+	NC_085930.1	193592161	193592308	193592534	193592637	CHRD	XM_054481033.2	+	1	193592308	193592534	225	5
NC_085930.1	193796872	193797928	2	1	+	NC_085930.1	193797131	193797346	193797458	193797607	EPHB3	XM_054481038.2	+	2	193797346	193797458	111	2
NC_085930.1	193796872	193797928	2	1	+	NC_085930.1	193797458	193797607	193797701	193797894	EPHB3	XM_054481038.2	+	2	193797607	193797701	93	2
NC_085930.1	195317473	195318115	-1	1	-	NC_085930.1	195317936	195317980	195317713	195317800	ETV5	XM_054482611.2	-	1	195317800	195317936	135	1
NC_085930.1	195317473	195318115	-1	1	-	NC_085930.1	195317713	195317800	195317536	195317583	ETV5	XM_054482611.2	-	1	195317583	195317713	129	2
NC_085930.1	195317473	195318115	-1	1	-	NC_085930.1	195317936	195318054	195317713	195317800	ETV5	XM_063662497.1	-	1	195317800	195317936	135	1
NC_085930.1	200614101	200614983	1	1	+	NC_085930.1	200614142	200614669	200614769	200614983	CCDC50	XM_054479927.2	+	1	200614669	200614769	99	1
NC_085930.1	203898331	203898808	-1	1	-	NC_085930.1	203898707	203898808	203898473	203898616	LSG1	XM_054483808.2	-	1	203898616	203898707	90	1
NC_085930.1	206141672	206143583	-3	1	-	NC_085930.1	206141904	206143252	206141712	206141807	TNK2	XM_054480440.2	-	3	206141807	206141904	96	17
NC_085930.1	206141672	206143583	-3	1	-	NC_085930.1	206141904	206143252	206141712	206141801	TNK2	XM_054480442.2	-	3	206141801	206141904	102	4
NC_085930.1	206152403	206153618	-3	1	-	NC_085930.1	206153460	206153586	206152482	206152628	TNK2	XM_054480440.2	-	3	206152628	206153460	831	29
NC_085930.1	207184079	207184490	3	1	+	NC_085930.1	207184081	207184186	207184340	207184478	SENP5	XM_054480480.2	+	3	207184186	207184340	153	2
NC_085930.1	207292574	207293093	-3	1	-	NC_085930.1	207292837	207292993	207292685	207292752	MELTF	XM_054480484.2	-	3	207292752	207292837	84	5
NC_085930.1	234776	235337	-3	1	-	NC_085930.1	235059	235245	234819	234956	ST3GAL6	XM_054480023.2	-	3	234956	235059	102	11
NC_085930.1	41973320	41973683	-3	1	-	NC_085930.1	41973670	41973683	41973441	41973486	DPPA2	XM_054482629.2	-	3	41973486	41973670	183	1
NC_085930.1	46014663	46015215	1	1	+	NC_085930.1	46014692	46014924	46015138	46015214	BOC	XM_054480663.2	+	1	46014924	46015138	213	3
NC_085930.1	46014663	46015215	1	1	+	NC_085930.1	46014692	46014924	46015036	46015214	BOC	XM_063661634.1	+	1	46014924	46015036	111	5
NC_085930.1	46346795	46347323	3	1	+	NC_085930.1	46346921	46347026	46347117	46347227	SIDT1	XM_054480697.2	+	3	46347026	46347117	90	5
NC_085930.1	52566169	52566904	2	1	+	NC_085930.1	52566430	52566572	52566774	52566890	NR1I2	XM_054482766.2	+	2	52566572	52566774	201	2
NC_085930.1	53209391	53209832	-3	1	-	NC_085930.1	53209779	53209781	53209572	53209628	FSTL1	XM_054481998.2	-	3	53209628	53209779	150	1
NC_085930.1	55690038	55690788	-2	1	-	NC_085930.1	55690359	55690529	55690107	55690256	SEMA5B	XM_054482446.2	-	2	55690256	55690359	102	7
NC_085930.1	55690038	55690788	-2	1	-	NC_085930.1	55690359	55690529	55690107	55690253	SEMA5B	XM_054482449.2	-	2	55690253	55690359	105	2
NC_085930.1	59175888	59176272	-2	1	-	NC_085930.1	59176114	59176242	59175890	59175951	UROC1	XM_054480794.1	-	2	59175951	59176114	162	1
NC_085930.1	59692037	59692694	3	1	+	NC_085930.1	59692265	59692388	59692470	59692623	PLXNA1	XM_054481486.2	+	3	59692388	59692470	81	2
NC_085930.1	59701500	59702010	1	1	+	NC_085930.1	59701562	59701755	59701858	59702009	PLXNA1	XM_054481486.2	+	1	59701755	59701858	102	2
NC_085930.1	59703630	59705073	1	1	+	NC_085930.1	59703891	59704058	59704317	59704410	PLXNA1	XM_054481486.2	+	1	59704058	59704317	258	2
NC_085930.1	59703630	59705073	1	1	+	NC_085930.1	59704317	59704410	59704816	59705055	PLXNA1	XM_054481486.2	+	1	59704410	59704816	405	2
NC_085930.1	60263895	60264243	-2	1	-	NC_085930.1	60264130	60264216	60263961	60264033	TPRA1	XM_054481240.2	-	2	60264033	60264130	96	4
NC_085930.1	62290291	62290708	-1	1	-	NC_085930.1	62290579	62290686	62290373	62290485	PLXND1	XM_054482213.2	-	1	62290485	62290579	93	2
NC_085930.1	64509527	64509941	3	1	+	NC_085930.1	64509570	64509674	64509774	64509875	NUP210	XM_054480320.2	+	3	64509674	64509774	99	1
NC_085930.1	67961270	67961834	-3	1	-	NC_085930.1	67961723	67961806	67961447	67961542	CRELD1	XM_054481414.2	-	3	67961542	67961723	180	2
NC_085930.1	67984349	67984784	-3	1	-	NC_085930.1	67984584	67984765	67984440	67984490	IL17RC	XM_054481402.2	-	3	67984490	67984584	93	12
NC_085930.1	79092628	79093084	2	1	+	NC_085930.1	79092675	79092833	79092933	79093082	CNTN3	XM_054483033.2	+	2	79092833	79092933	99	3
NC_085930.1	89582605	89583466	-1	1	-	NC_085930.1	89583091	89583406	89582788	89582856	ATXN7	XM_054483997.2	-	1	89582856	89583091	234	5
NC_085930.1	95369939	95370617	-3	1	-	NC_085930.1	95370425	95370577	95370200	95370322	FLNB	XM_054479642.2	-	3	95370322	95370425	102	5
NC_085931.1	26682922	26683174	-2	1	-	NC_085931.1	26683118	26683146	26682943	26683015	LOC129023613	XM_063663411.1	-	2	26683015	26683118	102	1
NC_085931.1	27168541	27169063	-2	1	-	NC_085931.1	27168884	27169062	27168542	27168847	LOC134739365	XM_063663361.1	-	2	27168847	27168884	36	1
NC_085931.1	28227627	28228098	-3	1	-	NC_085931.1	28227891	28227964	28227628	28227809	MICAL3	XM_054470576.2	-	3	28227809	28227891	81	11
NC_085931.1	28894318	28894762	2	1	+	NC_085931.1	28894414	28894502	28894578	28894762	PRODH	XM_054470120.2	+	2	28894502	28894578	75	3
NC_085931.1	29709745	29710492	-2	1	-	NC_085931.1	29710297	29710342	29709843	29710143	LOC129022799	XM_063662782.1	-	2	29710143	29710297	153	1
NC_085931.1	31501566	31502205	-3	1	-	NC_085931.1	31502013	31502132	31501753	31501832	PI4KA	XM_054469095.2	-	3	31501832	31502013	180	2
NC_085931.1	31755429	31756005	1	1	+	NC_085931.1	31755433	31755504	31755598	31755661	AIFM3	XM_054469107.2	+	1	31755504	31755598	93	7
NC_085931.1	31756077	31756650	1	1	+	NC_085931.1	31756265	31756341	31756453	31756570	AIFM3	XM_054469107.2	+	1	31756341	31756453	111	7
NC_085931.1	31774001	31774781	3	1	+	NC_085931.1	31774150	31774276	31774367	31774516	LZTR1	XM_054469101.2	+	3	31774276	31774367	90	1
NC_085931.1	31807147	31807597	-2	1	-	NC_085931.1	31807426	31807534	31807148	31807320	SLC7A4	XM_054469128.2	-	2	31807320	31807426	105	2
NC_085931.1	32127452	32128316	3	1	+	NC_085931.1	32127487	32127588	32127796	32128315	SCARF2	XM_054469136.2	+	3	32127588	32127796	207	3
NC_085931.1	32276924	32277491	3	1	+	NC_085931.1	32277009	32277118	32277188	32277348	DGCR6L	XM_054469154.2	+	3	32277118	32277188	69	3
NC_085931.1	32447043	32447973	1	1	+	NC_085931.1	32447098	32447227	32447441	32447548	CCDC188	XM_054469173.2	+	1	32447227	32447441	213	4
NC_085931.1	32447612	32448077	3	1	+	NC_085931.1	32447632	32447736	32447827	32447960	CCDC188	XM_054469173.2	+	3	32447736	32447827	90	2
NC_085931.1	32447612	32448077	3	1	+	NC_085931.1	32447632	32447736	32447830	32447960	CCDC188	XM_054469174.2	+	3	32447736	32447830	93	2
NC_085931.1	32840044	32841016	-2	1	-	NC_085931.1	32840866	32840966	32840045	32840523	TBX1	XM_054469233.2	-	2	32840523	32840866	342	3
NC_085931.1	32845499	32846420	-1	1	-	NC_085931.1	32846324	32846407	32845567	32845945	TBX1	XM_054469233.2	-	1	32845945	32846324	378	2
NC_085931.1	33468868	33469759	2	1	+	NC_085931.1	33468962	33469220	33469332	33469585	GSC2	XM_054469296.2	+	2	33469220	33469332	111	1
NC_085931.1	35156601	35157153	1	1	+	NC_085931.1	35156629	35156669	35156910	35157129	CHCHD10	XM_054469387.2	+	1	35156669	35156910	240	1
NC_085931.1	40130582	40131053	3	1	+	NC_085931.1	40130758	40130808	40130893	40130982	EMID1	XM_054470224.2	+	3	40130808	40130893	84	4
NC_085931.1	40133314	40133704	2	1	+	NC_085931.1	40133429	40133491	40133597	40133641	EMID1	XM_054470224.2	+	2	40133491	40133597	105	6
NC_085931.1	40229014	40229593	-2	1	-	NC_085931.1	40229443	40229529	40229015	40229352	AP1B1	XM_054470202.2	-	2	40229352	40229443	90	6
NC_085931.1	40229014	40229593	-2	1	-	NC_085931.1	40229443	40229529	40229198	40229352	AP1B1	XM_054470204.2	-	2	40229352	40229443	90	4
NC_085931.1	41407554	41407911	-3	1	-	NC_085931.1	41407771	41407877	41407556	41407695	SEC14L4	XM_063662683.1	-	3	41407695	41407771	75	2
NC_085931.1	41440809	41441508	-3	1	-	NC_085931.1	41441160	41441329	41440810	41440919	LOC129023524	XM_054470322.2	-	3	41440919	41441160	240	4
NC_085931.1	41441419	41441776	-2	1	-	NC_085931.1	41441636	41441742	41441421	41441560	LOC129023524	XM_054470322.2	-	2	41441560	41441636	75	4
NC_085931.1	41493236	41493848	-1	1	-	NC_085931.1	41493645	41493811	41493345	41493506	PES1	XM_054470333.2	-	1	41493506	41493645	138	1
NC_085931.1	41804590	41805217	2	1	+	NC_085931.1	41804704	41804758	41805014	41805160	OSBP2	XM_054470340.2	+	2	41804758	41805014	255	6
NC_085931.1	41804590	41805217	2	1	+	NC_085931.1	41804704	41804758	41805044	41805160	OSBP2	XM_054470342.2	+	2	41804758	41805044	285	2
NC_085931.1	42010213	42010570	2	1	+	NC_085931.1	42010241	42010393	42010472	42010547	SMTN	XM_054470357.2	+	2	42010393	42010472	78	7
NC_085931.1	42011462	42012329	3	1	+	NC_085931.1	42011674	42011838	42011935	42011997	SMTN	XM_054470357.2	+	3	42011838	42011935	96	5
NC_085931.1	42048213	42048591	1	1	+	NC_085931.1	42048250	42048327	42048454	42048558	INPP5J	XM_054470364.2	+	1	42048327	42048454	126	9
NC_085931.1	42206083	42206590	-2	1	-	NC_085931.1	42206350	42206466	42206137	42206256	PIK3IP1	XM_054470387.2	-	2	42206256	42206350	93	1
NC_085931.1	42528847	42529276	2	1	+	NC_085931.1	42528976	42529087	42529175	42529276	SFI1	XM_054470389.2	+	2	42529087	42529175	87	46
NC_085931.1	42821559	42822093	1	1	+	NC_085931.1	42821583	42821665	42821804	42822093	DEPDC5	XM_054470437.2	+	1	42821665	42821804	138	13
NC_085931.1	47744288	47744687	-1	1	-	NC_085931.1	47744549	47744660	47744349	47744428	IFT27	XM_063663027.1	-	1	47744428	47744549	120	1
NC_085931.1	48614095	48614638	2	1	+	NC_085931.1	48614255	48614395	48614480	48614561	GGA1	XM_054469616.2	+	2	48614395	48614480	84	3
NC_085931.1	49708425	49709298	-3	1	-	NC_085931.1	49709049	49709224	49708737	49708874	SUN2	XM_054470584.2	-	3	49708874	49709049	174	5
NC_085931.1	49708425	49709298	-3	1	-	NC_085931.1	49709049	49709134	49708737	49708874	SUN2	XM_054470589.2	-	3	49708874	49709049	174	2
NC_085931.1	49947231	49948002	1	1	+	NC_085931.1	49947370	49947649	49947857	49948001	APOBEC3B	XM_054470458.2	+	1	49947649	49947857	207	1
NC_085931.1	51298624	51299071	2	1	+	NC_085931.1	51298649	51298718	51298866	51299013	ADSL	XM_054469568.2	+	2	51298718	51298866	147	2
NC_085931.1	51344884	51345610	2	1	+	NC_085931.1	51344954	51345008	51345138	51345265	SGSM3	XM_054469577.2	+	2	51345008	51345138	129	11
NC_085931.1	51344884	51345610	2	1	+	NC_085931.1	51345138	51345265	51345350	51345505	SGSM3	XM_054469577.2	+	2	51345265	51345350	84	11
NC_085931.1	52456741	52457464	2	1	+	NC_085931.1	52456769	52456891	52457123	52457278	ACO2	XM_054469927.2	+	2	52456891	52457123	231	2
NC_085931.1	52841967	52843176	-3	1	-	NC_085931.1	52842627	52842938	52841968	52842350	SHISA8	XM_054469949.2	-	3	52842350	52842627	276	1
NC_085931.1	52841967	52843176	-3	1	-	NC_085931.1	52842627	52843058	52841968	52842350	SHISA8	XM_054469950.2	-	3	52842350	52842627	276	1
NC_085931.1	53062576	53063767	2	1	+	NC_085931.1	53062889	53062931	53063238	53063766	LOC129023336	XM_063662971.1	+	2	53062931	53063238	306	1
NC_085931.1	53074617	53075808	1	1	+	NC_085931.1	53074930	53074972	53075279	53075807	LOC129023333	XM_054469969.2	+	1	53074972	53075279	306	2
NC_085931.1	55875415	55876207	-2	1	-	NC_085931.1	55875946	55876021	55875509	55875612	PHF21B	XM_054469869.2	-	2	55875612	55875946	333	5
NC_085931.1	56197854	56198496	-3	1	-	NC_085931.1	56198317	56198394	56197882	56197983	KIAA0930	XM_054469801.2	-	3	56197983	56198317	333	2
NC_085931.1	61184632	61185073	-2	1	-	NC_085931.1	61184948	61185028	61184633	61184815	IL17REL	XM_054469726.2	-	2	61184815	61184948	132	1
NC_085931.1	61405435	61406041	-2	1	-	NC_085931.1	61405682	61405876	61405471	61405603	TUBGCP6	XM_054470126.2	-	2	61405603	61405682	78	1
NC_085931.1	61432602	61433172	-3	1	-	NC_085931.1	61432785	61432951	61432603	61432667	HDAC10	XM_054470133.2	-	3	61432667	61432785	117	1
NC_085931.1	61436482	61437403	-2	1	-	NC_085931.1	61436709	61436813	61436484	61436552	HDAC10	XM_054470128.2	-	2	61436552	61436709	156	16
NC_085931.1	61442632	61443181	-2	1	-	NC_085931.1	61443040	61443154	61442764	61442835	MAPK12	XM_054470137.2	-	2	61442835	61443040	204	6
NC_085931.1	61442632	61443181	-2	1	-	NC_085931.1	61443040	61443154	61442764	61442859	MAPK12	XM_063663323.1	-	2	61442859	61443040	180	9
NC_085931.1	61453886	61454558	-1	1	-	NC_085931.1	61454433	61454480	61454240	61454354	MAPK11	XM_054470140.2	-	1	61454354	61454433	78	5
NC_085931.1	61454544	61454802	-3	1	-	NC_085931.1	61454680	61454791	61454563	61454592	MAPK11	XM_054470140.2	-	3	61454592	61454680	87	3
NC_085931.1	61454544	61454802	-3	1	-	NC_085931.1	61454680	61454772	61454563	61454592	MAPK11	XM_063663336.1	-	3	61454592	61454680	87	1
NC_085931.1	61454875	61455487	-2	1	-	NC_085931.1	61455125	61455254	61454877	61454935	MAPK11	XM_054470140.2	-	2	61454935	61455125	189	4
NC_085931.1	61470131	61470743	-1	1	-	NC_085931.1	61470483	61470591	61470205	61470341	PLXNB2	XM_054470144.2	-	1	61470341	61470483	141	29
NC_085931.1	61499328	61501254	-3	1	-	NC_085931.1	61500430	61500483	61500002	61500111	DENND6B	XM_054469706.2	-	3	61500111	61500430	318	4
NC_085931.1	61499328	61501254	-3	1	-	NC_085931.1	61500002	61500111	61499569	61499671	DENND6B	XM_054469706.2	-	3	61499671	61500002	330	4
NC_085931.1	61499328	61501254	-3	1	-	NC_085931.1	61499569	61499671	61499389	61499463	DENND6B	XM_054469706.2	-	3	61499463	61499569	105	7
NC_085931.1	61499328	61501254	-3	1	-	NC_085931.1	61500430	61500483	61500002	61500099	DENND6B	XM_063662693.1	-	3	61500099	61500430	330	3
NC_085931.1	61499328	61501254	-3	1	-	NC_085931.1	61500002	61500099	61499569	61499671	DENND6B	XM_063662693.1	-	3	61499671	61500002	330	3
NC_085931.1	61614939	61615623	1	1	+	NC_085931.1	61614963	61615020	61615294	61615418	PPP6R2	XM_054470490.2	+	1	61615020	61615294	273	46
NC_085931.1	61633246	61633969	-2	1	-	NC_085931.1	61633604	61633785	61633337	61633516	SBF1	XM_054470484.2	-	2	61633516	61633604	87	6
NC_085931.1	61637326	61637830	-2	1	-	NC_085931.1	61637631	61637809	61637368	61637504	SBF1	XM_054470484.2	-	2	61637504	61637631	126	6
NC_085931.1	61642928	61643522	-1	1	-	NC_085931.1	61643190	61643298	61643001	61643114	SBF1	XM_054470484.2	-	1	61643114	61643190	75	6
NC_085931.1	61643777	61644680	-1	1	-	NC_085931.1	61644378	61644488	61644018	61644041	SBF1	XM_054470484.2	-	1	61644041	61644378	336	2
NC_085931.1	61664766	61665324	1	1	+	NC_085931.1	61664851	61665013	61665236	61665303	MIOX	XM_054470516.1	+	1	61665013	61665236	222	2
NC_085931.1	61683289	61683697	-2	1	-	NC_085931.1	61683511	61683679	61683291	61683402	LMF2	XM_054468983.2	-	2	61683402	61683511	108	1
NC_085931.1	61700331	61700640	1	1	+	NC_085931.1	61700348	61700401	61700543	61700613	NCAPH2	XM_054468985.2	+	1	61700401	61700543	141	5
NC_085931.1	61709185	61709722	-2	1	-	NC_085931.1	61709473	61709594	61709248	61709388	CIMAP1B	XM_054468997.2	-	2	61709388	61709473	84	1
NC_085931.1	61757663	61758317	-1	1	-	NC_085931.1	61758105	61758239	61757838	61757990	CPT1B	XM_054469639.2	-	1	61757990	61758105	114	4
NC_085931.1	61867844	61868234	3	1	+	NC_085931.1	61867857	61867965	61868041	61868192	SHANK3	XM_054469675.2	+	3	61867965	61868041	75	4
