chr	start	end	frame	filler	frame	chr	exon_1_start	exon_1_end	exon_2_start	exon_2_end	gene	transcript	exon_strand	exon_frame	intron_start	intron_end	intron_length	merged_txs
NC_072398.2	106760564	106761164	3	1	+	NC_072398.2	106760684	106760817	106761001	106761038	PIAS3	XM_016941336.4	+	3	106760817	106761001	183	2
NC_072398.2	117966537	117967353	-1	1	-	NC_072398.2	117966884	117967060	117966573	117966745	LOC112208393	XM_063789594.1	-	1	117966745	117966884	138	1
NC_072398.2	117971564	117972686	-2	1	-	NC_072398.2	117971911	117972402	117971600	117971772	LOC112208393	XM_063789594.1	-	2	117971772	117971911	138	1
NC_072398.2	118481484	118481916	1	1	+	NC_072398.2	118481524	118481631	118481764	118481915	PPM1J	XM_009429244.4	+	1	118481631	118481764	132	2
NC_072398.2	121530579	121531071	-1	1	-	NC_072398.2	121530835	121530930	121530634	121530744	GSTM2	NM_001367584.1	-	1	121530744	121530835	90	1
NC_072398.2	121822018	121822570	-3	1	-	NC_072398.2	121822502	121822537	121822153	121822228	GSTM2	NM_001367584.1	-	3	121822228	121822502	273	1
NC_072398.2	121831344	121831932	-1	1	-	NC_072398.2	121831708	121831803	121831507	121831617	GSTM4	NM_001367583.1	-	1	121831617	121831708	90	4
NC_072398.2	122216536	122217394	-3	1	-	NC_072398.2	122217181	122217375	122216872	122217042	CELSR2	XM_016923898.4	-	3	122217042	122217181	138	4
NC_072398.2	122216536	122217394	-3	1	-	NC_072398.2	122216872	122217042	122216538	122216772	CELSR2	XM_016923898.4	-	3	122216772	122216872	99	2
NC_072398.2	122216536	122217394	-3	1	-	NC_072398.2	122216872	122217042	122216538	122216790	CELSR2	XM_063816064.1	-	3	122216790	122216872	81	2
NC_072398.2	122218455	122218926	-1	1	-	NC_072398.2	122218696	122218822	122218486	122218608	CELSR2	XM_016923898.4	-	1	122218608	122218696	87	4
NC_072398.2	159932132	159932405	3	1	+	NC_072398.2	159932144	159932196	159932287	159932395	ZRANB2	XM_001166823.6	+	3	159932196	159932287	90	2
NC_072398.2	176177061	176177937	-1	1	-	NC_072398.2	176177575	176177739	176177254	176177376	CIMAP2	XM_001153996.5	-	1	176177376	176177575	198	2
NC_072398.2	176757925	176758612	2	1	+	NC_072398.2	176758127	176758205	176758476	176758504	SSBP3	XM_016918894.4	+	2	176758205	176758476	270	16
NC_072398.2	178653996	178654362	1	1	+	NC_072398.2	178654005	178654095	178654249	178654338	CC2D1B	XM_016918308.3	+	1	178654095	178654249	153	4
NC_072398.2	184555248	184555839	-1	1	-	NC_072398.2	184555560	184555600	184555270	184555394	FAAH	XM_001161208.4	-	1	184555394	184555560	165	1
NC_072398.2	184771487	184771838	3	1	+	NC_072398.2	184771538	184771610	184771692	184771820	POMGNT1	XM_001160396.6	+	3	184771610	184771692	81	4
NC_072398.2	185345270	185345936	3	1	+	NC_072398.2	185345578	185345696	185345838	185345935	CCDC17	XM_001158794.8	+	3	185345696	185345838	141	2
NC_072398.2	185346409	185346928	2	1	+	NC_072398.2	185346460	185346670	185346740	185346850	CCDC17	XM_001158794.8	+	2	185346670	185346740	69	2
NC_072398.2	185626259	185626538	-2	1	-	NC_072398.2	185626389	185626531	185626261	185626301	TOE1	XM_009456286.5	-	2	185626301	185626389	87	2
NC_072398.2	185626259	185626538	-2	1	-	NC_072398.2	185626389	185626445	185626261	185626301	TOE1	XM_009456291.5	-	2	185626301	185626389	87	1
NC_072398.2	186152454	186153105	-1	1	-	NC_072398.2	186152725	186152850	186152455	186152586	BTBD19	XM_009456196.4	-	1	186152586	186152725	138	5
NC_072398.2	186152454	186153105	-1	1	-	NC_072398.2	186152725	186153086	186152455	186152586	BTBD19	XM_016961466.3	-	1	186152586	186152725	138	1
NC_072398.2	186180592	186181336	2	1	+	NC_072398.2	186180657	186180890	186181125	186181279	BEST4	XM_016961438.3	+	2	186180890	186181125	234	2
NC_072398.2	186204598	186205135	-3	1	-	NC_072398.2	186204911	186205016	186204704	186204817	KIF2C	XM_001151208.6	-	3	186204817	186204911	93	4
NC_072398.2	186206294	186207116	-2	1	-	NC_072398.2	186206880	186207084	186206661	186206771	KIF2C	XM_001151208.6	-	2	186206771	186206880	108	3
NC_072398.2	186206294	186207116	-2	1	-	NC_072398.2	186206877	186207084	186206661	186206768	KIF2C	XM_063781280.1	-	2	186206768	186206877	108	1
NC_072398.2	186975159	186975705	-1	1	-	NC_072398.2	186975374	186975588	186975161	186975277	CCDC24	XM_016961107.4	-	1	186975277	186975374	96	4
NC_072398.2	186975159	186975705	-1	1	-	NC_072398.2	186975413	186975588	186975161	186975277	CCDC24	XM_016961116.4	-	1	186975277	186975413	135	4
NC_072398.2	186975159	186975705	-1	1	-	NC_072398.2	186975374	186975480	186975161	186975277	CCDC24	XM_016961129.4	-	1	186975277	186975374	96	1
NC_072398.2	186975159	186975705	-1	1	-	NC_072398.2	186975413	186975480	186975161	186975277	CCDC24	XM_016961139.4	-	1	186975277	186975413	135	3
NC_072398.2	186975159	186975705	-1	1	-	NC_072398.2	186975374	186975582	186975161	186975277	CCDC24	XM_024345192.3	-	1	186975277	186975374	96	1
NC_072398.2	186975159	186975705	-1	1	-	NC_072398.2	186975413	186975582	186975161	186975277	CCDC24	XM_054666357.2	-	1	186975277	186975413	135	1
NC_072398.2	186975159	186975705	-1	1	-	NC_072398.2	186975374	186975647	186975161	186975277	CCDC24	XM_063781600.1	-	1	186975277	186975374	96	5
NC_072398.2	186975159	186975705	-1	1	-	NC_072398.2	186975413	186975647	186975161	186975277	CCDC24	XM_063781619.1	-	1	186975277	186975413	135	4
NC_072398.2	187000731	187001124	-1	1	-	NC_072398.2	187001044	187001102	187000807	187000896	IPO13	XM_016960952.4	-	1	187000896	187001044	147	1
NC_072398.2	187515867	187516197	1	1	+	NC_072398.2	187515868	187515946	187516034	187516083	HYI	XM_009455678.5	+	1	187515946	187516034	87	7
NC_072398.2	187517403	187517862	-1	1	-	NC_072398.2	187517710	187517778	187517404	187517544	SZT2	XM_054666096.1	-	1	187517544	187517710	165	7
NC_072398.2	187528365	187529253	-1	1	-	NC_072398.2	187529056	187529174	187528780	187528944	SZT2	XM_054666096.1	-	1	187528944	187529056	111	7
NC_072398.2	187528365	187529253	-1	1	-	NC_072398.2	187528780	187528944	187528431	187528515	SZT2	XM_054666096.1	-	1	187528515	187528780	264	7
NC_072398.2	190655315	190655537	3	1	+	NC_072398.2	190655346	190655381	190655466	190655528	COL9A2	XM_016959838.4	+	3	190655381	190655466	84	2
NC_072398.2	190657962	190658355	1	1	+	NC_072398.2	190658017	190658070	190658182	190658229	COL9A2	XM_016959838.4	+	1	190658070	190658182	111	3
NC_072398.2	190665179	190665575	3	1	+	NC_072398.2	190665207	190665260	190665345	190665416	COL9A2	XM_016959838.4	+	3	190665260	190665345	84	3
NC_072398.2	193268048	193268495	3	1	+	NC_072398.2	193268075	193268136	193268281	193268406	EPHA10	XM_054681277.2	+	3	193268136	193268281	144	1
NC_072398.2	194670954	194672379	-1	1	-	NC_072398.2	194672269	194672363	194670956	194672130	SH3D21	NM_001280359.1	-	1	194672130	194672269	138	2
NC_072398.2	194812890	194813781	-1	1	-	NC_072398.2	194813589	194813634	194813390	194813480	MAP7D1	XM_016959211.4	-	1	194813480	194813589	108	6
NC_072398.2	194812890	194813781	-1	1	-	NC_072398.2	194813390	194813480	194813079	194813272	MAP7D1	XM_016959211.4	-	1	194813272	194813390	117	13
NC_072398.2	194812890	194813781	-1	1	-	NC_072398.2	194813079	194813272	194812891	194812898	MAP7D1	XM_016959211.4	-	1	194812898	194813079	180	13
NC_072398.2	194812890	194813781	-1	1	-	NC_072398.2	194813589	194813631	194813390	194813480	MAP7D1	XM_016959219.4	-	1	194813480	194813589	108	7
NC_072398.2	198075882	198076575	-1	1	-	NC_072398.2	198076113	198076218	198075883	198075977	HPCA	XM_001155509.6	-	1	198075977	198076113	135	3
NC_072398.2	198194867	198197699	-2	1	-	NC_072398.2	198197558	198197671	198194903	198197464	NHSL3	XM_001164540.6	-	2	198197464	198197558	93	5
NC_072398.2	198746876	198747221	-2	1	-	NC_072398.2	198747111	198747221	198746904	198746993	EIF3I	XM_016958164.3	-	2	198746993	198747111	117	2
NC_072398.2	198763144	198763783	-3	1	-	NC_072398.2	198763353	198763499	198763196	198763235	DCDC2B	XM_513279.8	-	3	198763235	198763353	117	1
NC_072398.2	199176923	199177574	3	1	+	NC_072398.2	199177149	199177274	199177428	199177482	SPOCD1	XM_016958084.3	+	3	199177274	199177428	153	5
NC_072398.2	199235518	199236130	2	1	+	NC_072398.2	199235607	199235708	199235853	199235959	ADGRB2	XM_016958033.2	+	2	199235708	199235853	144	16
NC_072398.2	199236760	199238020	2	1	+	NC_072398.2	199236785	199236979	199237148	199237216	ADGRB2	XM_016958033.2	+	2	199236979	199237148	168	15
NC_072398.2	199236760	199238020	2	1	+	NC_072398.2	199237148	199237216	199237292	199237400	ADGRB2	XM_016958033.2	+	2	199237216	199237292	75	15
NC_072398.2	199236760	199238020	2	1	+	NC_072398.2	199237292	199237400	199237692	199238019	ADGRB2	XM_016958033.2	+	2	199237400	199237692	291	16
NC_072398.2	199236760	199238020	2	1	+	NC_072398.2	199236785	199236979	199237292	199237400	ADGRB2	XM_016958048.2	+	2	199236979	199237292	312	1
NC_072398.2	199314526	199314895	2	1	+	NC_072398.2	199314563	199314634	199314836	199314889	COL16A1	XM_009452723.4	+	2	199314634	199314836	201	7
NC_072398.2	199391611	199392142	-3	1	-	NC_072398.2	199391958	199392108	199391654	199391843	TINAGL1	XM_016957939.2	-	3	199391843	199391958	114	5
NC_072398.2	202758065	202758386	-2	1	-	NC_072398.2	202758249	202758335	202758067	202758158	ATP5IF1	XM_003338984.7	-	2	202758158	202758249	90	1
NC_072398.2	203039063	203039576	-2	1	-	NC_072398.2	203039396	203039576	203039178	203039311	SMPDL3B	XM_001151336.7	-	2	203039311	203039396	84	1
NC_072398.2	203119116	203119782	-1	1	-	NC_072398.2	203119632	203119671	203119383	203119523	THEMIS2	XM_063804009.1	-	1	203119523	203119632	108	1
NC_072398.2	203633198	203633660	3	1	+	NC_072398.2	203633229	203633421	203633521	203633659	MAP3K6	XM_024357265.3	+	3	203633421	203633521	99	6
NC_072398.2	203641957	203642551	-3	1	-	NC_072398.2	203642405	203642505	203642138	203642251	SYTL1	XM_003307909.6	-	3	203642251	203642405	153	3
NC_072398.2	204633946	204634288	2	1	+	NC_072398.2	204634013	204634045	204634175	204634287	CRYBG2	XM_016956837.4	+	2	204634045	204634175	129	2
NC_072398.2	204804028	204804481	2	1	+	NC_072398.2	204804101	204804184	204804296	204804393	C1H1orf232	XM_054664164.2	+	2	204804184	204804296	111	1
NC_072398.2	207225049	207225523	2	1	+	NC_072398.2	207225071	207225148	207225383	207225497	GALE	XM_016956270.3	+	2	207225148	207225383	234	4
NC_072398.2	207581052	207581499	1	1	+	NC_072398.2	207581069	207581136	207581230	207581400	ASAP3	XM_016956228.4	+	1	207581136	207581230	93	3
NC_072398.2	207581052	207581499	1	1	+	NC_072398.2	207581069	207581136	207581230	207581337	ASAP3	XM_016956230.3	+	1	207581136	207581230	93	3
NC_072398.2	208419330	208419858	-1	1	-	NC_072398.2	208419634	208419783	208419356	208419546	EPHA8	XM_024356921.2	-	1	208419546	208419634	87	1
NC_072398.2	209133555	209134206	1	1	+	NC_072398.2	209133629	209133760	209133923	209134067	HSPG2	XM_016955956.4	+	1	209133760	209133923	162	5
NC_072398.2	209144296	209144704	2	1	+	NC_072398.2	209144345	209144458	209144543	209144670	HSPG2	XM_016955956.4	+	2	209144458	209144543	84	5
NC_072398.2	209158784	209159294	3	1	+	NC_072398.2	209158820	209158878	209159053	209159220	HSPG2	XM_016955956.4	+	3	209158878	209159053	174	5
NC_072398.2	209170842	209171448	1	1	+	NC_072398.2	209170954	209171089	209171207	209171358	HSPG2	XM_016955956.4	+	1	209171089	209171207	117	5
NC_072398.2	209185047	209185578	1	1	+	NC_072398.2	209185076	209185185	209185387	209185534	HSPG2	XM_016955956.4	+	1	209185185	209185387	201	5
NC_072398.2	209187317	209187923	3	1	+	NC_072398.2	209187435	209187534	209187673	209187782	HSPG2	XM_016955956.4	+	3	209187534	209187673	138	4
NC_072398.2	20978191	20978767	-3	1	-	NC_072398.2	20978610	20978691	20978193	20978432	OBSCN	XM_016940272.4	-	3	20978432	20978610	177	35
NC_072398.2	20979261	20979915	-1	1	-	NC_072398.2	20979660	20979782	20979306	20979476	OBSCN	XM_016940272.4	-	1	20979476	20979660	183	35
NC_072398.2	20988669	20989578	-1	1	-	NC_072398.2	20989288	20989400	20988906	20989074	OBSCN	XM_016940272.4	-	1	20989074	20989288	213	35
NC_072398.2	21018103	21018751	-3	1	-	NC_072398.2	21018469	21018591	21018212	21018351	OBSCN	XM_016940272.4	-	3	21018351	21018469	117	41
NC_072398.2	210546134	210546584	3	1	+	NC_072398.2	210546244	210546347	210546489	210546583	DDOST	XM_001161661.5	+	3	210546347	210546489	141	1
NC_072398.2	210549020	210549563	3	1	+	NC_072398.2	210549039	210549159	210549283	210549389	DDOST	XM_001161661.5	+	3	210549159	210549283	123	1
NC_072398.2	21074611	21075598	-3	1	-	NC_072398.2	21075127	21075393	21074776	21075042	OBSCN	XM_016940272.4	-	3	21075042	21075127	84	41
NC_072398.2	21077462	21078257	-2	1	-	NC_072398.2	21077909	21078070	21077717	21077821	OBSCN	XM_016940272.4	-	2	21077821	21077909	87	41
NC_072398.2	21081126	21081843	-1	1	-	NC_072398.2	21081528	21081806	21081132	21081398	OBSCN	XM_016940272.4	-	1	21081398	21081528	129	41
NC_072398.2	21138263	21139532	-2	1	-	NC_072398.2	21139187	21139453	21138314	21138595	OBSCN	XM_016940272.4	-	2	21138595	21139187	591	41
NC_072398.2	211891146	211891746	1	1	+	NC_072398.2	211891193	211891380	211891573	211891677	AKR7A2	XM_001163068.7	+	1	211891380	211891573	192	1
NC_072398.2	211913370	211913967	1	1	+	NC_072398.2	211913414	211913601	211913794	211913898	AKR7A3	XM_016938180.3	+	1	211913601	211913794	192	1
NC_072398.2	211928805	211929447	1	1	+	NC_072398.2	211928894	211929081	211929274	211929378	LOC742959	XM_024354779.3	+	1	211929081	211929274	192	3
NC_072398.2	212000869	212001334	2	1	+	NC_072398.2	212000900	212001029	212001147	212001286	UBR4	XM_009449501.5	+	2	212001029	212001147	117	23
NC_072398.2	214215110	214215500	3	1	+	NC_072398.2	214215135	214215269	214215357	214215423	ATP13A2	XM_016954962.4	+	3	214215269	214215357	87	12
NC_072398.2	214215110	214215500	3	1	+	NC_072398.2	214215162	214215269	214215357	214215423	ATP13A2	XM_016954973.4	+	3	214215269	214215357	87	7
NC_072398.2	214219044	214219803	1	1	+	NC_072398.2	214219166	214219276	214219361	214219407	ATP13A2	XM_016954962.4	+	1	214219276	214219361	84	19
NC_072398.2	214219044	214219803	1	1	+	NC_072398.2	214219361	214219407	214219501	214219689	ATP13A2	XM_016954962.4	+	1	214219407	214219501	93	19
NC_072398.2	214225381	214226212	2	1	+	NC_072398.2	214225389	214225549	214225673	214225789	ATP13A2	XM_016954962.4	+	2	214225549	214225673	123	16
NC_072398.2	215260035	215261013	1	1	+	NC_072398.2	215260129	215260271	215260368	215260668	ZBTB17	NM_001280199.1	+	1	215260271	215260368	96	19
NC_072398.2	215262494	215262992	3	1	+	NC_072398.2	215262544	215262633	215262712	215262992	ZBTB17	NM_001280199.1	+	3	215262633	215262712	78	10
NC_072398.2	215262494	215262992	3	1	+	NC_072398.2	215262523	215262633	215262712	215262992	ZBTB17	XM_009448713.4	+	3	215262633	215262712	78	9
NC_072398.2	21544479	21545046	-1	1	-	NC_072398.2	21544869	21545016	21544481	21544643	PRSS38	XM_525080.7	-	1	21544643	21544869	225	1
NC_072398.2	220312902	220313394	1	1	+	NC_072398.2	220313104	220313143	220313231	220313349	MAD2L2	XM_001138745.7	+	1	220313143	220313231	87	3
NC_072398.2	220938359	220939730	3	1	+	NC_072398.2	220938852	220939018	220939448	220939568	SRM	XM_514381.7	+	3	220939018	220939448	429	1
NC_072398.2	222271839	222272259	-1	1	-	NC_072398.2	222272134	222272233	222271841	222272019	PIK3CD	XM_016953669.4	-	1	222272019	222272134	114	29
NC_072398.2	222276860	222277574	-2	1	-	NC_072398.2	222277377	222277556	222276888	222277037	PIK3CD	XM_016953669.4	-	2	222277037	222277377	339	15
NC_072398.2	222276860	222277574	-2	1	-	NC_072398.2	222277377	222277556	222276888	222276950	PIK3CD	XM_054662618.2	-	2	222276950	222277377	426	8
NC_072398.2	225411866	225412436	-2	1	-	NC_072398.2	225412196	225412332	225411950	225412114	ZBTB48	XM_003307788.5	-	2	225412114	225412196	81	4
NC_072398.2	225524027	225524522	3	1	+	NC_072398.2	225524120	225524180	225524430	225524521	PLEKHG5	XM_016953161.3	+	3	225524180	225524430	249	8
NC_072398.2	225527552	225528203	3	1	+	NC_072398.2	225527763	225527813	225527934	225528083	PLEKHG5	XM_016953161.3	+	3	225527813	225527934	120	8
NC_072398.2	225547231	225548080	-3	1	-	NC_072398.2	225547877	225548022	225547529	225547792	ESPN	XM_016953118.4	-	3	225547792	225547877	84	10
NC_072398.2	225558711	225559446	-1	1	-	NC_072398.2	225559222	225559408	225558853	225559035	ESPN	XM_016953118.4	-	1	225559035	225559222	186	6
NC_072398.2	225875895	225876807	1	1	+	NC_072398.2	225875956	225876187	225876416	225876526	CHD5	XM_016953031.4	+	1	225876187	225876416	228	5
NC_072398.2	228317219	228318197	-2	1	-	NC_072398.2	228317949	228318047	228317681	228317855	CCDC27	NM_001279930.1	-	2	228317855	228317949	93	1
NC_072398.2	228317219	228318197	-2	1	-	NC_072398.2	228317681	228317855	228317319	228317449	CCDC27	NM_001279930.1	-	2	228317449	228317681	231	1
NC_072398.2	228317219	228318197	-2	1	-	NC_072398.2	228317681	228318047	228317319	228317449	CCDC27	XM_016958372.4	-	2	228317449	228317681	231	2
NC_072398.2	228577408	228578002	2	1	+	NC_072398.2	228577506	228577640	228577716	228577850	MEGF6	XM_024355909.3	+	2	228577640	228577716	75	7
NC_072398.2	229487866	229488910	-3	1	-	NC_072398.2	229488539	229488663	229488358	229488442	PLCH2	XM_063805933.1	-	3	229488442	229488539	96	4
NC_072398.2	229487866	229488910	-3	1	-	NC_072398.2	229488358	229488442	229487956	229488102	PLCH2	XM_063805933.1	-	3	229488102	229488358	255	4
NC_072398.2	229696334	229696760	-2	1	-	NC_072398.2	229696629	229696754	229696336	229696451	SKI	XM_016952511.4	-	2	229696451	229696629	177	2
NC_072398.2	230085854	230086358	3	1	+	NC_072398.2	230085866	230086000	230086133	230086242	CFAP74	XM_024355833.3	+	3	230086000	230086133	132	2
NC_072398.2	230094739	230095522	2	1	+	NC_072398.2	230094976	230095154	230095245	230095522	TMEM52	XM_016952457.2	+	2	230095154	230095245	90	3
NC_072398.2	230320832	230321312	-2	1	-	NC_072398.2	230321060	230321170	230320831	230320957	MMP23	XM_016952309.4	-	2	230320957	230321060	102	1
NC_072398.2	230322198	230323053	-1	1	-	NC_072398.2	230322787	230322942	230322245	230322375	MMP23	XM_016952309.4	-	1	230322375	230322787	411	1
NC_072398.2	230420355	230420856	1	1	+	NC_072398.2	230420421	230420629	230420711	230420856	TMEM240	XM_016952210.3	+	1	230420629	230420711	81	1
NC_072398.2	230430652	230431135	-3	1	-	NC_072398.2	230430835	230430944	230430653	230430747	LOC457200	XM_063787507.1	-	3	230430747	230430835	87	1
NC_072398.2	230554570	230555476	2	1	+	NC_072398.2	230554652	230554738	230554850	230554960	MRPL20	XM_016952115.4	+	2	230554738	230554850	111	3
NC_072398.2	230616584	230617004	3	1	+	NC_072398.2	230616682	230616762	230616982	230617004	MXRA8	NM_001280245.1	+	3	230616762	230616982	219	1
NC_072398.2	230630828	230631416	3	1	+	NC_072398.2	230630843	230630936	230631030	230631099	DVL1	NM_001012430.1	+	3	230630936	230631030	93	3
NC_072398.2	230630828	230631416	3	1	+	NC_072398.2	230631030	230631099	230631169	230631308	DVL1	NM_001012430.1	+	3	230631099	230631169	69	3
NC_072398.2	230632718	230633405	3	1	+	NC_072398.2	230632771	230632902	230632987	230633154	DVL1	NM_001012430.1	+	3	230632902	230632987	84	3
NC_072398.2	230662884	230663340	1	1	+	NC_072398.2	230662903	230663045	230663121	230663250	INTS11	NM_001280424.1	+	1	230663045	230663121	75	1
NC_072398.2	230685024	230685603	-1	1	-	NC_072398.2	230685443	230685501	230685256	230685331	SCNN1D	NM_001009072.1	-	1	230685331	230685443	111	7
NC_072398.2	230731222	230731978	2	1	+	NC_072398.2	230731364	230731480	230731586	230731670	C1QTNF12	XM_016951979.4	+	2	230731480	230731586	105	2
NC_072398.2	230762252	230763014	3	1	+	NC_072398.2	230762557	230762658	230762947	230763013	TNFRSF4	XM_016951949.4	+	3	230762658	230762947	288	2
NC_072398.2	230762252	230763014	3	1	+	NC_072398.2	230762277	230762658	230762947	230763013	TNFRSF4	XM_054661635.2	+	3	230762658	230762947	288	1
NC_072398.2	230771095	230771863	2	1	+	NC_072398.2	230771124	230771311	230771474	230771676	TNFRSF18	XM_063787616.1	+	2	230771311	230771474	162	1
NC_072398.2	230947660	230948443	-3	1	-	NC_072398.2	230947831	230948023	230947662	230947749	AGRN	XM_009454710.5	-	3	230947749	230947831	81	10
NC_072398.2	230952520	230953315	-3	1	-	NC_072398.2	230952892	230953230	230952670	230952807	AGRN	XM_009454710.5	-	3	230952807	230952892	84	10
NC_072398.2	230954098	230954494	-3	1	-	NC_072398.2	230954350	230954466	230954104	230954268	AGRN	XM_009454710.5	-	3	230954268	230954350	81	10
NC_072398.2	231002522	231003104	3	1	+	NC_072398.2	231002553	231002640	231002734	231003104	HES4	XM_003318952.6	+	3	231002640	231002734	93	2
NC_072398.2	231041378	231041942	3	1	+	NC_072398.2	231041519	231041597	231041709	231041819	NOC2L	XM_003318947.7	+	3	231041597	231041709	111	4
NC_072398.2	231051509	231052325	-2	1	-	NC_072398.2	231051977	231052087	231051510	231051877	SAMD11	XM_054661455.2	-	2	231051877	231051977	99	1
NC_072398.2	39336429	39337230	-1	1	-	NC_072398.2	39337072	39337212	39336826	39336963	TRAF3IP3	XM_001168308.5	-	1	39336963	39337072	108	15
NC_072398.2	39336429	39337230	-1	1	-	NC_072398.2	39337072	39337194	39336826	39336963	TRAF3IP3	XM_009441415.4	-	1	39336963	39337072	108	2
NC_072398.2	39488354	39488951	3	1	+	NC_072398.2	39488378	39488535	39488650	39488870	LAMB3	XM_054658208.2	+	3	39488535	39488650	114	2
NC_072398.2	41621610	41622039	-1	1	-	NC_072398.2	41621796	41621984	41621612	41621711	CR2	XM_054674312.2	-	1	41621711	41621796	84	5
NC_072398.2	44023964	44024519	-2	1	-	NC_072398.2	44024332	44024482	44024054	44024181	CNTN2	XM_016937093.4	-	2	44024181	44024332	150	1
NC_072398.2	48088639	48089125	2	1	+	NC_072398.2	48088676	48088825	48088928	48089062	KIF21B	XM_016935394.4	+	2	48088825	48088928	102	4
NC_072398.2	5981975	5982779	3	1	+	NC_072398.2	5982127	5982290	5982477	5982770	CEP170	XM_063809496.1	+	3	5982290	5982477	186	22
NC_072398.2	63798228	63798711	1	1	+	NC_072398.2	63798269	63798400	63798515	63798688	IVNS1ABP	XM_001164878.7	+	1	63798400	63798515	114	4
NC_072398.2	65867152	65867680	-3	1	-	NC_072398.2	65867351	65867509	65867158	65867257	LAMC2	XM_009439410.5	-	3	65867257	65867351	93	2
NC_072398.2	81287012	81287465	3	1	+	NC_072398.2	81287076	81287280	81287359	81287455	ADCY10	XM_003308592.7	+	3	81287280	81287359	78	10
NC_072398.2	87914068	87914662	2	1	+	NC_072398.2	87914069	87914282	87914526	87914661	MPZ	XM_001173975.7	+	2	87914282	87914526	243	3
NC_072398.2	87990402	87991068	-1	1	-	NC_072398.2	87990738	87990860	87990541	87990617	TOMM40L	XM_001173832.7	-	1	87990617	87990738	120	6
NC_072398.2	88450019	88450712	-2	1	-	NC_072398.2	88450403	88450675	88450073	88450192	SLAMF7	XM_001172275.7	-	2	88450192	88450403	210	2
NC_072398.2	88904046	88904484	1	1	+	NC_072398.2	88904047	88904236	88904354	88904449	COPA	XM_001171563.6	+	1	88904236	88904354	117	9
NC_072398.2	89073015	89073639	-1	1	-	NC_072398.2	89073336	89073534	89073097	89073206	ATP1A2	XM_016930289.4	-	1	89073206	89073336	129	2
NC_072398.2	90477332	90478328	3	1	+	NC_072398.2	90477336	90477383	90477441	90478328	LOC469533	XM_524916.5	+	3	90477383	90477441	57	1
NC_072398.2	92100214	92100883	2	1	+	NC_072398.2	92100500	92100557	92100645	92100882	ETV3L	XM_001167835.6	+	2	92100557	92100645	87	2
NC_072398.2	92267058	92267628	-1	1	-	NC_072398.2	92267479	92267600	92267059	92267172	LRRC71	XM_016929666.3	-	1	92267172	92267479	306	2
NC_072398.2	92275126	92275744	-3	1	-	NC_072398.2	92275294	92275422	92275128	92275203	LRRC71	XM_016929666.3	-	3	92275203	92275294	90	4
NC_072398.2	92634753	92635074	1	1	+	NC_072398.2	92634795	92634862	92634953	92635066	IQGAP3	XM_016929189.4	+	1	92634862	92634953	90	2
NC_072398.2	92647563	92648070	1	1	+	NC_072398.2	92647634	92647801	92647895	92648034	IQGAP3	XM_016929189.4	+	1	92647801	92647895	93	1
NC_072398.2	92647563	92648070	1	1	+	NC_072398.2	92647634	92647801	92647898	92648034	IQGAP3	XM_054686983.2	+	1	92647801	92647898	96	1
NC_072398.2	92818172	92818637	-2	1	-	NC_072398.2	92818452	92818602	92818193	92818340	RHBG	NM_001009091.2	-	2	92818340	92818452	111	4
NC_072398.2	93237489	93238026	1	1	+	NC_072398.2	93237585	93237694	93237869	93238009	ARHGEF2	XM_003308498.7	+	1	93237694	93237869	174	16
NC_072398.2	93237489	93238026	1	1	+	NC_072398.2	93237585	93237694	93237866	93238009	ARHGEF2	XM_009434038.5	+	1	93237694	93237866	171	30
NC_072398.2	93580862	93581258	-2	1	-	NC_072398.2	93581085	93581227	93580885	93580994	MSTO1	XM_016945436.4	-	2	93580994	93581085	90	2
NC_072398.2	93582322	93582709	-3	1	-	NC_072398.2	93582551	93582668	93582335	93582469	MSTO1	NM_001362267.1	-	3	93582469	93582551	81	31
NC_072398.2	93875884	93876397	-3	1	-	NC_072398.2	93876320	93876397	93876080	93876214	FDPS	XM_001160391.6	-	3	93876214	93876320	105	12
NC_072398.2	93900144	93900690	1	1	+	NC_072398.2	93900212	93900303	93900400	93900531	PKLR	XM_016928724.4	+	1	93900303	93900400	96	5
NC_072398.2	93983059	93983848	-3	1	-	NC_072398.2	93983435	93983527	93983087	93983269	MTX1	XM_016928669.4	-	3	93983269	93983435	165	1
NC_072398.2	94106583	94107042	-1	1	-	NC_072398.2	94106925	94107002	94106584	94106711	EFNA3	XM_003308416.4	-	1	94106711	94106925	213	1
NC_072398.2	94131598	94132402	-3	1	-	NC_072398.2	94132280	94132349	94131623	94131697	ADAM15	XM_003308406.6	-	3	94131697	94132280	582	3
NC_072398.2	94131598	94132402	-3	1	-	NC_072398.2	94132280	94132349	94131623	94131694	ADAM15	XM_009433032.5	-	3	94131694	94132280	585	2
NC_072398.2	94140341	94140590	-2	1	-	NC_072398.2	94140561	94140589	94140343	94140449	ADAM15	XM_003949576.5	-	2	94140449	94140561	111	1
NC_072398.2	94146863	94147286	-2	1	-	NC_072398.2	94147137	94147236	94146909	94147004	DCST1	XM_003308413.5	-	2	94147004	94147137	132	4
NC_072398.2	94226077	94226839	2	1	+	NC_072398.2	94226170	94226368	94226456	94226525	SHC1	XM_003308415.4	+	2	94226368	94226456	87	10
NC_072398.2	94226077	94226839	2	1	+	NC_072398.2	94226456	94226525	94226610	94226741	SHC1	XM_003308415.4	+	2	94226525	94226610	84	6
NC_072398.2	94226077	94226839	2	1	+	NC_072398.2	94226456	94226525	94226607	94226741	SHC1	XM_009432852.4	+	2	94226525	94226607	81	4
NC_072398.2	94244774	94245437	3	1	+	NC_072398.2	94244974	94245044	94245138	94245269	PBXIP1	XM_016928126.4	+	3	94245044	94245138	93	7
NC_072398.2	94636949	94637258	3	1	+	NC_072398.2	94636991	94637081	94637199	94637257	UBE2Q1	XM_001152268.6	+	3	94637081	94637199	117	1
NC_072398.2	95243642	95244290	3	1	+	NC_072398.2	95243672	95243816	95244114	95244289	DENND4B	XM_009432398.5	+	3	95243816	95244114	297	8
NC_072398.2	95410786	95411239	-3	1	-	NC_072398.2	95410973	95411129	95410787	95410861	INTS3	XM_001144061.8	-	3	95410861	95410973	111	7
NC_072398.2	95494555	95494963	-3	1	-	NC_072398.2	95494832	95494955	95494622	95494690	NPR1	XM_016927544.4	-	3	95494690	95494832	141	2
NC_072398.2	96786223	96787894	2	1	+	NC_072398.2	96786368	96787049	96787230	96787894	CRNN	XM_054678413.1	+	2	96787049	96787230	180	1
NC_072398.2	97499444	97500089	3	1	+	NC_072398.2	97499503	97499634	97499893	97500036	CELF3	XM_009431396.4	+	3	97499634	97499893	258	2
NC_072398.2	97499444	97500089	3	1	+	NC_072398.2	97499500	97499634	97499893	97500036	CELF3	XM_009431400.5	+	3	97499634	97499893	258	10
NC_072398.2	97669946	97670246	-2	1	-	NC_072398.2	97670163	97670246	97669948	97670066	CGN	XM_513800.8	-	2	97670066	97670163	96	1
NC_072398.2	97777686	97778355	1	1	+	NC_072398.2	97777754	97778044	97778153	97778344	POGZ	XM_003308377.6	+	1	97778044	97778153	108	2
NC_072398.2	97777686	97778355	1	1	+	NC_072398.2	97777754	97778044	97778126	97778344	POGZ	XM_009431296.5	+	1	97778044	97778126	81	7
NC_072398.2	98505586	98505817	2	1	+	NC_072398.2	98505587	98505653	98505738	98505814	HORMAD1	XM_009430754.5	+	2	98505653	98505738	84	15
NC_072398.2	98664921	98665764	-1	1	-	NC_072398.2	98665585	98665757	98665326	98665437	ADAMTSL4	XM_001169261.7	-	1	98665437	98665585	147	5
NC_072398.2	98664921	98665764	-1	1	-	NC_072398.2	98665326	98665437	98665041	98665226	ADAMTSL4	XM_001169261.7	-	1	98665226	98665326	99	5
NC_072398.2	98711199	98711703	-1	1	-	NC_072398.2	98711496	98711576	98711316	98711396	ECM1	NM_001246589.1	-	1	98711396	98711496	99	1
NC_072398.2	98954438	98955089	3	1	+	NC_072398.2	98954473	98954595	98954749	98954876	APH1A	NM_001280105.1	+	3	98954595	98954749	153	2
NC_072398.2	99287045	99287429	3	1	+	NC_072398.2	99287046	99287106	99287275	99287417	MTMR11	XM_009430501.5	+	3	99287106	99287275	168	6
NC_072398.2	99298307	99298874	3	1	+	NC_072398.2	99298405	99298578	99298690	99298874	SF3B4	XM_009430556.5	+	3	99298578	99298690	111	1
NC_072401.2	104619634	104620354	-3	1	-	NC_072401.2	104620040	104620354	104619644	104619916	CENPE	XM_001170275.6	-	3	104619916	104620040	123	16
NC_072401.2	1200073	1200562	-3	1	-	NC_072401.2	1200290	1200466	1200074	1200172	GAK	XM_016952670.3	-	3	1200172	1200290	117	46
NC_072401.2	1342704	1343664	-1	1	-	NC_072401.2	1343431	1343556	1342857	1343004	DGKQ	XM_016952675.4	-	1	1343004	1343431	426	2
NC_072401.2	1377840	1378218	1	1	+	NC_072401.2	1377901	1378026	1378105	1378181	LOC461056	XM_016952702.4	+	1	1378026	1378105	78	5
NC_072401.2	1378535	1378967	3	1	+	NC_072401.2	1378568	1378668	1378816	1378967	LOC461056	XM_016952702.4	+	3	1378668	1378816	147	5
NC_072401.2	1398473	1399697	3	1	+	NC_072401.2	1398664	1399017	1399258	1399697	FGFRL1	XM_016952707.2	+	3	1399017	1399258	240	6
NC_072401.2	146943460	146943856	-3	1	-	NC_072401.2	146943751	146943854	146943462	146943648	OTUD4	XM_016952289.4	-	3	146943648	146943751	102	11
NC_072401.2	154430211	154430751	-1	1	-	NC_072401.2	154430448	154430708	154430319	154430357	TMEM154	XM_024356332.3	-	1	154430357	154430448	90	1
NC_072401.2	1546832	1547777	-2	1	-	NC_072401.2	1547520	1547743	1547256	1547447	SPON2	XM_009447197.4	-	2	1547447	1547520	72	3
NC_072401.2	1546832	1547777	-2	1	-	NC_072401.2	1547520	1547743	1546833	1547447	SPON2	XM_054683675.2	-	2	1547447	1547520	72	1
NC_072401.2	169835859	169836147	1	1	+	NC_072401.2	169835896	169835949	169836046	169836139	ANXA10	XM_526724.7	+	1	169835949	169836046	96	1
NC_072401.2	191608648	191609473	-3	1	-	NC_072401.2	191609309	191609365	191608936	191609044	LOC746788	XM_016944941.3	-	3	191609044	191609309	264	1
NC_072401.2	191608648	191609473	-3	1	-	NC_072401.2	191608936	191609044	191608724	191608857	LOC746788	XM_016944941.3	-	3	191608857	191608936	78	1
NC_072401.2	2363215	2364094	-3	1	-	NC_072401.2	2363804	2363934	2363647	2363716	NELFA	NM_001244648.2	-	3	2363716	2363804	87	1
NC_072401.2	2855188	2855893	2	1	+	NC_072401.2	2855413	2855575	2855780	2855893	CFAP99	XM_001174489.8	+	2	2855575	2855780	204	2
NC_072401.2	3289800	3290235	1	1	+	NC_072401.2	3289801	3289944	3290050	3290148	ADD1	XM_001150180.6	+	1	3289944	3290050	105	15
NC_072401.2	3323347	3323782	-3	1	-	NC_072401.2	3323608	3323716	3323388	3323499	MFSD10	XM_016951199.4	-	3	3323499	3323608	108	4
NC_072401.2	3324603	3325227	-1	1	-	NC_072401.2	3325131	3325227	3324670	3324773	MFSD10	XM_016951199.4	-	1	3324773	3325131	357	4
NC_072401.2	41578071	41578677	1	1	+	NC_072401.2	41578441	41578473	41578579	41578590	UCHL1	XM_517163.6	+	1	41578473	41578579	105	1
NC_072401.2	4641001	4641382	2	1	+	NC_072401.2	4641022	4641104	4641195	4641356	ZBTB49	XM_001154268.5	+	2	4641104	4641195	90	2
NC_072401.2	56274160	56274610	-3	1	-	NC_072401.2	56274403	56274511	56274162	56274294	CXCL6	XM_001156255.7	-	3	56274294	56274403	108	1
NC_072401.2	6706316	6707018	-2	1	-	NC_072401.2	6706739	6706994	6706470	6706567	PPP2R2C	XM_016951254.4	-	2	6706567	6706739	171	1
NC_072402.2	130034966	130035620	3	1	+	NC_072402.2	130035014	130035177	130035502	130035619	PDLIM4	XM_517918.8	+	3	130035177	130035502	324	1
NC_072402.2	130249444	130250158	-3	1	-	NC_072402.2	130250090	130250139	130249852	130249981	IRF1	XM_016953765.4	-	3	130249981	130250090	108	3
NC_072402.2	130249444	130250158	-3	1	-	NC_072402.2	130249852	130249981	130249546	130249668	IRF1	XM_016953765.4	-	3	130249668	130249852	183	3
NC_072402.2	130645955	130646321	-2	1	-	NC_072402.2	130646208	130646271	130645957	130646093	AFF4	XM_016944950.4	-	2	130646093	130646208	114	5
NC_072402.2	131860642	131861515	2	1	+	NC_072402.2	131860847	131861095	131861261	131861327	TCF7	XM_009449659.5	+	2	131861095	131861261	165	9
NC_072402.2	138063045	138063741	-1	1	-	NC_072402.2	138063510	138063555	138063138	138063311	HBEGF	XM_001137119.7	-	1	138063311	138063510	198	2
NC_072402.2	139247495	139247981	-2	1	-	NC_072402.2	139247763	139247926	139247504	139247639	DIAPH1	XM_016953957.4	-	2	139247639	139247763	123	1
NC_072402.2	139392482	139393118	-2	1	-	NC_072402.2	139392782	139392981	139392585	139392670	ARAP3	XM_009449830.5	-	2	139392670	139392782	111	9
NC_072402.2	147797179	147797608	-3	1	-	NC_072402.2	147797455	147797570	147797181	147797301	CSF1R	XM_016954026.4	-	3	147797301	147797455	153	1
NC_072402.2	147859335	147860058	-1	1	-	NC_072402.2	147859912	147860039	147859617	147859791	PDGFRB	XM_016954028.3	-	1	147859791	147859912	120	5
NC_072402.2	147930320	147930863	3	1	+	NC_072402.2	147930321	147930420	147930616	147930716	SLC6A7	XM_054684698.1	+	3	147930420	147930616	195	2
NC_072402.2	148104706	148105327	2	1	+	NC_072402.2	148104770	148104949	148105073	148105273	TCOF1	XM_016954040.4	+	2	148104949	148105073	123	7
NC_072402.2	148127999	148128923	-2	1	-	NC_072402.2	148128638	148128829	148128083	148128145	CD74	XM_009449776.4	-	2	148128145	148128638	492	1
NC_072402.2	148419459	148419933	-1	1	-	NC_072402.2	148419804	148419892	148419480	148419611	RBM22	XM_001167240.6	-	1	148419611	148419804	192	1
NC_072402.2	152498023	152498587	2	1	+	NC_072402.2	152498033	152498156	152498283	152498488	LARP1	XM_009450023.5	+	2	152498156	152498283	126	11
NC_072402.2	152636514	152636790	1	1	+	NC_072402.2	152636635	152636662	152636741	152636789	MRPL22	XM_001170128.7	+	1	152636662	152636741	78	1
NC_072402.2	157973764	157974241	-3	1	-	NC_072402.2	157974179	157974235	157973851	157974064	CCNJL	XM_063811652.1	-	3	157974064	157974179	114	1
NC_072402.2	174148688	174149219	-2	1	-	NC_072402.2	174148902	174148989	174148690	174148811	RNF44	XM_009450200.5	-	2	174148811	174148902	90	29
NC_072402.2	174149253	174149769	-1	1	-	NC_072402.2	174149563	174149721	174149255	174149379	RNF44	XM_009450200.5	-	1	174149379	174149563	183	29
NC_072402.2	174203163	174204036	1	1	+	NC_072402.2	174203170	174203239	174203390	174203995	CDHR2	XM_016954302.4	+	1	174203239	174203390	150	1
NC_072402.2	174271547	174271991	3	1	+	NC_072402.2	174271605	174271655	174271743	174271889	TSPAN17	XM_003310981.6	+	3	174271655	174271743	87	5
NC_072402.2	174486682	174487690	2	1	+	NC_072402.2	174486768	174486911	174487200	174487303	UNC5A	XM_016954304.3	+	2	174486911	174487200	288	4
NC_072402.2	174496007	174496796	3	1	+	NC_072402.2	174496243	174496330	174496586	174496754	UNC5A	XM_016954304.3	+	3	174496330	174496586	255	4
NC_072402.2	174497275	174498328	2	1	+	NC_072402.2	174497294	174497443	174497525	174498328	UNC5A	XM_016954304.3	+	2	174497443	174497525	81	2
NC_072402.2	174497275	174498328	2	1	+	NC_072402.2	174497294	174497443	174497525	174497689	UNC5A	XM_016954306.3	+	2	174497443	174497525	81	2
NC_072402.2	174500351	174501209	-2	1	-	NC_072402.2	174500743	174500898	174500353	174500586	HK3	XM_016954308.4	-	2	174500586	174500743	156	3
NC_072402.2	174989466	174990180	1	1	+	NC_072402.2	174989605	174989748	174989905	174990016	RGS14	XM_009450229.5	+	1	174989748	174989905	156	1
NC_072402.2	174993439	174993961	2	1	+	NC_072402.2	174993516	174993562	174993641	174993755	RGS14	XM_009450229.5	+	2	174993562	174993641	78	1
NC_072402.2	175008005	175008530	3	1	+	NC_072402.2	175008082	175008231	175008316	175008444	SLC34A1	XM_016954344.4	+	3	175008231	175008316	84	6
NC_072402.2	175026595	175027438	-3	1	-	NC_072402.2	175027053	175027284	175026676	175026812	F12	XM_024356820.3	-	3	175026812	175027053	240	6
NC_072402.2	175059663	175060194	1	1	+	NC_072402.2	175059716	175059924	175060036	175060173	GRK6	XM_016954349.4	+	1	175059924	175060036	111	7
NC_072402.2	175064324	175065026	3	1	+	NC_072402.2	175064346	175064483	175064565	175064699	GRK6	XM_016954349.4	+	3	175064483	175064565	81	7
NC_072402.2	175106531	175107146	-2	1	-	NC_072402.2	175106996	175107116	175106793	175106908	PDLIM7	XM_016954358.3	-	2	175106908	175106996	87	6
NC_072402.2	175115150	175115669	-2	1	-	NC_072402.2	175115398	175115549	175115277	175115307	PDLIM7	XM_016954358.3	-	2	175115307	175115398	90	6
NC_072402.2	175610568	175611156	1	1	+	NC_072402.2	175610645	175610790	175610914	175611054	RMND5B	NM_001280502.1	+	1	175610790	175610914	123	2
NC_072402.2	175610568	175611156	1	1	+	NC_072402.2	175610686	175610790	175610914	175611054	RMND5B	XM_009450268.5	+	1	175610790	175610914	123	2
NC_072402.2	175615567	175615939	2	1	+	NC_072402.2	175615588	175615690	175615784	175615938	RMND5B	NM_001280502.1	+	2	175615690	175615784	93	4
NC_072402.2	175717820	175718252	-2	1	-	NC_072402.2	175718154	175718207	175717842	175717868	COL23A1	XM_024356856.3	-	2	175717868	175718154	285	1
NC_072402.2	176457934	176458813	-3	1	-	NC_072402.2	176458652	176458797	176457944	176458567	GRM6	NM_001164699.1	-	3	176458567	176458652	84	1
NC_072402.2	176460711	176461299	-1	1	-	NC_072402.2	176461053	176461193	176460741	176460941	GRM6	NM_001164699.1	-	1	176460941	176461053	111	1
NC_072402.2	177257325	177257661	1	1	+	NC_072402.2	177257424	177257494	177257579	177257660	LTC4S	XM_001153488.6	+	1	177257494	177257579	84	1
NC_072402.2	177257492	177258152	3	1	+	NC_072402.2	177257579	177257660	177257913	177258152	LTC4S	XM_009450314.5	+	3	177257660	177257913	252	1
NC_072402.2	177259675	177260149	-3	1	-	NC_072402.2	177260013	177260100	177259831	177259943	MGAT4B	XM_016954441.4	-	3	177259943	177260013	69	1
NC_072402.2	177259675	177260149	-3	1	-	NC_072402.2	177259831	177259943	177259676	177259734	MGAT4B	XM_016954441.4	-	3	177259734	177259831	96	1
NC_072402.2	177261533	177261932	-2	1	-	NC_072402.2	177261837	177261912	177261617	177261731	MGAT4B	XM_001151882.8	-	2	177261731	177261837	105	3
NC_072402.2	177333512	177334007	-2	1	-	NC_072402.2	177333884	177333955	177333551	177333601	TBC1D9B	XM_016954453.4	-	2	177333601	177333884	282	2
NC_072402.2	178080952	178081768	-3	1	-	NC_072402.2	178081319	178081557	178080953	178080973	SCGB3A1	XM_003310998.7	-	3	178080973	178081319	345	1
NC_072402.2	178100990	178101824	-2	1	-	NC_072402.2	178101525	178101645	178101249	178101308	FLT4	XM_009450334.3	-	2	178101308	178101525	216	3
NC_072402.2	178528876	178529836	2	1	+	NC_072402.2	178529472	178529591	178529745	178529777	BTNL9	XM_016954489.4	+	2	178529591	178529745	153	9
NC_072402.2	191555	192269	-2	1	-	NC_072402.2	191960	192055	191652	191728	LOC129135285	XM_063810195.1	-	2	191728	191960	231	8
NC_072402.2	1986717	1987122	-1	1	-	NC_072402.2	1987015	1987070	1986886	1986930	CLPTM1L	XM_024356538.3	-	1	1986930	1987015	84	2
NC_072402.2	20382797	20383547	-2	1	-	NC_072402.2	20383318	20383319	20382918	20383143	RHOBTB3	XM_016952988.4	-	2	20383143	20383318	174	1
NC_072402.2	5968622	5969303	3	1	+	NC_072402.2	5968775	5968976	5969079	5969273	ADAMTS16	XM_016952921.4	+	3	5968976	5969079	102	3
NC_072402.2	80520495	80520963	1	1	+	NC_072402.2	80520546	80520670	80520854	80520940	MTMR12	XM_009449338.4	+	1	80520670	80520854	183	8
NC_072402.2	8565120	8565576	1	1	+	NC_072402.2	8565192	8565284	8565393	8565575	MTRR	XM_001145012.7	+	1	8565284	8565393	108	6
NC_072402.2	900265	900832	2	1	+	NC_072402.2	900338	900427	900509	900739	PLEKHG4B	XM_054684895.2	+	2	900427	900509	81	17
NC_072402.2	94570675	94571245	2	1	+	NC_072402.2	94570676	94570807	94571039	94571170	ERAP2	XM_001138529.7	+	2	94570807	94571039	231	4
NC_072403.2	121359536	121360010	3	1	+	NC_072403.2	121359597	121359679	121359806	121359938	SMPD2	XM_001152001.6	+	3	121359679	121359806	126	1
NC_072403.2	121370851	121371703	-3	1	-	NC_072403.2	121371185	121371442	121370884	121371091	MICAL1	XM_001153612.6	-	3	121371091	121371185	93	8
NC_072403.2	143831112	143831715	-1	1	-	NC_072403.2	143831473	143831538	143831136	143831358	CCN2	NM_001280311.1	-	1	143831358	143831473	114	1
NC_072403.2	144610599	144611049	-1	1	-	NC_072403.2	144610828	144611040	144610601	144610731	VNN3	XM_001169418.7	-	1	144610731	144610828	96	1
NC_072403.2	144610599	144611049	-1	1	-	NC_072403.2	144610828	144611040	144610601	144610734	VNN3	XM_009452022.4	-	1	144610734	144610828	93	1
NC_072403.2	146039068	146039365	-3	1	-	NC_072403.2	146039261	146039365	146039072	146039155	SGK1	NM_001302422.1	-	3	146039155	146039261	105	4
NC_072403.2	150738409	150738742	2	1	+	NC_072403.2	150738410	150738483	150738577	150738733	ECT2L	XM_003311516.6	+	2	150738483	150738577	93	1
NC_072403.2	162760756	162761119	2	1	+	NC_072403.2	162760757	162760852	162761024	162761110	PLEKHG1	XM_016956472.4	+	2	162760852	162761024	171	20
NC_072403.2	179449279	179449837	-3	1	-	NC_072403.2	179449744	179449775	179449280	179449470	LOC463170	XM_054686500.2	-	3	179449470	179449744	273	2
NC_072403.2	183123099	183123594	1	1	+	NC_072403.2	183123205	183123316	183123530	183123593	LOC129135373	XM_054687000.2	+	1	183123316	183123530	213	1
NC_072403.2	183126897	183127581	1	1	+	NC_072403.2	183126975	183127120	183127235	183127432	LOC129135373	XM_054687000.2	+	1	183127120	183127235	114	1
NC_072403.2	183139526	183140675	3	1	+	NC_072403.2	183139741	183139836	183140068	183140144	LOC129144420	XM_054686993.2	+	3	183139836	183140068	231	2
NC_072403.2	183139526	183140675	3	1	+	NC_072403.2	183140068	183140144	183140376	183140535	LOC129144420	XM_054686993.2	+	3	183140144	183140376	231	2
NC_072403.2	183150703	183151288	2	1	+	NC_072403.2	183150947	183151090	183151250	183151288	LOC129144382	XM_063812704.1	+	2	183151090	183151250	159	1
NC_072403.2	31743532	31743994	2	1	+	NC_072403.2	31743629	31743761	31743846	31743993	SLC17A4	XM_001172360.3	+	2	31743761	31743846	84	2
NC_072403.2	35752498	35753020	2	1	+	NC_072403.2	35752544	35752616	35752746	35753015	PATR-G	NM_001045512.1	+	2	35752616	35752746	129	2
NC_072403.2	35752498	35753020	2	1	+	NC_072403.2	35752535	35752616	35752746	35753015	PATR-G	XM_016954739.4	+	2	35752616	35752746	129	1
NC_072403.2	36455824	36456208	2	1	+	NC_072403.2	36455825	36455920	36456077	36456203	ABCF1	NM_001042379.1	+	2	36455920	36456077	156	2
NC_072403.2	36455824	36456208	2	1	+	NC_072403.2	36455825	36455914	36456074	36456203	ABCF1	XM_009450823.3	+	2	36455914	36456074	159	1
NC_072403.2	36455824	36456208	2	1	+	NC_072403.2	36455825	36455914	36456077	36456203	ABCF1	XM_009450824.3	+	2	36455914	36456077	162	1
NC_072403.2	36455824	36456208	2	1	+	NC_072403.2	36455825	36455920	36456074	36456203	ABCF1	XM_054685459.1	+	2	36455920	36456074	153	1
NC_072403.2	36468005	36468398	3	1	+	NC_072403.2	36468006	36468078	36468235	36468398	ABCF1	NM_001042379.1	+	3	36468078	36468235	156	8
NC_072403.2	36538967	36539513	-2	1	-	NC_072403.2	36539373	36539471	36539109	36539261	DHX16	NM_001042380.1	-	2	36539261	36539373	111	2
NC_072403.2	36768548	36768926	3	1	+	NC_072403.2	36768621	36768705	36768799	36768901	DDR1	NM_001045502.1	+	3	36768705	36768799	93	25
NC_072403.2	36768548	36768926	3	1	+	NC_072403.2	36768579	36768705	36768799	36768901	DDR1	XM_009450827.4	+	3	36768705	36768799	93	2
NC_072403.2	36772857	36773409	1	1	+	NC_072403.2	36772964	36773059	36773168	36773319	DDR1	NM_001045502.1	+	1	36773059	36773168	108	27
NC_072403.2	36802885	36803203	2	1	+	NC_072403.2	36802907	36802975	36803099	36803177	VARS2	XM_016956713.3	+	2	36802975	36803099	123	8
NC_072403.2	36904509	36910260	1	1	+	NC_072403.2	36904574	36908140	36908471	36908590	MUC22	XM_054686686.1	+	1	36908140	36908471	330	1
NC_072403.2	36904509	36910260	1	1	+	NC_072403.2	36908471	36908590	36909164	36910078	MUC22	XM_054686686.1	+	1	36908590	36909164	573	1
NC_072403.2	37027680	37028127	-1	1	-	NC_072403.2	37027899	37028087	37027701	37027802	CCHCR1	NM_001009009.3	-	1	37027802	37027899	96	31
NC_072403.2	37033175	37033904	-2	1	-	NC_072403.2	37033740	37033875	37033470	37033580	CCHCR1	NM_001009009.3	-	2	37033580	37033740	159	38
NC_072403.2	37039786	37040185	-3	1	-	NC_072403.2	37040080	37040146	37039788	37040001	CCHCR1	NM_001009009.3	-	3	37040001	37040080	78	7
NC_072403.2	37039786	37040185	-3	1	-	NC_072403.2	37040080	37040146	37039788	37039893	CCHCR1	XM_024356927.3	-	3	37039893	37040080	186	3
NC_072403.2	37039786	37040185	-3	1	-	NC_072403.2	37040080	37040095	37039788	37040001	CCHCR1	XM_024356930.3	-	3	37040001	37040080	78	16
NC_072403.2	37039786	37040185	-3	1	-	NC_072403.2	37040080	37040095	37039788	37039893	CCHCR1	XM_024356934.3	-	3	37039893	37040080	186	12
NC_072403.2	37564832	37565294	-2	1	-	NC_072403.2	37565051	37565203	37564847	37564939	VWA7	XM_016955185.3	-	2	37564939	37565051	111	1
NC_072403.2	37576583	37577342	-2	1	-	NC_072403.2	37577126	37577237	37576668	37576993	VARS1	XM_009450928.3	-	2	37576993	37577126	132	2
NC_072403.2	37579022	37579628	-2	1	-	NC_072403.2	37579392	37579462	37579182	37579307	VARS1	XM_009450928.3	-	2	37579307	37579392	84	2
NC_072403.2	37659489	37660053	-1	1	-	NC_072403.2	37659810	37660032	37659490	37659713	NEU1	XM_001160380.4	-	1	37659713	37659810	96	1
NC_072403.2	37664406	37664937	-1	1	-	NC_072403.2	37664766	37664836	37664572	37664666	SLC44A4	XM_054686751.2	-	1	37664666	37664766	99	3
NC_072403.2	37680419	37681034	-2	1	-	NC_072403.2	37680762	37680840	37680421	37680596	EHMT2	XM_016955199.2	-	2	37680596	37680762	165	18
NC_072403.2	37741758	37742280	1	1	+	NC_072403.2	37741969	37742095	37742222	37742271	C2	XM_003311176.5	+	1	37742095	37742222	126	1
NC_072403.2	37748511	37748952	1	1	+	NC_072403.2	37748575	37748707	37748789	37748838	CFB	NM_001009169.1	+	1	37748707	37748789	81	1
NC_072403.2	37785696	37786098	1	1	+	NC_072403.2	37785697	37785813	37785919	37786090	C4A	NM_001320161.1	+	1	37785813	37785919	105	1
NC_072403.2	37788358	37788916	2	1	+	NC_072403.2	37788483	37788669	37788784	37788874	C4A	NM_001320161.1	+	2	37788669	37788784	114	1
NC_072403.2	37790716	37791250	2	1	+	NC_072403.2	37790799	37790888	37790973	37791071	C4A	NM_001320161.1	+	2	37790888	37790973	84	1
NC_072403.2	37798930	37799584	-3	1	-	NC_072403.2	37799186	37799337	37798996	37799092	LOC107973293	XM_024357123.3	-	3	37799092	37799186	93	2
NC_072403.2	37799665	37800247	-3	1	-	NC_072403.2	37799905	37800048	37799681	37799811	LOC107973293	XM_024357123.3	-	3	37799811	37799905	93	2
NC_072403.2	37800398	37800911	-2	1	-	NC_072403.2	37800737	37800859	37800479	37800622	LOC107973293	XM_024357123.3	-	2	37800622	37800737	114	2
NC_072403.2	37812159	37812561	1	1	+	NC_072403.2	37812160	37812276	37812382	37812553	LOC462577	XM_024357122.2	+	1	37812276	37812382	105	1
NC_072403.2	37814821	37815379	2	1	+	NC_072403.2	37814946	37815132	37815247	37815337	LOC462577	XM_024357122.2	+	2	37815132	37815247	114	1
NC_072403.2	37817179	37817713	2	1	+	NC_072403.2	37817262	37817351	37817436	37817534	LOC462577	XM_024357122.2	+	2	37817351	37817436	84	1
NC_072403.2	37825405	37826059	-3	1	-	NC_072403.2	37825661	37825812	37825471	37825567	LOC462578	XM_009450945.5	-	3	37825567	37825661	93	6
NC_072403.2	37826140	37826674	-3	1	-	NC_072403.2	37826380	37826523	37826156	37826286	LOC462578	XM_009450945.5	-	3	37826286	37826380	93	6
NC_072403.2	37826873	37827386	-2	1	-	NC_072403.2	37827212	37827334	37826954	37827097	LOC462578	XM_009450945.5	-	2	37827097	37827212	114	6
NC_072403.2	37851530	37852682	-2	1	-	NC_072403.2	37852025	37852339	37851593	37851910	LOC462578	XM_009450945.5	-	2	37851910	37852025	114	6
NC_072403.2	37941425	37941761	3	1	+	NC_072403.2	37941457	37941552	37941640	37941747	PPT2	XM_003311194.6	+	3	37941552	37941640	87	3
NC_072403.2	37941425	37941761	3	1	+	NC_072403.2	37941537	37941552	37941640	37941747	PPT2	XM_054686789.2	+	3	37941552	37941640	87	3
NC_072403.2	37966216	37966531	2	1	+	NC_072403.2	37966217	37966334	37966437	37966531	RNF5	XM_001164301.5	+	2	37966334	37966437	102	1
NC_072403.2	38006321	38006891	-2	1	-	NC_072403.2	38006627	38006863	38006351	38006506	NOTCH4	XM_009450982.5	-	2	38006506	38006627	120	6
NC_072403.2	38861142	38861679	1	1	+	NC_072403.2	38861306	38861428	38861546	38861679	BRD2	XM_001168036.7	+	1	38861428	38861546	117	3
NC_072403.2	39049471	39049954	-3	1	-	NC_072403.2	39049862	39049915	39049480	39049747	COL11A2	XM_016955247.4	-	3	39049747	39049862	114	10
NC_072403.2	39051169	39051580	-3	1	-	NC_072403.2	39051356	39051463	39051194	39051247	COL11A2	XM_016955247.4	-	3	39051247	39051356	108	10
NC_072403.2	39054183	39054657	-1	1	-	NC_072403.2	39054493	39054546	39054259	39054312	COL11A2	XM_016955247.4	-	1	39054312	39054493	180	10
NC_072403.2	39078855	39079389	-1	1	-	NC_072403.2	39079275	39079366	39078857	39078962	RXRB	XM_001168893.8	-	1	39078962	39079275	312	2
NC_072403.2	39078855	39079389	-1	1	-	NC_072403.2	39079275	39079378	39078857	39078962	RXRB	XM_009451003.4	-	1	39078962	39079275	312	2
NC_072403.2	39173969	39174434	3	1	+	NC_072403.2	39174157	39174227	39174309	39174433	PFDN6	XM_009451009.3	+	3	39174227	39174309	81	3
NC_072403.2	39177775	39178147	-3	1	-	NC_072403.2	39178016	39178048	39177777	39177898	RGL2	XM_001169717.7	-	3	39177898	39178016	117	9
NC_072403.2	39178954	39179242	-3	1	-	NC_072403.2	39179114	39179198	39178964	39179032	RGL2	XM_001169717.7	-	3	39179032	39179114	81	9
NC_072403.2	39564563	39565193	3	1	+	NC_072403.2	39564677	39564785	39564918	39565008	ITPR3	XM_016955262.4	+	3	39564785	39564918	132	3
NC_072403.2	39565901	39566660	3	1	+	NC_072403.2	39565963	39566147	39566373	39566573	ITPR3	XM_016955262.4	+	3	39566147	39566373	225	3
NC_072403.2	41165079	41165670	1	1	+	NC_072403.2	41165176	41165292	41165551	41165626	ZNF76	XM_016955298.4	+	1	41165292	41165551	258	4
NC_072403.2	41167219	41168026	2	1	+	NC_072403.2	41167464	41167697	41167791	41167954	ZNF76	XM_016955298.4	+	2	41167697	41167791	93	7
NC_072403.2	41352577	41353132	-3	1	-	NC_072403.2	41353070	41353132	41352818	41352880	TEAD3	XM_016955331.4	-	3	41352880	41353070	189	1
NC_072403.2	47474834	47475455	3	1	+	NC_072403.2	47475000	47475083	47475192	47475399	FOXP4	XM_016945014.4	+	3	47475083	47475192	108	9
NC_072403.2	47474834	47475455	3	1	+	NC_072403.2	47475000	47475083	47475228	47475399	FOXP4	XM_016945021.4	+	3	47475083	47475228	144	12
NC_072403.2	48904785	48905298	1	1	+	NC_072403.2	48904932	48905004	48905149	48905265	PPP2R5D	XM_063812436.1	+	1	48905004	48905149	144	2
NC_072403.2	49098492	49099347	1	1	+	NC_072403.2	49098671	49098780	49098856	49099038	CUL9	XM_009451289.5	+	1	49098780	49098856	75	5
NC_072403.2	49098492	49099347	1	1	+	NC_072403.2	49098671	49098780	49098856	49099346	CUL9	XM_016955550.3	+	1	49098780	49098856	75	6
NC_072403.2	49098492	49099347	1	1	+	NC_072403.2	49098856	49099038	49099186	49099346	CUL9	XM_054685835.2	+	1	49099038	49099186	147	4
NC_072403.2	49152892	49154020	2	1	+	NC_072403.2	49153132	49153363	49153625	49153800	TTBK1	XM_016955558.3	+	2	49153363	49153625	261	2
NC_072403.2	49341687	49342089	1	1	+	NC_072403.2	49341765	49341894	49341991	49342088	ABCC10	XM_016955576.4	+	1	49341894	49341991	96	3
NC_072403.2	49566254	49566671	-2	1	-	NC_072403.2	49566548	49566671	49566256	49566325	MRPS18A	XM_001140445.5	-	2	49566325	49566548	222	1
NC_072403.2	50051129	50051696	3	1	+	NC_072403.2	50051181	50051261	50051508	50051696	TMEM63B	XM_016955601.4	+	3	50051261	50051508	246	6
NC_072403.2	50078745	50079393	1	1	+	NC_072403.2	50078986	50079064	50079164	50079280	CAPN11	NM_001280269.1	+	1	50079064	50079164	99	3
NC_072403.2	50078745	50079393	1	1	+	NC_072403.2	50078986	50079064	50079164	50079206	CAPN11	XM_063811931.1	+	1	50079064	50079164	99	1
NC_072403.2	50156298	50156916	-1	1	-	NC_072403.2	50156749	50156837	50156341	50156580	NFKBIE	XM_518507.8	-	1	50156580	50156749	168	1
NC_072403.2	6026350	6026878	-3	1	-	NC_072403.2	6026731	6026839	6026542	6026652	LOC129144202	XM_063812730.1	-	3	6026652	6026731	78	4
NC_072403.2	62511854	62512172	-2	1	-	NC_072403.2	62512077	62512172	62511856	62511983	DST	XM_016955690.4	-	2	62511983	62512077	93	33
NC_072403.2	85461856	85462474	-3	1	-	NC_072403.2	85462286	85462465	85461881	85462177	EEF1A1	NM_001009165.1	-	3	85462177	85462286	108	4
NC_072403.2	97644753	97645251	-1	1	-	NC_072403.2	97645075	97645188	97644799	97644975	SYNCRIP	XM_009451612.4	-	1	97644975	97645075	99	12
NC_072404.2	103791110	103791413	3	1	+	NC_072404.2	103791111	103791164	103791315	103791368	COL1A2	XM_001168894.7	+	3	103791164	103791315	150	1
NC_072404.2	107619267	107619756	-2	1	-	NC_072404.2	107619532	107619681	107619269	107619426	TECPR1	XM_001135658.6	-	2	107619426	107619532	105	6
NC_072404.2	109623156	109623432	-2	1	-	NC_072404.2	109623357	109623384	109623158	109623278	TRAPPC14	XM_016957837.3	-	2	109623278	109623357	78	1
NC_072404.2	109637296	109638046	-1	1	-	NC_072404.2	109637639	109637778	109637298	109637473	GPC2	XM_024357947.3	-	1	109637473	109637639	165	1
NC_072404.2	110065495	110066767	2	1	+	NC_072404.2	110065840	110065948	110066369	110066627	PCOLCE	XM_016946178.4	+	2	110065948	110066369	420	1
NC_072404.2	110077043	110077469	3	1	+	NC_072404.2	110077156	110077320	110077441	110077469	MOSPD3	XM_016946179.4	+	3	110077320	110077441	120	5
NC_072404.2	110090200	110090596	-1	1	-	NC_072404.2	110090486	110090568	110090335	110090398	TFR2	XM_009453805.5	-	1	110090398	110090486	87	3
NC_072404.2	110095184	110095655	-3	1	-	NC_072404.2	110095473	110095584	110095245	110095367	TFR2	XM_009453805.5	-	3	110095367	110095473	105	3
NC_072404.2	110109526	110109970	-1	1	-	NC_072404.2	110109749	110109838	110109528	110109589	ACTL6B	XM_001140943.5	-	1	110109589	110109749	159	1
NC_072404.2	110110829	110111294	-3	1	-	NC_072404.2	110111033	110111127	110110860	110110966	ACTL6B	XM_001140943.5	-	3	110110966	110111033	66	1
NC_072404.2	110118018	110118711	-2	1	-	NC_072404.2	110118645	110118669	110118118	110118194	ACTL6B	XM_001140943.5	-	2	110118194	110118645	450	1
NC_072404.2	110145739	110146534	-1	1	-	NC_072404.2	110146397	110146479	110146145	110146285	GIGYF1	XM_009453806.5	-	1	110146285	110146397	111	14
NC_072404.2	110146621	110147158	-1	1	-	NC_072404.2	110146869	110147003	110146666	110146766	GIGYF1	XM_009453806.5	-	1	110146766	110146869	102	14
NC_072404.2	110329533	110330421	1	1	+	NC_072404.2	110329567	110329692	110329954	110330325	TRIP6	NM_001246623.2	+	1	110329692	110329954	261	2
NC_072404.2	110346290	110346608	3	1	+	NC_072404.2	110346291	110346386	110346471	110346588	SRRT	XM_003318658.7	+	3	110346386	110346471	84	5
NC_072404.2	110442616	110484883	2	1	+	NC_072404.2	110460179	110461626	110461933	110463011	LOC129144497	XM_054687273.1	+	2	110461626	110461933	306	1
NC_072404.2	110564460	110591907	1	1	+	NC_072404.2	110579290	110583115	110583647	110586478	MUC17	XM_063815944.1	+	1	110583115	110583647	531	1
NC_072404.2	110759962	110760523	-1	1	-	NC_072404.2	110760212	110760353	110760011	110760124	PLOD3	XM_001153684.8	-	1	110760124	110760212	87	3
NC_072404.2	110761269	110761728	-2	1	-	NC_072404.2	110761526	110761630	110761271	110761396	PLOD3	XM_001153684.8	-	2	110761396	110761526	129	3
NC_072404.2	112033568	112034012	-3	1	-	NC_072404.2	112033799	112033863	112033569	112033687	LOC742087	XM_001145045.7	-	3	112033687	112033799	111	4
NC_072404.2	112127484	112127919	-2	1	-	NC_072404.2	112127715	112127779	112127485	112127603	LOC463627	XM_054656198.2	-	2	112127603	112127715	111	1
NC_072404.2	117697514	117698123	3	1	+	NC_072404.2	117697753	117697863	117697963	117698123	LOC112209800	XM_063814970.1	+	3	117697863	117697963	99	2
NC_072404.2	117697725	117698235	1	1	+	NC_072404.2	117697753	117697863	117697963	117698235	LOC112209800	XM_063814966.1	+	1	117697863	117697963	99	3
NC_072404.2	120514523	120514928	-3	1	-	NC_072404.2	120514803	120514903	120514590	120514697	SRPK2	NM_001279947.1	-	3	120514697	120514803	105	19
NC_072404.2	12142956	12143727	1	1	+	NC_072404.2	12142981	12143136	12143272	12143358	GRID2IP	XM_003318301.4	+	1	12143136	12143272	135	2
NC_072404.2	121494324	121495008	-2	1	-	NC_072404.2	121494715	121494765	121494376	121494447	SYPL1	XM_016945653.4	-	2	121494447	121494715	267	2
NC_072404.2	12242554	12243130	-1	1	-	NC_072404.2	12242971	12243130	12242555	12242682	RAC1	NM_001246381.1	-	1	12242682	12242971	288	2
NC_072404.2	144201330	144201990	1	1	+	NC_072404.2	144201416	144201609	144201700	144201813	FLNC	XM_003318778.5	+	1	144201609	144201700	90	2
NC_072404.2	144203994	144204519	1	1	+	NC_072404.2	144204040	144204157	144204248	144204510	FLNC	XM_003318778.5	+	1	144204157	144204248	90	2
NC_072404.2	144210934	144211744	2	1	+	NC_072404.2	144211044	144211184	144211473	144211601	FLNC	XM_003318778.5	+	2	144211184	144211473	288	2
NC_072404.2	144213681	144214203	1	1	+	NC_072404.2	144213710	144213862	144213956	144214078	FLNC	XM_003318778.5	+	1	144213862	144213956	93	2
NC_072404.2	157015295	157015904	-3	1	-	NC_072404.2	157015580	157015711	157015297	157015447	DENND11	XM_519430.8	-	3	157015447	157015580	132	1
NC_072404.2	158318831	158319329	-3	1	-	NC_072404.2	158319111	158319276	158318870	158318936	TRPV5	XM_519444.8	-	3	158318936	158319111	174	1
NC_072404.2	158801441	158802119	-3	1	-	NC_072404.2	158801970	158802119	158801443	158801636	EPHA1	XM_009454412.4	-	3	158801636	158801970	333	5
NC_072404.2	165962344	165963037	-1	1	-	NC_072404.2	165962620	165962892	165962346	165962532	KCNH2	XM_024358086.3	-	1	165962532	165962620	87	2
NC_072404.2	166025009	166025399	3	1	+	NC_072404.2	166025061	166025193	166025320	166025398	NOS3	XM_009454566.5	+	3	166025193	166025320	126	3
NC_072404.2	166068179	166068998	3	1	+	NC_072404.2	166068515	166068606	166068688	166068767	ASIC3	XM_063815828.1	+	3	166068606	166068688	81	13
NC_072404.2	166073568	166074114	-2	1	-	NC_072404.2	166073788	166073876	166073624	166073691	CDK5	XM_054655335.2	-	2	166073691	166073788	96	2
NC_072404.2	166092210	166093023	1	1	+	NC_072404.2	166092335	166092504	166092742	166092915	SLC4A2	XM_003318909.4	+	1	166092504	166092742	237	2
NC_072404.2	166133555	166134299	3	1	+	NC_072404.2	166133788	166133846	166134090	166134177	AGAP3	XM_016945910.4	+	3	166133846	166134090	243	8
NC_072404.2	166255338	166256181	-2	1	-	NC_072404.2	166255801	166255923	166255573	166255674	SMARCD3	XM_016945943.4	-	2	166255674	166255801	126	3
NC_072404.2	27250894	27251482	2	1	+	NC_072404.2	27250901	27250907	27251328	27251443	SP4	XM_527679.6	+	2	27250907	27251328	420	1
NC_072404.2	32003281	32003587	-1	1	-	NC_072404.2	32003461	32003562	32003305	32003385	HNRNPA2B1	XM_003318359.7	-	1	32003385	32003461	75	9
NC_072404.2	36737430	36738132	1	1	+	NC_072404.2	36737557	36737662	36737789	36737896	GHRHR	XM_009452860.5	+	1	36737662	36737789	126	7
NC_072404.2	36737430	36738132	1	1	+	NC_072404.2	36737560	36737662	36737789	36737896	GHRHR	XM_519027.7	+	1	36737662	36737789	126	1
NC_072404.2	42308019	42308490	-2	1	-	NC_072404.2	42308161	42308219	42308023	42308082	AOAH	XM_003318258.6	-	2	42308082	42308161	78	6
NC_072404.2	49938329	49938932	-3	1	-	NC_072404.2	49938729	49938831	49938381	49938623	POLM	XM_001142835.6	-	3	49938623	49938729	105	6
NC_072404.2	49938329	49938932	-3	1	-	NC_072404.2	49938729	49938818	49938381	49938623	POLM	XM_063814198.1	-	3	49938623	49938729	105	1
NC_072404.2	49975664	49976183	3	1	+	NC_072404.2	49975794	49975938	49976035	49976120	AEBP1	XM_003318390.6	+	3	49975938	49976035	96	1
NC_072404.2	50099823	50100600	-2	1	-	NC_072404.2	50100154	50100191	50099905	50099976	CAMK2B	XM_016957386.4	-	2	50099976	50100154	177	11
NC_072404.2	50099823	50100600	-2	1	-	NC_072404.2	50100154	50100194	50099905	50099976	CAMK2B	XM_016957388.4	-	2	50099976	50100154	177	6
NC_072404.2	53659330	53659702	-1	1	-	NC_072404.2	53659559	53659669	53659393	53659465	PKD1L1	XM_016945694.4	-	1	53659465	53659559	93	2
NC_072404.2	53659330	53659702	-1	1	-	NC_072404.2	53659559	53659669	53659387	53659465	PKD1L1	XM_016945695.4	-	1	53659465	53659559	93	1
NC_072404.2	5859942	5860656	-2	1	-	NC_072404.2	5860347	5860442	5860039	5860115	LOC107972857	XM_054687294.2	-	2	5860115	5860347	231	2
NC_072404.2	5859942	5860656	-2	1	-	NC_072404.2	5860347	5860461	5860039	5860115	LOC107972857	XM_063815127.1	-	2	5860115	5860347	231	1
NC_072404.2	61030012	61031104	-1	1	-	NC_072404.2	61030383	61030936	61030014	61030139	LOC129144559	XM_054687553.2	-	1	61030139	61030383	243	2
NC_072404.2	61873719	61874562	-2	1	-	NC_072404.2	61874383	61874536	61874056	61874181	PHKG1	XM_001153926.7	-	2	61874181	61874383	201	4
NC_072404.2	6914907	6915441	1	1	+	NC_072404.2	6914996	6915145	6915212	6915369	CYP2W1	XM_054687302.2	+	1	6915145	6915212	66	1
NC_072404.2	73824959	73825547	3	1	+	NC_072404.2	73825074	73825226	73825326	73825385	ASL	XM_016945818.4	+	3	73825226	73825326	99	1
NC_072404.2	73824959	73825547	3	1	+	NC_072404.2	73825142	73825226	73825326	73825385	ASL	XM_024358179.3	+	3	73825226	73825326	99	4
NC_072404.2	7422014	7422833	-3	1	-	NC_072404.2	7422618	7422810	7422016	7422143	INTS1	XM_016956990.3	-	3	7422143	7422618	474	4
NC_072404.2	7426409	7427309	-3	1	-	NC_072404.2	7427126	7427285	7426766	7426906	INTS1	XM_016956990.3	-	3	7426906	7427126	219	4
NC_072404.2	7433104	7433968	-1	1	-	NC_072404.2	7433573	7433752	7433381	7433485	INTS1	XM_016956990.3	-	1	7433485	7433573	87	4
NC_072404.2	7446983	7447946	-3	1	-	NC_072404.2	7447671	7447857	7447384	7447529	INTS1	XM_016956990.3	-	3	7447529	7447671	141	4
NC_072404.2	7446983	7447946	-3	1	-	NC_072404.2	7447384	7447529	7447122	7447263	INTS1	XM_016956990.3	-	3	7447263	7447384	120	4
NC_072404.2	7447949	7448552	-3	1	-	NC_072404.2	7448168	7448327	7447951	7448056	INTS1	XM_016956990.3	-	3	7448056	7448168	111	3
NC_072404.2	7447949	7448552	-3	1	-	NC_072404.2	7448174	7448327	7447951	7448056	INTS1	XM_016956991.4	-	3	7448056	7448174	117	1
NC_072404.2	81505607	81505934	3	1	+	NC_072404.2	81505678	81505772	81505872	81505934	CASTOR2	XM_054655713.2	+	3	81505772	81505872	99	2
NC_072404.2	81650083	81650425	-1	1	-	NC_072404.2	81650350	81650425	81650085	81650250	NCF1	XM_016957575.4	-	1	81650250	81650350	99	1
NC_072404.2	81680000	81680462	-3	1	-	NC_072404.2	81680363	81680428	81680002	81680185	GTF2I	XM_001151627.7	-	3	81680185	81680363	177	19
NC_072404.2	82745235	82745547	-2	1	-	NC_072404.2	82745433	82745515	82745237	82745333	BUD23	XM_016945266.4	-	2	82745333	82745433	99	3
NC_072404.2	82836468	82837653	1	1	+	NC_072404.2	82836493	82837024	82837274	82837341	MLXIPL	XM_003318668.5	+	1	82837024	82837274	249	6
NC_072404.2	82836468	82837653	1	1	+	NC_072404.2	82837274	82837341	82837417	82837567	MLXIPL	XM_003318668.5	+	1	82837341	82837417	75	3
NC_072404.2	82836468	82837653	1	1	+	NC_072404.2	82836493	82837024	82837241	82837341	MLXIPL	XM_009453317.4	+	1	82837024	82837241	216	7
NC_072404.2	82836468	82837653	1	1	+	NC_072404.2	82837241	82837341	82837417	82837567	MLXIPL	XM_009453317.4	+	1	82837341	82837417	75	5
NC_072404.2	82836468	82837653	1	1	+	NC_072404.2	82837241	82837341	82837420	82837567	MLXIPL	XM_016945278.3	+	1	82837341	82837420	78	2
NC_072404.2	82836468	82837653	1	1	+	NC_072404.2	82837274	82837341	82837420	82837567	MLXIPL	XM_016945279.3	+	1	82837341	82837420	78	3
NC_072404.2	84457664	84458114	-3	1	-	NC_072404.2	84458006	84458090	84457665	84457840	LOC134810452	XM_063814549.1	-	3	84457840	84458006	165	1
NC_072404.2	8536498	8537608	2	1	+	NC_072404.2	8537234	8537347	8537465	8537515	IQCE	XM_054687332.2	+	2	8537347	8537465	117	24
NC_072404.2	8536498	8537608	2	1	+	NC_072404.2	8537267	8537347	8537465	8537515	IQCE	XM_054687346.2	+	2	8537347	8537465	117	3
NC_072404.2	85507968	85508388	1	1	+	NC_072404.2	85507993	85508061	85508200	85508388	TMEM120A	XM_016945839.3	+	1	85508061	85508200	138	1
NC_072405.2	101633373	101633631	1	1	+	NC_072405.2	101633383	101633437	101633522	101633625	SLC26A7	XM_016959664.2	+	1	101633437	101633522	84	14
NC_072405.2	104384025	104384511	-3	1	-	NC_072405.2	104384349	104384507	104384044	104384243	CDH17	XM_016959685.3	-	3	104384243	104384349	105	3
NC_072405.2	105281630	105282632	-1	1	-	NC_072405.2	105282021	105282629	105281731	105281897	LOC100614282	XM_063816888.1	-	1	105281897	105282021	123	1
NC_072405.2	110206092	110206398	-3	1	-	NC_072405.2	110206305	110206398	110206107	110206187	RGS22	XM_016959719.3	-	3	110206187	110206305	117	20
NC_072405.2	112528305	112528680	-3	1	-	NC_072405.2	112528549	112528669	112528357	112528461	UBR5	XM_016959746.4	-	3	112528461	112528549	87	7
NC_072405.2	112528305	112528680	-3	1	-	NC_072405.2	112528549	112528669	112528363	112528461	UBR5	XM_016959748.3	-	3	112528461	112528549	87	6
NC_072405.2	152808351	152808873	1	1	+	NC_072405.2	152808401	152808565	152808704	152808868	ADGRB1	XM_016959964.4	+	1	152808565	152808704	138	11
NC_072405.2	152819884	152820592	2	1	+	NC_072405.2	152819967	152820042	152820268	152820370	ADGRB1	XM_016959964.4	+	2	152820042	152820268	225	11
NC_072405.2	153423970	153424465	2	1	+	NC_072405.2	153424022	153424094	153424179	153424295	LY6L	XM_054657704.2	+	2	153424094	153424179	84	1
NC_072405.2	153562961	153563540	3	1	+	NC_072405.2	153563038	153563151	153563284	153563540	GPIHBP1	XM_016960018.4	+	3	153563151	153563284	132	1
NC_072405.2	153562961	153563540	3	1	+	NC_072405.2	153563038	153563151	153563284	153563439	GPIHBP1	XM_063817443.1	+	3	153563151	153563284	132	1
NC_072405.2	153930091	153930859	-2	1	-	NC_072405.2	153930395	153930475	153930196	153930298	NAPRT	XM_003311956.7	-	2	153930298	153930395	96	3
NC_072405.2	154069010	154070495	-1	1	-	NC_072405.2	154069980	154070423	154069011	154069883	CCDC166	XM_054657577.2	-	1	154069883	154069980	96	1
NC_072405.2	154069010	154070495	-1	1	-	NC_072405.2	154069980	154070423	154069269	154069883	CCDC166	XM_054657578.2	-	1	154069883	154069980	96	1
NC_072405.2	154069010	154070495	-1	1	-	NC_072405.2	154069269	154069883	154069011	154069148	CCDC166	XM_054657578.2	-	1	154069148	154069269	120	1
NC_072405.2	154080802	154081369	2	1	+	NC_072405.2	154080987	154081117	154081205	154081368	MAPK15	XM_016960035.4	+	2	154081117	154081205	87	3
NC_072405.2	154082430	154083513	1	1	+	NC_072405.2	154083009	154083146	154083306	154083411	MAPK15	XM_016960035.4	+	1	154083146	154083306	159	2
NC_072405.2	154082430	154083513	1	1	+	NC_072405.2	154083009	154083104	154083306	154083411	MAPK15	XM_054657574.2	+	1	154083104	154083306	201	1
NC_072405.2	154155944	154157045	-1	1	-	NC_072405.2	154156401	154156438	154156191	154156265	SCRIB	XM_054657564.1	-	1	154156265	154156401	135	3
NC_072405.2	154157008	154157671	-2	1	-	NC_072405.2	154157501	154157608	154157233	154157392	SCRIB	XM_054657564.1	-	2	154157392	154157501	108	6
NC_072405.2	154157008	154157671	-2	1	-	NC_072405.2	154157233	154157392	154157010	154157160	SCRIB	XM_054657564.1	-	2	154157160	154157233	72	6
NC_072405.2	154169893	154170517	-2	1	-	NC_072405.2	154170221	154170514	154169957	154170145	SCRIB	XM_054657564.1	-	2	154170145	154170221	75	6
NC_072405.2	154171003	154171723	-2	1	-	NC_072405.2	154171550	154171630	154171142	154171414	SCRIB	XM_054657564.1	-	2	154171414	154171550	135	4
NC_072405.2	154171003	154171723	-2	1	-	NC_072405.2	154171571	154171630	154171142	154171414	SCRIB	XM_054657565.2	-	2	154171414	154171571	156	2
NC_072405.2	154184366	154184921	-1	1	-	NC_072405.2	154184829	154184921	154184498	154184711	PUF60	XM_003311961.5	-	1	154184711	154184829	117	27
NC_072405.2	154201221	154201986	-3	1	-	NC_072405.2	154201828	154201881	154201668	154201731	NRBP2	XM_001155260.7	-	3	154201731	154201828	96	2
NC_072405.2	154204428	154204860	-3	1	-	NC_072405.2	154204710	154204793	154204576	154204631	NRBP2	XM_001155260.7	-	3	154204631	154204710	78	3
NC_072405.2	154293578	154294253	-1	1	-	NC_072405.2	154293936	154294031	154293619	154293746	PLEC	XM_009456141.5	-	1	154293746	154293936	189	36
NC_072405.2	154294005	154294500	-3	1	-	NC_072405.2	154294312	154294418	154294111	154294230	PLEC	XM_009456141.5	-	3	154294230	154294312	81	30
NC_072405.2	154294005	154294500	-3	1	-	NC_072405.2	154294324	154294418	154294111	154294230	PLEC	XM_024345350.3	-	3	154294230	154294324	93	6
NC_072405.2	154343406	154343982	-3	1	-	NC_072405.2	154343653	154343874	154343451	154343547	PARP10	XM_016960073.3	-	3	154343547	154343653	105	8
NC_072405.2	154414100	154414940	-1	1	-	NC_072405.2	154414572	154414732	154414353	154414454	OPLAH	XM_016960067.3	-	1	154414454	154414572	117	8
NC_072405.2	154443755	154444403	3	1	+	NC_072405.2	154443775	154443876	154443970	154444166	GPAA1	NM_001280127.1	+	3	154443876	154443970	93	2
NC_072405.2	154475678	154476047	3	1	+	NC_072405.2	154475699	154475769	154475848	154476047	WDR97	XM_016960079.4	+	3	154475769	154475848	78	29
NC_072405.2	154624373	154624817	3	1	+	NC_072405.2	154624374	154624508	154624581	154624816	MROH1	XM_016960100.4	+	3	154624508	154624581	72	14
NC_072405.2	154624373	154624817	3	1	+	NC_072405.2	154624374	154624508	154624581	154624683	MROH1	XM_054657605.2	+	3	154624508	154624581	72	17
NC_072405.2	154718950	154719442	-2	1	-	NC_072405.2	154719166	154719361	154718990	154719075	TMEM249	XM_016946338.4	-	2	154719075	154719166	90	1
NC_072405.2	154724839	154726156	2	1	+	NC_072405.2	154725071	154725807	154725904	154726027	SLC52A2	XM_009456148.5	+	2	154725807	154725904	96	1
NC_072405.2	154724839	154726156	2	1	+	NC_072405.2	154724937	154725807	154725904	154726027	SLC52A2	XM_016946334.4	+	2	154725807	154725904	96	4
NC_072405.2	154758137	154758728	3	1	+	NC_072405.2	154758180	154758205	154758320	154758515	ADCK5	XM_009456156.4	+	3	154758205	154758320	114	5
NC_072405.2	154760771	154761152	-1	1	-	NC_072405.2	154760892	154761030	154760772	154760816	CPSF1	XM_054657078.2	-	1	154760816	154760892	75	2
NC_072405.2	154761105	154761501	-3	1	-	NC_072405.2	154761324	154761479	154761107	154761236	CPSF1	XM_054657078.2	-	3	154761236	154761324	87	2
NC_072405.2	154761597	154762134	-3	1	-	NC_072405.2	154761820	154761996	154761675	154761741	CPSF1	XM_054657078.2	-	3	154761741	154761820	78	2
NC_072405.2	154764040	154764997	-2	1	-	NC_072405.2	154764773	154764979	154764284	154764373	CPSF1	XM_054657078.2	-	2	154764373	154764773	399	2
NC_072405.2	154764290	154765574	-1	1	-	NC_072405.2	154765309	154765445	154765053	154765227	CPSF1	XM_054657078.2	-	1	154765227	154765309	81	2
NC_072405.2	154767348	154767747	-3	1	-	NC_072405.2	154767559	154767681	154767423	154767474	CPSF1	XM_054657078.2	-	3	154767474	154767559	84	2
NC_072405.2	154782026	154783115	-1	1	-	NC_072405.2	154782345	154782476	154782107	154782161	SLC39A4	XM_009456159.5	-	1	154782161	154782345	183	1
NC_072405.2	154813665	154814262	-3	1	-	NC_072405.2	154814028	154814052	154813818	154813913	TONSL	XM_016946311.4	-	3	154813913	154814028	114	2
NC_072405.2	154868072	154868417	3	1	+	NC_072405.2	154868125	154868195	154868271	154868416	PPP1R16A	XM_024345398.3	+	3	154868195	154868271	75	50
NC_072405.2	154874511	154875570	1	1	+	NC_072405.2	154874593	154874836	154875155	154875234	GPT	XM_003951368.6	+	1	154874836	154875155	318	1
NC_072405.2	154879679	154880039	3	1	+	NC_072405.2	154879684	154879823	154879914	154880038	MFSD3	XM_009456175.5	+	3	154879823	154879914	90	1
NC_072405.2	154880042	154880477	3	1	+	NC_072405.2	154880110	154880219	154880307	154880477	MFSD3	XM_528271.8	+	3	154880219	154880307	87	1
NC_072405.2	154880874	154881405	-3	1	-	NC_072405.2	154881232	154881388	154881003	154881111	RECQL4	XM_009456173.5	-	3	154881111	154881232	120	9
NC_072405.2	154881961	154883146	-2	1	-	NC_072405.2	154882894	154883035	154882541	154882803	RECQL4	XM_009456173.5	-	2	154882803	154882894	90	9
NC_072405.2	154881961	154883146	-2	1	-	NC_072405.2	154882541	154882803	154881963	154882459	RECQL4	XM_009456173.5	-	2	154882459	154882541	81	4
NC_072405.2	154881961	154883146	-2	1	-	NC_072405.2	154882541	154882803	154882168	154882459	RECQL4	XM_016960149.4	-	2	154882459	154882541	81	5
NC_072405.2	154881961	154883146	-2	1	-	NC_072405.2	154882168	154882459	154881963	154882092	RECQL4	XM_016960149.4	-	2	154882092	154882168	75	5
NC_072405.2	154886694	154887729	-3	1	-	NC_072405.2	154887098	154887696	154886920	154887001	RECQL4	XM_063817496.1	-	3	154887001	154887098	96	1
NC_072405.2	30354282	30355083	1	1	+	NC_072405.2	30354430	30354520	30354650	30354735	NPM2	XM_009454945.4	+	1	30354520	30354650	129	12
NC_072405.2	30354282	30355083	1	1	+	NC_072405.2	30354463	30354520	30354650	30354735	NPM2	XM_009454953.4	+	1	30354520	30354650	129	6
NC_072405.2	30365662	30365887	2	1	+	NC_072405.2	30365701	30365734	30365846	30365887	NPM2	XM_009454947.4	+	2	30365734	30365846	111	4
NC_072405.2	30426954	30427839	1	1	+	NC_072405.2	30426979	30427083	30427180	30427302	FHIP2B	XM_016959200.4	+	1	30427083	30427180	96	4
NC_072405.2	30426954	30427839	1	1	+	NC_072405.2	30427180	30427302	30427531	30427773	FHIP2B	XM_016959200.4	+	1	30427302	30427531	228	7
NC_072405.2	30426954	30427839	1	1	+	NC_072405.2	30426991	30427083	30427180	30427302	FHIP2B	XM_063816911.1	+	1	30427083	30427180	96	3
NC_072405.2	30430835	30431708	3	1	+	NC_072405.2	30430901	30430991	30431169	30431312	FHIP2B	XM_016959200.4	+	3	30430991	30431169	177	7
NC_072405.2	30449109	30450153	-3	1	-	NC_072405.2	30449784	30449949	30449549	30449618	HR	XM_009454971.5	-	3	30449618	30449784	165	5
NC_072405.2	30449109	30450153	-3	1	-	NC_072405.2	30449549	30449618	30449205	30449335	HR	XM_009454971.5	-	3	30449335	30449549	213	5
NC_072405.2	30467986	30468571	-2	1	-	NC_072405.2	30468376	30468511	30468089	30468243	REEP4	NM_001246540.1	-	2	30468243	30468376	132	7
NC_072405.2	36420779	36421751	-1	1	-	NC_072405.2	36421518	36421740	36420804	36421034	NUGGC	XM_063816974.1	-	1	36421034	36421518	483	2
NC_072405.2	46232885	46233554	3	1	+	NC_072405.2	46233000	46233149	46233279	46233440	ADGRA2	XM_016959331.4	+	3	46233149	46233279	129	2
NC_072405.2	56395967	56396603	-1	1	-	NC_072405.2	56396194	56396318	56395969	56396118	PRKDC	XM_001147162.8	-	1	56396118	56396194	75	4
NC_072406.2	105837796	105838498	-2	1	-	NC_072406.2	105838283	105838393	105838032	105838168	RBP4	NM_001045495.1	-	2	105838168	105838283	114	3
NC_072406.2	107045191	107045680	2	1	+	NC_072406.2	107045192	107045354	107045526	107045675	CYP2C9	XM_024346505.3	+	2	107045354	107045526	171	1
NC_072406.2	107447573	107448227	-1	1	-	NC_072406.2	107448099	107448213	107447820	107447945	SORBS1	XM_016918902.4	-	1	107447945	107448099	153	50
NC_072406.2	107720109	107720613	-3	1	-	NC_072406.2	107720346	107720541	107720122	107720243	ALDH18A1	XM_016918957.3	-	3	107720243	107720346	102	8
NC_072406.2	109491416	109491869	-1	1	-	NC_072406.2	109491746	109491851	109491458	109491565	RRP12	XM_054660405.2	-	1	109491565	109491746	180	1
NC_072406.2	109572508	109573030	2	1	+	NC_072406.2	109572527	109572721	109572851	109572939	ZDHHC16	NM_001280180.1	+	2	109572721	109572851	129	14
NC_072406.2	113087377	113088109	-2	1	-	NC_072406.2	113087731	113087837	113087378	113087616	MRPL43	XM_016919140.4	-	2	113087616	113087731	114	1
NC_072406.2	113112558	113112945	-3	1	-	NC_072406.2	113112832	113112923	113112590	113112681	PDZD7	XM_016919148.4	-	3	113112681	113112832	150	1
NC_072406.2	114504126	114504669	1	1	+	NC_072406.2	114504164	114504333	114504457	114504559	NFKB2	XM_016919223.4	+	1	114504333	114504457	123	6
NC_072406.2	114505253	114505718	3	1	+	NC_072406.2	114505255	114505427	114505557	114505668	NFKB2	XM_016919223.4	+	3	114505427	114505557	129	6
NC_072406.2	114524548	114525169	2	1	+	NC_072406.2	114524645	114524697	114524869	114525022	FBXL15	XM_001171202.7	+	2	114524697	114524869	171	4
NC_072406.2	114524548	114525169	2	1	+	NC_072406.2	114524567	114524697	114524869	114525022	FBXL15	XM_009459131.5	+	2	114524697	114524869	171	2
NC_072406.2	12852457	12852946	-2	1	-	NC_072406.2	12852838	12852946	12852649	12852759	TUBB8	XM_063781253.1	-	2	12852759	12852838	78	2
NC_072406.2	131263491	131263800	-3	1	-	NC_072406.2	131263744	131263797	131263606	131263662	SFXN4	XM_024346639.3	-	3	131263662	131263744	81	5
NC_072406.2	131681240	131681570	-1	1	-	NC_072406.2	131681432	131681527	131681242	131681326	TIAL1	XM_001154534.7	-	1	131681326	131681432	105	7
NC_072406.2	142130686	142131427	-2	1	-	NC_072406.2	142130991	142131124	142130723	142130879	EBF3	XM_001142420.6	-	2	142130879	142130991	111	10
NC_072406.2	144346694	144347267	3	1	+	NC_072406.2	144346719	144346802	144347130	144347192	JAKMIP3	XM_063782292.1	+	3	144346802	144347130	327	21
NC_072406.2	145015930	145017169	-2	1	-	NC_072406.2	145016281	145016686	145016018	145016190	NKX6-2	XM_016919659.4	-	2	145016190	145016281	90	1
NC_072406.2	145041919	145042480	-2	1	-	NC_072406.2	145042377	145042458	145042012	145042148	CFAP46	XM_063782368.1	-	2	145042148	145042377	228	1
NC_072406.2	145076484	145077597	-3	1	-	NC_072406.2	145076917	145077051	145076635	145076814	CFAP46	XM_024346698.3	-	3	145076814	145076917	102	5
NC_072406.2	145144314	145144947	-3	1	-	NC_072406.2	145144718	145144930	145144327	145144492	CFAP46	XM_024346698.3	-	3	145144492	145144718	225	5
NC_072406.2	145529401	145530757	-2	1	-	NC_072406.2	145530549	145530625	145530041	145530230	ADAM8	XM_016919667.3	-	2	145530230	145530549	318	2
NC_072406.2	145529401	145530757	-2	1	-	NC_072406.2	145530041	145530230	145529744	145529806	ADAM8	XM_016919667.3	-	2	145529806	145530041	234	2
NC_072406.2	145529401	145530757	-2	1	-	NC_072406.2	145529744	145529806	145529585	145529653	ADAM8	XM_016919667.3	-	2	145529653	145529744	90	2
NC_072406.2	15350724	15351978	-3	1	-	NC_072406.2	15351514	15351966	15350725	15351324	LOC134807121	XM_063781299.1	-	3	15351324	15351514	189	1
NC_072406.2	18062335	18062635	2	1	+	NC_072406.2	18062384	18062506	18062609	18062635	AKR1C4	XM_016962565.4	+	2	18062506	18062609	102	1
NC_072406.2	34163487	34164360	1	1	+	NC_072406.2	34163573	34163900	34164009	34164360	LOC100608339	XM_054660062.1	+	1	34163900	34164009	108	1
NC_072406.2	58310482	58311271	2	1	+	NC_072406.2	58310488	58310609	58310811	58310911	ALOX5	XM_016918171.3	+	2	58310609	58310811	201	1
NC_072406.2	58639210	58639774	2	1	+	NC_072406.2	58639298	58639423	58639520	58639642	LOC466067	XM_054659496.2	+	2	58639423	58639520	96	27
NC_072406.2	62054778	62055513	-3	1	-	NC_072406.2	62055067	62055246	62054788	62054916	OGDHL	XM_016918278.4	-	3	62054916	62055067	150	8
NC_072406.2	62054778	62055513	-3	1	-	NC_072406.2	62055067	62055216	62054788	62054916	OGDHL	XM_024346373.3	-	3	62054916	62055067	150	1
NC_072406.2	62406911	62407475	3	1	+	NC_072406.2	62407122	62407124	62407221	62407343	LOC107973302	XM_054659567.2	+	3	62407124	62407221	96	24
NC_072406.2	68709214	68709553	-2	1	-	NC_072406.2	68709350	68709481	68709215	68709253	ZWINT	XM_001163500.7	-	2	68709253	68709350	96	1
NC_072406.2	68709214	68709553	-2	1	-	NC_072406.2	68709350	68709518	68709215	68709253	ZWINT	XM_001163535.7	-	2	68709253	68709350	96	1
NC_072406.2	72327994	72328786	-2	1	-	NC_072406.2	72328441	72328749	72328083	72328173	ANK3	XM_003312570.6	-	2	72328173	72328441	267	36
NC_072406.2	72327994	72328786	-2	1	-	NC_072406.2	72328441	72328569	72328083	72328173	ANK3	XM_054659644.2	-	2	72328173	72328441	267	2
NC_072406.2	80651619	80652024	-3	1	-	NC_072406.2	80651834	80651950	80651646	80651755	DNA2	NM_001428134.1	-	3	80651755	80651834	78	3
NC_072406.2	80689465	80689810	-2	1	-	NC_072406.2	80689730	80689798	80689467	80689561	DNA2	XM_054660186.2	-	2	80689561	80689730	168	2
NC_072406.2	81459316	81459925	2	1	+	NC_072406.2	81459555	81459700	81459800	81459919	HKDC1	XM_016918464.4	+	2	81459700	81459800	99	2
NC_072406.2	82749696	82750182	1	1	+	NC_072406.2	82749697	82749857	82750071	82750146	PALD1	XM_016918498.4	+	1	82749857	82750071	213	4
NC_072406.2	84024454	84025141	2	1	+	NC_072406.2	84024621	84024872	84024951	84025112	CDH23	XM_054659691.2	+	2	84024872	84024951	78	4
NC_072406.2	84029106	84029985	1	1	+	NC_072406.2	84029386	84029456	84029574	84029703	CDH23	XM_016918521.4	+	1	84029456	84029574	117	2
NC_072406.2	85395856	85396267	-2	1	-	NC_072406.2	85396151	85396238	85395858	85396036	ECD	XM_016918576.4	-	2	85396036	85396151	114	7
NC_072406.2	85395856	85396267	-2	1	-	NC_072406.2	85396151	85396267	85395858	85396036	ECD	XM_063780756.1	-	2	85396036	85396151	114	3
NC_072406.2	86012416	86012920	2	1	+	NC_072406.2	86012439	86012611	86012783	86012890	ZSWIM8	XM_003951671.6	+	2	86012611	86012783	171	18
NC_072406.2	99115820	99116219	3	1	+	NC_072406.2	99115879	99116009	99116097	99116219	BMPR1A	XM_063780799.1	+	3	99116009	99116097	87	15
NC_072407.2	10549009	10549429	-3	1	-	NC_072407.2	10549303	10549386	10549010	10549146	APBB1	XM_063782684.1	-	3	10549146	10549303	156	4
NC_072407.2	10757292	10757757	1	1	+	NC_072407.2	10757455	10757551	10757645	10757728	ILK	XM_001164277.7	+	1	10757551	10757645	93	1
NC_072407.2	10775318	10776545	-2	1	-	NC_072407.2	10775564	10776442	10775327	10775440	DCHS1	XM_016920276.3	-	2	10775440	10775564	123	1
NC_072407.2	118774177	118774906	2	1	+	NC_072407.2	118774268	118774322	118774458	118774581	APOC3	XM_016946477.4	+	2	118774322	118774458	135	1
NC_072407.2	119124854	119125217	3	1	+	NC_072407.2	119124888	119124989	119125092	119125175	SIDT2	XM_016922075.4	+	3	119124989	119125092	102	5
NC_072407.2	120108520	120109576	-3	1	-	NC_072407.2	120109274	120109440	120108775	120108985	SCN2B	XM_522196.9	-	3	120108985	120109274	288	1
NC_072407.2	120991819	120992452	-3	1	-	NC_072407.2	120992219	120992306	120991991	120992113	HYOU1	XM_009424301.5	-	3	120992113	120992219	105	18
NC_072407.2	120996011	120996653	-2	1	-	NC_072407.2	120996363	120996555	120996021	120996155	HYOU1	XM_009424301.5	-	2	120996155	120996363	207	18
NC_072407.2	121036633	121037002	2	1	+	NC_072407.2	121036655	121036741	121036832	121037002	HMBS	XM_016922120.4	+	2	121036741	121036832	90	5
NC_072407.2	121076589	121076997	1	1	+	NC_072407.2	121076681	121076788	121076876	121076996	HINFP	XM_009424308.5	+	1	121076788	121076876	87	5
NC_072407.2	121076589	121076997	1	1	+	NC_072407.2	121076711	121076788	121076876	121076996	HINFP	XM_024347448.3	+	1	121076788	121076876	87	8
NC_072407.2	121076589	121076997	1	1	+	NC_072407.2	121076776	121076788	121076876	121076996	HINFP	XM_054662779.2	+	1	121076788	121076876	87	1
NC_072407.2	121258866	121259448	-1	1	-	NC_072407.2	121259227	121259345	121258983	121259124	MCAM	XM_001149681.8	-	1	121259124	121259227	102	3
NC_072407.2	121288741	121289212	-3	1	-	NC_072407.2	121289048	121289175	121288742	121288963	MFRP	XM_009424324.5	-	3	121288963	121289048	84	1
NC_072407.2	126823146	126823665	1	1	+	NC_072407.2	126823233	126823384	126823508	126823618	ROBO3	XM_016922217.4	+	1	126823384	126823508	123	9
NC_072407.2	127021996	127022395	2	1	+	NC_072407.2	127022096	127022189	127022316	127022394	SLC37A2	XM_508843.8	+	2	127022189	127022316	126	1
NC_072407.2	127029656	127030337	3	1	+	NC_072407.2	127029684	127029732	127029925	127029998	SLC37A2	XM_508843.8	+	3	127029732	127029925	192	1
NC_072407.2	127029656	127030337	3	1	+	NC_072407.2	127029925	127029998	127030254	127030332	SLC37A2	XM_508843.8	+	3	127029998	127030254	255	1
NC_072407.2	131806267	131806540	-3	1	-	NC_072407.2	131806424	131806503	131806269	131806315	NFRKB	XM_009424490.5	-	3	131806315	131806424	108	34
NC_072407.2	136206439	136207138	2	1	+	NC_072407.2	136206492	136206634	136206995	136207138	VPS26B	XM_016922400.4	+	2	136206634	136206995	360	1
NC_072407.2	38171454	38171976	-1	1	-	NC_072407.2	38171799	38171904	38171456	38171558	ABTB2	XM_016920656.4	-	1	38171558	38171799	240	1
NC_072407.2	4395004	4395751	-3	1	-	NC_072407.2	4395485	4395593	4395143	4395199	BET1L	XM_016919942.4	-	3	4395199	4395485	285	2
NC_072407.2	4395004	4395751	-3	1	-	NC_072407.2	4395485	4395576	4395143	4395199	BET1L	XM_508184.9	-	3	4395199	4395485	285	1
NC_072407.2	4484874	4485513	1	1	+	NC_072407.2	4484997	4485208	4485323	4485513	PGGHG	XM_016919949.4	+	1	4485208	4485323	114	2
NC_072407.2	4568082	4568628	1	1	+	NC_072407.2	4568293	4568388	4568467	4568557	B4GALNT4	XM_016919951.3	+	1	4568388	4568467	78	3
NC_072407.2	4597908	4598568	1	1	+	NC_072407.2	4598050	4598203	4598375	4598567	PKP3	XM_024346844.3	+	1	4598203	4598375	171	2
NC_072407.2	4600326	4601079	-1	1	-	NC_072407.2	4600779	4600968	4600327	4600487	SIGIRR	XM_016919956.4	-	1	4600487	4600779	291	4
NC_072407.2	4624121	4624859	-2	1	-	NC_072407.2	4624659	4624755	4624334	4624394	ANO9	XM_016919960.4	-	2	4624394	4624659	264	8
NC_072407.2	4624121	4624859	-2	1	-	NC_072407.2	4624334	4624394	4624146	4624228	ANO9	XM_016919960.4	-	2	4624228	4624334	105	8
NC_072407.2	4754773	4755535	-3	1	-	NC_072407.2	4755287	4755485	4754774	4754902	LMNTD2	XM_016919981.4	-	3	4754902	4755287	384	2
NC_072407.2	4757552	4758272	-2	1	-	NC_072407.2	4757871	4758026	4757559	4757627	LMNTD2	XM_016919981.4	-	2	4757627	4757871	243	2
NC_072407.2	4952687	4953431	3	1	+	NC_072407.2	4952960	4953102	4953181	4953251	EPS8L2	XM_016920020.4	+	3	4953102	4953181	78	6
NC_072407.2	4953457	4953907	2	1	+	NC_072407.2	4953464	4953590	4953780	4953868	EPS8L2	XM_016920020.4	+	2	4953590	4953780	189	6
NC_072407.2	5032068	5032902	-1	1	-	NC_072407.2	5032712	5032847	5032489	5032639	PIDD1	XM_016920035.4	-	1	5032639	5032712	72	16
NC_072407.2	5034259	5034853	-3	1	-	NC_072407.2	5034412	5034621	5034273	5034327	PIDD1	XM_016920034.4	-	3	5034327	5034412	84	26
NC_072407.2	50380815	50381409	1	1	+	NC_072407.2	50380951	50381022	50381125	50381241	DGKZ	XM_016920755.4	+	1	50381022	50381125	102	16
NC_072407.2	50384044	50384446	2	1	+	NC_072407.2	50384210	50384272	50384372	50384445	DGKZ	XM_016920755.4	+	2	50384272	50384372	99	16
NC_072407.2	5043951	5044416	1	1	+	NC_072407.2	5044118	5044216	5044343	5044416	RPLP2	XM_001149567.8	+	1	5044216	5044343	126	1
NC_072407.2	5054324	5055152	3	1	+	NC_072407.2	5054344	5054576	5054673	5054738	PNPLA2	XM_016920065.4	+	3	5054576	5054673	96	1
NC_072407.2	5069772	5070684	1	1	+	NC_072407.2	5070175	5070279	5070385	5070543	CD151	XM_001151269.7	+	1	5070279	5070385	105	4
NC_072407.2	50743893	50744436	1	1	+	NC_072407.2	50743949	50744077	50744162	50744288	F2	XM_001165233.6	+	1	50744077	50744162	84	1
NC_072407.2	50769124	50769556	-3	1	-	NC_072407.2	50769368	50769556	50769140	50769277	CKAP5	XM_001165890.7	-	3	50769277	50769368	90	6
NC_072407.2	51248574	51249027	1	1	+	NC_072407.2	51248622	51248721	51248806	51248983	DDB2	XM_001167874.8	+	1	51248721	51248806	84	1
NC_072407.2	51275536	51276016	2	1	+	NC_072407.2	51275537	51275716	51275909	51276008	NR1H3	XM_001168367.6	+	2	51275716	51275909	192	9
NC_072407.2	51298028	51298703	3	1	+	NC_072407.2	51298172	51298275	51298369	51298559	MADD	XM_016920822.4	+	3	51298275	51298369	93	50
NC_072407.2	51346650	51347322	-1	1	-	NC_072407.2	51346947	51347106	51346699	51346835	MYBPC3	XM_054661359.2	-	1	51346835	51346947	111	1
NC_072407.2	51430624	51431182	2	1	+	NC_072407.2	51430799	51430931	51431082	51431181	SLC39A13	XM_016920843.4	+	2	51430931	51431082	150	13
NC_072407.2	5244959	5245583	3	1	+	NC_072407.2	5245019	5245088	5245428	5245562	AP2A2	XM_016920088.4	+	3	5245088	5245428	339	11
NC_072407.2	5267175	5267961	-1	1	-	NC_072407.2	5267895	5267945	5267301	5267468	MUC6	XM_054661858.2	-	1	5267468	5267895	426	1
NC_072407.2	5272880	5273921	-2	1	-	NC_072407.2	5273583	5273724	5273388	5273498	MUC6	XM_054661858.2	-	2	5273498	5273583	84	1
NC_072407.2	5275122	5275821	-1	1	-	NC_072407.2	5275549	5275643	5275269	5275401	MUC6	XM_054661858.2	-	1	5275401	5275549	147	1
NC_072407.2	5329761	5330487	1	1	+	NC_072407.2	5329982	5330119	5330210	5330374	MUC2	XM_063783698.1	+	1	5330119	5330210	90	1
NC_072407.2	5341311	5351793	1	1	+	NC_072407.2	5341499	5346033	5346241	5346780	MUC2	XM_063783698.1	+	1	5346033	5346241	207	1
NC_072407.2	5341311	5351793	1	1	+	NC_072407.2	5346241	5346780	5346814	5350474	MUC2	XM_063783698.1	+	1	5346780	5346814	33	1
NC_072407.2	5341311	5351793	1	1	+	NC_072407.2	5346814	5350474	5350889	5351257	MUC2	XM_063783698.1	+	1	5350474	5350889	414	1
NC_072407.2	5351614	5353060	2	1	+	NC_072407.2	5351988	5352185	5352423	5352667	MUC2	XM_063783698.1	+	2	5352185	5352423	237	1
NC_072407.2	5477930	5479178	3	1	+	NC_072407.2	5478179	5478293	5478456	5478546	MUC5B	XM_054661861.2	+	3	5478293	5478456	162	1
NC_072407.2	5477930	5479178	3	1	+	NC_072407.2	5478456	5478546	5478823	5478929	MUC5B	XM_054661861.2	+	3	5478546	5478823	276	1
NC_072407.2	5482082	5483225	3	1	+	NC_072407.2	5482107	5482176	5482594	5482731	MUC5B	XM_054661861.2	+	3	5482176	5482594	417	1
NC_072407.2	5492289	5508435	1	1	+	NC_072407.2	5492342	5507638	5508158	5508339	MUC5B	XM_054661861.2	+	1	5507638	5508158	519	1
NC_072407.2	5515350	5516007	1	1	+	NC_072407.2	5515378	5515464	5515585	5515707	MUC5B	XM_054661861.2	+	1	5515464	5515585	120	1
NC_072407.2	5698508	5699021	3	1	+	NC_072407.2	5698592	5698625	5698821	5698889	BRSK2	XM_016920095.4	+	3	5698625	5698821	195	16
NC_072407.2	5711563	5712223	2	1	+	NC_072407.2	5711774	5711954	5712024	5712113	BRSK2	XM_016920095.4	+	2	5711954	5712024	69	16
NC_072407.2	5870690	5871743	-2	1	-	NC_072407.2	5871082	5871638	5870691	5870856	KRTAP5-3	XM_024347531.3	-	2	5870856	5871082	225	1
NC_072407.2	5892850	5893891	2	1	+	NC_072407.2	5893034	5893058	5893296	5893891	LOC112204781	XM_054661718.2	+	2	5893058	5893296	237	1
NC_072407.2	59607011	59607941	-2	1	-	NC_072407.2	59607695	59607800	59607219	59607409	SSRP1	XM_003954230.5	-	2	59607409	59607695	285	1
NC_072407.2	59774186	59774633	-2	1	-	NC_072407.2	59774474	59774529	59774265	59774341	SLC43A1	XM_016920902.4	-	2	59774341	59774474	132	7
NC_072407.2	6096652	6097441	2	1	+	NC_072407.2	6096968	6097061	6097158	6097321	SYT8	XM_009459679.4	+	2	6097061	6097158	96	1
NC_072407.2	6150449	6150887	3	1	+	NC_072407.2	6150564	6150641	6150801	6150887	LSP1	XM_016920159.3	+	3	6150641	6150801	159	11
NC_072407.2	6166523	6166934	3	1	+	NC_072407.2	6166591	6166608	6166765	6166785	TNNT3	XM_016920126.4	+	3	6166608	6166765	156	7
NC_072407.2	63122657	63123164	3	1	+	NC_072407.2	63122859	63122993	63123066	63123163	ZP1	XM_063784120.1	+	3	63122993	63123066	72	1
NC_072407.2	63122657	63123164	3	1	+	NC_072407.2	63122806	63122993	63123066	63123163	ZP1	XM_522022.8	+	3	63122993	63123066	72	1
NC_072407.2	63152275	63152821	-3	1	-	NC_072407.2	63152719	63152794	63152447	63152556	PRPF19	XM_001142421.7	-	3	63152556	63152719	162	1
NC_072407.2	63154237	63154762	-3	1	-	NC_072407.2	63154448	63154521	63154268	63154330	PRPF19	XM_001142421.7	-	3	63154330	63154448	117	1
NC_072407.2	63459806	63460211	3	1	+	NC_072407.2	63459842	63459986	63460089	63460187	LOC107966244	XM_024347180.3	+	3	63459986	63460089	102	1
NC_072407.2	63478909	63479314	2	1	+	NC_072407.2	63478945	63479089	63479192	63479290	LOC107973353	XM_024347184.3	+	2	63479089	63479192	102	1
NC_072407.2	63498512	63498917	3	1	+	NC_072407.2	63498548	63498692	63498795	63498893	LOC466625	XM_024347185.3	+	3	63498692	63498795	102	1
NC_072407.2	63594858	63595485	1	1	+	NC_072407.2	63595185	63595218	63595330	63595419	TKFC	NM_001246594.1	+	1	63595218	63595330	111	5
NC_072407.2	63736841	63737276	3	1	+	NC_072407.2	63736983	63737096	63737181	63737275	SAXO4	NM_001302423.1	+	3	63737096	63737181	84	5
NC_072407.2	64021809	64022442	1	1	+	NC_072407.2	64021989	64022239	64022318	64022441	MYRF	XM_024347191.3	+	1	64022239	64022318	78	9
NC_072407.2	64191656	64192037	-2	1	-	NC_072407.2	64191906	64192002	64191658	64191737	FADS3	XM_016921040.1	-	2	64191737	64191906	168	5
NC_072407.2	64453756	64454128	2	1	+	NC_072407.2	64453825	64453882	64454000	64454117	INCENP	XM_001151913.7	+	2	64453882	64454000	117	8
NC_072407.2	65089753	65090401	2	1	+	NC_072407.2	65090036	65090186	65090343	65090393	TAF6L	XM_024347207.3	+	2	65090186	65090343	156	7
NC_072407.2	65108296	65108800	-3	1	-	NC_072407.2	65108595	65108702	65108422	65108480	NXF1	NM_001280400.1	-	3	65108480	65108595	114	6
NC_072407.2	65113417	65113741	-3	1	-	NC_072407.2	65113672	65113741	65113439	65113527	NXF1	NM_001280400.1	-	3	65113527	65113672	144	6
NC_072407.2	65145323	65145836	-2	1	-	NC_072407.2	65145639	65145784	65145465	65145521	WDR74	XM_016921095.4	-	2	65145521	65145639	117	5
NC_072407.2	65289363	65289840	-1	1	-	NC_072407.2	65289640	65289763	65289365	65289480	SLC22A6	XM_001160252.6	-	1	65289480	65289640	159	1
NC_072407.2	66313206	66314361	1	1	+	NC_072407.2	66313335	66313419	66313528	66313722	OTUB1	XM_016921133.4	+	1	66313419	66313528	108	2
NC_072407.2	66315133	66315616	-3	1	-	NC_072407.2	66315430	66315511	66315134	66315162	MACROD1	XM_009423333.5	-	3	66315162	66315430	267	2
NC_072407.2	66513972	66514590	1	1	+	NC_072407.2	66513973	66514069	66514202	66514326	STIP1	NM_001280449.1	+	1	66514069	66514202	132	2
NC_072407.2	66537962	66538556	3	1	+	NC_072407.2	66538115	66538256	66538380	66538556	FERMT3	XM_009423350.5	+	3	66538256	66538380	123	7
NC_072407.2	66539246	66540059	-2	1	-	NC_072407.2	66539871	66540040	66539612	66539786	TRPT1	XM_009423343.5	-	2	66539786	66539871	84	9
NC_072407.2	66539246	66540059	-2	1	-	NC_072407.2	66539612	66539786	66539354	66539410	TRPT1	XM_009423343.5	-	2	66539410	66539612	201	8
NC_072407.2	66569749	66570193	2	1	+	NC_072407.2	66569819	66569887	66569969	66570109	PLCB3	XM_003313043.6	+	2	66569887	66569969	81	3
NC_072407.2	66578510	66578984	3	1	+	NC_072407.2	66578562	66578661	66578755	66578859	PLCB3	XM_003313043.6	+	3	66578661	66578755	93	3
NC_072407.2	66582248	66582617	3	1	+	NC_072407.2	66582249	66582335	66582417	66582617	PLCB3	XM_003313043.6	+	3	66582335	66582417	81	3
NC_072407.2	66611828	66612374	3	1	+	NC_072407.2	66611904	66612027	66612145	66612305	KCNK4	XM_016921158.3	+	3	66612027	66612145	117	2
NC_072407.2	66655612	66656209	2	1	+	NC_072407.2	66655762	66655873	66655964	66656033	CCDC88B	XM_003313060.6	+	2	66655873	66655964	90	3
NC_072407.2	66670128	66670806	1	1	+	NC_072407.2	66670283	66670489	66670649	66670717	CCDC88B	XM_003313060.6	+	1	66670489	66670649	159	1
NC_072407.2	66670213	66670741	2	1	+	NC_072407.2	66670283	66670489	66670649	66670717	CCDC88B	XM_016921160.4	+	2	66670489	66670649	159	2
NC_072407.2	66683475	66683997	1	1	+	NC_072407.2	66683563	66683696	66683799	66683892	RPS6KA4	XM_003313062.6	+	1	66683696	66683799	102	2
NC_072407.2	6670341	6671175	-1	1	-	NC_072407.2	6670999	6671001	6670548	6670728	TRPM5	XM_054661885.1	-	1	6670728	6670999	270	1
NC_072407.2	66918220	66918655	2	1	+	NC_072407.2	66918247	66918370	66918539	66918654	SLC22A12	XM_003951921.6	+	2	66918370	66918539	168	4
NC_072407.2	67115525	67116128	-2	1	-	NC_072407.2	67115972	67116032	67115752	67115869	MAP4K2	XM_001166036.7	-	2	67115869	67115972	102	8
NC_072407.2	67116586	67117171	-3	1	-	NC_072407.2	67116980	67117013	67116754	67116859	MAP4K2	XM_001166036.7	-	3	67116859	67116980	120	8
NC_072407.2	67156794	67157106	-1	1	-	NC_072407.2	67156981	67157079	67156843	67156902	CDC42BPG	XM_001146567.8	-	1	67156902	67156981	78	8
NC_072407.2	67159943	67160291	-2	1	-	NC_072407.2	67160156	67160253	67159973	67160053	CDC42BPG	XM_001146567.8	-	2	67160053	67160156	102	7
NC_072407.2	67159943	67160291	-2	1	-	NC_072407.2	67160156	67160253	67159973	67160032	CDC42BPG	XM_054662440.2	-	2	67160032	67160156	123	1
NC_072407.2	67221630	67222023	-1	1	-	NC_072407.2	67221879	67221963	67221632	67221767	ATG2A	XM_009423439.4	-	1	67221767	67221879	111	10
NC_072407.2	67225962	67226733	-1	1	-	NC_072407.2	67226293	67226463	67226043	67226169	ATG2A	XM_009423439.4	-	1	67226169	67226293	123	6
NC_072407.2	67225962	67226733	-1	1	-	NC_072407.2	67226299	67226463	67226043	67226169	ATG2A	XM_016921185.3	-	1	67226169	67226299	129	4
NC_072407.2	67235496	67236096	-1	1	-	NC_072407.2	67235859	67236023	67235616	67235756	ATG2A	XM_009423439.4	-	1	67235756	67235859	102	10
NC_072407.2	67258520	67259084	-2	1	-	NC_072407.2	67258958	67259060	67258587	67258771	GPHA2	XM_001167465.5	-	2	67258771	67258958	186	3
NC_072407.2	67381287	67381872	-1	1	-	NC_072407.2	67381665	67381837	67381462	67381583	NAALADL1	XM_016921203.3	-	1	67381583	67381665	81	5
NC_072407.2	67402682	67403408	-2	1	-	NC_072407.2	67402926	67403360	67402683	67402760	CDCA5	XM_009423453.4	-	2	67402760	67402926	165	1
NC_072407.2	67407047	67407353	-2	1	-	NC_072407.2	67407222	67407316	67407078	67407143	CDCA5	XM_009423453.4	-	2	67407143	67407222	78	1
NC_072407.2	67437150	67438707	1	1	+	NC_072407.2	67437209	67437355	67437431	67437650	VPS51	XM_009423455.4	+	1	67437355	67437431	75	3
NC_072407.2	67437150	67438707	1	1	+	NC_072407.2	67437431	67437650	67437825	67438542	VPS51	XM_009423455.4	+	1	67437650	67437825	174	4
NC_072407.2	67437150	67438707	1	1	+	NC_072407.2	67437223	67437355	67437431	67437650	VPS51	XM_009423456.5	+	1	67437355	67437431	75	1
NC_072407.2	67440030	67440369	1	1	+	NC_072407.2	67440110	67440231	67440322	67440369	VPS51	XM_054662460.2	+	1	67440231	67440322	90	1
NC_072407.2	67440073	67440424	2	1	+	NC_072407.2	67440110	67440231	67440322	67440409	VPS51	XM_009423455.4	+	2	67440231	67440322	90	3
NC_072407.2	67442108	67442498	3	1	+	NC_072407.2	67442143	67442339	67442439	67442493	TM7SF2	XM_016921210.3	+	3	67442339	67442439	99	6
NC_072407.2	67539806	67540205	3	1	+	NC_072407.2	67539897	67539962	67540047	67540104	CAPN1	XM_016921221.4	+	3	67539962	67540047	84	9
NC_072407.2	67672982	67674215	3	1	+	NC_072407.2	67673058	67673136	67673647	67673688	DPF2	XM_009423385.3	+	3	67673136	67673647	510	2
NC_072407.2	67849900	67850704	2	1	+	NC_072407.2	67850216	67850335	67850411	67850637	SCYL1	XM_063783091.1	+	2	67850335	67850411	75	1
NC_072407.2	67862040	67862652	1	1	+	NC_072407.2	67862107	67862178	67862302	67862480	SCYL1	XM_063783085.1	+	1	67862178	67862302	123	2
NC_072407.2	67862040	67862652	1	1	+	NC_072407.2	67862302	67862480	67862568	67862622	SCYL1	XM_063783085.1	+	1	67862480	67862568	87	3
NC_072407.2	67862040	67862652	1	1	+	NC_072407.2	67862110	67862178	67862302	67862480	SCYL1	XM_063783086.1	+	1	67862178	67862302	123	1
NC_072407.2	67863371	67864004	-2	1	-	NC_072407.2	67863617	67863748	67863372	67863520	LTBP3	XM_016921245.4	-	2	67863520	67863617	96	3
NC_072407.2	67877438	67877801	-2	1	-	NC_072407.2	67877696	67877801	67877450	67877542	LTBP3	XM_016921245.4	-	2	67877542	67877696	153	3
NC_072407.2	67905260	67905653	3	1	+	NC_072407.2	67905337	67905405	67905490	67905652	EHBP1L1	XM_001149120.7	+	3	67905405	67905490	84	7
NC_072407.2	67905260	67905653	3	1	+	NC_072407.2	67905337	67905405	67905490	67905605	EHBP1L1	XM_009423487.4	+	3	67905405	67905490	84	2
NC_072407.2	67931612	67932479	-2	1	-	NC_072407.2	67932266	67932414	67931985	67932160	MAP3K11	XM_009423492.5	-	2	67932160	67932266	105	2
NC_072407.2	67973943	67974324	1	1	+	NC_072407.2	67973964	67974075	67974160	67974268	SIPA1	XM_016921255.4	+	1	67974075	67974160	84	5
NC_072407.2	68188140	68188728	1	1	+	NC_072407.2	68188231	68188329	68188495	68188563	MUS81	NM_001280496.1	+	1	68188329	68188495	165	5
NC_072407.2	68277569	68278700	3	1	+	NC_072407.2	68277659	68278377	68278552	68278699	TSGA10IP	XM_016921270.3	+	3	68278377	68278552	174	3
NC_072407.2	68277569	68278700	3	1	+	NC_072407.2	68277783	68278377	68278552	68278699	TSGA10IP	XM_063783101.1	+	3	68278377	68278552	174	2
NC_072407.2	68297716	68298376	2	1	+	NC_072407.2	68297813	68297937	68298025	68298140	SART1	XM_016921273.3	+	2	68297937	68298025	87	1
NC_072407.2	68330086	68330476	-3	1	-	NC_072407.2	68330369	68330455	68330119	68330227	EIF1AD	XM_016921276.2	-	3	68330227	68330369	141	8
NC_072407.2	68350684	68351110	-3	1	-	NC_072407.2	68350933	68351076	68350686	68350749	CATSPER1	XM_016921283.3	-	3	68350749	68350933	183	1
NC_072407.2	68559646	68560084	2	1	+	NC_072407.2	68559647	68559762	68559904	68560039	PACS1	XM_001170787.7	+	2	68559762	68559904	141	2
NC_072407.2	68593027	68593633	2	1	+	NC_072407.2	68593127	68593228	68593322	68593495	KLC2	XM_009423507.3	+	2	68593228	68593322	93	11
NC_072407.2	68594913	68595384	1	1	+	NC_072407.2	68594931	68595039	68595130	68595288	KLC2	XM_009423507.3	+	1	68595039	68595130	90	11
NC_072407.2	68605061	68605493	3	1	+	NC_072407.2	68605062	68605193	68605302	68605493	RAB1B	XM_009423503.4	+	3	68605193	68605302	108	1
NC_072407.2	68662374	68663109	-1	1	-	NC_072407.2	68662824	68662955	68662555	68662706	RIN1	XM_003313147.5	-	1	68662706	68662824	117	4
NC_072407.2	68670219	68670666	-1	1	-	NC_072407.2	68670504	68670631	68670265	68670344	BRMS1	XM_001171301.7	-	1	68670344	68670504	159	3
NC_072407.2	68745620	68746223	3	1	+	NC_072407.2	68745732	68745834	68745955	68746222	NPAS4	XM_001171566.5	+	3	68745834	68745955	120	1
NC_072407.2	68818503	68819010	1	1	+	NC_072407.2	68818726	68818788	68818885	68819009	DPP3	XM_016921300.4	+	1	68818788	68818885	96	6
NC_072407.2	68885321	68885870	3	1	+	NC_072407.2	68885337	68885471	68885568	68885747	ACTN3	XM_016921306.3	+	3	68885471	68885568	96	1
NC_072407.2	69164915	69165323	3	1	+	NC_072407.2	69164941	69165161	69165261	69165323	TOP6BL	XM_054661431.2	+	3	69165161	69165261	99	10
NC_072407.2	69172695	69173991	-1	1	-	NC_072407.2	69173122	69173362	69172758	69173007	PC	XM_016921318.4	-	1	69173007	69173122	114	7
NC_072407.2	69192994	69193630	-3	1	-	NC_072407.2	69193369	69193534	69193106	69193251	PC	XM_016921318.4	-	3	69193251	69193369	117	7
NC_072407.2	69611919	69612291	1	1	+	NC_072407.2	69611920	69611965	69612047	69612190	ANKRD13D	XM_003313170.7	+	1	69611965	69612047	81	2
NC_072407.2	69753262	69753637	2	1	+	NC_072407.2	69753331	69753431	69753546	69753636	RPS6KB2	XM_001172909.8	+	2	69753431	69753546	114	1
NC_072407.2	69819316	69819778	-3	1	-	NC_072407.2	69819665	69819726	69819321	69819571	PITPNM1	XM_003313177.7	-	3	69819571	69819665	93	3
NC_072407.2	70085110	70085773	2	1	+	NC_072407.2	70085164	70085273	70085457	70085669	TCIRG1	XM_063784207.1	+	2	70085273	70085457	183	2
NC_072407.2	71128572	71129133	1	1	+	NC_072407.2	71128594	71128713	71128846	71128905	TPCN2	XM_016921424.4	+	1	71128713	71128846	132	17
NC_072407.2	7142477	7142969	-2	1	-	NC_072407.2	7142699	7142834	7142478	7142611	CDKN1C	XM_054661886.2	-	2	7142611	7142699	87	2
NC_072407.2	7180586	7181243	3	1	+	NC_072407.2	7180587	7180688	7180920	7181040	SLC22A18	XM_016920200.4	+	3	7180688	7180920	231	2
NC_072407.2	72419403	72419931	1	1	+	NC_072407.2	72419436	72419517	72419629	72419829	PPFIA1	XM_016921448.3	+	1	72419517	72419629	111	38
NC_072407.2	73540117	73540930	2	1	+	NC_072407.2	73540220	73540439	73540635	73540930	LOC112204808	XM_054662516.2	+	2	73540439	73540635	195	1
NC_072407.2	74254383	74254857	1	1	+	NC_072407.2	74254405	74254593	74254711	74254846	FOLR2	XM_003313254.5	+	1	74254593	74254711	117	3
NC_072407.2	74262126	74262648	1	1	+	NC_072407.2	74262154	74262171	74262400	74262520	INPPL1	XM_063784305.1	+	1	74262171	74262400	228	1
NC_072407.2	74267090	74267456	3	1	+	NC_072407.2	74267115	74267196	74267329	74267418	INPPL1	XM_009423712.5	+	3	74267196	74267329	132	4
NC_072407.2	74618781	74619531	-1	1	-	NC_072407.2	74619210	74619387	74618860	74618972	PDE2A	XM_001174746.7	-	1	74618972	74619210	237	4
NC_072407.2	74734064	74734646	-2	1	-	NC_072407.2	74734379	74734574	74734066	74734117	ARAP1	XM_024347330.3	-	2	74734117	74734379	261	23
NC_072408.2	102834482	102834710	-1	1	-	NC_072408.2	102834638	102834710	102834484	102834550	HAL	XM_009426037.5	-	1	102834550	102834638	87	2
NC_072408.2	115345106	115345460	-1	1	-	NC_072408.2	115345358	115345435	115345164	115345222	SART3	XM_001163755.6	-	1	115345222	115345358	135	4
NC_072408.2	116370957	116371755	-3	1	-	NC_072408.2	116371653	116371739	116371450	116371514	MMAB	XM_009426213.5	-	3	116371514	116371653	138	1
NC_072408.2	118259908	118260190	2	1	+	NC_072408.2	118259909	118260010	118260098	118260189	SH2B3	XM_001145612.8	+	2	118260010	118260098	87	5
NC_072408.2	118558750	118559281	2	1	+	NC_072408.2	118558847	118558984	118559093	118559183	ACAD10	XM_016924248.4	+	2	118558984	118559093	108	25
NC_072408.2	119998264	119998831	-2	1	-	NC_072408.2	119998579	119998809	119998421	119998494	DDX54	XM_001152281.8	-	2	119998494	119998579	84	2
NC_072408.2	120105922	120106450	2	1	+	NC_072408.2	120106004	120106120	120106325	120106449	TPCN1	XM_054663631.2	+	2	120106120	120106325	204	14
NC_072408.2	123845831	123846146	-1	1	-	NC_072408.2	123846010	123846076	123845832	123845904	TESC	XM_009426345.5	-	1	123845904	123846010	105	1
NC_072408.2	126999453	126999870	-3	1	-	NC_072408.2	126999769	126999856	126999505	126999651	RPLP0	XM_063785093.1	-	3	126999651	126999769	117	4
NC_072408.2	127171697	127172789	-1	1	-	NC_072408.2	127172192	127172360	127171992	127172032	MSI1	XM_016924381.4	-	1	127172032	127172192	159	3
NC_072408.2	127171896	127172679	-3	1	-	NC_072408.2	127172192	127172250	127171992	127172032	MSI1	XM_016924378.4	-	3	127172032	127172192	159	4
NC_072408.2	12788617	12789298	-2	1	-	NC_072408.2	12789086	12789143	12788841	12788941	ANO2	XM_024347642.3	-	2	12788941	12789086	144	2
NC_072408.2	128276934	128277948	-3	1	-	NC_072408.2	128277499	128277585	128277061	128277321	KDM2B	XM_054663706.2	-	3	128277321	128277499	177	18
NC_072408.2	128276934	128277948	-3	1	-	NC_072408.2	128277498	128277585	128277061	128277329	KDM2B	XM_063785119.1	-	3	128277329	128277498	168	14
NC_072408.2	128618413	128619148	-2	1	-	NC_072408.2	128618666	128618775	128618453	128618587	RHOF	XM_009426448.5	-	2	128618587	128618666	78	2
NC_072408.2	128654784	128655657	1	1	+	NC_072408.2	128654905	128655166	128655242	128655561	SETD1B	XM_016924422.4	+	1	128655166	128655242	75	2
NC_072408.2	128665247	128666123	3	1	+	NC_072408.2	128665371	128665502	128665587	128665706	SETD1B	XM_016924422.4	+	3	128665502	128665587	84	2
NC_072408.2	128665247	128666123	3	1	+	NC_072408.2	128665587	128665706	128665785	128665922	SETD1B	XM_016924422.4	+	3	128665706	128665785	78	2
NC_072408.2	128778382	128778982	2	1	+	NC_072408.2	128778460	128778571	128778821	128778901	CFAP251	XM_016924427.4	+	2	128778571	128778821	249	17
NC_072408.2	128813596	128813950	2	1	+	NC_072408.2	128813597	128813740	128813849	128813950	CFAP251	XM_063785154.1	+	2	128813740	128813849	108	1
NC_072408.2	129699985	129700501	2	1	+	NC_072408.2	129700094	129700241	129700341	129700427	HIP1R	XM_016924464.3	+	2	129700241	129700341	99	12
NC_072408.2	129822275	129822914	3	1	+	NC_072408.2	129822337	129822464	129822648	129822905	OGFOD2	XM_001168928.7	+	3	129822464	129822648	183	8
NC_072408.2	129822275	129822914	3	1	+	NC_072408.2	129822426	129822464	129822648	129822905	OGFOD2	XM_063785227.1	+	3	129822464	129822648	183	4
NC_072408.2	129829887	129830856	-3	1	-	NC_072408.2	129830542	129830725	129830332	129830460	PITPNM2	XM_016924473.4	-	3	129830460	129830542	81	19
NC_072408.2	131782689	131783184	-3	1	-	NC_072408.2	131782953	131783077	131782746	131782862	DHX37	XM_016924607.4	-	3	131782862	131782953	90	2
NC_072408.2	131934142	131934553	2	1	+	NC_072408.2	131934173	131934287	131934471	131934552	AACS	XM_016924610.4	+	2	131934287	131934471	183	9
NC_072408.2	13514291	13514810	-1	1	-	NC_072408.2	13514591	13514740	13514293	13514371	TNFRSF1A	XM_009424666.4	-	1	13514371	13514591	219	1
NC_072408.2	13730998	13732123	-2	1	-	NC_072408.2	13731824	13731944	13731464	13731559	IFFO1	XM_009424682.5	-	2	13731559	13731824	264	1
NC_072408.2	13730998	13732123	-2	1	-	NC_072408.2	13731824	13731944	13731464	13731556	IFFO1	XM_009424683.4	-	2	13731556	13731824	267	1
NC_072408.2	13734069	13734432	-3	1	-	NC_072408.2	13734343	13734403	13734097	13734192	IFFO1	XM_009424682.5	-	3	13734192	13734343	150	3
NC_072408.2	13766241	13766814	-3	1	-	NC_072408.2	13766439	13766790	13766260	13766348	CHD4	XM_016922838.4	-	3	13766348	13766439	90	1
NC_072408.2	13766241	13766814	-3	1	-	NC_072408.2	13766610	13766790	13766439	13766525	CHD4	XM_016922839.4	-	3	13766525	13766610	84	18
NC_072408.2	13766241	13766814	-3	1	-	NC_072408.2	13766439	13766525	13766260	13766348	CHD4	XM_016922839.4	-	3	13766348	13766439	90	25
NC_072408.2	13766241	13766814	-3	1	-	NC_072408.2	13766610	13766787	13766439	13766525	CHD4	XM_016922841.4	-	3	13766525	13766610	84	7
NC_072408.2	138762478	138763669	2	1	+	NC_072408.2	138762643	138762752	138763509	138763652	ULK1	XM_024348161.3	+	2	138762752	138763509	756	6
NC_072408.2	138992875	138993295	2	1	+	NC_072408.2	138992876	138993025	138993131	138993230	NOC4L	XM_016924672.4	+	2	138993025	138993131	105	1
NC_072408.2	138995447	138995858	3	1	+	NC_072408.2	138995544	138995657	138995742	138995858	NOC4L	XM_016924672.4	+	3	138995657	138995742	84	1
NC_072408.2	139470384	139471617	1	1	+	NC_072408.2	139470479	139470794	139470888	139471093	FBRSL1	XM_024348170.3	+	1	139470794	139470888	93	14
NC_072408.2	139470384	139471617	1	1	+	NC_072408.2	139470479	139470794	139470891	139471093	FBRSL1	XM_024348171.3	+	1	139470794	139470891	96	1
NC_072408.2	139519187	139520642	3	1	+	NC_072408.2	139519827	139519999	139520330	139520465	P2RX2	XM_016924685.4	+	3	139519999	139520330	330	7
NC_072408.2	139558164	139558605	-3	1	-	NC_072408.2	139558462	139558542	139558249	139558371	POLE	XM_016924680.4	-	3	139558371	139558462	90	2
NC_072408.2	139651299	139651938	-3	1	-	NC_072408.2	139651699	139651892	139651393	139651581	ANKLE2	XM_024348187.3	-	3	139651581	139651699	117	5
NC_072408.2	14012869	14013343	2	1	+	NC_072408.2	14012897	14013098	14013183	14013314	P3H3	XM_016922862.4	+	2	14013098	14013183	84	1
NC_072408.2	14020014	14020614	1	1	+	NC_072408.2	14020286	14020403	14020512	14020587	P3H3	XM_016922862.4	+	1	14020403	14020512	108	1
NC_072408.2	14124223	14124733	2	1	+	NC_072408.2	14124330	14124510	14124703	14124733	ATN1	NM_001034165.1	+	2	14124510	14124703	192	5
NC_072408.2	14145338	14145704	3	1	+	NC_072408.2	14145361	14145512	14145612	14145703	PTPN6	XM_001163468.6	+	3	14145512	14145612	99	5
NC_072408.2	14374197	14374977	1	1	+	NC_072408.2	14374207	14374253	14374635	14374797	PEX5	XM_001164247.8	+	1	14374253	14374635	381	6
NC_072408.2	14374197	14374977	1	1	+	NC_072408.2	14374207	14374253	14374635	14374842	PEX5	XM_054664049.2	+	1	14374253	14374635	381	5
NC_072408.2	18495647	18497432	-1	1	-	NC_072408.2	18496961	18497179	18496712	18496897	LOC112205030	XM_054664077.1	-	1	18496897	18496961	63	1
NC_072408.2	18495647	18497432	-1	1	-	NC_072408.2	18496712	18496897	18496214	18496648	LOC112205030	XM_054664077.1	-	1	18496648	18496712	63	1
NC_072408.2	18495647	18497432	-1	1	-	NC_072408.2	18496214	18496648	18495965	18496150	LOC112205030	XM_054664077.1	-	1	18496150	18496214	63	1
NC_072408.2	18495647	18497432	-1	1	-	NC_072408.2	18495965	18496150	18495648	18495901	LOC112205030	XM_054664077.1	-	1	18495901	18495965	63	2
NC_072408.2	18495647	18497432	-1	1	-	NC_072408.2	18496961	18497302	18496214	18496399	LOC112205030	XM_054664078.1	-	1	18496399	18496961	561	1
NC_072408.2	18495647	18497432	-1	1	-	NC_072408.2	18496214	18496399	18495965	18496150	LOC112205030	XM_054664078.1	-	1	18496150	18496214	63	1
NC_072408.2	20361688	20362246	2	1	+	NC_072408.2	20361737	20361833	20361939	20362079	EMP1	XM_003313504.6	+	2	20361833	20361939	105	1
NC_072408.2	29792241	29792610	-3	1	-	NC_072408.2	29792548	29792610	29792296	29792460	IRAK3	XM_009424981.5	-	3	29792460	29792548	87	8
NC_072408.2	38315564	38316044	-1	1	-	NC_072408.2	38315802	38315902	38315570	38315621	OS9	XM_009425036.3	-	1	38315621	38315802	180	2
NC_072408.2	38403078	38403618	1	1	+	NC_072408.2	38403176	38403274	38403419	38403609	B4GALNT1	XM_009425055.4	+	1	38403274	38403419	144	8
NC_072408.2	38418215	38418755	-1	1	-	NC_072408.2	38418576	38418642	38418217	38418320	ARHGEF25	XM_001167786.7	-	1	38418320	38418576	255	8
NC_072408.2	38468485	38468887	-2	1	-	NC_072408.2	38468779	38468866	38468612	38468685	KIF5A	XM_509167.6	-	2	38468685	38468779	93	1
NC_072408.2	38503660	38504293	-2	1	-	NC_072408.2	38503820	38504236	38503662	38503714	MBD6	XM_009425061.5	-	2	38503714	38503820	105	4
NC_072408.2	38503660	38504293	-2	1	-	NC_072408.2	38503820	38504233	38503662	38503714	MBD6	XM_054663136.2	-	2	38503714	38503820	105	4
NC_072408.2	38555834	38556212	3	1	+	NC_072408.2	38555835	38555967	38556052	38556159	ARHGAP9	XM_009425074.5	+	3	38555967	38556052	84	28
NC_072408.2	38839428	38840349	-3	1	-	NC_072408.2	38839815	38839943	38839434	38839553	LRP1	XM_016924881.4	-	3	38839553	38839815	261	2
NC_072408.2	38984865	38985255	1	1	+	NC_072408.2	38984920	38985033	38985139	38985254	MYO1A	XM_009425086.5	+	1	38985033	38985139	105	1
NC_072408.2	39665767	39666295	2	1	+	NC_072408.2	39665786	39665884	39665987	39666122	STAT2	XM_001168971.8	+	2	39665884	39665987	102	2
NC_072408.2	39665767	39666295	2	1	+	NC_072408.2	39665786	39665884	39665963	39666122	STAT2	XM_009425127.5	+	2	39665884	39665963	78	3
NC_072408.2	39689890	39690496	2	1	+	NC_072408.2	39690026	39690154	39690242	39690441	PAN2	XM_016923193.4	+	2	39690154	39690242	87	20
NC_072408.2	40314095	40314584	3	1	+	NC_072408.2	40314149	40314210	40314358	40314527	ITGA7	XM_003313607.6	+	3	40314210	40314358	147	28
NC_072408.2	41443539	41444028	1	1	+	NC_072408.2	41443565	41443677	41443810	41443930	ITGA5	XM_016923272.4	+	1	41443677	41443810	132	2
NC_072408.2	41448675	41449017	1	1	+	NC_072408.2	41448686	41448731	41448915	41449016	ITGA5	XM_016923272.4	+	1	41448731	41448915	183	2
NC_072408.2	41588928	41592105	1	1	+	NC_072408.2	41589082	41591472	41591761	41592105	LOC134807474	XM_063785598.1	+	1	41591472	41591761	288	1
NC_072408.2	42378546	42379551	1	1	+	NC_072408.2	42378567	42378704	42378864	42379488	MAP3K12	XM_009425310.5	+	1	42378704	42378864	159	8
NC_072408.2	42651752	42652379	3	1	+	NC_072408.2	42651826	42651986	42652197	42652373	RARG	XM_054664220.2	+	3	42651986	42652197	210	7
NC_072408.2	42767840	42768404	-1	1	-	NC_072408.2	42768225	42768370	42767922	42768041	IGFBP6	XM_509089.7	-	1	42768041	42768225	183	1
NC_072408.2	42802336	42802843	2	1	+	NC_072408.2	42802404	42802523	42802611	42802783	SPRYD3	XM_016923351.4	+	2	42802523	42802611	87	1
NC_072408.2	42813224	42813632	-1	1	-	NC_072408.2	42813381	42813503	42813226	42813290	TNS2	XM_003313674.6	-	1	42813290	42813381	90	6
NC_072408.2	43024808	43025207	3	1	+	NC_072408.2	43024842	43024895	43024992	43025206	KRT78	XM_003313677.4	+	3	43024895	43024992	96	1
NC_072408.2	43446763	43447276	2	1	+	NC_072408.2	43446788	43446913	43447055	43447275	KRT75	XM_522391.5	+	2	43446913	43447055	141	1
NC_072408.2	43702143	43702518	1	1	+	NC_072408.2	43702206	43702261	43702397	43702518	KRT80	XM_016923357.3	+	1	43702261	43702397	135	1
NC_072408.2	45736061	45736397	3	1	+	NC_072408.2	45736062	45736190	45736290	45736396	CERS5	XM_016923424.3	+	3	45736190	45736290	99	10
NC_072408.2	45781471	45781858	-2	1	-	NC_072408.2	45781661	45781822	45781473	45781570	SMARCD1	XM_016923431.4	-	2	45781570	45781661	90	6
NC_072408.2	46307801	46308287	3	1	+	NC_072408.2	46307893	46307985	46308178	46308260	MCRS1	XM_009425469.3	+	3	46307985	46308178	192	5
NC_072408.2	46539219	46539684	-3	1	-	NC_072408.2	46539439	46539567	46539250	46539333	TROAP	XM_016923480.4	-	3	46539333	46539439	105	6
NC_072408.2	46598170	46598737	-2	1	-	NC_072408.2	46598491	46598713	46598186	46598334	TUBA1C	XM_009425485.4	-	2	46598334	46598491	156	1
NC_072408.2	46840842	46841343	1	1	+	NC_072408.2	46840899	46841074	46841177	46841307	KMT2D	XM_054664279.2	+	1	46841074	46841177	102	10
NC_072408.2	46841872	46842448	2	1	+	NC_072408.2	46841996	46842128	46842207	46842334	KMT2D	XM_054664279.2	+	2	46842128	46842207	78	10
NC_072408.2	47039160	47039628	-3	1	-	NC_072408.2	47039464	47039559	47039194	47039343	CACNB3	XM_003313732.7	-	3	47039343	47039464	120	3
NC_072408.2	47090178	47090709	1	1	+	NC_072408.2	47090298	47090439	47090557	47090685	ADCY6	XM_016923516.3	+	1	47090439	47090557	117	3
NC_072408.2	48056059	48056632	2	1	+	NC_072408.2	48056133	48056320	48056453	48056543	HDAC7	XM_016923551.4	+	2	48056320	48056453	132	4
NC_072408.2	48056059	48056632	2	1	+	NC_072408.2	48056180	48056320	48056453	48056543	HDAC7	XM_016923555.4	+	2	48056320	48056453	132	9
NC_072408.2	50985888	50986302	1	1	+	NC_072408.2	50985892	50985943	50986097	50986225	NELL2	XM_016923595.4	+	1	50985943	50986097	153	2
NC_072408.2	55323404	55323722	-1	1	-	NC_072408.2	55323626	55323679	55323413	55323466	MUC19	XM_063785772.1	-	1	55323466	55323626	159	1
NC_072408.2	55362146	55362431	-1	1	-	NC_072408.2	55362356	55362409	55362182	55362235	MUC19	XM_063785772.1	-	1	55362235	55362356	120	1
NC_072408.2	55382236	55394629	-2	1	-	NC_072408.2	55385813	55394559	55382362	55385512	MUC19	XM_063785772.1	-	2	55385512	55385813	300	1
NC_072408.2	66061470	66061857	1	1	+	NC_072408.2	66061472	66061609	66061718	66061848	OVCH1	XM_024347914.3	+	1	66061609	66061718	108	1
NC_072408.2	68224567	68225074	-2	1	-	NC_072408.2	68224972	68225074	68224739	68224800	STK38L	XM_001143341.6	-	2	68224800	68224972	171	12
NC_072408.2	7060954	7061638	-2	1	-	NC_072408.2	7061416	7061561	7061104	7061301	LOC107972962	XM_063785368.1	-	2	7061301	7061416	114	2
NC_072408.2	87505166	87505751	3	1	+	NC_072408.2	87505317	87505407	87505636	87505751	MYF6	XM_001164135.5	+	3	87505407	87505636	228	1
NC_072408.2	9045936	9046431	-3	1	-	NC_072408.2	9046339	9046428	9046120	9046233	CACNA2D4	XM_063786224.1	-	3	9046233	9046339	105	1
NC_072408.2	9761529	9762177	1	1	+	NC_072408.2	9761794	9761853	9762001	9762060	CACNA1C	XM_016922780.4	+	1	9761853	9762001	147	1
NC_072409.2	1000845	1001322	1	1	+	NC_072409.2	1001002	1001127	1001203	1001320	ENTPD8	XM_024346012.3	+	1	1001127	1001203	75	3
NC_072409.2	10025514	10025841	-1	1	-	NC_072409.2	10025719	10025795	10025516	10025622	CERCAM	XM_001157210.8	-	1	10025622	10025719	96	7
NC_072409.2	10099014	10099548	-1	1	-	NC_072409.2	10099329	10099493	10099095	10099241	SLC27A4	XM_009457381.3	-	1	10099241	10099329	87	4
NC_072409.2	10185688	10186048	2	1	+	NC_072409.2	10185689	10185748	10185932	10186012	GOLGA2	XM_001156160.6	+	2	10185748	10185932	183	2
NC_072409.2	10194773	10195490	3	1	+	NC_072409.2	10195020	10195238	10195326	10195428	GOLGA2	XM_001156160.6	+	3	10195238	10195326	87	6
NC_072409.2	10738425	10739154	-1	1	-	NC_072409.2	10738861	10738951	10738513	10738656	TTC16	XM_009457338.4	-	1	10738656	10738861	204	4
NC_072409.2	10738425	10739154	-1	1	-	NC_072409.2	10738861	10738951	10738513	10738617	TTC16	XM_063788225.1	-	1	10738617	10738861	243	1
NC_072409.2	10740453	10741311	1	1	+	NC_072409.2	10740607	10740850	10741091	10741310	PTRH1	XM_063788242.1	+	1	10740850	10741091	240	2
NC_072409.2	10741858	10742182	2	1	+	NC_072409.2	10741861	10741906	10742003	10742182	PTRH1	XM_063788242.1	+	2	10741906	10742003	96	2
NC_072409.2	113099237	113099645	3	1	+	NC_072409.2	113099262	113099355	113099578	113099644	PUM3	XM_009456263.4	+	3	113099355	113099578	222	1
NC_072409.2	1202184	1202874	-1	1	-	NC_072409.2	1202653	1202741	1202211	1202514	STPG3	XM_001139370.8	-	1	1202514	1202653	138	3
NC_072409.2	1209137	1209875	3	1	+	NC_072409.2	1209221	1209435	1209517	1209767	CIMIP2A	XM_016962253.4	+	3	1209435	1209517	81	2
NC_072409.2	1209137	1209875	3	1	+	NC_072409.2	1209221	1209435	1209631	1209767	CIMIP2A	XM_016962257.4	+	3	1209435	1209631	195	2
NC_072409.2	1209137	1209875	3	1	+	NC_072409.2	1209221	1209435	1209670	1209767	CIMIP2A	XM_016962258.4	+	3	1209435	1209670	234	2
NC_072409.2	1238757	1239357	-1	1	-	NC_072409.2	1239180	1239326	1238797	1239086	NDOR1	XM_016962239.4	-	1	1239086	1239180	93	3
NC_072409.2	1238757	1239357	-1	1	-	NC_072409.2	1239180	1239326	1238968	1239086	NDOR1	XM_016962243.4	-	1	1239086	1239180	93	9
NC_072409.2	1238757	1239357	-1	1	-	NC_072409.2	1239180	1239326	1238819	1239086	NDOR1	XM_063787363.1	-	1	1239086	1239180	93	1
NC_072409.2	1240063	1240912	-3	1	-	NC_072409.2	1240572	1240781	1240294	1240415	NDOR1	XM_016962239.4	-	3	1240415	1240572	156	13
NC_072409.2	1262517	1262838	1	1	+	NC_072409.2	1262588	1262694	1262779	1262838	TPRN	XM_016962224.4	+	1	1262694	1262779	84	1
NC_072409.2	1278921	1279512	1	1	+	NC_072409.2	1278986	1279221	1279303	1279512	ANAPC2	XM_016962223.3	+	1	1279221	1279303	81	2
NC_072409.2	1297225	1297945	-3	1	-	NC_072409.2	1297609	1297730	1297362	1297536	GRIN1	XM_024345991.3	-	3	1297536	1297609	72	9
NC_072409.2	1338509	1339985	3	1	+	NC_072409.2	1338883	1339022	1339239	1339402	DPP7	XM_054657851.2	+	3	1339022	1339239	216	4
NC_072409.2	1338509	1339985	3	1	+	NC_072409.2	1339239	1339402	1339772	1339907	DPP7	XM_054657851.2	+	3	1339402	1339772	369	6
NC_072409.2	1338509	1339985	3	1	+	NC_072409.2	1338887	1339022	1339239	1339402	DPP7	XM_054657852.2	+	3	1339022	1339239	216	2
NC_072409.2	1338664	1339483	2	1	+	NC_072409.2	1338883	1339022	1339239	1339402	DPP7	XM_063787298.1	+	2	1339022	1339239	216	2
NC_072409.2	1342387	1342693	2	1	+	NC_072409.2	1342394	1342464	1342561	1342693	DPP7	NM_001279874.1	+	2	1342464	1342561	96	10
NC_072409.2	1373500	1374619	-3	1	-	NC_072409.2	1374277	1374565	1373844	1374048	UAP1L1	XM_009457765.5	-	3	1374048	1374277	228	2
NC_072409.2	1386460	1387717	2	1	+	NC_072409.2	1387400	1387516	1387592	1387717	SAPCD2	XM_009457764.5	+	2	1387516	1387592	75	1
NC_072409.2	1401170	1401998	3	1	+	NC_072409.2	1401272	1401431	1401513	1401740	ENTPD2	XM_016962218.4	+	3	1401431	1401513	81	1
NC_072409.2	1410935	1411865	3	1	+	NC_072409.2	1411348	1411473	1411798	1411864	NPDC1	XM_016962217.3	+	3	1411473	1411798	324	1
NC_072409.2	1436136	1436616	1	1	+	NC_072409.2	1436168	1436332	1436435	1436615	ABCA2	XM_016962210.3	+	1	1436332	1436435	102	2
NC_072409.2	1437002	1437500	3	1	+	NC_072409.2	1437035	1437231	1437310	1437492	ABCA2	XM_016962210.3	+	3	1437231	1437310	78	2
NC_072409.2	1437779	1439150	3	1	+	NC_072409.2	1438095	1438215	1438501	1438737	ABCA2	XM_016962210.3	+	3	1438215	1438501	285	2
NC_072409.2	1437779	1439150	3	1	+	NC_072409.2	1438501	1438737	1438867	1439073	ABCA2	XM_016962210.3	+	3	1438737	1438867	129	2
NC_072409.2	1444314	1444953	1	1	+	NC_072409.2	1444330	1444467	1444576	1444782	ABCA2	XM_016962210.3	+	1	1444467	1444576	108	2
NC_072409.2	1459665	1460217	-1	1	-	NC_072409.2	1459953	1460143	1459785	1459853	PAXX	XM_016962207.4	-	1	1459853	1459953	99	2
NC_072409.2	1468290	1468776	-1	1	-	NC_072409.2	1468641	1468714	1468292	1468490	LCNL1	XM_016962204.3	-	1	1468490	1468641	150	1
NC_072409.2	1468290	1468776	-1	1	-	NC_072409.2	1468641	1468714	1468380	1468490	LCNL1	XM_016962205.3	-	1	1468490	1468641	150	1
NC_072409.2	15079016	15079682	-2	1	-	NC_072409.2	15079427	15079612	15079100	15079213	CRB2	XM_009457262.5	-	2	15079213	15079427	213	3
NC_072409.2	1510611	1511070	-1	1	-	NC_072409.2	1510824	1510925	1510701	1510739	C8G	XM_016962201.3	-	1	1510739	1510824	84	1
NC_072409.2	1510611	1511070	-1	1	-	NC_072409.2	1510701	1510739	1510612	1510622	C8G	XM_016962201.3	-	1	1510622	1510701	78	1
NC_072409.2	1601143	1601926	-3	1	-	NC_072409.2	1601716	1601850	1601459	1601592	MAMDC4	XM_054658577.2	-	3	1601592	1601716	123	20
NC_072409.2	1766544	1767303	-1	1	-	NC_072409.2	1767180	1767275	1766859	1767020	EGFL7	XM_009457727.5	-	1	1767020	1767180	159	15
NC_072409.2	1978188	1978620	1	1	+	NC_072409.2	1978189	1978306	1978508	1978619	SEC16A	XM_016962127.4	+	1	1978306	1978508	201	27
NC_072409.2	2051884	2052313	2	1	+	NC_072409.2	2051949	2052055	2052218	2052312	SNAPC4	XM_016962097.4	+	2	2052055	2052218	162	4
NC_072409.2	2075118	2075487	1	1	+	NC_072409.2	2075240	2075316	2075401	2075487	CARD9	XM_063787405.1	+	1	2075316	2075401	84	1
NC_072409.2	2238210	2238978	1	1	+	NC_072409.2	2238455	2238606	2238694	2238862	LHX3	XM_001171089.6	+	1	2238606	2238694	87	3
NC_072409.2	24158163	24158685	-1	1	-	NC_072409.2	24158545	24158598	24158217	24158340	COL27A1	XM_054659010.2	-	1	24158340	24158545	204	1
NC_072409.2	24355057	24355522	2	1	+	NC_072409.2	24355127	24355227	24355318	24355436	KIF12	XM_016961503.4	+	2	24355227	24355318	90	5
NC_072409.2	2493778	2494375	2	1	+	NC_072409.2	2493800	2493902	2494167	2494275	UBAC1	XM_016962079.4	+	2	2493902	2494167	264	1
NC_072409.2	25031777	25032032	3	1	+	NC_072409.2	25031793	25031858	25031946	25032031	POLE3	NM_001246516.1	+	3	25031858	25031946	87	1
NC_072409.2	25356588	25357896	1	1	+	NC_072409.2	25356908	25357105	25357478	25357896	LOC134807636	XM_063787599.1	+	1	25357105	25357478	372	1
NC_072409.2	2778563	2779124	-2	1	-	NC_072409.2	2778947	2779048	2778564	2778838	LCN9	XM_054659346.1	-	2	2778838	2778947	108	1
NC_072409.2	2835665	2836217	-2	1	-	NC_072409.2	2835950	2836054	2835666	2835679	PAEP	XM_024345970.3	-	2	2835679	2835950	270	1
NC_072409.2	41180386	41181034	-3	1	-	NC_072409.2	41180995	41181034	41180417	41180865	CCDC180	XM_016961281.3	-	3	41180865	41180995	129	23
NC_072409.2	49094357	49094678	3	1	+	NC_072409.2	49094382	49094554	49094630	49094673	SEMA4D	XM_016961111.4	+	3	49094554	49094630	75	26
NC_072409.2	49485229	49485949	-3	1	-	NC_072409.2	49485526	49485751	49485230	49485363	C9H9orf47	XM_063787713.1	-	3	49485363	49485526	162	1
NC_072409.2	5255062	5255707	2	1	+	NC_072409.2	5255102	5255129	5255631	5255707	OBP2B	XM_054659249.2	+	2	5255129	5255631	501	1
NC_072409.2	52674145	52674715	2	1	+	NC_072409.2	52674254	52674442	52674527	52674707	LOC112207582	XM_054658207.2	+	2	52674442	52674527	84	1
NC_072409.2	67854318	67854579	1	1	+	NC_072409.2	67854319	67854364	67854455	67854578	VPS13A	XM_016960976.4	+	1	67854364	67854455	90	10
NC_072409.2	6873409	6874165	2	1	+	NC_072409.2	6873814	6873892	6873998	6874099	RAPGEF1	XM_024345936.3	+	2	6873892	6873998	105	22
NC_072409.2	7358616	7359459	-1	1	-	NC_072409.2	7359342	7359372	7359139	7359200	AIF1L	XM_009457530.4	-	1	7359200	7359342	141	1
NC_072409.2	7414900	7415368	-3	1	-	NC_072409.2	7415098	7415286	7414902	7415019	LAMC3	XM_016961883.4	-	3	7415019	7415098	78	2
NC_072409.2	80176536	80177019	-1	1	-	NC_072409.2	80176732	80176823	80176537	80176599	NPR2	XM_001168194.7	-	1	80176599	80176732	132	4
NC_072409.2	80179862	80180738	-2	1	-	NC_072409.2	80180309	80180468	80179994	80180149	NPR2	XM_001168194.7	-	2	80180149	80180309	159	4
NC_072409.2	80274453	80274813	1	1	+	NC_072409.2	80274492	80274585	80274688	80274777	TLN1	XM_016960832.4	+	1	80274585	80274688	102	2
NC_072409.2	80278861	80279395	2	1	+	NC_072409.2	80278880	80279050	80279135	80279284	TLN1	XM_016960832.4	+	2	80279050	80279135	84	2
NC_072409.2	80308081	80308843	-3	1	-	NC_072409.2	80308633	80308803	80308358	80308500	CA9	XM_009456587.5	-	3	80308500	80308633	132	4
NC_072409.2	80308081	80308843	-3	1	-	NC_072409.2	80308358	80308500	80308175	80308267	CA9	XM_009456587.5	-	3	80308267	80308358	90	4
NC_072409.2	80334039	80334657	1	1	+	NC_072409.2	80334093	80334151	80334263	80334324	SIT1	XM_001166656.8	+	1	80334151	80334263	111	1
NC_072409.2	80334039	80334657	1	1	+	NC_072409.2	80334263	80334324	80334427	80334657	SIT1	XM_001166656.8	+	1	80334324	80334427	102	1
NC_072409.2	80423508	80424261	1	1	+	NC_072409.2	80423785	80423836	80423957	80424109	CIMIP2B	XM_016960811.3	+	1	80423836	80423957	120	4
NC_072409.2	80427924	80428476	-1	1	-	NC_072409.2	80428122	80428296	80427926	80428031	RUSC2	XM_016960807.3	-	1	80428031	80428122	90	4
NC_072409.2	8058708	8059155	-1	1	-	NC_072409.2	8059005	8059086	8058766	8058902	HMCN2	XM_016961863.3	-	1	8058902	8059005	102	5
NC_072409.2	80676561	80685387	-1	1	-	NC_072409.2	80684274	80685292	80676638	80684174	UNC13B	XM_063788632.1	-	1	80684174	80684274	99	1
NC_072409.2	80885261	80885717	3	1	+	NC_072409.2	80885304	80885448	80885572	80885651	STOML2	XM_520553.7	+	3	80885448	80885572	123	1
NC_072409.2	80992914	80993976	-1	1	-	NC_072409.2	80993305	80993906	80992915	80993145	DNAJB5	XM_001164685.6	-	1	80993145	80993305	159	6
NC_072409.2	819582	820218	-1	1	-	NC_072409.2	819934	820116	819673	819849	ARRDC1	XM_003312423.6	-	1	819849	819934	84	7
NC_072409.2	82079030	82079402	3	1	+	NC_072409.2	82079031	82079222	82079310	82079402	UBAP2	XM_009456463.5	+	3	82079222	82079310	87	50
NC_072409.2	932095	932749	2	1	+	NC_072409.2	932115	932215	932438	932584	PNPLA7	XM_054659270.2	+	2	932215	932438	222	17
NC_072409.2	9455433	9455973	-1	1	-	NC_072409.2	9455746	9455973	9455500	9455631	NUP188	XM_009457457.4	-	1	9455631	9455746	114	4
NC_072409.2	9706288	9706939	2	1	+	NC_072409.2	9706384	9706498	9706643	9706789	ZER1	XM_001159922.5	+	2	9706498	9706643	144	7
NC_072409.2	9737205	9737670	-1	1	-	NC_072409.2	9737488	9737630	9737299	9737406	PKN3	XM_001159776.8	-	1	9737406	9737488	81	4
NC_072409.2	9743659	9744229	-3	1	-	NC_072409.2	9743936	9744045	9743681	9743824	PKN3	XM_001159776.8	-	3	9743824	9743936	111	4
NC_072409.2	9845701	9846121	-3	1	-	NC_072409.2	9846015	9846118	9845708	9845870	SPTAN1	XM_063788193.1	-	3	9845870	9846015	144	24
NC_072409.2	987728	988205	3	1	+	NC_072409.2	987759	987792	987910	987980	NSMF	XM_054659280.2	+	3	987792	987910	117	4
NC_072409.2	9921135	9921615	-1	1	-	NC_072409.2	9921433	9921575	9921137	9921327	GLE1	XM_001159347.6	-	1	9921327	9921433	105	1
NC_072410.2	10548493	10549204	-1	1	-	NC_072410.2	10548669	10548786	10548495	10548590	NT5DC4	XM_054678194.2	-	1	10548590	10548669	78	1
NC_072410.2	107242611	107242887	-2	1	-	NC_072410.2	107242799	107242871	107242672	107242714	DDX1	XM_001162067.6	-	2	107242714	107242799	84	1
NC_072410.2	114195192	114195828	-2	1	-	NC_072410.2	114195686	114195760	114195193	114195295	ID2	XM_063789324.1	-	2	114195295	114195686	390	1
NC_072410.2	16152672	16153218	-2	1	-	NC_072410.2	16152849	16152974	16152678	16152752	EDAR	XM_001139583.7	-	2	16152752	16152849	96	1
NC_072410.2	21908151	21908676	1	1	+	NC_072410.2	21908169	21908298	21908455	21908553	TBC1D8	XM_001162139.7	+	1	21908298	21908455	156	5
NC_072410.2	25350366	25350861	1	1	+	NC_072410.2	25350417	25350570	25350664	25350834	TMEM131	XM_009442938.5	+	1	25350570	25350664	93	16
NC_072410.2	25430754	25431210	-2	1	-	NC_072410.2	25431024	25431111	25430893	25430939	ZAP70	XM_009442935.4	-	2	25430939	25431024	84	7
NC_072410.2	26204426	26205053	3	1	+	NC_072410.2	26204448	26204510	26204613	26204711	SEMA4C	XM_016949011.3	+	3	26204510	26204613	102	10
NC_072410.2	26208634	26209738	2	1	+	NC_072410.2	26208718	26208788	26208912	26209738	SEMA4C	XM_016949011.3	+	2	26208788	26208912	123	12
NC_072410.2	26459310	26459748	1	1	+	NC_072410.2	26459371	26459472	26459581	26459652	KANSL3	XM_001150109.7	+	1	26459472	26459581	108	36
NC_072410.2	26803973	26804393	-3	1	-	NC_072410.2	26804246	26804357	26804058	26804146	CIAO1	XM_001144741.7	-	3	26804146	26804246	99	1
NC_072410.2	26926153	26926999	2	1	+	NC_072410.2	26926202	26926733	26926818	26926939	DUSP2	XM_016948970.3	+	2	26926733	26926818	84	1
NC_072410.2	35965843	35966596	2	1	+	NC_072410.2	35965859	35966030	35966133	35966486	CD8A	XM_054677990.2	+	2	35966030	35966133	102	3
NC_072410.2	37349951	37350809	3	1	+	NC_072410.2	37350012	37350104	37350642	37350774	CAPG	XM_009442759.5	+	3	37350104	37350642	537	8
NC_072410.2	37420706	37422326	3	1	+	NC_072410.2	37420797	37420842	37421074	37422236	TGOLN2	XM_001165623.8	+	3	37420842	37421074	231	3
NC_072410.2	37420706	37422326	3	1	+	NC_072410.2	37420797	37420842	37421074	37421765	TGOLN2	XM_009442748.5	+	3	37420842	37421074	231	1
NC_072410.2	37420706	37422326	3	1	+	NC_072410.2	37421074	37421765	37421940	37422236	TGOLN2	XM_009442748.5	+	3	37421765	37421940	174	1
NC_072410.2	37613476	37614346	-1	1	-	NC_072410.2	37614205	37614268	37613846	37613973	TCF7L1	XM_009442746.5	-	1	37613973	37614205	231	2
NC_072410.2	37839338	37839728	-3	1	-	NC_072410.2	37839614	37839713	37839339	37839460	TMSB10	XM_063789696.1	-	3	37839460	37839614	153	1
NC_072410.2	48263329	48263815	-1	1	-	NC_072410.2	48263702	48263782	48263405	48263596	TTC31	XM_001159904.6	-	1	48263596	48263702	105	7
NC_072410.2	48263329	48263815	-1	1	-	NC_072410.2	48263702	48263782	48263411	48263596	TTC31	XM_009442701.3	-	1	48263596	48263702	105	7
NC_072410.2	48329400	48329871	-2	1	-	NC_072410.2	48329608	48329682	48329401	48329529	WDR54	XM_001158234.7	-	2	48329529	48329608	78	3
NC_072410.2	51889482	51889806	1	1	+	NC_072410.2	51889492	51889564	51889661	51889777	CD207	XM_016945490.4	+	1	51889564	51889661	96	2
NC_072410.2	61754352	61754694	1	1	+	NC_072410.2	61754468	61754544	61754638	61754693	PUS10	XM_003309026.5	+	1	61754544	61754638	93	21
NC_072410.2	66994987	66995416	2	1	+	NC_072410.2	66995045	66995111	66995196	66995285	PNPT1	XM_009442488.5	+	2	66995111	66995196	84	6
NC_072410.2	74201948	74202230	-3	1	-	NC_072410.2	74202129	74202230	74201950	74202038	PPP1R21	XM_001151165.6	-	3	74202038	74202129	90	8
NC_072410.2	74873286	74873790	-2	1	-	NC_072410.2	74873581	74873735	74873288	74873487	MSH6	XM_016948498.4	-	2	74873487	74873581	93	4
NC_072410.2	79499967	79503483	1	1	+	NC_072410.2	79501498	79501548	79502062	79503483	ZFP36L2	XM_515435.8	+	1	79501548	79502062	513	1
NC_072410.2	91639414	91639924	2	1	+	NC_072410.2	91639533	91639651	91639787	91639923	CAPN14	XM_054677769.2	+	2	91639651	91639787	135	1
NC_072410.2	93627975	93628272	1	1	+	NC_072410.2	93628008	93628098	93628207	93628271	ALK	XM_016948281.4	+	1	93628098	93628207	108	2
NC_072410.2	95410808	95411435	-3	1	-	NC_072410.2	95411172	95411378	95410920	95411054	KRTCAP3	XM_001157754.8	-	3	95411054	95411172	117	5
NC_072410.2	95410808	95411435	-3	1	-	NC_072410.2	95411172	95411378	95410809	95411054	KRTCAP3	XM_016948255.4	-	3	95411054	95411172	117	2
NC_072410.2	95549970	95550489	-2	1	-	NC_072410.2	95550256	95550489	95549972	95549994	TRIM54	XM_016948243.3	-	2	95549994	95550256	261	3
NC_072410.2	95549970	95550489	-2	1	-	NC_072410.2	95550256	95550489	95549972	95549991	TRIM54	XM_016948244.3	-	2	95549991	95550256	264	1
NC_072410.2	95613814	95614222	-1	1	-	NC_072410.2	95614067	95614222	95613869	95613970	CAD	XM_001155357.5	-	1	95613970	95614067	96	2
NC_072410.2	95621093	95621591	-3	1	-	NC_072410.2	95621409	95621591	95621196	95621300	CAD	XM_001155357.5	-	3	95621300	95621409	108	2
NC_072410.2	95724550	95725006	2	1	+	NC_072410.2	95724574	95724747	95724895	95724967	PREB	XM_003949769.5	+	2	95724747	95724895	147	2
NC_072410.2	96284693	96285173	-3	1	-	NC_072410.2	96284829	96285102	96284694	96284699	C2AH2orf70	XM_016948202.3	-	3	96284699	96284829	129	1
NC_072410.2	96387067	96388414	2	1	+	NC_072410.2	96387089	96387208	96387632	96387793	OTOF	XM_016948195.4	+	2	96387208	96387632	423	4
NC_072410.2	96387067	96388414	2	1	+	NC_072410.2	96387632	96387793	96387902	96388064	OTOF	XM_016948195.4	+	2	96387793	96387902	108	4
NC_072410.2	99165526	99166291	-1	1	-	NC_072410.2	99166066	99166264	99165754	99165936	KLHL29	XM_009442100.5	-	1	99165936	99166066	129	4
NC_072411.2	103318280	103318670	-3	1	-	NC_072411.2	103318533	103318622	103318281	103318403	FLACC1	NM_001280196.1	-	3	103318403	103318533	129	1
NC_072411.2	103318280	103318670	-3	1	-	NC_072411.2	103318533	103318622	103318294	103318403	FLACC1	XM_009443699.5	-	3	103318403	103318533	129	3
NC_072411.2	120525038	120525557	-3	1	-	NC_072411.2	120525434	120525517	120525201	120525316	AAMP	NM_001246564.1	-	3	120525316	120525434	117	2
NC_072411.2	121077030	121077513	1	1	+	NC_072411.2	121077031	121077243	121077397	121077513	LOC459951	XM_001159436.7	+	1	121077243	121077397	153	2
NC_072411.2	121274453	121275239	-3	1	-	NC_072411.2	121274953	121275129	121274604	121274670	CFAP65	XM_016950538.4	-	3	121274670	121274953	282	13
NC_072411.2	121436002	121436395	-1	1	-	NC_072411.2	121436258	121436378	121436048	121436176	CNPPD1	XM_001160526.6	-	1	121436176	121436258	81	4
NC_072411.2	121506847	121507333	2	1	+	NC_072411.2	121506857	121507024	121507124	121507313	STK16	XM_009444352.4	+	2	121507024	121507124	99	1
NC_072411.2	121508289	121508841	1	1	+	NC_072411.2	121508341	121508474	121508643	121508763	STK16	XM_001162451.7	+	1	121508474	121508643	168	4
NC_072411.2	121551565	121551976	-1	1	-	NC_072411.2	121551875	121551948	121551566	121551634	PTPRN	XM_016950560.3	-	1	121551634	121551875	240	3
NC_072411.2	121723440	121724070	1	1	+	NC_072411.2	121723565	121723740	121723981	121724069	SPEG	NM_001173481.4	+	1	121723740	121723981	240	13
NC_072411.2	121723440	121724070	1	1	+	NC_072411.2	121723672	121723740	121723981	121724069	SPEG	XM_009444280.5	+	1	121723740	121723981	240	2
NC_072411.2	121750662	121751739	1	1	+	NC_072411.2	121750724	121750891	121751006	121751609	SPEG	NM_001173481.4	+	1	121750891	121751006	114	12
NC_072411.2	121767106	121767586	2	1	+	NC_072411.2	121767133	121767230	121767390	121767436	GMPPA	XM_003309471.4	+	2	121767230	121767390	159	4
NC_072411.2	121798618	121799110	2	1	+	NC_072411.2	121798711	121798802	121798887	121798966	ASIC4	XM_001163732.7	+	2	121798802	121798887	84	2
NC_072411.2	121818801	121819896	-2	1	-	NC_072411.2	121819449	121819736	121818987	121819262	OBSL1	XM_003309468.6	-	2	121819262	121819449	186	4
NC_072411.2	121867383	121867974	1	1	+	NC_072411.2	121867520	121867623	121867759	121867854	STK11IP	XM_009444388.5	+	1	121867623	121867759	135	8
NC_072411.2	127046283	127046607	-2	1	-	NC_072411.2	127046433	127046547	127046285	127046351	DOCK10	XM_003309478.7	-	2	127046351	127046433	81	24
NC_072411.2	132037329	132037725	-2	1	-	NC_072411.2	132037624	132037697	132037337	132037536	TRIP12	XM_009444490.5	-	2	132037536	132037624	87	50
NC_072411.2	134593791	134594358	1	1	+	NC_072411.2	134593915	134594049	134594149	134594221	ALPP	XM_001146156.6	+	1	134594049	134594149	99	1
NC_072411.2	134621709	134622276	1	1	+	NC_072411.2	134621833	134621967	134622067	134622139	ALPG	XM_054679522.1	+	1	134621967	134622067	99	1
NC_072411.2	134666791	134667397	2	1	+	NC_072411.2	134666934	134667068	134667153	134667344	ALPI	XM_003309518.4	+	2	134667068	134667153	84	1
NC_072411.2	134693367	134694138	-2	1	-	NC_072411.2	134693917	134694027	134693737	134693829	ECEL1	XM_016950705.3	-	2	134693829	134693917	87	1
NC_072411.2	134731189	134731900	2	1	+	NC_072411.2	134731540	134731639	134731727	134731886	PRSS56	XM_009444554.4	+	2	134731639	134731727	87	2
NC_072411.2	134732607	134733396	1	1	+	NC_072411.2	134732798	134732971	134733065	134733229	PRSS56	XM_009444554.4	+	1	134732971	134733065	93	1
NC_072411.2	134732607	134733396	1	1	+	NC_072411.2	134732795	134732971	134733065	134733229	PRSS56	XM_024355139.3	+	1	134732971	134733065	93	1
NC_072411.2	134737140	134737740	1	1	+	NC_072411.2	134737282	134737391	134737521	134737676	CHRND	XM_016950706.3	+	1	134737391	134737521	129	2
NC_072411.2	136233782	136234133	3	1	+	NC_072411.2	136233813	136233897	136233997	136234121	SPP2	XM_016950765.1	+	3	136233897	136233997	99	1
NC_072411.2	139996803	139997154	1	1	+	NC_072411.2	139996857	139997040	139997131	139997153	RBM44	XM_054679610.2	+	1	139997040	139997131	90	1
NC_072411.2	140338267	140339860	2	1	+	NC_072411.2	140339124	140339386	140339462	140339570	ERFE	XM_009444657.4	+	2	140339386	140339462	75	6
NC_072411.2	140338267	140339860	2	1	+	NC_072411.2	140339124	140339386	140339462	140339566	ERFE	XM_063790943.1	+	2	140339386	140339462	75	7
NC_072411.2	140338267	140339860	2	1	+	NC_072411.2	140339462	140339566	140339657	140339747	ERFE	XM_063790943.1	+	2	140339566	140339657	90	7
NC_072411.2	140338267	140339860	2	1	+	NC_072411.2	140338433	140339386	140339462	140339570	ERFE	XM_063790949.1	+	2	140339386	140339462	75	1
NC_072411.2	140433793	140434192	-1	1	-	NC_072411.2	140434020	140434167	140433799	140433923	PER2	XM_016950824.4	-	1	140433923	140434020	96	10
NC_072411.2	143253940	143254753	2	1	+	NC_072411.2	143254052	143254189	143254307	143254664	CROCC2	XM_024354729.3	+	2	143254189	143254307	117	1
NC_072411.2	143330300	143331140	3	1	+	NC_072411.2	143330623	143330736	143330848	143330961	SNED1	XM_024354719.3	+	3	143330736	143330848	111	6
NC_072411.2	143528524	143529358	2	1	+	NC_072411.2	143528870	143528989	143529113	143529163	ANO7	XM_063791786.1	+	2	143528989	143529113	123	1
NC_072411.2	143528524	143529358	2	1	+	NC_072411.2	143529113	143529163	143529305	143529358	ANO7	XM_063791786.1	+	2	143529163	143529305	141	1
NC_072411.2	144126366	144127149	1	1	+	NC_072411.2	144126448	144126654	144126862	144127117	NEU4	XM_016950947.4	+	1	144126654	144126862	207	1
NC_072411.2	144126366	144127149	1	1	+	NC_072411.2	144126451	144126654	144126862	144127117	NEU4	XM_016950948.4	+	1	144126654	144126862	207	1
NC_072411.2	27565238	27565910	3	1	+	NC_072411.2	27565317	27565566	27565666	27565740	TEX51	XM_016949651.3	+	3	27565566	27565666	99	18
NC_072411.2	32229283	32229814	-1	1	-	NC_072411.2	32229653	32229742	32229330	32229418	PTPN18	XM_016949386.4	-	1	32229418	32229653	234	4
NC_072411.2	32240832	32241570	-2	1	-	NC_072411.2	32241241	32241317	32241058	32241153	PTPN18	XM_016949386.4	-	2	32241153	32241241	87	3
NC_072411.2	32254118	32254646	-3	1	-	NC_072411.2	32254310	32254383	32254119	32254228	IMP4	XM_003309240.6	-	3	32254228	32254310	81	2
NC_072411.2	53723625	53724129	-2	1	-	NC_072411.2	53724007	53724114	53723800	53723913	NEB	XM_054679822.2	-	2	53723913	53724007	93	21
NC_072411.2	64314648	64315038	-2	1	-	NC_072411.2	64314925	64315015	64314649	64314825	IFIH1	XM_016949953.4	-	2	64314825	64314925	99	1
NC_072411.2	70871153	70871546	3	1	+	NC_072411.2	70871181	70871279	70871376	70871501	NOSTRIN	XM_001155546.8	+	3	70871279	70871376	96	15
NC_072411.2	80609953	80610781	-1	1	-	NC_072411.2	80610403	80610693	80610025	80610312	TTN	NM_001329611.3	-	1	80610312	80610403	90	49
NC_072411.2	80651012	80651741	-3	1	-	NC_072411.2	80651405	80651671	80651018	80651296	TTN	NM_001329611.3	-	3	80651296	80651405	108	49
NC_072411.2	80661068	80661635	-3	1	-	NC_072411.2	80661341	80661607	80661111	80661250	TTN	NM_001329611.3	-	3	80661250	80661341	90	49
NC_072411.2	80682308	80682686	-3	1	-	NC_072411.2	80682524	80682607	80682356	80682439	TTN	NM_001329611.3	-	3	80682439	80682524	84	49
NC_072411.2	80749630	80750407	-1	1	-	NC_072411.2	80750035	80750313	80749633	80749914	TTN	NM_001329611.3	-	1	80749914	80750035	120	49
NC_072411.2	80752647	80753415	-2	1	-	NC_072411.2	80753067	80753345	80752695	80752973	TTN	NM_001329611.3	-	2	80752973	80753067	93	49
NC_072411.2	80831478	80831952	-2	1	-	NC_072411.2	80831818	80831903	80831480	80831724	TTN	NM_001329611.3	-	2	80831724	80831818	93	50
NC_072411.2	89408898	89409294	-2	1	-	NC_072411.2	89409183	89409293	89408971	89409083	CALCRL	XM_009443842.5	-	2	89409083	89409183	99	3
NC_072412.2	101252957	101253683	-1	1	-	NC_072412.2	101253672	101253674	101252973	101253533	DZIP1	XM_016925456.4	-	1	101253533	101253672	138	3
NC_072412.2	103619185	103619467	2	1	+	NC_072412.2	103619186	103619297	103619382	103619437	IPO5	NM_001280390.1	+	2	103619297	103619382	84	20
NC_072412.2	105591980	105592868	3	1	+	NC_072412.2	105592135	105592298	105592512	105592868	ZIC2	XM_003314197.7	+	3	105592298	105592512	213	1
NC_072412.2	115833268	115833529	-2	1	-	NC_072412.2	115833440	115833529	115833296	115833340	COL4A1	XM_016925527.4	-	2	115833340	115833440	99	1
NC_072412.2	115833268	115833529	-2	1	-	NC_072412.2	115833440	115833481	115833296	115833340	COL4A1	XM_063792319.1	-	2	115833340	115833440	99	1
NC_072412.2	118674881	118675214	3	1	+	NC_072412.2	118674882	118674949	118675073	118675163	MCF2L	XM_054665606.2	+	3	118674949	118675073	123	1
NC_072412.2	20350906	20351602	2	1	+	NC_072412.2	20351159	20351287	20351492	20351601	SAP18	XM_054665072.1	+	2	20351287	20351492	204	2
NC_072412.2	27195428	27195785	-1	1	-	NC_072412.2	27195632	27195764	27195437	27195541	FLT3	XM_509601.7	-	1	27195541	27195632	90	1
NC_072412.2	54103319	54103847	-1	1	-	NC_072412.2	54103656	54103814	54103410	54103517	RCBTB2	XM_016925701.3	-	1	54103517	54103656	138	7
NC_072412.2	57738701	57738989	-1	1	-	NC_072412.2	57738896	57738989	57738711	57738808	NEK3	XM_001160404.6	-	1	57738808	57738896	87	10
NC_072412.2	57738701	57738989	-1	1	-	NC_072412.2	57738896	57738938	57738711	57738808	NEK3	XM_009427000.4	-	1	57738808	57738896	87	1
NC_072413.2	100941086	100941851	3	1	+	NC_072413.2	100941210	100941297	100941550	100941767	AMN	XM_024348944.3	+	3	100941297	100941550	252	1
NC_072413.2	100942937	100943348	3	1	+	NC_072413.2	100942957	100943119	100943198	100943285	AMN	XM_024348944.3	+	3	100943119	100943198	78	1
NC_072413.2	101144976	101145480	1	1	+	NC_072413.2	101145007	101145129	101145319	101145419	TNFAIP2	XM_016926761.4	+	1	101145129	101145319	189	4
NC_072413.2	102191125	102192169	2	1	+	NC_072413.2	102191277	102191539	102191630	102191813	KIF26A	XM_016926807.3	+	2	102191539	102191630	90	2
NC_072413.2	102191125	102192169	2	1	+	NC_072413.2	102191630	102191813	102192006	102192168	KIF26A	XM_016926807.3	+	2	102191813	102192006	192	2
NC_072413.2	102812740	102813073	-2	1	-	NC_072413.2	102812942	102813073	102812804	102812869	AKT1	XM_024348960.3	-	2	102812869	102812942	72	3
NC_072413.2	102927462	102930117	1	1	+	NC_072413.2	102928042	102928132	102928277	102929980	CEP170B	XM_024348961.3	+	1	102928132	102928277	144	5
NC_072413.2	102973823	102974324	3	1	+	NC_072413.2	102973910	102974075	102974157	102974253	PLD4	XM_016926827.4	+	3	102974075	102974157	81	6
NC_072413.2	102997959	102998550	-3	1	-	NC_072413.2	102998395	102998453	102998191	102998289	AHNAK2	XM_016926824.4	-	3	102998289	102998395	105	2
NC_072413.2	103182980	103183568	-1	1	-	NC_072413.2	103183391	103183543	103183199	103183312	JAG2	XM_024348620.3	-	1	103183312	103183391	78	4
NC_072413.2	103184975	103185605	-1	1	-	NC_072413.2	103185423	103185469	103185162	103185335	JAG2	XM_024348620.3	-	1	103185335	103185423	87	4
NC_072413.2	103185492	103186128	-3	1	-	NC_072413.2	103185804	103185917	103185549	103185662	JAG2	XM_024348620.3	-	3	103185662	103185804	141	3
NC_072413.2	103190086	103190668	-2	1	-	NC_072413.2	103190263	103190514	103190088	103190148	JAG2	XM_024348620.3	-	2	103190148	103190263	114	4
NC_072413.2	103498327	103499035	2	1	+	NC_072413.2	103498664	103498815	103498888	103499035	MTA1	XM_016926858.3	+	2	103498815	103498888	72	9
NC_072413.2	103514283	103514820	1	1	+	NC_072413.2	103514357	103514451	103514668	103514725	CRIP2	XM_016926863.3	+	1	103514451	103514668	216	2
NC_072413.2	103901046	103902420	-3	1	-	NC_072413.2	103901616	103901939	103901085	103901408	LOC112207564	unassigned_transcript_876	-	3	103901408	103901616	207	1
NC_072413.2	19403492	19404242	-1	1	-	NC_072413.2	19403964	19404011	19403712	19403747	NDRG2	NM_001195153.2	-	1	19403747	19403964	216	14
NC_072413.2	19405977	19406379	-3	1	-	NC_072413.2	19406293	19406353	19406005	19406091	NDRG2	NM_001195153.2	-	3	19406091	19406293	201	14
NC_072413.2	19487509	19487962	2	1	+	NC_072413.2	19487561	19487671	19487789	19487935	TMEM253	NM_001246441.1	+	2	19487671	19487789	117	1
NC_072413.2	19865264	19865714	-1	1	-	NC_072413.2	19865594	19865639	19865294	19865365	RAB2B	XM_024348641.3	-	1	19865365	19865594	228	1
NC_072413.2	21269537	21269876	-1	1	-	NC_072413.2	21269705	21269833	21269539	21269608	RBM23	XM_001159475.7	-	1	21269608	21269705	96	7
NC_072413.2	21269537	21269876	-1	1	-	NC_072413.2	21269705	21269833	21269538	21269608	RBM23	XM_009427476.5	-	1	21269608	21269705	96	2
NC_072413.2	21272573	21272969	-1	1	-	NC_072413.2	21272817	21272969	21272598	21272735	RBM23	XM_001159475.7	-	1	21272735	21272817	81	9
NC_072413.2	21474208	21474748	-2	1	-	NC_072413.2	21474440	21474583	21474236	21474313	CIROP	XM_024348650.3	-	2	21474313	21474440	126	1
NC_072413.2	21760505	21761459	-1	1	-	NC_072413.2	21760977	21761366	21760517	21760643	MYH6	XM_016925888.4	-	1	21760643	21760977	333	3
NC_072413.2	21767877	21768201	-3	1	-	NC_072413.2	21768090	21768177	21767885	21768002	MYH6	XM_016925888.4	-	3	21768002	21768090	87	3
NC_072413.2	21803414	21803849	-1	1	-	NC_072413.2	21803576	21803732	21803416	21803443	MYH7	XM_016925890.4	-	1	21803443	21803576	132	1
NC_072413.2	22357515	22357947	1	1	+	NC_072413.2	22357608	22357701	22357795	22357893	CARMIL3	XM_016925911.4	+	1	22357701	22357795	93	18
NC_072413.2	22363925	22364417	3	1	+	NC_072413.2	22364025	22364091	22364194	22364283	CARMIL3	XM_016925911.4	+	3	22364091	22364194	102	18
NC_072413.2	22371806	22372385	3	1	+	NC_072413.2	22371903	22371977	22372143	22372226	CPNE6	XM_001165305.7	+	3	22371977	22372143	165	4
NC_072413.2	22374414	22375107	1	1	+	NC_072413.2	22374476	22374609	22374751	22374987	CPNE6	XM_001165305.7	+	1	22374609	22374751	141	5
NC_072413.2	22451228	22451582	3	1	+	NC_072413.2	22451271	22451369	22451460	22451549	RNF31	XM_001166671.7	+	3	22451369	22451460	90	6
NC_072413.2	22458835	22459411	2	1	+	NC_072413.2	22458836	22459019	22459251	22459381	IRF9	XM_001167256.6	+	2	22459019	22459251	231	8
NC_072413.2	22461567	22462125	1	1	+	NC_072413.2	22461720	22461835	22461995	22462125	IRF9	XM_063793266.1	+	1	22461835	22461995	159	4
NC_072413.2	22468634	22469009	3	1	+	NC_072413.2	22468709	22468851	22468936	22469008	REC8	NM_001280430.2	+	3	22468851	22468936	84	6
NC_072413.2	22477197	22477653	-3	1	-	NC_072413.2	22477510	22477642	22477312	22477416	IPO4	XM_001168091.8	-	3	22477416	22477510	93	4
NC_072413.2	22483080	22483620	-3	1	-	NC_072413.2	22483465	22483594	22483198	22483377	IPO4	XM_001168091.8	-	3	22483377	22483465	87	4
NC_072413.2	22532988	22533420	1	1	+	NC_072413.2	22533077	22533183	22533352	22533394	GMPR2	XM_001168833.8	+	1	22533183	22533352	168	10
NC_072413.2	22563162	22564131	-3	1	-	NC_072413.2	22563643	22563731	22563433	22563549	RABGGTA	XM_024348680.3	-	3	22563549	22563643	93	3
NC_072413.2	22564137	22564620	-3	1	-	NC_072413.2	22564498	22564599	22564287	22564392	RABGGTA	XM_024348680.3	-	3	22564392	22564498	105	3
NC_072413.2	22564137	22564620	-3	1	-	NC_072413.2	22564287	22564392	22564142	22564193	RABGGTA	XM_024348680.3	-	3	22564193	22564287	93	3
NC_072413.2	22595848	22596826	2	1	+	NC_072413.2	22595885	22596131	22596339	22596782	NOP9	XM_009427596.5	+	2	22596131	22596339	207	2
NC_072413.2	22626653	22627364	-1	1	-	NC_072413.2	22627150	22627298	22626960	22627071	ADCY4	XM_009427599.4	-	1	22627071	22627150	78	6
NC_072413.2	22706807	22707581	3	1	+	NC_072413.2	22706855	22706985	22707133	22707229	NYNRIN	XM_016925935.4	+	3	22706985	22707133	147	1
NC_072413.2	50655054	50655441	-3	1	-	NC_072413.2	50655283	50655369	50655062	50655195	ERO1A	XM_063792912.1	-	3	50655195	50655283	87	2
NC_072413.2	58110435	58111410	1	1	+	NC_072413.2	58110456	58110635	58110729	58111216	PCNX4	XM_009427893.5	+	1	58110635	58110729	93	3
NC_072413.2	58110435	58111410	1	1	+	NC_072413.2	58110460	58110635	58110729	58111216	PCNX4	XM_016926938.4	+	1	58110635	58110729	93	1
NC_072413.2	71219144	71220122	3	1	+	NC_072413.2	71219498	71219558	71219943	71220045	PAPLN	XM_016926350.3	+	3	71219558	71219943	384	5
NC_072413.2	71219144	71220122	3	1	+	NC_072413.2	71219247	71219558	71219943	71220045	PAPLN	XM_054666080.2	+	3	71219558	71219943	384	5
NC_072413.2	71917841	71918342	3	1	+	NC_072413.2	71917962	71918126	71918214	71918321	COQ6	XM_063793674.1	+	3	71918126	71918214	87	8
NC_072413.2	71917841	71918342	3	1	+	NC_072413.2	71917962	71918024	71918214	71918321	COQ6	XM_063793677.1	+	3	71918024	71918214	189	9
NC_072413.2	72240081	72240447	-3	1	-	NC_072413.2	72240280	72240401	72240083	72240174	ABCD4	XM_001156286.7	-	3	72240174	72240280	105	15
NC_072413.2	97539066	97539783	1	1	+	NC_072413.2	97539070	97539217	97539308	97539349	LOC129137007	XM_054666294.2	+	1	97539217	97539308	90	2
NC_072413.2	97539066	97539783	1	1	+	NC_072413.2	97539308	97539349	97539437	97539783	LOC129137007	XM_054666294.2	+	1	97539349	97539437	87	2
NC_072413.2	97539066	97539783	1	1	+	NC_072413.2	97539070	97539349	97539437	97539783	LOC129137007	XM_063793134.1	+	1	97539349	97539437	87	1
NC_072413.2	97727571	97728384	1	1	+	NC_072413.2	97727850	97727916	97728217	97728384	CYP46A1	XM_016926719.3	+	1	97727916	97728217	300	2
NC_072413.2	98299639	98300371	-2	1	-	NC_072413.2	98300176	98300334	98300003	98300046	SLC25A29	XM_009428458.5	-	2	98300046	98300176	129	1
NC_072414.2	32003101	32003665	-2	1	-	NC_072414.2	32003579	32003602	32003362	32003434	SRP14	XM_001140332.7	-	2	32003434	32003579	144	1
NC_072414.2	32233038	32233959	1	1	+	NC_072414.2	32233159	32233656	32233801	32233934	PAK6	XM_009428795.4	+	1	32233656	32233801	144	8
NC_072414.2	32234242	32234854	2	1	+	NC_072414.2	32234281	32234407	32234486	32234611	PAK6	XM_009428795.4	+	2	32234407	32234486	78	8
NC_072414.2	32257406	32257838	-1	1	-	NC_072414.2	32257676	32257838	32257452	32257564	PLCB2	XM_009428798.5	-	1	32257564	32257676	111	9
NC_072414.2	32257406	32257838	-1	1	-	NC_072414.2	32257688	32257838	32257452	32257564	PLCB2	XM_009428799.5	-	1	32257564	32257688	123	3
NC_072414.2	32325976	32326714	2	1	+	NC_072414.2	32326096	32326223	32326578	32326675	DISP2	XM_016927933.4	+	2	32326223	32326578	354	1
NC_072414.2	32343758	32344406	3	1	+	NC_072414.2	32343777	32343985	32344169	32344263	KNSTRN	NM_001251887.2	+	3	32343985	32344169	183	2
NC_072414.2	32368591	32368966	2	1	+	NC_072414.2	32368592	32368681	32368895	32368946	IVD	XM_001143110.7	+	2	32368681	32368895	213	7
NC_072414.2	32368591	32368966	2	1	+	NC_072414.2	32368604	32368681	32368895	32368946	IVD	XM_063794740.1	+	2	32368681	32368895	213	2
NC_072414.2	32741310	32741979	-3	1	-	NC_072414.2	32741803	32741888	32741457	32741553	DNAJC17	XM_001146222.5	-	3	32741553	32741803	249	2
NC_072414.2	32824402	32825020	2	1	+	NC_072414.2	32824437	32824564	32824802	32824940	SPINT1	XM_003314626.6	+	2	32824564	32824802	237	10
NC_072414.2	32844633	32845563	-3	1	-	NC_072414.2	32845236	32845443	32844988	32845046	RHOV	XM_003314628.7	-	3	32845046	32845236	189	1
NC_072414.2	33066074	33066461	-1	1	-	NC_072414.2	33066266	33066435	33066108	33066175	INO80	XM_016927956.4	-	1	33066175	33066266	90	4
NC_072414.2	33444863	33445238	3	1	+	NC_072414.2	33444864	33444985	33445157	33445214	RTF1	XM_001142072.8	+	3	33444985	33445157	171	1
NC_072414.2	33469236	33469677	1	1	+	NC_072414.2	33469252	33469348	33469424	33469640	ITPKA	XM_001149577.6	+	1	33469348	33469424	75	1
NC_072414.2	33785169	33785664	1	1	+	NC_072414.2	33785275	33785386	33785600	33785663	MAPKBP1	XM_016927983.4	+	1	33785386	33785600	213	8
NC_072414.2	33812926	33813994	2	1	+	NC_072414.2	33812976	33813080	33813237	33813416	PLA2G4B	XM_054667420.2	+	2	33813080	33813237	156	9
NC_072414.2	33814149	33814719	1	1	+	NC_072414.2	33814369	33814521	33814681	33814719	PLA2G4B	XM_054667426.2	+	1	33814521	33814681	159	2
NC_072414.2	33822151	33822778	-2	1	-	NC_072414.2	33822489	33822685	33822164	33822368	SPTBN5	XM_063794784.1	-	2	33822368	33822489	120	1
NC_072414.2	33825481	33825952	-2	1	-	NC_072414.2	33825845	33825935	33825557	33825703	SPTBN5	XM_063794784.1	-	2	33825703	33825845	141	1
NC_072414.2	33848774	33849476	-1	1	-	NC_072414.2	33849276	33849476	33848943	33849152	SPTBN5	XM_063794784.1	-	1	33849152	33849276	123	1
NC_072414.2	35123043	35123556	1	1	+	NC_072414.2	35123159	35123283	35123512	35123555	TMEM62	XM_024349172.3	+	1	35123283	35123512	228	2
NC_072414.2	35499028	35507797	2	1	+	NC_072414.2	35499179	35507213	35507355	35507575	MAP1A	XM_003314634.5	+	2	35507213	35507355	141	1
NC_072414.2	35499028	35507797	2	1	+	NC_072414.2	35499029	35507213	35507355	35507575	MAP1A	XM_003314635.5	+	2	35507213	35507355	141	1
NC_072414.2	35753741	35754434	-1	1	-	NC_072414.2	35754213	35754248	35753743	35753855	ELL3	NM_001246499.1	-	1	35753855	35754213	357	2
NC_072414.2	40120971	40121310	1	1	+	NC_072414.2	40120994	40121077	40121171	40121274	SLC24A5	XM_510380.6	+	1	40121077	40121171	93	1
NC_072414.2	55630334	55630607	-1	1	-	NC_072414.2	55630467	55630532	55630335	55630373	HERC1	XM_054667652.2	-	1	55630373	55630467	93	1
NC_072414.2	56805362	56806157	-1	1	-	NC_072414.2	56806019	56806106	56805708	56805853	PIF1	XM_009429331.5	-	1	56805853	56806019	165	7
NC_072414.2	60197533	60198058	-2	1	-	NC_072414.2	60197681	60197812	60197557	60197587	CALML4	XM_003314729.7	-	2	60197587	60197681	93	2
NC_072414.2	64290071	64290917	-1	1	-	NC_072414.2	64290449	64290581	64290212	64290361	CELF6	XM_016927147.3	-	1	64290361	64290449	87	10
NC_072414.2	64290071	64290917	-1	1	-	NC_072414.2	64290449	64290581	64290212	64290358	CELF6	XM_016927148.3	-	1	64290358	64290449	90	4
NC_072414.2	65291258	65292050	-1	1	-	NC_072414.2	65291745	65291891	65291402	65291642	HCN4	XM_016927172.4	-	1	65291642	65291745	102	2
NC_072414.2	65846161	65846965	2	1	+	NC_072414.2	65846375	65846458	65846747	65846965	TBC1D21	XM_009429505.4	+	2	65846458	65846747	288	5
NC_072414.2	66380030	66380795	-1	1	-	NC_072414.2	66380541	66380633	66380255	66380339	SEMA7A	XM_016927189.4	-	1	66380339	66380541	201	4
NC_072414.2	66555283	66556321	2	1	+	NC_072414.2	66555508	66555785	66555912	66556166	ARID3B	XM_054667041.1	+	2	66555785	66555912	126	6
NC_072414.2	67291990	67292425	-2	1	-	NC_072414.2	67292183	67292331	67291992	67292101	MAN2C1	XM_016927210.4	-	2	67292101	67292183	81	8
NC_072414.2	70228295	70228727	3	1	+	NC_072414.2	70228315	70228415	70228515	70228727	DNAJA4	XM_003314802.5	+	3	70228415	70228515	99	4
NC_072414.2	70776880	70777735	-2	1	-	NC_072414.2	70777532	70777615	70777062	70777186	ADAMTS7	XM_024349314.3	-	2	70777186	70777532	345	1
NC_072414.2	7108814	7109408	3	1	+	NC_072414.2	7108815	7108874	7109058	7109138	LOC100613625	XM_024349052.3	+	3	7108874	7109058	183	2
NC_072414.2	7329363	7329837	1	1	+	NC_072414.2	7329364	7329445	7329533	7329704	HERC2	XM_024349055.3	+	1	7329445	7329533	87	12
NC_072414.2	75921790	75922210	2	1	+	NC_072414.2	75921854	75921880	75922037	75922132	AP3B2	XM_009429698.5	+	2	75921880	75922037	156	1
NC_072414.2	75929603	75930425	3	1	+	NC_072414.2	75929661	75929843	75929925	75930208	AP3B2	XM_001159946.4	+	3	75929843	75929925	81	2
NC_072414.2	76730713	76731382	2	1	+	NC_072414.2	76730785	76730953	76731080	76731277	SLC28A1	XM_009429742.3	+	2	76730953	76731080	126	12
NC_072414.2	76740519	76740918	1	1	+	NC_072414.2	76740617	76740715	76740806	76740917	SLC28A1	XM_016927341.2	+	1	76740715	76740806	90	3
NC_072414.2	82676843	82677284	3	1	+	NC_072414.2	82676925	82677023	82677132	82677227	FURIN	XM_009429841.5	+	3	82677023	82677132	108	5
NC_072414.2	82687628	82688039	3	1	+	NC_072414.2	82687629	82687725	82687855	82688038	FES	XM_001169294.6	+	3	82687725	82687855	129	9
NC_072414.2	82735818	82736313	1	1	+	NC_072414.2	82735879	82735929	82736098	82736259	UNC45A	XM_016927439.4	+	1	82735929	82736098	168	1
NC_072414.2	82735818	82736313	1	1	+	NC_072414.2	82735879	82735884	82736098	82736259	UNC45A	XM_016927441.4	+	1	82735884	82736098	213	1
NC_072414.2	82753738	82754236	2	1	+	NC_072414.2	82753798	82753915	82754024	82754179	UNC45A	XM_016927439.4	+	2	82753915	82754024	108	2
NC_072415.2	16208414	16211795	-1	1	-	NC_072415.2	16210995	16211055	16209126	16210598	LOC129137938	XM_063795492.1	-	1	16210598	16210995	396	10
NC_072415.2	16208414	16211795	-1	1	-	NC_072415.2	16210995	16211055	16209390	16210598	LOC129137938	XM_063795503.1	-	1	16210598	16210995	396	4
NC_072415.2	16208414	16211795	-1	1	-	NC_072415.2	16210995	16211015	16209126	16210598	LOC129137938	XM_063795507.1	-	1	16210598	16210995	396	1
NC_072415.2	60351323	60352082	-1	1	-	NC_072415.2	60351873	60351969	60351462	60351614	CXXC1	XM_001154076.7	-	1	60351614	60351873	258	11
NC_072415.2	60352298	60352940	-1	1	-	NC_072415.2	60352503	60352710	60352314	60352424	CXXC1	XM_001154076.7	-	1	60352424	60352503	78	12
NC_072415.2	90486060	90486573	1	1	+	NC_072415.2	90486100	90486208	90486287	90486397	LOC747817	XM_024353696.3	+	1	90486208	90486287	78	1
NC_072416.2	13462764	13463376	-3	1	-	NC_072416.2	13463224	13463232	13462847	13462926	TVP23A	XM_009430282.5	-	3	13462926	13463224	297	5
NC_072416.2	13544194	13544890	2	1	+	NC_072416.2	13544234	13544360	13544601	13544696	CIITA	XM_009430288.5	+	2	13544360	13544601	240	9
NC_072416.2	13544194	13544890	2	1	+	NC_072416.2	13544214	13544360	13544601	13544696	CIITA	XM_009430298.5	+	2	13544360	13544601	240	22
NC_072416.2	14163883	14164975	-2	1	-	NC_072416.2	14164562	14164727	14164349	14164483	LOC101056957	XM_016929426.3	-	2	14164483	14164562	78	3
NC_072416.2	18057805	18058663	-2	1	-	NC_072416.2	18058271	18058402	18057974	18058180	MYH11	XM_055078621.2	-	2	18058180	18058271	90	4
NC_072416.2	18329618	18330704	-1	1	-	NC_072416.2	18330497	18330641	18329619	18329884	LOC107973146	XM_054668899.2	-	1	18329884	18330497	612	2
NC_072416.2	2379967	2380405	-2	1	-	NC_072416.2	2380250	2380325	2380080	2380180	RHBDF1	XM_054668081.2	-	2	2380180	2380250	69	5
NC_072416.2	2383517	2384171	-1	1	-	NC_072416.2	2383809	2384018	2383611	2383733	RHBDF1	XM_054668081.2	-	1	2383733	2383809	75	5
NC_072416.2	2481724	2482801	2	1	+	NC_072416.2	2482285	2482489	2482676	2482801	HBZ	XM_024349574.3	+	2	2482489	2482676	186	1
NC_072416.2	2494196	2494772	3	1	+	NC_072416.2	2494331	2494535	2494647	2494772	HBM	XM_003314885.6	+	3	2494535	2494647	111	1
NC_072416.2	2512495	2513089	2	1	+	NC_072416.2	2512609	2512813	2512964	2513089	LOC129137268	XM_054668109.2	+	2	2512813	2512964	150	1
NC_072416.2	26145735	26146425	-3	1	-	NC_072416.2	26145979	26146132	26145737	26145867	EARS2	XM_001162700.7	-	3	26145867	26145979	111	4
NC_072416.2	2624002	2624470	2	1	+	NC_072416.2	2624003	2624128	2624237	2624434	PDIA2	XM_024349600.3	+	2	2624128	2624237	108	6
NC_072416.2	2721401	2722010	-1	1	-	NC_072416.2	2721771	2721949	2721555	2721701	PGAP6	XM_016928999.4	-	1	2721701	2721771	69	4
NC_072416.2	2876571	2877135	1	1	+	NC_072416.2	2876758	2876898	2877025	2877135	RAB11FIP3	XM_024349621.2	+	1	2876898	2877025	126	5
NC_072416.2	2939807	2940362	3	1	+	NC_072416.2	2939923	2940076	2940221	2940332	PIGQ	XM_016929015.4	+	3	2940076	2940221	144	3
NC_072416.2	2950512	2951136	1	1	+	NC_072416.2	2950564	2950643	2950785	2950957	RAB40C	XM_024349654.2	+	1	2950643	2950785	141	1
NC_072416.2	3001656	3002226	1	1	+	NC_072416.2	3001963	3002014	3002096	3002225	MCRIP2	NM_001251932.3	+	1	3002014	3002096	81	2
NC_072416.2	3009355	3010024	2	1	+	NC_072416.2	3009380	3009389	3009726	3009817	WDR90	XM_016929026.4	+	2	3009389	3009726	336	26
NC_072416.2	3015118	3016024	2	1	+	NC_072416.2	3015550	3015680	3015750	3015866	WDR90	XM_016929026.4	+	2	3015680	3015750	69	26
NC_072416.2	3030093	3030537	1	1	+	NC_072416.2	3030184	3030285	3030403	3030501	RHOT2	XM_016929045.4	+	1	3030285	3030403	117	23
NC_072416.2	3031291	3031651	2	1	+	NC_072416.2	3031345	3031429	3031508	3031650	RHOT2	XM_016929045.4	+	2	3031429	3031508	78	24
NC_072416.2	3031885	3032359	2	1	+	NC_072416.2	3031905	3032035	3032141	3032218	RHOT2	XM_016929045.4	+	2	3032035	3032141	105	24
NC_072416.2	3032336	3033038	3	1	+	NC_072416.2	3032355	3032477	3032580	3032782	RHOT2	XM_016929045.4	+	3	3032477	3032580	102	24
NC_072416.2	3040971	3041616	1	1	+	NC_072416.2	3040988	3041153	3041346	3041433	STUB1	XM_009430024.5	+	1	3041153	3041346	192	2
NC_072416.2	3042688	3043072	-2	1	-	NC_072416.2	3042880	3042999	3042725	3042792	JMJD8	XM_016929070.4	-	2	3042792	3042880	87	5
NC_072416.2	3044442	3045423	-3	1	-	NC_072416.2	3045261	3045365	3044839	3045179	WDR24	XM_016929065.4	-	3	3045179	3045261	81	1
NC_072416.2	3044442	3045423	-3	1	-	NC_072416.2	3044839	3045179	3044573	3044757	WDR24	XM_016929065.4	-	3	3044757	3044839	81	1
NC_072416.2	3085060	3085597	-2	1	-	NC_072416.2	3085535	3085594	3085193	3085312	CCDC78	XM_016929089.4	-	2	3085312	3085535	222	4
NC_072416.2	31008111	31008489	-3	1	-	NC_072416.2	31008288	31008450	31008112	31008191	LOC454016	NM_001302417.1	-	3	31008191	31008288	96	1
NC_072416.2	31052216	31055573	3	1	+	NC_072416.2	31052217	31055219	31055304	31055572	LOC129137417	XM_054669116.2	+	3	31055219	31055304	84	1
NC_072416.2	31145118	31145496	-3	1	-	NC_072416.2	31145295	31145457	31145119	31145198	LOC129135256	XM_054669117.2	-	3	31145198	31145295	96	2
NC_072416.2	3157185	3157875	-3	1	-	NC_072416.2	3157678	3157801	3157401	3157503	RPUSD1	XM_510721.6	-	3	3157503	3157678	174	1
NC_072416.2	3167425	3168019	2	1	+	NC_072416.2	3167587	3167731	3167831	3167962	CHTF18	XM_024349677.3	+	2	3167731	3167831	99	5
NC_072416.2	31731364	31731895	2	1	+	NC_072416.2	31731504	31731676	31731761	31731859	IL27	XM_024349479.2	+	2	31731676	31731761	84	1
NC_072416.2	31737200	31740557	-1	1	-	NC_072416.2	31737555	31740557	31737202	31737470	LOC743592	XM_054669125.2	-	1	31737470	31737555	84	1
NC_072416.2	31940012	31940390	3	1	+	NC_072416.2	31940052	31940214	31940311	31940390	LOC738352	XM_054669203.2	+	3	31940214	31940311	96	1
NC_072416.2	32012184	32012697	-3	1	-	NC_072416.2	32012551	32012608	32012224	32012439	CORO1A	XM_001150433.6	-	3	32012439	32012551	111	1
NC_072416.2	32369418	32369772	-3	1	-	NC_072416.2	32369649	32369772	32369439	32369570	MVP	XM_016928746.3	-	3	32369570	32369649	78	5
NC_072416.2	33178315	33178936	-2	1	-	NC_072416.2	33178784	33178869	33178539	33178672	ATP2A1	XM_016928740.3	-	2	33178672	33178784	111	1
NC_072416.2	33246977	33247808	-1	1	-	NC_072416.2	33247463	33247535	33247185	33247372	ATXN2L	XM_016928705.4	-	1	33247372	33247463	90	50
NC_072416.2	33386421	33386799	-3	1	-	NC_072416.2	33386598	33386760	33386422	33386501	LOC129137434	XM_054669218.2	-	3	33386501	33386598	96	2
NC_072416.2	33456538	33456991	2	1	+	NC_072416.2	33456539	33456683	33456813	33456922	NFATC2IP	XM_001146533.8	+	2	33456683	33456813	129	1
NC_072416.2	33484368	33484569	1	1	+	NC_072416.2	33484394	33484423	33484511	33484568	SPNS1	XM_009440830.5	+	1	33484423	33484511	87	2
NC_072416.2	33487610	33487859	3	1	+	NC_072416.2	33487624	33487689	33487783	33487859	SPNS1	XM_009440830.5	+	3	33487689	33487783	93	2
NC_072416.2	34377257	34378106	-1	1	-	NC_072416.2	34377867	34378024	34377335	34377767	CD2BP2	XM_016928789.4	-	1	34377767	34377867	99	1
NC_072416.2	34401558	34401867	1	1	+	NC_072416.2	34401624	34401672	34401766	34401867	MYL11	XM_016928813.2	+	1	34401672	34401766	93	1
NC_072416.2	34637615	34638422	-1	1	-	NC_072416.2	34637936	34638140	34637624	34637737	ZNF689	XM_003315063.5	-	1	34637737	34637936	198	1
NC_072416.2	34738293	34738995	1	1	+	NC_072416.2	34738373	34738546	34738637	34738959	SRCAP	XM_009430669.4	+	1	34738546	34738637	90	8
NC_072416.2	34928974	34929652	2	1	+	NC_072416.2	34929032	34929091	34929194	34929652	CTF1	XM_016929719.4	+	2	34929091	34929194	102	1
NC_072416.2	35007536	35008022	3	1	+	NC_072416.2	35007547	35007719	35007801	35007911	SETD1A	XM_001155055.7	+	3	35007719	35007801	81	6
NC_072416.2	35013503	35014211	3	1	+	NC_072416.2	35013671	35013770	35013906	35014068	HSD3B7	XM_001155219.7	+	3	35013770	35013906	135	5
NC_072416.2	35061662	35061995	3	1	+	NC_072416.2	35061678	35061779	35061891	35061990	STX4	XM_054669326.2	+	3	35061779	35061891	111	2
NC_072416.2	35146593	35147043	1	1	+	NC_072416.2	35146610	35146684	35146763	35146938	KAT8	XM_016929746.4	+	1	35146684	35146763	78	2
NC_072416.2	35399627	35399981	3	1	+	NC_072416.2	35399688	35399819	35399907	35399980	ITGAX	XM_016929753.3	+	3	35399819	35399907	87	3
NC_072416.2	35404103	35404385	3	1	+	NC_072416.2	35404104	35404220	35404305	35404384	ITGAX	XM_016929753.3	+	3	35404220	35404305	84	3
NC_072416.2	35409365	35409851	3	1	+	NC_072416.2	35409513	35409620	35409738	35409821	ITGAX	XM_016929753.3	+	3	35409620	35409738	117	2
NC_072416.2	35452460	35453036	3	1	+	NC_072416.2	35452530	35452637	35452749	35452826	ITGAD	XM_016929755.4	+	3	35452637	35452749	111	1
NC_072416.2	3591095	3591674	3	1	+	NC_072416.2	3591206	3591323	3591480	3591635	CACNA1H	XM_016929120.2	+	3	3591323	3591480	156	11
NC_072416.2	3594675	3595215	1	1	+	NC_072416.2	3594778	3594846	3594982	3595166	CACNA1H	XM_016929120.2	+	1	3594846	3594982	135	11
NC_072416.2	3595330	3595888	2	1	+	NC_072416.2	3595363	3595489	3595676	3595801	CACNA1H	XM_016929120.2	+	2	3595489	3595676	186	11
NC_072416.2	3609067	3609640	-2	1	-	NC_072416.2	3609473	3609618	3609068	3609373	TPSG1	XM_016929121.3	-	2	3609373	3609473	99	1
NC_072416.2	3616878	3617304	-3	1	-	NC_072416.2	3617205	3617265	3616880	3617051	TPSB2	NM_001135658.1	-	3	3617051	3617205	153	2
NC_072416.2	3616878	3617304	-3	1	-	NC_072416.2	3617205	3617286	3616880	3617051	TPSB2	XM_016928488.3	-	3	3617051	3617205	153	1
NC_072416.2	3627884	3628310	3	1	+	NC_072416.2	3627903	3627984	3628138	3628309	LOC468084	XM_024349701.1	+	3	3627984	3628138	153	2
NC_072416.2	3627884	3628310	3	1	+	NC_072416.2	3627924	3627984	3628138	3628309	LOC468084	XM_024349702.3	+	3	3627984	3628138	153	1
NC_072416.2	3731399	3731849	3	1	+	NC_072416.2	3731417	3731504	3731628	3731759	BAIAP3	XM_024349703.3	+	3	3731504	3731628	123	1
NC_072416.2	3731399	3731849	3	1	+	NC_072416.2	3731417	3731504	3731679	3731759	BAIAP3	XM_024349704.3	+	3	3731504	3731679	174	2
NC_072416.2	3733072	3733507	2	1	+	NC_072416.2	3733157	3733216	3733364	3733430	BAIAP3	XM_024349703.3	+	2	3733216	3733364	147	3
NC_072416.2	3734743	3735091	2	1	+	NC_072416.2	3734762	3734869	3734954	3735049	BAIAP3	XM_024349703.3	+	2	3734869	3734954	84	3
NC_072416.2	3736345	3736870	2	1	+	NC_072416.2	3736513	3736603	3736754	3736810	BAIAP3	XM_024349703.3	+	2	3736603	3736754	150	3
NC_072416.2	3736873	3737197	2	1	+	NC_072416.2	3736886	3736983	3737083	3737134	BAIAP3	XM_024349703.3	+	2	3736983	3737083	99	3
NC_072416.2	3739778	3740297	3	1	+	NC_072416.2	3739824	3739904	3739980	3740100	BAIAP3	XM_024349703.3	+	3	3739904	3739980	75	3
NC_072416.2	3739778	3740297	3	1	+	NC_072416.2	3739980	3740100	3740173	3740296	BAIAP3	XM_024349703.3	+	3	3740100	3740173	72	3
NC_072416.2	3744197	3744431	3	1	+	NC_072416.2	3744237	3744288	3744373	3744430	GNPTG	XM_001159025.5	+	3	3744288	3744373	84	1
NC_072416.2	3756038	3756302	3	1	+	NC_072416.2	3756039	3756120	3756211	3756302	GNPTG	XM_001159025.5	+	3	3756120	3756211	90	1
NC_072416.2	3830502	3831084	-3	1	-	NC_072416.2	3830842	3830943	3830632	3830760	CCDC154	XM_016929145.4	-	3	3830760	3830842	81	3
NC_072416.2	3838418	3838928	-1	1	-	NC_072416.2	3838791	3838871	3838419	3838502	CLCN7	XM_001159424.8	-	1	3838502	3838791	288	7
NC_072416.2	3839136	3839622	-3	1	-	NC_072416.2	3839440	3839499	3839176	3839352	CLCN7	XM_001159424.8	-	3	3839352	3839440	87	7
NC_072416.2	3849242	3849638	-1	1	-	NC_072416.2	3849489	3849551	3849249	3849332	CLCN7	XM_001159424.8	-	1	3849332	3849489	156	7
NC_072416.2	3894265	3894991	2	1	+	NC_072416.2	3894535	3894623	3894801	3894892	TELO2	XM_016929169.4	+	2	3894623	3894801	177	2
NC_072416.2	4162595	4163336	3	1	+	NC_072416.2	4162688	4162755	4162933	4163081	MAPK8IP3	XM_016929174.4	+	3	4162755	4162933	177	14
NC_072416.2	4163572	4163986	2	1	+	NC_072416.2	4163589	4163702	4163853	4163891	MAPK8IP3	XM_016929174.4	+	2	4163702	4163853	150	14
NC_072416.2	4166515	4166881	-2	1	-	NC_072416.2	4166635	4166747	4166516	4166520	NME3	XM_063796455.1	-	2	4166520	4166635	114	1
NC_072416.2	4167978	4168425	-3	1	-	NC_072416.2	4168359	4168401	4167979	4168268	MRPS34	XM_001160122.7	-	3	4168268	4168359	90	1
NC_072416.2	4167978	4168425	-3	1	-	NC_072416.2	4168359	4168401	4167979	4168289	MRPS34	XM_009430072.3	-	3	4168289	4168359	69	1
NC_072416.2	4291471	4294510	-2	1	-	NC_072416.2	4294370	4294405	4291472	4294294	LOC112205920	XM_054668663.2	-	2	4294294	4294370	75	13
NC_072416.2	4291471	4294510	-2	1	-	NC_072416.2	4294370	4294405	4292197	4294294	LOC112205920	XM_054668673.2	-	2	4294294	4294370	75	1
NC_072416.2	4291471	4294510	-2	1	-	NC_072416.2	4292197	4294294	4291472	4291608	LOC112205920	XM_054668673.2	-	2	4291608	4292197	588	1
NC_072416.2	4291471	4294510	-2	1	-	NC_072416.2	4294370	4294405	4292981	4294294	LOC112205920	XM_054668674.2	-	2	4294294	4294370	75	1
NC_072416.2	4291471	4294510	-2	1	-	NC_072416.2	4294370	4294405	4293308	4294294	LOC112205920	XM_054668675.2	-	2	4294294	4294370	75	1
NC_072416.2	4349089	4353472	2	1	+	NC_072416.2	4349409	4353028	4353248	4353397	PKD1	XM_054668686.2	+	2	4353028	4353248	219	8
NC_072416.2	4357241	4358912	3	1	+	NC_072416.2	4357305	4357449	4358227	4358847	PKD1	XM_054668686.2	+	3	4357449	4358227	777	8
NC_072416.2	4367790	4368516	1	1	+	NC_072416.2	4367825	4368027	4368100	4368294	PKD1	XM_054668686.2	+	1	4368027	4368100	72	8
NC_072416.2	4370782	4371628	2	1	+	NC_072416.2	4370798	4371088	4371164	4371298	PKD1	XM_054668686.2	+	2	4371088	4371164	75	8
NC_072416.2	4371332	4372247	3	1	+	NC_072416.2	4371387	4371692	4371783	4372247	PKD1	XM_054668686.2	+	3	4371692	4371783	90	8
NC_072416.2	4373361	4374081	-3	1	-	NC_072416.2	4373830	4373921	4373644	4373742	TSC2	XM_024350033.3	-	3	4373742	4373830	87	15
NC_072416.2	4373361	4374081	-3	1	-	NC_072416.2	4373644	4373742	4373362	4373523	TSC2	XM_024350033.3	-	3	4373523	4373644	120	15
NC_072416.2	4484325	4484724	-3	1	-	NC_072416.2	4484556	4484659	4484397	4484468	TBL3	XM_009430081.5	-	3	4484468	4484556	87	1
NC_072416.2	4487501	4488242	-1	1	-	NC_072416.2	4488195	4488242	4487939	4488080	TBL3	XM_009430081.5	-	1	4488080	4488195	114	1
NC_072416.2	4790178	4790598	1	1	+	NC_072416.2	4790203	4790334	4790419	4790538	TRAF7	XM_001162318.6	+	1	4790334	4790419	84	4
NC_072416.2	4793664	4796061	-3	1	-	NC_072416.2	4795923	4796061	4793694	4795700	CASKIN1	XM_016928623.3	-	3	4795700	4795923	222	2
NC_072416.2	4798868	4799441	-1	1	-	NC_072416.2	4799250	4799338	4799090	4799174	CASKIN1	XM_016928623.3	-	1	4799174	4799250	75	2
NC_072416.2	4800541	4801450	-2	1	-	NC_072416.2	4801306	4801414	4801118	4801212	CASKIN1	XM_016928623.3	-	2	4801212	4801306	93	2
NC_072416.2	4800541	4801450	-2	1	-	NC_072416.2	4801118	4801212	4800847	4800964	CASKIN1	XM_016928623.3	-	2	4800964	4801118	153	2
NC_072416.2	4803001	4803835	-2	1	-	NC_072416.2	4803572	4803717	4803377	4803472	CASKIN1	XM_016928623.3	-	2	4803472	4803572	99	2
NC_072416.2	4820970	4821678	1	1	+	NC_072416.2	4821216	4821291	4821373	4821525	MLST8	XM_016928646.3	+	1	4821291	4821373	81	5
NC_072416.2	4845876	4846785	1	1	+	NC_072416.2	4845890	4846042	4846145	4846317	E4F1	XM_016928628.3	+	1	4846042	4846145	102	10
NC_072416.2	4894588	4895200	-2	1	-	NC_072416.2	4894973	4895101	4894619	4894813	ABCA3	XM_016928621.4	-	2	4894813	4894973	159	3
NC_072416.2	4939359	4939878	-3	1	-	NC_072416.2	4939795	4939848	4939392	4939656	ABCA3	XM_016928621.4	-	3	4939656	4939795	138	2
NC_072416.2	5140227	5140779	1	1	+	NC_072416.2	5140298	5140386	5140474	5140618	AMDHD2	XM_001163691.8	+	1	5140386	5140474	87	3
NC_072416.2	5431483	5432479	2	1	+	NC_072416.2	5431629	5431794	5431957	5432240	PRSS41	XM_024350083.3	+	2	5431794	5431957	162	2
NC_072416.2	54981864	54982326	1	1	+	NC_072416.2	54981989	54982074	54982255	54982326	CETP	XM_016929890.3	+	1	54982074	54982255	180	2
NC_072416.2	55473702	55474527	-3	1	-	NC_072416.2	55474011	55474130	55473704	55473893	DOK4	XM_009430869.4	-	3	55473893	55474011	117	13
NC_072416.2	55773089	55773833	-1	1	-	NC_072416.2	55773522	55773665	55773177	55773416	KIFC3	XM_016929904.4	-	1	55773416	55773522	105	23
NC_072416.2	55773089	55773833	-1	1	-	NC_072416.2	55773522	55773629	55773177	55773416	KIFC3	XM_016929929.3	-	1	55773416	55773522	105	9
NC_072416.2	5640704	5641499	-1	1	-	NC_072416.2	5641283	5641389	5640978	5641150	PKMYT1	NM_001280337.1	-	1	5641150	5641283	132	3
NC_072416.2	5640704	5641499	-1	1	-	NC_072416.2	5640978	5641150	5640733	5640890	PKMYT1	NM_001280337.1	-	1	5640890	5640978	87	3
NC_072416.2	5654828	5655584	3	1	+	NC_072416.2	5654982	5655045	5655295	5655327	GREP1	XM_054668135.1	+	3	5655045	5655295	249	1
NC_072416.2	5656523	5657126	3	1	+	NC_072416.2	5656669	5656701	5656780	5656815	GREP1	XM_054668135.1	+	3	5656701	5656780	78	1
NC_072416.2	5657487	5658237	1	1	+	NC_072416.2	5657741	5657809	5658071	5658130	GREP1	XM_054668135.1	+	1	5657809	5658071	261	1
NC_072416.2	5658846	5659737	1	1	+	NC_072416.2	5659466	5659495	5659592	5659624	GREP1	XM_054668135.1	+	1	5659495	5659592	96	1
NC_072416.2	5661347	5661548	3	1	+	NC_072416.2	5661367	5661396	5661475	5661507	GREP1	XM_054668135.1	+	3	5661396	5661475	78	1
NC_072416.2	5662195	5662969	2	1	+	NC_072416.2	5662287	5662322	5662407	5662439	GREP1	XM_054668135.1	+	2	5662322	5662407	84	1
NC_072416.2	5664923	5665385	3	1	+	NC_072416.2	5665021	5665053	5665159	5665188	GREP1	XM_054668135.1	+	3	5665053	5665159	105	1
NC_072416.2	5688271	5688559	2	1	+	NC_072416.2	5688291	5688425	5688507	5688559	TNFRSF12A	XM_001165479.6	+	2	5688425	5688507	81	1
NC_072416.2	65178680	65179262	3	1	+	NC_072416.2	65178701	65178780	65179072	65179166	PHAF1	XM_016930005.4	+	3	65178780	65179072	291	5
NC_072416.2	65211795	65212521	1	1	+	NC_072416.2	65211971	65212098	65212198	65212322	HSF4	XM_001161177.6	+	1	65212098	65212198	99	2
NC_072416.2	65244003	65244369	1	1	+	NC_072416.2	65244116	65244160	65244257	65244369	E2F4	XM_016930023.4	+	1	65244160	65244257	96	1
NC_072416.2	65247532	65247976	2	1	+	NC_072416.2	65247629	65247679	65247764	65247886	ELMO3	XM_001162282.7	+	2	65247679	65247764	84	1
NC_072416.2	65249207	65250107	3	1	+	NC_072416.2	65249560	65249642	65249730	65249816	ELMO3	XM_001162282.7	+	3	65249642	65249730	87	1
NC_072416.2	65249207	65250107	3	1	+	NC_072416.2	65249730	65249816	65249898	65250107	ELMO3	XM_001162282.7	+	3	65249816	65249898	81	1
NC_072416.2	65275928	65276462	-1	1	-	NC_072416.2	65276207	65276369	65275934	65276131	FHOD1	XM_016930025.4	-	1	65276131	65276207	75	5
NC_072416.2	65283469	65284039	-2	1	-	NC_072416.2	65283784	65283895	65283602	65283696	FHOD1	XM_016930025.4	-	2	65283696	65283784	87	5
NC_072416.2	65326464	65326878	1	1	+	NC_072416.2	65326517	65326612	65326688	65326811	PLEKHG4	XM_054669417.2	+	1	65326612	65326688	75	2
NC_072416.2	65327542	65328169	2	1	+	NC_072416.2	65327543	65327656	65327828	65327926	PLEKHG4	XM_054669415.2	+	2	65327656	65327828	171	4
NC_072416.2	65327542	65328169	2	1	+	NC_072416.2	65327828	65327926	65328020	65328168	PLEKHG4	XM_054669415.2	+	2	65327926	65328020	93	4
NC_072416.2	65332091	65332568	3	1	+	NC_072416.2	65332092	65332181	65332263	65332484	PLEKHG4	XM_054669415.2	+	3	65332181	65332263	81	4
NC_072416.2	65332551	65333049	1	1	+	NC_072416.2	65332567	65332737	65332819	65332996	PLEKHG4	XM_054669415.2	+	1	65332737	65332819	81	4
NC_072416.2	65334268	65334610	2	1	+	NC_072416.2	65334294	65334409	65334608	65334610	PLEKHG4	XM_054669415.2	+	2	65334409	65334608	198	4
NC_072416.2	65440141	65440669	-2	1	-	NC_072416.2	65440531	65440591	65440142	65440422	ZDHHC1	XM_009431040.5	-	2	65440422	65440531	108	6
NC_072416.2	65440141	65440669	-2	1	-	NC_072416.2	65440531	65440611	65440142	65440422	ZDHHC1	XM_016930055.4	-	2	65440422	65440531	108	2
NC_072416.2	65440197	65440899	-3	1	-	NC_072416.2	65440531	65440750	65440198	65440422	ZDHHC1	XM_001163395.8	-	3	65440422	65440531	108	2
NC_072416.2	65440197	65440899	-3	1	-	NC_072416.2	65440531	65440611	65440198	65440422	ZDHHC1	XM_016930054.4	-	3	65440422	65440531	108	1
NC_072416.2	65484313	65484877	-2	1	-	NC_072416.2	65484746	65484823	65484443	65484619	ATP6V0D1	XM_016930056.3	-	2	65484619	65484746	126	1
NC_072416.2	65584430	65584667	3	1	+	NC_072416.2	65584461	65584524	65584621	65584664	RIPOR1	XM_003315177.7	+	3	65584524	65584621	96	7
NC_072416.2	65585698	65587486	2	1	+	NC_072416.2	65585812	65585941	65586026	65587465	RIPOR1	XM_003315177.7	+	2	65585941	65586026	84	7
NC_072416.2	65692230	65693106	1	1	+	NC_072416.2	65692698	65692767	65692906	65692987	CARMIL2	XM_016928867.4	+	1	65692767	65692906	138	6
NC_072416.2	65696023	65696590	2	1	+	NC_072416.2	65696210	65696350	65696483	65696549	CARMIL2	XM_016928867.4	+	2	65696350	65696483	132	6
NC_072416.2	65919938	65920673	3	1	+	NC_072416.2	65920036	65920225	65920328	65920475	EDC4	XM_003315152.6	+	3	65920225	65920328	102	4
NC_072416.2	65919938	65920673	3	1	+	NC_072416.2	65920328	65920475	65920560	65920664	EDC4	XM_003315152.6	+	3	65920475	65920560	84	4
NC_072416.2	65921739	65922129	1	1	+	NC_072416.2	65921776	65921956	65922056	65922128	EDC4	XM_003315152.6	+	1	65921956	65922056	99	4
NC_072416.2	65922374	65922791	3	1	+	NC_072416.2	65922406	65922593	65922669	65922790	EDC4	XM_003315152.6	+	3	65922593	65922669	75	4
NC_072416.2	65923841	65924237	3	1	+	NC_072416.2	65923895	65923999	65924084	65924236	EDC4	XM_003315152.6	+	3	65923999	65924084	84	4
NC_072416.2	65924483	65925152	3	1	+	NC_072416.2	65924487	65924664	65924773	65924928	EDC4	XM_003315152.6	+	3	65924664	65924773	108	2
NC_072416.2	65924483	65925152	3	1	+	NC_072416.2	65924773	65924928	65925031	65925146	EDC4	XM_003315152.6	+	3	65924928	65925031	102	2
NC_072416.2	65924483	65925152	3	1	+	NC_072416.2	65924487	65924928	65925031	65925146	EDC4	XM_009431069.4	+	3	65924928	65925031	102	2
NC_072416.2	65925241	65925793	2	1	+	NC_072416.2	65925248	65925413	65925498	65925684	EDC4	XM_003315152.6	+	2	65925413	65925498	84	4
NC_072416.2	65987381	65987960	-1	1	-	NC_072416.2	65987778	65987885	65987383	65987567	SLC12A4	XM_016928887.3	-	1	65987567	65987778	210	7
NC_072416.2	67722139	67722556	2	1	+	NC_072416.2	67722183	67722317	67722444	67722496	NFAT5	XM_016930083.4	+	2	67722317	67722444	126	22
NC_072416.2	70547006	70547690	-1	1	-	NC_072416.2	70547369	70547577	70547118	70547272	DHX38	XM_009431219.4	-	1	70547272	70547369	96	2
NC_072416.2	72020113	72020728	2	1	+	NC_072416.2	72020135	72020311	72020468	72020633	MTSS2	XM_016930113.4	+	2	72020311	72020468	156	4
NC_072416.2	7258024	7259110	-2	1	-	NC_072416.2	7258883	7258945	7258025	7258372	UBALD1	XM_001169127.7	-	2	7258372	7258883	510	1
NC_072416.2	73221003	73221378	-3	1	-	NC_072416.2	73221237	73221327	73221005	73221116	LDHD	XM_001139010.7	-	3	73221116	73221237	120	1
NC_072416.2	7442998	7443364	2	1	+	NC_072416.2	7443084	7443184	7443326	7443364	SMIM22	XM_009430233.4	+	2	7443184	7443326	141	3
NC_072416.2	7442998	7443364	2	1	+	NC_072416.2	7443084	7443169	7443326	7443364	SMIM22	XM_054668141.2	+	2	7443169	7443326	156	1
NC_072416.2	75340539	75341094	1	1	+	NC_072416.2	75340740	75340812	75341023	75341094	SYCE1L	XM_016930214.4	+	1	75340812	75341023	210	3
NC_072416.2	7546087	7546774	-2	1	-	NC_072416.2	7546529	7546690	7546319	7546426	PPL	XM_016929355.4	-	2	7546426	7546529	102	1
NC_072416.2	7645611	7646007	1	1	+	NC_072416.2	7645706	7645794	7645906	7645976	SEC14L5	XM_016929366.3	+	1	7645794	7645906	111	1
NC_072416.2	82346089	82346566	-2	1	-	NC_072416.2	82346407	82346488	82346120	82346217	TAF1C	XM_009431307.5	-	2	82346217	82346407	189	10
NC_072416.2	82346089	82346566	-2	1	-	NC_072416.2	82346407	82346425	82346120	82346217	TAF1C	XM_009431315.5	-	2	82346217	82346407	189	5
NC_072416.2	82346089	82346566	-2	1	-	NC_072416.2	82346407	82346563	82346120	82346217	TAF1C	XM_016930268.4	-	2	82346217	82346407	189	5
NC_072416.2	82603155	82603641	1	1	+	NC_072416.2	82603254	82603378	82603517	82603614	ATP2C2	XM_003315215.6	+	1	82603378	82603517	138	4
NC_072416.2	86896164	86896482	1	1	+	NC_072416.2	86896282	86896340	86896416	86896482	CTU2	XM_001137658.7	+	1	86896340	86896416	75	1
NC_072416.2	86897588	86898044	-1	1	-	NC_072416.2	86897788	86897960	86897590	86897712	PIEZO1	XM_016930377.4	-	1	86897712	86897788	75	2
NC_072416.2	86901038	86901542	-1	1	-	NC_072416.2	86901307	86901521	86901040	86901198	PIEZO1	XM_016930377.4	-	1	86901198	86901307	108	2
NC_072416.2	86914431	86915121	-3	1	-	NC_072416.2	86914832	86915014	86914446	86914576	PIEZO1	XM_016930377.4	-	3	86914576	86914832	255	2
NC_072416.2	86918236	86918950	-2	1	-	NC_072416.2	86918555	86918641	86918386	86918473	PIEZO1	XM_016930377.4	-	2	86918473	86918555	81	2
NC_072416.2	86922870	86923362	-3	1	-	NC_072416.2	86923119	86923241	86922872	86922914	PIEZO1	XM_016930377.4	-	3	86922914	86923119	204	2
NC_072416.2	87047678	87048413	-1	1	-	NC_072416.2	87047893	87047999	87047709	87047796	PABPN1L	XM_063797492.1	-	1	87047796	87047893	96	1
NC_072416.2	87127662	87129243	1	1	+	NC_072416.2	87128082	87128324	87128535	87128635	LOC134808792	XM_063797573.1	+	1	87128324	87128535	210	1
NC_072416.2	87471792	87472200	-3	1	-	NC_072416.2	87472102	87472200	87471820	87471963	ANKRD11	XM_024349500.3	-	3	87471963	87472102	138	40
NC_072416.2	87846573	87847152	1	1	+	NC_072416.2	87846664	87846840	87846928	87847012	DPEP1	XM_024349550.3	+	1	87846840	87846928	87	6
NC_072416.2	87927340	87927751	-2	1	-	NC_072416.2	87927610	87927702	87927342	87927504	VPS9D1	XM_016930428.4	-	2	87927504	87927610	105	9
NC_072416.2	87927340	87927751	-2	1	-	NC_072416.2	87927610	87927699	87927342	87927504	VPS9D1	XM_016930430.4	-	2	87927504	87927610	105	5
NC_072417.2	11950217	11951477	-3	1	-	NC_072417.2	11951191	11951304	11951039	11951115	MYO1C	XM_016931125.4	-	3	11951115	11951191	75	12
NC_072417.2	11950217	11951477	-3	1	-	NC_072417.2	11951039	11951115	11950589	11950657	MYO1C	XM_016931125.4	-	3	11950657	11951039	381	12
NC_072417.2	12132886	12133525	-1	1	-	NC_072417.2	12133246	12133339	12133034	12133140	RILP	XM_016931144.4	-	1	12133140	12133246	105	2
NC_072417.2	12132886	12133525	-1	1	-	NC_072417.2	12133246	12133333	12133034	12133140	RILP	XM_016931146.4	-	1	12133140	12133246	105	1
NC_072417.2	12229083	12230400	1	1	+	NC_072417.2	12229474	12229512	12229633	12229695	SERPINF2	XM_016931152.4	+	1	12229512	12229633	120	3
NC_072417.2	12229083	12230400	1	1	+	NC_072417.2	12229633	12229695	12230008	12230209	SERPINF2	XM_016931152.4	+	1	12229695	12230008	312	3
NC_072417.2	13186404	13186713	-2	1	-	NC_072417.2	13186558	13186692	13186406	13186479	CLUH	XM_024350169.3	-	2	13186479	13186558	78	5
NC_072417.2	13189907	13190426	-3	1	-	NC_072417.2	13190142	13190294	13189986	13190048	CLUH	XM_024350169.3	-	3	13190048	13190142	93	5
NC_072417.2	13191217	13191967	-1	1	-	NC_072417.2	13191511	13191734	13191226	13191330	CLUH	XM_024350169.3	-	1	13191330	13191511	180	2
NC_072417.2	13191217	13191967	-1	1	-	NC_072417.2	13191511	13191734	13191226	13191327	CLUH	XM_024350170.3	-	1	13191327	13191511	183	3
NC_072417.2	14248690	14249119	-1	1	-	NC_072417.2	14248949	14249012	14248763	14248870	ITGAE	XM_009431609.5	-	1	14248870	14248949	78	1
NC_072417.2	14414735	14415035	-3	1	-	NC_072417.2	14414928	14415029	14414736	14414798	P2RX1	XM_009431590.5	-	3	14414798	14414928	129	2
NC_072417.2	14459387	14460614	-3	1	-	NC_072417.2	14460327	14460545	14459442	14459777	ATP2A3	XM_016931231.4	-	3	14459777	14460327	549	6
NC_072417.2	14470033	14470765	-1	1	-	NC_072417.2	14470454	14470558	14470126	14470264	ATP2A3	XM_016931231.4	-	1	14470264	14470454	189	3
NC_072417.2	14470033	14470765	-1	1	-	NC_072417.2	14470454	14470495	14470126	14470264	ATP2A3	XM_063798188.1	-	1	14470264	14470454	189	3
NC_072417.2	15055713	15056478	1	1	+	NC_072417.2	15055815	15055967	15056067	15056256	SPNS2	XM_016931265.3	+	1	15055967	15056067	99	2
NC_072417.2	15068217	15068781	-2	1	-	NC_072417.2	15068610	15068730	15068374	15068525	MYBBP1A	XM_016931254.3	-	2	15068525	15068610	84	1
NC_072417.2	15068217	15068781	-2	1	-	NC_072417.2	15068634	15068730	15068374	15068525	MYBBP1A	XM_024350187.2	-	2	15068525	15068634	108	2
NC_072417.2	15268033	15268546	2	1	+	NC_072417.2	15268155	15268243	15268334	15268432	ZMYND15	XM_003315318.6	+	2	15268243	15268334	90	2
NC_072417.2	15312986	15313454	3	1	+	NC_072417.2	15313044	15313188	15313315	15313454	PSMB6	XM_511290.7	+	3	15313188	15313315	126	1
NC_072417.2	15322619	15323303	3	1	+	NC_072417.2	15322806	15322914	15323017	15323147	PLD2	XM_016931284.4	+	3	15322914	15323017	102	2
NC_072417.2	15324709	15325060	2	1	+	NC_072417.2	15324721	15324813	15324907	15325059	PLD2	XM_016931284.4	+	2	15324813	15324907	93	3
NC_072417.2	15409222	15409708	2	1	+	NC_072417.2	15409223	15409360	15409574	15409682	MINK1	XM_016931286.4	+	2	15409360	15409574	213	40
NC_072417.2	15410295	15410931	1	1	+	NC_072417.2	15410399	15410542	15410756	15410890	MINK1	XM_016931286.4	+	1	15410542	15410756	213	40
NC_072417.2	15413923	15414463	-1	1	-	NC_072417.2	15414259	15414445	15414068	15414174	CHRNE	XM_016931302.3	-	1	15414174	15414259	84	3
NC_072417.2	15455597	15456086	-3	1	-	NC_072417.2	15455890	15456042	15455599	15455805	SLC25A11	XM_523558.9	-	3	15455805	15455890	84	1
NC_072417.2	15461025	15461706	1	1	+	NC_072417.2	15461258	15461329	15461420	15461500	RNF167	XM_063798079.1	+	1	15461329	15461420	90	1
NC_072417.2	15469892	15470222	3	1	+	NC_072417.2	15469927	15469985	15470148	15470217	ENO3	XM_003339294.6	+	3	15469985	15470148	162	4
NC_072417.2	15485487	15485736	-2	1	-	NC_072417.2	15485636	15485710	15485488	15485548	CAMTA2	XM_016931305.4	-	2	15485548	15485636	87	16
NC_072417.2	15520958	15521297	3	1	+	NC_072417.2	15521043	15521108	15521190	15521265	KIF1C	XM_016931314.3	+	3	15521108	15521190	81	2
NC_072417.2	17256850	17257204	2	1	+	NC_072417.2	17256860	17256989	17257107	17257192	XAF1	XM_054670789.2	+	2	17256989	17257107	117	4
NC_072417.2	17525858	17526269	3	1	+	NC_072417.2	17525898	17525918	17526102	17526196	C17H17orf49	XM_001168542.6	+	3	17525918	17526102	183	5
NC_072417.2	17683650	17684739	-2	1	-	NC_072417.2	17684466	17684552	17684230	17684381	ASGR1	XM_016931394.4	-	2	17684381	17684466	84	3
NC_072417.2	17687091	17687580	-2	1	-	NC_072417.2	17687385	17687501	17687151	17687246	ASGR1	XM_016931394.4	-	2	17687246	17687385	138	2
NC_072417.2	17713313	17713847	-3	1	-	NC_072417.2	17713604	17713773	17713365	17713501	DLG4	XM_016931398.4	-	3	17713501	17713604	102	9
NC_072417.2	17794063	17794825	2	1	+	NC_072417.2	17794094	17794210	17794322	17794494	SLC2A4	XM_024350204.3	+	2	17794210	17794322	111	1
NC_072417.2	17827177	17827540	-1	1	-	NC_072417.2	17827417	17827506	17827247	17827326	GPS2	XM_054670806.1	-	1	17827326	17827417	90	2
NC_072417.2	17831250	17832114	-2	1	-	NC_072417.2	17831508	17831620	17831252	17831417	NEURL4	XM_016931420.3	-	2	17831417	17831508	90	4
NC_072417.2	17840195	17840693	-3	1	-	NC_072417.2	17840468	17840579	17840286	17840374	NEURL4	XM_016931420.3	-	3	17840374	17840468	93	4
NC_072417.2	17959087	17959495	2	1	+	NC_072417.2	17959103	17959160	17959245	17959384	CHRNB1	XM_054670832.2	+	2	17959160	17959245	84	2
NC_072417.2	18008927	18009908	3	1	+	NC_072417.2	18009018	18009191	18009342	18009623	POLR2A	XM_016931455.4	+	3	18009191	18009342	150	2
NC_072417.2	18024711	18025251	1	1	+	NC_072417.2	18024814	18025000	18025133	18025246	POLR2A	XM_016931455.4	+	1	18025000	18025133	132	2
NC_072417.2	18077780	18078287	3	1	+	NC_072417.2	18077948	18078095	18078225	18078272	SENP3	NM_001205128.4	+	3	18078095	18078225	129	1
NC_072417.2	18089719	18090094	2	1	+	NC_072417.2	18089741	18089878	18089999	18090088	EIF4A1	NM_001098575.1	+	2	18089878	18089999	120	2
NC_072417.2	18104342	18104750	-3	1	-	NC_072417.2	18104472	18104572	18104343	18104375	FXR2	XM_016931459.4	-	3	18104375	18104472	96	2
NC_072417.2	18282378	18282747	1	1	+	NC_072417.2	18282379	18282540	18282643	18282746	DNAH2	XM_009431756.5	+	1	18282540	18282643	102	5
NC_072417.2	18321587	18322400	3	1	+	NC_072417.2	18321664	18321833	18321984	18322100	DNAH2	XM_009431756.5	+	3	18321833	18321984	150	5
NC_072417.2	18338412	18339093	1	1	+	NC_072417.2	18338429	18338577	18338716	18338899	DNAH2	XM_009431756.5	+	1	18338577	18338716	138	5
NC_072417.2	18345668	18346133	3	1	+	NC_072417.2	18345677	18345905	18345981	18346132	DNAH2	XM_009431756.5	+	3	18345905	18345981	75	5
NC_072417.2	18361741	18362425	2	1	+	NC_072417.2	18361885	18362104	18362207	18362299	KDM6B	XM_003315363.7	+	2	18362104	18362207	102	16
NC_072417.2	18367103	18367397	3	1	+	NC_072417.2	18367134	18367198	18367283	18367354	KDM6B	XM_003315363.7	+	3	18367198	18367283	84	16
NC_072417.2	18422779	18423382	2	1	+	NC_072417.2	18422988	18423109	18423215	18423350	CHD3	XM_003315365.6	+	2	18423109	18423215	105	23
NC_072417.2	18424162	18424720	2	1	+	NC_072417.2	18424263	18424371	18424558	18424690	CHD3	XM_003315365.6	+	2	18424371	18424558	186	23
NC_072417.2	18526546	18527281	2	1	+	NC_072417.2	18526652	18526858	18526958	18527114	GUCY2D	XM_016931493.3	+	2	18526858	18526958	99	1
NC_072417.2	20112487	20112853	-1	1	-	NC_072417.2	20112653	20112824	20112528	20112550	CDK5RAP3	NM_001279879.1	-	1	20112550	20112653	102	2
NC_072417.2	20284013	20284466	3	1	+	NC_072417.2	20284100	20284222	20284361	20284466	OSBPL7	XM_016931563.3	+	3	20284222	20284361	138	3
NC_072417.2	22570142	22571150	3	1	+	NC_072417.2	22570414	22570767	22570975	22571081	MAP3K14	XM_003315396.6	+	3	22570767	22570975	207	2
NC_072417.2	22591951	22592284	-1	1	-	NC_072417.2	22592144	22592239	22591952	22592050	FMNL1	XM_009431964.5	-	1	22592050	22592144	93	1
NC_072417.2	22917956	22918634	3	1	+	NC_072417.2	22918148	22918208	22918413	22918508	GFAP	XM_054671367.2	+	3	22918208	22918413	204	2
NC_072417.2	23060554	23061625	-1	1	-	NC_072417.2	23061173	23061248	23060671	23060737	ADAM11	XM_016931628.4	-	1	23060737	23061173	435	3
NC_072417.2	23085470	23085968	-3	1	-	NC_072417.2	23085795	23085903	23085472	23085596	DBF4B	XM_009431989.5	-	3	23085596	23085795	198	29
NC_072417.2	23525781	23526546	1	1	+	NC_072417.2	23525956	23526069	23526307	23526408	ITGA2B	XM_024350245.3	+	1	23526069	23526307	237	3
NC_072417.2	23551179	23551890	-2	1	-	NC_072417.2	23551714	23551851	23551465	23551590	GRN	XM_016931655.3	-	2	23551590	23551714	123	2
NC_072417.2	23578753	23579317	2	1	+	NC_072417.2	23578779	23578823	23579079	23579212	SLC25A39	XM_016931662.4	+	2	23578823	23579079	255	4
NC_072417.2	23578753	23579317	2	1	+	NC_072417.2	23578779	23578823	23579103	23579212	SLC25A39	XM_016931665.3	+	2	23578823	23579103	279	4
NC_072417.2	23588041	23588782	-1	1	-	NC_072417.2	23588357	23588505	23588106	23588191	RUNDC3A	XM_016931657.4	-	1	23588191	23588357	165	2
NC_072417.2	23588041	23588782	-1	1	-	NC_072417.2	23588357	23588493	23588106	23588191	RUNDC3A	XM_016931658.4	-	1	23588191	23588357	165	1
NC_072417.2	23588041	23588782	-1	1	-	NC_072417.2	23588357	23588490	23588106	23588191	RUNDC3A	XM_016931659.4	-	1	23588191	23588357	165	2
NC_072417.2	23691266	23691683	3	1	+	NC_072417.2	23691357	23691404	23691498	23691569	UBTF	XM_016931677.3	+	3	23691404	23691498	93	21
NC_072417.2	23805430	23805928	2	1	+	NC_072417.2	23805453	23805599	23805696	23805808	HDAC5	XM_024350223.3	+	2	23805599	23805696	96	11
NC_072417.2	23805430	23805928	2	1	+	NC_072417.2	23805453	23805584	23805696	23805808	HDAC5	XM_054671435.2	+	2	23805584	23805696	111	6
NC_072417.2	23822200	23822755	-1	1	-	NC_072417.2	23822456	23822597	23822201	23822227	G6PC3	XM_016931714.3	-	1	23822227	23822456	228	1
NC_072417.2	24015217	24015868	2	1	+	NC_072417.2	24015254	24015385	24015494	24015599	MPP2	XM_016931719.4	+	2	24015385	24015494	108	9
NC_072417.2	24084670	24085207	2	1	+	NC_072417.2	24084795	24084959	24085065	24085145	MPP3	XM_009432059.4	+	2	24084959	24085065	105	2
NC_072417.2	25133201	25133681	3	1	+	NC_072417.2	25133263	25133433	25133539	25133628	VAT1	NM_001280091.1	+	3	25133433	25133539	105	1
NC_072417.2	25138684	25139062	-1	1	-	NC_072417.2	25138873	25139020	25138688	25138800	IFI35	XM_001158983.7	-	1	25138800	25138873	72	3
NC_072417.2	25138684	25139062	-1	1	-	NC_072417.2	25138873	25139020	25138694	25138800	IFI35	XM_009432122.5	-	1	25138800	25138873	72	3
NC_072417.2	25459273	25459792	-1	1	-	NC_072417.2	25459594	25459741	25459312	25459515	CNTNAP1	XM_016931768.4	-	1	25459515	25459594	78	2
NC_072417.2	25470614	25471124	3	1	+	NC_072417.2	25470656	25470735	25470835	25471026	PLEKHH3	XM_016931777.3	+	3	25470735	25470835	99	4
NC_072417.2	25478387	25479170	-3	1	-	NC_072417.2	25478844	25478993	25478430	25478582	TUBG2	NM_001280297.1	-	3	25478582	25478844	261	3
NC_072417.2	25530136	25530823	-1	1	-	NC_072417.2	25530593	25530742	25530179	25530331	TUBG1	NM_001280021.1	-	1	25530331	25530593	261	1
NC_072417.2	25579123	25579801	-1	1	-	NC_072417.2	25579414	25579603	25579265	25579329	COASY	XM_009432147.3	-	1	25579329	25579414	84	2
NC_072417.2	25579680	25580481	-2	1	-	NC_072417.2	25580137	25580351	25579735	25579866	COASY	XM_009432147.3	-	2	25579866	25580137	270	2
NC_072417.2	25815317	25815602	3	1	+	NC_072417.2	25815323	25815416	25815513	25815560	STAT3	XM_001165417.8	+	3	25815416	25815513	96	12
NC_072417.2	25979826	25980531	1	1	+	NC_072417.2	25979968	25980006	25980178	25980530	KCNH4	XM_063798575.1	+	1	25980006	25980178	171	1
NC_072417.2	26035749	26036622	1	1	+	NC_072417.2	26035966	26036092	26036279	26036470	DHX58	XM_016931790.4	+	1	26036092	26036279	186	2
NC_072417.2	26409528	26409993	1	1	+	NC_072417.2	26409547	26409714	26409826	26409992	HAP1	XM_001167911.7	+	1	26409714	26409826	111	6
NC_072417.2	26409528	26409993	1	1	+	NC_072417.2	26409598	26409714	26409826	26409992	HAP1	XM_009432196.5	+	1	26409714	26409826	111	2
NC_072417.2	26706201	26706753	1	1	+	NC_072417.2	26706223	26706348	26706526	26706746	KRT38	XM_523647.5	+	1	26706348	26706526	177	1
NC_072417.2	26915532	26916111	1	1	+	NC_072417.2	26915617	26915855	26915961	26916111	LOC101059400	XM_016931064.1	+	1	26915855	26915961	105	1
NC_072417.2	26915532	26916111	1	1	+	NC_072417.2	26915617	26915855	26915904	26916111	LOC101059400	XM_054670771.1	+	1	26915855	26915904	48	1
NC_072417.2	27237214	27237817	2	1	+	NC_072417.2	27237311	27237436	27237596	27237816	KRT12	XM_001168468.6	+	2	27237436	27237596	159	1
NC_072417.2	27331049	27331436	3	1	+	NC_072417.2	27331050	27331211	27331293	27331418	KRT26	XM_054670917.2	+	3	27331211	27331293	81	1
NC_072417.2	27622541	27622985	3	1	+	NC_072417.2	27622603	27622695	27622813	27622890	TNS4	XM_511476.7	+	3	27622695	27622813	117	1
NC_072417.2	27915188	27915545	-3	1	-	NC_072417.2	27915429	27915526	27915198	27915320	RAPGEFL1	XM_016931860.4	-	3	27915320	27915429	108	4
NC_072417.2	28084717	28085950	2	1	+	NC_072417.2	28085199	28085408	28085748	28085896	MED24	XM_009432234.4	+	2	28085408	28085748	339	12
NC_072417.2	28084717	28085950	2	1	+	NC_072417.2	28085328	28085408	28085748	28085896	MED24	XM_016931873.3	+	2	28085408	28085748	339	12
NC_072417.2	28084717	28085950	2	1	+	NC_072417.2	28085331	28085408	28085748	28085896	MED24	XM_024350334.3	+	2	28085408	28085748	339	10
NC_072417.2	28360991	28361639	-3	1	-	NC_072417.2	28361400	28361498	28361061	28361141	GRB7	XM_009432260.5	-	3	28361141	28361400	258	6
NC_072417.2	28395887	28397381	-3	1	-	NC_072417.2	28396973	28397107	28396544	28396612	ERBB2	XM_016930753.4	-	3	28396612	28396973	360	8
NC_072417.2	28395887	28397381	-3	1	-	NC_072417.2	28396544	28396612	28396224	28396339	ERBB2	XM_016930753.4	-	3	28396339	28396544	204	8
NC_072417.2	28395887	28397381	-3	1	-	NC_072417.2	28396224	28396339	28395944	28396085	ERBB2	XM_016930753.4	-	3	28396085	28396224	138	9
NC_072417.2	28395887	28397381	-3	1	-	NC_072417.2	28396544	28396595	28396224	28396339	ERBB2	XM_063798615.1	-	3	28396339	28396544	204	1
NC_072417.2	28448159	28448567	-3	1	-	NC_072417.2	28448376	28448453	28448202	28448255	STARD3	XM_001172256.8	-	3	28448255	28448376	120	25
NC_072417.2	29373521	29374118	-3	1	-	NC_072417.2	29373806	29374003	29373627	29373715	MLLT6	XM_016931884.4	-	3	29373715	29373806	90	4
NC_072417.2	29957705	29958044	-3	1	-	NC_072417.2	29957955	29958026	29957707	29957792	TBC1D3B	NM_001280272.1	-	3	29957792	29957955	162	2
NC_072417.2	29957705	29958044	-3	1	-	NC_072417.2	29957955	29958027	29957707	29957792	TBC1D3B	XM_063798027.1	-	3	29957792	29957955	162	1
NC_072417.2	30943817	30944912	-3	1	-	NC_072417.2	30944459	30944685	30944088	30944365	LHX1	NM_001033916.1	-	3	30944365	30944459	93	1
NC_072417.2	31374443	31374896	3	1	+	NC_072417.2	31374543	31374639	31374763	31374839	MYO19	XM_001173814.6	+	3	31374639	31374763	123	22
NC_072417.2	36725931	36727161	-2	1	-	NC_072417.2	36726984	36727077	36726022	36726152	ADAP2	XM_001174772.7	-	2	36726152	36726984	831	10
NC_072417.2	37963801	37964443	2	1	+	NC_072417.2	37964021	37964125	37964216	37964361	CORO6	XM_001137500.7	+	2	37964125	37964216	90	11
NC_072417.2	37964709	37965327	1	1	+	NC_072417.2	37964727	37964784	37964887	37965117	CORO6	XM_001137500.7	+	1	37964784	37964887	102	11
NC_072417.2	37964709	37965327	1	1	+	NC_072417.2	37964887	37965117	37965205	37965327	CORO6	XM_001137500.7	+	1	37965117	37965205	87	5
NC_072417.2	37964709	37965327	1	1	+	NC_072417.2	37964887	37965117	37965208	37965327	CORO6	XM_009432487.4	+	1	37965117	37965208	90	6
NC_072417.2	37972856	37973432	-3	1	-	NC_072417.2	37973261	37973396	37973028	37973152	ANKRD13B	XM_003315551.6	-	3	37973152	37973261	108	2
NC_072417.2	37972856	37973432	-3	1	-	NC_072417.2	37973028	37973152	37972898	37972943	ANKRD13B	XM_003315551.6	-	3	37972943	37973028	84	2
NC_072417.2	38005138	38005486	2	1	+	NC_072417.2	38005217	38005303	38005412	38005485	GIT1	XM_003315546.6	+	2	38005303	38005412	108	4
NC_072417.2	38459677	38460295	2	1	+	NC_072417.2	38459724	38459830	38459954	38460130	MYO18A	XM_063798793.1	+	2	38459830	38459954	123	23
NC_072417.2	38699250	38699946	1	1	+	NC_072417.2	38699278	38699391	38699491	38699610	FLOT2	XM_001141137.6	+	1	38699391	38699491	99	7
NC_072417.2	38858850	38859219	1	1	+	NC_072417.2	38858901	38858983	38859071	38859153	TLCD1	XM_003315562.5	+	1	38858983	38859071	87	2
NC_072417.2	38869166	38869604	3	1	+	NC_072417.2	38869256	38869313	38869410	38869500	RAB34	XM_003315560.6	+	3	38869313	38869410	96	2
NC_072417.2	38869166	38869604	3	1	+	NC_072417.2	38869256	38869337	38869410	38869469	RAB34	XM_003315561.6	+	3	38869337	38869410	72	1
NC_072417.2	38869166	38869604	3	1	+	NC_072417.2	38869256	38869337	38869410	38869500	RAB34	XM_009432512.5	+	3	38869337	38869410	72	6
NC_072417.2	38953287	38953872	1	1	+	NC_072417.2	38953393	38953492	38953631	38953833	KIAA0100	XM_016932170.3	+	1	38953492	38953631	138	5
NC_072417.2	38953287	38953872	1	1	+	NC_072417.2	38953393	38953492	38953634	38953833	KIAA0100	XM_054670160.2	+	1	38953492	38953634	141	2
NC_072417.2	39011469	39012138	1	1	+	NC_072417.2	39011518	39011692	39011825	39012024	ALDOC	NM_001009147.2	+	1	39011692	39011825	132	3
NC_072417.2	39214522	39215341	2	1	+	NC_072417.2	39214539	39214658	39214734	39215078	VTN	XM_001146856.6	+	2	39214658	39214734	75	1
NC_072417.2	39214522	39215341	2	1	+	NC_072417.2	39214734	39215078	39215157	39215296	VTN	XM_001146856.6	+	2	39215078	39215157	78	1
NC_072417.2	39803944	39804388	2	1	+	NC_072417.2	39803977	39804118	39804248	39804387	NOS2	XM_054670965.2	+	2	39804118	39804248	129	2
NC_072417.2	49086892	49087624	2	1	+	NC_072417.2	49087052	49087191	49087276	49087513	FLII	XM_054670336.2	+	2	49087191	49087276	84	2
NC_072417.2	49088578	49088974	2	1	+	NC_072417.2	49088696	49088761	49088843	49088974	FLII	XM_054670336.2	+	2	49088761	49088843	81	2
NC_072417.2	49176166	49176592	-1	1	-	NC_072417.2	49176506	49176579	49176168	49176250	MYO15A	XM_054670312.2	-	1	49176250	49176506	255	5
NC_072417.2	49178913	49179288	-2	1	-	NC_072417.2	49179120	49179231	49178955	49179029	MYO15A	XM_054670312.2	-	2	49179029	49179120	90	7
NC_072417.2	50314173	50314983	1	1	+	NC_072417.2	50314333	50314618	50314904	50314983	RASD1	XM_003315591.7	+	1	50314618	50314904	285	1
NC_072417.2	52148320	52148938	2	1	+	NC_072417.2	52148605	52148702	52148808	52148921	SLC47A1	XM_001144887.7	+	2	52148702	52148808	105	4
NC_072417.2	52329648	52330023	-2	1	-	NC_072417.2	52329748	52329878	52329649	52329660	ALDH3A1	XM_016932223.4	-	2	52329660	52329748	87	3
NC_072417.2	57695197	57695551	2	1	+	NC_072417.2	57695233	57695371	57695453	57695538	ELAC2	NM_001009034.1	+	2	57695371	57695453	81	2
NC_072417.2	57695197	57695551	2	1	+	NC_072417.2	57695233	57695371	57695456	57695538	ELAC2	XM_009432704.4	+	2	57695371	57695456	84	2
NC_072417.2	57702681	57703047	1	1	+	NC_072417.2	57702744	57702843	57702922	57703042	ELAC2	NM_001009034.1	+	1	57702843	57702922	78	4
NC_072417.2	60058825	60059455	2	1	+	NC_072417.2	60058826	60058996	60059099	60059405	MYH3	XM_016932376.4	+	2	60058996	60059099	102	3
NC_072417.2	60295328	60295694	3	1	+	NC_072417.2	60295337	60295460	60295557	60295693	MYH8	NM_001360885.2	+	3	60295460	60295557	96	1
NC_072417.2	61867416	61868034	1	1	+	NC_072417.2	61867657	61867789	61867964	61868033	PIK3R6	XM_016932423.4	+	1	61867789	61867964	174	17
NC_072417.2	62389187	62389529	-3	1	-	NC_072417.2	62389437	62389529	62389189	62389349	ARHGEF15	XM_009432783.5	-	3	62389349	62389437	87	5
NC_072417.2	62392198	62392693	-1	1	-	NC_072417.2	62392533	62392693	62392200	62392352	ARHGEF15	XM_009432783.5	-	1	62392352	62392533	180	5
NC_072417.2	62394544	62395255	-1	1	-	NC_072417.2	62394850	62395182	62394549	62394603	ARHGEF15	XM_009432783.5	-	1	62394603	62394850	246	4
NC_072417.2	62442505	62443381	-1	1	-	NC_072417.2	62443133	62443363	62442790	62442970	PFAS	XM_016932439.4	-	1	62442970	62443133	162	4
NC_072417.2	62442505	62443381	-1	1	-	NC_072417.2	62442790	62442970	62442619	62442702	PFAS	XM_016932439.4	-	1	62442702	62442790	87	4
NC_072417.2	62443523	62444066	-3	1	-	NC_072417.2	62443941	62444066	62443677	62443808	PFAS	XM_016932439.4	-	3	62443808	62443941	132	4
NC_072417.2	62669604	62670111	-2	1	-	NC_072417.2	62669956	62670102	62669652	62669871	ALOX15B	XM_016932471.4	-	2	62669871	62669956	84	2
NC_072417.2	63217137	63217773	1	1	+	NC_072417.2	63217258	63217407	63217513	63217610	ITGA3	XM_016932490.4	+	1	63217407	63217513	105	3
NC_072417.2	63327567	63328131	-2	1	-	NC_072417.2	63327841	63328083	63327568	63327711	COL1A1	XM_001169409.8	-	2	63327711	63327841	129	1
NC_072417.2	63341020	63341593	-1	1	-	NC_072417.2	63341498	63341533	63341306	63341407	COL1A1	XM_001169409.8	-	1	63341407	63341498	90	1
NC_072417.2	63420922	63421639	2	1	+	NC_072417.2	63421135	63421330	63421529	63421639	TMEM92	XM_016932501.4	+	2	63421330	63421529	198	2
NC_072417.2	63498382	63498940	2	1	+	NC_072417.2	63498430	63498646	63498734	63498910	XYLT2	NM_001009086.1	+	2	63498646	63498734	87	2
NC_072417.2	63604095	63604671	1	1	+	NC_072417.2	63604162	63604280	63604398	63604563	ACSF2	NM_001280439.1	+	1	63604280	63604398	117	1
NC_072417.2	63615335	63615971	3	1	+	NC_072417.2	63615608	63615749	63615837	63615947	ACSF2	NM_001280439.1	+	3	63615749	63615837	87	1
NC_072417.2	63662835	63663180	1	1	+	NC_072417.2	63662858	63662973	63663064	63663179	MYCBPAP	XM_001170289.5	+	1	63662973	63663064	90	17
NC_072417.2	63690075	63690888	1	1	+	NC_072417.2	63690170	63690324	63690403	63690546	SPATA20	XM_001170552.6	+	1	63690324	63690403	78	10
NC_072417.2	63690075	63690888	1	1	+	NC_072417.2	63690403	63690546	63690646	63690847	SPATA20	XM_001170552.6	+	1	63690546	63690646	99	10
NC_072417.2	70377342	70378323	1	1	+	NC_072417.2	70377876	70377916	70378241	70378322	MSI2	XM_016932615.4	+	1	70377916	70378241	324	11
NC_072417.2	71431098	71432130	-2	1	-	NC_072417.2	71431651	71432028	71431327	71431566	TSPOAP1	XM_016932634.4	-	2	71431566	71431651	84	16
NC_072417.2	73136128	73136467	-1	1	-	NC_072417.2	73136378	73136449	73136130	73136215	LOC129137631	XM_054670528.2	-	1	73136215	73136378	162	2
NC_072417.2	73247436	73247775	1	1	+	NC_072417.2	73247455	73247526	73247689	73247774	LOC747679	XM_016930849.4	+	1	73247526	73247689	162	2
NC_072417.2	75400611	75400950	-2	1	-	NC_072417.2	75400861	75400932	75400613	75400698	LOC112206071	XM_024350542.3	-	2	75400698	75400861	162	3
NC_072417.2	75797501	75798119	3	1	+	NC_072417.2	75797504	75797606	75797874	75798012	MRC2	XM_511600.9	+	3	75797606	75797874	267	1
NC_072417.2	76608342	76609707	1	1	+	NC_072417.2	76608922	76608935	76609527	76609694	ACE	XM_054669757.2	+	1	76608935	76609527	591	1
NC_072417.2	76613727	76614720	1	1	+	NC_072417.2	76614012	76614235	76614575	76614719	ACE	NM_001008995.3	+	1	76614235	76614575	339	4
NC_072417.2	76613727	76614720	1	1	+	NC_072417.2	76613933	76614235	76614575	76614719	ACE	XM_054669757.2	+	1	76614235	76614575	339	1
NC_072417.2	76617910	76618645	2	1	+	NC_072417.2	76618115	76618273	76618538	76618625	ACE	NM_001008995.3	+	2	76618273	76618538	264	7
NC_072417.2	76956131	76956581	-3	1	-	NC_072417.2	76956482	76956581	76956188	76956382	FTSJ3	XM_016932736.4	-	3	76956382	76956482	99	2
NC_072417.2	76961066	76961594	3	1	+	NC_072417.2	76961067	76961123	76961205	76961435	PSMC5	NM_001246524.1	+	3	76961123	76961205	81	2
NC_072417.2	76965345	76965792	-2	1	-	NC_072417.2	76965640	76965735	76965409	76965510	SMARCD2	XM_001148723.8	-	2	76965510	76965640	129	4
NC_072417.2	77076462	77077209	-2	1	-	NC_072417.2	77076832	77077110	77076478	77076531	SCN4A	XM_016932741.4	-	2	77076531	77076832	300	4
NC_072417.2	77129994	77130708	1	1	+	NC_072417.2	77130013	77130088	77130275	77130381	PRR29	XM_003315679.6	+	1	77130088	77130275	186	3
NC_072417.2	77129994	77130708	1	1	+	NC_072417.2	77130034	77130088	77130275	77130381	PRR29	XM_063799905.1	+	1	77130088	77130275	186	2
NC_072417.2	77132691	77133255	1	1	+	NC_072417.2	77132750	77132820	77133016	77133255	PRR29	XM_063799907.1	+	1	77132820	77133016	195	1
NC_072417.2	77637727	77638099	-1	1	-	NC_072417.2	77637991	77638087	77637752	77637885	DDX5	NM_001144834.1	-	1	77637885	77637991	105	1
NC_072417.2	80336961	80337246	-2	1	-	NC_072417.2	80337187	80337246	80336971	80337099	PSMD12	XM_511639.9	-	2	80337099	80337187	87	1
NC_072417.2	87191772	87192105	1	1	+	NC_072417.2	87191833	87191835	87192007	87192067	RPL38	XM_003315706.5	+	1	87191835	87192007	171	4
NC_072417.2	87339323	87340088	3	1	+	NC_072417.2	87339450	87339720	87339802	87339923	KIF19	XM_016932868.3	+	3	87339720	87339802	81	3
NC_072417.2	87738919	87739135	2	1	+	NC_072417.2	87738923	87738979	87739058	87739134	RAB37	XM_016932903.4	+	2	87738979	87739058	78	5
NC_072417.2	87856549	87857248	-1	1	-	NC_072417.2	87856865	87857070	87856550	87856771	FDXR	XM_016932884.4	-	1	87856771	87856865	93	7
NC_072417.2	87859897	87860668	-1	1	-	NC_072417.2	87860324	87860446	87860009	87860122	FDXR	XM_016932884.4	-	1	87860122	87860324	201	16
NC_072417.2	87865824	87866256	-2	1	-	NC_072417.2	87866062	87866180	87865900	87865971	FDXR	XM_016932897.4	-	2	87865971	87866062	90	1
NC_072417.2	88488553	88489252	2	1	+	NC_072417.2	88488595	88488697	88488905	88488991	TMEM94	XM_001142508.7	+	2	88488697	88488905	207	43
NC_072417.2	88488553	88489252	2	1	+	NC_072417.2	88488608	88488697	88488905	88488991	TMEM94	XM_063799271.1	+	2	88488697	88488905	207	3
NC_072417.2	88492786	88493536	2	1	+	NC_072417.2	88492818	88492920	88493026	88493243	TMEM94	XM_001142508.7	+	2	88492920	88493026	105	50
NC_072417.2	88493922	88494759	1	1	+	NC_072417.2	88493954	88494135	88494223	88494361	TMEM94	XM_001142508.7	+	1	88494135	88494223	87	40
NC_072417.2	88493922	88494759	1	1	+	NC_072417.2	88494223	88494361	88494611	88494726	TMEM94	XM_001142508.7	+	1	88494361	88494611	249	50
NC_072417.2	88493922	88494759	1	1	+	NC_072417.2	88493957	88494135	88494223	88494361	TMEM94	XM_016930856.3	+	1	88494135	88494223	87	10
NC_072417.2	88497430	88498036	2	1	+	NC_072417.2	88497488	88497636	88497757	88497851	TMEM94	XM_001142508.7	+	2	88497636	88497757	120	30
NC_072417.2	88497430	88498036	2	1	+	NC_072417.2	88497757	88497851	88497942	88498035	TMEM94	XM_001142508.7	+	2	88497851	88497942	90	30
NC_072417.2	88497430	88498036	2	1	+	NC_072417.2	88497488	88497636	88497757	88498035	TMEM94	XM_009433266.4	+	2	88497636	88497757	120	20
NC_072417.2	88570998	88571691	1	1	+	NC_072417.2	88571159	88571275	88571390	88571556	LLGL2	XM_003315728.5	+	1	88571275	88571390	114	12
NC_072417.2	88727705	88728275	3	1	+	NC_072417.2	88727809	88727891	88728018	88728119	ITGB4	XM_016930890.4	+	3	88727891	88728018	126	5
NC_072417.2	88737904	88738696	2	1	+	NC_072417.2	88737921	88738043	88738137	88738243	ITGB4	XM_016930890.4	+	2	88738043	88738137	93	5
NC_072417.2	88836288	88836630	-2	1	-	NC_072417.2	88836478	88836534	88836290	88836387	UNC13D	XM_016930899.4	-	2	88836387	88836478	90	18
NC_072417.2	88840278	88840677	-2	1	-	NC_072417.2	88840534	88840638	88840327	88840419	UNC13D	XM_016930899.4	-	2	88840419	88840534	114	17
NC_072417.2	88843050	88843455	-2	1	-	NC_072417.2	88843315	88843374	88843158	88843224	UNC13D	XM_016930899.4	-	2	88843224	88843315	90	12
NC_072417.2	88876436	88877198	-3	1	-	NC_072417.2	88876824	88877054	88876463	88876661	TRIM47	XM_001147664.8	-	3	88876661	88876824	162	1
NC_072417.2	88892273	88892813	-3	1	-	NC_072417.2	88892579	88892753	88892381	88892446	TRIM65	XM_016930911.3	-	3	88892446	88892579	132	2
NC_072417.2	88905005	88905635	-3	1	-	NC_072417.2	88905440	88905506	88905164	88905343	MRPL38	XM_009433237.4	-	3	88905343	88905440	96	1
NC_072417.2	88914205	88914679	-1	1	-	NC_072417.2	88914506	88914643	88914295	88914412	FBF1	XM_009433316.4	-	1	88914412	88914506	93	17
NC_072417.2	88915216	88915954	-1	1	-	NC_072417.2	88915610	88915732	88915340	88915525	FBF1	XM_009433316.4	-	1	88915525	88915610	84	17
NC_072417.2	88999920	89000349	1	1	+	NC_072417.2	88999947	89000067	89000173	89000343	CDK3	XM_009433326.5	+	1	89000067	89000173	105	2
NC_072417.2	89009671	89010043	-1	1	-	NC_072417.2	89009939	89010022	89009705	89009815	EVPL	XM_003315740.5	-	1	89009815	89009939	123	2
NC_072417.2	89012846	89013377	-3	1	-	NC_072417.2	89013159	89013297	89012848	89013041	EVPL	XM_003315740.5	-	3	89013041	89013159	117	2
NC_072417.2	89019281	89019887	-3	1	-	NC_072417.2	89019606	89019713	89019396	89019491	EVPL	XM_003315740.5	-	3	89019491	89019606	114	2
NC_072417.2	89279529	89280081	-2	1	-	NC_072417.2	89279785	89279949	89279531	89279652	QRICH2	XM_016932939.4	-	2	89279652	89279785	132	7
NC_072417.2	89393527	89393938	-1	1	-	NC_072417.2	89393735	89393938	89393581	89393638	UBE2O	XM_016932953.4	-	1	89393638	89393735	96	4
NC_072417.2	89475226	89475748	-1	1	-	NC_072417.2	89475419	89475482	89475228	89475322	RHBDF2	XM_024350626.3	-	1	89475322	89475419	96	25
NC_072417.2	89480187	89481063	-2	1	-	NC_072417.2	89480671	89480866	89480395	89480598	RHBDF2	XM_024350626.3	-	2	89480598	89480671	72	23
NC_072417.2	89630451	89630997	-2	1	-	NC_072417.2	89630829	89630997	89630453	89630624	ST6GALNAC1	XM_016932964.3	-	2	89630624	89630829	204	1
NC_072417.2	89947946	89948438	3	1	+	NC_072417.2	89947971	89948117	89948301	89948417	MGAT5B	XM_054670719.2	+	3	89948117	89948301	183	2
NC_072417.2	91134522	91135410	-2	1	-	NC_072417.2	91135105	91135260	91134563	91134714	TMC6	XM_016933009.4	-	2	91134714	91135105	390	11
NC_072417.2	91220664	91221156	1	1	+	NC_072417.2	91220747	91220819	91221012	91221109	AFMID	XM_001156359.6	+	1	91220819	91221012	192	4
NC_072417.2	91496230	91497010	-1	1	-	NC_072417.2	91496618	91496900	91496354	91496527	DNAH17	XM_016933024.4	-	1	91496527	91496618	90	1
NC_072417.2	92816149	92816551	-1	1	-	NC_072417.2	92816385	92816450	92816192	92816258	CBX8	XM_523736.9	-	1	92816258	92816385	126	1
NC_072417.2	94274950	94276111	2	1	+	NC_072417.2	94275059	94275124	94275422	94275613	RPTOR	XM_024350719.2	+	2	94275124	94275422	297	7
NC_072417.2	94498511	94499627	3	1	+	NC_072417.2	94498764	94498985	94499166	94499367	BAIAP2	XM_009433491.5	+	3	94498985	94499166	180	13
NC_072417.2	94498511	94499627	3	1	+	NC_072417.2	94498851	94498985	94499166	94499367	BAIAP2	XM_054670739.2	+	3	94498985	94499166	180	7
NC_072417.2	94586975	94587620	-3	1	-	NC_072417.2	94587486	94587603	94587327	94587401	CEP131	XM_016933123.3	-	3	94587401	94587486	84	28
NC_072417.2	94627862	94628765	-3	1	-	NC_072417.2	94628333	94628536	94627864	94628038	TEPSIN	XM_016933143.4	-	3	94628038	94628333	294	2
NC_072417.2	94635411	94635828	1	1	+	NC_072417.2	94635418	94635501	94635622	94635732	NDUFAF8	XM_001162283.5	+	1	94635501	94635622	120	1
NC_072417.2	94635411	94635828	1	1	+	NC_072417.2	94635418	94635501	94635622	94635736	NDUFAF8	XM_016933153.3	+	1	94635501	94635622	120	1
NC_072417.2	94860457	94860919	2	1	+	NC_072417.2	94860506	94860610	94860698	94860854	BAHCC1	XM_054670761.1	+	2	94860610	94860698	87	4
NC_072417.2	94860457	94860919	2	1	+	NC_072417.2	94860506	94860586	94860698	94860854	BAHCC1	XM_054670764.1	+	2	94860586	94860698	111	1
NC_072417.2	94862392	94864162	2	1	+	NC_072417.2	94862418	94862594	94862772	94863952	BAHCC1	XM_054670761.1	+	2	94862594	94862772	177	4
NC_072417.2	94862392	94864162	2	1	+	NC_072417.2	94862418	94862594	94862796	94863952	BAHCC1	XM_054670763.1	+	2	94862594	94862796	201	1
NC_072417.2	95076592	95077159	2	1	+	NC_072417.2	95076616	95076698	95076948	95077027	CCDC137	XM_016933170.3	+	2	95076698	95076948	249	1
NC_072417.2	95098655	95099126	3	1	+	NC_072417.2	95098773	95098871	95098989	95099084	HGS	XM_016933172.4	+	3	95098871	95098989	117	3
NC_072417.2	95100024	95100426	1	1	+	NC_072417.2	95100043	95100186	95100283	95100342	HGS	XM_016933172.4	+	1	95100186	95100283	96	3
NC_072417.2	95162766	95163111	1	1	+	NC_072417.2	95162792	95162913	95163004	95163110	GCGR	XM_009433521.4	+	1	95162913	95163004	90	5
NC_072417.2	95163114	95163618	1	1	+	NC_072417.2	95163186	95163342	95163433	95163592	GCGR	XM_009433521.4	+	1	95163342	95163433	90	5
NC_072417.2	95175493	95176243	-1	1	-	NC_072417.2	95175828	95175883	95175616	95175734	LOC134806913	XM_009433522.4	-	1	95175734	95175828	93	6
NC_072417.2	95175493	95176243	-1	1	-	NC_072417.2	95175828	95175835	95175616	95175734	LOC134806913	XM_016933179.2	-	1	95175734	95175828	93	10
NC_072417.2	95185508	95186093	-3	1	-	NC_072417.2	95185772	95185961	95185510	95185660	PPP1R27	XM_523747.7	-	3	95185660	95185772	111	1
NC_072417.2	95258146	95258761	-1	1	-	NC_072417.2	95258492	95258557	95258204	95258269	PCYT2	NM_001280130.1	-	1	95258269	95258492	222	7
NC_072417.2	95266762	95267338	-1	1	-	NC_072417.2	95267102	95267338	95266895	95266975	SIRT7	XM_009433530.5	-	1	95266975	95267102	126	2
NC_072417.2	95286850	95287972	-1	1	-	NC_072417.2	95287697	95287918	95287424	95287516	PYCR1	XM_016930932.4	-	1	95287516	95287697	180	11
NC_072417.2	95307146	95307851	-3	1	-	NC_072417.2	95307595	95307786	95307362	95307462	NOTUM	XM_016930947.3	-	3	95307462	95307595	132	1
NC_072417.2	95368111	95368678	2	1	+	NC_072417.2	95368300	95368472	95368668	95368678	ASPSCR1	XM_024350749.2	+	2	95368472	95368668	195	7
NC_072417.2	95379330	95379837	1	1	+	NC_072417.2	95379372	95379507	95379595	95379672	LRRC45	XM_009433535.5	+	1	95379507	95379595	87	3
NC_072417.2	95400557	95401403	-3	1	-	NC_072417.2	95401206	95401371	95400559	95400644	RFNG	XM_016930962.4	-	3	95400644	95401206	561	3
NC_072417.2	95412323	95412602	-3	1	-	NC_072417.2	95412489	95412585	95412325	95412407	DUS1L	XM_016930965.4	-	3	95412407	95412489	81	6
NC_072417.2	95412323	95412602	-3	1	-	NC_072417.2	95412489	95412578	95412325	95412407	DUS1L	XM_024350758.3	-	3	95412407	95412489	81	4
NC_072417.2	95433265	95434108	-1	1	-	NC_072417.2	95434002	95434093	95433688	95433839	FASN	XM_016930966.4	-	1	95433839	95434002	162	4
NC_072417.2	95433265	95434108	-1	1	-	NC_072417.2	95433688	95433839	95433280	95433522	FASN	XM_016930966.4	-	1	95433522	95433688	165	4
NC_072417.2	95436133	95436709	-1	1	-	NC_072417.2	95436478	95436632	95436193	95436396	FASN	XM_016930966.4	-	1	95436396	95436478	81	4
NC_072417.2	95439148	95440006	-1	1	-	NC_072417.2	95439796	95439987	95439634	95439714	FASN	XM_016930966.4	-	1	95439714	95439796	81	4
NC_072417.2	95444029	95444569	-1	1	-	NC_072417.2	95444438	95444553	95444192	95444326	FASN	XM_016930966.4	-	1	95444326	95444438	111	4
NC_072417.2	96314111	96314723	3	1	+	NC_072417.2	96314204	96314362	96314453	96314591	TBCD	XM_024350788.3	+	3	96314362	96314453	90	4
NC_072418.2	10022355	10023162	1	1	+	NC_072418.2	10022387	10022526	10022611	10022704	CAMSAP3	XM_016934877.2	+	1	10022526	10022611	84	5
NC_072418.2	10022355	10023162	1	1	+	NC_072418.2	10022611	10022704	10023006	10023079	CAMSAP3	XM_016934877.2	+	1	10022704	10023006	301	5
NC_072418.2	10050574	10051060	2	1	+	NC_072418.2	10050666	10050715	10050959	10051040	STXBP2	NM_001280150.1	+	2	10050715	10050959	243	1
NC_072418.2	10054267	10055074	2	1	+	NC_072418.2	10054324	10054431	10054657	10054714	STXBP2	NM_001280150.1	+	2	10054431	10054657	225	1
NC_072418.2	10054267	10055074	2	1	+	NC_072418.2	10054657	10054714	10054874	10054939	STXBP2	NM_001280150.1	+	2	10054714	10054874	159	1
NC_072418.2	10090153	10090675	2	1	+	NC_072418.2	10090491	10090550	10090665	10090675	MCEMP1	XM_016934884.3	+	2	10090550	10090665	114	1
NC_072418.2	10131897	10132731	-1	1	-	NC_072418.2	10132572	10132661	10132240	10132388	CLEC4G	XM_016934890.4	-	1	10132388	10132572	183	3
NC_072418.2	10326853	10327363	2	1	+	NC_072418.2	10326977	10327156	10327247	10327327	MAP2K7	XM_001146898.8	+	2	10327156	10327247	90	4
NC_072418.2	10331789	10333175	3	1	+	NC_072418.2	10332273	10332548	10332627	10332938	TGFBR3L	XM_001146978.7	+	3	10332548	10332627	78	3
NC_072418.2	10331789	10333175	3	1	+	NC_072418.2	10332412	10332548	10332627	10332938	TGFBR3L	XM_016934896.4	+	3	10332548	10332627	78	3
NC_072418.2	10533244	10533793	-3	1	-	NC_072418.2	10533583	10533708	10533286	10533408	FBN3	XM_016934901.4	-	3	10533408	10533583	174	18
NC_072418.2	10541941	10542439	-3	1	-	NC_072418.2	10542262	10542399	10542091	10542141	FBN3	XM_016934901.4	-	3	10542141	10542262	120	20
NC_072418.2	10551846	10552398	-1	1	-	NC_072418.2	10552119	10552262	10551921	10552040	FBN3	XM_016934901.4	-	1	10552040	10552119	78	20
NC_072418.2	10703454	10703988	-1	1	-	NC_072418.2	10703766	10703969	10703455	10703594	CD320	XM_016934928.4	-	1	10703594	10703766	171	1
NC_072418.2	10894735	10895002	-3	1	-	NC_072418.2	10894882	10894916	10894736	10894770	PRAM1	XM_009434564.5	-	3	10894770	10894882	111	1
NC_072418.2	10895018	10895315	-2	1	-	NC_072418.2	10895138	10895300	10895020	10895053	PRAM1	XM_009434564.5	-	2	10895053	10895138	84	1
NC_072418.2	10934418	10934886	-1	1	-	NC_072418.2	10934691	10934805	10934428	10934597	MYO1F	XM_024351131.3	-	1	10934597	10934691	93	2
NC_072418.2	10951854	10952235	-1	1	-	NC_072418.2	10952116	10952196	10951915	10952001	MYO1F	XM_024351131.3	-	1	10952001	10952116	114	2
NC_072418.2	10953851	10954697	-2	1	-	NC_072418.2	10954433	10954565	10954035	10954231	MYO1F	XM_024351131.3	-	2	10954231	10954433	201	2
NC_072418.2	10984278	10984932	-1	1	-	NC_072418.2	10984660	10984864	10984336	10984512	ADAMTS10	XM_024351989.3	-	1	10984512	10984660	147	5
NC_072418.2	10985234	10985720	-2	1	-	NC_072418.2	10985549	10985675	10985327	10985452	ADAMTS10	XM_024351993.3	-	2	10985452	10985549	96	1
NC_072418.2	11657383	11657902	-3	1	-	NC_072418.2	11657743	11657778	11657422	11657487	MUC16	XM_054672882.2	-	3	11657487	11657743	255	2
NC_072418.2	11724010	11746741	-3	1	-	NC_072418.2	11739898	11746665	11724094	11739024	MUC16	XM_024351317.3	-	3	11739024	11739898	873	3
NC_072418.2	12688862	12689447	-2	1	-	NC_072418.2	12689100	12689339	12688863	12689006	COL5A3	XM_016934960.4	-	2	12689006	12689100	93	2
NC_072418.2	12707847	12708333	-1	1	-	NC_072418.2	12708244	12708333	12707923	12707976	COL5A3	XM_016934960.4	-	1	12707976	12708244	267	2
NC_072418.2	12718443	12718740	-1	1	-	NC_072418.2	12718672	12718716	12718474	12718527	COL5A3	XM_016934960.4	-	1	12718527	12718672	144	2
NC_072418.2	12797725	12798325	2	1	+	NC_072418.2	12797853	12797942	12798063	12798198	LOC101059576	XM_009434660.4	+	2	12797942	12798063	120	2
NC_072418.2	12811629	12812187	1	1	+	NC_072418.2	12811693	12811816	12812015	12812064	SHFL	XM_016934964.3	+	1	12811816	12812015	198	2
NC_072418.2	12835206	12835821	1	1	+	NC_072418.2	12835356	12835525	12835604	12835821	PPAN	NM_001204428.4	+	1	12835525	12835604	78	1
NC_072418.2	12835206	12835821	1	1	+	NC_072418.2	12835356	12835525	12835604	12835687	PPAN	XM_009434582.5	+	1	12835525	12835604	78	1
NC_072418.2	13016309	13017146	3	1	+	NC_072418.2	13016359	13016628	13016776	13017096	ICAM5	XM_016934980.4	+	3	13016628	13016776	147	2
NC_072418.2	13045973	13046642	-2	1	-	NC_072418.2	13046397	13046608	13046004	13046300	RAVER1	XM_016934983.3	-	2	13046300	13046397	96	2
NC_072418.2	13045973	13046642	-2	1	-	NC_072418.2	13046397	13046608	13046207	13046300	RAVER1	XM_016934984.3	-	2	13046300	13046397	96	2
NC_072418.2	13045973	13046642	-2	1	-	NC_072418.2	13046207	13046300	13046004	13046131	RAVER1	XM_016934984.3	-	2	13046131	13046207	75	2
NC_072418.2	13083665	13084307	-2	1	-	NC_072418.2	13084007	13084142	13083768	13083922	TYK2	XM_024351232.3	-	2	13083922	13084007	84	27
NC_072418.2	13271191	13271701	2	1	+	NC_072418.2	13271292	13271375	13271466	13271639	ATG4D	XM_016934996.3	+	2	13271375	13271466	90	1
NC_072418.2	13271191	13271701	2	1	+	NC_072418.2	13271246	13271375	13271466	13271639	ATG4D	XM_016934998.4	+	2	13271375	13271466	90	1
NC_072418.2	13278189	13278777	1	1	+	NC_072418.2	13278358	13278436	13278506	13278582	ATG4D	XM_016934996.3	+	1	13278436	13278506	69	2
NC_072418.2	13292084	13292825	-2	1	-	NC_072418.2	13292411	13292582	13292223	13292296	KRI1	XM_016934995.3	-	2	13292296	13292411	114	2
NC_072418.2	13309800	13310670	-1	1	-	NC_072418.2	13310424	13310580	13310116	13310183	AP1M2	XM_016935004.4	-	1	13310183	13310424	240	4
NC_072418.2	13309800	13310670	-1	1	-	NC_072418.2	13310424	13310544	13310116	13310183	AP1M2	XM_016935006.3	-	1	13310183	13310424	240	2
NC_072418.2	13788260	13788920	3	1	+	NC_072418.2	13788369	13788501	13788661	13788803	SMARCA4	XM_016935029.4	+	3	13788501	13788661	159	26
NC_072418.2	13893807	13894335	-1	1	-	NC_072418.2	13894000	13894200	13893829	13893918	KANK2	XM_016935061.4	-	1	13893918	13894000	81	9
NC_072418.2	13924327	13924792	-3	1	-	NC_072418.2	13924620	13924777	13924328	13924334	DOCK6	XM_054674169.2	-	3	13924334	13924620	285	1
NC_072418.2	13931836	13932466	-3	1	-	NC_072418.2	13932152	13932344	13931927	13932070	DOCK6	XM_016935049.4	-	3	13932070	13932152	81	8
NC_072418.2	13944787	13945531	-3	1	-	NC_072418.2	13945154	13945267	13944896	13945066	DOCK6	XM_016935049.4	-	3	13945066	13945154	87	8
NC_072418.2	13967928	13968411	-1	1	-	NC_072418.2	13968223	13968289	13967974	13968123	DOCK6	XM_016935049.4	-	1	13968123	13968223	99	6
NC_072418.2	14126610	14127138	-1	1	-	NC_072418.2	14126992	14127134	14126689	14126904	RGL3	XM_003316074.5	-	1	14126904	14126992	87	7
NC_072418.2	14126610	14127138	-1	1	-	NC_072418.2	14126992	14127101	14126689	14126904	RGL3	XM_016935091.3	-	1	14126904	14126992	87	1
NC_072418.2	14141466	14142633	-1	1	-	NC_072418.2	14142403	14142559	14141608	14141763	ODAD3	NM_001279781.1	-	1	14141763	14142403	639	2
NC_072418.2	14141466	14142633	-1	1	-	NC_072418.2	14142403	14142559	14141568	14141763	ODAD3	XM_063800387.1	-	1	14141763	14142403	639	1
NC_072418.2	14154828	14155356	1	1	+	NC_072418.2	14154901	14154979	14155172	14155288	PRKCSH	XM_016935103.3	+	1	14154979	14155172	192	6
NC_072418.2	14167773	14168190	1	1	+	NC_072418.2	14167857	14167956	14168047	14168190	PRKCSH	XM_016935103.3	+	1	14167956	14168047	90	6
NC_072418.2	14176854	14177451	-1	1	-	NC_072418.2	14177253	14177406	14176856	14177081	ELAVL3	XM_016935109.3	-	1	14177081	14177253	171	3
NC_072418.2	15367237	15367642	2	1	+	NC_072418.2	15367372	15367439	15367533	15367641	WDR83	XM_003953378.5	+	2	15367439	15367533	93	1
NC_072418.2	15383713	15383932	-3	1	-	NC_072418.2	15383867	15383932	15383714	15383785	FBXW9	XM_003316135.7	-	3	15383785	15383867	81	2
NC_072418.2	15467875	15468229	-3	1	-	NC_072418.2	15468179	15468229	15467965	15468097	HOOK2	XM_016935184.3	-	3	15468097	15468179	81	5
NC_072418.2	15467875	15468229	-3	1	-	NC_072418.2	15468179	15468214	15467965	15468097	HOOK2	XM_054672753.2	-	3	15468097	15468179	81	19
NC_072418.2	15572729	15573299	-2	1	-	NC_072418.2	15573032	15573196	15572744	15572941	DNASE2	XM_001170388.8	-	2	15572941	15573032	90	1
NC_072418.2	15586175	15586919	3	1	+	NC_072418.2	15586213	15586356	15586498	15586560	GCDH	XM_016935204.4	+	3	15586356	15586498	141	1
NC_072418.2	15619027	15619720	-3	1	-	NC_072418.2	15619327	15619404	15619029	15619143	FARSA	NM_001246464.1	-	3	15619143	15619327	183	1
NC_072418.2	15625400	15625757	-2	1	-	NC_072418.2	15625608	15625706	15625402	15625520	FARSA	NM_001246464.1	-	2	15625520	15625608	87	1
NC_072418.2	15802957	15803722	-3	1	-	NC_072418.2	15803192	15803261	15802973	15803107	TRMT1	NM_001280156.1	-	3	15803107	15803192	84	11
NC_072418.2	15806302	15806881	-3	1	-	NC_072418.2	15806629	15806744	15806438	15806550	TRMT1	NM_001280156.1	-	3	15806550	15806629	78	2
NC_072418.2	15806302	15806881	-3	1	-	NC_072418.2	15806629	15806743	15806438	15806550	TRMT1	XM_024351049.3	-	3	15806550	15806629	78	5
NC_072418.2	15809013	15809811	-1	1	-	NC_072418.2	15809733	15809788	15809362	15809504	TRMT1	NM_001280156.1	-	1	15809504	15809733	228	4
NC_072418.2	15809013	15809811	-1	1	-	NC_072418.2	15809362	15809504	15809015	15809202	TRMT1	NM_001280156.1	-	1	15809202	15809362	159	4
NC_072418.2	15830391	15831723	1	1	+	NC_072418.2	15830449	15831394	15831473	15831646	NACC1	XM_016935228.4	+	1	15831394	15831473	78	2
NC_072418.2	15830391	15831723	1	1	+	NC_072418.2	15830441	15831394	15831473	15831646	NACC1	XM_063801274.1	+	1	15831394	15831473	78	1
NC_072418.2	16614497	16615055	3	1	+	NC_072418.2	16614615	16614726	16614808	16614980	CC2D1A	XM_016935264.4	+	3	16614726	16614808	81	7
NC_072418.2	16614497	16615055	3	1	+	NC_072418.2	16614618	16614726	16614808	16614980	CC2D1A	XM_016935265.4	+	3	16614726	16614808	81	6
NC_072418.2	16623674	16624268	3	1	+	NC_072418.2	16624012	16624088	16624176	16624223	CC2D1A	XM_016935264.4	+	3	16624088	16624176	87	13
NC_072418.2	16631421	16631901	-1	1	-	NC_072418.2	16631851	16631874	16631458	16631679	PODNL1	XM_024351632.3	-	1	16631679	16631851	171	2
NC_072418.2	16652757	16653813	1	1	+	NC_072418.2	16652807	16653241	16653344	16653435	DCAF15	XM_016935277.4	+	1	16653241	16653344	102	1
NC_072418.2	16652757	16653813	1	1	+	NC_072418.2	16653344	16653435	16653529	16653657	DCAF15	XM_016935277.4	+	1	16653435	16653529	93	1
NC_072418.2	16656461	16656926	-2	1	-	NC_072418.2	16656758	16656803	16656462	16656628	RFX1	XM_009434870.5	-	2	16656628	16656758	129	10
NC_072418.2	16660183	16660597	-3	1	-	NC_072418.2	16660397	16660515	16660185	16660294	RFX1	XM_009434870.5	-	3	16660294	16660397	102	10
NC_072418.2	16853050	16853722	-3	1	-	NC_072418.2	16853378	16853587	16853052	16853272	ADGRL1	XM_016935292.4	-	3	16853272	16853378	105	9
NC_072418.2	16855325	16855901	-2	1	-	NC_072418.2	16855863	16855901	16855529	16855712	ADGRL1	XM_016935292.4	-	2	16855712	16855863	150	9
NC_072418.2	17081742	17082219	1	1	+	NC_072418.2	17081840	17081890	17082092	17082208	ADGRE5	XM_016935296.4	+	1	17081890	17082092	201	7
NC_072418.2	17091258	17091636	1	1	+	NC_072418.2	17091341	17091387	17091514	17091591	ADGRE5	XM_016935296.4	+	1	17091387	17091514	126	7
NC_072418.2	17099731	17100211	2	1	+	NC_072418.2	17099950	17100016	17100119	17100210	ADGRE5	XM_016935296.4	+	2	17100016	17100119	102	7
NC_072418.2	17102191	17102473	-3	1	-	NC_072418.2	17102290	17102437	17102192	17102205	DDX39A	XM_016935303.4	-	3	17102205	17102290	84	3
NC_072418.2	17102787	17103162	-1	1	-	NC_072418.2	17102995	17103126	17102789	17102898	DDX39A	XM_016935303.4	-	1	17102898	17102995	96	3
NC_072418.2	17256773	17257094	3	1	+	NC_072418.2	17256796	17256899	17256978	17257093	TECR	XM_016935318.1	+	3	17256899	17256978	78	2
NC_072418.2	17257715	17258036	3	1	+	NC_072418.2	17257782	17257854	17257945	17257988	TECR	XM_016935318.1	+	3	17257854	17257945	90	3
NC_072418.2	17258058	17258508	1	1	+	NC_072418.2	17258062	17258119	17258198	17258286	TECR	XM_016935318.1	+	1	17258119	17258198	78	3
NC_072418.2	17464740	17465187	-1	1	-	NC_072418.2	17465059	17465105	17464855	17464932	ADGRE2	XM_063801296.1	-	1	17464932	17465059	126	2
NC_072418.2	17473928	17474405	-2	1	-	NC_072418.2	17474258	17474308	17473940	17474056	ADGRE2	XM_063801296.1	-	2	17474056	17474258	201	2
NC_072418.2	17558914	17559928	-3	1	-	NC_072418.2	17559388	17559742	17558915	17559102	LOC747830	XM_054672960.1	-	3	17559102	17559388	285	1
NC_072418.2	17711384	17712341	3	1	+	NC_072418.2	17711617	17711783	17711880	17711975	CCDC105	NM_001302413.1	+	3	17711783	17711880	96	1
NC_072418.2	17803593	17804145	1	1	+	NC_072418.2	17803645	17803771	17803964	17804124	SYDE1	XM_003316162.6	+	1	17803771	17803964	192	1
NC_072418.2	17814991	17815372	-3	1	-	NC_072418.2	17815192	17815330	17814993	17815104	ILVBL	XM_001172135.8	-	3	17815104	17815192	87	2
NC_072418.2	17871007	17871682	-3	1	-	NC_072418.2	17871523	17871655	17871184	17871441	NOTCH3	XM_003316164.5	-	3	17871441	17871523	81	2
NC_072418.2	17876953	17877583	-3	1	-	NC_072418.2	17877415	17877566	17877064	17877177	NOTCH3	XM_003316164.5	-	3	17877177	17877415	237	2
NC_072418.2	17883513	17884023	-1	1	-	NC_072418.2	17883876	17883998	17883555	17883788	NOTCH3	XM_003316164.5	-	1	17883788	17883876	87	2
NC_072418.2	17930767	17931547	-3	1	-	NC_072418.2	17931123	17931328	17930807	17931044	BRD4	XM_016935345.4	-	3	17931044	17931123	78	1
NC_072418.2	18146194	18146614	-3	1	-	NC_072418.2	18146408	18146609	18146196	18146314	RASAL3	XM_016935368.4	-	3	18146314	18146408	93	7
NC_072418.2	18149985	18150912	-1	1	-	NC_072418.2	18150583	18150709	18150373	18150471	RASAL3	XM_016935368.4	-	1	18150471	18150583	111	7
NC_072418.2	18263199	18263787	1	1	+	NC_072418.2	18263373	18263506	18263603	18263667	LOC134809084	XM_063801280.1	+	1	18263506	18263603	96	1
NC_072418.2	18308743	18309286	2	1	+	NC_072418.2	18308973	18309037	18309203	18309285	CYP4F8	XM_009434921.4	+	2	18309037	18309203	165	1
NC_072418.2	18340767	18341127	1	1	+	NC_072418.2	18340794	18340927	18341021	18341085	CYP4F3	XM_003316166.6	+	1	18340927	18341021	93	3
NC_072418.2	19553698	19554289	-3	1	-	NC_072418.2	19553980	19554189	19553700	19553850	CPAMD8	XM_016935418.4	-	3	19553850	19553980	129	4
NC_072418.2	19554890	19555655	-2	1	-	NC_072418.2	19555409	19555514	19555211	19555321	CPAMD8	XM_016935418.4	-	2	19555321	19555409	87	4
NC_072418.2	19560952	19561588	-3	1	-	NC_072418.2	19561208	19561363	19561067	19561129	CPAMD8	XM_016935418.4	-	3	19561129	19561208	78	4
NC_072418.2	19669320	19669851	-1	1	-	NC_072418.2	19669608	19669773	19669480	19669532	CPAMD8	XM_016935418.4	-	1	19669532	19669608	75	1
NC_072418.2	19992459	19993152	-1	1	-	NC_072418.2	19992951	19993061	19992683	19992815	ANO8	XM_016935433.4	-	1	19992815	19992951	135	4
NC_072418.2	19992459	19993152	-1	1	-	NC_072418.2	19992951	19992999	19992683	19992815	ANO8	XM_054673126.1	-	1	19992815	19992951	135	1
NC_072418.2	19997540	19998068	3	1	+	NC_072418.2	19997581	19997667	19997755	19997957	GTPBP3	XM_016935438.3	+	3	19997667	19997755	87	4
NC_072418.2	20201610	20201946	1	1	+	NC_072418.2	20201626	20201742	20201833	20201940	NIBAN3	XM_016935452.3	+	1	20201742	20201833	90	4
NC_072418.2	20235398	20235776	3	1	+	NC_072418.2	20235502	20235578	20235669	20235775	COLGALT1	XM_024351403.3	+	3	20235578	20235669	90	4
NC_072418.2	20433772	20434318	2	1	+	NC_072418.2	20434005	20434117	20434226	20434313	FCHO1	XM_003316185.6	+	2	20434117	20434226	108	38
NC_072418.2	20484575	20485040	-2	1	-	NC_072418.2	20484864	20485003	20484593	20484782	JAK3	XM_009434991.5	-	2	20484782	20484864	81	11
NC_072418.2	20493735	20494191	-1	1	-	NC_072418.2	20493988	20494110	20493737	20493894	JAK3	XM_009434991.5	-	1	20493894	20493988	93	7
NC_072418.2	20656464	20657031	1	1	+	NC_072418.2	20656567	20656840	20656964	20657030	ARRDC2	XM_001173815.8	+	1	20656840	20656964	123	1
NC_072418.2	20657706	20658321	1	1	+	NC_072418.2	20657845	20657947	20658035	20658291	ARRDC2	XM_001173797.8	+	1	20657947	20658035	87	2
NC_072418.2	20658347	20658956	3	1	+	NC_072418.2	20658408	20658570	20658784	20658941	ARRDC2	XM_001173797.8	+	3	20658570	20658784	213	2
NC_072418.2	20783072	20783630	3	1	+	NC_072418.2	20783084	20783216	20783322	20783487	MAST3	XM_016935493.4	+	3	20783216	20783322	105	30
NC_072418.2	20810956	20811268	2	1	+	NC_072418.2	20810988	20811038	20811123	20811254	PIK3R2	XM_512509.7	+	2	20811038	20811123	84	1
NC_072418.2	20827614	20827974	1	1	+	NC_072418.2	20827777	20827830	20827915	20827974	IFI30	XM_001162304.7	+	1	20827830	20827915	84	1
NC_072418.2	20867726	20868200	-2	1	-	NC_072418.2	20867976	20868140	20867792	20867891	PDE4C	XM_016935497.4	-	2	20867891	20867976	84	5
NC_072418.2	21084162	21084528	1	1	+	NC_072418.2	21084163	21084228	21084457	21084516	SSBP4	XM_024351872.3	+	1	21084228	21084457	228	4
NC_072418.2	21089077	21089920	-3	1	-	NC_072418.2	21089492	21089685	21089138	21089287	ISYNA1	NM_001280365.1	-	3	21089287	21089492	204	3
NC_072418.2	21090271	21090949	-3	1	-	NC_072418.2	21090704	21090823	21090443	21090604	ISYNA1	NM_001280365.1	-	3	21090604	21090704	99	1
NC_072418.2	21090271	21090949	-3	1	-	NC_072418.2	21090704	21090832	21090443	21090604	ISYNA1	XM_024351055.3	-	3	21090604	21090704	99	1
NC_072418.2	21226515	21226845	1	1	+	NC_072418.2	21226568	21226670	21226755	21226845	UBA52	XM_001135183.7	+	1	21226670	21226755	84	6
NC_072418.2	21265345	21265852	2	1	+	NC_072418.2	21265370	21265514	21265602	21265693	TMEM59L	XM_016935536.4	+	2	21265514	21265602	87	2
NC_072418.2	22191383	22191944	3	1	+	NC_072418.2	22191468	22191581	22191660	22191810	YJEFN3	XM_003953418.6	+	3	22191581	22191660	78	2
NC_072418.2	22294514	22295441	-2	1	-	NC_072418.2	22295067	22295131	22294857	22294964	GMIP	XM_003316223.6	-	2	22294964	22295067	102	8
NC_072418.2	22300182	22300707	-1	1	-	NC_072418.2	22300405	22300548	22300183	22300290	ATP13A1	XM_003316221.7	-	1	22300290	22300405	114	3
NC_072418.2	2575852	2576842	-3	1	-	NC_072418.2	2576130	2576254	2575906	2575994	MIER2	XM_024351821.3	-	3	2575994	2576130	135	12
NC_072418.2	2575852	2576842	-3	1	-	NC_072418.2	2576151	2576254	2575906	2575994	MIER2	XM_024351823.3	-	3	2575994	2576151	156	6
NC_072418.2	2893649	2894798	3	1	+	NC_072418.2	2893944	2894184	2894404	2894568	HCN2	XM_024351748.2	+	3	2894184	2894404	219	1
NC_072418.2	2900913	2902845	-1	1	-	NC_072418.2	2901844	2902632	2900983	2901105	POLRMT	XM_024351740.3	-	1	2901105	2901844	738	8
NC_072418.2	2976232	2977009	-3	1	-	NC_072418.2	2976772	2976850	2976234	2976390	PRSS57	XM_001146596.6	-	3	2976390	2976772	381	1
NC_072418.2	3090302	3091181	3	1	+	NC_072418.2	3090378	3090524	3090618	3090788	PTBP1	XM_001172084.7	+	3	3090524	3090618	93	6
NC_072418.2	3090302	3091181	3	1	+	NC_072418.2	3090618	3090788	3090915	3091025	PTBP1	XM_001172084.7	+	3	3090788	3090915	126	6
NC_072418.2	3094330	3094849	2	1	+	NC_072418.2	3094446	3094538	3094632	3094848	PTBP1	XM_001172084.7	+	2	3094538	3094632	93	6
NC_072418.2	3205761	3206775	1	1	+	NC_072418.2	3205901	3206133	3206320	3206775	KISS1R	XM_016934502.4	+	1	3206133	3206320	186	1
NC_072418.2	32915837	32916359	3	1	+	NC_072418.2	32915892	32916037	32916161	32916296	CCNE1	XM_016935590.4	+	3	32916037	32916161	123	5
NC_072418.2	3293057	3293639	3	1	+	NC_072418.2	3293135	3293250	3293419	3293570	GRIN3B	XM_024351753.3	+	3	3293250	3293419	168	3
NC_072418.2	3296922	3297780	-1	1	-	NC_072418.2	3297357	3297479	3297175	3297275	TMEM259	XM_016934510.4	-	1	3297275	3297357	81	4
NC_072418.2	3296922	3297780	-1	1	-	NC_072418.2	3297175	3297275	3297024	3297081	TMEM259	XM_016934510.4	-	1	3297081	3297175	93	4
NC_072418.2	3338851	3339373	2	1	+	NC_072418.2	3338869	3339000	3339106	3339245	ABCA7	XM_024351855.3	+	2	3339000	3339106	105	5
NC_072418.2	3351888	3352623	1	1	+	NC_072418.2	3352291	3352425	3352507	3352610	ABCA7	XM_024351855.3	+	1	3352425	3352507	81	5
NC_072418.2	3362356	3362779	2	1	+	NC_072418.2	3362374	3362446	3362648	3362714	ARHGAP45	XM_016934519.4	+	2	3362446	3362648	201	17
NC_072418.2	3368396	3368978	3	1	+	NC_072418.2	3368430	3368567	3368655	3368845	ARHGAP45	XM_016934519.4	+	3	3368567	3368655	87	17
NC_072418.2	3370233	3370701	1	1	+	NC_072418.2	3370279	3370467	3370552	3370689	ARHGAP45	XM_016934519.4	+	1	3370467	3370552	84	17
NC_072418.2	3398679	3399357	-1	1	-	NC_072418.2	3399202	3399296	3399025	3399117	SBNO2	XM_024351864.3	-	1	3399117	3399202	84	3
NC_072418.2	3398679	3399357	-1	1	-	NC_072418.2	3399025	3399117	3398812	3398943	SBNO2	XM_024351864.3	-	1	3398943	3399025	81	3
NC_072418.2	3412765	3413452	-3	1	-	NC_072418.2	3413003	3413154	3412767	3412900	SBNO2	XM_024351864.3	-	3	3412900	3413003	102	3
NC_072418.2	3530188	3530905	-3	1	-	NC_072418.2	3530544	3530683	3530266	3530330	CBARP	XM_054673705.2	-	3	3530330	3530544	213	2
NC_072418.2	3538827	3539217	1	1	+	NC_072418.2	3538880	3538968	3539098	3539217	ATP5F1D	XM_009434265.4	+	1	3538968	3539098	129	1
NC_072418.2	3548602	3549340	2	1	+	NC_072418.2	3548729	3548857	3548942	3549253	MIDN	XM_016934539.4	+	2	3548857	3548942	84	2
NC_072418.2	3549637	3550534	2	1	+	NC_072418.2	3549677	3549836	3550197	3550469	MIDN	XM_016934539.4	+	2	3549836	3550197	360	4
NC_072418.2	3549637	3550534	2	1	+	NC_072418.2	3549680	3549836	3550197	3550469	MIDN	XM_016934540.4	+	2	3549836	3550197	360	2
NC_072418.2	35742299	35742548	-2	1	-	NC_072418.2	35742495	35742548	35742351	35742416	ANKRD27	XM_001151730.7	-	2	35742416	35742495	78	9
NC_072418.2	35742299	35742548	-2	1	-	NC_072418.2	35742495	35742545	35742351	35742416	ANKRD27	XM_009435225.5	-	2	35742416	35742495	78	4
NC_072418.2	35927654	35928032	3	1	+	NC_072418.2	35927687	35927840	35927925	35927991	TDRD12	XM_024351152.3	+	3	35927840	35927925	84	3
NC_072418.2	35963159	35963708	-2	1	-	NC_072418.2	35963504	35963629	35963161	35963260	SLC7A9	XM_001152116.3	-	2	35963260	35963504	243	3
NC_072418.2	3664478	3664901	3	1	+	NC_072418.2	3664479	3664554	3664810	3664860	PWWP3A	XM_009434269.5	+	3	3664554	3664810	255	9
NC_072418.2	3748455	3749004	1	1	+	NC_072418.2	3748639	3748729	3748823	3749003	APC2	XM_016934567.4	+	1	3748729	3748823	93	5
NC_072418.2	3750508	3751186	2	1	+	NC_072418.2	3750559	3750667	3750794	3750910	APC2	XM_016934567.4	+	2	3750667	3750794	126	4
NC_072418.2	3750508	3751186	2	1	+	NC_072418.2	3750559	3750667	3750797	3750910	APC2	XM_016934568.3	+	2	3750667	3750797	129	1
NC_072418.2	3783356	3783992	-2	1	-	NC_072418.2	3783728	3783900	3783440	3783652	PCSK4	XM_024351511.3	-	2	3783652	3783728	75	8
NC_072418.2	3783361	3784306	-3	1	-	NC_072418.2	3783728	3783900	3783440	3783652	PCSK4	XM_024351509.3	-	3	3783652	3783728	75	17
NC_072418.2	3784370	3784886	-2	1	-	NC_072418.2	3784551	3784679	3784372	3784448	PCSK4	XM_024351509.3	-	2	3784448	3784551	102	35
NC_072418.2	3792599	3793157	3	1	+	NC_072418.2	3792747	3792915	3793072	3793152	REEP6	XM_024351146.3	+	3	3792915	3793072	156	1
NC_072418.2	3805604	3806585	-2	1	-	NC_072418.2	3806193	3806264	3805922	3805982	ADAMTSL5	XM_016934579.4	-	2	3805982	3806193	210	2
NC_072418.2	38162141	38162630	3	1	+	NC_072418.2	38162287	38162405	38162487	38162629	GRAMD1A	XM_009435284.4	+	3	38162405	38162487	81	6
NC_072418.2	38203296	38203809	1	1	+	NC_072418.2	38203425	38203465	38203643	38203808	HPN	XM_009435294.4	+	1	38203465	38203643	177	6
NC_072418.2	38294113	38294569	2	1	+	NC_072418.2	38294292	38294366	38294478	38294520	FXYD7	XM_016935670.4	+	2	38294366	38294478	111	2
NC_072418.2	38294113	38294569	2	1	+	NC_072418.2	38294292	38294366	38294478	38294511	FXYD7	XM_054673295.2	+	2	38294366	38294478	111	1
NC_072418.2	38421575	38422277	3	1	+	NC_072418.2	38421799	38421893	38422047	38422175	USF2	XM_016935672.4	+	3	38421893	38422047	153	2
NC_072418.2	38421575	38422277	3	1	+	NC_072418.2	38421799	38421893	38422047	38422277	USF2	XM_024351184.2	+	3	38421893	38422047	153	1
NC_072418.2	38698515	38699097	-1	1	-	NC_072418.2	38698846	38698996	38698572	38698740	ATP4A	XM_016935692.4	-	1	38698740	38698846	105	1
NC_072418.2	38760115	38760538	2	1	+	NC_072418.2	38760144	38760209	38760285	38760460	RBM42	XM_001160564.8	+	2	38760209	38760285	75	1
NC_072418.2	38760115	38760538	2	1	+	NC_072418.2	38760144	38760209	38760306	38760460	RBM42	XM_009435334.5	+	2	38760209	38760306	96	1
NC_072418.2	38842073	38842607	3	1	+	NC_072418.2	38842319	38842392	38842501	38842569	ZBTB32	NM_001135626.2	+	3	38842392	38842501	108	7
NC_072418.2	38853943	38854402	2	1	+	NC_072418.2	38853978	38854162	38854238	38854327	KMT2B	XM_016935704.4	+	2	38854162	38854238	75	5
NC_072418.2	38870267	38870696	-2	1	-	NC_072418.2	38870609	38870684	38870348	38870443	U2AF1L4	XM_054673318.2	-	2	38870443	38870609	165	2
NC_072418.2	38906699	38907173	3	1	+	NC_072418.2	38906745	38906867	38906955	38907032	ARHGAP33	XM_016935715.4	+	3	38906867	38906955	87	15
NC_072418.2	38906866	38907607	2	1	+	NC_072418.2	38907116	38907182	38907288	38907350	ARHGAP33	XM_016935715.4	+	2	38907182	38907288	105	6
NC_072418.2	38906866	38907607	2	1	+	NC_072418.2	38907116	38907182	38907291	38907350	ARHGAP33	XM_016935716.3	+	2	38907182	38907291	108	9
NC_072418.2	38974589	38975123	-2	1	-	NC_072418.2	38974898	38975038	38974682	38974822	NPHS1	XM_016935727.4	-	2	38974822	38974898	75	1
NC_072418.2	39005293	39006139	2	1	+	NC_072418.2	39005348	39005506	39005585	39005713	APLP1	XM_003316323.5	+	2	39005506	39005585	78	2
NC_072418.2	39025818	39026379	-1	1	-	NC_072418.2	39026158	39026304	39025983	39026034	NFKBID	XM_009435392.5	-	1	39026034	39026158	123	5
NC_072418.2	3911329	3911947	-3	1	-	NC_072418.2	3911729	3911887	3911524	3911647	TCF3	XM_016934591.4	-	3	3911647	3911729	81	15
NC_072418.2	3911329	3911947	-3	1	-	NC_072418.2	3911729	3911884	3911524	3911647	TCF3	XM_016934594.4	-	3	3911647	3911729	81	9
NC_072418.2	3913373	3915047	-2	1	-	NC_072418.2	3914709	3914878	3914492	3914624	TCF3	XM_016934591.4	-	2	3914624	3914709	84	24
NC_072418.2	3913373	3915047	-2	1	-	NC_072418.2	3914492	3914624	3913379	3913457	TCF3	XM_016934591.4	-	2	3913457	3914492	1034	24
NC_072418.2	39223858	39224635	2	1	+	NC_072418.2	39224303	39224414	39224505	39224568	WDR62	XM_009435407.4	+	2	39224414	39224505	90	9
NC_072418.2	39236246	39237137	3	1	+	NC_072418.2	39236280	39236331	39236467	39237105	WDR62	XM_009435407.4	+	3	39236331	39236467	135	14
NC_072418.2	40621140	40621653	1	1	+	NC_072418.2	40621194	40621244	40621458	40621587	LOC112206381	XM_063800405.1	+	1	40621244	40621458	213	1
NC_072418.2	4081500	4082430	-1	1	-	NC_072418.2	4082074	4082313	4081764	4081902	ATP8B3	XM_016934607.4	-	1	4081902	4082074	171	11
NC_072418.2	4085909	4087088	-2	1	-	NC_072418.2	4086489	4086588	4085960	4086326	ATP8B3	XM_016934607.4	-	2	4086326	4086489	162	6
NC_072418.2	4113952	4114324	-3	1	-	NC_072418.2	4114117	4114237	4113953	4114038	REXO1	XM_016934612.4	-	3	4114038	4114117	78	1
NC_072418.2	4114495	4115314	-3	1	-	NC_072418.2	4115111	4115221	4114590	4114705	REXO1	XM_016934612.4	-	3	4114705	4115111	405	1
NC_072418.2	41428514	41428883	3	1	+	NC_072418.2	41428548	41428610	41428767	41428883	C19H19orf33	XM_009435512.5	+	3	41428610	41428767	156	1
NC_072418.2	41496429	41497161	1	1	+	NC_072418.2	41496531	41496630	41496898	41497161	CATSPERG	XM_016935848.4	+	1	41496630	41496898	267	26
NC_072418.2	41590081	41590510	2	1	+	NC_072418.2	41590082	41590186	41590406	41590509	RYR1	XM_009435534.3	+	2	41590186	41590406	219	5
NC_072418.2	41736961	41737330	-3	1	-	NC_072418.2	41737211	41737269	41737089	41737132	MAP4K1	XM_003316316.7	-	3	41737132	41737211	78	2
NC_072418.2	41736961	41737330	-3	1	-	NC_072418.2	41737089	41737132	41736963	41737010	MAP4K1	XM_003316316.7	-	3	41737010	41737089	78	2
NC_072418.2	41929030	41929495	-3	1	-	NC_072418.2	41929256	41929421	41929031	41929174	LGALS4	XM_512641.7	-	3	41929174	41929256	81	1
NC_072418.2	41944199	41944739	-2	1	-	NC_072418.2	41944562	41944610	41944311	41944375	LOC100608252	XM_016935865.2	-	2	41944375	41944562	186	2
NC_072418.2	42032291	42032837	-2	1	-	NC_072418.2	42032747	42032747	42032342	42032455	SIRT2	NM_001280155.1	-	2	42032455	42032747	291	6
NC_072418.2	42032291	42032837	-2	1	-	NC_072418.2	42032747	42032795	42032342	42032455	SIRT2	XM_009435369.5	-	2	42032455	42032747	291	1
NC_072418.2	42058108	42058573	-3	1	-	NC_072418.2	42058438	42058546	42058110	42058155	SARS2	XM_016935869.2	-	3	42058155	42058438	282	4
NC_072418.2	4215426	4216107	1	1	+	NC_072418.2	4215518	4215646	4215950	4216106	SCAMP4	XM_016934613.2	+	1	4215646	4215950	303	2
NC_072418.2	42233363	42233705	3	1	+	NC_072418.2	42233391	42233498	42233592	42233649	ACP7	XM_009435564.4	+	3	42233498	42233592	93	4
NC_072418.2	42383137	42383587	-3	1	-	NC_072418.2	42383498	42383569	42383282	42383425	IFNL4	NM_001276259.1	-	3	42383425	42383498	72	1
NC_072418.2	42525211	42525859	-3	1	-	NC_072418.2	42525706	42525796	42525212	42525627	PAF1	NM_001280426.2	-	3	42525627	42525706	78	3
NC_072418.2	42559742	42560228	3	1	+	NC_072418.2	42559930	42560031	42560128	42560175	PLEKHG2	XM_024351331.3	+	3	42560031	42560128	96	6
NC_072418.2	42598194	42598569	1	1	+	NC_072418.2	42598313	42598382	42598500	42598568	SUPT5H	XM_009435572.5	+	1	42598382	42598500	117	2
NC_072418.2	42625669	42626167	2	1	+	NC_072418.2	42625715	42625819	42625925	42626023	TIMM50	XM_001138592.7	+	2	42625819	42625925	105	1
NC_072418.2	42658302	42658650	1	1	+	NC_072418.2	42658408	42658482	42658576	42658650	SELENOV	NM_001146709.1	+	1	42658482	42658576	93	1
NC_072418.2	4276950	4277793	1	1	+	NC_072418.2	4276994	4277034	4277131	4277439	CSNK1G2	XM_016934615.4	+	1	4277034	4277131	96	2
NC_072418.2	4276950	4277793	1	1	+	NC_072418.2	4276994	4277034	4277131	4277200	CSNK1G2	XM_016934618.4	+	1	4277034	4277131	96	4
NC_072418.2	4276950	4277793	1	1	+	NC_072418.2	4277131	4277200	4277291	4277439	CSNK1G2	XM_016934618.4	+	1	4277200	4277291	90	4
NC_072418.2	4286492	4287392	-2	1	-	NC_072418.2	4287168	4287255	4286832	4286978	BTBD2	XM_016934620.3	-	2	4286978	4287168	189	2
NC_072418.2	4286492	4287392	-2	1	-	NC_072418.2	4286832	4286978	4286493	4286651	BTBD2	XM_016934620.3	-	2	4286651	4286832	180	2
NC_072418.2	42899198	42899840	-2	1	-	NC_072418.2	42899676	42899822	42899451	42899591	DYRK1B	XM_009435577.5	-	2	42899591	42899676	84	12
NC_072418.2	4344188	4344731	-2	1	-	NC_072418.2	4344480	4344535	4344300	4344395	MKNK2	XM_016934622.4	-	2	4344395	4344480	84	8
NC_072418.2	43453265	43453691	3	1	+	NC_072418.2	43453272	43453298	43453398	43453472	PLD3	XM_016935976.4	+	3	43453298	43453398	99	19
NC_072418.2	43639742	43640819	3	1	+	NC_072418.2	43640139	43640417	43640508	43640638	SPTBN4	XM_016935994.4	+	3	43640417	43640508	90	4
NC_072418.2	43651347	43651839	1	1	+	NC_072418.2	43651392	43651530	43651630	43651714	SPTBN4	XM_016935994.4	+	1	43651530	43651630	99	4
NC_072418.2	43692014	43692515	3	1	+	NC_072418.2	43692100	43692174	43692271	43692393	LTBP4	XM_016935999.3	+	3	43692174	43692271	96	31
NC_072418.2	43693802	43694555	3	1	+	NC_072418.2	43694098	43694247	43694362	43694481	LTBP4	XM_016935999.3	+	3	43694247	43694362	114	31
NC_072418.2	43695370	43695871	2	1	+	NC_072418.2	43695384	43695515	43695600	43695725	LTBP4	XM_016935999.3	+	2	43695515	43695600	84	22
NC_072418.2	43798625	43799123	-2	1	-	NC_072418.2	43798875	43798994	43798664	43798730	COQ8B	XM_016936016.4	-	2	43798730	43798875	144	12
NC_072418.2	44230155	44230776	1	1	+	NC_072418.2	44230249	44230390	44230571	44230776	CYP2S1	XM_016936042.4	+	1	44230390	44230571	180	1
NC_072418.2	44255257	44255722	2	1	+	NC_072418.2	44255289	44255369	44255505	44255620	AXL	XM_016936043.3	+	2	44255369	44255505	135	2
NC_072418.2	44261857	44262736	2	1	+	NC_072418.2	44261912	44262122	44262438	44262577	AXL	XM_016936043.3	+	2	44262122	44262438	315	2
NC_072418.2	44811425	44811827	3	1	+	NC_072418.2	44811507	44811603	44811682	44811717	ARHGEF1	XM_016934214.4	+	3	44811603	44811682	78	17
NC_072418.2	44819349	44819991	1	1	+	NC_072418.2	44819420	44819566	44819807	44819889	ARHGEF1	XM_016934214.4	+	1	44819566	44819807	240	17
NC_072418.2	44821412	44822084	3	1	+	NC_072418.2	44821569	44821644	44821750	44821917	ARHGEF1	XM_016934214.4	+	3	44821644	44821750	105	17
NC_072418.2	44895002	44895455	-2	1	-	NC_072418.2	44895219	44895394	44895004	44895140	ATP1A3	XM_016934229.4	-	2	44895140	44895219	78	2
NC_072418.2	44919719	44920304	-2	1	-	NC_072418.2	44920100	44920228	44919861	44919982	GRIK5	XM_016934223.4	-	2	44919982	44920100	117	5
NC_072418.2	45038223	45038781	-1	1	-	NC_072418.2	45038610	45038675	45038443	45038477	POU2F2	XM_009435674.5	-	1	45038477	45038610	132	26
NC_072418.2	45038223	45038781	-1	1	-	NC_072418.2	45038610	45038667	45038443	45038477	POU2F2	XM_063801739.1	-	1	45038477	45038610	132	13
NC_072418.2	45152766	45153540	-1	1	-	NC_072418.2	45153436	45153519	45153184	45153294	GSK3A	XM_530044.7	-	1	45153294	45153436	141	1
NC_072418.2	45204941	45205631	3	1	+	NC_072418.2	45205030	45205232	45205323	45205548	CIC	XM_001153776.8	+	3	45205232	45205323	90	17
NC_072418.2	45208667	45209471	3	1	+	NC_072418.2	45208702	45208995	45209092	45209417	CIC	XM_001153776.8	+	3	45208995	45209092	96	9
NC_072418.2	45208667	45209471	3	1	+	NC_072418.2	45208702	45208995	45209095	45209417	CIC	XM_016934203.4	+	3	45208995	45209095	99	5
NC_072418.2	45208667	45209471	3	1	+	NC_072418.2	45208705	45208995	45209092	45209417	CIC	XM_016934206.4	+	3	45208995	45209092	96	3
NC_072418.2	45208667	45209471	3	1	+	NC_072418.2	45208705	45208995	45209095	45209417	CIC	XM_054673778.2	+	3	45208995	45209095	99	1
NC_072418.2	45230908	45231211	2	1	+	NC_072418.2	45230909	45231010	45231110	45231194	TMEM145	NM_001280489.1	+	2	45231010	45231110	99	3
NC_072418.2	45250927	45251593	2	1	+	NC_072418.2	45251135	45251315	45251397	45251485	MEGF8	XM_003953509.6	+	2	45251315	45251397	81	3
NC_072418.2	45260511	45261186	1	1	+	NC_072418.2	45260554	45260698	45260783	45260946	MEGF8	XM_003953509.6	+	1	45260698	45260783	84	3
NC_072418.2	46441713	46442145	-1	1	-	NC_072418.2	46441959	46442058	46441715	46441805	PHLDB3	XM_016936065.4	-	1	46441805	46441959	153	13
NC_072418.2	46706655	46707252	-1	1	-	NC_072418.2	46706988	46707252	46706797	46706894	SMG9	NM_001246560.1	-	1	46706894	46706988	93	4
NC_072418.2	4763119	4763878	-3	1	-	NC_072418.2	4763616	4763836	4763147	4763426	LMNB2	XM_016934651.4	-	3	4763426	4763616	189	4
NC_072418.2	47713538	47714156	3	1	+	NC_072418.2	47713746	47713950	47714056	47714144	BCL3	XM_016936166.3	+	3	47713950	47714056	105	3
NC_072418.2	47776402	47776951	2	1	+	NC_072418.2	47776738	47776855	47776949	47776951	BCAM	XM_016936171.2	+	2	47776855	47776949	93	1
NC_072418.2	47842026	47842566	1	1	+	NC_072418.2	47842200	47842263	47842396	47842482	NECTIN2	XM_024351456.3	+	1	47842263	47842396	132	1
NC_072418.2	48222631	48222943	2	1	+	NC_072418.2	48222660	48222725	48222816	48222886	MARK4	XM_003316450.5	+	2	48222725	48222816	90	3
NC_072418.2	48315378	48315726	-1	1	-	NC_072418.2	48315598	48315667	48315394	48315495	ERCC2	NM_001246590.1	-	1	48315495	48315598	102	7
NC_072418.2	48353806	48354649	-3	1	-	NC_072418.2	48354475	48354573	48354305	48354396	PPP1R13L	XM_009435836.5	-	3	48354396	48354475	78	3
NC_072418.2	48452929	48453814	-3	1	-	NC_072418.2	48453304	48453783	48452944	48453198	RTN2	XM_016936214.3	-	3	48453198	48453304	105	2
NC_072418.2	48733373	48733871	-2	1	-	NC_072418.2	48733642	48733799	48733445	48733542	DMPK	XM_003316452.7	-	2	48733542	48733642	99	19
NC_072418.2	49099540	49100059	-3	1	-	NC_072418.2	49099924	49099977	49099542	49099812	IGFL3	XM_009435852.4	-	3	49099812	49099924	111	1
NC_072418.2	49969874	49970708	3	1	+	NC_072418.2	49969993	49970108	49970364	49970521	NPAS1	XM_001168613.6	+	3	49970108	49970364	255	5
NC_072418.2	49969874	49970708	3	1	+	NC_072418.2	49969993	49970108	49970361	49970521	NPAS1	XM_009435887.4	+	3	49970108	49970361	252	5
NC_072418.2	50188226	50189390	3	1	+	NC_072418.2	50188227	50188328	50188494	50188745	CCDC9	XM_016936326.2	+	3	50188328	50188494	165	5
NC_072418.2	50198117	50198945	3	1	+	NC_072418.2	50198137	50198272	50198666	50198771	CCDC9	XM_016936326.2	+	3	50198272	50198666	393	6
NC_072418.2	51019194	51019764	-1	1	-	NC_072418.2	51019551	51019642	51019196	51019295	LIG1	XM_016936377.4	-	1	51019295	51019551	255	9
NC_072418.2	51246712	51247396	-3	1	-	NC_072418.2	51247066	51247253	51246763	51246897	ODAD1	XM_016936403.4	-	3	51246897	51247066	168	12
NC_072418.2	51246712	51247396	-3	1	-	NC_072418.2	51247066	51247234	51246763	51246897	ODAD1	XM_054673689.2	-	3	51246897	51247066	168	1
NC_072418.2	51418335	51419079	1	1	+	NC_072418.2	51418581	51418693	51418856	51419004	CYTH2	XM_016936421.3	+	1	51418693	51418856	162	2
NC_072418.2	51418335	51419079	1	1	+	NC_072418.2	51418633	51418693	51418856	51419004	CYTH2	XM_063802035.1	+	1	51418693	51418856	162	1
NC_072418.2	51657256	51658033	-3	1	-	NC_072418.2	51657758	51657860	51657338	51657532	MAMSTR	XM_016936450.3	-	3	51657532	51657758	225	17
NC_072418.2	51681802	51682444	-3	1	-	NC_072418.2	51682291	51682444	51681804	51681981	IZUMO1	XM_016936453.2	-	3	51681981	51682291	309	4
NC_072418.2	51681802	51682444	-3	1	-	NC_072418.2	51682291	51682444	51681803	51681981	IZUMO1	XM_054673067.1	-	3	51681981	51682291	309	4
NC_072418.2	51735031	51735592	-3	1	-	NC_072418.2	51735257	51735397	51735107	51735181	BCAT2	XM_001171838.8	-	3	51735181	51735257	75	7
NC_072418.2	52091418	52092024	1	1	+	NC_072418.2	52091452	52091615	52091745	52091872	PPFIA3	XM_016936490.4	+	1	52091615	52091745	129	2
NC_072418.2	52104904	52107433	-3	1	-	NC_072418.2	52105207	52107172	52105061	52105131	HRC	XM_016936494.4	-	3	52105131	52105207	75	1
NC_072418.2	52117679	52119776	3	1	+	NC_072418.2	52119267	52119447	52119610	52119773	TRPM4	XM_024351547.2	+	3	52119447	52119610	162	3
NC_072418.2	52164259	52164922	2	1	+	NC_072418.2	52164379	52164451	52164539	52164644	TRPM4	XM_016936503.3	+	2	52164451	52164539	87	4
NC_072418.2	52310286	52310601	-1	1	-	NC_072418.2	52310443	52310559	52310288	52310346	TEAD2	XM_016936512.4	-	1	52310346	52310443	96	9
NC_072418.2	52310286	52310601	-1	1	-	NC_072418.2	52310452	52310559	52310288	52310346	TEAD2	XM_016936523.3	-	1	52310346	52310452	105	8
NC_072418.2	52310286	52310601	-1	1	-	NC_072418.2	52310443	52310526	52310288	52310346	TEAD2	XM_016936524.3	-	1	52310346	52310443	96	4
NC_072418.2	52310286	52310601	-1	1	-	NC_072418.2	52310452	52310526	52310288	52310346	TEAD2	XM_063802072.1	-	1	52310346	52310452	105	1
NC_072418.2	52384962	52385547	-1	1	-	NC_072418.2	52385337	52385447	52385014	52385141	SLC17A7	XM_016936532.4	-	1	52385141	52385337	195	1
NC_072418.2	52433084	52433555	3	1	+	NC_072418.2	52433257	52433435	52433511	52433555	FLT3LG	XM_016936543.4	+	3	52433435	52433511	75	6
NC_072418.2	52509402	52510215	-1	1	-	NC_072418.2	52509936	52510104	52509730	52509848	NOSIP	XM_016936552.3	-	1	52509848	52509936	87	2
NC_072418.2	52509402	52510215	-1	1	-	NC_072418.2	52509730	52509848	52509404	52509591	NOSIP	XM_016936552.3	-	1	52509591	52509730	138	5
NC_072418.2	52509402	52510215	-1	1	-	NC_072418.2	52509945	52510104	52509730	52509848	NOSIP	XM_016936553.3	-	1	52509848	52509945	96	3
NC_072418.2	52546553	52550192	3	1	+	NC_072418.2	52546606	52546767	52546849	52550165	PRR12	XM_016936548.4	+	3	52546767	52546849	81	2
NC_072418.2	52613775	52614474	-1	1	-	NC_072418.2	52614258	52614450	52613781	52614161	IRF3	XM_016936563.4	-	1	52614161	52614258	96	5
NC_072418.2	52613775	52614474	-1	1	-	NC_072418.2	52614258	52614420	52613781	52614161	IRF3	XM_063802086.1	-	1	52614161	52614258	96	2
NC_072418.2	52614984	52615428	-1	1	-	NC_072418.2	52615176	52615347	52615021	52615091	IRF3	XM_016936563.4	-	1	52615091	52615176	84	5
NC_072418.2	52640940	52641399	1	1	+	NC_072418.2	52641034	52641159	52641241	52641324	ADM5	XM_063800412.1	+	1	52641159	52641241	81	1
NC_072418.2	52656469	52656907	2	1	+	NC_072418.2	52656593	52656700	52656800	52656884	CPT1C	XM_016936579.3	+	2	52656700	52656800	99	6
NC_072418.2	52782227	52782668	3	1	+	NC_072418.2	52782299	52782356	52782507	52782614	MED25	XM_016936596.4	+	3	52782356	52782507	150	6
NC_072418.2	52804335	52804971	1	1	+	NC_072418.2	52804642	52804779	52804888	52804970	PTOV1	XM_016936620.4	+	1	52804779	52804888	108	9
NC_072418.2	52812337	52812583	-3	1	-	NC_072418.2	52812535	52812583	52812383	52812453	PNKP	XM_016936612.4	-	3	52812453	52812535	81	3
NC_072418.2	52834262	52834640	3	1	+	NC_072418.2	52834279	52834379	52834479	52834578	TBC1D17	XM_001173398.6	+	3	52834379	52834479	99	2
NC_072418.2	52837220	52838522	3	1	+	NC_072418.2	52837282	52837379	52837530	52837646	TBC1D17	XM_001173398.6	+	3	52837379	52837530	150	2
NC_072418.2	52837220	52838522	3	1	+	NC_072418.2	52837530	52837646	52838043	52838129	TBC1D17	XM_001173398.6	+	3	52837646	52838043	396	2
NC_072418.2	53225145	53225670	-1	1	-	NC_072418.2	53225466	53225589	53225158	53225276	LOC456226	XM_530061.9	-	1	53225276	53225466	189	1
NC_072418.2	53304680	53305154	3	1	+	NC_072418.2	53304762	53304894	53304976	53305089	POLD1	XM_016936649.4	+	3	53304894	53304976	81	5
NC_072418.2	53350021	53350579	2	1	+	NC_072418.2	53350022	53350181	53350383	53350519	MYBPC2	XM_024351602.3	+	2	53350181	53350383	201	1
NC_072418.2	53574946	53575579	-3	1	-	NC_072418.2	53575513	53575536	53575240	53575308	SHANK1	XM_024351603.3	-	3	53575308	53575513	204	3
NC_072418.2	53604983	53605685	-2	1	-	NC_072418.2	53605398	53605652	53605008	53605211	SHANK1	XM_024351603.3	-	2	53605211	53605398	186	4
NC_072418.2	54192762	54193803	-1	1	-	NC_072418.2	54193476	54193754	54192783	54193079	VSIG10L	XM_016936705.4	-	1	54193079	54193476	396	1
NC_072418.2	55282637	55284452	3	1	+	NC_072418.2	55282671	55282755	55282840	55284452	ZNF528	XM_063802169.1	+	3	55282755	55282840	84	1
NC_072418.2	5552492	5552936	3	1	+	NC_072418.2	5552642	5552720	5552880	5552936	NCLN	XM_009434353.5	+	3	5552720	5552880	159	2
NC_072418.2	56927693	56928197	-2	1	-	NC_072418.2	56928054	56928123	56927754	56927972	TFPT	XM_001174794.8	-	2	56927972	56928054	81	6
NC_072418.2	56968816	56969437	2	1	+	NC_072418.2	56968841	56969228	56969313	56969436	CNOT3	XM_016936768.3	+	2	56969228	56969313	84	24
NC_072418.2	57040395	57041286	-1	1	-	NC_072418.2	57040914	57041198	57040464	57040766	LILRB3	NM_001009055.2	-	1	57040766	57040914	147	10
NC_072418.2	57040395	57041286	-1	1	-	NC_072418.2	57040914	57041283	57040464	57040766	LILRB3	XM_024351036.3	-	1	57040766	57040914	147	1
NC_072418.2	57061620	57062463	-1	1	-	NC_072418.2	57062139	57062423	57061689	57061991	LILRA6	NM_001009056.1	-	1	57061991	57062139	147	2
NC_072418.2	57061620	57062463	-1	1	-	NC_072418.2	57062139	57062423	57061621	57061991	LILRA6	XM_024351038.2	-	1	57061991	57062139	147	1
NC_072418.2	57288406	57289303	2	1	+	NC_072418.2	57288503	57288632	57288714	57288921	LENG8	XM_001174973.6	+	2	57288632	57288714	81	8
NC_072418.2	57288406	57289303	2	1	+	NC_072418.2	57288503	57288632	57288714	57289303	LENG8	XM_009436383.5	+	2	57288632	57288714	81	11
NC_072418.2	57374266	57374653	2	1	+	NC_072418.2	57374304	57374356	57374465	57374653	KIR3DX1	NM_001048050.2	+	2	57374356	57374465	108	1
NC_072418.2	57422359	57423154	2	1	+	NC_072418.2	57422385	57422672	57422820	57423122	LILRA3	NM_001008981.1	+	2	57422672	57422820	147	1
NC_072418.2	57456811	57457720	2	1	+	NC_072418.2	57456891	57457193	57457512	57457562	LILRB1	NM_001008979.1	+	2	57457193	57457512	318	18
NC_072418.2	57460324	57460768	2	1	+	NC_072418.2	57460388	57460546	57460625	57460768	LILRB1	NM_001008979.1	+	2	57460546	57460625	78	30
NC_072418.2	57490913	57492314	3	1	+	NC_072418.2	57490951	57491235	57491383	57491682	LILRB4	NM_001009045.1	+	3	57491235	57491383	147	14
NC_072418.2	57490913	57492314	3	1	+	NC_072418.2	57491383	57491682	57491995	57492045	LILRB4	NM_001009045.1	+	3	57491682	57491995	312	14
NC_072418.2	57676000	57676378	2	1	+	NC_072418.2	57676020	57676072	57676172	57676345	KIR3DL1	NM_001105154.1	+	2	57676072	57676172	99	1
NC_072418.2	57888215	57888851	3	1	+	NC_072418.2	57888216	57888342	57888535	57888623	EPS8L1	XM_016936838.4	+	3	57888342	57888535	192	7
NC_072418.2	57892787	57893312	3	1	+	NC_072418.2	57892830	57892941	57893137	57893311	EPS8L1	XM_016936838.4	+	3	57892941	57893137	195	7
NC_072418.2	57899101	57899440	-3	1	-	NC_072418.2	57899264	57899349	57899103	57899143	PPP1R12C	XM_016936851.4	-	3	57899143	57899264	120	1
NC_072418.2	57899101	57899440	-3	1	-	NC_072418.2	57899264	57899346	57899103	57899143	PPP1R12C	XM_016936852.4	-	3	57899143	57899264	120	1
NC_072418.2	57971518	57972136	-3	1	-	NC_072418.2	57971981	57972106	57971753	57971875	DNAAF3	NM_001280166.1	-	3	57971875	57971981	105	11
NC_072418.2	58104391	58104763	2	1	+	NC_072418.2	58104550	58104583	58104665	58104733	BRSK1	XM_016936870.3	+	2	58104583	58104665	81	2
NC_072418.2	58241395	58242445	-3	1	-	NC_072418.2	58242341	58242418	58241396	58242274	LOC112206412	XM_054673553.2	-	3	58242274	58242341	66	1
NC_072418.2	58302862	58304506	2	1	+	NC_072418.2	58302912	58303220	58303440	58303553	SSC5D	XM_016936890.4	+	2	58303220	58303440	219	2
NC_072418.2	58302862	58304506	2	1	+	NC_072418.2	58303440	58303553	58303800	58303910	SSC5D	XM_016936890.4	+	2	58303553	58303800	246	2
NC_072418.2	5877716	5878322	3	1	+	NC_072418.2	5877909	5878010	5878284	5878322	FZR1	XM_016937045.4	+	3	5878010	5878284	273	2
NC_072418.2	5877716	5878322	3	1	+	NC_072418.2	5877909	5878001	5878284	5878322	FZR1	XM_016937046.4	+	3	5878001	5878284	282	2
NC_072418.2	5886329	5887466	3	1	+	NC_072418.2	5886647	5886885	5886970	5887095	TEKTIP1	XM_003316002.7	+	3	5886885	5886970	84	1
NC_072418.2	5886329	5887466	3	1	+	NC_072418.2	5886647	5886885	5886970	5887466	TEKTIP1	XM_016937049.4	+	3	5886885	5886970	84	1
NC_072418.2	5886329	5887466	3	1	+	NC_072418.2	5886435	5886885	5886970	5887095	TEKTIP1	XM_054673868.2	+	3	5886885	5886970	84	1
NC_072418.2	5890494	5891022	-1	1	-	NC_072418.2	5890897	5890989	5890714	5890806	MFSD12	XM_016937047.4	-	1	5890806	5890897	90	2
NC_072418.2	5929263	5930214	1	1	+	NC_072418.2	5929618	5929803	5929939	5930119	GIPC3	XM_016937054.3	+	1	5929803	5929939	135	2
NC_072418.2	59519898	59520333	1	1	+	NC_072418.2	59519899	59520025	59520143	59520238	ZNF470	XM_054673000.2	+	1	59520025	59520143	117	4
NC_072418.2	59519898	59520333	1	1	+	NC_072418.2	59519992	59520025	59520143	59520238	ZNF470	XM_063802293.1	+	1	59520025	59520143	117	2
NC_072418.2	60916430	60916904	-2	1	-	NC_072418.2	60916763	60916883	60916550	60916654	C19H19orf18	XM_016936977.4	-	2	60916654	60916763	108	3
NC_072418.2	6095635	6096238	-3	1	-	NC_072418.2	6095996	6096166	6095684	6095896	APBA3	XM_001136296.8	-	3	6095896	6095996	99	6
NC_072418.2	61438618	61439032	-3	1	-	NC_072418.2	61438886	61439016	61438619	61438792	SLC27A5	XM_001148729.6	-	3	61438792	61438886	93	1
NC_072418.2	61490679	61491183	1	1	+	NC_072418.2	61490708	61490820	61491046	61491178	TRIM28	XM_016937016.4	+	1	61490820	61491046	225	1
NC_072418.2	61493685	61494147	1	1	+	NC_072418.2	61493771	61493877	61494022	61494058	TRIM28	XM_016937016.4	+	1	61493877	61494022	144	1
NC_072418.2	61495231	61495621	2	1	+	NC_072418.2	61495232	61495318	61495430	61495567	TRIM28	XM_016937016.4	+	2	61495318	61495430	111	1
NC_072418.2	61497085	61497553	-3	1	-	NC_072418.2	61497342	61497472	61497193	61497254	CHMP2A	XM_003316765.6	-	3	61497254	61497342	87	4
NC_072418.2	6282464	6283685	3	1	+	NC_072418.2	6282537	6282585	6283528	6283684	NMRK2	XM_024351329.3	+	3	6282585	6283528	942	2
NC_072418.2	6282464	6283685	3	1	+	NC_072418.2	6282522	6282585	6283528	6283684	NMRK2	XM_063801006.1	+	3	6282585	6283528	942	2
NC_072418.2	6383734	6384352	2	1	+	NC_072418.2	6383854	6383984	6384096	6384352	PIAS4	NM_001280525.1	+	2	6383984	6384096	111	3
NC_072418.2	6561792	6563835	1	1	+	NC_072418.2	6561869	6561987	6562135	6563733	ANKRD24	XM_016934683.4	+	1	6561987	6562135	147	29
NC_072418.2	6672927	6673488	-1	1	-	NC_072418.2	6673167	6673328	6672987	6673079	STAP2	XM_054673473.2	-	1	6673079	6673167	87	4
NC_072418.2	6702720	6703143	1	1	+	NC_072418.2	6702811	6702883	6702959	6703035	MPND	XM_016934711.4	+	1	6702883	6702959	75	4
NC_072418.2	6834842	6835148	3	1	+	NC_072418.2	6834867	6834983	6835065	6835136	HDGFL2	XM_016934728.4	+	3	6834983	6835065	81	4
NC_072418.2	6839156	6839825	3	1	+	NC_072418.2	6839272	6839347	6839456	6839765	HDGFL2	XM_016934728.4	+	3	6839347	6839456	108	4
NC_072418.2	7289866	7290328	2	1	+	NC_072418.2	7289884	7290007	7290095	7290202	UHRF1	XM_001139745.6	+	2	7290007	7290095	87	3
NC_072418.2	8012887	8013733	2	1	+	NC_072418.2	8012984	8013102	8013283	8013386	SAFB	XM_016934765.4	+	2	8013102	8013283	180	2
NC_072418.2	8012887	8013733	2	1	+	NC_072418.2	8012984	8013102	8013289	8013386	SAFB	XM_016934767.4	+	2	8013102	8013289	186	2
NC_072418.2	8025372	8025630	-1	1	-	NC_072418.2	8025492	8025543	8025373	8025377	MICOS13	XM_009434460.4	-	1	8025377	8025492	114	1
NC_072418.2	8032844	8034101	3	1	+	NC_072418.2	8032966	8033057	8033349	8033442	HSD11B1L	XM_016934780.3	+	3	8033057	8033349	291	13
NC_072418.2	8032844	8034101	3	1	+	NC_072418.2	8033052	8033057	8033349	8033442	HSD11B1L	XM_063801054.1	+	3	8033057	8033349	291	3
NC_072418.2	8136864	8137407	-1	1	-	NC_072418.2	8137294	8137335	8136955	8137107	DUS3L	XM_016934791.4	-	1	8137107	8137294	186	2
NC_072418.2	8743165	8743756	-3	1	-	NC_072418.2	8743564	8743625	8743369	8743488	GTF2F1	NM_001280450.1	-	3	8743488	8743564	75	1
NC_072418.2	8777032	8777815	-3	1	-	NC_072418.2	8777386	8777463	8777033	8777307	KHSRP	XM_024351124.3	-	3	8777307	8777386	78	4
NC_072418.2	8778249	8779098	-1	1	-	NC_072418.2	8778753	8778897	8778505	8778665	KHSRP	XM_024351124.3	-	1	8778665	8778753	87	4
NC_072418.2	8793878	8794538	-2	1	-	NC_072418.2	8794188	8794340	8793903	8794010	SLC25A41	XM_009434473.2	-	2	8794010	8794188	177	2
NC_072418.2	8793878	8794538	-2	1	-	NC_072418.2	8794188	8794289	8793903	8794010	SLC25A41	XM_063801070.1	-	2	8794010	8794188	177	1
NC_072418.2	8839711	8840092	-3	1	-	NC_072418.2	8839967	8840068	8839757	8839882	DENND1C	XM_016934820.4	-	3	8839882	8839967	84	4
NC_072418.2	8865188	8865575	-2	1	-	NC_072418.2	8865467	8865575	8865239	8865349	TUBB4A	NM_001280428.1	-	2	8865349	8865467	117	1
NC_072418.2	9045674	9046013	-2	1	-	NC_072418.2	9045896	9045979	9045676	9045811	C3	XM_024351451.3	-	2	9045811	9045896	84	1
NC_072418.2	9051918	9052302	-1	1	-	NC_072418.2	9052092	9052182	9051920	9051971	C3	XM_024351451.3	-	1	9051971	9052092	120	1
NC_072418.2	9052213	9052678	-3	1	-	NC_072418.2	9052520	9052678	9052307	9052366	C3	XM_024351451.3	-	3	9052366	9052520	153	1
NC_072418.2	9077471	9078863	-2	1	-	NC_072418.2	9078534	9078743	9078186	9078392	C3	XM_024351451.3	-	2	9078392	9078534	141	1
NC_072418.2	9081635	9082064	-2	1	-	NC_072418.2	9081928	9082022	9081740	9081822	C3	XM_024351451.3	-	2	9081822	9081928	105	1
NC_072418.2	9098504	9098903	-2	1	-	NC_072418.2	9098762	9098845	9098550	9098674	GPR108	XM_054673265.2	-	2	9098674	9098762	87	1
NC_072418.2	9098548	9099031	-3	1	-	NC_072418.2	9098762	9098845	9098550	9098674	GPR108	XM_016934831.4	-	3	9098674	9098762	87	3
NC_072418.2	9098548	9099031	-3	1	-	NC_072418.2	9098762	9098797	9098550	9098674	GPR108	XM_054673263.1	-	3	9098674	9098762	87	1
NC_072418.2	9117444	9118032	1	1	+	NC_072418.2	9117534	9117666	9117892	9118031	TRIP10	XM_003316039.6	+	1	9117666	9117892	225	8
NC_072418.2	9263321	9263963	3	1	+	NC_072418.2	9263527	9263682	9263806	9263925	ADGRE1	XM_016934843.3	+	3	9263682	9263806	123	3
NC_072418.2	9303227	9303842	3	1	+	NC_072418.2	9303269	9303437	9303570	9303674	ADGRE1	XM_016934843.3	+	3	9303437	9303570	132	2
NC_072418.2	9881854	9882451	2	1	+	NC_072418.2	9882060	9882185	9882282	9882451	ARHGEF18	XM_001145436.6	+	2	9882185	9882282	96	11
NC_072418.2	9941425	9942112	2	1	+	NC_072418.2	9941444	9941545	9941933	9942055	MCOLN1	XM_001152409.6	+	2	9941545	9941933	387	3
NC_072418.2	9953601	9954093	1	1	+	NC_072418.2	9953671	9953751	9953839	9954001	PNPLA6	XM_016934870.4	+	1	9953751	9953839	87	7
NC_072418.2	9954878	9955544	3	1	+	NC_072418.2	9955000	9955109	9955200	9955367	PNPLA6	XM_016934870.4	+	3	9955109	9955200	90	7
NC_072418.2	9954878	9955544	3	1	+	NC_072418.2	9955200	9955367	9955446	9955523	PNPLA6	XM_016934870.4	+	3	9955367	9955446	78	7
NC_072418.2	9973370	9973865	3	1	+	NC_072418.2	9973452	9973548	9973645	9973754	PNPLA6	XM_016934870.4	+	3	9973548	9973645	96	7
NC_072419.2	10268597	10269254	-3	1	-	NC_072419.2	10268857	10269202	10268666	10268775	GFRA4	XM_016937241.4	-	3	10268775	10268857	81	1
NC_072419.2	24139142	24139718	-3	1	-	NC_072419.2	24139509	24139601	24139344	24139427	RRBP1	XM_024352281.3	-	3	24139427	24139509	81	15
NC_072419.2	38049961	38050474	2	1	+	NC_072419.2	38050151	38050221	38050345	38050473	MYLK2	XM_003316903.7	+	2	38050221	38050345	123	1
NC_072419.2	38167308	38167749	-2	1	-	NC_072419.2	38167548	38167628	38167309	38167328	PDRG1	XM_016937655.3	-	2	38167328	38167548	219	1
NC_072419.2	39292710	39293691	1	1	+	NC_072419.2	39292730	39292792	39293183	39293690	BPIFB4	XM_016937706.2	+	1	39292792	39293183	390	2
NC_072419.2	41229655	41230390	2	1	+	NC_072419.2	41229679	41229802	41229911	41230047	MYH7B	XM_016937749.3	+	2	41229802	41229911	108	6
NC_072419.2	41232864	41233365	1	1	+	NC_072419.2	41232952	41233128	41233219	41233364	MYH7B	XM_016937749.3	+	1	41233128	41233219	90	6
NC_072419.2	41237794	41238247	2	1	+	NC_072419.2	41237837	41237941	41238023	41238118	MYH7B	XM_016937749.3	+	2	41237941	41238023	81	6
NC_072419.2	51555435	51555861	-2	1	-	NC_072419.2	51555717	51555839	51555498	51555620	MATN4	XM_009437292.5	-	2	51555620	51555717	96	3
NC_072419.2	51570723	51571320	1	1	+	NC_072419.2	51570841	51570944	51571050	51571320	RBPJL	XM_054675014.2	+	1	51570944	51571050	105	1
NC_072419.2	51674983	51675886	2	1	+	NC_072419.2	51675058	51675185	51675501	51675601	PIGT	XM_024352110.3	+	2	51675185	51675501	315	1
NC_072419.2	52082505	52083102	1	1	+	NC_072419.2	52082551	52082755	52082864	52082923	UBE2C	XM_001156993.7	+	1	52082755	52082864	108	2
NC_072419.2	52168712	52169198	-3	1	-	NC_072419.2	52168887	52169051	52168714	52168781	PLTP	XM_001158846.7	-	3	52168781	52168887	105	2
NC_072419.2	52212517	52212925	2	1	+	NC_072419.2	52212569	52212655	52212740	52212924	PCIF1	XM_016938019.4	+	2	52212655	52212740	84	4
NC_072419.2	52215657	52215963	-2	1	-	NC_072419.2	52215871	52215936	52215708	52215789	ZNF335	XM_016938016.4	-	2	52215789	52215871	81	6
NC_072419.2	52308416	52308737	3	1	+	NC_072419.2	52308436	52308534	52308679	52308736	SLC12A5	XM_016938021.2	+	3	52308534	52308679	144	2
NC_072419.2	52321876	52322419	2	1	+	NC_072419.2	52321987	52322120	52322331	52322419	SLC12A5	XM_016938021.2	+	2	52322120	52322331	210	2
NC_072419.2	52451267	52451909	-3	1	-	NC_072419.2	52451754	52451875	52451516	52451633	CDH22	XM_016938033.3	-	3	52451633	52451754	120	2
NC_072419.2	56897889	56898267	-2	1	-	NC_072419.2	56898115	56898240	56897891	56898036	RIPOR3	XM_016938128.4	-	2	56898036	56898115	78	5
NC_072419.2	62923628	62924315	3	1	+	NC_072419.2	62923659	62924144	62924259	62924310	TFAP2C	XM_001156107.4	+	3	62924144	62924259	114	1
NC_072419.2	63853962	63854688	1	1	+	NC_072419.2	63854138	63854341	63854471	63854658	PCK1	XM_009437454.4	+	1	63854341	63854471	129	2
NC_072419.2	68617338	68617899	1	1	+	NC_072419.2	68617361	68617518	68617708	68617810	ADRM1	XM_016938242.3	+	1	68617518	68617708	189	6
NC_072419.2	68620714	68621221	-1	1	-	NC_072419.2	68620940	68621090	68620716	68620861	LAMA5	XM_024352051.3	-	1	68620861	68620940	78	1
NC_072419.2	68620714	68621221	-1	1	-	NC_072419.2	68620955	68621090	68620716	68620861	LAMA5	XM_024352052.3	-	1	68620861	68620955	93	1
NC_072419.2	68620714	68621221	-1	1	-	NC_072419.2	68620940	68621090	68620718	68620861	LAMA5	XM_054674508.2	-	1	68620861	68620940	78	1
NC_072419.2	68622959	68623928	-3	1	-	NC_072419.2	68623633	68623769	68623203	68623356	LAMA5	XM_024352051.3	-	3	68623356	68623633	276	3
NC_072419.2	68625700	68626495	-1	1	-	NC_072419.2	68626193	68626334	68625982	68626084	LAMA5	XM_024352051.3	-	1	68626084	68626193	108	3
NC_072419.2	68626561	68629870	-1	1	-	NC_072419.2	68629649	68629845	68626976	68627092	LAMA5	XM_024352051.3	-	1	68627092	68629649	2556	3
NC_072419.2	68626561	68629870	-1	1	-	NC_072419.2	68626976	68627092	68626656	68626810	LAMA5	XM_024352051.3	-	1	68626810	68626976	165	3
NC_072419.2	68631618	68632170	-2	1	-	NC_072419.2	68631925	68632076	68631745	68631855	LAMA5	XM_024352051.3	-	2	68631855	68631925	69	3
NC_072419.2	68645910	68646348	-2	1	-	NC_072419.2	68646217	68646269	68646021	68646126	LAMA5	XM_024352051.3	-	2	68646126	68646217	90	3
NC_072419.2	69859989	69860373	1	1	+	NC_072419.2	69860009	69860086	69860165	69860373	PPDPF	XM_024352154.3	+	1	69860086	69860165	78	1
NC_072419.2	69899560	69900166	-1	1	-	NC_072419.2	69899920	69900076	69899677	69899844	HELZ2	XM_024352116.3	-	1	69899844	69899920	75	3
NC_072419.2	69901487	69902273	-3	1	-	NC_072419.2	69901823	69902133	69901574	69901735	HELZ2	XM_024352116.3	-	3	69901735	69901823	87	1
NC_072419.2	69901487	69902273	-3	1	-	NC_072419.2	69902039	69902133	69901823	69901954	HELZ2	XM_024352117.3	-	3	69901954	69902039	84	3
NC_072419.2	69901487	69902273	-3	1	-	NC_072419.2	69901823	69901954	69901574	69901735	HELZ2	XM_024352117.3	-	3	69901735	69901823	87	3
NC_072419.2	69985343	69986534	-3	1	-	NC_072419.2	69985958	69986053	69985500	69985675	STMN3	XM_514783.9	-	3	69985675	69985958	282	1
NC_072419.2	70002421	70003336	2	1	+	NC_072419.2	70002727	70002808	70003010	70003070	RTEL1	XM_009437638.5	+	2	70002808	70003010	201	14
NC_072419.2	70018808	70019045	3	1	+	NC_072419.2	70018843	70018881	70018966	70019044	RTEL1	XM_009437638.5	+	3	70018881	70018966	84	16
NC_072419.2	70030732	70031629	2	1	+	NC_072419.2	70030874	70031024	70031388	70031530	RTEL1	XM_009437638.5	+	2	70031024	70031388	363	13
NC_072419.2	70030732	70031629	2	1	+	NC_072419.2	70030972	70031024	70031388	70031530	RTEL1	XM_016947122.4	+	2	70031024	70031388	363	3
NC_072419.2	70035573	70036074	1	1	+	NC_072419.2	70035620	70035772	70036070	70036074	RTEL1	XM_016947125.4	+	1	70035772	70036070	297	2
NC_072419.2	70041629	70042205	-3	1	-	NC_072419.2	70042109	70042177	70041798	70041862	ARFRP1	XM_009437649.4	-	3	70041862	70042109	246	6
NC_072419.2	70041629	70042205	-3	1	-	NC_072419.2	70042109	70042174	70041798	70041862	ARFRP1	XM_009437654.4	-	3	70041862	70042109	246	2
NC_072419.2	70075161	70076115	1	1	+	NC_072419.2	70075301	70075420	70075634	70076039	ZGPAT	XM_003317054.5	+	1	70075420	70075634	213	8
NC_072419.2	70075161	70076115	1	1	+	NC_072419.2	70075241	70075420	70075634	70076039	ZGPAT	XM_009437642.3	+	1	70075420	70075634	213	4
NC_072419.2	70077802	70078531	2	1	+	NC_072419.2	70078291	70078372	70078478	70078530	LIME1	XM_063802756.1	+	2	70078372	70078478	105	1
NC_072419.2	70078376	70079327	3	1	+	NC_072419.2	70078443	70078530	70078651	70078967	LIME1	XM_003317068.5	+	3	70078530	70078651	120	2
NC_072419.2	70082573	70083149	3	1	+	NC_072419.2	70082595	70082695	70082780	70083059	SLC2A4RG	XM_001155036.6	+	3	70082695	70082780	84	1
NC_072419.2	70083142	70083430	2	1	+	NC_072419.2	70083143	70083234	70083322	70083430	SLC2A4RG	XM_001155036.6	+	2	70083234	70083322	87	1
NC_072419.2	70283253	70283577	-2	1	-	NC_072419.2	70283421	70283577	70283254	70283330	UCKL1	NM_001280371.1	-	2	70283330	70283421	90	19
NC_072419.2	70283600	70284212	-3	1	-	NC_072419.2	70283865	70283987	70283649	70283756	UCKL1	NM_001280371.1	-	3	70283756	70283865	108	19
NC_072419.2	70287289	70288051	-1	1	-	NC_072419.2	70287565	70287754	70287416	70287477	UCKL1	NM_001280371.1	-	1	70287477	70287565	87	21
NC_072419.2	70309102	70309900	-1	1	-	NC_072419.2	70309772	70309834	70309139	70309237	ZNF512B	XM_024352133.2	-	1	70309237	70309772	534	3
NC_072419.2	70311369	70311825	-2	1	-	NC_072419.2	70311619	70311743	70311448	70311540	ZNF512B	XM_024352133.2	-	2	70311540	70311619	78	3
NC_072419.2	70311736	70312315	-1	1	-	NC_072419.2	70312150	70312221	70311901	70312047	ZNF512B	XM_024352133.2	-	1	70312047	70312150	102	3
NC_072419.2	70340871	70341669	1	1	+	NC_072419.2	70340917	70341093	70341328	70341483	PRPF6	XM_016938284.4	+	1	70341093	70341328	234	1
NC_072419.2	70382246	70382990	3	1	+	NC_072419.2	70382388	70382663	70382757	70382909	C21H20orf204	XM_009437672.5	+	3	70382663	70382757	93	1
NC_072419.2	70392591	70394163	-2	1	-	NC_072419.2	70393581	70393929	70392592	70393385	SOX18	XM_016938285.3	-	2	70393385	70393581	195	1
NC_072419.2	70566982	70567378	2	1	+	NC_072419.2	70567114	70567176	70567294	70567362	MYT1	XM_016938301.3	+	2	70567176	70567294	117	3
NC_072419.2	9296460	9297075	-2	1	-	NC_072419.2	9296920	9296955	9296692	9296772	IDH3B	XM_024352097.2	-	2	9296772	9296920	147	2
NC_072419.2	9381805	9382621	2	1	+	NC_072419.2	9382239	9382372	9382466	9382592	EBF4	XM_016937330.4	+	2	9382372	9382466	93	4
NC_072419.2	9475053	9475527	1	1	+	NC_072419.2	9475157	9475254	9475342	9475470	VPS16	XM_009436712.4	+	1	9475254	9475342	87	1
NC_072419.2	9477662	9478190	3	1	+	NC_072419.2	9477723	9477854	9477951	9478078	VPS16	XM_009436712.4	+	3	9477854	9477951	96	1
NC_072419.2	9683616	9684162	1	1	+	NC_072419.2	9683824	9684025	9684110	9684162	OXT	XM_001160221.7	+	1	9684025	9684110	84	1
NC_072419.2	9694427	9695135	-3	1	-	NC_072419.2	9694769	9694970	9694428	9694597	AVP	XM_001160259.7	-	3	9694597	9694769	171	1
NC_072419.2	9842494	9843079	-1	1	-	NC_072419.2	9842962	9843055	9842728	9842853	SLC4A11	XM_009436722.5	-	1	9842853	9842962	108	21
NC_072419.2	9842494	9843079	-1	1	-	NC_072419.2	9842728	9842853	9842527	9842640	SLC4A11	XM_009436722.5	-	1	9842640	9842728	87	21
NC_072420.2	31449627	31450443	-2	1	-	NC_072420.2	31449839	31450338	31449628	31449667	LOC129138265	XM_054675069.1	-	2	31449667	31449839	171	1
NC_072420.2	34213570	34213978	-1	1	-	NC_072420.2	34213856	34213971	34213571	34213759	GART	XM_003319054.6	-	1	34213759	34213856	96	13
NC_072420.2	43143278	43143698	-3	1	-	NC_072420.2	43143549	43143662	43143341	43143446	RSPH1	XM_009436126.5	-	3	43143446	43143549	102	5
NC_072420.2	43385047	43385476	2	1	+	NC_072420.2	43385109	43385288	43385409	43385463	PDE9A	XM_001140174.8	+	2	43385288	43385409	120	2
NC_072420.2	44019588	44020872	-2	1	-	NC_072420.2	44020809	44020872	44020473	44020634	SIK1	XM_054675309.2	-	2	44020634	44020809	174	3
NC_072420.2	44019588	44020872	-2	1	-	NC_072420.2	44020473	44020634	44019754	44019878	SIK1	XM_054675309.2	-	2	44019878	44020473	594	3
NC_072420.2	45181777	45182677	-1	1	-	NC_072420.2	45182303	45182623	45181778	45182206	LOC738463	XM_009441522.4	-	1	45182206	45182303	96	1
NC_072420.2	45181777	45182677	-1	1	-	NC_072420.2	45182303	45182623	45181778	45182080	LOC738463	XM_016938650.3	-	1	45182080	45182303	222	1
NC_072420.2	45222094	45223042	-1	1	-	NC_072420.2	45222680	45222853	45222095	45222568	LOC738211	XM_009441473.3	-	1	45222568	45222680	111	1
NC_072420.2	45222094	45223042	-1	1	-	NC_072420.2	45222620	45222925	45222095	45222523	LOC738211	XM_009441478.2	-	1	45222523	45222620	96	1
NC_072420.2	45222094	45223042	-1	1	-	NC_072420.2	45222680	45222925	45222485	45222568	LOC738211	XM_009441483.2	-	1	45222568	45222680	111	1
NC_072420.2	45222094	45223042	-1	1	-	NC_072420.2	45222485	45222568	45222095	45222397	LOC738211	XM_009441483.2	-	1	45222397	45222485	87	1
NC_072420.2	45242630	45243605	3	1	+	NC_072420.2	45242700	45243203	45243312	45243421	KRTAP10-11	XM_016938647.3	+	3	45243203	45243312	108	1
NC_072420.2	45939031	45939844	-1	1	-	NC_072420.2	45939565	45939815	45939160	45939219	POFUT2	XM_063803341.1	-	1	45939219	45939565	345	2
NC_072420.2	46151464	46152802	2	1	+	NC_072420.2	46151489	46151524	46151879	46151968	COL18A1	XM_009441667.4	+	2	46151524	46151879	354	9
NC_072420.2	46193015	46194248	-3	1	-	NC_072420.2	46193459	46194215	46193017	46193218	SLC19A1	XM_001157360.8	-	3	46193218	46193459	240	6
NC_072420.2	46193015	46194248	-3	1	-	NC_072420.2	46193459	46194050	46193017	46193218	SLC19A1	XM_024352341.3	-	3	46193218	46193459	240	2
NC_072420.2	46660938	46661712	1	1	+	NC_072420.2	46661079	46661238	46661497	46661625	COL6A1	XM_024352466.3	+	1	46661238	46661497	258	1
NC_072420.2	46673594	46674149	3	1	+	NC_072420.2	46673595	46673660	46674099	46674134	COL6A1	XM_024352466.3	+	3	46673660	46674099	438	1
NC_072420.2	46807124	46808237	3	1	+	NC_072420.2	46807152	46807214	46807464	46807499	COL6A2	XM_016938669.4	+	3	46807214	46807464	249	2
NC_072420.2	46807124	46808237	3	1	+	NC_072420.2	46807464	46807499	46807845	46807890	COL6A2	XM_016938669.4	+	3	46807499	46807845	345	2
NC_072420.2	46808002	46808854	2	1	+	NC_072420.2	46808025	46808177	46808346	46808798	COL6A2	XM_016938669.4	+	2	46808177	46808346	168	2
NC_072420.2	46827519	46828314	-2	1	-	NC_072420.2	46828027	46828156	46827586	46827747	FTCD	XM_024352371.3	-	2	46827747	46828027	279	3
NC_072420.2	47082422	47083466	3	1	+	NC_072420.2	47082532	47082761	47083281	47083397	PCNT	XM_003319136.6	+	3	47082761	47083281	519	15
NC_072421.2	101243994	101244573	1	1	+	NC_072421.2	101244004	101244060	101244235	101244548	TCEAL1	XM_063804029.1	+	1	101244060	101244235	174	1
NC_072421.2	106064925	106065180	1	1	+	NC_072421.2	106064926	106064961	106065052	106065093	COL4A5	XM_016942896.4	+	1	106064961	106065052	90	1
NC_072421.2	117656402	117657413	-1	1	-	NC_072421.2	117657071	117657377	117656612	117656899	LOC473763	XM_024353269.3	-	1	117656899	117657071	171	3
NC_072421.2	120618857	120619148	-1	1	-	NC_072421.2	120619057	120619059	120618858	120618996	LOC465841	XM_024353102.3	-	1	120618996	120619057	60	1
NC_072421.2	130764155	130764764	-1	1	-	NC_072421.2	130764452	130764627	130764156	130764355	GPC4	XM_529161.9	-	1	130764355	130764452	96	1
NC_072421.2	130766863	130767481	-2	1	-	NC_072421.2	130767311	130767441	130767059	130767205	GPC4	XM_529161.9	-	2	130767205	130767311	105	1
NC_072421.2	13896245	13897364	-1	1	-	NC_072421.2	13897077	13897325	13896246	13896812	ATXN3L	XM_063804927.1	-	1	13896812	13897077	264	1
NC_072421.2	146925428	146926073	3	1	+	NC_072421.2	146925553	146925685	146925953	146926068	EOLA1	XM_024353079.2	+	3	146925685	146925953	267	6
NC_072421.2	147450036	147450678	-3	1	-	NC_072421.2	147450425	147450649	147450042	147450157	EOLA2	XM_063804142.1	-	3	147450157	147450425	267	3
NC_072421.2	147450036	147450678	-3	1	-	NC_072421.2	147450425	147450554	147450042	147450157	EOLA2	XM_063804146.1	-	3	147450157	147450425	267	1
NC_072421.2	147450036	147450678	-3	1	-	NC_072421.2	147450425	147450582	147450042	147450157	EOLA2	XM_063804147.1	-	3	147450157	147450425	267	2
NC_072421.2	150401199	150401568	1	1	+	NC_072421.2	150401224	150401257	150401444	150401567	ZNF185	XM_016944473.2	+	1	150401257	150401444	186	11
NC_072421.2	151021831	151022302	2	1	+	NC_072421.2	151021832	151022011	151022114	151022201	ATP2B3	XM_016944502.3	+	2	151022011	151022114	102	8
NC_072421.2	151138502	151138910	-1	1	-	NC_072421.2	151138715	151138763	151138504	151138573	PNCK	XM_016947647.1	-	1	151138573	151138715	141	1
NC_072421.2	151138518	151138770	-3	1	-	NC_072421.2	151138715	151138749	151138520	151138573	PNCK	XM_016947650.1	-	3	151138573	151138715	141	1
NC_072421.2	151236706	151237090	2	1	+	NC_072421.2	151236725	151236850	151236932	151237048	PLXNB3	XM_016944540.3	+	2	151236850	151236932	81	6
NC_072421.2	151239812	151240583	3	1	+	NC_072421.2	151239870	151240109	151240197	151240355	PLXNB3	XM_016944540.3	+	3	151240109	151240197	87	6
NC_072421.2	151239812	151240583	3	1	+	NC_072421.2	151240197	151240355	151240431	151240582	PLXNB3	XM_016944540.3	+	3	151240355	151240431	75	6
NC_072421.2	151243261	151243807	2	1	+	NC_072421.2	151243284	151243456	151243604	151243764	PLXNB3	XM_016944540.3	+	2	151243456	151243604	147	6
NC_072421.2	151243709	151244450	3	1	+	NC_072421.2	151244024	151244171	151244337	151244401	PLXNB3	XM_016944540.3	+	3	151244171	151244337	165	6
NC_072421.2	151244457	151245102	1	1	+	NC_072421.2	151244472	151244547	151244677	151244738	PLXNB3	XM_016944540.3	+	1	151244547	151244677	129	1
NC_072421.2	151244457	151245102	1	1	+	NC_072421.2	151244677	151244738	151245012	151245102	PLXNB3	XM_016944540.3	+	1	151244738	151245012	273	1
NC_072421.2	151244457	151245102	1	1	+	NC_072421.2	151244472	151244547	151244677	151244751	PLXNB3	XM_016944542.3	+	1	151244547	151244677	129	5
NC_072421.2	151247167	151247692	2	1	+	NC_072421.2	151247293	151247423	151247583	151247691	SRPK3	XM_016944556.4	+	2	151247423	151247583	159	2
NC_072421.2	151248807	151249488	1	1	+	NC_072421.2	151249021	151249186	151249292	151249317	SRPK3	XM_016944556.4	+	1	151249186	151249292	105	3
NC_072421.2	151251059	151251569	3	1	+	NC_072421.2	151251133	151251225	151251388	151251569	SRPK3	XM_016944556.4	+	3	151251225	151251388	162	3
NC_072421.2	151263075	151263603	1	1	+	NC_072421.2	151263085	151263115	151263230	151263375	SSR4	XM_063804137.1	+	1	151263115	151263230	114	2
NC_072421.2	151263075	151263603	1	1	+	NC_072421.2	151263085	151263115	151263278	151263375	SSR4	XM_063804138.1	+	1	151263115	151263278	162	2
NC_072421.2	151330014	151330722	-3	1	-	NC_072421.2	151330470	151330625	151330023	151330157	L1CAM	NM_001193680.1	-	3	151330157	151330470	312	7
NC_072421.2	151330954	151331644	-2	1	-	NC_072421.2	151331236	151331358	151330969	151331142	L1CAM	NM_001193680.1	-	2	151331142	151331236	93	7
NC_072421.2	151333424	151334120	-1	1	-	NC_072421.2	151333934	151334044	151333490	151333687	L1CAM	NM_001193680.1	-	1	151333687	151333934	246	7
NC_072421.2	151334434	151334947	-2	1	-	NC_072421.2	151334695	151334861	151334436	151334592	L1CAM	NM_001193680.1	-	2	151334592	151334695	102	7
NC_072421.2	151336851	151337454	-3	1	-	NC_072421.2	151337196	151337318	151336929	151337099	L1CAM	NM_001193680.1	-	3	151337099	151337196	96	7
NC_072421.2	151378275	151378767	-3	1	-	NC_072421.2	151378548	151378621	151378277	151378460	ARHGAP4	XM_003317773.6	-	3	151378460	151378548	87	10
NC_072421.2	151379222	151379777	-1	1	-	NC_072421.2	151379666	151379726	151379459	151379536	ARHGAP4	XM_003317773.6	-	1	151379536	151379666	129	7
NC_072421.2	151379222	151379777	-1	1	-	NC_072421.2	151379459	151379536	151379237	151379371	ARHGAP4	XM_003317773.6	-	1	151379371	151379459	87	7
NC_072421.2	151379222	151379777	-1	1	-	NC_072421.2	151379666	151379726	151379237	151379371	ARHGAP4	XM_009439825.5	-	1	151379371	151379666	294	3
NC_072421.2	151381699	151382437	-2	1	-	NC_072421.2	151382312	151382413	151381943	151382134	ARHGAP4	XM_003317773.6	-	2	151382134	151382312	177	7
NC_072421.2	151403848	151404178	-2	1	-	NC_072421.2	151404067	151404154	151403849	151403982	RENBP	XM_003317775.6	-	2	151403982	151404067	84	2
NC_072421.2	151483356	151484058	-3	1	-	NC_072421.2	151483887	151484022	151483641	151483808	IRAK1	XM_054676309.1	-	3	151483808	151483887	78	2
NC_072421.2	151483356	151484058	-3	1	-	NC_072421.2	151483641	151483808	151483407	151483538	IRAK1	XM_054676309.1	-	3	151483538	151483641	102	2
NC_072421.2	151483356	151484058	-3	1	-	NC_072421.2	151483641	151484022	151483407	151483538	IRAK1	XM_054676310.2	-	3	151483538	151483641	102	1
NC_072421.2	151743715	151744138	-2	1	-	NC_072421.2	151744015	151744119	151743790	151743867	EMD	XM_016947664.4	-	2	151743867	151744015	147	1
NC_072421.2	151761532	151762126	2	1	+	NC_072421.2	151761575	151761665	151761759	151761928	FLNA	XM_016947661.3	+	2	151761665	151761759	93	2
NC_072421.2	151771195	151772059	2	1	+	NC_072421.2	151771230	151771352	151771458	151771724	FLNA	XM_016947661.3	+	2	151771352	151771458	105	2
NC_072421.2	151771195	151772059	2	1	+	NC_072421.2	151771458	151771724	151771884	151772021	FLNA	XM_016947661.3	+	2	151771724	151771884	159	2
NC_072421.2	151811785	151812130	2	1	+	NC_072421.2	151811883	151811945	151812063	151812115	TAFAZZIN	NM_001009011.1	+	2	151811945	151812063	117	13
NC_072421.2	151834230	151834557	1	1	+	NC_072421.2	151834263	151834317	151834408	151834557	GDI1	NM_001009061.1	+	1	151834317	151834408	90	1
NC_072421.2	151858070	151858823	3	1	+	NC_072421.2	151858088	151858208	151858314	151858450	PLXNA3	XM_016944580.3	+	3	151858208	151858314	105	5
NC_072421.2	151858974	151859460	1	1	+	NC_072421.2	151858995	151859088	151859170	151859409	PLXNA3	XM_016944580.3	+	1	151859088	151859170	81	5
NC_072421.2	151859407	151859944	2	1	+	NC_072421.2	151859483	151859626	151859705	151859939	PLXNA3	XM_016944580.3	+	2	151859626	151859705	78	5
NC_072421.2	151859463	151860597	1	1	+	NC_072421.2	151860020	151860162	151860241	151860497	PLXNA3	XM_016944580.3	+	1	151860162	151860241	78	5
NC_072421.2	151860166	151861042	2	1	+	NC_072421.2	151860601	151860667	151860761	151860907	PLXNA3	XM_016944580.3	+	2	151860667	151860761	93	5
NC_072421.2	153494824	153495337	2	1	+	NC_072421.2	153494864	153494972	153495051	153495161	LOC750209	XM_024353613.3	+	2	153494972	153495051	78	1
NC_072421.2	19504114	19504900	-2	1	-	NC_072421.2	19504442	19504520	19504201	19504330	PHKA2	XM_016943186.4	-	2	19504330	19504442	111	5
NC_072421.2	24373914	24374361	1	1	+	NC_072421.2	24373978	24374029	24374120	24374203	SAT1	XM_016943428.2	+	1	24374029	24374120	90	1
NC_072421.2	38713447	38715955	-2	1	-	NC_072421.2	38715745	38715925	38714978	38715129	RPGR	XM_016943902.3	-	2	38715129	38715745	615	3
NC_072421.2	38713447	38715955	-2	1	-	NC_072421.2	38715745	38715925	38713448	38715129	RPGR	XM_054676973.2	-	2	38715129	38715745	615	2
NC_072421.2	47616880	47617462	2	1	+	NC_072421.2	47616939	47617099	47617271	47617368	RBM10	XM_016942696.3	+	2	47617099	47617271	171	4
NC_072421.2	47616880	47617462	2	1	+	NC_072421.2	47616939	47617096	47617271	47617368	RBM10	XM_016942697.2	+	2	47617096	47617271	174	4
NC_072421.2	47617972	47618926	2	1	+	NC_072421.2	47618270	47618456	47618562	47618701	RBM10	XM_016942696.3	+	2	47618456	47618562	105	8
NC_072421.2	47617972	47618926	2	1	+	NC_072421.2	47618562	47618701	47618804	47618921	RBM10	XM_016942696.3	+	2	47618701	47618804	102	8
NC_072421.2	47636225	47636717	3	1	+	NC_072421.2	47636234	47636402	47636505	47636639	UBA1	XM_016942690.4	+	3	47636402	47636505	102	8
NC_072421.2	47638089	47638695	1	1	+	NC_072421.2	47638293	47638383	47638495	47638627	UBA1	XM_016942690.4	+	1	47638383	47638495	111	8
NC_072421.2	47661634	47661919	2	1	+	NC_072421.2	47661635	47661760	47661851	47661907	CDK16	XM_003317445.6	+	2	47661760	47661851	90	17
NC_072421.2	47893112	47893670	-1	1	-	NC_072421.2	47893469	47893635	47893118	47893213	ZNF41	XM_054676777.2	-	1	47893213	47893469	255	4
NC_072421.2	47893112	47893670	-1	1	-	NC_072421.2	47893469	47893611	47893118	47893213	ZNF41	XM_054676781.2	-	1	47893213	47893469	255	6
NC_072421.2	47893112	47893670	-1	1	-	NC_072421.2	47893469	47893595	47893118	47893213	ZNF41	XM_054676785.2	-	1	47893213	47893469	255	4
NC_072421.2	48781273	48781720	2	1	+	NC_072421.2	48781281	48781378	48781469	48781720	FTSJ1	XM_016943910.3	+	2	48781378	48781469	90	1
NC_072421.2	48781273	48781720	2	1	+	NC_072421.2	48781275	48781378	48781469	48781666	FTSJ1	XM_016943911.4	+	2	48781378	48781469	90	2
NC_072421.2	48781273	48781720	2	1	+	NC_072421.2	48781281	48781378	48781469	48781666	FTSJ1	XM_016943912.3	+	2	48781378	48781469	90	2
NC_072421.2	48781273	48781720	2	1	+	NC_072421.2	48781275	48781378	48781469	48781720	FTSJ1	XM_054677013.2	+	2	48781378	48781469	90	2
NC_072421.2	48814571	48815105	3	1	+	NC_072421.2	48814685	48814810	48814970	48815070	PORCN	XM_016943082.4	+	3	48814810	48814970	159	23
NC_072421.2	48816100	48816478	2	1	+	NC_072421.2	48816165	48816241	48816338	48816401	PORCN	XM_016943082.4	+	2	48816241	48816338	96	24
NC_072421.2	48859656	48861471	1	1	+	NC_072421.2	48859657	48859845	48860113	48861471	TBC1D25	XM_016943094.3	+	1	48859845	48860113	267	3
NC_072421.2	49110935	49111535	3	1	+	NC_072421.2	49110965	49111093	49111289	49111457	HDAC6	XM_024353344.3	+	3	49111093	49111289	195	8
NC_072421.2	49262118	49262691	-3	1	-	NC_072421.2	49262503	49262665	49262320	49262403	KCND1	XM_016943406.4	-	3	49262403	49262503	99	2
NC_072421.2	49262118	49262691	-3	1	-	NC_072421.2	49262320	49262403	49262137	49262235	KCND1	XM_016943406.4	-	3	49262235	49262320	84	2
NC_072421.2	49276973	49277522	-1	1	-	NC_072421.2	49277364	49277459	49277184	49277240	GRIPAP1	XM_016943407.3	-	1	49277240	49277364	123	16
NC_072421.2	49283303	49283984	-1	1	-	NC_072421.2	49283883	49283960	49283559	49283651	GRIPAP1	XM_016943407.3	-	1	49283651	49283883	231	16
NC_072421.2	49462256	49463054	3	1	+	NC_072421.2	49462383	49462610	49462710	49462881	MAGIX	XM_009439070.5	+	3	49462610	49462710	99	2
NC_072421.2	49462256	49463054	3	1	+	NC_072421.2	49462281	49462610	49462710	49462881	MAGIX	XM_016944127.4	+	3	49462610	49462710	99	2
NC_072421.2	49519972	49520716	-2	1	-	NC_072421.2	49520381	49520588	49520170	49520290	CACNA1F	XM_016944118.2	-	2	49520290	49520381	90	1
NC_072421.2	49519972	49520716	-2	1	-	NC_072421.2	49520170	49520290	49519974	49520055	CACNA1F	XM_016944118.2	-	2	49520055	49520170	114	1
NC_072421.2	49525495	49525951	-2	1	-	NC_072421.2	49525712	49525908	49525497	49525600	CACNA1F	XM_016944118.2	-	2	49525600	49525712	111	1
NC_072421.2	49540660	49541278	2	1	+	NC_072421.2	49540889	49540955	49541055	49541233	CCDC22	XM_016943635.4	+	2	49540955	49541055	99	2
NC_072421.2	49546710	49547580	1	1	+	NC_072421.2	49546903	49546998	49547245	49547304	CCDC22	XM_016943635.4	+	1	49546998	49547245	246	2
NC_072421.2	49549071	49549548	-3	1	-	NC_072421.2	49549399	49549500	49549072	49549218	FOXP3	XM_016943636.4	-	3	49549218	49549399	180	2
NC_072421.2	49554458	49554917	-1	1	-	NC_072421.2	49554634	49554721	49554460	49554564	FOXP3	XM_016943636.4	-	1	49554564	49554634	69	2
NC_072421.2	51939549	51940056	1	1	+	NC_072421.2	51939589	51939652	51939878	51939957	MAGED1	XM_003317464.5	+	1	51939652	51939878	225	3
NC_072421.2	54483388	54483928	2	1	+	NC_072421.2	54483389	54483565	54483797	54483928	TSR2	XM_016943176.3	+	2	54483565	54483797	231	1
NC_072421.2	54483388	54483928	2	1	+	NC_072421.2	54483410	54483565	54483797	54483928	TSR2	XM_063803956.1	+	2	54483565	54483797	231	1
NC_072421.2	54848831	54849374	3	1	+	NC_072421.2	54848853	54849161	54849282	54849345	MAGED2	XM_016943409.3	+	3	54849161	54849282	120	3
NC_072421.2	54850950	54851307	1	1	+	NC_072421.2	54850977	54851056	54851150	54851192	MAGED2	XM_016943409.3	+	1	54851056	54851150	93	3
NC_072421.2	54964402	54964858	2	1	+	NC_072421.2	54964508	54964612	54964727	54964790	TRO	XM_016943412.2	+	2	54964612	54964727	114	7
NC_072421.2	54966437	54966797	3	1	+	NC_072421.2	54966467	54966546	54966640	54966682	TRO	XM_016943412.2	+	3	54966546	54966640	93	7
NC_072421.2	66488205	66488712	1	1	+	NC_072421.2	66488238	66488414	66488598	66488712	STARD8	XM_016943793.4	+	1	66488414	66488598	183	5
NC_072421.2	66606639	66607386	1	1	+	NC_072421.2	66606695	66606823	66606977	66607386	EFNB1	XM_016943922.2	+	1	66606823	66606977	153	1
NC_072421.2	68035628	68036345	3	1	+	NC_072421.2	68035793	68035992	68036194	68036345	AWAT1	XM_054676441.2	+	3	68035992	68036194	201	1
NC_072421.2	68227085	68227346	3	1	+	NC_072421.2	68227175	68227203	68227297	68227346	GDPD2	XM_001153082.7	+	3	68227203	68227297	93	4
NC_072421.2	68900938	68901358	-2	1	-	NC_072421.2	68901319	68901343	68901127	68901213	CXHXorf65	XM_054676555.2	-	2	68901213	68901319	105	1
NC_072421.2	68931987	68932383	1	1	+	NC_072421.2	68931988	68932065	68932156	68932373	MED12	NM_001009019.1	+	1	68932065	68932156	90	5
NC_072421.2	68931987	68932383	1	1	+	NC_072421.2	68931988	68932065	68932156	68932210	MED12	XM_016942623.4	+	1	68932065	68932156	90	2
NC_072421.2	68931987	68932383	1	1	+	NC_072421.2	68932156	68932210	68932286	68932373	MED12	XM_016942623.4	+	1	68932210	68932286	75	2
NC_072421.2	70814427	70815963	1	1	+	NC_072421.2	70815130	70815255	70815484	70815563	LOC129138853	XM_054676944.1	+	1	70815255	70815484	228	1
NC_072421.2	70814427	70815963	1	1	+	NC_072421.2	70815484	70815563	70815819	70815963	LOC129138853	XM_054676944.1	+	1	70815563	70815819	255	1
NC_072421.2	99907962	99908688	1	1	+	NC_072421.2	99908119	99908199	99908365	99908434	LOC735423	XM_024353293.3	+	1	99908199	99908365	165	7
NC_072421.2	99907962	99908688	1	1	+	NC_072421.2	99908365	99908434	99908591	99908679	LOC735423	XM_024353293.3	+	1	99908434	99908591	156	7
NC_072421.2	99964002	99964728	-3	1	-	NC_072421.2	99964492	99964572	99964257	99964326	LOC129138885	XM_054677135.1	-	3	99964326	99964492	165	6
NC_072421.2	99964002	99964728	-3	1	-	NC_072421.2	99964257	99964326	99964012	99964100	LOC129138885	XM_054677135.1	-	3	99964100	99964257	156	6
NC_072422.2	25633958	25634795	3	1	+	NC_072422.2	25634086	25634097	25634410	25634795	LOC101059302	XM_003954133.1	+	3	25634097	25634410	312	1
NC_072422.2	27160495	27161062	-3	1	-	NC_072422.2	27160894	27161010	27160497	27160638	LOC112208066	XM_054677206.1	-	3	27160638	27160894	255	1
NC_086015.1	116953688	116954210	3	1	+	NC_086015.1	116953808	116953913	116954004	116954114	SIDT1	XM_003950161.6	+	3	116953913	116954004	90	9
NC_086015.1	123118602	123119337	1	1	+	NC_086015.1	123118863	123119005	123119207	123119323	NR1I2	XM_001164025.6	+	1	123119005	123119207	201	3
NC_086015.1	125986235	125987291	3	1	+	NC_086015.1	125986318	125986524	125986606	125987205	PARP14	XM_016941754.4	+	3	125986524	125986606	81	2
NC_086015.1	126174265	126175015	-1	1	-	NC_086015.1	126174586	126174756	126174334	126174483	SEMA5B	XM_016941755.4	-	1	126174483	126174586	102	4
NC_086015.1	126174265	126175015	-1	1	-	NC_086015.1	126174586	126174756	126174334	126174480	SEMA5B	XM_016941757.4	-	1	126174480	126174586	105	1
NC_086015.1	130236644	130237301	3	1	+	NC_086015.1	130236872	130236995	130237077	130237230	PLXNA1	XM_016941857.4	+	3	130236995	130237077	81	1
NC_086015.1	130246106	130246616	3	1	+	NC_086015.1	130246168	130246361	130246464	130246615	PLXNA1	XM_016941857.4	+	3	130246361	130246464	102	1
NC_086015.1	130248711	130249668	1	1	+	NC_086015.1	130248930	130249023	130249411	130249650	PLXNA1	XM_016941857.4	+	1	130249023	130249411	387	1
NC_086015.1	130806734	130807082	-3	1	-	NC_086015.1	130806969	130807055	130806800	130806872	TPRA1	XM_001137678.7	-	3	130806872	130806969	96	3
NC_086015.1	132811281	132811641	-2	1	-	NC_086015.1	132811512	132811619	132811306	132811418	PLXND1	XM_009446434.5	-	2	132811418	132811512	93	3
NC_086015.1	133659969	133660722	1	1	+	NC_086015.1	133660052	133660392	133660498	133660579	COL6A5	XM_009446456.5	+	1	133660392	133660498	105	1
NC_086015.1	133688976	133689405	1	1	+	NC_086015.1	133688977	133689012	133689130	133689166	COL6A5	XM_009446456.5	+	1	133689012	133689130	117	1
NC_086015.1	13957416	13957851	1	1	+	NC_086015.1	13957436	13957617	13957711	13957761	IL17RC	XM_001148317.7	+	1	13957617	13957711	93	32
NC_086015.1	13972468	13973032	2	1	+	NC_086015.1	13972497	13972580	13972761	13972856	CRELD1	XM_001150237.8	+	2	13972580	13972761	180	2
NC_086015.1	14339144	14339360	-3	1	-	NC_086015.1	14339332	14339354	14339214	14339247	SEC13	XM_063805092.1	-	3	14339247	14339332	84	1
NC_086015.1	145894507	145894957	2	1	+	NC_086015.1	145894559	145894724	145894806	145894948	PLS1	XM_001162294.7	+	2	145894724	145894806	81	17
NC_086015.1	152942867	152943212	-3	1	-	NC_086015.1	152943128	152943194	152942960	152943037	COMMD2	XM_516817.9	-	3	152943037	152943128	90	1
NC_086015.1	160359679	160360447	-1	1	-	NC_086015.1	160360121	160360423	160359734	160359808	CCNL1	XM_009446735.5	-	1	160359808	160360121	312	3
NC_086015.1	163171982	163172321	3	1	+	NC_086015.1	163171983	163172024	163172115	163172258	IL12A	XM_016942243.4	+	3	163172024	163172115	90	2
NC_086015.1	163703096	163703483	-3	1	-	NC_086015.1	163703298	163703467	163703160	163703204	KPNA4	NM_001280407.1	-	3	163703204	163703298	93	4
NC_086015.1	16744767	16745265	-2	1	-	NC_086015.1	16745172	16745243	16744986	16745060	TMEM40	NM_001280299.1	-	2	16745060	16745172	111	5
NC_086015.1	16821156	16821801	1	1	+	NC_086015.1	16821302	16821407	16821558	16821700	CAND2	XM_001156033.6	+	1	16821407	16821558	150	4
NC_086015.1	17355098	17355512	-3	1	-	NC_086015.1	17355366	17355470	17355165	17355266	NUP210	XM_003309631.7	-	3	17355266	17355366	99	2
NC_086015.1	187364578	187365049	2	1	+	NC_086015.1	187364629	187364748	187364845	187364980	AP2M1	NM_001280346.1	+	2	187364748	187364845	96	2
NC_086015.1	187371623	187371914	3	1	+	NC_086015.1	187371686	187371766	187371854	187371913	ABCF3	XM_024355842.3	+	3	187371766	187371854	87	2
NC_086015.1	187542862	187543678	-1	1	-	NC_086015.1	187543085	187543218	187542902	187542979	CLCN2	XM_016942411.3	-	1	187542979	187543085	105	3
NC_086015.1	187565869	187566538	2	1	+	NC_086015.1	187565987	187566116	187566249	187566377	CHRD	XM_016942431.3	+	2	187566116	187566249	132	7
NC_086015.1	187770463	187771519	2	1	+	NC_086015.1	187770722	187770937	187771049	187771198	EPHB3	XM_516918.8	+	2	187770937	187771049	111	1
NC_086015.1	187770463	187771519	2	1	+	NC_086015.1	187771049	187771198	187771292	187771485	EPHB3	XM_516918.8	+	2	187771198	187771292	93	1
NC_086015.1	189288099	189288660	-2	1	-	NC_086015.1	189288466	189288510	189288267	189288354	ETV5	XM_001152492.7	-	2	189288354	189288466	111	1
NC_086015.1	189288099	189288660	-2	1	-	NC_086015.1	189288466	189288584	189288267	189288354	ETV5	XM_063807410.1	-	2	189288354	189288466	111	1
NC_086015.1	197320071	197320638	1	1	+	NC_086015.1	197320108	197320215	197320345	197320440	HES1	XM_516956.7	+	1	197320215	197320345	129	1
NC_086015.1	197616942	197617284	-2	1	-	NC_086015.1	197617105	197617227	197616944	197617023	ATP13A3	XM_016942518.4	-	2	197617023	197617105	81	10
NC_086015.1	197833830	197834307	-2	1	-	NC_086015.1	197834206	197834307	197833972	197834115	LSG1	XM_516958.9	-	2	197834115	197834206	90	1
NC_086015.1	198968913	198978465	-2	1	-	NC_086015.1	198975873	198978434	198968973	198969008	MUC4	XM_063806455.1	-	2	198969008	198975873	6864	1
NC_086015.1	199055063	199056977	-3	1	-	NC_086015.1	199055295	199056643	199055103	199055198	TNK2	XM_016942547.4	-	3	199055198	199055295	96	23
NC_086015.1	199055063	199056977	-3	1	-	NC_086015.1	199055295	199056643	199055103	199055192	TNK2	XM_016942548.3	-	3	199055192	199055295	102	5
NC_086015.1	199055063	199056977	-3	1	-	NC_086015.1	199055295	199056643	199055064	199055069	TNK2	XM_016942563.4	-	3	199055069	199055295	225	1
NC_086015.1	199333687	199334779	-1	1	-	NC_086015.1	199334423	199334503	199333910	199333981	ZDHHC19	XM_016940190.4	-	1	199333981	199334423	441	4
NC_086015.1	200154253	200155159	-1	1	-	NC_086015.1	200154425	200155158	200154254	200154295	LOC134809652	XM_063807471.1	-	1	200154295	200154425	129	1
NC_086015.1	200160673	200161111	-1	1	-	NC_086015.1	200160855	200161011	200160703	200160770	MELTF	XM_016940221.4	-	1	200160770	200160855	84	6
NC_086015.1	200160673	200161111	-1	1	-	NC_086015.1	200160855	200161008	200160703	200160770	MELTF	XM_063806527.1	-	1	200160770	200160855	84	3
NC_086015.1	24171326	24171950	-3	1	-	NC_086015.1	24171638	24171779	24171360	24171556	SGO1	XM_001163015.6	-	3	24171556	24171638	81	13
NC_086015.1	24376311	24378039	-2	1	-	NC_086015.1	24376945	24377943	24376312	24376644	LOC129143603	XM_054681559.1	-	2	24376644	24376945	300	1
NC_086015.1	42279994	42280315	2	1	+	NC_086015.1	42280012	42280132	42280220	42280314	SLC22A13	XM_526175.9	+	2	42280132	42280220	87	1
NC_086015.1	43146199	43147057	2	1	+	NC_086015.1	43146647	43146767	43146936	43147003	TTC21A	XM_009445194.4	+	2	43146767	43146936	168	26
NC_086015.1	44493741	44494338	1	1	+	NC_086015.1	44493790	44493943	44494157	44494276	ZNF619	XM_063805600.1	+	1	44493943	44494157	213	1
NC_086015.1	45695318	45695615	-3	1	-	NC_086015.1	45695564	45695615	45695320	45695464	ULK4	XM_001136955.7	-	3	45695464	45695564	99	17
NC_086015.1	46712091	46712610	-2	1	-	NC_086015.1	46712419	46712532	46712095	46712289	HHATL	XM_016940818.3	-	2	46712289	46712419	129	3
NC_086015.1	50587026	50587650	1	1	+	NC_086015.1	50587028	50587162	50587535	50587649	CRIPTO	XM_001151101.7	+	1	50587162	50587535	372	1
NC_086015.1	50764607	50765258	-3	1	-	NC_086015.1	50765051	50765144	50764682	50764906	PRSS43P	XM_016940906.3	-	3	50764906	50765051	144	1
NC_086015.1	50866942	50867179	-1	1	-	NC_086015.1	50867080	50867157	50866943	50866968	MYL3	XM_016940914.2	-	1	50866968	50867080	111	1
NC_086015.1	50906907	50907717	1	1	+	NC_086015.1	50907097	50907191	50907381	50907576	PTH1R	XM_001152239.7	+	1	50907191	50907381	189	8
NC_086015.1	50911203	50911641	1	1	+	NC_086015.1	50911248	50911389	50911471	50911512	PTH1R	XM_001152239.7	+	1	50911389	50911471	81	7
NC_086015.1	50911225	50911513	2	1	+	NC_086015.1	50911252	50911389	50911471	50911512	PTH1R	XM_009445371.5	+	2	50911389	50911471	81	1
NC_086015.1	50930887	50931319	-1	1	-	NC_086015.1	50931064	50931140	50930888	50930967	CCDC12	XM_009445373.3	-	1	50930967	50931064	96	12
NC_086015.1	50997445	50998066	2	1	+	NC_086015.1	50997526	50997654	50997769	50997850	NBEAL2	XM_003309774.6	+	2	50997654	50997769	114	4
NC_086015.1	50997445	50998066	2	1	+	NC_086015.1	50997769	50997850	50997944	50998065	NBEAL2	XM_003309774.6	+	2	50997850	50997944	93	4
NC_086015.1	51016947	51017349	1	1	+	NC_086015.1	51016963	51017121	51017200	51017348	NBEAL2	XM_003309774.6	+	1	51017121	51017200	78	9
NC_086015.1	51415588	51416308	2	1	+	NC_086015.1	51415742	51415822	51415898	51416029	PTPN23	XM_016940942.4	+	2	51415822	51415898	75	5
NC_086015.1	51415588	51416308	2	1	+	NC_086015.1	51415898	51416029	51416120	51416167	PTPN23	XM_016940942.4	+	2	51416029	51416120	90	5
NC_086015.1	51418563	51419124	1	1	+	NC_086015.1	51418580	51418734	51418834	51418985	PTPN23	XM_016940942.4	+	1	51418734	51418834	99	5
NC_086015.1	51418865	51421430	3	1	+	NC_086015.1	51419072	51419251	51419345	51421115	PTPN23	XM_016940942.4	+	3	51419251	51419345	93	5
NC_086015.1	51418865	51421430	3	1	+	NC_086015.1	51419345	51421115	51421212	51421396	PTPN23	XM_016940942.4	+	3	51421115	51421212	96	5
NC_086015.1	51421887	51422598	1	1	+	NC_086015.1	51421930	51422043	51422122	51422598	PTPN23	XM_016940942.4	+	1	51422043	51422122	78	5
NC_086015.1	52434459	52434831	-2	1	-	NC_086015.1	52434757	52434831	52434460	52434543	PLXNB1	XM_063805734.1	-	2	52434543	52434757	213	1
NC_086015.1	52601078	52601312	-3	1	-	NC_086015.1	52601265	52601300	52601142	52601183	COL7A1	XM_054681822.2	-	3	52601183	52601265	81	5
NC_086015.1	52601599	52601908	-1	1	-	NC_086015.1	52601783	52601818	52601624	52601704	COL7A1	XM_054681822.2	-	1	52601704	52601783	78	5
NC_086015.1	52603838	52604474	-3	1	-	NC_086015.1	52604115	52604315	52603983	52604018	COL7A1	XM_054681822.2	-	3	52604018	52604115	96	5
NC_086015.1	52607015	52607690	-3	1	-	NC_086015.1	52607229	52607291	52607097	52607141	COL7A1	XM_054681822.2	-	3	52607141	52607229	87	5
NC_086015.1	52608198	52608849	-2	1	-	NC_086015.1	52608364	52608444	52608256	52608291	COL7A1	XM_054681822.2	-	2	52608291	52608364	72	5
NC_086015.1	52613655	52614048	-2	1	-	NC_086015.1	52613809	52613889	52613683	52613718	COL7A1	XM_054681822.2	-	2	52613718	52613809	90	5
NC_086015.1	52615096	52615561	-1	1	-	NC_086015.1	52615336	52615462	52615105	52615251	COL7A1	XM_054681822.2	-	1	52615251	52615336	84	5
NC_086015.1	52618774	52619362	-1	1	-	NC_086015.1	52619230	52619355	52618984	52619127	COL7A1	XM_054681822.2	-	1	52619127	52619230	102	4
NC_086015.1	52618774	52619362	-1	1	-	NC_086015.1	52619230	52619328	52618984	52619127	COL7A1	XM_054681824.2	-	1	52619127	52619230	102	1
NC_086015.1	52620612	52621068	-2	1	-	NC_086015.1	52620873	52621019	52620669	52620785	COL7A1	XM_054681822.2	-	2	52620785	52620873	87	5
NC_086015.1	52721448	52721931	-2	1	-	NC_086015.1	52721766	52721853	52721450	52721675	IP6K2	XM_063805753.1	-	2	52721675	52721766	90	1
NC_086015.1	53059476	53059776	-2	1	-	NC_086015.1	53059686	53059776	53059491	53059586	IMPDH2	XM_003950104.6	-	2	53059586	53059686	99	4
NC_086015.1	53148258	53148852	-2	1	-	NC_086015.1	53148631	53148851	53148351	53148546	USP19	XM_003309851.5	-	2	53148546	53148631	84	27
NC_086015.1	53148258	53148852	-2	1	-	NC_086015.1	53148631	53148845	53148351	53148546	USP19	XM_003309853.5	-	2	53148546	53148631	84	23
NC_086015.1	53148855	53149341	-2	1	-	NC_086015.1	53149187	53149258	53148954	53149069	USP19	XM_003309851.5	-	2	53149069	53149187	117	50
NC_086015.1	53156968	53157562	-1	1	-	NC_086015.1	53157287	53157504	53157082	53157178	LAMB2	XM_016941085.4	-	1	53157178	53157287	108	1
NC_086015.1	53453248	53453746	-1	1	-	NC_086015.1	53453555	53453700	53453266	53453446	AMT	XM_009445496.4	-	1	53453446	53453555	108	3
NC_086015.1	53710120	53710576	2	1	+	NC_086015.1	53710256	53710267	53710343	53710475	APEH	XM_063805789.1	+	2	53710267	53710343	75	5
NC_086015.1	53717544	53717829	1	1	+	NC_086015.1	53717579	53717662	53717744	53717824	APEH	XM_016941106.4	+	1	53717662	53717744	81	12
NC_086015.1	53720117	53720507	-3	1	-	NC_086015.1	53720399	53720505	53720163	53720302	MST1	XM_016941108.4	-	3	53720302	53720399	96	4
NC_086015.1	53722785	53723205	-2	1	-	NC_086015.1	53722995	53723131	53722793	53722913	MST1	XM_016941108.4	-	2	53722913	53722995	81	2
NC_086015.1	53722785	53723205	-2	1	-	NC_086015.1	53722995	53723131	53722797	53722913	MST1	XM_016941109.4	-	2	53722913	53722995	81	3
NC_086015.1	53827922	53828582	-3	1	-	NC_086015.1	53828310	53828530	53827924	53828066	CDHR4	XM_009445510.5	-	3	53828066	53828310	243	4
NC_086015.1	53875171	53875825	-1	1	-	NC_086015.1	53875736	53875825	53875224	53875312	TRAIP	XM_016941117.3	-	1	53875312	53875736	423	4
NC_086015.1	53896457	53897051	-3	1	-	NC_086015.1	53896875	53897013	53896616	53896736	CAMKV	XM_003309873.6	-	3	53896736	53896875	138	2
NC_086015.1	5410082	5410760	3	1	+	NC_086015.1	5410212	5410446	5410564	5410679	CNTN6	XM_009444758.5	+	3	5410446	5410564	117	6
NC_086015.1	54302729	54303035	3	1	+	NC_086015.1	54302730	54302849	54302928	54303021	SEMA3B	XM_016941139.3	+	3	54302849	54302928	78	2
NC_086015.1	54320198	54320642	-3	1	-	NC_086015.1	54320436	54320564	54320262	54320357	IFRD2	XM_001167735.7	-	3	54320357	54320436	78	2
NC_086015.1	54394030	54394864	-1	1	-	NC_086015.1	54394250	54394332	54394031	54394168	CACNA2D2	XM_016941153.3	-	1	54394168	54394250	81	4
NC_086015.1	54407308	54407860	-1	1	-	NC_086015.1	54407678	54407727	54407402	54407491	CACNA2D2	XM_016941153.3	-	1	54407491	54407678	186	5
NC_086015.1	55872009	55872309	1	1	+	NC_086015.1	55872034	55872051	55872223	55872270	IQCF3	XM_016941202.4	+	1	55872051	55872223	171	1
NC_086015.1	55977127	55977481	-1	1	-	NC_086015.1	55977327	55977400	55977128	55977218	RRP9	XM_001170125.8	-	1	55977218	55977327	108	2
NC_086015.1	56032294	56032759	2	1	+	NC_086015.1	56032453	56032513	56032598	56032759	ACY1	XM_001170638.7	+	2	56032513	56032598	84	2
NC_086015.1	56397779	56398793	3	1	+	NC_086015.1	56398128	56398326	56398405	56398658	DNAH1	XM_054681929.2	+	3	56398326	56398405	78	6
NC_086015.1	56454554	56454839	-3	1	-	NC_086015.1	56454716	56454745	56454556	56454610	BAP1	XM_001171970.8	-	3	56454610	56454716	105	4
NC_086015.1	56496188	56496545	-3	1	-	NC_086015.1	56496302	56496438	56496189	56496217	TNNC1	XM_001172150.6	-	3	56496217	56496302	84	1
NC_086015.1	56549488	56550064	2	1	+	NC_086015.1	56549537	56549674	56549801	56549941	STAB1	XM_016941238.4	+	2	56549674	56549801	126	8
NC_086015.1	56550444	56550852	1	1	+	NC_086015.1	56550466	56550579	56550679	56550732	STAB1	XM_016941238.4	+	1	56550579	56550679	99	8
NC_086015.1	56560705	56561224	2	1	+	NC_086015.1	56560754	56560949	56561067	56561162	STAB1	XM_016941238.4	+	2	56560949	56561067	117	8
NC_086015.1	56561981	56562482	3	1	+	NC_086015.1	56562031	56562104	56562261	56562335	STAB1	XM_016941238.4	+	3	56562104	56562261	156	8
NC_086015.1	56567719	56568250	2	1	+	NC_086015.1	56567736	56567845	56567933	56568052	STAB1	XM_016941238.4	+	2	56567845	56567933	87	8
NC_086015.1	56572534	56572885	-1	1	-	NC_086015.1	56572720	56572780	56572536	56572638	NT5DC2	XM_024355494.3	-	1	56572638	56572720	81	1
NC_086015.1	56736700	56737195	2	1	+	NC_086015.1	56736775	56736911	56736999	56737174	GNL3	NM_001280285.1	+	2	56736911	56736999	87	3
NC_086015.1	56868342	56869257	-2	1	-	NC_086015.1	56869111	56869227	56868666	56868834	ITIH4	XM_016941275.3	-	2	56868834	56869111	276	7
NC_086015.1	56868342	56869257	-2	1	-	NC_086015.1	56868666	56868834	56868459	56868584	ITIH4	XM_016941275.3	-	2	56868584	56868666	81	8
NC_086015.1	57274370	57275069	-3	1	-	NC_086015.1	57274737	57274820	57274517	57274610	TKT	NM_001009097.1	-	3	57274610	57274737	126	2
NC_086015.1	62168734	62169412	2	1	+	NC_086015.1	62168775	62168927	62169030	62169152	FLNB	XM_001173996.7	+	2	62168927	62169030	102	10
NC_086015.1	66364781	66365399	-3	1	-	NC_086015.1	66365265	66365399	66364949	66365081	FEZF2	XM_016941434.2	-	3	66365081	66365265	183	3
NC_086015.1	78307277	78307733	-3	1	-	NC_086015.1	78307529	78307687	78307280	78307429	CNTN3	XM_054680802.2	-	3	78307429	78307529	99	2
NC_086015.1	92367038	92368157	-3	1	-	NC_086015.1	92367712	92367947	92367039	92367120	LOC129135333	XM_001135424.8	-	3	92367120	92367712	591	2
NC_086015.1	97173138	97173633	-2	1	-	NC_086015.1	97173471	97173593	97173234	97173365	PROS1	XM_516603.7	-	2	97173365	97173471	105	1
NC_086016.1	12339876	12340749	1	1	+	NC_086016.1	12340204	12340318	12340436	12340519	LOC134809757	XM_063808436.1	+	1	12340318	12340436	117	1
NC_086016.1	20505840	20506311	-1	1	-	NC_086016.1	20506104	20506177	20505841	20506022	MICAL3	XM_016939652.4	-	1	20506022	20506104	81	20
NC_086016.1	20945485	20946052	-3	1	-	NC_086016.1	20945746	20945834	20945486	20945670	PRODH	XM_024352939.2	-	3	20945670	20945746	75	2
NC_086016.1	21168076	21168529	-3	1	-	NC_086016.1	21168271	21168439	21168082	21168177	ESS2	XM_515236.7	-	3	21168177	21168271	93	1
NC_086016.1	22182583	22183567	-3	1	-	NC_086016.1	22182929	22183033	22182701	22182757	CCDC188	XM_016939726.4	-	3	22182757	22182929	171	3
NC_086016.1	22183074	22184007	-1	1	-	NC_086016.1	22183318	22183836	22183117	22183224	CCDC188	XM_009437818.5	-	1	22183224	22183318	93	6
NC_086016.1	22456002	22456866	-1	1	-	NC_086016.1	22456731	22456832	22456004	22456523	SCARF2	XM_016939732.4	-	1	22456523	22456731	207	2
NC_086016.1	22814278	22814665	2	1	+	NC_086016.1	22814404	22814476	22814624	22814664	LOC104003686	XM_054676011.2	+	2	22814476	22814624	147	3
NC_086016.1	22839895	22840534	-3	1	-	NC_086016.1	22840342	22840461	22840082	22840161	PI4KA	XM_024352560.3	-	3	22840161	22840342	180	6
NC_086016.1	23088513	23089002	1	1	+	NC_086016.1	23088517	23088588	23088682	23088745	AIFM3	XM_003317113.4	+	1	23088588	23088682	93	17
NC_086016.1	23089201	23089735	2	1	+	NC_086016.1	23089350	23089426	23089538	23089655	AIFM3	XM_003317113.4	+	2	23089426	23089538	111	17
NC_086016.1	23107344	23108031	1	1	+	NC_086016.1	23107400	23107526	23107617	23107766	LZTR1	XM_016939745.4	+	1	23107526	23107617	90	2
NC_086016.1	23134657	23135557	2	1	+	NC_086016.1	23134939	23135091	23135173	23135282	P2RX6	XM_054676027.2	+	2	23135091	23135173	81	1
NC_086016.1	23140732	23141182	-3	1	-	NC_086016.1	23141011	23141119	23140733	23140905	SLC7A4	XM_054676014.2	-	3	23140905	23141011	105	1
NC_086016.1	23418712	23419099	2	1	+	NC_086016.1	23418838	23418910	23419058	23419098	TMEM191C	XM_024353563.2	+	2	23418910	23419058	147	9
NC_086016.1	23580120	23580504	-1	1	-	NC_086016.1	23580405	23580504	23580122	23580299	YDJC	XM_016939779.2	-	1	23580299	23580405	105	1
NC_086016.1	23911712	23912228	-2	1	-	NC_086016.1	23912010	23912164	23911772	23911877	TOP3B	XM_003317124.4	-	2	23911877	23912010	132	13
NC_086016.1	24831775	24832522	2	1	+	NC_086016.1	24831926	24831971	24832125	24832450	LOC129138560	unassigned_transcript_1159	+	2	24831971	24832125	153	1
NC_086016.1	24891245	24891776	3	1	+	NC_086016.1	24891285	24891330	24891457	24891776	LOC101057112	XM_054676090.1	+	3	24891330	24891457	126	1
NC_086016.1	25176962	25177637	3	1	+	NC_086016.1	25176992	25177073	25177257	25177347	RAB36	XM_001169301.7	+	3	25177073	25177257	183	3
NC_086016.1	25574517	25574970	-1	1	-	NC_086016.1	25574757	25574831	25574518	25574675	LOC100609371	XM_063808321.1	-	1	25574675	25574757	81	4
NC_086016.1	25688306	25688858	-2	1	-	NC_086016.1	25688791	25688831	25688331	25688550	CHCHD10	XM_016939571.4	-	2	25688550	25688791	240	2
NC_086016.1	25969225	25969702	-3	1	-	NC_086016.1	25969553	25969633	25969250	25969426	LOC748759	XM_063808358.1	-	3	25969426	25969553	126	1
NC_086016.1	26155570	26156329	2	1	+	NC_086016.1	26155683	26155955	26156085	26156261	SUSD2	XM_016939814.4	+	2	26155955	26156085	129	1
NC_086016.1	31379060	31379531	3	1	+	NC_086016.1	31379236	31379286	31379371	31379460	EMID1	XM_009438091.5	+	3	31379286	31379371	84	7
NC_086016.1	31381808	31382198	3	1	+	NC_086016.1	31381923	31381985	31382091	31382135	EMID1	XM_009438091.5	+	3	31381985	31382091	105	6
NC_086016.1	31477717	31478296	-3	1	-	NC_086016.1	31478146	31478232	31477718	31478055	AP1B1	XM_016938912.3	-	3	31478055	31478146	90	7
NC_086016.1	31477717	31478296	-3	1	-	NC_086016.1	31478146	31478232	31477901	31478055	AP1B1	XM_016938918.3	-	3	31478055	31478146	90	5
NC_086016.1	32614785	32615142	-1	1	-	NC_086016.1	32615002	32615108	32614787	32614926	SEC14L4	XM_001136598.7	-	1	32614926	32615002	75	13
NC_086016.1	32647673	32648372	-2	1	-	NC_086016.1	32648024	32648193	32647674	32647783	SEC14L6	XM_009438173.5	-	2	32647783	32648024	240	4
NC_086016.1	32648283	32648640	-1	1	-	NC_086016.1	32648500	32648606	32648285	32648424	SEC14L6	XM_009438173.5	-	1	32648424	32648500	75	4
NC_086016.1	32701390	32702281	-3	1	-	NC_086016.1	32701808	32701974	32701508	32701669	PES1	NM_001246365.1	-	3	32701669	32701808	138	1
NC_086016.1	33009622	33010315	2	1	+	NC_086016.1	33009736	33009790	33010046	33010192	OSBP2	XM_009438175.3	+	2	33009790	33010046	255	7
NC_086016.1	33252387	33252765	1	1	+	NC_086016.1	33252424	33252501	33252628	33252732	INPP5J	XM_009438184.5	+	1	33252501	33252628	126	6
NC_086016.1	33733025	33733817	3	1	+	NC_086016.1	33733517	33733628	33733716	33733817	SFI1	XM_001148452.7	+	3	33733628	33733716	87	38
NC_086016.1	34023186	34023783	1	1	+	NC_086016.1	34023365	34023447	34023586	34023783	DEPDC5	XM_063808204.1	+	1	34023447	34023586	138	5
NC_086016.1	34023341	34023875	3	1	+	NC_086016.1	34023365	34023447	34023586	34023875	DEPDC5	XM_016939031.4	+	3	34023447	34023586	138	26
NC_086016.1	38777743	38778145	-3	1	-	NC_086016.1	38778007	38778091	38777807	38777886	IFT27	XM_016939092.3	-	3	38777886	38778007	120	2
NC_086016.1	39504602	39505358	-2	1	-	NC_086016.1	39505037	39505195	39504828	39504943	CARD10	XM_016939123.4	-	2	39504943	39505037	93	3
NC_086016.1	39636415	39636958	2	1	+	NC_086016.1	39636575	39636715	39636800	39636881	GGA1	XM_016939132.3	+	2	39636715	39636800	84	20
NC_086016.1	40756143	40757226	-1	1	-	NC_086016.1	40756947	40757110	40756635	40756772	SUN2	XM_016939179.4	-	1	40756772	40756947	174	6
NC_086016.1	41027598	41028414	1	1	+	NC_086016.1	41027812	41028091	41028299	41028413	APOBEC3D	NM_001345966.1	+	1	41028091	41028299	207	1
NC_086016.1	41027598	41028414	1	1	+	NC_086016.1	41027889	41028091	41028299	41028413	APOBEC3D	XM_063807562.1	+	1	41028091	41028299	207	1
NC_086016.1	41027598	41028414	1	1	+	NC_086016.1	41028079	41028091	41028299	41028413	APOBEC3D	XM_063807563.1	+	1	41028091	41028299	207	1
NC_086016.1	41047416	41048157	1	1	+	NC_086016.1	41047555	41047834	41048042	41048156	APOBEC3F	XM_063807693.1	+	1	41047834	41048042	207	3
NC_086016.1	42297713	42298244	3	1	+	NC_086016.1	42297714	42297809	42297954	42298134	TNRC6B	XM_016939212.4	+	3	42297809	42297954	144	12
NC_086016.1	42404131	42404923	2	1	+	NC_086016.1	42404258	42404312	42404442	42404569	SGSM3	XM_016939237.4	+	2	42404312	42404442	129	48
NC_086016.1	42404131	42404923	2	1	+	NC_086016.1	42404442	42404569	42404654	42404809	SGSM3	XM_016939237.4	+	2	42404569	42404654	84	48
NC_086016.1	42405217	42405691	2	1	+	NC_086016.1	42405312	42405361	42405518	42405670	SGSM3	XM_016939237.4	+	2	42405361	42405518	156	48
NC_086016.1	43787771	43788305	3	1	+	NC_086016.1	43787850	43787981	43788174	43788286	MEI1	XM_016939277.3	+	3	43787981	43788174	192	30
NC_086016.1	46887215	46887935	-2	1	-	NC_086016.1	46887746	46887821	46887309	46887412	PHF21B	XM_016939371.4	-	2	46887412	46887746	333	5
NC_086016.1	48358413	48359022	-1	1	-	NC_086016.1	48358857	48358960	48358500	48358649	CELSR1	XM_024352868.2	-	1	48358649	48358857	207	2
NC_086016.1	48385270	48386221	-3	1	-	NC_086016.1	48386008	48386191	48385561	48385662	CELSR1	XM_024352868.2	-	3	48385662	48386008	345	3
NC_086016.1	52342768	52343218	-3	1	-	NC_086016.1	52343071	52343218	52342770	52342938	TUBGCP6	XM_024352555.3	-	3	52342938	52343071	132	2
NC_086016.1	52348669	52349803	-3	1	-	NC_086016.1	52349582	52349721	52349327	52349476	TUBGCP6	XM_024352555.3	-	3	52349476	52349582	105	2
NC_086016.1	52374472	52375321	-3	1	-	NC_086016.1	52374699	52374803	52374474	52374542	HDAC10	XM_003317320.7	-	3	52374542	52374699	156	3
NC_086016.1	52391672	52392344	-2	1	-	NC_086016.1	52392219	52392266	52392026	52392140	MAPK11	XM_016939478.3	-	2	52392140	52392219	78	1
NC_086016.1	52392330	52392585	-1	1	-	NC_086016.1	52392463	52392574	52392349	52392378	MAPK11	XM_016939478.3	-	1	52392378	52392463	84	1
NC_086016.1	52405425	52406355	-1	1	-	NC_086016.1	52406105	52406286	52405621	52405687	PLXNB2	XM_016939479.4	-	1	52405687	52406105	417	25
NC_086016.1	52407422	52408619	-2	1	-	NC_086016.1	52407801	52407930	52407471	52407698	PLXNB2	XM_016939479.4	-	2	52407698	52407801	102	25
NC_086016.1	52408687	52409308	-3	1	-	NC_086016.1	52409048	52409156	52408761	52408897	PLXNB2	XM_016939479.4	-	3	52408897	52409048	150	25
NC_086016.1	52437950	52438730	-2	1	-	NC_086016.1	52438191	52438293	52438011	52438085	DENND6B	XM_016939482.3	-	2	52438085	52438191	105	4
NC_086016.1	52438733	52439327	-2	1	-	NC_086016.1	52439052	52439141	52438863	52438916	DENND6B	XM_016939482.3	-	2	52438916	52439052	135	4
NC_086016.1	52444168	52444825	-3	1	-	NC_086016.1	52444319	52444357	52444201	52444243	DENND6B	XM_016939482.3	-	3	52444243	52444319	75	4
NC_086016.1	52563064	52564138	2	1	+	NC_086016.1	52563088	52563145	52563419	52563543	PPP6R2	NM_001280495.1	+	2	52563145	52563419	273	51
NC_086016.1	52585777	52586281	-3	1	-	NC_086016.1	52586082	52586260	52585819	52585955	SBF1	XM_016939488.4	-	3	52585955	52586082	126	13
NC_086016.1	52591440	52592034	-1	1	-	NC_086016.1	52591702	52591810	52591513	52591626	SBF1	XM_016939488.4	-	1	52591626	52591702	75	12
NC_086016.1	52654519	52655182	-3	1	-	NC_086016.1	52655050	52655154	52654796	52654917	CIMAP1B	XM_009438688.5	-	3	52654917	52655050	132	6
NC_086016.1	52654519	52655182	-3	1	-	NC_086016.1	52654796	52654917	52654571	52654711	CIMAP1B	XM_009438688.5	-	3	52654711	52654796	84	4
NC_086016.1	52654519	52655182	-3	1	-	NC_086016.1	52654796	52654917	52654547	52654711	CIMAP1B	XM_063808015.1	-	3	52654711	52654796	84	2
NC_086016.1	52696029	52696680	-1	1	-	NC_086016.1	52696468	52696602	52696201	52696353	CPT1B	XM_009438693.4	-	1	52696353	52696468	114	2
NC_086016.1	52747993	52748527	-3	1	-	NC_086016.1	52748425	52748527	52747994	52748310	ARSA	NM_001280396.1	-	3	52748310	52748425	114	4
NC_086016.1	52802242	52802635	2	1	+	NC_086016.1	52802258	52802366	52802442	52802593	SHANK3	XM_054676123.1	+	2	52802366	52802442	75	6
NC_086016.1	52942310	52942991	3	1	+	NC_086016.1	52942414	52942611	52942783	52942867	LOC112208025	XM_054676130.2	+	3	52942611	52942783	171	1
NC_086016.1	52954651	52955248	2	1	+	NC_086016.1	52954749	52954844	52955076	52955152	LOC747584	XM_054676134.2	+	2	52954844	52955076	231	2
