chr	start	end	frame	filler	frame	chr	exon_1_start	exon_1_end	exon_2_start	exon_2_end	gene	transcript	exon_strand	exon_frame	intron_start	intron_end	intron_length	merged_txs
NC_072423.2	100226592	100227222	1	1	+	NC_072423.2	100226593	100226673	100226914	100227015	OSBPL5	XM_055271577.2	+	1	100226673	100226914	240	2
NC_072423.2	100446538	100447123	2	1	+	NC_072423.2	100446767	100446902	100446990	100447123	CDKN1C	XM_055271736.2	+	2	100446902	100446990	87	2
NC_072423.2	100917509	100918727	3	1	+	NC_072423.2	100917753	100918103	100918176	100918316	TRPM5	XM_055271817.2	+	3	100918103	100918176	72	1
NC_072423.2	101415142	101415472	-1	1	-	NC_072423.2	101415350	101415466	101415176	101415253	TNNT3	XM_055272022.2	-	1	101415253	101415350	96	4
NC_072423.2	101415142	101415472	-1	1	-	NC_072423.2	101415350	101415433	101415176	101415253	TNNT3	XM_055272055.1	-	1	101415253	101415350	96	14
NC_072423.2	101439777	101440224	-2	1	-	NC_072423.2	101440024	101440101	101439778	101439864	LSP1	XM_055272183.2	-	2	101439864	101440024	159	3
NC_072423.2	101442962	101443415	-3	1	-	NC_072423.2	101443323	101443415	101443024	101443067	LSP1	XM_055272183.2	-	3	101443067	101443323	255	3
NC_072423.2	101490000	101490825	-2	1	-	NC_072423.2	101490699	101490804	101490469	101490602	SYT8	XM_055294575.2	-	2	101490602	101490699	96	4
NC_072423.2	101683498	101684725	2	1	+	NC_072423.2	101683547	101684109	101684389	101684573	LOC129488847	XM_055291375.1	+	2	101684109	101684389	279	1
NC_072423.2	101830743	101831262	1	1	+	NC_072423.2	101830770	101830930	101831168	101831261	MOB2	XM_055272261.2	+	1	101830930	101831168	237	4
NC_072423.2	101854415	101855078	-3	1	-	NC_072423.2	101854685	101854865	101854526	101854615	BRSK2	XM_055272307.2	-	3	101854615	101854685	69	5
NC_072423.2	101868353	101868794	-3	1	-	NC_072423.2	101868678	101868711	101868414	101868482	BRSK2	XM_055272307.2	-	3	101868482	101868678	195	5
NC_072423.2	102043265	102043685	-3	1	-	NC_072423.2	102043572	102043658	102043329	102043451	MUC5B	XM_063636159.1	-	3	102043451	102043572	120	1
NC_072423.2	102051116	102061079	-3	1	-	NC_072423.2	102059057	102061027	102056895	102058498	MUC5B	XM_063636159.1	-	3	102058498	102059057	558	1
NC_072423.2	102051116	102061079	-3	1	-	NC_072423.2	102056895	102058498	102053583	102056834	MUC5B	XM_063636159.1	-	3	102056834	102056895	60	1
NC_072423.2	102051116	102061079	-3	1	-	NC_072423.2	102053583	102056834	102051122	102053522	MUC5B	XM_063636159.1	-	3	102053522	102053583	60	1
NC_072423.2	102074308	102075043	-1	1	-	NC_072423.2	102074794	102074884	102074411	102074517	MUC5B	XM_063636159.1	-	1	102074517	102074794	276	1
NC_072423.2	102730390	102731068	-1	1	-	NC_072423.2	102730876	102731028	102730651	102730773	FLNB	XM_055272418.2	-	1	102730773	102730876	102	4
NC_072423.2	107730739	107731252	2	1	+	NC_072423.2	107730851	107730934	107731061	107731154	TKT	XM_055274364.2	+	2	107730934	107731061	126	2
NC_072423.2	108141349	108141967	2	1	+	NC_072423.2	108141380	108141496	108141773	108141941	ITIH4	XM_055274098.2	+	2	108141496	108141773	276	4
NC_072423.2	108163674	108164169	-2	1	-	NC_072423.2	108163963	108164148	108163676	108163815	ITIH3	XM_055274183.2	-	2	108163815	108163963	147	4
NC_072423.2	108163674	108164169	-2	1	-	NC_072423.2	108163963	108164148	108163786	108163815	ITIH3	XM_055274197.2	-	2	108163815	108163963	147	1
NC_072423.2	108441424	108441775	2	1	+	NC_072423.2	108441530	108441590	108441672	108441774	NT5DC2	XM_055274386.2	+	2	108441590	108441672	81	5
NC_072423.2	108445818	108446235	-2	1	-	NC_072423.2	108446005	108446154	108445825	108445929	STAB1	XM_055273887.2	-	2	108445929	108446005	75	1
NC_072423.2	108446041	108446572	-1	1	-	NC_072423.2	108446447	108446556	108446240	108446359	STAB1	XM_055273887.2	-	1	108446359	108446447	87	1
NC_072423.2	108448866	108449505	-2	1	-	NC_072423.2	108449290	108449376	108449032	108449181	STAB1	XM_055273887.2	-	2	108449181	108449290	108	1
NC_072423.2	108453065	108453539	-3	1	-	NC_072423.2	108453341	108453536	108453128	108453223	STAB1	XM_055273887.2	-	3	108453223	108453341	117	1
NC_072423.2	108464551	108465139	-1	1	-	NC_072423.2	108464942	108465079	108464675	108464815	STAB1	XM_055273887.2	-	1	108464815	108464942	126	1
NC_072423.2	108517786	108518167	2	1	+	NC_072423.2	108517918	108518054	108518139	108518167	TNNC1	XM_055274602.2	+	2	108518054	108518139	84	1
NC_072423.2	108560995	108561280	2	1	+	NC_072423.2	108561090	108561119	108561225	108561279	BAP1	XM_055274684.2	+	2	108561119	108561225	105	8
NC_072423.2	108578112	108578769	-2	1	-	NC_072423.2	108578476	108578701	108578151	108578346	DNAH1	XM_055274669.2	-	2	108578346	108578476	129	1
NC_072423.2	108617910	108618927	-2	1	-	NC_072423.2	108618378	108618576	108618046	108618299	DNAH1	XM_055274669.2	-	2	108618299	108618378	78	1
NC_072423.2	108742605	108743160	1	1	+	NC_072423.2	108742678	108742828	108742967	108743088	TWF2	XM_055274857.2	+	1	108742828	108742967	138	1
NC_072423.2	108981793	108982309	-1	1	-	NC_072423.2	108982040	108982100	108981794	108981955	ACY1	XM_055274914.2	-	1	108981955	108982040	84	4
NC_072423.2	109034695	109035193	2	1	+	NC_072423.2	109034850	109034974	109035056	109035148	RRP9	XM_055275176.2	+	2	109034974	109035056	81	1
NC_072423.2	109037561	109037867	3	1	+	NC_072423.2	109037595	109037668	109037777	109037867	RRP9	XM_055275176.2	+	3	109037668	109037777	108	1
NC_072423.2	109594515	109595211	-2	1	-	NC_072423.2	109594894	109595060	109594654	109594740	DOCK3	XM_055275626.2	-	2	109594740	109594894	153	7
NC_072423.2	110539576	110540218	2	1	+	NC_072423.2	110539628	110539786	110540033	110540140	CACNA2D2	XM_055275869.2	+	2	110539786	110540033	246	6
NC_072423.2	110540763	110541315	1	1	+	NC_072423.2	110540897	110540946	110541133	110541222	CACNA2D2	XM_055275869.2	+	1	110540946	110541133	186	6
NC_072423.2	110543107	110543476	2	1	+	NC_072423.2	110543183	110543254	110543336	110543407	CACNA2D2	XM_055275869.2	+	2	110543254	110543336	81	6
NC_072423.2	110554229	110554718	3	1	+	NC_072423.2	110554417	110554499	110554581	110554718	CACNA2D2	XM_055275869.2	+	3	110554499	110554581	81	5
NC_072423.2	110554229	110554718	3	1	+	NC_072423.2	110554410	110554499	110554581	110554718	CACNA2D2	XM_055275900.2	+	3	110554499	110554581	81	1
NC_072423.2	110569549	110570203	2	1	+	NC_072423.2	110569637	110569784	110569869	110570032	NPRL2	XM_055276194.2	+	2	110569784	110569869	84	1
NC_072423.2	110569549	110570203	2	1	+	NC_072423.2	110569675	110569784	110569869	110570032	NPRL2	XM_063636413.1	+	2	110569784	110569869	84	1
NC_072423.2	110624154	110624562	1	1	+	NC_072423.2	110624216	110624274	110624329	110624530	IFRD2	XM_055276123.2	+	1	110624274	110624329	54	1
NC_072423.2	111063698	111064292	3	1	+	NC_072423.2	111063737	111063875	111064014	111064134	CAMKV	XM_055276699.2	+	3	111063875	111064014	138	3
NC_072423.2	111131817	111132477	1	1	+	NC_072423.2	111131870	111132090	111132334	111132476	CDHR4	XM_055276730.2	+	1	111132090	111132334	243	9
NC_072423.2	111246209	111246599	3	1	+	NC_072423.2	111246254	111246390	111246472	111246588	MST1	XM_055276866.2	+	3	111246390	111246472	81	4
NC_072423.2	111246209	111246599	3	1	+	NC_072423.2	111246254	111246390	111246472	111246592	MST1	XM_055276875.2	+	3	111246390	111246472	81	3
NC_072423.2	111248878	111249268	2	1	+	NC_072423.2	111248881	111248987	111249084	111249223	MST1	XM_055276866.2	+	2	111248987	111249084	96	6
NC_072423.2	111248878	111249268	2	1	+	NC_072423.2	111248881	111248987	111249084	111249166	MST1	XM_055276882.2	+	2	111248987	111249084	96	1
NC_072423.2	111251552	111251837	-3	1	-	NC_072423.2	111251720	111251803	111251558	111251638	APEH	XM_055276906.2	-	3	111251638	111251720	81	3
NC_072423.2	111258791	111259925	-3	1	-	NC_072423.2	111259101	111259112	111258893	111259025	APEH	XM_055276906.2	-	3	111259025	111259101	75	3
NC_072423.2	111822980	111823508	3	1	+	NC_072423.2	111823140	111823328	111823428	111823491	LAMB2	XM_055277192.2	+	3	111823328	111823428	99	3
NC_072423.2	111830161	111830755	2	1	+	NC_072423.2	111830220	111830437	111830546	111830642	LAMB2	XM_055277192.2	+	2	111830437	111830546	108	3
NC_072423.2	111839182	111839776	2	1	+	NC_072423.2	111839184	111839404	111839489	111839684	USP19	XM_055277225.2	+	2	111839404	111839489	84	28
NC_072423.2	111839182	111839776	2	1	+	NC_072423.2	111839190	111839404	111839489	111839684	USP19	XM_055277247.2	+	2	111839404	111839489	84	22
NC_072423.2	111925502	111925979	3	1	+	NC_072423.2	111925623	111925713	111925813	111925908	IMPDH2	XM_055278111.2	+	3	111925713	111925813	99	5
NC_072423.2	111933552	111934161	1	1	+	NC_072423.2	111933619	111933783	111933865	111934160	DALRD3	XM_055277996.2	+	1	111933783	111933865	81	10
NC_072423.2	112291784	112292393	3	1	+	NC_072423.2	112291805	112292009	112292196	112292307	NCKIPSD	XM_055277829.2	+	3	112292009	112292196	186	5
NC_072423.2	112291784	112292393	3	1	+	NC_072423.2	112291805	112292009	112292217	112292307	NCKIPSD	XM_055277839.2	+	3	112292009	112292217	207	2
NC_072423.2	112345484	112345886	3	1	+	NC_072423.2	112345581	112345688	112345818	112345886	SLC26A6	XM_063609959.1	+	3	112345688	112345818	129	1
NC_072423.2	112375014	112375824	1	1	+	NC_072423.2	112375076	112375191	112375426	112375569	UQCRC1	XM_055278097.2	+	1	112375191	112375426	234	2
NC_072423.2	112384262	112384709	3	1	+	NC_072423.2	112384303	112384449	112384537	112384653	COL7A1	XM_055277665.2	+	3	112384449	112384537	87	1
NC_072423.2	112385959	112386547	2	1	+	NC_072423.2	112385967	112386092	112386195	112386338	COL7A1	XM_055277665.2	+	2	112386092	112386195	102	1
NC_072423.2	112389752	112390217	3	1	+	NC_072423.2	112389852	112389978	112390063	112390209	COL7A1	XM_055277665.2	+	3	112389978	112390063	84	1
NC_072423.2	112391119	112391767	2	1	+	NC_072423.2	112391471	112391551	112391642	112391677	COL7A1	XM_055277665.2	+	2	112391551	112391642	90	1
NC_072423.2	112396505	112397156	3	1	+	NC_072423.2	112396911	112396991	112397064	112397099	COL7A1	XM_055277665.2	+	3	112396991	112397064	72	1
NC_072423.2	112403248	112403701	2	1	+	NC_072423.2	112403303	112403365	112403483	112403518	COL7A1	XM_055277665.2	+	2	112403365	112403483	117	1
NC_072423.2	112403248	112403701	2	1	+	NC_072423.2	112403483	112403518	112403597	112403677	COL7A1	XM_055277665.2	+	2	112403518	112403597	78	1
NC_072423.2	112563200	112563731	3	1	+	NC_072423.2	112563242	112563342	112563451	112563668	PLXNB1	XM_055278508.2	+	3	112563342	112563451	108	2
NC_072423.2	112569208	112569679	2	1	+	NC_072423.2	112569302	112569366	112569493	112569568	PLXNB1	XM_055278508.2	+	2	112569366	112569493	126	2
NC_072423.2	113590156	113592703	-1	1	-	NC_072423.2	113590832	113592584	113590551	113590735	PTPN23	XM_055279299.2	-	1	113590735	113590832	96	4
NC_072423.2	113592803	113593358	-3	1	-	NC_072423.2	113593188	113593342	113592943	113593094	PTPN23	XM_055279299.2	-	3	113593094	113593188	93	4
NC_072423.2	113595781	113596123	-1	1	-	NC_072423.2	113595932	113596063	113595797	113595844	PTPN23	XM_055279299.2	-	1	113595844	113595932	87	4
NC_072423.2	114002229	114002631	-2	1	-	NC_072423.2	114002458	114002616	114002231	114002379	NBEAL2	XM_055279379.2	-	2	114002379	114002458	78	7
NC_072423.2	114015078	114015996	-2	1	-	NC_072423.2	114015323	114015924	114015109	114015241	NBEAL2	XM_055279379.2	-	2	114015241	114015323	81	8
NC_072423.2	114021562	114022183	-1	1	-	NC_072423.2	114021975	114022103	114021779	114021860	NBEAL2	XM_055279379.2	-	1	114021860	114021975	114	6
NC_072423.2	114021562	114022183	-1	1	-	NC_072423.2	114021779	114021860	114021564	114021685	NBEAL2	XM_055279379.2	-	1	114021685	114021779	93	6
NC_072423.2	114021562	114022183	-1	1	-	NC_072423.2	114021975	114022103	114021769	114021860	NBEAL2	XM_055279385.2	-	1	114021860	114021975	114	1
NC_072423.2	114021562	114022183	-1	1	-	NC_072423.2	114021769	114021860	114021564	114021666	NBEAL2	XM_055279385.2	-	1	114021666	114021769	102	1
NC_072423.2	114088705	114089137	2	1	+	NC_072423.2	114088885	114088961	114089058	114089137	CCDC12	XM_063610580.1	+	2	114088961	114089058	96	2
NC_072423.2	114154039	114154267	2	1	+	NC_072423.2	114154062	114154139	114154242	114154267	MYL3	XM_055279728.2	+	2	114154139	114154242	102	7
NC_072423.2	114234658	114235309	2	1	+	NC_072423.2	114234773	114234866	114235011	114235235	LOC129488948	XM_063614941.1	+	2	114234866	114235011	144	2
NC_072423.2	115645052	115646318	-3	1	-	NC_072423.2	115646013	115646306	115645053	115645814	LOC129483199	XM_055280231.2	-	3	115645814	115646013	198	1
NC_072423.2	118215345	118215864	1	1	+	NC_072423.2	118215424	118215537	118215667	118215861	HHATL	XM_055281231.2	+	1	118215537	118215667	129	5
NC_072423.2	119219635	119219932	2	1	+	NC_072423.2	119219636	119219687	119219787	119219931	ULK4	XM_055281396.2	+	2	119219687	119219787	99	8
NC_072423.2	121828046	121828526	-3	1	-	NC_072423.2	121828337	121828457	121828101	121828168	TTC21A	XM_055281924.2	-	3	121828168	121828337	168	14
NC_072423.2	121836168	121836732	-2	1	-	NC_072423.2	121836556	121836628	121836349	121836459	TTC21A	XM_055281924.2	-	2	121836459	121836556	96	14
NC_072423.2	122665836	122666157	-2	1	-	NC_072423.2	122666020	122666140	122665838	122665932	SLC22A13	XM_055282857.2	-	2	122665932	122666020	87	2
NC_072423.2	124450712	124451162	-3	1	-	NC_072423.2	124451040	124451091	124450797	124450934	STAC	XM_055283563.2	-	3	124450934	124451040	105	9
NC_072423.2	157934483	157934876	-3	1	-	NC_072423.2	157934699	157934787	157934567	157934617	MYOM2	XM_055289398.2	-	3	157934617	157934699	81	4
NC_072423.2	158813550	158814342	1	1	+	NC_072423.2	158813593	158813621	158813706	158814342	LOC134732250	XM_063615416.1	+	1	158813621	158813706	84	1
NC_072423.2	159272761	159273634	2	1	+	NC_072423.2	159272775	159273338	159273408	159273605	ERICH1	XM_055289584.2	+	2	159273338	159273408	69	1
NC_072423.2	26655901	26656447	-1	1	-	NC_072423.2	26656221	26656294	26655902	26656043	PMAIP1	XM_055297467.2	-	1	26656043	26656221	177	1
NC_072423.2	28846707	28846992	1	1	+	NC_072423.2	28846743	28846815	28846921	28846991	ATP8B1	XM_055297954.2	+	1	28846815	28846921	105	5
NC_072423.2	36254218	36254884	2	1	+	NC_072423.2	36254332	36254428	36254687	36254839	CXXC1	XM_055299186.2	+	2	36254428	36254687	258	6
NC_072423.2	39501090	39503535	1	1	+	NC_072423.2	39501244	39503318	39503352	39503535	LOC129457579	XM_063639574.1	+	1	39503318	39503352	33	1
NC_072423.2	39510520	39512752	2	1	+	NC_072423.2	39511007	39512541	39512635	39512752	LOC134731993	XM_063613891.1	+	2	39512541	39512635	93	1
NC_072423.2	39519752	39521996	3	1	+	NC_072423.2	39520239	39521773	39521879	39521996	LOC134731994	XM_063613896.1	+	3	39521773	39521879	105	1
NC_072423.2	39524383	39526612	2	1	+	NC_072423.2	39524870	39526404	39526495	39526612	LOC129457762	XM_055233245.2	+	2	39526404	39526495	90	1
NC_072423.2	39528999	39531231	1	1	+	NC_072423.2	39529486	39531020	39531114	39531231	LOC129457768	XM_055233252.2	+	1	39531020	39531114	93	1
NC_072423.2	39533618	39535850	3	1	+	NC_072423.2	39534105	39535639	39535733	39535850	LOC129457783	XM_055233277.2	+	3	39535639	39535733	93	1
NC_072423.2	39538237	39540469	2	1	+	NC_072423.2	39538724	39540258	39540352	39540469	LOC129457689	XM_055233136.2	+	2	39540258	39540352	93	1
NC_072423.2	39542856	39545100	1	1	+	NC_072423.2	39543343	39544877	39544983	39545100	LOC129457712	XM_055233170.2	+	1	39544877	39544983	105	1
NC_072423.2	39547487	39549731	3	1	+	NC_072423.2	39547974	39549508	39549614	39549731	LOC129457685	XM_055233122.2	+	3	39549508	39549614	105	1
NC_072423.2	39552118	39554362	2	1	+	NC_072423.2	39552605	39554139	39554245	39554362	LOC129457667	XM_063613940.1	+	2	39554139	39554245	105	1
NC_072423.2	39556749	39558993	1	1	+	NC_072423.2	39557236	39558770	39558876	39558993	LOC129457720	XM_055233178.2	+	1	39558770	39558876	105	1
NC_072423.2	39561382	39563626	2	1	+	NC_072423.2	39561869	39563403	39563509	39563626	LOC129457696	XM_055233149.2	+	2	39563403	39563509	105	1
NC_072423.2	39566015	39568247	3	1	+	NC_072423.2	39566502	39568036	39568130	39568247	LOC129457724	XM_055233182.2	+	3	39568036	39568130	93	1
NC_072423.2	39570636	39572868	1	1	+	NC_072423.2	39571123	39572657	39572751	39572868	LOC129457729	XM_055233187.2	+	1	39572657	39572751	93	1
NC_072423.2	39579858	39582108	1	1	+	NC_072423.2	39580345	39581879	39581991	39582108	LOC129457738	XM_063613967.1	+	1	39581879	39581991	111	1
NC_072423.2	39584497	39586741	2	1	+	NC_072423.2	39584984	39586518	39586624	39586741	LOC129457705	XM_055233161.2	+	2	39586518	39586624	105	1
NC_072423.2	39589130	39591380	3	1	+	NC_072423.2	39589617	39591151	39591263	39591380	LOC129457680	XM_063613974.1	+	3	39591151	39591263	111	1
NC_072423.2	39593769	39596013	1	1	+	NC_072423.2	39594256	39595790	39595896	39596013	LOC129457745	XM_055233229.2	+	1	39595790	39595896	105	1
NC_072423.2	39598402	39600664	2	1	+	NC_072423.2	39598889	39600423	39600547	39600664	LOC129457754	XM_055233238.2	+	2	39600423	39600547	123	1
NC_072423.2	39603053	39605309	3	1	+	NC_072423.2	39603540	39605038	39605126	39605309	LOC134732003	XM_063613987.1	+	3	39605038	39605126	87	1
NC_072423.2	39607696	39609958	2	1	+	NC_072423.2	39608183	39609717	39609841	39609958	LOC134732006	XM_063613990.1	+	2	39609717	39609841	123	1
NC_072423.2	39612345	39614601	1	1	+	NC_072423.2	39612832	39614330	39614424	39614601	LOC129457650	XM_063613995.1	+	1	39614330	39614424	93	1
NC_072423.2	39616988	39619259	3	1	+	NC_072423.2	39617475	39619009	39619142	39619259	LOC129457675	XM_063613999.1	+	3	39619009	39619142	132	1
NC_072423.2	39630956	39633194	3	1	+	NC_072423.2	39631443	39632977	39633077	39633194	LOC129457634	XM_063614001.1	+	3	39632977	39633077	99	1
NC_072423.2	39635580	39637833	1	1	+	NC_072423.2	39636067	39637601	39637716	39637833	LOC129457639	XM_063614003.1	+	1	39637601	39637716	114	1
NC_072423.2	65991884	65992229	3	1	+	NC_072423.2	65991885	65991950	65992113	65992205	USP14	XM_055236744.2	+	3	65991950	65992113	162	9
NC_072423.2	7319755	7320424	-1	1	-	NC_072423.2	7320201	7320342	7319844	7320050	CTDP1	XM_055295740.2	-	1	7320050	7320201	150	5
NC_072423.2	85944298	85944976	-1	1	-	NC_072423.2	85944739	85944912	85944421	85944537	SLC43A3	XM_055251580.2	-	1	85944537	85944739	201	8
NC_072423.2	86030945	86031410	-3	1	-	NC_072423.2	86031251	86031306	86031042	86031118	SLC43A1	XM_055291066.2	-	3	86031118	86031251	132	7
NC_072423.2	86478119	86479124	-3	1	-	NC_072423.2	86478488	86479049	86478120	86478406	LOC129490165	XM_055293738.2	-	3	86478406	86478488	81	1
NC_072423.2	89217580	89218048	2	1	+	NC_072423.2	89217662	89217775	89217947	89218048	LOC129490341	XM_055294108.1	+	2	89217775	89217947	171	1
NC_072423.2	89359869	89360376	1	1	+	NC_072423.2	89360018	89360205	89360278	89360375	ZP1	XM_055276724.2	+	1	89360205	89360278	72	1
NC_072423.2	89363985	89364420	1	1	+	NC_072423.2	89364019	89364100	89364215	89364334	ZP1	XM_055276724.2	+	1	89364100	89364215	114	1
NC_072423.2	89391437	89391962	-3	1	-	NC_072423.2	89391648	89391721	89391468	89391530	PRPF19	XM_055276761.2	-	3	89391530	89391648	117	1
NC_072423.2	89943563	89944166	3	1	+	NC_072423.2	89943621	89943844	89944004	89944113	LOC129484016	XM_055281461.2	+	3	89943844	89944004	159	7
NC_072423.2	89997309	89997744	1	1	+	NC_072423.2	89997451	89997564	89997649	89997743	LOC129484016	XM_055281461.2	+	1	89997564	89997649	84	5
NC_072423.2	90285749	90286379	3	1	+	NC_072423.2	90285926	90286176	90286255	90286378	MYRF	XM_055283479.2	+	3	90286176	90286255	78	8
NC_072423.2	90295233	90295827	1	1	+	NC_072423.2	90295413	90295501	90295595	90295786	MYRF	XM_055283479.2	+	1	90295501	90295595	93	4
NC_072423.2	90295233	90295827	1	1	+	NC_072423.2	90295416	90295501	90295595	90295786	MYRF	XM_055283562.2	+	1	90295501	90295595	93	4
NC_072423.2	90728646	90729048	1	1	+	NC_072423.2	90728745	90728802	90728920	90729037	INCENP	XM_055286139.2	+	1	90728802	90728920	117	18
NC_072423.2	91225837	91226188	-1	1	-	NC_072423.2	91226075	91226188	91225839	91225951	GANAB	XM_055287836.2	-	1	91225951	91226075	123	4
NC_072423.2	91392075	91392711	1	1	+	NC_072423.2	91392346	91392496	91392653	91392703	TAF6L	XM_055289559.2	+	1	91392496	91392653	156	6
NC_072423.2	91419059	91419380	-3	1	-	NC_072423.2	91419311	91419380	91419081	91419169	NXF1	XM_055289980.2	-	3	91419169	91419311	141	1
NC_072423.2	91610976	91611453	-2	1	-	NC_072423.2	91611253	91611376	91610978	91611093	SLC22A6	XM_055294229.2	-	2	91611093	91611253	159	4
NC_072423.2	91623658	91624282	-1	1	-	NC_072423.2	91623843	91624046	91623659	91623755	SLC22A8	XM_055294402.2	-	1	91623755	91623843	87	3
NC_072423.2	92751319	92751802	-1	1	-	NC_072423.2	92751616	92751697	92751320	92751348	MACROD1	XM_055233505.2	-	1	92751348	92751616	267	2
NC_072423.2	92946658	92947138	2	1	+	NC_072423.2	92946707	92946848	92946996	92947137	STIP1	XM_055233326.2	+	2	92946848	92946996	147	2
NC_072423.2	92946658	92947138	2	1	+	NC_072423.2	92946779	92946848	92946996	92947137	STIP1	XM_055233431.2	+	2	92946848	92946996	147	1
NC_072423.2	92978144	92978957	-3	1	-	NC_072423.2	92978763	92978938	92978252	92978684	TRPT1	XM_055233955.2	-	3	92978684	92978763	78	9
NC_072423.2	92978144	92978957	-3	1	-	NC_072423.2	92978769	92978938	92978252	92978684	TRPT1	XM_055234122.2	-	3	92978684	92978769	84	2
NC_072423.2	92978144	92978957	-3	1	-	NC_072423.2	92978763	92978938	92978510	92978684	TRPT1	XM_055234423.2	-	3	92978684	92978763	78	6
NC_072423.2	92978144	92978957	-3	1	-	NC_072423.2	92978510	92978684	92978252	92978308	TRPT1	XM_055234423.2	-	3	92978308	92978510	201	8
NC_072423.2	92978144	92978957	-3	1	-	NC_072423.2	92978769	92978938	92978510	92978684	TRPT1	XM_055234568.2	-	3	92978684	92978769	84	4
NC_072423.2	92995781	92996888	3	1	+	NC_072423.2	92995908	92995990	92996627	92996801	FKBP2	XM_055236950.2	+	3	92995990	92996627	636	1
NC_072423.2	93016878	93017532	1	1	+	NC_072423.2	93016949	93017103	93017191	93017352	PLCB3	XM_055237755.2	+	1	93017103	93017191	87	4
NC_072423.2	93017988	93018747	1	1	+	NC_072423.2	93018040	93018139	93018233	93018337	PLCB3	XM_055237755.2	+	1	93018139	93018233	93	4
NC_072423.2	93017988	93018747	1	1	+	NC_072423.2	93018233	93018337	93018551	93018642	PLCB3	XM_055237755.2	+	1	93018337	93018551	213	4
NC_072423.2	93019416	93020025	1	1	+	NC_072423.2	93019715	93019750	93019832	93020024	PLCB3	XM_055237755.2	+	1	93019750	93019832	81	4
NC_072423.2	93021715	93022084	2	1	+	NC_072423.2	93021716	93021802	93021884	93022084	PLCB3	XM_055237755.2	+	2	93021802	93021884	81	4
NC_072423.2	93042637	93043150	2	1	+	NC_072423.2	93042767	93042895	93043031	93043149	GPR137	XM_055237935.2	+	2	93042895	93043031	135	13
NC_072423.2	93051132	93051744	1	1	+	NC_072423.2	93051274	93051397	93051515	93051675	KCNK4	XM_055239414.2	+	1	93051397	93051515	117	4
NC_072423.2	93060109	93061096	2	1	+	NC_072423.2	93060143	93060382	93060932	93061093	ESRRA	XM_055240080.2	+	2	93060382	93060932	549	1
NC_072423.2	93097137	93098067	1	1	+	NC_072423.2	93097623	93097734	93097825	93097894	CCDC88B	XM_055240847.2	+	1	93097734	93097825	90	3
NC_072423.2	93100459	93101923	2	1	+	NC_072423.2	93100479	93100615	93100700	93101860	CCDC88B	XM_055240847.2	+	2	93100615	93100700	84	3
NC_072423.2	93111657	93112314	1	1	+	NC_072423.2	93111856	93112062	93112222	93112290	CCDC88B	XM_063634762.1	+	1	93112062	93112222	159	1
NC_072423.2	93124951	93125554	2	1	+	NC_072423.2	93125114	93125247	93125347	93125440	RPS6KA4	XM_055241032.2	+	2	93125247	93125347	99	5
NC_072423.2	93124951	93125554	2	1	+	NC_072423.2	93125132	93125247	93125347	93125440	RPS6KA4	XM_055241116.2	+	2	93125247	93125347	99	1
NC_072423.2	93124951	93125554	2	1	+	NC_072423.2	93125135	93125247	93125347	93125440	RPS6KA4	XM_055241198.2	+	2	93125247	93125347	99	2
NC_072423.2	93352867	93353578	2	1	+	NC_072423.2	93353092	93353246	93353322	93353490	SLC22A12	XM_055294289.2	+	2	93353246	93353322	75	1
NC_072423.2	93352867	93353578	2	1	+	NC_072423.2	93353092	93353144	93353322	93353490	SLC22A12	XM_055294296.2	+	2	93353144	93353322	177	1
NC_072423.2	93556587	93557169	-2	1	-	NC_072423.2	93557034	93557094	93556814	93556931	MAP4K2	XM_055245466.2	-	2	93556931	93557034	102	4
NC_072423.2	93557647	93558232	-1	1	-	NC_072423.2	93558041	93558074	93557815	93557920	MAP4K2	XM_055245466.2	-	1	93557920	93558041	120	4
NC_072423.2	93560156	93560714	-3	1	-	NC_072423.2	93560418	93560499	93560217	93560324	MAP4K2	XM_055245466.2	-	3	93560324	93560418	93	4
NC_072423.2	93561566	93562055	-3	1	-	NC_072423.2	93561819	93561866	93561689	93561731	MAP4K2	XM_055245466.2	-	3	93561731	93561819	87	4
NC_072423.2	93586738	93587215	-1	1	-	NC_072423.2	93587043	93587163	93586811	93586928	CDC42BPG	XM_055246905.2	-	1	93586928	93587043	114	2
NC_072423.2	93586738	93587215	-1	1	-	NC_072423.2	93587043	93587163	93586747	93586928	CDC42BPG	XM_063635216.1	-	1	93586928	93587043	114	2
NC_072423.2	93586808	93587273	-3	1	-	NC_072423.2	93587043	93587163	93586811	93586928	CDC42BPG	XM_055247078.2	-	3	93586928	93587043	114	2
NC_072423.2	93593262	93593631	-2	1	-	NC_072423.2	93593506	93593604	93593368	93593427	CDC42BPG	XM_055246905.2	-	2	93593427	93593506	78	10
NC_072423.2	93656056	93656575	-1	1	-	NC_072423.2	93656375	93656527	93656057	93656290	ATG2A	XM_055247299.2	-	1	93656290	93656375	84	7
NC_072423.2	93658912	93659305	-1	1	-	NC_072423.2	93659161	93659245	93658914	93659049	ATG2A	XM_055247299.2	-	1	93659049	93659161	111	7
NC_072423.2	93830774	93831188	-3	1	-	NC_072423.2	93830998	93831125	93830775	93830919	LOC134736604	XM_063638845.1	-	3	93830919	93830998	78	1
NC_072423.2	93883699	93885154	2	1	+	NC_072423.2	93883758	93883904	93883980	93884199	VPS51	XM_055250774.2	+	2	93883904	93883980	75	1
NC_072423.2	93883699	93885154	2	1	+	NC_072423.2	93883980	93884199	93884374	93885091	VPS51	XM_055250774.2	+	2	93884199	93884374	174	3
NC_072423.2	93883699	93885154	2	1	+	NC_072423.2	93883772	93883904	93883980	93884199	VPS51	XM_055250856.2	+	2	93883904	93883980	75	2
NC_072423.2	93888659	93889049	3	1	+	NC_072423.2	93888694	93888890	93888990	93889044	TM7SF2	XM_055251418.2	+	3	93888890	93888990	99	4
NC_072423.2	93951965	93952709	3	1	+	NC_072423.2	93951986	93952157	93952236	93952566	SPDYC	XM_055294314.2	+	3	93952157	93952236	78	2
NC_072423.2	93951965	93952709	3	1	+	NC_072423.2	93951986	93952157	93952236	93952709	SPDYC	XM_063643206.1	+	3	93952157	93952236	78	3
NC_072423.2	93951965	93952709	3	1	+	NC_072423.2	93951986	93952157	93952236	93952307	SPDYC	XM_063643221.1	+	3	93952157	93952236	78	1
NC_072423.2	93951965	93952709	3	1	+	NC_072423.2	93952236	93952307	93952533	93952709	SPDYC	XM_063643221.1	+	3	93952307	93952533	225	1
NC_072423.2	93989375	93989852	3	1	+	NC_072423.2	93989466	93989531	93989616	93989673	CAPN1	XM_055252110.2	+	3	93989531	93989616	84	4
NC_072423.2	94339809	94340550	1	1	+	NC_072423.2	94340062	94340181	94340257	94340483	SCYL1	XM_063643023.1	+	1	94340181	94340257	75	1
NC_072423.2	94339809	94340550	1	1	+	NC_072423.2	94340062	94340176	94340261	94340483	SCYL1	XM_063643028.1	+	1	94340176	94340261	84	1
NC_072423.2	94359964	94360717	-1	1	-	NC_072423.2	94360390	94360512	94360012	94360134	LTBP3	XM_055254415.2	-	1	94360134	94360390	255	6
NC_072423.2	94366987	94367365	-1	1	-	NC_072423.2	94367260	94367365	94366999	94367091	LTBP3	XM_055254415.2	-	1	94367091	94367260	168	6
NC_072423.2	94396588	94396981	2	1	+	NC_072423.2	94396665	94396733	94396818	94396980	EHBP1L1	XM_055255834.2	+	2	94396733	94396818	84	3
NC_072423.2	94396588	94396981	2	1	+	NC_072423.2	94396665	94396733	94396818	94396933	EHBP1L1	XM_055256076.2	+	2	94396733	94396818	84	1
NC_072423.2	94396588	94396981	2	1	+	NC_072423.2	94396665	94396733	94396818	94396858	EHBP1L1	XM_055256157.2	+	2	94396733	94396818	84	1
NC_072423.2	94423808	94424675	-3	1	-	NC_072423.2	94424462	94424610	94424181	94424356	MAP3K11	XM_055256757.2	-	3	94424356	94424462	105	1
NC_072423.2	94451786	94452665	3	1	+	NC_072423.2	94452078	94452308	94452390	94452664	PCNX3	XM_055256407.2	+	3	94452308	94452390	81	4
NC_072423.2	94466363	94466897	3	1	+	NC_072423.2	94466384	94466495	94466580	94466688	SIPA1	XM_055256899.2	+	3	94466495	94466580	84	4
NC_072423.2	94466363	94466897	3	1	+	NC_072423.2	94466580	94466688	94466773	94466874	SIPA1	XM_055256899.2	+	3	94466688	94466773	84	4
NC_072423.2	94533799	94534588	-1	1	-	NC_072423.2	94534303	94534474	94533971	94534146	RNASEH2C	XM_055258572.2	-	1	94534146	94534303	156	2
NC_072423.2	94661806	94662391	2	1	+	NC_072423.2	94661897	94661995	94662161	94662229	MUS81	XM_055259068.2	+	2	94661995	94662161	165	5
NC_072423.2	94664450	94664858	3	1	+	NC_072423.2	94664451	94664567	94664670	94664765	MUS81	XM_055259068.2	+	3	94664567	94664670	102	5
NC_072423.2	94753316	94754444	3	1	+	NC_072423.2	94753406	94754124	94754296	94754443	TSGA10IP	XM_055294340.2	+	3	94754124	94754296	171	3
NC_072423.2	94773639	94774380	1	1	+	NC_072423.2	94773736	94773860	94773948	94774063	SART1	XM_055261554.2	+	1	94773860	94773948	87	1
NC_072423.2	94773639	94774380	1	1	+	NC_072423.2	94773948	94774063	94774157	94774299	SART1	XM_055261554.2	+	1	94774063	94774157	93	1
NC_072423.2	94806512	94806902	-3	1	-	NC_072423.2	94806795	94806881	94806545	94806653	EIF1AD	XM_055261625.2	-	3	94806653	94806795	141	11
NC_072423.2	94826441	94826867	-3	1	-	NC_072423.2	94826690	94826833	94826443	94826506	CATSPER1	XM_055294376.2	-	3	94826506	94826690	183	3
NC_072423.2	95023960	95024398	2	1	+	NC_072423.2	95023961	95024076	95024218	95024353	PACS1	XM_055262484.2	+	2	95024076	95024218	141	3
NC_072423.2	95027057	95027669	3	1	+	NC_072423.2	95027198	95027352	95027545	95027655	PACS1	XM_055262484.2	+	3	95027352	95027545	192	3
NC_072423.2	95058104	95058707	3	1	+	NC_072423.2	95058204	95058305	95058399	95058572	KLC2	XM_055262602.2	+	3	95058305	95058399	93	12
NC_072423.2	95059973	95060483	3	1	+	NC_072423.2	95059991	95060099	95060190	95060348	KLC2	XM_055262602.2	+	3	95060099	95060190	90	12
NC_072423.2	95122877	95123507	-3	1	-	NC_072423.2	95123327	95123458	95123058	95123209	RIN1	XM_055263754.2	-	3	95123209	95123327	117	3
NC_072423.2	95130715	95131162	-1	1	-	NC_072423.2	95131000	95131127	95130761	95130840	BRMS1	XM_055264442.2	-	1	95130840	95131000	159	3
NC_072423.2	95203773	95204376	1	1	+	NC_072423.2	95203885	95203987	95204108	95204375	NPAS4	XM_055294409.2	+	1	95203987	95204108	120	1
NC_072423.2	95276072	95276402	3	1	+	NC_072423.2	95276118	95276180	95276277	95276401	DPP3	XM_055264855.2	+	3	95276180	95276277	96	5
NC_072423.2	96090633	96091263	1	1	+	NC_072423.2	96090911	96091047	96091138	96091251	GRK2	XM_055268648.2	+	1	96091047	96091138	90	1
NC_072423.2	96107359	96107941	2	1	+	NC_072423.2	96107446	96107603	96107739	96107855	ANKRD13D	XM_055269529.2	+	2	96107603	96107739	135	2
NC_072423.2	96113057	96113354	3	1	+	NC_072423.2	96113082	96113203	96113282	96113353	SSH3	XM_055268852.2	+	3	96113203	96113282	78	4
NC_072423.2	96311220	96311682	-2	1	-	NC_072423.2	96311569	96311630	96311225	96311475	PITPNM1	XM_055270079.2	-	2	96311475	96311569	93	4
NC_072423.2	97633922	97634483	3	1	+	NC_072423.2	97633944	97634063	97634196	97634255	TPCN2	XM_055271057.2	+	3	97634063	97634196	132	5
NC_072423.2	97633922	97634483	3	1	+	NC_072423.2	97633983	97634063	97634196	97634255	TPCN2	XM_063644452.1	+	3	97634063	97634196	132	2
NC_072424.2	109749026	109749635	-2	1	-	NC_072424.2	109749393	109749458	109749050	109749272	CCN2	XM_055264315.2	-	2	109749272	109749393	120	2
NC_072424.2	120851823	120852828	1	1	+	NC_072424.2	120852169	120852261	120852499	120852618	AIG1	XM_055265907.2	+	1	120852261	120852499	237	6
NC_072424.2	120851823	120852828	1	1	+	NC_072424.2	120852169	120852177	120852499	120852618	AIG1	XM_055265935.2	+	1	120852177	120852499	321	2
NC_072424.2	135927648	135928356	1	1	+	NC_072424.2	135927673	135927822	135927898	135928063	SYNJ2	XM_055268221.2	+	1	135927822	135927898	75	8
NC_072424.2	145353957	145354434	-1	1	-	NC_072424.2	145354369	145354434	145354147	145354215	FRMD1	XM_063623797.1	-	1	145354215	145354369	153	1
NC_072424.2	147591307	147592123	2	1	+	NC_072424.2	147591380	147591647	147591723	147592123	LOC129477203	XM_055269854.2	+	2	147591647	147591723	75	1
NC_072424.2	19293600	19293909	1	1	+	NC_072424.2	19293604	19293657	19293739	19293795	SFXN4	XM_055247499.2	+	1	19293657	19293739	81	2
NC_072424.2	21868601	21869006	-2	1	-	NC_072424.2	21868886	21869006	21868667	21868786	PNLIPRP1	XM_055241525.2	-	2	21868786	21868886	99	1
NC_072424.2	27573234	27574095	1	1	+	NC_072424.2	27573271	27573692	27574041	27574095	BBIP1	XM_063626475.1	+	1	27573692	27574041	348	2
NC_072424.2	34534628	34535153	3	1	+	NC_072424.2	34534696	34534731	34534975	34535055	COL17A1	XM_055242819.2	+	3	34534731	34534975	243	1
NC_072424.2	35735848	35736133	-3	1	-	NC_072424.2	35736002	35736064	35735850	35735893	BORCS7	XM_055250823.2	-	3	35735893	35736002	108	1
NC_072424.2	36137236	36137833	-3	1	-	NC_072424.2	36137634	36137805	36137266	36137459	MFSD13A	XM_055250604.2	-	3	36137459	36137634	174	5
NC_072424.2	36216966	36217473	-1	1	-	NC_072424.2	36217275	36217381	36217023	36217181	NFKB2	XM_055250860.2	-	1	36217181	36217275	93	17
NC_072424.2	37635653	37636370	-2	1	-	NC_072424.2	37636157	37636284	37635654	37635979	SFXN3	XM_055251701.2	-	2	37635979	37636157	177	2
NC_072424.2	37635653	37636370	-2	1	-	NC_072424.2	37636157	37636284	37635930	37635979	SFXN3	XM_055251718.2	-	2	37635979	37636157	177	9
NC_072424.2	41237411	41237864	3	1	+	NC_072424.2	41237430	41237535	41237716	41237823	RRP12	XM_055253336.2	+	3	41237535	41237716	180	5
NC_072424.2	41785734	41786880	-1	1	-	NC_072424.2	41786162	41786238	41785800	41785873	LCOR	XM_055253777.2	-	1	41785873	41786162	288	2
NC_072424.2	43043995	43044505	2	1	+	NC_072424.2	43044068	43044263	43044366	43044487	ALDH18A1	XM_055254392.2	+	2	43044263	43044366	102	3
NC_072424.2	43323036	43323648	1	1	+	NC_072424.2	43323051	43323165	43323319	43323444	SORBS1	XM_055254448.2	+	1	43323165	43323319	153	43
NC_072424.2	44013378	44013756	-1	1	-	NC_072424.2	44013617	44013756	44013391	44013529	HELLS	XM_055254922.2	-	1	44013529	44013617	87	8
NC_072424.2	49421249	49421867	3	1	+	NC_072424.2	49421259	49421438	49421547	49421843	EEF1A1	XM_055256194.2	+	3	49421438	49421547	108	3
NC_072424.2	5273831	5274503	3	1	+	NC_072424.2	5273955	5274033	5274145	5274221	ADAM8	XM_055244760.2	+	3	5274033	5274145	111	1
NC_072424.2	5276563	5277208	2	1	+	NC_072424.2	5276747	5276836	5276966	5277155	ADAM8	XM_055244751.2	+	2	5276836	5276966	129	3
NC_072424.2	5315862	5317182	-1	1	-	NC_072424.2	5316456	5317074	5315863	5316335	UTF1	XM_055244769.2	-	1	5316335	5316456	120	1
NC_072424.2	5345476	5347075	-3	1	-	NC_072424.2	5346385	5347058	5346072	5346216	KNDC1	XM_055244697.2	-	3	5346216	5346385	168	1
NC_072424.2	63480788	63481319	-2	1	-	NC_072424.2	63481140	63481253	63480864	63481040	SYNCRIP	XM_055257807.2	-	2	63481040	63481140	99	11
NC_072424.2	67565293	67565683	2	1	+	NC_072424.2	67565375	67565467	67565522	67565683	LOC129470740	XM_063619476.1	+	2	67565467	67565522	54	1
NC_072424.2	8473809	8474547	1	1	+	NC_072424.2	8474116	8474249	8474355	8474511	EBF3	XM_055245380.2	+	1	8474249	8474355	105	14
NC_072424.2	87263896	87264370	2	1	+	NC_072424.2	87263957	87264039	87264166	87264298	SMPD2	XM_055260950.2	+	2	87264039	87264166	126	1
NC_072424.2	87269114	87269822	-2	1	-	NC_072424.2	87269591	87269781	87269310	87269398	MICAL1	XM_055260732.2	-	2	87269398	87269591	192	11
NC_072425.2	11169201	11169894	-3	1	-	NC_072425.2	11169553	11169766	11169277	11169432	ADAMTSL2	XM_055270465.2	-	3	11169432	11169553	120	5
NC_072425.2	11301665	11302142	-1	1	-	NC_072425.2	11301904	11302055	11301729	11301792	ADAMTS13	XM_063636786.1	-	1	11301792	11301904	111	1
NC_072425.2	119397246	119397693	1	1	+	NC_072425.2	119397275	119397529	119397638	119397679	BIRC2	XM_055272886.2	+	1	119397529	119397638	108	5
NC_072425.2	12072956	12073529	3	1	+	NC_072425.2	12072981	12073237	12073340	12073415	DDX31	XM_055270582.2	+	3	12073237	12073340	102	7
NC_072425.2	13193317	13194274	2	1	+	NC_072425.2	13193722	13193800	13193906	13194007	RAPGEF1	XM_055270646.2	+	2	13193800	13193906	105	10
NC_072425.2	133846437	133847556	1	1	+	NC_072425.2	133846570	133846624	133846760	133846883	APOC3	XM_055270003.1	+	1	133846624	133846760	135	1
NC_072425.2	134213762	134214125	3	1	+	NC_072425.2	134213796	134213897	134214000	134214083	SIDT2	XM_055273257.2	+	3	134213897	134214000	102	9
NC_072425.2	134221730	134222384	3	1	+	NC_072425.2	134221766	134221889	134222220	134222337	SIDT2	XM_055273257.2	+	3	134221889	134222220	330	9
NC_072425.2	134890444	134890930	-2	1	-	NC_072425.2	134890669	134890707	134890471	134890545	FXYD6	XM_055273298.2	-	2	134890545	134890669	123	1
NC_072425.2	134890444	134890930	-2	1	-	NC_072425.2	134890669	134890704	134890471	134890545	FXYD6	XM_055273299.2	-	2	134890545	134890669	123	1
NC_072425.2	135220043	135221003	-1	1	-	NC_072425.2	135220701	135220867	135220202	135220412	SCN2B	XM_055273349.2	-	1	135220412	135220701	288	2
NC_072425.2	135581565	135582465	1	1	+	NC_072425.2	135581731	135581815	135582056	135582445	TMEM25	XM_063636546.1	+	1	135581815	135582056	240	1
NC_072425.2	135711086	135711689	-1	1	-	NC_072425.2	135711510	135711622	135711285	135711338	TREH	XM_055273387.1	-	1	135711338	135711510	171	2
NC_072425.2	135713033	135713552	-1	1	-	NC_072425.2	135713465	135713514	135713138	135713332	TREH	XM_055273387.1	-	1	135713332	135713465	132	2
NC_072425.2	136103741	136104290	-1	1	-	NC_072425.2	136104057	136104144	136103829	136103951	HYOU1	XM_055273422.2	-	1	136103951	136104057	105	14
NC_072425.2	136147947	136148316	1	1	+	NC_072425.2	136147969	136148055	136148146	136148316	HMBS	XM_055273438.2	+	1	136148055	136148146	90	12
NC_072425.2	136168164	136168701	1	1	+	NC_072425.2	136168256	136168357	136168496	136168632	C2CD2L	XM_055273435.2	+	1	136168357	136168496	138	3
NC_072425.2	136168164	136168701	1	1	+	NC_072425.2	136168256	136168357	136168499	136168632	C2CD2L	XM_055273436.2	+	1	136168357	136168499	141	2
NC_072425.2	136190604	136191003	1	1	+	NC_072425.2	136190717	136190794	136190882	136191002	HINFP	XM_055273450.2	+	1	136190794	136190882	87	7
NC_072425.2	136190604	136191003	1	1	+	NC_072425.2	136190782	136190794	136190882	136191002	HINFP	XM_055273452.2	+	1	136190794	136190882	87	1
NC_072425.2	136247409	136248333	1	1	+	NC_072425.2	136247644	136247833	136247936	136248072	NHERF4	XM_055273467.2	+	1	136247833	136247936	102	1
NC_072425.2	136247409	136248333	1	1	+	NC_072425.2	136247644	136247833	136247936	136248030	NHERF4	XM_055273468.2	+	1	136247833	136247936	102	1
NC_072425.2	136375864	136376503	-2	1	-	NC_072425.2	136376294	136376412	136376050	136376191	MCAM	XM_055273473.2	-	2	136376191	136376294	102	2
NC_072425.2	136409126	136410131	-1	1	-	NC_072425.2	136409531	136409656	136409211	136409287	MFRP	XM_055270006.2	-	1	136409287	136409531	243	1
NC_072425.2	13694423	13695440	-1	1	-	NC_072425.2	13695149	13695179	13694946	13695007	AIF1L	XM_055270676.2	-	1	13695007	13695149	141	2
NC_072425.2	13752214	13752682	-2	1	-	NC_072425.2	13752412	13752600	13752216	13752333	LAMC3	XM_055270642.2	-	2	13752333	13752412	78	3
NC_072425.2	140687277	140688051	1	1	+	NC_072425.2	140687595	140687606	140687943	140688050	GRAMD1B	XM_055273545.2	+	1	140687606	140687943	336	1
NC_072425.2	141793996	141794563	2	1	+	NC_072425.2	141794083	141794234	141794358	141794468	ROBO3	XM_055273595.2	+	2	141794234	141794358	123	4
NC_072425.2	141809887	141810580	-2	1	-	NC_072425.2	141810277	141810505	141809903	141810015	ROBO4	XM_055273599.2	-	2	141810015	141810277	261	3
NC_072425.2	142002997	142003684	2	1	+	NC_072425.2	142003385	142003478	142003605	142003683	SLC37A2	XM_055273612.2	+	2	142003478	142003605	126	2
NC_072425.2	142011068	142011593	3	1	+	NC_072425.2	142011181	142011254	142011510	142011588	SLC37A2	XM_055273612.2	+	3	142011254	142011510	255	2
NC_072425.2	14392460	14392907	-1	1	-	NC_072425.2	14392757	14392838	14392518	14392654	HMCN2	XM_055270694.2	-	1	14392654	14392757	102	6
NC_072425.2	14439443	14440100	-1	1	-	NC_072425.2	14439906	14440036	14439449	14439596	HMCN2	XM_055270694.2	-	1	14439596	14439906	309	6
NC_072425.2	151435917	151436394	1	1	+	NC_072425.2	151435942	151436058	151436311	151436393	GLB1L2	XM_063635693.1	+	1	151436058	151436311	252	1
NC_072425.2	151435917	151436394	1	1	+	NC_072425.2	151435942	151436058	151436311	151436394	GLB1L2	XM_063635694.1	+	1	151436058	151436311	252	1
NC_072425.2	15801079	15801664	-2	1	-	NC_072425.2	15801437	15801664	15801191	15801322	NUP188	XM_055270767.2	-	2	15801322	15801437	114	2
NC_072425.2	15824887	15825430	-2	1	-	NC_072425.2	15825059	15825146	15824889	15824965	NUP188	XM_055270767.2	-	2	15824965	15825059	93	2
NC_072425.2	15871024	15871654	-2	1	-	NC_072425.2	15871526	15871654	15871310	15871426	PHYHD1	XM_063635923.1	-	2	15871426	15871526	99	8
NC_072425.2	16053525	16054209	1	1	+	NC_072425.2	16053657	16053771	16053916	16054062	ZER1	XM_055270910.2	+	1	16053771	16053916	144	6
NC_072425.2	16083986	16084451	-1	1	-	NC_072425.2	16084269	16084411	16084080	16084187	PKN3	XM_055270887.2	-	1	16084187	16084269	81	3
NC_072425.2	16090877	16091447	-1	1	-	NC_072425.2	16091154	16091263	16090899	16091042	PKN3	XM_055270887.2	-	1	16091042	16091154	111	3
NC_072425.2	16176009	16176414	-3	1	-	NC_072425.2	16176179	16176375	16176011	16176064	SPTAN1	XM_055270830.2	-	3	16176064	16176179	114	10
NC_072425.2	16466418	16467369	-3	1	-	NC_072425.2	16467201	16467338	16466829	16466993	SLC27A4	XM_055270918.2	-	3	16466993	16467201	207	2
NC_072425.2	16466418	16467369	-3	1	-	NC_072425.2	16466829	16466993	16466595	16466741	SLC27A4	XM_055270918.2	-	3	16466741	16466829	87	2
NC_072425.2	16557907	16558267	2	1	+	NC_072425.2	16557908	16557967	16558151	16558231	GOLGA2	XM_055270841.2	+	2	16557967	16558151	183	6
NC_072425.2	16557907	16558267	2	1	+	NC_072425.2	16557908	16557967	16558166	16558231	GOLGA2	XM_055270843.2	+	2	16557967	16558166	198	2
NC_072425.2	16559463	16559925	1	1	+	NC_072425.2	16559548	16559641	16559738	16559844	GOLGA2	XM_055270841.2	+	1	16559641	16559738	96	15
NC_072425.2	16559463	16559925	1	1	+	NC_072425.2	16559560	16559641	16559738	16559844	GOLGA2	XM_055270847.2	+	1	16559641	16559738	96	1
NC_072425.2	16567471	16568365	2	1	+	NC_072425.2	16567895	16568113	16568201	16568303	GOLGA2	XM_055270841.2	+	2	16568113	16568201	87	16
NC_072425.2	16891638	16892562	1	1	+	NC_072425.2	16891908	16892032	16892351	16892385	PIP5KL1	XM_055270963.2	+	1	16892032	16892351	318	1
NC_072425.2	17017163	17017748	-1	1	-	NC_072425.2	17017560	17017674	17017165	17017226	FPGS	XM_055270975.2	-	1	17017226	17017560	333	2
NC_072425.2	17422555	17423056	-2	1	-	NC_072425.2	17422708	17422881	17422556	17422602	SLC2A8	XM_055271014.2	-	2	17422602	17422708	105	1
NC_072425.2	20001064	20001349	-2	1	-	NC_072425.2	20001281	20001328	20001065	20001190	WDR38	XM_055271110.2	-	2	20001190	20001281	90	3
NC_072425.2	21418423	21418744	2	1	+	NC_072425.2	21418424	21418555	21418727	21418744	DENND1A	XM_055271162.2	+	2	21418555	21418727	171	2
NC_072425.2	22504271	22504601	-1	1	-	NC_072425.2	22504571	22504577	22504385	22504471	PTGS1	XM_055271205.2	-	1	22504471	22504571	99	3
NC_072425.2	30935674	30936424	2	1	+	NC_072425.2	30935716	30935794	30936296	30936423	KIF12	XM_055269931.2	+	2	30935794	30936296	501	1
NC_072425.2	45825911	45826367	-1	1	-	NC_072425.2	45826188	45826328	45825924	45825992	COL15A1	XM_055271691.1	-	1	45825992	45826188	195	2
NC_072425.2	51053242	51053743	-2	1	-	NC_072425.2	51053545	51053723	51053348	51053418	PHF2	XM_055271864.2	-	2	51053418	51053545	126	4
NC_072425.2	51398019	51398556	-3	1	-	NC_072425.2	51398274	51398393	51398070	51398180	WNK2	XM_055271886.2	-	3	51398180	51398274	93	1
NC_072425.2	56634887	56635547	-1	1	-	NC_072425.2	56635089	56635547	56634888	56634992	LOC129479251	XM_055272064.2	-	1	56634992	56635089	96	1
NC_072425.2	67019146	67019407	-2	1	-	NC_072425.2	67019362	67019407	67019148	67019271	VPS13A	XM_055272201.2	-	2	67019271	67019362	90	5
NC_072425.2	7233585	7234221	-3	1	-	NC_072425.2	7233937	7234119	7233676	7233852	ARRDC1	XM_055270166.2	-	3	7233852	7233937	84	3
NC_072425.2	7383589	7383919	2	1	+	NC_072425.2	7383620	7383653	7383771	7383841	NSMF	XM_055270193.2	+	2	7383653	7383771	117	6
NC_072425.2	7396424	7396901	3	1	+	NC_072425.2	7396434	7396706	7396782	7396899	ENTPD8	XM_055270202.2	+	3	7396706	7396782	75	2
NC_072425.2	7396424	7396901	3	1	+	NC_072425.2	7396581	7396706	7396782	7396899	ENTPD8	XM_063636662.1	+	3	7396706	7396782	75	2
NC_072425.2	7583957	7584647	-1	1	-	NC_072425.2	7584426	7584514	7583984	7584287	STPG3	XM_055270209.2	-	1	7584287	7584426	138	2
NC_072425.2	7583957	7584647	-1	1	-	NC_072425.2	7584426	7584514	7583984	7584122	STPG3	XM_055270211.2	-	1	7584122	7584426	303	1
NC_072425.2	7583957	7584647	-1	1	-	NC_072425.2	7584426	7584498	7583984	7584287	STPG3	XM_063636669.1	-	1	7584287	7584426	138	1
NC_072425.2	7590717	7591587	1	1	+	NC_072425.2	7590858	7591073	7591155	7591404	CIMIP2A	XM_055270237.2	+	1	7591073	7591155	81	1
NC_072425.2	7591408	7592506	2	1	+	NC_072425.2	7591493	7591616	7591974	7592068	CIMIP2A	XM_055270237.2	+	2	7591616	7591974	357	1
NC_072425.2	7604167	7605013	-2	1	-	NC_072425.2	7604887	7604971	7604512	7604601	SLC34A3	XM_055270212.1	-	2	7604601	7604887	285	1
NC_072425.2	7620318	7620879	-3	1	-	NC_072425.2	7620702	7620848	7620490	7620608	NDOR1	XM_055270257.2	-	3	7620608	7620702	93	9
NC_072425.2	7620318	7620879	-3	1	-	NC_072425.2	7620490	7620608	7620320	7620414	NDOR1	XM_055270257.2	-	3	7620414	7620490	75	6
NC_072425.2	7620318	7620879	-3	1	-	NC_072425.2	7620490	7620608	7620320	7620441	NDOR1	XM_063636675.1	-	3	7620441	7620490	48	1
NC_072425.2	7620318	7620879	-3	1	-	NC_072425.2	7620490	7620608	7620342	7620414	NDOR1	XM_063636677.1	-	3	7620414	7620490	75	2
NC_072425.2	7652014	7652875	2	1	+	NC_072425.2	7652018	7652192	7652655	7652774	ANAPC2	XM_055270252.2	+	2	7652192	7652655	462	3
NC_072425.2	7652014	7652875	2	1	+	NC_072425.2	7652018	7652192	7652664	7652774	ANAPC2	XM_063636672.1	+	2	7652192	7652664	471	2
NC_072425.2	7680019	7680520	-2	1	-	NC_072425.2	7680283	7680404	7680036	7680210	GRIN1	XM_055270240.2	-	2	7680210	7680283	72	11
NC_072425.2	7724338	7724911	2	1	+	NC_072425.2	7724415	7724554	7724648	7724811	DPP7	XM_055270272.2	+	2	7724554	7724648	93	4
NC_072425.2	7822006	7822486	2	1	+	NC_072425.2	7822038	7822202	7822305	7822485	LOC129478653	XM_055270289.1	+	2	7822202	7822305	102	3
NC_072425.2	7822730	7823369	3	1	+	NC_072425.2	7822904	7823100	7823179	7823361	LOC129478653	XM_055270289.1	+	3	7823100	7823179	78	3
NC_072425.2	7823565	7824876	1	1	+	NC_072425.2	7823899	7824019	7824305	7824541	LOC129478653	XM_055270289.1	+	1	7824019	7824305	285	3
NC_072425.2	7826253	7826580	1	1	+	NC_072425.2	7826311	7826422	7826519	7826579	LOC129478653	XM_055270289.1	+	1	7826422	7826519	96	3
NC_072425.2	7829604	7830387	1	1	+	NC_072425.2	7829737	7829874	7829980	7830186	LOC129478653	XM_055270289.1	+	1	7829874	7829980	105	3
NC_072425.2	7842877	7843426	-2	1	-	NC_072425.2	7843058	7843403	7842878	7842940	PAXX	XM_063636710.1	-	2	7842940	7843058	117	1
NC_072425.2	7843973	7844510	-1	1	-	NC_072425.2	7844246	7844436	7844078	7844146	PAXX	XM_055270295.2	-	1	7844146	7844246	99	2
NC_072425.2	78838103	78841838	3	1	+	NC_072425.2	78838220	78838815	78839266	78841838	LOC129478344	XM_055269962.2	+	3	78838815	78839266	450	1
NC_072425.2	7899222	7899681	-3	1	-	NC_072425.2	7899435	7899536	7899312	7899350	C8G	XM_055270300.2	-	3	7899350	7899435	84	1
NC_072425.2	7899222	7899681	-3	1	-	NC_072425.2	7899312	7899350	7899223	7899233	C8G	XM_055270300.2	-	3	7899233	7899312	78	1
NC_072425.2	7988794	7989421	-2	1	-	NC_072425.2	7989253	7989343	7988983	7989129	MAMDC4	XM_055270312.2	-	2	7989129	7989253	123	2
NC_072425.2	7990199	7991090	-1	1	-	NC_072425.2	7990484	7990618	7990227	7990360	MAMDC4	XM_055270312.2	-	1	7990360	7990484	123	1
NC_072425.2	7992293	7993307	-1	1	-	NC_072425.2	7992842	7992979	7992654	7992742	MAMDC4	XM_055270312.2	-	1	7992742	7992842	99	2
NC_072425.2	7992293	7993307	-1	1	-	NC_072425.2	7992654	7992742	7992402	7992575	MAMDC4	XM_055270312.2	-	1	7992575	7992654	78	2
NC_072425.2	8009770	8010685	-2	1	-	NC_072425.2	8010124	8010440	8009772	8009925	RABL6	XM_055270323.2	-	2	8009925	8010124	198	3
NC_072425.2	8085663	8086056	1	1	+	NC_072425.2	8085737	8085841	8085920	8086009	LCN8	XM_055269895.2	+	1	8085841	8085920	78	2
NC_072425.2	81060621	81064341	1	1	+	NC_072425.2	81060738	81061333	81061784	81064341	LOC129479377	XM_055272390.2	+	1	81061333	81061784	450	1
NC_072425.2	8164102	8164927	-2	1	-	NC_072425.2	8164804	8164899	8164483	8164644	EGFL7	XM_055270344.2	-	2	8164644	8164804	159	6
NC_072425.2	8361153	8362218	1	1	+	NC_072425.2	8361332	8361458	8361951	8362149	SEC16A	XM_063636734.1	+	1	8361458	8361951	492	14
NC_072425.2	8408115	8408772	-3	1	-	NC_072425.2	8408665	8408755	8408479	8408541	PMPCA	XM_055270374.2	-	3	8408541	8408665	123	2
NC_072425.2	8441042	8441471	3	1	+	NC_072425.2	8441107	8441213	8441376	8441470	SNAPC4	XM_055270375.1	+	3	8441213	8441376	162	8
NC_072425.2	8458127	8458883	3	1	+	NC_072425.2	8458269	8458448	8458533	8458676	CARD9	XM_055270385.2	+	3	8458448	8458533	84	3
NC_072425.2	87958912	87959539	-2	1	-	NC_072425.2	87959378	87959539	87958914	87959107	DNAH11	XM_055272477.2	-	2	87959107	87959378	270	1
NC_072425.2	88281863	88282424	-1	1	-	NC_072425.2	88282412	88282418	88281879	88281994	SP4	XM_055272482.2	-	1	88281994	88282412	417	1
NC_072425.2	9037224	9038088	-3	1	-	NC_072425.2	9037883	9038017	9037480	9037591	KCNT1	XM_055270407.2	-	3	9037591	9037883	291	6
NC_072425.2	9135882	9136257	-3	1	-	NC_072425.2	9136011	9136112	9135883	9135902	LCN9	XM_055269900.2	-	3	9135902	9136011	108	1
NC_072425.2	9212934	9213465	-3	1	-	NC_072425.2	9213219	9213323	9212935	9212948	LOC129478273	XM_055269904.2	-	3	9212948	9213219	270	1
NC_072425.2	9387461	9387824	-1	1	-	NC_072425.2	9387697	9387806	9387463	9387537	LOC134736279	XM_063636771.1	-	1	9387537	9387697	159	1
NC_072425.2	9959081	9959585	-1	1	-	NC_072425.2	9959484	9959537	9959274	9959381	COL5A1	XM_055270438.2	-	1	9959381	9959484	102	2
NC_072426.2	100451885	100452296	3	1	+	NC_072426.2	100451915	100452002	100452117	100452295	ECD	XM_055275797.2	+	3	100452002	100452117	114	4
NC_072426.2	113887515	113888448	1	1	+	NC_072426.2	113887645	113887825	113888045	113888423	SCOC	XM_063637648.1	+	1	113887825	113888045	219	2
NC_072426.2	118453605	118454001	-2	1	-	NC_072426.2	118453896	118453999	118453607	118453793	OTUD4	XM_055276011.2	-	2	118453793	118453896	102	7
NC_072426.2	125969314	125969854	-1	1	-	NC_072426.2	125969551	125969811	125969422	125969460	TMEM154	XM_055276138.2	-	1	125969460	125969551	90	7
NC_072426.2	125969314	125969854	-1	1	-	NC_072426.2	125969551	125969641	125969422	125969460	TMEM154	XM_063638287.1	-	1	125969460	125969551	90	1
NC_072426.2	141486066	141486354	1	1	+	NC_072426.2	141486103	141486156	141486253	141486346	ANXA10	XM_055276359.2	+	1	141486156	141486253	96	6
NC_072426.2	156844462	156844681	2	1	+	NC_072426.2	156844466	156844544	156844626	156844680	TRAPPC11	XM_055276506.2	+	2	156844544	156844626	81	6
NC_072426.2	159271527	159274026	-2	1	-	NC_072426.2	159273445	159273870	159271528	159273240	LOC129480189	XM_063637122.1	-	2	159273240	159273445	204	1
NC_072426.2	18496311	18496989	1	1	+	NC_072426.2	18496469	18496527	18496654	18496683	PHIP	XM_055274198.2	+	1	18496527	18496654	126	2
NC_072426.2	18496311	18496989	1	1	+	NC_072426.2	18496654	18496683	18496876	18496935	PHIP	XM_055274198.2	+	1	18496683	18496876	192	2
NC_072426.2	31385669	31386008	-3	1	-	NC_072426.2	31385805	31385973	31385670	31385708	ZWINT	XM_055274347.2	-	3	31385708	31385805	96	2
NC_072426.2	31385669	31386008	-3	1	-	NC_072426.2	31385805	31385954	31385670	31385708	ZWINT	XM_055274348.2	-	3	31385708	31385805	96	2
NC_072426.2	31385669	31386008	-3	1	-	NC_072426.2	31385805	31385936	31385670	31385708	ZWINT	XM_055274349.2	-	3	31385708	31385805	96	2
NC_072426.2	34493075	34493891	-3	1	-	NC_072426.2	34493546	34493854	34493188	34493278	ANK3	XM_055274392.2	-	3	34493278	34493546	267	3
NC_072426.2	42811502	42811907	-3	1	-	NC_072426.2	42811717	42811833	42811529	42811638	DNA2	XM_063637141.1	-	3	42811638	42811717	78	6
NC_072426.2	46350303	46351629	1	1	+	NC_072426.2	46350470	46350721	46350800	46350961	CDH23	XM_055274603.1	+	1	46350721	46350800	78	2
NC_072426.2	46596469	46596880	-1	1	-	NC_072426.2	46596718	46596855	46596470	46596612	SPOCK2	XM_055274617.2	-	1	46596612	46596718	105	2
NC_072426.2	61432954	61433332	-1	1	-	NC_072426.2	61433168	61433332	61432978	61433071	LARP7	XM_055274839.2	-	1	61433071	61433168	96	12
NC_072426.2	63440356	63441214	2	1	+	NC_072426.2	63440363	63440408	63440880	63441017	PITX2	XM_055273976.1	+	2	63440408	63440880	471	1
NC_072426.2	63440356	63441214	2	1	+	NC_072426.2	63440363	63440408	63440919	63441017	PITX2	XM_055273977.2	+	2	63440408	63440919	510	1
NC_072426.2	70534823	70535165	-3	1	-	NC_072426.2	70535010	70535165	70534824	70534907	LOC129480770	XM_055275026.2	-	3	70534907	70535010	102	4
NC_072426.2	79754532	79755030	1	1	+	NC_072426.2	79754569	79754757	79754842	79755022	BMS1	XM_055275212.2	+	1	79754757	79754842	84	5
NC_072426.2	83272988	83273552	3	1	+	NC_072426.2	83273199	83273201	83273298	83273420	LOC129480870	XM_055275304.2	+	3	83273201	83273298	96	38
NC_072426.2	87005985	87006384	-2	1	-	NC_072426.2	87006196	87006326	87005986	87006108	BMPR1A	XM_055275474.2	-	2	87006108	87006196	87	11
NC_072426.2	89728504	89729461	2	1	+	NC_072426.2	89728527	89728556	89728704	89729461	LRIT2	XM_055274027.1	+	2	89728556	89728704	147	1
NC_072426.2	93755485	93756259	2	1	+	NC_072426.2	93755763	93755865	93755956	93756193	LOC129480299	XM_055274031.2	+	2	93755865	93755956	90	1
NC_072426.2	99871312	99871771	2	1	+	NC_072426.2	99871438	99871540	99871649	99871771	NDST2	XM_055275726.2	+	2	99871540	99871649	108	5
NC_072426.2	99882692	99883397	-3	1	-	NC_072426.2	99883017	99883218	99882694	99882869	ZSWIM8	XM_055275717.2	-	3	99882869	99883017	147	13
NC_072426.2	99884321	99884831	-3	1	-	NC_072426.2	99884637	99884809	99884352	99884459	ZSWIM8	XM_055275717.2	-	3	99884459	99884637	177	13
NC_072427.2	124612113	124612452	-2	1	-	NC_072427.2	124612347	124612430	124612150	124612253	SLC24A5	XM_055279026.2	-	2	124612253	124612347	93	1
NC_072427.2	128965678	128966269	2	1	+	NC_072427.2	128965778	128965840	128965937	128966041	LOC129481700	XM_063639487.1	+	2	128965840	128965937	96	5
NC_072427.2	129057781	129058372	2	1	+	NC_072427.2	129057881	129057943	129058040	129058144	STRC	XM_055276779.2	+	2	129057943	129058040	96	12
NC_072427.2	129427409	129428171	3	1	+	NC_072427.2	129427462	129427641	129427744	129427989	TGM5	XM_055276938.2	+	3	129427641	129427744	102	1
NC_072427.2	129536956	129537469	-1	1	-	NC_072427.2	129537230	129537354	129536958	129537001	TMEM62	XM_055278923.2	-	1	129537001	129537230	228	2
NC_072427.2	129938439	129939039	1	1	+	NC_072427.2	129938463	129938669	129938865	129939034	CDAN1	XM_055278855.2	+	1	129938669	129938865	195	2
NC_072427.2	129938439	129939039	1	1	+	NC_072427.2	129938466	129938669	129938865	129939034	CDAN1	XM_055278856.2	+	1	129938669	129938865	195	2
NC_072427.2	129945112	129945493	2	1	+	NC_072427.2	129945168	129945301	129945389	129945492	CDAN1	XM_055278855.2	+	2	129945301	129945389	87	4
NC_072427.2	130274732	130275092	-3	1	-	NC_072427.2	130275005	130275062	130274853	130274917	CAPN3	XM_055278871.2	-	3	130274917	130275005	87	5
NC_072427.2	130553152	130553758	2	1	+	NC_072427.2	130553220	130553356	130553462	130553590	PLA2G4F	XM_055276937.2	+	2	130553356	130553462	105	1
NC_072427.2	130556838	130557405	1	1	+	NC_072427.2	130556960	130557129	130557247	130557360	PLA2G4F	XM_055276937.2	+	1	130557129	130557247	117	1
NC_072427.2	135571996	135572629	-1	1	-	NC_072427.2	135572561	135572590	135572231	135572488	PDE3A	XM_063640771.1	-	1	135572488	135572561	72	1
NC_072427.2	142890906	142891464	-2	1	-	NC_072427.2	142891320	142891416	142891074	142891214	EMP1	XM_055276994.2	-	2	142891214	142891320	105	1
NC_072427.2	142890906	142891464	-2	1	-	NC_072427.2	142891320	142891416	142890907	142891214	EMP1	XM_063640779.1	-	2	142891214	142891320	105	1
NC_072427.2	145855384	145855975	2	1	+	NC_072427.2	145855454	145855574	145855647	145855956	LOC129481684	XM_063638518.1	+	2	145855574	145855647	72	1
NC_072427.2	147568208	147568979	3	1	+	NC_072427.2	147568228	147568542	147568642	147568956	CD163	XM_055280787.2	+	3	147568542	147568642	99	7
NC_072427.2	148013027	148013840	3	1	+	NC_072427.2	148013246	148013393	148013466	148013624	LPCAT3	XM_055280831.2	+	3	148013393	148013466	72	1
NC_072427.2	148013027	148013840	3	1	+	NC_072427.2	148013466	148013624	148013727	148013840	LPCAT3	XM_055280831.2	+	3	148013624	148013727	102	1
NC_072427.2	148048930	148049710	-1	1	-	NC_072427.2	148049638	148049689	148049215	148049391	C5H12orf57	XM_055280866.2	-	1	148049391	148049638	246	1
NC_072427.2	148048930	148049710	-1	1	-	NC_072427.2	148049638	148049689	148049302	148049391	C5H12orf57	XM_055280867.2	-	1	148049391	148049638	246	1
NC_072427.2	148077325	148077718	-1	1	-	NC_072427.2	148077565	148077660	148077350	148077408	ENO2	XM_055280845.2	-	1	148077408	148077565	156	2
NC_072427.2	148088514	148089009	-2	1	-	NC_072427.2	148088857	148088982	148088663	148088772	LRRC23	XM_055280848.2	-	2	148088772	148088857	84	9
NC_072427.2	148143962	148144805	-3	1	-	NC_072427.2	148144439	148144592	148143964	148144048	USP5	XM_055280869.2	-	3	148144048	148144439	390	6
NC_072427.2	148159818	148160244	1	1	+	NC_072427.2	148159862	148159968	148160092	148160244	CDCA3	XM_055280878.2	+	1	148159968	148160092	123	4
NC_072427.2	148159818	148160244	1	1	+	NC_072427.2	148159862	148159983	148160092	148160244	CDCA3	XM_063639768.1	+	1	148159983	148160092	108	4
NC_072427.2	148362830	148363739	3	1	+	NC_072427.2	148363099	148363317	148363549	148363643	ACRBP	XM_055280955.2	+	3	148363317	148363549	231	1
NC_072427.2	148430109	148430514	1	1	+	NC_072427.2	148430134	148430314	148430399	148430485	CHD4	XM_055280932.2	+	1	148430314	148430399	84	10
NC_072427.2	148430109	148430514	1	1	+	NC_072427.2	148430137	148430314	148430399	148430485	CHD4	XM_055280934.2	+	1	148430314	148430399	84	6
NC_072427.2	148463233	148463803	2	1	+	NC_072427.2	148463263	148463323	148463474	148463569	IFFO1	XM_055280946.2	+	2	148463323	148463474	150	9
NC_072427.2	148666995	148667514	1	1	+	NC_072427.2	148667066	148667215	148667435	148667513	TNFRSF1A	XM_055280968.2	+	1	148667215	148667435	219	6
NC_072427.2	148670404	148671292	2	1	+	NC_072427.2	148670537	148670825	148670985	148671292	TNFRSF1A	XM_055280968.2	+	2	148670825	148670985	159	7
NC_072427.2	149386863	149387544	1	1	+	NC_072427.2	149387019	149387076	149387221	149387321	ANO2	XM_055281012.2	+	1	149387076	149387221	144	1
NC_072427.2	152321896	152322379	-1	1	-	NC_072427.2	152322221	152322280	152322014	152322073	LOC129483539	XM_055281106.2	-	1	152322073	152322221	147	3
NC_072427.2	153045916	153046411	2	1	+	NC_072427.2	153045920	153046009	153046115	153046228	CACNA2D4	XM_055281130.2	+	2	153046009	153046115	105	10
NC_072427.2	15514560	15515058	-2	1	-	NC_072427.2	15514882	15514999	15514618	15514773	UNC45A	XM_055277165.2	-	2	15514773	15514882	108	2
NC_072427.2	15518172	15518841	-2	1	-	NC_072427.2	15518504	15518631	15518227	15518293	UNC45A	XM_055277165.2	-	2	15518293	15518504	210	2
NC_072427.2	15532460	15533006	-3	1	-	NC_072427.2	15532845	15532895	15532515	15532676	UNC45A	XM_055277165.2	-	3	15532676	15532845	168	1
NC_072427.2	15532460	15533006	-3	1	-	NC_072427.2	15532890	15532895	15532515	15532676	UNC45A	XM_055277166.2	-	3	15532676	15532890	213	1
NC_072427.2	15582737	15583148	-3	1	-	NC_072427.2	15583052	15583148	15582739	15582922	FES	XM_055277175.2	-	3	15582922	15583052	129	9
NC_072427.2	15593494	15593935	-1	1	-	NC_072427.2	15593756	15593854	15593552	15593647	FURIN	XM_055277184.2	-	1	15593647	15593756	108	6
NC_072427.2	16256094	16256685	-2	1	-	NC_072427.2	16256445	16256655	16256197	16256342	SEMA4B	XM_055277200.2	-	2	16256342	16256445	102	1
NC_072427.2	16256094	16256685	-2	1	-	NC_072427.2	16256445	16256655	16256227	16256342	SEMA4B	XM_055277201.2	-	2	16256342	16256445	102	2
NC_072427.2	16719545	16720643	3	1	+	NC_072427.2	16719588	16720304	16720563	16720643	MESP1	XM_055277251.2	+	3	16720304	16720563	258	1
NC_072427.2	21176536	21177235	2	1	+	NC_072427.2	21176558	21176963	21177096	21177188	ZSCAN2	XM_055277355.2	+	2	21176963	21177096	132	1
NC_072427.2	21518799	21519555	1	1	+	NC_072427.2	21518871	21519039	21519166	21519363	SLC28A1	XM_063638609.1	+	1	21519039	21519166	126	1
NC_072427.2	21528139	21528538	2	1	+	NC_072427.2	21528237	21528335	21528426	21528537	SLC28A1	XM_063638609.1	+	2	21528335	21528426	90	1
NC_072427.2	21952166	21952994	-3	1	-	NC_072427.2	21952755	21952937	21952390	21952673	AP3B2	XM_055277384.2	-	3	21952673	21952755	81	3
NC_072427.2	27031074	27031929	1	1	+	NC_072427.2	27031195	27031278	27031624	27031748	ADAMTS7	XM_055277542.2	+	1	27031278	27031624	345	2
NC_072427.2	27058246	27058780	2	1	+	NC_072427.2	27058331	27058504	27058586	27058732	ADAMTS7	XM_055277542.2	+	2	27058504	27058586	81	2
NC_072427.2	27591715	27592147	-1	1	-	NC_072427.2	27592028	27592128	27591716	27591928	DNAJA4	XM_063638653.1	-	1	27591928	27592028	99	5
NC_072427.2	29553711	29555271	-2	1	-	NC_072427.2	29554513	29554796	29553772	29553939	ISL2	XM_055276908.2	-	2	29553939	29554513	573	3
NC_072427.2	30518679	30519594	1	1	+	NC_072427.2	30519018	30519097	30519254	30519402	MAN2C1	XM_055277705.2	+	1	30519097	30519254	156	3
NC_072427.2	30518679	30519594	1	1	+	NC_072427.2	30519254	30519402	30519484	30519593	MAN2C1	XM_055277705.2	+	1	30519402	30519484	81	3
NC_072427.2	30518679	30519594	1	1	+	NC_072427.2	30519018	30519097	30519230	30519402	MAN2C1	XM_055277706.2	+	1	30519097	30519230	132	1
NC_072427.2	30518679	30519594	1	1	+	NC_072427.2	30519230	30519402	30519484	30519593	MAN2C1	XM_055277706.2	+	1	30519402	30519484	81	1
NC_072427.2	30518679	30519594	1	1	+	NC_072427.2	30519018	30519097	30519323	30519402	MAN2C1	XM_055277708.2	+	1	30519097	30519323	225	1
NC_072427.2	30518679	30519594	1	1	+	NC_072427.2	30519323	30519402	30519484	30519593	MAN2C1	XM_055277708.2	+	1	30519402	30519484	81	1
NC_072427.2	30521023	30521422	-1	1	-	NC_072427.2	30521223	30521284	30521024	30521090	NEIL1	XM_063638702.1	-	1	30521090	30521223	132	1
NC_072427.2	31320834	31321878	-2	1	-	NC_072427.2	31321371	31321654	31320990	31321244	ARID3B	XM_055277777.2	-	2	31321244	31321371	126	6
NC_072427.2	31489124	31489952	3	1	+	NC_072427.2	31489353	31489445	31489647	31489731	SEMA7A	XM_055277798.2	+	3	31489445	31489647	201	2
NC_072427.2	32602370	32603120	3	1	+	NC_072427.2	32602488	32602634	32602737	32602977	HCN4	XM_055277853.2	+	3	32602634	32602737	102	1
NC_072427.2	39562682	39563561	-3	1	-	NC_072427.2	39562966	39563504	39562683	39562878	LOC129482366	XM_055278086.2	-	3	39562878	39562966	87	1
NC_072427.2	39562682	39563561	-3	1	-	NC_072427.2	39563447	39563504	39562966	39563152	LOC129482366	XM_055278087.2	-	3	39563152	39563447	294	1
NC_072427.2	39562682	39563561	-3	1	-	NC_072427.2	39562966	39563152	39562683	39562878	LOC129482366	XM_055278087.2	-	3	39562878	39562966	87	1
NC_072427.2	42295837	42296266	2	1	+	NC_072427.2	42296014	42296103	42296221	42296266	DAPK2	XM_063638941.1	+	2	42296103	42296221	117	1
NC_072427.2	42295974	42296367	1	1	+	NC_072427.2	42296014	42296103	42296221	42296304	DAPK2	XM_055278202.2	+	1	42296103	42296221	117	3
NC_072427.2	43456270	43456861	-1	1	-	NC_072427.2	43456694	43456819	43456418	43456534	TLN2	XM_055278269.2	-	1	43456534	43456694	159	3
NC_072427.2	47340817	47341270	2	1	+	NC_072427.2	47340849	47340968	47341104	47341184	LOC129482469	XM_055278349.2	+	2	47340968	47341104	135	10
NC_072427.2	51211640	51212075	-3	1	-	NC_072427.2	51211917	51211997	51211734	51211838	ATP10A	XM_055278452.2	-	3	51211838	51211917	78	2
NC_072427.2	54439070	54441443	-3	1	-	NC_072427.2	54439574	54440841	54439071	54439435	LOC134736745	XM_063640007.1	-	3	54439435	54439574	138	1
NC_072427.2	59407653	59407953	-2	1	-	NC_072427.2	59407861	59407915	59407655	59407737	LPCAT4	XM_055278614.2	-	2	59407737	59407861	123	1
NC_072427.2	64987313	64987844	-3	1	-	NC_072427.2	64987791	64987814	64987574	64987646	SRP14	XM_055278673.2	-	3	64987646	64987791	144	1
NC_072427.2	65197178	65198075	3	1	+	NC_072427.2	65197299	65197796	65197941	65198074	PAK6	XM_055278697.2	+	3	65197796	65197941	144	11
NC_072427.2	65198378	65198864	3	1	+	NC_072427.2	65198417	65198543	65198622	65198747	PAK6	XM_055278697.2	+	3	65198543	65198622	78	11
NC_072427.2	65335928	65336303	3	1	+	NC_072427.2	65335929	65336105	65336232	65336283	IVD	XM_055278712.2	+	3	65336105	65336232	126	1
NC_072427.2	65335928	65336303	3	1	+	NC_072427.2	65335929	65336018	65336232	65336283	IVD	XM_055278713.2	+	3	65336018	65336232	213	10
NC_072427.2	65335928	65336303	3	1	+	NC_072427.2	65335941	65336018	65336232	65336283	IVD	XM_063639144.1	+	3	65336018	65336232	213	1
NC_072427.2	65708546	65709371	-3	1	-	NC_072427.2	65709195	65709280	65708849	65708945	DNAJC17	XM_055278751.1	-	3	65708945	65709195	249	1
NC_072427.2	65817413	65818025	-3	1	-	NC_072427.2	65817698	65817905	65817450	65817508	RHOV	XM_055278795.2	-	3	65817508	65817698	189	1
NC_072427.2	66443865	66444900	1	1	+	NC_072427.2	66443986	66444082	66444158	66444374	ITPKA	XM_055278796.2	+	1	66444082	66444158	75	1
NC_072427.2	66443865	66444900	1	1	+	NC_072427.2	66444158	66444374	66444519	66444723	ITPKA	XM_055278796.2	+	1	66444374	66444519	144	1
NC_072427.2	66446519	66447197	-3	1	-	NC_072427.2	66446865	66446955	66446520	66446765	LTK	XM_055278797.2	-	3	66446765	66446865	99	6
NC_072427.2	66453664	66454396	-1	1	-	NC_072427.2	66453949	66454105	66453691	66453873	LTK	XM_055278797.2	-	1	66453873	66453949	75	2
NC_072427.2	66799204	66799888	2	1	+	NC_072427.2	66799282	66799427	66799542	66799739	MAPKBP1	XM_055278837.2	+	2	66799427	66799542	114	3
NC_072427.2	66823155	66823764	1	1	+	NC_072427.2	66823249	66823435	66823556	66823764	PLA2G4B	XM_055278842.2	+	1	66823435	66823556	120	4
NC_072427.2	68353594	68354035	-1	1	-	NC_072427.2	68353933	68354022	68353642	68353749	INTS13	XM_055280306.2	-	1	68353749	68353933	183	3
NC_072427.2	68353594	68354035	-1	1	-	NC_072427.2	68353933	68354022	68353642	68353731	INTS13	XM_055280307.2	-	1	68353731	68353933	201	5
NC_072427.2	70907064	70907451	-2	1	-	NC_072427.2	70907313	70907450	70907074	70907204	OVCH1	XM_063640334.1	-	2	70907204	70907313	108	1
NC_072427.2	77328652	77329741	2	1	+	NC_072427.2	77328668	77329043	77329278	77329374	LOC129481638	XM_055276741.2	+	2	77329043	77329278	234	1
NC_072427.2	84318888	84319926	-2	1	-	NC_072427.2	84319594	84319823	84318958	84319074	PCNT	XM_055280027.2	-	2	84319074	84319594	519	13
NC_072427.2	84555464	84556088	3	1	+	NC_072427.2	84555495	84555632	84555771	84555902	FTCD	XM_055276967.2	+	3	84555632	84555771	138	2
NC_072427.2	84579227	84579980	-3	1	-	NC_072427.2	84579891	84579953	84579681	84579716	COL6A2	XM_055280026.2	-	3	84579716	84579891	174	1
NC_072427.2	84579227	84579980	-3	1	-	NC_072427.2	84579681	84579716	84579329	84579374	COL6A2	XM_055280026.2	-	3	84579374	84579681	306	1
NC_072427.2	84588349	84588820	-1	1	-	NC_072427.2	84588563	84588589	84588428	84588472	COL6A2	XM_055280026.2	-	1	84588472	84588563	90	1
NC_072427.2	84690593	84691388	-3	1	-	NC_072427.2	84691203	84691265	84690795	84690845	COL6A1	XM_055280025.2	-	3	84690845	84691203	357	1
NC_072427.2	84696575	84696983	-3	1	-	NC_072427.2	84696771	84696833	84696627	84696680	COL6A1	XM_055280025.2	-	3	84696680	84696771	90	1
NC_072427.2	86059007	86059958	3	1	+	NC_072427.2	86059098	86059418	86059530	86059958	LOC134731292	XM_063640508.1	+	3	86059418	86059530	111	1
NC_072427.2	86059007	86059958	3	1	+	NC_072427.2	86059098	86059418	86059656	86059958	LOC134731292	XM_063640509.1	+	3	86059418	86059656	237	1
NC_072427.2	86064851	86065952	-3	1	-	NC_072427.2	86065410	86065730	86064852	86065283	LOC129483089	XM_055279914.2	-	3	86065283	86065410	126	1
NC_072427.2	86064851	86065952	-3	1	-	NC_072427.2	86065554	86065730	86065410	86065523	LOC129483089	XM_055279915.2	-	3	86065523	86065554	30	1
NC_072427.2	86064851	86065952	-3	1	-	NC_072427.2	86065410	86065523	86064852	86065283	LOC129483089	XM_055279915.2	-	3	86065283	86065410	126	1
NC_072427.2	86102271	86103228	1	1	+	NC_072427.2	86102383	86102703	86102800	86103228	LOC129483090	XM_055279916.2	+	1	86102703	86102800	96	1
NC_072427.2	86102271	86103228	1	1	+	NC_072427.2	86102383	86102712	86102926	86103228	LOC129483090	XM_055279917.2	+	1	86102712	86102926	213	1
NC_072427.2	87143387	87144005	3	1	+	NC_072427.2	87143388	87143451	87143626	87143787	SIK1	XM_055279838.2	+	3	87143451	87143626	174	2
NC_072427.2	87144832	87146125	2	1	+	NC_072427.2	87144948	87145171	87145400	87145546	SIK1	XM_055279838.2	+	2	87145171	87145400	228	2
NC_072427.2	87144832	87146125	2	1	+	NC_072427.2	87145400	87145546	87145928	87146053	SIK1	XM_055279838.2	+	2	87145546	87145928	381	1
NC_072427.2	87144832	87146125	2	1	+	NC_072427.2	87145400	87145546	87145886	87146053	SIK1	XM_063640513.1	+	2	87145546	87145886	339	1
NC_072427.2	87745962	87746427	-2	1	-	NC_072427.2	87746187	87746366	87746012	87746066	PDE9A	XM_055279787.2	-	2	87746066	87746187	120	5
NC_072427.2	87930383	87930911	-3	1	-	NC_072427.2	87930699	87930725	87930452	87930584	SLC37A1	XM_063640573.1	-	3	87930584	87930699	114	1
NC_072427.2	87973360	87973780	2	1	+	NC_072427.2	87973397	87973510	87973613	87973718	RSPH1	XM_055279827.2	+	2	87973510	87973613	102	1
NC_072427.2	88306498	88307824	-1	1	-	NC_072427.2	88307438	88307679	88306729	88306933	UMODL1	XM_055279775.2	-	1	88306933	88307438	504	1
NC_072427.2	88306498	88307824	-1	1	-	NC_072427.2	88307200	88307679	88306729	88307124	UMODL1	XM_063639230.1	-	1	88307124	88307200	75	1
NC_072427.2	99552382	99552832	-1	1	-	NC_072427.2	99552553	99552652	99552383	99552480	KRTAP20-2	XM_055279440.1	-	1	99552480	99552553	72	1
NC_072427.2	99575776	99576229	2	1	+	NC_072427.2	99575858	99575921	99576069	99576229	LOC129482899	XM_055279437.2	+	2	99575921	99576069	147	1
NC_072427.2	99668213	99668534	3	1	+	NC_072427.2	99668292	99668418	99668473	99668534	LOC129482902	XM_055279441.2	+	3	99668418	99668473	54	1
NC_072427.2	99668213	99668534	3	1	+	NC_072427.2	99668292	99668376	99668446	99668534	LOC129482902	XM_055279442.2	+	3	99668376	99668446	69	1
NC_072428.2	10023115	10023547	2	1	+	NC_072428.2	10023116	10023304	10023395	10023532	CKAP5	XM_055281683.2	+	2	10023304	10023395	90	3
NC_072428.2	10097026	10097734	2	1	+	NC_072428.2	10097284	10097374	10097579	10097656	ARHGAP1	XM_063640947.1	+	2	10097374	10097579	204	1
NC_072428.2	10414399	10414795	-3	1	-	NC_072428.2	10414697	10414776	10414444	10414513	DGKZ	XM_055281716.2	-	3	10414513	10414697	183	12
NC_072428.2	10416006	10416408	-1	1	-	NC_072428.2	10416181	10416243	10416008	10416081	DGKZ	XM_055281716.2	-	1	10416081	10416181	99	12
NC_072428.2	10419008	10419602	-2	1	-	NC_072428.2	10419396	10419467	10419177	10419293	DGKZ	XM_055281716.2	-	2	10419293	10419396	102	12
NC_072428.2	106673112	106674024	1	1	+	NC_072428.2	106673362	106673511	106673836	106674023	CAV2	XM_055283758.2	+	1	106673511	106673836	324	1
NC_072428.2	107938859	107939153	-2	1	-	NC_072428.2	107939067	107939153	107938886	107938985	CTTNBP2	XM_055283787.2	-	2	107938985	107939067	81	5
NC_072428.2	10866882	10867704	-1	1	-	NC_072428.2	10867459	10867584	10867210	10867365	LARGE2	XM_055281802.2	-	1	10867365	10867459	93	2
NC_072428.2	11029207	11030101	-3	1	-	NC_072428.2	11029888	11029968	11029600	11029752	PEX16	XM_055281814.2	-	3	11029752	11029888	135	2
NC_072428.2	118415056	118416040	-3	1	-	NC_072428.2	118415459	118415665	118415221	118415308	IMPDH1	XM_055283905.1	-	3	118415308	118415459	150	11
NC_072428.2	118657193	118657976	3	1	+	NC_072428.2	118657534	118657631	118657770	118657920	FLNC	XM_055283935.2	+	3	118657631	118657770	138	7
NC_072428.2	118664117	118664642	3	1	+	NC_072428.2	118664163	118664280	118664371	118664633	FLNC	XM_055283935.2	+	3	118664280	118664371	90	7
NC_072428.2	118706042	118706774	-2	1	-	NC_072428.2	118706658	118706748	118706457	118706519	KCP	XM_063641601.1	-	2	118706519	118706658	138	1
NC_072428.2	118706042	118706774	-2	1	-	NC_072428.2	118706457	118706519	118706246	118706339	KCP	XM_063641601.1	-	2	118706339	118706457	117	1
NC_072428.2	118767864	118768848	1	1	+	NC_072428.2	118767971	118768246	118768439	118768831	IRF5	XM_055283945.2	+	1	118768246	118768439	192	5
NC_072428.2	120234072	120235203	1	1	+	NC_072428.2	120234246	120234327	120234784	120235017	CPA1	XM_055284023.1	+	1	120234327	120234784	456	1
NC_072428.2	120360261	120360714	1	1	+	NC_072428.2	120360349	120360485	120360636	120360694	MEST	XM_055284032.2	+	1	120360485	120360636	150	11
NC_072428.2	121411485	121412178	-1	1	-	NC_072428.2	121411983	121412130	121411660	121411721	PODXL	XM_055284052.1	-	1	121411721	121411983	261	1
NC_072428.2	131707069	131707744	-3	1	-	NC_072428.2	131707522	131707653	131707239	131707389	DENND11	XM_055284266.2	-	3	131707389	131707522	132	3
NC_072428.2	132272071	132275488	2	1	+	NC_072428.2	132272111	132272807	132274020	132275488	MGAM2	XM_055281470.1	+	2	132272807	132274020	1212	1
NC_072428.2	132400507	132401170	2	1	+	NC_072428.2	132400616	132400664	132400815	132401170	LOC129485122	unassigned_transcript_51	+	2	132400664	132400815	150	1
NC_072428.2	132464216	132464789	3	1	+	NC_072428.2	132464325	132464373	132464485	132464789	LOC129485120	unassigned_transcript_57	+	3	132464373	132464485	111	1
NC_072428.2	132932241	132933558	1	1	+	NC_072428.2	132932552	132932707	132933041	132933397	EPHB6	XM_055284308.2	+	1	132932707	132933041	333	2
NC_072428.2	132942219	132942483	-1	1	-	NC_072428.2	132942397	132942483	132942221	132942297	LOC129485125	XM_055284313.2	-	1	132942297	132942397	99	1
NC_072428.2	133487685	133488363	-1	1	-	NC_072428.2	133488214	133488363	133487687	133487880	EPHA1	XM_055284336.2	-	1	133487880	133488214	333	5
NC_072428.2	139814998	139815565	-3	1	-	NC_072428.2	139815383	139815478	139814999	139815109	RARRES2	XM_063642340.1	-	3	139815109	139815383	273	2
NC_072428.2	140362631	140363315	-2	1	-	NC_072428.2	140362907	140363179	140362633	140362819	KCNH2	XM_055284528.2	-	2	140362819	140362907	87	3
NC_072428.2	140424838	140425228	2	1	+	NC_072428.2	140424890	140425022	140425149	140425227	NOS3	XM_055284535.2	+	2	140425022	140425149	126	5
NC_072428.2	140429712	140430306	1	1	+	NC_072428.2	140429845	140430039	140430148	140430306	NOS3	XM_055284535.2	+	1	140430039	140430148	108	5
NC_072428.2	140439545	140439887	-2	1	-	NC_072428.2	140439789	140439832	140439547	140439611	ATG9B	XM_063642361.1	-	2	140439611	140439789	177	1
NC_072428.2	140486866	140487523	2	1	+	NC_072428.2	140487033	140487168	140487271	140487436	SLC4A2	XM_055284560.2	+	2	140487168	140487271	102	2
NC_072428.2	140658950	140659820	-2	1	-	NC_072428.2	140659386	140659508	140659158	140659259	SMARCD3	XM_055284614.2	-	2	140659259	140659386	126	3
NC_072428.2	145338211	145338847	-3	1	-	NC_072428.2	145338512	145338680	145338224	145338412	LOC129476871	XM_055269701.1	-	3	145338412	145338512	99	1
NC_072428.2	22135892	22136417	3	1	+	NC_072428.2	22135971	22136076	22136314	22136416	ABTB2	XM_055281951.2	+	3	22136076	22136314	237	1
NC_072428.2	38541739	38542228	-3	1	-	NC_072428.2	38542099	38542203	38541868	38541975	OTOG	XM_055281306.2	-	3	38541975	38542099	123	2
NC_072428.2	38542720	38543395	-3	1	-	NC_072428.2	38543170	38543364	38542762	38542974	OTOG	XM_055281306.2	-	3	38542974	38543170	195	2
NC_072428.2	38623389	38623881	-1	1	-	NC_072428.2	38623770	38623862	38623474	38623628	OTOG	XM_055281306.2	-	1	38623628	38623770	141	2
NC_072428.2	49674766	49675186	2	1	+	NC_072428.2	49674782	49674878	49674966	49675123	DCHS1	XM_055282595.2	+	2	49674878	49674966	87	3
NC_072428.2	49678500	49679661	1	1	+	NC_072428.2	49678538	49679416	49679540	49679653	DCHS1	XM_055282595.2	+	1	49679416	49679540	123	3
NC_072428.2	49697195	49697660	-2	1	-	NC_072428.2	49697402	49697498	49697225	49697308	ILK	XM_055282618.2	-	2	49697308	49697402	93	2
NC_072428.2	49697195	49697660	-2	1	-	NC_072428.2	49697402	49697447	49697225	49697308	ILK	XM_055282620.2	-	2	49697308	49697402	93	1
NC_072428.2	49920808	49921369	2	1	+	NC_072428.2	49920898	49920903	49921189	49921303	APBB1	XM_055282605.2	+	2	49920903	49921189	285	3
NC_072428.2	51660642	51661869	-1	1	-	NC_072428.2	51661551	51661747	51661162	51661274	LOC134737063	XM_063642383.1	-	1	51661274	51661551	276	1
NC_072428.2	52510663	52511158	-3	1	-	NC_072428.2	52511042	52511158	52510700	52510921	NUMA1	XM_055282743.1	-	3	52510921	52511042	120	20
NC_072428.2	52700138	52700504	3	1	+	NC_072428.2	52700163	52700244	52700377	52700466	INPPL1	XM_055282757.2	+	3	52700244	52700377	132	4
NC_072428.2	52704733	52705042	2	1	+	NC_072428.2	52704734	52704867	52704955	52705042	INPPL1	XM_055282757.2	+	2	52704867	52704955	87	4
NC_072428.2	53080171	53080780	-3	1	-	NC_072428.2	53080520	53080607	53080211	53080258	PDE2A	XM_055282835.2	-	3	53080258	53080520	261	6
NC_072428.2	53922662	53923034	3	1	+	NC_072428.2	53922663	53922737	53922867	53923033	RELT	XM_055282880.2	+	3	53922737	53922867	129	6
NC_072428.2	53922662	53923034	3	1	+	NC_072428.2	53922711	53922737	53922867	53923033	RELT	XM_063641368.1	+	3	53922737	53922867	129	1
NC_072428.2	79916458	79916821	2	1	+	NC_072428.2	79916459	79916555	79916640	79916807	CEP295	XM_055283263.2	+	2	79916555	79916640	84	6
NC_072428.2	79917061	79917292	2	1	+	NC_072428.2	79917073	79917172	79917257	79917292	CEP295	XM_055283263.2	+	2	79917172	79917257	84	6
NC_072428.2	9433738	9434410	2	1	+	NC_072428.2	9433955	9434114	9434226	9434362	MYBPC3	XM_063640860.1	+	2	9434114	9434226	111	1
NC_072428.2	9482758	9483406	-3	1	-	NC_072428.2	9483187	9483290	9482903	9483093	MADD	XM_055281609.2	-	3	9483093	9483187	93	48
NC_072428.2	9482758	9483406	-3	1	-	NC_072428.2	9483187	9483290	9482903	9483069	MADD	XM_055281637.2	-	3	9483069	9483187	117	1
NC_072428.2	9506676	9507156	-1	1	-	NC_072428.2	9506977	9507156	9506685	9506784	NR1H3	XM_055281664.2	-	1	9506784	9506977	192	7
NC_072428.2	9534364	9534817	-3	1	-	NC_072428.2	9534671	9534770	9534409	9534586	DDB2	XM_055281673.2	-	3	9534586	9534671	84	2
NC_072428.2	9534364	9534817	-3	1	-	NC_072428.2	9534671	9534755	9534409	9534586	DDB2	XM_063640953.1	-	3	9534586	9534671	84	1
NC_072428.2	95657650	95658040	2	1	+	NC_072428.2	95657668	95657848	95657921	95658039	RINT1	XM_055283581.2	+	2	95657848	95657921	72	4
NC_072429.2	10050254	10051187	3	1	+	NC_072429.2	10050421	10050611	10050738	10050876	FGFR4	XM_055285108.2	+	3	10050611	10050738	126	4
NC_072429.2	101035149	101035527	-1	1	-	NC_072429.2	101035396	101035516	101035201	101035305	UBR5	XM_055286941.2	-	1	101035305	101035396	90	3
NC_072429.2	101035149	101035527	-1	1	-	NC_072429.2	101035396	101035516	101035207	101035305	UBR5	XM_055286943.2	-	1	101035305	101035396	90	4
NC_072429.2	10281424	10281826	-3	1	-	NC_072429.2	10281563	10281663	10281425	10281430	LMAN2	XM_063642534.1	-	3	10281430	10281563	132	1
NC_072429.2	10336426	10337161	2	1	+	NC_072429.2	10336586	10336729	10336886	10336997	RGS14	XM_055285146.2	+	2	10336729	10336886	156	4
NC_072429.2	10340164	10340836	2	1	+	NC_072429.2	10340401	10340527	10340630	10340711	RGS14	XM_055285146.2	+	2	10340527	10340630	102	4
NC_072429.2	10340738	10341188	3	1	+	NC_072429.2	10340815	10340861	10340940	10341054	RGS14	XM_055285146.2	+	3	10340861	10340940	78	3
NC_072429.2	10354998	10355460	1	1	+	NC_072429.2	10355012	10355161	10355246	10355374	SLC34A1	XM_055284735.1	+	1	10355161	10355246	84	1
NC_072429.2	10371121	10371547	-3	1	-	NC_072429.2	10371377	10371525	10371122	10371286	F12	XM_055285150.2	-	3	10371286	10371377	90	1
NC_072429.2	10412295	10412997	1	1	+	NC_072429.2	10412317	10412454	10412536	10412670	GRK6	XM_055285157.1	+	1	10412454	10412536	81	3
NC_072429.2	10412295	10412997	1	1	+	NC_072429.2	10412317	10412454	10412536	10412997	GRK6	XM_063642557.1	+	1	10412454	10412536	81	4
NC_072429.2	10426238	10427312	3	1	+	NC_072429.2	10426263	10426689	10426918	10427312	PRR7	XM_055285162.2	+	3	10426689	10426918	228	5
NC_072429.2	10455390	10456005	-1	1	-	NC_072429.2	10455855	10455975	10455652	10455767	PDLIM7	XM_055285165.2	-	1	10455767	10455855	87	11
NC_072429.2	10464596	10464962	-2	1	-	NC_072429.2	10464869	10464956	10464748	10464778	PDLIM7	XM_063642570.1	-	2	10464778	10464869	90	2
NC_072429.2	10464621	10465140	-1	1	-	NC_072429.2	10464869	10465020	10464748	10464778	PDLIM7	XM_055285165.2	-	1	10464778	10464869	90	10
NC_072429.2	10485670	10486120	-3	1	-	NC_072429.2	10485961	10486110	10485787	10485858	DDX41	XM_055285181.2	-	3	10485858	10485961	102	1
NC_072429.2	108311289	108311694	1	1	+	NC_072429.2	108311330	108311478	108311563	108311685	PKHD1L1	XM_055284802.1	+	1	108311478	108311563	84	1
NC_072429.2	141470442	141470880	1	1	+	NC_072429.2	141470533	141470568	141470731	141470838	ADGRB1	XM_055287433.2	+	1	141470568	141470731	162	4
NC_072429.2	141470442	141470880	1	1	+	NC_072429.2	141470533	141470568	141470704	141470838	ADGRB1	XM_055287434.2	+	1	141470568	141470704	135	3
NC_072429.2	141781327	141782248	-3	1	-	NC_072429.2	141781819	141782018	141781489	141781692	CYP11B2	XM_055287460.1	-	3	141781692	141781819	126	2
NC_072429.2	141863618	141864965	3	1	+	NC_072429.2	141863994	141864563	141864810	141864965	LY6E	XM_055287474.2	+	3	141864563	141864810	246	1
NC_072429.2	141924442	141924868	2	1	+	NC_072429.2	141924494	141924566	141924651	141924767	LY6L	XM_055287487.1	+	2	141924566	141924651	84	1
NC_072429.2	142223320	142223845	2	1	+	NC_072429.2	142223339	142223485	142223573	142223734	RHPN1	XM_055287500.2	+	2	142223485	142223573	87	4
NC_072429.2	142392607	142392901	2	1	+	NC_072429.2	142392626	142392630	142392820	142392900	GSDMD	XM_055287506.2	+	2	142392630	142392820	189	1
NC_072429.2	142410513	142411158	-1	1	-	NC_072429.2	142410925	142411040	142410515	142410711	NAPRT	XM_055287532.2	-	1	142410711	142410925	213	6
NC_072429.2	142411382	142412555	-2	1	-	NC_072429.2	142412243	142412468	142411809	142411936	NAPRT	XM_055287532.2	-	2	142411936	142412243	306	4
NC_072429.2	142411382	142412555	-2	1	-	NC_072429.2	142412243	142412468	142411854	142411936	NAPRT	XM_063643662.1	-	2	142411936	142412243	306	2
NC_072429.2	142525957	142527478	-3	1	-	NC_072429.2	142526963	142527406	142525958	142526866	CCDC166	XM_055284874.2	-	3	142526866	142526963	96	2
NC_072429.2	142525957	142527478	-3	1	-	NC_072429.2	142526987	142527406	142525958	142526866	CCDC166	XM_055284875.2	-	3	142526866	142526987	120	1
NC_072429.2	142525957	142527478	-3	1	-	NC_072429.2	142526963	142527406	142526216	142526866	CCDC166	XM_063643687.1	-	3	142526866	142526963	96	1
NC_072429.2	142525957	142527478	-3	1	-	NC_072429.2	142526216	142526866	142525958	142526095	CCDC166	XM_063643687.1	-	3	142526095	142526216	120	1
NC_072429.2	142536984	142537494	1	1	+	NC_072429.2	142537177	142537263	142537399	142537489	MAPK15	XM_055284877.2	+	1	142537263	142537399	135	2
NC_072429.2	142536984	142537494	1	1	+	NC_072429.2	142537234	142537263	142537399	142537489	MAPK15	XM_055284878.2	+	1	142537263	142537399	135	3
NC_072429.2	142537748	142538321	3	1	+	NC_072429.2	142537939	142538069	142538157	142538320	MAPK15	XM_055284877.2	+	3	142538069	142538157	87	5
NC_072429.2	142539604	142540357	2	1	+	NC_072429.2	142539862	142539999	142540159	142540264	MAPK15	XM_055284877.2	+	2	142539999	142540159	159	5
NC_072429.2	142588274	142589231	3	1	+	NC_072429.2	142588684	142588787	142588971	142589135	IQANK1	XM_063643701.1	+	3	142588787	142588971	183	1
NC_072429.2	142611773	142613105	3	1	+	NC_072429.2	142611774	142611922	142612022	142612076	IQANK1	XM_063643701.1	+	3	142611922	142612022	99	1
NC_072429.2	142611773	142613105	3	1	+	NC_072429.2	142612022	142612076	142612269	142612361	IQANK1	XM_063643701.1	+	3	142612076	142612269	192	1
NC_072429.2	142611773	142613105	3	1	+	NC_072429.2	142612269	142612361	142612596	142612713	IQANK1	XM_063643701.1	+	3	142612361	142612596	234	1
NC_072429.2	142611773	142613105	3	1	+	NC_072429.2	142612596	142612713	142612813	142612897	IQANK1	XM_063643701.1	+	3	142612713	142612813	99	1
NC_072429.2	142611773	142613105	3	1	+	NC_072429.2	142612813	142612897	142612970	142613104	IQANK1	XM_063643701.1	+	3	142612897	142612970	72	1
NC_072429.2	142614581	142615196	-2	1	-	NC_072429.2	142614845	142614987	142614732	142614769	SCRIB	XM_055287552.2	-	2	142614769	142614845	75	15
NC_072429.2	142615642	142616290	-3	1	-	NC_072429.2	142616135	142616242	142615867	142616026	SCRIB	XM_055287552.2	-	3	142616026	142616135	108	13
NC_072429.2	142615642	142616290	-3	1	-	NC_072429.2	142615867	142616026	142615644	142615794	SCRIB	XM_055287552.2	-	3	142615794	142615867	72	15
NC_072429.2	142618043	142618877	-2	1	-	NC_072429.2	142618551	142618661	142618413	142618469	SCRIB	XM_055287552.2	-	2	142618469	142618551	81	15
NC_072429.2	142627144	142627768	-3	1	-	NC_072429.2	142627472	142627765	142627208	142627396	SCRIB	XM_055287552.2	-	3	142627396	142627472	75	15
NC_072429.2	142628254	142628950	-3	1	-	NC_072429.2	142628777	142628857	142628393	142628668	SCRIB	XM_055287552.2	-	3	142628668	142628777	108	14
NC_072429.2	142628254	142628950	-3	1	-	NC_072429.2	142628798	142628857	142628393	142628668	SCRIB	XM_055287554.2	-	3	142628668	142628798	129	1
NC_072429.2	142640536	142641196	-3	1	-	NC_072429.2	142640933	142641168	142640537	142640833	PUF60	XM_055287567.2	-	3	142640833	142640933	99	15
NC_072429.2	142641849	142642308	-1	1	-	NC_072429.2	142642216	142642308	142641885	142642098	PUF60	XM_055287567.2	-	1	142642098	142642216	117	15
NC_072429.2	142658527	142659265	-3	1	-	NC_072429.2	142659092	142659145	142658932	142658995	NRBP2	XM_055287577.2	-	3	142658995	142659092	96	2
NC_072429.2	142658527	142659265	-3	1	-	NC_072429.2	142658932	142658995	142658528	142658694	NRBP2	XM_055287577.2	-	3	142658694	142658932	237	1
NC_072429.2	142658527	142659265	-3	1	-	NC_072429.2	142659092	142659145	142658784	142658995	NRBP2	XM_055287578.2	-	3	142658995	142659092	96	1
NC_072429.2	142661640	142662096	-1	1	-	NC_072429.2	142661958	142662041	142661824	142661879	NRBP2	XM_055287577.2	-	1	142661879	142661958	78	3
NC_072429.2	142749562	142750228	-3	1	-	NC_072429.2	142749857	142750009	142749615	142749769	PLEC	XM_055287586.2	-	3	142749769	142749857	87	14
NC_072429.2	142754047	142754536	-3	1	-	NC_072429.2	142754354	142754460	142754153	142754272	PLEC	XM_055287586.2	-	3	142754272	142754354	81	12
NC_072429.2	142754047	142754536	-3	1	-	NC_072429.2	142754366	142754460	142754153	142754272	PLEC	XM_063643003.1	-	3	142754272	142754366	93	2
NC_072429.2	142757217	142758678	-1	1	-	NC_072429.2	142757968	142758029	142757740	142757754	PLEC	XM_055287587.2	-	1	142757754	142757968	213	4
NC_072429.2	142802809	142803385	-3	1	-	NC_072429.2	142803056	142803277	142802854	142802950	PARP10	XM_055287595.2	-	3	142802950	142803056	105	7
NC_072429.2	142869294	142870464	-1	1	-	NC_072429.2	142870060	142870206	142869844	142869978	OPLAH	XM_055287603.2	-	1	142869978	142870060	81	7
NC_072429.2	142869294	142870464	-1	1	-	NC_072429.2	142869844	142869978	142869565	142869714	OPLAH	XM_055287603.2	-	1	142869714	142869844	129	7
NC_072429.2	142869294	142870464	-1	1	-	NC_072429.2	142869565	142869714	142869296	142869453	OPLAH	XM_055287603.2	-	1	142869453	142869565	111	7
NC_072429.2	142900107	142900755	1	1	+	NC_072429.2	142900127	142900228	142900322	142900518	GPAA1	XM_055287616.2	+	1	142900228	142900322	93	3
NC_072429.2	142914410	142915010	-2	1	-	NC_072429.2	142914824	142914977	142914630	142914754	SHARPIN	XM_055287617.2	-	2	142914754	142914824	69	2
NC_072429.2	142914410	142915010	-2	1	-	NC_072429.2	142914824	142914977	142914630	142914748	SHARPIN	XM_055287619.2	-	2	142914748	142914824	75	1
NC_072429.2	143128517	143129069	3	1	+	NC_072429.2	143128524	143128660	143128787	143129068	HSF1	XM_055287659.2	+	3	143128660	143128787	126	3
NC_072429.2	143134097	143134433	-2	1	-	NC_072429.2	143134311	143134355	143134099	143134211	DGAT1	XM_055287660.2	-	2	143134211	143134311	99	2
NC_072429.2	143169833	143170376	-2	1	-	NC_072429.2	143170088	143170283	143169835	143169997	TMEM249	XM_055287670.1	-	2	143169997	143170088	90	2
NC_072429.2	143169833	143170376	-2	1	-	NC_072429.2	143170088	143170283	143169912	143169997	TMEM249	XM_055287671.2	-	2	143169997	143170088	90	2
NC_072429.2	143175700	143177116	2	1	+	NC_072429.2	143175897	143176767	143176864	143176987	SLC52A2	XM_055287662.2	+	2	143176767	143176864	96	6
NC_072429.2	143205279	143206044	1	1	+	NC_072429.2	143205469	143205669	143205748	143205888	ADCK5	XM_055287651.2	+	1	143205669	143205748	78	5
NC_072429.2	143205279	143206044	1	1	+	NC_072429.2	143205474	143205669	143205748	143205888	ADCK5	XM_063643071.1	+	1	143205669	143205748	78	3
NC_072429.2	143206236	143207343	1	1	+	NC_072429.2	143206396	143206479	143206552	143206633	ADCK5	XM_055287651.2	+	1	143206479	143206552	72	8
NC_072429.2	143206236	143207343	1	1	+	NC_072429.2	143206552	143206633	143206866	143206957	ADCK5	XM_055287651.2	+	1	143206633	143206866	232	8
NC_072429.2	143206236	143207343	1	1	+	NC_072429.2	143206866	143206957	143207042	143207294	ADCK5	XM_055287651.2	+	1	143206957	143207042	84	8
NC_072429.2	143208746	143209283	-2	1	-	NC_072429.2	143208969	143209145	143208824	143208890	CPSF1	XM_055287643.1	-	2	143208890	143208969	78	4
NC_072429.2	143211144	143212626	-1	1	-	NC_072429.2	143212361	143212497	143212105	143212279	CPSF1	XM_055287643.1	-	1	143212279	143212361	81	4
NC_072429.2	143211144	143212626	-1	1	-	NC_072429.2	143212105	143212279	143211418	143211507	CPSF1	XM_055287643.1	-	1	143211507	143212105	597	4
NC_072429.2	143211144	143212626	-1	1	-	NC_072429.2	143211418	143211507	143211175	143211318	CPSF1	XM_055287643.1	-	1	143211318	143211418	99	4
NC_072429.2	143213781	143214552	-1	1	-	NC_072429.2	143214346	143214433	143214148	143214270	CPSF1	XM_055287643.1	-	1	143214270	143214346	75	4
NC_072429.2	143213781	143214552	-1	1	-	NC_072429.2	143214148	143214270	143214012	143214063	CPSF1	XM_055287643.1	-	1	143214063	143214148	84	4
NC_072429.2	143213781	143214552	-1	1	-	NC_072429.2	143214012	143214063	143213836	143213933	CPSF1	XM_055287643.1	-	1	143213933	143214012	78	4
NC_072429.2	143214555	143214948	-1	1	-	NC_072429.2	143214726	143214836	143214557	143214650	CPSF1	XM_055287643.1	-	1	143214650	143214726	75	4
NC_072429.2	143229212	143230166	-2	1	-	NC_072429.2	143229927	143230099	143229420	143229551	SLC39A4	XM_063643066.1	-	2	143229551	143229927	375	1
NC_072429.2	143252700	143253342	-1	1	-	NC_072429.2	143253073	143253236	143252874	143252997	TONSL	XM_055287676.2	-	1	143252997	143253073	75	3
NC_072429.2	143260358	143261219	-2	1	-	NC_072429.2	143260730	143260754	143260520	143260615	TONSL	XM_055287676.2	-	2	143260615	143260730	114	2
NC_072429.2	143285869	143286520	2	1	+	NC_072429.2	143285903	143286011	143286114	143286271	KIFC2	XM_055287681.2	+	2	143286011	143286114	102	1
NC_072429.2	143288856	143289330	1	1	+	NC_072429.2	143288967	143289090	143289184	143289313	KIFC2	XM_055287681.2	+	1	143289090	143289184	93	1
NC_072429.2	143319292	143319754	2	1	+	NC_072429.2	143319345	143319415	143319491	143319636	PPP1R16A	XM_055287717.2	+	2	143319415	143319491	75	11
NC_072429.2	143325651	143326719	1	1	+	NC_072429.2	143325829	143326072	143326304	143326383	GPT	XM_055287726.2	+	1	143326072	143326304	231	1
NC_072429.2	143330809	143331169	2	1	+	NC_072429.2	143330814	143330953	143331044	143331168	MFSD3	XM_055287736.2	+	2	143330953	143331044	90	1
NC_072429.2	143330809	143331169	2	1	+	NC_072429.2	143330871	143330953	143331044	143331168	MFSD3	XM_055287737.2	+	2	143330953	143331044	90	1
NC_072429.2	143333440	143334256	-3	1	-	NC_072429.2	143334004	143334145	143333651	143333913	RECQL4	XM_055287688.2	-	3	143333913	143334004	90	15
NC_072429.2	143333440	143334256	-3	1	-	NC_072429.2	143334004	143334145	143333849	143333913	RECQL4	XM_055287694.2	-	3	143333913	143334004	90	3
NC_072429.2	143337358	143337871	-3	1	-	NC_072429.2	143337752	143337846	143337389	143337529	RECQL4	XM_055287688.2	-	3	143337529	143337752	222	17
NC_072429.2	143628426	143629359	-1	1	-	NC_072429.2	143628841	143629125	143628427	143628768	LOC134737269	XM_063643748.1	-	1	143628768	143628841	72	1
NC_072429.2	143886531	143887014	1	1	+	NC_072429.2	143886613	143886697	143886848	143886994	C7H8orf33	XM_055287773.2	+	1	143886697	143886848	150	2
NC_072429.2	17984872	17985139	2	1	+	NC_072429.2	17984893	17985056	17985111	17985113	SLIT3	XM_055285294.2	+	2	17985056	17985111	54	1
NC_072429.2	31944104	31944380	-2	1	-	NC_072429.2	31944233	31944260	31944106	31944154	MRPL22	XM_055285501.2	-	2	31944154	31944233	78	2
NC_072429.2	32083770	32084334	-1	1	-	NC_072429.2	32084202	32084325	32083870	32084075	LARP1	XM_055285506.2	-	1	32084075	32084202	126	5
NC_072429.2	36446478	36447177	-1	1	-	NC_072429.2	36446857	36447036	36446533	36446733	TCOF1	XM_055285626.2	-	1	36446733	36446857	123	39
NC_072429.2	36450348	36451116	-1	1	-	NC_072429.2	36450730	36450945	36450382	36450570	TCOF1	XM_055285626.2	-	1	36450570	36450730	159	40
NC_072429.2	45277512	45278082	1	1	+	NC_072429.2	45277650	45277849	45277943	45278028	ARAP3	XM_055285853.2	+	1	45277849	45277943	93	6
NC_072429.2	45427123	45427615	2	1	+	NC_072429.2	45427183	45427348	45427472	45427607	DIAPH1	XM_055285859.2	+	2	45427348	45427472	123	2
NC_072429.2	45427123	45427615	2	1	+	NC_072429.2	45427184	45427348	45427472	45427607	DIAPH1	XM_055285861.2	+	2	45427348	45427472	123	3
NC_072429.2	46603245	46603938	1	1	+	NC_072429.2	46603429	46603474	46603673	46603846	HBEGF	XM_055286024.2	+	1	46603474	46603673	198	1
NC_072429.2	46839318	46840728	-1	1	-	NC_072429.2	46840257	46840425	46839319	46840175	PURA	XM_063642785.1	-	1	46840175	46840257	81	1
NC_072429.2	6349570	6350296	-3	1	-	NC_072429.2	6349813	6349941	6349606	6349638	BTNL9	XM_055284900.2	-	3	6349638	6349813	174	2
NC_072429.2	6710399	6711041	3	1	+	NC_072429.2	6710620	6710732	6710853	6711015	FLT4	XM_055284922.1	+	3	6710732	6710853	120	2
NC_072429.2	6711384	6712131	1	1	+	NC_072429.2	6711562	6711730	6712013	6712130	FLT4	XM_055284922.1	+	1	6711730	6712013	282	2
NC_072429.2	6748393	6749326	2	1	+	NC_072429.2	6748719	6748957	6749306	6749326	SCGB3A1	XM_055284733.1	+	2	6748957	6749306	348	1
NC_072429.2	69782153	69782864	3	1	+	NC_072429.2	69782514	69782638	69782714	69782863	PRKDC	XM_055286467.2	+	3	69782638	69782714	75	4
NC_072429.2	7422208	7422703	2	1	+	NC_072429.2	7422261	7422332	7422615	7422665	TBC1D9B	XM_055284944.2	+	2	7422332	7422615	282	2
NC_072429.2	7488864	7489308	1	1	+	NC_072429.2	7488885	7488960	7489111	7489225	MGAT4B	XM_055284950.2	+	1	7488960	7489111	150	3
NC_072429.2	7650240	7650561	1	1	+	NC_072429.2	7650308	7650367	7650461	7650550	HNRNPH1	XM_055284980.2	+	1	7650367	7650461	93	13
NC_072429.2	7650240	7650561	1	1	+	NC_072429.2	7650308	7650358	7650461	7650550	HNRNPH1	XM_055284984.2	+	1	7650358	7650461	102	3
NC_072429.2	7650240	7650561	1	1	+	NC_072429.2	7650308	7650367	7650461	7650520	HNRNPH1	XM_055284988.2	+	1	7650367	7650461	93	7
NC_072429.2	7650240	7650561	1	1	+	NC_072429.2	7650308	7650367	7650461	7650559	HNRNPH1	XM_063642468.1	+	1	7650367	7650461	93	2
NC_072429.2	7650240	7650561	1	1	+	NC_072429.2	7650308	7650397	7650497	7650550	HNRNPH1	XM_063642473.1	+	1	7650397	7650497	99	1
NC_072429.2	8905127	8905919	3	1	+	NC_072429.2	8905140	8905193	8905407	8905493	COL23A1	XM_055285026.2	+	3	8905193	8905407	213	1
NC_072429.2	89943979	89944237	2	1	+	NC_072429.2	89943989	89944043	89944128	89944231	SLC26A7	XM_055286732.2	+	2	89944043	89944128	84	2
NC_072429.2	8995691	8996063	-2	1	-	NC_072429.2	8995941	8996043	8995693	8995847	RMND5B	XM_055285043.2	-	2	8995847	8995941	93	7
NC_072429.2	9000848	9001448	-2	1	-	NC_072429.2	9001137	9001282	9000873	9001013	RMND5B	XM_055285043.2	-	2	9001013	9001137	123	5
NC_072429.2	9000848	9001448	-2	1	-	NC_072429.2	9001137	9001241	9000873	9001013	RMND5B	XM_055285046.1	-	2	9001013	9001137	123	2
NC_072429.2	92475187	92475868	2	1	+	NC_072429.2	92475365	92475447	92475691	92475725	PDP1	XM_055286764.2	+	2	92475447	92475691	243	1
NC_072429.2	92737943	92738429	-2	1	-	NC_072429.2	92738267	92738425	92737962	92738161	CDH17	XM_055286769.1	-	2	92738161	92738267	105	2
NC_072429.2	9340394	9340838	-2	1	-	NC_072429.2	9340721	9340838	9340396	9340507	CLTB	XM_055285070.2	-	2	9340507	9340721	213	2
NC_072429.2	9482090	9482768	-2	1	-	NC_072429.2	9482400	9482561	9482092	9482216	RNF44	XM_055285077.2	-	2	9482216	9482400	183	13
NC_072429.2	9599132	9599726	3	1	+	NC_072429.2	9599340	9599390	9599478	9599624	TSPAN17	XM_055285086.2	+	3	9599390	9599478	87	3
NC_072429.2	9820054	9820834	2	1	+	NC_072429.2	9820281	9820368	9820624	9820792	UNC5A	XM_055285099.2	+	2	9820368	9820624	255	2
NC_072429.2	9821316	9822195	1	1	+	NC_072429.2	9821335	9821484	9821566	9821730	UNC5A	XM_055285099.2	+	1	9821484	9821566	81	2
NC_072429.2	9824378	9825236	-2	1	-	NC_072429.2	9824770	9824925	9824380	9824613	HK3	XM_055285098.2	-	2	9824613	9824770	156	2
NC_072430.2	105591047	105591437	-1	1	-	NC_072430.2	105591300	105591389	105591061	105591170	FLACC1	XM_055290221.2	-	1	105591170	105591300	129	1
NC_072430.2	11740956	11741364	-3	1	-	NC_072430.2	11741280	11741348	11741116	11741210	LOC129487358	XM_055287939.2	-	3	11741210	11741280	69	2
NC_072430.2	11824576	11825125	-2	1	-	NC_072430.2	11824931	11825119	11824628	11824816	TEX22	XM_063643814.1	-	2	11824816	11824931	114	2
NC_072430.2	12071154	12071835	1	1	+	NC_072430.2	12071291	12071337	12071425	12071598	JAG2	XM_055287961.2	+	1	12071337	12071425	87	2
NC_072430.2	12072910	12073444	2	1	+	NC_072430.2	12072936	12073088	12073167	12073280	JAG2	XM_055287961.2	+	2	12073088	12073167	78	2
NC_072430.2	12254109	12254700	1	1	+	NC_072430.2	12254207	12254265	12254371	12254469	AHNAK2	XM_055287966.2	+	1	12254265	12254371	105	1
NC_072430.2	12277739	12278180	-1	1	-	NC_072430.2	12277929	12278094	12277751	12277847	PLD4	XM_055287968.2	-	1	12277847	12277929	81	11
NC_072430.2	122896913	122897432	-1	1	-	NC_072430.2	122897309	122897392	122897076	122897191	AAMP	XM_055290610.2	-	1	122897191	122897309	117	2
NC_072430.2	123022925	123023357	3	1	+	NC_072430.2	123022992	123023081	123023181	123023300	SLC11A1	XM_055290607.2	+	3	123023081	123023181	99	1
NC_072430.2	12312881	12313808	-1	1	-	NC_072430.2	12313581	12313740	12313050	12313193	CEP170B	XM_055287967.2	-	1	12313193	12313581	387	3
NC_072430.2	12312881	12313808	-1	1	-	NC_072430.2	12313050	12313193	12312883	12312971	CEP170B	XM_055287967.2	-	1	12312971	12313050	78	3
NC_072430.2	12321027	12321882	-3	1	-	NC_072430.2	12321676	12321849	12321087	12321177	CEP170B	XM_055287967.2	-	3	12321177	12321676	498	3
NC_072430.2	123449470	123449950	2	1	+	NC_072430.2	123449471	123449683	123449834	123449950	CYP27A1	XM_055290673.2	+	2	123449683	123449834	150	1
NC_072430.2	123638264	123638930	-1	1	-	NC_072430.2	123638625	123638816	123638367	123638525	CFAP65	XM_055290681.2	-	1	123638525	123638625	99	10
NC_072430.2	123641160	123642321	-3	1	-	NC_072430.2	123641660	123641836	123641311	123641377	CFAP65	XM_055290681.2	-	3	123641377	123641660	282	10
NC_072430.2	123796591	123797062	-2	1	-	NC_072430.2	123796922	123797045	123796657	123796771	SLC23A3	XM_055290688.1	-	2	123796771	123796922	150	2
NC_072430.2	123803426	123803819	-1	1	-	NC_072430.2	123803682	123803802	123803472	123803600	CNPPD1	XM_055290694.2	-	1	123803600	123803682	81	3
NC_072430.2	123838105	123838585	-2	1	-	NC_072430.2	123838411	123838585	123838178	123838290	ABCB6	XM_055290702.2	-	2	123838290	123838411	120	4
NC_072430.2	123874096	123874648	2	1	+	NC_072430.2	123874148	123874281	123874450	123874570	STK16	XM_055290713.2	+	2	123874281	123874450	168	3
NC_072430.2	124007147	124007588	-1	1	-	NC_072430.2	124007412	124007487	124007205	124007312	DNPEP	XM_055290724.2	-	1	124007312	124007412	99	3
NC_072430.2	124110822	124111896	1	1	+	NC_072430.2	124110881	124111048	124111163	124111766	SPEG	XM_055290742.1	+	1	124111048	124111163	114	5
NC_072430.2	124158456	124158951	1	1	+	NC_072430.2	124158552	124158643	124158728	124158807	ASIC4	XM_055290759.2	+	1	124158643	124158728	84	2
NC_072430.2	124178684	124179779	-1	1	-	NC_072430.2	124179332	124179619	124178870	124179145	OBSL1	XM_055290752.2	-	1	124179145	124179332	186	5
NC_072430.2	12419973	12420750	1	1	+	NC_072430.2	12420106	12420237	12420310	12420375	AKT1	XM_055287980.2	+	1	12420237	12420310	72	4
NC_072430.2	124248766	124249486	2	1	+	NC_072430.2	124248864	124249012	124249157	124249337	SLC4A3	XM_055290769.2	+	2	124249012	124249157	144	2
NC_072430.2	12481288	12482215	-2	1	-	NC_072430.2	12481895	12482015	12481457	12481621	INF2	XM_055287988.2	-	2	12481621	12481895	273	7
NC_072430.2	12977162	12980948	-1	1	-	NC_072430.2	12977993	12980909	12977190	12977395	KIF26A	XM_055287999.2	-	1	12977395	12977993	597	1
NC_072430.2	12981989	12982985	-1	1	-	NC_072430.2	12982605	12982867	12982331	12982514	KIF26A	XM_055287999.2	-	1	12982514	12982605	90	1
NC_072430.2	12981989	12982985	-1	1	-	NC_072430.2	12982331	12982514	12981991	12982153	KIF26A	XM_055287999.2	-	1	12982153	12982331	177	1
NC_072430.2	13639922	13640462	3	1	+	NC_072430.2	13639940	13640063	13640211	13640400	CKB	XM_055288058.2	+	3	13640063	13640211	147	3
NC_072430.2	136566809	136567661	-1	1	-	NC_072430.2	136567539	136567628	136566810	136567097	NPPC	XM_055287875.1	-	1	136567097	136567539	441	1
NC_072430.2	137042225	137043017	3	1	+	NC_072430.2	137042349	137042483	137042583	137042655	LOC129488580	XM_055290979.2	+	3	137042483	137042583	99	1
NC_072430.2	137042225	137043017	3	1	+	NC_072430.2	137042583	137042655	137042776	137042910	LOC129488580	XM_055290979.2	+	3	137042655	137042776	120	1
NC_072430.2	137115635	137116406	-1	1	-	NC_072430.2	137116185	137116295	137116005	137116097	ECEL1	XM_055290977.2	-	1	137116097	137116185	87	1
NC_072430.2	137153944	137154655	2	1	+	NC_072430.2	137154295	137154394	137154482	137154641	PRSS56	XM_055290992.1	+	2	137154394	137154482	87	2
NC_072430.2	137155141	137156152	2	1	+	NC_072430.2	137155196	137155358	137155551	137155727	PRSS56	XM_055290992.1	+	2	137155358	137155551	192	1
NC_072430.2	137155141	137156152	2	1	+	NC_072430.2	137155551	137155727	137155821	137155985	PRSS56	XM_055290992.1	+	2	137155727	137155821	93	1
NC_072430.2	137155141	137156152	2	1	+	NC_072430.2	137155196	137155358	137155554	137155727	PRSS56	XM_055290993.1	+	2	137155358	137155554	195	1
NC_072430.2	137155141	137156152	2	1	+	NC_072430.2	137155554	137155727	137155821	137155985	PRSS56	XM_055290993.1	+	2	137155727	137155821	93	1
NC_072430.2	137159860	137160460	2	1	+	NC_072430.2	137160002	137160111	137160241	137160396	CHRND	XM_055290996.2	+	2	137160111	137160241	129	2
NC_072430.2	14140202	14140658	3	1	+	NC_072430.2	14140362	14140446	14140540	14140657	CDC42BPB	XM_055288085.2	+	3	14140446	14140540	93	2
NC_072430.2	14150302	14150716	-2	1	-	NC_072430.2	14150535	14150697	14150366	14150453	AMN	XM_055288098.2	-	2	14150453	14150535	81	1
NC_072430.2	142718494	142719379	2	1	+	NC_072430.2	142718643	142718905	142718981	142719089	ERFE	XM_055291115.2	+	2	142718905	142718981	75	1
NC_072430.2	142795698	142796415	-3	1	-	NC_072430.2	142796221	142796307	142796052	142796133	HES6	XM_055287880.2	-	3	142796133	142796221	87	1
NC_072430.2	142795698	142796415	-3	1	-	NC_072430.2	142796221	142796307	142796052	142796127	HES6	XM_055287881.2	-	3	142796127	142796221	93	1
NC_072430.2	142795698	142796415	-3	1	-	NC_072430.2	142796221	142796307	142796092	142796133	HES6	XM_055287883.2	-	3	142796133	142796221	87	1
NC_072430.2	142795698	142796415	-3	1	-	NC_072430.2	142796092	142796133	142795699	142795824	HES6	XM_055287883.2	-	3	142795824	142796092	267	1
NC_072430.2	142795698	142796415	-3	1	-	NC_072430.2	142796221	142796307	142796076	142796133	HES6	XM_063645805.1	-	3	142796133	142796221	87	1
NC_072430.2	142814684	142815083	-1	1	-	NC_072430.2	142814911	142815058	142814690	142814814	PER2	XM_055291124.2	-	1	142814814	142814911	96	4
NC_072430.2	145210525	145212319	2	1	+	NC_072430.2	145211042	145211481	145211572	145212319	LOC134737488	XM_063645853.1	+	2	145211481	145211572	90	1
NC_072430.2	145298901	145299723	1	1	+	NC_072430.2	145299058	145299222	145299436	145299628	AGXT	XM_055287889.1	+	1	145299222	145299436	213	1
NC_072430.2	145397276	145398089	3	1	+	NC_072430.2	145397388	145397525	145397643	145398000	CROCC2	XM_055291226.2	+	3	145397525	145397643	117	1
NC_072430.2	145463992	145464817	2	1	+	NC_072430.2	145464300	145464413	145464525	145464650	SNED1	XM_063645424.1	+	2	145464413	145464525	111	1
NC_072430.2	145650343	145651066	2	1	+	NC_072430.2	145650366	145650477	145650841	145650895	ANO7	XM_063645344.1	+	2	145650477	145650841	363	1
NC_072430.2	145661667	145662429	1	1	+	NC_072430.2	145662010	145662129	145662253	145662303	ANO7	XM_063645344.1	+	1	145662129	145662253	123	1
NC_072430.2	145677468	145678407	-3	1	-	NC_072430.2	145678099	145678320	145677646	145677864	HDLBP	XM_055291229.2	-	3	145677864	145678099	234	5
NC_072430.2	14584880	14586296	-1	1	-	NC_072430.2	14585711	14585852	14585090	14585239	TECPR2	XM_055288102.2	-	1	14585239	14585711	471	4
NC_072430.2	15047659	15048172	-2	1	-	NC_072430.2	15047918	15048171	15047666	15047800	DYNC1H1	XM_055288101.2	-	2	15047800	15047918	117	2
NC_072430.2	16766276	16766735	3	1	+	NC_072430.2	16766319	16766391	16766521	16766564	SLC25A29	XM_055288197.2	+	3	16766391	16766521	129	2
NC_072430.2	42958117	42958618	-2	1	-	NC_072430.2	42958436	42958498	42958139	42958246	COQ6	XM_055288840.2	-	2	42958246	42958436	189	5
NC_072430.2	49274147	49275197	3	1	+	NC_072430.2	49274206	49274814	49275073	49275156	ZFYVE26	XM_055289044.2	+	3	49274814	49275073	258	3
NC_072430.2	59055966	59056236	-3	1	-	NC_072430.2	59056156	59056235	59056001	59056074	ACTR10	XM_055289242.2	-	3	59056074	59056156	81	2
NC_072430.2	65332944	65333778	1	1	+	NC_072430.2	65332995	65333299	65333381	65333740	NID2	XM_055289364.2	+	1	65333299	65333381	81	1
NC_072430.2	72021789	72022362	1	1	+	NC_072430.2	72021805	72021999	72022117	72022292	TEP1	XM_055289515.2	+	1	72021999	72022117	117	6
NC_072430.2	72050705	72051287	-1	1	-	NC_072430.2	72051037	72051164	72050781	72050880	PARP2	XM_055289525.2	-	1	72050880	72051037	156	4
NC_072430.2	72371205	72371604	-3	1	-	NC_072430.2	72371496	72371532	72371326	72371390	NDRG2	XM_055289561.1	-	3	72371390	72371496	105	1
NC_072430.2	81264139	81264427	2	1	+	NC_072430.2	81264168	81264290	81264378	81264427	HNRNPA3	XM_055289844.2	+	2	81264290	81264378	87	4
NC_072430.2	82665667	82666462	-2	1	-	NC_072430.2	82666117	82666407	82665739	82666026	TTN	XM_055289874.1	-	2	82666026	82666117	90	1
NC_072430.2	82718092	82718659	-2	1	-	NC_072430.2	82718365	82718631	82718135	82718274	TTN	XM_055289874.1	-	2	82718274	82718365	90	1
NC_072430.2	82802439	82803180	-3	1	-	NC_072430.2	82802844	82803122	82802442	82802723	TTN	XM_055289874.1	-	3	82802723	82802844	120	1
NC_072430.2	82805393	82806131	-1	1	-	NC_072430.2	82805813	82806091	82805441	82805719	TTN	XM_055289874.1	-	1	82805719	82805813	93	1
NC_072430.2	82868436	82868997	-3	1	-	NC_072430.2	82868683	82868976	82868455	82868577	TTN	XM_055289874.1	-	3	82868577	82868683	105	1
NC_072430.2	82882327	82882801	-2	1	-	NC_072430.2	82882667	82882752	82882329	82882573	TTN	XM_055289874.1	-	2	82882573	82882667	93	1
NC_072430.2	94622366	94622621	3	1	+	NC_072430.2	94622430	94622454	94622614	94622621	MFSD6	XM_055290032.2	+	3	94622454	94622614	159	1
NC_072431.2	104297349	104297655	1	1	+	NC_072431.2	104297375	104297476	104297552	104297632	HNRNPA2B1	XM_055293608.2	+	1	104297476	104297552	75	6
NC_072431.2	109003646	109004129	-3	1	-	NC_072431.2	109003842	109003933	109003647	109003709	NPR2	XM_055293767.2	-	3	109003709	109003842	132	4
NC_072431.2	109006973	109007849	-3	1	-	NC_072431.2	109007420	109007579	109007105	109007260	NPR2	XM_055293767.2	-	3	109007260	109007420	159	4
NC_072431.2	109011568	109012144	-1	1	-	NC_072431.2	109011995	109012089	109011637	109011769	NPR2	XM_055293767.2	-	1	109011769	109011995	225	4
NC_072431.2	109076338	109076701	-1	1	-	NC_072431.2	109076499	109076605	109076340	109076408	CREB3	XM_055293782.2	-	1	109076408	109076499	90	1
NC_072431.2	109078465	109078948	-1	1	-	NC_072431.2	109078811	109078939	109078570	109078717	CREB3	XM_055293782.2	-	1	109078717	109078811	93	1
NC_072431.2	109100584	109100944	2	1	+	NC_072431.2	109100623	109100716	109100819	109100908	TLN1	XM_055293764.2	+	2	109100716	109100819	102	2
NC_072431.2	109105007	109105502	3	1	+	NC_072431.2	109105026	109105196	109105281	109105430	TLN1	XM_055293764.2	+	3	109105196	109105281	84	2
NC_072431.2	109132435	109132840	-1	1	-	NC_072431.2	109132696	109132840	109132555	109132581	CA9	XM_055293789.2	-	1	109132581	109132696	114	4
NC_072431.2	109137415	109138033	-1	1	-	NC_072431.2	109137823	109137993	109137548	109137690	CA9	XM_055293789.2	-	1	109137690	109137823	132	4
NC_072431.2	109163654	109164233	3	1	+	NC_072431.2	109163669	109163727	109163839	109163900	SIT1	XM_055293802.2	+	3	109163727	109163839	111	1
NC_072431.2	109163654	109164233	3	1	+	NC_072431.2	109163839	109163900	109164003	109164233	SIT1	XM_055293802.2	+	3	109163900	109164003	102	1
NC_072431.2	109253351	109253975	3	1	+	NC_072431.2	109253445	109253496	109253617	109253765	CIMIP2B	XM_055293808.2	+	3	109253496	109253617	120	15
NC_072431.2	109257546	109257951	-2	1	-	NC_072431.2	109257744	109257918	109257548	109257653	RUSC2	XM_055293803.1	-	2	109257653	109257744	90	3
NC_072431.2	109741601	109742057	3	1	+	NC_072431.2	109741644	109741788	109741912	109741991	STOML2	XM_055293836.2	+	3	109741788	109741912	123	3
NC_072431.2	109848768	109849830	-2	1	-	NC_072431.2	109849159	109849760	109848769	109848999	DNAJB5	XM_055293855.2	-	2	109848999	109849159	159	5
NC_072431.2	110284164	110284671	-2	1	-	NC_072431.2	110284453	110284552	110284165	110284314	DNAI1	XM_055293899.2	-	2	110284314	110284453	138	1
NC_072431.2	110884763	110885192	3	1	+	NC_072431.2	110884821	110885012	110885100	110885192	UBAP2	XM_055293875.2	+	3	110885012	110885100	87	16
NC_072431.2	136976926	136977358	2	1	+	NC_072431.2	136976951	136977044	136977291	136977357	PUM3	XM_055294343.2	+	2	136977044	136977291	246	4
NC_072431.2	27376835	27377321	3	1	+	NC_072431.2	27376935	27376991	27377151	27377202	LOC129489268	XM_063609943.1	+	3	27376991	27377151	159	1
NC_072431.2	29783928	29784285	1	1	+	NC_072431.2	29783951	29784057	29784133	29784284	SDR39U1	XM_055291638.2	+	1	29784057	29784133	75	1
NC_072431.2	29783928	29784285	1	1	+	NC_072431.2	29783951	29784057	29784133	29784215	SDR39U1	XM_055291639.2	+	1	29784057	29784133	75	4
NC_072431.2	29814945	29815695	-2	1	-	NC_072431.2	29815518	29815648	29815274	29815370	NYNRIN	XM_055291646.2	-	2	29815370	29815518	147	2
NC_072431.2	29889952	29890663	2	1	+	NC_072431.2	29890019	29890167	29890246	29890357	ADCY4	XM_055291648.1	+	2	29890167	29890246	78	1
NC_072431.2	29919614	29920589	-3	1	-	NC_072431.2	29920307	29920553	29919659	29920099	NOP9	XM_055291656.2	-	3	29920099	29920307	207	3
NC_072431.2	29951799	29952345	1	1	+	NC_072431.2	29951884	29951985	29952091	29952196	RABGGTA	XM_055291658.2	+	1	29951985	29952091	105	4
NC_072431.2	29951799	29952345	1	1	+	NC_072431.2	29952091	29952196	29952290	29952341	RABGGTA	XM_055291658.2	+	1	29952196	29952290	93	4
NC_072431.2	29952351	29953251	1	1	+	NC_072431.2	29952752	29952840	29952934	29953050	RABGGTA	XM_055291658.2	+	1	29952840	29952934	93	4
NC_072431.2	29965601	29966366	3	1	+	NC_072431.2	29965723	29966004	29966152	29966312	TGM1	XM_055291664.2	+	3	29966004	29966152	147	2
NC_072431.2	30040645	30041101	2	1	+	NC_072431.2	30040657	30040789	30040883	30040987	IPO4	XM_055291665.2	+	2	30040789	30040883	93	2
NC_072431.2	30044653	30045118	-1	1	-	NC_072431.2	30044965	30045041	30044744	30044793	REC8	XM_055291675.2	-	1	30044793	30044965	171	1
NC_072431.2	30049317	30049692	-2	1	-	NC_072431.2	30049476	30049618	30049319	30049391	REC8	XM_055291675.2	-	2	30049391	30049476	84	1
NC_072431.2	30056179	30056737	-1	1	-	NC_072431.2	30056470	30056585	30056180	30056310	IRF9	XM_055291698.2	-	1	30056310	30056470	159	2
NC_072431.2	30058888	30059464	-1	1	-	NC_072431.2	30059281	30059464	30058919	30059049	IRF9	XM_055291698.2	-	1	30059049	30059281	231	7
NC_072431.2	30066709	30067063	-1	1	-	NC_072431.2	30066923	30067021	30066743	30066832	RNF31	XM_055291695.2	-	1	30066832	30066923	90	4
NC_072431.2	30085767	30086685	-2	1	-	NC_072431.2	30086442	30086619	30085966	30086138	PSME1	XM_055291702.2	-	2	30086138	30086442	303	1
NC_072431.2	30145451	30146144	-3	1	-	NC_072431.2	30145950	30146083	30145572	30145808	CPNE6	XM_055291726.2	-	3	30145808	30145950	141	2
NC_072431.2	30147350	30147773	-3	1	-	NC_072431.2	30147687	30147773	30147393	30147452	CPNE6	XM_055291726.2	-	3	30147452	30147687	234	2
NC_072431.2	30148550	30149066	-3	1	-	NC_072431.2	30148896	30148970	30148647	30148730	CPNE6	XM_055291726.2	-	3	30148730	30148896	165	2
NC_072431.2	30162649	30163114	-1	1	-	NC_072431.2	30162902	30162995	30162710	30162808	CARMIL3	XM_055291716.2	-	1	30162808	30162902	93	13
NC_072431.2	30167321	30167768	-3	1	-	NC_072431.2	30167651	30167724	30167343	30167461	CARMIL3	XM_063609345.1	-	3	30167461	30167651	189	3
NC_072431.2	30680750	30681185	3	1	+	NC_072431.2	30680868	30681024	30681157	30681184	LOC129489340	XM_055291783.2	+	3	30681024	30681157	132	1
NC_072431.2	31220702	31221098	3	1	+	NC_072431.2	31220703	31220855	31220937	31221074	RBM23	XM_055291868.2	+	3	31220855	31220937	81	8
NC_072431.2	31224445	31224781	2	1	+	NC_072431.2	31224489	31224614	31224711	31224780	RBM23	XM_055291868.2	+	2	31224614	31224711	96	6
NC_072431.2	31224445	31224781	2	1	+	NC_072431.2	31224489	31224614	31224711	31224781	RBM23	XM_055291872.2	+	2	31224614	31224711	96	2
NC_072431.2	31644194	31644857	-3	1	-	NC_072431.2	31644809	31644854	31644356	31644652	LOC129489378	unassigned_transcript_146	-	3	31644652	31644809	156	1
NC_072431.2	39115389	39115779	1	1	+	NC_072431.2	39115413	39115503	39115603	39115779	IFIH1	XM_055291951.2	+	1	39115503	39115603	99	1
NC_072431.2	48842461	48842734	-1	1	-	NC_072431.2	48842666	48842734	48842483	48842563	FMNL2	XM_055292111.2	-	1	48842563	48842666	102	9
NC_072431.2	49814188	49814626	2	1	+	NC_072431.2	49814252	49814359	49814453	49814566	NEB	XM_055292138.2	+	2	49814359	49814453	93	7
NC_072431.2	49821465	49821918	1	1	+	NC_072431.2	49821481	49821588	49821682	49821795	NEB	XM_055292138.2	+	1	49821588	49821682	93	7
NC_072431.2	54644970	54645597	1	1	+	NC_072431.2	54645094	54645238	54645362	54645549	SLC29A4	XM_055292248.2	+	1	54645238	54645362	123	6
NC_072431.2	55535432	55535966	-3	1	-	NC_072431.2	55535740	55535928	55535433	55535631	INTS15	XM_055292280.2	-	3	55535631	55535740	108	1
NC_072431.2	55535432	55535966	-3	1	-	NC_072431.2	55535752	55535928	55535433	55535631	INTS15	XM_055292281.2	-	3	55535631	55535752	120	1
NC_072431.2	55647995	55648421	3	1	+	NC_072431.2	55648020	55648175	55648311	55648397	GRID2IP	XM_055292303.2	+	3	55648175	55648311	135	7
NC_072431.2	58566230	58566575	3	1	+	NC_072431.2	58566259	58566312	58566448	58566554	AP4M1	XM_055292479.2	+	3	58566312	58566448	135	5
NC_072431.2	58624853	58625423	-3	1	-	NC_072431.2	58625101	58625294	58624854	58625004	TRAPPC14	XM_055292534.2	-	3	58625004	58625101	96	1
NC_072431.2	58778095	58778674	-1	1	-	NC_072431.2	58778386	58778602	58778162	58778298	PPP1R35	XM_055292579.2	-	1	58778298	58778386	87	1
NC_072431.2	58806227	58807313	-3	1	-	NC_072431.2	58806876	58806938	58806273	58806596	SPACDR	XM_055292604.2	-	3	58806596	58806876	279	3
NC_072431.2	58960014	58960539	1	1	+	NC_072431.2	58960226	58960390	58960511	58960539	MOSPD3	XM_055292607.2	+	1	58960390	58960511	120	6
NC_072431.2	58973404	58973800	-1	1	-	NC_072431.2	58973690	58973772	58973539	58973602	TFR2	XM_055292622.2	-	1	58973602	58973690	87	2
NC_072431.2	58978274	58978745	-3	1	-	NC_072431.2	58978563	58978674	58978335	58978457	TFR2	XM_055292622.2	-	3	58978457	58978563	105	2
NC_072431.2	58992769	58993261	-1	1	-	NC_072431.2	58993007	58993121	58992788	58992868	ACTL6B	XM_055292627.2	-	1	58992868	58993007	138	1
NC_072431.2	58994575	58994959	-1	1	-	NC_072431.2	58994773	58994867	58994600	58994706	ACTL6B	XM_055292627.2	-	1	58994706	58994773	66	2
NC_072431.2	59002150	59002843	-1	1	-	NC_072431.2	59002777	59002801	59002250	59002326	ACTL6B	XM_055292627.2	-	1	59002326	59002777	450	2
NC_072431.2	59026022	59026601	3	1	+	NC_072431.2	59026200	59026416	59026498	59026601	GNB2	XM_055292625.2	+	3	59026416	59026498	81	1
NC_072431.2	59030694	59031480	-2	1	-	NC_072431.2	59031343	59031425	59031097	59031237	GIGYF1	XM_055292615.2	-	2	59031237	59031343	105	9
NC_072431.2	59032185	59032770	-2	1	-	NC_072431.2	59032494	59032665	59032222	59032388	GIGYF1	XM_055292615.2	-	2	59032388	59032494	105	9
NC_072431.2	59033550	59034261	-2	1	-	NC_072431.2	59033938	59034191	59033733	59033838	GIGYF1	XM_055292615.2	-	2	59033838	59033938	99	9
NC_072431.2	59236845	59237166	1	1	+	NC_072431.2	59236846	59236944	59237029	59237146	SRRT	XM_055292645.2	+	1	59236944	59237029	84	10
NC_072431.2	59318470	59319064	2	1	+	NC_072431.2	59318758	59318849	59319003	59319055	MUC3A	XM_055292633.2	+	2	59318849	59319003	153	3
NC_072431.2	59331933	59369352	1	1	+	NC_072431.2	59354674	59354990	59355042	59355308	LOC129490675	XM_055294504.2	+	1	59354990	59355042	51	1
NC_072431.2	59331933	59369352	1	1	+	NC_072431.2	59355042	59355308	59355615	59356817	LOC129490675	XM_055294504.2	+	1	59355308	59355615	306	1
NC_072431.2	59331933	59369352	1	1	+	NC_072431.2	59355615	59356817	59357004	59357204	LOC129490675	XM_055294504.2	+	1	59356817	59357004	186	1
NC_072431.2	59331933	59369352	1	1	+	NC_072431.2	59357004	59357204	59357766	59358272	LOC129490675	XM_055294504.2	+	1	59357204	59357766	561	1
NC_072431.2	59331933	59369352	1	1	+	NC_072431.2	59357766	59358272	59358477	59359751	LOC129490675	XM_055294504.2	+	1	59358272	59358477	204	1
NC_072431.2	59331933	59369352	1	1	+	NC_072431.2	59358477	59359751	59359854	59363318	LOC129490675	XM_055294504.2	+	1	59359751	59359854	102	1
NC_072431.2	59331933	59369352	1	1	+	NC_072431.2	59359854	59363318	59363997	59364250	LOC129490675	XM_055294504.2	+	1	59363318	59363997	678	1
NC_072431.2	59331933	59369352	1	1	+	NC_072431.2	59363997	59364250	59364404	59364530	LOC129490675	XM_055294504.2	+	1	59364250	59364404	153	1
NC_072431.2	59331933	59369352	1	1	+	NC_072431.2	59364404	59364530	59365392	59366170	LOC129490675	XM_055294504.2	+	1	59364530	59365392	861	1
NC_072431.2	59331933	59369352	1	1	+	NC_072431.2	59365392	59366170	59366309	59366680	LOC129490675	XM_055294504.2	+	1	59366170	59366309	138	1
NC_072431.2	59331933	59369352	1	1	+	NC_072431.2	59366309	59366680	59367173	59368738	LOC129490675	XM_055294504.2	+	1	59366680	59367173	492	1
NC_072431.2	59331933	59369352	1	1	+	NC_072431.2	59367173	59368738	59368844	59369029	LOC129490675	XM_055294504.2	+	1	59368738	59368844	105	1
NC_072431.2	59331933	59369352	1	1	+	NC_072431.2	59332013	59333029	59333738	59334550	LOC129490670	XM_063609951.1	+	1	59333029	59333738	708	1
NC_072431.2	59331933	59369352	1	1	+	NC_072431.2	59333738	59334550	59335679	59348980	LOC129490670	XM_063609951.1	+	1	59334550	59335679	1128	1
NC_072431.2	59331933	59369352	1	1	+	NC_072431.2	59335679	59348980	59349083	59349212	LOC129490670	XM_063609951.1	+	1	59348980	59349083	102	1
NC_072431.2	59331933	59369352	1	1	+	NC_072431.2	59349083	59349212	59349516	59349967	LOC129490670	XM_063609951.1	+	1	59349212	59349516	303	1
NC_072431.2	59331933	59369352	1	1	+	NC_072431.2	59349516	59349967	59350937	59351416	LOC129490670	XM_063609951.1	+	1	59349967	59350937	969	1
NC_072431.2	59331933	59369352	1	1	+	NC_072431.2	59350937	59351416	59351621	59352578	LOC129490670	XM_063609951.1	+	1	59351416	59351621	204	1
NC_072431.2	59374189	59374675	2	1	+	NC_072431.2	59374369	59374460	59374614	59374666	LOC129490675	XM_055294504.2	+	2	59374460	59374614	153	1
NC_072431.2	59434414	59447518	2	1	+	NC_072431.2	59434419	59435983	59436161	59436514	MUC17	XM_055294438.1	+	2	59435983	59436161	177	1
NC_072431.2	59434414	59447518	2	1	+	NC_072431.2	59436161	59436514	59436692	59437083	MUC17	XM_055294438.1	+	2	59436514	59436692	177	1
NC_072431.2	59434414	59447518	2	1	+	NC_072431.2	59436692	59437083	59437261	59438638	MUC17	XM_055294438.1	+	2	59437083	59437261	177	1
NC_072431.2	59434414	59447518	2	1	+	NC_072431.2	59437261	59438638	59438816	59439662	MUC17	XM_055294438.1	+	2	59438638	59438816	177	1
NC_072431.2	59434414	59447518	2	1	+	NC_072431.2	59438816	59439662	59439840	59442068	MUC17	XM_055294438.1	+	2	59439662	59439840	177	1
NC_072431.2	59434414	59447518	2	1	+	NC_072431.2	59439840	59442068	59442234	59447513	MUC17	XM_055294438.1	+	2	59442068	59442234	165	1
NC_072431.2	59580115	59580667	-1	1	-	NC_072431.2	59580401	59580541	59580140	59580310	NAT16	XM_055292693.2	-	1	59580310	59580401	90	3
NC_072431.2	59605593	59606049	-2	1	-	NC_072431.2	59605914	59606021	59605741	59605811	MOGAT3	XM_055292695.2	-	2	59605811	59605914	102	2
NC_072431.2	59619829	59620390	-1	1	-	NC_072431.2	59620079	59620220	59619878	59619991	PLOD3	XM_055292670.2	-	1	59619991	59620079	87	5
NC_072431.2	59621434	59622022	-1	1	-	NC_072431.2	59621691	59621795	59621436	59621561	PLOD3	XM_055292670.2	-	1	59621561	59621691	129	5
NC_072431.2	60829276	60829804	2	1	+	NC_072431.2	60829342	60829576	60829679	60829795	LRWD1	XM_055292721.2	+	2	60829576	60829679	102	3
NC_072431.2	60853796	60854240	-3	1	-	NC_072431.2	60854027	60854091	60853797	60853915	LOC129489707	XM_055292718.2	-	3	60853915	60854027	111	3
NC_072431.2	60869285	60870137	-3	1	-	NC_072431.2	60869676	60869807	60869287	60869381	LOC129489707	XM_055292718.2	-	3	60869381	60869676	294	4
NC_072431.2	61276205	61276805	-3	1	-	NC_072431.2	61276523	61276572	61276253	61276309	LOC129489725	XM_055292762.2	-	3	61276309	61276523	213	9
NC_072431.2	61438594	61439398	-1	1	-	NC_072431.2	61439249	61439398	61438624	61438894	POR	XM_055292797.1	-	1	61438894	61439249	354	3
NC_072431.2	62047259	62047760	-3	1	-	NC_072431.2	62047680	62047740	62047260	62047577	LOC129489746	XM_063646416.1	-	3	62047577	62047680	102	2
NC_072431.2	62217852	62218179	1	1	+	NC_072431.2	62217923	62218017	62218117	62218179	CASTOR2	XM_055292821.2	+	1	62218017	62218117	99	1
NC_072431.2	62372235	62372577	-2	1	-	NC_072431.2	62372502	62372577	62372237	62372402	NCF1	XM_055292810.2	-	2	62372402	62372502	99	1
NC_072431.2	62400598	62401048	-1	1	-	NC_072431.2	62400961	62401026	62400600	62400783	GTF2I	XM_055292777.2	-	1	62400783	62400961	177	7
NC_072431.2	63063470	63064274	-3	1	-	NC_072431.2	63063900	63064038	63063472	63063581	LIMK1	XM_055292850.2	-	3	63063581	63063900	318	2
NC_072431.2	63476040	63476343	-2	1	-	NC_072431.2	63476238	63476320	63476042	63476138	BUD23	XM_055292914.1	-	2	63476138	63476238	99	3
NC_072431.2	70454145	70454748	-2	1	-	NC_072431.2	70454466	70454515	70454193	70454294	LOC129490690	XM_055294517.2	-	2	70454294	70454466	171	1
NC_072431.2	82812345	82812717	1	1	+	NC_072431.2	82812379	82812489	82812583	82812655	PKD1L1	XM_063609574.1	+	1	82812489	82812583	93	1
NC_072431.2	85469669	85475168	3	1	+	NC_072431.2	85469875	85474716	85474957	85475069	NACAD	XM_055293211.2	+	3	85474716	85474957	240	1
NC_072431.2	85469669	85475168	3	1	+	NC_072431.2	85469875	85473925	85474565	85474716	NACAD	XM_055293212.2	+	3	85473925	85474565	639	1
NC_072431.2	85469669	85475168	3	1	+	NC_072431.2	85474565	85474716	85474957	85475069	NACAD	XM_055293212.2	+	3	85474716	85474957	240	1
NC_072431.2	85592940	85593804	1	1	+	NC_072431.2	85592961	85593075	85593241	85593411	MYO1G	XM_055293213.2	+	1	85593075	85593241	165	2
NC_072431.2	86335346	86335901	3	1	+	NC_072431.2	86335534	86335571	86335749	86335820	CAMK2B	XM_055293248.2	+	3	86335571	86335749	177	5
NC_072431.2	86335346	86335901	3	1	+	NC_072431.2	86335531	86335571	86335749	86335820	CAMK2B	XM_055293252.2	+	3	86335571	86335749	177	6
NC_072431.2	86459752	86460121	-1	1	-	NC_072431.2	86459977	86460121	86459795	86459880	AEBP1	XM_055293280.1	-	1	86459880	86459977	96	1
NC_072431.2	86497209	86497875	1	1	+	NC_072431.2	86497374	86497476	86497582	86497824	POLM	XM_063609599.1	+	1	86497476	86497582	105	6
NC_072431.2	86497209	86497875	1	1	+	NC_072431.2	86497244	86497476	86497582	86497824	POLM	XM_063609600.1	+	1	86497476	86497582	105	2
NC_072431.2	88274856	88275666	1	1	+	NC_072431.2	88274980	88275367	88275491	88275666	LOC129489992	XM_055293348.2	+	1	88275367	88275491	123	1
NC_072431.2	92138595	92139252	1	1	+	NC_072431.2	92138656	92138698	92138813	92139252	LOC129490733	unassigned_transcript_167	+	1	92138698	92138813	114	1
NC_072431.2	93944811	93945282	1	1	+	NC_072431.2	93945083	93945141	93945220	93945279	AOAH	XM_055293407.2	+	1	93945141	93945220	78	5
NC_072431.2	99485685	99486282	-2	1	-	NC_072431.2	99486051	99486153	99485817	99485924	GHRHR	XM_055294457.1	-	2	99485924	99486051	126	1
NC_072432.2	115034300	115035095	3	1	+	NC_072432.2	115034427	115034517	115034647	115034732	NPM2	XM_055295591.2	+	3	115034517	115034647	129	4
NC_072432.2	115034300	115035095	3	1	+	NC_072432.2	115034460	115034517	115034647	115034732	NPM2	XM_063611415.1	+	3	115034517	115034647	129	2
NC_072432.2	115046042	115046267	3	1	+	NC_072432.2	115046081	115046114	115046226	115046267	NPM2	XM_055295591.2	+	3	115046114	115046226	111	1
NC_072432.2	115107088	115108375	2	1	+	NC_072432.2	115107113	115107217	115107314	115107436	FHIP2B	XM_055295600.2	+	2	115107217	115107314	96	3
NC_072432.2	115107088	115108375	2	1	+	NC_072432.2	115107314	115107436	115107665	115107907	FHIP2B	XM_055295600.2	+	2	115107436	115107665	228	3
NC_072432.2	115110891	115111614	1	1	+	NC_072432.2	115111005	115111095	115111273	115111416	FHIP2B	XM_055295600.2	+	1	115111095	115111273	177	3
NC_072432.2	115129152	115129968	-3	1	-	NC_072432.2	115129599	115129764	115129361	115129430	HR	XM_055295602.2	-	3	115129430	115129599	168	3
NC_072432.2	115147798	115148383	-2	1	-	NC_072432.2	115148188	115148323	115147901	115148055	REEP4	XM_055295607.2	-	2	115148055	115148188	132	1
NC_072432.2	115147798	115148383	-2	1	-	NC_072432.2	115148188	115148317	115147901	115148055	REEP4	XM_063611425.1	-	2	115148055	115148188	132	1
NC_072432.2	115626758	115627187	3	1	+	NC_072432.2	115626874	115626986	115627113	115627187	C10H8orf58	XM_063611445.1	+	3	115626986	115627113	126	1
NC_072432.2	115630427	115630892	3	1	+	NC_072432.2	115630446	115630503	115630759	115630850	CCAR2	XM_055295648.2	+	3	115630503	115630759	255	6
NC_072432.2	116159750	116160803	-1	1	-	NC_072432.2	116160467	116160735	116159856	116159887	LOC129491664	XM_063611017.1	-	1	116159887	116160467	579	1
NC_072432.2	120394673	120395354	3	1	+	NC_072432.2	120394752	120394898	120395046	120395081	PTK2B	XM_055295773.2	+	3	120394898	120395046	147	25
NC_072432.2	130918124	130918793	3	1	+	NC_072432.2	130918239	130918388	130918518	130918679	ADGRA2	XM_055295952.2	+	3	130918388	130918518	129	2
NC_072432.2	131508409	131508874	-2	1	-	NC_072432.2	131508701	131508806	131508410	131508583	FGFR1	XM_055296003.2	-	2	131508583	131508701	117	3
NC_072432.2	19264294	19264621	-2	1	-	NC_072432.2	19264501	19264611	19264296	19264413	MCM10	XM_055296604.2	-	2	19264413	19264501	87	4
NC_072432.2	27647598	27647922	1	1	+	NC_072432.2	27647609	27647720	27647835	27647898	COMMD3	XM_055296743.2	+	1	27647720	27647835	114	2
NC_072432.2	35126336	35127056	3	1	+	NC_072432.2	35126337	35126651	35126775	35127047	CENPE	XM_055296856.2	+	3	35126651	35126775	123	6
NC_072432.2	62219767	62220121	2	1	+	NC_072432.2	62219870	62219941	62220020	62220120	SDAD1	XM_055297300.2	+	2	62219941	62220020	78	3
NC_072432.2	64126992	64127835	1	1	+	NC_072432.2	64127512	64127611	64127711	64127834	LOC129492252	XM_055297347.2	+	1	64127611	64127711	99	1
NC_072432.2	64385914	64386382	-2	1	-	NC_072432.2	64386175	64386283	64385916	64386048	CXCL6	XM_055296607.1	-	2	64386048	64386175	126	1
NC_072432.2	6596799	6597435	-3	1	-	NC_072432.2	6597159	6597340	6596805	6596912	ADARB2	XM_055296338.2	-	3	6596912	6597159	246	1
NC_072432.2	89583311	89589527	3	1	+	NC_072432.2	89583367	89586170	89586243	89586596	FAM186A	XM_063610467.1	+	3	89586170	89586243	72	1
NC_072432.2	89583311	89589527	3	1	+	NC_072432.2	89586243	89586596	89586741	89587784	FAM186A	XM_063610467.1	+	3	89586596	89586741	144	1
NC_072432.2	89583311	89589527	3	1	+	NC_072432.2	89586741	89587784	89587821	89589526	FAM186A	XM_063610467.1	+	3	89587784	89587821	36	1
NC_072432.2	89801964	89802303	1	1	+	NC_072432.2	89801965	89802093	89802196	89802302	CERS5	XM_055294926.2	+	1	89802093	89802196	102	16
NC_072432.2	90602660	90603098	-1	1	-	NC_072432.2	90602880	90603008	90602691	90602774	TROAP	XM_055294998.2	-	1	90602774	90602880	105	2
NC_072432.2	90828762	90829149	1	1	+	NC_072432.2	90828797	90828880	90828977	90829053	LMBR1L	XM_055295005.2	+	1	90828880	90828977	96	5
NC_072432.2	90904231	90904759	2	1	+	NC_072432.2	90904250	90904316	90904428	90904660	KMT2D	XM_055295022.2	+	2	90904316	90904428	111	11
NC_072432.2	90909531	90910032	1	1	+	NC_072432.2	90909588	90909763	90909866	90909996	KMT2D	XM_055295022.2	+	1	90909763	90909866	102	11
NC_072432.2	90910559	90911135	3	1	+	NC_072432.2	90910683	90910815	90910894	90911021	KMT2D	XM_055295022.2	+	3	90910815	90910894	78	11
NC_072432.2	91158193	91158724	2	1	+	NC_072432.2	91158313	91158454	91158572	91158700	ADCY6	XM_055295049.2	+	2	91158454	91158572	117	2
NC_072432.2	91654439	91654748	-1	1	-	NC_072432.2	91654628	91654727	91654441	91654546	PFKM	XM_055295073.2	-	1	91654546	91654628	81	20
NC_072432.2	92012036	92012639	3	1	+	NC_072432.2	92012077	92012264	92012397	92012487	HDAC7	XM_055295110.1	+	3	92012264	92012397	132	8
NC_072432.2	92012036	92012639	3	1	+	NC_072432.2	92012124	92012264	92012397	92012487	HDAC7	XM_063611266.1	+	3	92012264	92012397	132	1
NC_072432.2	92072197	92072614	2	1	+	NC_072432.2	92072216	92072341	92072432	92072613	RAPGEF3	XM_055295115.2	+	2	92072341	92072432	90	5
NC_072432.2	92135862	92136219	1	1	+	NC_072432.2	92135897	92135967	92136073	92136174	RPAP3	XM_055295123.2	+	1	92135967	92136073	105	2
NC_072432.2	95954291	95954744	-1	1	-	NC_072432.2	95954525	95954690	95954301	95954443	PLS1	XM_055295173.2	-	1	95954443	95954525	81	14
NC_072433.2	119259998	119260652	3	1	+	NC_072433.2	119260046	119260209	119260534	119260651	PDLIM4	XM_055299436.2	+	3	119260209	119260534	324	1
NC_072433.2	119474090	119474804	-3	1	-	NC_072433.2	119474736	119474785	119474498	119474627	IRF1	XM_055299451.2	-	3	119474627	119474736	108	4
NC_072433.2	119474090	119474804	-3	1	-	NC_072433.2	119474498	119474627	119474192	119474314	IRF1	XM_055299451.2	-	3	119474314	119474498	183	3
NC_072433.2	119882508	119882874	-2	1	-	NC_072433.2	119882761	119882824	119882510	119882646	AFF4	XM_055299482.2	-	2	119882646	119882761	114	2
NC_072433.2	120388062	120389040	-2	1	-	NC_072433.2	120388614	120388882	120388389	120388517	LDHD	XM_055299488.2	-	2	120388517	120388614	96	1
NC_072433.2	120388062	120389040	-2	1	-	NC_072433.2	120388614	120388813	120388389	120388517	LDHD	XM_055299489.2	-	2	120388517	120388614	96	2
NC_072433.2	120842900	120843683	3	1	+	NC_072433.2	120843189	120843222	120843547	120843602	GABARAPL2	XM_055299608.2	+	3	120843222	120843547	324	1
NC_072433.2	129594722	129595259	3	1	+	NC_072433.2	129594723	129595089	129595201	129595259	DNAAF1	XM_063612504.1	+	3	129595089	129595201	111	1
NC_072433.2	129597733	129598957	-1	1	-	NC_072433.2	129598738	129598875	129597734	129598641	TAF1C	XM_055299721.1	-	1	129598641	129598738	96	8
NC_072433.2	129597733	129598957	-1	1	-	NC_072433.2	129598738	129598872	129597734	129598641	TAF1C	XM_063612499.1	-	1	129598641	129598738	96	2
NC_072433.2	129602197	129602611	-1	1	-	NC_072433.2	129602515	129602596	129602228	129602325	TAF1C	XM_055299721.1	-	1	129602325	129602515	189	7
NC_072433.2	129602197	129602611	-1	1	-	NC_072433.2	129602515	129602533	129602228	129602325	TAF1C	XM_055299722.1	-	1	129602325	129602515	189	1
NC_072433.2	134004240	134005074	1	1	+	NC_072433.2	134004647	134004742	134004821	134004967	ZFPM1	XM_055232770.2	+	1	134004742	134004821	78	4
NC_072433.2	134185600	134186011	2	1	+	NC_072433.2	134185654	134185757	134185872	134186010	CTU2	XM_055232800.2	+	2	134185757	134185872	114	3
NC_072433.2	134187194	134187620	-3	1	-	NC_072433.2	134187461	134187540	134187196	134187382	PIEZO1	XM_055232798.2	-	3	134187382	134187461	78	2
NC_072433.2	134188111	134188639	-1	1	-	NC_072433.2	134188379	134188567	134188163	134188255	PIEZO1	XM_055232798.2	-	1	134188255	134188379	123	2
NC_072433.2	134191096	134191600	-1	1	-	NC_072433.2	134191365	134191579	134191098	134191256	PIEZO1	XM_055232798.2	-	1	134191256	134191365	108	2
NC_072433.2	134197635	134198439	-2	1	-	NC_072433.2	134198017	134198260	134197839	134197935	PIEZO1	XM_055232798.2	-	2	134197935	134198017	81	2
NC_072433.2	134205894	134206581	-2	1	-	NC_072433.2	134206462	134206562	134206069	134206329	PIEZO1	XM_055232798.2	-	2	134206329	134206462	132	2
NC_072433.2	134207239	134207683	-1	1	-	NC_072433.2	134207555	134207641	134207386	134207473	PIEZO1	XM_055232798.2	-	1	134207473	134207555	81	2
NC_072433.2	134579240	134579927	3	1	+	NC_072433.2	134579309	134579457	134579749	134579877	ACSF3	XM_063612568.1	+	3	134579457	134579749	291	1
NC_072433.2	135113188	135113509	2	1	+	NC_072433.2	135113270	135113354	135113433	135113508	DPEP1	XM_055298707.2	+	2	135113354	135113433	78	3
NC_072433.2	135190846	135191317	-1	1	-	NC_072433.2	135191116	135191208	135190848	135191010	VPS9D1	XM_055232912.2	-	1	135191010	135191116	105	4
NC_072433.2	135190846	135191317	-1	1	-	NC_072433.2	135191116	135191205	135190848	135191010	VPS9D1	XM_055232914.2	-	1	135191010	135191116	105	3
NC_072433.2	135190846	135191317	-1	1	-	NC_072433.2	135191116	135191259	135190848	135191010	VPS9D1	XM_063613063.1	-	1	135191010	135191116	105	6
NC_072433.2	135213016	135214093	-1	1	-	NC_072433.2	135213744	135213819	135213398	135213554	FANCA	XM_055232894.2	-	1	135213554	135213744	189	3
NC_072433.2	135213016	135214093	-1	1	-	NC_072433.2	135213744	135213819	135213394	135213554	FANCA	XM_055232895.2	-	1	135213554	135213744	189	2
NC_072433.2	135213016	135214093	-1	1	-	NC_072433.2	135213394	135213554	135213148	135213240	FANCA	XM_055232895.2	-	1	135213240	135213394	153	2
NC_072433.2	18019763	18020648	-3	1	-	NC_072433.2	18020184	18020444	18019952	18020018	TCF7	XM_055233392.2	-	3	18020018	18020184	165	10
NC_072433.2	18019763	18020648	-3	1	-	NC_072433.2	18020196	18020444	18019952	18020018	TCF7	XM_063611662.1	-	3	18020018	18020196	177	3
NC_072433.2	19992871	19993564	-1	1	-	NC_072433.2	19993367	19993543	19993045	19993210	MTSS2	XM_055298456.2	-	1	19993210	19993367	156	5
NC_072433.2	20401406	20401604	-3	1	-	NC_072433.2	20401573	20401580	20401412	20401479	HYDIN	XM_063611545.1	-	3	20401479	20401573	93	1
NC_072433.2	21465383	21466037	3	1	+	NC_072433.2	21465497	21465705	21465802	21465956	DHX38	XM_055298493.2	+	3	21465705	21465802	96	2
NC_072433.2	24264306	24265131	1	1	+	NC_072433.2	24264487	24264865	24264965	24265060	TERF2	XM_055297787.1	+	1	24264865	24264965	99	2
NC_072433.2	24338325	24338640	-2	1	-	NC_072433.2	24338559	24338620	24338334	24338453	VPS4A	XM_055297788.2	-	2	24338453	24338559	105	1
NC_072433.2	24338325	24338640	-2	1	-	NC_072433.2	24338559	24338617	24338334	24338453	VPS4A	XM_055297789.2	-	2	24338453	24338559	105	1
NC_072433.2	24512382	24513000	-2	1	-	NC_072433.2	24512679	24512850	24512482	24512573	UTP4	XM_055298428.2	-	2	24512573	24512679	105	12
NC_072433.2	25754431	25754902	2	1	+	NC_072433.2	25754514	25754612	25754844	25754901	SLC12A4	XM_055297685.2	+	2	25754612	25754844	231	4
NC_072433.2	25759628	25760207	3	1	+	NC_072433.2	25759704	25759811	25760022	25760206	SLC12A4	XM_055297685.2	+	3	25759811	25760022	210	4
NC_072433.2	25774239	25774659	1	1	+	NC_072433.2	25774325	25774458	25774549	25774659	CTRL	XM_055297693.2	+	1	25774458	25774549	90	1
NC_072433.2	25824313	25824979	-1	1	-	NC_072433.2	25824535	25824976	25824320	25824435	EDC4	XM_055298639.2	-	1	25824435	25824535	99	1
NC_072433.2	25824313	25824979	-1	1	-	NC_072433.2	25824799	25824976	25824535	25824690	EDC4	XM_055298640.2	-	1	25824690	25824799	108	2
NC_072433.2	25824313	25824979	-1	1	-	NC_072433.2	25824535	25824690	25824320	25824435	EDC4	XM_055298640.2	-	1	25824435	25824535	99	2
NC_072433.2	25825225	25825621	-1	1	-	NC_072433.2	25825464	25825568	25825227	25825379	EDC4	XM_055298639.2	-	1	25825379	25825464	84	3
NC_072433.2	25826686	25827103	-1	1	-	NC_072433.2	25826885	25827072	25826688	25826809	EDC4	XM_055298639.2	-	1	25826809	25826885	75	3
NC_072433.2	25827348	25827738	-2	1	-	NC_072433.2	25827522	25827702	25827350	25827422	EDC4	XM_055298639.2	-	2	25827422	25827522	99	3
NC_072433.2	25828951	25829683	-1	1	-	NC_072433.2	25829253	25829442	25829003	25829150	EDC4	XM_055298639.2	-	1	25829150	25829253	102	3
NC_072433.2	25882141	25882561	-1	1	-	NC_072433.2	25882354	25882513	25882148	25882278	TSNAXIP1	XM_055297577.2	-	1	25882278	25882354	75	4
NC_072433.2	25882141	25882561	-1	1	-	NC_072433.2	25882354	25882402	25882148	25882278	TSNAXIP1	XM_055297582.2	-	1	25882278	25882354	75	1
NC_072433.2	25882141	25882561	-1	1	-	NC_072433.2	25882354	25882534	25882148	25882278	TSNAXIP1	XM_063611743.1	-	1	25882278	25882354	75	2
NC_072433.2	26066364	26067150	-2	1	-	NC_072433.2	26066835	26067056	26066601	26066681	CARMIL2	XM_055298046.2	-	2	26066681	26066835	153	2
NC_072433.2	26067251	26067587	-3	1	-	NC_072433.2	26067413	26067449	26067252	26067286	CARMIL2	XM_055298049.2	-	3	26067286	26067413	126	1
NC_072433.2	26070916	26071402	-1	1	-	NC_072433.2	26071157	26071297	26070958	26071024	CARMIL2	XM_055298046.2	-	1	26071024	26071157	132	4
NC_072433.2	26074578	26075424	-2	1	-	NC_072433.2	26075003	26075107	26074753	26074822	CARMIL2	XM_055298046.2	-	2	26074822	26075003	180	4
NC_072433.2	26075495	26075885	-3	1	-	NC_072433.2	26075738	26075824	26075547	26075659	CARMIL2	XM_055298046.2	-	3	26075659	26075738	78	4
NC_072433.2	26181172	26181673	-1	1	-	NC_072433.2	26181505	26181640	26181217	26181378	RIPOR1	XM_055233417.2	-	1	26181378	26181505	126	10
NC_072433.2	26183051	26184860	-3	1	-	NC_072433.2	26184618	26184747	26183073	26184533	RIPOR1	XM_055233417.2	-	3	26184533	26184618	84	8
NC_072433.2	26183051	26184860	-3	1	-	NC_072433.2	26184618	26184747	26183721	26184533	RIPOR1	XM_055233421.2	-	3	26184533	26184618	84	2
NC_072433.2	26183051	26184860	-3	1	-	NC_072433.2	26183721	26184533	26183073	26183657	RIPOR1	XM_055233421.2	-	3	26183657	26183721	63	2
NC_072433.2	26186265	26186502	-2	1	-	NC_072433.2	26186409	26186472	26186269	26186312	RIPOR1	XM_055233417.2	-	2	26186312	26186409	96	10
NC_072433.2	26291603	26292167	3	1	+	NC_072433.2	26291658	26291735	26291862	26292038	ATP6V0D1	XM_055298591.2	+	3	26291735	26291862	126	1
NC_072433.2	26294741	26295380	-3	1	-	NC_072433.2	26295161	26295346	26294918	26295055	HSD11B2	XM_055298586.1	-	3	26295055	26295161	105	1
NC_072433.2	26438263	26438605	-1	1	-	NC_072433.2	26438465	26438580	26438264	26438266	PLEKHG4	XM_055298530.2	-	1	26438266	26438465	198	3
NC_072433.2	26440150	26440798	-1	1	-	NC_072433.2	26440709	26440798	26440406	26440627	PLEKHG4	XM_055298530.2	-	1	26440627	26440709	81	3
NC_072433.2	26444726	26445158	-3	1	-	NC_072433.2	26444970	26445068	26444728	26444876	PLEKHG4	XM_055298530.2	-	3	26444876	26444970	93	3
NC_072433.2	26445997	26446468	-1	1	-	NC_072433.2	26446264	26446359	26446065	26446188	PLEKHG4	XM_055298530.2	-	1	26446188	26446264	75	2
NC_072433.2	26494739	26495498	3	1	+	NC_072433.2	26494778	26494970	26495058	26495220	FHOD1	XM_055298532.2	+	3	26494970	26495058	87	5
NC_072433.2	26494739	26495498	3	1	+	NC_072433.2	26495058	26495220	26495296	26495493	FHOD1	XM_055298532.2	+	3	26495220	26495296	75	5
NC_072433.2	26521840	26522518	-1	1	-	NC_072433.2	26522362	26522466	26522186	26522268	ELMO3	XM_055298544.2	-	1	26522268	26522362	93	2
NC_072433.2	26521840	26522518	-1	1	-	NC_072433.2	26522186	26522268	26522012	26522098	ELMO3	XM_055298544.2	-	1	26522098	26522186	87	2
NC_072433.2	26521840	26522518	-1	1	-	NC_072433.2	26522186	26522466	26522012	26522098	ELMO3	XM_063611741.1	-	1	26522098	26522186	87	1
NC_072433.2	26523173	26523620	-3	1	-	NC_072433.2	26523495	26523596	26523290	26523398	ELMO3	XM_055298544.2	-	3	26523398	26523495	96	3
NC_072433.2	26540025	26540442	1	1	+	NC_072433.2	26540049	26540178	26540281	26540403	EXOC3L1	XM_055298545.2	+	1	26540178	26540281	102	7
NC_072433.2	26544707	26545799	3	1	+	NC_072433.2	26544868	26545493	26545575	26545718	MATCAP1	XM_055298560.2	+	3	26545493	26545575	81	1
NC_072433.2	26544707	26545799	3	1	+	NC_072433.2	26544924	26545493	26545575	26545718	MATCAP1	XM_055298562.2	+	3	26545493	26545575	81	1
NC_072433.2	26557986	26558475	-2	1	-	NC_072433.2	26558337	26558475	26557988	26558111	HSF4	XM_055298558.2	-	2	26558111	26558337	225	1
NC_072433.2	26559726	26560389	-2	1	-	NC_072433.2	26560087	26560214	26559863	26559987	HSF4	XM_055298557.2	-	2	26559987	26560087	99	3
NC_072433.2	35274977	35275430	-3	1	-	NC_072433.2	35275211	35275355	35274979	35275120	SETD6	XM_055299300.2	-	3	35275120	35275211	90	2
NC_072433.2	36041781	36042429	-2	1	-	NC_072433.2	36042166	36042233	36041923	36042042	KATNB1	XM_055298038.2	-	2	36042042	36042166	123	9
NC_072433.2	36044088	36044670	-2	1	-	NC_072433.2	36044561	36044632	36044233	36044383	KATNB1	XM_055298038.2	-	2	36044383	36044561	177	9
NC_072433.2	53187598	53188030	-1	1	-	NC_072433.2	53187854	53187961	53187665	53187742	ITGAD	XM_055298197.2	-	1	53187742	53187854	111	2
NC_072433.2	53213232	53213619	-2	1	-	NC_072433.2	53213521	53213591	53213280	53213394	ITGAD	XM_055298197.2	-	2	53213394	53213521	126	2
NC_072433.2	53230081	53230567	-1	1	-	NC_072433.2	53230313	53230420	53230112	53230195	ITGAX	XM_055297844.2	-	1	53230195	53230313	117	11
NC_072433.2	53235498	53235780	-2	1	-	NC_072433.2	53235664	53235780	53235500	53235579	ITGAX	XM_055297844.2	-	2	53235579	53235664	84	11
NC_072433.2	53254595	53255192	-3	1	-	NC_072433.2	53255052	53255122	53254790	53254901	ITGAX	XM_055297844.2	-	3	53254901	53255052	150	10
NC_072433.2	53254595	53255192	-3	1	-	NC_072433.2	53255052	53255144	53254790	53254901	ITGAX	XM_063611913.1	-	3	53254901	53255052	150	1
NC_072433.2	53514647	53515097	-3	1	-	NC_072433.2	53515007	53515081	53514753	53514928	KAT8	XM_055298113.2	-	3	53514928	53515007	78	2
NC_072433.2	53526205	53526790	-1	1	-	NC_072433.2	53526461	53526508	53526263	53526382	BCKDK	XM_055298115.2	-	1	53526382	53526461	78	2
NC_072433.2	53526788	53527067	-3	1	-	NC_072433.2	53526999	53527067	53526795	53526905	BCKDK	XM_055298115.2	-	3	53526905	53526999	93	2
NC_072433.2	53601739	53602072	-1	1	-	NC_072433.2	53601956	53602057	53601745	53601844	STX4	XM_055298873.2	-	1	53601844	53601956	111	1
NC_072433.2	53881837	53882284	-1	1	-	NC_072433.2	53882072	53882218	53881892	53881966	RNF40	XM_055298806.2	-	1	53881966	53882072	105	5
NC_072433.2	53935549	53936245	-1	1	-	NC_072433.2	53935999	53936172	53935586	53935908	SRCAP	XM_055298789.2	-	1	53935908	53935999	90	10
NC_072433.2	54052814	54053621	3	1	+	NC_072433.2	54053097	54053301	54053500	54053613	ZNF689	XM_055298832.2	+	3	54053301	54053500	198	1
NC_072433.2	54178710	54179253	-2	1	-	NC_072433.2	54179032	54179105	54178800	54178932	ITGAL	XM_055298803.2	-	2	54178932	54179032	99	3
NC_072433.2	54291295	54291604	-1	1	-	NC_072433.2	54291491	54291539	54291296	54291397	MYL11	XM_055298900.2	-	1	54291397	54291491	93	2
NC_072433.2	54561521	54561872	3	1	+	NC_072433.2	54561522	54561645	54561724	54561855	MVP	XM_055233064.2	+	3	54561645	54561724	78	4
NC_072433.2	54860735	54861266	-3	1	-	NC_072433.2	54861054	54861172	54860880	54860969	GDPD3	XM_055297628.2	-	3	54860969	54861054	84	1
NC_072433.2	55074276	55074807	1	1	+	NC_072433.2	55074416	55074588	55074673	55074771	IL27	XM_055298320.2	+	1	55074588	55074673	84	1
NC_072433.2	55079783	55083137	-3	1	-	NC_072433.2	55082106	55083137	55080138	55082003	APOBR	XM_055298262.2	-	3	55082003	55082106	102	1
NC_072433.2	55079783	55083137	-3	1	-	NC_072433.2	55080138	55082003	55079785	55080053	APOBR	XM_055298262.2	-	3	55080053	55080138	84	2
NC_072433.2	55079783	55083137	-3	1	-	NC_072433.2	55080138	55083137	55079785	55080089	APOBR	XM_063611977.1	-	3	55080089	55080138	48	1
NC_072433.2	55079783	55083137	-3	1	-	NC_072433.2	55080138	55083137	55079785	55080053	APOBR	XM_063611978.1	-	3	55080053	55080138	84	1
NC_072433.2	55079783	55083137	-3	1	-	NC_072433.2	55082133	55083137	55080138	55082003	APOBR	XM_063611979.1	-	3	55082003	55082133	129	1
NC_072433.2	55205606	55206131	3	1	+	NC_072433.2	55205620	55205795	55206000	55206087	ATXN2L	XM_055298259.2	+	3	55205795	55206000	204	1
NC_072433.2	55209537	55210161	1	1	+	NC_072433.2	55209637	55209709	55209800	55209987	ATXN2L	XM_055298224.2	+	1	55209709	55209800	90	46
NC_072433.2	55210291	55210777	2	1	+	NC_072433.2	55210352	55210481	55210572	55210693	ATXN2L	XM_055298224.2	+	2	55210481	55210572	90	46
NC_072433.2	55282284	55282668	-2	1	-	NC_072433.2	55282599	55282610	55282438	55282493	RABEP2	XM_055298276.2	-	2	55282493	55282599	105	2
NC_072433.2	55336536	55336989	1	1	+	NC_072433.2	55336537	55336681	55336811	55336920	NFATC2IP	XM_055298296.2	+	1	55336681	55336811	129	2
NC_072433.2	55363791	55364127	1	1	+	NC_072433.2	55363804	55363903	55364099	55364126	LAT	XM_055298906.2	+	1	55363903	55364099	195	5
NC_072433.2	60050287	60050698	-1	1	-	NC_072433.2	60050540	60050662	60050288	60050338	CHP2	XM_055232763.2	-	1	60050338	60050540	201	1
NC_072433.2	60249293	60250214	-3	1	-	NC_072433.2	60250062	60250127	60249602	60249707	UBFD1	XM_055232759.2	-	3	60249707	60250062	354	3
NC_072433.2	60282913	60283480	2	1	+	NC_072433.2	60283084	60283237	60283349	60283479	EARS2	XM_055232755.2	+	2	60283237	60283349	111	6
NC_072433.2	61656169	61656766	-1	1	-	NC_072433.2	61656634	61656766	61656248	61656375	EEF2K	XM_055232642.2	-	1	61656375	61656634	258	7
NC_072433.2	86234812	86235367	-1	1	-	NC_072433.2	86235192	86235341	86234821	86235092	CHD1	XM_055297569.2	-	1	86235092	86235192	99	2
NC_072434.2	13540766	13541363	3	1	+	NC_072434.2	13540790	13540950	13541065	13541285	LAMB3	XM_055235153.2	+	3	13540950	13541065	114	6
NC_072434.2	15452630	15453194	-1	1	-	NC_072434.2	15452819	15452995	15452632	15452734	CR1L	XM_055234580.2	-	1	15452734	15452819	84	1
NC_072434.2	15644881	15645286	-2	1	-	NC_072434.2	15645067	15645255	15644883	15644982	CR2	XM_055234577.2	-	2	15644982	15645067	84	3
NC_072434.2	17963705	17964407	-1	1	-	NC_072434.2	17964238	17964388	17963960	17964087	CNTN2	XM_055234102.2	-	1	17964087	17964238	150	2
NC_072434.2	21813941	21821579	-1	1	-	NC_072434.2	21821515	21821566	21813977	21814092	IGFN1	XM_055234452.2	-	1	21814092	21821515	7422	1
NC_072434.2	21958564	21959110	2	1	+	NC_072434.2	21958606	21958735	21959009	21959068	CACNA1S	XM_055233618.1	+	2	21958735	21959009	273	1
NC_072434.2	21961679	21962486	3	1	+	NC_072434.2	21961868	21961955	21962238	21962345	CACNA1S	XM_055233618.1	+	3	21961955	21962238	282	1
NC_072434.2	22022102	22022567	3	1	+	NC_072434.2	22022169	22022318	22022421	22022555	KIF21B	XM_055233846.2	+	3	22022318	22022421	102	8
NC_072434.2	22037597	22038452	3	1	+	NC_072434.2	22037720	22037867	22038111	22038305	KIF21B	XM_055233846.2	+	3	22037867	22038111	243	8
NC_072434.2	36369744	36370149	1	1	+	NC_072434.2	36369745	36369882	36369973	36370104	TPR	XM_055234976.2	+	1	36369882	36369973	90	2
NC_072434.2	36585515	36585965	-1	1	-	NC_072434.2	36585788	36585925	36585521	36585655	HMCN1	XM_055234444.1	-	1	36585655	36585788	132	1
NC_072434.2	37387637	37388147	3	1	+	NC_072434.2	37387699	37387830	37387951	37388124	IVNS1ABP	XM_055235293.2	+	3	37387830	37387951	120	2
NC_072434.2	39484953	39485514	-3	1	-	NC_072434.2	39485152	39485310	39484959	39485058	LAMC2	XM_055234615.2	-	3	39485058	39485152	93	1
NC_072434.2	42451055	42451505	-1	1	-	NC_072434.2	42451445	42451501	42451059	42451246	ECHDC2	XM_055235255.2	-	1	42451246	42451445	198	9
NC_072434.2	42451055	42451505	-1	1	-	NC_072434.2	42451445	42451501	42451059	42451183	ECHDC2	XM_055235257.2	-	1	42451183	42451445	261	2
NC_072434.2	47822921	47823347	3	1	+	NC_072434.2	47822964	47823114	47823226	47823320	JAK1	XM_055234907.2	+	3	47823114	47823226	111	13
NC_072434.2	67718642	67719023	3	1	+	NC_072434.2	67718722	67718790	67718920	67718999	MIA3	XM_055234985.2	+	3	67718790	67718920	129	6
NC_072434.2	70447638	70447839	-3	1	-	NC_072434.2	70447735	70447827	70447701	70447701	PYCR2	XM_063613421.1	-	3	70447701	70447735	33	1
NC_072434.2	72505487	72505889	-1	1	-	NC_072434.2	72505724	72505817	72505489	72505639	C19H1orf35	XM_055234451.2	-	1	72505639	72505724	84	1
NC_072434.2	72614845	72617200	2	1	+	NC_072434.2	72614945	72615932	72616596	72616865	OBSCN	XM_055233742.2	+	2	72615932	72616596	663	4
NC_072434.2	72680854	72681577	2	1	+	NC_072434.2	72680970	72681131	72681219	72681323	OBSCN	XM_055233742.2	+	2	72681131	72681219	87	2
NC_072434.2	72695883	72697413	1	1	+	NC_072434.2	72696212	72696475	72697043	72697306	OBSCN	XM_055233742.2	+	1	72696475	72697043	567	4
NC_072434.2	72740496	72741144	1	1	+	NC_072434.2	72740657	72740779	72740897	72741036	OBSCN	XM_055233742.2	+	1	72740779	72740897	117	4
NC_072434.2	72773068	72773707	2	1	+	NC_072434.2	72773147	72773224	72773534	72773706	OBSCN	XM_055233742.2	+	2	72773224	72773534	309	3
NC_072434.2	75443629	75443980	-2	1	-	NC_072434.2	75443861	75443939	75443631	75443710	TTC13	XM_055235398.2	-	2	75443710	75443861	150	12
NC_072434.2	92504670	92505012	-3	1	-	NC_072434.2	92504872	92504957	92504691	92504790	ZNF692	XM_055233902.2	-	3	92504790	92504872	81	2
NC_072435.2	102570404	102570665	-1	1	-	NC_072435.2	102570584	102570655	102570406	102570505	CRY1	XM_055236780.2	-	1	102570505	102570584	78	1
NC_072435.2	102570404	102570665	-1	1	-	NC_072435.2	102570584	102570655	102570406	102570502	CRY1	XM_055236781.2	-	1	102570502	102570584	81	1
NC_072435.2	102570404	102570665	-1	1	-	NC_072435.2	102570584	102570655	102570406	102570481	CRY1	XM_055236782.2	-	1	102570481	102570584	102	1
NC_072435.2	104094835	104095189	-2	1	-	NC_072435.2	104095087	104095164	104094893	104094951	SART3	XM_055236338.2	-	2	104094951	104095087	135	3
NC_072435.2	105909100	105909619	2	1	+	NC_072435.2	105909151	105909268	105909353	105909619	ATP2A2	XM_055236363.2	+	2	105909268	105909353	84	2
NC_072435.2	105909100	105909619	2	1	+	NC_072435.2	105909151	105909268	105909353	105909473	ATP2A2	XM_055236364.2	+	2	105909268	105909353	84	1
NC_072435.2	107794411	107795161	-2	1	-	NC_072435.2	107794970	107795073	107794472	107794693	HECTD4	XM_055237547.2	-	2	107794693	107794970	276	4
NC_072435.2	107794411	107795161	-2	1	-	NC_072435.2	107794970	107795073	107794472	107794840	HECTD4	XM_063614385.1	-	2	107794840	107794970	129	6
NC_072435.2	108646344	108646725	1	1	+	NC_072435.2	108646386	108646533	108646690	108646725	OAS3	XM_063614533.1	+	1	108646533	108646690	156	2
NC_072435.2	108772146	108772833	1	1	+	NC_072435.2	108772195	108772353	108772447	108772608	DTX1	XM_055238311.2	+	1	108772353	108772447	93	1
NC_072435.2	108772146	108772833	1	1	+	NC_072435.2	108772447	108772608	108772729	108772818	DTX1	XM_055238311.2	+	1	108772608	108772729	120	1
NC_072435.2	108843758	108844220	-1	1	-	NC_072435.2	108843968	108844198	108843810	108843883	DDX54	XM_055238300.2	-	1	108843883	108843968	84	1
NC_072435.2	108955608	108956136	1	1	+	NC_072435.2	108955690	108955806	108956011	108956135	TPCN1	XM_055238295.2	+	1	108955806	108956011	204	5
NC_072435.2	115784011	115784467	-2	1	-	NC_072435.2	115784299	115784423	115784078	115784202	RAB35	XM_055235758.2	-	2	115784202	115784299	96	1
NC_072435.2	115886064	115886481	-3	1	-	NC_072435.2	115886380	115886467	115886116	115886262	RPLP0	XM_055237620.2	-	3	115886262	115886380	117	1
NC_072435.2	116065301	116066087	-1	1	-	NC_072435.2	116065597	116065655	116065397	116065437	MSI1	XM_055237793.2	-	1	116065437	116065597	159	4
NC_072435.2	116460174	116460945	1	1	+	NC_072435.2	116460175	116460286	116460656	116460807	ACADS	XM_055237775.2	+	1	116460286	116460656	369	7
NC_072435.2	117186134	117187058	-1	1	-	NC_072435.2	117186699	117186785	117186261	117186521	KDM2B	XM_055236927.2	-	1	117186521	117186699	177	12
NC_072435.2	117186134	117187058	-1	1	-	NC_072435.2	117186698	117186785	117186261	117186529	KDM2B	XM_063614625.1	-	1	117186529	117186698	168	7
NC_072435.2	117555638	117556646	3	1	+	NC_072435.2	117555837	117556010	117556218	117556316	SETD1B	XM_055236923.2	+	3	117556010	117556218	207	3
NC_072435.2	117567973	117568852	2	1	+	NC_072435.2	117568097	117568358	117568434	117568756	SETD1B	XM_055236923.2	+	2	117568358	117568434	75	3
NC_072435.2	117579042	117579615	1	1	+	NC_072435.2	117579085	117579204	117579283	117579420	SETD1B	XM_055236923.2	+	1	117579204	117579283	78	3
NC_072435.2	117929405	117930314	-1	1	-	NC_072435.2	117930164	117930179	117929850	117929998	IL31	XM_055236997.1	-	1	117929998	117930164	165	1
NC_072435.2	118604096	118604636	3	1	+	NC_072435.2	118604129	118604201	118604325	118604508	HIP1R	XM_055237973.2	+	3	118604201	118604325	123	3
NC_072435.2	118604096	118604636	3	1	+	NC_072435.2	118604114	118604201	118604325	118604508	HIP1R	XM_063614657.1	+	3	118604201	118604325	123	2
NC_072435.2	118606311	118607199	1	1	+	NC_072435.2	118606420	118606567	118606667	118606753	HIP1R	XM_055237973.2	+	1	118606567	118606667	99	5
NC_072435.2	118609402	118610023	2	1	+	NC_072435.2	118609536	118609597	118609718	118609924	HIP1R	XM_055237973.2	+	2	118609597	118609718	120	5
NC_072435.2	118738468	118739518	-2	1	-	NC_072435.2	118739123	118739306	118738913	118739041	PITPNM2	XM_055237957.2	-	2	118739041	118739123	81	1
NC_072435.2	118738468	118739518	-2	1	-	NC_072435.2	118739123	118739306	118738913	118738960	PITPNM2	XM_063614623.1	-	2	118738960	118739123	162	1
NC_072435.2	119174261	119175476	3	1	+	NC_072435.2	119175193	119175208	119175299	119175314	KMT5A	XM_055238007.2	+	3	119175208	119175299	90	1
NC_072435.2	120760754	120761177	-1	1	-	NC_072435.2	120761018	120761142	120760811	120760927	DHX37	XM_055236222.2	-	1	120760927	120761018	90	3
NC_072435.2	126042630	126043122	1	1	+	NC_072435.2	126042658	126042784	126043004	126043121	PIWIL1	XM_055235670.2	+	1	126042784	126043004	219	8
NC_072435.2	127420646	127421387	3	1	+	NC_072435.2	127420805	127420887	127420984	127421136	MMP17	XM_055237826.2	+	3	127420887	127420984	96	3
NC_072435.2	127478927	127479515	3	1	+	NC_072435.2	127478944	127479017	127479168	127479269	ULK1	XM_055236785.2	+	3	127479017	127479168	150	4
NC_072435.2	127487275	127487818	2	1	+	NC_072435.2	127487299	127487408	127487658	127487801	ULK1	XM_055236785.2	+	2	127487408	127487658	249	4
NC_072435.2	127490828	127491251	3	1	+	NC_072435.2	127490991	127491126	127491199	127491251	ULK1	XM_055236785.2	+	3	127491126	127491199	72	4
NC_072435.2	127715504	127716164	3	1	+	NC_072435.2	127715754	127715903	127716000	127716099	NOC4L	XM_055239758.2	+	3	127715903	127716000	96	4
NC_072435.2	127715504	127716164	3	1	+	NC_072435.2	127715811	127715903	127716000	127716099	NOC4L	XM_055239762.2	+	3	127715903	127716000	96	1
NC_072435.2	127716563	127717007	3	1	+	NC_072435.2	127716717	127716767	127716858	127716969	NOC4L	XM_055239758.2	+	3	127716767	127716858	90	2
NC_072435.2	127716563	127717007	3	1	+	NC_072435.2	127716700	127716767	127716858	127716969	NOC4L	XM_055239759.2	+	3	127716767	127716858	90	1
NC_072435.2	127716563	127717007	3	1	+	NC_072435.2	127716717	127716767	127716918	127716969	NOC4L	XM_055239763.2	+	3	127716767	127716918	150	1
NC_072435.2	127717928	127718792	3	1	+	NC_072435.2	127718478	127718591	127718676	127718792	NOC4L	XM_055239758.2	+	3	127718591	127718676	84	5
NC_072435.2	128118730	128119735	2	1	+	NC_072435.2	128118825	128119140	128119234	128119439	FBRSL1	XM_055238085.2	+	2	128119140	128119234	93	11
NC_072435.2	128118730	128119735	2	1	+	NC_072435.2	128118825	128119140	128119237	128119439	FBRSL1	XM_055238087.2	+	2	128119140	128119237	96	1
NC_072435.2	128182423	128183311	2	1	+	NC_072435.2	128182594	128182684	128182814	128183311	P2RX2	XM_055238103.1	+	2	128182684	128182814	129	1
NC_072435.2	128182423	128183311	2	1	+	NC_072435.2	128182594	128182684	128182814	128182879	P2RX2	XM_055238104.1	+	2	128182684	128182814	129	5
NC_072435.2	128182423	128183311	2	1	+	NC_072435.2	128182814	128182879	128182958	128183311	P2RX2	XM_055238104.1	+	2	128182879	128182958	78	4
NC_072435.2	128182423	128183311	2	1	+	NC_072435.2	128182814	128182879	128182958	128183035	P2RX2	XM_055238107.1	+	2	128182879	128182958	78	1
NC_072435.2	128182423	128183311	2	1	+	NC_072435.2	128182958	128183035	128183237	128183311	P2RX2	XM_055238107.1	+	2	128183035	128183237	201	1
NC_072435.2	128214750	128215320	-3	1	-	NC_072435.2	128215048	128215128	128214835	128214957	POLE	XM_055238083.2	-	3	128214957	128215048	90	2
NC_072435.2	128226218	128226767	-1	1	-	NC_072435.2	128226644	128226746	128226359	128226505	POLE	XM_055238083.2	-	1	128226505	128226644	138	2
NC_072435.2	20051765	20052233	3	1	+	NC_072435.2	20051847	20051977	20052065	20052126	CHMP2A	XM_055239090.2	+	3	20051977	20052065	87	4
NC_072435.2	20053707	20054094	-3	1	-	NC_072435.2	20054008	20054094	20053762	20053899	TRIM28	XM_055239071.2	-	3	20053899	20054008	108	1
NC_072435.2	20055179	20055803	-1	1	-	NC_072435.2	20055450	20055556	20055269	20055305	TRIM28	XM_055239071.2	-	1	20055305	20055450	144	1
NC_072435.2	20058111	20058609	-3	1	-	NC_072435.2	20058472	20058584	20058117	20058249	TRIM28	XM_055239071.2	-	3	20058249	20058472	222	1
NC_072435.2	20105872	20106568	2	1	+	NC_072435.2	20105937	20106135	20106412	20106509	SLC27A5	XM_055239078.1	+	2	20106135	20106412	276	2
NC_072435.2	20638540	20639014	2	1	+	NC_072435.2	20638562	20638682	20638791	20638895	C13H19orf18	XM_055239957.2	+	2	20638682	20638791	108	1
NC_072435.2	22107496	22107931	-2	1	-	NC_072435.2	22107805	22107931	22107592	22107687	ZNF470	XM_055237610.2	-	2	22107687	22107805	117	3
NC_072435.2	22107496	22107931	-2	1	-	NC_072435.2	22107805	22107838	22107592	22107687	ZNF470	XM_055237612.2	-	2	22107687	22107805	117	2
NC_072435.2	22951316	22952030	-1	1	-	NC_072435.2	22951685	22951942	22951317	22951522	EPN1	XM_055237679.2	-	1	22951522	22951685	162	11
NC_072435.2	23161025	23161865	-1	1	-	NC_072435.2	23161439	23161747	23161106	23161219	SSC5D	XM_055237668.2	-	1	23161219	23161439	219	2
NC_072435.2	23350936	23351308	-2	1	-	NC_072435.2	23351117	23351150	23350967	23351035	BRSK1	XM_055236718.1	-	2	23351035	23351117	81	2
NC_072435.2	23411415	23411745	1	1	+	NC_072435.2	23411476	23411565	23411647	23411744	PPP6R1	XM_055235623.2	+	1	23411565	23411647	81	5
NC_072435.2	23593655	23594096	3	1	+	NC_072435.2	23593747	23593832	23594055	23594095	PPP1R12C	XM_055236554.2	+	3	23593832	23594055	222	1
NC_072435.2	23593655	23594096	3	1	+	NC_072435.2	23593750	23593832	23594055	23594095	PPP1R12C	XM_055236555.2	+	3	23593832	23594055	222	2
NC_072435.2	23865387	23865762	-3	1	-	NC_072435.2	23865658	23865710	23865388	23865564	LOC129460674	XM_063615449.1	-	3	23865564	23865658	93	5
NC_072435.2	23930025	23930412	-3	1	-	NC_072435.2	23930323	23930375	23930026	23930214	LOC129460710	XM_055238975.2	-	3	23930214	23930323	108	1
NC_072435.2	24172335	24173124	1	1	+	NC_072435.2	24172361	24172642	24172790	24173092	LOC129460680	XM_055238887.2	+	1	24172642	24172790	147	1
NC_072435.2	24185698	24186589	2	1	+	NC_072435.2	24185787	24186071	24186219	24186521	LOC129460676	XM_055238856.2	+	2	24186071	24186219	147	12
NC_072435.2	24185698	24186589	2	1	+	NC_072435.2	24185787	24186071	24186219	24186280	LOC129460676	XM_055238871.2	+	2	24186071	24186219	147	11
NC_072435.2	24262948	24263569	-2	1	-	NC_072435.2	24263158	24263545	24262950	24263073	CNOT3	XM_055238816.2	-	2	24263073	24263158	84	14
NC_072435.2	24496943	24498608	-1	1	-	NC_072435.2	24497376	24497516	24496945	24497129	PRKCG	XM_055238845.2	-	1	24497129	24497376	246	1
NC_072435.2	25129083	25130022	-3	1	-	NC_072435.2	25129836	25130010	25129084	25129796	LOC129459311	XM_055235913.2	-	3	25129796	25129836	39	1
NC_072435.2	27490749	27491157	-3	1	-	NC_072435.2	27490941	27491119	27490750	27490862	ACP4	XM_055238079.2	-	3	27490862	27490941	78	1
NC_072435.2	27493545	27493977	-3	1	-	NC_072435.2	27493744	27493842	27493576	27493671	ACP4	XM_055238079.2	-	3	27493671	27493744	72	1
NC_072435.2	27577381	27578083	2	1	+	NC_072435.2	27577415	27577669	27577856	27578059	SHANK1	XM_055235995.2	+	2	27577669	27577856	186	4
NC_072435.2	27779933	27780539	3	1	+	NC_072435.2	27780087	27780236	27780318	27780538	ASPDH	XM_055239501.2	+	3	27780236	27780318	81	1
NC_072435.2	27830127	27830790	-3	1	-	NC_072435.2	27830631	27830790	27830293	27830429	MYBPC2	XM_055239492.2	-	3	27830429	27830631	201	6
NC_072435.2	27879780	27880350	-3	1	-	NC_072435.2	27880240	27880335	27879889	27880026	POLD1	XM_055239493.2	-	3	27880026	27880240	213	2
NC_072435.2	27886662	27887520	-3	1	-	NC_072435.2	27886903	27887094	27886664	27886752	POLD1	XM_055239493.2	-	3	27886752	27886903	150	2
NC_072435.2	28029892	28030867	-2	1	-	NC_072435.2	28030751	28030820	28029951	28030111	MYH14	XM_055237047.2	-	2	28030111	28030751	639	7
NC_072435.2	28340652	28341192	-3	1	-	NC_072435.2	28341034	28341131	28340761	28340877	TBC1D17	XM_055238414.2	-	3	28340877	28341034	156	3
NC_072435.2	28373564	28374635	-1	1	-	NC_072435.2	28373757	28373894	28373566	28373648	PTOV1	XM_055236584.2	-	1	28373648	28373757	108	7
NC_072435.2	28393233	28394151	-3	1	-	NC_072435.2	28393846	28394037	28393396	28393467	MED25	XM_055236755.2	-	3	28393467	28393846	378	4
NC_072435.2	28396881	28397322	-3	1	-	NC_072435.2	28397194	28397251	28396936	28397043	MED25	XM_055236755.2	-	3	28397043	28397194	150	4
NC_072435.2	28573243	28573975	2	1	+	NC_072435.2	28573301	28573493	28573590	28573970	IRF3	XM_055237299.1	+	2	28573493	28573590	96	5
NC_072435.2	28611849	28612254	-3	1	-	NC_072435.2	28612026	28612206	28611850	28611911	PRR12	XM_063615694.1	-	3	28611911	28612026	114	1
NC_072435.2	28641257	28644896	-1	1	-	NC_072435.2	28644683	28644844	28641285	28644601	PRR12	XM_055237257.2	-	1	28644601	28644683	81	2
NC_072435.2	28679328	28680141	1	1	+	NC_072435.2	28679440	28679599	28679696	28679814	NOSIP	XM_055237331.2	+	1	28679599	28679696	96	2
NC_072435.2	28679328	28680141	1	1	+	NC_072435.2	28679696	28679814	28679953	28680140	NOSIP	XM_055237331.2	+	1	28679814	28679953	138	3
NC_072435.2	28679328	28680141	1	1	+	NC_072435.2	28679440	28679608	28679696	28679814	NOSIP	XM_063615737.1	+	1	28679608	28679696	87	1
NC_072435.2	28746052	28746628	-2	1	-	NC_072435.2	28746505	28746580	28746054	28746183	RPS11	XM_055237347.2	-	2	28746183	28746505	321	1
NC_072435.2	28764909	28765359	-3	1	-	NC_072435.2	28765030	28765208	28764910	28764954	FLT3LG	XM_055237310.2	-	3	28764954	28765030	75	8
NC_072435.2	28781673	28782111	-3	1	-	NC_072435.2	28781941	28782046	28781675	28781805	ALDH16A1	XM_055237272.2	-	3	28781805	28781941	135	2
NC_072435.2	28814600	28815476	3	1	+	NC_072435.2	28814992	28815102	28815298	28815425	SLC17A7	XM_055237296.2	+	3	28815102	28815298	195	2
NC_072435.2	28896832	28897147	2	1	+	NC_072435.2	28896875	28896991	28897088	28897146	TEAD2	XM_055237161.2	+	2	28896991	28897088	96	6
NC_072435.2	28896832	28897147	2	1	+	NC_072435.2	28896875	28896982	28897088	28897146	TEAD2	XM_055237162.2	+	2	28896982	28897088	105	3
NC_072435.2	28896832	28897147	2	1	+	NC_072435.2	28896956	28896991	28897088	28897146	TEAD2	XM_063615727.1	+	2	28896991	28897088	96	1
NC_072435.2	28896832	28897147	2	1	+	NC_072435.2	28896956	28896982	28897088	28897146	TEAD2	XM_063615728.1	+	2	28896982	28897088	105	1
NC_072435.2	29041338	29041755	-3	1	-	NC_072435.2	29041566	29041671	29041339	29041340	TRPM4	XM_055240339.2	-	3	29041340	29041566	225	10
NC_072435.2	29070573	29071347	-3	1	-	NC_072435.2	29070967	29071311	29070676	29070810	TRPM4	XM_055240339.2	-	3	29070810	29070967	156	8
NC_072435.2	29070573	29071347	-3	1	-	NC_072435.2	29070967	29071287	29070676	29070810	TRPM4	XM_055240346.2	-	3	29070810	29070967	156	1
NC_072435.2	29098134	29100276	1	1	+	NC_072435.2	29098399	29100121	29100197	29100267	HRC	XM_055240350.2	+	1	29100121	29100197	75	1
NC_072435.2	29113472	29114078	-1	1	-	NC_072435.2	29113882	29114045	29113625	29113752	PPFIA3	XM_055240348.2	-	1	29113752	29113882	129	2
NC_072435.2	29458665	29459112	1	1	+	NC_072435.2	29458687	29458806	29458948	29459111	BCAT2	XM_055235882.2	+	1	29458806	29458948	141	6
NC_072435.2	29461699	29462404	2	1	+	NC_072435.2	29462039	29462179	29462255	29462329	BCAT2	XM_055235882.2	+	2	29462179	29462255	75	4
NC_072435.2	29461699	29462404	2	1	+	NC_072435.2	29462039	29462179	29462255	29462404	BCAT2	XM_063615918.1	+	2	29462179	29462255	75	2
NC_072435.2	29541663	29542458	1	1	+	NC_072435.2	29541837	29541939	29542183	29542377	MAMSTR	XM_055235880.2	+	1	29541939	29542183	243	1
NC_072435.2	29614754	29615261	3	1	+	NC_072435.2	29614917	29614989	29615080	29615234	CA11	XM_055235895.2	+	3	29614989	29615080	90	1
NC_072435.2	29961597	29961960	1	1	+	NC_072435.2	29961620	29961783	29961862	29961959	ODAD1	XM_055235829.2	+	1	29961783	29961862	78	12
NC_072435.2	30136093	30136654	2	1	+	NC_072435.2	30136216	30136307	30136554	30136653	LIG1	XM_055235821.2	+	2	30136307	30136554	246	5
NC_072435.2	30849341	30850058	3	1	+	NC_072435.2	30849615	30849665	30849849	30849998	MEIS3	XM_055240129.2	+	3	30849665	30849849	183	2
NC_072435.2	30849341	30850058	3	1	+	NC_072435.2	30849615	30849665	30849900	30849998	MEIS3	XM_055240131.2	+	3	30849665	30849900	234	1
NC_072435.2	30993106	30994147	-2	1	-	NC_072435.2	30994015	30994091	30993780	30993915	CCDC9	XM_055240119.2	-	2	30993915	30994015	99	10
NC_072435.2	30993106	30994147	-2	1	-	NC_072435.2	30993780	30993915	30993281	30993386	CCDC9	XM_055240119.2	-	2	30993386	30993780	393	14
NC_072435.2	30993106	30994147	-2	1	-	NC_072435.2	30994015	30994061	30993780	30993915	CCDC9	XM_063615816.1	-	2	30993915	30994015	99	4
NC_072435.2	31003474	31004452	-2	1	-	NC_072435.2	31004351	31004452	31003934	31004185	CCDC9	XM_055240119.2	-	2	31004185	31004351	165	13
NC_072435.2	31182450	31182816	1	1	+	NC_072435.2	31182599	31182714	31182805	31182816	LOC129460001	XM_063615936.1	+	1	31182714	31182805	90	3
NC_072435.2	32245592	32246444	-1	1	-	NC_072435.2	32245884	32245955	32245593	32245718	MLLT1	XM_055238264.2	-	1	32245718	32245884	165	4
NC_072435.2	32449389	32450160	-3	1	-	NC_072435.2	32449743	32449820	32449390	32449664	KHSRP	XM_055238242.2	-	3	32449664	32449743	78	4
NC_072435.2	32449389	32450160	-3	1	-	NC_072435.2	32449743	32449820	32449504	32449664	KHSRP	XM_055238244.2	-	3	32449664	32449743	78	2
NC_072435.2	32450616	32451330	-3	1	-	NC_072435.2	32451102	32451246	32450854	32451014	KHSRP	XM_055238242.2	-	3	32451014	32451102	87	6
NC_072435.2	32452028	32452580	-1	1	-	NC_072435.2	32452359	32452457	32452115	32452217	KHSRP	XM_055238242.2	-	1	32452217	32452359	141	6
NC_072435.2	32512568	32512949	-1	1	-	NC_072435.2	32512824	32512925	32512614	32512739	DENND1C	XM_055235630.2	-	1	32512739	32512824	84	8
NC_072435.2	32537662	32538049	-2	1	-	NC_072435.2	32537937	32538049	32537713	32537828	TUBB4A	XM_055235632.2	-	2	32537828	32537937	108	1
NC_072435.2	32537662	32538049	-2	1	-	NC_072435.2	32537941	32538049	32537713	32537823	TUBB4A	XM_055235633.2	-	2	32537823	32537941	117	6
NC_072435.2	32537662	32538049	-2	1	-	NC_072435.2	32537941	32538049	32537720	32537823	TUBB4A	XM_055235638.2	-	2	32537823	32537941	117	1
NC_072435.2	32724546	32724930	-3	1	-	NC_072435.2	32724720	32724810	32724548	32724599	C3	XM_055240183.2	-	3	32724599	32724720	120	1
NC_072435.2	32724841	32725306	-2	1	-	NC_072435.2	32725148	32725306	32724935	32724994	C3	XM_055240183.2	-	2	32724994	32725148	153	1
NC_072435.2	32749089	32750292	-3	1	-	NC_072435.2	32750062	32750268	32749192	32749350	C3	XM_055240183.2	-	3	32749350	32750062	711	1
NC_072435.2	32770607	32771309	-1	1	-	NC_072435.2	32770821	32770904	32770609	32770733	GPR108	XM_055240240.2	-	1	32770733	32770821	87	4
NC_072435.2	32770607	32771309	-1	1	-	NC_072435.2	32770821	32770856	32770609	32770733	GPR108	XM_055240242.2	-	1	32770733	32770821	87	1
NC_072435.2	32770607	32771309	-1	1	-	NC_072435.2	32770821	32770904	32770609	32770676	GPR108	XM_055240244.2	-	1	32770676	32770821	144	1
NC_072435.2	32770819	32771170	-2	1	-	NC_072435.2	32771096	32771145	32770821	32770936	GPR108	XM_055240241.2	-	2	32770936	32771096	159	1
NC_072435.2	32946247	32946790	2	1	+	NC_072435.2	32946354	32946509	32946633	32946752	ADGRE1	XM_055240206.2	+	2	32946509	32946633	123	2
NC_072435.2	33565011	33565677	1	1	+	NC_072435.2	33565133	33565242	33565333	33565500	PNPLA6	XM_055240194.2	+	1	33565242	33565333	90	17
NC_072435.2	33565011	33565677	1	1	+	NC_072435.2	33565333	33565500	33565579	33565656	PNPLA6	XM_055240194.2	+	1	33565500	33565579	78	16
NC_072435.2	33583487	33583988	3	1	+	NC_072435.2	33583602	33583698	33583795	33583904	PNPLA6	XM_055240194.2	+	3	33583698	33583795	96	17
NC_072435.2	33648031	33648607	-2	1	-	NC_072435.2	33648446	33648580	33648188	33648352	XAB2	XM_055240209.2	-	2	33648352	33648446	93	1
NC_072435.2	33660926	33661397	3	1	+	NC_072435.2	33661018	33661067	33661311	33661392	STXBP2	XM_055240229.2	+	3	33661067	33661311	243	10
NC_072435.2	33701053	33701725	2	1	+	NC_072435.2	33701106	33701219	33701538	33701597	MCEMP1	XM_055240288.1	+	2	33701219	33701538	318	1
NC_072435.2	33701053	33701725	2	1	+	NC_072435.2	33701538	33701597	33701712	33701725	MCEMP1	XM_055240288.1	+	2	33701597	33701712	114	1
NC_072435.2	33711514	33712114	-2	1	-	NC_072435.2	33711764	33711915	33711516	33711622	FCER2	XM_055240264.2	-	2	33711622	33711764	141	8
NC_072435.2	33711514	33712114	-2	1	-	NC_072435.2	33711764	33711915	33711516	33711640	FCER2	XM_063615000.1	-	2	33711640	33711764	123	7
NC_072435.2	33743619	33744399	-3	1	-	NC_072435.2	33744240	33744329	33743908	33744056	CLEC4G	XM_055240269.2	-	3	33744056	33744240	183	2
NC_072435.2	33871099	33871771	2	1	+	NC_072435.2	33871310	33871405	33871523	33871618	EVI5L	XM_055240213.2	+	2	33871405	33871523	117	4
NC_072435.2	33918620	33919031	3	1	+	NC_072435.2	33918752	33918797	33918900	33919031	MAP2K7	XM_055236058.2	+	3	33918797	33918900	102	3
NC_072435.2	33922639	33923764	2	1	+	NC_072435.2	33922853	33923128	33923207	33923527	TGFBR3L	XM_055236061.2	+	2	33923128	33923207	78	6
NC_072435.2	33922639	33923764	2	1	+	NC_072435.2	33922992	33923128	33923207	33923527	TGFBR3L	XM_063615916.1	+	2	33923128	33923207	78	1
NC_072435.2	33928141	33928978	2	1	+	NC_072435.2	33928166	33928234	33928496	33928808	SNAPC2	XM_055236066.2	+	2	33928234	33928496	261	1
NC_072435.2	34340287	34340902	-2	1	-	NC_072435.2	34340648	34340848	34340468	34340566	KANK3	XM_055237503.2	-	2	34340566	34340648	81	2
NC_072435.2	34511655	34511952	-3	1	-	NC_072435.2	34511775	34511937	34511657	34511690	PRAM1	XM_055237505.2	-	3	34511690	34511775	84	4
NC_072435.2	34611356	34611749	-1	1	-	NC_072435.2	34611578	34611704	34611358	34611487	ADAMTS10	XM_055236743.2	-	1	34611487	34611578	90	4
NC_072435.2	35155639	35156158	-2	1	-	NC_072435.2	35155999	35156034	35155678	35155743	MUC16	XM_055237836.1	-	2	35155743	35155999	255	1
NC_072435.2	36110470	36111085	-2	1	-	NC_072435.2	36110708	36110947	36110471	36110614	COL5A3	XM_055238568.2	-	2	36110614	36110708	93	1
NC_072435.2	36120131	36121070	-1	1	-	NC_072435.2	36120987	36121040	36120210	36120263	COL5A3	XM_055238568.2	-	1	36120263	36120987	723	2
NC_072435.2	36138369	36138663	-3	1	-	NC_072435.2	36138595	36138639	36138397	36138450	COL5A3	XM_055238568.2	-	3	36138450	36138595	144	2
NC_072435.2	36142575	36142770	-3	1	-	NC_072435.2	36142717	36142770	36142585	36142638	COL5A3	XM_055238568.2	-	3	36142638	36142717	78	2
NC_072435.2	36242679	36243237	1	1	+	NC_072435.2	36242743	36242866	36243065	36243114	SHFL	XM_055237436.2	+	1	36242866	36243065	198	3
NC_072435.2	36266284	36266800	2	1	+	NC_072435.2	36266335	36266504	36266583	36266800	PPAN	XM_055238215.2	+	2	36266504	36266583	78	2
NC_072435.2	36462070	36462796	-2	1	-	NC_072435.2	36462369	36462462	36462071	36462185	ZGLP1	XM_055238224.2	-	2	36462185	36462369	183	1
NC_072435.2	36480447	36481095	-3	1	-	NC_072435.2	36480850	36481061	36480457	36480753	RAVER1	XM_055238208.2	-	3	36480753	36480850	96	2
NC_072435.2	36480447	36481095	-3	1	-	NC_072435.2	36480850	36481061	36480660	36480753	RAVER1	XM_055238209.2	-	3	36480753	36480850	96	2
NC_072435.2	36480447	36481095	-3	1	-	NC_072435.2	36480660	36480753	36480457	36480584	RAVER1	XM_055238209.2	-	3	36480584	36480660	75	2
NC_072435.2	36522300	36523161	-3	1	-	NC_072435.2	36522837	36522972	36522598	36522752	TYK2	XM_055238203.2	-	3	36522752	36522837	84	5
NC_072435.2	36710811	36711321	1	1	+	NC_072435.2	36710912	36710995	36711086	36711259	ATG4D	XM_055238538.2	+	1	36710995	36711086	90	1
NC_072435.2	36710811	36711321	1	1	+	NC_072435.2	36710866	36710995	36711086	36711259	ATG4D	XM_055238539.1	+	1	36710995	36711086	90	1
NC_072435.2	36718141	36718474	2	1	+	NC_072435.2	36718193	36718271	36718341	36718417	ATG4D	XM_055238538.2	+	2	36718271	36718341	69	2
NC_072435.2	36805392	36805926	1	1	+	NC_072435.2	36805581	36805665	36805798	36805908	SLC44A2	XM_055238525.2	+	1	36805665	36805798	132	4
NC_072435.2	36805961	36806273	3	1	+	NC_072435.2	36805998	36806058	36806149	36806272	SLC44A2	XM_055238525.2	+	3	36806058	36806149	90	4
NC_072435.2	37014073	37014871	2	1	+	NC_072435.2	37014141	37014156	37014619	37014870	DNM2	XM_055238514.2	+	2	37014156	37014619	462	2
NC_072435.2	37253705	37254647	3	1	+	NC_072435.2	37254096	37254228	37254388	37254530	SMARCA4	XM_055238469.2	+	3	37254228	37254388	159	21
NC_072435.2	37364683	37365109	-2	1	-	NC_072435.2	37364876	37365076	37364705	37364794	KANK2	XM_055236633.1	-	2	37364794	37364876	81	9
NC_072435.2	37402181	37402835	-1	1	-	NC_072435.2	37402497	37402689	37402272	37402415	DOCK6	XM_055236631.2	-	1	37402415	37402497	81	2
NC_072435.2	37416899	37417646	-1	1	-	NC_072435.2	37417269	37417382	37417011	37417181	DOCK6	XM_055236631.2	-	1	37417181	37417269	87	2
NC_072435.2	37440541	37441189	-2	1	-	NC_072435.2	37440836	37440902	37440587	37440736	DOCK6	XM_055236631.2	-	2	37440736	37440836	99	2
NC_072435.2	37538763	37539357	1	1	+	NC_072435.2	37538850	37538968	37539065	37539294	CCDC159	XM_055239444.2	+	1	37538968	37539065	96	8
NC_072435.2	37538763	37539357	1	1	+	NC_072435.2	37538947	37538968	37539065	37539294	CCDC159	XM_055239447.2	+	1	37538968	37539065	96	3
NC_072435.2	37599436	37599943	-2	1	-	NC_072435.2	37599797	37599939	37599494	37599709	RGL3	XM_055239425.1	-	2	37599709	37599797	87	2
NC_072435.2	37617898	37618375	-2	1	-	NC_072435.2	37618190	37618291	37617953	37618078	ODAD3	XM_055239428.2	-	2	37618078	37618190	111	5
NC_072435.2	37627762	37628290	2	1	+	NC_072435.2	37627835	37627913	37628106	37628222	PRKCSH	XM_055239434.2	+	2	37627913	37628106	192	3
NC_072435.2	37639465	37640371	2	1	+	NC_072435.2	37639924	37640013	37640296	37640370	PRKCSH	XM_055239434.2	+	2	37640013	37640296	282	3
NC_072435.2	37640374	37640791	2	1	+	NC_072435.2	37640458	37640557	37640648	37640791	PRKCSH	XM_055239434.2	+	2	37640557	37640648	90	3
NC_072435.2	37698748	37699273	-2	1	-	NC_072435.2	37699039	37699096	37698750	37698777	ECSIT	XM_055239974.2	-	2	37698777	37699039	261	3
NC_072435.2	38860022	38860676	-1	1	-	NC_072435.2	38860563	38860672	38860065	38860172	MAN2B1	XM_055237194.2	-	1	38860172	38860563	390	5
NC_072435.2	38893579	38893798	-2	1	-	NC_072435.2	38893733	38893798	38893580	38893651	FBXW9	XM_055236420.2	-	2	38893651	38893733	81	1
NC_072435.2	38921115	38921574	-3	1	-	NC_072435.2	38921371	38921477	38921150	38921283	TNPO2	XM_055236417.2	-	3	38921283	38921371	87	7
NC_072435.2	38921115	38921574	-3	1	-	NC_072435.2	38921371	38921436	38921150	38921283	TNPO2	XM_063616089.1	-	3	38921283	38921371	87	2
NC_072435.2	38980240	38980540	-2	1	-	NC_072435.2	38980490	38980540	38980276	38980408	HOOK2	XM_055236191.2	-	2	38980408	38980490	81	10
NC_072435.2	38980240	38980540	-2	1	-	NC_072435.2	38980490	38980525	38980276	38980408	HOOK2	XM_055236195.2	-	2	38980408	38980490	81	3
NC_072435.2	39080614	39081184	-2	1	-	NC_072435.2	39080917	39081081	39080629	39080826	DNASE2	XM_055236425.2	-	2	39080826	39080917	90	1
NC_072435.2	39093819	39094596	1	1	+	NC_072435.2	39093857	39094000	39094142	39094204	GCDH	XM_055236727.2	+	1	39094000	39094142	141	5
NC_072435.2	39133588	39133936	-2	1	-	NC_072435.2	39133787	39133885	39133590	39133708	FARSA	XM_055235721.2	-	2	39133708	39133787	78	1
NC_072435.2	39316884	39317649	-3	1	-	NC_072435.2	39317119	39317188	39316900	39317034	TRMT1	XM_055235697.2	-	3	39317034	39317119	84	10
NC_072435.2	39323240	39324038	-1	1	-	NC_072435.2	39323960	39324015	39323589	39323731	TRMT1	XM_055235697.2	-	1	39323731	39323960	228	5
NC_072435.2	39323240	39324038	-1	1	-	NC_072435.2	39323589	39323731	39323242	39323429	TRMT1	XM_055235697.2	-	1	39323429	39323589	159	5
NC_072435.2	39344500	39345832	2	1	+	NC_072435.2	39344550	39345503	39345582	39345755	NACC1	XM_055235702.2	+	2	39345503	39345582	78	1
NC_072435.2	39344500	39345832	2	1	+	NC_072435.2	39344558	39345503	39345582	39345755	NACC1	XM_055235705.2	+	2	39345503	39345582	78	2
NC_072435.2	40128358	40128748	2	1	+	NC_072435.2	40128465	40128580	40128671	40128736	CC2D1A	XM_055238136.2	+	2	40128580	40128671	90	6
NC_072435.2	40128358	40128748	2	1	+	NC_072435.2	40128476	40128580	40128671	40128736	CC2D1A	XM_063616232.1	+	2	40128580	40128671	90	2
NC_072435.2	40144189	40144531	2	1	+	NC_072435.2	40144235	40144372	40144466	40144530	CC2D1A	XM_055238136.2	+	2	40144372	40144466	93	6
NC_072435.2	40144189	40144531	2	1	+	NC_072435.2	40144235	40144372	40144469	40144530	CC2D1A	XM_055238137.2	+	2	40144372	40144469	96	2
NC_072435.2	40146463	40146943	2	1	+	NC_072435.2	40146687	40146763	40146851	40146898	CC2D1A	XM_055238136.2	+	2	40146763	40146851	87	8
NC_072435.2	40176610	40177702	2	1	+	NC_072435.2	40176696	40177130	40177233	40177324	DCAF15	XM_055238154.2	+	2	40177130	40177233	102	9
NC_072435.2	40176610	40177702	2	1	+	NC_072435.2	40177233	40177324	40177418	40177546	DCAF15	XM_055238154.2	+	2	40177324	40177418	93	8
NC_072435.2	40176610	40177702	2	1	+	NC_072435.2	40177233	40177324	40177424	40177546	DCAF15	XM_055238156.2	+	2	40177324	40177424	99	1
NC_072435.2	40180340	40180805	-1	1	-	NC_072435.2	40180637	40180682	40180341	40180507	RFX1	XM_055238131.2	-	1	40180507	40180637	129	5
NC_072435.2	40184089	40184503	-2	1	-	NC_072435.2	40184303	40184421	40184091	40184200	RFX1	XM_055238131.2	-	2	40184200	40184303	102	5
NC_072435.2	40261170	40261743	1	1	+	NC_072435.2	40261275	40261432	40261520	40261677	IL27RA	XM_055238151.2	+	1	40261432	40261520	87	4
NC_072435.2	40271117	40271810	3	1	+	NC_072435.2	40271176	40271277	40271350	40271508	IL27RA	XM_055238151.2	+	3	40271277	40271350	72	5
NC_072435.2	40629906	40630416	1	1	+	NC_072435.2	40630004	40630054	40630256	40630372	ADGRE5	XM_055235514.2	+	1	40630054	40630256	201	9
NC_072435.2	40644008	40644467	3	1	+	NC_072435.2	40644009	40644186	40644271	40644378	ADGRE5	XM_055235514.2	+	3	40644186	40644271	84	9
NC_072435.2	40649069	40649549	3	1	+	NC_072435.2	40649288	40649354	40649457	40649548	ADGRE5	XM_055235514.2	+	3	40649354	40649457	102	9
NC_072435.2	40652102	40652477	-1	1	-	NC_072435.2	40652310	40652441	40652104	40652213	DDX39A	XM_055235542.2	-	1	40652213	40652310	96	4
NC_072435.2	40811215	40811536	2	1	+	NC_072435.2	40811238	40811341	40811420	40811535	TECR	XM_055235553.1	+	2	40811341	40811420	78	4
NC_072435.2	40812492	40813095	1	1	+	NC_072435.2	40812496	40812553	40812629	40812717	TECR	XM_055235553.1	+	1	40812553	40812629	75	4
NC_072435.2	41064226	41065294	-2	1	-	NC_072435.2	41064700	41065054	41064227	41064414	LOC129460193	XM_055237843.1	-	2	41064414	41064700	285	1
NC_072435.2	41114011	41115016	2	1	+	NC_072435.2	41114075	41114504	41114790	41115016	LOC129460196	XM_055237844.1	+	2	41114504	41114790	285	1
NC_072435.2	41134976	41135996	3	1	+	NC_072435.2	41135151	41135505	41135791	41135996	LOC129459188	XM_055235574.1	+	3	41135505	41135791	285	1
NC_072435.2	41230146	41230935	1	1	+	NC_072435.2	41230379	41230545	41230642	41230737	TEKTL1	XM_055235541.2	+	1	41230545	41230642	96	1
NC_072435.2	41336448	41338257	1	1	+	NC_072435.2	41336483	41336824	41337119	41337763	SYDE1	XM_055235519.2	+	1	41336824	41337119	294	1
NC_072435.2	41336448	41338257	1	1	+	NC_072435.2	41337119	41337763	41337935	41338149	SYDE1	XM_055235519.2	+	1	41337763	41337935	171	2
NC_072435.2	41336448	41338257	1	1	+	NC_072435.2	41336684	41336824	41337119	41337763	SYDE1	XM_055235520.2	+	1	41336824	41337119	294	1
NC_072435.2	41338677	41339229	1	1	+	NC_072435.2	41338729	41338855	41339048	41339208	SYDE1	XM_055235519.2	+	1	41338855	41339048	192	2
NC_072435.2	41350045	41350426	-2	1	-	NC_072435.2	41350246	41350384	41350047	41350158	ILVBL	XM_055235532.2	-	2	41350158	41350246	87	3
NC_072435.2	41434346	41435021	-1	1	-	NC_072435.2	41434862	41434994	41434523	41434780	NOTCH3	XM_055235504.2	-	1	41434780	41434862	81	1
NC_072435.2	41440327	41440954	-2	1	-	NC_072435.2	41440786	41440937	41440435	41440548	NOTCH3	XM_055235504.2	-	2	41440548	41440786	237	1
NC_072435.2	41447197	41447707	-2	1	-	NC_072435.2	41447560	41447682	41447239	41447472	NOTCH3	XM_055235504.2	-	2	41447472	41447560	87	1
NC_072435.2	41491779	41492364	-3	1	-	NC_072435.2	41492118	41492280	41491861	41491991	BRD4	XM_055235505.1	-	3	41491991	41492118	126	2
NC_072435.2	41643212	41643767	-1	1	-	NC_072435.2	41643621	41643716	41643213	41643533	AKAP8L	XM_055239246.2	-	1	41643533	41643621	87	3
NC_072435.2	41719976	41720894	-1	1	-	NC_072435.2	41720565	41720691	41720364	41720462	RASAL3	XM_055239237.2	-	1	41720462	41720565	102	6
NC_072435.2	41838748	41839339	2	1	+	NC_072435.2	41838922	41839055	41839152	41839216	LOC129460823	XM_055239254.2	+	2	41839055	41839152	96	2
NC_072435.2	41879474	41880083	3	1	+	NC_072435.2	41879770	41879834	41880000	41880082	LOC129460824	XM_055239256.1	+	3	41879834	41880000	165	1
NC_072435.2	41909812	41910469	2	1	+	NC_072435.2	41909842	41909975	41910069	41910133	LOC129460821	XM_055239252.2	+	2	41909975	41910069	93	2
NC_072435.2	41931322	41931901	2	1	+	NC_072435.2	41931465	41931518	41931612	41931739	LOC129460820	XM_055239251.2	+	2	41931518	41931612	93	1
NC_072435.2	42663392	42663836	-1	1	-	NC_072435.2	42663645	42663789	42663462	42663551	CHERP	XM_055239157.2	-	1	42663551	42663645	93	1
NC_072435.2	42663392	42663836	-1	1	-	NC_072435.2	42663645	42663756	42663462	42663551	CHERP	XM_055239158.2	-	1	42663551	42663645	93	1
NC_072435.2	43021064	43021697	-1	1	-	NC_072435.2	43021346	43021555	43021066	43021216	CPAMD8	XM_055239131.2	-	1	43021216	43021346	129	1
NC_072435.2	43022452	43023010	-2	1	-	NC_072435.2	43022764	43022869	43022566	43022676	CPAMD8	XM_055239131.2	-	2	43022676	43022764	87	1
NC_072435.2	43028478	43029018	-3	1	-	NC_072435.2	43028638	43028793	43028497	43028559	CPAMD8	XM_055239131.2	-	3	43028559	43028638	78	1
NC_072435.2	43137670	43138198	-2	1	-	NC_072435.2	43137955	43138120	43137827	43137879	CPAMD8	XM_055239131.2	-	2	43137879	43137955	75	1
NC_072435.2	43465228	43465921	-2	1	-	NC_072435.2	43465720	43465830	43465452	43465584	ANO8	XM_055239272.1	-	2	43465584	43465720	135	5
NC_072435.2	43470245	43470863	3	1	+	NC_072435.2	43470355	43470441	43470529	43470731	GTPBP3	XM_055239313.2	+	3	43470441	43470529	87	7
NC_072435.2	43620412	43620871	2	1	+	NC_072435.2	43620516	43620677	43620801	43620870	SLC27A1	XM_055239304.2	+	2	43620677	43620801	123	5
NC_072435.2	43678357	43678837	2	1	+	NC_072435.2	43678517	43678633	43678724	43678831	NIBAN3	XM_055239299.2	+	2	43678633	43678724	90	4
NC_072435.2	43927693	43928239	2	1	+	NC_072435.2	43927926	43928038	43928147	43928234	FCHO1	XM_055239286.2	+	2	43928038	43928147	108	6
NC_072435.2	43977995	43978460	-1	1	-	NC_072435.2	43978284	43978423	43978013	43978202	JAK3	XM_055239273.2	-	1	43978202	43978284	81	2
NC_072435.2	43977995	43978460	-1	1	-	NC_072435.2	43978284	43978423	43977996	43978202	JAK3	XM_063616174.1	-	1	43978202	43978284	81	1
NC_072435.2	43987315	43988104	-2	1	-	NC_072435.2	43987568	43987690	43987317	43987474	JAK3	XM_055239273.2	-	2	43987474	43987568	93	3
NC_072435.2	44291703	44292255	1	1	+	NC_072435.2	44291715	44291847	44291953	44292118	MAST3	XM_055239532.2	+	1	44291847	44291953	105	33
NC_072435.2	44317891	44318227	2	1	+	NC_072435.2	44317923	44317973	44318058	44318189	PIK3R2	XM_055239566.2	+	2	44317973	44318058	84	1
NC_072435.2	44335753	44336113	2	1	+	NC_072435.2	44335916	44335969	44336054	44336113	IFI30	XM_055239567.2	+	2	44335969	44336054	84	2
NC_072435.2	44747493	44747799	1	1	+	NC_072435.2	44747522	44747624	44747709	44747799	UBA52	XM_055236514.2	+	1	44747624	44747709	84	2
NC_072435.2	44769155	44769656	-1	1	-	NC_072435.2	44769348	44769535	44769168	44769215	CRLF1	XM_055236467.2	-	1	44769215	44769348	132	1
NC_072435.2	44789266	44789773	2	1	+	NC_072435.2	44789291	44789435	44789523	44789614	TMEM59L	XM_055236490.2	+	2	44789435	44789523	87	1
NC_072435.2	44967423	44967990	-3	1	-	NC_072435.2	44967763	44967867	44967565	44967672	COMP	XM_055238124.2	-	3	44967672	44967763	90	2
NC_072435.2	45083963	45084377	-1	1	-	NC_072435.2	45084156	45084230	45083964	45084008	COPE	XM_055237170.2	-	1	45084008	45084156	147	4
NC_072435.2	45545428	45545983	2	1	+	NC_072435.2	45545469	45545596	45545912	45545983	MAU2	XM_055237397.2	+	2	45545596	45545912	315	2
NC_072435.2	45734408	45734981	3	1	+	NC_072435.2	45734511	45734624	45734703	45734853	YJEFN3	XM_055235498.1	+	3	45734624	45734703	78	2
NC_072435.2	45848070	45848988	-3	1	-	NC_072435.2	45848674	45848738	45848482	45848589	GMIP	XM_055236082.2	-	3	45848589	45848674	84	16
NC_072435.2	45854067	45854670	-3	1	-	NC_072435.2	45854515	45854626	45854290	45854433	ATP13A1	XM_055236077.2	-	3	45854433	45854515	81	4
NC_072435.2	45854067	45854670	-3	1	-	NC_072435.2	45854290	45854433	45854068	45854175	ATP13A1	XM_055236077.2	-	3	45854175	45854290	114	4
NC_072435.2	56233097	56233346	-1	1	-	NC_072435.2	56233293	56233346	56233149	56233214	ANKRD27	XM_055237096.2	-	1	56233214	56233293	78	4
NC_072435.2	56233097	56233346	-1	1	-	NC_072435.2	56233293	56233343	56233149	56233214	ANKRD27	XM_063614053.1	-	1	56233214	56233293	78	1
NC_072435.2	56413994	56414372	3	1	+	NC_072435.2	56414027	56414180	56414265	56414331	TDRD12	XM_055237093.2	+	3	56414180	56414265	84	2
NC_072435.2	56443131	56443680	-3	1	-	NC_072435.2	56443476	56443601	56443133	56443232	SLC7A9	XM_055237113.2	-	3	56443232	56443476	243	4
NC_072435.2	58624404	58624788	1	1	+	NC_072435.2	58624445	58624563	58624645	58624787	GRAMD1A	XM_055239596.2	+	1	58624563	58624645	81	8
NC_072435.2	58665020	58665533	3	1	+	NC_072435.2	58665149	58665189	58665367	58665532	HPN	XM_055239611.2	+	3	58665189	58665367	177	1
NC_072435.2	58729339	58729807	2	1	+	NC_072435.2	58729617	58729691	58729770	58729806	FXYD3	XM_055239619.1	+	2	58729691	58729770	78	4
NC_072435.2	58729339	58729807	2	1	+	NC_072435.2	58729530	58729691	58729770	58729806	FXYD3	XM_055239621.1	+	2	58729691	58729770	78	1
NC_072435.2	58729339	58729807	2	1	+	NC_072435.2	58729352	58729466	58729617	58729691	FXYD3	XM_055239623.2	+	2	58729466	58729617	150	1
NC_072435.2	58730054	58730306	3	1	+	NC_072435.2	58730123	58730160	58730293	58730306	FXYD3	XM_055239619.1	+	3	58730160	58730293	132	6
NC_072435.2	58757984	58758440	3	1	+	NC_072435.2	58758163	58758237	58758349	58758391	FXYD7	XM_055236841.2	+	3	58758237	58758349	111	1
NC_072435.2	58878498	58879254	1	1	+	NC_072435.2	58878599	58878717	58878817	58879017	USF2	XM_055236445.2	+	1	58878717	58878817	99	2
NC_072435.2	58887473	58888175	3	1	+	NC_072435.2	58887697	58887791	58887945	58888175	USF2	XM_055236445.2	+	3	58887791	58887945	153	1
NC_072435.2	58887473	58888175	3	1	+	NC_072435.2	58887697	58887791	58887945	58888073	USF2	XM_055236446.2	+	3	58887791	58887945	153	3
NC_072435.2	59166650	59167178	-1	1	-	NC_072435.2	59167062	59167073	59166828	59166971	ATP4A	XM_055240033.2	-	1	59166971	59167062	90	1
NC_072435.2	59229660	59230083	1	1	+	NC_072435.2	59229689	59229754	59229830	59230005	RBM42	XM_055240043.2	+	1	59229754	59229830	75	1
NC_072435.2	59229660	59230083	1	1	+	NC_072435.2	59229689	59229754	59229851	59230005	RBM42	XM_055240044.2	+	1	59229754	59229851	96	1
NC_072435.2	59324467	59324926	2	1	+	NC_072435.2	59324502	59324686	59324762	59324851	KMT2B	XM_055236604.1	+	2	59324686	59324762	75	1
NC_072435.2	59341141	59341570	-2	1	-	NC_072435.2	59341484	59341558	59341222	59341318	U2AF1L4	XM_055236906.2	-	2	59341318	59341484	165	1
NC_072435.2	59447175	59447709	-3	1	-	NC_072435.2	59447484	59447624	59447268	59447408	NPHS1	XM_055237211.2	-	3	59447408	59447484	75	1
NC_072435.2	59477551	59478409	2	1	+	NC_072435.2	59477606	59477764	59477843	59477971	APLP1	XM_055237218.2	+	2	59477764	59477843	78	2
NC_072435.2	59503216	59503864	2	1	+	NC_072435.2	59503275	59503340	59503698	59503829	HCST	XM_055237141.2	+	2	59503340	59503698	357	4
NC_072435.2	59604099	59604849	-3	1	-	NC_072435.2	59604634	59604828	59604307	59604555	SYNE4	XM_055239707.2	-	3	59604555	59604634	78	1
NC_072435.2	59704312	59704750	2	1	+	NC_072435.2	59704405	59704531	59704613	59704664	WDR62	XM_055239640.2	+	2	59704531	59704613	81	13
NC_072435.2	61621327	61621699	2	1	+	NC_072435.2	61621328	61621390	61621478	61621642	IRAK3	XM_055240098.2	+	2	61621390	61621478	87	4
NC_072435.2	91366196	91366424	-1	1	-	NC_072435.2	91366352	91366424	91366198	91366264	HAL	XM_055238746.1	-	1	91366264	91366352	87	2
NC_072435.2	96774508	96774823	2	1	+	NC_072435.2	96774512	96774578	96774690	96774822	UTP20	XM_055235917.2	+	2	96774578	96774690	111	1
NC_072436.2	10010005	10010446	2	1	+	NC_072436.2	10010099	10010221	10010324	10010398	QRICH2	XM_055242091.2	+	2	10010221	10010324	102	2
NC_072436.2	10010546	10011020	3	1	+	NC_072436.2	10010601	10010765	10010898	10011019	QRICH2	XM_055242091.2	+	3	10010765	10010898	132	2
NC_072436.2	10025124	10025745	-1	1	-	NC_072436.2	10025533	10025652	10025176	10025238	UBALD2	XM_055242209.2	-	1	10025238	10025533	294	1
NC_072436.2	10025124	10025745	-1	1	-	NC_072436.2	10025620	10025652	10025176	10025238	UBALD2	XM_063617196.1	-	1	10025238	10025620	381	1
NC_072436.2	10384881	10385709	1	1	+	NC_072436.2	10385206	10385328	10385413	10385598	FBF1	XM_055242100.2	+	1	10385328	10385413	84	23
NC_072436.2	10386253	10386727	2	1	+	NC_072436.2	10386290	10386427	10386521	10386638	FBF1	XM_055242100.2	+	2	10386427	10386521	93	23
NC_072436.2	10405812	10406481	1	1	+	NC_072436.2	10405903	10406136	10406218	10406392	TRIM65	XM_055242155.2	+	1	10406136	10406218	81	2
NC_072436.2	104218174	104218540	2	1	+	NC_072436.2	104218200	104218286	104218374	104218540	STRN	XM_055240691.2	+	2	104218286	104218374	87	8
NC_072436.2	10454157	10454538	1	1	+	NC_072436.2	10454230	10454289	10454434	10454469	UNC13D	XM_063617096.1	+	1	10454289	10454434	144	1
NC_072436.2	10454799	10455210	1	1	+	NC_072436.2	10454881	10454940	10455031	10455097	UNC13D	XM_055242098.2	+	1	10454940	10455031	90	3
NC_072436.2	10457912	10458311	3	1	+	NC_072436.2	10457952	10458056	10458171	10458263	UNC13D	XM_055242098.2	+	3	10458056	10458171	114	3
NC_072436.2	10460910	10461402	1	1	+	NC_072436.2	10460931	10461048	10461154	10461278	UNC13D	XM_055242098.2	+	1	10461048	10461154	105	3
NC_072436.2	10570073	10570577	-2	1	-	NC_072436.2	10570458	10570540	10570230	10570331	ITGB4	XM_055241930.2	-	2	10570331	10570458	126	7
NC_072436.2	10668764	10669196	-2	1	-	NC_072436.2	10669011	10669151	10668765	10668839	MYO15B	XM_055241390.2	-	2	10668839	10669011	171	3
NC_072436.2	10674558	10675086	-1	1	-	NC_072436.2	10674879	10674990	10674601	10674770	MYO15B	XM_055241390.2	-	1	10674770	10674879	108	3
NC_072436.2	107428346	107429468	3	1	+	NC_072436.2	107428652	107428817	107428896	107429030	LOC129462622	XM_055242744.1	+	3	107428817	107428896	78	1
NC_072436.2	107712610	107712997	-3	1	-	NC_072436.2	107712890	107712913	107712612	107712793	LOC129462217	XM_063618234.1	-	3	107712793	107712890	96	1
NC_072436.2	107726706	107727450	-1	1	-	NC_072436.2	107727210	107727426	107726875	107727026	LOC129462217	XM_063618234.1	-	1	107727026	107727210	183	1
NC_072436.2	10799888	10801727	3	1	+	NC_072436.2	10799941	10801416	10801504	10801726	CASKIN2	XM_055240890.2	+	3	10801416	10801504	87	3
NC_072436.2	10804484	10805090	-2	1	-	NC_072436.2	10804885	10805033	10804486	10804764	TMEM94	XM_055240881.2	-	2	10804764	10804885	120	8
NC_072436.2	10804484	10805090	-2	1	-	NC_072436.2	10804885	10805033	10804670	10804764	TMEM94	XM_055240885.2	-	2	10804764	10804885	120	10
NC_072436.2	10804484	10805090	-2	1	-	NC_072436.2	10804670	10804764	10804486	10804579	TMEM94	XM_055240885.2	-	2	10804579	10804670	90	10
NC_072436.2	10804484	10805090	-2	1	-	NC_072436.2	10804885	10805033	10804670	10804752	TMEM94	XM_063617078.1	-	2	10804752	10804885	132	5
NC_072436.2	10804484	10805090	-2	1	-	NC_072436.2	10804670	10804752	10804486	10804579	TMEM94	XM_063617078.1	-	2	10804579	10804670	90	5
NC_072436.2	108045603	108046296	-1	1	-	NC_072436.2	108046131	108046277	108045798	108045893	CIITA	XM_055242552.2	-	1	108045893	108046131	237	10
NC_072436.2	108045603	108046296	-1	1	-	NC_072436.2	108046131	108046257	108045798	108045893	CIITA	XM_055242557.2	-	1	108045893	108046131	237	5
NC_072436.2	10809255	10809741	-1	1	-	NC_072436.2	10809623	10809725	10809300	10809517	TMEM94	XM_055240881.2	-	1	10809517	10809623	105	23
NC_072436.2	113933784	113934300	-1	1	-	NC_072436.2	113934118	113934206	113933936	113934006	SEC14L5	XM_055243014.2	-	1	113934006	113934118	111	1
NC_072436.2	114035702	114036266	3	1	+	NC_072436.2	114035814	114035975	114036078	114036185	PPL	XM_055243002.2	+	3	114035975	114036078	102	1
NC_072436.2	114042910	114043558	2	1	+	NC_072436.2	114042995	114043173	114043258	114043396	PPL	XM_055243002.2	+	2	114043173	114043258	84	1
NC_072436.2	114152826	114153561	1	1	+	NC_072436.2	114153150	114153267	114153358	114153453	SEPTIN12	XM_055242879.2	+	1	114153267	114153358	90	3
NC_072436.2	115878764	115879052	-2	1	-	NC_072436.2	115878899	115879033	115878765	115878817	TNFRSF12A	XM_055241949.2	-	2	115878817	115878899	81	2
NC_072436.2	115902185	115903022	-2	1	-	NC_072436.2	115902893	115902925	115902758	115902787	GREP1	XM_055242281.2	-	2	115902787	115902893	105	3
NC_072436.2	115902185	115903022	-2	1	-	NC_072436.2	115902758	115902787	115902302	115902433	GREP1	XM_055242281.2	-	2	115902433	115902758	324	3
NC_072436.2	115904972	115905764	-2	1	-	NC_072436.2	115905635	115905676	115905518	115905550	GREP1	XM_055242281.2	-	2	115905550	115905635	84	3
NC_072436.2	115904972	115905764	-2	1	-	NC_072436.2	115905518	115905550	115905383	115905436	GREP1	XM_055242281.2	-	2	115905436	115905518	81	1
NC_072436.2	115906413	115906611	-1	1	-	NC_072436.2	115906566	115906595	115906455	115906487	GREP1	XM_055242281.2	-	1	115906487	115906566	78	1
NC_072436.2	115907943	115908414	-1	1	-	NC_072436.2	115908177	115908206	115908048	115908080	GREP1	XM_055242281.2	-	1	115908080	115908177	96	1
NC_072436.2	115910762	115911047	-2	1	-	NC_072436.2	115910945	115910980	115910831	115910866	GREP1	XM_055242281.2	-	2	115910866	115910945	78	1
NC_072436.2	115912063	115912789	-3	1	-	NC_072436.2	115912603	115912666	115912321	115912353	GREP1	XM_055242281.2	-	3	115912353	115912603	249	1
NC_072436.2	115927547	115928366	3	1	+	NC_072436.2	115927666	115927838	115927926	115928083	PKMYT1	XM_055241684.2	+	3	115927838	115927926	87	4
NC_072436.2	116099507	116099954	3	1	+	NC_072436.2	116099694	116099757	116099857	116099883	PRSS21	XM_055240554.2	+	3	116099757	116099857	99	6
NC_072436.2	116103175	116104021	2	1	+	NC_072436.2	116103375	116103529	116103785	116104021	PRSS21	XM_055240554.2	+	2	116103529	116103785	255	4
NC_072436.2	116103175	116104021	2	1	+	NC_072436.2	116103375	116103487	116103785	116104021	PRSS21	XM_055240558.2	+	2	116103487	116103785	297	1
NC_072436.2	116126455	116127193	-3	1	-	NC_072436.2	116126999	116127159	116126456	116126782	LOC129461507	XM_055240553.2	-	3	116126782	116126999	216	1
NC_072436.2	116376018	116376570	-1	1	-	NC_072436.2	116376412	116376500	116376180	116376324	AMDHD2	XM_055241673.1	-	1	116376324	116376412	87	4
NC_072436.2	116376018	116376570	-1	1	-	NC_072436.2	116376412	116376509	116376180	116376324	AMDHD2	XM_063618365.1	-	1	116376324	116376412	87	2
NC_072436.2	116383641	116384409	-1	1	-	NC_072436.2	116383994	116384076	116383683	116383819	AMDHD2	XM_055241673.1	-	1	116383819	116383994	174	6
NC_072436.2	116430158	116430896	-2	1	-	NC_072436.2	116430749	116430823	116430159	116430496	NTN3	XM_055241462.2	-	2	116430496	116430749	252	1
NC_072436.2	116442074	116442785	-2	1	-	NC_072436.2	116442471	116442561	116442185	116442296	TEDC2	XM_055242383.2	-	2	116442296	116442471	174	7
NC_072436.2	116558766	116559285	1	1	+	NC_072436.2	116558797	116558850	116558989	116559253	ABCA3	XM_055242784.2	+	1	116558850	116558989	138	2
NC_072436.2	116600635	116601334	2	1	+	NC_072436.2	116600822	116600950	116601110	116601304	ABCA3	XM_055242784.2	+	2	116600950	116601110	159	2
NC_072436.2	116643797	116644904	-2	1	-	NC_072436.2	116644725	116644904	116644555	116644643	DNASE1L2	XM_055242793.2	-	2	116644643	116644725	81	2
NC_072436.2	116643797	116644904	-2	1	-	NC_072436.2	116644555	116644643	116644205	116644305	DNASE1L2	XM_055242793.2	-	2	116644305	116644555	249	2
NC_072436.2	116646586	116647129	-3	1	-	NC_072436.2	116646916	116647114	116646677	116646819	E4F1	XM_055242787.2	-	3	116646819	116646916	96	4
NC_072436.2	116646586	116647129	-3	1	-	NC_072436.2	116646916	116647114	116646729	116646819	E4F1	XM_055242788.2	-	3	116646819	116646916	96	1
NC_072436.2	116646586	116647129	-3	1	-	NC_072436.2	116646916	116647057	116646677	116646819	E4F1	XM_055242789.2	-	3	116646819	116646916	96	1
NC_072436.2	116689266	116690649	1	1	+	NC_072436.2	116689940	116690085	116690179	116690274	CASKIN1	XM_055240998.2	+	1	116690085	116690179	93	3
NC_072436.2	116694075	116694870	1	1	+	NC_072436.2	116694179	116694267	116694343	116694427	CASKIN1	XM_055240998.2	+	1	116694267	116694343	75	3
NC_072436.2	116703011	116703431	-2	1	-	NC_072436.2	116703276	116703407	116703072	116703191	TRAF7	XM_055241001.2	-	2	116703191	116703276	84	4
NC_072436.2	116707356	116708898	-1	1	-	NC_072436.2	116708113	116708205	116707863	116707896	TRAF7	XM_055241001.2	-	1	116707896	116708113	216	2
NC_072436.2	116707356	116708898	-1	1	-	NC_072436.2	116708113	116708304	116707863	116707896	TRAF7	XM_063616960.1	-	1	116707896	116708113	216	2
NC_072436.2	116766022	116770201	2	1	+	NC_072436.2	116766138	116769757	116769977	116770126	PKD1	XM_055243165.1	+	2	116769757	116769977	219	5
NC_072436.2	116786941	116787667	2	1	+	NC_072436.2	116786976	116787178	116787251	116787445	PKD1	XM_055243165.1	+	2	116787178	116787251	72	3
NC_072436.2	116789810	116790788	3	1	+	NC_072436.2	116789826	116790116	116790192	116790326	PKD1	XM_055243165.1	+	3	116790116	116790192	75	3
NC_072436.2	116790360	116791275	1	1	+	NC_072436.2	116790415	116790720	116790811	116791275	PKD1	XM_055243165.1	+	1	116790720	116790811	90	3
NC_072436.2	116792376	116793129	-1	1	-	NC_072436.2	116792845	116792936	116792659	116792757	TSC2	XM_055243172.2	-	1	116792757	116792845	87	16
NC_072436.2	116792376	116793129	-1	1	-	NC_072436.2	116792659	116792757	116792377	116792538	TSC2	XM_055243172.2	-	1	116792538	116792659	120	16
NC_072436.2	116792376	116793129	-1	1	-	NC_072436.2	116792845	116792936	116792377	116792757	TSC2	XM_063618384.1	-	1	116792757	116792845	87	1
NC_072436.2	116792376	116793129	-1	1	-	NC_072436.2	116792845	116792936	116792659	116792745	TSC2	XM_063618394.1	-	1	116792745	116792845	99	1
NC_072436.2	116792376	116793129	-1	1	-	NC_072436.2	116792659	116792745	116792377	116792538	TSC2	XM_063618394.1	-	1	116792538	116792659	120	1
NC_072436.2	117095803	117096376	-3	1	-	NC_072436.2	117096307	117096376	117095804	117095946	NUBP2	XM_055243300.2	-	3	117095946	117096307	360	2
NC_072436.2	117116514	117116928	-1	1	-	NC_072436.2	117116799	117116912	117116610	117116648	MAPK8IP3	XM_055243283.2	-	1	117116648	117116799	150	10
NC_072436.2	117380530	117381292	-3	1	-	NC_072436.2	117381080	117381171	117380741	117380857	TELO2	XM_055243127.2	-	3	117380857	117381080	222	3
NC_072436.2	117435037	117435517	2	1	+	NC_072436.2	117435161	117435220	117435308	117435484	CLCN7	XM_055243129.2	+	2	117435220	117435308	87	8
NC_072436.2	117528998	117529217	-2	1	-	NC_072436.2	117529142	117529193	117529000	117529057	GNPTG	XM_055243146.2	-	2	117529057	117529142	84	5
NC_072436.2	117533254	117533656	-3	1	-	NC_072436.2	117533531	117533611	117533335	117533455	BAIAP3	XM_055241993.2	-	3	117533455	117533531	75	4
NC_072436.2	117537811	117538399	-3	1	-	NC_072436.2	117538274	117538381	117538088	117538183	BAIAP3	XM_055241993.2	-	3	117538183	117538274	90	4
NC_072436.2	117539641	117540076	-3	1	-	NC_072436.2	117539933	117539992	117539719	117539785	BAIAP3	XM_055241993.2	-	3	117539785	117539933	147	4
NC_072436.2	117541758	117542205	-1	1	-	NC_072436.2	117542101	117542188	117541846	117541926	BAIAP3	XM_055241993.2	-	1	117541926	117542101	174	4
NC_072436.2	117560100	117560664	-1	1	-	NC_072436.2	117560473	117560582	117560101	117560319	UBE2I	XM_055241660.2	-	1	117560319	117560473	153	3
NC_072436.2	117560100	117560664	-1	1	-	NC_072436.2	117560473	117560582	117560240	117560319	UBE2I	XM_055241662.2	-	1	117560319	117560473	153	1
NC_072436.2	117566196	117567000	-1	1	-	NC_072436.2	117566629	117566694	117566359	117566442	UBE2I	XM_055241660.2	-	1	117566442	117566629	186	4
NC_072436.2	117614376	117614802	1	1	+	NC_072436.2	117614395	117614476	117614630	117614801	TPSB2	XM_055241640.1	+	1	117614476	117614630	153	1
NC_072436.2	117614779	117615586	2	1	+	NC_072436.2	117614911	117615176	117615306	117615469	TPSB2	XM_055241640.1	+	2	117615176	117615306	129	1
NC_072436.2	117628095	117629259	-1	1	-	NC_072436.2	117629053	117629123	117628747	117628929	CACNA1H	XM_063616962.1	-	1	117628929	117629053	123	1
NC_072436.2	117629126	117629786	-2	1	-	NC_072436.2	117629557	117629666	117629264	117629397	CACNA1H	XM_063616962.1	-	2	117629397	117629557	159	1
NC_072436.2	117633172	117633718	-3	1	-	NC_072436.2	117633560	117633686	117633260	117633385	CACNA1H	XM_063616962.1	-	3	117633385	117633560	174	1
NC_072436.2	117643708	117644419	-3	1	-	NC_072436.2	117644051	117644366	117643814	117643906	CACNA1H	XM_063616962.1	-	3	117643906	117644051	144	1
NC_072436.2	117709774	117711148	-3	1	-	NC_072436.2	117710869	117711118	117710398	117710607	LOC129462430	XM_063616963.1	-	3	117710607	117710869	261	4
NC_072436.2	118038864	118039158	-1	1	-	NC_072436.2	118039078	118039137	118038865	118038996	CHTF18	XM_055242276.2	-	1	118038996	118039078	81	1
NC_072436.2	118038864	118039158	-1	1	-	NC_072436.2	118039080	118039137	118038865	118038998	CHTF18	XM_063616967.1	-	1	118038998	118039080	81	2
NC_072436.2	118047395	118047854	-2	1	-	NC_072436.2	118047641	118047835	118047406	118047556	CHTF18	XM_055242276.2	-	2	118047556	118047641	84	3
NC_072436.2	118106576	118107494	-2	1	-	NC_072436.2	118107308	118107416	118107126	118107226	HAGHL	XM_055241126.2	-	2	118107226	118107308	81	11
NC_072436.2	118106576	118107494	-2	1	-	NC_072436.2	118107126	118107226	118106577	118106936	HAGHL	XM_055241126.2	-	2	118106936	118107126	189	1
NC_072436.2	118106576	118107494	-2	1	-	NC_072436.2	118107126	118107226	118106835	118106936	HAGHL	XM_055241127.2	-	2	118106936	118107126	189	3
NC_072436.2	118106576	118107494	-2	1	-	NC_072436.2	118107126	118107226	118106840	118106936	HAGHL	XM_055241130.2	-	2	118106936	118107126	189	2
NC_072436.2	118106576	118107494	-2	1	-	NC_072436.2	118107126	118107226	118106862	118106936	HAGHL	XM_055241132.2	-	2	118106936	118107126	189	3
NC_072436.2	118106576	118107494	-2	1	-	NC_072436.2	118107126	118107226	118106862	118106933	HAGHL	XM_055241133.2	-	2	118106933	118107126	192	1
NC_072436.2	118106576	118107494	-2	1	-	NC_072436.2	118107126	118107226	118106835	118106933	HAGHL	XM_063616981.1	-	2	118106933	118107126	192	1
NC_072436.2	118141426	118141921	2	1	+	NC_072436.2	118141502	118141565	118141776	118141921	FBXL16	XM_055243779.2	+	2	118141565	118141776	210	1
NC_072436.2	118150084	118150846	2	1	+	NC_072436.2	118150143	118150247	118150329	118150669	WDR24	XM_055243766.2	+	2	118150247	118150329	81	2
NC_072436.2	118152149	118152659	3	1	+	NC_072436.2	118152171	118152267	118152355	118152423	JMJD8	XM_055243788.2	+	3	118152267	118152355	87	16
NC_072436.2	118152438	118153323	1	1	+	NC_072436.2	118152512	118152631	118152719	118152786	JMJD8	XM_055243788.2	+	1	118152631	118152719	87	11
NC_072436.2	118152438	118153323	1	1	+	NC_072436.2	118152512	118152631	118152701	118152786	JMJD8	XM_063616999.1	+	1	118152631	118152701	69	5
NC_072436.2	118162466	118163168	-2	1	-	NC_072436.2	118163028	118163150	118162723	118162925	RHOT2	XM_055243767.2	-	2	118162925	118163028	102	20
NC_072436.2	118163848	118164220	-3	1	-	NC_072436.2	118164071	118164155	118163850	118163992	RHOT2	XM_055243767.2	-	3	118163992	118164071	78	20
NC_072436.2	118164962	118165421	-2	1	-	NC_072436.2	118165215	118165316	118164999	118165097	RHOT2	XM_055243767.2	-	2	118165097	118165215	117	18
NC_072436.2	118165339	118165636	-3	1	-	NC_072436.2	118165612	118165636	118165430	118165521	RHOT2	XM_055243775.1	-	3	118165521	118165612	90	4
NC_072436.2	118167007	118167331	-3	1	-	NC_072436.2	118167178	118167259	118167056	118167099	RHOT2	XM_055243768.2	-	3	118167099	118167178	78	6
NC_072436.2	118167007	118167331	-3	1	-	NC_072436.2	118167178	118167259	118167047	118167099	RHOT2	XM_063616988.1	-	3	118167099	118167178	78	2
NC_072436.2	118167007	118167331	-3	1	-	NC_072436.2	118167178	118167259	118167047	118167096	RHOT2	XM_063616990.1	-	3	118167096	118167178	81	1
NC_072436.2	118167007	118167331	-3	1	-	NC_072436.2	118167178	118167259	118167056	118167096	RHOT2	XM_063616991.1	-	3	118167096	118167178	81	2
NC_072436.2	118179527	118180094	-2	1	-	NC_072436.2	118179872	118180002	118179686	118179802	WDR90	XM_055243756.2	-	2	118179802	118179872	69	8
NC_072436.2	118181758	118182076	-3	1	-	NC_072436.2	118181931	118182076	118181798	118181855	WDR90	XM_055243756.2	-	3	118181855	118181931	75	8
NC_072436.2	118286486	118287029	-2	1	-	NC_072436.2	118286734	118286912	118286487	118286493	CAPN15	XM_055242223.2	-	2	118286493	118286734	240	1
NC_072436.2	118321353	118322061	-1	1	-	NC_072436.2	118321591	118321731	118321354	118321464	RAB11FIP3	XM_055242226.2	-	1	118321464	118321591	126	5
NC_072436.2	118468896	118469253	1	1	+	NC_072436.2	118468951	118469041	118469129	118469252	PGAP6	XM_055242228.2	+	1	118469041	118469129	87	3
NC_072436.2	118469929	118470538	2	1	+	NC_072436.2	118469991	118470169	118470239	118470385	PGAP6	XM_055242228.2	+	2	118470169	118470239	69	3
NC_072436.2	118557937	118558519	-3	1	-	NC_072436.2	118558262	118558443	118558052	118558162	PDIA2	XM_055242507.2	-	3	118558162	118558262	99	2
NC_072436.2	118562995	118563487	-3	1	-	NC_072436.2	118563202	118563381	118563019	118563102	ARHGDIG	XM_055242513.2	-	3	118563102	118563202	99	1
NC_072436.2	118568276	118569350	3	1	+	NC_072436.2	118568352	118568849	118569045	118569151	RGS11	XM_055243055.2	+	3	118568849	118569045	195	9
NC_072436.2	118568734	118569328	2	1	+	NC_072436.2	118568799	118568849	118569045	118569151	RGS11	XM_055243058.2	+	2	118568849	118569045	195	6
NC_072436.2	118568734	118569328	2	1	+	NC_072436.2	118568799	118568849	118569045	118569170	RGS11	XM_055243068.2	+	2	118568849	118569045	195	1
NC_072436.2	118678432	118679086	-3	1	-	NC_072436.2	118678667	118678871	118678433	118678558	HBQ1	XM_055243102.2	-	3	118678558	118678667	108	1
NC_072436.2	118694272	118694842	-3	1	-	NC_072436.2	118694504	118694708	118694273	118694398	HBM	XM_055243105.2	-	3	118694398	118694504	105	1
NC_072436.2	118804874	118805519	3	1	+	NC_072436.2	118805019	118805228	118805304	118805426	RHBDF1	XM_055241628.2	+	3	118805228	118805304	75	7
NC_072436.2	12140895	12141567	1	1	+	NC_072436.2	12140988	12141111	12141469	12141566	TMC8	XM_055243500.2	+	1	12141111	12141469	357	14
NC_072436.2	12456820	12457984	-3	1	-	NC_072436.2	12457781	12457921	12456947	12457117	DNAH17	XM_055240980.1	-	3	12457117	12457781	663	1
NC_072436.2	13807300	13807702	-3	1	-	NC_072436.2	13807536	13807601	13807343	13807409	CBX8	XM_055242545.2	-	3	13807409	13807536	126	2
NC_072436.2	14219875	14220721	2	1	+	NC_072436.2	14220047	14220173	14220480	14220720	CARD14	XM_063617312.1	+	2	14220173	14220480	306	1
NC_072436.2	14232908	14233838	-2	1	-	NC_072436.2	14233439	14233544	14233021	14233171	SGSH	XM_055240738.2	-	2	14233171	14233439	267	3
NC_072436.2	14332202	14333018	3	1	+	NC_072436.2	14332209	14332725	14332756	14333018	LOC134732417	XM_063617377.1	+	3	14332725	14332756	30	1
NC_072436.2	15115782	15116991	1	1	+	NC_072436.2	15116179	15116400	15116584	15116785	BAIAP2	XM_055240821.2	+	1	15116400	15116584	183	14
NC_072436.2	15137488	15137848	-3	1	-	NC_072436.2	15137693	15137777	15137490	15137611	AATK	XM_055240819.1	-	3	15137611	15137693	81	2
NC_072436.2	15247935	15248841	-1	1	-	NC_072436.2	15248409	15248612	15247937	15248111	TEPSIN	XM_055241450.2	-	1	15248111	15248409	297	1
NC_072436.2	15255451	15255859	2	1	+	NC_072436.2	15255458	15255541	15255662	15255772	LOC129461950	XM_055241461.2	+	2	15255541	15255662	120	1
NC_072436.2	15255451	15255859	2	1	+	NC_072436.2	15255458	15255541	15255662	15255859	LOC129461950	XM_063617379.1	+	2	15255541	15255662	120	1
NC_072436.2	15415736	15416966	3	1	+	NC_072436.2	15415948	15416067	15416281	15416664	BAHCC1	XM_055241425.2	+	3	15416067	15416281	213	3
NC_072436.2	15473260	15474964	2	1	+	NC_072436.2	15473286	15473462	15473622	15474799	BAHCC1	XM_055241425.2	+	2	15473462	15473622	159	4
NC_072436.2	15473260	15474964	2	1	+	NC_072436.2	15473286	15473462	15473646	15474799	BAHCC1	XM_055241426.2	+	2	15473462	15473646	183	1
NC_072436.2	15712668	15713070	1	1	+	NC_072436.2	15712687	15712830	15712927	15712986	HGS	XM_055241541.2	+	1	15712830	15712927	96	5
NC_072436.2	15733166	15733598	3	1	+	NC_072436.2	15733215	15733329	15733420	15733468	SLC25A10	XM_055241846.2	+	3	15733329	15733420	90	3
NC_072436.2	15767875	15768220	2	1	+	NC_072436.2	15767901	15768022	15768113	15768219	GCGR	XM_055242415.1	+	2	15768022	15768113	90	1
NC_072436.2	15768223	15768706	2	1	+	NC_072436.2	15768295	15768451	15768542	15768701	GCGR	XM_055242415.1	+	2	15768451	15768542	90	1
NC_072436.2	15780288	15780849	-1	1	-	NC_072436.2	15780539	15780546	15780327	15780445	MCRIP1	XM_055242003.2	-	1	15780445	15780539	93	5
NC_072436.2	15862156	15862900	2	1	+	NC_072436.2	15862286	15862684	15862775	15862900	NPB	XM_055241236.2	+	2	15862684	15862775	90	1
NC_072436.2	15865159	15865609	-3	1	-	NC_072436.2	15865526	15865591	15865209	15865297	PCYT2	XM_055241231.2	-	3	15865297	15865526	228	3
NC_072436.2	15874367	15874943	-2	1	-	NC_072436.2	15874707	15874943	15874500	15874580	SIRT7	XM_055242280.2	-	2	15874580	15874707	126	1
NC_072436.2	15983500	15983758	-3	1	-	NC_072436.2	15983694	15983758	15983502	15983555	CENPX	XM_063616547.1	-	3	15983555	15983694	138	2
NC_072436.2	15991755	15992259	1	1	+	NC_072436.2	15991797	15991932	15992020	15992097	LRRC45	XM_055241479.2	+	1	15991932	15992020	87	1
NC_072436.2	16029004	16029283	-3	1	-	NC_072436.2	16029170	16029266	16029006	16029088	DUS1L	XM_055240364.2	-	3	16029088	16029170	81	4
NC_072436.2	16050143	16051016	-2	1	-	NC_072436.2	16050809	16050960	16050458	16050697	FASN	XM_055240362.2	-	2	16050697	16050809	111	4
NC_072436.2	16165889	16166312	-2	1	-	NC_072436.2	16166116	16166273	16165891	16165965	CCDC57	XM_055243710.2	-	2	16165965	16166116	150	4
NC_072436.2	16672965	16673265	-1	1	-	NC_072436.2	16673203	16673205	16672971	16673031	LOC129462738	XM_055242998.2	-	1	16673031	16673203	171	4
NC_072436.2	25672828	25673359	-3	1	-	NC_072436.2	25673243	25673359	25672877	25673029	DCTN1	XM_055241209.1	-	3	25673029	25673243	213	11
NC_072436.2	25725977	25726532	-2	1	-	NC_072436.2	25726221	25726496	25725978	25726187	LOC129461839	XM_055241264.2	-	2	25726187	25726221	33	1
NC_072436.2	25733055	25733526	1	1	+	NC_072436.2	25733245	25733319	25733398	25733526	WDR54	XM_055241259.2	+	1	25733319	25733398	78	8
NC_072436.2	25801363	25802053	2	1	+	NC_072436.2	25801601	25801681	25801787	25801978	TTC31	XM_055241403.2	+	2	25801681	25801787	105	14
NC_072436.2	25801363	25802053	2	1	+	NC_072436.2	25801601	25801681	25801787	25801972	TTC31	XM_055241405.2	+	2	25801681	25801787	105	5
NC_072436.2	25801363	25802053	2	1	+	NC_072436.2	25801601	25801681	25801835	25801972	TTC31	XM_055241413.2	+	2	25801681	25801835	153	1
NC_072436.2	25841930	25842461	3	1	+	NC_072436.2	25842066	25842098	25842324	25842429	HTRA2	XM_055240656.2	+	3	25842098	25842324	225	3
NC_072436.2	25841930	25842461	3	1	+	NC_072436.2	25842066	25842097	25842293	25842429	HTRA2	XM_055240657.2	+	3	25842097	25842293	195	1
NC_072436.2	25866134	25866743	3	1	+	NC_072436.2	25866137	25866434	25866561	25866654	DOK1	XM_055240653.2	+	3	25866434	25866561	126	1
NC_072436.2	25866134	25866743	3	1	+	NC_072436.2	25866135	25866434	25866561	25866654	DOK1	XM_055240654.2	+	3	25866434	25866561	126	3
NC_072436.2	35513124	35514432	-1	1	-	NC_072436.2	35513589	35514138	35513125	35513510	LOC129463114	XM_055243640.2	-	1	35513510	35513589	78	1
NC_072436.2	35513124	35514432	-1	1	-	NC_072436.2	35513598	35514138	35513125	35513429	LOC129463114	XM_055243641.2	-	1	35513429	35513598	168	1
NC_072436.2	35513124	35514432	-1	1	-	NC_072436.2	35513918	35514138	35513598	35513779	LOC129463114	XM_055243642.2	-	1	35513779	35513918	138	1
NC_072436.2	35513124	35514432	-1	1	-	NC_072436.2	35513598	35513779	35513125	35513429	LOC129463114	XM_055243642.2	-	1	35513429	35513598	168	1
NC_072436.2	36328949	36330662	-2	1	-	NC_072436.2	36330491	36330536	36330113	36330259	TGOLN2	XM_055241226.2	-	2	36330259	36330491	231	4
NC_072436.2	36328949	36330662	-2	1	-	NC_072436.2	36330113	36330259	36329040	36330070	TGOLN2	XM_055241226.2	-	2	36330070	36330113	42	3
NC_072436.2	36328949	36330662	-2	1	-	NC_072436.2	36330491	36330536	36329040	36330259	TGOLN2	XM_055241228.2	-	2	36330259	36330491	231	1
NC_072436.2	36328949	36330662	-2	1	-	NC_072436.2	36330113	36330259	36329511	36330070	TGOLN2	XM_055241230.2	-	2	36330070	36330113	42	1
NC_072436.2	36328949	36330662	-2	1	-	NC_072436.2	36329511	36330070	36329040	36329336	TGOLN2	XM_055241230.2	-	2	36329336	36329511	174	1
NC_072436.2	36328949	36330662	-2	1	-	NC_072436.2	36330491	36330536	36329511	36330259	TGOLN2	XM_063617585.1	-	2	36330259	36330491	231	1
NC_072436.2	36328949	36330662	-2	1	-	NC_072436.2	36329511	36330259	36329040	36329336	TGOLN2	XM_063617585.1	-	2	36329336	36329511	174	1
NC_072436.2	37520577	37521033	1	1	+	NC_072436.2	37520578	37520754	37520836	37520970	KDM3A	XM_055240468.1	+	1	37520754	37520836	81	2
NC_072436.2	44937782	44938337	3	1	+	NC_072436.2	44937891	44938047	44938120	44938337	LOC129462740	XM_063616514.1	+	3	44938047	44938120	72	1
NC_072436.2	50890605	50891130	1	1	+	NC_072436.2	50890623	50890752	50890909	50891007	TBC1D8	XM_055243620.2	+	1	50890752	50890909	156	4
NC_072436.2	52065831	52066764	1	1	+	NC_072436.2	52065904	52066216	52066343	52066728	AFF3	XM_055243808.2	+	1	52066216	52066343	126	8
NC_072436.2	54701161	54701563	2	1	+	NC_072436.2	54701183	54701245	54701348	54701446	SEMA4C	XM_055241875.2	+	2	54701245	54701348	102	8
NC_072436.2	54705386	54706490	3	1	+	NC_072436.2	54705470	54705540	54705664	54706490	SEMA4C	XM_055241875.2	+	3	54705540	54705664	123	8
NC_072436.2	54959223	54959661	1	1	+	NC_072436.2	54959284	54959385	54959494	54959565	KANSL3	XM_055240807.2	+	1	54959385	54959494	108	22
NC_072436.2	55699423	55699843	-3	1	-	NC_072436.2	55699696	55699807	55699508	55699596	CIAO1	XM_055241314.2	-	3	55699596	55699696	99	1
NC_072436.2	61613190	61613697	-1	1	-	NC_072436.2	61613536	61613592	61613266	61613352	LOC129462990	XM_063617797.1	-	1	61613352	61613536	183	1
NC_072436.2	62124368	62124668	3	1	+	NC_072436.2	62124429	62124431	62124603	62124663	LOC129462400	XM_055242346.2	+	3	62124431	62124603	171	1
NC_072436.2	63838064	63838487	3	1	+	NC_072436.2	63838145	63838209	63838288	63838487	LOC129463003	XM_055243452.2	+	3	63838209	63838288	78	1
NC_072436.2	65625572	65626358	-2	1	-	NC_072436.2	65625938	65626223	65625573	65625652	RASD1	XM_055241094.2	-	2	65625652	65625938	285	1
NC_072436.2	65945812	65946544	-3	1	-	NC_072436.2	65946299	65946465	65945941	65946109	SREBF1	XM_055241590.2	-	3	65946109	65946299	189	14
NC_072436.2	65949383	65949881	-2	1	-	NC_072436.2	65949624	65949811	65949405	65949539	SREBF1	XM_055241590.2	-	2	65949539	65949624	84	12
NC_072436.2	65949383	65949881	-2	1	-	NC_072436.2	65949630	65949811	65949405	65949539	SREBF1	XM_055241592.2	-	2	65949539	65949630	90	2
NC_072436.2	66294105	66294531	1	1	+	NC_072436.2	66294119	66294192	66294448	66294530	MYO15A	XM_055241588.2	+	1	66294192	66294448	255	1
NC_072436.2	66385565	66386288	-2	1	-	NC_072436.2	66385996	66386135	66385677	66385911	FLII	XM_055241351.2	-	2	66385911	66385996	84	10
NC_072436.2	66425331	66425817	-1	1	-	NC_072436.2	66425598	66425711	66425333	66425498	TOP3A	XM_055242015.2	-	1	66425498	66425598	99	4
NC_072436.2	66653759	66654377	3	1	+	NC_072436.2	66654044	66654141	66654247	66654360	SLC47A1	XM_055242021.2	+	3	66654141	66654247	105	2
NC_072436.2	66658260	66658569	1	1	+	NC_072436.2	66658261	66658369	66658493	66658568	SLC47A1	XM_055242021.2	+	1	66658369	66658493	123	2
NC_072436.2	66834435	66834819	-1	1	-	NC_072436.2	66834535	66834665	66834436	66834447	ALDH3A1	XM_055243316.2	-	1	66834447	66834535	87	2
NC_072436.2	67152382	67153186	2	1	+	NC_072436.2	67152618	67152859	67153070	67153185	FBXO41	XM_055240385.2	+	2	67152859	67153070	210	3
NC_072436.2	75377109	75378807	-1	1	-	NC_072436.2	75377272	75378798	75377111	75377157	CEP68	XM_063617901.1	-	1	75377157	75377272	114	1
NC_072436.2	79255760	79256261	3	1	+	NC_072436.2	79255761	79255899	79256068	79256249	XPO1	XM_055242299.2	+	3	79255899	79256068	168	5
NC_072436.2	79825762	79826104	2	1	+	NC_072436.2	79825878	79825954	79826048	79826103	PUS10	XM_055242730.2	+	2	79825954	79826048	93	19
NC_072436.2	8252927	8253710	-2	1	-	NC_072436.2	8253297	8253569	8252928	8253254	LOC129461502	XM_055240542.2	-	2	8253254	8253297	42	1
NC_072436.2	8581226	8581442	3	1	+	NC_072436.2	8581230	8581286	8581365	8581441	RAB37	XM_055241716.2	+	3	8581286	8581365	78	4
NC_072436.2	92454005	92454287	-2	1	-	NC_072436.2	92454186	92454287	92454007	92454095	PPP1R21	XM_055240937.2	-	2	92454095	92454186	90	10
NC_072436.2	93125817	93126144	1	1	+	NC_072436.2	93125838	93125936	93126018	93126144	FBXO11	XM_055240856.2	+	1	93125936	93126018	81	3
NC_072436.2	9814778	9815492	3	1	+	NC_072436.2	9814814	9815009	9815082	9815285	RHBDF2	XM_055242107.2	+	3	9815009	9815082	72	4
NC_072436.2	9824554	9825556	-3	1	-	NC_072436.2	9825205	9825442	9824786	9824940	AANAT	XM_055242198.2	-	3	9824940	9825205	264	1
NC_072436.2	9824554	9825556	-3	1	-	NC_072436.2	9825205	9825367	9824786	9824940	AANAT	XM_055242199.2	-	3	9824940	9825205	264	3
NC_072436.2	9903257	9903668	3	1	+	NC_072436.2	9903258	9903461	9903558	9903615	UBE2O	XM_055242094.2	+	3	9903461	9903558	96	4
NC_072437.2	10024531	10024870	2	1	+	NC_072437.2	10024610	10024699	10024799	10024843	COL4A1	XM_055244660.2	+	2	10024699	10024799	99	3
NC_072437.2	102215469	102215793	-2	1	-	NC_072437.2	102215629	102215785	102215479	102215535	SUPT20H	XM_055244970.2	-	2	102215535	102215629	93	50
NC_072437.2	17730142	17733727	-1	1	-	NC_072437.2	17731810	17733091	17730143	17731671	LOC129464139	XM_063618669.1	-	1	17731671	17731810	138	1
NC_072437.2	19220296	19220791	2	1	+	NC_072437.2	19220419	19220539	19220636	19220767	NALCN	XM_055245145.2	+	2	19220539	19220636	96	7
NC_072437.2	22321804	22322350	2	1	+	NC_072437.2	22321805	22321913	22322181	22322338	STK24	XM_055244510.2	+	2	22321913	22322181	267	5
NC_072437.2	22796169	22796451	-2	1	-	NC_072437.2	22796340	22796451	22796200	22796255	IPO5	XM_055245251.2	-	2	22796255	22796340	84	6
NC_072437.2	22882274	22882967	-3	1	-	NC_072437.2	22882837	22882892	22882518	22882518	LOC129464169	XM_055245257.2	-	3	22882518	22882837	318	1
NC_072437.2	6733420	6734980	-1	1	-	NC_072437.2	6734432	6734701	6733421	6734389	LOC134732589	XM_063618566.1	-	1	6734389	6734432	42	1
NC_072437.2	68480119	68483392	2	1	+	NC_072437.2	68480183	68482813	68482991	68483198	PCDH8	XM_055244554.2	+	2	68482813	68482991	177	1
NC_072437.2	68480119	68483392	2	1	+	NC_072437.2	68480183	68482522	68482991	68483198	PCDH8	XM_055244555.2	+	2	68482522	68482991	468	1
NC_072437.2	7294085	7294415	-3	1	-	NC_072437.2	7294348	7294415	7294137	7294227	MCF2L	XM_063618548.1	-	3	7294227	7294348	120	1
NC_072437.2	72942422	72942902	-3	1	-	NC_072437.2	72942738	72942866	72942424	72942533	SAP18	XM_055245037.2	-	3	72942533	72942738	204	1
NC_072437.2	83613878	83617403	-3	1	-	NC_072437.2	83615546	83617292	83613879	83615407	LOC129463690	XM_055244410.2	-	3	83615407	83615546	138	1
NC_072437.2	89209307	89210387	-3	1	-	NC_072437.2	89210193	89210303	89209755	89209832	INTS6	XM_055244805.2	-	3	89209832	89210193	360	2
NC_072437.2	89919227	89919515	-3	1	-	NC_072437.2	89919422	89919515	89919237	89919334	NEK3	XM_063619249.1	-	3	89919334	89919422	87	2
NC_072437.2	93334231	93334588	-1	1	-	NC_072437.2	93334435	93334567	93334240	93334344	FLT3	XM_055244380.2	-	1	93334344	93334435	90	4
NC_072437.2	9728681	9729170	-3	1	-	NC_072437.2	9728960	9729106	9728687	9728803	COL4A2	XM_055244659.2	-	3	9728803	9728960	156	2
NC_072438.2	10002856	10003636	-1	1	-	NC_072438.2	10003195	10003408	10002923	10002999	SLC49A3	XM_055245976.2	-	1	10002999	10003195	195	4
NC_072438.2	100891041	100892580	-2	1	-	NC_072438.2	100891534	100891644	100891043	100891155	SLC6A19	XM_055246270.2	-	2	100891155	100891534	378	1
NC_072438.2	101499718	101500234	2	1	+	NC_072438.2	101499740	101499916	101500028	101500100	SLC9A3	XM_055246133.2	+	2	101499916	101500028	111	3
NC_072438.2	101773731	101774532	-2	1	-	NC_072438.2	101774281	101774370	101773969	101774199	PLEKHG4B	XM_055245452.2	-	2	101774199	101774281	81	12
NC_072438.2	101798967	101799624	-2	1	-	NC_072438.2	101799354	101799563	101799083	101799206	PLEKHG4B	XM_055245452.2	-	2	101799206	101799354	147	15
NC_072438.2	10210129	10210933	-1	1	-	NC_072438.2	10210790	10210907	10210233	10210312	GAK	XM_055245958.2	-	1	10210312	10210790	477	26
NC_072438.2	10216651	10217566	-1	1	-	NC_072438.2	10216967	10217161	10216766	10216888	GAK	XM_063619334.1	-	1	10216888	10216967	78	12
NC_072438.2	10293205	10293928	-1	1	-	NC_072438.2	10293632	10293784	10293206	10293304	DGKQ	XM_055246634.2	-	1	10293304	10293632	327	3
NC_072438.2	10334471	10334849	3	1	+	NC_072438.2	10334532	10334657	10334736	10334812	IDUA	XM_055246638.2	+	3	10334657	10334736	78	3
NC_072438.2	10490866	10491610	-1	1	-	NC_072438.2	10491353	10491576	10491089	10491280	SPON2	XM_055246074.2	-	1	10491280	10491353	72	1
NC_072438.2	11274582	11274975	-2	1	-	NC_072438.2	11274760	11274890	11274603	11274672	NELFA	XM_055246228.2	-	2	11274672	11274760	87	2
NC_072438.2	12077560	12079204	2	1	+	NC_072438.2	12078469	12078557	12078867	12078935	SH3BP2	XM_055245749.2	+	2	12078557	12078867	309	7
NC_072438.2	12484921	12485701	2	1	+	NC_072438.2	12485107	12485269	12485477	12485637	HTT	XM_055245541.2	+	2	12485269	12485477	207	1
NC_072438.2	46162516	46162939	-1	1	-	NC_072438.2	46162816	46162861	46162619	46162734	RPL9	XM_063619856.1	-	1	46162734	46162816	81	2
NC_072438.2	47965596	47966784	1	1	+	NC_072438.2	47965966	47965998	47966104	47966115	UCHL1	XM_055246465.2	+	1	47965998	47966104	105	1
NC_072438.2	47965596	47966784	1	1	+	NC_072438.2	47966104	47966115	47966599	47966727	UCHL1	XM_055246465.2	+	1	47966115	47966599	483	1
NC_072438.2	68547127	68550703	-1	1	-	NC_072438.2	68548795	68550547	68547128	68548656	LOC129464920	XM_055246408.2	-	1	68548656	68548795	138	1
NC_072438.2	9995762	9996320	3	1	+	NC_072438.2	9995844	9995969	9996117	9996192	MYL5	XM_055245983.2	+	3	9995969	9996117	147	1
NC_072439.2	10003444	10004422	-3	1	-	NC_072439.2	10003827	10004305	10003446	10003742	LOC129466805	XM_055250808.2	-	3	10003742	10003827	84	1
NC_072439.2	10006254	10006887	-1	1	-	NC_072439.2	10006610	10006734	10006386	10006474	MIER2	XM_055247641.2	-	1	10006474	10006610	135	5
NC_072439.2	10006254	10006887	-1	1	-	NC_072439.2	10006631	10006734	10006386	10006474	MIER2	XM_055247643.2	-	1	10006474	10006631	156	4
NC_072439.2	10119859	10120675	-3	1	-	NC_072439.2	10120439	10120499	10120187	10120306	SHC2	XM_055247634.2	-	3	10120306	10120439	132	2
NC_072439.2	10175836	10176892	2	1	+	NC_072439.2	10175859	10176143	10176525	10176848	MADCAM1	XM_055247648.2	+	2	10176143	10176525	381	3
NC_072439.2	10472292	10472940	1	1	+	NC_072439.2	10472368	10472514	10472608	10472778	PTBP1	XM_055250068.1	+	1	10472514	10472608	93	6
NC_072439.2	10562790	10563426	-1	1	-	NC_072439.2	10563300	10563407	10562809	10562978	MED16	XM_055247625.2	-	1	10562978	10563300	321	11
NC_072439.2	10564537	10565323	-3	1	-	NC_072439.2	10564873	10565248	10564538	10564839	LOC129466804	XM_063620016.1	-	3	10564839	10564873	33	1
NC_072439.2	10682122	10682884	2	1	+	NC_072439.2	10682392	10682507	10682676	10682827	GRIN3B	XM_055247108.2	+	2	10682507	10682676	168	1
NC_072439.2	10686221	10686677	-2	1	-	NC_072439.2	10686474	10686574	10686323	10686380	TMEM259	XM_055247091.2	-	2	10686380	10686474	93	6
NC_072439.2	10722207	10723350	1	1	+	NC_072439.2	10722429	10722651	10722784	10723005	ABCA7	XM_063620584.1	+	1	10722651	10722784	132	13
NC_072439.2	10725956	10726361	3	1	+	NC_072439.2	10725974	10726105	10726208	10726347	ABCA7	XM_063620584.1	+	3	10726105	10726208	102	13
NC_072439.2	10733814	10734285	1	1	+	NC_072439.2	10733889	10734033	10734121	10734244	ABCA7	XM_063620584.1	+	1	10734033	10734121	87	11
NC_072439.2	10733814	10734285	1	1	+	NC_072439.2	10733840	10734033	10734121	10734244	ABCA7	XM_063620592.1	+	1	10734033	10734121	87	1
NC_072439.2	10738681	10740682	2	1	+	NC_072439.2	10739972	10740106	10740188	10740291	ABCA7	XM_063620584.1	+	2	10740106	10740188	81	12
NC_072439.2	10738681	10740682	2	1	+	NC_072439.2	10740188	10740291	10740589	10740681	ABCA7	XM_063620584.1	+	2	10740291	10740589	297	12
NC_072439.2	10751339	10751693	3	1	+	NC_072439.2	10751362	10751499	10751584	10751648	ARHGAP45	XM_055247735.2	+	3	10751499	10751584	84	5
NC_072439.2	10756889	10757501	3	1	+	NC_072439.2	10756953	10757090	10757178	10757368	ARHGAP45	XM_055247735.2	+	3	10757090	10757178	87	5
NC_072439.2	10787912	10788701	-2	1	-	NC_072439.2	10788180	10788274	10788003	10788095	SBNO2	XM_055248258.2	-	2	10788095	10788180	84	4
NC_072439.2	10790713	10791142	-3	1	-	NC_072439.2	10790941	10791076	10790735	10790847	SBNO2	XM_055248258.2	-	3	10790847	10790941	93	4
NC_072439.2	10925628	10926018	1	1	+	NC_072439.2	10925681	10925769	10925899	10926018	ATP5F1D	XM_063620031.1	+	1	10925769	10925899	129	2
NC_072439.2	10935468	10936242	1	1	+	NC_072439.2	10935628	10935756	10935841	10936155	MIDN	XM_055248274.2	+	1	10935756	10935841	84	2
NC_072439.2	10965242	10965854	-2	1	-	NC_072439.2	10965582	10965773	10965361	10965452	LOC134733280	XM_063622292.1	-	2	10965452	10965582	129	1
NC_072439.2	11139105	11139564	1	1	+	NC_072439.2	11139199	11139289	11139383	11139563	APC2	XM_055248252.2	+	1	11139289	11139383	93	5
NC_072439.2	11176264	11177191	-3	1	-	NC_072439.2	11176799	11176971	11176511	11176723	PCSK4	XM_055248261.2	-	3	11176723	11176799	75	6
NC_072439.2	11196992	11197691	-2	1	-	NC_072439.2	11197466	11197552	11197152	11197315	ADAMTSL5	XM_063620033.1	-	2	11197315	11197466	150	1
NC_072439.2	11200206	11200872	-1	1	-	NC_072439.2	11200686	11200758	11200480	11200571	ADAMTSL5	XM_063620033.1	-	1	11200571	11200686	114	1
NC_072439.2	11311106	11311871	-2	1	-	NC_072439.2	11311506	11311664	11311301	11311424	TCF3	XM_055247458.2	-	2	11311424	11311506	81	15
NC_072439.2	11311106	11311871	-2	1	-	NC_072439.2	11311506	11311661	11311301	11311424	TCF3	XM_063620624.1	-	2	11311424	11311506	81	5
NC_072439.2	11482726	11484145	-3	1	-	NC_072439.2	11483306	11483405	11482777	11483143	ATP8B3	XM_055247243.2	-	3	11483143	11483306	162	6
NC_072439.2	11679672	11680446	1	1	+	NC_072439.2	11679736	11679805	11679896	11680044	CSNK1G2	XM_055248677.2	+	1	11679805	11679896	90	2
NC_072439.2	11679672	11680446	1	1	+	NC_072439.2	11679896	11680044	11680168	11680402	CSNK1G2	XM_055248677.2	+	1	11680044	11680168	123	2
NC_072439.2	11747840	11748983	-2	1	-	NC_072439.2	11748747	11748941	11747925	11748089	MKNK2	XM_055248681.2	-	2	11748089	11748747	657	5
NC_072439.2	11822700	11824365	-1	1	-	NC_072439.2	11824141	11824340	11822702	11822775	AP3D1	XM_055248672.2	-	1	11822775	11824141	1365	4
NC_072439.2	11926588	11927467	2	1	+	NC_072439.2	11926613	11926714	11926916	11927053	DOT1L	XM_055248670.2	+	2	11926714	11926916	201	6
NC_072439.2	11964238	11965636	2	1	+	NC_072439.2	11964335	11964443	11964531	11964690	AMH	XM_055248676.2	+	2	11964443	11964531	87	1
NC_072439.2	11964238	11965636	2	1	+	NC_072439.2	11964531	11964690	11964781	11965636	AMH	XM_055248676.2	+	2	11964690	11964781	90	1
NC_072439.2	12137086	12138247	2	1	+	NC_072439.2	12137455	12137720	12137805	12137941	TMPRSS9	XM_055250234.2	+	2	12137720	12137805	84	2
NC_072439.2	12150984	12151752	-1	1	-	NC_072439.2	12151490	12151710	12151021	12151300	LMNB2	XM_055250243.2	-	1	12151300	12151490	189	3
NC_072439.2	12707897	12708467	3	1	+	NC_072439.2	12707898	12707964	12708073	12708149	TLE6	XM_055247174.2	+	3	12707964	12708073	108	4
NC_072439.2	12753202	12753925	-3	1	-	NC_072439.2	12753377	12753400	12753204	12753301	TLE2	XM_055247166.2	-	3	12753301	12753377	75	2
NC_072439.2	12840165	12840783	1	1	+	NC_072439.2	12840189	12840318	12840472	12840625	GNA11	XM_055247227.2	+	1	12840318	12840472	153	1
NC_072439.2	13002426	13003002	1	1	+	NC_072439.2	13002604	13002745	13002830	13002976	CELF5	XM_055248334.2	+	1	13002745	13002830	84	25
NC_072439.2	13002426	13003002	1	1	+	NC_072439.2	13002604	13002745	13002905	13002976	CELF5	XM_063620677.1	+	1	13002745	13002905	159	1
NC_072439.2	13006394	13006820	3	1	+	NC_072439.2	13006543	13006545	13006600	13006683	CELF5	XM_055248338.2	+	3	13006545	13006600	54	5
NC_072439.2	13266348	13266774	-1	1	-	NC_072439.2	13266649	13266741	13266466	13266558	MFSD12	XM_055247493.2	-	1	13266558	13266649	90	3
NC_072439.2	13310101	13313128	2	1	+	NC_072439.2	13310224	13312416	13312471	13313128	GIPC3	XM_055249592.2	+	2	13312416	13312471	54	1
NC_072439.2	13468666	13469269	-3	1	-	NC_072439.2	13469027	13469197	13468715	13468927	APBA3	XM_055248388.2	-	3	13468927	13469027	99	2
NC_072439.2	13501655	13502618	-2	1	-	NC_072439.2	13502367	13502426	13501881	13501994	MATK	XM_055250448.2	-	2	13501994	13502367	372	5
NC_072439.2	13501655	13502618	-2	1	-	NC_072439.2	13501881	13501994	13501657	13501772	MATK	XM_055250448.2	-	2	13501772	13501881	108	6
NC_072439.2	13501655	13502618	-2	1	-	NC_072439.2	13502367	13502375	13501881	13501994	MATK	XM_055250450.2	-	2	13501994	13502367	372	1
NC_072439.2	13551894	13552623	-1	1	-	NC_072439.2	13552353	13552571	13551997	13552250	ZFR2	XM_055250416.2	-	1	13552250	13552353	102	7
NC_072439.2	13761238	13761907	2	1	+	NC_072439.2	13761409	13761539	13761651	13761907	PIAS4	XM_055247292.2	+	2	13761539	13761651	111	2
NC_072439.2	13768043	13768514	-2	1	-	NC_072439.2	13768444	13768499	13768307	13768362	LOC134732825	XM_063619949.1	-	2	13768362	13768444	81	1
NC_072439.2	14049620	14050298	-2	1	-	NC_072439.2	14049920	14050090	14049740	14049832	STAP2	XM_055250462.2	-	2	14049832	14049920	87	8
NC_072439.2	14081222	14081663	3	1	+	NC_072439.2	14081331	14081403	14081479	14081555	MPND	XM_055249608.2	+	3	14081403	14081479	75	1
NC_072439.2	14225543	14226344	3	1	+	NC_072439.2	14225659	14225734	14225843	14226152	HDGFL2	XM_055249604.2	+	3	14225734	14225843	108	5
NC_072439.2	14287561	14288056	-3	1	-	NC_072439.2	14287979	14288039	14287769	14287831	SEMA6B	XM_055249601.2	-	3	14287831	14287979	147	3
NC_072439.2	14678618	14679137	3	1	+	NC_072439.2	14678636	14678759	14678847	14678954	UHRF1	XM_055251376.2	+	3	14678759	14678847	87	2
NC_072439.2	14864813	14866301	3	1	+	NC_072439.2	14864836	14865305	14865828	14865948	KDM4B	XM_055251323.2	+	3	14865305	14865828	522	7
NC_072439.2	14957314	14957881	-3	1	-	NC_072439.2	14957681	14957774	14957360	14957575	PTPRS	XM_055251313.2	-	3	14957575	14957681	105	7
NC_072439.2	15429062	15429800	3	1	+	NC_072439.2	15429138	15429507	15429613	15429707	LOC129466406	XM_063620781.1	+	3	15429507	15429613	105	3
NC_072439.2	15433249	15433795	-3	1	-	NC_072439.2	15433640	15433780	15433351	15433516	LONP1	XM_055249989.2	-	3	15433516	15433640	123	5
NC_072439.2	15720271	15720991	-3	1	-	NC_072439.2	15720908	15720973	15720491	15720589	PPP5C	XM_055249882.2	-	3	15720589	15720908	318	1
NC_072439.2	16040684	16041116	-2	1	-	NC_072439.2	16040909	16041048	16040686	16040764	CCDC61	XM_055248454.2	-	2	16040764	16040909	144	5
NC_072439.2	16206126	16206549	1	1	+	NC_072439.2	16206147	16206270	16206412	16206477	SYMPK	XM_055249452.2	+	1	16206270	16206412	141	1
NC_072439.2	16449855	16450590	1	1	+	NC_072439.2	16449899	16450053	16450204	16450329	EML2	XM_055249456.2	+	1	16450053	16450204	150	8
NC_072439.2	16566857	16567742	3	1	+	NC_072439.2	16566889	16567368	16567474	16567728	RTN2	XM_055251145.2	+	3	16567368	16567474	105	4
NC_072439.2	16574166	16574577	1	1	+	NC_072439.2	16574211	16574349	16574491	16574560	RTN2	XM_055251145.2	+	1	16574349	16574491	141	4
NC_072439.2	16669086	16670400	1	1	+	NC_072439.2	16669163	16669261	16669340	16669431	PPP1R13L	XM_055251118.2	+	1	16669261	16669340	78	3
NC_072439.2	16669086	16670400	1	1	+	NC_072439.2	16669340	16669431	16669711	16670203	PPP1R13L	XM_055251118.2	+	1	16669431	16669711	279	3
NC_072439.2	16715183	16715585	-2	1	-	NC_072439.2	16715348	16715438	16715232	16715269	KLC3	XM_055251152.2	-	2	16715269	16715348	78	1
NC_072439.2	16804637	16804949	-2	1	-	NC_072439.2	16804856	16804921	16804695	16804765	MARK4	XM_055251133.2	-	2	16804765	16804856	90	2
NC_072439.2	16924922	16925501	-2	1	-	NC_072439.2	16925294	16925435	16925028	16925194	PPP1R37	XM_055251136.2	-	2	16925194	16925294	99	1
NC_072439.2	16927780	16928335	-3	1	-	NC_072439.2	16928101	16928251	16927855	16928010	PPP1R37	XM_055251136.2	-	3	16928010	16928101	90	1
NC_072439.2	17241067	17241589	-3	1	-	NC_072439.2	17241164	17241281	17241068	17241070	BCAM	XM_055249583.2	-	3	17241070	17241164	93	2
NC_072439.2	17305266	17305758	-1	1	-	NC_072439.2	17305473	17305677	17305279	17305367	BCL3	XM_055247374.2	-	1	17305367	17305473	105	3
NC_072439.2	18413702	18414278	3	1	+	NC_072439.2	18413703	18413967	18414061	18414158	SMG9	XM_055249319.2	+	3	18413967	18414061	93	1
NC_072439.2	18676717	18677149	2	1	+	NC_072439.2	18676805	18676904	18677058	18677148	PHLDB3	XM_055249041.2	+	2	18676904	18677058	153	2
NC_072439.2	18677202	18678207	1	1	+	NC_072439.2	18677232	18677319	18677902	18677958	PHLDB3	XM_055249041.2	+	1	18677319	18677902	582	2
NC_072439.2	20161692	20162364	-1	1	-	NC_072439.2	20161957	20162058	20161773	20161857	TMEM145	XM_055250334.2	-	1	20161857	20161957	99	2
NC_072439.2	20161692	20162364	-1	1	-	NC_072439.2	20161999	20162058	20161773	20161857	TMEM145	XM_055250337.2	-	1	20161857	20161999	141	1
NC_072439.2	20175124	20175625	2	1	+	NC_072439.2	20175209	20175286	20175488	20175577	PAFAH1B3	XM_055250383.2	+	2	20175286	20175488	201	4
NC_072439.2	20184649	20185453	-3	1	-	NC_072439.2	20185126	20185419	20184704	20185029	CIC	XM_055250097.2	-	3	20185029	20185126	96	11
NC_072439.2	20184649	20185453	-3	1	-	NC_072439.2	20185126	20185419	20184704	20185026	CIC	XM_055250103.2	-	3	20185026	20185126	99	4
NC_072439.2	20184649	20185453	-3	1	-	NC_072439.2	20185126	20185416	20184704	20185029	CIC	XM_055250105.2	-	3	20185029	20185126	96	3
NC_072439.2	20184649	20185453	-3	1	-	NC_072439.2	20185126	20185416	20184704	20185026	CIC	XM_063620874.1	-	3	20185026	20185126	99	3
NC_072439.2	20185777	20186434	-3	1	-	NC_072439.2	20186240	20186427	20185779	20185900	CIC	XM_055250097.2	-	3	20185900	20186240	339	21
NC_072439.2	20241871	20242426	2	1	+	NC_072439.2	20241893	20241976	20242121	20242231	GSK3A	XM_055250345.2	+	2	20241976	20242121	144	1
NC_072439.2	20507612	20508065	3	1	+	NC_072439.2	20507674	20507849	20507928	20508064	ATP1A3	XM_055250110.2	+	3	20507849	20507928	78	4
NC_072439.2	20581313	20581934	-2	1	-	NC_072439.2	20581754	20581829	20581481	20581648	ARHGEF1	XM_055250132.2	-	2	20581648	20581754	105	7
NC_072439.2	20582075	20582720	-2	1	-	NC_072439.2	20582457	20582557	20582079	20582156	ARHGEF1	XM_055250132.2	-	2	20582156	20582457	300	7
NC_072439.2	20583383	20584040	-2	1	-	NC_072439.2	20583824	20583970	20583501	20583583	ARHGEF1	XM_055250132.2	-	2	20583583	20583824	240	7
NC_072439.2	20591358	20591973	-1	1	-	NC_072439.2	20591802	20591898	20591688	20591723	ARHGEF1	XM_055250132.2	-	1	20591723	20591802	78	7
NC_072439.2	21082940	21083819	-2	1	-	NC_072439.2	21083555	21083765	21083100	21083239	AXL	XM_055249914.2	-	2	21083239	21083555	315	3
NC_072439.2	21090344	21090809	-2	1	-	NC_072439.2	21090698	21090778	21090447	21090562	AXL	XM_055249914.2	-	2	21090562	21090698	135	3
NC_072439.2	21550329	21551106	-1	1	-	NC_072439.2	21550962	21551093	21550752	21550877	LTBP4	XM_055251242.2	-	1	21550877	21550962	84	5
NC_072439.2	21551938	21552883	-3	1	-	NC_072439.2	21552247	21552396	21552013	21552132	LTBP4	XM_055251242.2	-	3	21552132	21552247	114	5
NC_072439.2	21554081	21554480	-2	1	-	NC_072439.2	21554321	21554395	21554102	21554224	LTBP4	XM_055251242.2	-	2	21554224	21554321	96	5
NC_072439.2	21594756	21595248	-1	1	-	NC_072439.2	21595066	21595204	21594882	21594966	SPTBN4	XM_055251225.2	-	1	21594966	21595066	99	2
NC_072439.2	21796262	21796700	-2	1	-	NC_072439.2	21796668	21796694	21796494	21796568	PLD3	XM_055246881.2	-	2	21796568	21796668	99	21
NC_072439.2	21796262	21796700	-2	1	-	NC_072439.2	21796494	21796568	21796264	21796406	PLD3	XM_055246881.2	-	2	21796406	21796494	87	21
NC_072439.2	21945361	21945922	2	1	+	NC_072439.2	21945413	21945571	21945656	21945807	CCNP	XM_055246773.2	+	2	21945571	21945656	84	5
NC_072439.2	22301007	22301541	1	1	+	NC_072439.2	22301116	22301437	22301507	22301541	LOC129466397	XM_055249872.2	+	1	22301437	22301507	69	1
NC_072439.2	22323154	22324264	2	1	+	NC_072439.2	22323173	22323319	22323404	22323544	DYRK1B	XM_055248406.2	+	2	22323319	22323404	84	4
NC_072439.2	22323154	22324264	2	1	+	NC_072439.2	22323404	22323544	22323842	22324157	DYRK1B	XM_055248406.2	+	2	22323544	22323842	297	2
NC_072439.2	22323154	22324264	2	1	+	NC_072439.2	22323404	22323544	22323842	22323877	DYRK1B	XM_055248407.2	+	2	22323544	22323842	297	1
NC_072439.2	22323154	22324264	2	1	+	NC_072439.2	22323842	22323877	22323962	22324157	DYRK1B	XM_055248407.2	+	2	22323877	22323962	84	1
NC_072439.2	22323154	22324264	2	1	+	NC_072439.2	22323404	22323544	22323962	22324157	DYRK1B	XM_055248408.2	+	2	22323544	22323962	417	1
NC_072439.2	22563988	22564336	-3	1	-	NC_072439.2	22564157	22564231	22563989	22564063	SELENOV	XM_055247948.2	-	3	22564063	22564157	93	1
NC_072439.2	22563988	22564336	-3	1	-	NC_072439.2	22564157	22564231	22563990	22564063	SELENOV	XM_063621203.1	-	3	22564063	22564157	93	1
NC_072439.2	22596671	22597115	-2	1	-	NC_072439.2	22596966	22597070	22596762	22596860	TIMM50	XM_063620050.1	-	2	22596860	22596966	105	2
NC_072439.2	22623779	22624151	-2	1	-	NC_072439.2	22623967	22624036	22623781	22623849	SUPT5H	XM_055247825.2	-	2	22623849	22623967	117	2
NC_072439.2	22701179	22701827	3	1	+	NC_072439.2	22701243	22701333	22701412	22701827	PAF1	XM_055251407.2	+	3	22701333	22701412	78	5
NC_072439.2	22868547	22868811	-1	1	-	NC_072439.2	22868704	22868811	22868553	22868610	ACP7	XM_055250550.2	-	1	22868610	22868704	93	3
NC_072439.2	23069061	23070222	1	1	+	NC_072439.2	23069153	23069575	23069885	23070202	RINL	XM_055249805.2	+	1	23069575	23069885	309	8
NC_072439.2	23069061	23070222	1	1	+	NC_072439.2	23069153	23069397	23069494	23069575	RINL	XM_063621178.1	+	1	23069397	23069494	96	1
NC_072439.2	23069061	23070222	1	1	+	NC_072439.2	23069494	23069575	23069885	23070202	RINL	XM_063621178.1	+	1	23069575	23069885	309	1
NC_072439.2	23116215	23116683	1	1	+	NC_072439.2	23116345	23116393	23116580	23116644	ECH1	XM_055249083.2	+	1	23116393	23116580	186	1
NC_072439.2	23129782	23130247	2	1	+	NC_072439.2	23129857	23130022	23130104	23130247	LGALS4	XM_055247812.2	+	2	23130022	23130104	81	1
NC_072439.2	23220095	23220815	3	1	+	NC_072439.2	23220175	23220245	23220357	23220419	CAPN12	XM_055250971.2	+	3	23220245	23220357	111	1
NC_072439.2	23223886	23224519	2	1	+	NC_072439.2	23223918	23224034	23224119	23224177	CAPN12	XM_055250971.2	+	2	23224034	23224119	84	1
NC_072439.2	23226054	23227230	-1	1	-	NC_072439.2	23227033	23227113	23226676	23226741	ACTN4	XM_055250961.2	-	1	23226741	23227033	291	2
NC_072439.2	23346248	23346620	3	1	+	NC_072439.2	23346310	23346368	23346447	23346490	MAP4K1	XM_055250969.2	+	3	23346368	23346447	78	2
NC_072439.2	23447499	23447904	-1	1	-	NC_072439.2	23447815	23447882	23447597	23447718	RYR1	XM_055250597.2	-	1	23447718	23447815	96	3
NC_072439.2	23460919	23462239	-3	1	-	NC_072439.2	23461991	23462105	23461771	23461903	RYR1	XM_055250597.2	-	3	23461903	23461991	87	3
NC_072439.2	23588810	23589542	-2	1	-	NC_072439.2	23589342	23589441	23588811	23589074	CATSPERG	XM_055248055.2	-	2	23589074	23589342	267	9
NC_072439.2	23592032	23592494	-2	1	-	NC_072439.2	23592317	23592473	23592057	23592175	CATSPERG	XM_055248060.2	-	2	23592175	23592317	141	1
NC_072439.2	31965925	31966486	2	1	+	NC_072439.2	31966001	31966146	31966279	31966423	AVIL	XM_055247697.1	+	2	31966146	31966279	132	1
NC_072439.2	32145231	32145702	1	1	+	NC_072439.2	32145260	32145358	32145503	32145693	B4GALNT1	XM_055248020.2	+	1	32145358	32145503	144	6
NC_072439.2	32160297	32160837	-1	1	-	NC_072439.2	32160658	32160724	32160299	32160402	ARHGEF25	XM_055248176.1	-	1	32160402	32160658	255	5
NC_072439.2	32210933	32211335	-2	1	-	NC_072439.2	32211227	32211314	32211060	32211133	KIF5A	XM_055248398.2	-	2	32211133	32211227	93	3
NC_072439.2	32248249	32248882	-3	1	-	NC_072439.2	32248409	32248825	32248251	32248303	MBD6	XM_055248880.2	-	3	32248303	32248409	105	6
NC_072439.2	32248249	32248882	-3	1	-	NC_072439.2	32248409	32248822	32248251	32248303	MBD6	XM_055248886.2	-	3	32248303	32248409	105	3
NC_072439.2	32250574	32252095	-3	1	-	NC_072439.2	32251855	32252017	32250580	32251620	MBD6	XM_055248880.2	-	3	32251620	32251855	234	9
NC_072439.2	32276438	32277005	-2	1	-	NC_072439.2	32276797	32276913	32276440	32276643	MARS1	XM_055249011.2	-	2	32276643	32276797	153	5
NC_072439.2	32297003	32297390	3	1	+	NC_072439.2	32297004	32297145	32297230	32297337	ARHGAP9	XM_055248892.2	+	3	32297145	32297230	84	13
NC_072439.2	32589524	32590445	-2	1	-	NC_072439.2	32589911	32590039	32589530	32589649	LRP1	XM_055247445.2	-	2	32589649	32589911	261	1
NC_072439.2	32734819	32735209	2	1	+	NC_072439.2	32734874	32734987	32735093	32735208	MYO1A	XM_055247742.2	+	2	32734987	32735093	105	1
NC_072439.2	33417666	33418194	1	1	+	NC_072439.2	33417685	33417783	33417886	33418021	STAT2	XM_055246816.2	+	1	33417783	33417886	102	2
NC_072439.2	33599770	33600463	2	1	+	NC_072439.2	33600064	33600145	33600239	33600331	SMARCC2	XM_055247703.2	+	2	33600145	33600239	93	16
NC_072439.2	33768583	33769111	-3	1	-	NC_072439.2	33769061	33769063	33768628	33768805	RPS26	XM_055249098.2	-	3	33768805	33769061	255	1
NC_072439.2	33876773	33877769	-2	1	-	NC_072439.2	33877371	33877420	33876942	33877016	DGKA	XM_055247563.2	-	2	33877016	33877371	354	8
NC_072439.2	33876773	33877769	-2	1	-	NC_072439.2	33877233	33877420	33876942	33877016	DGKA	XM_063621400.1	-	2	33877016	33877233	216	1
NC_072439.2	33876773	33877769	-2	1	-	NC_072439.2	33877371	33877420	33876942	33876992	DGKA	XM_063621402.1	-	2	33876992	33877371	378	1
NC_072439.2	33876773	33877769	-2	1	-	NC_072439.2	33877233	33877293	33876942	33877016	DGKA	XM_063621406.1	-	2	33877016	33877233	216	1
NC_072439.2	34950148	34950730	2	1	+	NC_072439.2	34950267	34950379	34950512	34950632	ITGA5	XM_055247429.2	+	2	34950379	34950512	132	1
NC_072439.2	34950755	34951121	3	1	+	NC_072439.2	34950910	34950971	34951062	34951107	ITGA5	XM_055247429.2	+	3	34950971	34951062	90	1
NC_072439.2	35884381	35884675	2	1	+	NC_072439.2	35884398	35884519	35884652	35884675	LOC129466127	XM_063621480.1	+	2	35884519	35884652	132	1
NC_072439.2	36194441	36195056	3	1	+	NC_072439.2	36194515	36194675	36194874	36195050	RARG	XM_055248584.2	+	3	36194675	36194874	198	3
NC_072439.2	36550269	36550668	1	1	+	NC_072439.2	36550303	36550356	36550453	36550667	KRT78	XM_055250594.2	+	1	36550356	36550453	96	1
NC_072439.2	36964515	36965028	1	1	+	NC_072439.2	36964540	36964665	36964807	36965027	KRT75	XM_055247497.2	+	1	36964665	36964807	141	1
NC_072439.2	37226163	37226625	1	1	+	NC_072439.2	37226313	37226368	37226504	37226625	KRT80	XM_055248791.1	+	1	37226368	37226504	135	1
NC_072439.2	41451441	41460963	1	1	+	NC_072439.2	41451512	41456988	41457019	41460943	MUC19	XM_063619954.1	+	1	41456988	41457019	30	1
NC_072439.2	41481082	41481367	2	1	+	NC_072439.2	41481105	41481158	41481279	41481332	MUC19	XM_063619954.1	+	2	41481158	41481279	120	1
NC_072439.2	45959553	45959967	-1	1	-	NC_072439.2	45959913	45959964	45959631	45959759	NELL2	XM_055246789.2	-	1	45959759	45959913	153	1
NC_072439.2	51530526	51530871	-1	1	-	NC_072439.2	51530787	51530853	51530619	51530696	COMMD2	XM_055247821.2	-	1	51530696	51530787	90	1
NC_072439.2	59212028	59212814	-2	1	-	NC_072439.2	59212461	59212763	59212083	59212157	CCNL1	XM_063620309.1	-	2	59212157	59212461	303	3
NC_072439.2	85879153	85879933	2	1	+	NC_072439.2	85879242	85879373	85879560	85879727	DVL3	XM_063620459.1	+	2	85879373	85879560	186	4
NC_072439.2	85900648	85900936	2	1	+	NC_072439.2	85900711	85900791	85900876	85900935	ABCF3	XM_063621882.1	+	2	85900791	85900876	84	4
NC_072439.2	85942769	85943462	3	1	+	NC_072439.2	85942866	85943004	85943089	85943259	VWA5B2	XM_063621862.1	+	3	85943004	85943089	84	5
NC_072439.2	85953493	85954456	2	1	+	NC_072439.2	85953609	85953826	85953911	85954456	VWA5B2	XM_063621862.1	+	2	85953826	85953911	84	5
NC_072439.2	86043905	86044388	3	1	+	NC_072439.2	86044014	86044112	86044221	86044355	EIF4G1	XM_063621851.1	+	3	86044112	86044221	108	11
NC_072439.2	86070889	86071702	-3	1	-	NC_072439.2	86071109	86071242	86070926	86071003	CLCN2	XM_063621873.1	-	3	86071003	86071109	105	4
NC_072439.2	86094187	86094823	2	1	+	NC_072439.2	86094272	86094401	86094534	86094662	CHRD	XM_063621868.1	+	2	86094401	86094534	132	4
NC_072439.2	86282216	86283272	3	1	+	NC_072439.2	86282475	86282690	86282802	86282951	EPHB3	XM_063620465.1	+	3	86282690	86282802	111	1
NC_072439.2	86282216	86283272	3	1	+	NC_072439.2	86282802	86282951	86283045	86283238	EPHB3	XM_063620465.1	+	3	86282951	86283045	93	1
NC_072439.2	87802468	87803107	-3	1	-	NC_072439.2	87802931	87803049	87802708	87802795	ETV5	XM_063620466.1	-	3	87802795	87802931	135	1
NC_072439.2	87802468	87803107	-3	1	-	NC_072439.2	87802708	87802795	87802531	87802578	ETV5	XM_063620466.1	-	3	87802578	87802708	129	2
NC_072439.2	87802468	87803107	-3	1	-	NC_072439.2	87802931	87802975	87802708	87802795	ETV5	XM_063620467.1	-	3	87802795	87802931	135	1
NC_072439.2	96381529	96382006	-3	1	-	NC_072439.2	96381905	96382006	96381671	96381814	LSG1	XM_063622001.1	-	3	96381814	96381905	90	2
NC_072439.2	97691921	97693709	3	1	+	NC_072439.2	97692079	97693478	97693575	97693670	TNK2	XM_063622066.1	+	3	97693478	97693575	96	36
NC_072439.2	97691921	97693709	3	1	+	NC_072439.2	97692079	97693478	97693581	97693670	TNK2	XM_063622067.1	+	3	97693478	97693581	102	5
NC_072439.2	97691921	97693709	3	1	+	NC_072439.2	97692079	97693478	97693704	97693709	TNK2	XM_063622110.1	+	3	97693478	97693704	225	1
NC_072439.2	97768139	97774187	3	1	+	NC_072439.2	97768252	97769211	97769500	97771707	MUC4	XM_063622016.1	+	3	97769211	97769500	288	1
NC_072439.2	97768139	97774187	3	1	+	NC_072439.2	97769500	97771707	97771756	97771947	MUC4	XM_063622016.1	+	3	97771707	97771756	48	1
NC_072439.2	97768139	97774187	3	1	+	NC_072439.2	97771756	97771947	97771996	97773579	MUC4	XM_063622016.1	+	3	97771947	97771996	48	17
NC_072439.2	97768139	97774187	3	1	+	NC_072439.2	97771996	97773579	97773628	97773999	MUC4	XM_063622016.1	+	3	97773579	97773628	48	18
NC_072439.2	97768139	97774187	3	1	+	NC_072439.2	97768252	97769211	97769500	97771995	MUC4	XM_063622017.1	+	3	97769211	97769500	288	11
NC_072439.2	97768139	97774187	3	1	+	NC_072439.2	97769500	97771995	97772092	97772139	MUC4	XM_063622017.1	+	3	97771995	97772092	96	11
NC_072439.2	97768139	97774187	3	1	+	NC_072439.2	97772092	97772139	97772188	97773003	MUC4	XM_063622017.1	+	3	97772139	97772188	48	1
NC_072439.2	97768139	97774187	3	1	+	NC_072439.2	97772188	97773003	97773052	97773999	MUC4	XM_063622017.1	+	3	97773003	97773052	48	1
NC_072439.2	97768139	97774187	3	1	+	NC_072439.2	97768252	97769211	97769500	97770747	MUC4	XM_063622018.1	+	3	97769211	97769500	288	15
NC_072439.2	97768139	97774187	3	1	+	NC_072439.2	97769500	97770747	97770796	97771083	MUC4	XM_063622018.1	+	3	97770747	97770796	48	2
NC_072439.2	97768139	97774187	3	1	+	NC_072439.2	97770796	97771083	97771180	97773579	MUC4	XM_063622018.1	+	3	97771083	97771180	96	1
NC_072439.2	97768139	97774187	3	1	+	NC_072439.2	97771180	97773579	97773628	97773999	MUC4	XM_063622018.1	+	3	97773579	97773628	48	3
NC_072439.2	97768139	97774187	3	1	+	NC_072439.2	97768252	97769211	97769500	97770315	MUC4	XM_063622019.1	+	3	97769211	97769500	288	4
NC_072439.2	97768139	97774187	3	1	+	NC_072439.2	97769500	97770315	97770364	97770459	MUC4	XM_063622019.1	+	3	97770315	97770364	48	3
NC_072439.2	97768139	97774187	3	1	+	NC_072439.2	97770364	97770459	97770604	97773579	MUC4	XM_063622019.1	+	3	97770459	97770604	144	1
NC_072439.2	97768139	97774187	3	1	+	NC_072439.2	97770604	97773579	97773628	97773999	MUC4	XM_063622019.1	+	3	97773579	97773628	48	5
NC_072439.2	97768139	97774187	3	1	+	NC_072439.2	97768252	97769211	97769500	97770219	MUC4	XM_063622020.1	+	3	97769211	97769500	288	2
NC_072439.2	97768139	97774187	3	1	+	NC_072439.2	97769500	97770219	97770364	97770411	MUC4	XM_063622020.1	+	3	97770219	97770364	144	1
NC_072439.2	97768139	97774187	3	1	+	NC_072439.2	97770364	97770411	97770460	97773579	MUC4	XM_063622020.1	+	3	97770411	97770460	48	1
NC_072439.2	97768139	97774187	3	1	+	NC_072439.2	97770460	97773579	97773628	97773999	MUC4	XM_063622020.1	+	3	97773579	97773628	48	1
NC_072439.2	97768139	97774187	3	1	+	NC_072439.2	97772092	97772139	97772188	97773387	MUC4	XM_063622021.1	+	3	97772139	97772188	48	2
NC_072439.2	97768139	97774187	3	1	+	NC_072439.2	97772188	97773387	97773484	97773579	MUC4	XM_063622021.1	+	3	97773387	97773484	96	1
NC_072439.2	97768139	97774187	3	1	+	NC_072439.2	97773484	97773579	97773628	97773999	MUC4	XM_063622021.1	+	3	97773579	97773628	48	1
NC_072439.2	97768139	97774187	3	1	+	NC_072439.2	97772092	97772139	97772188	97772379	MUC4	XM_063622022.1	+	3	97772139	97772188	48	2
NC_072439.2	97768139	97774187	3	1	+	NC_072439.2	97772188	97772379	97772524	97773999	MUC4	XM_063622022.1	+	3	97772379	97772524	144	1
NC_072439.2	97768139	97774187	3	1	+	NC_072439.2	97768252	97769211	97769500	97771275	MUC4	XM_063622023.1	+	3	97769211	97769500	288	4
NC_072439.2	97768139	97774187	3	1	+	NC_072439.2	97769500	97771275	97771324	97771611	MUC4	XM_063622023.1	+	3	97771275	97771324	48	1
NC_072439.2	97768139	97774187	3	1	+	NC_072439.2	97771324	97771611	97771756	97771947	MUC4	XM_063622023.1	+	3	97771611	97771756	144	9
NC_072439.2	97768139	97774187	3	1	+	NC_072439.2	97769500	97770315	97770364	97770411	MUC4	XM_063622024.1	+	3	97770315	97770364	48	1
NC_072439.2	97768139	97774187	3	1	+	NC_072439.2	97770364	97770411	97770604	97773579	MUC4	XM_063622024.1	+	3	97770411	97770604	192	2
NC_072439.2	97768139	97774187	3	1	+	NC_072439.2	97770364	97770459	97770652	97773579	MUC4	XM_063622025.1	+	3	97770459	97770652	192	1
NC_072439.2	97768139	97774187	3	1	+	NC_072439.2	97770652	97773579	97773628	97773999	MUC4	XM_063622025.1	+	3	97773579	97773628	48	1
NC_072439.2	97768139	97774187	3	1	+	NC_072439.2	97768252	97769211	97769500	97769595	MUC4	XM_063622026.1	+	3	97769211	97769500	288	3
NC_072439.2	97768139	97774187	3	1	+	NC_072439.2	97769500	97769595	97769692	97769739	MUC4	XM_063622026.1	+	3	97769595	97769692	96	3
NC_072439.2	97768139	97774187	3	1	+	NC_072439.2	97769692	97769739	97769788	97770027	MUC4	XM_063622026.1	+	3	97769739	97769788	48	1
NC_072439.2	97768139	97774187	3	1	+	NC_072439.2	97769788	97770027	97770124	97773579	MUC4	XM_063622026.1	+	3	97770027	97770124	96	1
NC_072439.2	97768139	97774187	3	1	+	NC_072439.2	97770124	97773579	97773628	97773999	MUC4	XM_063622026.1	+	3	97773579	97773628	48	2
NC_072439.2	97768139	97774187	3	1	+	NC_072439.2	97769500	97770219	97770316	97770459	MUC4	XM_063622027.1	+	3	97770219	97770316	96	1
NC_072439.2	97768139	97774187	3	1	+	NC_072439.2	97770316	97770459	97770604	97773579	MUC4	XM_063622027.1	+	3	97770459	97770604	144	1
NC_072439.2	97768139	97774187	3	1	+	NC_072439.2	97772188	97773387	97773484	97773531	MUC4	XM_063622028.1	+	3	97773387	97773484	96	1
NC_072439.2	97768139	97774187	3	1	+	NC_072439.2	97773484	97773531	97773628	97773999	MUC4	XM_063622028.1	+	3	97773531	97773628	96	1
NC_072439.2	97768139	97774187	3	1	+	NC_072439.2	97769500	97770747	97770796	97770939	MUC4	XM_063622029.1	+	3	97770747	97770796	48	4
NC_072439.2	97768139	97774187	3	1	+	NC_072439.2	97770796	97770939	97771180	97773579	MUC4	XM_063622029.1	+	3	97770939	97771180	240	1
NC_072439.2	97768139	97774187	3	1	+	NC_072439.2	97770364	97770459	97770700	97773579	MUC4	XM_063622030.1	+	3	97770459	97770700	240	1
NC_072439.2	97768139	97774187	3	1	+	NC_072439.2	97770700	97773579	97773628	97773999	MUC4	XM_063622030.1	+	3	97773579	97773628	48	1
NC_072439.2	97768139	97774187	3	1	+	NC_072439.2	97772092	97772139	97772188	97773579	MUC4	XM_063622031.1	+	3	97772139	97772188	48	1
NC_072439.2	97768139	97774187	3	1	+	NC_072439.2	97772188	97773579	97773628	97773675	MUC4	XM_063622031.1	+	3	97773579	97773628	48	1
NC_072439.2	97768139	97774187	3	1	+	NC_072439.2	97773628	97773675	97773868	97773999	MUC4	XM_063622031.1	+	3	97773675	97773868	192	1
NC_072439.2	97768139	97774187	3	1	+	NC_072439.2	97769500	97771275	97771420	97771611	MUC4	XM_063622032.1	+	3	97771275	97771420	144	1
NC_072439.2	97768139	97774187	3	1	+	NC_072439.2	97771420	97771611	97771756	97771947	MUC4	XM_063622032.1	+	3	97771611	97771756	144	2
NC_072439.2	97768139	97774187	3	1	+	NC_072439.2	97769500	97771275	97771324	97771371	MUC4	XM_063622033.1	+	3	97771275	97771324	48	1
NC_072439.2	97768139	97774187	3	1	+	NC_072439.2	97771324	97771371	97771468	97771611	MUC4	XM_063622033.1	+	3	97771371	97771468	96	2
NC_072439.2	97768139	97774187	3	1	+	NC_072439.2	97771468	97771611	97771756	97771947	MUC4	XM_063622033.1	+	3	97771611	97771756	144	3
NC_072439.2	97768139	97774187	3	1	+	NC_072439.2	97769692	97769739	97769932	97770027	MUC4	XM_063622034.1	+	3	97769739	97769932	192	1
NC_072439.2	97768139	97774187	3	1	+	NC_072439.2	97769932	97770027	97770124	97773579	MUC4	XM_063622034.1	+	3	97770027	97770124	96	1
NC_072439.2	97768139	97774187	3	1	+	NC_072439.2	97768252	97769211	97769500	97770171	MUC4	XM_063622035.1	+	3	97769211	97769500	288	1
NC_072439.2	97768139	97774187	3	1	+	NC_072439.2	97769500	97770171	97770364	97770411	MUC4	XM_063622035.1	+	3	97770171	97770364	192	1
NC_072439.2	97768139	97774187	3	1	+	NC_072439.2	97772092	97772139	97772188	97773099	MUC4	XM_063622036.1	+	3	97772139	97772188	48	3
NC_072439.2	97768139	97774187	3	1	+	NC_072439.2	97772188	97773099	97773340	97773387	MUC4	XM_063622036.1	+	3	97773099	97773340	240	2
NC_072439.2	97768139	97774187	3	1	+	NC_072439.2	97773340	97773387	97773484	97773999	MUC4	XM_063622036.1	+	3	97773387	97773484	96	1
NC_072439.2	97768139	97774187	3	1	+	NC_072439.2	97769500	97771275	97771324	97771467	MUC4	XM_063622037.1	+	3	97771275	97771324	48	1
NC_072439.2	97768139	97774187	3	1	+	NC_072439.2	97771324	97771467	97771804	97771947	MUC4	XM_063622037.1	+	3	97771467	97771804	336	1
NC_072439.2	97768139	97774187	3	1	+	NC_072439.2	97771804	97771947	97771996	97773579	MUC4	XM_063622037.1	+	3	97771947	97771996	48	1
NC_072439.2	97768139	97774187	3	1	+	NC_072439.2	97772188	97772379	97772716	97773999	MUC4	XM_063622038.1	+	3	97772379	97772716	336	1
NC_072439.2	97768139	97774187	3	1	+	NC_072439.2	97769500	97770747	97770796	97771131	MUC4	XM_063622039.1	+	3	97770747	97770796	48	2
NC_072439.2	97768139	97774187	3	1	+	NC_072439.2	97770796	97771131	97771324	97771611	MUC4	XM_063622039.1	+	3	97771131	97771324	192	1
NC_072439.2	97768139	97774187	3	1	+	NC_072439.2	97770796	97771083	97771324	97771611	MUC4	XM_063622040.1	+	3	97771083	97771324	240	1
NC_072439.2	97768139	97774187	3	1	+	NC_072439.2	97770796	97771131	97771372	97771611	MUC4	XM_063622041.1	+	3	97771131	97771372	240	1
NC_072439.2	97768139	97774187	3	1	+	NC_072439.2	97771372	97771611	97771756	97771947	MUC4	XM_063622041.1	+	3	97771611	97771756	144	1
NC_072439.2	97768139	97774187	3	1	+	NC_072439.2	97769692	97769739	97769932	97769979	MUC4	XM_063622042.1	+	3	97769739	97769932	192	1
NC_072439.2	97768139	97774187	3	1	+	NC_072439.2	97769932	97769979	97770172	97773579	MUC4	XM_063622042.1	+	3	97769979	97770172	192	1
NC_072439.2	97768139	97774187	3	1	+	NC_072439.2	97770172	97773579	97773628	97773999	MUC4	XM_063622042.1	+	3	97773579	97773628	48	1
NC_072439.2	97768139	97774187	3	1	+	NC_072439.2	97769500	97770747	97770796	97770987	MUC4	XM_063622043.1	+	3	97770747	97770796	48	2
NC_072439.2	97768139	97774187	3	1	+	NC_072439.2	97770796	97770987	97771084	97771131	MUC4	XM_063622043.1	+	3	97770987	97771084	96	1
NC_072439.2	97768139	97774187	3	1	+	NC_072439.2	97771084	97771131	97771324	97771611	MUC4	XM_063622043.1	+	3	97771131	97771324	192	1
NC_072439.2	97768139	97774187	3	1	+	NC_072439.2	97768252	97769211	97769500	97769739	MUC4	XM_063622044.1	+	3	97769211	97769500	288	3
NC_072439.2	97768139	97774187	3	1	+	NC_072439.2	97769500	97769739	97769932	97769979	MUC4	XM_063622044.1	+	3	97769739	97769932	192	2
NC_072439.2	97768139	97774187	3	1	+	NC_072439.2	97769932	97769979	97770220	97770267	MUC4	XM_063622044.1	+	3	97769979	97770220	240	2
NC_072439.2	97768139	97774187	3	1	+	NC_072439.2	97770220	97770267	97770364	97773579	MUC4	XM_063622044.1	+	3	97770267	97770364	96	1
NC_072439.2	97768139	97774187	3	1	+	NC_072439.2	97770364	97773579	97773628	97773999	MUC4	XM_063622044.1	+	3	97773579	97773628	48	1
NC_072439.2	97768139	97774187	3	1	+	NC_072439.2	97773340	97773387	97773628	97773999	MUC4	XM_063622045.1	+	3	97773387	97773628	240	2
NC_072439.2	97768139	97774187	3	1	+	NC_072439.2	97770796	97770987	97771324	97771611	MUC4	XM_063622046.1	+	3	97770987	97771324	336	1
NC_072439.2	97768139	97774187	3	1	+	NC_072439.2	97770796	97770939	97771180	97771227	MUC4	XM_063622047.1	+	3	97770939	97771180	240	1
NC_072439.2	97768139	97774187	3	1	+	NC_072439.2	97771180	97771227	97771324	97771611	MUC4	XM_063622047.1	+	3	97771227	97771324	96	1
NC_072439.2	97768139	97774187	3	1	+	NC_072439.2	97772092	97772139	97772284	97772331	MUC4	XM_063622048.1	+	3	97772139	97772284	144	1
NC_072439.2	97768139	97774187	3	1	+	NC_072439.2	97772284	97772331	97772764	97773999	MUC4	XM_063622048.1	+	3	97772331	97772764	432	1
NC_072439.2	97768139	97774187	3	1	+	NC_072439.2	97770796	97770939	97771324	97771611	MUC4	XM_063622049.1	+	3	97770939	97771324	384	1
NC_072439.2	97768139	97774187	3	1	+	NC_072439.2	97768252	97769211	97769500	97771227	MUC4	XM_063622050.1	+	3	97769211	97769500	288	2
NC_072439.2	97768139	97774187	3	1	+	NC_072439.2	97769500	97771227	97771324	97771371	MUC4	XM_063622050.1	+	3	97771227	97771324	96	1
NC_072439.2	97768139	97774187	3	1	+	NC_072439.2	97771324	97771371	97771900	97771995	MUC4	XM_063622050.1	+	3	97771371	97771900	528	1
NC_072439.2	97768139	97774187	3	1	+	NC_072439.2	97771900	97771995	97772092	97772139	MUC4	XM_063622050.1	+	3	97771995	97772092	96	3
NC_072439.2	97768139	97774187	3	1	+	NC_072439.2	97772092	97772139	97772188	97773999	MUC4	XM_063622050.1	+	3	97772139	97772188	48	3
NC_072439.2	97768139	97774187	3	1	+	NC_072439.2	97769500	97770747	97770940	97770987	MUC4	XM_063622051.1	+	3	97770747	97770940	192	2
NC_072439.2	97768139	97774187	3	1	+	NC_072439.2	97770940	97770987	97771324	97771611	MUC4	XM_063622051.1	+	3	97770987	97771324	336	1
NC_072439.2	97768139	97774187	3	1	+	NC_072439.2	97770796	97770939	97771324	97771371	MUC4	XM_063622052.1	+	3	97770939	97771324	384	1
NC_072439.2	97768139	97774187	3	1	+	NC_072439.2	97772092	97772139	97772188	97772907	MUC4	XM_063622053.1	+	3	97772139	97772188	48	1
NC_072439.2	97768139	97774187	3	1	+	NC_072439.2	97772188	97772907	97773340	97773387	MUC4	XM_063622053.1	+	3	97772907	97773340	432	1
NC_072439.2	97768139	97774187	3	1	+	NC_072439.2	97769500	97771227	97771900	97771995	MUC4	XM_063622054.1	+	3	97771227	97771900	672	1
NC_072439.2	97768139	97774187	3	1	+	NC_072439.2	97770220	97770267	97770604	97773579	MUC4	XM_063622055.1	+	3	97770267	97770604	336	1
NC_072439.2	97768139	97774187	3	1	+	NC_072439.2	97772188	97773099	97773244	97773291	MUC4	XM_063622056.1	+	3	97773099	97773244	144	1
NC_072439.2	97768139	97774187	3	1	+	NC_072439.2	97773244	97773291	97773868	97773999	MUC4	XM_063622056.1	+	3	97773291	97773868	576	1
NC_072439.2	97768139	97774187	3	1	+	NC_072439.2	97768252	97769211	97769500	97770699	MUC4	XM_063622057.1	+	3	97769211	97769500	288	2
NC_072439.2	97768139	97774187	3	1	+	NC_072439.2	97769500	97770699	97771324	97771611	MUC4	XM_063622057.1	+	3	97770699	97771324	624	1
NC_072439.2	97768139	97774187	3	1	+	NC_072439.2	97769500	97770747	97771468	97771611	MUC4	XM_063622058.1	+	3	97770747	97771468	720	1
NC_072439.2	97768139	97774187	3	1	+	NC_072439.2	97769500	97770699	97771420	97771611	MUC4	XM_063622059.1	+	3	97770699	97771420	720	1
NC_072439.2	97768139	97774187	3	1	+	NC_072439.2	97770940	97770987	97771324	97771371	MUC4	XM_063622060.1	+	3	97770987	97771324	336	1
NC_072439.2	97768139	97774187	3	1	+	NC_072439.2	97771324	97771371	97771756	97771947	MUC4	XM_063622060.1	+	3	97771371	97771756	384	1
NC_072439.2	97768139	97774187	3	1	+	NC_072439.2	97769500	97770747	97771900	97771995	MUC4	XM_063622061.1	+	3	97770747	97771900	1152	1
NC_072439.2	97768139	97774187	3	1	+	NC_072439.2	97769500	97769739	97769788	97769979	MUC4	XM_063622062.1	+	3	97769739	97769788	48	1
NC_072439.2	97768139	97774187	3	1	+	NC_072439.2	97769788	97769979	97771180	97773579	MUC4	XM_063622062.1	+	3	97769979	97771180	1200	1
NC_072439.2	97768139	97774187	3	1	+	NC_072439.2	97769500	97770747	97771900	97771947	MUC4	XM_063622063.1	+	3	97770747	97771900	1152	1
NC_072439.2	97768139	97774187	3	1	+	NC_072439.2	97771900	97771947	97772044	97772139	MUC4	XM_063622063.1	+	3	97771947	97772044	96	1
NC_072439.2	97768139	97774187	3	1	+	NC_072439.2	97772044	97772139	97772716	97773999	MUC4	XM_063622063.1	+	3	97772139	97772716	576	1
NC_072439.2	97949062	97950163	2	1	+	NC_072439.2	97949746	97949967	97950163	97950163	LOC129489121	XM_063619976.1	+	2	97949967	97950163	195	1
NC_072440.2	100528182	100528596	-1	1	-	NC_072440.2	100528507	100528584	100528285	100528377	LPIN1	XM_055251553.2	-	1	100528377	100528507	129	1
NC_072440.2	101137506	101138070	1	1	+	NC_072440.2	101137507	101137768	101137856	101138069	ROCK2	XM_055253796.2	+	1	101137768	101137856	87	1
NC_072440.2	102196127	102196724	-2	1	-	NC_072440.2	102196395	102196628	102196239	102196313	RRM2	XM_055254348.2	-	2	102196313	102196395	81	1
NC_072440.2	14523930	14524533	1	1	+	NC_072440.2	14524033	14524110	14524405	14524506	KIAA0930	XM_055254128.2	+	1	14524110	14524405	294	4
NC_072440.2	14830859	14831510	3	1	+	NC_072440.2	14830905	14830980	14831314	14831417	PHF21B	XM_055252106.2	+	3	14830980	14831314	333	3
NC_072440.2	15817701	15818310	1	1	+	NC_072440.2	15817702	15817820	15818106	15818286	PNPLA5	XM_055252522.2	+	1	15817820	15818106	285	1
NC_072440.2	18230921	18231659	-2	1	-	NC_072440.2	18231510	18231632	18231123	18231278	ACO2	XM_055253051.2	-	2	18231278	18231510	231	5
NC_072440.2	19380570	19381305	-1	1	-	NC_072440.2	19380925	19381052	19380685	19380840	SGSM3	XM_055252764.2	-	1	19380840	19380925	84	28
NC_072440.2	19428775	19429222	-3	1	-	NC_072440.2	19429129	19429198	19428834	19428981	ADSL	XM_055252788.1	-	3	19428981	19429129	147	6
NC_072440.2	20743105	20743645	-3	1	-	NC_072440.2	20743397	20743512	20743106	20743117	LOC129468129	XM_055253294.2	-	3	20743117	20743397	279	1
NC_072440.2	20966689	20967385	-3	1	-	NC_072440.2	20967110	20967254	20966822	20967004	GTPBP1	XM_055253271.2	-	3	20967004	20967110	105	3
NC_072440.2	22016987	22017875	-2	1	-	NC_072440.2	22017723	22017834	22017556	22017632	SH3BP1	XM_055251642.2	-	2	22017632	22017723	90	3
NC_072440.2	22036866	22037409	-1	1	-	NC_072440.2	22037110	22037250	22036944	22037025	GGA1	XM_055251633.2	-	1	22037025	22037110	84	9
NC_072440.2	22167964	22168675	2	1	+	NC_072440.2	22168083	22168241	22168335	22168450	CARD10	XM_055253576.2	+	2	22168241	22168335	93	2
NC_072440.2	24453246	24453900	-1	1	-	NC_072440.2	24453762	24453900	24453568	24453677	SMG1	XM_055253810.2	-	1	24453677	24453762	84	3
NC_072440.2	25829605	25830355	-3	1	-	NC_072440.2	25830026	25830124	25829816	25829920	ANKDD1B	XM_055252259.2	-	3	25829920	25830026	105	1
NC_072440.2	46730618	46731170	-2	1	-	NC_072440.2	46731011	46731125	46730721	46730848	ITGA2	XM_063622351.1	-	2	46730848	46731011	162	1
NC_072440.2	54227161	54227722	2	1	+	NC_072440.2	54227207	54227261	54227379	54227722	LOC129467928	unassigned_transcript_323	+	2	54227261	54227379	117	1
NC_072440.2	55049027	55049540	3	1	+	NC_072440.2	55049043	55049052	55049242	55049521	LOC129467484	XM_055252006.2	+	3	55049052	55049242	189	1
NC_072440.2	55653656	55654118	-2	1	-	NC_072440.2	55653920	55653993	55653657	55653838	MICAL3	XM_055253676.2	-	2	55653838	55653920	81	14
NC_072440.2	56070501	56070963	-1	1	-	NC_072440.2	56070762	56070850	56070502	56070686	PRODH	XM_055251702.2	-	1	56070686	56070762	75	6
NC_072440.2	56290969	56291413	2	1	+	NC_072440.2	56291054	56291163	56291242	56291402	DGCR6L	XM_055253664.2	+	2	56291163	56291242	78	1
NC_072440.2	56463416	56463797	3	1	+	NC_072440.2	56463428	56463485	56463747	56463796	CCDC188	XM_055253639.2	+	3	56463485	56463747	261	1
NC_072440.2	57428969	57429878	3	1	+	NC_072440.2	57429093	57429339	57429451	57429704	GSC2	XM_055253671.2	+	3	57429339	57429451	111	1
NC_072440.2	57921371	57921761	-2	1	-	NC_072440.2	57921585	57921647	57921435	57921479	EMID1	XM_055254393.2	-	2	57921479	57921585	105	7
NC_072440.2	57924024	57924495	-1	1	-	NC_072440.2	57924270	57924320	57924096	57924185	EMID1	XM_055254393.2	-	1	57924185	57924270	84	4
NC_072440.2	64128897	64129545	1	1	+	NC_072440.2	64129014	64129095	64129279	64129369	RAB36	XM_055251717.2	+	1	64129095	64129279	183	4
NC_072440.2	64128897	64129545	1	1	+	NC_072440.2	64129014	64129095	64129279	64129349	RAB36	XM_055251721.2	+	1	64129095	64129279	183	1
NC_072440.2	64299374	64300556	-2	1	-	NC_072440.2	64300054	64300377	64299375	64299927	LOC129467511	XM_063622365.1	-	2	64299927	64300054	126	1
NC_072440.2	64315951	64316422	-3	1	-	NC_072440.2	64316084	64316139	64315959	64316026	LOC129467511	XM_063622365.1	-	3	64316026	64316084	57	1
NC_072440.2	64320371	64321553	-2	1	-	NC_072440.2	64321051	64321508	64320373	64320924	LOC129467511	XM_063622365.1	-	2	64320924	64321051	126	1
NC_072440.2	65143271	65143787	3	1	+	NC_072440.2	65143336	65143490	65143623	65143728	TOP3B	XM_055252293.2	+	3	65143490	65143623	132	6
NC_072440.2	65935680	65936157	1	1	+	NC_072440.2	65935684	65935755	65935849	65935912	AIFM3	XM_055252302.2	+	1	65935755	65935849	93	6
NC_072440.2	65936328	65936901	1	1	+	NC_072440.2	65936516	65936592	65936704	65936821	AIFM3	XM_055252302.2	+	1	65936592	65936704	111	5
NC_072440.2	65936328	65936901	1	1	+	NC_072440.2	65936522	65936592	65936704	65936821	AIFM3	XM_055252303.2	+	1	65936592	65936704	111	1
NC_072440.2	65954396	65954978	3	1	+	NC_072440.2	65954545	65954671	65954762	65954911	LZTR1	XM_055252299.2	+	3	65954671	65954762	90	1
NC_072440.2	65982879	65984049	1	1	+	NC_072440.2	65983242	65983387	65983496	65983585	P2RX6	XM_055252330.2	+	1	65983387	65983496	108	1
NC_072440.2	66938554	66939073	-3	1	-	NC_072440.2	66938744	66938855	66938555	66938656	SFI1	XM_055251584.2	-	3	66938656	66938744	87	38
NC_072440.2	67301473	67302007	-3	1	-	NC_072440.2	67301843	67301974	67301549	67301605	LIMK2	XM_055254417.2	-	3	67301605	67301843	237	4
NC_072440.2	67439421	67439799	-1	1	-	NC_072440.2	67439686	67439763	67439455	67439559	INPP5J	XM_055252803.2	-	1	67439559	67439686	126	8
NC_072440.2	67681451	67681769	-2	1	-	NC_072440.2	67681641	67681744	67681473	67681568	OSBP2	XM_055254031.2	-	2	67681568	67681641	72	12
NC_072440.2	68229308	68229701	3	1	+	NC_072440.2	68229353	68229467	68229546	68229611	TBC1D10A	XM_055252516.2	+	3	68229467	68229546	78	4
NC_072440.2	68237071	68237701	2	1	+	NC_072440.2	68237114	68237246	68237451	68237577	CASTOR1	XM_055253300.2	+	2	68237246	68237451	204	4
NC_072440.2	68237071	68237701	2	1	+	NC_072440.2	68237114	68237246	68237454	68237577	CASTOR1	XM_055253301.2	+	2	68237246	68237454	207	2
NC_072440.2	74515938	74516796	1	1	+	NC_072440.2	74516200	74516331	74516422	74516628	MYH11	XM_055253360.2	+	1	74516331	74516422	90	4
NC_072440.2	74862758	74863010	-2	1	-	NC_072440.2	74862941	74862970	74862759	74862859	MPV17L	XM_055253429.2	-	2	74862859	74862941	81	1
NC_072440.2	75162191	75162470	3	1	+	NC_072440.2	75162297	75162332	75162408	75162469	LOC129468189	XM_063623764.1	+	3	75162332	75162408	75	1
NC_072440.2	75257100	75257460	1	1	+	NC_072440.2	75257161	75257253	75257332	75257428	PDXDC1	XM_055252447.2	+	1	75257253	75257332	78	10
NC_072440.2	75363853	75366385	-3	1	-	NC_072440.2	75366223	75366349	75364851	75365862	LOC129467743	XM_063623829.1	-	3	75365862	75366223	360	1
NC_072440.2	75363853	75366385	-3	1	-	NC_072440.2	75364851	75365862	75364663	75364706	LOC129467743	XM_063623829.1	-	3	75364706	75364851	144	1
NC_072440.2	75363853	75366385	-3	1	-	NC_072440.2	75364663	75364706	75364387	75364539	LOC129467743	XM_063623829.1	-	3	75364539	75364663	123	1
NC_072440.2	75363853	75366385	-3	1	-	NC_072440.2	75364387	75364539	75363911	75364050	LOC129467743	XM_063623829.1	-	3	75364050	75364387	336	1
NC_072440.2	82930085	82930382	3	1	+	NC_072440.2	82930118	82930208	82930317	82930381	ALK	XM_055254443.2	+	3	82930208	82930317	108	2
NC_072440.2	84761988	84762552	-1	1	-	NC_072440.2	84762289	84762495	84762037	84762171	KRTCAP3	XM_055252240.1	-	1	84762171	84762289	117	2
NC_072440.2	84904614	84905049	-1	1	-	NC_072440.2	84904818	84904942	84904615	84904697	TRIM54	XM_055252219.2	-	1	84904697	84904818	120	2
NC_072440.2	84969386	84969794	-2	1	-	NC_072440.2	84969639	84969794	84969441	84969542	CAD	XM_055252179.2	-	2	84969542	84969639	96	2
NC_072440.2	85091124	85091640	-1	1	-	NC_072440.2	85091392	85091437	85091126	85091238	ABHD1	XM_055252227.2	-	1	85091238	85091392	153	1
NC_072440.2	85761317	85762979	3	1	+	NC_072440.2	85761339	85761458	85761879	85762040	OTOF	XM_055251531.2	+	3	85761458	85761879	420	2
NC_072440.2	85761317	85762979	3	1	+	NC_072440.2	85761879	85762040	85762152	85762314	OTOF	XM_055251531.2	+	3	85762040	85762152	111	2
NC_072440.2	85761317	85762979	3	1	+	NC_072440.2	85762152	85762314	85762798	85762928	OTOF	XM_055251531.2	+	3	85762314	85762798	483	1
NC_072440.2	85761317	85762979	3	1	+	NC_072440.2	85762152	85762314	85762858	85762928	OTOF	XM_055251532.2	+	3	85762314	85762858	543	1
NC_072440.2	85773322	85774009	2	1	+	NC_072440.2	85773346	85773444	85773592	85773833	OTOF	XM_055251531.2	+	2	85773444	85773592	147	2
NC_072440.2	85785017	85786088	-2	1	-	NC_072440.2	85785771	85785860	85785174	85785263	DRC1	XM_055251541.2	-	2	85785263	85785771	507	5
NC_072440.2	88256745	88257144	-1	1	-	NC_072440.2	88257018	88257108	88256791	88256912	MFSD2B	XM_055253347.2	-	1	88256912	88257018	105	3
NC_072440.2	88260915	88261338	-1	1	-	NC_072440.2	88261242	88261320	88261018	88261148	MFSD2B	XM_055253347.2	-	1	88261148	88261242	93	3
NC_072440.2	88575109	88575874	-3	1	-	NC_072440.2	88575649	88575847	88575337	88575519	KLHL29	XM_055253343.2	-	3	88575519	88575649	129	1
NC_072440.2	91261971	91262427	1	1	+	NC_072440.2	91262013	91262130	91262242	91262388	APOB	XM_055252433.2	+	1	91262130	91262242	111	1
NC_072440.2	92078517	92078964	1	1	+	NC_072440.2	92078518	92078653	92078798	92078964	SDC1	XM_055253150.2	+	1	92078653	92078798	144	1
NC_072440.2	9217171	9217885	-3	1	-	NC_072440.2	9217735	9217843	9217508	9217659	SHANK3	XM_055251940.2	-	3	9217659	9217735	75	5
NC_072440.2	9217171	9217885	-3	1	-	NC_072440.2	9217508	9217659	9217238	9217405	SHANK3	XM_055251940.2	-	3	9217405	9217508	102	5
NC_072440.2	9322483	9323137	2	1	+	NC_072440.2	9322562	9322696	9322811	9322963	CPT1B	XM_055251438.2	+	2	9322696	9322811	114	3
NC_072440.2	9369523	9370234	2	1	+	NC_072440.2	9369600	9369704	9369837	9370183	CIMAP1B	XM_055251888.2	+	2	9369704	9369837	132	4
NC_072440.2	9369523	9370234	2	1	+	NC_072440.2	9369600	9369704	9369837	9369958	CIMAP1B	XM_055251889.2	+	2	9369704	9369837	132	3
NC_072440.2	9369523	9370234	2	1	+	NC_072440.2	9369837	9369958	9370043	9370207	CIMAP1B	XM_055251889.2	+	2	9369958	9370043	84	1
NC_072440.2	9369523	9370234	2	1	+	NC_072440.2	9369837	9369958	9370043	9370183	CIMAP1B	XM_055251891.2	+	2	9369958	9370043	84	2
NC_072440.2	9369708	9370245	1	1	+	NC_072440.2	9369837	9369958	9370043	9370183	CIMAP1B	XM_055251893.2	+	1	9369958	9370043	84	1
NC_072440.2	9377852	9378332	-2	1	-	NC_072440.2	9378231	9378332	9377988	9378137	NCAPH2	XM_055251872.2	-	2	9378137	9378231	93	2
NC_072440.2	9383080	9383818	-3	1	-	NC_072440.2	9383435	9383519	9383288	9383356	NCAPH2	XM_055251872.2	-	3	9383356	9383435	78	2
NC_072440.2	9413483	9414044	-2	1	-	NC_072440.2	9413798	9413960	9413505	9413572	MIOX	XM_055254163.2	-	2	9413572	9413798	225	1
NC_072440.2	9434614	9435514	2	1	+	NC_072440.2	9434807	9434917	9435254	9435277	SBF1	XM_063622413.1	+	2	9434917	9435254	336	1
NC_072440.2	9435769	9436429	2	1	+	NC_072440.2	9435994	9436102	9436178	9436291	SBF1	XM_055254143.2	+	2	9436102	9436178	75	5
NC_072440.2	9436711	9437290	2	1	+	NC_072440.2	9436919	9437032	9437117	9437245	SBF1	XM_055254143.2	+	2	9437032	9437117	84	5
NC_072440.2	9441664	9442168	2	1	+	NC_072440.2	9441686	9441864	9441991	9442127	SBF1	XM_055254143.2	+	2	9441864	9441991	126	5
NC_072440.2	9593983	9594574	2	1	+	NC_072440.2	9594039	9594103	9594191	9594280	DENND6B	XM_055252579.2	+	2	9594103	9594191	87	2
NC_072440.2	9593983	9594574	2	1	+	NC_072440.2	9594191	9594280	9594416	9594469	DENND6B	XM_055252579.2	+	2	9594280	9594416	135	2
NC_072440.2	9623807	9624419	3	1	+	NC_072440.2	9623960	9624068	9624210	9624346	PLXNB2	XM_055252246.2	+	3	9624068	9624210	141	9
NC_072440.2	9624432	9625674	1	1	+	NC_072440.2	9624846	9625212	9625315	9625542	PLXNB2	XM_055252246.2	+	1	9625212	9625315	102	1
NC_072440.2	9624432	9625674	1	1	+	NC_072440.2	9625083	9625212	9625315	9625542	PLXNB2	XM_055252247.2	+	1	9625212	9625315	102	8
NC_072440.2	9626144	9626690	3	1	+	NC_072440.2	9626189	9626289	9626407	9626636	PLXNB2	XM_055252246.2	+	3	9626289	9626407	117	9
NC_072440.2	9638891	9639146	3	1	+	NC_072440.2	9638903	9639014	9639099	9639128	MAPK11	XM_055254308.2	+	3	9639014	9639099	84	2
NC_072440.2	9639132	9639702	1	1	+	NC_072440.2	9639211	9639258	9639337	9639451	MAPK11	XM_055254308.2	+	1	9639258	9639337	78	2
NC_072440.2	9650996	9651791	3	1	+	NC_072440.2	9651075	9651153	9651235	9651791	MAPK12	XM_055254300.2	+	3	9651153	9651235	81	10
NC_072440.2	9650996	9651791	3	1	+	NC_072440.2	9651075	9651153	9651235	9651408	MAPK12	XM_055254306.2	+	3	9651153	9651235	81	4
NC_072440.2	9656044	9656893	2	1	+	NC_072440.2	9656563	9656667	9656824	9656892	HDAC10	XM_055254292.2	+	2	9656667	9656824	156	12
NC_072440.2	9657278	9657635	3	1	+	NC_072440.2	9657297	9657362	9657606	9657634	HDAC10	XM_063622462.1	+	3	9657362	9657606	243	1
NC_072440.2	9685182	9685632	1	1	+	NC_072440.2	9685183	9685330	9685463	9685631	TUBGCP6	XM_055254289.2	+	1	9685330	9685463	132	5
NC_072440.2	9686187	9686712	1	1	+	NC_072440.2	9686287	9686419	9686498	9686711	TUBGCP6	XM_055254289.2	+	1	9686419	9686498	78	3
NC_072440.2	9894063	9894909	1	1	+	NC_072440.2	9894176	9894220	9894449	9894588	IL17REL	XM_055252848.2	+	1	9894220	9894449	228	1
NC_072440.2	9929187	9929772	-1	1	-	NC_072440.2	9929704	9929754	9929238	9929607	PIM3	XM_055253948.2	-	1	9929607	9929704	96	1
NC_072441.2	129789228	129789711	-3	1	-	NC_072441.2	129789592	129789666	129789310	129789474	SLC5A9	XM_055254869.2	-	3	129789474	129789592	117	1
NC_072441.2	131325038	131325698	-1	1	-	NC_072441.2	131325419	131325459	131325129	131325253	LOC129469147	XM_055255420.2	-	1	131325253	131325419	165	12
NC_072441.2	131508479	131508830	3	1	+	NC_072441.2	131508530	131508602	131508684	131508812	POMGNT1	XM_055255359.2	+	3	131508602	131508684	81	4
NC_072441.2	132364664	132364943	-1	1	-	NC_072441.2	132364794	132364936	132364666	132364706	TOE1	XM_055254633.2	-	1	132364706	132364794	87	4
NC_072441.2	132806169	132806688	1	1	+	NC_072441.2	132806259	132806406	132806488	132806619	PTCH2	XM_055254577.2	+	1	132806406	132806488	81	3
NC_072441.2	132807708	132809532	1	1	+	NC_072441.2	132807834	132808182	132808309	132808621	PTCH2	XM_055254577.2	+	1	132808182	132808309	126	3
NC_072441.2	132807708	132809532	1	1	+	NC_072441.2	132808309	132808621	132808715	132808857	PTCH2	XM_055254577.2	+	1	132808621	132808715	93	3
NC_072441.2	132807708	132809532	1	1	+	NC_072441.2	132808715	132808857	132808942	132809122	PTCH2	XM_055254577.2	+	1	132808857	132808942	84	3
NC_072441.2	132809183	132809873	3	1	+	NC_072441.2	132809254	132809534	132809646	132809783	PTCH2	XM_055254577.2	+	3	132809534	132809646	111	3
NC_072441.2	132832892	132833222	-1	1	-	NC_072441.2	132833075	132833204	132832894	132832981	PLK3	XM_055255057.2	-	1	132832981	132833075	93	1
NC_072441.2	132867072	132867423	-3	1	-	NC_072441.2	132867300	132867423	132867073	132867152	KIF2C	XM_055255316.2	-	3	132867152	132867300	147	5
NC_072441.2	132871472	132871943	-1	1	-	NC_072441.2	132871791	132871896	132871584	132871697	KIF2C	XM_055255316.2	-	1	132871697	132871791	93	5
NC_072441.2	133527260	133527893	3	1	+	NC_072441.2	133527537	133527627	133527751	133527893	LOC129468887	XM_055254806.2	+	3	133527627	133527751	123	1
NC_072441.2	133657841	133658360	-1	1	-	NC_072441.2	133658056	133658270	133657843	133657959	CCDC24	XM_055254736.2	-	1	133657959	133658056	96	7
NC_072441.2	133657841	133658360	-1	1	-	NC_072441.2	133658056	133658282	133657843	133657959	CCDC24	XM_055254737.2	-	1	133657959	133658056	96	8
NC_072441.2	133657841	133658360	-1	1	-	NC_072441.2	133658095	133658270	133657843	133657959	CCDC24	XM_055254744.2	-	1	133657959	133658095	135	7
NC_072441.2	133657841	133658360	-1	1	-	NC_072441.2	133658056	133658162	133657843	133657959	CCDC24	XM_055254746.2	-	1	133657959	133658056	96	4
NC_072441.2	133657841	133658360	-1	1	-	NC_072441.2	133658095	133658162	133657843	133657959	CCDC24	XM_055254747.2	-	1	133657959	133658095	135	3
NC_072441.2	133657841	133658360	-1	1	-	NC_072441.2	133658095	133658282	133657843	133657959	CCDC24	XM_063627715.1	-	1	133657959	133658095	135	7
NC_072441.2	133657841	133658360	-1	1	-	NC_072441.2	133658056	133658264	133657843	133657959	CCDC24	XM_063627734.1	-	1	133657959	133658056	96	1
NC_072441.2	133683456	133683849	-3	1	-	NC_072441.2	133683769	133683827	133683532	133683621	IPO13	XM_055254924.2	-	3	133683621	133683769	147	1
NC_072441.2	134198260	134198536	2	1	+	NC_072441.2	134198261	134198339	134198427	134198476	HYI	XM_055255523.2	+	2	134198339	134198427	87	1
NC_072441.2	134206574	134207099	-1	1	-	NC_072441.2	134207004	134207083	134206794	134206919	SZT2	XM_055255510.2	-	1	134206919	134207004	84	14
NC_072441.2	134207839	134208322	-2	1	-	NC_072441.2	134208133	134208263	134207903	134208003	SZT2	XM_055255510.2	-	2	134208003	134208133	129	5
NC_072441.2	134207839	134208322	-2	1	-	NC_072441.2	134208109	134208263	134207903	134208003	SZT2	XM_063627570.1	-	2	134208003	134208109	105	9
NC_072441.2	134208596	134209112	-1	1	-	NC_072441.2	134208883	134209049	134208662	134208759	SZT2	XM_055255510.2	-	1	134208759	134208883	123	14
NC_072441.2	134211059	134211692	-1	1	-	NC_072441.2	134211417	134211535	134211141	134211305	SZT2	XM_055255510.2	-	1	134211305	134211417	111	14
NC_072441.2	134218661	134218976	-1	1	-	NC_072441.2	134218840	134218947	134218689	134218752	SZT2	XM_055255510.2	-	1	134218752	134218840	87	14
NC_072441.2	134305760	134306531	-1	1	-	NC_072441.2	134306318	134306502	134306013	134306155	MPL	XM_055255514.1	-	1	134306155	134306318	162	1
NC_072441.2	134315100	134315508	-3	1	-	NC_072441.2	134315406	134315484	134315102	134315234	MPL	XM_055255514.1	-	3	134315234	134315406	171	1
NC_072441.2	134927971	134928412	-2	1	-	NC_072441.2	134928265	134928304	134927999	134928114	C12H1orf50	XM_063627765.1	-	2	134928114	134928265	150	1
NC_072441.2	136639211	136640168	3	1	+	NC_072441.2	136639212	136639727	136639986	136640129	SLFNL1	XM_055254839.2	+	3	136639727	136639986	258	4
NC_072441.2	137324369	137324591	3	1	+	NC_072441.2	137324400	137324435	137324520	137324582	COL9A2	XM_055255065.2	+	3	137324435	137324520	84	3
NC_072441.2	137326005	137326602	1	1	+	NC_072441.2	137326030	137326083	137326204	137326239	COL9A2	XM_055255065.2	+	1	137326083	137326204	120	3
NC_072441.2	137327392	137327932	2	1	+	NC_072441.2	137327528	137327584	137327669	137327722	COL9A2	XM_055255065.2	+	2	137327584	137327669	84	3
NC_072441.2	137334318	137334594	1	1	+	NC_072441.2	137334346	137334399	137334484	137334555	COL9A2	XM_055255065.2	+	1	137334399	137334484	84	3
NC_072441.2	139877884	139878331	2	1	+	NC_072441.2	139877911	139877972	139878117	139878242	EPHA10	XM_063627886.1	+	2	139877972	139878117	144	2
NC_072441.2	141369762	141370614	-3	1	-	NC_072441.2	141370422	141370467	141370226	141370316	MAP7D1	XM_055254953.2	-	3	141370316	141370422	105	5
NC_072441.2	141369762	141370614	-3	1	-	NC_072441.2	141370226	141370316	141369915	141370108	MAP7D1	XM_055254953.2	-	3	141370108	141370226	117	11
NC_072441.2	141369762	141370614	-3	1	-	NC_072441.2	141370422	141370464	141370226	141370316	MAP7D1	XM_055254954.2	-	3	141370316	141370422	105	6
NC_072441.2	141466318	141466789	-2	1	-	NC_072441.2	141466625	141466732	141466352	141466495	TEKT2	XM_055254960.2	-	2	141466495	141466625	129	3
NC_072441.2	141660786	141661233	-3	1	-	NC_072441.2	141661017	141661151	141660788	141660875	AGO1	XM_055254942.2	-	3	141660875	141661017	141	5
NC_072441.2	144752506	144755338	-2	1	-	NC_072441.2	144755197	144755310	144752542	144755103	NHSL3	XM_055255524.1	-	2	144755103	144755197	93	3
NC_072441.2	145282887	145283619	-3	1	-	NC_072441.2	145283358	145283524	145283032	145283225	CCDC28B	XM_055255596.2	-	3	145283225	145283358	132	5
NC_072441.2	145737023	145737635	3	1	+	NC_072441.2	145737112	145737213	145737358	145737464	ADGRB2	XM_055254875.1	+	3	145737213	145737358	144	17
NC_072441.2	145738275	145738803	1	1	+	NC_072441.2	145738300	145738494	145738663	145738731	ADGRB2	XM_055254875.1	+	1	145738494	145738663	168	16
NC_072441.2	145895871	145896393	-3	1	-	NC_072441.2	145896218	145896368	145895914	145896103	TINAGL1	XM_055255492.2	-	3	145896103	145896218	114	4
NC_072441.2	146266649	146267477	-1	1	-	NC_072441.2	146267076	146267237	146266650	146266727	LOC134734897	XM_063628252.1	-	1	146266727	146267076	348	1
NC_072441.2	25316481	25316775	-3	1	-	NC_072441.2	25316691	25316743	25316492	25316600	ZRANB2	XM_063624048.1	-	3	25316600	25316691	90	2
NC_072441.2	53365027	53365405	2	1	+	NC_072441.2	53365060	53365162	53365265	53365362	AGL	XM_063625580.1	+	2	53365162	53365265	102	4
NC_072441.2	53574224	53574554	-1	1	-	NC_072441.2	53574422	53574516	53574225	53574328	SASS6	XM_063625584.1	-	1	53574328	53574422	93	4
NC_072441.2	61908391	61908862	2	1	+	NC_072441.2	61908496	61908622	61908710	61908832	CELSR2	XM_063624452.1	+	2	61908622	61908710	87	4
NC_072441.2	61909871	61910729	3	1	+	NC_072441.2	61909891	61910085	61910224	61910394	CELSR2	XM_063624452.1	+	3	61910085	61910224	138	4
NC_072441.2	61909871	61910729	3	1	+	NC_072441.2	61910224	61910394	61910494	61910728	CELSR2	XM_063624452.1	+	3	61910394	61910494	99	4
NC_072441.2	62105190	62105721	1	1	+	NC_072441.2	62105386	62105439	62105602	62105676	SYPL2	XM_063624509.1	+	1	62105439	62105602	162	2
NC_072441.2	62226129	62226516	-3	1	-	NC_072441.2	62226317	62226429	62226130	62226199	LOC134733804	XM_063624547.1	-	3	62226199	62226317	117	1
NC_072441.2	62265831	62266488	1	1	+	NC_072441.2	62265998	62266128	62266357	62266487	AMPD2	XM_063624539.1	+	1	62266128	62266357	228	2
NC_072441.2	62265831	62266488	1	1	+	NC_072441.2	62266099	62266128	62266357	62266487	AMPD2	XM_063624542.1	+	1	62266128	62266357	228	1
NC_072441.2	62267292	62268003	1	1	+	NC_072441.2	62267413	62267599	62267861	62268002	AMPD2	XM_063624539.1	+	1	62267599	62267861	261	4
NC_072441.2	62268208	62269006	2	1	+	NC_072441.2	62268460	62268589	62268770	62268964	AMPD2	XM_063624539.1	+	2	62268589	62268770	180	4
NC_072441.2	62299453	62299963	2	1	+	NC_072441.2	62299583	62299678	62299769	62299879	GSTM4	XM_063624523.1	+	2	62299678	62299769	90	5
NC_072441.2	62311855	62312347	2	1	+	NC_072441.2	62311997	62312092	62312183	62312293	LOC134733795	XM_063624521.1	+	2	62312092	62312183	90	1
NC_072441.2	65318259	65318910	-3	1	-	NC_072441.2	65318821	65318884	65318557	65318664	PPM1J	XM_063625716.1	-	3	65318664	65318821	156	2
NC_072441.2	65318259	65318910	-3	1	-	NC_072441.2	65318557	65318664	65318261	65318412	PPM1J	XM_063625716.1	-	3	65318412	65318557	144	2
NC_072441.2	65319710	65320265	-1	1	-	NC_072441.2	65320135	65320247	65319780	65319864	PPM1J	XM_063625716.1	-	1	65319864	65320135	270	2
NC_072441.2	66736554	66737184	-3	1	-	NC_072441.2	66736939	66737089	66736555	66736806	SYT6	XM_063625838.1	-	3	66736806	66736939	132	2
NC_072441.2	73608539	73609136	-1	1	-	NC_072441.2	73608884	73609017	73608663	73608700	PIAS3	XM_063625914.1	-	1	73608700	73608884	183	2
NC_072441.2	78102594	78103161	-3	1	-	NC_072441.2	78102891	78103064	78102595	78102779	SF3B4	XM_063626117.1	-	3	78102779	78102891	111	1
NC_072441.2	78113985	78114372	-3	1	-	NC_072441.2	78114312	78114372	78113998	78114140	MTMR11	XM_063626075.1	-	3	78114140	78114312	171	1
NC_072441.2	78457334	78457688	3	1	+	NC_072441.2	78457335	78457430	78457614	78457680	CA14	XM_063626141.1	+	3	78457430	78457614	183	4
NC_072441.2	78708947	78709367	3	1	+	NC_072441.2	78708991	78709071	78709171	78709251	ECM1	XM_063626109.1	+	3	78709071	78709171	99	7
NC_072441.2	78757231	78757957	2	1	+	NC_072441.2	78757239	78757411	78757559	78757670	ADAMTSL4	XM_063626030.1	+	2	78757411	78757559	147	2
NC_072441.2	79707947	79708616	-1	1	-	NC_072441.2	79708259	79708549	79707959	79708177	POGZ	XM_063626206.1	-	1	79708177	79708259	81	4
NC_072441.2	79707947	79708616	-1	1	-	NC_072441.2	79708259	79708549	79707959	79708150	POGZ	XM_063626209.1	-	1	79708150	79708259	108	2
NC_072441.2	79824283	79824583	2	1	+	NC_072441.2	79824284	79824367	79824464	79824582	CGN	XM_063626219.1	+	2	79824367	79824464	96	2
NC_072441.2	80003561	80004194	-1	1	-	NC_072441.2	80003978	80004115	80003576	80003719	LOC134734305	XM_063626336.1	-	1	80003719	80003978	258	4
NC_072441.2	80003561	80004194	-1	1	-	NC_072441.2	80003978	80004112	80003576	80003719	LOC134734305	XM_063626338.1	-	1	80003719	80003978	258	1
NC_072441.2	80511765	80514108	-3	1	-	NC_072441.2	80513772	80514105	80512334	80513672	RPTN	XM_063628226.1	-	3	80513672	80513772	99	1
NC_072441.2	80511765	80514108	-3	1	-	NC_072441.2	80512334	80513672	80511766	80512291	RPTN	XM_063628226.1	-	3	80512291	80512334	42	1
NC_072441.2	80706827	80714066	-1	1	-	NC_072441.2	80709866	80714033	80706828	80709640	FLG2	XM_063626204.1	-	1	80709640	80709866	225	1
NC_072441.2	81132034	81133921	2	1	+	NC_072441.2	81132146	81132397	81132437	81133921	KPRP	XM_063628060.1	+	2	81132397	81132437	39	1
NC_072441.2	82062571	82063282	2	1	+	NC_072441.2	82062584	82062697	82063106	82063241	NPR1	XM_063626455.1	+	2	82062697	82063106	408	4
NC_072441.2	82327080	82327446	-3	1	-	NC_072441.2	82327378	82327419	82327081	82327212	DENND4B	XM_063626394.1	-	3	82327212	82327378	165	1
NC_072441.2	82719689	82720412	3	1	+	NC_072441.2	82719778	82719896	82720110	82720327	AQP10	XM_063626565.1	+	3	82719896	82720110	213	1
NC_072441.2	83356703	83357465	-1	1	-	NC_072441.2	83357175	83357373	83357018	83357087	SHC1	XM_063626591.1	-	1	83357087	83357175	87	16
NC_072441.2	83356703	83357465	-1	1	-	NC_072441.2	83357018	83357087	83356802	83356936	SHC1	XM_063626591.1	-	1	83356936	83357018	81	15
NC_072441.2	83356703	83357465	-1	1	-	NC_072441.2	83357018	83357087	83356802	83356933	SHC1	XM_063626593.1	-	1	83356933	83357018	84	10
NC_072441.2	83356703	83357465	-1	1	-	NC_072441.2	83357175	83357400	83357018	83357087	SHC1	XM_063626594.1	-	1	83357087	83357175	87	9
NC_072441.2	83477194	83477653	2	1	+	NC_072441.2	83477235	83477312	83477526	83477653	EFNA3	XM_063626665.1	+	2	83477312	83477526	213	1
NC_072441.2	83600186	83600975	3	1	+	NC_072441.2	83600508	83600600	83600766	83600948	MTX1	XM_063624848.1	+	3	83600600	83600766	165	2
NC_072441.2	83622325	83623114	2	1	+	NC_072441.2	83622647	83622739	83622905	83623087	LOC134734869	XM_063628228.1	+	2	83622739	83622905	165	1
NC_072441.2	83689705	83690287	-2	1	-	NC_072441.2	83690093	83690184	83689865	83689996	PKLR	XM_063626787.1	-	2	83689996	83690093	96	1
NC_072441.2	84025061	84025448	3	1	+	NC_072441.2	84025103	84025220	84025302	84025436	MSTO1	XM_063626788.1	+	3	84025220	84025302	81	10
NC_072441.2	84025061	84025448	3	1	+	NC_072441.2	84025103	84025220	84025302	84025343	MSTO1	XM_063626796.1	+	3	84025220	84025302	81	1
NC_072441.2	84026526	84026895	1	1	+	NC_072441.2	84026552	84026694	84026785	84026894	MSTO1	XM_063626793.1	+	1	84026694	84026785	90	2
NC_072441.2	84138285	84138672	1	1	+	NC_072441.2	84138327	84138444	84138526	84138660	LOC134734400	XM_063626803.1	+	1	84138444	84138526	81	6
NC_072441.2	84138285	84138672	1	1	+	NC_072441.2	84138327	84138444	84138526	84138567	LOC134734400	XM_063626809.1	+	1	84138444	84138526	81	1
NC_072441.2	84670996	84671569	-2	1	-	NC_072441.2	84671347	84671552	84671100	84671226	PAQR6	XM_063626883.1	-	2	84671226	84671347	120	2
NC_072441.2	84808971	84809448	1	1	+	NC_072441.2	84809007	84809157	84809281	84809428	RHBG	XM_063628125.1	+	1	84809157	84809281	123	2
NC_072441.2	84982457	84982964	-1	1	-	NC_072441.2	84982727	84982894	84982494	84982633	IQGAP3	XM_063624863.1	-	1	84982633	84982727	93	4
NC_072441.2	84982457	84982964	-1	1	-	NC_072441.2	84982727	84982894	84982494	84982630	IQGAP3	XM_063624864.1	-	1	84982630	84982727	96	1
NC_072441.2	84995785	84996106	-2	1	-	NC_072441.2	84995998	84996065	84995794	84995907	IQGAP3	XM_063624863.1	-	2	84995907	84995998	90	5
NC_072441.2	85057280	85057877	3	1	+	NC_072441.2	85057372	85057488	85057621	85057803	HAPLN2	XM_063624868.1	+	3	85057488	85057621	132	3
NC_072441.2	85358824	85359433	2	1	+	NC_072441.2	85359138	85359266	85359357	85359432	LRRC71	XM_063624901.1	+	2	85359266	85359357	90	2
NC_072441.2	85539989	85540658	-1	1	-	NC_072441.2	85540316	85540373	85539991	85540228	ETV3L	XM_063626942.1	-	1	85540228	85540316	87	1
NC_072441.2	88328984	88329608	3	1	+	NC_072441.2	88329090	88329288	88329418	88329527	ATP1A2	XM_063626962.1	+	3	88329288	88329418	129	3
NC_072441.2	95842328	95842781	-1	1	-	NC_072441.2	95842514	95842718	95842339	95842435	ADCY10	XM_063625073.1	-	1	95842435	95842514	78	6
NC_072442.2	13908598	13908907	-1	1	-	NC_072442.2	13908778	13908861	13908604	13908702	TRIM25	XM_055258818.2	-	1	13908702	13908778	75	6
NC_072442.2	13952480	13952813	-3	1	-	NC_072442.2	13952727	13952796	13952482	13952564	LOC129470725	XM_063628440.1	-	3	13952564	13952727	162	3
NC_072442.2	13952480	13952813	-3	1	-	NC_072442.2	13952727	13952795	13952482	13952564	LOC129470725	XM_063628441.1	-	3	13952564	13952727	162	1
NC_072442.2	15324401	15325433	-3	1	-	NC_072442.2	15324954	15325331	15324630	15324869	TSPOAP1	XM_055258516.2	-	3	15324869	15324954	84	11
NC_072442.2	15525219	15525618	-2	1	-	NC_072442.2	15525435	15525595	15525221	15525317	MTMR4	XM_055258531.2	-	2	15525317	15525435	117	5
NC_072442.2	16581772	16582105	-1	1	-	NC_072442.2	16582019	16582087	16581774	16581856	LOC129470215	XM_063628514.1	-	1	16581856	16582019	162	1
NC_072442.2	18000913	18001420	2	1	+	NC_072442.2	18000965	18001053	18001174	18001403	TBX4	XM_055256409.2	+	2	18001053	18001174	120	4
NC_072442.2	18949669	18950002	-1	1	-	NC_072442.2	18949916	18949984	18949671	18949753	LOC129470250	XM_063628513.1	-	1	18949753	18949916	162	1
NC_072442.2	23517138	23517564	-2	1	-	NC_072442.2	23517385	23517457	23517137	23517222	LOC129469615	XM_063629949.1	-	2	23517222	23517385	162	1
NC_072442.2	23565022	23565355	-1	1	-	NC_072442.2	23565227	23565338	23565021	23565103	LOC129469445	XM_063629950.1	-	1	23565103	23565227	123	1
NC_072442.2	23565022	23565355	-1	1	-	NC_072442.2	23565227	23565337	23565021	23565103	LOC129469445	XM_063629951.1	-	1	23565103	23565227	123	1
NC_072442.2	24844016	24844442	3	1	+	NC_072442.2	24844059	24844238	24844320	24844442	LOC129470411	XM_055258210.2	+	3	24844238	24844320	81	1
NC_072442.2	25437256	25438273	2	1	+	NC_072442.2	25437433	25437659	25437756	25438033	LHX1	XM_055257058.2	+	2	25437659	25437756	96	2
NC_072442.2	28003452	28004094	1	1	+	NC_072442.2	28003672	28003776	28003867	28004012	CORO6	XM_055257486.2	+	1	28003776	28003867	90	12
NC_072442.2	28012444	28013152	-1	1	-	NC_072442.2	28012658	28012782	28012528	28012573	ANKRD13B	XM_055257477.2	-	1	28012573	28012658	84	1
NC_072442.2	28042585	28043017	2	1	+	NC_072442.2	28042729	28042755	28042939	28042987	GIT1	XM_055257478.2	+	2	28042755	28042939	183	1
NC_072442.2	28045737	28046085	1	1	+	NC_072442.2	28045816	28045902	28046011	28046084	GIT1	XM_055257478.2	+	1	28045902	28046011	108	2
NC_072442.2	28754783	28755197	3	1	+	NC_072442.2	28754811	28754924	28755024	28755143	FLOT2	XM_055256797.2	+	3	28754924	28755024	99	5
NC_072442.2	28924633	28925098	2	1	+	NC_072442.2	28924723	28924804	28924877	28924967	RAB34	XM_055256816.2	+	2	28924804	28924877	72	5
NC_072442.2	28924633	28925098	2	1	+	NC_072442.2	28924723	28924780	28924877	28924967	RAB34	XM_055256817.2	+	2	28924780	28924877	96	2
NC_072442.2	28924633	28925098	2	1	+	NC_072442.2	28924723	28924804	28924877	28924936	RAB34	XM_055256818.2	+	2	28924804	28924877	72	1
NC_072442.2	29010786	29011371	1	1	+	NC_072442.2	29010892	29010991	29011130	29011332	BLTP2	XM_055258680.2	+	1	29010991	29011130	138	3
NC_072442.2	29010786	29011371	1	1	+	NC_072442.2	29010892	29010991	29011133	29011332	BLTP2	XM_055258682.2	+	1	29010991	29011133	141	1
NC_072442.2	29269131	29269950	1	1	+	NC_072442.2	29269148	29269267	29269343	29269687	VTN	XM_055258162.2	+	1	29269267	29269343	75	2
NC_072442.2	29269131	29269950	1	1	+	NC_072442.2	29269343	29269687	29269766	29269905	VTN	XM_055258162.2	+	1	29269687	29269766	78	2
NC_072442.2	29873759	29874257	3	1	+	NC_072442.2	29873846	29873987	29874117	29874256	NOS2	XM_055257767.2	+	3	29873987	29874117	129	2
NC_072442.2	35264823	35265459	-2	1	-	NC_072442.2	35265046	35265187	35264848	35264958	ACSF2	XM_055257535.2	-	2	35264958	35265046	87	7
NC_072442.2	35276071	35276653	-1	1	-	NC_072442.2	35276463	35276581	35276180	35276345	ACSF2	XM_055257535.2	-	1	35276345	35276463	117	7
NC_072442.2	35380816	35381374	-1	1	-	NC_072442.2	35381111	35381327	35380847	35381023	XYLT2	XM_055255819.2	-	1	35381023	35381111	87	2
NC_072442.2	35554065	35554629	1	1	+	NC_072442.2	35554114	35554356	35554486	35554629	COL1A1	XM_055257144.2	+	1	35554356	35554486	129	1
NC_072442.2	37992807	37993200	-2	1	-	NC_072442.2	37992973	37993144	37992808	37992870	CDK5RAP3	XM_055257327.2	-	2	37992870	37992973	102	1
NC_072442.2	37992807	37993200	-2	1	-	NC_072442.2	37992973	37993144	37992848	37992870	CDK5RAP3	XM_063628279.1	-	2	37992870	37992973	102	1
NC_072442.2	38167018	38167471	2	1	+	NC_072442.2	38167105	38167227	38167366	38167471	OSBPL7	XM_055257296.2	+	2	38167227	38167366	138	6
NC_072442.2	38425648	38426284	2	1	+	NC_072442.2	38425921	38426062	38426150	38426260	LOC129470033	XM_063628284.1	+	2	38426062	38426150	87	1
NC_072442.2	39085087	39086407	-1	1	-	NC_072442.2	39086098	39086293	39085302	39085500	SRCIN1	XM_055258768.2	-	1	39085500	39086098	597	13
NC_072442.2	39085087	39086407	-1	1	-	NC_072442.2	39086098	39086200	39085302	39085500	SRCIN1	XM_055258778.2	-	1	39085500	39086098	597	2
NC_072442.2	39260994	39261435	-2	1	-	NC_072442.2	39261210	39261265	39261075	39261125	PCGF2	XM_055258076.2	-	2	39261125	39261210	84	5
NC_072442.2	39539875	39540742	-1	1	-	NC_072442.2	39540059	39540586	39539933	39540022	LOC129469642	XM_063628402.1	-	1	39540022	39540059	36	1
NC_072442.2	39949292	39949718	-3	1	-	NC_072442.2	39949511	39949606	39949294	39949399	MED1	XM_055258041.2	-	3	39949399	39949511	111	2
NC_072442.2	40205384	40205774	3	1	+	NC_072442.2	40205481	40205558	40205679	40205732	STARD3	XM_063628923.1	+	3	40205558	40205679	120	10
NC_072442.2	40260884	40261868	3	1	+	NC_072442.2	40261180	40261248	40261453	40261568	ERBB2	XM_055256514.2	+	3	40261248	40261453	204	21
NC_072442.2	40260884	40261868	3	1	+	NC_072442.2	40261453	40261568	40261707	40261848	ERBB2	XM_055256514.2	+	3	40261568	40261707	138	22
NC_072442.2	40260884	40261868	3	1	+	NC_072442.2	40261225	40261248	40261453	40261568	ERBB2	XM_055256534.2	+	3	40261248	40261453	204	1
NC_072442.2	40296668	40297394	3	1	+	NC_072442.2	40296888	40296986	40297245	40297325	GRB7	XM_055256590.2	+	3	40296986	40297245	258	4
NC_072442.2	40735622	40736099	3	1	+	NC_072442.2	40735642	40735739	40735848	40735970	RAPGEFL1	XM_055258192.2	+	3	40735739	40735848	108	3
NC_072442.2	41029354	41029801	-1	1	-	NC_072442.2	41029645	41029737	41029450	41029527	TNS4	XM_055256394.2	-	1	41029527	41029645	117	1
NC_072442.2	41339427	41339814	-2	1	-	NC_072442.2	41339653	41339814	41339446	41339571	KRT26	XM_055258806.2	-	2	41339571	41339653	81	2
NC_072442.2	41364246	41364789	-2	1	-	NC_072442.2	41364604	41364765	41364397	41364522	KRT28	XM_055258798.2	-	2	41364522	41364604	81	1
NC_072442.2	41414891	41415278	-3	1	-	NC_072442.2	41415117	41415278	41414910	41415035	LOC129470718	XM_055258814.2	-	3	41415035	41415117	81	2
NC_072442.2	41450910	41451684	-2	1	-	NC_072442.2	41451094	41451621	41450968	41451057	LOC129469647	XM_063628404.1	-	2	41451057	41451094	36	1
NC_072442.2	41484638	41485175	-3	1	-	NC_072442.2	41484927	41485088	41484708	41484833	KRT12	XM_055258796.2	-	3	41484833	41484927	93	1
NC_072442.2	42013048	42013600	-1	1	-	NC_072442.2	42013454	42013579	42013056	42013276	LOC129469866	XM_055257031.1	-	1	42013276	42013454	177	1
NC_072442.2	42390799	42392137	-1	1	-	NC_072442.2	42391223	42391684	42390902	42391054	P3H4	XM_055257438.2	-	1	42391054	42391223	168	4
NC_072442.2	42390799	42392137	-1	1	-	NC_072442.2	42391223	42392041	42390902	42391054	P3H4	XM_055257442.2	-	1	42391054	42391223	168	1
NC_072442.2	42745810	42746434	-1	1	-	NC_072442.2	42746336	42746374	42745812	42746164	KCNH4	XM_055257216.2	-	1	42746164	42746336	171	6
NC_072442.2	43127919	43128369	1	1	+	NC_072442.2	43127953	43128099	43128283	43128368	NAGLU	XM_055256696.2	+	1	43128099	43128283	183	1
NC_072442.2	43148538	43149081	1	1	+	NC_072442.2	43148593	43148724	43148857	43149046	COASY	XM_055256697.2	+	1	43148724	43148857	132	3
NC_072442.2	43198859	43199729	3	1	+	NC_072442.2	43198923	43199009	43199124	43199273	TUBG1	XM_055256706.1	+	3	43199009	43199124	114	2
NC_072442.2	43198859	43199729	3	1	+	NC_072442.2	43199124	43199273	43199535	43199687	TUBG1	XM_055256706.1	+	3	43199273	43199535	261	2
NC_072442.2	43251818	43252601	3	1	+	NC_072442.2	43251996	43252145	43252407	43252559	TUBG2	XM_055256700.2	+	3	43252145	43252407	261	4
NC_072442.2	43616341	43616719	2	1	+	NC_072442.2	43616384	43616531	43616604	43616710	IFI35	XM_055256912.2	+	2	43616531	43616604	72	1
NC_072442.2	43621731	43622211	-2	1	-	NC_072442.2	43621980	43622150	43621785	43621874	VAT1	XM_055256910.2	-	2	43621874	43621980	105	2
NC_072442.2	44549946	44550540	-2	1	-	NC_072442.2	44550195	44550359	44550009	44550089	MPP3	XM_055256197.2	-	2	44550089	44550195	105	2
NC_072442.2	44618928	44619579	-2	1	-	NC_072442.2	44619412	44619543	44619198	44619303	MPP2	XM_055256760.2	-	2	44619303	44619412	108	6
NC_072442.2	44811302	44811794	-3	1	-	NC_072442.2	44811632	44811778	44811423	44811535	HDAC5	XM_055256223.2	-	3	44811535	44811632	96	15
NC_072442.2	44811302	44811794	-3	1	-	NC_072442.2	44811647	44811778	44811423	44811535	HDAC5	XM_055256225.2	-	3	44811535	44811647	111	2
NC_072442.2	44812537	44813134	-1	1	-	NC_072442.2	44812823	44813082	44812564	44812735	HDAC5	XM_055256223.2	-	1	44812735	44812823	87	12
NC_072442.2	44812537	44813134	-1	1	-	NC_072442.2	44812823	44813082	44812564	44812708	HDAC5	XM_055256228.2	-	1	44812708	44812823	114	2
NC_072442.2	44812537	44813134	-1	1	-	NC_072442.2	44812823	44813053	44812564	44812735	HDAC5	XM_055256236.2	-	1	44812735	44812823	87	3
NC_072442.2	44877785	44878211	3	1	+	NC_072442.2	44877948	44878059	44878144	44878211	HROB	XM_055256256.2	+	3	44878059	44878144	84	1
NC_072442.2	44983991	44984672	-3	1	-	NC_072442.2	44984462	44984672	44984015	44984227	SLC4A1	XM_055256240.2	-	3	44984227	44984462	234	1
NC_072442.2	45101892	45102600	-2	1	-	NC_072442.2	45102313	45102426	45101968	45102069	ITGA2B	XM_055256239.2	-	2	45102069	45102313	243	1
NC_072442.2	45488426	45489362	3	1	+	NC_072442.2	45488513	45488597	45488712	45488802	ADAM11	XM_055255905.2	+	3	45488597	45488712	114	5
NC_072442.2	45632555	45633203	-3	1	-	NC_072442.2	45632982	45633042	45632682	45632777	GFAP	XM_055257713.2	-	3	45632777	45632982	204	2
NC_072442.2	45833090	45833774	-3	1	-	NC_072442.2	45833457	45833623	45833138	45833273	PLCD3	XM_055257709.2	-	3	45833273	45833457	183	3
NC_072442.2	46113952	46114468	-1	1	-	NC_072442.2	46114210	46114287	46113985	46114119	ARHGAP27	XM_055257818.2	-	1	46114119	46114210	90	9
NC_072442.2	46113952	46114468	-1	1	-	NC_072442.2	46114210	46114287	46113968	46114119	ARHGAP27	XM_063628294.1	-	1	46114119	46114210	90	1
NC_072442.2	46122321	46122702	-2	1	-	NC_072442.2	46122604	46122684	46122448	46122531	ARHGAP27	XM_055257818.2	-	2	46122531	46122604	72	12
NC_072442.2	48239510	48240293	3	1	+	NC_072442.2	48239593	48239766	48239953	48240117	MRC2	XM_055258384.2	+	3	48239766	48239953	186	2
NC_072442.2	48253253	48253910	3	1	+	NC_072442.2	48253256	48253358	48253626	48253764	MRC2	XM_055258384.2	+	3	48253358	48253626	267	3
NC_072442.2	49022148	49023126	-2	1	-	NC_072442.2	49022912	49023099	49022196	49022410	CYB561	XM_055258669.2	-	2	49022410	49022912	501	1
NC_072442.2	49413489	49413939	-2	1	-	NC_072442.2	49413840	49413939	49413546	49413740	FTSJ3	XM_055258622.2	-	2	49413740	49413840	99	1
NC_072442.2	49418470	49419001	2	1	+	NC_072442.2	49418471	49418527	49418612	49418842	PSMC5	XM_055258629.2	+	2	49418527	49418612	84	2
NC_072442.2	49491472	49492585	-1	1	-	NC_072442.2	49492244	49492404	49491656	49491820	LOC129469932	XM_063629423.1	-	1	49491820	49492244	423	1
NC_072442.2	49536425	49537514	-3	1	-	NC_072442.2	49537197	49537357	49536609	49536773	LOC129469529	XM_055256215.2	-	3	49536773	49537197	423	1
NC_072442.2	49563897	49564635	-2	1	-	NC_072442.2	49564258	49564536	49563913	49563966	SCN4A	XM_055257544.2	-	2	49563966	49564258	291	1
NC_072442.2	55398505	55398856	2	1	+	NC_072442.2	55398541	55398679	55398761	55398843	ELAC2	XM_055258697.2	+	2	55398679	55398761	81	7
NC_072442.2	55398505	55398856	2	1	+	NC_072442.2	55398541	55398682	55398761	55398843	ELAC2	XM_055258702.2	+	2	55398682	55398761	78	2
NC_072442.2	57716166	57716796	1	1	+	NC_072442.2	57716167	57716337	57716440	57716746	MYH3	XM_055258312.2	+	1	57716337	57716440	102	1
NC_072442.2	57905625	57906186	1	1	+	NC_072442.2	57905748	57905931	57906010	57906175	LOC129470463	XM_055258316.2	+	1	57905931	57906010	78	3
NC_072442.2	57948465	57948831	1	1	+	NC_072442.2	57948474	57948597	57948694	57948830	LOC129470464	XM_055258319.2	+	1	57948597	57948694	96	4
NC_072442.2	57954840	57955428	1	1	+	NC_072442.2	57954843	57954933	57955018	57955407	LOC129470464	XM_055258319.2	+	1	57954933	57955018	84	4
NC_072442.2	58046631	58047348	1	1	+	NC_072442.2	58046728	58047036	58047121	58047324	MYH13	XM_055256121.2	+	1	58047036	58047121	84	2
NC_072442.2	59490575	59491193	3	1	+	NC_072442.2	59490816	59490948	59491123	59491192	PIK3R6	XM_055258655.2	+	3	59490948	59491123	174	23
NC_072442.2	60017910	60018252	-2	1	-	NC_072442.2	60018160	60018252	60017912	60018072	ARHGEF15	XM_055257629.2	-	2	60018072	60018160	87	2
NC_072442.2	60068861	60069245	-3	1	-	NC_072442.2	60069120	60069211	60068918	60069032	PFAS	XM_055257131.2	-	3	60069032	60069120	87	2
NC_072442.2	60070829	60071690	-3	1	-	NC_072442.2	60071457	60071687	60071114	60071294	PFAS	XM_055257131.2	-	3	60071294	60071457	162	2
NC_072442.2	60070829	60071690	-3	1	-	NC_072442.2	60071114	60071294	60070943	60071026	PFAS	XM_055257131.2	-	3	60071026	60071114	87	2
NC_072442.2	60071693	60072428	-3	1	-	NC_072442.2	60072234	60072359	60071973	60072104	PFAS	XM_055257131.2	-	3	60072104	60072234	129	2
NC_072442.2	60105501	60106284	1	1	+	NC_072442.2	60105669	60105993	60106081	60106170	CTC1	XM_055255983.2	+	1	60105993	60106081	87	5
NC_072442.2	60301931	60302618	-3	1	-	NC_072442.2	60302355	60302561	60302099	60302255	GUCY2D	XM_055256717.2	-	3	60302255	60302355	99	1
NC_072442.2	60407800	60408649	-1	1	-	NC_072442.2	60408257	60408420	60407875	60408001	CHD3	XM_055258221.2	-	1	60408001	60408257	255	6
NC_072442.2	60409998	60410607	-2	1	-	NC_072442.2	60410357	60410465	60410029	60410161	CHD3	XM_055258220.2	-	2	60410161	60410357	195	11
NC_072442.2	60412871	60413264	-3	1	-	NC_072442.2	60413157	60413242	60412873	60413006	CHD3	XM_055258220.2	-	3	60413006	60413157	150	11
NC_072442.2	60472671	60473355	-2	1	-	NC_072442.2	60472993	60473212	60472798	60472890	KDM6B	XM_055258232.2	-	2	60472890	60472993	102	18
NC_072442.2	60487415	60487910	-3	1	-	NC_072442.2	60487707	60487883	60487536	60487610	DNAH2	XM_055257127.2	-	3	60487610	60487707	96	4
NC_072442.2	60488920	60489385	-1	1	-	NC_072442.2	60489149	60489377	60488922	60489073	DNAH2	XM_055257127.2	-	1	60489073	60489149	75	4
NC_072442.2	60545981	60546749	-3	1	-	NC_072442.2	60546375	60546592	60546009	60546110	DNAH2	XM_055257127.2	-	3	60546110	60546375	264	6
NC_072442.2	60615364	60615982	-1	1	-	NC_072442.2	60615754	60615846	60615541	60615645	EFNB3	XM_055257764.2	-	1	60615645	60615754	108	1
NC_072442.2	60740315	60740840	-3	1	-	NC_072442.2	60740681	60740799	60740435	60740545	MPDU1	XM_063629536.1	-	3	60740545	60740681	135	1
NC_072442.2	60762009	60762516	-2	1	-	NC_072442.2	60762202	60762349	60762025	60762072	SENP3	XM_055258111.2	-	2	60762072	60762202	129	1
NC_072442.2	60814242	60814800	-2	1	-	NC_072442.2	60814494	60814680	60814248	60814361	POLR2A	XM_055258105.2	-	2	60814361	60814494	132	2
NC_072442.2	60880167	60880809	-2	1	-	NC_072442.2	60880542	60880599	60880318	60880457	CHRNB1	XM_055257534.2	-	2	60880457	60880542	84	1
NC_072442.2	60937008	60937323	-2	1	-	NC_072442.2	60937207	60937302	60937009	60937119	TNK1	XM_055256477.2	-	2	60937119	60937207	87	3
NC_072442.2	60937096	60937381	-1	1	-	NC_072442.2	60937207	60937302	60937097	60937119	TNK1	XM_063628359.1	-	1	60937119	60937207	87	1
NC_072442.2	60942120	60942735	-2	1	-	NC_072442.2	60942478	60942669	60942226	60942381	TNK1	XM_055256477.2	-	2	60942381	60942478	96	4
NC_072442.2	60969696	60970206	-2	1	-	NC_072442.2	60969984	60970064	60969781	60969860	TMEM95	XM_055257389.2	-	2	60969860	60969984	123	1
NC_072442.2	60999341	60999839	3	1	+	NC_072442.2	60999456	60999567	60999661	60999749	NEURL4	XM_055255965.2	+	3	60999567	60999661	93	4
NC_072442.2	61002267	61002717	1	1	+	NC_072442.2	61002297	61002373	61002458	61002536	NEURL4	XM_055255965.2	+	1	61002373	61002458	84	4
NC_072442.2	61007942	61008791	3	1	+	NC_072442.2	61008437	61008549	61008625	61008790	NEURL4	XM_055255965.2	+	3	61008549	61008625	75	4
NC_072442.2	61011313	61011724	2	1	+	NC_072442.2	61011396	61011505	61011590	61011702	GPS2	XM_055255976.2	+	2	61011505	61011590	84	4
NC_072442.2	61012496	61012844	3	1	+	NC_072442.2	61012519	61012608	61012696	61012775	GPS2	XM_055255976.2	+	3	61012608	61012696	87	4
NC_072442.2	61014364	61014814	-1	1	-	NC_072442.2	61014521	61014652	61014365	61014424	EIF5A	XM_055255978.1	-	1	61014424	61014521	96	4
NC_072442.2	61057096	61057465	2	1	+	NC_072442.2	61057122	61057286	61057380	61057464	CLDN7	XM_055258613.2	+	2	61057286	61057380	93	1
NC_072442.2	61114688	61115222	3	1	+	NC_072442.2	61114763	61114932	61115035	61115171	DLG4	XM_055258574.2	+	3	61114932	61115035	102	22
NC_072442.2	61140805	61141312	2	1	+	NC_072442.2	61140861	61140977	61141116	61141211	ASGR1	XM_055258609.2	+	2	61140977	61141116	138	2
NC_072442.2	61307168	61307579	-3	1	-	NC_072442.2	61307520	61307540	61307242	61307336	C20H17orf49	XM_055258919.2	-	3	61307336	61307520	183	7
NC_072442.2	61642936	61643599	-1	1	-	NC_072442.2	61643152	61643545	61642949	61643034	XAF1	XM_055257210.2	-	1	61643034	61643152	117	1
NC_072442.2	61644233	61644818	-3	1	-	NC_072442.2	61644596	61644791	61644348	61644478	XAF1	XM_055257211.2	-	3	61644478	61644596	117	3
NC_072442.2	63359962	63360211	2	1	+	NC_072442.2	63359989	63360063	63360151	63360211	CAMTA2	XM_055255764.2	+	2	63360063	63360151	87	6
NC_072442.2	63384889	63385510	-1	1	-	NC_072442.2	63385267	63385338	63385096	63385176	RNF167	XM_055256493.2	-	1	63385176	63385267	90	1
NC_072442.2	63390462	63390951	1	1	+	NC_072442.2	63390507	63390659	63390744	63390950	SLC25A11	XM_055256498.2	+	1	63390659	63390744	84	3
NC_072442.2	63395174	63397421	-3	1	-	NC_072442.2	63396090	63397262	63395175	63395987	GP1BA	XM_055256492.2	-	3	63395987	63396090	102	1
NC_072442.2	63437017	63437557	2	1	+	NC_072442.2	63437036	63437222	63437307	63437413	CHRNE	XM_055257918.2	+	2	63437222	63437307	84	1
NC_072442.2	63441793	63442267	-1	1	-	NC_072442.2	63442130	63442267	63441820	63441928	MINK1	XM_055257872.2	-	1	63441928	63442130	201	24
NC_072442.2	63531638	63531989	-3	1	-	NC_072442.2	63531886	63531978	63531640	63531792	PLD2	XM_055257900.2	-	3	63531792	63531886	93	3
NC_072442.2	63532286	63532691	-3	1	-	NC_072442.2	63532464	63532569	63532308	63532373	PLD2	XM_055257900.2	-	3	63532373	63532464	90	3
NC_072442.2	63533398	63534082	-1	1	-	NC_072442.2	63533788	63533896	63533555	63533685	PLD2	XM_055257900.2	-	1	63533685	63533788	102	3
NC_072442.2	63544080	63544548	-2	1	-	NC_072442.2	63544347	63544491	63544081	63544220	PSMB6	XM_055257935.2	-	2	63544220	63544347	126	1
NC_072442.2	63601102	63601615	-1	1	-	NC_072442.2	63601406	63601494	63601217	63601315	ZMYND15	XM_055257903.1	-	1	63601315	63601406	90	3
NC_072442.2	63601102	63601615	-1	1	-	NC_072442.2	63601406	63601494	63601267	63601315	ZMYND15	XM_063628390.1	-	1	63601315	63601406	90	1
NC_072442.2	63603586	63604177	-1	1	-	NC_072442.2	63603837	63604071	63603588	63603743	ZMYND15	XM_055257903.1	-	1	63603743	63603837	93	4
NC_072442.2	63801083	63801623	3	1	+	NC_072442.2	63801135	63801231	63801316	63801467	MYBBP1A	XM_055257879.2	+	3	63801231	63801316	84	4
NC_072442.2	63801796	63802777	2	1	+	NC_072442.2	63801902	63802051	63802154	63802324	MYBBP1A	XM_055257879.2	+	2	63802051	63802154	102	4
NC_072442.2	64410709	64411918	2	1	+	NC_072442.2	64410917	64411021	64411211	64411349	ATP2A3	XM_055257889.2	+	2	64411021	64411211	189	10
NC_072442.2	64410709	64411918	2	1	+	NC_072442.2	64411211	64411349	64411812	64411892	ATP2A3	XM_055257889.2	+	2	64411349	64411812	462	10
NC_072442.2	64463276	64463588	3	1	+	NC_072442.2	64463283	64463384	64463526	64463588	P2RX1	XM_055257931.2	+	3	64463384	64463526	141	8
NC_072442.2	64621481	64621883	3	1	+	NC_072442.2	64621589	64621652	64621731	64621838	ITGAE	XM_063628408.1	+	3	64621652	64621731	78	1
NC_072442.2	64760377	64760713	-1	1	-	NC_072442.2	64760624	64760695	64760379	64760461	LOC129469500	XM_063629679.1	-	1	64760461	64760624	162	2
NC_072442.2	64839858	64840194	-2	1	-	NC_072442.2	64840105	64840176	64839860	64839942	LOC134735286	XM_063629684.1	-	2	64839942	64840105	162	3
NC_072442.2	65061050	65061386	-3	1	-	NC_072442.2	65061297	65061368	65061052	65061134	LOC129469502	XM_055256172.2	-	3	65061134	65061297	162	2
NC_072442.2	65110956	65111826	-2	1	-	NC_072442.2	65111547	65111640	65111338	65111444	LOC129469686	XM_055256465.2	-	2	65111444	65111547	102	1
NC_072442.2	65110956	65111826	-2	1	-	NC_072442.2	65111338	65111444	65110969	65111214	LOC129469686	XM_055256465.2	-	2	65111214	65111338	123	1
NC_072442.2	65170628	65170964	-3	1	-	NC_072442.2	65170875	65170947	65170630	65170712	LOC129477062	XM_063629667.1	-	3	65170712	65170875	162	2
NC_072442.2	65216339	65217005	-3	1	-	NC_072442.2	65216726	65216819	65216517	65216623	LOC129469506	XM_055256182.2	-	3	65216623	65216726	102	2
NC_072442.2	65275778	65276114	-3	1	-	NC_072442.2	65276025	65276097	65275780	65275862	LOC134735285	XM_063629663.1	-	3	65275862	65276025	162	2
NC_072442.2	65321267	65322137	-3	1	-	NC_072442.2	65321858	65321951	65321649	65321755	LOC134735291	XM_063629749.1	-	3	65321755	65321858	102	1
NC_072442.2	65321267	65322137	-3	1	-	NC_072442.2	65321649	65321755	65321280	65321525	LOC134735291	XM_063629749.1	-	3	65321525	65321649	123	1
NC_072442.2	65380901	65381237	-3	1	-	NC_072442.2	65381148	65381220	65380903	65380985	LOC134735284	XM_063629661.1	-	3	65380985	65381148	162	2
NC_072442.2	65426392	65427262	-1	1	-	NC_072442.2	65426983	65427076	65426774	65426880	LOC134735292	XM_063629751.1	-	1	65426880	65426983	102	1
NC_072442.2	65426392	65427262	-1	1	-	NC_072442.2	65426774	65426880	65426405	65426650	LOC134735292	XM_063629751.1	-	1	65426650	65426774	123	1
NC_072442.2	65486022	65486358	-2	1	-	NC_072442.2	65486269	65486341	65486024	65486106	LOC129470482	XM_063629665.1	-	2	65486106	65486269	162	2
NC_072442.2	65531519	65532389	-3	1	-	NC_072442.2	65532110	65532203	65531901	65532007	LOC129469957	XM_063629752.1	-	3	65532007	65532110	102	1
NC_072442.2	65531519	65532389	-3	1	-	NC_072442.2	65531901	65532007	65531532	65531777	LOC129469957	XM_063629752.1	-	3	65531777	65531901	123	1
NC_072442.2	65592673	65593009	-1	1	-	NC_072442.2	65592920	65592991	65592675	65592757	LOC129470488	XM_063629682.1	-	1	65592757	65592920	162	2
NC_072442.2	65625970	65626306	-1	1	-	NC_072442.2	65626217	65626288	65625972	65626054	LOC134735287	XM_063629688.1	-	1	65626054	65626217	162	2
NC_072442.2	65660512	65660848	-1	1	-	NC_072442.2	65660759	65660830	65660514	65660596	LOC134735288	XM_063629698.1	-	1	65660596	65660759	162	1
NC_072442.2	66781140	66781740	-2	1	-	NC_072442.2	66781294	66781428	66781142	66781215	CLUH	XM_055257971.2	-	2	66781215	66781294	78	5
NC_072442.2	66785107	66785599	-1	1	-	NC_072442.2	66785342	66785494	66785186	66785248	CLUH	XM_055257971.2	-	1	66785248	66785342	93	5
NC_072442.2	67312770	67313106	1	1	+	NC_072442.2	67312789	67312860	67313023	67313105	LOC129469945	XM_055257184.2	+	1	67312860	67313023	162	2
NC_072442.2	67341498	67341834	1	1	+	NC_072442.2	67341517	67341588	67341751	67341833	LOC129469946	XM_055257185.2	+	1	67341588	67341751	162	1
NC_072442.2	67544677	67545358	2	1	+	NC_072442.2	67544864	67544957	67545060	67545166	LOC129469573	XM_055256366.2	+	2	67544957	67545060	102	2
NC_072442.2	67728992	67730156	3	1	+	NC_072442.2	67729145	67729258	67729334	67729410	MYO1C	XM_055256344.2	+	3	67729258	67729334	75	7
NC_072442.2	7753289	7753634	3	1	+	NC_072442.2	7753312	7753427	7753518	7753633	MYCBPAP	XM_055256645.2	+	3	7753427	7753518	90	9
NC_072442.2	7781044	7781857	2	1	+	NC_072442.2	7781139	7781293	7781372	7781515	SPATA20	XM_055257383.2	+	2	7781293	7781372	78	9
NC_072442.2	7781044	7781857	2	1	+	NC_072442.2	7781372	7781515	7781615	7781816	SPATA20	XM_055257383.2	+	2	7781515	7781615	99	9
NC_072442.2	7782862	7783264	2	1	+	NC_072442.2	7782863	7782937	7783034	7783243	SPATA20	XM_055257383.2	+	2	7782937	7783034	96	9
NC_072442.2	8473971	8475357	-2	1	-	NC_072442.2	8474449	8474733	8474138	8474325	MBTD1	XM_063629889.1	-	2	8474325	8474449	123	1
NC_072443.2	22106282	22106504	3	1	+	NC_072443.2	22106315	22106370	22106491	22106503	ARL6	XM_055259917.2	+	3	22106370	22106491	120	1
NC_072443.2	33242991	33243354	-3	1	-	NC_072443.2	33243341	33243354	33243112	33243157	DPPA2	XM_055259640.2	-	3	33243157	33243341	183	1
NC_072443.2	46533958	46535014	2	1	+	NC_072443.2	46534041	46534247	46534329	46534928	PARP14	XM_055259286.2	+	2	46534247	46534329	81	3
NC_072443.2	50541365	50542064	3	1	+	NC_072443.2	50541635	50541758	50541840	50541993	PLXNA1	XM_055260204.2	+	3	50541758	50541840	81	1
NC_072443.2	50552991	50554416	1	1	+	NC_072443.2	50553252	50553419	50553678	50553771	PLXNA1	XM_055260204.2	+	1	50553419	50553678	258	1
NC_072443.2	50552991	50554416	1	1	+	NC_072443.2	50553678	50553771	50554159	50554398	PLXNA1	XM_055260204.2	+	1	50553771	50554159	387	1
NC_072443.2	50570012	50570918	3	1	+	NC_072443.2	50570207	50570419	50570507	50570657	PLXNA1	XM_055260204.2	+	3	50570419	50570507	87	1
NC_072443.2	51088560	51088908	-3	1	-	NC_072443.2	51088795	51088881	51088626	51088698	TPRA1	XM_055259694.2	-	3	51088698	51088795	96	2
NC_072443.2	53058326	53058743	-1	1	-	NC_072443.2	53058614	53058721	53058408	53058520	PLXND1	XM_055259117.2	-	1	53058520	53058614	93	2
NC_072443.2	54071160	54071670	1	1	+	NC_072443.2	54071309	54071375	54071478	54071623	GRIP2	XM_055260610.2	+	1	54071375	54071478	102	5
NC_072443.2	55115719	55116133	2	1	+	NC_072443.2	55115762	55115866	55115966	55116067	NUP210	XM_055259255.2	+	2	55115866	55115966	99	1
NC_072443.2	55669146	55669698	-3	1	-	NC_072443.2	55669514	55669619	55669221	55669363	CAND2	XM_055259387.2	-	3	55669363	55669514	150	5
NC_072443.2	58555585	58556464	-2	1	-	NC_072443.2	58556302	58556352	58555586	58556211	IL17RC	XM_055260520.2	-	2	58556211	58556302	90	3
NC_072443.2	58560719	58561154	-1	1	-	NC_072443.2	58560954	58561135	58560810	58560860	IL17RC	XM_055260520.2	-	1	58560860	58560954	93	10
NC_072443.2	69372378	69372834	1	1	+	NC_072443.2	69372425	69372583	69372683	69372832	CNTN3	XM_055259312.2	+	1	69372583	69372683	99	2
NC_072443.2	85828752	85829565	-3	1	-	NC_072443.2	85829208	85829345	85828953	85829117	MUC2	XM_055259281.2	-	3	85829117	85829208	90	1
NC_072443.2	85883967	85884600	1	1	+	NC_072443.2	85884080	85884174	85884322	85884454	MUC6	XM_063630840.1	+	1	85884174	85884322	147	1
NC_072443.2	85885815	85886460	1	1	+	NC_072443.2	85885998	85886139	85886224	85886334	MUC6	XM_063630840.1	+	1	85886139	85886224	84	1
NC_072443.2	85891069	85891861	2	1	+	NC_072443.2	85891086	85891136	85891569	85891736	MUC6	XM_063630840.1	+	2	85891136	85891569	432	1
NC_072443.2	86092202	86092973	-1	1	-	NC_072443.2	86092454	86092883	86092203	86092207	CRACR2B	XM_063630845.1	-	1	86092207	86092454	246	2
NC_072443.2	86101996	86102659	-2	1	-	NC_072443.2	86102408	86102640	86102252	86102317	PNPLA2	XM_055260076.2	-	2	86102317	86102408	90	2
NC_072443.2	86126482	86127343	2	1	+	NC_072443.2	86126538	86126673	86126746	86126896	PIDD1	XM_055260017.2	+	2	86126673	86126746	72	7
NC_072443.2	86126482	86127343	2	1	+	NC_072443.2	86126746	86126896	86127207	86127325	PIDD1	XM_055260017.2	+	2	86126896	86127207	310	5
NC_072443.2	86126482	86127343	2	1	+	NC_072443.2	86126746	86126896	86127207	86127274	PIDD1	XM_055260018.2	+	2	86126896	86127207	310	4
NC_072443.2	86126482	86127343	2	1	+	NC_072443.2	86126538	86126640	86126746	86126896	PIDD1	XM_063630865.1	+	2	86126640	86126746	105	2
NC_072443.2	86202439	86203081	-2	1	-	NC_072443.2	86202947	86203066	86202676	86202748	EPS8L2	XM_055260033.2	-	2	86202748	86202947	198	3
NC_072443.2	86202439	86203081	-2	1	-	NC_072443.2	86202878	86203066	86202676	86202748	EPS8L2	XM_063630873.1	-	2	86202748	86202878	129	2
NC_072443.2	86207455	86207986	-2	1	-	NC_072443.2	86207710	86207852	86207561	86207631	EPS8L2	XM_055260033.2	-	2	86207631	86207710	78	5
NC_072443.2	86301709	86303026	-2	1	-	NC_072443.2	86302453	86302838	86301997	86302260	DRD4	XM_055260098.2	-	2	86302260	86302453	192	1
NC_072443.2	86301709	86303026	-2	1	-	NC_072443.2	86301997	86302260	86301710	86301909	DRD4	XM_055260098.2	-	2	86301909	86301997	87	1
NC_072443.2	86301709	86303026	-2	1	-	NC_072443.2	86301997	86302838	86301710	86301909	DRD4	XM_063630884.1	-	2	86301909	86301997	87	1
NC_072443.2	86393894	86394761	-1	1	-	NC_072443.2	86394410	86394586	86394270	86394334	LRRC56	XM_055260060.2	-	1	86394334	86394410	75	6
NC_072443.2	86510610	86511087	1	1	+	NC_072443.2	86510815	86510875	86510981	86511063	ANO9	XM_055260032.2	+	1	86510875	86510981	105	5
NC_072443.2	86520938	86521262	3	1	+	NC_072443.2	86520992	86521093	86521214	86521261	ANO9	XM_063630925.1	+	3	86521093	86521214	120	2
NC_072443.2	86533578	86534220	-3	1	-	NC_072443.2	86533929	86534082	86533580	86533772	PKP3	XM_055259538.2	-	3	86533772	86533929	156	1
NC_072443.2	86560665	86561004	-3	1	-	NC_072443.2	86560885	86560985	86560667	86560734	B4GALNT4	XM_055259801.2	-	3	86560734	86560885	150	2
NC_072443.2	86648167	86649157	-2	1	-	NC_072443.2	86648842	86648953	86648604	86648676	PGGHG	XM_055259720.2	-	2	86648676	86648842	165	3
NC_072443.2	86716849	86717644	2	1	+	NC_072443.2	86716897	86717088	86717218	86717450	SIRT3	XM_055259236.2	+	2	86717088	86717218	129	4
NC_072443.2	86716849	86717644	2	1	+	NC_072443.2	86716994	86717088	86717218	86717450	SIRT3	XM_055259242.2	+	2	86717088	86717218	129	2
NC_072443.2	86716849	86717644	2	1	+	NC_072443.2	86717042	86717088	86717218	86717450	SIRT3	XM_063630938.1	+	2	86717088	86717218	129	1
NC_072444.2	10388906	10389368	3	1	+	NC_072444.2	10388937	10389129	10389229	10389367	MAP3K6	XM_055261271.2	+	3	10389129	10389229	99	3
NC_072444.2	10397726	10398281	-2	1	-	NC_072444.2	10398135	10398235	10397868	10397981	SYTL1	XM_055261305.2	-	2	10397981	10398135	153	3
NC_072444.2	11398631	11399288	3	1	+	NC_072444.2	11398947	11399106	11399203	11399288	CRYBG2	XM_055261541.2	+	3	11399106	11399203	96	2
NC_072444.2	11894495	11895047	-2	1	-	NC_072444.2	11894931	11895043	11894745	11894846	SELENON	XM_055262726.2	-	2	11894846	11894931	84	3
NC_072444.2	13787281	13787734	2	1	+	NC_072444.2	13787300	13787366	13787460	13787545	GALE	XM_055262598.2	+	2	13787366	13787460	93	13
NC_072444.2	14115258	14115708	1	1	+	NC_072444.2	14115281	14115348	14115442	14115612	ASAP3	XM_055261833.2	+	1	14115348	14115442	93	2
NC_072444.2	14115258	14115708	1	1	+	NC_072444.2	14115281	14115348	14115442	14115549	ASAP3	XM_055261834.2	+	1	14115348	14115442	93	3
NC_072444.2	14961746	14962274	-2	1	-	NC_072444.2	14962050	14962199	14961772	14961962	EPHA8	XM_055262130.2	-	2	14961962	14962050	87	1
NC_072444.2	15693116	15693722	3	1	+	NC_072444.2	15693228	15693363	15693481	15693632	HSPG2	XM_055261532.2	+	3	15693363	15693481	117	2
NC_072444.2	15710368	15710974	2	1	+	NC_072444.2	15710486	15710585	15710724	15710833	HSPG2	XM_055261532.2	+	2	15710585	15710724	138	2
NC_072444.2	15713451	15714132	1	1	+	NC_072444.2	15713629	15713800	15713903	15714025	HSPG2	XM_055261532.2	+	1	15713800	15713903	102	2
NC_072444.2	16799414	16799867	3	1	+	NC_072444.2	16799527	16799630	16799772	16799866	DDOST	XM_055261060.2	+	3	16799630	16799772	141	1
NC_072444.2	16802314	16802704	2	1	+	NC_072444.2	16802333	16802453	16802577	16802683	DDOST	XM_055261060.2	+	2	16802453	16802577	123	1
NC_072444.2	18032545	18033268	2	1	+	NC_072444.2	18032592	18032779	18032972	18033076	AKR7A2	XM_055262315.2	+	2	18032779	18032972	192	1
NC_072444.2	18033750	18034224	1	1	+	NC_072444.2	18033817	18033913	18034124	18034223	AKR7A2	XM_055262315.2	+	1	18033913	18034124	210	2
NC_072444.2	18077965	18078562	2	1	+	NC_072444.2	18078009	18078196	18078389	18078493	LOC129472544	XM_055262288.2	+	2	18078196	18078389	192	6
NC_072444.2	18581469	18581934	-1	1	-	NC_072444.2	18581775	18581904	18581518	18581657	UBR4	XM_055262262.2	-	1	18581657	18581775	117	4
NC_072444.2	20554484	20555255	-2	1	-	NC_072444.2	20555088	20555248	20554848	20554964	ATP13A2	XM_055262217.2	-	2	20554964	20555088	123	3
NC_072444.2	20561412	20561871	-1	1	-	NC_072444.2	20561640	20561750	20561509	20561555	ATP13A2	XM_055262217.2	-	1	20561555	20561640	84	4
NC_072444.2	20565449	20565836	-2	1	-	NC_072444.2	20565678	20565812	20565524	20565590	ATP13A2	XM_055262217.2	-	2	20565590	20565678	87	4
NC_072444.2	21429826	21430726	2	1	+	NC_072444.2	21429920	21430062	21430159	21430459	ZBTB17	XM_055262499.2	+	2	21430062	21430159	96	10
NC_072444.2	21546112	21546697	-3	1	-	NC_072444.2	21546485	21546599	21546116	21546433	LOC129472121	XM_055261549.1	-	3	21546433	21546485	51	1
NC_072444.2	28518675	28520538	1	1	+	NC_072444.2	28518676	28520054	28520181	28520403	RERE	XM_055262461.2	+	1	28520054	28520181	126	20
NC_072444.2	30302957	30303527	-2	1	-	NC_072444.2	30303287	30303423	30303041	30303205	ZBTB48	XM_055261232.2	-	2	30303205	30303287	81	4
NC_072444.2	30303774	30304449	-1	1	-	NC_072444.2	30304198	30304284	30303854	30304008	ZBTB48	XM_055261232.2	-	1	30304008	30304198	189	4
NC_072444.2	30426508	30427159	2	1	+	NC_072444.2	30426719	30426769	30426890	30427039	PLEKHG5	XM_055262154.1	+	2	30426769	30426890	120	5
NC_072444.2	30446398	30446992	-3	1	-	NC_072444.2	30446789	30446934	30446441	30446704	ESPN	XM_055262146.2	-	3	30446704	30446789	84	8
NC_072444.2	30691232	30691955	-2	1	-	NC_072444.2	30691848	30691894	30691389	30691457	RNF207	XM_055262166.1	-	2	30691457	30691848	390	1
NC_072444.2	30782551	30783574	2	1	+	NC_072444.2	30782649	30782728	30782984	30783116	CHD5	XM_055262358.2	+	2	30782728	30782984	255	2
NC_072444.2	33148062	33148977	-1	1	-	NC_072444.2	33148458	33148827	33148096	33148226	CCDC27	XM_063632011.1	-	1	33148226	33148458	231	2
NC_072444.2	33402544	33403138	2	1	+	NC_072444.2	33402642	33402776	33402852	33402986	LOC129472208	XM_055261605.2	+	2	33402776	33402852	75	12
NC_072444.2	33432827	33433598	-2	1	-	NC_072444.2	33433338	33433412	33432909	33433001	ARHGEF16	XM_055261488.2	-	2	33433001	33433338	336	4
NC_072444.2	34271129	34271750	-2	1	-	NC_072444.2	34271439	34271563	34271258	34271342	PLCH2	XM_055262575.2	-	2	34271342	34271439	96	2
NC_072444.2	34469058	34469961	-1	1	-	NC_072444.2	34469607	34469875	34469122	34469414	SKI	XM_055261030.2	-	1	34469414	34469607	192	1
NC_072444.2	34469058	34469961	-1	1	-	NC_072444.2	34469613	34469875	34469122	34469414	SKI	XM_055261031.2	-	1	34469414	34469613	198	1
NC_072444.2	34740282	34741032	-1	1	-	NC_072444.2	34740799	34741010	34740283	34740579	GABRD	XM_055261767.2	-	1	34740579	34740799	219	2
NC_072444.2	34849970	34850273	3	1	+	NC_072444.2	34850070	34850135	34850229	34850272	TMEM52	XM_055261682.1	+	3	34850135	34850229	93	2
NC_072444.2	34849970	34850273	3	1	+	NC_072444.2	34850070	34850128	34850210	34850272	TMEM52	XM_055261684.2	+	3	34850128	34850210	81	1
NC_072444.2	34850640	34851423	1	1	+	NC_072444.2	34850877	34851055	34851146	34851423	TMEM52	XM_055261682.1	+	1	34851055	34851146	90	3
NC_072444.2	34850640	34851423	1	1	+	NC_072444.2	34850821	34851055	34851146	34851423	TMEM52	XM_063632088.1	+	1	34851055	34851146	90	1
NC_072444.2	35096262	35096742	-1	1	-	NC_072444.2	35096490	35096600	35096261	35096387	MMP23B	XM_055261828.2	-	1	35096387	35096490	102	1
NC_072444.2	35097071	35098487	-2	1	-	NC_072444.2	35098221	35098376	35097682	35097812	MMP23B	XM_055261828.2	-	2	35097812	35098221	408	1
NC_072444.2	35097071	35098487	-2	1	-	NC_072444.2	35097682	35097812	35097239	35097406	MMP23B	XM_055261828.2	-	2	35097406	35097682	275	1
NC_072444.2	35188489	35189203	2	1	+	NC_072444.2	35188768	35188976	35189058	35189203	TMEM240	XM_055262654.2	+	2	35188976	35189058	81	1
NC_072444.2	35360617	35361994	2	1	+	NC_072444.2	35360964	35361065	35361150	35361620	MXRA8	XM_055261775.2	+	2	35361065	35361150	84	6
NC_072444.2	35374743	35375268	1	1	+	NC_072444.2	35374822	35374891	35374961	35375100	DVL1	XM_055261246.2	+	1	35374891	35374961	69	2
NC_072444.2	35374743	35375268	1	1	+	NC_072444.2	35374822	35374891	35374961	35375094	DVL1	XM_055261247.2	+	1	35374891	35374961	69	2
NC_072444.2	35380630	35381962	-3	1	-	NC_072444.2	35381716	35381836	35380631	35381586	TAS1R3	XM_055261243.2	-	3	35381586	35381716	129	1
NC_072444.2	35380630	35381962	-3	1	-	NC_072444.2	35381716	35381833	35380631	35381586	TAS1R3	XM_063631191.1	-	3	35381586	35381716	129	1
NC_072444.2	35380630	35381962	-3	1	-	NC_072444.2	35381716	35381821	35380631	35381586	TAS1R3	XM_063631192.1	-	3	35381586	35381716	129	1
NC_072444.2	35403439	35403895	2	1	+	NC_072444.2	35403458	35403600	35403676	35403805	INTS11	XM_055260895.2	+	2	35403600	35403676	75	4
NC_072444.2	35424893	35425355	-2	1	-	NC_072444.2	35425217	35425305	35424978	35425141	SCNN1D	XM_055260894.2	-	2	35425141	35425217	75	1
NC_072444.2	35498684	35499326	3	1	+	NC_072444.2	35498733	35498877	35499058	35499180	TNFRSF4	XM_055261590.2	+	3	35498877	35499058	180	5
NC_072444.2	35499446	35500184	3	1	+	NC_072444.2	35499742	35499843	35500117	35500183	TNFRSF4	XM_055261590.2	+	3	35499843	35500117	273	3
NC_072444.2	35501180	35501786	3	1	+	NC_072444.2	35501286	35501414	35501496	35501786	TNFRSF4	XM_063632097.1	+	3	35501414	35501496	81	1
NC_072444.2	35514814	35515645	-3	1	-	NC_072444.2	35515474	35515567	35514815	35515221	TTLL10	XM_055261611.2	-	3	35515221	35515474	252	4
NC_072444.2	35663773	35664436	-3	1	-	NC_072444.2	35664221	35664337	35663944	35664136	AGRN	XM_055261446.2	-	3	35664136	35664221	84	4
NC_072444.2	35663773	35664436	-3	1	-	NC_072444.2	35663944	35664136	35663775	35663862	AGRN	XM_055261446.2	-	3	35663862	35663944	81	4
NC_072444.2	35664491	35665475	-2	1	-	NC_072444.2	35665258	35665354	35664997	35665161	AGRN	XM_055261446.2	-	2	35665161	35665258	96	4
NC_072444.2	35664491	35665475	-2	1	-	NC_072444.2	35664997	35665161	35664750	35664861	AGRN	XM_055261446.2	-	2	35664861	35664997	135	4
NC_072444.2	35671188	35671764	-1	1	-	NC_072444.2	35671482	35671682	35671249	35671397	AGRN	XM_055261446.2	-	1	35671397	35671482	84	4
NC_072444.2	35671767	35672286	-1	1	-	NC_072444.2	35672049	35672267	35671773	35671967	AGRN	XM_055261446.2	-	1	35671967	35672049	81	4
NC_072444.2	35718177	35718759	1	1	+	NC_072444.2	35718208	35718295	35718389	35718759	HES4	XM_055261931.2	+	1	35718295	35718389	93	2
NC_072444.2	35745686	35746832	-2	1	-	NC_072444.2	35746596	35746676	35746191	35746511	PLEKHN1	XM_055262126.2	-	2	35746511	35746596	84	4
NC_072444.2	35745686	35746832	-2	1	-	NC_072444.2	35746596	35746676	35746439	35746511	PLEKHN1	XM_055262127.2	-	2	35746511	35746596	84	5
NC_072444.2	35745686	35746832	-2	1	-	NC_072444.2	35746439	35746511	35746191	35746318	PLEKHN1	XM_055262127.2	-	2	35746318	35746439	120	5
NC_072444.2	36824364	36825291	-1	1	-	NC_072444.2	36824800	36825247	36824560	36824658	LOC129472137	XM_055261560.1	-	1	36824658	36824800	141	1
NC_072444.2	40233709	40234447	2	1	+	NC_072444.2	40233809	40234165	40234307	40234415	IMP4	XM_055260993.1	+	2	40234165	40234307	141	6
NC_072444.2	40248712	40249456	2	1	+	NC_072444.2	40248969	40249045	40249133	40249228	PTPN18	XM_055260988.2	+	2	40249045	40249133	87	7
NC_072444.2	43457049	43457553	-1	1	-	NC_072444.2	43457309	43457421	43457095	43457221	MYO7B	XM_055262102.1	-	1	43457221	43457309	87	1
NC_072444.2	44204942	44205614	-2	1	-	NC_072444.2	44205287	44205485	44205113	44205187	TEX51	XM_055261656.1	-	2	44205187	44205287	99	13
NC_072444.2	44204942	44205614	-2	1	-	NC_072444.2	44205341	44205485	44205113	44205187	TEX51	XM_055261666.1	-	2	44205187	44205341	153	1
NC_072444.2	47487160	47488024	2	1	+	NC_072444.2	47487459	47487525	47487661	47487979	LOC129472382	XM_055261928.1	+	2	47487525	47487661	135	1
NC_072444.2	47487160	47488024	2	1	+	NC_072444.2	47487459	47487525	47487706	47487979	LOC129472382	XM_055261929.1	+	2	47487525	47487706	180	2
NC_072444.2	48126694	48127513	2	1	+	NC_072444.2	48126993	48127095	48127186	48127468	LOC129472256	XM_055261698.1	+	2	48127095	48127186	90	2
NC_072444.2	48126694	48127513	2	1	+	NC_072444.2	48126993	48127050	48127186	48127468	LOC129472256	XM_055261699.1	+	2	48127050	48127186	135	2
NC_072444.2	74576730	74577606	1	1	+	NC_072444.2	74576881	74577030	74577373	74577522	SNX8	XM_055262351.2	+	1	74577030	74577373	342	2
NC_072444.2	75335578	75336181	2	1	+	NC_072444.2	75335804	75335963	75336075	75336180	INTS1	XM_055262631.2	+	2	75335963	75336075	111	1
NC_072444.2	75348226	75348769	2	1	+	NC_072444.2	75348251	75348430	75348578	75348727	INTS1	XM_055262631.2	+	2	75348430	75348578	147	1
NC_072444.2	75349738	75350497	2	1	+	NC_072444.2	75349877	75350056	75350144	75350248	INTS1	XM_055262631.2	+	2	75350056	75350144	87	1
NC_072444.2	75364312	75365062	2	1	+	NC_072444.2	75364687	75364796	75364950	75365062	INTS1	XM_055262631.2	+	2	75364796	75364950	153	1
NC_072444.2	75824288	75825188	-2	1	-	NC_072444.2	75824843	75824992	75824619	75824776	CYP2W1	XM_055260851.1	-	2	75824776	75824843	66	1
NC_072444.2	8585841	8586234	1	1	+	NC_072444.2	8585842	8585902	8586056	8586157	MECR	XM_063631502.1	+	1	8585902	8586056	153	1
NC_072444.2	9038537	9038936	-2	1	-	NC_072444.2	9038795	9038819	9038546	9038551	YTHDF2	XM_055261320.2	-	2	9038551	9038795	243	1
NC_072444.2	9547342	9547663	-3	1	-	NC_072444.2	9547526	9547612	9547344	9547435	ATP5IF1	XM_055261398.2	-	3	9547435	9547526	90	2
NC_072444.2	9816198	9816711	-1	1	-	NC_072444.2	9816531	9816711	9816313	9816446	SMPDL3B	XM_055261342.2	-	1	9816446	9816531	84	4
NC_072445.2	15165736	15166420	2	1	+	NC_072445.2	15165857	15165908	15166065	15166406	NCR2	XM_055263710.2	+	2	15165908	15166065	156	3
NC_072445.2	15417247	15417868	2	1	+	NC_072445.2	15417413	15417496	15417605	15417812	FOXP4	XM_055263342.2	+	2	15417496	15417605	108	8
NC_072445.2	15417247	15417868	2	1	+	NC_072445.2	15417413	15417496	15417641	15417812	FOXP4	XM_055263345.2	+	2	15417496	15417641	144	4
NC_072445.2	16821071	16821563	3	1	+	NC_072445.2	16821107	16821215	16821429	16821482	PPP2R5D	XM_055263271.2	+	3	16821215	16821429	213	4
NC_072445.2	16823243	16823756	3	1	+	NC_072445.2	16823390	16823462	16823607	16823723	PPP2R5D	XM_055263271.2	+	3	16823462	16823607	144	4
NC_072445.2	17021560	17022415	2	1	+	NC_072445.2	17021739	17021848	17021924	17022106	CUL9	XM_055263112.2	+	2	17021848	17021924	75	10
NC_072445.2	17021560	17022415	2	1	+	NC_072445.2	17021924	17022106	17022254	17022414	CUL9	XM_055263112.2	+	2	17022106	17022254	147	10
NC_072445.2	17039878	17040295	2	1	+	NC_072445.2	17039894	17040011	17040255	17040295	CUL9	XM_063633023.1	+	2	17040011	17040255	243	1
NC_072445.2	17073254	17074331	3	1	+	NC_072445.2	17073494	17073725	17073987	17074162	TTBK1	XM_055263134.2	+	3	17073725	17073987	261	5
NC_072445.2	17269123	17269525	2	1	+	NC_072445.2	17269201	17269330	17269427	17269524	ABCC10	XM_055263129.2	+	2	17269330	17269427	96	1
NC_072445.2	17446673	17447276	-3	1	-	NC_072445.2	17447118	17447226	17446725	17446922	GTPBP2	XM_055263997.2	-	3	17446922	17447118	195	4
NC_072445.2	17495432	17495849	-3	1	-	NC_072445.2	17495726	17495849	17495434	17495503	MRPS18A	XM_055264016.2	-	3	17495503	17495726	222	3
NC_072445.2	17981790	17982357	1	1	+	NC_072445.2	17981842	17981922	17982169	17982357	TMEM63B	XM_055263235.2	+	1	17981922	17982169	246	7
NC_072445.2	18009742	18010390	2	1	+	NC_072445.2	18009983	18010061	18010161	18010277	CAPN11	XM_055264052.2	+	2	18010061	18010161	99	1
NC_072445.2	29850260	29850578	-3	1	-	NC_072445.2	29850483	29850578	29850262	29850389	DST	XM_055263427.2	-	3	29850389	29850483	93	25
NC_072445.2	35516988	35517345	-2	1	-	NC_072445.2	35517231	35517345	35517051	35517122	MAPK13	XM_055264337.2	-	2	35517122	35517231	108	1
NC_072445.2	35898824	35899307	-3	1	-	NC_072445.2	35899062	35899235	35898849	35898920	ARMC12	XM_055264477.2	-	3	35898920	35899062	141	3
NC_072445.2	36369179	36369872	-3	1	-	NC_072445.2	36369509	36369742	36369252	36369415	ZNF76	XM_055264401.2	-	3	36369415	36369509	93	9
NC_072445.2	36371522	36372086	-3	1	-	NC_072445.2	36371901	36372017	36371567	36371642	ZNF76	XM_055264401.2	-	3	36371642	36371901	258	5
NC_072445.2	36415381	36415948	-1	1	-	NC_072445.2	36415750	36415866	36415498	36415602	SCUBE3	XM_055264398.2	-	1	36415602	36415750	147	5
NC_072445.2	36684426	36684801	-2	1	-	NC_072445.2	36684660	36684761	36684450	36684551	ANKS1A	XM_055263818.2	-	2	36684551	36684660	108	6
NC_072445.2	37916286	37916703	1	1	+	NC_072445.2	37916417	37916518	37916600	37916702	LEMD2	XM_055264703.2	+	1	37916518	37916600	81	3
NC_072445.2	38008164	38008923	-2	1	-	NC_072445.2	38008678	38008862	38008252	38008452	ITPR3	XM_055264699.2	-	2	38008452	38008678	225	4
NC_072445.2	38009412	38010249	-2	1	-	NC_072445.2	38010022	38010130	38009799	38009889	ITPR3	XM_055264699.2	-	2	38009889	38010022	132	4
NC_072445.2	38440112	38440436	-3	1	-	NC_072445.2	38440320	38440390	38440114	38440238	PFDN6	XM_055264572.2	-	3	38440238	38440320	81	4
NC_072445.2	38537199	38537733	1	1	+	NC_072445.2	38537211	38537314	38537627	38537732	RXRB	XM_055263100.2	+	1	38537314	38537627	312	2
NC_072445.2	38537199	38537733	1	1	+	NC_072445.2	38537223	38537314	38537627	38537732	RXRB	XM_055263101.2	+	1	38537314	38537627	312	2
NC_072445.2	38553219	38553726	1	1	+	NC_072445.2	38553466	38553519	38553619	38553672	COL11A2	XM_055263599.2	+	1	38553519	38553619	99	5
NC_072445.2	38567637	38568126	1	1	+	NC_072445.2	38567653	38567706	38567821	38568088	COL11A2	XM_055263599.2	+	1	38567706	38567821	114	5
NC_072445.2	39532558	39533128	2	1	+	NC_072445.2	39532587	39532823	39532944	39533099	NOTCH4	XM_055264725.2	+	2	39532823	39532944	120	2
NC_072445.2	39572667	39572982	-2	1	-	NC_072445.2	39572865	39572982	39572668	39572762	RNF5	XM_055264756.2	-	2	39572762	39572865	102	1
NC_072445.2	39573226	39573640	-1	1	-	NC_072445.2	39573434	39573452	39573228	39573340	RNF5	XM_055264756.2	-	1	39573340	39573434	93	1
NC_072445.2	39585470	39585869	-3	1	-	NC_072445.2	39585695	39585865	39585522	39585601	EGFL8	XM_055264748.2	-	3	39585601	39585695	93	3
NC_072445.2	39597407	39597743	-3	1	-	NC_072445.2	39597617	39597712	39597422	39597529	PPT2	XM_055264742.2	-	3	39597529	39597617	87	2
NC_072445.2	39687285	39688347	1	1	+	NC_072445.2	39687539	39687853	39687968	39688285	TNXB	XM_063633195.1	+	1	39687853	39687968	114	1
NC_072445.2	39711475	39711988	2	1	+	NC_072445.2	39711528	39711650	39711765	39711908	TNXB	XM_063633195.1	+	2	39711650	39711765	114	1
NC_072445.2	39712139	39712721	3	1	+	NC_072445.2	39712339	39712482	39712576	39712706	TNXB	XM_063633195.1	+	3	39712482	39712576	93	1
NC_072445.2	39721162	39721975	-1	1	-	NC_072445.2	39721480	39721569	39721297	39721395	LOC129473280	XM_055263622.2	-	1	39721395	39721480	84	2
NC_072445.2	39723446	39724004	-3	1	-	NC_072445.2	39723694	39723880	39723489	39723579	LOC129473280	XM_055263622.2	-	3	39723579	39723694	114	1
NC_072445.2	39726259	39726661	-1	1	-	NC_072445.2	39726545	39726661	39726268	39726439	LOC129473280	XM_055263622.2	-	1	39726439	39726545	105	2
NC_072445.2	39730704	39731292	-2	1	-	NC_072445.2	39731098	39731280	39730780	39730965	LOC129473280	XM_055263622.2	-	2	39730965	39731098	132	2
NC_072445.2	39763586	39764012	-3	1	-	NC_072445.2	39763832	39763964	39763701	39763750	CFB	XM_055264825.2	-	3	39763750	39763832	81	4
NC_072445.2	39770227	39770809	-1	1	-	NC_072445.2	39770464	39770590	39770288	39770337	C2	XM_055264829.2	-	1	39770337	39770464	126	2
NC_072445.2	39831598	39832222	2	1	+	NC_072445.2	39831793	39831871	39832046	39832221	EHMT2	XM_055264812.2	+	2	39831871	39832046	174	13
NC_072445.2	39848012	39848543	3	1	+	NC_072445.2	39848114	39848184	39848284	39848378	SLC44A4	XM_055263192.2	+	3	39848184	39848284	99	2
NC_072445.2	39938897	39939407	3	1	+	NC_072445.2	39938968	39939038	39939123	39939248	VARS1	XM_055264412.2	+	3	39939038	39939123	84	3
NC_072445.2	39941087	39941846	3	1	+	NC_072445.2	39941193	39941304	39941437	39941762	VARS1	XM_055264412.2	+	3	39941304	39941437	132	2
NC_072445.2	39941087	39941846	3	1	+	NC_072445.2	39941193	39941304	39941437	39941846	VARS1	XM_063633198.1	+	3	39941304	39941437	132	1
NC_072445.2	39953349	39953817	1	1	+	NC_072445.2	39953447	39953599	39953711	39953803	VWA7	XM_055264416.2	+	1	39953599	39953711	111	4
NC_072445.2	40006391	40007066	3	1	+	NC_072445.2	40006621	40006746	40006849	40007066	LOC129473242	XM_055263558.2	+	3	40006746	40006849	102	1
NC_072445.2	40032577	40032829	2	1	+	NC_072445.2	40032582	40032680	40032777	40032823	ABHD16A	XM_055263604.2	+	2	40032680	40032777	96	4
NC_072445.2	40167797	40168805	-3	1	-	NC_072445.2	40168556	40168777	40167798	40168384	NFKBIL1	XM_055262960.2	-	3	40168384	40168556	171	2
NC_072445.2	40167797	40168805	-3	1	-	NC_072445.2	40168601	40168777	40167798	40168384	NFKBIL1	XM_055262961.2	-	3	40168384	40168601	216	1
NC_072445.2	40471376	40471727	3	1	+	NC_072445.2	40471377	40471434	40471513	40471726	CCHCR1	XM_055262853.2	+	3	40471434	40471513	78	32
NC_072445.2	40471376	40471727	3	1	+	NC_072445.2	40471377	40471434	40471621	40471726	CCHCR1	XM_055262857.2	+	3	40471434	40471621	186	18
NC_072445.2	40477946	40478678	3	1	+	NC_072445.2	40477976	40478111	40478271	40478381	CCHCR1	XM_055262853.2	+	3	40478111	40478271	159	35
NC_072445.2	40640585	40643204	-3	1	-	NC_072445.2	40642573	40643119	40641370	40642128	MUC21	XM_063632822.1	-	3	40642128	40642573	444	1
NC_072445.2	40640585	40643204	-3	1	-	NC_072445.2	40641370	40642128	40640595	40640937	MUC21	XM_063632822.1	-	3	40640937	40641370	432	1
NC_072445.2	40640585	40643204	-3	1	-	NC_072445.2	40642573	40643119	40640595	40641588	MUC21	XM_063632823.1	-	3	40641588	40642573	984	1
NC_072445.2	40640585	40643204	-3	1	-	NC_072445.2	40642798	40643119	40640595	40641723	MUC21	XM_063632824.1	-	3	40641723	40642798	1074	1
NC_072445.2	40698008	40698311	-3	1	-	NC_072445.2	40698222	40698290	40698020	40698098	VARS2	XM_055263332.2	-	3	40698098	40698222	123	4
NC_072445.2	40705915	40706464	-1	1	-	NC_072445.2	40706333	40706380	40705979	40706206	VARS2	XM_055263332.2	-	1	40706206	40706333	126	1
NC_072445.2	40705915	40706464	-1	1	-	NC_072445.2	40706369	40706380	40705979	40706206	VARS2	XM_055263333.2	-	1	40706206	40706369	162	1
NC_072445.2	40727156	40727702	-3	1	-	NC_072445.2	40727507	40727602	40727247	40727398	DDR1	XM_055263538.2	-	3	40727398	40727507	108	13
NC_072445.2	40731611	40731989	-3	1	-	NC_072445.2	40731833	40731917	40731637	40731739	DDR1	XM_055263538.2	-	3	40731739	40731833	93	11
NC_072445.2	40731611	40731989	-3	1	-	NC_072445.2	40731833	40731959	40731637	40731739	DDR1	XM_055263544.2	-	3	40731739	40731833	93	2
NC_072445.2	40957266	40957734	1	1	+	NC_072445.2	40957333	40957443	40957612	40957727	DHX16	XM_055263024.2	+	1	40957443	40957612	168	1
NC_072445.2	40960815	40961361	1	1	+	NC_072445.2	40960858	40960956	40961068	40961220	DHX16	XM_055263024.2	+	1	40960956	40961068	111	2
NC_072445.2	41034375	41034768	-2	1	-	NC_072445.2	41034696	41034768	41034376	41034539	ABCF1	XM_055263416.2	-	2	41034539	41034696	156	7
NC_072445.2	43839068	43839587	-3	1	-	NC_072445.2	43839347	43839526	43839087	43839232	PRSS16	XM_055264184.1	-	3	43839232	43839347	114	1
NC_072445.2	45075003	45075384	-2	1	-	NC_072445.2	45075237	45075369	45075005	45075152	SLC17A4	XM_055264254.2	-	2	45075152	45075237	84	1
NC_072445.2	63030168	63030525	-2	1	-	NC_072445.2	63030409	63030519	63030169	63030315	BMP6	XM_055264080.2	-	2	63030315	63030409	93	1
NC_072445.2	70415059	70416013	-1	1	-	NC_072445.2	70415581	70416013	70415060	70415544	LOC134735736	XM_063632821.1	-	1	70415544	70415581	36	1
NC_072446.2	10222871	10223840	3	1	+	NC_072446.2	10223134	10223252	10223601	10223771	LAMA5	XM_055265492.2	+	3	10223252	10223601	348	3
NC_072446.2	10241008	10241470	2	1	+	NC_072446.2	10241112	10241164	10241255	10241360	LAMA5	XM_055265492.2	+	2	10241164	10241255	90	3
NC_072446.2	10255215	10255776	1	1	+	NC_072446.2	10255310	10255461	10255531	10255641	LAMA5	XM_055265492.2	+	1	10255461	10255531	69	3
NC_072446.2	10259353	10259884	2	1	+	NC_072446.2	10259354	10259470	10259636	10259790	LAMA5	XM_055265492.2	+	2	10259470	10259636	165	3
NC_072446.2	10259950	10261072	2	1	+	NC_072446.2	10260250	10260391	10260500	10260602	LAMA5	XM_055265492.2	+	2	10260391	10260500	108	3
NC_072446.2	10261968	10262589	1	1	+	NC_072446.2	10261991	10262170	10262252	10262400	LAMA5	XM_055265492.2	+	1	10262170	10262252	81	3
NC_072446.2	10265320	10265827	2	1	+	NC_072446.2	10265452	10265587	10265681	10265826	LAMA5	XM_055265492.2	+	2	10265587	10265681	93	1
NC_072446.2	10265320	10265827	2	1	+	NC_072446.2	10265452	10265602	10265681	10265826	LAMA5	XM_063633438.1	+	2	10265602	10265681	78	2
NC_072446.2	10266406	10267273	2	1	+	NC_072446.2	10266407	10266560	10266678	10266811	LAMA5	XM_055265492.2	+	2	10266560	10266678	117	3
NC_072446.2	10266406	10267273	2	1	+	NC_072446.2	10266678	10266811	10266908	10267001	LAMA5	XM_055265492.2	+	2	10266811	10266908	96	3
NC_072446.2	13484849	13486169	-3	1	-	NC_072446.2	13486031	13486141	13484850	13485925	TUBB1	XM_055265040.2	-	3	13485925	13486031	105	2
NC_072446.2	13484849	13486169	-3	1	-	NC_072446.2	13486031	13486141	13485900	13485925	TUBB1	XM_055265041.2	-	3	13485925	13486031	105	1
NC_072446.2	13484849	13486169	-3	1	-	NC_072446.2	13485900	13485925	13484850	13485827	TUBB1	XM_055265041.2	-	3	13485827	13485900	72	1
NC_072446.2	13484849	13486169	-3	1	-	NC_072446.2	13486038	13486141	13484850	13485800	TUBB1	XM_055265044.2	-	3	13485800	13486038	237	1
NC_072446.2	13484849	13486169	-3	1	-	NC_072446.2	13486031	13486141	13485798	13485925	TUBB1	XM_055265045.2	-	3	13485925	13486031	105	1
NC_072446.2	13484849	13486169	-3	1	-	NC_072446.2	13485798	13485925	13484850	13485554	TUBB1	XM_055265045.2	-	3	13485554	13485798	243	1
NC_072446.2	13484849	13486169	-3	1	-	NC_072446.2	13486031	13486141	13485833	13485925	TUBB1	XM_055265047.2	-	3	13485925	13486031	105	1
NC_072446.2	13484849	13486169	-3	1	-	NC_072446.2	13485833	13485925	13484850	13485226	TUBB1	XM_055265047.2	-	3	13485226	13485833	606	1
NC_072446.2	14962889	14963627	-3	1	-	NC_072446.2	14963237	14963440	14962920	14963107	PCK1	XM_055265768.2	-	3	14963107	14963237	129	1
NC_072446.2	15135782	15136424	-3	1	-	NC_072446.2	15136230	15136325	15135944	15136067	RBM38	XM_055265687.2	-	3	15136067	15136230	162	1
NC_072446.2	15879475	15881479	-1	1	-	NC_072446.2	15879647	15880132	15879481	15879532	TFAP2C	XM_055265772.2	-	1	15879532	15879647	114	2
NC_072446.2	21940449	21940827	1	1	+	NC_072446.2	21940477	21940602	21940681	21940826	RIPOR3	XM_055266785.2	+	1	21940602	21940681	78	1
NC_072446.2	26357541	26358183	1	1	+	NC_072446.2	26357576	26357697	26357818	26357935	CDH22	XM_055266030.2	+	1	26357697	26357818	120	2
NC_072446.2	26416309	26416567	-1	1	-	NC_072446.2	26416438	26416536	26416322	26416350	CD40	XM_055266338.2	-	1	26416350	26416438	87	2
NC_072446.2	26416309	26416567	-1	1	-	NC_072446.2	26416450	26416536	26416322	26416350	CD40	XM_055266339.2	-	1	26416350	26416450	99	2
NC_072446.2	26487712	26488270	-1	1	-	NC_072446.2	26488012	26488145	26487713	26487801	SLC12A5	XM_055266331.2	-	1	26487801	26488012	210	4
NC_072446.2	26733696	26734293	-2	1	-	NC_072446.2	26734044	26734248	26733876	26733935	UBE2C	XM_055266055.2	-	2	26733935	26734044	108	2
NC_072446.2	26733696	26734293	-2	1	-	NC_072446.2	26734044	26734248	26733697	26733935	UBE2C	XM_063634231.1	-	2	26733935	26734044	108	2
NC_072446.2	27126612	27127362	-2	1	-	NC_072446.2	27127161	27127288	27126745	27126845	PIGT	XM_055264995.2	-	2	27126845	27127161	315	3
NC_072446.2	27231234	27231831	-2	1	-	NC_072446.2	27231611	27231714	27231235	27231505	RBPJL	XM_055265000.2	-	2	27231505	27231611	105	3
NC_072446.2	27231234	27231831	-2	1	-	NC_072446.2	27231611	27231714	27231235	27231502	RBPJL	XM_055265001.2	-	2	27231502	27231611	108	1
NC_072446.2	27247135	27247561	2	1	+	NC_072446.2	27247158	27247280	27247377	27247499	MATN4	XM_055264992.2	+	2	27247280	27247377	96	1
NC_072446.2	28796484	28796952	1	1	+	NC_072446.2	28796509	28796787	28796863	28796952	GTSF1L	XM_055266430.2	+	1	28796787	28796863	75	1
NC_072446.2	31194017	31194731	-3	1	-	NC_072446.2	31194525	31194645	31194023	31194365	LPIN3	XM_055266605.2	-	3	31194365	31194525	159	6
NC_072446.2	31377703	31378249	-1	1	-	NC_072446.2	31378003	31378227	31377770	31377918	PLCG1	XM_055265855.2	-	1	31377918	31378003	84	6
NC_072446.2	31381089	31381659	-2	1	-	NC_072446.2	31381480	31381576	31381131	31381200	PLCG1	XM_055265855.2	-	2	31381200	31381480	279	6
NC_072446.2	36989003	36989537	3	1	+	NC_072446.2	36989147	36989207	36989325	36989456	LOC129474845	XM_063633598.1	+	3	36989207	36989325	117	7
NC_072446.2	36989690	36989963	3	1	+	NC_072446.2	36989715	36989777	36989859	36989943	LOC129474845	XM_063633598.1	+	3	36989777	36989859	81	7
NC_072446.2	37032257	37032839	3	1	+	NC_072446.2	37032323	37032641	37032792	37032839	LOC129474845	XM_063633602.1	+	3	37032641	37032792	150	1
NC_072446.2	37050533	37051091	-3	1	-	NC_072446.2	37050944	37051031	37050602	37050721	ERGIC3	XM_055266668.1	-	3	37050721	37050944	222	7
NC_072446.2	37588586	37589039	-3	1	-	NC_072446.2	37588893	37588997	37588716	37588811	MYH7B	XM_063633605.1	-	3	37588811	37588893	81	3
NC_072446.2	37593465	37593945	-2	1	-	NC_072446.2	37593703	37593879	37593467	37593612	MYH7B	XM_063633605.1	-	2	37593612	37593703	90	3
NC_072446.2	37596480	37597134	-2	1	-	NC_072446.2	37596988	37597111	37596743	37596879	MYH7B	XM_063633605.1	-	2	37596879	37596988	108	3
NC_072446.2	39419411	39420302	-3	1	-	NC_072446.2	39420224	39420286	39419413	39419932	BPIFB4	XM_055265536.2	-	3	39419932	39420224	291	1
NC_072446.2	40586729	40587167	3	1	+	NC_072446.2	40586851	40586931	40587148	40587167	PDRG1	XM_055266320.2	+	3	40586931	40587148	216	1
NC_072446.2	43678588	43679413	2	1	+	NC_072446.2	43678833	43678987	43679279	43679412	TGM6	XM_055265556.2	+	2	43678987	43679279	291	1
NC_072446.2	43925893	43926643	-1	1	-	NC_072446.2	43926353	43926592	43926125	43926205	IDH3B	XM_055264955.2	-	1	43926205	43926353	147	2
NC_072446.2	44014020	44014725	1	1	+	NC_072446.2	44014126	44014243	44014343	44014476	EBF4	XM_055265812.2	+	1	44014243	44014343	99	1
NC_072446.2	44014020	44014725	1	1	+	NC_072446.2	44014343	44014476	44014570	44014696	EBF4	XM_055265812.2	+	1	44014476	44014570	93	1
NC_072446.2	44016695	44017358	3	1	+	NC_072446.2	44016798	44016975	44017069	44017257	EBF4	XM_055265812.2	+	3	44016975	44017069	93	1
NC_072446.2	44120998	44121499	2	1	+	NC_072446.2	44121129	44121226	44121314	44121442	VPS16	XM_055264874.2	+	2	44121226	44121314	87	4
NC_072446.2	44339622	44340150	1	1	+	NC_072446.2	44339812	44340013	44340098	44340150	OXT	XM_055264934.2	+	1	44340013	44340098	84	2
NC_072446.2	44351280	44351988	-2	1	-	NC_072446.2	44351622	44351823	44351281	44351450	AVP	XM_055264931.2	-	2	44351450	44351622	171	1
NC_072446.2	44501887	44502472	-1	1	-	NC_072446.2	44502355	44502448	44502121	44502246	SLC4A11	XM_055264887.2	-	1	44502246	44502355	108	10
NC_072446.2	44501887	44502472	-1	1	-	NC_072446.2	44502121	44502246	44501920	44502033	SLC4A11	XM_055264887.2	-	1	44502033	44502121	87	8
NC_072446.2	45098999	45099365	3	1	+	NC_072446.2	45099000	45099122	45099228	45099350	CDC25B	XM_055265309.2	+	3	45099122	45099228	105	9
NC_072446.2	58079908	58080178	2	1	+	NC_072446.2	58079909	58080014	58080102	58080177	SNX5	XM_055265204.2	+	2	58080014	58080102	87	5
NC_072446.2	58408588	58409047	2	1	+	NC_072446.2	58408589	58408681	58408763	58408846	RRBP1	XM_055266716.2	+	2	58408681	58408763	81	8
NC_072446.2	66567898	66568294	-1	1	-	NC_072446.2	66568160	66568209	66567950	66568015	PLCB4	XM_055266694.2	-	1	66568015	66568160	144	17
NC_072446.2	8490314	8491385	3	1	+	NC_072446.2	8490543	8490953	8491071	8491385	LKAAEAR1	XM_055266517.2	+	3	8490953	8491071	117	1
NC_072446.2	8490314	8491385	3	1	+	NC_072446.2	8490552	8490953	8491071	8491385	LKAAEAR1	XM_055266518.2	+	3	8490953	8491071	117	1
NC_072446.2	8490314	8491385	3	1	+	NC_072446.2	8490543	8490953	8491071	8491209	LKAAEAR1	XM_055266519.2	+	3	8490953	8491071	117	1
NC_072446.2	8490314	8491385	3	1	+	NC_072446.2	8491071	8491209	8491282	8491385	LKAAEAR1	XM_055266519.2	+	3	8491209	8491282	72	1
NC_072446.2	8490314	8491385	3	1	+	NC_072446.2	8490543	8490953	8491071	8491193	LKAAEAR1	XM_055266520.2	+	3	8490953	8491071	117	1
NC_072446.2	8524941	8526531	1	1	+	NC_072446.2	8525176	8525542	8525738	8526531	SOX18	XM_055266489.2	+	1	8525542	8525738	195	1
NC_072446.2	8606748	8607678	1	1	+	NC_072446.2	8606749	8606877	8606971	8607629	ZNF512B	XM_055265379.2	+	1	8606877	8606971	93	5
NC_072446.2	8608016	8608538	3	1	+	NC_072446.2	8608054	8608125	8608228	8608374	ZNF512B	XM_055265379.2	+	3	8608125	8608228	102	5
NC_072446.2	8609642	8610236	3	1	+	NC_072446.2	8609643	8609861	8610051	8610152	ZNF512B	XM_055265379.2	+	3	8609861	8610051	189	3
NC_072446.2	8609642	8610236	3	1	+	NC_072446.2	8609667	8609861	8610051	8610152	ZNF512B	XM_055265381.2	+	3	8609861	8610051	189	2
NC_072446.2	8847790	8848459	-1	1	-	NC_072446.2	8848289	8848414	8847792	8847946	SLC2A4RG	XM_055265350.2	-	1	8847946	8848289	342	1
NC_072446.2	8849433	8850384	-2	1	-	NC_072446.2	8850231	8850318	8849794	8850110	LIME1	XM_055266092.2	-	2	8850110	8850231	120	3
NC_072446.2	8850229	8850958	-1	1	-	NC_072446.2	8850389	8850470	8850231	8850283	LIME1	XM_063634118.1	-	1	8850283	8850389	105	1
NC_072446.2	8882521	8883079	2	1	+	NC_072446.2	8882612	8882693	8882913	8882983	ARFRP1	XM_055266093.2	+	2	8882693	8882913	219	3
NC_072446.2	8888987	8889518	-3	1	-	NC_072446.2	8889290	8889442	8888988	8888992	RTEL1	XM_055266072.2	-	3	8888992	8889290	297	6
NC_072446.2	8894309	8895551	-3	1	-	NC_072446.2	8894717	8894915	8894438	8894578	RTEL1	XM_055266065.2	-	3	8894578	8894717	138	28
NC_072446.2	9026666	9027176	3	1	+	NC_072446.2	9026700	9026834	9026940	9027158	HELZ2	XM_055266061.2	+	3	9026834	9026940	105	3
NC_072446.2	9027219	9027789	1	1	+	NC_072446.2	9027310	9027466	9027542	9027709	HELZ2	XM_055266061.2	+	1	9027466	9027542	75	2
NC_072446.2	9323224	9324265	-1	1	-	NC_072446.2	9323958	9324067	9323507	9323678	ARFGAP1	XM_055265431.2	-	1	9323678	9323958	279	10
NC_072446.2	9783845	9784325	-3	1	-	NC_072446.2	9784097	9784175	9783910	9783973	OGFR	XM_055265423.2	-	3	9783973	9784097	123	1
NC_072447.2	106536036	106536513	1	1	+	NC_072447.2	106536190	106536259	106536416	106536504	LOC129475949	XM_063635194.1	+	1	106536259	106536416	156	5
NC_072447.2	106571274	106571751	-3	1	-	NC_072447.2	106571529	106571598	106571284	106571372	LOC129475952	XM_063635199.1	-	3	106571372	106571529	156	6
NC_072447.2	106744244	106744673	3	1	+	NC_072447.2	106744350	106744419	106744576	106744664	LOC129475953	XM_055268456.2	+	3	106744419	106744576	156	1
NC_072447.2	112503813	112504251	1	1	+	NC_072447.2	112503814	112503849	112503940	112503981	COL4A5	XM_055267729.2	+	1	112503849	112503940	90	2
NC_072447.2	112503813	112504251	1	1	+	NC_072447.2	112503940	112503981	112504150	112504242	COL4A5	XM_055267729.2	+	1	112503981	112504150	168	2
NC_072447.2	123523932	123525174	1	1	+	NC_072447.2	123523933	123524611	123524843	123525173	LOC134735980	XM_063634590.1	+	1	123524611	123524843	231	1
NC_072447.2	123566209	123567124	2	1	+	NC_072447.2	123566211	123566456	123566628	123567124	LOC134735981	XM_063634591.1	+	2	123566456	123566628	171	1
NC_072447.2	132843554	132844313	3	1	+	NC_072447.2	132843802	132843950	132844101	132844310	SASH3	XM_055267405.2	+	3	132843950	132844101	150	1
NC_072447.2	138207769	138208072	2	1	+	NC_072447.2	138207779	138207905	138208011	138208028	LOC129475083	XM_055266960.2	+	2	138207905	138208011	105	1
NC_072447.2	139746627	139747005	-3	1	-	NC_072447.2	139746846	139746960	139746633	139746758	RBMX	XM_055269142.2	-	3	139746758	139746846	87	1
NC_072447.2	144915545	144920858	-1	1	-	NC_072447.2	144919770	144920629	144918652	144919361	MAGEC1	XM_055267753.2	-	1	144919361	144919770	408	1
NC_072447.2	144915545	144920858	-1	1	-	NC_072447.2	144918652	144919361	144915546	144917358	MAGEC1	XM_055267753.2	-	1	144917358	144918652	1293	1
NC_072447.2	14601907	14603416	-2	1	-	NC_072447.2	14603086	14603244	14602343	14602551	LOC129476692	XM_055267911.2	-	2	14602551	14603086	534	3
NC_072447.2	15502793	15503240	-1	1	-	NC_072447.2	15503096	15503224	15502820	15502963	ASMTL	XM_055268374.2	-	1	15502963	15503096	132	3
NC_072447.2	155849284	155849809	-2	1	-	NC_072447.2	155849622	155849780	155849399	155849498	HAUS7	XM_055267755.2	-	2	155849498	155849622	123	4
NC_072447.2	155933746	155934790	2	1	+	NC_072447.2	155933895	155934092	155934207	155934464	ATP2B3	XM_055267207.2	+	2	155934092	155934207	114	9
NC_072447.2	155948436	155948907	1	1	+	NC_072447.2	155948437	155948616	155948719	155948806	ATP2B3	XM_055267207.2	+	1	155948616	155948719	102	9
NC_072447.2	156064800	156065154	-3	1	-	NC_072447.2	156064962	156065104	156064802	156064880	PNCK	XM_055267132.2	-	3	156064880	156064962	81	1
NC_072447.2	156171275	156171821	3	1	+	NC_072447.2	156171298	156171470	156171618	156171778	PLXNB3	XM_055267383.2	+	3	156171470	156171618	147	6
NC_072447.2	156171888	156172464	1	1	+	NC_072447.2	156172038	156172185	156172351	156172415	PLXNB3	XM_055267383.2	+	1	156172185	156172351	165	6
NC_072447.2	156172551	156173115	1	1	+	NC_072447.2	156172690	156172751	156173025	156173115	PLXNB3	XM_063634287.1	+	1	156172751	156173025	273	1
NC_072447.2	156176701	156177535	2	1	+	NC_072447.2	156177014	156177179	156177282	156177307	SRPK3	XM_055267391.2	+	2	156177179	156177282	102	3
NC_072447.2	156258912	156259620	-3	1	-	NC_072447.2	156259368	156259523	156258921	156259055	L1CAM	XM_055267999.2	-	3	156259055	156259368	312	4
NC_072447.2	156259851	156260541	-3	1	-	NC_072447.2	156260133	156260255	156259866	156260039	L1CAM	XM_055267999.2	-	3	156260039	156260133	93	4
NC_072447.2	156263340	156263853	-3	1	-	NC_072447.2	156263601	156263767	156263342	156263498	L1CAM	XM_055267999.2	-	3	156263498	156263601	102	4
NC_072447.2	156265749	156266352	-3	1	-	NC_072447.2	156266094	156266216	156265827	156265997	L1CAM	XM_055267999.2	-	3	156265997	156266094	96	4
NC_072447.2	156308674	156309322	-2	1	-	NC_072447.2	156308950	156309023	156308676	156308862	ARHGAP4	XM_055267802.2	-	2	156308862	156308950	87	7
NC_072447.2	156309624	156310179	-3	1	-	NC_072447.2	156310068	156310128	156309861	156309938	ARHGAP4	XM_055267802.2	-	3	156309938	156310068	129	5
NC_072447.2	156309624	156310179	-3	1	-	NC_072447.2	156309861	156309938	156309639	156309773	ARHGAP4	XM_055267802.2	-	3	156309773	156309861	87	5
NC_072447.2	156309624	156310179	-3	1	-	NC_072447.2	156310068	156310128	156309639	156309773	ARHGAP4	XM_063635108.1	-	3	156309773	156310068	294	2
NC_072447.2	156312313	156312853	-2	1	-	NC_072447.2	156312728	156312829	156312368	156312559	ARHGAP4	XM_055267802.2	-	2	156312559	156312728	168	7
NC_072447.2	156333216	156333528	-3	1	-	NC_072447.2	156333417	156333504	156333217	156333332	RENBP	XM_055268044.2	-	3	156333332	156333417	84	1
NC_072447.2	156349440	156350160	-3	1	-	NC_072447.2	156349719	156350039	156349465	156349583	HCFC1	XM_055267536.2	-	3	156349583	156349719	135	4
NC_072447.2	156349440	156350160	-3	1	-	NC_072447.2	156349719	156350036	156349465	156349583	HCFC1	XM_055267537.2	-	3	156349583	156349719	135	5
NC_072447.2	156419408	156419987	-1	1	-	NC_072447.2	156419705	156419872	156419459	156419602	IRAK1	XM_055268027.2	-	1	156419602	156419705	102	4
NC_072447.2	156678203	156679133	-1	1	-	NC_072447.2	156678977	156679099	156678602	156678868	FLNA	XM_055267517.2	-	1	156678868	156678977	108	2
NC_072447.2	156678203	156679133	-1	1	-	NC_072447.2	156678602	156678868	156678305	156678442	FLNA	XM_055267517.2	-	1	156678442	156678602	159	2
NC_072447.2	156688218	156688812	-3	1	-	NC_072447.2	156688680	156688770	156688417	156688586	FLNA	XM_055267517.2	-	3	156688586	156688680	93	2
NC_072447.2	156708704	156709202	3	1	+	NC_072447.2	156708759	156708808	156708890	156709202	EMD	XM_055268859.2	+	3	156708808	156708890	81	1
NC_072447.2	156749233	156749578	2	1	+	NC_072447.2	156749331	156749393	156749511	156749563	TAFAZZIN	XM_055268851.2	+	2	156749393	156749511	117	6
NC_072447.2	156779350	156780055	2	1	+	NC_072447.2	156779530	156779584	156779732	156779780	FAM50A	XM_055268848.2	+	2	156779584	156779732	147	1
NC_072447.2	156797019	156797760	1	1	+	NC_072447.2	156797037	156797157	156797263	156797399	PLXNA3	XM_055268825.2	+	1	156797157	156797263	105	8
NC_072447.2	156797911	156798439	2	1	+	NC_072447.2	156797932	156798025	156798107	156798346	PLXNA3	XM_055268825.2	+	2	156798025	156798107	81	8
NC_072447.2	156798288	156798891	1	1	+	NC_072447.2	156798430	156798573	156798652	156798886	PLXNA3	XM_055268825.2	+	1	156798573	156798652	78	8
NC_072447.2	156799006	156799987	2	1	+	NC_072447.2	156799546	156799612	156799706	156799852	PLXNA3	XM_055268825.2	+	2	156799612	156799706	93	8
NC_072447.2	156801329	156801791	3	1	+	NC_072447.2	156801348	156801517	156801788	156801791	PLXNA3	XM_063634543.1	+	3	156801517	156801788	270	1
NC_072447.2	20593506	20594202	-3	1	-	NC_072447.2	20594002	20594103	20593507	20593809	LOC129475865	XM_055268285.2	-	3	20593809	20594002	192	1
NC_072447.2	20602997	20603693	-1	1	-	NC_072447.2	20603493	20603594	20603030	20603300	LOC129475865	XM_055268284.2	-	1	20603300	20603493	192	1
NC_072447.2	20612459	20613155	-1	1	-	NC_072447.2	20612955	20613056	20612460	20612762	LOC129475809	XM_055268283.2	-	1	20612762	20612955	192	1
NC_072447.2	20621922	20622618	-3	1	-	NC_072447.2	20622418	20622519	20621923	20622225	LOC129475809	XM_055268195.2	-	3	20622225	20622418	192	1
NC_072447.2	20621922	20622618	-3	1	-	NC_072447.2	20622418	20622519	20621955	20622225	LOC129475809	XM_063635215.1	-	3	20622225	20622418	192	1
NC_072447.2	20631446	20632142	-1	1	-	NC_072447.2	20631942	20632043	20631447	20631749	LOC129475853	XM_055268256.2	-	1	20631749	20631942	192	1
NC_072447.2	21900047	21900743	3	1	+	NC_072447.2	21900147	21900248	21900441	21900743	LOC129475731	XM_055268006.2	+	3	21900248	21900441	192	1
NC_072447.2	22219387	22220101	-2	1	-	NC_072447.2	22219883	22219984	22219388	22219690	LOC129475166	XM_055267204.2	-	2	22219690	22219883	192	1
NC_072447.2	27413813	27414929	-1	1	-	NC_072447.2	27414642	27414875	27413814	27414488	ATXN3L	XM_055267205.2	-	1	27414488	27414642	153	1
NC_072447.2	27413813	27414929	-1	1	-	NC_072447.2	27414642	27414875	27413814	27414377	ATXN3L	XM_055267206.2	-	1	27414377	27414642	264	1
NC_072447.2	33002531	33002999	-1	1	-	NC_072447.2	33002859	33002937	33002618	33002747	PHKA2	XM_055269322.2	-	1	33002747	33002859	111	9
NC_072447.2	37937457	37937949	1	1	+	NC_072447.2	37937521	37937572	37937663	37937746	SAT1	XM_055269053.2	+	1	37937572	37937663	90	1
NC_072447.2	41943153	41944326	1	1	+	NC_072447.2	41943262	41943400	41943518	41944326	LOC129475274	XM_055267415.1	+	1	41943400	41943518	117	1
NC_072447.2	51320922	51321645	1	1	+	NC_072447.2	51320957	51321120	51321229	51321645	LOC129475280	XM_055267419.1	+	1	51321120	51321229	108	1
NC_072447.2	60402989	60403421	-1	1	-	NC_072447.2	60403257	60403345	60403050	60403163	SLC9A7	XM_055266886.2	-	1	60403163	60403257	93	13
NC_072447.2	60937931	60938513	3	1	+	NC_072447.2	60937990	60938150	60938322	60938419	RBM10	XM_055266872.2	+	3	60938150	60938322	171	4
NC_072447.2	60937931	60938513	3	1	+	NC_072447.2	60937990	60938147	60938322	60938419	RBM10	XM_055266873.2	+	3	60938147	60938322	174	3
NC_072447.2	60939483	60940437	1	1	+	NC_072447.2	60939781	60939967	60940073	60940212	RBM10	XM_055266872.2	+	1	60939967	60940073	105	7
NC_072447.2	60939483	60940437	1	1	+	NC_072447.2	60940073	60940212	60940315	60940432	RBM10	XM_055266872.2	+	1	60940212	60940315	102	7
NC_072447.2	60958131	60958623	1	1	+	NC_072447.2	60958140	60958308	60958411	60958545	UBA1	XM_055266869.2	+	1	60958308	60958411	102	9
NC_072447.2	60960069	60960675	1	1	+	NC_072447.2	60960273	60960363	60960475	60960607	UBA1	XM_055266869.2	+	1	60960363	60960475	111	9
NC_072447.2	60983685	60983970	1	1	+	NC_072447.2	60983686	60983811	60983902	60983958	CDK16	XM_055266899.2	+	1	60983811	60983902	90	7
NC_072447.2	61218421	61218979	-2	1	-	NC_072447.2	61218778	61218944	61218427	61218522	ZNF41	XM_055269284.2	-	2	61218522	61218778	255	5
NC_072447.2	61218421	61218979	-2	1	-	NC_072447.2	61218778	61218920	61218427	61218522	ZNF41	XM_055269290.2	-	2	61218522	61218778	255	5
NC_072447.2	61218421	61218979	-2	1	-	NC_072447.2	61218778	61218904	61218427	61218522	ZNF41	XM_055269292.2	-	2	61218522	61218778	255	3
NC_072447.2	62128291	62128738	2	1	+	NC_072447.2	62128293	62128396	62128487	62128738	FTSJ1	XM_055269005.2	+	2	62128396	62128487	90	2
NC_072447.2	62128291	62128738	2	1	+	NC_072447.2	62128299	62128396	62128487	62128738	FTSJ1	XM_055269006.2	+	2	62128396	62128487	90	2
NC_072447.2	62128291	62128738	2	1	+	NC_072447.2	62128293	62128396	62128487	62128684	FTSJ1	XM_055269007.2	+	2	62128396	62128487	90	2
NC_072447.2	62128291	62128738	2	1	+	NC_072447.2	62128299	62128396	62128487	62128684	FTSJ1	XM_055269009.2	+	2	62128396	62128487	90	2
NC_072447.2	62164690	62165260	2	1	+	NC_072447.2	62164804	62164929	62165089	62165189	PORCN	XM_055268985.2	+	2	62164929	62165089	159	18
NC_072447.2	62166536	62166902	3	1	+	NC_072447.2	62166601	62166677	62166774	62166837	PORCN	XM_055268985.2	+	3	62166677	62166774	96	19
NC_072447.2	62474084	62474684	3	1	+	NC_072447.2	62474114	62474242	62474438	62474606	HDAC6	XM_055268076.2	+	3	62474242	62474438	195	9
NC_072447.2	62626426	62626969	-2	1	-	NC_072447.2	62626781	62626943	62626598	62626681	KCND1	XM_063634421.1	-	2	62626681	62626781	99	1
NC_072447.2	62647808	62648387	-1	1	-	NC_072447.2	62648286	62648363	62647992	62648084	GRIPAP1	XM_055268085.2	-	1	62648084	62648286	201	3
NC_072447.2	62829312	62830110	1	1	+	NC_072447.2	62829439	62829666	62829766	62829937	MAGIX	XM_055268115.2	+	1	62829666	62829766	99	3
NC_072447.2	62829312	62830110	1	1	+	NC_072447.2	62829337	62829666	62829766	62829937	MAGIX	XM_055268118.2	+	1	62829666	62829766	99	3
NC_072447.2	62874738	62875473	-3	1	-	NC_072447.2	62875087	62875183	62874798	62874900	CACNA1F	XM_055267765.1	-	3	62874900	62875087	186	3
NC_072447.2	62887124	62887709	-1	1	-	NC_072447.2	62887374	62887581	62887163	62887283	CACNA1F	XM_055267765.1	-	1	62887283	62887374	90	3
NC_072447.2	62913711	62914413	1	1	+	NC_072447.2	62913904	62913999	62914246	62914305	CCDC22	XM_055267767.2	+	1	62913999	62914246	246	2
NC_072447.2	62921393	62921900	-1	1	-	NC_072447.2	62921569	62921656	62921395	62921499	FOXP3	XM_055267768.2	-	1	62921499	62921569	69	1
NC_072447.2	64834189	64835836	2	1	+	NC_072447.2	64834229	64835021	64835121	64835836	EZHIP	XM_055268421.2	+	2	64835021	64835121	99	1
NC_072447.2	65289121	65290684	2	1	+	NC_072447.2	65289179	65289223	65289500	65289667	MAGED1	XM_055266994.2	+	2	65289223	65289500	276	1
NC_072447.2	65289121	65290684	2	1	+	NC_072447.2	65289500	65289667	65289926	65290633	MAGED1	XM_055266994.2	+	2	65289667	65289926	258	1
NC_072447.2	65289121	65290684	2	1	+	NC_072447.2	65289179	65289223	65289926	65290633	MAGED1	XM_055266995.2	+	2	65289223	65289926	702	4
NC_072447.2	65292052	65292550	2	1	+	NC_072447.2	65292083	65292146	65292372	65292451	MAGED1	XM_055266994.2	+	2	65292146	65292372	225	5
NC_072447.2	67541990	67542530	3	1	+	NC_072447.2	67541991	67542167	67542399	67542530	TSR2	XM_055269125.2	+	3	67542167	67542399	231	1
NC_072447.2	67541990	67542530	3	1	+	NC_072447.2	67542000	67542167	67542399	67542530	TSR2	XM_055269127.2	+	3	67542167	67542399	231	1
NC_072447.2	67541990	67542530	3	1	+	NC_072447.2	67542012	67542167	67542399	67542530	TSR2	XM_055269128.2	+	3	67542167	67542399	231	1
NC_072447.2	67887670	67888213	2	1	+	NC_072447.2	67887692	67888000	67888121	67888184	MAGED2	XM_055268219.2	+	2	67888000	67888121	120	3
NC_072447.2	68018572	68019028	2	1	+	NC_072447.2	68018678	68018782	68018897	68018960	TRO	XM_055267952.2	+	2	68018782	68018897	114	7
NC_072447.2	68020634	68020994	3	1	+	NC_072447.2	68020664	68020743	68020837	68020879	TRO	XM_055267952.2	+	3	68020743	68020837	93	7
NC_072447.2	69458546	69460808	3	1	+	NC_072447.2	69458937	69460371	69460468	69460808	UBQLN2	XM_055267984.2	+	3	69460371	69460468	96	1
NC_072447.2	69458546	69460808	3	1	+	NC_072447.2	69458937	69460156	69460241	69460371	UBQLN2	XM_055267985.2	+	3	69460156	69460241	84	1
NC_072447.2	69458546	69460808	3	1	+	NC_072447.2	69460241	69460371	69460468	69460808	UBQLN2	XM_055267985.2	+	3	69460371	69460468	96	1
NC_072447.2	76442585	76443107	3	1	+	NC_072447.2	76442618	76442794	76442993	76443107	STARD8	XM_055268412.2	+	3	76442794	76442993	198	4
NC_072447.2	77957007	77957724	1	1	+	NC_072447.2	77957172	77957371	77957573	77957724	AWAT1	XM_055269463.1	+	1	77957371	77957573	201	1
NC_072447.2	78162526	78162943	2	1	+	NC_072447.2	78162772	78162800	78162894	78162943	GDPD2	XM_055266836.2	+	2	78162800	78162894	93	4
NC_072447.2	78875436	78875832	1	1	+	NC_072447.2	78875437	78875514	78875605	78875822	MED12	XM_055267720.2	+	1	78875514	78875605	90	4
NC_072447.2	78875436	78875832	1	1	+	NC_072447.2	78875437	78875514	78875605	78875659	MED12	XM_055267721.2	+	1	78875514	78875605	90	3
NC_072447.2	78875436	78875832	1	1	+	NC_072447.2	78875605	78875659	78875735	78875822	MED12	XM_055267721.2	+	1	78875659	78875735	75	3
NC_072447.2	78875436	78875832	1	1	+	NC_072447.2	78875440	78875514	78875605	78875822	MED12	XM_063635361.1	+	1	78875514	78875605	90	1
NC_072448.2	10223429	10223876	3	1	+	NC_072448.2	10223452	10223633	10223703	10223820	DDX3Y	XM_055269576.2	+	3	10223633	10223703	69	5
NC_072448.2	6899539	6901063	-1	1	-	NC_072448.2	6900718	6900876	6899975	6900183	LOC129476692	XM_055269572.2	-	1	6900183	6900718	534	1
NC_072448.2	7821425	7821872	-3	1	-	NC_072448.2	7821728	7821856	7821452	7821595	ASMTL	XM_055269673.2	-	3	7821595	7821728	132	2
