chr	start	end	frame	filler	frame	chr	exon_1_start	exon_1_end	exon_2_start	exon_2_end	gene	transcript	exon_strand	exon_frame	intron_start	intron_end	intron_length	merged_txs
NC_073224.2	100263826	100264147	2	1	+	NC_073224.2	100263868	100263935	100264026	100264139	IQGAP3	XM_004026975.5	+	2	100263935	100264026	90	4
NC_073224.2	101203838	101204234	-3	1	-	NC_073224.2	101204061	101204203	101203861	101203970	LOC101134978	XM_031010757.3	-	3	101203970	101204061	90	2
NC_073224.2	101205300	101205687	-2	1	-	NC_073224.2	101205529	101205646	101205313	101205447	LOC101134978	XM_004026931.5	-	2	101205447	101205529	81	9
NC_073224.2	101499612	101500221	-2	1	-	NC_073224.2	101500144	101500221	101499904	101500038	FDPS	XM_004026919.5	-	2	101500038	101500144	105	6
NC_073224.2	101524215	101524761	1	1	+	NC_073224.2	101524283	101524374	101524471	101524602	PKLR	XM_004026915.4	+	1	101524374	101524471	96	1
NC_073224.2	101588295	101589084	-2	1	-	NC_073224.2	101588671	101588763	101588323	101588505	LOC115936258	XM_063694452.1	-	2	101588505	101588671	165	2
NC_073224.2	101588295	101589084	-2	1	-	NC_073224.2	101588671	101588706	101588323	101588505	LOC115936258	XM_063694454.1	-	2	101588505	101588671	165	2
NC_073224.2	101608915	101609704	-1	1	-	NC_073224.2	101609291	101609383	101608943	101609125	LOC101151730	XM_019023756.4	-	1	101609125	101609291	165	1
NC_073224.2	101729196	101729655	-2	1	-	NC_073224.2	101729538	101729615	101729197	101729324	EFNA3	XM_031010586.3	-	2	101729324	101729538	213	2
NC_073224.2	101769551	101769980	-3	1	-	NC_073224.2	101769831	101769930	101769603	101769698	DCST1	XM_004026857.4	-	3	101769698	101769831	132	3
NC_073224.2	101783962	101784622	2	1	+	NC_073224.2	101784015	101784212	101784552	101784617	DCST2	XM_004026859.3	+	2	101784212	101784552	339	1
NC_073224.2	101849984	101850746	3	1	+	NC_073224.2	101850077	101850275	101850363	101850432	SHC1	XM_004026832.4	+	3	101850275	101850363	87	17
NC_073224.2	101849984	101850746	3	1	+	NC_073224.2	101850363	101850432	101850517	101850648	SHC1	XM_004026832.4	+	3	101850432	101850517	84	9
NC_073224.2	101849984	101850746	3	1	+	NC_073224.2	101850363	101850432	101850514	101850648	SHC1	XM_019023254.3	+	3	101850432	101850514	81	8
NC_073224.2	101868760	101869423	2	1	+	NC_073224.2	101868960	101869030	101869124	101869255	PBXIP1	XM_004026845.5	+	2	101869030	101869124	93	4
NC_073224.2	102839248	102839698	-1	1	-	NC_073224.2	102839534	102839618	102839281	102839377	CREB3L4	XM_019023008.3	-	1	102839377	102839534	156	11
NC_073224.2	102872231	102872879	3	1	+	NC_073224.2	102872261	102872405	102872703	102872878	DENND4B	XM_019022962.3	+	3	102872405	102872703	297	7
NC_073224.2	102882211	102882577	2	1	+	NC_073224.2	102882239	102882280	102882446	102882577	DENND4B	XM_055359943.1	+	2	102882280	102882446	165	1
NC_073224.2	103039119	103039632	-2	1	-	NC_073224.2	103039306	103039462	103039120	103039194	INTS3	XM_004026758.5	-	2	103039194	103039306	111	2
NC_073224.2	104436844	104446375	2	1	+	NC_073224.2	104436878	104441061	104441287	104441771	FLG2	XM_063695066.1	+	2	104441061	104441287	225	1
NC_073224.2	104436844	104446375	2	1	+	NC_073224.2	104441287	104441771	104442444	104442668	FLG2	XM_063695066.1	+	2	104441771	104442444	672	1
NC_073224.2	104436844	104446375	2	1	+	NC_073224.2	104442444	104442668	104442894	104444543	FLG2	XM_063695066.1	+	2	104442668	104442894	225	1
NC_073224.2	104436844	104446375	2	1	+	NC_073224.2	104442894	104444543	104445672	104445824	FLG2	XM_063695066.1	+	2	104444543	104445672	1128	1
NC_073224.2	104436844	104446375	2	1	+	NC_073224.2	104445672	104445824	104446050	104446375	FLG2	XM_063695066.1	+	2	104445824	104446050	225	1
NC_073224.2	105118714	105119383	2	1	+	NC_073224.2	105118794	105118928	105119187	105119330	CELF3	XM_055359118.2	+	2	105118928	105119187	258	9
NC_073224.2	105118714	105119383	2	1	+	NC_073224.2	105118797	105118928	105119187	105119330	CELF3	XM_055359129.2	+	2	105118928	105119187	258	2
NC_073224.2	105289342	105289642	-1	1	-	NC_073224.2	105289559	105289642	105289344	105289462	CGN	XM_031002181.3	-	1	105289462	105289559	96	2
NC_073224.2	105395646	105396315	1	1	+	NC_073224.2	105395714	105396004	105396086	105396304	POGZ	XM_019022477.4	+	1	105396004	105396086	81	9
NC_073224.2	105395646	105396315	1	1	+	NC_073224.2	105395714	105396004	105396113	105396304	POGZ	XM_031010036.3	+	1	105396004	105396113	108	4
NC_073224.2	106278544	106279297	-1	1	-	NC_073224.2	106279118	106279290	106278859	106278970	ADAMTSL4	XM_004026583.4	-	1	106278970	106279118	147	8
NC_073224.2	106278544	106279297	-1	1	-	NC_073224.2	106278859	106278970	106278574	106278759	ADAMTSL4	XM_004026583.4	-	1	106278759	106278859	99	8
NC_073224.2	106324511	106325015	-3	1	-	NC_073224.2	106324808	106324888	106324628	106324708	ECM1	XM_004026577.4	-	3	106324708	106324808	99	2
NC_073224.2	106895236	106895620	2	1	+	NC_073224.2	106895237	106895297	106895466	106895608	MTMR11	XM_004026556.5	+	2	106895297	106895466	168	4
NC_073224.2	112887071	112887734	3	1	+	NC_073224.2	112887198	112887386	112887471	112887734	LOC109028162	XM_063707071.1	+	3	112887386	112887471	84	1
NC_073224.2	116237054	116237672	3	1	+	NC_073224.2	116237100	116237283	116237518	116237543	NUDT17	XM_004026491.5	+	3	116237283	116237518	234	5
NC_073224.2	116241231	116241831	-2	1	-	NC_073224.2	116241579	116241712	116241358	116241395	PIAS3	XM_004026489.5	-	2	116241395	116241579	183	1
NC_073224.2	12279012	12279816	1	1	+	NC_073224.2	12279164	12279327	12279514	12279807	CEP170	XM_063707163.1	+	1	12279327	12279514	186	29
NC_073224.2	126180871	126181303	2	1	+	NC_073224.2	126180911	126181018	126181151	126181302	PPM1J	XM_004026359.5	+	2	126181018	126181151	132	3
NC_073224.2	129238372	129238864	-1	1	-	NC_073224.2	129238628	129238723	129238427	129238537	GSTM2	NM_001367592.3	-	1	129238537	129238628	90	2
NC_073224.2	130412985	130413537	-2	1	-	NC_073224.2	130413469	130413504	130413120	130413195	GSTM2	NM_001367592.3	-	2	130413195	130413469	273	1
NC_073224.2	130422318	130422906	-2	1	-	NC_073224.2	130422682	130422777	130422481	130422591	GSTM4	NM_001367591.1	-	2	130422591	130422682	90	1
NC_073224.2	130810120	130810978	-1	1	-	NC_073224.2	130810765	130810959	130810456	130810626	CELSR2	XM_019010595.4	-	1	130810626	130810765	138	4
NC_073224.2	130810120	130810978	-1	1	-	NC_073224.2	130810456	130810626	130810122	130810356	CELSR2	XM_019010595.4	-	1	130810356	130810456	99	2
NC_073224.2	130810120	130810978	-1	1	-	NC_073224.2	130810456	130810626	130810122	130810374	CELSR2	XM_055353722.2	-	1	130810374	130810456	81	2
NC_073224.2	15660194	15660689	3	1	+	NC_073224.2	15660300	15660411	15660625	15660688	LOC129529247	XM_055373693.2	+	3	15660411	15660625	213	3
NC_073224.2	15678063	15678777	1	1	+	NC_073224.2	15678278	15678373	15678605	15678681	LOC129529234	XM_055373641.2	+	1	15678373	15678605	231	3
NC_073224.2	15688049	15688781	3	1	+	NC_073224.2	15688099	15688203	15688345	15688524	LOC129529226	XM_055373615.2	+	3	15688203	15688345	141	3
NC_073224.2	15773730	15774225	1	1	+	NC_073224.2	15773836	15773947	15774161	15774224	LOC134758715	XM_063707366.1	+	1	15773947	15774161	213	1
NC_073224.2	15777399	15778215	1	1	+	NC_073224.2	15777600	15777745	15777860	15778057	LOC134758715	XM_063707366.1	+	1	15777745	15777860	114	1
NC_073224.2	15790281	15790995	1	1	+	NC_073224.2	15790496	15790591	15790823	15790899	LOC134758712	XM_063707358.1	+	1	15790591	15790823	231	3
NC_073224.2	15800248	15800980	2	1	+	NC_073224.2	15800298	15800402	15800544	15800723	LOC129534588	XM_063707329.1	+	2	15800402	15800544	141	4
NC_073224.2	15882593	15883088	3	1	+	NC_073224.2	15882699	15882777	15883024	15883087	LOC129532032	XM_063707365.1	+	3	15882777	15883024	246	1
NC_073224.2	15886297	15887077	2	1	+	NC_073224.2	15886462	15886607	15886722	15886919	LOC129532032	XM_063707365.1	+	2	15886607	15886722	114	1
NC_073224.2	15910456	15911509	2	1	+	NC_073224.2	15910506	15910610	15910752	15910931	LOC129532042	XM_055380065.2	+	2	15910610	15910752	141	1
NC_073224.2	16194923	16196192	3	1	+	NC_073224.2	16195003	16195269	16195861	16196142	OBSCN	XM_063707457.1	+	3	16195269	16195861	591	40
NC_073224.2	16255046	16255736	3	1	+	NC_073224.2	16255234	16255395	16255483	16255587	OBSCN	XM_063707457.1	+	3	16255395	16255483	87	40
NC_073224.2	16257704	16258691	3	1	+	NC_073224.2	16257910	16258176	16258261	16258527	OBSCN	XM_063707457.1	+	3	16258176	16258261	84	40
NC_073224.2	16315243	16315891	2	1	+	NC_073224.2	16315404	16315526	16315644	16315783	OBSCN	XM_063707457.1	+	2	16315526	16315644	117	40
NC_073224.2	163198459	163198852	2	1	+	NC_073224.2	163198529	163198653	163198765	163198852	LOC134758951	XM_063708761.1	+	2	163198653	163198765	111	1
NC_073224.2	16344420	16345329	1	1	+	NC_073224.2	16344599	16344711	16344925	16345093	OBSCN	XM_063707457.1	+	1	16344711	16344925	213	37
NC_073224.2	16353021	16353750	1	1	+	NC_073224.2	16353044	16353211	16353431	16353750	OBSCN	XM_063707526.1	+	1	16353211	16353431	219	1
NC_073224.2	16354026	16354680	1	1	+	NC_073224.2	16354160	16354282	16354466	16354636	OBSCN	XM_063707457.1	+	1	16354282	16354466	183	35
NC_073224.2	168899298	168899592	1	1	+	NC_073224.2	168899331	168899383	168899474	168899582	ZRANB2	XM_004025971.5	+	1	168899383	168899474	90	1
NC_073224.2	185163296	185164172	-3	1	-	NC_073224.2	185163810	185163974	185163489	185163611	CIMAP2	XM_055349801.2	-	3	185163611	185163810	198	2
NC_073224.2	185744403	185745090	1	1	+	NC_073224.2	185744605	185744683	185744954	185744982	SSBP3	XM_031004641.3	+	1	185744683	185744954	270	12
NC_073224.2	19028151	19028868	-2	1	-	NC_073224.2	19028559	19028654	19028248	19028324	LOC129523520	XM_063707673.1	-	2	19028324	19028559	234	1
NC_073224.2	19149690	19150470	-2	1	-	NC_073224.2	19150161	19150306	19149849	19150046	LOC129532055	XM_063707702.1	-	2	19150046	19150161	114	1
NC_073224.2	19153679	19154174	-3	1	-	NC_073224.2	19153991	19154069	19153681	19153744	LOC129532055	XM_063707702.1	-	3	19153744	19153991	246	1
NC_073224.2	19225473	19226232	-2	1	-	NC_073224.2	19225803	19225989	19225474	19225682	LOC134758744	XM_063707690.1	-	2	19225682	19225803	120	1
NC_073224.2	19236688	19237402	-1	1	-	NC_073224.2	19237093	19237188	19236785	19236861	LOC134756437	XM_063707695.1	-	1	19236861	19237093	231	3
NC_073224.2	193498912	193499572	-1	1	-	NC_073224.2	193499293	193499333	193499003	193499127	LOC101139612	XM_004025739.5	-	1	193499127	193499293	165	2
NC_073224.2	19357949	19358729	-3	1	-	NC_073224.2	19358420	19358565	19358108	19358305	LOC134758759	XM_063707732.1	-	3	19358305	19358420	114	1
NC_073224.2	19361934	19362429	-2	1	-	NC_073224.2	19362246	19362324	19361936	19361999	LOC134758759	XM_063707732.1	-	2	19361999	19362246	246	1
NC_073224.2	193735269	193735620	1	1	+	NC_073224.2	193735320	193735392	193735474	193735602	POMGNT1	XM_019017797.4	+	1	193735392	193735474	81	6
NC_073224.2	194316269	194316773	3	1	+	NC_073224.2	194316305	194316515	194316585	194316695	CCDC17	XM_055347641.2	+	3	194316515	194316585	69	1
NC_073224.2	194597946	194598225	-2	1	-	NC_073224.2	194598076	194598218	194597948	194597988	TOE1	XM_004025692.5	-	2	194597988	194598076	87	2
NC_073224.2	194597946	194598225	-2	1	-	NC_073224.2	194598076	194598132	194597948	194597988	TOE1	XM_063699336.1	-	2	194597988	194598076	87	1
NC_073224.2	195108245	195109478	3	1	+	NC_073224.2	195108371	195108719	195108846	195109158	PTCH2	XM_019017359.4	+	3	195108719	195108846	126	3
NC_073224.2	195109162	195110194	2	1	+	NC_073224.2	195109251	195109393	195109478	195109658	PTCH2	XM_019017359.4	+	2	195109393	195109478	84	3
NC_073224.2	195109162	195110194	2	1	+	NC_073224.2	195109478	195109658	195109971	195110078	PTCH2	XM_055347307.2	+	2	195109658	195109971	312	1
NC_073224.2	195122288	195122828	-3	1	-	NC_073224.2	195122559	195122684	195122289	195122420	BTBD19	XM_019017343.4	-	3	195122420	195122559	138	6
NC_073224.2	195134166	195134496	-2	1	-	NC_073224.2	195134349	195134478	195134168	195134255	PLK3	XM_063699345.1	-	2	195134255	195134349	93	2
NC_073224.2	195169318	195169669	-1	1	-	NC_073224.2	195169546	195169669	195169319	195169398	KIF2C	XM_031012256.3	-	1	195169398	195169546	147	3
NC_073224.2	195173740	195174235	-1	1	-	NC_073224.2	195174053	195174158	195173846	195173959	KIF2C	XM_031012256.3	-	1	195173959	195174053	93	3
NC_073224.2	195212587	195212947	-1	1	-	NC_073224.2	195212737	195212859	195212589	195212661	ARMH1	XM_019017230.3	-	1	195212661	195212737	75	2
NC_073224.2	195212587	195212947	-1	1	-	NC_073224.2	195212737	195212925	195212589	195212661	ARMH1	XM_055347220.1	-	1	195212661	195212737	75	4
NC_073224.2	195803146	195806488	2	1	+	NC_073224.2	195803222	195805192	195805235	195805276	KLF18	XM_031010665.2	+	2	195805192	195805235	42	1
NC_073224.2	195803146	195806488	2	1	+	NC_073224.2	195805235	195805276	195805361	195805846	KLF18	XM_031010665.2	+	2	195805276	195805361	84	1
NC_073224.2	195803146	195806488	2	1	+	NC_073224.2	195805361	195805846	195805973	195806483	KLF18	XM_031010665.2	+	2	195805846	195805973	126	1
NC_073224.2	195976276	195976669	-1	1	-	NC_073224.2	195976589	195976647	195976352	195976441	IPO13	XM_004025654.5	-	1	195976441	195976589	147	1
NC_073224.2	196493543	196493876	3	1	+	NC_073224.2	196493544	196493622	196493710	196493759	HYI	XM_031011005.3	+	3	196493622	196493710	87	5
NC_073224.2	196495082	196495481	-3	1	-	NC_073224.2	196495389	196495457	196495083	196495223	SZT2	XM_019016846.4	-	3	196495223	196495389	165	1
NC_073224.2	196503879	196504395	-2	1	-	NC_073224.2	196504166	196504332	196503945	196504042	SZT2	XM_019016846.4	-	2	196504042	196504166	123	1
NC_073224.2	196506039	196506897	-2	1	-	NC_073224.2	196506730	196506848	196506454	196506618	SZT2	XM_019016846.4	-	2	196506618	196506730	111	1
NC_073224.2	196506039	196506897	-2	1	-	NC_073224.2	196506454	196506618	196506105	196506189	SZT2	XM_019016846.4	-	2	196506189	196506454	264	1
NC_073224.2	196598730	196599354	-2	1	-	NC_073224.2	196599141	196599325	196598836	196598978	MPL	XM_063699616.1	-	2	196598978	196599141	162	1
NC_073224.2	196607519	196607927	-3	1	-	NC_073224.2	196607825	196607903	196607521	196607653	MPL	XM_063699616.1	-	3	196607653	196607825	171	1
NC_073224.2	199637971	199638193	2	1	+	NC_073224.2	199638002	199638037	199638122	199638184	COL9A2	XM_031003595.3	+	2	199638037	199638122	84	1
NC_073224.2	199640643	199641321	1	1	+	NC_073224.2	199640698	199640751	199640866	199640913	COL9A2	XM_031003595.3	+	1	199640751	199640866	114	1
NC_073224.2	199640643	199641321	1	1	+	NC_073224.2	199640866	199640913	199641127	199641183	COL9A2	XM_031003595.3	+	1	199640913	199641127	213	1
NC_073224.2	199647855	199648251	1	1	+	NC_073224.2	199647883	199647936	199648021	199648092	COL9A2	XM_031003595.3	+	1	199647936	199648021	84	1
NC_073224.2	203647220	203648645	-3	1	-	NC_073224.2	203648535	203648629	203647222	203648396	SH3D21	XM_004025463.5	-	3	203648396	203648535	138	3
NC_073224.2	203647220	203648645	-3	1	-	NC_073224.2	203648535	203648629	203647233	203648396	SH3D21	XM_063700347.1	-	3	203648396	203648535	138	4
NC_073224.2	203660870	203661404	-3	1	-	NC_073224.2	203661216	203661373	203661068	203661131	SH3D21	XM_004025463.5	-	3	203661131	203661216	84	2
NC_073224.2	203660870	203661404	-3	1	-	NC_073224.2	203661297	203661373	203661068	203661131	SH3D21	XM_055391917.2	-	3	203661131	203661297	165	2
NC_073224.2	203788693	203789584	-1	1	-	NC_073224.2	203789392	203789437	203789193	203789283	MAP7D1	XM_031009519.3	-	1	203789283	203789392	108	5
NC_073224.2	203788693	203789584	-1	1	-	NC_073224.2	203789193	203789283	203788882	203789075	MAP7D1	XM_031009519.3	-	1	203789075	203789193	117	11
NC_073224.2	203788693	203789584	-1	1	-	NC_073224.2	203788882	203789075	203788694	203788701	MAP7D1	XM_031009519.3	-	1	203788701	203788882	180	11
NC_073224.2	203788693	203789584	-1	1	-	NC_073224.2	203789392	203789434	203789193	203789283	MAP7D1	XM_031009520.3	-	1	203789283	203789392	108	6
NC_073224.2	207059924	207060614	-3	1	-	NC_073224.2	207060155	207060260	207059925	207060019	HPCA	XM_019014839.4	-	3	207060019	207060155	135	2
NC_073224.2	207180569	207183401	-3	1	-	NC_073224.2	207183260	207183373	207180605	207183166	NHSL3	XM_019014746.4	-	3	207183166	207183260	93	6
NC_073224.2	207743868	207744507	-2	1	-	NC_073224.2	207744077	207744223	207743920	207743959	DCDC2B	XM_004025356.5	-	2	207743959	207744077	117	1
NC_073224.2	208158532	208159183	2	1	+	NC_073224.2	208158758	208158883	208159037	208159091	SPOCD1	XM_055390498.2	+	2	208158883	208159037	153	2
NC_073224.2	208218452	208219163	3	1	+	NC_073224.2	208218477	208218671	208218840	208218908	ADGRB2	XM_019014288.4	+	3	208218671	208218840	168	15
NC_073224.2	208218452	208219163	3	1	+	NC_073224.2	208218840	208218908	208218984	208219092	ADGRB2	XM_019014288.4	+	3	208218908	208218984	75	15
NC_073224.2	208296279	208296630	1	1	+	NC_073224.2	208296316	208296387	208296571	208296624	COL16A1	XM_004025347.5	+	1	208296387	208296571	183	4
NC_073224.2	208373493	208374024	-2	1	-	NC_073224.2	208373840	208373990	208373536	208373725	TINAGL1	XM_019014201.4	-	2	208373725	208373840	114	2
NC_073224.2	211682759	211683317	-3	1	-	NC_073224.2	211683108	211683290	211682781	211682993	SESN2	XM_004025286.5	-	3	211682993	211683108	114	2
NC_073224.2	211719870	211720191	-2	1	-	NC_073224.2	211720054	211720140	211719872	211719963	ATP5IF1	XM_004025287.4	-	2	211719963	211720054	90	1
NC_073224.2	211996933	211997446	-1	1	-	NC_073224.2	211997266	211997446	211997048	211997181	SMPDL3B	XM_004025282.5	-	1	211997181	211997266	84	1
NC_073224.2	212589612	212590074	1	1	+	NC_073224.2	212589643	212589835	212589935	212590073	MAP3K6	XM_004025261.5	+	1	212589835	212589935	99	4
NC_073224.2	213773620	213774073	2	1	+	NC_073224.2	213773693	213773776	213773888	213773985	C1H1orf232	XM_031005350.3	+	2	213773776	213773888	111	1
NC_073224.2	214116156	214116612	-2	1	-	NC_073224.2	214116496	214116608	214116310	214116411	SELENON	XM_031009477.3	-	2	214116411	214116496	84	2
NC_073224.2	214121342	214121993	-3	1	-	NC_073224.2	214121703	214121912	214121344	214121468	SELENON	XM_031009477.3	-	3	214121468	214121703	234	2
NC_073224.2	216042464	216042947	3	1	+	NC_073224.2	216042486	216042563	216042807	216042921	GALE	XM_004024890.3	+	3	216042563	216042807	243	4
NC_073224.2	216400630	216401077	2	1	+	NC_073224.2	216400647	216400714	216400808	216400915	ASAP3	XM_031002423.3	+	2	216400714	216400808	93	4
NC_073224.2	216400630	216401077	2	1	+	NC_073224.2	216400647	216400714	216400808	216400978	ASAP3	XM_055387544.2	+	2	216400714	216400808	93	4
NC_073224.2	216760493	216760751	-3	1	-	NC_073224.2	216760605	216760751	216760494	216760526	KDM1A	XM_055387459.2	-	3	216760526	216760605	78	2
NC_073224.2	217244216	217244882	-3	1	-	NC_073224.2	217244520	217244669	217244242	217244432	EPHA8	XM_055387374.2	-	3	217244432	217244520	87	1
NC_073224.2	217958148	217958799	1	1	+	NC_073224.2	217958222	217958353	217958516	217958660	HSPG2	XM_055387257.2	+	1	217958353	217958516	162	10
NC_073224.2	217983481	217983991	2	1	+	NC_073224.2	217983517	217983575	217983750	217983917	HSPG2	XM_055387257.2	+	2	217983575	217983750	174	10
NC_073224.2	217995513	217996119	1	1	+	NC_073224.2	217995625	217995760	217995878	217996029	HSPG2	XM_055387257.2	+	1	217995760	217995878	117	10
NC_073224.2	218009756	218010287	3	1	+	NC_073224.2	218009785	218009894	218010096	218010243	HSPG2	XM_055387257.2	+	3	218009894	218010096	201	10
NC_073224.2	218012037	218012643	1	1	+	NC_073224.2	218012155	218012254	218012393	218012502	HSPG2	XM_055387257.2	+	1	218012254	218012393	138	10
NC_073224.2	218015101	218015779	2	1	+	NC_073224.2	218015276	218015447	218015550	218015672	HSPG2	XM_055387257.2	+	2	218015447	218015550	102	10
NC_073224.2	218610483	218611413	1	1	+	NC_073224.2	218610802	218610852	218611060	218611146	ECE1	XM_031009776.3	+	1	218610852	218611060	207	1
NC_073224.2	219242001	219242451	1	1	+	NC_073224.2	219242111	219242214	219242356	219242450	DDOST	XM_004024826.5	+	1	219242214	219242356	141	1
NC_073224.2	219244909	219245452	2	1	+	NC_073224.2	219244928	219245048	219245172	219245278	DDOST	XM_004024826.5	+	2	219245048	219245172	123	1
NC_073224.2	220592294	220592894	3	1	+	NC_073224.2	220592341	220592528	220592721	220592825	AKR7A2	XM_004024785.5	+	3	220592528	220592721	192	1
NC_073224.2	220614503	220615100	3	1	+	NC_073224.2	220614547	220614734	220614927	220615031	LOC115933748	XM_031008634.3	+	3	220614734	220614927	192	1
NC_073224.2	220629875	220630517	3	1	+	NC_073224.2	220629964	220630151	220630344	220630448	LOC101150628	XM_031008626.3	+	3	220630151	220630344	192	1
NC_073224.2	220702245	220702710	1	1	+	NC_073224.2	220702276	220702405	220702523	220702662	UBR4	XM_019011819.4	+	1	220702405	220702523	117	33
NC_073224.2	222914382	222914772	1	1	+	NC_073224.2	222914407	222914541	222914629	222914695	ATP13A2	XM_031013306.3	+	1	222914541	222914629	87	7
NC_073224.2	222914382	222914772	1	1	+	NC_073224.2	222914434	222914541	222914629	222914695	ATP13A2	XM_031013323.3	+	1	222914541	222914629	87	3
NC_073224.2	222924322	222925171	2	1	+	NC_073224.2	222924330	222924490	222924614	222924730	ATP13A2	XM_031013306.3	+	2	222924490	222924614	123	8
NC_073224.2	224054968	224056363	2	1	+	NC_073224.2	224054985	224055173	224056134	224056195	EPHA2	XM_031003244.3	+	2	224055173	224056134	960	1
NC_073224.2	224242465	224243443	2	1	+	NC_073224.2	224242559	224242701	224242798	224243098	ZBTB17	XM_004024728.5	+	2	224242701	224242798	96	4
NC_073224.2	224451957	224452941	-2	1	-	NC_073224.2	224452579	224452738	224452102	224452281	PLEKHM2	XM_031011827.3	-	2	224452281	224452579	297	2
NC_073224.2	228917440	228917935	2	1	+	NC_073224.2	228917642	228917681	228917772	228917890	MAD2L2	XM_004024650.5	+	2	228917681	228917772	90	5
NC_073224.2	229549233	229549905	1	1	+	NC_073224.2	229549409	229549492	229549577	229549722	SRM	XM_019010991.3	+	1	229549492	229549577	84	1
NC_073224.2	230896836	230897256	-2	1	-	NC_073224.2	230897131	230897230	230896838	230897016	PIK3CD	XM_031001010.3	-	2	230897016	230897131	114	20
NC_073224.2	230901845	230902559	-3	1	-	NC_073224.2	230902362	230902541	230901873	230902022	PIK3CD	XM_031001010.3	-	3	230902022	230902362	339	15
NC_073224.2	230901845	230902559	-3	1	-	NC_073224.2	230902362	230902541	230901873	230901935	PIK3CD	XM_055383922.2	-	3	230901935	230902362	426	5
NC_073224.2	234031717	234032287	-1	1	-	NC_073224.2	234032047	234032183	234031801	234031965	ZBTB48	XM_004024564.5	-	1	234031965	234032047	81	6
NC_073224.2	234032534	234033143	-3	1	-	NC_073224.2	234032988	234033074	234032614	234032768	ZBTB48	XM_004024564.5	-	3	234032768	234032988	219	3
NC_073224.2	234032534	234033143	-3	1	-	NC_073224.2	234032988	234033053	234032614	234032768	ZBTB48	XM_063703132.1	-	3	234032768	234032988	219	3
NC_073224.2	234145418	234145988	3	1	+	NC_073224.2	234145511	234145571	234145896	234145987	PLEKHG5	XM_031011730.3	+	3	234145571	234145896	324	12
NC_073224.2	234149015	234149666	3	1	+	NC_073224.2	234149226	234149276	234149397	234149546	PLEKHG5	XM_031011730.3	+	3	234149276	234149397	120	12
NC_073224.2	234168827	234169511	-3	1	-	NC_073224.2	234169308	234169453	234168960	234169223	ESPN	XM_031011720.3	-	3	234169223	234169308	84	9
NC_073224.2	234180059	234180812	-3	1	-	NC_073224.2	234180570	234180756	234180201	234180383	ESPN	XM_031011720.3	-	3	234180383	234180570	186	8
NC_073224.2	234381724	234382117	-1	1	-	NC_073224.2	234382007	234382069	234381800	234381895	HES3	XM_031001215.3	-	1	234381895	234382007	111	1
NC_073224.2	234497537	234498449	3	1	+	NC_073224.2	234497598	234497829	234498058	234498168	CHD5	XM_031013331.3	+	3	234497829	234498058	228	4
NC_073224.2	236878612	236879524	-1	1	-	NC_073224.2	236879008	236879374	236878646	236878776	CCDC27	XM_055351761.2	-	1	236878776	236879008	231	5
NC_073224.2	237144319	237145309	2	1	+	NC_073224.2	237144429	237144560	237144765	237144893	MEGF6	XM_004024542.5	+	2	237144560	237144765	204	26
NC_073224.2	238664163	238664766	-2	1	-	NC_073224.2	238664536	238664654	238664164	238664202	PRXL2B	XM_031007090.3	-	2	238664202	238664536	333	1
NC_073224.2	238753527	238754571	-2	1	-	NC_073224.2	238754200	238754324	238754019	238754103	PLCH2	XM_063703353.1	-	2	238754103	238754200	96	1
NC_073224.2	238753527	238754571	-2	1	-	NC_073224.2	238754019	238754103	238753617	238753763	PLCH2	XM_063703353.1	-	2	238753763	238754019	255	1
NC_073224.2	238955298	238956201	-2	1	-	NC_073224.2	238955847	238956115	238955362	238955654	SKI	XM_055382756.2	-	2	238955654	238955847	192	1
NC_073224.2	238955298	238956201	-2	1	-	NC_073224.2	238955853	238956115	238955362	238955654	SKI	XM_055382763.2	-	2	238955654	238955853	198	1
NC_073224.2	239326416	239326920	1	1	+	NC_073224.2	239326428	239326562	239326695	239326804	CFAP74	XM_055382619.2	+	1	239326562	239326695	132	7
NC_073224.2	239331275	239331707	3	1	+	NC_073224.2	239331336	239331470	239331675	239331707	CFAP74	XM_055382653.2	+	3	239331470	239331675	204	2
NC_073224.2	239335443	239336226	1	1	+	NC_073224.2	239335680	239335858	239335949	239336226	TMEM52	XM_055382679.2	+	1	239335858	239335949	90	3
NC_073224.2	239563696	239564110	2	1	+	NC_073224.2	239563721	239563892	239564094	239564110	CDK11B	XM_063705115.1	+	2	239563892	239564094	201	1
NC_073224.2	239566657	239568505	-1	1	-	NC_073224.2	239568239	239568394	239567658	239567788	MMP23B	XM_031007746.3	-	1	239567788	239568239	450	6
NC_073224.2	239575644	239576442	-2	1	-	NC_073224.2	239575974	239576080	239575689	239575883	MIB2	XM_055382246.2	-	2	239575883	239575974	90	12
NC_073224.2	239665317	239665818	1	1	+	NC_073224.2	239665383	239665591	239665673	239665818	TMEM240	XM_031006760.3	+	1	239665591	239665673	81	1
NC_073224.2	239789948	239790854	3	1	+	NC_073224.2	239790030	239790116	239790228	239790338	MRPL20	XM_019009759.3	+	3	239790116	239790228	111	3
NC_073224.2	239857903	239858302	2	1	+	NC_073224.2	239857994	239858063	239858133	239858272	DVL1	XM_055382061.2	+	2	239858063	239858133	69	3
NC_073224.2	239863818	239865162	-2	1	-	NC_073224.2	239864901	239865021	239863819	239864774	TAS1R3	XM_055382048.2	-	2	239864774	239864901	126	1
NC_073224.2	239885964	239886426	1	1	+	NC_073224.2	239885983	239886125	239886201	239886330	INTS11	XM_055382091.2	+	1	239886125	239886201	75	2
NC_073224.2	239901016	239901646	2	1	+	NC_073224.2	239901152	239901360	239901505	239901574	ACAP3	XM_063703455.1	+	2	239901360	239901505	144	4
NC_073224.2	239951154	239951913	1	1	+	NC_073224.2	239951296	239951412	239951518	239951602	C1QTNF12	XM_055382035.2	+	1	239951412	239951518	105	1
NC_073224.2	239982341	239983124	3	1	+	NC_073224.2	239982390	239982534	239982733	239982855	TNFRSF4	XM_055381974.2	+	3	239982534	239982733	198	3
NC_073224.2	239983012	239983882	2	1	+	NC_073224.2	239983425	239983526	239983815	239983881	TNFRSF4	XM_055381974.2	+	2	239983526	239983815	288	3
NC_073224.2	239983012	239983882	2	1	+	NC_073224.2	239983145	239983526	239983815	239983881	TNFRSF4	XM_055381980.2	+	2	239983526	239983815	288	2
NC_073224.2	239992123	239992879	2	1	+	NC_073224.2	239992209	239992339	239992490	239992692	TNFRSF18	XM_055381940.2	+	2	239992339	239992490	150	1
NC_073224.2	240146795	240147494	-3	1	-	NC_073224.2	240147282	240147398	240146966	240147158	AGRN	XM_055381812.2	-	3	240147158	240147282	123	7
NC_073224.2	240146795	240147494	-3	1	-	NC_073224.2	240146966	240147158	240146797	240146884	AGRN	XM_055381812.2	-	3	240146884	240146966	81	7
NC_073224.2	240147812	240148520	-3	1	-	NC_073224.2	240148315	240148411	240148054	240148218	AGRN	XM_055381812.2	-	3	240148218	240148315	96	7
NC_073224.2	240153975	240154371	-2	1	-	NC_073224.2	240154227	240154343	240153981	240154145	AGRN	XM_055381812.2	-	2	240154145	240154227	81	7
NC_073224.2	240203431	240204013	2	1	+	NC_073224.2	240203462	240203549	240203643	240204013	HES4	XM_063710810.1	+	2	240203549	240203643	93	1
NC_073224.2	240230319	240230952	-2	1	-	NC_073224.2	240230679	240230754	240230404	240230540	PLEKHN1	XM_055381687.2	-	2	240230540	240230679	138	8
NC_073224.2	240231524	240232460	-3	1	-	NC_073224.2	240232224	240232304	240231819	240232139	PLEKHN1	XM_055381687.2	-	3	240232139	240232224	84	5
NC_073224.2	240231524	240232460	-3	1	-	NC_073224.2	240232224	240232304	240232067	240232139	PLEKHN1	XM_055381709.2	-	3	240232139	240232224	84	3
NC_073224.2	240231524	240232460	-3	1	-	NC_073224.2	240232067	240232139	240231819	240231946	PLEKHN1	XM_055381709.2	-	3	240231946	240232067	120	3
NC_073224.2	29071275	29071869	-2	1	-	NC_073224.2	29071474	29071626	29071276	29071314	LOC129531982	XM_063708056.1	-	2	29071314	29071474	159	1
NC_073224.2	29072001	29073054	-2	1	-	NC_073224.2	29072901	29073005	29072580	29072759	LOC129531982	XM_055379767.2	-	2	29072759	29072901	141	4
NC_073224.2	29082302	29083016	-3	1	-	NC_073224.2	29082707	29082802	29082399	29082475	LOC129531983	XM_055379773.2	-	3	29082475	29082707	231	2
NC_073224.2	29096438	29097245	-3	1	-	NC_073224.2	29096900	29097045	29096588	29096785	LOC129531977	XM_063704709.1	-	3	29096785	29096900	114	1
NC_073224.2	29100429	29100924	-2	1	-	NC_073224.2	29100708	29100819	29100431	29100494	LOC129531977	XM_063704709.1	-	2	29100494	29100708	213	1
NC_073224.2	36223206	36223587	1	1	+	NC_073224.2	36223286	36223354	36223484	36223563	MIA3	XM_004028441.5	+	1	36223354	36223484	129	8
NC_073224.2	37799079	37799556	1	1	+	NC_073224.2	37799131	37799168	37799340	37799493	LOC129528932	XM_055372160.2	+	1	37799168	37799340	171	3
NC_073224.2	38953380	38954100	-2	1	-	NC_073224.2	38953769	38954015	38953382	38953621	LOC101130441	XM_004028480.5	-	2	38953621	38953769	147	1
NC_073224.2	40047748	40048270	2	1	+	NC_073224.2	40047839	40047946	40048166	40048231	COQ8A	XM_019031284.3	+	2	40047946	40048166	219	5
NC_073224.2	40850764	40851331	2	1	+	NC_073224.2	40850795	40850942	40851168	40851330	PRSS38	XM_004028512.5	+	2	40850942	40851168	225	1
NC_073224.2	47000683	47001484	-1	1	-	NC_073224.2	47001326	47001466	47001080	47001217	TRAF3IP3	XM_004028330.4	-	1	47001217	47001326	108	2
NC_073224.2	47000683	47001484	-1	1	-	NC_073224.2	47001326	47001448	47001080	47001217	TRAF3IP3	XM_019030161.4	-	1	47001217	47001326	108	1
NC_073224.2	47152946	47153543	3	1	+	NC_073224.2	47152970	47153127	47153242	47153462	LAMB3	XM_019030132.4	+	3	47153127	47153242	114	9
NC_073224.2	49288368	49288797	-2	1	-	NC_073224.2	49288554	49288742	49288370	49288469	CR2	XM_004028312.5	-	2	49288469	49288554	84	2
NC_073224.2	50830193	50830625	3	1	+	NC_073224.2	50830233	50830325	50830464	50830577	SLC26A9	XM_063709043.1	+	3	50830325	50830464	138	2
NC_073224.2	51694846	51695401	-1	1	-	NC_073224.2	51695214	51695364	51694936	51695063	CNTN2	XM_004028238.5	-	1	51695063	51695214	150	2
NC_073224.2	52564002	52564479	1	1	+	NC_073224.2	52564024	52564069	52564169	52564479	KISS1	XM_055368943.2	+	1	52564069	52564169	99	1
NC_073224.2	55549170	55556655	-2	1	-	NC_073224.2	55556591	55556642	55549206	55549321	IGFN1	XM_031000878.3	-	2	55549321	55556591	7269	1
NC_073224.2	55756461	55756977	1	1	+	NC_073224.2	55756528	55756677	55756780	55756914	KIF21B	XM_004028119.5	+	1	55756677	55756780	102	4
NC_073224.2	73523006	73523534	-3	1	-	NC_073224.2	73523205	73523363	73523012	73523111	LAMC2	XM_004028026.4	-	3	73523111	73523205	93	1
NC_073224.2	84934048	84934483	2	1	+	NC_073224.2	84934148	84934213	84934295	84934483	LOC109028674	XM_019035677.1	+	2	84934213	84934295	81	1
NC_073224.2	88938359	88938812	3	1	+	NC_073224.2	88938423	88938627	88938706	88938802	ADCY10	XM_031004998.3	+	3	88938627	88938706	78	2
NC_073224.2	96074797	96075490	-1	1	-	NC_073224.2	96075181	96075453	96074851	96074970	SLAMF7	XM_004027721.5	-	1	96074970	96075181	210	2
NC_073224.2	96527002	96527440	2	1	+	NC_073224.2	96527003	96527192	96527310	96527405	COPA	XM_019025301.4	+	2	96527192	96527310	117	2
NC_073224.2	98096288	98097284	3	1	+	NC_073224.2	98096292	98096339	98096397	98097284	LOC101151362	XM_019039553.2	+	3	98096339	98096397	57	1
NC_073224.2	99723702	99724308	1	1	+	NC_073224.2	99723925	99723982	99724070	99724307	ETV3L	XM_004027003.2	+	1	99723982	99724070	87	1
NC_073224.2	99899929	99900547	-1	1	-	NC_073224.2	99900097	99900225	99899931	99900006	LRRC71	XM_004027000.4	-	1	99900006	99900097	90	6
NC_073227.2	10380939	10381608	1	1	+	NC_073227.2	10381181	10381350	10381435	10381558	FGFR3	XM_031010317.3	+	1	10381350	10381435	84	15
NC_073227.2	11035930	11036635	2	1	+	NC_073227.2	11036155	11036317	11036522	11036635	CFAP99	XM_055384375.2	+	2	11036317	11036522	204	1
NC_073227.2	11469626	11470058	3	1	+	NC_073227.2	11469627	11469770	11469876	11469974	ADD1	XM_031010139.3	+	3	11469770	11469876	105	17
NC_073227.2	11503199	11503634	-2	1	-	NC_073227.2	11503460	11503568	11503240	11503351	MFSD10	XM_031010156.3	-	2	11503351	11503460	108	5
NC_073227.2	123489779	123490499	-2	1	-	NC_073227.2	123490185	123490499	123489789	123490061	CENPE	XM_019026039.4	-	2	123490061	123490185	123	10
NC_073227.2	166052030	166052426	-2	1	-	NC_073227.2	166052321	166052424	166052032	166052218	OTUD4	XM_031010023.3	-	2	166052218	166052321	102	3
NC_073227.2	173681455	173681995	-3	1	-	NC_073227.2	173681692	173681952	173681563	173681601	TMEM154	XM_019025072.4	-	3	173681601	173681692	90	1
NC_073227.2	179850785	179851220	3	1	+	NC_073227.2	179850830	179850930	179851105	179851194	FNIP2	XM_019025683.4	+	3	179850930	179851105	174	5
NC_073227.2	18349277	18350003	-2	1	-	NC_073227.2	18349925	18349940	18349386	18349507	WDR1	XM_055385502.2	-	2	18349507	18349925	417	3
NC_073227.2	189118348	189118636	2	1	+	NC_073227.2	189118385	189118438	189118535	189118628	ANXA10	XM_055384141.2	+	2	189118438	189118535	96	1
NC_073227.2	211544216	211545719	-2	1	-	NC_073227.2	211545048	211545524	211544217	211545005	LOC115932853	XM_063705691.1	-	2	211545005	211545048	42	1
NC_073227.2	49277999	49278680	3	1	+	NC_073227.2	49278369	49278401	49278507	49278518	UCHL1	XM_004038606.5	+	3	49278401	49278507	105	1
NC_073227.2	49283110	49283470	2	1	+	NC_073227.2	49283112	49283197	49283273	49283320	UCHL1	XM_004038606.5	+	2	49283197	49283273	75	2
NC_073227.2	90357420	90358062	1	1	+	NC_073227.2	90357421	90357888	90357919	90358023	PRR27	XM_063705124.1	+	1	90357888	90357919	30	1
NC_073227.2	90566095	90566593	2	1	+	NC_073227.2	90566165	90566282	90566361	90566593	SMR3A	XM_004038776.3	+	2	90566282	90566361	78	1
NC_073227.2	9231860	9232376	3	1	+	NC_073227.2	9231906	9232006	9232268	9232375	PDE6B	XM_055384255.2	+	3	9232006	9232268	261	1
NC_073227.2	9252541	9252910	-3	1	-	NC_073227.2	9252776	9252892	9252697	9252697	SLC49A3	XM_063705155.1	-	3	9252697	9252776	78	2
NC_073227.2	94080081	94080549	1	1	+	NC_073227.2	94080181	94080289	94080416	94080548	CXCL6	XM_004038811.5	+	1	94080289	94080416	126	1
NC_073227.2	9416850	9417339	-1	1	-	NC_073227.2	9417067	9417243	9416851	9416949	GAK	XM_055384268.1	-	1	9416949	9417067	117	10
NC_073227.2	9446018	9446885	-2	1	-	NC_073227.2	9446742	9446859	9446182	9446261	GAK	XM_055384268.1	-	2	9446261	9446742	480	11
NC_073227.2	9541005	9541671	-1	1	-	NC_073227.2	9541432	9541584	9541006	9541104	DGKQ	XM_055384279.2	-	1	9541104	9541432	327	5
NC_073227.2	9581991	9583491	1	1	+	NC_073227.2	9582014	9582820	9583070	9583282	IDUA	XM_055384287.2	+	1	9582820	9583070	249	2
NC_073227.2	9583627	9584005	2	1	+	NC_073227.2	9583688	9583813	9583892	9583968	IDUA	XM_031010172.3	+	2	9583813	9583892	78	5
NC_073227.2	9584322	9584733	1	1	+	NC_073227.2	9584355	9584455	9584603	9584733	IDUA	XM_031010172.3	+	1	9584455	9584603	147	5
NC_073227.2	95993034	95993271	1	1	+	NC_073227.2	95993038	95993124	95993206	95993270	USO1	XM_031010462.3	+	1	95993124	95993206	81	2
NC_073227.2	9748337	9749084	-2	1	-	NC_073227.2	9748827	9749050	9748563	9748754	SPON2	XM_004038319.5	-	2	9748754	9748827	72	1
NC_073228.2	10060046	10061246	3	1	+	NC_073228.2	10060101	10060322	10060503	10061246	PYCR1	XM_063705746.1	+	3	10060322	10060503	180	2
NC_073228.2	10060046	10061246	3	1	+	NC_073228.2	10060101	10060322	10060503	10060595	PYCR1	XM_063705748.1	+	3	10060322	10060503	180	5
NC_073228.2	10089048	10089972	1	1	+	NC_073228.2	10089253	10089318	10089541	10089606	PCYT2	XM_004040786.4	+	1	10089318	10089541	222	4
NC_073228.2	10089048	10089972	1	1	+	NC_073228.2	10089541	10089606	10089835	10089923	PCYT2	XM_004040786.4	+	1	10089606	10089835	228	5
NC_073228.2	10089048	10089972	1	1	+	NC_073228.2	10089253	10089318	10089835	10089923	PCYT2	XM_031011672.3	+	1	10089318	10089835	516	1
NC_073228.2	10092242	10093019	-1	1	-	NC_073228.2	10092462	10092710	10092243	10092368	NPB	XM_031011683.3	-	1	10092368	10092462	93	1
NC_073228.2	10173996	10174398	1	1	+	NC_073228.2	10174141	10174148	10174242	10174360	MCRIP1	XM_031011680.3	+	1	10174148	10174242	93	2
NC_073228.2	10173996	10174398	1	1	+	NC_073228.2	10174093	10174148	10174242	10174360	MCRIP1	XM_055389429.2	+	1	10174148	10174242	93	2
NC_073228.2	10186748	10187252	-1	1	-	NC_073228.2	10187025	10187181	10186775	10186934	GCGR	XM_031011668.2	-	1	10186934	10187025	90	2
NC_073228.2	10187255	10187960	-1	1	-	NC_073228.2	10187814	10187935	10187257	10187363	GCGR	XM_031011668.2	-	1	10187363	10187814	450	2
NC_073228.2	10250435	10250837	-1	1	-	NC_073228.2	10250676	10250819	10250520	10250579	HGS	XM_019027408.3	-	1	10250579	10250676	96	2
NC_073228.2	10251734	10252265	-1	1	-	NC_073228.2	10252161	10252239	10251990	10252088	HGS	XM_019027408.3	-	1	10252088	10252161	72	3
NC_073228.2	10251734	10252265	-1	1	-	NC_073228.2	10251990	10252088	10251777	10251872	HGS	XM_019027408.3	-	1	10251872	10251990	117	3
NC_073228.2	10273360	10273927	-2	1	-	NC_073228.2	10273822	10273904	10273493	10273572	CCDC137	XM_019026448.3	-	2	10273572	10273822	249	1
NC_073228.2	10486050	10487697	-3	1	-	NC_073228.2	10487496	10487672	10486153	10487336	BAHCC1	XM_055389451.2	-	3	10487336	10487496	159	6
NC_073228.2	10486050	10487697	-3	1	-	NC_073228.2	10487496	10487672	10486153	10487312	BAHCC1	XM_055389454.2	-	3	10487312	10487496	183	1
NC_073228.2	10489168	10489630	-2	1	-	NC_073228.2	10489478	10489582	10489234	10489390	BAHCC1	XM_055389451.2	-	2	10489390	10489478	87	7
NC_073228.2	10643593	10644106	2	1	+	NC_073228.2	10643600	10643654	10643748	10643907	LOC101129999	XM_063705728.1	+	2	10643654	10643748	93	1
NC_073228.2	10714302	10714719	-3	1	-	NC_073228.2	10714630	10714713	10714399	10714509	NDUFAF8	XM_055389470.2	-	3	10714509	10714630	120	1
NC_073228.2	10714302	10714719	-3	1	-	NC_073228.2	10714630	10714713	10714395	10714509	NDUFAF8	XM_063706006.1	-	3	10714509	10714630	120	1
NC_073228.2	10721312	10722215	3	1	+	NC_073228.2	10721542	10721745	10722040	10722214	TEPSIN	XM_055389461.2	+	3	10721745	10722040	294	5
NC_073228.2	10829606	10830077	3	1	+	NC_073228.2	10829789	10829873	10829955	10830076	AATK	XM_055389493.2	+	3	10829873	10829955	81	5
NC_073228.2	10850485	10851454	-2	1	-	NC_073228.2	10850981	10851202	10850596	10850797	BAIAP2	XM_031010785.3	-	2	10850797	10850981	183	4
NC_073228.2	10850485	10851454	-2	1	-	NC_073228.2	10850981	10851115	10850596	10850797	BAIAP2	XM_055389499.2	-	2	10850797	10850981	183	2
NC_073228.2	12177149	12177572	3	1	+	NC_073228.2	12177251	12177316	12177443	12177509	CBX8	XM_004040851.5	+	3	12177316	12177443	126	2
NC_073228.2	13493831	13494611	3	1	+	NC_073228.2	13493942	13494224	13494315	13494488	DNAH17	XM_055388774.2	+	3	13494224	13494315	90	2
NC_073228.2	13529435	13530599	3	1	+	NC_073228.2	13529499	13529639	13530303	13530473	DNAH17	XM_055388774.2	+	3	13529639	13530303	663	2
NC_073228.2	136182981	136183635	1	1	+	NC_073228.2	136183029	136183192	136183517	136183634	PDLIM4	XM_004042467.5	+	1	136183192	136183517	324	1
NC_073228.2	136397456	136398170	-1	1	-	NC_073228.2	136398102	136398151	136397864	136397993	IRF1	XM_004042471.5	-	1	136397993	136398102	108	1
NC_073228.2	136397456	136398170	-1	1	-	NC_073228.2	136397864	136397993	136397558	136397680	IRF1	XM_004042471.5	-	1	136397680	136397864	183	1
NC_073228.2	136795295	136795661	-1	1	-	NC_073228.2	136795548	136795611	136795297	136795433	AFF4	XM_004042493.5	-	1	136795433	136795548	114	12
NC_073228.2	138015121	138016258	2	1	+	NC_073228.2	138015371	138015838	138016004	138016070	TCF7	XM_031010686.3	+	2	138015838	138016004	165	9
NC_073228.2	13839219	13839888	-3	1	-	NC_073228.2	13839673	13839796	13839221	13839318	TMC8	XM_004040922.5	-	3	13839318	13839673	354	3
NC_073228.2	13855380	13856268	1	1	+	NC_073228.2	13855531	13855686	13856077	13856228	TMC6	XM_019027472.4	+	1	13855686	13856077	390	9
NC_073228.2	144207613	144208309	-2	1	-	NC_073228.2	144208078	144208123	144207706	144207879	HBEGF	XM_004042620.4	-	2	144207879	144208078	198	2
NC_073228.2	145356695	145357181	-1	1	-	NC_073228.2	145356963	145357126	145356704	145356839	DIAPH1	XM_055389244.2	-	1	145356839	145356963	123	3
NC_073228.2	150011278	150011518	-2	1	-	NC_073228.2	150011433	150011518	150011280	150011345	LARS1	XM_019027931.4	-	2	150011345	150011433	87	2
NC_073228.2	15041387	15041879	-1	1	-	NC_073228.2	15041709	15041855	15041409	15041525	MGAT5B	XM_055388836.2	-	1	15041525	15041709	183	3
NC_073228.2	153986632	153987355	-2	1	-	NC_073228.2	153987209	153987336	153986914	153987088	PDGFRB	XM_004042801.5	-	2	153987088	153987209	120	19
NC_073228.2	154057903	154058446	2	1	+	NC_073228.2	154057904	154058003	154058199	154058299	SLC6A7	XM_004042807.5	+	2	154058003	154058199	195	2
NC_073228.2	154228356	154229121	1	1	+	NC_073228.2	154228528	154228743	154228909	154229088	TCOF1	XM_031011518.3	+	1	154228743	154228909	165	16
NC_073228.2	154232343	154232964	1	1	+	NC_073228.2	154232407	154232586	154232710	154232910	TCOF1	XM_031011518.3	+	1	154232586	154232710	123	16
NC_073228.2	154546343	154546817	-1	1	-	NC_073228.2	154546688	154546776	154546364	154546495	RBM22	XM_004042834.3	-	1	154546495	154546688	192	1
NC_073228.2	15503609	15504485	3	1	+	NC_073228.2	15503807	15504002	15504075	15504278	RHBDF2	XM_019027484.3	+	3	15504002	15504075	72	4
NC_073228.2	15508915	15509437	2	1	+	NC_073228.2	15509182	15509245	15509342	15509436	RHBDF2	XM_019027484.3	+	2	15509245	15509342	96	4
NC_073228.2	15591554	15591965	3	1	+	NC_073228.2	15591555	15591758	15591855	15591912	UBE2O	XM_004040891.4	+	3	15591758	15591855	96	4
NC_073228.2	15692966	15693518	3	1	+	NC_073228.2	15693099	15693263	15693396	15693517	QRICH2	XM_019028182.4	+	3	15693263	15693396	132	5
NC_073228.2	158632338	158632902	1	1	+	NC_073228.2	158632348	158632471	158632598	158632803	LARP1	XM_019027240.4	+	1	158632471	158632598	126	7
NC_073228.2	158769159	158769435	1	1	+	NC_073228.2	158769280	158769307	158769386	158769434	MRPL22	XM_004042882.3	+	1	158769307	158769386	78	1
NC_073228.2	15951358	15951952	2	1	+	NC_073228.2	15951533	15951640	15951752	15951847	EVPL	XM_031010624.3	+	2	15951640	15951752	111	3
NC_073228.2	15957793	15958324	2	1	+	NC_073228.2	15957874	15958012	15958130	15958323	EVPL	XM_031010624.3	+	2	15958012	15958130	117	3
NC_073228.2	15961131	15961503	1	1	+	NC_073228.2	15961153	15961236	15961360	15961470	EVPL	XM_031010624.3	+	1	15961236	15961360	123	3
NC_073228.2	15970818	15971247	-3	1	-	NC_073228.2	15971101	15971221	15970825	15970995	CDK3	XM_019027078.3	-	3	15970995	15971101	105	3
NC_073228.2	16059342	16060083	1	1	+	NC_073228.2	16059565	16059687	16059772	16059957	FBF1	XM_019027695.4	+	1	16059687	16059772	84	30
NC_073228.2	16059342	16060083	1	1	+	NC_073228.2	16059565	16059687	16059772	16059874	FBF1	XM_063706086.1	+	1	16059687	16059772	84	1
NC_073228.2	16060419	16061094	1	1	+	NC_073228.2	16060657	16060794	16060888	16061005	FBF1	XM_019027695.4	+	1	16060794	16060888	93	30
NC_073228.2	16082110	16082779	2	1	+	NC_073228.2	16082201	16082434	16082516	16082690	TRIM65	XM_031011615.3	+	2	16082434	16082516	81	2
NC_073228.2	16098045	16098918	1	1	+	NC_073228.2	16098190	16098420	16098583	16098781	TRIM47	XM_004041026.5	+	1	16098420	16098583	162	1
NC_073228.2	16131682	16132087	2	1	+	NC_073228.2	16131764	16131823	16131914	16131980	UNC13D	XM_019026725.4	+	2	16131823	16131914	90	4
NC_073228.2	16134461	16134860	3	1	+	NC_073228.2	16134501	16134605	16134720	16134812	UNC13D	XM_019026725.4	+	3	16134605	16134720	114	4
NC_073228.2	16138508	16138850	3	1	+	NC_073228.2	16138605	16138661	16138752	16138849	UNC13D	XM_019026725.4	+	3	16138661	16138752	90	4
NC_073228.2	16247000	16247570	-1	1	-	NC_073228.2	16247385	16247467	16247157	16247258	ITGB4	XM_019028031.4	-	1	16247258	16247385	126	6
NC_073228.2	16402338	16403031	-3	1	-	NC_073228.2	16402755	16402871	16402474	16402640	LLGL2	XM_031011189.3	-	3	16402640	16402755	114	11
NC_073228.2	16475752	16476358	-2	1	-	NC_073228.2	16476153	16476301	16475938	16476032	TMEM94	XM_004041003.5	-	2	16476032	16476153	120	15
NC_073228.2	16475752	16476358	-2	1	-	NC_073228.2	16475938	16476032	16475754	16475847	TMEM94	XM_004041003.5	-	2	16475847	16475938	90	15
NC_073228.2	16475752	16476358	-2	1	-	NC_073228.2	16476153	16476301	16475754	16476032	TMEM94	XM_019027419.3	-	2	16476032	16476153	120	14
NC_073228.2	16479041	16479878	-1	1	-	NC_073228.2	16479666	16479847	16479440	16479578	TMEM94	XM_004041003.5	-	1	16479578	16479666	87	29
NC_073228.2	16479041	16479878	-1	1	-	NC_073228.2	16479440	16479578	16479075	16479190	TMEM94	XM_004041003.5	-	1	16479190	16479440	249	29
NC_073228.2	16480280	16481213	-1	1	-	NC_073228.2	16480897	16480999	16480574	16480791	TMEM94	XM_004041003.5	-	1	16480791	16480897	105	29
NC_073228.2	16484562	16485261	-3	1	-	NC_073228.2	16485118	16485220	16484824	16484910	TMEM94	XM_004041003.5	-	3	16484910	16485118	207	27
NC_073228.2	16484562	16485261	-3	1	-	NC_073228.2	16485118	16485207	16484824	16484910	TMEM94	XM_055388954.2	-	3	16484910	16485118	207	1
NC_073228.2	17102472	17102904	1	1	+	NC_073228.2	17102549	17102667	17102758	17102829	FDXR	XM_004040944.4	+	1	17102667	17102758	90	1
NC_073228.2	17108053	17108833	2	1	+	NC_073228.2	17108285	17108407	17108609	17108722	FDXR	XM_004040941.4	+	2	17108407	17108609	201	6
NC_073228.2	17229497	17229713	-1	1	-	NC_073228.2	17229654	17229710	17229499	17229575	RAB37	XM_055389024.2	-	1	17229575	17229654	78	4
NC_073228.2	17764739	17765072	-1	1	-	NC_073228.2	17765010	17765012	17764778	17764838	RPL38	XM_004041078.5	-	1	17764838	17765010	171	4
NC_073228.2	180177929	180178373	-1	1	-	NC_073228.2	180178256	180178373	180177931	180178042	CLTB	XM_055386314.2	-	1	180178042	180178256	213	2
NC_073228.2	180309199	180309718	-2	1	-	NC_073228.2	180309509	180309670	180309201	180309325	RNF44	XM_031010674.3	-	2	180309325	180309509	183	9
NC_073228.2	180363260	180364133	3	1	+	NC_073228.2	180363267	180363336	180363487	180364092	CDHR2	XM_019027877.4	+	3	180363336	180363487	150	1
NC_073228.2	180430299	180430743	1	1	+	NC_073228.2	180430357	180430407	180430495	180430641	TSPAN17	XM_004043061.5	+	1	180430407	180430495	87	3
NC_073228.2	180652766	180653543	3	1	+	NC_073228.2	180653002	180653089	180653333	180653501	UNC5A	XM_055386330.2	+	3	180653089	180653333	243	2
NC_073228.2	180654022	180654934	2	1	+	NC_073228.2	180654041	180654190	180654272	180654436	UNC5A	XM_055386330.2	+	2	180654190	180654272	81	2
NC_073228.2	180657078	180657936	-3	1	-	NC_073228.2	180657470	180657625	180657080	180657313	HK3	XM_063706995.1	-	3	180657313	180657470	156	1
NC_073228.2	181147518	181148274	1	1	+	NC_073228.2	181147765	181147857	181147945	181148088	RGS14	XM_055386351.2	+	1	181147857	181147945	87	1
NC_073228.2	181148330	181148981	3	1	+	NC_073228.2	181148469	181148612	181148769	181148880	RGS14	XM_055386351.2	+	3	181148612	181148769	156	1
NC_073228.2	181152334	181152856	2	1	+	NC_073228.2	181152411	181152457	181152536	181152650	RGS14	XM_055386351.2	+	2	181152457	181152536	78	1
NC_073228.2	181166886	181167468	1	1	+	NC_073228.2	181167020	181167169	181167254	181167382	SLC34A1	XM_055386352.2	+	1	181167169	181167254	84	4
NC_073228.2	181184304	181185258	-3	1	-	NC_073228.2	181184762	181184993	181184385	181184521	F12	XM_031010590.3	-	3	181184521	181184762	240	2
NC_073228.2	181221884	181222580	3	1	+	NC_073228.2	181221900	181222037	181222119	181222253	GRK6	XM_004043093.5	+	3	181222037	181222119	81	4
NC_073228.2	181263917	181264532	-1	1	-	NC_073228.2	181264382	181264502	181264179	181264294	PDLIM7	XM_004043099.3	-	1	181264294	181264382	87	9
NC_073228.2	181272516	181272882	-3	1	-	NC_073228.2	181272789	181272867	181272668	181272698	PDLIM7	XM_055386371.1	-	3	181272698	181272789	90	1
NC_073228.2	181272541	181273060	-2	1	-	NC_073228.2	181272789	181272940	181272668	181272698	PDLIM7	XM_004043099.3	-	2	181272698	181272789	90	9
NC_073228.2	181768438	181768972	2	1	+	NC_073228.2	181768515	181768660	181768784	181768924	RMND5B	XM_055386446.2	+	2	181768660	181768784	123	4
NC_073228.2	181768438	181768972	2	1	+	NC_073228.2	181768556	181768660	181768784	181768924	RMND5B	XM_055386449.2	+	2	181768660	181768784	123	1
NC_073228.2	181869504	181870080	-3	1	-	NC_073228.2	181870015	181870068	181869715	181869801	COL23A1	XM_055386477.2	-	3	181869801	181870015	213	1
NC_073228.2	181873539	181873962	-3	1	-	NC_073228.2	181873873	181873926	181873561	181873587	COL23A1	XM_055386477.2	-	3	181873587	181873873	285	1
NC_073228.2	182954506	182955385	-2	1	-	NC_073228.2	182955224	182955369	182954516	182955139	GRM6	XM_004043125.5	-	2	182955139	182955224	84	1
NC_073228.2	183598363	183598690	-2	1	-	NC_073228.2	183598558	183598617	183598375	183598464	HNRNPH1	XM_019027210.4	-	2	183598464	183598558	93	8
NC_073228.2	183598363	183598690	-2	1	-	NC_073228.2	183598558	183598617	183598405	183598464	HNRNPH1	XM_055386488.2	-	2	183598464	183598558	93	2
NC_073228.2	183775502	183775838	3	1	+	NC_073228.2	183775601	183775671	183775756	183775837	LTC4S	XM_004043137.4	+	3	183775671	183775756	84	1
NC_073228.2	183779551	183780103	-2	1	-	NC_073228.2	183780008	183780083	183779773	183779887	MGAT4B	XM_031011353.3	-	2	183779887	183780008	120	1
NC_073228.2	184579789	184580617	-2	1	-	NC_073228.2	184580162	184580406	184579790	184579810	SCGB3A1	XM_004043147.3	-	2	184579810	184580162	351	1
NC_073228.2	184607209	184607929	-2	1	-	NC_073228.2	184607749	184607862	184607495	184607583	FLT4	XM_031011037.3	-	2	184607583	184607749	165	2
NC_073228.2	184609156	184609675	-2	1	-	NC_073228.2	184609450	184609581	184609178	184609284	FLT4	XM_031011037.3	-	2	184609284	184609450	165	2
NC_073228.2	184617603	184618521	-3	1	-	NC_073228.2	184618279	184618418	184617843	184618011	FLT4	XM_031011037.3	-	3	184618011	184618279	267	2
NC_073228.2	24637807	24638092	2	1	+	NC_073228.2	24637808	24637867	24637955	24638083	PSMD12	XM_004041118.5	+	2	24637867	24637955	87	1
NC_073228.2	28015268	28015982	-1	1	-	NC_073228.2	28015889	28015964	28015596	28015702	PRR29	XM_004041199.5	-	1	28015702	28015889	186	3
NC_073228.2	28015268	28015982	-1	1	-	NC_073228.2	28015889	28015943	28015596	28015702	PRR29	XM_055386873.2	-	1	28015702	28015889	186	1
NC_073228.2	28068718	28069465	2	1	+	NC_073228.2	28068818	28069096	28069397	28069450	SCN4A	XM_063706191.1	+	2	28069096	28069397	300	1
NC_073228.2	28214799	28215246	1	1	+	NC_073228.2	28214857	28214952	28215082	28215183	SMARCD2	XM_055386862.2	+	1	28214952	28215082	129	2
NC_073228.2	28218984	28219512	-3	1	-	NC_073228.2	28219456	28219512	28219144	28219374	PSMC5	XM_004041173.4	-	3	28219374	28219456	81	2
NC_073228.2	28223998	28224448	2	1	+	NC_073228.2	28223999	28224098	28224198	28224392	FTSJ3	XM_004041168.5	+	2	28224098	28224198	99	2
NC_073228.2	28514957	28515860	-1	1	-	NC_073228.2	28515447	28515646	28515047	28515299	KCNH6	XM_019026154.4	-	1	28515299	28515447	147	1
NC_073228.2	28570385	28571378	-1	1	-	NC_073228.2	28570871	28571094	28570387	28570531	LOC101145787	XM_004041150.5	-	1	28570531	28570871	339	1
NC_073228.2	28570385	28571378	-1	1	-	NC_073228.2	28570871	28571173	28570387	28570531	LOC101145787	XM_055386889.2	-	1	28570531	28570871	339	1
NC_073228.2	28575434	28576787	-1	1	-	NC_073228.2	28576207	28576220	28575448	28575615	LOC101145787	XM_055386889.2	-	1	28575615	28576207	591	1
NC_073228.2	29381663	29382395	-1	1	-	NC_073228.2	29382059	29382173	29381799	29381962	MRC2	XM_019027779.4	-	1	29381962	29382059	96	1
NC_073228.2	30515351	30515858	-1	1	-	NC_073228.2	30515719	30515807	30515369	30515598	TBX4	XM_019026526.4	-	1	30515598	30515719	120	2
NC_073228.2	31902618	31902957	-3	1	-	NC_073228.2	31902868	31902939	31902620	31902705	LOC101151653	XM_031010966.3	-	3	31902705	31902868	162	1
NC_073228.2	32010990	32011329	1	1	+	NC_073228.2	32011009	32011080	32011243	32011328	LOC129533458	XM_055386693.2	+	1	32011080	32011243	162	1
NC_073228.2	41521567	41522380	-2	1	-	NC_073228.2	41522132	41522286	41521910	41522053	SPATA20	XM_055387652.2	-	2	41522053	41522132	78	4
NC_073228.2	41521567	41522380	-2	1	-	NC_073228.2	41521910	41522053	41521609	41521810	SPATA20	XM_055387652.2	-	2	41521810	41521910	99	4
NC_073228.2	41549720	41550065	-1	1	-	NC_073228.2	41549928	41550043	41549722	41549837	MYCBPAP	XM_055387662.2	-	1	41549837	41549928	90	12
NC_073228.2	41597067	41597706	-3	1	-	NC_073228.2	41597290	41597431	41597092	41597202	ACSF2	XM_019027291.4	-	3	41597202	41597290	87	1
NC_073228.2	41608386	41608962	-3	1	-	NC_073228.2	41608778	41608896	41608495	41608660	ACSF2	XM_019027291.4	-	3	41608660	41608778	117	1
NC_073228.2	41717247	41717805	-3	1	-	NC_073228.2	41717542	41717758	41717278	41717454	XYLT2	XM_004041330.4	-	3	41717454	41717542	87	2
NC_073228.2	41793360	41794077	-3	1	-	NC_073228.2	41793670	41793865	41793361	41793471	TMEM92	XM_004041329.5	-	3	41793471	41793670	198	3
NC_073228.2	41873184	41873757	1	1	+	NC_073228.2	41873245	41873280	41873371	41873472	COL1A1	XM_004041325.5	+	1	41873280	41873371	90	1
NC_073228.2	41886611	41887175	3	1	+	NC_073228.2	41886660	41886902	41887032	41887175	COL1A1	XM_004041325.5	+	3	41886902	41887032	129	1
NC_073228.2	41997258	41997930	-3	1	-	NC_073228.2	41997625	41997774	41997422	41997519	ITGA3	XM_004041449.5	-	3	41997519	41997625	105	2
NC_073228.2	44111663	44112029	-1	1	-	NC_073228.2	44111829	44112000	44111664	44111726	CDK5RAP3	XM_004041470.5	-	1	44111726	44111829	102	3
NC_073228.2	44111663	44112029	-1	1	-	NC_073228.2	44111829	44112000	44111704	44111726	CDK5RAP3	XM_019027514.4	-	1	44111726	44111829	102	4
NC_073228.2	44687568	44687907	-3	1	-	NC_073228.2	44687818	44687890	44687570	44687655	LOC101144080	XM_063706317.1	-	3	44687655	44687818	162	1
NC_073228.2	47348179	47348857	2	1	+	NC_073228.2	47348371	47348431	47348636	47348731	GFAP	XM_004041582.5	+	2	47348431	47348636	204	2
NC_073228.2	47490577	47491648	-2	1	-	NC_073228.2	47491196	47491271	47490694	47490760	ADAM11	XM_031011579.2	-	2	47490760	47491196	435	3
NC_073228.2	47889542	47890307	3	1	+	NC_073228.2	47889717	47889830	47890068	47890169	ITGA2B	XM_019026681.3	+	3	47889830	47890068	237	1
NC_073228.2	47942679	47943243	1	1	+	NC_073228.2	47942705	47942749	47943029	47943138	SLC25A39	XM_004041567.4	+	1	47942749	47943029	279	1
NC_073228.2	47942679	47943243	1	1	+	NC_073228.2	47942705	47942749	47943005	47943138	SLC25A39	XM_004041568.5	+	1	47942749	47943005	255	1
NC_073228.2	47951955	47952696	-3	1	-	NC_073228.2	47952271	47952419	47952020	47952105	RUNDC3A	XM_031011456.2	-	3	47952105	47952271	165	5
NC_073228.2	47951955	47952696	-3	1	-	NC_073228.2	47952271	47952404	47952020	47952105	RUNDC3A	XM_031011458.2	-	3	47952105	47952271	165	3
NC_073228.2	47951955	47952696	-3	1	-	NC_073228.2	47952271	47952407	47952020	47952105	RUNDC3A	XM_055387926.2	-	3	47952105	47952271	165	1
NC_073228.2	48055649	48056030	3	1	+	NC_073228.2	48055740	48055787	48055881	48055952	UBTF	XM_004041555.4	+	3	48055787	48055881	93	28
NC_073228.2	48107684	48108110	-1	1	-	NC_073228.2	48107837	48107948	48107685	48107752	HROB	XM_055387979.2	-	1	48107752	48107837	84	1
NC_073228.2	48107684	48108110	-1	1	-	NC_073228.2	48107837	48107945	48107685	48107752	HROB	XM_055387980.2	-	1	48107752	48107837	84	1
NC_073228.2	48171961	48172459	2	1	+	NC_073228.2	48171984	48172130	48172227	48172339	HDAC5	XM_055387987.2	+	2	48172130	48172227	96	8
NC_073228.2	48171961	48172459	2	1	+	NC_073228.2	48171984	48172115	48172227	48172339	HDAC5	XM_063706386.1	+	2	48172115	48172227	111	3
NC_073228.2	48188877	48189432	-3	1	-	NC_073228.2	48189133	48189274	48188878	48188904	G6PC3	XM_019027525.4	-	3	48188904	48189133	228	1
NC_073228.2	48385069	48385720	2	1	+	NC_073228.2	48385106	48385237	48385346	48385451	MPP2	XM_031011179.3	+	2	48385237	48385346	108	6
NC_073228.2	48455115	48455652	1	1	+	NC_073228.2	48455240	48455404	48455510	48455590	MPP3	XM_019027708.4	+	1	48455404	48455510	105	2
NC_073228.2	49452119	49452599	3	1	+	NC_073228.2	49452181	49452351	49452457	49452546	VAT1	XM_004041643.5	+	3	49452351	49452457	105	1
NC_073228.2	49457588	49457966	-1	1	-	NC_073228.2	49457777	49457924	49457598	49457704	IFI35	XM_004041656.2	-	1	49457704	49457777	72	4
NC_073228.2	49709269	49710250	-2	1	-	NC_073228.2	49710094	49710190	49709539	49709604	RAMP2	XM_004041632.4	-	2	49709604	49710094	489	1
NC_073228.2	49786467	49786989	-3	1	-	NC_073228.2	49786788	49786935	49786506	49786709	CNTNAP1	XM_019026751.4	-	3	49786709	49786788	78	3
NC_073228.2	49797870	49798380	1	1	+	NC_073228.2	49797912	49797991	49798091	49798282	PLEKHH3	XM_004041626.5	+	1	49797991	49798091	99	4
NC_073228.2	49805625	49806408	-3	1	-	NC_073228.2	49806082	49806231	49805668	49805820	TUBG2	XM_019026757.3	-	3	49805820	49806082	261	2
NC_073228.2	49904145	49904823	-3	1	-	NC_073228.2	49904436	49904625	49904287	49904351	COASY	XM_019026766.3	-	3	49904351	49904436	84	4
NC_073228.2	49904702	49905503	-1	1	-	NC_073228.2	49905159	49905373	49904757	49904888	COASY	XM_019026766.3	-	1	49904888	49905159	270	7
NC_073228.2	50139845	50140130	3	1	+	NC_073228.2	50139851	50139944	50140041	50140088	STAT3	XM_019027686.4	+	3	50139944	50140041	96	8
NC_073228.2	50304923	50305628	3	1	+	NC_073228.2	50305065	50305103	50305275	50305627	KCNH4	XM_004041714.5	+	3	50305103	50305275	171	2
NC_073228.2	50354421	50354850	1	1	+	NC_073228.2	50354602	50354716	50354813	50354849	KAT2A	XM_004041702.4	+	1	50354716	50354813	96	2
NC_073228.2	50360935	50361763	2	1	+	NC_073228.2	50361107	50361233	50361420	50361611	DHX58	XM_004041703.3	+	2	50361233	50361420	186	4
NC_073228.2	50734829	50735270	3	1	+	NC_073228.2	50734848	50735015	50735127	50735269	HAP1	XM_031011744.3	+	3	50735015	50735127	111	2
NC_073228.2	50734829	50735270	3	1	+	NC_073228.2	50734899	50735015	50735127	50735269	HAP1	XM_055388147.2	+	3	50735015	50735127	111	2
NC_073228.2	51028669	51029221	2	1	+	NC_073228.2	51028691	51028816	51028994	51029214	KRT38	XM_004041680.5	+	2	51028816	51028994	177	1
NC_073228.2	51693228	51693690	1	1	+	NC_073228.2	51693244	51693405	51693478	51693603	KRT27	XM_004041781.3	+	1	51693405	51693478	72	1
NC_073228.2	52284887	52285364	-1	1	-	NC_073228.2	52285248	52285345	52285017	52285139	RAPGEFL1	XM_031011543.3	-	1	52285139	52285248	108	1
NC_073228.2	52439435	52439849	3	1	+	NC_073228.2	52439445	52439526	52439713	52439824	MED24	XM_055388217.2	+	3	52439526	52439713	186	2
NC_073228.2	52452239	52453472	3	1	+	NC_073228.2	52452853	52452930	52453270	52453418	MED24	XM_019026884.3	+	3	52452930	52453270	339	9
NC_073228.2	52452239	52453472	3	1	+	NC_073228.2	52452850	52452930	52453270	52453418	MED24	XM_019026885.3	+	3	52452930	52453270	339	15
NC_073228.2	52606329	52606716	-3	1	-	NC_073228.2	52606662	52606710	52606449	52606514	ZPBP2	XM_004041734.3	-	3	52606514	52606662	147	2
NC_073228.2	52767807	52769355	-3	1	-	NC_073228.2	52768893	52769027	52768464	52768532	ERBB2	XM_004041820.4	-	3	52768532	52768893	360	5
NC_073228.2	52767807	52769355	-3	1	-	NC_073228.2	52768464	52768532	52768144	52768259	ERBB2	XM_004041820.4	-	3	52768259	52768464	204	5
NC_073228.2	52767807	52769355	-3	1	-	NC_073228.2	52768144	52768259	52767864	52768005	ERBB2	XM_004041820.4	-	3	52768005	52768144	138	5
NC_073228.2	52820046	52820454	-3	1	-	NC_073228.2	52820263	52820340	52820089	52820142	STARD3	XM_004041813.4	-	3	52820142	52820263	120	10
NC_073228.2	53062935	53063361	1	1	+	NC_073228.2	53063048	53063143	53063255	53063360	MED1	XM_055388262.2	+	1	53063143	53063255	111	1
NC_073228.2	54244939	54245275	2	1	+	NC_073228.2	54244958	54245029	54245192	54245274	LOC115933306	XM_055388321.1	+	2	54245029	54245192	162	3
NC_073228.2	54301883	54302219	-1	1	-	NC_073228.2	54302130	54302201	54301885	54301967	LOC129533792	XM_055388326.2	-	1	54301967	54302130	162	1
NC_073228.2	54301883	54302219	-1	1	-	NC_073228.2	54302130	54302202	54301885	54301967	LOC129533792	XM_063706485.1	-	1	54301967	54302130	162	2
NC_073228.2	54409110	54409446	-3	1	-	NC_073228.2	54409357	54409428	54409112	54409194	LOC101125558	XM_055388329.2	-	3	54409194	54409357	162	2
NC_073228.2	54882422	54882758	3	1	+	NC_073228.2	54882441	54882512	54882675	54882757	LOC129533808	XM_055388409.2	+	3	54882512	54882675	162	2
NC_073228.2	54939379	54939715	-2	1	-	NC_073228.2	54939626	54939697	54939381	54939463	LOC129533806	XM_055388407.2	-	2	54939463	54939626	162	2
NC_073228.2	55972302	55973394	-3	1	-	NC_073228.2	55972944	55973170	55972573	55972850	LHX1	XM_031011461.3	-	3	55972850	55972944	93	2
NC_073228.2	56312381	56313185	-1	1	-	NC_073228.2	56312883	56312975	56312610	56312675	DHRS11	XM_004041873.5	-	1	56312675	56312883	207	1
NC_073228.2	56399756	56400317	3	1	+	NC_073228.2	56399856	56399952	56400076	56400152	MYO19	XM_004041867.5	+	3	56399952	56400076	123	11
NC_073228.2	56463924	56464260	1	1	+	NC_073228.2	56463943	56464014	56464177	56464259	LOC115934662	XM_055388337.2	+	1	56464014	56464177	162	2
NC_073228.2	56540352	56540688	-3	1	-	NC_073228.2	56540599	56540671	56540354	56540436	LOC129533797	XM_055388332.2	-	3	56540436	56540599	162	2
NC_073228.2	56540352	56540688	-3	1	-	NC_073228.2	56540599	56540670	56540354	56540436	LOC129533797	XM_055388333.2	-	3	56540436	56540599	162	1
NC_073228.2	56836535	56836871	3	1	+	NC_073228.2	56836554	56836625	56836788	56836870	LOC129533813	XM_055388418.2	+	3	56836625	56836788	162	2
NC_073228.2	63478473	63479115	1	1	+	NC_073228.2	63478693	63478797	63478888	63479033	CORO6	XM_004042042.5	+	1	63478797	63478888	90	11
NC_073228.2	63487531	63488113	-2	1	-	NC_073228.2	63487936	63488071	63487703	63487827	ANKRD13B	XM_031011287.3	-	2	63487827	63487936	108	2
NC_073228.2	63487531	63488113	-2	1	-	NC_073228.2	63487703	63487827	63487573	63487618	ANKRD13B	XM_031011287.3	-	2	63487618	63487703	84	2
NC_073228.2	63487531	63488113	-2	1	-	NC_073228.2	63487936	63488071	63487573	63487827	ANKRD13B	XM_055388595.2	-	2	63487827	63487936	108	2
NC_073228.2	63519758	63520106	3	1	+	NC_073228.2	63519837	63519923	63520032	63520105	GIT1	XM_031010789.3	+	3	63519923	63520032	108	3
NC_073228.2	63969378	63969996	1	1	+	NC_073228.2	63969425	63969531	63969655	63969831	MYO18A	XM_055388635.2	+	1	63969531	63969655	123	9
NC_073228.2	64209295	64209991	2	1	+	NC_073228.2	64209323	64209436	64209536	64209655	FLOT2	XM_004042006.4	+	2	64209436	64209536	99	4
NC_073228.2	64378763	64379201	3	1	+	NC_073228.2	64378853	64378934	64379007	64379097	RAB34	XM_004042008.4	+	3	64378934	64379007	72	8
NC_073228.2	64378763	64379201	3	1	+	NC_073228.2	64378853	64378910	64379007	64379097	RAB34	XM_004042011.4	+	3	64378910	64379007	96	3
NC_073228.2	64378763	64379201	3	1	+	NC_073228.2	64378853	64378934	64379007	64379066	RAB34	XM_004042012.4	+	3	64378934	64379007	72	1
NC_073228.2	64462413	64462998	1	1	+	NC_073228.2	64462519	64462618	64462757	64462959	BLTP2	XM_055388675.2	+	1	64462618	64462757	138	3
NC_073228.2	64517899	64518568	2	1	+	NC_073228.2	64517948	64518122	64518255	64518454	ALDOC	XM_004041999.4	+	2	64518122	64518255	132	3
NC_073228.2	64720552	64721371	2	1	+	NC_073228.2	64720569	64720688	64720764	64721108	VTN	XM_004042050.5	+	2	64720688	64720764	75	1
NC_073228.2	64720552	64721371	2	1	+	NC_073228.2	64720764	64721108	64721187	64721326	VTN	XM_004042050.5	+	2	64721108	64721187	78	1
NC_073228.2	65304266	65304710	3	1	+	NC_073228.2	65304299	65304440	65304570	65304709	NOS2	XM_019028405.4	+	3	65304440	65304570	129	3
NC_073228.2	80563281	80563656	1	1	+	NC_073228.2	80563427	80563557	80563645	80563656	ALDH3A1	XM_004042121.5	+	1	80563557	80563645	87	12
NC_073228.2	80745088	80745706	-2	1	-	NC_073228.2	80745325	80745422	80745106	80745219	LOC101129411	XM_019028502.4	-	2	80745219	80745325	105	4
NC_073228.2	82988261	82988636	3	1	+	NC_073228.2	82988319	82988430	82988521	82988595	MYO15A	XM_031011040.3	+	3	82988430	82988521	90	2
NC_073228.2	82990958	82991384	3	1	+	NC_073228.2	82990972	82991045	82991301	82991383	MYO15A	XM_031011040.3	+	3	82991045	82991301	255	2
NC_073228.2	83077991	83078735	-1	1	-	NC_073228.2	83078425	83078564	83078103	83078340	FLII	XM_004042166.5	-	1	83078340	83078425	84	2
NC_073228.2	83116598	83117084	-1	1	-	NC_073228.2	83116865	83116978	83116600	83116765	TOP3A	XM_019028215.4	-	1	83116765	83116865	99	4
NC_073228.2	8722914	8723166	-3	1	-	NC_073228.2	8723082	8723139	8722915	8722988	LOC101144932	XM_063705980.1	-	3	8722988	8723082	93	1
NC_073228.2	9672303	9673236	1	1	+	NC_073228.2	9672389	9672522	9673030	9673236	SECTM1	XM_004040755.5	+	1	9672522	9673030	507	2
NC_073228.2	9906739	9907597	2	1	+	NC_073228.2	9906759	9906950	9907032	9907112	FASN	XM_019026414.3	+	2	9906950	9907032	81	2
NC_073228.2	9912626	9913208	3	1	+	NC_073228.2	9912642	9912733	9912896	9913047	FASN	XM_019026414.3	+	3	9912733	9912896	162	2
NC_073228.2	9931451	9932126	3	1	+	NC_073228.2	9931613	9931716	9931981	9932125	DUS1L	XM_004040799.5	+	3	9931716	9931981	264	3
NC_073228.2	9932355	9932634	1	1	+	NC_073228.2	9932373	9932469	9932551	9932633	DUS1L	XM_004040799.5	+	1	9932469	9932551	81	3
NC_073228.2	9942537	9943203	1	1	+	NC_073228.2	9942545	9942647	9942753	9942906	RFNG	XM_031011674.3	+	1	9942647	9942753	105	2
NC_073228.2	9943432	9944278	2	1	+	NC_073228.2	9943465	9943630	9944192	9944277	RFNG	XM_031011674.3	+	2	9943630	9944192	561	2
NC_073228.2	9965152	9965659	-2	1	-	NC_073228.2	9965483	9965618	9965318	9965395	LRRC45	XM_055389382.1	-	2	9965395	9965483	87	2
NC_073228.2	9973747	9974407	2	1	+	NC_073228.2	9973953	9974006	9974268	9974407	CENPX	XM_055389399.2	+	2	9974006	9974268	261	2
NC_073228.2	9973747	9974407	2	1	+	NC_073228.2	9973953	9974006	9974268	9974356	CENPX	XM_055389400.2	+	2	9974006	9974268	261	3
NC_073228.2	9973747	9974407	2	1	+	NC_073228.2	9973953	9974006	9974268	9974341	CENPX	XM_055389401.2	+	2	9974006	9974268	261	2
NC_073228.2	9976289	9976700	-1	1	-	NC_073228.2	9976463	9976635	9976290	9976300	LOC129533952	XM_055389388.1	-	1	9976300	9976463	162	3
NC_073228.2	99883828	99884542	2	1	+	NC_073228.2	99884057	99884058	99884233	99884458	RHOBTB3	XM_004042285.5	+	2	99884058	99884233	174	4
NC_073229.2	109799584	109800082	-2	1	-	NC_073229.2	109799906	109800019	109799630	109799806	SYNCRIP	XM_004044363.5	-	2	109799806	109799906	99	8
NC_073229.2	133606461	133606935	1	1	+	NC_073229.2	133606522	133606604	133606731	133606863	SMPD2	XM_004044510.5	+	1	133606604	133606731	126	1
NC_073229.2	133617878	133618730	-1	1	-	NC_073229.2	133618212	133618469	133617911	133618118	MICAL1	XM_004044507.5	-	1	133618118	133618212	93	3
NC_073229.2	156146021	156146624	-1	1	-	NC_073229.2	156146382	156146447	156146045	156146267	CCN2	XM_019029565.4	-	1	156146267	156146382	114	1
NC_073229.2	156936073	156936523	-2	1	-	NC_073229.2	156936302	156936514	156936075	156936205	VNN3P	XM_004044696.5	-	2	156936205	156936302	96	1
NC_073229.2	174978610	174978973	2	1	+	NC_073229.2	174978611	174978706	174978878	174978964	PLEKHG1	XM_019030088.4	+	2	174978706	174978878	171	4
NC_073229.2	182303562	182304087	1	1	+	NC_073229.2	182303587	182303736	182303812	182303977	SYNJ2	XM_004044878.5	+	1	182303736	182303812	75	4
NC_073229.2	190497140	190498661	-1	1	-	NC_073229.2	190498078	190498643	190497309	190497573	TBXT	XM_019028720.3	-	1	190497573	190498078	504	5
NC_073229.2	191488560	191489826	1	1	+	NC_073229.2	191488609	191488617	191488714	191489826	CCR6	XM_004044953.4	+	1	191488617	191488714	96	1
NC_073229.2	34460999	34461437	3	1	+	NC_073229.2	34461189	34461349	34461422	34461437	LOC109027131	XM_063707309.1	+	3	34461349	34461422	72	1
NC_073229.2	43462535	43462997	3	1	+	NC_073229.2	43462632	43462764	43462849	43462996	SLC17A4	XM_004043362.4	+	3	43462764	43462849	84	1
NC_073229.2	48266081	48266672	3	1	+	NC_073229.2	48266082	48266183	48266343	48266472	ABCF1	XM_055389924.2	+	3	48266183	48266343	159	1
NC_073229.2	48266081	48266672	3	1	+	NC_073229.2	48266082	48266183	48266346	48266472	ABCF1	XM_055389925.2	+	3	48266183	48266346	162	1
NC_073229.2	48278235	48278628	1	1	+	NC_073229.2	48278236	48278308	48278465	48278628	ABCF1	XM_055389924.2	+	1	48278308	48278465	156	2
NC_073229.2	48354013	48354661	-2	1	-	NC_073229.2	48354305	48354415	48354021	48354136	DHX16	XM_004043583.5	-	2	48354136	48354305	168	2
NC_073229.2	48581341	48581719	2	1	+	NC_073229.2	48581414	48581498	48581592	48581694	DDR1	XM_004043600.5	+	2	48581498	48581592	93	11
NC_073229.2	48581341	48581719	2	1	+	NC_073229.2	48581372	48581498	48581592	48581694	DDR1	XM_004043604.4	+	2	48581498	48581592	93	4
NC_073229.2	48585648	48586200	1	1	+	NC_073229.2	48585755	48585850	48585959	48586110	DDR1	XM_004043600.5	+	1	48585850	48585959	108	15
NC_073229.2	48615053	48615371	3	1	+	NC_073229.2	48615075	48615143	48615267	48615345	VARS2	XM_004043605.5	+	3	48615143	48615267	123	6
NC_073229.2	48640678	48645613	2	1	+	NC_073229.2	48640842	48642243	48642661	48643314	MUCL3	XM_063707456.1	+	2	48642243	48642661	417	1
NC_073229.2	48640678	48645613	2	1	+	NC_073229.2	48642661	48643314	48643618	48645565	MUCL3	XM_063707456.1	+	2	48643314	48643618	303	1
NC_073229.2	48840972	48841419	-3	1	-	NC_073229.2	48841191	48841379	48840993	48841094	CCHCR1	XM_004043614.5	-	3	48841094	48841191	96	19
NC_073229.2	48846752	48847190	-1	1	-	NC_073229.2	48847026	48847161	48846756	48846866	CCHCR1	XM_004043614.5	-	1	48846866	48847026	159	17
NC_073229.2	48853045	48853444	-2	1	-	NC_073229.2	48853339	48853354	48853047	48853260	CCHCR1	XM_004043614.5	-	2	48853260	48853339	78	9
NC_073229.2	48853045	48853444	-2	1	-	NC_073229.2	48853339	48853405	48853047	48853260	CCHCR1	XM_004043615.5	-	2	48853260	48853339	78	6
NC_073229.2	48853045	48853444	-2	1	-	NC_073229.2	48853339	48853405	48853047	48853152	CCHCR1	XM_004043616.5	-	2	48853152	48853339	186	2
NC_073229.2	48853045	48853444	-2	1	-	NC_073229.2	48853339	48853354	48853047	48853152	CCHCR1	XM_055389971.2	-	2	48853152	48853339	186	2
NC_073229.2	48969026	48969773	-1	1	-	NC_073229.2	48969485	48969760	48969242	48969361	LOC101142998	XM_031011840.3	-	1	48969361	48969485	123	3
NC_073229.2	49243123	49243495	-2	1	-	NC_073229.2	49243354	49243456	49243136	49243260	BAG6	XM_004043659.5	-	2	49243260	49243354	93	50
NC_073229.2	49315231	49315708	-2	1	-	NC_073229.2	49315354	49315479	49315232	49315251	LOC101138215	XM_031012050.3	-	2	49315251	49315354	102	1
NC_073229.2	49370048	49370498	-1	1	-	NC_073229.2	49370267	49370419	49370063	49370155	VWA7	XM_019028886.4	-	1	49370155	49370267	111	2
NC_073229.2	49381753	49382512	-2	1	-	NC_073229.2	49382296	49382407	49381838	49382163	VARS1	XM_004043681.5	-	2	49382163	49382296	132	2
NC_073229.2	49384192	49384798	-2	1	-	NC_073229.2	49384562	49384632	49384352	49384477	VARS1	XM_004043681.5	-	2	49384477	49384562	84	2
NC_073229.2	49464880	49465444	-2	1	-	NC_073229.2	49465201	49465423	49464881	49465104	NEU1	XM_004043705.5	-	2	49465104	49465201	96	2
NC_073229.2	49469808	49470339	-3	1	-	NC_073229.2	49470168	49470238	49469974	49470068	SLC44A4	XM_004043708.5	-	3	49470068	49470168	99	1
NC_073229.2	49485812	49486427	-1	1	-	NC_073229.2	49486155	49486233	49485814	49485989	EHMT2	XM_019028896.4	-	1	49485989	49486155	165	9
NC_073229.2	49547465	49547987	3	1	+	NC_073229.2	49547676	49547802	49547929	49547978	C2	XM_019028977.4	+	3	49547802	49547929	126	6
NC_073229.2	49554213	49554633	1	1	+	NC_073229.2	49554277	49554409	49554491	49554540	CFB	XM_004043712.5	+	1	49554409	49554491	81	1
NC_073229.2	49591251	49591653	1	1	+	NC_073229.2	49591252	49591368	49591474	49591645	C4A	XM_004043724.5	+	1	49591368	49591474	105	1
NC_073229.2	49593913	49594471	2	1	+	NC_073229.2	49594038	49594224	49594339	49594429	C4A	XM_004043724.5	+	2	49594224	49594339	114	1
NC_073229.2	49596271	49596805	2	1	+	NC_073229.2	49596354	49596443	49596528	49596626	C4A	XM_004043724.5	+	2	49596443	49596528	84	1
NC_073229.2	49605204	49605738	-3	1	-	NC_073229.2	49605444	49605587	49605220	49605350	LOC115935022	XM_031012552.3	-	3	49605350	49605444	93	1
NC_073229.2	49605937	49606450	-2	1	-	NC_073229.2	49606276	49606398	49606018	49606161	LOC115935022	XM_031012552.3	-	2	49606161	49606276	114	1
NC_073229.2	49617710	49618112	3	1	+	NC_073229.2	49617711	49617827	49617933	49618104	LOC101148680	XM_004043731.5	+	3	49617827	49617933	105	2
NC_073229.2	49620372	49620930	1	1	+	NC_073229.2	49620497	49620683	49620798	49620888	LOC101148680	XM_004043731.5	+	1	49620683	49620798	114	2
NC_073229.2	49622730	49623264	1	1	+	NC_073229.2	49622813	49622902	49622987	49623085	LOC101148680	XM_004043731.5	+	1	49622902	49622987	84	2
NC_073229.2	49631663	49632197	-1	1	-	NC_073229.2	49631903	49632046	49631679	49631809	LOC101147118	XM_063707472.1	-	1	49631809	49631903	93	10
NC_073229.2	49632396	49632909	-3	1	-	NC_073229.2	49632735	49632857	49632477	49632620	LOC101147118	XM_063707472.1	-	3	49632620	49632735	114	10
NC_073229.2	49657041	49658193	-3	1	-	NC_073229.2	49657536	49657850	49657104	49657421	LOC101147118	XM_063707472.1	-	3	49657421	49657536	114	10
NC_073229.2	49744464	49744800	1	1	+	NC_073229.2	49744496	49744591	49744679	49744786	PPT2	XM_055390097.2	+	1	49744591	49744679	87	6
NC_073229.2	49769282	49769597	3	1	+	NC_073229.2	49769283	49769400	49769503	49769597	RNF5	XM_004043754.4	+	3	49769400	49769503	102	1
NC_073229.2	49809359	49809929	-1	1	-	NC_073229.2	49809665	49809901	49809389	49809544	NOTCH4	XM_004043735.3	-	1	49809544	49809665	120	5
NC_073229.2	50692567	50693104	2	1	+	NC_073229.2	50692731	50692853	50692971	50693104	BRD2	XM_004043787.5	+	2	50692853	50692971	117	5
NC_073229.2	50886994	50887477	-2	1	-	NC_073229.2	50887385	50887438	50887003	50887270	COL11A2	XM_004043798.4	-	2	50887270	50887385	114	5
NC_073229.2	50888693	50889104	-1	1	-	NC_073229.2	50888880	50888987	50888718	50888771	COL11A2	XM_004043798.4	-	1	50888771	50888880	108	5
NC_073229.2	50916327	50916861	-3	1	-	NC_073229.2	50916747	50916838	50916329	50916434	RXRB	XM_004043801.5	-	3	50916434	50916747	312	1
NC_073229.2	50916327	50916861	-3	1	-	NC_073229.2	50916747	50916850	50916329	50916434	RXRB	XM_019029514.4	-	3	50916434	50916747	312	1
NC_073229.2	51012600	51013065	1	1	+	NC_073229.2	51012788	51012858	51012940	51013064	PFDN6	XM_019029135.4	+	1	51012858	51012940	81	5
NC_073229.2	51016398	51016770	-3	1	-	NC_073229.2	51016639	51016671	51016400	51016521	RGL2	XM_004043807.4	-	3	51016521	51016639	117	7
NC_073229.2	51017495	51017861	-1	1	-	NC_073229.2	51017733	51017817	51017583	51017651	RGL2	XM_004043807.4	-	1	51017651	51017733	81	7
NC_073229.2	51419268	51419922	1	1	+	NC_073229.2	51419338	51419589	51419785	51419910	ITPR3	XM_055390200.2	+	1	51419589	51419785	195	3
NC_073229.2	51423702	51424515	1	1	+	NC_073229.2	51423816	51423924	51424057	51424147	ITPR3	XM_055390200.2	+	1	51423924	51424057	132	3
NC_073229.2	51425033	51425792	3	1	+	NC_073229.2	51425095	51425279	51425505	51425705	ITPR3	XM_055390200.2	+	3	51425279	51425505	225	3
NC_073229.2	51516580	51516979	-2	1	-	NC_073229.2	51516766	51516867	51516582	51516684	LEMD2	XM_019029801.4	-	2	51516684	51516766	81	2
NC_073229.2	52845854	52846562	3	1	+	NC_073229.2	52845870	52846040	52846374	52846472	ANKS1A	XM_055390220.2	+	3	52846040	52846374	333	6
NC_073229.2	53050612	53051203	2	1	+	NC_073229.2	53050709	53050825	53051084	53051159	ZNF76	XM_004043868.4	+	2	53050825	53051084	258	9
NC_073229.2	53052720	53053560	1	1	+	NC_073229.2	53052998	53053231	53053325	53053488	ZNF76	XM_004043868.4	+	1	53053231	53053325	93	9
NC_073229.2	53508020	53508503	3	1	+	NC_073229.2	53508093	53508266	53508408	53508479	ARMC12	XM_004043878.5	+	3	53508266	53508408	141	2
NC_073229.2	59380185	59380806	1	1	+	NC_073229.2	59380351	59380434	59380543	59380750	FOXP4	XM_004043990.5	+	1	59380434	59380543	108	5
NC_073229.2	59380185	59380806	1	1	+	NC_073229.2	59380351	59380434	59380579	59380750	FOXP4	XM_004043991.5	+	1	59380434	59380579	144	4
NC_073229.2	60998180	60998873	3	1	+	NC_073229.2	60998359	60998468	60998544	60998726	CUL9	XM_004044056.5	+	3	60998468	60998544	75	7
NC_073229.2	61052375	61053572	3	1	+	NC_073229.2	61052663	61052894	61053156	61053331	TTBK1	XM_055389677.2	+	3	61052894	61053156	261	3
NC_073229.2	61245211	61245613	2	1	+	NC_073229.2	61245289	61245418	61245515	61245612	ABCC10	XM_063707144.1	+	2	61245418	61245515	96	1
NC_073229.2	61955833	61956400	2	1	+	NC_073229.2	61955885	61955965	61956212	61956400	TMEM63B	XM_019029653.4	+	2	61955965	61956212	246	6
NC_073229.2	62064397	62065015	-2	1	-	NC_073229.2	62064848	62064936	62064440	62064679	NFKBIE	XM_019029009.4	-	2	62064679	62064848	168	1
NC_073229.2	74435828	74436146	-1	1	-	NC_073229.2	74436051	74436146	74435830	74435957	DST	XM_031012511.3	-	1	74435957	74436051	93	25
NC_073229.2	97442125	97442941	-2	1	-	NC_073229.2	97442785	97442896	97442524	97442703	DPPA5	XM_004044289.4	-	2	97442703	97442785	81	1
NC_073229.2	97610022	97610640	-3	1	-	NC_073229.2	97610452	97610631	97610047	97610343	EEF1A1	XM_004044292.5	-	3	97610343	97610452	108	3
NC_073230.2	10041106	10042285	2	1	+	NC_073230.2	10041911	10042024	10042142	10042192	IQCE	XM_004045033.5	+	2	10042024	10042142	117	15
NC_073230.2	112176607	112177255	-2	1	-	NC_073230.2	112176838	112176902	112176608	112176726	LOC115935415	XM_055347881.2	-	2	112176726	112176838	111	1
NC_073230.2	114067012	114067417	-2	1	-	NC_073230.2	114067292	114067392	114067079	114067186	SRPK2	XM_019030910.4	-	2	114067186	114067292	105	22
NC_073230.2	12196995	12197757	1	1	+	NC_073230.2	12197064	12197230	12197321	12197605	FOXK1	XM_031013014.3	+	1	12197230	12197321	90	1
NC_073230.2	12220119	12221076	1	1	+	NC_073230.2	12220294	12220527	12220876	12221020	AP5Z1	XM_055346440.2	+	1	12220527	12220876	348	1
NC_073230.2	13664551	13665175	2	1	+	NC_073230.2	13664576	13664731	13664867	13664953	GRID2IP	XM_055346486.2	+	2	13664731	13664867	135	2
NC_073230.2	137914108	137914768	2	1	+	NC_073230.2	137914194	137914387	137914478	137914591	LOC101142657	XM_019031088.3	+	2	137914387	137914478	90	4
NC_073230.2	137916555	137917299	1	1	+	NC_073230.2	137916820	137916937	137917028	137917290	LOC101142657	XM_019031088.3	+	1	137916937	137917028	90	4
NC_073230.2	137923751	137924561	3	1	+	NC_073230.2	137923861	137924001	137924290	137924418	LOC101142657	XM_019031088.3	+	3	137924001	137924290	288	4
NC_073230.2	144113148	144113562	1	1	+	NC_073230.2	144113306	144113361	144113452	144113562	AGBL3	XM_031012773.2	+	1	144113361	144113452	90	1
NC_073230.2	150778158	150778767	-3	1	-	NC_073230.2	150778443	150778574	150778160	150778310	DENND11	XM_019031213.4	-	3	150778310	150778443	132	2
NC_073230.2	151668099	151668723	1	1	+	NC_073230.2	151668211	151668259	151668383	151668723	LOC134758824	unassigned_transcript_457	+	1	151668259	151668383	123	1
NC_073230.2	151697280	151698084	1	1	+	NC_073230.2	151697488	151697536	151697669	151698084	LOC134758828	unassigned_transcript_460	+	1	151697536	151697669	132	1
NC_073230.2	151815115	151815808	2	1	+	NC_073230.2	151815185	151815233	151815369	151815808	LOC134758836	unassigned_transcript_471	+	2	151815233	151815369	135	1
NC_073230.2	152114311	152114809	-2	1	-	NC_073230.2	152114591	152114756	152114350	152114416	TRPV5	XM_019030598.4	-	2	152114416	152114591	174	1
NC_073230.2	159767727	159768411	-3	1	-	NC_073230.2	159768003	159768275	159767729	159767915	KCNH2	XM_031013293.3	-	3	159767915	159768003	87	3
NC_073230.2	159829106	159829496	3	1	+	NC_073230.2	159829158	159829290	159829417	159829495	NOS3	XM_031013283.3	+	3	159829290	159829417	126	1
NC_073230.2	159830722	159831214	2	1	+	NC_073230.2	159830825	159831035	159831126	159831213	NOS3	XM_031013283.3	+	2	159831035	159831126	90	1
NC_073230.2	159871381	159872116	2	1	+	NC_073230.2	159871633	159871724	159871806	159871885	ASIC3	XM_004046492.3	+	2	159871724	159871806	81	3
NC_073230.2	159871381	159872116	2	1	+	NC_073230.2	159871492	159871724	159871806	159871885	ASIC3	XM_019031077.3	+	2	159871724	159871806	81	5
NC_073230.2	159876667	159877213	-2	1	-	NC_073230.2	159876887	159876975	159876723	159876790	CDK5	XM_004046495.4	-	2	159876790	159876887	96	2
NC_073230.2	159895287	159896100	1	1	+	NC_073230.2	159895412	159895581	159895819	159895992	SLC4A2	XM_031013551.3	+	1	159895581	159895819	237	3
NC_073230.2	160063017	160063875	-3	1	-	NC_073230.2	160063480	160063602	160063252	160063353	SMARCD3	XM_004046508.5	-	3	160063353	160063480	126	3
NC_073230.2	28902240	28902825	1	1	+	NC_073230.2	28902247	28902253	28902674	28902789	SP4	XM_031013512.3	+	1	28902253	28902674	420	1
NC_073230.2	33624691	33624997	-2	1	-	NC_073230.2	33624871	33624972	33624715	33624795	HNRNPA2B1	XM_004045198.5	-	2	33624795	33624871	75	7
NC_073230.2	38403201	38403864	1	1	+	NC_073230.2	38403304	38403394	38403521	38403628	GHRHR	XM_019031118.4	+	1	38403394	38403521	126	1
NC_073230.2	43976704	43977175	-2	1	-	NC_073230.2	43976846	43976904	43976708	43976767	AOAH	XM_004045314.4	-	2	43976767	43976846	78	4
NC_073230.2	47112279	47112723	1	1	+	NC_073230.2	47112429	47112493	47112605	47112723	LOC101147491	XM_063708051.1	+	1	47112493	47112605	111	1
NC_073230.2	51855291	51855735	-3	1	-	NC_073230.2	51855522	51855586	51855292	51855410	LOC115932795	XM_055347731.2	-	3	51855410	51855522	111	1
NC_073230.2	51937261	51937951	2	1	+	NC_073230.2	51937391	51937535	51937632	51937717	AEBP1	XM_055347737.2	+	2	51937535	51937632	96	1
NC_073230.2	52058804	52059485	-1	1	-	NC_073230.2	52059135	52059172	52058886	52058957	CAMK2B	XM_031013344.2	-	1	52058957	52059135	177	7
NC_073230.2	52058804	52059485	-1	1	-	NC_073230.2	52059135	52059175	52058886	52058957	CAMK2B	XM_031013355.2	-	1	52058957	52059135	177	5
NC_073230.2	52577356	52578019	2	1	+	NC_073230.2	52577426	52577503	52577699	52577867	ZMIZ2	XM_031012989.3	+	2	52577503	52577699	195	11
NC_073230.2	55669695	55670067	-3	1	-	NC_073230.2	55669924	55670034	55669758	55669830	PKD1L1	XM_063708537.1	-	3	55669830	55669924	93	1
NC_073230.2	64261353	64262214	-3	1	-	NC_073230.2	64261927	64262052	64261354	64261596	PHKG1	XM_055347106.2	-	3	64261596	64261927	330	3
NC_073230.2	82689963	82691226	-3	1	-	NC_073230.2	82690671	82691202	82690354	82690454	MLXIPL	XM_031012703.3	-	3	82690454	82690671	216	6
NC_073230.2	82689963	82691226	-3	1	-	NC_073230.2	82690354	82690454	82690128	82690278	MLXIPL	XM_031012703.3	-	3	82690278	82690354	75	5
NC_073230.2	82689963	82691226	-3	1	-	NC_073230.2	82690671	82691202	82690354	82690421	MLXIPL	XM_031012705.3	-	3	82690421	82690671	249	3
NC_073230.2	82689963	82691226	-3	1	-	NC_073230.2	82690354	82690421	82690128	82690278	MLXIPL	XM_031012705.3	-	3	82690278	82690354	75	2
NC_073230.2	82689963	82691226	-3	1	-	NC_073230.2	82690354	82690454	82690128	82690275	MLXIPL	XM_055392725.2	-	3	82690275	82690354	78	1
NC_073230.2	82689963	82691226	-3	1	-	NC_073230.2	82690354	82690421	82690128	82690275	MLXIPL	XM_055392727.2	-	3	82690275	82690354	78	1
NC_073230.2	82780066	82780399	2	1	+	NC_073230.2	82780120	82780202	82780302	82780398	BUD23	XM_004045559.4	+	2	82780202	82780302	99	2
NC_073230.2	83840380	83840830	2	1	+	NC_073230.2	83840403	83840468	83840646	83840829	GTF2I	XM_031013083.3	+	2	83840468	83840646	177	13
NC_073230.2	83870458	83870800	2	1	+	NC_073230.2	83870459	83870534	83870634	83870799	NCF1	XM_031013091.3	+	2	83870534	83870634	99	1
NC_073230.2	84015279	84015606	-3	1	-	NC_073230.2	84015442	84015536	84015280	84015342	CASTOR2	XM_031012955.3	-	3	84015342	84015442	99	2
NC_073230.2	84319612	84320062	-2	1	-	NC_073230.2	84319954	84320038	84319639	84319788	UPK3B	XM_004045623.5	-	2	84319788	84319954	165	1
NC_073230.2	86051036	86051582	3	1	+	NC_073230.2	86051120	86051354	86051457	86051573	LRWD1	XM_004045963.5	+	3	86051354	86051457	102	2
NC_073230.2	86257916	86258360	-1	1	-	NC_073230.2	86258147	86258211	86257917	86258035	LOC101146405	XM_055392899.2	-	1	86258035	86258147	111	2
NC_073230.2	87473775	87474234	1	1	+	NC_073230.2	87473874	87473978	87474108	87474233	PLOD3	XM_019031017.3	+	1	87473978	87474108	129	2
NC_073230.2	87474980	87475541	3	1	+	NC_073230.2	87475151	87475292	87475380	87475493	PLOD3	XM_019031017.3	+	3	87475292	87475380	87	2
NC_073230.2	87770041	87793822	-2	1	-	NC_073230.2	87772413	87773182	87770155	87772004	LOC129523908	XM_055347866.1	-	2	87772004	87772413	408	1
NC_073230.2	87770041	87793822	-2	1	-	NC_073230.2	87792084	87793006	87788296	87791744	LOC129523910	XM_055347868.1	-	2	87791744	87792084	339	1
NC_073230.2	87770041	87793822	-2	1	-	NC_073230.2	87788296	87791744	87787531	87788208	LOC129523910	XM_055347868.1	-	2	87788208	87788296	87	1
NC_073230.2	87793422	87815400	-3	1	-	NC_073230.2	87796046	87796113	87794712	87795832	LOC129523911	XM_055347869.1	-	3	87795832	87796046	213	1
NC_073230.2	87793422	87815400	-3	1	-	NC_073230.2	87814529	87815321	87813658	87813805	LOC129523916	XM_055347874.1	-	3	87813805	87814529	723	1
NC_073230.2	87793422	87815400	-3	1	-	NC_073230.2	87813658	87813805	87812887	87813516	LOC129523916	XM_055347874.1	-	3	87813516	87813658	141	1
NC_073230.2	87793422	87815400	-3	1	-	NC_073230.2	87812887	87813516	87811243	87811378	LOC129523916	XM_055347874.1	-	3	87811378	87812887	1508	1
NC_073230.2	87911394	87911715	-3	1	-	NC_073230.2	87911617	87911715	87911415	87911532	SRRT	XM_004045924.5	-	3	87911532	87911617	84	7
NC_073230.2	87927472	87928360	-2	1	-	NC_073230.2	87928202	87928327	87927569	87927940	TRIP6	XM_019030943.3	-	2	87927940	87928202	261	1
NC_073230.2	88111276	88111876	2	1	+	NC_073230.2	88111530	88111612	88111718	88111858	GIGYF1	XM_019031034.3	+	2	88111612	88111718	105	13
NC_073230.2	88146608	88147073	3	1	+	NC_073230.2	88146776	88146870	88146937	88147043	ACTL6B	XM_055393001.2	+	3	88146870	88146937	66	1
NC_073230.2	88147931	88148375	3	1	+	NC_073230.2	88148064	88148153	88148313	88148374	ACTL6B	XM_055393001.2	+	3	88148153	88148313	159	1
NC_073230.2	88162214	88162685	3	1	+	NC_073230.2	88162286	88162397	88162503	88162625	TFR2	XM_055393002.2	+	3	88162397	88162503	105	5
NC_073230.2	88167308	88167704	3	1	+	NC_073230.2	88167337	88167419	88167507	88167570	TFR2	XM_055393002.2	+	3	88167419	88167507	87	5
NC_073230.2	88180436	88180838	-1	1	-	NC_073230.2	88180586	88180750	88180437	88180465	MOSPD3	XM_055393021.2	-	1	88180465	88180586	120	3
NC_073230.2	88216410	88217169	1	1	+	NC_073230.2	88216728	88216827	88217074	88217164	LRCH4	XM_019030917.4	+	1	88216827	88217074	246	2
NC_073230.2	88328876	88329959	3	1	+	NC_073230.2	88328922	88329151	88329248	88329314	SPACDR	XM_019031428.4	+	3	88329151	88329248	96	1
NC_073230.2	88328876	88329959	3	1	+	NC_073230.2	88329248	88329314	88329591	88329914	SPACDR	XM_019031428.4	+	3	88329314	88329591	276	1
NC_073230.2	8912794	8913280	-2	1	-	NC_073230.2	8913061	8913170	8912795	8912907	INTS1	XM_031013003.2	-	2	8912907	8913061	153	2
NC_073230.2	8920187	8921084	-1	1	-	NC_073230.2	8920901	8921060	8920541	8920681	INTS1	XM_031013003.2	-	1	8920681	8920901	219	2
NC_073230.2	89251806	89252148	1	1	+	NC_073230.2	89251808	89252008	89252090	89252148	LOC129523918	XM_055347876.1	+	1	89252008	89252090	81	1
NC_073230.2	8926985	8927849	-1	1	-	NC_073230.2	8927454	8927633	8927262	8927366	INTS1	XM_031013003.2	-	1	8927366	8927454	87	2
NC_073230.2	8940673	8941372	-2	1	-	NC_073230.2	8941097	8941283	8940810	8940955	INTS1	XM_031013003.2	-	2	8940955	8941097	141	2
NC_073230.2	8941375	8941978	-2	1	-	NC_073230.2	8941594	8941753	8941377	8941482	INTS1	XM_031013003.2	-	2	8941482	8941594	111	2
NC_073230.2	94430926	94431364	-2	1	-	NC_073230.2	94431311	94431364	94431107	94431160	COL1A2	XM_019030849.4	-	2	94431160	94431311	150	1
NC_073230.2	9992650	9993421	2	1	+	NC_073230.2	9992743	9992908	9993335	9993420	LFNG	XM_031013478.3	+	2	9992908	9993335	426	2
NC_073231.2	100025049	100025535	-2	1	-	NC_073231.2	100025373	100025531	100025068	100025267	CDH17	XM_055349397.2	-	2	100025267	100025373	105	1
NC_073231.2	105325048	105325432	2	1	+	NC_073231.2	105325073	105325244	105325431	105325432	VPS13B	XM_055348104.2	+	2	105325244	105325431	186	4
NC_073231.2	105794365	105794671	-1	1	-	NC_073231.2	105794578	105794671	105794380	105794460	RGS22	XM_031014061.3	-	1	105794460	105794578	117	16
NC_073231.2	11283681	11284224	-2	1	-	NC_073231.2	11284013	11284212	11283682	11283892	LOC109028007	XM_031014012.2	-	2	11283892	11284013	120	1
NC_073231.2	115315405	115315798	2	1	+	NC_073231.2	115315436	115315547	115315629	115315745	PKHD1L1	XM_063709440.1	+	2	115315547	115315629	81	1
NC_073231.2	13314428	13322057	3	1	+	NC_073231.2	13314508	13317857	13319364	13322057	RP1L1	XM_055349073.2	+	3	13317857	13319364	1506	1
NC_073231.2	148356618	148357350	1	1	+	NC_073231.2	148356725	148356800	148357026	148357128	ADGRB1	XM_055347923.2	+	1	148356800	148357026	225	16
NC_073231.2	148410693	148411470	1	1	+	NC_073231.2	148410760	148410795	148410931	148411065	ADGRB1	XM_055347923.2	+	1	148410795	148410931	135	7
NC_073231.2	148410693	148411470	1	1	+	NC_073231.2	148410760	148410795	148410931	148411044	ADGRB1	XM_055347928.2	+	1	148410795	148410931	135	2
NC_073231.2	148410693	148411470	1	1	+	NC_073231.2	148410760	148410795	148410958	148411065	ADGRB1	XM_055347930.2	+	1	148410795	148410958	162	6
NC_073231.2	148410693	148411470	1	1	+	NC_073231.2	148410760	148410795	148410958	148411044	ADGRB1	XM_055347934.2	+	1	148410795	148410958	162	2
NC_073231.2	148929274	148929811	2	1	+	NC_073231.2	148929326	148929398	148929483	148929599	LY6L	XM_031006328.3	+	2	148929398	148929483	84	1
NC_073231.2	149164885	149165353	-1	1	-	NC_073231.2	149165264	149165332	149164969	149165083	TOP1MT	XM_004047616.5	-	1	149165083	149165264	180	13
NC_073231.2	149426613	149427570	-2	1	-	NC_073231.2	149426917	149426997	149426718	149426820	NAPRT	XM_055348440.2	-	2	149426820	149426917	96	2
NC_073231.2	149428159	149428810	-1	1	-	NC_073231.2	149428577	149428692	149428161	149428357	NAPRT	XM_055348440.2	-	1	149428357	149428577	219	2
NC_073231.2	149557936	149559430	-1	1	-	NC_073231.2	149558906	149559349	149557937	149558809	CCDC166	XM_004047648.4	-	1	149558809	149558906	96	1
NC_073231.2	149569333	149569861	2	1	+	NC_073231.2	149569601	149569630	149569766	149569856	MAPK15	XM_004047649.4	+	2	149569630	149569766	135	3
NC_073231.2	149570120	149570687	3	1	+	NC_073231.2	149570305	149570435	149570523	149570686	MAPK15	XM_004047649.4	+	3	149570435	149570523	87	2
NC_073231.2	149570120	149570687	3	1	+	NC_073231.2	149570254	149570435	149570523	149570686	MAPK15	XM_055348455.2	+	3	149570435	149570523	87	1
NC_073231.2	149644462	149645173	-1	1	-	NC_073231.2	149644922	149644959	149644709	149644783	SCRIB	XM_019032214.4	-	1	149644783	149644922	138	4
NC_073231.2	149645528	149646191	-3	1	-	NC_073231.2	149646021	149646128	149645753	149645912	SCRIB	XM_019032214.4	-	3	149645912	149646021	108	7
NC_073231.2	149645528	149646191	-3	1	-	NC_073231.2	149645753	149645912	149645530	149645680	SCRIB	XM_019032214.4	-	3	149645680	149645753	72	7
NC_073231.2	149647858	149648509	-1	1	-	NC_073231.2	149648354	149648410	149648114	149648188	SCRIB	XM_019032214.4	-	1	149648188	149648354	165	7
NC_073231.2	149657917	149658610	-1	1	-	NC_073231.2	149658437	149658517	149658056	149658328	SCRIB	XM_019032214.4	-	1	149658328	149658437	108	6
NC_073231.2	149657917	149658610	-1	1	-	NC_073231.2	149658458	149658517	149658056	149658328	SCRIB	XM_055348458.2	-	1	149658328	149658458	129	1
NC_073231.2	149671569	149672124	-2	1	-	NC_073231.2	149672032	149672124	149671701	149671914	PUF60	XM_004047652.5	-	2	149671914	149672032	117	15
NC_073231.2	149688429	149689194	-2	1	-	NC_073231.2	149689036	149689089	149688876	149688939	NRBP2	XM_004047654.5	-	2	149688939	149689036	96	6
NC_073231.2	149688429	149689194	-2	1	-	NC_073231.2	149688876	149688939	149688430	149688638	NRBP2	XM_055348467.2	-	2	149688638	149688876	237	2
NC_073231.2	149691587	149692055	-3	1	-	NC_073231.2	149691905	149691988	149691771	149691826	NRBP2	XM_004047654.5	-	3	149691826	149691905	78	3
NC_073231.2	149691587	149692055	-3	1	-	NC_073231.2	149691905	149692006	149691771	149691826	NRBP2	XM_055348467.2	-	3	149691826	149691905	78	3
NC_073231.2	149788916	149789591	-3	1	-	NC_073231.2	149789274	149789369	149788957	149789084	PLEC	XM_031013967.3	-	3	149789084	149789274	189	35
NC_073231.2	149789343	149789838	-2	1	-	NC_073231.2	149789650	149789756	149789449	149789568	PLEC	XM_031013967.3	-	2	149789568	149789650	81	31
NC_073231.2	149789343	149789838	-2	1	-	NC_073231.2	149789662	149789756	149789449	149789568	PLEC	XM_055348481.2	-	2	149789568	149789662	93	4
NC_073231.2	149835954	149836704	-2	1	-	NC_073231.2	149836375	149836596	149836173	149836269	PARP10	XM_004047655.4	-	2	149836269	149836375	105	2
NC_073231.2	149835954	149836704	-2	1	-	NC_073231.2	149836375	149836596	149836200	149836269	PARP10	XM_019032365.4	-	2	149836269	149836375	105	1
NC_073231.2	149934731	149935379	3	1	+	NC_073231.2	149934751	149934852	149934946	149935142	GPAA1	XM_004047660.5	+	3	149934852	149934946	93	2
NC_073231.2	149949627	149950107	-2	1	-	NC_073231.2	149949829	149949953	149949628	149949741	SHARPIN	XM_019032109.4	-	2	149949741	149949829	87	1
NC_073231.2	149949627	149950107	-2	1	-	NC_073231.2	149949829	149949947	149949628	149949741	SHARPIN	XM_055348508.2	-	2	149949741	149949829	87	1
NC_073231.2	149964935	149965424	3	1	+	NC_073231.2	149965026	149965223	149965302	149965423	WDR97	XM_019032116.4	+	3	149965223	149965302	78	1
NC_073231.2	150202544	150203033	-3	1	-	NC_073231.2	150202757	150202952	150202581	150202666	TMEM249	XM_019032539.3	-	3	150202666	150202757	90	2
NC_073231.2	150238077	150238668	1	1	+	NC_073231.2	150238120	150238145	150238260	150238455	ADCK5	XM_031013842.3	+	1	150238145	150238260	114	2
NC_073231.2	150241560	150242097	-2	1	-	NC_073231.2	150241783	150241959	150241638	150241704	CPSF1	XM_031013837.3	-	2	150241704	150241783	78	3
NC_073231.2	150244004	150244976	-3	1	-	NC_073231.2	150244701	150244907	150244248	150244337	CPSF1	XM_031013837.3	-	3	150244337	150244701	363	3
NC_073231.2	150244368	150245502	-2	1	-	NC_073231.2	150245237	150245373	150244981	150245155	CPSF1	XM_031013837.3	-	2	150245155	150245237	81	3
NC_073231.2	150246857	150247283	-3	1	-	NC_073231.2	150247095	150247217	150246959	150247010	CPSF1	XM_031013837.3	-	3	150247010	150247095	84	3
NC_073231.2	150286549	150287218	-1	1	-	NC_073231.2	150286880	150286962	150286697	150286786	TONSL	XM_019032189.4	-	1	150286786	150286880	93	4
NC_073231.2	150292254	150292770	-2	1	-	NC_073231.2	150292605	150292629	150292389	150292484	TONSL	XM_019032189.4	-	2	150292484	150292605	120	3
NC_073231.2	150348677	150349022	3	1	+	NC_073231.2	150348730	150348800	150348876	150349021	PPP1R16A	XM_055348594.2	+	3	150348800	150348876	75	15
NC_073231.2	150350864	150351467	3	1	+	NC_073231.2	150351107	150351272	150351432	150351467	PPP1R16A	XM_063709651.1	+	3	150351272	150351432	159	2
NC_073231.2	150354255	150354780	1	1	+	NC_073231.2	150354286	150354447	150354583	150354672	GPT	XM_055348605.1	+	1	150354447	150354583	135	2
NC_073231.2	150360255	150360615	1	1	+	NC_073231.2	150360260	150360399	150360490	150360614	MFSD3	XM_055348609.2	+	1	150360399	150360490	90	1
NC_073231.2	150361324	150361687	-1	1	-	NC_073231.2	150361579	150361687	150361325	150361446	RECQL4	XM_055348555.2	-	1	150361446	150361579	132	19
NC_073231.2	150362546	150364073	-3	1	-	NC_073231.2	150363123	150363617	150362548	150363044	RECQL4	XM_055348555.2	-	3	150363044	150363123	78	11
NC_073231.2	150362546	150364073	-3	1	-	NC_073231.2	150363123	150363617	150362753	150363044	RECQL4	XM_055348556.2	-	3	150363044	150363123	78	1
NC_073231.2	150362546	150364073	-3	1	-	NC_073231.2	150362753	150363044	150362548	150362677	RECQL4	XM_055348556.2	-	3	150362677	150362753	75	6
NC_073231.2	150362546	150364073	-3	1	-	NC_073231.2	150363476	150363617	150363123	150363385	RECQL4	XM_055348558.2	-	3	150363385	150363476	90	10
NC_073231.2	150362546	150364073	-3	1	-	NC_073231.2	150363123	150363385	150362548	150363044	RECQL4	XM_055348558.2	-	3	150363044	150363123	78	5
NC_073231.2	150362546	150364073	-3	1	-	NC_073231.2	150363123	150363385	150362753	150363044	RECQL4	XM_055348560.2	-	3	150363044	150363123	78	5
NC_073231.2	150636214	150636916	-1	1	-	NC_073231.2	150636761	150636876	150636215	150636370	RPL8	XM_019032069.4	-	1	150636370	150636761	390	3
NC_073231.2	150684518	150686669	3	1	+	NC_073231.2	150684561	150684666	150684859	150686669	ZNF7	XM_055348628.2	+	3	150684666	150684859	192	1
NC_073231.2	150893875	150894358	2	1	+	NC_073231.2	150893957	150894041	150894192	150894338	C7H8orf33	XM_004047733.5	+	2	150894041	150894192	150	1
NC_073231.2	26221105	26221885	2	1	+	NC_073231.2	26221232	26221322	26221452	26221537	NPM2	XM_019032473.4	+	2	26221322	26221452	129	4
NC_073231.2	26232540	26232765	1	1	+	NC_073231.2	26232579	26232612	26232724	26232765	NPM2	XM_019032473.4	+	1	26232612	26232724	111	3
NC_073231.2	26293769	26295089	3	1	+	NC_073231.2	26293794	26293898	26293995	26294117	FHIP2B	XM_031013809.3	+	3	26293898	26293995	96	3
NC_073231.2	26293769	26295089	3	1	+	NC_073231.2	26293995	26294117	26294346	26294588	FHIP2B	XM_031013809.3	+	3	26294117	26294346	228	3
NC_073231.2	26297581	26298463	2	1	+	NC_073231.2	26297719	26297809	26297987	26298130	FHIP2B	XM_031013809.3	+	2	26297809	26297987	177	3
NC_073231.2	26315925	26316972	-2	1	-	NC_073231.2	26316603	26316768	26316365	26316434	HR	XM_004046743.5	-	2	26316434	26316603	168	5
NC_073231.2	26315925	26316972	-2	1	-	NC_073231.2	26316365	26316434	26316021	26316151	HR	XM_004046743.5	-	2	26316151	26316365	213	5
NC_073231.2	26334804	26335389	-2	1	-	NC_073231.2	26335194	26335329	26334907	26335061	REEP4	XM_004046744.5	-	2	26335061	26335194	132	1
NC_073231.2	27227466	27228318	-2	1	-	NC_073231.2	27228057	27228130	27227859	27227969	TNFRSF10B	XM_055348928.2	-	2	27227969	27228057	87	1
NC_073231.2	66107807	66108092	-3	1	-	NC_073231.2	66107996	66108072	66107865	66107896	RP1	XM_055348747.2	-	3	66107896	66107996	99	1
NC_073231.2	68125398	68127570	1	1	+	NC_073231.2	68125458	68125584	68125669	68127569	RB1CC1	XM_019032475.4	+	1	68125584	68125669	84	7
NC_073231.2	72971732	72972368	3	1	+	NC_073231.2	72972018	72972142	72972218	72972367	PRKDC	XM_055349529.2	+	3	72972142	72972218	75	4
NC_073231.2	73619227	73619689	2	1	+	NC_073231.2	73619288	73619333	73619436	73619689	LOC101153628	unassigned_transcript_497	+	2	73619333	73619436	102	1
NC_073231.2	83593363	83594032	-1	1	-	NC_073231.2	83593769	83593918	83593478	83593639	ADGRA2	XM_019031967.4	-	1	83593639	83593769	129	2
NC_073231.2	97273208	97273466	3	1	+	NC_073231.2	97273218	97273272	97273357	97273460	SLC26A7	XM_019032931.4	+	3	97273272	97273357	84	2
NC_073232.2	101336283	101336664	1	1	+	NC_073232.2	101336352	101336413	101336567	101336629	FAS	XM_004049750.5	+	1	101336413	101336567	153	3
NC_073232.2	105876314	105877199	-3	1	-	NC_073232.2	105876885	105877058	105876630	105876758	RBP4	XM_019035438.4	-	3	105876758	105876885	126	1
NC_073232.2	107210602	107211091	2	1	+	NC_073232.2	107210603	107210765	107210937	107211086	CYP2C9	XM_004049827.4	+	2	107210765	107210937	171	1
NC_073232.2	107603391	107604045	-2	1	-	NC_073232.2	107603917	107604031	107603638	107603763	SORBS1	XM_031014940.3	-	2	107603763	107603917	153	50
NC_073232.2	107875715	107876219	-3	1	-	NC_073232.2	107875952	107876147	107875728	107875849	ALDH18A1	XM_004049839.5	-	3	107875849	107875952	102	2
NC_073232.2	109113040	109114420	2	1	+	NC_073232.2	109113917	109113993	109114282	109114355	LCOR	XM_055352615.2	+	2	109113993	109114282	288	2
NC_073232.2	109648581	109649034	-2	1	-	NC_073232.2	109648911	109649016	109648623	109648730	RRP12	XM_055352632.2	-	2	109648730	109648911	180	5
NC_073232.2	109729846	109730368	2	1	+	NC_073232.2	109729865	109730059	109730189	109730277	ZDHHC16	XM_004049884.5	+	2	109730059	109730189	129	13
NC_073232.2	128898974	128899343	3	1	+	NC_073232.2	128898988	128899107	128899207	128899326	LOC101127304	XM_063709695.1	+	3	128899107	128899207	99	1
NC_073232.2	131451355	131451664	-1	1	-	NC_073232.2	131451608	131451661	131451470	131451526	SFXN4	XM_019034656.4	-	1	131451526	131451608	81	1
NC_073232.2	131871274	131871604	-1	1	-	NC_073232.2	131871466	131871561	131871276	131871360	TIAL1	XM_004050184.5	-	1	131871360	131871466	105	5
NC_073232.2	142278766	142279513	-1	1	-	NC_073232.2	142279071	142279204	142278803	142278959	EBF3	XM_031015697.3	-	1	142278959	142279071	111	8
NC_073232.2	145157792	145159040	-3	1	-	NC_073232.2	145158143	145158548	145157880	145158052	NKX6-2	XM_031007287.3	-	3	145158052	145158143	90	1
NC_073232.2	145219402	145220488	-1	1	-	NC_073232.2	145219808	145219942	145219553	145219732	CFAP46	XM_031007289.3	-	1	145219732	145219808	75	2
NC_073232.2	145287065	145287698	-3	1	-	NC_073232.2	145287469	145287681	145287078	145287243	CFAP46	XM_031007289.3	-	3	145287243	145287469	225	2
NC_073232.2	145576164	145577385	1	1	+	NC_073232.2	145576247	145576409	145576488	145577176	KNDC1	XM_055353969.2	+	1	145576409	145576488	78	5
NC_073232.2	145648476	145649523	-2	1	-	NC_073232.2	145648849	145648938	145648530	145648719	ADAM8	XM_055353981.2	-	2	145648719	145648849	129	2
NC_073232.2	145650337	145651693	-1	1	-	NC_073232.2	145651485	145651561	145650977	145651166	ADAM8	XM_055353981.2	-	1	145651166	145651485	318	2
NC_073232.2	145650337	145651693	-1	1	-	NC_073232.2	145650977	145651166	145650680	145650742	ADAM8	XM_055353981.2	-	1	145650742	145650977	234	2
NC_073232.2	30157736	30158609	3	1	+	NC_073232.2	30157822	30158149	30158258	30158609	LOC115936009	XM_031015319.2	+	3	30158149	30158258	108	1
NC_073232.2	40515519	40516398	1	1	+	NC_073232.2	40515621	40515754	40516139	40516398	COMTD1	XM_055353373.2	+	1	40515754	40516139	384	2
NC_073232.2	41880044	41880416	3	1	+	NC_073232.2	41880186	41880187	41880305	41880399	CAMK2G	XM_055353409.2	+	3	41880187	41880305	117	3
NC_073232.2	41963627	41964137	-3	1	-	NC_073232.2	41963943	41964115	41963658	41963765	ZSWIM8	XM_019034619.3	-	3	41963765	41963943	177	9
NC_073232.2	42585501	42585912	1	1	+	NC_073232.2	42585531	42585618	42585733	42585911	ECD	XM_031015175.3	+	1	42585618	42585733	114	3
NC_073232.2	43953210	43953897	-2	1	-	NC_073232.2	43953480	43953731	43953240	43953401	CDH23	XM_031015737.3	-	2	43953401	43953480	78	2
NC_073232.2	45211435	45211915	-1	1	-	NC_073232.2	45211694	45211810	45211454	45211609	PALD1	XM_031015473.3	-	1	45211609	45211694	84	15
NC_073232.2	45217632	45218118	-2	1	-	NC_073232.2	45217958	45218118	45217669	45217744	PALD1	XM_031015473.3	-	2	45217744	45217958	213	15
NC_073232.2	47324689	47325094	2	1	+	NC_073232.2	47324764	47324880	47324959	47325068	DNA2	XM_031015474.3	+	2	47324880	47324959	78	3
NC_073232.2	59309130	59309475	1	1	+	NC_073232.2	59309166	59309340	59309437	59309475	ZWINT	XM_004049434.5	+	1	59309340	59309437	96	2
NC_073232.2	59309130	59309475	1	1	+	NC_073232.2	59309203	59309340	59309437	59309475	ZWINT	XM_063710079.1	+	1	59309340	59309437	96	1
NC_073232.2	65786410	65786974	-1	1	-	NC_073232.2	65786762	65786764	65786543	65786665	LOC101143038	XM_031006426.3	-	1	65786665	65786762	96	6
NC_073232.2	66139005	66139914	1	1	+	NC_073232.2	66139447	66139626	66139777	66139905	OGDHL	XM_031015331.3	+	1	66139626	66139777	150	9
NC_073232.2	66139005	66139914	1	1	+	NC_073232.2	66139477	66139626	66139777	66139905	OGDHL	XM_031015334.3	+	1	66139626	66139777	150	1
NC_073232.2	69589254	69589818	1	1	+	NC_073232.2	69589465	69589467	69589564	69589686	WASHC2C	XM_055353102.2	+	1	69589467	69589564	96	8
NC_073232.2	8976884	8977370	-3	1	-	NC_073232.2	8977223	8977331	8977034	8977144	TUBB8	XM_004048969.5	-	3	8977144	8977223	78	3
NC_073232.2	96606410	96607367	-3	1	-	NC_073232.2	96607316	96607345	96606411	96607168	LRIT2	XM_063709785.1	-	3	96607168	96607316	147	1
NC_073232.2	99292914	99293313	1	1	+	NC_073232.2	99292973	99293103	99293191	99293313	BMPR1A	XM_019034832.4	+	1	99293103	99293191	87	4
NC_073233.2	101648910	101649273	1	1	+	NC_073233.2	101648911	101649007	101649089	101649259	CEP295	XM_019036707.4	+	1	101649007	101649089	81	5
NC_073233.2	101648910	101649273	1	1	+	NC_073233.2	101648911	101649007	101649092	101649259	CEP295	XM_055356069.2	+	1	101649007	101649092	84	3
NC_073233.2	110262535	110262982	2	1	+	NC_073233.2	110262564	110262818	110262927	110262968	BIRC2	XM_019036730.4	+	2	110262818	110262927	108	2
NC_073233.2	124770011	124770836	3	1	+	NC_073233.2	124770102	124770156	124770292	124770415	APOC3	XM_004052180.2	+	3	124770156	124770292	135	1
NC_073233.2	125124140	125124503	3	1	+	NC_073233.2	125124174	125124275	125124378	125124461	SIDT2	XM_004052186.5	+	3	125124275	125124378	102	2
NC_073233.2	125844578	125845376	-1	1	-	NC_073233.2	125844963	125845105	125844660	125844812	TMPRSS13	XM_031016126.3	-	1	125844812	125844963	150	2
NC_073233.2	125844578	125845376	-1	1	-	NC_073233.2	125844963	125845105	125844579	125844812	TMPRSS13	XM_055355019.2	-	1	125844812	125844963	150	1
NC_073233.2	126108885	126109962	-3	1	-	NC_073233.2	126109660	126109826	126109161	126109371	SCN2B	XM_004052208.5	-	3	126109371	126109660	288	1
NC_073233.2	126581604	126581970	1	1	+	NC_073233.2	126581605	126581715	126581875	126581964	PHLDB1	XM_055355040.2	+	1	126581715	126581875	159	39
NC_073233.2	126601323	126601833	-3	1	-	NC_073233.2	126601654	126601766	126601438	126601491	TREH	XM_004052224.5	-	3	126601491	126601654	162	1
NC_073233.2	126603223	126603700	-2	1	-	NC_073233.2	126603613	126603662	126603286	126603480	TREH	XM_004052224.5	-	2	126603480	126603613	132	1
NC_073233.2	126988347	126988980	-3	1	-	NC_073233.2	126988747	126988834	126988519	126988641	HYOU1	XM_019036130.3	-	3	126988641	126988747	105	10
NC_073233.2	126992529	126993171	-3	1	-	NC_073233.2	126992881	126993073	126992539	126992673	HYOU1	XM_019036130.3	-	3	126992673	126992881	207	10
NC_073233.2	127033676	127034045	3	1	+	NC_073233.2	127033698	127033784	127033875	127034045	HMBS	XM_019036810.4	+	3	127033784	127033875	90	6
NC_073233.2	127074050	127074449	3	1	+	NC_073233.2	127074163	127074240	127074328	127074448	HINFP	XM_019037576.2	+	3	127074240	127074328	87	5
NC_073233.2	127074050	127074449	3	1	+	NC_073233.2	127074228	127074240	127074328	127074448	HINFP	XM_031016321.3	+	3	127074240	127074328	87	1
NC_073233.2	127255317	127255914	-3	1	-	NC_073233.2	127255678	127255796	127255434	127255575	MCAM	XM_004052273.5	-	3	127255575	127255678	102	3
NC_073233.2	127285287	127285758	-3	1	-	NC_073233.2	127285594	127285721	127285288	127285509	MFRP	XM_019035712.4	-	3	127285509	127285594	84	1
NC_073233.2	12880147	12883357	2	1	+	NC_073233.2	12880230	12880327	12880448	12883334	DNHD1	XM_031007633.3	+	2	12880327	12880448	120	1
NC_073233.2	12899352	12900489	1	1	+	NC_073233.2	12899368	12899799	12900007	12900478	DNHD1	XM_031007633.3	+	1	12899799	12900007	207	1
NC_073233.2	12946348	12946813	2	1	+	NC_073233.2	12946511	12946607	12946701	12946784	ILK	XM_004050599.5	+	2	12946607	12946701	93	1
NC_073233.2	12964359	12965586	-3	1	-	NC_073233.2	12964605	12965483	12964368	12964481	DCHS1	XM_004050597.5	-	3	12964481	12964605	123	1
NC_073233.2	131534157	131535072	1	1	+	NC_073233.2	131534366	131534484	131534767	131534909	GRAMD1B	XM_031015830.3	+	1	131534484	131534767	282	14
NC_073233.2	132809169	132809889	1	1	+	NC_073233.2	132809170	132809341	132809489	132809674	ROBO3	XM_004052351.4	+	1	132809341	132809489	147	1
NC_073233.2	132812318	132812837	3	1	+	NC_073233.2	132812405	132812556	132812680	132812790	ROBO3	XM_004052351.4	+	3	132812556	132812680	123	14
NC_073233.2	132828925	132829477	-2	1	-	NC_073233.2	132829354	132829474	132828941	132829068	ROBO4	XM_004052352.4	-	2	132829068	132829354	285	5
NC_073233.2	133006746	133007145	1	1	+	NC_073233.2	133006846	133006939	133007066	133007144	SLC37A2	XM_004052357.5	+	1	133006939	133007066	126	2
NC_073233.2	133014396	133014792	1	1	+	NC_073233.2	133014424	133014472	133014665	133014738	SLC37A2	XM_004052357.5	+	1	133014472	133014665	192	2
NC_073233.2	137812466	137812739	-1	1	-	NC_073233.2	137812623	137812702	137812468	137812514	NFRKB	XM_019035908.4	-	1	137812514	137812623	108	11
NC_073233.2	141897094	141898021	-2	1	-	NC_073233.2	141897749	141897891	141897335	141897475	IGSF9B	XM_019037158.4	-	2	141897475	141897749	273	9
NC_073233.2	142210158	142211001	1	1	+	NC_073233.2	142210352	142210494	142210858	142211001	VPS26B	XM_019036402.4	+	1	142210494	142210858	363	1
NC_073233.2	50448070	50448781	2	1	+	NC_073233.2	50448099	50448241	50448611	50448781	ACCS	XM_019037673.3	+	2	50448241	50448611	369	3
NC_073233.2	52272474	52273560	1	1	+	NC_073233.2	52272491	52273303	52273484	52273559	MAPK8IP1	XM_031016242.3	+	1	52273303	52273484	180	2
NC_073233.2	52284026	52284920	-1	1	-	NC_073233.2	52284707	52284787	52284419	52284571	PEX16	XM_004051000.5	-	1	52284571	52284707	135	2
NC_073233.2	52741308	52741884	1	1	+	NC_073233.2	52741426	52741497	52741600	52741716	DGKZ	XM_004051007.5	+	1	52741497	52741600	102	10
NC_073233.2	52744528	52744930	2	1	+	NC_073233.2	52744694	52744756	52744856	52744929	DGKZ	XM_004051007.5	+	2	52744756	52744856	99	13
NC_073233.2	53108709	53109264	1	1	+	NC_073233.2	53108777	53108905	53108990	53109116	F2	XM_004051030.3	+	1	53108905	53108990	84	1
NC_073233.2	53133971	53134403	-1	1	-	NC_073233.2	53134215	53134403	53133987	53134124	CKAP5	XM_019037169.3	-	1	53134124	53134215	90	8
NC_073233.2	53624529	53624982	1	1	+	NC_073233.2	53624577	53624676	53624761	53624938	DDB2	XM_019036445.3	+	1	53624676	53624761	84	2
NC_073233.2	53651475	53651955	1	1	+	NC_073233.2	53651476	53651655	53651848	53651947	NR1H3	XM_019036435.4	+	1	53651655	53651848	192	6
NC_073233.2	53674094	53674769	3	1	+	NC_073233.2	53674238	53674341	53674435	53674625	MADD	XM_063711120.1	+	3	53674341	53674435	93	50
NC_073233.2	53726133	53726805	-3	1	-	NC_073233.2	53726430	53726589	53726182	53726318	MYBPC3	XM_055354894.2	-	3	53726318	53726430	111	1
NC_073233.2	53984965	53985664	2	1	+	NC_073233.2	53984985	53985055	53985272	53985664	FAM180B	XM_004051069.4	+	2	53985055	53985272	216	1
NC_073233.2	65004442	65005336	-2	1	-	NC_073233.2	65005126	65005231	65004650	65004840	SSRP1	XM_004051150.4	-	2	65004840	65005126	285	1
NC_073233.2	6745772	6746393	3	1	+	NC_073233.2	6745949	6746106	6746203	6746393	PGGHG	XM_019020486.4	+	3	6746106	6746203	96	1
NC_073233.2	6745772	6746393	3	1	+	NC_073233.2	6745895	6746106	6746203	6746393	PGGHG	XM_031006315.3	+	3	6746106	6746203	96	2
NC_073233.2	6830310	6830721	1	1	+	NC_073233.2	6830386	6830481	6830560	6830650	B4GALNT4	XM_055355690.2	+	1	6830481	6830560	78	2
NC_073233.2	6830711	6831050	3	1	+	NC_073233.2	6830725	6830825	6830982	6831049	B4GALNT4	XM_055355690.2	+	3	6830825	6830982	156	3
NC_073233.2	6854859	6857751	1	1	+	NC_073233.2	6854911	6855115	6855920	6856094	PKP3	XM_055355693.2	+	1	6855115	6855920	804	4
NC_073233.2	6854859	6857751	1	1	+	NC_073233.2	6855920	6856094	6856477	6856647	PKP3	XM_055355693.2	+	1	6856094	6856477	382	4
NC_073233.2	6857848	6858508	2	1	+	NC_073233.2	6857990	6858143	6858315	6858507	PKP3	XM_055355693.2	+	2	6858143	6858315	171	4
NC_073233.2	68642656	68643163	2	1	+	NC_073233.2	68642805	68642992	68643065	68643162	ZP1	XM_004051291.3	+	2	68642992	68643065	72	1
NC_073233.2	68642656	68643163	2	1	+	NC_073233.2	68642858	68642992	68643065	68643162	ZP1	XM_055354234.2	+	2	68642992	68643065	72	1
NC_073233.2	68646285	68647218	1	1	+	NC_073233.2	68646817	68646898	68647013	68647132	ZP1	XM_004051291.3	+	1	68646898	68647013	114	2
NC_073233.2	68672287	68672833	-2	1	-	NC_073233.2	68672731	68672806	68672459	68672568	PRPF19	XM_004051294.3	-	2	68672568	68672731	162	1
NC_073233.2	68674249	68674774	-2	1	-	NC_073233.2	68674460	68674533	68674280	68674342	PRPF19	XM_004051294.3	-	2	68674342	68674460	117	1
NC_073233.2	6881937	6882696	-3	1	-	NC_073233.2	6882496	6882592	6882150	6882210	ANO9	XM_055355697.2	-	3	6882210	6882496	285	3
NC_073233.2	6881937	6882696	-3	1	-	NC_073233.2	6882150	6882210	6881962	6882044	ANO9	XM_055355697.2	-	3	6882044	6882150	105	3
NC_073233.2	69030464	69030869	3	1	+	NC_073233.2	69030500	69030644	69030747	69030845	LOC101127800	XM_055354247.2	+	3	69030644	69030747	102	1
NC_073233.2	69128964	69129591	1	1	+	NC_073233.2	69129291	69129324	69129436	69129525	TKFC	XM_004051304.5	+	1	69129324	69129436	111	7
NC_073233.2	69554279	69554861	3	1	+	NC_073233.2	69554408	69554658	69554737	69554860	MYRF	XM_004051316.4	+	3	69554658	69554737	78	8
NC_073233.2	69563683	69564349	2	1	+	NC_073233.2	69563866	69563951	69564045	69564236	MYRF	XM_004051316.4	+	2	69563951	69564045	93	4
NC_073233.2	69563683	69564349	2	1	+	NC_073233.2	69563863	69563951	69564045	69564236	MYRF	XM_019036482.3	+	2	69563951	69564045	93	4
NC_073233.2	69995882	69996254	3	1	+	NC_073233.2	69995951	69996008	69996126	69996243	INCENP	XM_004051334.5	+	3	69996008	69996126	117	10
NC_073233.2	70588997	70589615	3	1	+	NC_073233.2	70589136	70589369	70589457	70589615	UQCC3	XM_019035898.4	+	3	70589369	70589457	87	1
NC_073233.2	7061363	7062056	-1	1	-	NC_073233.2	7061888	7061968	7061369	7061758	IRF7	XM_004050366.5	-	1	7061758	7061888	129	2
NC_073233.2	70696346	70696979	3	1	+	NC_073233.2	70696614	70696764	70696921	70696971	TAF6L	XM_031016157.3	+	3	70696764	70696921	156	3
NC_073233.2	70720548	70720878	-3	1	-	NC_073233.2	70720809	70720878	70720576	70720664	NXF1	XM_019036543.4	-	3	70720664	70720809	144	1
NC_073233.2	70752647	70753160	-1	1	-	NC_073233.2	70752963	70753108	70752789	70752845	WDR74	XM_019037018.4	-	1	70752845	70752963	117	5
NC_073233.2	70911483	70912107	-3	1	-	NC_073233.2	70911668	70911871	70911484	70911580	SLC22A8	XM_004051390.4	-	3	70911580	70911668	87	3
NC_073233.2	7165843	7166449	2	1	+	NC_073233.2	7165978	7166120	7166199	7166269	EPS8L2	XM_031016165.3	+	2	7166120	7166199	78	5
NC_073233.2	7170863	7171340	3	1	+	NC_073233.2	7170951	7171023	7171159	7171339	EPS8L2	XM_031016165.3	+	3	7171023	7171159	135	5
NC_073233.2	71816488	71817184	-2	1	-	NC_073233.2	71816861	71816913	71816615	71816776	RCOR2	XM_031016495.3	-	2	71816776	71816861	84	3
NC_073233.2	71898338	71899472	3	1	+	NC_073233.2	71898677	71899088	71899197	71899391	OTUB1	XM_031016344.3	+	3	71899088	71899197	108	1
NC_073233.2	71898338	71899472	3	1	+	NC_073233.2	71899004	71899088	71899197	71899391	OTUB1	XM_031016345.3	+	3	71899088	71899197	108	1
NC_073233.2	72100845	72101424	1	1	+	NC_073233.2	72100846	72100942	72101075	72101199	STIP1	XM_004051421.4	+	1	72100942	72101075	132	1
NC_073233.2	72123194	72123788	3	1	+	NC_073233.2	72123347	72123488	72123612	72123788	FERMT3	XM_004051420.5	+	3	72123488	72123612	123	2
NC_073233.2	72124706	72125291	-1	1	-	NC_073233.2	72125103	72125272	72124844	72125018	TRPT1	XM_004051426.4	-	1	72125018	72125103	84	4
NC_073233.2	72126723	72127569	1	1	+	NC_073233.2	72126739	72126741	72126949	72127446	NUDT22	XM_004051425.4	+	1	72126741	72126949	207	2
NC_073233.2	72141744	72142923	1	1	+	NC_073233.2	72141943	72142025	72142662	72142836	FKBP2	XM_031016360.1	+	1	72142025	72142662	636	1
NC_073233.2	72154956	72155400	1	1	+	NC_073233.2	72155026	72155094	72155176	72155316	PLCB3	XM_019036190.3	+	1	72155094	72155176	81	4
NC_073233.2	72162599	72163262	3	1	+	NC_073233.2	72162670	72162824	72162921	72163082	PLCB3	XM_019036190.3	+	3	72162824	72162921	96	4
NC_073233.2	72163719	72164490	1	1	+	NC_073233.2	72163771	72163870	72163964	72164068	PLCB3	XM_019036190.3	+	1	72163870	72163964	93	4
NC_073233.2	72163719	72164490	1	1	+	NC_073233.2	72163964	72164068	72164294	72164385	PLCB3	XM_019036190.3	+	1	72164068	72164294	225	4
NC_073233.2	72167458	72167827	2	1	+	NC_073233.2	72167459	72167545	72167627	72167827	PLCB3	XM_019036190.3	+	2	72167545	72167627	81	4
NC_073233.2	72238588	72239356	2	1	+	NC_073233.2	72238909	72239020	72239111	72239180	CCDC88B	XM_031016351.3	+	2	72239020	72239111	90	3
NC_073233.2	72253166	72253844	3	1	+	NC_073233.2	72253321	72253527	72253687	72253755	CCDC88B	XM_031016351.3	+	3	72253527	72253687	159	1
NC_073233.2	72253251	72253779	1	1	+	NC_073233.2	72253321	72253527	72253687	72253755	CCDC88B	XM_055354391.2	+	1	72253527	72253687	159	1
NC_073233.2	72266493	72267009	1	1	+	NC_073233.2	72266575	72266708	72266811	72266904	RPS6KA4	XM_031016339.3	+	1	72266708	72266811	102	2
NC_073233.2	7245083	7245677	-1	1	-	NC_073233.2	7245236	7245445	7245097	7245151	PIDD1	XM_004050376.5	-	1	7245151	7245236	84	12
NC_073233.2	72464272	72464845	2	1	+	NC_073233.2	72464407	72464561	72464670	72464838	SLC22A11	XM_019037691.4	+	2	72464561	72464670	108	1
NC_073233.2	72501967	72502402	2	1	+	NC_073233.2	72501994	72502117	72502286	72502401	SLC22A12	XM_004051452.5	+	2	72502117	72502286	168	5
NC_073233.2	7255456	7255918	2	1	+	NC_073233.2	7255623	7255721	7255845	7255918	RPLP2	XM_031016143.3	+	2	7255721	7255845	123	1
NC_073233.2	7265773	7266451	2	1	+	NC_073233.2	7265793	7266025	7266122	7266187	PNPLA2	XM_004050383.5	+	2	7266025	7266122	96	3
NC_073233.2	72697667	72698249	-1	1	-	NC_073233.2	72698114	72698174	72697894	72698011	MAP4K2	XM_004051456.5	-	1	72698011	72698114	102	3
NC_073233.2	72698727	72699312	-3	1	-	NC_073233.2	72699121	72699154	72698895	72699000	MAP4K2	XM_004051456.5	-	3	72699000	72699121	120	3
NC_073233.2	72732329	72732791	-1	1	-	NC_073233.2	72732666	72732764	72732528	72732587	CDC42BPG	XM_019035676.3	-	1	72732587	72732666	78	7
NC_073233.2	72797040	72797433	-3	1	-	NC_073233.2	72797289	72797373	72797042	72797177	ATG2A	XM_055354444.2	-	3	72797177	72797289	111	12
NC_073233.2	7281072	7281960	1	1	+	NC_073233.2	7281454	7281558	7281664	7281822	CD151	XM_031016137.3	+	1	7281558	7281664	105	4
NC_073233.2	72833948	72834512	-1	1	-	NC_073233.2	72834386	72834488	72834015	72834199	GPHA2	XM_004051470.4	-	1	72834199	72834386	186	1
NC_073233.2	72951651	72952437	-3	1	-	NC_073233.2	72952245	72952330	72951972	72952091	NAALADL1	XM_019036026.3	-	3	72952091	72952245	153	1
NC_073233.2	72977802	72978519	-3	1	-	NC_073233.2	72978046	72978480	72977803	72977880	CDCA5	XM_004051480.4	-	3	72977880	72978046	165	2
NC_073233.2	72982155	72982461	-3	1	-	NC_073233.2	72982330	72982424	72982186	72982251	CDCA5	XM_004051480.4	-	3	72982251	72982330	78	5
NC_073233.2	73014212	73015775	3	1	+	NC_073233.2	73014271	73014417	73014493	73014712	VPS51	XM_019036028.4	+	3	73014417	73014493	75	1
NC_073233.2	73014212	73015775	3	1	+	NC_073233.2	73014493	73014712	73014893	73015610	VPS51	XM_019036028.4	+	3	73014712	73014893	180	3
NC_073233.2	73014212	73015775	3	1	+	NC_073233.2	73014285	73014417	73014493	73014712	VPS51	XM_055354464.2	+	3	73014417	73014493	75	2
NC_073233.2	73017142	73017493	2	1	+	NC_073233.2	73017179	73017300	73017391	73017478	VPS51	XM_019036028.4	+	2	73017300	73017391	90	3
NC_073233.2	73019177	73019567	3	1	+	NC_073233.2	73019212	73019408	73019508	73019562	TM7SF2	XM_004051483.4	+	3	73019408	73019508	99	1
NC_073233.2	73019177	73019567	3	1	+	NC_073233.2	73019247	73019408	73019508	73019562	TM7SF2	XM_063693246.1	+	3	73019408	73019508	99	1
NC_073233.2	73081351	73082152	2	1	+	NC_073233.2	73081372	73081543	73081622	73081952	SPDYC	XM_019036040.3	+	2	73081543	73081622	78	2
NC_073233.2	73081351	73082152	2	1	+	NC_073233.2	73081622	73081952	73082121	73082152	SPDYC	XM_019036040.3	+	2	73081952	73082121	168	2
NC_073233.2	73118990	73119389	3	1	+	NC_073233.2	73119081	73119146	73119231	73119288	CAPN1	XM_004051496.5	+	3	73119146	73119231	84	4
NC_073233.2	73124758	73125439	2	1	+	NC_073233.2	73124783	73125262	73125335	73125438	SLC22A20	XM_031015769.3	+	2	73125262	73125335	72	1
NC_073233.2	73255196	73256429	3	1	+	NC_073233.2	73255272	73255350	73255861	73255902	DPF2	XM_004051505.5	+	3	73255350	73255861	510	1
NC_073233.2	73433452	73434256	2	1	+	NC_073233.2	73433768	73433887	73433963	73434189	SCYL1	XM_063710691.1	+	2	73433887	73433963	75	1
NC_073233.2	73445493	73446006	1	1	+	NC_073233.2	73445614	73445685	73445809	73445987	SCYL1	XM_063710685.1	+	1	73445685	73445809	123	2
NC_073233.2	73445493	73446006	1	1	+	NC_073233.2	73445617	73445685	73445809	73445987	SCYL1	XM_063710686.1	+	1	73445685	73445809	123	1
NC_073233.2	73446878	73447511	-1	1	-	NC_073233.2	73447124	73447255	73446879	73447027	LTBP3	XM_019035921.4	-	1	73447027	73447124	96	6
NC_073233.2	73461200	73461578	-1	1	-	NC_073233.2	73461473	73461578	73461212	73461304	LTBP3	XM_019035921.4	-	1	73461304	73461473	168	6
NC_073233.2	73489054	73489447	2	1	+	NC_073233.2	73489131	73489199	73489284	73489446	EHBP1L1	XM_031016454.3	+	2	73489199	73489284	84	3
NC_073233.2	73489054	73489447	2	1	+	NC_073233.2	73489131	73489199	73489284	73489399	EHBP1L1	XM_031016457.3	+	2	73489199	73489284	84	1
NC_073233.2	73515321	73516188	-3	1	-	NC_073233.2	73515975	73516123	73515694	73515869	MAP3K11	XM_004051516.5	-	3	73515869	73515975	105	1
NC_073233.2	73554317	73555325	3	1	+	NC_073233.2	73554318	73554475	73554554	73555163	SIPA1	XM_004051514.5	+	3	73554475	73554554	78	3
NC_073233.2	73557654	73558188	1	1	+	NC_073233.2	73557675	73557786	73557871	73557979	SIPA1	XM_004051514.5	+	1	73557786	73557871	84	3
NC_073233.2	73557654	73558188	1	1	+	NC_073233.2	73557871	73557979	73558064	73558165	SIPA1	XM_004051514.5	+	1	73557979	73558064	84	3
NC_073233.2	73763896	73764430	2	1	+	NC_073233.2	73763976	73764061	73764380	73764430	SNX32	XM_004051526.3	+	2	73764061	73764380	318	1
NC_073233.2	73772924	73773674	3	1	+	NC_073233.2	73773015	73773113	73773279	73773347	MUS81	XM_004051525.5	+	3	73773113	73773279	165	2
NC_073233.2	73772924	73773674	3	1	+	NC_073233.2	73773279	73773347	73773507	73773592	MUS81	XM_004051525.5	+	3	73773347	73773507	159	2
NC_073233.2	73772924	73773674	3	1	+	NC_073233.2	73773015	73773113	73773279	73773353	MUS81	XM_019036093.4	+	3	73773113	73773279	165	7
NC_073233.2	73772924	73773674	3	1	+	NC_073233.2	73773279	73773353	73773507	73773592	MUS81	XM_019036093.4	+	3	73773353	73773507	153	7
NC_073233.2	73780744	73781392	-2	1	-	NC_073233.2	73781203	73781319	73780939	73781058	EFEMP2	XM_031015893.3	-	2	73781058	73781203	144	1
NC_073233.2	73862853	73863993	1	1	+	NC_073233.2	73862943	73863661	73863845	73863992	TSGA10IP	XM_004051538.5	+	1	73863661	73863845	183	1
NC_073233.2	73862853	73863993	1	1	+	NC_073233.2	73863067	73863661	73863845	73863992	TSGA10IP	XM_055354528.2	+	1	73863661	73863845	183	2
NC_073233.2	73883052	73883715	1	1	+	NC_073233.2	73883149	73883273	73883361	73883476	SART1	XM_004051539.4	+	1	73883273	73883361	87	3
NC_073233.2	73915180	73915570	-2	1	-	NC_073233.2	73915463	73915549	73915213	73915321	EIF1AD	XM_004051560.5	-	2	73915321	73915463	141	7
NC_073233.2	74149686	74150163	1	1	+	NC_073233.2	74149687	74149802	74149944	74150079	PACS1	XM_031015801.3	+	1	74149802	74149944	141	1
NC_073233.2	74152843	74153401	2	1	+	NC_073233.2	74152930	74153084	74153277	74153387	PACS1	XM_031015801.3	+	2	74153084	74153277	192	1
NC_073233.2	74182940	74183546	3	1	+	NC_073233.2	74183040	74183141	74183235	74183408	KLC2	XM_031015802.3	+	3	74183141	74183235	93	11
NC_073233.2	74252488	74253223	-2	1	-	NC_073233.2	74252938	74253069	74252669	74252820	RIN1	XM_004051578.4	-	2	74252820	74252938	117	4
NC_073233.2	74260335	74260782	-3	1	-	NC_073233.2	74260620	74260747	74260381	74260460	BRMS1	XM_004051579.4	-	3	74260460	74260620	159	1
NC_073233.2	74341701	74342304	1	1	+	NC_073233.2	74341813	74341915	74342036	74342303	NPAS4	XM_004051583.3	+	1	74341915	74342036	120	1
NC_073233.2	74414674	74415181	2	1	+	NC_073233.2	74414897	74414959	74415056	74415180	DPP3	XM_019036535.3	+	2	74414959	74415056	96	4
NC_073233.2	74481625	74482174	2	1	+	NC_073233.2	74481641	74481775	74481872	74482051	ACTN3	XM_004051591.4	+	2	74481775	74481872	96	3
NC_073233.2	7456481	7457012	3	1	+	NC_073233.2	7456571	7456640	7456776	7456910	AP2A2	XM_031015828.3	+	3	7456640	7456776	135	4
NC_073233.2	74606484	74606778	-3	1	-	NC_073233.2	74606677	74606752	74606542	74606592	SPTBN2	XM_004051612.4	-	3	74606592	74606677	84	5
NC_073233.2	74761123	74761531	2	1	+	NC_073233.2	74761149	74761369	74761469	74761531	TOP6BL	XM_055354585.2	+	2	74761369	74761469	99	6
NC_073233.2	74768905	74770201	-2	1	-	NC_073233.2	74769332	74769572	74768968	74769217	PC	XM_004051614.4	-	2	74769217	74769332	114	12
NC_073233.2	7477645	7478431	-2	1	-	NC_073233.2	7478365	7478415	7477771	7477938	MUC6	XM_063710865.1	-	2	7477938	7478365	426	1
NC_073233.2	74789310	74789946	-3	1	-	NC_073233.2	74789685	74789850	74789422	74789567	PC	XM_004051614.4	-	3	74789567	74789685	117	12
NC_073233.2	7482580	7483774	-2	1	-	NC_073233.2	7483436	7483577	7483241	7483351	MUC6	XM_063710865.1	-	2	7483351	7483436	84	1
NC_073233.2	7482580	7483774	-2	1	-	NC_073233.2	7483241	7483351	7482617	7482802	MUC6	XM_063710865.1	-	2	7482802	7483241	438	1
NC_073233.2	7484973	7485606	-3	1	-	NC_073233.2	7485400	7485494	7485120	7485252	MUC6	XM_063710865.1	-	3	7485252	7485400	147	1
NC_073233.2	75206063	75206441	3	1	+	NC_073233.2	75206166	75206240	75206379	75206440	GRK2	XM_031016054.3	+	3	75206240	75206379	138	1
NC_073233.2	75218010	75218382	1	1	+	NC_073233.2	75218011	75218056	75218138	75218281	ANKRD13D	XM_004051626.5	+	1	75218056	75218138	81	1
NC_073233.2	75360788	75361295	3	1	+	NC_073233.2	75360989	75361089	75361204	75361294	RPS6KB2	XM_004051634.5	+	3	75361089	75361204	114	1
NC_073233.2	7538359	7539085	2	1	+	NC_073233.2	7538580	7538717	7538808	7538972	MUC2	XM_055355787.1	+	2	7538717	7538808	90	1
NC_073233.2	75426478	75426940	-2	1	-	NC_073233.2	75426827	75426888	75426483	75426733	PITPNM1	XM_004051641.5	-	2	75426733	75426827	93	4
NC_073233.2	7549030	7557646	2	1	+	NC_073233.2	7549218	7549895	7549992	7550132	MUC2	XM_055355787.1	+	2	7549895	7549992	96	1
NC_073233.2	7549030	7557646	2	1	+	NC_073233.2	7549992	7550132	7550676	7557398	MUC2	XM_055355787.1	+	2	7550132	7550676	543	1
NC_073233.2	7565873	7566518	3	1	+	NC_073233.2	7566006	7566128	7566381	7566479	MUC2	XM_055355787.1	+	3	7566128	7566381	252	1
NC_073233.2	75975919	75976378	2	1	+	NC_073233.2	75975941	75976066	75976241	75976345	TCIRG1	XM_004051664.4	+	2	75976066	75976241	174	2
NC_073233.2	7640486	7654049	3	1	+	NC_073233.2	7640623	7642194	7642339	7642486	MUC5AC	XM_055355788.2	+	3	7642194	7642339	144	1
NC_073233.2	7640486	7654049	3	1	+	NC_073233.2	7642339	7642486	7644074	7644591	MUC5AC	XM_055355788.2	+	3	7642486	7644074	1587	1
NC_073233.2	7640486	7654049	3	1	+	NC_073233.2	7644074	7644591	7645192	7645846	MUC5AC	XM_055355788.2	+	3	7644591	7645192	600	1
NC_073233.2	7640486	7654049	3	1	+	NC_073233.2	7645192	7645846	7646759	7648525	MUC5AC	XM_055355788.2	+	3	7645846	7646759	912	1
NC_073233.2	7640486	7654049	3	1	+	NC_073233.2	7646759	7648525	7648910	7650394	MUC5AC	XM_055355788.2	+	3	7648525	7648910	384	1
NC_073233.2	7640486	7654049	3	1	+	NC_073233.2	7648910	7650394	7651019	7652420	MUC5AC	XM_055355788.2	+	3	7650394	7651019	624	1
NC_073233.2	7640486	7654049	3	1	+	NC_073233.2	7651019	7652420	7652859	7654044	MUC5AC	XM_055355788.2	+	3	7652420	7652859	438	1
NC_073233.2	7655963	7656809	3	1	+	NC_073233.2	7656015	7656198	7656541	7656808	MUC5AC	XM_055355788.2	+	3	7656198	7656541	342	1
NC_073233.2	7660882	7661383	2	1	+	NC_073233.2	7660922	7661041	7661246	7661315	MUC5AC	XM_055355788.2	+	2	7661041	7661246	204	1
NC_073233.2	7688693	7689575	3	1	+	NC_073233.2	7688853	7688943	7689220	7689326	MUC5B	XM_063710824.1	+	3	7688943	7689220	276	1
NC_073233.2	7692925	7694086	2	1	+	NC_073233.2	7692950	7693019	7693437	7693574	MUC5B	XM_063710824.1	+	2	7693019	7693437	417	1
NC_073233.2	77017463	77018024	3	1	+	NC_073233.2	77017485	77017604	77017737	77017796	TPCN2	XM_031016229.3	+	3	77017604	77017737	132	10
NC_073233.2	7703066	7715603	3	1	+	NC_073233.2	7703119	7714806	7715326	7715507	MUC5B	XM_063710824.1	+	3	7714806	7715326	519	1
NC_073233.2	7722206	7723334	3	1	+	NC_073233.2	7722234	7722320	7722441	7722563	MUC5B	XM_063710824.1	+	3	7722320	7722441	120	1
NC_073233.2	7722206	7723334	3	1	+	NC_073233.2	7722441	7722563	7722771	7722813	MUC5B	XM_063710824.1	+	3	7722563	7722771	207	1
NC_073233.2	7892323	7892836	2	1	+	NC_073233.2	7892407	7892440	7892636	7892704	BRSK2	XM_055356630.2	+	2	7892440	7892636	195	8
NC_073233.2	7905634	7906294	2	1	+	NC_073233.2	7905845	7906025	7906095	7906184	BRSK2	XM_055356630.2	+	2	7906025	7906095	69	8
NC_073233.2	80119648	80120014	2	1	+	NC_073233.2	80119673	80119754	80119887	80119976	INPPL1	XM_031015986.3	+	2	80119754	80119887	132	9
NC_073233.2	80124278	80124587	3	1	+	NC_073233.2	80124279	80124412	80124500	80124587	INPPL1	XM_031015986.3	+	3	80124412	80124500	87	8
NC_073233.2	80471053	80471821	-2	1	-	NC_073233.2	80471500	80471677	80471150	80471262	PDE2A	XM_004051759.5	-	2	80471262	80471500	237	4
NC_073233.2	80476642	80476972	-2	1	-	NC_073233.2	80476853	80476927	80476697	80476738	PDE2A	XM_004051759.5	-	2	80476738	80476853	114	4
NC_073233.2	8052175	8053639	2	1	+	NC_073233.2	8052179	8052508	8052659	8053639	LOC129525216	XM_055354209.2	+	2	8052508	8052659	150	1
NC_073233.2	80586349	80586931	-2	1	-	NC_073233.2	80586664	80586859	80586351	80586402	ARAP1	XM_055356743.2	-	2	80586402	80586664	261	12
NC_073233.2	81279149	81279521	3	1	+	NC_073233.2	81279150	81279224	81279354	81279520	RELT	XM_004051781.5	+	3	81279224	81279354	129	2
NC_073233.2	8318521	8319259	2	1	+	NC_073233.2	8318786	8318879	8318976	8319139	SYT8	XM_019035987.4	+	2	8318879	8318976	96	1
NC_073233.2	8370408	8370846	1	1	+	NC_073233.2	8370523	8370600	8370760	8370846	LSP1	XM_019037320.2	+	1	8370600	8370760	159	10
NC_073233.2	8395298	8396075	3	1	+	NC_073233.2	8395551	8395667	8395761	8395838	TNNT3	XM_019036473.4	+	3	8395667	8395761	93	2
NC_073233.2	8395298	8396075	3	1	+	NC_073233.2	8395584	8395667	8395761	8395838	TNNT3	XM_019036476.4	+	3	8395667	8395761	93	2
NC_073233.2	8483609	8484470	-1	1	-	NC_073233.2	8484044	8484242	8483813	8483947	LOC129525318	XM_055355152.2	-	1	8483947	8484044	96	1
NC_073233.2	9368032	9368524	-2	1	-	NC_073233.2	9368254	9368389	9368033	9368166	CDKN1C	XM_031016052.3	-	2	9368166	9368254	87	2
NC_073234.2	111331503	111331851	-3	1	-	NC_073234.2	111331688	111331851	111331505	111331585	CCDC38	XM_004053704.4	-	3	111331585	111331688	102	3
NC_073234.2	111422241	111422469	-3	1	-	NC_073234.2	111422397	111422469	111422243	111422309	HAL	XM_019038819.2	-	3	111422309	111422397	87	1
NC_073234.2	111423240	111423504	-3	1	-	NC_073234.2	111423413	111423473	111423277	111423304	HAL	XM_019038819.2	-	3	111423304	111423413	108	1
NC_073234.2	119361639	119362086	1	1	+	NC_073234.2	119361663	119361741	119361826	119361981	HSP90B1	XM_019038374.3	+	1	119361741	119361826	84	1
NC_073234.2	122382817	122383078	-2	1	-	NC_073234.2	122382997	122383068	122382819	122382918	CRY1	XM_055358955.2	-	2	122382918	122382997	78	1
NC_073234.2	123938926	123939265	-2	1	-	NC_073234.2	123939163	123939240	123938969	123939027	SART3	XM_004053831.5	-	2	123939027	123939163	135	2
NC_073234.2	124490604	124491432	1	1	+	NC_073234.2	124490917	124490997	124491097	124491316	USP30	XM_004053852.4	+	1	124490997	124491097	99	5
NC_073234.2	124490604	124491432	1	1	+	NC_073234.2	124490917	124490997	124491097	124491427	USP30	XM_019039393.4	+	1	124490997	124491097	99	5
NC_073234.2	125881569	125883075	-3	1	-	NC_073234.2	125881949	125882295	125881633	125881852	GPN3	XM_004053883.5	-	3	125881852	125881949	96	1
NC_073234.2	125881569	125883075	-3	1	-	NC_073234.2	125881949	125882295	125881603	125881852	GPN3	XM_055359026.2	-	3	125881852	125881949	96	1
NC_073234.2	125932499	125932766	3	1	+	NC_073234.2	125932504	125932610	125932701	125932765	RAD9B	XM_019038472.4	+	3	125932610	125932701	90	7
NC_073234.2	126865491	126865773	1	1	+	NC_073234.2	126865492	126865593	126865681	126865772	SH2B3	XM_019038808.3	+	1	126865593	126865681	87	5
NC_073234.2	126865953	126866586	1	1	+	NC_073234.2	126866069	126866283	126866380	126866551	SH2B3	XM_019038808.3	+	1	126866283	126866380	96	5
NC_073234.2	127160073	127160574	1	1	+	NC_073234.2	127160143	127160280	127160386	127160476	ACAD10	XM_004053902.4	+	1	127160280	127160386	105	4
NC_073234.2	127572298	127573300	-2	1	-	NC_073234.2	127573109	127573212	127572611	127572832	HECTD4	XM_031001130.3	-	2	127572832	127573109	276	5
NC_073234.2	128560689	128561241	-3	1	-	NC_073234.2	128560989	128561219	128560831	128560904	DDX54	XM_004053932.5	-	3	128560904	128560989	84	4
NC_073234.2	128670751	128671279	2	1	+	NC_073234.2	128670833	128670949	128671154	128671278	TPCN1	XM_004053937.5	+	2	128670949	128671154	204	12
NC_073234.2	135605858	135606275	-1	1	-	NC_073234.2	135606174	135606261	135605910	135606056	RPLP0	XM_004053990.4	-	1	135606056	135606174	117	2
NC_073234.2	135719670	135720357	1	1	+	NC_073234.2	135719781	135720075	135720208	135720357	SIRT4	XM_004053995.4	+	1	135720075	135720208	132	5
NC_073234.2	135786832	135788497	-2	1	-	NC_073234.2	135787816	135787984	135787616	135787656	MSI1	XM_055358181.2	-	2	135787656	135787816	159	3
NC_073234.2	135787520	135788303	-1	1	-	NC_073234.2	135787816	135787874	135787616	135787656	MSI1	XM_031001179.3	-	1	135787656	135787816	159	6
NC_073234.2	136887961	136888867	-2	1	-	NC_073234.2	136888418	136888504	136887980	136888240	KDM2B	XM_031000895.3	-	2	136888240	136888418	177	13
NC_073234.2	137247567	137248575	1	1	+	NC_073234.2	137247766	137247939	137248147	137248245	SETD1B	XM_055358194.2	+	1	137247939	137248147	207	4
NC_073234.2	137259968	137261123	3	1	+	NC_073234.2	137260089	137260350	137260426	137260754	SETD1B	XM_055358194.2	+	3	137260350	137260426	75	4
NC_073234.2	137270749	137271328	2	1	+	NC_073234.2	137270786	137270905	137270984	137271121	SETD1B	XM_055358194.2	+	2	137270905	137270984	78	4
NC_073234.2	137613442	137613961	-2	1	-	NC_073234.2	137613841	137613856	137613527	137613675	IL31	XM_004054063.3	-	2	137613675	137613841	165	1
NC_073234.2	138290095	138290587	2	1	+	NC_073234.2	138290204	138290351	138290445	138290531	HIP1R	XM_019038921.4	+	2	138290351	138290445	93	6
NC_073234.2	138290757	138291300	1	1	+	NC_073234.2	138290933	138291040	138291152	138291288	HIP1R	XM_019038921.4	+	1	138291040	138291152	111	6
NC_073234.2	138413996	138414635	3	1	+	NC_073234.2	138414058	138414185	138414369	138414626	OGFOD2	XM_004054094.5	+	3	138414185	138414369	183	3
NC_073234.2	138413996	138414635	3	1	+	NC_073234.2	138414147	138414185	138414369	138414626	OGFOD2	XM_019038336.4	+	3	138414185	138414369	183	4
NC_073234.2	138421620	138422589	-3	1	-	NC_073234.2	138422275	138422458	138422065	138422193	PITPNM2	XM_019038340.4	-	3	138422193	138422275	81	9
NC_073234.2	140411788	140412283	-2	1	-	NC_073234.2	140412052	140412176	140411845	140411961	DHX37	XM_004054143.4	-	2	140411961	140412052	90	4
NC_073234.2	147412692	147413649	1	1	+	NC_073234.2	147412857	147412966	147413489	147413632	ULK1	XM_031000660.3	+	1	147412966	147413489	522	2
NC_073234.2	147541398	147541755	1	1	+	NC_073234.2	147541450	147541494	147541579	147541732	EP400	XM_019038568.4	+	1	147541494	147541579	84	18
NC_073234.2	147644208	147644628	1	1	+	NC_073234.2	147644209	147644358	147644464	147644563	NOC4L	XM_063694503.1	+	1	147644358	147644464	105	1
NC_073234.2	147646900	147647389	2	1	+	NC_073234.2	147647075	147647188	147647273	147647389	NOC4L	XM_063694503.1	+	2	147647188	147647273	84	1
NC_073234.2	148064519	148065353	3	1	+	NC_073234.2	148064614	148064929	148065023	148065228	FBRSL1	XM_055357685.2	+	3	148064929	148065023	93	15
NC_073234.2	148064519	148065353	3	1	+	NC_073234.2	148064614	148064929	148065026	148065228	FBRSL1	XM_055357686.2	+	3	148064929	148065026	96	1
NC_073234.2	148068849	148069620	1	1	+	NC_073234.2	148069006	148069035	148069180	148069251	FBRSL1	XM_055357685.2	+	1	148069035	148069180	144	16
NC_073234.2	148113318	148114797	1	1	+	NC_073234.2	148113994	148114166	148114485	148114620	P2RX2	XM_031000818.2	+	1	148114166	148114485	318	7
NC_073234.2	148162872	148163421	-3	1	-	NC_073234.2	148163298	148163400	148163013	148163159	POLE	XM_031000656.3	-	3	148163159	148163298	138	1
NC_073234.2	148241017	148241656	-2	1	-	NC_073234.2	148241417	148241610	148241111	148241299	ANKLE2	XM_055357728.2	-	2	148241299	148241417	117	2
NC_073234.2	17523649	17524252	-2	1	-	NC_073234.2	17524052	17524141	17523833	17523946	CACNA2D4	XM_063693749.1	-	2	17523946	17524052	105	1
NC_073234.2	21263159	21263840	-1	1	-	NC_073234.2	21263628	21263685	21263383	21263483	ANO2	XM_031001166.3	-	1	21263483	21263628	144	1
NC_073234.2	21991004	21991523	-1	1	-	NC_073234.2	21991304	21991453	21991006	21991084	TNFRSF1A	XM_004052548.5	-	1	21991084	21991304	219	1
NC_073234.2	22211494	22211887	-2	1	-	NC_073234.2	22211798	22211858	22211552	22211647	IFFO1	XM_019038112.4	-	2	22211647	22211798	150	12
NC_073234.2	22491317	22491791	3	1	+	NC_073234.2	22491345	22491546	22491631	22491762	P3H3	XM_004052594.5	+	3	22491546	22491631	84	1
NC_073234.2	22498486	22499086	2	1	+	NC_073234.2	22498758	22498875	22498984	22499059	P3H3	XM_004052594.5	+	2	22498875	22498984	108	1
NC_073234.2	22599710	22600220	3	1	+	NC_073234.2	22599817	22599997	22600190	22600220	ATN1	XM_031007256.3	+	3	22599997	22600190	192	3
NC_073234.2	22637937	22638678	-3	1	-	NC_073234.2	22638313	22638460	22638082	22638240	LPCAT3	XM_004052608.5	-	3	22638240	22638313	72	1
NC_073234.2	22849326	22850043	1	1	+	NC_073234.2	22849336	22849382	22849764	22849926	PEX5	XM_019039216.3	+	1	22849382	22849764	381	2
NC_073234.2	22849326	22850043	1	1	+	NC_073234.2	22849336	22849382	22849764	22849971	PEX5	XM_055358579.2	+	1	22849382	22849764	381	2
NC_073234.2	28597432	28597990	2	1	+	NC_073234.2	28597481	28597577	28597683	28597823	EMP1	XM_004052769.5	+	2	28597577	28597683	105	2
NC_073234.2	28597432	28597990	2	1	+	NC_073234.2	28597481	28597577	28597683	28597990	EMP1	XM_063693819.1	+	2	28597577	28597683	105	2
NC_073234.2	43654936	43655416	-2	1	-	NC_073234.2	43655174	43655274	43654942	43654993	OS9	XM_004053478.4	-	2	43654993	43655174	180	4
NC_073234.2	43732131	43732758	1	1	+	NC_073234.2	43732316	43732414	43732559	43732749	B4GALNT1	XM_019039074.3	+	1	43732414	43732559	144	8
NC_073234.2	43747678	43748218	-2	1	-	NC_073234.2	43748039	43748105	43747680	43747783	ARHGEF25	XM_019039081.4	-	2	43747783	43748039	255	6
NC_073234.2	43789027	43789801	-2	1	-	NC_073234.2	43789544	43789750	43789085	43789231	KIF5A	XM_019038154.3	-	2	43789231	43789544	312	1
NC_073234.2	43798011	43798413	-3	1	-	NC_073234.2	43798305	43798392	43798138	43798211	KIF5A	XM_019038154.3	-	3	43798211	43798305	93	1
NC_073234.2	43833163	43833796	-2	1	-	NC_073234.2	43833323	43833736	43833165	43833217	MBD6	XM_031016609.3	-	2	43833217	43833323	105	3
NC_073234.2	43833163	43833796	-2	1	-	NC_073234.2	43833323	43833739	43833165	43833217	MBD6	XM_055359274.2	-	2	43833217	43833323	105	8
NC_073234.2	43881592	43881970	2	1	+	NC_073234.2	43881593	43881725	43881810	43881917	ARHGAP9	XM_019038170.3	+	2	43881725	43881810	84	4
NC_073234.2	44124413	44124950	-1	1	-	NC_073234.2	44124759	44124924	44124434	44124533	SHMT2	XM_004053422.5	-	1	44124533	44124759	225	6
NC_073234.2	44164343	44165264	-1	1	-	NC_073234.2	44164730	44164858	44164349	44164468	LRP1	XM_055359318.2	-	1	44164468	44164730	261	1
NC_073234.2	44310031	44310421	2	1	+	NC_073234.2	44310086	44310199	44310305	44310420	MYO1A	XM_063694605.1	+	2	44310199	44310305	105	1
NC_073234.2	45018076	45018604	2	1	+	NC_073234.2	45018095	45018193	45018296	45018431	STAT2	XM_004053376.5	+	2	45018193	45018296	102	2
NC_073234.2	45041983	45042724	2	1	+	NC_073234.2	45042254	45042382	45042470	45042669	PAN2	XM_019038208.4	+	2	45042382	45042470	87	22
NC_073234.2	45425946	45426606	-3	1	-	NC_073234.2	45426544	45426593	45426115	45426189	DGKA	XM_004053332.5	-	3	45426189	45426544	354	7
NC_073234.2	45664655	45665144	3	1	+	NC_073234.2	45664709	45664770	45664918	45665087	ITGA7	XM_004053305.4	+	3	45664770	45664918	147	10
NC_073234.2	46938235	46938724	2	1	+	NC_073234.2	46938261	46938373	46938506	46938626	ITGA5	XM_004053263.5	+	2	46938373	46938506	132	1
NC_073234.2	46943364	46943706	1	1	+	NC_073234.2	46943375	46943420	46943604	46943705	ITGA5	XM_004053263.5	+	1	46943420	46943604	183	1
NC_073234.2	47865631	47866636	2	1	+	NC_073234.2	47865652	47865846	47865949	47866573	MAP3K12	XM_031000950.3	+	2	47865846	47865949	102	3
NC_073234.2	47865631	47866636	2	1	+	NC_073234.2	47865652	47865789	47865949	47866573	MAP3K12	XM_031000951.3	+	2	47865789	47865949	159	2
NC_073234.2	48249296	48249860	-1	1	-	NC_073234.2	48249681	48249826	48249378	48249497	IGFBP6	XM_004053209.4	-	1	48249497	48249681	183	1
NC_073234.2	48294649	48295057	-2	1	-	NC_073234.2	48294806	48294928	48294651	48294715	TNS2	XM_004053204.4	-	2	48294715	48294806	90	7
NC_073234.2	48920283	48920796	1	1	+	NC_073234.2	48920308	48920433	48920575	48920795	KRT75	XM_004053169.5	+	1	48920433	48920575	141	1
NC_073234.2	49174441	49174906	2	1	+	NC_073234.2	49174594	49174649	49174785	49174906	KRT80	XM_004053164.5	+	2	49174649	49174785	135	1
NC_073234.2	50983038	50989911	1	1	+	NC_073234.2	50983094	50986107	50986180	50989910	FAM186A	XM_063694007.1	+	1	50986107	50986180	72	1
NC_073234.2	51203994	51204333	1	1	+	NC_073234.2	51203995	51204123	51204226	51204332	CERS5	XM_031001070.3	+	1	51204123	51204226	102	5
NC_073234.2	51251986	51252373	-2	1	-	NC_073234.2	51252176	51252337	51251988	51252085	SMARCD1	XM_031001078.3	-	2	51252085	51252176	90	7
NC_073234.2	51547162	51547789	2	1	+	NC_073234.2	51547182	51547490	51547572	51547714	NCKAP5L	XM_004053087.5	+	2	51547490	51547572	81	3
NC_073234.2	52007439	52007970	-3	1	-	NC_073234.2	52007659	52007787	52007470	52007553	TROAP	XM_019037932.4	-	3	52007553	52007659	105	3
NC_073234.2	52067785	52068349	-2	1	-	NC_073234.2	52068103	52068325	52067801	52067949	TUBA1C	XM_019037939.4	-	2	52067949	52068103	153	1
NC_073234.2	52231485	52231896	1	1	+	NC_073234.2	52231544	52231627	52231724	52231800	LMBR1L	XM_019037940.3	+	1	52231627	52231724	96	5
NC_073234.2	52299098	52299599	3	1	+	NC_073234.2	52299155	52299330	52299433	52299563	KMT2D	XM_055357302.2	+	3	52299330	52299433	102	6
NC_073234.2	52300126	52300702	2	1	+	NC_073234.2	52300250	52300382	52300461	52300588	KMT2D	XM_055357302.2	+	2	52300382	52300461	78	6
NC_073234.2	52549333	52549864	2	1	+	NC_073234.2	52549453	52549594	52549712	52549840	ADCY6	XM_004053055.4	+	2	52549594	52549712	117	3
NC_073234.2	52833054	52833396	-3	1	-	NC_073234.2	52833317	52833321	52833103	52833133	C10H12orf54	XM_019038028.3	-	3	52833133	52833317	183	3
NC_073234.2	53480191	53480776	2	1	+	NC_073234.2	53480265	53480452	53480585	53480675	HDAC7	XM_055357358.2	+	2	53480452	53480585	132	6
NC_073234.2	53480191	53480776	2	1	+	NC_073234.2	53480312	53480452	53480585	53480675	HDAC7	XM_055357362.2	+	2	53480452	53480585	132	3
NC_073234.2	60733364	60733682	-1	1	-	NC_073234.2	60733586	60733639	60733373	60733426	MUC19	XM_055358896.2	-	1	60733426	60733586	159	1
NC_073234.2	60770922	60771207	-3	1	-	NC_073234.2	60771132	60771185	60770958	60771011	MUC19	XM_055358896.2	-	3	60771011	60771132	120	1
NC_073234.2	60790981	60802768	-2	1	-	NC_073234.2	60797094	60802698	60795956	60796973	MUC19	XM_055358896.2	-	2	60796973	60797094	120	1
NC_073234.2	60790981	60802768	-2	1	-	NC_073234.2	60795956	60796973	60792913	60795895	MUC19	XM_055358896.2	-	2	60795895	60795956	60	1
NC_073234.2	60790981	60802768	-2	1	-	NC_073234.2	60792913	60795895	60791107	60792882	MUC19	XM_055358896.2	-	2	60792882	60792913	30	1
NC_073234.2	73968972	73969479	-3	1	-	NC_073234.2	73969377	73969479	73969144	73969205	STK38L	XM_019038734.4	-	3	73969205	73969377	171	3
NC_073234.2	81526799	81527168	3	1	+	NC_073234.2	81526800	81526862	81526950	81527114	IRAK3	XM_031001115.3	+	3	81526862	81526950	87	2
NC_073234.2	96051845	96052433	3	1	+	NC_073234.2	96051999	96052089	96052318	96052433	MYF6	XM_004053622.5	+	3	96052089	96052318	228	1
NC_073235.2	120963059	120963584	-2	1	-	NC_073235.2	120963461	120963544	120963228	120963343	AAMP	XM_004033204.4	-	2	120963343	120963461	117	2
NC_073235.2	121330476	121331115	1	1	+	NC_073235.2	121330633	121330728	121330852	121331008	PLCD4	XM_055379591.1	+	1	121330728	121330852	123	6
NC_073235.2	121508747	121509230	3	1	+	NC_073235.2	121508748	121508960	121509114	121509230	CYP27A1	XM_004033222.4	+	3	121508960	121509114	153	1
NC_073235.2	121709079	121709865	-1	1	-	NC_073235.2	121709579	121709755	121709230	121709296	CFAP65	XM_019021623.4	-	1	121709296	121709579	282	3
NC_073235.2	121727154	121727973	-1	1	-	NC_073235.2	121727688	121727887	121727272	121727417	CFAP65	XM_019021623.4	-	1	121727417	121727688	270	3
NC_073235.2	121863986	121864505	-2	1	-	NC_073235.2	121864365	121864488	121864100	121864214	SLC23A3	XM_004033241.4	-	2	121864214	121864365	150	1
NC_073235.2	121870880	121871273	-2	1	-	NC_073235.2	121871136	121871256	121870926	121871054	CNPPD1	XM_004033239.4	-	2	121871054	121871136	81	3
NC_073235.2	121943224	121943902	2	1	+	NC_073235.2	121943276	121943409	121943578	121943698	STK16	XM_004033249.5	+	2	121943409	121943578	168	2
NC_073235.2	121986300	121986711	-1	1	-	NC_073235.2	121986610	121986683	121986301	121986369	PTPRN	XM_019022380.4	-	1	121986369	121986610	240	9
NC_073235.2	121992664	121993321	-3	1	-	NC_073235.2	121993069	121993216	121992833	121992906	PTPRN	XM_019022380.4	-	3	121992906	121993069	162	9
NC_073235.2	122156039	122156669	3	1	+	NC_073235.2	122156164	122156339	122156580	122156668	SPEG	XM_031008430.3	+	3	122156339	122156580	240	11
NC_073235.2	122156039	122156669	3	1	+	NC_073235.2	122156271	122156339	122156580	122156668	SPEG	XM_031008437.3	+	3	122156339	122156580	240	2
NC_073235.2	122183302	122184379	2	1	+	NC_073235.2	122183364	122183531	122183646	122184249	SPEG	XM_031008430.3	+	2	122183531	122183646	114	9
NC_073235.2	122199732	122200131	1	1	+	NC_073235.2	122199759	122199856	122200016	122200062	GMPPA	XM_004033256.4	+	1	122199856	122200016	159	4
NC_073235.2	122231282	122231774	3	1	+	NC_073235.2	122231375	122231466	122231551	122231630	ASIC4	XM_004033253.4	+	3	122231466	122231551	84	1
NC_073235.2	122251496	122252591	-2	1	-	NC_073235.2	122252144	122252431	122251682	122251957	OBSL1	XM_031008444.3	-	2	122251957	122252144	186	6
NC_073235.2	122300037	122300628	1	1	+	NC_073235.2	122300174	122300277	122300413	122300508	STK11IP	XM_004033261.5	+	1	122300277	122300413	135	3
NC_073235.2	127510307	127510637	-2	1	-	NC_073235.2	127510463	127510577	127510309	127510375	DOCK10	XM_019021971.4	-	2	127510375	127510463	87	11
NC_073235.2	134622625	134623618	-3	1	-	NC_073235.2	134623358	134623447	134622626	134622913	NPPC	XM_019021879.4	-	3	134622913	134623358	444	1
NC_073235.2	135095668	135096235	2	1	+	NC_073235.2	135095792	135095926	135096026	135096098	LOC115933736	XM_031008587.3	+	2	135095926	135096026	99	1
NC_073235.2	135112620	135113187	1	1	+	NC_073235.2	135112744	135112878	135112978	135113050	LOC115933737	XM_055379771.1	+	1	135112878	135112978	99	1
NC_073235.2	135149270	135149720	3	1	+	NC_073235.2	135149283	135149376	135149554	135149589	LOC129532103	XM_055380226.2	+	3	135149376	135149554	177	1
NC_073235.2	135162288	135162894	1	1	+	NC_073235.2	135162431	135162565	135162650	135162841	ALPI	XM_004033358.5	+	1	135162565	135162650	84	1
NC_073235.2	135188704	135189613	-3	1	-	NC_073235.2	135189392	135189502	135189212	135189304	ECEL1	XM_004033359.3	-	3	135189304	135189392	87	1
NC_073235.2	135188704	135189613	-3	1	-	NC_073235.2	135189212	135189304	135188883	135189007	ECEL1	XM_004033359.3	-	3	135189007	135189212	204	1
NC_073235.2	135226000	135226708	2	1	+	NC_073235.2	135226348	135226447	135226535	135226694	PRSS56	XM_004033360.2	+	2	135226447	135226535	87	2
NC_073235.2	135231936	135232536	1	1	+	NC_073235.2	135232078	135232187	135232317	135232472	CHRND	XM_019021826.3	+	1	135232187	135232317	129	2
NC_073235.2	136763348	136763699	3	1	+	NC_073235.2	136763379	136763463	136763563	136763687	SPP2	XM_004033395.1	+	3	136763463	136763563	99	1
NC_073235.2	140845933	140847124	2	1	+	NC_073235.2	140846388	140846650	140846726	140846834	ERFE	XM_019021776.4	+	2	140846650	140846726	75	4
NC_073235.2	140940994	140941393	-3	1	-	NC_073235.2	140941221	140941368	140941000	140941124	PER2	XM_004033434.4	-	3	140941124	140941221	96	3
NC_073235.2	143628340	143629153	2	1	+	NC_073235.2	143628452	143628589	143628707	143629064	CROCC2	XM_055379988.2	+	2	143628589	143628707	117	1
NC_073235.2	143697139	143697979	2	1	+	NC_073235.2	143697462	143697575	143697687	143697800	SNED1	XM_031008467.3	+	2	143697575	143697687	111	8
NC_073235.2	143697139	143697979	2	1	+	NC_073235.2	143697486	143697575	143697687	143697800	SNED1	XM_063695358.1	+	2	143697575	143697687	111	1
NC_073235.2	143881740	143882778	1	1	+	NC_073235.2	143882003	143882208	143882635	143882777	ANO7	XM_031007184.3	+	1	143882208	143882635	426	1
NC_073235.2	143888300	143889134	3	1	+	NC_073235.2	143888646	143888765	143888889	143888939	ANO7	XM_031007184.3	+	3	143888765	143888889	123	1
NC_073235.2	143888300	143889134	3	1	+	NC_073235.2	143888889	143888939	143889081	143889134	ANO7	XM_031007184.3	+	3	143888939	143889081	141	1
NC_073235.2	144817948	144818503	2	1	+	NC_073235.2	144817979	144818188	144818264	144818386	LOC101144552	XM_055380036.2	+	2	144818188	144818264	75	5
NC_073235.2	144821590	144822028	2	1	+	NC_073235.2	144821671	144821746	144821816	144821916	LOC101144552	XM_055380036.2	+	2	144821746	144821816	69	4
NC_073235.2	20345771	20346260	-2	1	-	NC_073235.2	20345859	20345958	20345772	20345774	LOC134756630	XM_063694700.1	-	2	20345774	20345859	84	1
NC_073235.2	28441212	28441884	1	1	+	NC_073235.2	28441342	28441540	28441640	28441714	TEX51	XM_019021839.3	+	1	28441540	28441640	99	11
NC_073235.2	29188703	29189489	3	1	+	NC_073235.2	29188830	29188917	29189356	29189462	MYO7B	XM_055380671.2	+	3	29188917	29189356	438	1
NC_073235.2	29189636	29190713	3	1	+	NC_073235.2	29189913	29190098	29190444	29190560	MYO7B	XM_055380671.2	+	3	29190098	29190444	345	1
NC_073235.2	29503335	29503914	-1	1	-	NC_073235.2	29503629	29503877	29503338	29503463	SAP130	XM_004032531.4	-	1	29503463	29503629	165	9
NC_073235.2	32527362	32527893	-1	1	-	NC_073235.2	32527732	32527821	32527409	32527497	PTPN18	XM_004032548.5	-	1	32527497	32527732	234	3
NC_073235.2	32538955	32539678	-3	1	-	NC_073235.2	32539364	32539440	32539181	32539276	PTPN18	XM_004032548.5	-	3	32539276	32539364	87	2
NC_073235.2	54190677	54191181	-1	1	-	NC_073235.2	54191059	54191166	54190852	54190965	NEB	XM_031008470.3	-	1	54190965	54191059	93	1
NC_073235.2	64734014	64734404	-2	1	-	NC_073235.2	64734291	64734381	64734015	64734191	IFIH1	XM_004032711.5	-	2	64734191	64734291	99	1
NC_073235.2	70554855	70555326	-1	1	-	NC_073235.2	70555153	70555275	70555024	70555053	STK39	XM_004032736.5	-	1	70555053	70555153	99	1
NC_073235.2	71336222	71336615	3	1	+	NC_073235.2	71336250	71336348	71336445	71336570	NOSTRIN	XM_019022708.4	+	3	71336348	71336445	96	12
NC_073235.2	81023299	81025495	-3	1	-	NC_073235.2	81025177	81025482	81023305	81025071	TTN	XM_063695029.1	-	3	81025071	81025177	105	1
NC_073235.2	81050205	81051120	-1	1	-	NC_073235.2	81050460	81051047	81050265	81050369	TTN	XM_063695029.1	-	1	81050369	81050460	90	1
NC_073235.2	81051143	81051938	-2	1	-	NC_073235.2	81051593	81051883	81051215	81051502	TTN	XM_063695029.1	-	2	81051502	81051593	90	1
NC_073235.2	81102739	81103306	-3	1	-	NC_073235.2	81103012	81103278	81102782	81102921	TTN	XM_063695029.1	-	3	81102921	81103012	90	1
NC_073235.2	81123987	81124365	-1	1	-	NC_073235.2	81124203	81124286	81124035	81124118	TTN	XM_063695029.1	-	1	81124118	81124203	84	1
NC_073235.2	81191241	81192018	-1	1	-	NC_073235.2	81191646	81191924	81191244	81191525	TTN	XM_063695029.1	-	1	81191525	81191646	120	1
NC_073235.2	81194259	81194997	-1	1	-	NC_073235.2	81194679	81194957	81194307	81194585	TTN	XM_063695029.1	-	1	81194585	81194679	93	1
NC_073235.2	81271216	81271690	-3	1	-	NC_073235.2	81271556	81271641	81271218	81271462	TTN	XM_055380317.2	-	3	81271462	81271556	93	2
NC_073236.2	102976263	102976629	1	1	+	NC_073236.2	102976289	102976375	102976463	102976629	STRN	XM_031008128.3	+	1	102976375	102976463	87	3
NC_073236.2	108704691	108705201	1	1	+	NC_073236.2	108704810	108704928	108705064	108705200	CAPN14	XM_055378821.2	+	1	108704928	108705064	135	1
NC_073236.2	110690926	110691223	2	1	+	NC_073236.2	110690959	110691049	110691158	110691222	ALK	XM_019021235.4	+	2	110691049	110691158	108	1
NC_073236.2	112467835	112468399	-1	1	-	NC_073236.2	112468136	112468342	112467884	112468018	KRTCAP3	XM_004029018.3	-	1	112468018	112468136	117	4
NC_073236.2	112468493	112468904	-3	1	-	NC_073236.2	112468656	112468840	112468518	112468577	KRTCAP3	XM_004029018.3	-	3	112468577	112468656	78	3
NC_073236.2	112667205	112667613	-2	1	-	NC_073236.2	112667458	112667613	112667260	112667361	CAD	XM_004028986.5	-	2	112667361	112667458	96	2
NC_073236.2	112674506	112675004	-3	1	-	NC_073236.2	112674822	112675004	112674609	112674713	CAD	XM_004028986.5	-	3	112674713	112674822	108	2
NC_073236.2	112778079	112778535	1	1	+	NC_073236.2	112778103	112778276	112778424	112778496	PREB	XM_004028980.4	+	1	112778276	112778424	147	2
NC_073236.2	113437802	113438924	3	1	+	NC_073236.2	113437845	113438006	113438118	113438280	OTOF	XM_019020612.4	+	3	113438006	113438118	111	3
NC_073236.2	113437802	113438924	3	1	+	NC_073236.2	113438118	113438280	113438743	113438873	OTOF	XM_019020612.4	+	3	113438280	113438743	462	1
NC_073236.2	113437802	113438924	3	1	+	NC_073236.2	113438118	113438280	113438803	113438873	OTOF	XM_055377603.2	+	3	113438280	113438803	522	2
NC_073236.2	115912143	115912647	-2	1	-	NC_073236.2	115912551	115912629	115912327	115912457	MFSD2B	XM_019021464.4	-	2	115912457	115912551	93	1
NC_073236.2	116228333	116229098	-3	1	-	NC_073236.2	116228873	116229071	116228561	116228743	KLHL29	XM_031008275.3	-	3	116228743	116228873	129	3
NC_073236.2	136285647	136286352	-2	1	-	NC_073236.2	136286235	136286330	136285648	136286036	COLEC11	XM_004028786.5	-	2	136286036	136286235	198	5
NC_073236.2	22487108	22487636	3	1	+	NC_073236.2	22487131	22487262	22487437	22487547	LOC134756832	XM_063696141.1	+	3	22487262	22487437	174	1
NC_073236.2	34032323	34033169	-3	1	-	NC_073236.2	34032590	34033121	34032384	34032505	DUSP2	XM_004031415.5	-	3	34032505	34032590	84	1
NC_073236.2	34154230	34154650	2	1	+	NC_073236.2	34154267	34154378	34154478	34154566	CIAO1	XM_004031418.5	+	2	34154378	34154478	99	1
NC_073236.2	34506587	34507025	-3	1	-	NC_073236.2	34506864	34506965	34506684	34506755	KANSL3	XM_004031435.5	-	3	34506755	34506864	108	22
NC_073236.2	34754545	34755649	-1	1	-	NC_073236.2	34755496	34755566	34754546	34755372	SEMA4C	XM_019020810.4	-	1	34755372	34755496	123	7
NC_073236.2	34759267	34759894	-1	1	-	NC_073236.2	34759811	34759873	34759610	34759708	SEMA4C	XM_019020810.4	-	1	34759708	34759811	102	7
NC_073236.2	35535628	35536084	2	1	+	NC_073236.2	35535728	35535815	35535900	35535946	ZAP70	XM_031008383.3	+	2	35535815	35535900	84	1
NC_073236.2	35616503	35616998	-3	1	-	NC_073236.2	35616795	35616948	35616531	35616701	TMEM131	XM_004031466.5	-	3	35616701	35616795	93	3
NC_073236.2	38880377	38880854	-3	1	-	NC_073236.2	38880708	38880837	38880453	38880551	TBC1D8	XM_004031511.4	-	3	38880551	38880708	156	4
NC_073236.2	54424328	54425186	3	1	+	NC_073236.2	54424389	54424481	54425019	54425151	CAPG	XM_004029537.5	+	3	54424481	54425019	537	10
NC_073236.2	65251086	65251617	-2	1	-	NC_073236.2	65251450	65251482	65251119	65251224	HTRA2	XM_004029478.5	-	2	65251224	65251450	225	2
NC_073236.2	65291021	65291507	-3	1	-	NC_073236.2	65291394	65291474	65291097	65291288	TTC31	XM_004029466.5	-	3	65291288	65291394	105	13
NC_073236.2	65291021	65291507	-3	1	-	NC_073236.2	65291394	65291474	65291103	65291288	TTC31	XM_019020892.4	-	3	65291288	65291394	105	6
NC_073236.2	65356973	65357348	-3	1	-	NC_073236.2	65357181	65357255	65356974	65357102	WDR54	XM_004029461.5	-	3	65357102	65357181	78	5
NC_073236.2	67619154	67620069	1	1	+	NC_073236.2	67619446	67619475	67619599	67619823	CYP26B1	XM_031008316.3	+	1	67619475	67619599	123	1
NC_073236.2	68915029	68915671	2	1	+	NC_073236.2	68915130	68915246	68915577	68915666	CLEC4F	XM_055378913.2	+	2	68915246	68915577	330	1
NC_073236.2	78291177	78291678	1	1	+	NC_073236.2	78291178	78291316	78291485	78291666	XPO1	XM_004029290.5	+	1	78291316	78291485	168	4
NC_073236.2	78836086	78836428	2	1	+	NC_073236.2	78836202	78836278	78836372	78836427	PUS10	XM_031008181.3	+	2	78836278	78836372	93	12
NC_073236.2	84133065	84133647	1	1	+	NC_073236.2	84133276	84133342	84133427	84133516	PNPT1	XM_019021552.4	+	1	84133342	84133427	84	2
NC_073236.2	91259933	91260215	-3	1	-	NC_073236.2	91260114	91260215	91259935	91260023	PPP1R21	XM_004029211.5	-	3	91260023	91260114	90	2
NC_073236.2	99599081	99599336	3	1	+	NC_073236.2	99599110	99599127	99599230	99599244	SLC8A1	XM_019021173.4	+	3	99599127	99599230	102	16
NC_073237.2	109600735	109602841	-1	1	-	NC_073237.2	109601461	109602817	109600736	109600872	LOC129524559	XM_063696222.1	-	1	109600872	109601461	588	1
NC_073237.2	110440239	110440704	-2	1	-	NC_073237.2	110440535	110440635	110440326	110440444	KIF12	XM_004048494.5	-	2	110440444	110440535	90	2
NC_073237.2	110588255	110588915	3	1	+	NC_073237.2	110588349	110588402	110588562	110588615	COL27A1	XM_031014649.3	+	3	110588402	110588562	159	4
NC_073237.2	12278844	12281127	1	1	+	NC_073237.2	12278867	12278991	12279589	12279642	LOC115933174	XM_063696942.1	+	1	12278991	12279589	597	1
NC_073237.2	12278844	12281127	1	1	+	NC_073237.2	12279589	12279642	12279859	12280440	LOC115933174	XM_063696942.1	+	1	12279642	12279859	216	1
NC_073237.2	12278844	12281127	1	1	+	NC_073237.2	12279859	12280440	12280480	12280635	LOC115933174	XM_063696942.1	+	1	12280440	12280480	39	1
NC_073237.2	12278844	12281127	1	1	+	NC_073237.2	12280480	12280635	12280804	12280929	LOC115933174	XM_063696942.1	+	1	12280635	12280804	168	1
NC_073237.2	12278844	12281127	1	1	+	NC_073237.2	12280804	12280929	12280993	12281127	LOC115933174	XM_063696942.1	+	1	12280929	12280993	63	1
NC_073237.2	124092867	124093191	-2	1	-	NC_073237.2	124093144	124093189	124092868	124093047	PTRH1	XM_004048639.5	-	2	124093047	124093144	96	1
NC_073237.2	124092867	124093191	-2	1	-	NC_073237.2	124093144	124093189	124092868	124092954	PTRH1	XM_019033264.4	-	2	124092954	124093144	189	1
NC_073237.2	124095902	124096631	3	1	+	NC_073237.2	124096106	124096196	124096401	124096544	TTC16	XM_004048638.5	+	3	124096196	124096401	204	4
NC_073237.2	124187801	124188311	3	1	+	NC_073237.2	124187826	124187973	124188067	124188156	FPGS	XM_004048644.5	+	3	124187973	124188067	93	4
NC_073237.2	124643216	124644197	-3	1	-	NC_073237.2	124643943	124644061	124643469	124643687	GOLGA2	XM_019033287.4	-	3	124643687	124643943	255	6
NC_073237.2	124643216	124644197	-3	1	-	NC_073237.2	124643469	124643687	124643279	124643381	GOLGA2	XM_019033287.4	-	3	124643381	124643469	87	6
NC_073237.2	124652679	124653039	-2	1	-	NC_073237.2	124652980	124653039	124652716	124652796	GOLGA2	XM_019033287.4	-	2	124652796	124652980	183	3
NC_073237.2	124739103	124739637	1	1	+	NC_073237.2	124739159	124739323	124739411	124739557	SLC27A4	XM_004048683.5	+	1	124739323	124739411	87	4
NC_073237.2	124812543	124812870	1	1	+	NC_073237.2	124812590	124812666	124812763	124812869	CERCAM	XM_004048686.5	+	1	124812666	124812763	96	2
NC_073237.2	124919509	124919989	2	1	+	NC_073237.2	124919550	124919692	124919798	124919988	GLE1	XM_031014302.3	+	2	124919692	124919798	105	1
NC_073237.2	124994764	124995184	2	1	+	NC_073237.2	124994768	124994871	124995016	124995178	SPTAN1	XM_031014304.3	+	2	124994871	124995016	144	11
NC_073237.2	125100610	125101180	2	1	+	NC_073237.2	125100795	125100904	125101016	125101159	PKN3	XM_004048695.5	+	2	125100904	125101016	111	5
NC_073237.2	125107159	125107624	2	1	+	NC_073237.2	125107200	125107342	125107424	125107531	PKN3	XM_004048695.5	+	2	125107342	125107424	81	5
NC_073237.2	125137741	125138392	-1	1	-	NC_073237.2	125138183	125138297	125137892	125138038	ZER1	XM_004048701.5	-	1	125138038	125138183	144	6
NC_073237.2	125372483	125372867	3	1	+	NC_073237.2	125372609	125372696	125372790	125372866	NUP188	XM_019033187.4	+	3	125372696	125372790	93	2
NC_073237.2	125388064	125388790	2	1	+	NC_073237.2	125388100	125388245	125388552	125388733	NUP188	XM_019033187.4	+	2	125388245	125388552	306	2
NC_073237.2	125394195	125394795	1	1	+	NC_073237.2	125394196	125394423	125394538	125394669	NUP188	XM_019033187.4	+	1	125394423	125394538	114	2
NC_073237.2	126798565	126799012	2	1	+	NC_073237.2	126798635	126798716	126798819	126798955	HMCN2	XM_055351348.2	+	2	126798716	126798819	102	1
NC_073237.2	127419134	127419602	3	1	+	NC_073237.2	127419217	127419405	127419484	127419601	LAMC3	XM_055351360.2	+	3	127419405	127419484	78	1
NC_073237.2	127476735	127477578	1	1	+	NC_073237.2	127476823	127476853	127476995	127477056	AIF1L	XM_031007711.3	+	1	127476853	127476995	141	1
NC_073237.2	127962970	127964113	-1	1	-	NC_073237.2	127963550	127963628	127963343	127963444	RAPGEF1	XM_019033771.4	-	1	127963444	127963550	105	5
NC_073237.2	129032798	129033371	-3	1	-	NC_073237.2	129033091	129033347	129032913	129032988	DDX31	XM_004048775.5	-	3	129032988	129033091	102	11
NC_073237.2	129431120	129431678	3	1	+	NC_073237.2	129431185	129431265	129431488	129431585	GTF3C5	XM_004048792.5	+	3	129431265	129431488	222	2
NC_073237.2	129812970	129813474	1	1	+	NC_073237.2	129813085	129813236	129813348	129813411	ADAMTS13	XM_031014871.3	+	1	129813236	129813348	111	3
NC_073237.2	130769865	130771125	1	1	+	NC_073237.2	130769887	130770037	130770677	130770856	RXRA	XM_055349842.2	+	1	130770037	130770677	639	2
NC_073237.2	130769865	130771125	1	1	+	NC_073237.2	130769899	130770037	130770677	130770856	RXRA	XM_063696856.1	+	1	130770037	130770677	639	1
NC_073237.2	131975662	131976214	2	1	+	NC_073237.2	131975826	131975930	131976201	131976214	PAEP	XM_004048851.5	+	2	131975930	131976201	270	1
NC_073237.2	132071440	132071746	2	1	+	NC_073237.2	132071517	132071618	132071727	132071746	LCN9	XM_055350680.2	+	2	132071618	132071727	108	1
NC_073237.2	132163609	132164185	2	1	+	NC_073237.2	132163745	132163804	132164063	132164137	KCNT1	XM_019034038.4	+	2	132163804	132164063	258	4
NC_073237.2	132191035	132191623	2	1	+	NC_073237.2	132191216	132191299	132191447	132191575	KCNT1	XM_019034038.4	+	2	132191299	132191447	147	4
NC_073237.2	132352560	132353166	-2	1	-	NC_073237.2	132353034	132353136	132352661	132352769	UBAC1	XM_004048858.5	-	2	132352769	132353034	264	1
NC_073237.2	132608470	132609256	-1	1	-	NC_073237.2	132608861	132609012	132608605	132608773	LHX3	XM_019033211.4	-	1	132608773	132608861	87	3
NC_073237.2	132669699	132670383	-2	1	-	NC_073237.2	132670276	132670361	132669700	132669966	LOC129524513	XM_055350118.2	-	2	132669966	132670276	309	1
NC_073237.2	132780610	132781543	-1	1	-	NC_073237.2	132781046	132781225	132780818	132780961	CARD9	XM_055350123.2	-	1	132780961	132781046	84	4
NC_073237.2	132798066	132798495	-2	1	-	NC_073237.2	132798325	132798431	132798068	132798162	SNAPC4	XM_055350119.2	-	2	132798162	132798325	162	1
NC_073237.2	132839533	132840634	-1	1	-	NC_073237.2	132840491	132840606	132839781	132839917	INPP5E	XM_055350135.2	-	1	132839917	132840491	573	12
NC_073237.2	133103936	133104761	3	1	+	NC_073237.2	133103965	133104060	133104220	133104381	EGFL7	XM_055350165.2	+	3	133104060	133104220	159	6
NC_073237.2	133110314	133111028	-3	1	-	NC_073237.2	133110747	133110922	133110414	133110509	AGPAT2	XM_019033934.4	-	3	133110509	133110747	237	1
NC_073237.2	133110314	133111028	-3	1	-	NC_073237.2	133110747	133110922	133110414	133110623	AGPAT2	XM_055350163.2	-	3	133110623	133110747	123	1
NC_073237.2	133278370	133279180	2	1	+	NC_073237.2	133278447	133278581	133278705	133278838	MAMDC4	XM_055350181.2	+	2	133278581	133278705	123	17
NC_073237.2	133369145	133369604	3	1	+	NC_073237.2	133369291	133369392	133369477	133369515	C8G	XM_004048908.5	+	3	133369392	133369477	84	2
NC_073237.2	133369145	133369604	3	1	+	NC_073237.2	133369477	133369515	133369594	133369604	C8G	XM_019033011.4	+	3	133369515	133369594	78	1
NC_073237.2	133416466	133417228	2	1	+	NC_073237.2	133416541	133416731	133416831	133416899	PAXX	XM_004048911.3	+	2	133416731	133416831	99	1
NC_073237.2	133416466	133417228	2	1	+	NC_073237.2	133416831	133416899	133417068	133417152	PAXX	XM_004048911.3	+	2	133416899	133417068	168	1
NC_073237.2	133431657	133432296	-2	1	-	NC_073237.2	133432144	133432281	133431829	133432035	ABCA2	XM_031014554.3	-	2	133432035	133432144	108	2
NC_073237.2	133437153	133438305	-2	1	-	NC_073237.2	133438089	133438209	133437567	133437803	ABCA2	XM_031014554.3	-	2	133437803	133438089	285	2
NC_073237.2	133437153	133438305	-2	1	-	NC_073237.2	133437567	133437803	133437231	133437437	ABCA2	XM_031014554.3	-	2	133437437	133437567	129	2
NC_073237.2	133438804	133439302	-1	1	-	NC_073237.2	133439074	133439270	133438813	133438995	ABCA2	XM_031014554.3	-	1	133438995	133439074	78	2
NC_073237.2	133439689	133440169	-1	1	-	NC_073237.2	133439974	133440138	133439691	133439871	ABCA2	XM_031014554.3	-	1	133439871	133439974	102	2
NC_073237.2	133464312	133465242	-2	1	-	NC_073237.2	133464705	133464830	133464314	133464380	NPDC1	XM_055350218.2	-	2	133464380	133464705	324	3
NC_073237.2	133474266	133475094	-2	1	-	NC_073237.2	133474834	133474993	133474525	133474752	ENTPD2	XM_004048917.5	-	2	133474752	133474834	81	2
NC_073237.2	133488467	133489724	-3	1	-	NC_073237.2	133488669	133488785	133488468	133488593	SAPCD2	XM_031014910.3	-	3	133488593	133488669	75	1
NC_073237.2	133501603	133502815	2	1	+	NC_073237.2	133501658	133501946	133502175	133502379	UAP1L1	XM_019033474.4	+	2	133501946	133502175	228	2
NC_073237.2	133501603	133502815	2	1	+	NC_073237.2	133502175	133502379	133502626	133502801	UAP1L1	XM_019033474.4	+	2	133502379	133502626	246	2
NC_073237.2	133501603	133502815	2	1	+	NC_073237.2	133501658	133501946	133502175	133502801	UAP1L1	XM_063696900.1	+	2	133501946	133502175	228	4
NC_073237.2	133525544	133527662	3	1	+	NC_073237.2	133525953	133527289	133527416	133527662	LOC134756920	XM_063696904.1	+	3	133527289	133527416	126	1
NC_073237.2	133535299	133535605	-1	1	-	NC_073237.2	133535529	133535599	133535300	133535432	DPP7	XM_031014736.3	-	1	133535432	133535529	96	4
NC_073237.2	133538138	133538870	-3	1	-	NC_073237.2	133538655	133538794	133538344	133538507	DPP7	XM_031014736.3	-	3	133538507	133538655	147	2
NC_073237.2	133538138	133538870	-3	1	-	NC_073237.2	133538655	133538790	133538344	133538507	DPP7	XM_055350230.2	-	3	133538507	133538655	147	1
NC_073237.2	133538262	133539123	-2	1	-	NC_073237.2	133538875	133538988	133538655	133538790	DPP7	XM_055350232.2	-	2	133538790	133538875	84	1
NC_073237.2	133538262	133539123	-2	1	-	NC_073237.2	133538655	133538790	133538344	133538507	DPP7	XM_055350232.2	-	2	133538507	133538655	147	1
NC_073237.2	133580417	133581410	3	1	+	NC_073237.2	133580633	133580754	133580827	133581001	GRIN1	XM_031014213.3	+	3	133580754	133580827	72	10
NC_073237.2	133637759	133638608	3	1	+	NC_073237.2	133637891	133638100	133638257	133638378	NDOR1	XM_004048936.5	+	3	133638100	133638257	156	12
NC_073237.2	133639314	133639914	1	1	+	NC_073237.2	133639346	133639492	133639586	133639704	NDOR1	XM_004048936.5	+	1	133639492	133639586	93	8
NC_073237.2	133639314	133639914	1	1	+	NC_073237.2	133639346	133639492	133639586	133639875	NDOR1	XM_055350243.2	+	1	133639492	133639586	93	4
NC_073237.2	133668866	133669604	-3	1	-	NC_073237.2	133669307	133669521	133668975	133669225	CIMIP2A	XM_019033229.4	-	3	133669225	133669307	81	2
NC_073237.2	133668866	133669604	-3	1	-	NC_073237.2	133669307	133669521	133668975	133669072	CIMIP2A	XM_019033230.4	-	3	133669072	133669307	234	2
NC_073237.2	133676025	133676715	1	1	+	NC_073237.2	133676159	133676247	133676386	133676689	STPG3	XM_004048929.3	+	1	133676247	133676386	138	1
NC_073237.2	133863102	133863855	-2	1	-	NC_073237.2	133863571	133863801	133863166	133863429	ENTPD8	XM_031006670.3	-	2	133863429	133863571	141	4
NC_073237.2	133877760	133878255	-2	1	-	NC_073237.2	133878192	133878225	133878004	133878074	NSMF	XM_031006656.3	-	2	133878074	133878192	117	7
NC_073237.2	133935009	133935663	-2	1	-	NC_073237.2	133935544	133935644	133935175	133935321	PNPLA7	XM_055350261.2	-	2	133935321	133935544	222	4
NC_073237.2	134042816	134043452	3	1	+	NC_073237.2	134042919	134043101	134043186	134043362	ARRDC1	XM_031014548.3	+	3	134043101	134043186	84	3
NC_073237.2	134042816	134043452	3	1	+	NC_073237.2	134043027	134043101	134043186	134043362	ARRDC1	XM_031014550.3	+	3	134043101	134043186	84	3
NC_073237.2	27164286	27164730	-2	1	-	NC_073237.2	27164482	27164573	27164287	27164349	NPR2	XM_004048004.5	-	2	27164349	27164482	132	4
NC_073237.2	27167572	27168466	-1	1	-	NC_073237.2	27168019	27168178	27167704	27167859	NPR2	XM_004048004.5	-	1	27167859	27168019	159	4
NC_073237.2	27238404	27238710	-2	1	-	NC_073237.2	27238565	27238671	27238406	27238474	CREB3	XM_004047999.5	-	2	27238474	27238565	90	1
NC_073237.2	27262671	27263031	1	1	+	NC_073237.2	27262710	27262803	27262906	27262995	TLN1	XM_031014184.3	+	1	27262803	27262906	102	2
NC_073237.2	27267072	27267606	1	1	+	NC_073237.2	27267091	27267261	27267346	27267495	TLN1	XM_031014184.3	+	1	27267261	27267346	84	2
NC_073237.2	27292521	27292977	-2	1	-	NC_073237.2	27292833	27292977	27292692	27292718	CA9	XM_019019915.3	-	2	27292718	27292833	114	2
NC_073237.2	27296227	27297103	-1	1	-	NC_073237.2	27296893	27297063	27296618	27296760	CA9	XM_019019915.3	-	1	27296760	27296893	132	2
NC_073237.2	27296227	27297103	-1	1	-	NC_073237.2	27296618	27296760	27296435	27296527	CA9	XM_019019915.3	-	1	27296527	27296618	90	2
NC_073237.2	27322718	27323297	3	1	+	NC_073237.2	27322733	27322791	27322903	27322964	SIT1	XM_019019914.4	+	3	27322791	27322903	111	1
NC_073237.2	27322718	27323297	3	1	+	NC_073237.2	27322903	27322964	27323067	27323297	SIT1	XM_019019914.4	+	3	27322964	27323067	102	1
NC_073237.2	27410670	27411585	1	1	+	NC_073237.2	27410699	27410904	27411079	27411130	CIMIP2B	XM_004047995.4	+	1	27410904	27411079	174	2
NC_073237.2	27415194	27415623	-2	1	-	NC_073237.2	27415392	27415566	27415196	27415301	RUSC2	XM_019033968.4	-	2	27415301	27415392	90	4
NC_073237.2	27875033	27875486	3	1	+	NC_073237.2	27875073	27875217	27875341	27875420	STOML2	XM_004047987.4	+	3	27875217	27875341	123	1
NC_073237.2	27980566	27981628	-1	1	-	NC_073237.2	27980957	27981558	27980567	27980797	DNAJB5	XM_004047979.4	-	1	27980797	27980957	159	5
NC_073237.2	28351158	28351485	1	1	+	NC_073237.2	28351159	28351210	28351388	28351480	SIGMAR1	XM_019033363.4	+	1	28351210	28351388	177	1
NC_073237.2	59289022	59289694	2	1	+	NC_073237.2	59289065	59289275	59289447	59289694	LOC101151950	XM_055350618.2	+	2	59289275	59289447	171	1
NC_073237.2	73572936	73573197	1	1	+	NC_073237.2	73572937	73572982	73573073	73573196	VPS13A	XM_019033908.4	+	1	73572982	73573073	90	6
NC_073237.2	85822171	85822492	-1	1	-	NC_073237.2	85822296	85822468	85822177	85822220	SEMA4D	XM_031014764.3	-	1	85822220	85822296	75	13
NC_073237.2	91903170	91903515	-2	1	-	NC_073237.2	91903450	91903465	91903171	91903266	PTCH1	XM_055349985.2	-	2	91903266	91903450	183	1
NC_073238.2	112728421	112728703	2	1	+	NC_073238.2	112728422	112728533	112728618	112728673	IPO5	XM_031001191.3	+	2	112728533	112728618	84	6
NC_073238.2	114697693	114698485	2	1	+	NC_073238.2	114697752	114697915	114698129	114698485	ZIC2	XM_031001432.3	+	2	114697915	114698129	213	1
NC_073238.2	124946181	124946442	-1	1	-	NC_073238.2	124946353	124946442	124946209	124946253	COL4A1	XM_019039777.4	-	1	124946253	124946353	99	2
NC_073238.2	128200501	128200918	2	1	+	NC_073238.2	128200526	128200592	128200680	128200850	LAMP1	XM_019039715.4	+	2	128200592	128200680	87	1
NC_073238.2	23479290	23479818	-1	1	-	NC_073238.2	23479665	23479796	23479380	23479490	LOC134757059	XM_063697653.1	-	1	23479490	23479665	174	1
NC_073238.2	31215928	31217425	2	1	+	NC_073238.2	31216223	31216308	31216705	31217023	LOC129526485	XM_055360674.1	+	2	31216308	31216705	396	1
NC_073238.2	35435377	35435857	2	1	+	NC_073238.2	35435414	35435542	35435747	35435856	SAP18	XM_004054234.5	+	2	35435542	35435747	204	1
NC_073238.2	42358608	42358965	-1	1	-	NC_073238.2	42358812	42358944	42358617	42358721	FLT3	XM_019039485.4	-	1	42358721	42358812	90	1
NC_073238.2	62917330	62917858	-3	1	-	NC_073238.2	62917667	62917825	62917421	62917528	RCBTB2	XM_004054503.5	-	3	62917528	62917667	138	5
NC_073238.2	6661772	6662759	3	1	+	NC_073238.2	6661795	6662222	6662412	6662750	LOC129530466	XM_063697645.1	+	3	6662222	6662412	189	1
NC_073238.2	66668717	66669005	-2	1	-	NC_073238.2	66668912	66669005	66668727	66668824	NEK3	XM_004054548.4	-	2	66668824	66668912	87	5
NC_073238.2	66668717	66669005	-2	1	-	NC_073238.2	66668912	66668954	66668727	66668824	NEK3	XM_063697625.1	-	2	66668824	66668912	87	1
NC_073239.2	113902838	113903243	3	1	+	NC_073239.2	113902905	113903006	113903094	113903238	LOC109023152	XM_063698175.1	+	3	113903006	113903094	87	1
NC_073239.2	116678088	116678901	1	1	+	NC_073239.2	116678367	116678433	116678734	116678901	CYP46A1	XM_031002032.3	+	1	116678433	116678734	300	2
NC_073239.2	119900131	119900596	2	1	+	NC_073239.2	119900206	119900368	119900447	119900534	AMN	XM_055361618.2	+	2	119900368	119900447	78	1
NC_073239.2	119900186	119900717	3	1	+	NC_073239.2	119900206	119900368	119900447	119900534	AMN	XM_055361621.2	+	3	119900368	119900447	78	1
NC_073239.2	119900186	119900717	3	1	+	NC_073239.2	119900447	119900534	119900616	119900717	AMN	XM_055361621.2	+	3	119900534	119900616	81	1
NC_073239.2	119909829	119910609	-1	1	-	NC_073239.2	119910352	119910449	119910171	119910255	CDC42BPB	XM_055361614.2	-	1	119910255	119910352	96	5
NC_073239.2	121141312	121142344	2	1	+	NC_073239.2	121141464	121141726	121141817	121142000	KIF26A	XM_019009281.3	+	2	121141726	121141817	90	2
NC_073239.2	121141312	121142344	2	1	+	NC_073239.2	121141817	121142000	121142181	121142343	KIF26A	XM_019009281.3	+	2	121142000	121142181	180	2
NC_073239.2	121778303	121778636	-2	1	-	NC_073239.2	121778505	121778636	121778367	121778432	AKT1	XM_055361709.2	-	2	121778432	121778505	72	5
NC_073239.2	121885901	121888556	3	1	+	NC_073239.2	121886481	121886571	121886716	121888419	CEP170B	XM_019010018.4	+	3	121886571	121886716	144	5
NC_073239.2	121930294	121930795	2	1	+	NC_073239.2	121930381	121930546	121930628	121930724	PLD4	XM_004055788.5	+	2	121930546	121930628	81	5
NC_073239.2	121955908	121956499	-3	1	-	NC_073239.2	121956344	121956402	121956140	121956238	AHNAK2	XM_031001704.3	-	3	121956238	121956344	105	3
NC_073239.2	122145442	122145952	-3	1	-	NC_073239.2	122145770	122145816	122145509	122145682	JAG2	XM_055361733.1	-	3	122145682	122145770	87	3
NC_073239.2	122452956	122453733	1	1	+	NC_073239.2	122453362	122453513	122453586	122453733	MTA1	XM_004055801.4	+	1	122453513	122453586	72	5
NC_073239.2	122826411	122827425	-1	1	-	NC_073239.2	122826942	122827235	122826501	122826551	LOC101124180	unassigned_transcript_757	-	1	122826551	122826942	390	1
NC_073239.2	123545074	123545518	-3	1	-	NC_073239.2	123545366	123545472	123545146	123545281	LOC101129135	unassigned_transcript_772	-	3	123545281	123545366	84	1
NC_073239.2	123857234	123857918	-2	1	-	NC_073239.2	123857582	123857884	123857294	123857401	LOC115930562	unassigned_transcript_788	-	2	123857401	123857582	180	1
NC_073239.2	32240370	32241144	-1	1	-	NC_073239.2	32240967	32241097	32240723	32240819	NYNRIN	XM_004055023.5	-	1	32240819	32240967	147	1
NC_073239.2	32319884	32320604	3	1	+	NC_073239.2	32319951	32320099	32320178	32320289	ADCY4	XM_019010226.4	+	3	32320099	32320178	78	11
NC_073239.2	32350354	32351332	-3	1	-	NC_073239.2	32351050	32351296	32350399	32350842	NOP9	XM_004055012.5	-	3	32350842	32351050	207	4
NC_073239.2	32382391	32382874	2	1	+	NC_073239.2	32382413	32382514	32382620	32382725	RABGGTA	XM_004055000.5	+	2	32382514	32382620	105	3
NC_073239.2	32382391	32382874	2	1	+	NC_073239.2	32382620	32382725	32382819	32382870	RABGGTA	XM_004055000.5	+	2	32382725	32382819	93	3
NC_073239.2	32382880	32383849	2	1	+	NC_073239.2	32383281	32383369	32383463	32383579	RABGGTA	XM_004055000.5	+	2	32383369	32383463	93	3
NC_073239.2	32413667	32414099	-2	1	-	NC_073239.2	32413905	32414011	32413694	32413736	GMPR2	XM_019020471.4	-	2	32413736	32413905	168	10
NC_073239.2	32461746	32462292	1	1	+	NC_073239.2	32461779	32461908	32461996	32462175	IPO4	XM_004054986.5	+	1	32461908	32461996	87	2
NC_073239.2	32467720	32468176	2	1	+	NC_073239.2	32467732	32467864	32467958	32468062	IPO4	XM_004054986.5	+	2	32467864	32467958	93	2
NC_073239.2	32476355	32476730	-2	1	-	NC_073239.2	32476514	32476656	32476357	32476429	REC8	XM_004054988.5	-	2	32476429	32476514	84	2
NC_073239.2	32486030	32486606	-2	1	-	NC_073239.2	32486423	32486606	32486061	32486191	IRF9	XM_004054984.4	-	2	32486191	32486423	231	4
NC_073239.2	32493840	32494194	-1	1	-	NC_073239.2	32494054	32494152	32493874	32493963	RNF31	XM_004054983.5	-	1	32493963	32494054	90	2
NC_073239.2	32570599	32571292	-3	1	-	NC_073239.2	32571098	32571231	32570720	32570956	CPNE6	XM_019009328.4	-	3	32570956	32571098	141	2
NC_073239.2	32573334	32573913	-1	1	-	NC_073239.2	32573743	32573817	32573494	32573577	CPNE6	XM_019009328.4	-	1	32573577	32573743	165	1
NC_073239.2	32581384	32581840	-3	1	-	NC_073239.2	32581675	32581741	32581480	32581569	CARMIL3	XM_019009330.4	-	3	32581569	32581675	105	8
NC_073239.2	32587809	32588247	-1	1	-	NC_073239.2	32588062	32588155	32587870	32587968	CARMIL3	XM_019009330.4	-	1	32587968	32588062	93	8
NC_073239.2	33207477	33207912	1	1	+	NC_073239.2	33207595	33207751	33207884	33207911	LOC101143194	XM_031001529.3	+	1	33207751	33207884	132	2
NC_073239.2	33234502	33235312	2	1	+	NC_073239.2	33234701	33234844	33235094	33235250	LOC101138909	XM_019009679.4	+	2	33234844	33235094	249	2
NC_073239.2	33694361	33694805	3	1	+	NC_073239.2	33694396	33694541	33694674	33694804	HAUS4	XM_004054923.4	+	3	33694541	33694674	132	2
NC_073239.2	33739941	33740337	1	1	+	NC_073239.2	33739942	33740094	33740176	33740313	RBM23	XM_004054927.5	+	1	33740094	33740176	81	4
NC_073239.2	33743677	33744001	2	1	+	NC_073239.2	33743721	33743834	33743931	33744000	RBM23	XM_004054927.5	+	2	33743834	33743931	96	3
NC_073239.2	33743677	33744001	2	1	+	NC_073239.2	33743721	33743834	33743931	33744001	RBM23	XM_063697802.1	+	2	33743834	33743931	96	1
NC_073239.2	33759192	33760095	-1	1	-	NC_073239.2	33759867	33760074	33759193	33759485	REM2	XM_004054925.4	-	1	33759485	33759867	381	2
NC_073239.2	35684505	35684958	-1	1	-	NC_073239.2	35684797	35684907	35684533	35684679	TMEM253	XM_055362454.2	-	1	35684679	35684797	117	3
NC_073239.2	35766106	35766508	2	1	+	NC_073239.2	35766133	35766193	35766395	35766481	NDRG2	XM_004054864.5	+	2	35766193	35766395	201	11
NC_073239.2	36422584	36423436	2	1	+	NC_073239.2	36422855	36423030	36423130	36423286	TEP1	XM_063698284.1	+	2	36423030	36423130	99	4
NC_073239.2	69592222	69592609	-3	1	-	NC_073239.2	69592451	69592537	69592230	69592363	ERO1A	XM_019010203.4	-	3	69592363	69592451	87	2
NC_073239.2	77065347	77066322	1	1	+	NC_073239.2	77065368	77065547	77065641	77066128	PCNX4	XM_019009927.4	+	1	77065547	77065641	93	3
NC_073239.2	84692752	84693853	-3	1	-	NC_073239.2	84693136	84693744	84692794	84692877	ZFYVE26	XM_004055331.5	-	3	84692877	84693136	258	1
NC_073239.2	90121684	90122653	2	1	+	NC_073239.2	90122038	90122098	90122474	90122576	PAPLN	XM_031001530.3	+	2	90122098	90122474	375	6
NC_073239.2	90815108	90815609	3	1	+	NC_073239.2	90815229	90815291	90815481	90815588	COQ6	XM_019009598.4	+	3	90815291	90815481	189	5
NC_073239.2	90815108	90815609	3	1	+	NC_073239.2	90815229	90815393	90815481	90815588	COQ6	XM_055360876.2	+	3	90815393	90815481	87	5
NC_073239.2	91151579	91151945	-2	1	-	NC_073239.2	91151778	91151899	91151581	91151672	ABCD4	XM_004055432.5	-	2	91151672	91151778	105	7
NC_073240.2	20090837	20091338	3	1	+	NC_073240.2	20090877	20091065	20091150	20091338	LOC101138622	XM_063699114.1	+	3	20091065	20091150	84	1
NC_073240.2	23954362	23954845	-1	1	-	NC_073240.2	23954675	23954752	23954390	23954491	CYFIP1	XM_031007410.3	-	1	23954491	23954675	183	6
NC_073240.2	24973863	24975045	-2	1	-	NC_073240.2	24974462	24975021	24974023	24974344	LOC101153208	XM_063698729.1	-	2	24974344	24974462	117	1
NC_073240.2	29433732	29434206	-2	1	-	NC_073240.2	29434125	29434206	29433866	29434037	HERC2	XM_031002064.3	-	2	29434037	29434125	87	4
NC_073240.2	40746205	40746769	-1	1	-	NC_073240.2	40746683	40746706	40746466	40746538	SRP14	XM_004055960.5	-	1	40746538	40746683	144	1
NC_073240.2	40975080	40976001	1	1	+	NC_073240.2	40975201	40975698	40975843	40975976	PAK6	XM_019011020.3	+	1	40975698	40975843	144	6
NC_073240.2	40976284	40976770	2	1	+	NC_073240.2	40976323	40976449	40976528	40976653	PAK6	XM_019011020.3	+	2	40976449	40976528	78	6
NC_073240.2	40992972	40994130	-2	1	-	NC_073240.2	40993888	40994053	40993628	40993704	PLCB2	XM_004055971.5	-	2	40993704	40993888	183	3
NC_073240.2	40999364	40999796	-3	1	-	NC_073240.2	40999634	40999796	40999410	40999522	PLCB2	XM_004055971.5	-	3	40999522	40999634	111	7
NC_073240.2	40999364	40999796	-3	1	-	NC_073240.2	40999646	40999796	40999410	40999522	PLCB2	XM_019011267.4	-	3	40999522	40999646	123	2
NC_073240.2	41085819	41086467	1	1	+	NC_073240.2	41085838	41086046	41086230	41086324	KNSTRN	XM_004055977.4	+	1	41086046	41086230	183	6
NC_073240.2	41085819	41086467	1	1	+	NC_073240.2	41085838	41085924	41086228	41086324	KNSTRN	XM_063698472.1	+	1	41085924	41086228	303	1
NC_073240.2	41564198	41564816	3	1	+	NC_073240.2	41564233	41564360	41564598	41564736	SPINT1	XM_055363398.2	+	3	41564360	41564598	237	4
NC_073240.2	41584687	41585392	-1	1	-	NC_073240.2	41585065	41585272	41584817	41584875	RHOV	XM_031006895.3	-	1	41584875	41585065	189	1
NC_073240.2	41805951	41806338	-2	1	-	NC_073240.2	41806143	41806312	41805985	41806052	INO80	XM_031002339.3	-	2	41806052	41806143	90	1
NC_073240.2	42187526	42187901	3	1	+	NC_073240.2	42187527	42187648	42187820	42187877	RTF1	XM_004056016.4	+	3	42187648	42187820	171	1
NC_073240.2	42211633	42212221	2	1	+	NC_073240.2	42211769	42211865	42211941	42212157	ITPKA	XM_031002543.3	+	2	42211865	42211941	75	1
NC_073240.2	42221426	42222626	-3	1	-	NC_073240.2	42221711	42221867	42221453	42221635	LTK	XM_055363429.2	-	3	42221635	42221711	75	1
NC_073240.2	42535577	42536072	3	1	+	NC_073240.2	42535683	42535794	42536008	42536071	MAPKBP1	XM_055363466.2	+	3	42535794	42536008	213	9
NC_073240.2	42539374	42540019	2	1	+	NC_073240.2	42539452	42539597	42539712	42539909	MAPKBP1	XM_055363466.2	+	2	42539597	42539712	114	9
NC_073240.2	42668711	42669293	-3	1	-	NC_073240.2	42669049	42669245	42668724	42668928	SPTBN5	XM_055363477.2	-	3	42668928	42669049	120	1
NC_073240.2	42672018	42672489	-2	1	-	NC_073240.2	42672382	42672472	42672094	42672240	SPTBN5	XM_055363477.2	-	2	42672240	42672382	141	1
NC_073240.2	43553819	43554419	-3	1	-	NC_073240.2	43554190	43554393	43553825	43553994	CDAN1	XM_031002469.3	-	3	43553994	43554190	195	1
NC_073240.2	43553819	43554419	-3	1	-	NC_073240.2	43554190	43554396	43553825	43553994	CDAN1	XM_031002470.3	-	3	43553994	43554190	195	3
NC_073240.2	43553819	43554419	-3	1	-	NC_073240.2	43554190	43554235	43553825	43553994	CDAN1	XM_063698943.1	-	3	43553994	43554190	195	1
NC_073240.2	43553819	43554419	-3	1	-	NC_073240.2	43554190	43554206	43553825	43553994	CDAN1	XM_063698944.1	-	3	43553994	43554190	195	2
NC_073240.2	43942584	43943676	1	1	+	NC_073240.2	43942948	43943127	43943398	43943509	TMEM62	XM_031002082.3	+	1	43943127	43943398	270	8
NC_073240.2	43996436	43997138	3	1	+	NC_073240.2	43996641	43996749	43996939	43996998	CCNDBP1	XM_019010897.4	+	3	43996749	43996939	189	2
NC_073240.2	44333194	44341867	2	1	+	NC_073240.2	44333195	44341379	44341521	44341741	MAP1A	XM_004056074.4	+	2	44341379	44341521	141	1
NC_073240.2	44333194	44341867	2	1	+	NC_073240.2	44333345	44341379	44341521	44341741	MAP1A	XM_019010449.4	+	2	44341379	44341521	141	1
NC_073240.2	44586769	44587462	-1	1	-	NC_073240.2	44587241	44587276	44586771	44586883	ELL3	XM_004056086.5	-	1	44586883	44587241	357	2
NC_073240.2	45926679	45927180	1	1	+	NC_073240.2	45926701	45926758	45927026	45927160	DUOXA2	XM_004056118.5	+	1	45926758	45927026	267	1
NC_073240.2	48951371	48951710	3	1	+	NC_073240.2	48951394	48951477	48951571	48951674	SLC24A5	XM_004056144.4	+	3	48951477	48951571	93	1
NC_073240.2	65584021	65584816	-1	1	-	NC_073240.2	65584678	65584765	65584367	65584512	PIF1	XM_004056326.5	-	1	65584512	65584678	165	3
NC_073240.2	69025582	69026035	-1	1	-	NC_073240.2	69025730	69025972	69025606	69025636	CALML4	XM_004056382.5	-	1	69025636	69025730	93	2
NC_073240.2	69025582	69026035	-1	1	-	NC_073240.2	69025730	69025861	69025606	69025636	CALML4	XM_063698649.1	-	1	69025636	69025730	93	1
NC_073240.2	73140869	73141778	-3	1	-	NC_073240.2	73141497	73141640	73141247	73141379	LOC101137195	XM_019010443.3	-	3	73141379	73141497	117	13
NC_073240.2	73140869	73141778	-3	1	-	NC_073240.2	73141247	73141379	73141010	73141159	LOC101137195	XM_019010443.3	-	3	73141159	73141247	87	9
NC_073240.2	73140869	73141778	-3	1	-	NC_073240.2	73141247	73141379	73141010	73141156	LOC101137195	XM_019010444.3	-	3	73141156	73141247	90	4
NC_073240.2	74177345	74178113	-3	1	-	NC_073240.2	74177832	74177978	74177489	74177729	HCN4	XM_031002042.3	-	3	74177729	74177832	102	1
NC_073240.2	74788528	74791375	2	1	+	NC_073240.2	74788730	74788813	74791157	74791375	TBC1D21	XM_055363732.2	+	2	74788813	74791157	2343	5
NC_073240.2	75323035	75323800	-1	1	-	NC_073240.2	75323546	75323638	75323260	75323344	SEMA7A	XM_004056509.5	-	1	75323344	75323546	201	2
NC_073240.2	75498422	75499466	3	1	+	NC_073240.2	75498647	75498930	75499057	75499311	ARID3B	XM_055363754.2	+	3	75498930	75499057	126	12
NC_073240.2	76239112	76240111	-1	1	-	NC_073240.2	76239610	76239689	76239305	76239453	MAN2C1	XM_004056546.5	-	1	76239453	76239610	156	4
NC_073240.2	76239112	76240111	-1	1	-	NC_073240.2	76239305	76239453	76239114	76239223	MAN2C1	XM_004056546.5	-	1	76239223	76239305	81	4
NC_073240.2	76239112	76240111	-1	1	-	NC_073240.2	76239610	76239689	76239305	76239384	MAN2C1	XM_004056548.5	-	1	76239384	76239610	225	7
NC_073240.2	76239112	76240111	-1	1	-	NC_073240.2	76239305	76239384	76239114	76239223	MAN2C1	XM_004056548.5	-	1	76239223	76239305	81	7
NC_073240.2	76239112	76240111	-1	1	-	NC_073240.2	76239610	76239689	76239305	76239477	MAN2C1	XM_055363822.2	-	1	76239477	76239610	132	4
NC_073240.2	76239112	76240111	-1	1	-	NC_073240.2	76239305	76239477	76239114	76239223	MAN2C1	XM_055363822.2	-	1	76239223	76239305	81	4
NC_073240.2	79179089	79179521	3	1	+	NC_073240.2	79179109	79179209	79179309	79179521	DNAJA4	XM_031002160.3	+	3	79179209	79179309	99	1
NC_073240.2	79692163	79693018	-1	1	-	NC_073240.2	79692815	79692898	79692345	79692469	ADAMTS7	XM_031002408.3	-	1	79692469	79692815	345	2
NC_073240.2	84220358	84221192	-3	1	-	NC_073240.2	84220953	84221135	84220588	84220871	AP3B2	XM_004056669.5	-	3	84220871	84220953	81	4
NC_073240.2	86234730	86235486	1	1	+	NC_073240.2	86234802	86234970	86235097	86235294	SLC28A1	XM_063698787.1	+	1	86234970	86235097	126	2
NC_073240.2	86244397	86244796	2	1	+	NC_073240.2	86244495	86244593	86244684	86244795	SLC28A1	XM_063698787.1	+	2	86244593	86244684	90	2
NC_073240.2	92085193	92085634	2	1	+	NC_073240.2	92085275	92085373	92085482	92085577	FURIN	XM_004056772.5	+	2	92085373	92085482	108	7
NC_073240.2	92095978	92096389	2	1	+	NC_073240.2	92095979	92096075	92096205	92096388	FES	XM_004056770.3	+	2	92096075	92096205	129	5
NC_073240.2	92163001	92163499	2	1	+	NC_073240.2	92163061	92163178	92163287	92163442	UNC45A	XM_004056773.5	+	2	92163178	92163287	108	3
NC_073240.2	93508160	93508991	3	1	+	NC_073240.2	93508182	93508702	93508790	93508991	LOC101137437	XM_019010502.1	+	3	93508702	93508790	87	1
NC_073240.2	93508160	93508991	3	1	+	NC_073240.2	93508182	93508218	93508513	93508702	LOC101137437	XM_031002344.1	+	3	93508218	93508513	294	1
NC_073240.2	93508160	93508991	3	1	+	NC_073240.2	93508513	93508702	93508790	93508991	LOC101137437	XM_031002344.1	+	3	93508702	93508790	87	1
NC_073241.2	29787115	29789359	2	1	+	NC_073241.2	29787365	29787747	29787826	29788402	LOC129528458	XM_055368855.1	+	2	29787747	29787826	78	1
NC_073241.2	29787336	29789349	1	1	+	NC_073241.2	29788486	29788830	29788864	29789127	LOC129528458	XM_055368855.1	+	1	29788830	29788864	33	1
NC_073241.2	29787336	29789349	1	1	+	NC_073241.2	29788864	29789127	29789215	29789349	LOC129528458	XM_055368855.1	+	1	29789127	29789215	87	1
NC_073241.2	50908450	50908804	-1	1	-	NC_073241.2	50908727	50908775	50908483	50908648	ABHD3	XM_031003776.3	-	1	50908648	50908727	78	5
NC_073241.2	79569437	79569857	-3	1	-	NC_073241.2	79569690	79569804	79569439	79569605	MBD1	XM_004059411.4	-	3	79569605	79569690	84	50
NC_073241.2	79575269	79576025	-3	1	-	NC_073241.2	79575816	79575912	79575408	79575560	CXXC1	XM_004059421.4	-	3	79575560	79575816	255	6
NC_073241.2	79576241	79576886	-3	1	-	NC_073241.2	79576446	79576653	79576257	79576367	CXXC1	XM_004059421.4	-	3	79576367	79576446	78	6
NC_073242.2	100118404	100119127	-2	1	-	NC_073242.2	100118930	100119106	100118608	100118773	MTSS2	XM_055366382.2	-	2	100118773	100118930	156	15
NC_073242.2	101592489	101593173	1	1	+	NC_073242.2	101592603	101592811	101592908	101593062	DHX38	XM_004057955.5	+	1	101592811	101592908	96	3
NC_073242.2	103801037	103801364	-1	1	-	NC_073242.2	103801118	103801273	103801038	103801039	LOC115931054	XM_055366476.2	-	1	103801039	103801118	78	1
NC_073242.2	104762097	104763489	1	1	+	NC_073242.2	104762253	104762355	104763187	104763261	LOC115930163	XM_055366513.1	+	1	104762355	104763187	831	3
NC_073242.2	105611046	105611421	-3	1	-	NC_073242.2	105611280	105611370	105611048	105611159	LDHD	XM_004057985.5	-	3	105611159	105611280	120	1
NC_073242.2	107726381	107726936	3	1	+	NC_073242.2	107726582	107726654	107726865	107726936	SYCE1L	XM_031002790.3	+	3	107726654	107726865	210	2
NC_073242.2	114687689	114688166	-1	1	-	NC_073242.2	114688007	114688088	114687720	114687817	TAF1C	XM_004058068.5	-	1	114687817	114688007	189	19
NC_073242.2	114687689	114688166	-1	1	-	NC_073242.2	114688007	114688163	114687720	114687817	TAF1C	XM_055366650.2	-	1	114687817	114688007	189	1
NC_073242.2	114687689	114688166	-1	1	-	NC_073242.2	114688007	114688025	114687720	114687817	TAF1C	XM_055366661.2	-	1	114687817	114688007	189	1
NC_073242.2	114698282	114698924	3	1	+	NC_073242.2	114698296	114698511	114698734	114698874	ADAD2	XM_055366675.2	+	3	114698511	114698734	222	1
NC_073242.2	114944692	114945178	2	1	+	NC_073242.2	114944791	114944915	114945054	114945151	ATP2C2	XM_004058075.5	+	2	114944915	114945054	138	3
NC_073242.2	119298465	119299479	1	1	+	NC_073242.2	119298848	119298957	119299195	119299478	CTU2	XM_004058133.5	+	1	119298957	119299195	237	2
NC_073242.2	119301201	119301519	1	1	+	NC_073242.2	119301319	119301377	119301453	119301519	CTU2	XM_004058133.5	+	1	119301377	119301453	75	2
NC_073242.2	119302197	119302938	-3	1	-	NC_073242.2	119302464	119302543	119302199	119302385	PIEZO1	XM_055364506.2	-	3	119302385	119302464	78	3
NC_073242.2	119302625	119303081	-1	1	-	NC_073242.2	119302825	119302997	119302627	119302749	PIEZO1	XM_055364506.2	-	1	119302749	119302825	75	3
NC_073242.2	119312458	119313442	-2	1	-	NC_073242.2	119313020	119313263	119312836	119312932	PIEZO1	XM_055364506.2	-	2	119312932	119313020	87	4
NC_073242.2	119312458	119313442	-2	1	-	NC_073242.2	119312836	119312932	119312574	119312745	PIEZO1	XM_055364506.2	-	2	119312745	119312836	90	4
NC_073242.2	119323657	119324176	-2	1	-	NC_073242.2	119323999	119324167	119323659	119323872	PIEZO1	XM_055364506.2	-	2	119323872	119323999	126	4
NC_073242.2	119327596	119328091	-2	1	-	NC_073242.2	119327845	119327967	119327598	119327640	PIEZO1	XM_055364506.2	-	2	119327640	119327845	204	4
NC_073242.2	119427920	119428799	-1	1	-	NC_073242.2	119428644	119428781	119427995	119428118	GALNS	XM_055364513.2	-	1	119428118	119428644	525	1
NC_073242.2	120226563	120227031	1	1	+	NC_073242.2	120226654	120226830	120226918	120227002	DPEP1	XM_055364552.2	+	1	120226830	120226918	87	2
NC_073242.2	120227169	120227688	1	1	+	NC_073242.2	120227286	120227421	120227521	120227688	DPEP1	XM_055364552.2	+	1	120227421	120227521	99	2
NC_073242.2	120307033	120307444	-2	1	-	NC_073242.2	120307303	120307395	120307035	120307197	VPS9D1	XM_055364591.2	-	2	120307197	120307303	105	2
NC_073242.2	120307033	120307444	-2	1	-	NC_073242.2	120307303	120307392	120307035	120307197	VPS9D1	XM_055364593.2	-	2	120307197	120307303	105	2
NC_073242.2	14535642	14536338	1	1	+	NC_073242.2	14535662	14535808	14536049	14536144	CIITA	XM_004057196.5	+	1	14535808	14536049	240	7
NC_073242.2	15152186	15152849	-1	1	-	NC_073242.2	15152436	15152601	15152223	15152357	LOC101140736	XM_031002978.3	-	1	15152357	15152436	78	1
NC_073242.2	18187703	18188360	-1	1	-	NC_073242.2	18188222	18188360	18188028	18188137	SMG1	XM_055365354.2	-	1	18188137	18188222	84	5
NC_073242.2	23087259	23088399	-3	1	-	NC_073242.2	23088036	23088306	23087557	23087636	LOC115931070	XM_063699553.1	-	3	23087636	23088036	399	1
NC_073242.2	23087259	23088399	-3	1	-	NC_073242.2	23087557	23087636	23087260	23087373	LOC115931070	XM_063699553.1	-	3	23087373	23087557	183	1
NC_073242.2	23181098	23181665	-1	1	-	NC_073242.2	23181342	23181495	23181100	23181230	EARS2	XM_031002738.3	-	1	23181230	23181342	111	2
NC_073242.2	24214567	24214882	2	1	+	NC_073242.2	24214570	24214666	24214799	24214877	RBBP6	XM_004057367.5	+	2	24214666	24214799	132	4
NC_073242.2	27414053	27415799	-1	1	-	NC_073242.2	27415014	27415206	27414054	27414263	GTF3C1	XM_019012586.4	-	1	27414263	27415014	750	2
NC_073242.2	29353419	29356779	-3	1	-	NC_073242.2	29353774	29356779	29353421	29353689	APOBR	XM_019011460.4	-	3	29353689	29353774	84	1
NC_073242.2	29415200	29415578	3	1	+	NC_073242.2	29415240	29415402	29415499	29415578	LOC101140878	XM_031003101.3	+	3	29415402	29415499	96	2
NC_073242.2	29647927	29648176	-2	1	-	NC_073242.2	29648098	29648163	29647928	29648004	LAT	XM_019011514.4	-	2	29648004	29648098	93	4
NC_073242.2	29678734	29679187	-2	1	-	NC_073242.2	29679043	29679187	29678804	29678913	NFATC2IP	XM_004057414.4	-	2	29678913	29679043	129	1
NC_073242.2	29735458	29736106	-2	1	-	NC_073242.2	29735887	29736089	29735609	29735694	ATP2A1	XM_031003100.3	-	2	29735694	29735887	192	2
NC_073242.2	29803309	29803933	-2	1	-	NC_073242.2	29803741	29803870	29803529	29803650	ATXN2L	XM_031003079.3	-	2	29803650	29803741	90	50
NC_073242.2	29804027	29804858	-1	1	-	NC_073242.2	29804513	29804585	29804235	29804422	ATXN2L	XM_031003079.3	-	1	29804422	29804513	90	50
NC_073242.2	30247811	30248669	-1	1	-	NC_073242.2	30248277	30248408	30247980	30248186	MYH11	XM_031002889.3	-	1	30248186	30248277	90	6
NC_073242.2	31741759	31743004	2	1	+	NC_073242.2	31741970	31742005	31742639	31742725	MAZ	XM_031007121.3	+	2	31742005	31742639	633	2
NC_073242.2	31770062	31770416	3	1	+	NC_073242.2	31770063	31770186	31770265	31770396	MVP	XM_004057443.4	+	3	31770186	31770265	78	3
NC_073242.2	31945569	31946706	-3	1	-	NC_073242.2	31946343	31946604	31945864	31945943	DOC2A	XM_019012074.4	-	3	31945943	31946343	399	6
NC_073242.2	31945569	31946706	-3	1	-	NC_073242.2	31945864	31945943	31945606	31945680	DOC2A	XM_019012074.4	-	3	31945680	31945864	183	10
NC_073242.2	31945569	31946706	-3	1	-	NC_073242.2	31946343	31946613	31945864	31945943	DOC2A	XM_063700134.1	-	3	31945943	31946343	399	3
NC_073242.2	31945569	31946706	-3	1	-	NC_073242.2	31946343	31946617	31945864	31945943	DOC2A	XM_063700137.1	-	3	31945943	31946343	399	1
NC_073242.2	32117951	32118533	3	1	+	NC_073242.2	32118041	32118098	32118210	32118425	CORO1A	XM_004057487.4	+	3	32118098	32118210	111	2
NC_073242.2	36072767	36073277	-1	1	-	NC_073242.2	36073080	36073194	36072891	36072956	TBC1D10B	XM_019012038.4	-	1	36072956	36073080	123	2
NC_073242.2	36090938	36091247	3	1	+	NC_073242.2	36091004	36091052	36091146	36091247	MYL11	XM_019012041.3	+	3	36091052	36091146	93	2
NC_073242.2	36325646	36326453	-1	1	-	NC_073242.2	36325967	36326171	36325655	36325768	ZNF689	XM_004057512.4	-	1	36325768	36325967	198	1
NC_073242.2	36428316	36429018	1	1	+	NC_073242.2	36428396	36428569	36428660	36428982	SRCAP	XM_031002631.3	+	1	36428569	36428660	90	8
NC_073242.2	36698310	36698796	1	1	+	NC_073242.2	36698321	36698493	36698575	36698685	SETD1A	XM_055365947.2	+	1	36698493	36698575	81	5
NC_073242.2	36704249	36704957	3	1	+	NC_073242.2	36704417	36704516	36704652	36704814	HSD3B7	XM_019012543.3	+	3	36704516	36704652	135	5
NC_073242.2	36752260	36752593	2	1	+	NC_073242.2	36752276	36752377	36752489	36752588	STX4	XM_055365969.2	+	2	36752377	36752489	111	1
NC_073242.2	3678996	3679407	-3	1	-	NC_073242.2	3679252	3679327	3679082	3679182	RHBDF1	XM_031007769.3	-	3	3679182	3679252	69	3
NC_073242.2	36804158	36804890	-1	1	-	NC_073242.2	36804458	36804723	36804162	36804316	PRSS53	XM_004057535.4	-	1	36804316	36804458	141	3
NC_073242.2	3682494	3683172	-3	1	-	NC_073242.2	3682810	3683019	3682612	3682734	RHBDF1	XM_031007769.3	-	3	3682734	3682810	75	5
NC_073242.2	36835870	36836320	2	1	+	NC_073242.2	36835887	36835961	36836040	36836215	KAT8	XM_031002960.3	+	2	36835961	36836040	78	2
NC_073242.2	37086958	37087312	2	1	+	NC_073242.2	37087019	37087150	37087238	37087311	ITGAX	XM_063700164.1	+	2	37087150	37087238	87	3
NC_073242.2	37091474	37091756	3	1	+	NC_073242.2	37091475	37091591	37091676	37091755	ITGAX	XM_063700164.1	+	3	37091591	37091676	84	3
NC_073242.2	37096713	37097199	1	1	+	NC_073242.2	37096861	37096968	37097086	37097169	ITGAX	XM_063700164.1	+	1	37096968	37097086	117	3
NC_073242.2	37114722	37115133	1	1	+	NC_073242.2	37114751	37114821	37114972	37115086	ITGAD	XM_004057557.5	+	1	37114821	37114972	150	1
NC_073242.2	37140493	37141069	2	1	+	NC_073242.2	37140563	37140670	37140782	37140859	ITGAD	XM_004057557.5	+	2	37140670	37140782	111	1
NC_073242.2	37144659	37145214	-3	1	-	NC_073242.2	37144981	37145117	37144660	37144740	COX6A2	XM_004057558.5	-	3	37144740	37144981	240	1
NC_073242.2	37792158	37792731	-3	1	-	NC_073242.2	37792432	37792620	37792159	37792347	LOC129527662	XM_055366001.2	-	3	37792347	37792432	84	1
NC_073242.2	3783951	3784524	1	1	+	NC_073242.2	3784086	3784290	3784399	3784524	HBM	XM_055364714.2	+	1	3784290	3784399	108	1
NC_073242.2	3798479	3799073	3	1	+	NC_073242.2	3798593	3798797	3798948	3799073	LOC101146261	XM_004056858.5	+	3	3798797	3798948	150	1
NC_073242.2	3910864	3911431	2	1	+	NC_073242.2	3910941	3911122	3911243	3911353	PDIA2	XM_004056864.5	+	2	3911122	3911243	120	2
NC_073242.2	3910940	3911243	3	1	+	NC_073242.2	3910941	3911122	3911243	3911243	PDIA2	XM_031003053.3	+	3	3911122	3911243	120	1
NC_073242.2	3998292	3998901	-3	1	-	NC_073242.2	3998662	3998840	3998446	3998592	PGAP6	XM_055364740.2	-	3	3998592	3998662	69	1
NC_073242.2	4036100	4036616	3	1	+	NC_073242.2	4036140	4036233	4036420	4036524	DECR2	XM_019012069.4	+	3	4036233	4036420	186	3
NC_073242.2	4178505	4179192	1	1	+	NC_073242.2	4178764	4178942	4179186	4179192	CAPN15	XM_063699907.1	+	1	4178942	4179186	243	1
NC_073242.2	4214561	4215185	3	1	+	NC_073242.2	4214613	4214692	4214834	4215006	RAB40C	XM_055364814.2	+	3	4214692	4214834	141	1
NC_073242.2	4278770	4279676	3	1	+	NC_073242.2	4279202	4279332	4279402	4279518	WDR90	XM_055364760.2	+	3	4279332	4279402	69	10
NC_073242.2	4281802	4282690	2	1	+	NC_073242.2	4281830	4281991	4282175	4282303	WDR90	XM_055364760.2	+	2	4281991	4282175	183	10
NC_073242.2	4294508	4294952	3	1	+	NC_073242.2	4294599	4294700	4294818	4294916	RHOT2	XM_055364776.2	+	3	4294700	4294818	117	11
NC_073242.2	4294508	4294952	3	1	+	NC_073242.2	4294599	4294700	4294839	4294916	RHOT2	XM_055364778.2	+	3	4294700	4294839	138	4
NC_073242.2	4295546	4296137	3	1	+	NC_073242.2	4295831	4295915	4295994	4296136	RHOT2	XM_055364776.2	+	3	4295915	4295994	78	15
NC_073242.2	4296371	4296845	3	1	+	NC_073242.2	4296391	4296521	4296627	4296704	RHOT2	XM_055364776.2	+	3	4296521	4296627	105	15
NC_073242.2	4296822	4297524	1	1	+	NC_073242.2	4296841	4296963	4297066	4297268	RHOT2	XM_055364776.2	+	1	4296963	4297066	102	15
NC_073242.2	4299969	4301115	1	1	+	NC_073242.2	4300171	4300566	4300747	4300971	RHBDL1	XM_055364801.2	+	1	4300566	4300747	180	1
NC_073242.2	4299969	4301115	1	1	+	NC_073242.2	4300405	4300566	4300747	4300971	RHBDL1	XM_055364802.2	+	1	4300566	4300747	180	1
NC_073242.2	4299969	4301115	1	1	+	NC_073242.2	4300408	4300566	4300747	4300971	RHBDL1	XM_055364803.2	+	1	4300566	4300747	180	1
NC_073242.2	4306627	4307512	-2	1	-	NC_073242.2	4307320	4307439	4307165	4307232	JMJD8	XM_055364819.2	-	2	4307232	4307320	87	4
NC_073242.2	4306793	4307105	-1	1	-	NC_073242.2	4306950	4307084	4306794	4306871	JMJD8	XM_055364819.2	-	1	4306871	4306950	78	2
NC_073242.2	4308884	4309865	-1	1	-	NC_073242.2	4309703	4309807	4309281	4309621	WDR24	XM_055364769.2	-	1	4309621	4309703	81	1
NC_073242.2	4308884	4309865	-1	1	-	NC_073242.2	4309281	4309621	4309015	4309199	WDR24	XM_055364769.2	-	1	4309199	4309281	81	1
NC_073242.2	4318295	4318790	-1	1	-	NC_073242.2	4318652	4318715	4318296	4318441	FBXL16	XM_055364811.2	-	1	4318441	4318652	210	1
NC_073242.2	4352553	4352961	1	1	+	NC_073242.2	4352671	4352772	4352881	4352960	HAGHL	XM_055364830.1	+	1	4352772	4352881	108	3
NC_073242.2	4352553	4352961	1	1	+	NC_073242.2	4352674	4352772	4352881	4352960	HAGHL	XM_055364831.2	+	1	4352772	4352881	108	2
NC_073242.2	4352553	4352961	1	1	+	NC_073242.2	4352671	4352745	4352881	4352960	HAGHL	XM_063699868.1	+	1	4352745	4352881	135	1
NC_073242.2	4411898	4412492	-1	1	-	NC_073242.2	4412295	4412418	4412018	4412120	RPUSD1	XM_055364854.2	-	1	4412120	4412295	174	1
NC_073242.2	4417491	4418259	1	1	+	NC_073242.2	4417647	4417740	4417894	4417992	CHTF18	XM_055364848.2	+	1	4417740	4417894	153	5
NC_073242.2	4421896	4422577	2	1	+	NC_073242.2	4422145	4422289	4422389	4422520	CHTF18	XM_055364848.2	+	2	4422289	4422389	99	5
NC_073242.2	4844781	4845414	1	1	+	NC_073242.2	4844946	4845063	4845220	4845375	CACNA1H	XM_019012669.4	+	1	4845063	4845220	156	8
NC_073242.2	4848422	4849049	3	1	+	NC_073242.2	4848525	4848593	4848729	4848913	CACNA1H	XM_019012669.4	+	3	4848593	4848729	135	8
NC_073242.2	4849084	4849642	2	1	+	NC_073242.2	4849117	4849243	4849430	4849555	CACNA1H	XM_019012669.4	+	2	4849243	4849430	186	8
NC_073242.2	4855849	4856797	2	1	+	NC_073242.2	4855875	4855996	4856165	4856609	CACNA1H	XM_019012669.4	+	2	4855996	4856165	168	8
NC_073242.2	4859807	4860461	-1	1	-	NC_073242.2	4860213	4860358	4859808	4860113	TPSG1	XM_055366629.2	-	1	4860113	4860213	99	1
NC_073242.2	4867509	4867935	-3	1	-	NC_073242.2	4867836	4867917	4867511	4867682	LOC101143084	XM_031002849.2	-	3	4867682	4867836	153	1
NC_073242.2	4867509	4867935	-3	1	-	NC_073242.2	4867836	4867896	4867511	4867682	LOC101143084	XM_055364877.1	-	3	4867682	4867836	153	1
NC_073242.2	4878334	4878760	2	1	+	NC_073242.2	4878353	4878434	4878588	4878759	LOC101141984	XM_055364878.2	+	2	4878434	4878588	153	1
NC_073242.2	4963014	4963404	1	1	+	NC_073242.2	4963099	4963158	4963306	4963372	BAIAP3	XM_004056930.5	+	1	4963158	4963306	147	2
NC_073242.2	4964685	4965033	1	1	+	NC_073242.2	4964704	4964811	4964896	4964991	BAIAP3	XM_004056930.5	+	1	4964811	4964896	84	2
NC_073242.2	4966801	4967125	2	1	+	NC_073242.2	4966814	4966911	4967011	4967062	BAIAP3	XM_004056930.5	+	2	4966911	4967011	99	2
NC_073242.2	4969761	4970280	1	1	+	NC_073242.2	4969807	4969887	4969963	4970083	BAIAP3	XM_004056930.5	+	1	4969887	4969963	75	2
NC_073242.2	4969761	4970280	1	1	+	NC_073242.2	4969963	4970083	4970156	4970279	BAIAP3	XM_004056930.5	+	1	4970083	4970156	72	2
NC_073242.2	4974193	4974412	2	1	+	NC_073242.2	4974218	4974269	4974354	4974411	GNPTG	XM_004056934.5	+	2	4974269	4974354	84	3
NC_073242.2	4984130	4984568	3	1	+	NC_073242.2	4984262	4984355	4984434	4984548	GNPTG	XM_004056934.5	+	3	4984355	4984434	78	3
NC_073242.2	5060325	5061114	-3	1	-	NC_073242.2	5060872	5060973	5060662	5060790	CCDC154	XM_055366632.1	-	3	5060790	5060872	81	1
NC_073242.2	5068157	5068667	-1	1	-	NC_073242.2	5068530	5068610	5068158	5068241	CLCN7	XM_031002690.3	-	1	5068241	5068530	288	2
NC_073242.2	5068873	5069365	-2	1	-	NC_073242.2	5069183	5069242	5068919	5069095	CLCN7	XM_031002690.3	-	2	5069095	5069183	87	2
NC_073242.2	5070049	5070364	-2	1	-	NC_073242.2	5070213	5070298	5070050	5070101	CLCN7	XM_055364895.2	-	2	5070101	5070213	111	1
NC_073242.2	5385748	5386402	2	1	+	NC_073242.2	5385841	5385908	5386086	5386234	MAPK8IP3	XM_004056949.5	+	2	5385908	5386086	177	9
NC_073242.2	5391179	5391626	-1	1	-	NC_073242.2	5391560	5391602	5391180	5391469	MRPS34	XM_004056956.4	-	1	5391469	5391560	90	1
NC_073242.2	5391179	5391626	-1	1	-	NC_073242.2	5391560	5391602	5391180	5391490	MRPS34	XM_019011838.3	-	1	5391490	5391560	69	1
NC_073242.2	5589432	5590173	1	1	+	NC_073242.2	5589433	5589480	5589595	5589736	TBL3	XM_004056975.5	+	1	5589480	5589595	114	1
NC_073242.2	5592948	5593347	1	1	+	NC_073242.2	5593014	5593117	5593205	5593276	TBL3	XM_004056975.5	+	1	5593117	5593205	87	1
NC_073242.2	5705578	5706169	2	1	+	NC_073242.2	5705739	5705830	5705918	5706016	TSC2	XM_055364953.2	+	2	5705830	5705918	87	8
NC_073242.2	5707410	5708865	-3	1	-	NC_073242.2	5708560	5708850	5708350	5708484	PKD1	XM_055364944.2	-	3	5708484	5708560	75	8
NC_073242.2	5707410	5708865	-3	1	-	NC_073242.2	5708350	5708484	5707966	5708271	PKD1	XM_055364944.2	-	3	5708271	5708350	78	8
NC_073242.2	5707410	5708865	-3	1	-	NC_073242.2	5707966	5708271	5707411	5707875	PKD1	XM_055364944.2	-	3	5707875	5707966	90	8
NC_073242.2	5710944	5711640	-3	1	-	NC_073242.2	5711404	5711606	5711137	5711331	PKD1	XM_055364944.2	-	3	5711331	5711404	72	8
NC_073242.2	5729518	5733898	-2	1	-	NC_073242.2	5729963	5733582	5729594	5729743	PKD1	XM_055364944.2	-	2	5729743	5729963	219	8
NC_073242.2	5739451	5740636	-2	1	-	NC_073242.2	5740420	5740589	5739535	5740206	PKD1	XM_055364944.2	-	2	5740206	5740420	213	6
NC_073242.2	5794298	5794718	3	1	+	NC_073242.2	5794323	5794454	5794539	5794658	TRAF7	XM_031007389.3	+	3	5794454	5794539	84	2
NC_073242.2	5802956	5803529	-1	1	-	NC_073242.2	5803338	5803426	5803178	5803262	CASKIN1	XM_031007388.2	-	1	5803262	5803338	75	3
NC_073242.2	5804627	5805536	-1	1	-	NC_073242.2	5805392	5805500	5805204	5805298	CASKIN1	XM_031007388.2	-	1	5805298	5805392	93	1
NC_073242.2	5804627	5805536	-1	1	-	NC_073242.2	5805204	5805298	5804933	5805050	CASKIN1	XM_031007388.2	-	1	5805050	5805204	153	1
NC_073242.2	5804627	5805536	-1	1	-	NC_073242.2	5805204	5805500	5804933	5805050	CASKIN1	XM_055364983.1	-	1	5805050	5805204	153	2
NC_073242.2	5807585	5808443	-1	1	-	NC_073242.2	5808260	5808357	5807661	5807806	CASKIN1	XM_031007388.2	-	1	5807806	5808260	453	3
NC_073242.2	5897892	5898615	-3	1	-	NC_073242.2	5898277	5898405	5897923	5898117	ABCA3	XM_031007384.3	-	3	5898117	5898277	159	2
NC_073242.2	5914227	5915436	-3	1	-	NC_073242.2	5914912	5915066	5914537	5914692	ABCA3	XM_031007384.3	-	3	5914692	5914912	219	2
NC_073242.2	5944612	5945131	-2	1	-	NC_073242.2	5945048	5945101	5944645	5944909	ABCA3	XM_031007384.3	-	2	5944909	5945048	138	2
NC_073242.2	6149447	6149999	3	1	+	NC_073242.2	6149518	6149606	6149694	6149838	AMDHD2	XM_019012480.4	+	3	6149606	6149694	87	3
NC_073242.2	6412805	6413558	-1	1	-	NC_073242.2	6413109	6413192	6412860	6412994	ELOB	XM_019011947.3	-	1	6412994	6413109	114	1
NC_073242.2	6435906	6436284	1	1	+	NC_073242.2	6436000	6436063	6436151	6436279	PRSS41	XM_055365031.2	+	1	6436063	6436151	87	1
NC_073242.2	6475834	6476518	-2	1	-	NC_073242.2	6476324	6476484	6475835	6476107	LOC129527516	XM_055365035.2	-	2	6476107	6476324	216	1
NC_073242.2	6477583	6477892	-2	1	-	NC_073242.2	6477829	6477880	6477724	6477750	LOC129527516	XM_055365035.2	-	2	6477750	6477829	78	1
NC_073242.2	6617307	6618114	1	1	+	NC_073242.2	6617324	6617545	6617684	6618114	PAQR4	XM_055365060.2	+	1	6617545	6617684	138	1
NC_073242.2	6617307	6618114	1	1	+	NC_073242.2	6617324	6617545	6617684	6617853	PAQR4	XM_055365061.2	+	1	6617545	6617684	138	1
NC_073242.2	6617307	6618114	1	1	+	NC_073242.2	6617684	6617853	6618055	6618114	PAQR4	XM_055365061.2	+	1	6617853	6618055	201	1
NC_073242.2	6620143	6620938	-2	1	-	NC_073242.2	6620722	6620828	6620417	6620589	PKMYT1	XM_055365052.2	-	2	6620589	6620722	132	3
NC_073242.2	6620143	6620938	-2	1	-	NC_073242.2	6620417	6620589	6620172	6620329	PKMYT1	XM_055365052.2	-	2	6620329	6620417	87	3
NC_073242.2	6636992	6637742	3	1	+	NC_073242.2	6637246	6637299	6637576	6637635	GREP1	XM_063699965.1	+	3	6637299	6637576	276	1
NC_073242.2	6638854	6639274	2	1	+	NC_073242.2	6639003	6639032	6639129	6639161	GREP1	XM_063699965.1	+	2	6639032	6639129	96	1
NC_073242.2	6641746	6642169	2	1	+	NC_073242.2	6641838	6641879	6641964	6641996	GREP1	XM_063699965.1	+	2	6641879	6641964	84	1
NC_073242.2	6641746	6642169	2	1	+	NC_073242.2	6641964	6641996	6642078	6642131	GREP1	XM_063699965.1	+	2	6641996	6642078	81	1
NC_073242.2	6642591	6643008	1	1	+	NC_073242.2	6642713	6642748	6642890	6642922	GREP1	XM_063699965.1	+	1	6642748	6642890	141	1
NC_073242.2	6644478	6645309	1	1	+	NC_073242.2	6644570	6644602	6644708	6644737	GREP1	XM_063699965.1	+	1	6644602	6644708	105	1
NC_073242.2	6644478	6645309	1	1	+	NC_073242.2	6644708	6644737	6645062	6645193	GREP1	XM_063699965.1	+	1	6644737	6645062	324	1
NC_073242.2	6667740	6668028	1	1	+	NC_073242.2	6667760	6667894	6667976	6668028	TNFRSF12A	XM_004057054.4	+	1	6667894	6667976	81	1
NC_073242.2	6669070	6669706	-2	1	-	NC_073242.2	6669438	6669566	6669071	6669203	HCFC1R1	XM_019012364.4	-	2	6669203	6669438	234	2
NC_073242.2	6704730	6705441	1	1	+	NC_073242.2	6704753	6705010	6705173	6705441	MMP25	XM_031002704.3	+	1	6705010	6705173	162	1
NC_073242.2	6891602	6892364	-1	1	-	NC_073242.2	6892319	6892351	6891603	6892153	MEFV	XM_063699967.1	-	1	6892153	6892319	165	1
NC_073242.2	8268932	8270018	-1	1	-	NC_073242.2	8269791	8269853	8268933	8269280	UBALD1	XM_019012132.4	-	1	8269280	8269791	510	1
NC_073242.2	8450663	8451029	3	1	+	NC_073242.2	8450749	8450849	8450991	8451029	SMIM22	XM_019012356.4	+	3	8450849	8450991	141	3
NC_073242.2	8450663	8451029	3	1	+	NC_073242.2	8450749	8450834	8450991	8451029	SMIM22	XM_055365199.2	+	3	8450834	8450991	156	2
NC_073242.2	8553729	8554416	-3	1	-	NC_073242.2	8554171	8554332	8553961	8554068	PPL	XM_019012493.4	-	3	8554068	8554171	102	1
NC_073242.2	86022660	86023134	1	1	+	NC_073242.2	86022941	86023018	86023124	86023134	SLC12A3	XM_019012774.4	+	1	86023018	86023124	105	1
NC_073242.2	86113996	86114458	2	1	+	NC_073242.2	86114121	86114206	86114387	86114458	CETP	XM_004057684.3	+	2	86114206	86114387	180	1
NC_073242.2	8654846	8655242	3	1	+	NC_073242.2	8654941	8655029	8655141	8655211	SEC14L5	XM_031002578.3	+	3	8655029	8655141	111	4
NC_073242.2	96350561	96351143	3	1	+	NC_073242.2	96350582	96350661	96350953	96351047	PHAF1	XM_004057793.4	+	3	96350661	96350953	291	2
NC_073242.2	96383634	96384360	1	1	+	NC_073242.2	96383810	96383937	96384037	96384161	HSF4	XM_019012220.4	+	1	96383937	96384037	99	4
NC_073242.2	96402757	96403258	-2	1	-	NC_073242.2	96403047	96403171	96402758	96402965	EXOC3L1	XM_004057795.5	-	2	96402965	96403047	81	1
NC_073242.2	96404890	96405358	-2	1	-	NC_073242.2	96405101	96405226	96404916	96405016	EXOC3L1	XM_004057795.5	-	2	96405016	96405101	84	1
NC_073242.2	96416113	96416479	2	1	+	NC_073242.2	96416226	96416270	96416367	96416479	E2F4	XM_004057796.5	+	2	96416270	96416367	96	1
NC_073242.2	96419623	96420067	2	1	+	NC_073242.2	96419720	96419770	96419855	96419977	ELMO3	XM_004057794.5	+	2	96419770	96419855	84	3
NC_073242.2	96447837	96448371	-3	1	-	NC_073242.2	96448116	96448278	96447843	96448040	FHOD1	XM_004057803.5	-	3	96448040	96448116	75	1
NC_073242.2	96498942	96499356	1	1	+	NC_073242.2	96498995	96499090	96499166	96499289	PLEKHG4	XM_031002983.3	+	1	96499090	96499166	75	5
NC_073242.2	96499995	96500622	1	1	+	NC_073242.2	96499996	96500109	96500281	96500379	PLEKHG4	XM_031002983.3	+	1	96500109	96500281	171	8
NC_073242.2	96499995	96500622	1	1	+	NC_073242.2	96500281	96500379	96500473	96500621	PLEKHG4	XM_031002983.3	+	1	96500379	96500473	93	8
NC_073242.2	96504545	96505022	3	1	+	NC_073242.2	96504546	96504635	96504717	96504938	PLEKHG4	XM_031002983.3	+	3	96504635	96504717	81	8
NC_073242.2	96506737	96507079	2	1	+	NC_073242.2	96506763	96506878	96507077	96507079	PLEKHG4	XM_031002983.3	+	2	96506878	96507077	198	8
NC_073242.2	96612659	96613187	-1	1	-	NC_073242.2	96613049	96613109	96612660	96612940	ZDHHC1	XM_019012336.3	-	1	96612940	96613049	108	2
NC_073242.2	96612659	96613187	-1	1	-	NC_073242.2	96613049	96613129	96612660	96612940	ZDHHC1	XM_019012338.3	-	1	96612940	96613049	108	2
NC_073242.2	96612715	96613417	-2	1	-	NC_073242.2	96613049	96613268	96612716	96612940	ZDHHC1	XM_004057812.4	-	2	96612940	96613049	108	3
NC_073242.2	96612715	96613417	-2	1	-	NC_073242.2	96613049	96613109	96612716	96612940	ZDHHC1	XM_055366167.2	-	2	96612940	96613049	108	1
NC_073242.2	96612715	96613417	-2	1	-	NC_073242.2	96613049	96613129	96612716	96612940	ZDHHC1	XM_063700293.1	-	2	96612940	96613049	108	2
NC_073242.2	96612715	96613417	-2	1	-	NC_073242.2	96613049	96613327	96612716	96612940	ZDHHC1	XM_063700296.1	-	2	96612940	96613049	108	1
NC_073242.2	96653953	96654550	2	1	+	NC_073242.2	96653988	96654173	96654279	96654416	HSD11B2	XM_004057816.3	+	2	96654173	96654279	105	1
NC_073242.2	96656866	96657418	-2	1	-	NC_073242.2	96657287	96657364	96656984	96657160	ATP6V0D1	XM_004057813.4	-	2	96657160	96657287	126	1
NC_073242.2	96758308	96758545	2	1	+	NC_073242.2	96758339	96758402	96758499	96758542	RIPOR1	XM_031002726.3	+	2	96758402	96758499	96	8
NC_073242.2	96759581	96761369	3	1	+	NC_073242.2	96759695	96759824	96759909	96761348	RIPOR1	XM_031002726.3	+	3	96759824	96759909	84	8
NC_073242.2	96866488	96867262	2	1	+	NC_073242.2	96866854	96866923	96867062	96867143	CARMIL2	XM_031002760.3	+	2	96866923	96867062	138	4
NC_073242.2	96870259	96870745	2	1	+	NC_073242.2	96870365	96870505	96870638	96870704	CARMIL2	XM_031002760.3	+	2	96870505	96870638	132	4
NC_073242.2	97053505	97054108	2	1	+	NC_073242.2	97053554	97053713	97053789	97053919	TSNAXIP1	XM_004057837.5	+	2	97053713	97053789	75	5
NC_073242.2	97053505	97054108	2	1	+	NC_073242.2	97053665	97053713	97053789	97053919	TSNAXIP1	XM_019012092.3	+	2	97053713	97053789	75	3
NC_073242.2	97104027	97104762	1	1	+	NC_073242.2	97104125	97104314	97104417	97104564	EDC4	XM_055366179.2	+	1	97104314	97104417	102	5
NC_073242.2	97104027	97104762	1	1	+	NC_073242.2	97104417	97104564	97104649	97104753	EDC4	XM_055366179.2	+	1	97104564	97104649	84	5
NC_073242.2	97105828	97106218	2	1	+	NC_073242.2	97105865	97106045	97106145	97106217	EDC4	XM_055366179.2	+	2	97106045	97106145	99	5
NC_073242.2	97106463	97106880	1	1	+	NC_073242.2	97106495	97106682	97106758	97106879	EDC4	XM_055366179.2	+	1	97106682	97106758	75	5
NC_073242.2	97107930	97108326	1	1	+	NC_073242.2	97107984	97108088	97108173	97108325	EDC4	XM_055366179.2	+	1	97108088	97108173	84	5
NC_073242.2	97108572	97109241	1	1	+	NC_073242.2	97108576	97109017	97109120	97109235	EDC4	XM_055366179.2	+	1	97109017	97109120	102	3
NC_073242.2	97108572	97109241	1	1	+	NC_073242.2	97108576	97108753	97108862	97109017	EDC4	XM_055366181.2	+	1	97108753	97108862	108	2
NC_073242.2	97108572	97109241	1	1	+	NC_073242.2	97108862	97109017	97109120	97109235	EDC4	XM_055366181.2	+	1	97109017	97109120	102	2
NC_073242.2	97109330	97109882	3	1	+	NC_073242.2	97109337	97109502	97109587	97109773	EDC4	XM_055366179.2	+	3	97109502	97109587	84	5
NC_073242.2	97172103	97172682	-3	1	-	NC_073242.2	97172500	97172607	97172105	97172289	SLC12A4	XM_019012008.4	-	3	97172289	97172500	210	12
NC_073242.2	97466179	97466761	-2	1	-	NC_073242.2	97466429	97466626	97466216	97466344	ESRP2	XM_004057858.5	-	2	97466344	97466429	84	2
NC_073242.2	97588600	97589125	2	1	+	NC_073242.2	97588646	97588806	97589059	97589125	PRMT7	XM_055366253.2	+	2	97588806	97589059	252	4
NC_073242.2	97870545	97871229	1	1	+	NC_073242.2	97870816	97870860	97871074	97871188	CDH3	XM_004057869.5	+	1	97870860	97871074	213	3
NC_073242.2	98542856	98543351	3	1	+	NC_073242.2	98542986	98543097	98543203	98543350	VPS4A	XM_031002626.3	+	3	98543097	98543203	105	2
NC_073242.2	98545626	98545941	1	1	+	NC_073242.2	98545647	98545708	98545814	98545933	VPS4A	XM_031002626.3	+	1	98545708	98545814	105	1
NC_073242.2	98545626	98545941	1	1	+	NC_073242.2	98545650	98545708	98545814	98545933	VPS4A	XM_063699684.1	+	1	98545708	98545814	105	1
NC_073242.2	99344267	99345737	-1	1	-	NC_073242.2	99345480	99345582	99344496	99344570	LOC101147502	XM_055366336.2	-	1	99344570	99345480	909	4
NC_073242.2	99920695	99921286	2	1	+	NC_073242.2	99920816	99920917	99921026	99921196	FCSK	XM_031002614.3	+	2	99920917	99921026	108	3
NC_073243.2	104201580	104202036	-2	1	-	NC_073243.2	104201873	104201965	104201582	104201764	MTRR	XM_004059050.5	-	2	104201764	104201873	108	2
NC_073243.2	106868799	106869480	-2	1	-	NC_073243.2	106869127	106869328	106868830	106869024	ADAMTS16	XM_004059064.5	-	2	106869024	106869127	102	1
NC_073243.2	110860980	110861385	1	1	+	NC_073243.2	110861033	110861088	110861173	110861217	CLPTM1L	XM_055366831.2	+	1	110861088	110861173	84	2
NC_073243.2	112162829	112163396	-3	1	-	NC_073243.2	112163235	112163324	112162923	112163153	PLEKHG4B	XM_019013267.3	-	3	112163153	112163235	81	4
NC_073243.2	16605065	16605911	-3	1	-	NC_073243.2	16605685	16605798	16605533	16605609	MYO1C	XM_055367103.2	-	3	16605609	16605685	75	6
NC_073243.2	16605065	16605911	-3	1	-	NC_073243.2	16605533	16605609	16605161	16605229	MYO1C	XM_055367103.2	-	3	16605229	16605533	303	6
NC_073243.2	16784543	16785425	-3	1	-	NC_073243.2	16785146	16785239	16784934	16785040	RILP	XM_031003561.3	-	3	16785040	16785146	105	2
NC_073243.2	16784543	16785425	-3	1	-	NC_073243.2	16784934	16785040	16784556	16784801	RILP	XM_031003561.3	-	3	16784801	16784934	132	3
NC_073243.2	16784543	16785425	-3	1	-	NC_073243.2	16785146	16785233	16784934	16785040	RILP	XM_031003562.3	-	3	16785040	16785146	105	1
NC_073243.2	16841586	16842018	-2	1	-	NC_073243.2	16841901	16841983	16841596	16841678	TLCD2	XM_031003172.3	-	2	16841678	16841901	222	1
NC_073243.2	16876853	16877795	3	1	+	NC_073243.2	16876959	16877021	16877334	16877535	SERPINF2	XM_004058235.3	+	3	16877021	16877334	312	3
NC_073243.2	17501033	17501612	3	1	+	NC_073243.2	17501270	17501334	17501413	17501558	SGSM2	XM_004058253.5	+	3	17501334	17501413	78	6
NC_073243.2	17818792	17819239	-1	1	-	NC_073243.2	17818946	17819080	17818794	17818867	CLUH	XM_004058259.5	-	1	17818867	17818946	78	3
NC_073243.2	17822390	17822909	-3	1	-	NC_073243.2	17822625	17822777	17822469	17822531	CLUH	XM_004058259.5	-	3	17822531	17822625	93	3
NC_073243.2	17823688	17824432	-1	1	-	NC_073243.2	17823982	17824205	17823697	17823798	CLUH	XM_004058259.5	-	1	17823798	17823982	183	2
NC_073243.2	17823688	17824432	-1	1	-	NC_073243.2	17823982	17824205	17823697	17823801	CLUH	XM_019013236.4	-	1	17823801	17823982	180	1
NC_073243.2	18773257	18773965	2	1	+	NC_073243.2	18773590	18773689	18773783	18773902	CTNS	XM_019013388.3	+	2	18773689	18773783	93	3
NC_073243.2	19008009	19008309	-2	1	-	NC_073243.2	19008202	19008303	19008010	19008072	P2RX1	XM_019013018.4	-	2	19008072	19008202	129	1
NC_073243.2	19062064	19063306	-1	1	-	NC_073243.2	19062995	19063099	19062667	19062805	ATP2A3	XM_031003448.3	-	1	19062805	19062995	189	5
NC_073243.2	19062064	19063306	-1	1	-	NC_073243.2	19062667	19062805	19062106	19062186	ATP2A3	XM_031003448.3	-	1	19062186	19062667	480	5
NC_073243.2	19667904	19668468	-2	1	-	NC_073243.2	19668321	19668417	19668061	19668212	MYBBP1A	XM_031003239.3	-	2	19668212	19668321	108	3
NC_073243.2	19677227	19677989	-3	1	-	NC_073243.2	19677600	19677797	19677282	19677377	MYBBP1A	XM_031003239.3	-	3	19677377	19677600	222	2
NC_073243.2	19843543	19843822	2	1	+	NC_073243.2	19843565	19843648	19843742	19843821	ARRB2	XM_063700528.1	+	2	19843648	19843742	93	1
NC_073243.2	19867424	19868039	3	1	+	NC_073243.2	19867546	19867634	19867725	19867823	ZMYND15	XM_004058330.5	+	3	19867634	19867725	90	3
NC_073243.2	19921606	19922074	2	1	+	NC_073243.2	19921664	19921808	19921935	19922074	PSMB6	XM_004058341.5	+	2	19921808	19921935	126	1
NC_073243.2	19931277	19931961	1	1	+	NC_073243.2	19931464	19931572	19931675	19931805	PLD2	XM_031003465.3	+	1	19931572	19931675	102	3
NC_073243.2	19932668	19933073	3	1	+	NC_073243.2	19932791	19932896	19932987	19933052	PLD2	XM_031003465.3	+	3	19932896	19932987	90	3
NC_073243.2	19933368	19933719	1	1	+	NC_073243.2	19933380	19933472	19933566	19933718	PLD2	XM_031003465.3	+	1	19933472	19933566	93	3
NC_073243.2	20019206	20019950	3	1	+	NC_073243.2	20019409	20019497	20019705	20019728	MINK1	XM_055367187.2	+	3	20019497	20019705	207	15
NC_073243.2	20025587	20026154	-3	1	-	NC_073243.2	20025923	20026109	20025732	20025838	CHRNE	XM_019012962.3	-	3	20025838	20025923	84	1
NC_073243.2	20067799	20068288	-1	1	-	NC_073243.2	20068092	20068244	20067801	20068007	SLC25A11	XM_004058353.5	-	1	20068007	20068092	84	1
NC_073243.2	20082084	20082414	1	1	+	NC_073243.2	20082119	20082177	20082340	20082409	ENO3	XM_004058350.4	+	1	20082177	20082340	162	5
NC_073243.2	20097695	20097944	-3	1	-	NC_073243.2	20097844	20097918	20097696	20097756	CAMTA2	XM_019013109.4	-	3	20097756	20097844	87	7
NC_073243.2	20132427	20132754	1	1	+	NC_073243.2	20132500	20132565	20132647	20132722	KIF1C	XM_004058365.5	+	1	20132565	20132647	81	2
NC_073243.2	20257122	20257458	1	1	+	NC_073243.2	20257141	20257212	20257375	20257457	USP6	XM_031003420.3	+	1	20257212	20257375	162	2
NC_073243.2	21899613	21899967	1	1	+	NC_073243.2	21899623	21899752	21899870	21899955	XAF1	XM_055367313.2	+	1	21899752	21899870	117	1
NC_073243.2	22152641	22153142	3	1	+	NC_073243.2	22152681	22152701	22152885	22152979	BACC1	XM_019013422.4	+	3	22152701	22152885	183	5
NC_073243.2	22314905	22316021	-3	1	-	NC_073243.2	22315721	22315807	22315485	22315636	ASGR1	XM_004058447.5	-	3	22315636	22315721	84	3
NC_073243.2	22318295	22318796	-3	1	-	NC_073243.2	22318601	22318717	22318367	22318462	ASGR1	XM_004058447.5	-	3	22318462	22318601	138	2
NC_073243.2	22343737	22344340	-1	1	-	NC_073243.2	22344097	22344266	22343858	22343994	DLG4	XM_019013125.4	-	1	22343994	22344097	102	11
NC_073243.2	22423672	22424434	2	1	+	NC_073243.2	22423703	22423819	22423931	22424103	SLC2A4	XM_004058459.5	+	2	22423819	22423931	111	1
NC_073243.2	22461439	22462255	-1	1	-	NC_073243.2	22462023	22462167	22461697	22461920	NEURL4	XM_055367341.2	-	1	22461920	22462023	102	5
NC_073243.2	22461439	22462255	-1	1	-	NC_073243.2	22461697	22461920	22461441	22461606	NEURL4	XM_055367341.2	-	1	22461606	22461697	90	5
NC_073243.2	22461439	22462255	-1	1	-	NC_073243.2	22462023	22462167	22461697	22461809	NEURL4	XM_055367344.2	-	1	22461809	22462023	213	4
NC_073243.2	22461439	22462255	-1	1	-	NC_073243.2	22461697	22461809	22461441	22461606	NEURL4	XM_055367344.2	-	1	22461606	22461697	90	4
NC_073243.2	22470399	22470897	-2	1	-	NC_073243.2	22470672	22470783	22470490	22470578	NEURL4	XM_055367341.2	-	2	22470578	22470672	93	10
NC_073243.2	22474674	22475199	1	1	+	NC_073243.2	22474696	22474794	22475131	22475198	ACAP1	XM_063700579.1	+	1	22474794	22475131	336	1
NC_073243.2	22526102	22526861	3	1	+	NC_073243.2	22526316	22526471	22526577	22526860	TNK1	XM_019013189.4	+	3	22526471	22526577	105	1
NC_073243.2	22531381	22531696	2	1	+	NC_073243.2	22531403	22531498	22531586	22531696	TNK1	XM_019013189.4	+	2	22531498	22531586	87	1
NC_073243.2	22588664	22589072	3	1	+	NC_073243.2	22588680	22588737	22588822	22588961	CHRNB1	XM_031003348.3	+	3	22588737	22588822	84	2
NC_073243.2	22639644	22640778	1	1	+	NC_073243.2	22639685	22639821	22639915	22640088	POLR2A	XM_004058486.5	+	1	22639821	22639915	93	1
NC_073243.2	22639644	22640778	1	1	+	NC_073243.2	22639915	22640088	22640239	22640520	POLR2A	XM_004058486.5	+	1	22640088	22640239	150	1
NC_073243.2	22655889	22656429	1	1	+	NC_073243.2	22655992	22656178	22656311	22656424	POLR2A	XM_004058486.5	+	1	22656178	22656311	132	1
NC_073243.2	22711236	22711743	1	1	+	NC_073243.2	22711404	22711551	22711681	22711728	SENP3	XM_019013051.3	+	1	22711551	22711681	129	1
NC_073243.2	22723492	22723876	2	1	+	NC_073243.2	22723514	22723651	22723772	22723861	EIF4A1	XM_019013058.4	+	2	22723651	22723772	120	1
NC_073243.2	22915987	22916356	2	1	+	NC_073243.2	22915988	22916149	22916252	22916355	DNAH2	XM_055367403.2	+	2	22916149	22916252	102	2
NC_073243.2	22955189	22955708	3	1	+	NC_073243.2	22955266	22955435	22955586	22955702	DNAH2	XM_055367403.2	+	3	22955435	22955586	150	2
NC_073243.2	22980023	22980488	3	1	+	NC_073243.2	22980032	22980260	22980336	22980487	DNAH2	XM_055367403.2	+	3	22980260	22980336	75	2
NC_073243.2	22996101	22996785	1	1	+	NC_073243.2	22996245	22996464	22996567	22996659	KDM6B	XM_031003253.3	+	1	22996464	22996567	102	13
NC_073243.2	23056822	23057425	2	1	+	NC_073243.2	23057031	23057152	23057258	23057393	CHD3	XM_004058522.5	+	2	23057152	23057258	105	21
NC_073243.2	23162569	23163304	2	1	+	NC_073243.2	23162675	23162881	23162981	23163137	GUCY2D	XM_019013034.4	+	2	23162881	23162981	99	1
NC_073243.2	23189765	23190272	3	1	+	NC_073243.2	23189775	23189921	23190006	23190225	ALOX15B	XM_004058532.5	+	3	23189921	23190006	84	1
NC_073243.2	23377242	23378025	-2	1	-	NC_073243.2	23377534	23377858	23377357	23377446	CTC1	XM_004058551.5	-	2	23377446	23377534	87	2
NC_073243.2	23409825	23410344	1	1	+	NC_073243.2	23409826	23409951	23410084	23410215	PFAS	XM_019013639.4	+	1	23409951	23410084	132	4
NC_073243.2	23410550	23411426	3	1	+	NC_073243.2	23410569	23410799	23410962	23411142	PFAS	XM_019013639.4	+	3	23410799	23410962	162	4
NC_073243.2	23410550	23411426	3	1	+	NC_073243.2	23410962	23411142	23411230	23411313	PFAS	XM_019013639.4	+	3	23411142	23411230	87	4
NC_073243.2	23459724	23460219	1	1	+	NC_073243.2	23459725	23459885	23460066	23460218	ARHGEF15	XM_004058555.5	+	1	23459885	23460066	180	3
NC_073243.2	23462885	23463227	3	1	+	NC_073243.2	23462886	23462978	23463066	23463226	ARHGEF15	XM_004058555.5	+	3	23462978	23463066	87	3
NC_073243.2	23904408	23904825	-2	1	-	NC_073243.2	23904589	23904757	23904409	23904465	LOC115931292	XM_031003523.3	-	2	23904465	23904589	123	1
NC_073243.2	24116183	24116762	-3	1	-	NC_073243.2	24116429	24116561	24116185	24116254	PIK3R6	XM_055367473.2	-	3	24116254	24116429	174	3
NC_073243.2	25587842	25588559	-3	1	-	NC_073243.2	25588155	25588463	25587867	25588070	MYH13	XM_019013356.4	-	3	25588070	25588155	84	1
NC_073243.2	25684632	25684998	-2	1	-	NC_073243.2	25684867	25684990	25684634	25684770	MYH8	XM_019013364.4	-	2	25684770	25684867	96	3
NC_073243.2	25920631	25921261	-1	1	-	NC_073243.2	25921091	25921261	25920682	25920988	MYH3	XM_019013359.3	-	1	25920988	25921091	102	1
NC_073243.2	28277437	28277803	-1	1	-	NC_073243.2	28277642	28277741	28277443	28277563	ELAC2	NM_001279745.1	-	1	28277563	28277642	78	4
NC_073243.2	28284945	28285299	-2	1	-	NC_073243.2	28285126	28285264	28284959	28285044	ELAC2	NM_001279745.1	-	2	28285044	28285126	81	2
NC_073243.2	28284945	28285299	-2	1	-	NC_073243.2	28285126	28285264	28284959	28285041	ELAC2	XM_019012896.4	-	2	28285041	28285126	84	2
NC_073243.2	31079899	31080235	2	1	+	NC_073243.2	31079918	31079989	31080152	31080234	LOC101133404	XM_063700665.1	+	2	31079989	31080152	162	1
NC_073243.2	36054416	36054983	-3	1	-	NC_073243.2	36054723	36054821	36054513	36054617	ANKDD1B	XM_055367802.2	-	3	36054617	36054723	105	6
NC_073243.2	77857593	77858061	-2	1	-	NC_073243.2	77857887	77858011	77857617	77857703	MTMR12	XM_055367606.2	-	2	77857703	77857887	183	11
NC_073243.2	81145938	81146469	1	1	+	NC_073243.2	81146043	81146251	81146345	81146468	LOC129528089	XM_055367709.2	+	1	81146251	81146345	93	1
NC_073244.2	10108119	10108446	1	1	+	NC_073244.2	10108154	10108242	10108339	10108446	FSD1	XM_055371308.1	+	1	10108242	10108339	96	1
NC_073244.2	10109971	10110532	-3	1	-	NC_073244.2	10110211	10110372	10110031	10110123	STAP2	XM_055371300.2	-	3	10110123	10110211	87	3
NC_073244.2	10140499	10140922	2	1	+	NC_073244.2	10140590	10140662	10140738	10140814	MPND	XM_031004239.3	+	2	10140662	10140738	75	2
NC_073244.2	10270433	10271102	3	1	+	NC_073244.2	10270549	10270624	10270733	10271042	HDGFL2	XM_055371325.2	+	3	10270624	10270733	108	5
NC_073244.2	10287013	10290517	-3	1	-	NC_073244.2	10288643	10290493	10287043	10288363	PLIN4	XM_055371328.2	-	3	10288363	10288643	279	1
NC_073244.2	10333534	10334056	-3	1	-	NC_073244.2	10333979	10334039	10333766	10333828	SEMA6B	XM_031006459.3	-	3	10333828	10333979	150	2
NC_073244.2	10732815	10733268	1	1	+	NC_073244.2	10732833	10732956	10733044	10733151	UHRF1	XM_004059788.5	+	1	10732956	10733044	87	3
NC_073244.2	10921306	10922422	2	1	+	NC_073244.2	10921329	10921798	10922156	10922276	KDM4B	XM_019015987.4	+	2	10921798	10922156	357	5
NC_073244.2	10927353	10928118	1	1	+	NC_073244.2	10927529	10927605	10927888	10927943	KDM4B	XM_019015987.4	+	1	10927605	10927888	282	5
NC_073244.2	11010900	11011416	-1	1	-	NC_073244.2	11011267	11011360	11010946	11011161	PTPRS	XM_055371349.2	-	1	11011161	11011267	105	15
NC_073244.2	11477896	11479081	2	1	+	NC_073244.2	11478550	11478715	11478800	11479081	HSD11B1L	XM_063702007.1	+	2	11478715	11478800	84	1
NC_073244.2	11983917	11984748	1	1	+	NC_073244.2	11984177	11984316	11984491	11984737	ACSBG2	XM_019016248.3	+	1	11984316	11984491	174	6
NC_073244.2	12173477	12173987	3	1	+	NC_073244.2	12173502	12173626	12173828	12173987	ALKBH7	XM_031004508.3	+	3	12173626	12173828	201	2
NC_073244.2	12212936	12213884	-2	1	-	NC_073244.2	12213290	12213367	12212937	12213211	KHSRP	XM_031004255.2	-	2	12213211	12213290	78	3
NC_073244.2	12212936	12213884	-2	1	-	NC_073244.2	12213290	12213367	12213051	12213211	KHSRP	XM_031004256.2	-	2	12213211	12213290	78	2
NC_073244.2	12214146	12214995	-1	1	-	NC_073244.2	12214650	12214794	12214402	12214562	KHSRP	XM_031004255.2	-	1	12214562	12214650	87	5
NC_073244.2	12228273	12228945	-1	1	-	NC_073244.2	12228583	12228735	12228298	12228405	SLC25A41	XM_031004104.3	-	1	12228405	12228583	177	2
NC_073244.2	12228273	12228945	-1	1	-	NC_073244.2	12228583	12228864	12228298	12228405	SLC25A41	XM_055371424.2	-	1	12228405	12228583	177	1
NC_073244.2	12274487	12274868	-2	1	-	NC_073244.2	12274743	12274844	12274533	12274658	DENND1C	XM_004059843.5	-	2	12274658	12274743	84	1
NC_073244.2	12303273	12303660	-1	1	-	NC_073244.2	12303552	12303660	12303324	12303434	TUBB4A	XM_031004243.3	-	1	12303434	12303552	117	1
NC_073244.2	12481750	12482089	-3	1	-	NC_073244.2	12481972	12482055	12481752	12481887	C3	XM_019015534.3	-	3	12481887	12481972	84	1
NC_073244.2	12487990	12488374	-3	1	-	NC_073244.2	12488164	12488254	12487992	12488043	C3	XM_019015534.3	-	3	12488043	12488164	120	1
NC_073244.2	12488285	12488750	-2	1	-	NC_073244.2	12488592	12488750	12488379	12488438	C3	XM_019015534.3	-	2	12488438	12488592	153	1
NC_073244.2	12513978	12515589	-1	1	-	NC_073244.2	12515293	12515502	12514945	12515151	C3	XM_019015534.3	-	1	12515151	12515293	141	1
NC_073244.2	12535409	12535808	-2	1	-	NC_073244.2	12535667	12535750	12535455	12535579	GPR108	XM_055371445.2	-	2	12535579	12535667	87	1
NC_073244.2	12535453	12535936	-3	1	-	NC_073244.2	12535667	12535750	12535455	12535579	GPR108	XM_004059857.5	-	3	12535579	12535667	87	3
NC_073244.2	12535453	12535936	-3	1	-	NC_073244.2	12535667	12535750	12535457	12535579	GPR108	XM_063702042.1	-	3	12535579	12535667	87	1
NC_073244.2	12701834	12702383	3	1	+	NC_073244.2	12701947	12702102	12702226	12702345	ADGRE1	XM_063701831.1	+	3	12702102	12702226	123	2
NC_073244.2	12702900	12703533	1	1	+	NC_073244.2	12703097	12703252	12703376	12703495	ADGRE1	XM_063701831.1	+	1	12703252	12703376	123	2
NC_073244.2	12704172	12704682	1	1	+	NC_073244.2	12704246	12704401	12704525	12704644	ADGRE1	XM_063701831.1	+	1	12704401	12704525	123	1
NC_073244.2	12748528	12749143	2	1	+	NC_073244.2	12748570	12748738	12748871	12748975	ADGRE1	XM_063701831.1	+	2	12748738	12748871	132	2
NC_073244.2	13333481	13334078	3	1	+	NC_073244.2	13333630	13333755	13333909	13334078	ARHGEF18	XM_019015677.3	+	3	13333755	13333909	153	6
NC_073244.2	13392977	13393664	3	1	+	NC_073244.2	13392996	13393097	13393485	13393607	MCOLN1	XM_055371477.2	+	3	13393097	13393485	387	1
NC_073244.2	13405182	13405674	1	1	+	NC_073244.2	13405252	13405332	13405420	13405582	PNPLA6	XM_019015960.2	+	1	13405332	13405420	87	18
NC_073244.2	13406339	13407005	3	1	+	NC_073244.2	13406461	13406570	13406661	13406828	PNPLA6	XM_019015960.2	+	3	13406570	13406661	90	18
NC_073244.2	13406339	13407005	3	1	+	NC_073244.2	13406661	13406828	13406907	13406984	PNPLA6	XM_019015960.2	+	3	13406828	13406907	78	18
NC_073244.2	13424742	13425273	1	1	+	NC_073244.2	13424860	13424956	13425053	13425162	PNPLA6	XM_019015960.2	+	1	13424956	13425053	96	18
NC_073244.2	13474918	13475773	2	1	+	NC_073244.2	13474950	13475089	13475174	13475267	CAMSAP3	XM_031004192.3	+	2	13475089	13475174	84	5
NC_073244.2	13474918	13475773	2	1	+	NC_073244.2	13475174	13475267	13475569	13475642	CAMSAP3	XM_031004192.3	+	2	13475267	13475569	301	5
NC_073244.2	13503084	13503555	1	1	+	NC_073244.2	13503176	13503225	13503469	13503550	STXBP2	XM_031004208.2	+	1	13503225	13503469	243	1
NC_073244.2	13507220	13507688	3	1	+	NC_073244.2	13507271	13507328	13507488	13507553	STXBP2	XM_031004208.2	+	3	13507328	13507488	159	1
NC_073244.2	13533956	13534553	3	1	+	NC_073244.2	13534024	13534101	13534426	13534553	RETN	XM_019014951.4	+	3	13534101	13534426	324	1
NC_073244.2	13542850	13543300	2	1	+	NC_073244.2	13543113	13543172	13543287	13543300	MCEMP1	XM_004059883.3	+	2	13543172	13543287	114	1
NC_073244.2	13593669	13594239	-1	1	-	NC_073244.2	13594080	13594169	13593748	13593896	CLEC4G	XM_031004219.3	-	1	13593896	13594080	183	1
NC_073244.2	13743125	13743824	3	1	+	NC_073244.2	13743339	13743434	13743576	13743671	EVI5L	XM_031004204.3	+	3	13743434	13743576	141	4
NC_073244.2	13790622	13791168	1	1	+	NC_073244.2	13790746	13790925	13791016	13791096	MAP2K7	XM_004059904.4	+	1	13790925	13791016	90	4
NC_073244.2	13996139	13996688	-2	1	-	NC_073244.2	13996478	13996603	13996181	13996303	FBN3	XM_055371507.2	-	2	13996303	13996478	174	9
NC_073244.2	14016513	14017065	-1	1	-	NC_073244.2	14016786	14016929	14016588	14016707	FBN3	XM_055371507.2	-	1	14016707	14016786	78	9
NC_073244.2	14171949	14172483	-1	1	-	NC_073244.2	14172261	14172464	14171950	14172089	CD320	XM_019014478.4	-	1	14172089	14172261	171	1
NC_073244.2	14193887	14194394	-2	1	-	NC_073244.2	14194140	14194340	14193960	14194058	KANK3	XM_004059920.5	-	2	14194058	14194140	81	3
NC_073244.2	14193887	14194394	-2	1	-	NC_073244.2	14194140	14194247	14193960	14194058	KANK3	XM_055371524.2	-	2	14194058	14194140	81	1
NC_073244.2	14358540	14358807	-1	1	-	NC_073244.2	14358687	14358721	14358541	14358575	PRAM1	XM_019016563.4	-	1	14358575	14358687	111	1
NC_073244.2	14358823	14359120	-3	1	-	NC_073244.2	14358943	14359105	14358825	14358858	PRAM1	XM_019016563.4	-	3	14358858	14358943	84	1
NC_073244.2	14398774	14399242	-3	1	-	NC_073244.2	14399047	14399161	14398784	14398953	MYO1F	XM_055371536.2	-	3	14398953	14399047	93	1
NC_073244.2	14416819	14417200	-3	1	-	NC_073244.2	14417081	14417161	14416880	14416966	MYO1F	XM_055371536.2	-	3	14416966	14417081	114	1
NC_073244.2	15006751	15029494	-3	1	-	NC_073244.2	15022710	15029418	15006835	15021821	MUC16	XM_055371568.2	-	3	15021821	15022710	888	2
NC_073244.2	15995804	15996392	-2	1	-	NC_073244.2	15996042	15996281	15995805	15995948	COL5A3	XM_055371590.2	-	2	15995948	15996042	93	4
NC_073244.2	16005034	16006174	-3	1	-	NC_073244.2	16006091	16006144	16005113	16005166	COL5A3	XM_055371590.2	-	3	16005166	16006091	924	4
NC_073244.2	16023776	16024073	-2	1	-	NC_073244.2	16024005	16024049	16023807	16023860	COL5A3	XM_055371590.2	-	2	16023860	16024005	144	4
NC_073244.2	16073783	16074185	3	1	+	NC_073244.2	16073874	16073926	16074014	16074096	LOC101123861	XM_055371689.1	+	3	16073926	16074014	87	6
NC_073244.2	16110239	16110782	3	1	+	NC_073244.2	16110367	16110456	16110577	16110712	LOC101131584	XM_055371879.1	+	3	16110456	16110577	120	1
NC_073244.2	16124193	16124751	1	1	+	NC_073244.2	16124257	16124380	16124579	16124628	SHFL	XM_019015218.4	+	1	16124380	16124579	198	2
NC_073244.2	16147717	16148332	2	1	+	NC_073244.2	16147867	16148036	16148115	16148332	PPAN	XM_019015221.4	+	2	16148036	16148115	78	1
NC_073244.2	16328088	16328925	1	1	+	NC_073244.2	16328138	16328407	16328555	16328875	ICAM5	XM_019015226.3	+	1	16328407	16328555	147	1
NC_073244.2	16356110	16356779	-2	1	-	NC_073244.2	16356534	16356745	16356141	16356437	RAVER1	XM_004059980.3	-	2	16356437	16356534	96	2
NC_073244.2	16356110	16356779	-2	1	-	NC_073244.2	16356534	16356745	16356344	16356437	RAVER1	XM_019015778.2	-	2	16356437	16356534	96	1
NC_073244.2	16356110	16356779	-2	1	-	NC_073244.2	16356344	16356437	16356141	16356268	RAVER1	XM_019015778.2	-	2	16356268	16356344	75	1
NC_073244.2	16394008	16394851	-3	1	-	NC_073244.2	16394545	16394680	16394306	16394460	TYK2	XM_019015780.3	-	3	16394460	16394545	84	16
NC_073244.2	16578252	16578762	1	1	+	NC_073244.2	16578353	16578436	16578527	16578700	ATG4D	XM_031004248.3	+	1	16578436	16578527	90	1
NC_073244.2	16578252	16578762	1	1	+	NC_073244.2	16578307	16578436	16578527	16578700	ATG4D	XM_063701000.1	+	1	16578436	16578527	90	1
NC_073244.2	16585270	16585858	2	1	+	NC_073244.2	16585439	16585517	16585587	16585663	ATG4D	XM_031004248.3	+	2	16585517	16585587	69	2
NC_073244.2	17205650	17206178	-2	1	-	NC_073244.2	17205843	17206043	17205672	17205761	KANK2	XM_055371674.2	-	2	17205761	17205843	81	15
NC_073244.2	17244442	17245072	-3	1	-	NC_073244.2	17244758	17244950	17244533	17244676	DOCK6	XM_055371584.1	-	3	17244676	17244758	81	10
NC_073244.2	17258968	17259715	-3	1	-	NC_073244.2	17259338	17259451	17259080	17259250	DOCK6	XM_055371584.1	-	3	17259250	17259338	87	10
NC_073244.2	17277762	17278185	1	1	+	NC_073244.2	17277793	17277832	17277926	17278035	ANGPTL8	XM_031006879.3	+	1	17277832	17277926	93	1
NC_073244.2	17277762	17278185	1	1	+	NC_073244.2	17277926	17278035	17278141	17278185	ANGPTL8	XM_031006879.3	+	1	17278035	17278141	105	1
NC_073244.2	17443575	17444103	-1	1	-	NC_073244.2	17443957	17444099	17443654	17443869	RGL3	XM_031007598.3	-	1	17443869	17443957	87	4
NC_073244.2	17443575	17444103	-1	1	-	NC_073244.2	17443957	17444057	17443654	17443869	RGL3	XM_055371718.1	-	1	17443869	17443957	87	1
NC_073244.2	17471885	17472413	3	1	+	NC_073244.2	17471958	17472036	17472229	17472345	PRKCSH	XM_019015064.4	+	3	17472036	17472229	192	2
NC_073244.2	17482892	17483504	3	1	+	NC_073244.2	17482914	17483000	17483277	17483450	PRKCSH	XM_019015064.4	+	3	17483000	17483277	276	1
NC_073244.2	17482892	17483504	3	1	+	NC_073244.2	17482914	17483000	17483277	17483429	PRKCSH	XM_019015066.4	+	3	17483000	17483277	276	1
NC_073244.2	17484824	17485241	3	1	+	NC_073244.2	17484908	17485007	17485098	17485241	PRKCSH	XM_019015064.4	+	3	17485007	17485098	90	2
NC_073244.2	17493915	17494512	-1	1	-	NC_073244.2	17494314	17494467	17493917	17494142	ELAVL3	XM_031007595.3	-	1	17494142	17494314	171	4
NC_073244.2	18711976	18712381	2	1	+	NC_073244.2	18712111	18712178	18712272	18712380	WDR83	XM_004060086.5	+	2	18712178	18712272	93	1
NC_073244.2	18728456	18728675	-2	1	-	NC_073244.2	18728610	18728675	18728457	18728528	FBXW9	XM_004060081.5	-	2	18728528	18728610	81	1
NC_073244.2	18755771	18756296	-2	1	-	NC_073244.2	18756093	18756199	18755872	18756005	TNPO2	XM_031003931.3	-	2	18756005	18756093	87	7
NC_073244.2	18805136	18805565	-2	1	-	NC_073244.2	18805385	18805467	18805200	18805303	HOOK2	XM_019015496.4	-	2	18805303	18805385	81	6
NC_073244.2	18805136	18805565	-2	1	-	NC_073244.2	18805385	18805467	18805200	18805300	HOOK2	XM_055371710.2	-	2	18805300	18805385	84	2
NC_073244.2	18813383	18813737	-2	1	-	NC_073244.2	18813687	18813737	18813473	18813605	HOOK2	XM_019015496.4	-	2	18813605	18813687	81	3
NC_073244.2	18813383	18813737	-2	1	-	NC_073244.2	18813687	18813722	18813473	18813605	HOOK2	XM_055371711.1	-	2	18813605	18813687	81	4
NC_073244.2	18918831	18919401	-1	1	-	NC_073244.2	18919134	18919298	18918846	18919043	DNASE2	XM_004060109.5	-	1	18919043	18919134	90	2
NC_073244.2	18932253	18933015	1	1	+	NC_073244.2	18932291	18932434	18932576	18932638	GCDH	XM_019015198.4	+	1	18932434	18932576	141	3
NC_073244.2	18971420	18971777	-2	1	-	NC_073244.2	18971628	18971726	18971422	18971540	FARSA	XM_004060113.4	-	2	18971540	18971628	87	1
NC_073244.2	19151954	19152719	-2	1	-	NC_073244.2	19152189	19152258	19151970	19152104	TRMT1	XM_019015436.3	-	2	19152104	19152189	84	7
NC_073244.2	19155301	19155880	-3	1	-	NC_073244.2	19155628	19155743	19155437	19155549	TRMT1	XM_019015436.3	-	3	19155549	19155628	78	2
NC_073244.2	19155301	19155880	-3	1	-	NC_073244.2	19155628	19155742	19155437	19155549	TRMT1	XM_031006389.3	-	3	19155549	19155628	78	3
NC_073244.2	19158705	19159482	-1	1	-	NC_073244.2	19159404	19159459	19159054	19159196	TRMT1	XM_019015436.3	-	1	19159196	19159404	207	3
NC_073244.2	19158705	19159482	-1	1	-	NC_073244.2	19159054	19159196	19158707	19158894	TRMT1	XM_019015436.3	-	1	19158894	19159054	159	3
NC_073244.2	19178851	19180183	2	1	+	NC_073244.2	19178909	19179854	19179933	19180106	NACC1	XM_004060125.4	+	2	19179854	19179933	78	4
NC_073244.2	19178851	19180183	2	1	+	NC_073244.2	19178901	19179854	19179933	19180106	NACC1	XM_063701774.1	+	2	19179854	19179933	78	1
NC_073244.2	19807313	19808087	3	1	+	NC_073244.2	19807560	19807691	19807794	19808032	MRI1	XM_019016107.4	+	3	19807691	19807794	102	2
NC_073244.2	19965629	19966163	3	1	+	NC_073244.2	19965723	19965834	19965916	19966088	CC2D1A	XM_055371918.2	+	3	19965834	19965916	81	7
NC_073244.2	19965629	19966163	3	1	+	NC_073244.2	19965726	19965834	19965916	19966088	CC2D1A	XM_055371920.2	+	3	19965834	19965916	81	5
NC_073244.2	19972927	19973269	2	1	+	NC_073244.2	19972973	19973110	19973204	19973268	CC2D1A	XM_055371918.2	+	2	19973110	19973204	93	8
NC_073244.2	19972927	19973269	2	1	+	NC_073244.2	19972973	19973110	19973207	19973268	CC2D1A	XM_055371919.2	+	2	19973110	19973207	96	4
NC_073244.2	19974759	19975458	1	1	+	NC_073244.2	19975202	19975278	19975366	19975413	CC2D1A	XM_055371918.2	+	1	19975278	19975366	87	12
NC_073244.2	20001564	20002656	1	1	+	NC_073244.2	20001650	20002084	20002187	20002278	DCAF15	XM_055371952.2	+	1	20002084	20002187	102	1
NC_073244.2	20001564	20002656	1	1	+	NC_073244.2	20002187	20002278	20002372	20002500	DCAF15	XM_055371952.2	+	1	20002278	20002372	93	1
NC_073244.2	20005596	20006385	-1	1	-	NC_073244.2	20006144	20006352	20005726	20005879	RFX1	XM_019016011.3	-	1	20005879	20006144	264	11
NC_073244.2	20009042	20009456	-2	1	-	NC_073244.2	20009256	20009374	20009044	20009153	RFX1	XM_019016011.3	-	2	20009153	20009256	102	11
NC_073244.2	20081734	20082460	2	1	+	NC_073244.2	20081839	20081996	20082084	20082241	IL27RA	XM_004060148.5	+	2	20081996	20082084	87	3
NC_073244.2	20090999	20091635	3	1	+	NC_073244.2	20091058	20091159	20091232	20091390	IL27RA	XM_004060148.5	+	3	20091159	20091232	72	3
NC_073244.2	20201569	20202145	-3	1	-	NC_073244.2	20202107	20202145	20201773	20201956	ADGRL1	XM_055371962.2	-	3	20201956	20202107	150	9
NC_073244.2	20202282	20203236	-1	1	-	NC_073244.2	20202958	20203061	20202484	20202669	ADGRL1	XM_055371962.2	-	1	20202669	20202958	288	9
NC_073244.2	20426999	20427476	3	1	+	NC_073244.2	20427097	20427147	20427349	20427465	ADGRE5	XM_019015152.4	+	3	20427147	20427349	201	3
NC_073244.2	20444998	20445478	2	1	+	NC_073244.2	20445217	20445283	20445386	20445477	ADGRE5	XM_019015152.4	+	2	20445283	20445386	102	3
NC_073244.2	20447459	20447741	-2	1	-	NC_073244.2	20447558	20447705	20447460	20447473	DDX39A	XM_004060164.5	-	2	20447473	20447558	84	1
NC_073244.2	20448055	20448430	-3	1	-	NC_073244.2	20448263	20448394	20448057	20448166	DDX39A	XM_004060164.5	-	3	20448166	20448263	96	1
NC_073244.2	20597085	20597406	1	1	+	NC_073244.2	20597108	20597211	20597290	20597405	TECR	XM_031004704.3	+	1	20597211	20597290	78	4
NC_073244.2	20598045	20598366	1	1	+	NC_073244.2	20598112	20598184	20598275	20598318	TECR	XM_031004704.3	+	1	20598184	20598275	90	4
NC_073244.2	20598388	20598997	2	1	+	NC_073244.2	20598392	20598449	20598528	20598616	TECR	XM_031004704.3	+	2	20598449	20598528	78	4
NC_073244.2	20813089	20813626	-3	1	-	NC_073244.2	20813419	20813469	20813101	20813217	LOC101140763	XM_055371990.2	-	3	20813217	20813419	201	1
NC_073244.2	21343650	21344673	1	1	+	NC_073244.2	21343828	21344182	21344468	21344673	LOC101146864	XM_055372014.1	+	1	21344182	21344468	285	1
NC_073244.2	21438223	21439180	2	1	+	NC_073244.2	21438456	21438622	21438719	21438814	TEKTL1	XM_004060180.4	+	2	21438622	21438719	96	1
NC_073244.2	21543009	21543561	1	1	+	NC_073244.2	21543061	21543187	21543380	21543540	SYDE1	XM_004060192.5	+	1	21543187	21543380	192	1
NC_073244.2	21554421	21554802	-1	1	-	NC_073244.2	21554622	21554760	21554423	21554534	ILVBL	XM_004060191.4	-	1	21554534	21554622	87	3
NC_073244.2	21610321	21610996	-3	1	-	NC_073244.2	21610837	21610969	21610498	21610755	NOTCH3	XM_055372022.2	-	3	21610755	21610837	81	2
NC_073244.2	21616251	21616878	-1	1	-	NC_073244.2	21616710	21616861	21616359	21616472	NOTCH3	XM_055372022.2	-	1	21616472	21616710	237	2
NC_073244.2	21622827	21623337	-1	1	-	NC_073244.2	21623190	21623312	21622869	21623102	NOTCH3	XM_055372022.2	-	1	21623102	21623190	87	2
NC_073244.2	21669690	21670470	-1	1	-	NC_073244.2	21670046	21670251	21669730	21669967	BRD4	XM_055372026.2	-	1	21669967	21670046	78	1
NC_073244.2	21884667	21885087	-1	1	-	NC_073244.2	21884881	21885082	21884669	21884787	RASAL3	XM_004060200.5	-	1	21884787	21884881	93	2
NC_073244.2	21888389	21889307	-2	1	-	NC_073244.2	21888978	21889104	21888777	21888875	RASAL3	XM_004060200.5	-	2	21888875	21888978	102	2
NC_073244.2	22059734	22060277	3	1	+	NC_073244.2	22059964	22060028	22060194	22060276	LOC109024954	XM_055372038.2	+	3	22060028	22060194	165	1
NC_073244.2	22089595	22089955	2	1	+	NC_073244.2	22089622	22089755	22089849	22089913	LOC101152881	XM_004060206.5	+	2	22089755	22089849	93	2
NC_073244.2	22467247	22467871	2	1	+	NC_073244.2	22467413	22467664	22467830	22467871	LOC101127739	XM_019016583.3	+	2	22467664	22467830	165	4
NC_073244.2	23336463	23337054	-1	1	-	NC_073244.2	23336745	23336954	23336465	23336615	CPAMD8	XM_031004606.3	-	1	23336615	23336745	129	1
NC_073244.2	23343691	23344492	-3	1	-	NC_073244.2	23344046	23344201	23343905	23343967	CPAMD8	XM_031004606.3	-	3	23343967	23344046	78	1
NC_073244.2	23452313	23452844	-2	1	-	NC_073244.2	23452601	23452766	23452473	23452525	CPAMD8	XM_031004606.3	-	2	23452525	23452601	75	1
NC_073244.2	23775974	23776664	-2	1	-	NC_073244.2	23776463	23776573	23776195	23776327	ANO8	XM_031004461.3	-	2	23776327	23776463	135	3
NC_073244.2	23780969	23781707	3	1	+	NC_073244.2	23781079	23781165	23781253	23781455	GTPBP3	XM_004060253.5	+	3	23781165	23781253	87	5
NC_073244.2	23987108	23987444	3	1	+	NC_073244.2	23987124	23987240	23987331	23987438	NIBAN3	XM_019015092.4	+	3	23987240	23987331	90	2
NC_073244.2	24223161	24223551	1	1	+	NC_073244.2	24223238	24223350	24223459	24223546	FCHO1	XM_055372116.2	+	1	24223350	24223459	108	12
NC_073244.2	24274802	24275267	-2	1	-	NC_073244.2	24275091	24275230	24274820	24275009	JAK3	XM_055372134.2	-	2	24275009	24275091	81	1
NC_073244.2	24283969	24284494	-3	1	-	NC_073244.2	24284222	24284344	24283971	24284128	JAK3	XM_055372134.2	-	3	24284128	24284222	93	1
NC_073244.2	24450872	24451442	3	1	+	NC_073244.2	24450975	24451248	24451375	24451441	ARRDC2	XM_004060288.4	+	3	24451248	24451375	126	2
NC_073244.2	24452797	24453406	2	1	+	NC_073244.2	24452858	24453020	24453234	24453391	ARRDC2	XM_004060288.4	+	2	24453020	24453234	213	5
NC_073244.2	24577943	24578384	3	1	+	NC_073244.2	24577955	24578087	24578193	24578358	MAST3	XM_019016335.4	+	3	24578087	24578193	105	33
NC_073244.2	24603960	24604296	1	1	+	NC_073244.2	24603992	24604042	24604127	24604258	PIK3R2	XM_031004507.3	+	1	24604042	24604127	84	1
NC_073244.2	24620600	24620951	3	1	+	NC_073244.2	24620754	24620807	24620892	24620951	IFI30	XM_055372174.2	+	3	24620807	24620892	84	1
NC_073244.2	24871963	24872329	2	1	+	NC_073244.2	24871964	24872029	24872258	24872317	SSBP4	XM_004060302.5	+	2	24872029	24872258	228	5
NC_073244.2	24876878	24877721	-2	1	-	NC_073244.2	24877293	24877486	24876939	24877088	ISYNA1	XM_031004564.3	-	2	24877088	24877293	204	1
NC_073244.2	24878036	24878984	-2	1	-	NC_073244.2	24878469	24878588	24878208	24878369	ISYNA1	XM_031004564.3	-	2	24878369	24878469	99	1
NC_073244.2	25017252	25017582	1	1	+	NC_073244.2	25017305	25017407	25017492	25017582	UBA52	XM_004060325.3	+	1	25017407	25017492	84	8
NC_073244.2	25565378	25566002	-2	1	-	NC_073244.2	25565791	25565904	25565394	25565568	TMEM161A	XM_004060353.2	-	2	25565568	25565791	222	2
NC_073244.2	26087144	26088071	-2	1	-	NC_073244.2	26087697	26087761	26087487	26087594	GMIP	XM_004060381.5	-	2	26087594	26087697	102	4
NC_073244.2	26092825	26093350	-3	1	-	NC_073244.2	26093048	26093191	26092826	26092933	ATP13A1	XM_004060379.5	-	3	26092933	26093048	114	2
NC_073244.2	40580530	40581052	2	1	+	NC_073244.2	40580585	40580730	40580854	40580989	CCNE1	XM_031004682.3	+	2	40580730	40580854	123	5
NC_073244.2	43672985	43673234	-2	1	-	NC_073244.2	43673181	43673234	43673037	43673102	ANKRD27	XM_019016471.4	-	2	43673102	43673181	78	1
NC_073244.2	43672985	43673234	-2	1	-	NC_073244.2	43673181	43673231	43673037	43673102	ANKRD27	XM_055368889.2	-	2	43673102	43673181	78	1
NC_073244.2	43853555	43853933	3	1	+	NC_073244.2	43853588	43853741	43853826	43853892	TDRD12	XM_019014390.4	+	3	43853741	43853826	84	2
NC_073244.2	46118245	46118758	2	1	+	NC_073244.2	46118374	46118414	46118592	46118757	HPN	XM_019015724.4	+	2	46118414	46118592	177	5
NC_073244.2	46175390	46175978	3	1	+	NC_073244.2	46175605	46175688	46175800	46175853	FXYD3	XM_004060503.5	+	3	46175688	46175800	111	2
NC_073244.2	46175390	46175978	3	1	+	NC_073244.2	46175586	46175688	46175800	46175853	FXYD3	XM_055368958.1	+	3	46175688	46175800	111	1
NC_073244.2	46179637	46179895	2	1	+	NC_073244.2	46179706	46179743	46179882	46179895	FXYD3	XM_004060503.5	+	2	46179743	46179882	138	7
NC_073244.2	46207426	46207882	2	1	+	NC_073244.2	46207605	46207679	46207791	46207833	FXYD7	XM_031004122.2	+	2	46207679	46207791	111	1
NC_073244.2	46207426	46207882	2	1	+	NC_073244.2	46207605	46207679	46207791	46207824	FXYD7	XM_055368969.1	+	2	46207679	46207791	111	1
NC_073244.2	46325419	46326331	2	1	+	NC_073244.2	46325757	46325875	46325975	46326175	USF2	XM_031004341.3	+	2	46325875	46325975	99	4
NC_073244.2	46334648	46335350	3	1	+	NC_073244.2	46334872	46334966	46335120	46335350	USF2	XM_031004341.3	+	3	46334966	46335120	153	1
NC_073244.2	46334648	46335350	3	1	+	NC_073244.2	46334872	46334966	46335120	46335248	USF2	XM_031004342.3	+	3	46334966	46335120	153	2
NC_073244.2	46614332	46614914	-2	1	-	NC_073244.2	46614663	46614813	46614389	46614557	ATP4A	XM_019016275.3	-	2	46614557	46614663	105	1
NC_073244.2	46622531	46622918	-2	1	-	NC_073244.2	46622802	46622813	46622568	46622711	ATP4A	XM_019016275.3	-	2	46622711	46622802	90	1
NC_073244.2	46709391	46709796	1	1	+	NC_073244.2	46709503	46709572	46709657	46709740	ETV2	XM_031004402.3	+	1	46709572	46709657	84	3
NC_073244.2	46794392	46794851	3	1	+	NC_073244.2	46794427	46794611	46794687	46794776	KMT2B	XM_031004153.3	+	3	46794611	46794687	75	5
NC_073244.2	46828750	46829188	2	1	+	NC_073244.2	46828813	46828940	46829046	46829149	PROSER3	XM_019015595.4	+	2	46828940	46829046	105	8
NC_073244.2	46828750	46829188	2	1	+	NC_073244.2	46828813	46828940	46829049	46829149	PROSER3	XM_019015600.4	+	2	46828940	46829049	108	4
NC_073244.2	46842540	46843914	1	1	+	NC_073244.2	46842556	46842561	46843624	46843818	ARHGAP33	XM_055369055.2	+	1	46842561	46843624	1062	7
NC_073244.2	46847067	46847541	1	1	+	NC_073244.2	46847113	46847235	46847323	46847400	ARHGAP33	XM_031004539.3	+	1	46847235	46847323	87	12
NC_073244.2	46847234	46847975	3	1	+	NC_073244.2	46847484	46847550	46847659	46847718	ARHGAP33	XM_031004539.3	+	3	46847550	46847659	108	5
NC_073244.2	46847234	46847975	3	1	+	NC_073244.2	46847484	46847550	46847656	46847718	ARHGAP33	XM_055369052.2	+	3	46847550	46847656	105	7
NC_073244.2	46850983	46851829	2	1	+	NC_073244.2	46851079	46851224	46851402	46851756	ARHGAP33	XM_063701271.1	+	2	46851224	46851402	177	1
NC_073244.2	46879259	46879799	-2	1	-	NC_073244.2	46879533	46879706	46879261	46879457	PRODH2	XM_019014354.1	-	2	46879457	46879533	75	4
NC_073244.2	46916303	46916837	-2	1	-	NC_073244.2	46916612	46916752	46916396	46916536	NPHS1	XM_019014386.4	-	2	46916536	46916612	75	1
NC_073244.2	46946741	46947473	3	1	+	NC_073244.2	46946796	46946954	46947033	46947161	APLP1	XM_019016152.4	+	3	46946954	46947033	78	2
NC_073244.2	47077617	47078256	-1	1	-	NC_073244.2	47078008	47078202	47077681	47077929	SYNE4	XM_004060560.5	-	1	47077929	47078008	78	1
NC_073244.2	47160192	47160969	1	1	+	NC_073244.2	47160637	47160748	47160839	47160902	WDR62	XM_004060556.5	+	1	47160748	47160839	90	16
NC_073244.2	47172567	47173458	1	1	+	NC_073244.2	47172601	47172652	47172788	47173426	WDR62	XM_004060556.5	+	1	47172652	47172788	135	16
NC_073244.2	50134118	50134850	3	1	+	NC_073244.2	50134220	50134319	50134587	50134850	CATSPERG	XM_019015302.3	+	3	50134319	50134587	267	9
NC_073244.2	50306678	50307254	3	1	+	NC_073244.2	50306742	50306870	50306982	50307086	RYR1	XM_055369290.2	+	3	50306870	50306982	111	6
NC_073244.2	50372166	50372535	-1	1	-	NC_073244.2	50372416	50372474	50372294	50372337	MAP4K1	XM_031004560.3	-	1	50372337	50372416	78	2
NC_073244.2	50372166	50372535	-1	1	-	NC_073244.2	50372294	50372337	50372168	50372215	MAP4K1	XM_031004560.3	-	1	50372215	50372294	78	2
NC_073244.2	50499273	50499708	-1	1	-	NC_073244.2	50499559	50499629	50499382	50499444	CAPN12	XM_055369303.2	-	1	50499444	50499559	114	1
NC_073244.2	50569706	50570171	-2	1	-	NC_073244.2	50569932	50570097	50569707	50569850	LGALS4	XM_004060679.4	-	2	50569850	50569932	81	1
NC_073244.2	50584815	50585355	-1	1	-	NC_073244.2	50585178	50585226	50584927	50584991	ECH1	XM_004060683.4	-	1	50584991	50585178	186	2
NC_073244.2	50630457	50631702	-1	1	-	NC_073244.2	50631105	50631527	50630478	50630795	RINL	XM_055369314.2	-	1	50630795	50631105	309	1
NC_073244.2	50679699	50680164	-1	1	-	NC_073244.2	50680029	50680137	50679701	50679746	SARS2	XM_004060686.5	-	1	50679746	50680029	282	3
NC_073244.2	50861374	50861689	2	1	+	NC_073244.2	50861375	50861482	50861576	50861633	ACP7	XM_004060701.5	+	2	50861482	50861576	93	5
NC_073244.2	51006768	51007218	-1	1	-	NC_073244.2	51007129	51007200	51006913	51007056	LOC109024120	XM_031004356.3	-	1	51007056	51007129	72	1
NC_073244.2	51028347	51028872	1	1	+	NC_073244.2	51028348	51028425	51028684	51028833	LOC115931638	XM_031004466.1	+	1	51028425	51028684	258	1
NC_073244.2	51143106	51143754	-1	1	-	NC_073244.2	51143601	51143691	51143107	51143522	PAF1	XM_004060706.5	-	1	51143522	51143601	78	1
NC_073244.2	51177788	51178136	3	1	+	NC_073244.2	51177838	51177939	51178036	51178083	PLEKHG2	XM_004060711.5	+	3	51177939	51178036	96	6
NC_073244.2	51215991	51216366	1	1	+	NC_073244.2	51216110	51216179	51216297	51216365	SUPT5H	XM_019015644.4	+	1	51216179	51216297	117	4
NC_073244.2	51243490	51243988	2	1	+	NC_073244.2	51243536	51243640	51243746	51243844	TIMM50	XM_031004245.3	+	2	51243640	51243746	105	2
NC_073244.2	51562901	51564029	-2	1	-	NC_073244.2	51563865	51564011	51563640	51563780	DYRK1B	XM_019015928.4	-	2	51563780	51563865	84	4
NC_073244.2	51562901	51564029	-2	1	-	NC_073244.2	51563640	51563780	51563307	51563342	DYRK1B	XM_019015928.4	-	2	51563342	51563640	297	1
NC_073244.2	51562901	51564029	-2	1	-	NC_073244.2	51563307	51563342	51563027	51563222	DYRK1B	XM_019015928.4	-	2	51563222	51563307	84	1
NC_073244.2	51562901	51564029	-2	1	-	NC_073244.2	51563640	51563780	51563027	51563222	DYRK1B	XM_019015929.4	-	2	51563222	51563640	417	1
NC_073244.2	51562901	51564029	-2	1	-	NC_073244.2	51563640	51563780	51563027	51563342	DYRK1B	XM_031004106.3	-	2	51563342	51563640	297	2
NC_073244.2	51974918	51975461	-2	1	-	NC_073244.2	51975252	51975410	51975016	51975167	CCNP	XM_055369408.2	-	2	51975167	51975252	84	2
NC_073244.2	52122108	52122534	1	1	+	NC_073244.2	52122115	52122141	52122241	52122315	PLD3	XM_004060742.5	+	1	52122141	52122241	99	35
NC_073244.2	52307545	52308622	2	1	+	NC_073244.2	52307942	52308220	52308311	52308441	SPTBN4	XM_031004511.3	+	2	52308220	52308311	90	6
NC_073244.2	52319141	52319633	3	1	+	NC_073244.2	52319186	52319324	52319424	52319508	SPTBN4	XM_031004511.3	+	3	52319324	52319424	99	4
NC_073244.2	52359202	52359601	2	1	+	NC_073244.2	52359288	52359362	52359459	52359581	LTBP4	XM_055369446.2	+	2	52359362	52359459	96	16
NC_073244.2	52360988	52361729	3	1	+	NC_073244.2	52361272	52361421	52361536	52361655	LTBP4	XM_055369446.2	+	3	52361421	52361536	114	16
NC_073244.2	52362561	52363062	1	1	+	NC_073244.2	52362575	52362706	52362791	52362916	LTBP4	XM_055369446.2	+	1	52362706	52362791	84	16
NC_073244.2	52366097	52366595	3	1	+	NC_073244.2	52366117	52366248	52366456	52366581	LTBP4	XM_055369446.2	+	3	52366248	52366456	207	16
NC_073244.2	52467627	52468125	-1	1	-	NC_073244.2	52467877	52467996	52467666	52467732	COQ8B	XM_019016084.3	-	1	52467732	52467877	144	9
NC_073244.2	52910213	52910678	3	1	+	NC_073244.2	52910245	52910325	52910461	52910576	AXL	XM_031004091.3	+	3	52910325	52910461	135	7
NC_073244.2	52917147	52918026	1	1	+	NC_073244.2	52917202	52917412	52917728	52917867	AXL	XM_031004091.3	+	1	52917412	52917728	315	7
NC_073244.2	52917147	52918026	1	1	+	NC_073244.2	52917223	52917412	52917728	52917867	AXL	XM_055369498.2	+	1	52917412	52917728	315	1
NC_073244.2	53503398	53504094	1	1	+	NC_073244.2	53503647	53503746	53503891	53503987	ARHGEF1	XM_055369537.2	+	1	53503746	53503891	144	8
NC_073244.2	53511140	53511797	3	1	+	NC_073244.2	53511211	53511357	53511598	53511680	ARHGEF1	XM_055369537.2	+	3	53511357	53511598	240	8
NC_073244.2	53513203	53513875	2	1	+	NC_073244.2	53513360	53513435	53513541	53513708	ARHGEF1	XM_055369537.2	+	2	53513435	53513541	105	8
NC_073244.2	53584750	53585203	-3	1	-	NC_073244.2	53584967	53585142	53584752	53584888	ATP1A3	XM_004060817.4	-	3	53584888	53584967	78	3
NC_073244.2	53592027	53592783	-1	1	-	NC_073244.2	53592628	53592762	53592108	53592225	ATP1A3	XM_004060817.4	-	1	53592225	53592628	402	3
NC_073244.2	53609509	53610094	-3	1	-	NC_073244.2	53609890	53610018	53609651	53609772	GRIK5	XM_031004071.3	-	3	53609772	53609890	117	5
NC_073244.2	53729285	53729843	-2	1	-	NC_073244.2	53729672	53729737	53729505	53729539	POU2F2	XM_004060828.5	-	2	53729539	53729672	132	19
NC_073244.2	53729285	53729843	-2	1	-	NC_073244.2	53729672	53729729	53729505	53729539	POU2F2	XM_063701390.1	-	2	53729539	53729672	132	1
NC_073244.2	53844016	53844676	-3	1	-	NC_073244.2	53844572	53844655	53844320	53844430	GSK3A	XM_004060834.4	-	3	53844430	53844572	141	1
NC_073244.2	53896509	53897199	1	1	+	NC_073244.2	53896598	53896800	53896891	53897116	CIC	XM_019014708.4	+	1	53896800	53896891	90	11
NC_073244.2	53900236	53901040	2	1	+	NC_073244.2	53900271	53900564	53900661	53900986	CIC	XM_019014708.4	+	2	53900564	53900661	96	6
NC_073244.2	53900236	53901040	2	1	+	NC_073244.2	53900271	53900564	53900664	53900986	CIC	XM_019014710.4	+	2	53900564	53900664	99	2
NC_073244.2	53900236	53901040	2	1	+	NC_073244.2	53900274	53900564	53900661	53900986	CIC	XM_019014712.4	+	2	53900564	53900661	96	2
NC_073244.2	53900236	53901040	2	1	+	NC_073244.2	53900274	53900564	53900664	53900986	CIC	XM_019014713.4	+	2	53900564	53900664	99	1
NC_073244.2	53922245	53922854	3	1	+	NC_073244.2	53922552	53922653	53922753	53922837	TMEM145	XM_055369566.2	+	3	53922653	53922753	99	2
NC_073244.2	53922245	53922854	3	1	+	NC_073244.2	53922552	53922611	53922753	53922837	TMEM145	XM_055369568.2	+	3	53922611	53922753	141	2
NC_073244.2	53942334	53943177	1	1	+	NC_073244.2	53942719	53942899	53942981	53943069	MEGF8	XM_055369517.2	+	1	53942899	53942981	81	5
NC_073244.2	53952082	53952733	2	1	+	NC_073244.2	53952125	53952269	53952354	53952517	MEGF8	XM_055369517.2	+	2	53952269	53952354	84	5
NC_073244.2	55005094	55005526	-3	1	-	NC_073244.2	55005340	55005439	55005096	55005186	PHLDB3	XM_055369597.2	-	3	55005186	55005340	153	3
NC_073244.2	55013192	55014002	-2	1	-	NC_073244.2	55013919	55014002	55013328	55013441	PHLDB3	XM_055369597.2	-	2	55013441	55013919	477	3
NC_073244.2	55260908	55261505	-2	1	-	NC_073244.2	55261241	55261505	55261050	55261147	SMG9	XM_004060882.5	-	2	55261147	55261241	93	2
NC_073244.2	56268031	56268649	2	1	+	NC_073244.2	56268239	56268443	56268549	56268637	BCL3	XM_031007435.3	+	2	56268443	56268549	105	3
NC_073244.2	56330687	56331320	3	1	+	NC_073244.2	56331107	56331224	56331318	56331320	BCAM	XM_031007432.3	+	3	56331224	56331318	93	1
NC_073244.2	56396360	56396900	3	1	+	NC_073244.2	56396534	56396597	56396730	56396816	NECTIN2	XM_004060937.5	+	3	56396597	56396730	132	2
NC_073244.2	56735875	56736169	-3	1	-	NC_073244.2	56736068	56736169	56735877	56735977	EXOC3L2	XM_055369716.2	-	3	56735977	56736068	90	1
NC_073244.2	56772438	56772750	1	1	+	NC_073244.2	56772467	56772532	56772623	56772693	MARK4	XM_055369724.2	+	1	56772532	56772623	90	3
NC_073244.2	56905471	56905954	-3	1	-	NC_073244.2	56905780	56905878	56905610	56905701	PPP1R13L	XM_031003871.2	-	3	56905701	56905780	78	3
NC_073244.2	56998804	56999215	-3	1	-	NC_073244.2	56999033	56999171	56998822	56998891	RTN2	XM_031004510.3	-	3	56998891	56999033	141	2
NC_073244.2	57005387	57006272	-2	1	-	NC_073244.2	57005762	57006241	57005402	57005656	RTN2	XM_031004510.3	-	2	57005656	57005762	105	2
NC_073244.2	57189799	57190105	2	1	+	NC_073244.2	57189820	57189889	57190016	57190104	GIPR	XM_019016233.4	+	2	57189889	57190016	126	1
NC_073244.2	57282065	57282563	-2	1	-	NC_073244.2	57282334	57282491	57282137	57282234	DMPK	XM_055369765.2	-	2	57282234	57282334	99	9
NC_073244.2	57639044	57639590	-2	1	-	NC_073244.2	57639428	57639481	57639045	57639316	IGFL3	XM_063701193.1	-	2	57639316	57639428	111	1
NC_073244.2	58788243	58789407	1	1	+	NC_073244.2	58788244	58788345	58788511	58788762	CCDC9	XM_019016489.2	+	1	58788345	58788511	165	4
NC_073244.2	58798419	58799247	1	1	+	NC_073244.2	58798439	58798574	58798968	58799073	CCDC9	XM_019016489.2	+	1	58798574	58798968	393	5
NC_073244.2	59882471	59883716	-2	1	-	NC_073244.2	59883558	59883655	59883285	59883401	TBC1D17	XM_031007201.3	-	2	59883401	59883558	156	2
NC_073244.2	59882471	59883716	-2	1	-	NC_073244.2	59883285	59883401	59882802	59882888	TBC1D17	XM_031007201.3	-	2	59882888	59883285	396	1
NC_073244.2	59886306	59886684	-1	1	-	NC_073244.2	59886568	59886668	59886369	59886468	TBC1D17	XM_031007201.3	-	1	59886468	59886568	99	2
NC_073244.2	59908300	59908546	2	1	+	NC_073244.2	59908301	59908349	59908431	59908501	PNKP	XM_031007210.3	+	2	59908349	59908431	81	5
NC_073244.2	59934989	59936129	-2	1	-	NC_073244.2	59935860	59936051	59935410	59935481	MED25	XM_004061190.5	-	2	59935481	59935860	378	2
NC_073244.2	59938550	59938991	-2	1	-	NC_073244.2	59938863	59938920	59938605	59938712	MED25	XM_004061190.5	-	2	59938712	59938863	150	4
NC_073244.2	60056907	60057660	-1	1	-	NC_073244.2	60057448	60057540	60056908	60057090	CPT1C	XM_019015463.4	-	1	60057090	60057448	357	9
NC_073244.2	60107363	60107807	3	1	+	NC_073244.2	60107445	60107616	60107701	60107771	IRF3	XM_019015444.3	+	3	60107616	60107701	84	5
NC_073244.2	60108317	60109016	3	1	+	NC_073244.2	60108342	60108534	60108631	60109011	IRF3	XM_019015444.3	+	3	60108534	60108631	96	5
NC_073244.2	60172752	60176391	-1	1	-	NC_073244.2	60176178	60176339	60172780	60176096	PRR12	XM_031007222.3	-	1	60176096	60176178	81	1
NC_073244.2	60213697	60214510	2	1	+	NC_073244.2	60213809	60213968	60214065	60214183	NOSIP	XM_019014573.4	+	2	60213968	60214065	96	6
NC_073244.2	60213697	60214510	2	1	+	NC_073244.2	60214065	60214183	60214322	60214509	NOSIP	XM_019014573.4	+	2	60214183	60214322	138	10
NC_073244.2	60213697	60214510	2	1	+	NC_073244.2	60213809	60213977	60214065	60214183	NOSIP	XM_063701529.1	+	2	60213977	60214065	87	4
NC_073244.2	60291550	60292021	-3	1	-	NC_073244.2	60291671	60291849	60291551	60291595	FLT3LG	XM_055369943.2	-	3	60291595	60291671	75	6
NC_073244.2	60339357	60339942	1	1	+	NC_073244.2	60339458	60339568	60339764	60339891	SLC17A7	XM_004061157.5	+	1	60339568	60339764	195	1
NC_073244.2	60415157	60415472	3	1	+	NC_073244.2	60415200	60415307	60415413	60415471	TEAD2	XM_055369961.2	+	3	60415307	60415413	105	6
NC_073244.2	60415157	60415472	3	1	+	NC_073244.2	60415200	60415316	60415413	60415471	TEAD2	XM_055369962.2	+	3	60415316	60415413	96	6
NC_073244.2	60415157	60415472	3	1	+	NC_073244.2	60415233	60415316	60415413	60415471	TEAD2	XM_063701523.1	+	3	60415316	60415413	96	2
NC_073244.2	60415157	60415472	3	1	+	NC_073244.2	60415233	60415307	60415413	60415471	TEAD2	XM_063701524.1	+	3	60415307	60415413	105	1
NC_073244.2	60555815	60556478	-2	1	-	NC_073244.2	60556287	60556359	60556094	60556199	TRPM4	XM_055369984.2	-	2	60556199	60556287	87	5
NC_073244.2	60601783	60604336	-3	1	-	NC_073244.2	60602113	60604070	60601787	60601950	TRPM4	XM_055369984.2	-	3	60601950	60602113	162	3
NC_073244.2	60601783	60604336	-3	1	-	NC_073244.2	60603896	60604070	60602113	60602293	TRPM4	XM_055369986.1	-	3	60602293	60603896	1602	1
NC_073244.2	60601783	60604336	-3	1	-	NC_073244.2	60602113	60602293	60601787	60601950	TRPM4	XM_055369986.1	-	3	60601950	60602113	162	1
NC_073244.2	60614206	60616840	2	1	+	NC_073244.2	60614489	60616538	60616614	60616684	HRC	XM_019014510.4	+	2	60616538	60616614	75	1
NC_073244.2	60629760	60630366	-1	1	-	NC_073244.2	60630170	60630333	60629913	60630040	PPFIA3	XM_031004447.3	-	1	60630040	60630170	129	2
NC_073244.2	6084797	6085430	-2	1	-	NC_073244.2	6085075	6085199	6084851	6084939	MIER2	XM_004059589.4	-	2	6084939	6085075	135	5
NC_073244.2	6084797	6085430	-2	1	-	NC_073244.2	6085096	6085199	6084851	6084939	MIER2	XM_019016518.3	-	2	6084939	6085096	156	3
NC_073244.2	61048250	61048526	3	1	+	NC_073244.2	61048260	61048359	61048429	61048505	PLEKHA4	XM_031004615.3	+	3	61048359	61048429	69	8
NC_073244.2	61098388	61099087	2	1	+	NC_073244.2	61098417	61098502	61098650	61098862	BCAT2	XM_055370062.2	+	2	61098502	61098650	147	5
NC_073244.2	61098388	61099087	2	1	+	NC_073244.2	61098650	61098862	61098938	61099012	BCAT2	XM_055370062.2	+	2	61098862	61098938	75	5
NC_073244.2	61098388	61099087	2	1	+	NC_073244.2	61098417	61098502	61098722	61098862	BCAT2	XM_055370064.2	+	2	61098502	61098722	219	3
NC_073244.2	61098388	61099087	2	1	+	NC_073244.2	61098722	61098862	61098938	61099012	BCAT2	XM_055370064.2	+	2	61098862	61098938	75	3
NC_073244.2	61405916	61406540	3	1	+	NC_073244.2	61406037	61406172	61406332	61406469	LMTK3	XM_055370084.2	+	3	61406172	61406332	159	4
NC_073244.2	61480290	61481172	-1	1	-	NC_073244.2	61481025	61481150	61480567	61480796	GRIN2D	XM_031004034.3	-	1	61480796	61481025	228	3
NC_073244.2	61593430	61594132	2	1	+	NC_073244.2	61593592	61593779	61593948	61594082	ODAD1	XM_019016207.4	+	2	61593779	61593948	168	16
NC_073244.2	61593430	61594132	2	1	+	NC_073244.2	61593611	61593779	61593948	61594082	ODAD1	XM_055370121.2	+	2	61593779	61593948	168	4
NC_073244.2	61820390	61820960	3	1	+	NC_073244.2	61820513	61820604	61820860	61820959	LIG1	XM_031004292.3	+	3	61820604	61820860	255	6
NC_073244.2	62110049	62110649	-2	1	-	NC_073244.2	62110400	62110631	62110175	62110249	IZUMO2	XM_055370164.1	-	2	62110249	62110400	150	2
NC_073244.2	6214586	6215546	-2	1	-	NC_073244.2	6214971	6215031	6214719	6214838	SHC2	XM_031006676.2	-	2	6214838	6214971	132	2
NC_073244.2	62282767	62283292	-3	1	-	NC_073244.2	62283088	62283211	62282780	62282898	LOC101133169	XM_019015698.3	-	3	62282898	62283088	189	1
NC_073244.2	62352326	62353097	3	1	+	NC_073244.2	62352672	62352863	62353008	62353096	POLD1	XM_031004391.2	+	3	62352863	62353008	144	4
NC_073244.2	62361997	62362477	2	1	+	NC_073244.2	62362085	62362217	62362299	62362412	POLD1	XM_031004391.2	+	2	62362217	62362299	81	4
NC_073244.2	62409968	62410790	3	1	+	NC_073244.2	62409969	62410128	62410330	62410466	MYBPC2	XM_055370185.2	+	3	62410128	62410330	201	1
NC_073244.2	62690058	62690676	-1	1	-	NC_073244.2	62690610	62690633	62690337	62690405	SHANK1	XM_055370200.2	-	1	62690405	62690610	204	3
NC_073244.2	62719807	62720509	-3	1	-	NC_073244.2	62720222	62720476	62719832	62720035	SHANK1	XM_055370200.2	-	3	62720035	62720222	186	4
NC_073244.2	6426859	6427768	-3	1	-	NC_073244.2	6427679	6427748	6426883	6426976	RNF126	XM_031007817.3	-	3	6426976	6427679	702	3
NC_073244.2	6473054	6473831	-2	1	-	NC_073244.2	6473594	6473672	6473056	6473212	PRSS57	XM_004059605.4	-	2	6473212	6473594	381	1
NC_073244.2	6473054	6473831	-2	1	-	NC_073244.2	6473594	6473672	6473056	6473209	PRSS57	XM_063701864.1	-	2	6473209	6473594	384	1
NC_073244.2	6585846	6586860	1	1	+	NC_073244.2	6585922	6586068	6586162	6586332	PTBP1	XM_055370994.2	+	1	6586068	6586162	93	5
NC_073244.2	66021285	66022812	-1	1	-	NC_073244.2	66022377	66022679	66021669	66021950	OSCAR	XM_055370549.2	-	1	66021950	66022377	426	2
NC_073244.2	66021285	66022812	-1	1	-	NC_073244.2	66022377	66022679	66021286	66021950	OSCAR	XM_063701632.1	-	1	66021950	66022377	426	2
NC_073244.2	66033868	66034372	-3	1	-	NC_073244.2	66034229	66034298	66033929	66034147	TFPT	XM_055370555.1	-	3	66034147	66034229	81	1
NC_073244.2	66074817	66075438	1	1	+	NC_073244.2	66074842	66075229	66075314	66075437	CNOT3	XM_004061405.4	+	1	66075229	66075314	84	17
NC_073244.2	66078793	66079348	2	1	+	NC_073244.2	66078947	66079046	66079149	66079347	CNOT3	XM_004061405.4	+	2	66079046	66079149	102	17
NC_073244.2	66259541	66260402	-2	1	-	NC_073244.2	66260075	66260359	66259625	66259927	LILRA5	XM_019014791.3	-	2	66259927	66260075	147	1
NC_073244.2	66405249	66406071	1	1	+	NC_073244.2	66405346	66405475	66405557	66405764	LENG8	XM_031003959.3	+	1	66405475	66405557	81	7
NC_073244.2	66405249	66406071	1	1	+	NC_073244.2	66405346	66405475	66405557	66406071	LENG8	XM_055370480.2	+	1	66405475	66405557	81	2
NC_073244.2	66489919	66490306	2	1	+	NC_073244.2	66489957	66490009	66490118	66490306	LOC109024094	XM_031003968.2	+	2	66490009	66490118	108	1
NC_073244.2	66613711	66614656	2	1	+	NC_073244.2	66613749	66614033	66614181	66614480	LILRB4	XM_063701197.1	+	2	66614033	66614181	147	1
NC_073244.2	6702779	6703790	3	1	+	NC_073244.2	6702919	6703151	6703335	6703790	KISS1R	XM_055371011.2	+	3	6703151	6703335	183	1
NC_073244.2	67085794	67086334	2	1	+	NC_073244.2	67085837	67085963	67086159	67086333	EPS8L1	XM_055370561.2	+	2	67085963	67086159	195	7
NC_073244.2	67092793	67093132	-3	1	-	NC_073244.2	67092956	67093041	67092795	67092835	PPP1R12C	XM_031007551.3	-	3	67092835	67092956	120	1
NC_073244.2	67092793	67093132	-3	1	-	NC_073244.2	67092956	67093038	67092795	67092835	PPP1R12C	XM_055370570.2	-	3	67092835	67092956	120	1
NC_073244.2	67168677	67169295	-1	1	-	NC_073244.2	67169140	67169265	67168912	67169034	DNAAF3	XM_031007539.2	-	1	67169034	67169140	105	6
NC_073244.2	67305517	67305889	2	1	+	NC_073244.2	67305676	67305709	67305791	67305859	BRSK1	XM_031007513.3	+	2	67305709	67305791	81	2
NC_073244.2	67500899	67501796	3	1	+	NC_073244.2	67501018	67501326	67501546	67501659	SSC5D	XM_055370616.2	+	3	67501326	67501546	219	2
NC_073244.2	6788227	6788992	2	1	+	NC_073244.2	6788467	6788582	6788751	6788902	GRIN3B	XM_031006779.3	+	2	6788582	6788751	168	2
NC_073244.2	6792283	6792739	-3	1	-	NC_073244.2	6792536	6792636	6792385	6792442	TMEM259	XM_031006780.3	-	3	6792442	6792536	93	4
NC_073244.2	6831414	6831966	1	1	+	NC_073244.2	6831465	6831596	6831699	6831838	ABCA7	XM_055371015.2	+	1	6831596	6831699	102	9
NC_073244.2	6843194	6844817	3	1	+	NC_073244.2	6844485	6844619	6844701	6844804	ABCA7	XM_055371015.2	+	3	6844619	6844701	81	11
NC_073244.2	6854551	6854974	2	1	+	NC_073244.2	6854569	6854641	6854843	6854909	ARHGAP45	XM_055371027.2	+	2	6854641	6854843	201	8
NC_073244.2	6860240	6860822	3	1	+	NC_073244.2	6860274	6860411	6860499	6860689	ARHGAP45	XM_055371027.2	+	3	6860411	6860499	87	8
NC_073244.2	68678911	68679346	2	1	+	NC_073244.2	68678912	68679038	68679156	68679251	ZNF470	XM_019015570.4	+	2	68679038	68679156	117	2
NC_073244.2	6886192	6886714	2	1	+	NC_073244.2	6886450	6886474	6886586	6886667	GPX4	XM_063701910.1	+	2	6886474	6886586	111	1
NC_073244.2	6888843	6889185	-1	1	-	NC_073244.2	6888973	6889159	6888844	6888894	SBNO2	XM_055371040.2	-	1	6888894	6888973	78	1
NC_073244.2	6902966	6903653	-2	1	-	NC_073244.2	6903204	6903355	6902968	6903101	SBNO2	XM_055371037.2	-	2	6903101	6903204	102	3
NC_073244.2	70074549	70075023	-1	1	-	NC_073244.2	70074882	70075002	70074669	70074773	C20H19orf18	XM_004061564.3	-	1	70074773	70074882	108	2
NC_073244.2	7026928	7027318	2	1	+	NC_073244.2	7026981	7027069	7027199	7027318	ATP5F1D	XM_019015207.4	+	2	7027069	7027199	129	1
NC_073244.2	7036665	7037400	1	1	+	NC_073244.2	7036792	7036920	7037005	7037316	MIDN	XM_019015208.4	+	1	7036920	7037005	84	3
NC_073244.2	7037697	7038594	1	1	+	NC_073244.2	7037737	7037896	7038257	7038529	MIDN	XM_019015208.4	+	1	7037896	7038257	360	4
NC_073244.2	7037697	7038594	1	1	+	NC_073244.2	7037740	7037896	7038257	7038529	MIDN	XM_019015209.4	+	1	7037896	7038257	360	2
NC_073244.2	70592745	70593159	-1	1	-	NC_073244.2	70593013	70593143	70592746	70592919	SLC27A5	XM_031004546.3	-	1	70592919	70593013	93	1
NC_073244.2	70645760	70646222	3	1	+	NC_073244.2	70645846	70645952	70646097	70646133	TRIM28	XM_019015407.4	+	3	70645952	70646097	144	1
NC_073244.2	70647306	70647696	1	1	+	NC_073244.2	70647307	70647393	70647505	70647642	TRIM28	XM_019015407.4	+	1	70647393	70647505	111	1
NC_073244.2	70649153	70649621	-2	1	-	NC_073244.2	70649410	70649540	70649261	70649322	CHMP2A	XM_004061616.4	-	2	70649322	70649410	87	3
NC_073244.2	7152316	7152739	2	1	+	NC_073244.2	7152317	7152392	7152648	7152698	PWWP3A	XM_031006441.3	+	2	7152392	7152648	255	3
NC_073244.2	7235655	7236192	1	1	+	NC_073244.2	7235827	7235917	7236011	7236191	APC2	XM_031006719.2	+	1	7235917	7236011	93	6
NC_073244.2	7237646	7238174	3	1	+	NC_073244.2	7237733	7237841	7237968	7238084	APC2	XM_031006719.2	+	3	7237841	7237968	126	4
NC_073244.2	7237646	7238174	3	1	+	NC_073244.2	7237733	7237841	7237971	7238084	APC2	XM_031006720.2	+	3	7237841	7237971	129	2
NC_073244.2	7266535	7266991	-3	1	-	NC_073244.2	7266797	7266897	7266606	7266709	PCSK4	XM_055371097.2	-	3	7266709	7266797	87	2
NC_073244.2	7270684	7271629	-3	1	-	NC_073244.2	7271051	7271223	7270763	7270975	PCSK4	XM_031006712.3	-	3	7270975	7271051	75	10
NC_073244.2	7271693	7272209	-2	1	-	NC_073244.2	7271874	7272002	7271695	7271771	PCSK4	XM_031006712.3	-	2	7271771	7271874	102	13
NC_073244.2	7403433	7404051	-1	1	-	NC_073244.2	7403833	7403991	7403628	7403751	TCF3	XM_055371118.2	-	1	7403751	7403833	81	12
NC_073244.2	7403433	7404051	-1	1	-	NC_073244.2	7403833	7403988	7403628	7403751	TCF3	XM_055371121.2	-	1	7403751	7403833	81	3
NC_073244.2	7407037	7407802	-3	1	-	NC_073244.2	7407464	7407633	7407247	7407379	TCF3	XM_055371118.2	-	3	7407379	7407464	84	15
NC_073244.2	7567925	7569002	-2	1	-	NC_073244.2	7568673	7568912	7568363	7568501	ATP8B3	XM_055371133.2	-	2	7568501	7568673	171	10
NC_073244.2	7567925	7569002	-2	1	-	NC_073244.2	7568363	7568501	7567998	7568125	ATP8B3	XM_055371133.2	-	2	7568125	7568363	237	10
NC_073244.2	7572453	7573593	-1	1	-	NC_073244.2	7573036	7573135	7572504	7572873	ATP8B3	XM_055371133.2	-	1	7572873	7573036	162	10
NC_073244.2	7574900	7575977	-2	1	-	NC_073244.2	7575864	7575959	7575189	7575353	ATP8B3	XM_055371133.2	-	2	7575353	7575864	510	5
NC_073244.2	7574900	7575977	-2	1	-	NC_073244.2	7575864	7575959	7575219	7575353	ATP8B3	XM_055371136.2	-	2	7575353	7575864	510	1
NC_073244.2	7755144	7755702	1	1	+	NC_073244.2	7755238	7755307	7755398	7755546	CSNK1G2	XM_055371155.2	+	1	7755307	7755398	90	2
NC_073244.2	7764570	7765581	-1	1	-	NC_073244.2	7765246	7765333	7764910	7765056	BTBD2	XM_055371152.1	-	1	7765056	7765246	189	1
NC_073244.2	7764570	7765581	-1	1	-	NC_073244.2	7764910	7765056	7764571	7764729	BTBD2	XM_055371152.1	-	1	7764729	7764910	180	1
NC_073244.2	7822632	7823175	-1	1	-	NC_073244.2	7822924	7822979	7822744	7822839	MKNK2	XM_055371157.2	-	1	7822839	7822924	84	2
NC_073244.2	7988356	7988959	2	1	+	NC_073244.2	7988381	7988482	7988684	7988821	DOT1L	XM_055371166.2	+	2	7988482	7988684	201	4
NC_073244.2	8202956	8203784	3	1	+	NC_073244.2	8203103	8203368	8203459	8203595	TMPRSS9	XM_055371182.2	+	3	8203368	8203459	90	2
NC_073244.2	8984860	8985304	2	1	+	NC_073244.2	8985010	8985088	8985248	8985304	NCLN	XM_031007486.3	+	2	8985088	8985248	159	2
NC_073244.2	9060131	9060707	3	1	+	NC_073244.2	9060309	9060450	9060535	9060681	CELF5	XM_055371215.2	+	3	9060450	9060535	84	6
NC_073244.2	9317401	9318067	2	1	+	NC_073244.2	9317654	9317755	9318029	9318067	FZR1	XM_055371254.2	+	2	9317755	9318029	273	1
NC_073244.2	9317401	9318067	2	1	+	NC_073244.2	9317654	9317746	9318029	9318067	FZR1	XM_055371255.2	+	2	9317746	9318029	282	1
NC_073244.2	9330423	9330849	-1	1	-	NC_073244.2	9330724	9330816	9330541	9330633	MFSD12	XM_055371269.2	-	1	9330633	9330724	90	1
NC_073244.2	9532554	9533157	-1	1	-	NC_073244.2	9532915	9533085	9532603	9532815	APBA3	XM_055371256.2	-	1	9532815	9532915	99	1
NC_073244.2	9532554	9533157	-1	1	-	NC_073244.2	9532915	9533085	9532642	9532815	APBA3	XM_055371257.2	-	1	9532815	9532915	99	1
NC_073244.2	9716813	9718265	3	1	+	NC_073244.2	9716886	9716934	9718108	9718264	NMRK2	XM_055371293.2	+	3	9716934	9718108	1173	3
NC_073244.2	9821458	9822223	2	1	+	NC_073244.2	9821725	9821855	9821967	9822223	PIAS4	XM_055371267.2	+	2	9821855	9821967	111	1
NC_073245.2	12584996	12585611	-1	1	-	NC_073245.2	12585456	12585491	12585228	12585308	IDH3B	XM_019016960.4	-	1	12585308	12585456	147	3
NC_073245.2	12670506	12671262	1	1	+	NC_073245.2	12670880	12671013	12671107	12671233	EBF4	XM_031005033.3	+	1	12671013	12671107	93	2
NC_073245.2	12764316	12764790	1	1	+	NC_073245.2	12764420	12764517	12764605	12764733	VPS16	XM_004061715.5	+	1	12764517	12764605	87	1
NC_073245.2	12766901	12767507	3	1	+	NC_073245.2	12766962	12767093	12767190	12767317	VPS16	XM_004061715.5	+	3	12767093	12767190	96	1
NC_073245.2	12977357	12977885	3	1	+	NC_073245.2	12977547	12977748	12977833	12977885	OXT	XM_055372443.2	+	3	12977748	12977833	84	1
NC_073245.2	12988085	12988793	-1	1	-	NC_073245.2	12988427	12988628	12988086	12988255	AVP	XM_055372444.2	-	1	12988255	12988427	171	1
NC_073245.2	13136413	13136839	-2	1	-	NC_073245.2	13136722	13136815	13136488	13136613	SLC4A11	XM_031004898.3	-	2	13136613	13136722	108	16
NC_073245.2	27618251	27618962	-1	1	-	NC_073245.2	27618753	27618845	27618588	27618671	RRBP1	XM_031004957.3	-	1	27618671	27618753	81	12
NC_073245.2	27618251	27618962	-1	1	-	NC_073245.2	27618588	27618671	27618366	27618455	RRBP1	XM_031004957.3	-	1	27618455	27618588	132	12
NC_073245.2	29761220	29761937	-1	1	-	NC_073245.2	29761850	29761937	29761221	29761762	LOC134757834	XM_063702507.1	-	1	29761762	29761850	87	1
NC_073245.2	44067836	44068349	3	1	+	NC_073245.2	44068026	44068096	44068220	44068348	MYLK2	XM_063702506.1	+	3	44068096	44068220	123	1
NC_073245.2	45313624	45314524	2	1	+	NC_073245.2	45313644	45313706	45314016	45314523	LOC101127754	XM_004061996.5	+	2	45313706	45314016	309	2
NC_073245.2	47206653	47207133	1	1	+	NC_073245.2	47206720	47206896	47206987	47207132	MYH7B	XM_031004816.3	+	1	47206896	47206987	90	3
NC_073245.2	47211585	47212038	1	1	+	NC_073245.2	47211628	47211732	47211814	47211909	MYH7B	XM_031004816.3	+	1	47211732	47211814	81	3
NC_073245.2	47812703	47812976	-1	1	-	NC_073245.2	47812890	47812952	47812724	47812808	FER1L4	NM_001433623.1	-	1	47812808	47812890	81	1
NC_073245.2	47813129	47813651	-1	1	-	NC_073245.2	47813460	47813520	47813211	47813342	FER1L4	NM_001433623.1	-	1	47813342	47813460	117	1
NC_073245.2	57533737	57534163	-2	1	-	NC_073245.2	57534019	57534141	57533800	57533922	MATN4	XM_055373054.2	-	2	57533922	57534019	96	1
NC_073245.2	57549061	57549658	2	1	+	NC_073245.2	57549179	57549282	57549388	57549658	RBPJL	XM_063702508.1	+	2	57549282	57549388	105	1
NC_073245.2	57549061	57549658	2	1	+	NC_073245.2	57549179	57549282	57549391	57549658	RBPJL	XM_063702509.1	+	2	57549282	57549391	108	1
NC_073245.2	57652403	57653306	3	1	+	NC_073245.2	57652478	57652605	57652921	57653021	PIGT	XM_019017006.4	+	3	57652605	57652921	315	1
NC_073245.2	58044469	58045090	2	1	+	NC_073245.2	58044515	58044719	58044828	58044887	UBE2C	XM_004062268.4	+	2	58044719	58044828	108	1
NC_073245.2	58130825	58131311	-1	1	-	NC_073245.2	58131000	58131164	58130827	58130894	PLTP	XM_019016934.3	-	1	58130894	58131000	105	4
NC_073245.2	58174921	58175329	2	1	+	NC_073245.2	58174973	58175059	58175144	58175328	PCIF1	XM_004062291.5	+	2	58175059	58175144	84	2
NC_073245.2	58178057	58178363	-1	1	-	NC_073245.2	58178271	58178336	58178108	58178189	ZNF335	XM_004062289.4	-	1	58178189	58178271	81	7
NC_073245.2	58272354	58272675	1	1	+	NC_073245.2	58272374	58272472	58272617	58272674	SLC12A5	XM_004062292.5	+	1	58272472	58272617	144	3
NC_073245.2	58356847	58357090	2	1	+	NC_073245.2	58356879	58356965	58357071	58357090	CD40	XM_063702105.1	+	2	58356965	58357071	105	1
NC_073245.2	58415119	58415761	-2	1	-	NC_073245.2	58415606	58415727	58415368	58415485	CDH22	XM_031004925.3	-	2	58415485	58415606	120	1
NC_073245.2	62873941	62874319	-2	1	-	NC_073245.2	62874167	62874292	62873943	62874088	RIPOR3	XM_031004981.3	-	2	62874088	62874167	78	1
NC_073245.2	63196382	63197195	3	1	+	NC_073245.2	63196430	63196806	63197125	63197195	LOC109024361	XM_063702245.1	+	3	63196806	63197125	318	1
NC_073245.2	68896653	68897340	1	1	+	NC_073245.2	68896684	68897169	68897284	68897335	TFAP2C	XM_004062410.5	+	1	68897169	68897284	114	4
NC_073245.2	74594998	74595559	2	1	+	NC_073245.2	74595021	74595178	74595368	74595470	ADRM1	XM_004062485.4	+	2	74595178	74595368	189	2
NC_073245.2	74598378	74598885	-3	1	-	NC_073245.2	74598604	74598754	74598380	74598525	LAMA5	XM_055372876.2	-	3	74598525	74598604	78	1
NC_073245.2	74598378	74598885	-3	1	-	NC_073245.2	74598619	74598754	74598380	74598525	LAMA5	XM_055372877.2	-	3	74598525	74598619	93	1
NC_073245.2	74600628	74601537	-3	1	-	NC_073245.2	74601242	74601378	74600872	74601025	LAMA5	XM_055372876.2	-	3	74601025	74601242	216	2
NC_073245.2	74601540	74602161	-3	1	-	NC_073245.2	74601960	74602139	74601730	74601878	LAMA5	XM_055372876.2	-	3	74601878	74601960	81	2
NC_073245.2	74603271	74604093	-3	1	-	NC_073245.2	74603794	74603935	74603583	74603685	LAMA5	XM_055372876.2	-	3	74603685	74603794	108	2
NC_073245.2	74604159	74604858	-3	1	-	NC_073245.2	74604574	74604690	74604254	74604408	LAMA5	XM_055372876.2	-	3	74604408	74604574	165	2
NC_073245.2	74610511	74611072	-2	1	-	NC_073245.2	74610827	74610978	74610647	74610757	LAMA5	XM_055372876.2	-	2	74610757	74610827	69	2
NC_073245.2	74624805	74625243	-3	1	-	NC_073245.2	74625112	74625164	74624916	74625021	LAMA5	XM_055372876.2	-	3	74625021	74625112	90	2
NC_073245.2	75134775	75135102	1	1	+	NC_073245.2	75134797	75134841	75134968	75135021	COL9A3	XM_055372600.2	+	1	75134841	75134968	126	1
NC_073245.2	75664360	75664672	-2	1	-	NC_073245.2	75664628	75664672	75664362	75664471	CHRNA4	XM_031007473.3	-	2	75664471	75664628	156	2
NC_073245.2	75825282	75825666	1	1	+	NC_073245.2	75825302	75825379	75825458	75825666	PPDPF	XM_055372670.2	+	1	75825379	75825458	78	1
NC_073245.2	75863121	75863700	-3	1	-	NC_073245.2	75863454	75863610	75863211	75863378	HELZ2	XM_031007472.3	-	3	75863378	75863454	75	2
NC_073245.2	75865019	75865805	-1	1	-	NC_073245.2	75865571	75865665	75865355	75865486	HELZ2	XM_031007472.3	-	1	75865486	75865571	84	1
NC_073245.2	75865019	75865805	-1	1	-	NC_073245.2	75865355	75865486	75865106	75865267	HELZ2	XM_031007472.3	-	1	75865267	75865355	87	1
NC_073245.2	75865019	75865805	-1	1	-	NC_073245.2	75865355	75865665	75865106	75865267	HELZ2	XM_063702443.1	-	1	75865267	75865355	87	1
NC_073245.2	75963584	75964520	3	1	+	NC_073245.2	75963911	75963992	75964194	75964254	RTEL1	XM_055372675.2	+	3	75963992	75964194	201	12
NC_073245.2	75979028	75979265	3	1	+	NC_073245.2	75979063	75979101	75979186	75979264	RTEL1	XM_055372675.2	+	3	75979101	75979186	84	15
NC_073245.2	75979028	75979265	3	1	+	NC_073245.2	75979071	75979101	75979186	75979264	RTEL1	XM_055372692.2	+	3	75979101	75979186	84	1
NC_073245.2	75991646	75992543	3	1	+	NC_073245.2	75991788	75991938	75992302	75992444	RTEL1	XM_055372675.2	+	3	75991938	75992302	363	19
NC_073245.2	75998913	75999573	1	1	+	NC_073245.2	75999092	75999329	75999417	75999572	RTEL1	XM_055372693.2	+	1	75999329	75999417	87	2
NC_073245.2	76038893	76039907	3	1	+	NC_073245.2	76038973	76039212	76039426	76039831	ZGPAT	XM_055372703.1	+	3	76039212	76039426	213	3
NC_073245.2	76038893	76039907	3	1	+	NC_073245.2	76039033	76039212	76039426	76039831	ZGPAT	XM_055372706.1	+	3	76039212	76039426	213	5
NC_073245.2	76038893	76039907	3	1	+	NC_073245.2	76039093	76039212	76039426	76039831	ZGPAT	XM_055372708.1	+	3	76039212	76039426	213	8
NC_073245.2	76041593	76042322	3	1	+	NC_073245.2	76042082	76042163	76042269	76042321	LIME1	XM_031007442.3	+	3	76042163	76042269	105	1
NC_073245.2	76042167	76043118	1	1	+	NC_073245.2	76042234	76042321	76042442	76042758	LIME1	XM_031007440.3	+	1	76042321	76042442	120	3
NC_073245.2	76244500	76245526	-2	1	-	NC_073245.2	76245179	76245301	76244963	76245070	UCKL1	XM_004062548.4	-	2	76245070	76245179	108	10
NC_073245.2	76269367	76269889	-2	1	-	NC_073245.2	76269683	76269807	76269512	76269604	ZNF512B	XM_019016780.4	-	2	76269604	76269683	78	10
NC_073245.2	76269800	76270379	-1	1	-	NC_073245.2	76270214	76270285	76269965	76270111	ZNF512B	XM_019016780.4	-	1	76270111	76270214	102	10
NC_073245.2	76299611	76300379	3	1	+	NC_073245.2	76299657	76299833	76300068	76300223	PRPF6	XM_004062565.4	+	3	76299833	76300068	234	1
NC_073245.2	76341024	76341768	1	1	+	NC_073245.2	76341166	76341441	76341535	76341687	C21H20orf204	XM_063702458.1	+	1	76341441	76341535	93	1
NC_073245.2	76351417	76352998	-2	1	-	NC_073245.2	76352407	76352764	76351418	76352211	SOX18	XM_031007465.3	-	2	76352211	76352407	195	1
NC_073245.2	76526148	76526544	1	1	+	NC_073245.2	76526280	76526342	76526460	76526528	MYT1	XM_031007830.3	+	1	76526342	76526460	117	6
NC_073246.2	32631246	32632188	-2	1	-	NC_073246.2	32631476	32632174	32631247	32631286	LOC129529225	XM_055373613.1	-	2	32631286	32631476	189	1
NC_073246.2	35406363	35406771	-2	1	-	NC_073246.2	35406649	35406764	35406364	35406552	GART	XM_031005093.3	-	2	35406552	35406649	96	9
NC_073246.2	44378392	44378812	-1	1	-	NC_073246.2	44378663	44378776	44378455	44378560	RSPH1	XM_004062861.3	-	1	44378560	44378663	102	3
NC_073246.2	44613482	44613905	3	1	+	NC_073246.2	44613538	44613717	44613838	44613892	PDE9A	XM_031005204.3	+	3	44613717	44613838	120	2
NC_073246.2	45256426	45257116	-1	1	-	NC_073246.2	45257053	45257116	45256717	45256878	SIK1	XM_004062878.5	-	1	45256878	45257053	174	5
NC_073246.2	46735363	46735936	-1	1	-	NC_073246.2	46735727	46735893	46735364	46735423	ITGB2	XM_004062922.5	-	1	46735423	46735727	303	4
NC_073246.2	47342501	47342945	3	1	+	NC_073246.2	47342565	47342627	47342733	47342819	COL18A1	XM_055373735.2	+	3	47342627	47342733	105	13
NC_073246.2	47353638	47354253	1	1	+	NC_073246.2	47353663	47353698	47354053	47354142	COL18A1	XM_055373735.2	+	1	47353698	47354053	354	13
NC_073246.2	47856896	47857670	3	1	+	NC_073246.2	47857037	47857196	47857455	47857583	COL6A1	XM_055373788.2	+	3	47857196	47857455	258	1
NC_073246.2	47869055	47869610	3	1	+	NC_073246.2	47869056	47869121	47869560	47869595	COL6A1	XM_055373788.2	+	3	47869121	47869560	438	1
NC_073246.2	48037046	48037751	3	1	+	NC_073246.2	48037074	48037136	48037308	48037343	COL6A2	XM_055373789.2	+	3	48037136	48037308	171	6
NC_073246.2	48037046	48037751	3	1	+	NC_073246.2	48037308	48037343	48037623	48037668	COL6A2	XM_055373789.2	+	3	48037343	48037623	279	6
NC_073246.2	48037672	48038632	2	1	+	NC_073246.2	48037803	48037955	48038124	48038576	COL6A2	XM_055373789.2	+	2	48037955	48038124	168	6
NC_073246.2	6682163	6682826	-3	1	-	NC_073246.2	6682353	6682804	6682164	6682298	LOC129530487	XM_055377299.1	-	3	6682298	6682353	54	1
NC_073246.2	8371381	8372014	2	1	+	NC_073246.2	8371404	8371748	8371830	8372014	LOC109024528	XM_055374064.1	+	2	8371748	8371830	81	1
NC_073247.2	114097600	114098332	2	1	+	NC_073247.2	114097757	114097837	114098009	114098078	LOC129523474	XM_055376604.1	+	2	114097837	114098009	171	6
NC_073247.2	114097600	114098332	2	1	+	NC_073247.2	114098009	114098078	114098235	114098323	LOC129523474	XM_055376604.1	+	2	114098078	114098235	156	6
NC_073247.2	114147978	114148710	-3	1	-	NC_073247.2	114148474	114148554	114148233	114148302	LOC101145461	XM_019019499.1	-	3	114148302	114148474	171	6
NC_073247.2	114147978	114148710	-3	1	-	NC_073247.2	114148233	114148302	114147988	114148076	LOC101145461	XM_019019499.1	-	3	114148076	114148233	156	6
NC_073247.2	120371469	120371724	1	1	+	NC_073247.2	120371470	120371505	120371596	120371637	COL4A5	XM_004064693.4	+	1	120371505	120371596	90	1
NC_073247.2	145065114	145065732	-3	1	-	NC_073247.2	145065562	145065692	145065310	145065456	GPC4	XM_004064885.5	-	3	145065456	145065562	105	1
NC_073247.2	146956285	146956648	2	1	+	NC_073247.2	146956346	146956403	146956569	146956604	LOC101143270	XM_019019124.3	+	2	146956403	146956569	165	1
NC_073247.2	147342265	147342778	2	1	+	NC_073247.2	147342266	147342355	147342581	147342764	INTS6L	XM_019019757.4	+	2	147342355	147342581	225	11
NC_073247.2	161163129	161163774	1	1	+	NC_073247.2	161163254	161163386	161163654	161163769	EOLA1	XM_063703334.1	+	1	161163386	161163654	267	2
NC_073247.2	161610174	161610819	-3	1	-	NC_073247.2	161610563	161610695	161610180	161610295	EOLA2	XM_063703177.1	-	3	161610295	161610563	267	2
NC_073247.2	164953452	164959983	1	1	+	NC_073247.2	164953696	164955233	164955396	164959983	LOC129529857	XM_055375832.1	+	1	164955233	164955396	162	1
NC_073247.2	165241826	165242297	3	1	+	NC_073247.2	165241827	165242006	165242109	165242196	ATP2B3	XM_031005800.2	+	3	165242006	165242109	102	4
NC_073247.2	165459022	165459406	2	1	+	NC_073247.2	165459041	165459166	165459248	165459364	PLXNB3	XM_004065085.3	+	2	165459166	165459248	81	10
NC_073247.2	165462107	165462878	3	1	+	NC_073247.2	165462165	165462404	165462492	165462650	PLXNB3	XM_004065085.3	+	3	165462404	165462492	87	10
NC_073247.2	165462107	165462878	3	1	+	NC_073247.2	165462492	165462650	165462726	165462877	PLXNB3	XM_004065085.3	+	3	165462650	165462726	75	10
NC_073247.2	165465330	165465876	1	1	+	NC_073247.2	165465353	165465525	165465673	165465833	PLXNB3	XM_004065085.3	+	1	165465525	165465673	147	10
NC_073247.2	165465778	165466519	2	1	+	NC_073247.2	165466093	165466240	165466406	165466470	PLXNB3	XM_004065085.3	+	2	165466240	165466406	165	10
NC_073247.2	165469227	165469758	1	1	+	NC_073247.2	165469359	165469489	165469649	165469757	SRPK3	XM_004065088.5	+	1	165469489	165469649	159	5
NC_073247.2	165473150	165473660	3	1	+	NC_073247.2	165473224	165473316	165473479	165473660	SRPK3	XM_004065088.5	+	3	165473316	165473479	162	5
NC_073247.2	165552753	165553443	-3	1	-	NC_073247.2	165553035	165553157	165552768	165552941	L1CAM	XM_031005794.3	-	3	165552941	165553035	93	5
NC_073247.2	165556221	165556734	-3	1	-	NC_073247.2	165556482	165556648	165556223	165556379	L1CAM	XM_031005794.3	-	3	165556379	165556482	102	5
NC_073247.2	165558630	165559218	-3	1	-	NC_073247.2	165558975	165559097	165558708	165558878	L1CAM	XM_031005794.3	-	3	165558878	165558975	96	5
NC_073247.2	165601956	165602511	-3	1	-	NC_073247.2	165602400	165602460	165602193	165602270	ARHGAP4	XM_004065097.4	-	3	165602270	165602400	129	4
NC_073247.2	165601956	165602511	-3	1	-	NC_073247.2	165602193	165602270	165601971	165602105	ARHGAP4	XM_004065097.4	-	3	165602105	165602193	87	4
NC_073247.2	165604439	165605183	-1	1	-	NC_073247.2	165605058	165605159	165604689	165604880	ARHGAP4	XM_004065097.4	-	1	165604880	165605058	177	4
NC_073247.2	165626578	165626878	-2	1	-	NC_073247.2	165626767	165626854	165626579	165626682	RENBP	XM_031005701.3	-	2	165626682	165626767	84	3
NC_073247.2	165713206	165713908	-2	1	-	NC_073247.2	165713737	165713872	165713491	165713658	IRAK1	XM_031005728.3	-	2	165713658	165713737	78	4
NC_073247.2	165713206	165713908	-2	1	-	NC_073247.2	165713491	165713658	165713257	165713388	IRAK1	XM_031005728.3	-	2	165713388	165713491	102	4
NC_073247.2	165713206	165713908	-2	1	-	NC_073247.2	165713491	165713872	165713257	165713388	IRAK1	XM_031005729.2	-	2	165713388	165713491	102	1
NC_073247.2	165971127	165971625	-3	1	-	NC_073247.2	165971522	165971571	165971128	165971440	EMD	XM_019018888.4	-	3	165971440	165971522	81	1
NC_073247.2	165985832	165986579	3	1	+	NC_073247.2	165985893	165986055	165986140	165986340	FLNA	XM_004065114.5	+	3	165986055	165986140	84	2
NC_073247.2	165990013	165990607	2	1	+	NC_073247.2	165990056	165990146	165990240	165990409	FLNA	XM_004065114.5	+	2	165990146	165990240	93	2
NC_073247.2	165999642	166000506	1	1	+	NC_073247.2	165999677	165999799	165999905	166000171	FLNA	XM_004065114.5	+	1	165999799	165999905	105	2
NC_073247.2	165999642	166000506	1	1	+	NC_073247.2	165999905	166000171	166000331	166000468	FLNA	XM_004065114.5	+	1	166000171	166000331	159	2
NC_073247.2	166036730	166037075	3	1	+	NC_073247.2	166036828	166036890	166037008	166037060	TAFAZZIN	XM_004065145.5	+	3	166036890	166037008	117	3
NC_073247.2	166061047	166061374	2	1	+	NC_073247.2	166061080	166061134	166061225	166061374	GDI1	XM_004065130.4	+	2	166061134	166061225	90	1
NC_073247.2	166068196	166068739	2	1	+	NC_073247.2	166068376	166068430	166068578	166068626	FAM50A	XM_004065132.3	+	2	166068430	166068578	147	2
NC_073247.2	166084834	166085587	2	1	+	NC_073247.2	166084852	166084972	166085078	166085214	PLXNA3	XM_031005721.3	+	2	166084972	166085078	105	6
NC_073247.2	166085738	166086224	3	1	+	NC_073247.2	166085759	166085852	166085934	166086173	PLXNA3	XM_031005721.3	+	3	166085852	166085934	81	6
NC_073247.2	166086394	166087360	2	1	+	NC_073247.2	166086783	166086925	166087004	166087260	PLXNA3	XM_031005721.3	+	2	166086925	166087004	78	6
NC_073247.2	166086929	166087805	3	1	+	NC_073247.2	166087364	166087430	166087524	166087670	PLXNA3	XM_031005721.3	+	3	166087430	166087524	93	6
NC_073247.2	18318976	18320041	2	1	+	NC_073247.2	18319103	18319204	18319397	18320041	LOC115932241	NM_001427443.1	+	2	18319204	18319397	192	1
NC_073247.2	18638822	18639605	-1	1	-	NC_073247.2	18639378	18639479	18638823	18639185	LOC101136398	NM_001427442.1	-	1	18639185	18639378	192	1
NC_073247.2	18638822	18639605	-1	1	-	NC_073247.2	18639378	18639479	18638865	18639185	LOC101136398	XM_055376635.2	-	1	18639185	18639378	192	1
NC_073247.2	18638822	18639605	-1	1	-	NC_073247.2	18639378	18639479	18638856	18639185	LOC101136398	XM_063702805.1	-	1	18639185	18639378	192	1
NC_073247.2	29384841	29385627	-3	1	-	NC_073247.2	29385169	29385247	29384928	29385057	PHKA2	XM_019019463.4	-	3	29385057	29385169	111	13
NC_073247.2	34281197	34281692	3	1	+	NC_073247.2	34281261	34281312	34281403	34281486	SAT1	XM_004063914.3	+	3	34281312	34281403	90	1
NC_073247.2	48648867	48651348	-3	1	-	NC_073247.2	48651138	48651318	48648868	48650522	RPGR	XM_031006118.3	-	3	48650522	48651138	615	1
NC_073247.2	48648867	48651348	-3	1	-	NC_073247.2	48651138	48651318	48650371	48650522	RPGR	XM_055375563.2	-	3	48650522	48651138	615	1
NC_073247.2	57574752	57575334	1	1	+	NC_073247.2	57574811	57574971	57575143	57575240	RBM10	XM_004064061.5	+	1	57574971	57575143	171	4
NC_073247.2	57574752	57575334	1	1	+	NC_073247.2	57574811	57574968	57575143	57575240	RBM10	XM_019019064.4	+	1	57574968	57575143	174	3
NC_073247.2	57575848	57576802	2	1	+	NC_073247.2	57576146	57576332	57576438	57576577	RBM10	XM_004064061.5	+	2	57576332	57576438	105	7
NC_073247.2	57575848	57576802	2	1	+	NC_073247.2	57576438	57576577	57576680	57576797	RBM10	XM_004064061.5	+	2	57576577	57576680	102	7
NC_073247.2	57594165	57594657	1	1	+	NC_073247.2	57594174	57594342	57594445	57594579	UBA1	XM_004064059.5	+	1	57594342	57594445	102	5
NC_073247.2	57596036	57596642	3	1	+	NC_073247.2	57596240	57596330	57596442	57596574	UBA1	XM_004064059.5	+	3	57596330	57596442	111	5
NC_073247.2	57619592	57619877	3	1	+	NC_073247.2	57619593	57619718	57619809	57619865	CDK16	XM_004064064.5	+	3	57619718	57619809	90	7
NC_073247.2	57639584	57640289	3	1	+	NC_073247.2	57639601	57639843	57639934	57640004	USP11	XM_019019066.3	+	3	57639843	57639934	90	1
NC_073247.2	57851523	57852081	-3	1	-	NC_073247.2	57851880	57852006	57851529	57851624	ZNF41	XM_004064071.5	-	3	57851624	57851880	255	7
NC_073247.2	57851523	57852081	-3	1	-	NC_073247.2	57851880	57852046	57851529	57851624	ZNF41	XM_019019760.4	-	3	57851624	57851880	255	4
NC_073247.2	57851523	57852081	-3	1	-	NC_073247.2	57851880	57852022	57851529	57851624	ZNF41	XM_055375664.2	-	3	57851624	57851880	255	8
NC_073247.2	58851292	58851589	2	1	+	NC_073247.2	58851360	58851412	58851497	58851550	FTSJ1	XM_004064097.5	+	2	58851412	58851497	84	4
NC_073247.2	58852608	58853055	1	1	+	NC_073247.2	58852610	58852713	58852804	58853001	FTSJ1	XM_004064097.5	+	1	58852713	58852804	90	1
NC_073247.2	58852608	58853055	1	1	+	NC_073247.2	58852616	58852713	58852804	58853055	FTSJ1	XM_019019148.4	+	1	58852713	58852804	90	1
NC_073247.2	58852608	58853055	1	1	+	NC_073247.2	58852616	58852713	58852804	58853001	FTSJ1	XM_019019149.4	+	1	58852713	58852804	90	1
NC_073247.2	58852608	58853055	1	1	+	NC_073247.2	58852610	58852713	58852804	58853055	FTSJ1	XM_055375704.2	+	1	58852713	58852804	90	1
NC_073247.2	58884619	58885318	2	1	+	NC_073247.2	58884733	58884858	58885018	58885118	PORCN	XM_019019155.4	+	2	58884858	58885018	159	17
NC_073247.2	58886148	58886526	1	1	+	NC_073247.2	58886213	58886289	58886386	58886449	PORCN	XM_019019155.4	+	1	58886289	58886386	96	17
NC_073247.2	58930466	58932278	3	1	+	NC_073247.2	58930467	58930655	58930923	58932278	TBC1D25	XM_031005970.3	+	3	58930655	58930923	267	4
NC_073247.2	59188765	59189365	2	1	+	NC_073247.2	59188795	59188923	59189119	59189287	HDAC6	XM_004064107.5	+	2	59188923	59189119	195	6
NC_073247.2	59338916	59339459	-1	1	-	NC_073247.2	59339271	59339433	59339088	59339171	KCND1	XM_031005825.3	-	1	59339171	59339271	99	1
NC_073247.2	59353574	59354123	-1	1	-	NC_073247.2	59353965	59354060	59353785	59353841	GRIPAP1	XM_031005822.3	-	1	59353841	59353965	123	4
NC_073247.2	59539114	59539912	2	1	+	NC_073247.2	59539241	59539468	59539568	59539739	MAGIX	XM_019018926.4	+	2	59539468	59539568	99	5
NC_073247.2	59539114	59539912	2	1	+	NC_073247.2	59539139	59539468	59539568	59539739	MAGIX	XM_063703167.1	+	2	59539468	59539568	99	2
NC_073247.2	59596852	59597596	-2	1	-	NC_073247.2	59597261	59597468	59597050	59597170	CACNA1F	XM_055375765.2	-	2	59597170	59597261	90	1
NC_073247.2	59596852	59597596	-2	1	-	NC_073247.2	59597050	59597170	59596854	59596935	CACNA1F	XM_055375765.2	-	2	59596935	59597050	114	1
NC_073247.2	59602359	59602815	-3	1	-	NC_073247.2	59602576	59602772	59602361	59602464	CACNA1F	XM_055375765.2	-	3	59602464	59602576	111	1
NC_073247.2	59617624	59618242	2	1	+	NC_073247.2	59617853	59617919	59618019	59618197	CCDC22	XM_055375763.2	+	2	59617919	59618019	99	1
NC_073247.2	59623678	59624548	2	1	+	NC_073247.2	59623871	59623966	59624213	59624272	CCDC22	XM_055375763.2	+	2	59623966	59624213	246	1
NC_073247.2	59626039	59626516	-2	1	-	NC_073247.2	59626367	59626468	59626040	59626186	FOXP3	XM_019019749.3	-	2	59626186	59626367	180	1
NC_073247.2	59631415	59631874	-2	1	-	NC_073247.2	59631591	59631678	59631417	59631521	FOXP3	XM_019019749.3	-	2	59631521	59631591	69	1
NC_073247.2	61060192	61060771	2	1	+	NC_073247.2	61060286	61060556	61060605	61060709	LOC101140048	XM_019018930.2	+	2	61060556	61060605	48	1
NC_073247.2	63207919	63208345	2	1	+	NC_073247.2	63207953	63208030	63208166	63208277	TSPYL2	XM_004064203.5	+	2	63208030	63208166	135	1
NC_073247.2	64560082	64560622	2	1	+	NC_073247.2	64560083	64560259	64560491	64560622	TSR2	XM_004064225.5	+	2	64560259	64560491	231	1
NC_073247.2	64925055	64925598	1	1	+	NC_073247.2	64925077	64925385	64925506	64925569	LOC101137992	XM_004064227.4	+	1	64925385	64925506	120	3
NC_073247.2	64927171	64927528	2	1	+	NC_073247.2	64927198	64927277	64927371	64927413	LOC101137992	XM_004064227.4	+	2	64927277	64927371	93	3
NC_073247.2	65002550	65003006	3	1	+	NC_073247.2	65002656	65002760	65002875	65002938	LOC101139594	XM_004064232.5	+	3	65002760	65002875	114	7
NC_073247.2	65004584	65004944	3	1	+	NC_073247.2	65004614	65004693	65004787	65004829	LOC101139594	XM_004064232.5	+	3	65004693	65004787	93	7
NC_073247.2	80495411	80495918	3	1	+	NC_073247.2	80495444	80495620	80495804	80495918	STARD8	XM_004064304.4	+	3	80495620	80495804	183	3
NC_073247.2	80615052	80615799	1	1	+	NC_073247.2	80615108	80615236	80615390	80615799	EFNB1	XM_004064306.4	+	1	80615236	80615390	153	1
NC_073247.2	82243623	82243884	1	1	+	NC_073247.2	82243713	82243741	82243835	82243884	GDPD2	XM_004064328.4	+	1	82243741	82243835	93	3
NC_073247.2	82923801	82924221	-3	1	-	NC_073247.2	82924182	82924206	82923990	82924076	CXHXorf65	XM_055376143.2	-	3	82924076	82924182	105	1
NC_073247.2	82954892	82955288	3	1	+	NC_073247.2	82954893	82954970	82955061	82955278	MED12	XM_055376146.2	+	3	82954970	82955061	90	8
NC_073247.2	82954892	82955288	3	1	+	NC_073247.2	82954893	82954970	82955061	82955115	MED12	XM_055376151.2	+	3	82954970	82955061	90	4
NC_073247.2	82954892	82955288	3	1	+	NC_073247.2	82955061	82955115	82955191	82955278	MED12	XM_055376151.2	+	3	82955115	82955191	75	4
NC_073247.2	9673818	9676488	-3	1	-	NC_073247.2	9676110	9676268	9674974	9675182	LOC101146761	XM_055376897.2	-	3	9675182	9676110	927	1
NC_073247.2	9678183	9678702	-3	1	-	NC_073247.2	9678610	9678680	9678278	9678408	LOC101146761	XM_055376897.2	-	3	9678408	9678610	201	1
NC_073247.2	9708921	9710271	-3	1	-	NC_073247.2	9709525	9709627	9709150	9709224	LOC115933253	XM_055376904.2	-	3	9709224	9709525	300	3
NC_073248.2	6984799	6985318	-2	1	-	NC_073248.2	6985226	6985296	6984894	6985024	LOC101146761	XM_055377266.2	-	2	6985024	6985226	201	2
NC_086017.1	104720192	104720675	-3	1	-	NC_086017.1	104720525	104720647	104720288	104720419	PROS1	XM_031009774.3	-	3	104720419	104720525	105	1
NC_086017.1	109616452	109617013	2	1	+	NC_086017.1	109616545	109616731	109616834	109616971	ST3GAL6	XM_004035963.4	+	2	109616731	109616834	102	11
NC_086017.1	130675925	130676708	3	1	+	NC_086017.1	130676234	130676376	130676578	130676694	NR1I2	XM_004036132.5	+	3	130676376	130676578	201	1
NC_086017.1	131308755	131309892	-2	1	-	NC_086017.1	131309149	131309316	131308936	131308998	FSTL1	XM_055383750.2	-	2	131308998	131309149	150	1
NC_086017.1	133566361	133567417	2	1	+	NC_086017.1	133566444	133566650	133566732	133567331	PARP14	XM_004036179.5	+	2	133566650	133566732	81	2
NC_086017.1	133757643	133758528	-2	1	-	NC_086017.1	133757964	133758134	133757712	133757861	SEMA5B	XM_004036183.5	-	2	133757861	133757964	102	4
NC_086017.1	133757643	133758528	-2	1	-	NC_086017.1	133757964	133758134	133757712	133757858	SEMA5B	XM_055383810.2	-	2	133757858	133757964	105	1
NC_086017.1	138179325	138179982	1	1	+	NC_086017.1	138179553	138179676	138179758	138179911	PLXNA1	XM_031009365.3	+	1	138179676	138179758	81	1
NC_086017.1	138188831	138189299	3	1	+	NC_086017.1	138188851	138189044	138189147	138189298	PLXNA1	XM_031009365.3	+	3	138189044	138189147	102	1
NC_086017.1	138190930	138192355	2	1	+	NC_086017.1	138191191	138191358	138191617	138191710	PLXNA1	XM_031009365.3	+	2	138191358	138191617	258	1
NC_086017.1	138190930	138192355	2	1	+	NC_086017.1	138191617	138191710	138192098	138192337	PLXNA1	XM_031009365.3	+	2	138191710	138192098	387	1
NC_086017.1	138753095	138753443	-3	1	-	NC_086017.1	138753330	138753416	138753161	138753233	TPRA1	XM_004036239.4	-	3	138753233	138753330	96	5
NC_086017.1	140758984	140759344	-1	1	-	NC_086017.1	140759215	140759322	140759009	140759121	PLXND1	XM_004036291.5	-	1	140759121	140759215	93	2
NC_086017.1	141619061	141619490	3	1	+	NC_086017.1	141619062	141619097	141619215	141619251	COL6A5	XM_063704176.1	+	3	141619097	141619215	117	1
NC_086017.1	153866026	153866491	2	1	+	NC_086017.1	153866093	153866258	153866340	153866482	PLS1	XM_004037785.5	+	2	153866258	153866340	81	10
NC_086017.1	160891802	160892147	-3	1	-	NC_086017.1	160892063	160892129	160891895	160891972	COMMD2	XM_004037835.5	-	3	160891972	160892063	90	1
NC_086017.1	168301844	168302645	-3	1	-	NC_086017.1	168302292	168302594	168301905	168301979	CCNL1	XM_004037899.5	-	3	168301979	168302292	312	4
NC_086017.1	192331310	192331919	-3	1	-	NC_086017.1	192331620	192331898	192331311	192331478	LOC129532527	XM_055382144.1	-	3	192331478	192331620	141	1
NC_086017.1	195285929	195286400	3	1	+	NC_086017.1	195285980	195286099	195286196	195286331	AP2M1	XM_004038101.4	+	3	195286099	195286196	96	1
NC_086017.1	195292977	195293268	1	1	+	NC_086017.1	195293040	195293120	195293208	195293267	ABCF3	XM_004038098.4	+	1	195293120	195293208	87	2
NC_086017.1	195445913	195446549	3	1	+	NC_086017.1	195445968	195446061	195446311	195446493	FAM131A	XM_031009194.3	+	3	195446061	195446311	249	1
NC_086017.1	195445913	195446549	3	1	+	NC_086017.1	195445992	195446061	195446311	195446493	FAM131A	XM_031009195.3	+	3	195446061	195446311	249	5
NC_086017.1	195461985	195462801	-2	1	-	NC_086017.1	195462208	195462341	195462025	195462102	CLCN2	XM_031009193.3	-	2	195462102	195462208	105	2
NC_086017.1	195483976	195485041	2	1	+	NC_086017.1	195484229	195484376	195484602	195484705	CHRD	XM_031009205.3	+	2	195484376	195484602	225	12
NC_086017.1	195684871	195685927	2	1	+	NC_086017.1	195685130	195685345	195685457	195685606	EPHB3	XM_019023078.4	+	2	195685345	195685457	111	1
NC_086017.1	195684871	195685927	2	1	+	NC_086017.1	195685457	195685606	195685700	195685893	EPHB3	XM_019023078.4	+	2	195685606	195685700	93	1
NC_086017.1	197197577	197198138	-3	1	-	NC_086017.1	197197944	197197988	197197745	197197832	ETV5	XM_004038157.5	-	3	197197832	197197944	111	1
NC_086017.1	197197577	197198138	-3	1	-	NC_086017.1	197197944	197198062	197197745	197197832	ETV5	XM_055380974.2	-	3	197197832	197197944	111	1
NC_086017.1	19759513	19759948	2	1	+	NC_086017.1	19759533	19759714	19759808	19759858	IL17RC	XM_004033552.5	+	2	19759714	19759808	93	29
NC_086017.1	205706718	205707195	-2	1	-	NC_086017.1	205707094	205707195	205706860	205707003	LSG1	XM_019024338.4	-	2	205707003	205707094	90	1
NC_086017.1	207334031	207335345	-3	1	-	NC_086017.1	207335066	207335156	207334232	207334399	MUC4	XM_063704493.1	-	3	207334399	207335066	666	2
NC_086017.1	207337284	207337824	-2	1	-	NC_086017.1	207337563	207337742	207337290	207337415	MUC4	XM_063704493.1	-	2	207337415	207337563	147	2
NC_086017.1	207443869	207445783	-1	1	-	NC_086017.1	207444101	207445449	207443909	207443998	TNK2	XM_004038247.5	-	1	207443998	207444101	102	4
NC_086017.1	207443869	207445783	-1	1	-	NC_086017.1	207444101	207445449	207443909	207444004	TNK2	XM_019023267.4	-	1	207444004	207444101	96	21
NC_086017.1	207443869	207445783	-1	1	-	NC_086017.1	207444101	207445449	207443870	207443875	TNK2	XM_055382728.2	-	1	207443875	207444101	225	1
NC_086017.1	208575478	208575916	-1	1	-	NC_086017.1	208575660	208575816	208575508	208575575	MELTF	XM_019024777.4	-	1	208575575	208575660	84	1
NC_086017.1	208575478	208575916	-1	1	-	NC_086017.1	208575660	208575813	208575508	208575575	MELTF	XM_063704502.1	-	1	208575575	208575660	84	1
NC_086017.1	210859344	210859890	-2	1	-	NC_086017.1	210859707	210859815	210859518	210859628	LOC115935411	XM_055381772.2	-	2	210859628	210859707	78	1
NC_086017.1	22550117	22550615	-3	1	-	NC_086017.1	22550522	22550593	22550336	22550410	TMEM40	XM_004033639.5	-	3	22550410	22550522	111	2
NC_086017.1	22628892	22629438	1	1	+	NC_086017.1	22629038	22629143	22629294	22629436	CAND2	XM_004033641.4	+	1	22629143	22629294	150	1
NC_086017.1	23164474	23164888	-1	1	-	NC_086017.1	23164742	23164846	23164541	23164642	NUP210	XM_004033649.5	-	1	23164642	23164742	99	1
NC_086017.1	23959283	23959589	-3	1	-	NC_086017.1	23959398	23959491	23959284	23959322	XPC	XM_055381068.2	-	3	23959322	23959398	75	1
NC_086017.1	30019588	30020212	-1	1	-	NC_086017.1	30019900	30020041	30019622	30019818	SGO1	XM_004033717.5	-	1	30019818	30019900	81	3
NC_086017.1	48175675	48175996	2	1	+	NC_086017.1	48175693	48175813	48175901	48175995	SLC22A13	XM_004033860.5	+	2	48175813	48175901	87	1
NC_086017.1	49036345	49036741	2	1	+	NC_086017.1	49036450	49036522	49036619	49036729	TTC21A	XM_019023579.4	+	2	49036522	49036619	96	16
NC_086017.1	49044191	49045049	3	1	+	NC_086017.1	49044639	49044759	49044928	49044995	TTC21A	XM_019023579.4	+	3	49044759	49044928	168	21
NC_086017.1	49087558	49088203	2	1	+	NC_086017.1	49087593	49087887	49087999	49088203	LOC129532507	XM_063703459.1	+	2	49087887	49087999	111	1
NC_086017.1	50386936	50387533	2	1	+	NC_086017.1	50386985	50387138	50387352	50387471	ZNF619	XM_055381335.2	+	2	50387138	50387352	213	1
NC_086017.1	52603932	52604451	-2	1	-	NC_086017.1	52604260	52604373	52603936	52604130	HHATL	XM_004033926.5	-	2	52604130	52604260	129	3
NC_086017.1	56735290	56735527	-1	1	-	NC_086017.1	56735428	56735505	56735291	56735316	MYL3	XM_004034038.5	-	1	56735316	56735428	111	2
NC_086017.1	56775252	56776092	1	1	+	NC_086017.1	56775361	56775455	56775645	56775840	PTH1R	XM_031009352.3	+	1	56775455	56775645	189	3
NC_086017.1	56779470	56779908	1	1	+	NC_086017.1	56779515	56779656	56779738	56779779	PTH1R	XM_031009352.3	+	1	56779656	56779738	81	2
NC_086017.1	56779492	56779780	2	1	+	NC_086017.1	56779519	56779656	56779738	56779779	PTH1R	XM_055382206.2	+	2	56779656	56779738	81	1
NC_086017.1	56799191	56799623	-3	1	-	NC_086017.1	56799368	56799444	56799192	56799271	CCDC12	XM_019023371.4	-	3	56799271	56799368	96	3
NC_086017.1	56863775	56864396	3	1	+	NC_086017.1	56863856	56863984	56864099	56864180	NBEAL2	XM_004034040.5	+	3	56863984	56864099	114	6
NC_086017.1	56863775	56864396	3	1	+	NC_086017.1	56864099	56864180	56864274	56864395	NBEAL2	XM_004034040.5	+	3	56864180	56864274	93	6
NC_086017.1	56883290	56883692	3	1	+	NC_086017.1	56883306	56883464	56883543	56883691	NBEAL2	XM_004034040.5	+	3	56883464	56883543	78	8
NC_086017.1	57270107	57270827	3	1	+	NC_086017.1	57270261	57270341	57270417	57270548	PTPN23	XM_019023919.4	+	3	57270341	57270417	75	8
NC_086017.1	57270107	57270827	3	1	+	NC_086017.1	57270417	57270548	57270639	57270686	PTPN23	XM_019023919.4	+	3	57270548	57270639	90	8
NC_086017.1	57273075	57273636	1	1	+	NC_086017.1	57273092	57273246	57273346	57273497	PTPN23	XM_019023919.4	+	1	57273246	57273346	99	8
NC_086017.1	57273377	57276128	3	1	+	NC_086017.1	57273584	57273763	57273857	57275603	PTPN23	XM_019023919.4	+	3	57273763	57273857	93	8
NC_086017.1	57273377	57276128	3	1	+	NC_086017.1	57273857	57275603	57275700	57275884	PTPN23	XM_019023919.4	+	3	57275603	57275700	96	8
NC_086017.1	58307684	58308029	3	1	+	NC_086017.1	58307781	58307796	58307887	58307942	TMA7	XM_004034085.5	+	3	58307796	58307887	90	1
NC_086017.1	58437367	58437601	-1	1	-	NC_086017.1	58437554	58437589	58437431	58437472	COL7A1	XM_055382335.2	-	1	58437472	58437554	81	2
NC_086017.1	58437888	58438107	-2	1	-	NC_086017.1	58438072	58438107	58437913	58437993	COL7A1	XM_055382335.2	-	2	58437993	58438072	78	3
NC_086017.1	58440111	58440747	-2	1	-	NC_086017.1	58440388	58440588	58440256	58440291	COL7A1	XM_055382335.2	-	2	58440291	58440388	96	3
NC_086017.1	58443289	58444018	-1	1	-	NC_086017.1	58443971	58444006	58443503	58443565	COL7A1	XM_055382335.2	-	1	58443565	58443971	405	3
NC_086017.1	58443289	58444018	-1	1	-	NC_086017.1	58443503	58443565	58443371	58443415	COL7A1	XM_055382335.2	-	1	58443415	58443503	87	3
NC_086017.1	58444474	58445125	-1	1	-	NC_086017.1	58444640	58444720	58444532	58444567	COL7A1	XM_055382335.2	-	1	58444567	58444640	72	3
NC_086017.1	58449938	58450523	-3	1	-	NC_086017.1	58450092	58450172	58449966	58450001	COL7A1	XM_055382335.2	-	3	58450001	58450092	90	3
NC_086017.1	58451379	58451844	-2	1	-	NC_086017.1	58451619	58451745	58451388	58451534	COL7A1	XM_055382335.2	-	2	58451534	58451619	84	3
NC_086017.1	58455084	58455672	-2	1	-	NC_086017.1	58455540	58455665	58455294	58455437	COL7A1	XM_055382335.2	-	2	58455437	58455540	102	3
NC_086017.1	58456927	58457407	-1	1	-	NC_086017.1	58457188	58457334	58456984	58457100	COL7A1	XM_055382335.2	-	1	58457100	58457188	87	3
NC_086017.1	58558103	58558586	-3	1	-	NC_086017.1	58558421	58558508	58558105	58558330	IP6K2	XM_055382424.2	-	3	58558330	58558421	90	2
NC_086017.1	58885653	58886232	-2	1	-	NC_086017.1	58886032	58886196	58885655	58885950	DALRD3	XM_004034114.5	-	2	58885950	58886032	81	5
NC_086017.1	58893932	58894232	-3	1	-	NC_086017.1	58894142	58894232	58893947	58894042	IMPDH2	XM_004034107.4	-	3	58894042	58894142	99	2
NC_086017.1	58982754	58983240	-2	1	-	NC_086017.1	58983086	58983157	58982853	58982968	USP19	XM_004034126.5	-	2	58982968	58983086	117	40
NC_086017.1	58990862	58991456	-3	1	-	NC_086017.1	58991181	58991398	58990976	58991072	LAMB2	XM_004034125.5	-	3	58991072	58991181	108	2
NC_086017.1	59286524	59287022	-3	1	-	NC_086017.1	59286831	59286976	59286542	59286722	AMT	XM_004034138.5	-	3	59286722	59286831	108	5
NC_086017.1	59542843	59543299	2	1	+	NC_086017.1	59542979	59542990	59543066	59543198	APEH	XM_019023442.4	+	2	59542990	59543066	75	2
NC_086017.1	59550263	59550548	3	1	+	NC_086017.1	59550298	59550381	59550463	59550543	APEH	XM_019023442.4	+	3	59550381	59550463	81	5
NC_086017.1	59552836	59553226	-1	1	-	NC_086017.1	59553118	59553224	59552882	59553021	MST1	XM_004034156.5	-	1	59553021	59553118	96	4
NC_086017.1	59555521	59555941	-1	1	-	NC_086017.1	59555731	59555867	59555529	59555649	MST1	XM_004034156.5	-	1	59555649	59555731	81	2
NC_086017.1	59555521	59555941	-1	1	-	NC_086017.1	59555731	59555867	59555533	59555649	MST1	XM_019023444.4	-	1	59555649	59555731	81	4
NC_086017.1	59589106	59589439	2	1	+	NC_086017.1	59589132	59589226	59589353	59589438	RNF123	XM_004034154.5	+	2	59589226	59589353	126	2
NC_086017.1	59590088	59590877	-3	1	-	NC_086017.1	59590569	59590696	59590299	59590481	GMPPB	XM_004034157.5	-	3	59590481	59590569	87	1
NC_086017.1	59590088	59590877	-3	1	-	NC_086017.1	59590299	59590481	59590089	59590217	GMPPB	XM_004034157.5	-	3	59590217	59590299	81	2
NC_086017.1	59590088	59590877	-3	1	-	NC_086017.1	59590569	59590696	59590089	59590481	GMPPB	XM_019023446.4	-	3	59590481	59590569	87	1
NC_086017.1	59708442	59709096	-2	1	-	NC_086017.1	59709007	59709096	59708495	59708583	TRAIP	XM_004034164.3	-	2	59708583	59709007	423	2
NC_086017.1	59729786	59730488	-3	1	-	NC_086017.1	59730141	59730279	59729882	59730002	CAMKV	XM_004034165.5	-	3	59730002	59730141	138	2
NC_086017.1	60136452	60136758	1	1	+	NC_086017.1	60136453	60136572	60136651	60136744	SEMA3B	XM_055382467.2	+	1	60136572	60136651	78	6
NC_086017.1	60153176	60153878	-3	1	-	NC_086017.1	60153672	60153800	60153498	60153593	IFRD2	XM_004034179.5	-	3	60153593	60153672	78	2
NC_086017.1	60153176	60153878	-3	1	-	NC_086017.1	60153672	60153800	60153177	60153593	IFRD2	XM_055382475.2	-	3	60153593	60153672	78	1
NC_086017.1	60227012	60227846	-3	1	-	NC_086017.1	60227232	60227314	60227013	60227150	CACNA2D2	XM_055382494.2	-	3	60227150	60227232	81	4
NC_086017.1	60240341	60240893	-3	1	-	NC_086017.1	60240711	60240760	60240435	60240524	CACNA2D2	XM_055382494.2	-	3	60240524	60240711	186	4
NC_086017.1	61208616	61209312	1	1	+	NC_086017.1	61208768	61208934	61209088	61209174	DOCK3	XM_031009748.3	+	1	61208934	61209088	153	6
NC_086017.1	61811591	61811945	-3	1	-	NC_086017.1	61811791	61811864	61811592	61811682	RRP9	XM_004034245.4	-	3	61811682	61811791	108	1
NC_086017.1	61866587	61867052	3	1	+	NC_086017.1	61866746	61866806	61866891	61867052	ACY1	XM_055382562.2	+	3	61866806	61866891	84	3
NC_086017.1	62231958	62232975	1	1	+	NC_086017.1	62232310	62232508	62232587	62232840	DNAH1	XM_055382574.2	+	1	62232508	62232587	78	3
NC_086017.1	62251161	62251899	1	1	+	NC_086017.1	62251168	62251308	62251450	62251610	DNAH1	XM_055382574.2	+	1	62251308	62251450	141	3
NC_086017.1	62288797	62289082	-1	1	-	NC_086017.1	62288959	62288988	62288799	62288853	BAP1	XM_019023335.4	-	1	62288853	62288959	105	4
NC_086017.1	62331097	62331454	-1	1	-	NC_086017.1	62331211	62331347	62331098	62331126	TNNC1	XM_004034283.5	-	1	62331126	62331211	84	1
NC_086017.1	62359524	62360292	1	1	+	NC_086017.1	62359525	62359638	62359960	62360071	NISCH	XM_004034285.4	+	1	62359638	62359960	321	3
NC_086017.1	62384144	62384720	3	1	+	NC_086017.1	62384193	62384330	62384457	62384597	STAB1	XM_004034284.5	+	3	62384330	62384457	126	3
NC_086017.1	62385100	62385508	2	1	+	NC_086017.1	62385122	62385235	62385335	62385388	STAB1	XM_004034284.5	+	2	62385235	62385335	99	3
NC_086017.1	62395373	62395892	3	1	+	NC_086017.1	62395422	62395617	62395735	62395830	STAB1	XM_004034284.5	+	3	62395617	62395735	117	3
NC_086017.1	62402416	62402947	2	1	+	NC_086017.1	62402433	62402542	62402630	62402749	STAB1	XM_004034284.5	+	2	62402542	62402630	87	3
NC_086017.1	62407212	62407563	-2	1	-	NC_086017.1	62407398	62407458	62407214	62407316	NT5DC2	XM_004034287.5	-	2	62407316	62407398	81	4
NC_086017.1	62570022	62570517	1	1	+	NC_086017.1	62570097	62570233	62570321	62570496	GNL3	XM_004034288.4	+	1	62570233	62570321	87	2
NC_086017.1	62702419	62703223	-1	1	-	NC_086017.1	62702743	62702911	62702536	62702661	ITIH4	XM_055382657.2	-	1	62702661	62702743	81	2
NC_086017.1	63112448	63113147	-3	1	-	NC_086017.1	63112815	63112898	63112595	63112688	TKT	XM_019023426.2	-	3	63112688	63112815	126	1
NC_086017.1	68012064	68012742	1	1	+	NC_086017.1	68012105	68012257	68012360	68012482	FLNB	XM_004034366.4	+	1	68012257	68012360	102	5
NC_086017.1	72224974	72225592	-1	1	-	NC_086017.1	72225458	72225592	72225142	72225274	FEZF2	XM_031009465.3	-	1	72225274	72225458	183	1
NC_086017.1	84203338	84203794	-1	1	-	NC_086017.1	84203590	84203748	84203341	84203490	CNTN3	XM_004035905.5	-	1	84203490	84203590	99	9
NC_086017.1	85553414	85554872	-3	1	-	NC_086017.1	85554060	85554680	85553835	85553894	LOC101128508	XM_063703463.1	-	3	85553894	85554060	165	1
NC_086017.1	85553414	85554872	-3	1	-	NC_086017.1	85553835	85553894	85553415	85553678	LOC101128508	XM_063703463.1	-	3	85553678	85553835	156	1
NC_086017.1	9151869	9152169	-2	1	-	NC_086017.1	9152085	9152142	9151870	9151991	LOC129532709	XM_063703552.1	-	2	9151991	9152085	93	1
NC_086017.1	98136741	98137857	-2	1	-	NC_086017.1	98137415	98137647	98136742	98136823	LOC101142721	XM_004035927.5	-	2	98136823	98137415	591	1
NC_086018.1	15814897	15815368	-3	1	-	NC_086018.1	15815161	15815234	15814898	15815079	MICAL3	XM_031005636.2	-	3	15815079	15815161	81	28
NC_086018.1	16579198	16580116	-3	1	-	NC_086018.1	16579735	16579993	16579373	16579626	GSC2	XM_055374934.2	-	3	16579626	16579735	108	1
NC_086018.1	17583256	17584225	-3	1	-	NC_086018.1	17583976	17584189	17583682	17583789	CCDC188	XM_019018670.4	-	3	17583789	17583976	186	2
NC_086018.1	17583256	17584225	-3	1	-	NC_086018.1	17583976	17584189	17583494	17583789	CCDC188	XM_063704885.1	-	3	17583789	17583976	186	1
NC_086018.1	17749196	17749763	3	1	+	NC_086018.1	17749415	17749503	17749579	17749763	LOC115931957	XM_055375390.2	+	3	17749503	17749579	75	1
NC_086018.1	17751178	17752321	-3	1	-	NC_086018.1	17751905	17752045	17751179	17751325	DGCR6L	XM_055374999.2	-	3	17751325	17751905	579	1
NC_086018.1	17831075	17840048	3	1	+	NC_086018.1	17831092	17835269	17835300	17840048	LOC129529660	XM_063705037.1	+	3	17835269	17835300	30	1
NC_086018.1	17908592	17909456	-2	1	-	NC_086018.1	17909321	17909422	17908594	17909113	SCARF2	XM_031005492.3	-	2	17909113	17909321	207	1
NC_086018.1	18521606	18522182	3	1	+	NC_086018.1	18521610	18521681	18521775	18521838	AIFM3	XM_019018091.4	+	3	18521681	18521775	93	3
NC_086018.1	18522294	18522828	1	1	+	NC_086018.1	18522443	18522519	18522631	18522748	AIFM3	XM_019018091.4	+	1	18522519	18522631	111	3
NC_086018.1	18540349	18541165	2	1	+	NC_086018.1	18540534	18540660	18540751	18540900	LZTR1	XM_004063072.5	+	2	18540660	18540751	90	5
NC_086018.1	18567701	18568601	3	1	+	NC_086018.1	18567983	18568135	18568217	18568326	P2RX6	XM_055375032.2	+	3	18568135	18568217	81	1
NC_086018.1	18573757	18574207	-3	1	-	NC_086018.1	18574036	18574144	18573758	18573930	SLC7A4	XM_055375026.2	-	3	18573930	18574036	105	1
NC_086018.1	18826229	18826733	-2	1	-	NC_086018.1	18826490	18826585	18826230	18826405	LOC129529591	XM_063704920.1	-	2	18826405	18826490	84	1
NC_086018.1	18919303	18919870	-3	1	-	NC_086018.1	18919564	18919765	18919304	18919488	LOC115931911	XM_031005354.3	-	3	18919488	18919564	75	1
NC_086018.1	19043788	19044175	-3	1	-	NC_086018.1	19043978	19044050	19043790	19043830	TMEM191C	XM_031006546.3	-	3	19043830	19043978	147	4
NC_086018.1	19543058	19543691	-2	1	-	NC_086018.1	19543473	19543627	19543235	19543340	TOP3B	XM_019018673.4	-	2	19543340	19543473	132	4
NC_086018.1	19853687	19854188	3	1	+	NC_086018.1	19853727	19853915	19854000	19854139	LOC101148457	XM_063704705.1	+	3	19853915	19854000	84	1
NC_086018.1	20295859	20296606	2	1	+	NC_086018.1	20296010	20296055	20296209	20296534	LOC134758193	unassigned_transcript_988	+	2	20296055	20296209	153	1
NC_086018.1	21369273	21370413	1	1	+	NC_086018.1	21369734	21369921	21370033	21370143	SLC2A11	XM_004063158.5	+	1	21369921	21370033	111	19
NC_086018.1	21381742	21382375	2	1	+	NC_086018.1	21382022	21382194	21382312	21382375	MIF	XM_031005621.3	+	2	21382194	21382312	117	1
NC_086018.1	21724875	21725634	1	1	+	NC_086018.1	21724988	21725260	21725390	21725566	SUSD2	XM_004063171.5	+	1	21725260	21725390	129	1
NC_086018.1	27263440	27263911	2	1	+	NC_086018.1	27263616	27263666	27263751	27263840	EMID1	XM_019018176.4	+	2	27263666	27263751	84	4
NC_086018.1	27266183	27266573	3	1	+	NC_086018.1	27266298	27266360	27266466	27266510	EMID1	XM_019018176.4	+	3	27266360	27266466	105	3
NC_086018.1	27360401	27360980	-2	1	-	NC_086018.1	27360830	27360916	27360402	27360739	AP1B1	XM_031005443.3	-	2	27360739	27360830	90	3
NC_086018.1	27360401	27360980	-2	1	-	NC_086018.1	27360830	27360916	27360585	27360739	AP1B1	XM_031005446.2	-	2	27360739	27360830	90	2
NC_086018.1	28516573	28516930	-3	1	-	NC_086018.1	28516790	28516896	28516575	28516714	SEC14L4	XM_019017931.4	-	3	28516714	28516790	75	4
NC_086018.1	28549515	28550214	-1	1	-	NC_086018.1	28549866	28550035	28549516	28549625	SEC14L6	XM_019018571.4	-	1	28549625	28549866	240	2
NC_086018.1	28550125	28550482	-3	1	-	NC_086018.1	28550342	28550448	28550127	28550266	SEC14L6	XM_019018571.4	-	3	28550266	28550342	75	3
NC_086018.1	28603217	28603838	-2	1	-	NC_086018.1	28603635	28603801	28603335	28603496	PES1	XM_004063301.5	-	2	28603496	28603635	138	1
NC_086018.1	28908675	28909368	1	1	+	NC_086018.1	28908789	28908843	28909099	28909245	OSBP2	XM_004063306.5	+	1	28908843	28909099	255	8
NC_086018.1	28908675	28909368	1	1	+	NC_086018.1	28908789	28908843	28909129	28909245	OSBP2	XM_055374217.2	+	1	28908843	28909129	285	1
NC_086018.1	29149105	29149483	2	1	+	NC_086018.1	29149142	29149219	29149346	29149450	INPP5J	XM_004063319.5	+	2	29149219	29149346	126	2
NC_086018.1	29153432	29154266	-2	1	-	NC_086018.1	29154013	29154147	29153447	29153730	PLA2G3	XM_004063323.2	-	2	29153730	29154013	282	2
NC_086018.1	29629058	29629577	3	1	+	NC_086018.1	29629277	29629388	29629476	29629577	SFI1	XM_019018316.4	+	3	29629388	29629476	87	30
NC_086018.1	29629058	29629577	3	1	+	NC_086018.1	29629277	29629367	29629476	29629577	SFI1	XM_055374258.2	+	3	29629367	29629476	108	6
NC_086018.1	29631899	29632790	-2	1	-	NC_086018.1	29632487	29632625	29632160	29632306	PISD	XM_019018325.3	-	2	29632306	29632487	180	16
NC_086018.1	29918096	29918630	3	1	+	NC_086018.1	29918120	29918202	29918341	29918630	DEPDC5	XM_019018723.4	+	3	29918202	29918341	138	15
NC_086018.1	33407192	33408005	3	1	+	NC_086018.1	33407301	33407541	33407764	33407938	MCM5	XM_019018516.3	+	3	33407541	33407764	222	2
NC_086018.1	35494940	35495651	-2	1	-	NC_086018.1	35495375	35495533	35495166	35495281	CARD10	XM_055374577.2	-	2	35495281	35495375	93	1
NC_086018.1	35626181	35626727	3	1	+	NC_086018.1	35626344	35626484	35626569	35626650	GGA1	XM_019018231.3	+	3	35626484	35626569	84	6
NC_086018.1	36761082	36761682	-1	1	-	NC_086018.1	36761403	36761566	36761091	36761228	SUN2	XM_019020483.4	-	1	36761228	36761403	174	3
NC_086018.1	38410842	38411811	1	1	+	NC_086018.1	38410966	38411020	38411150	38411277	SGSM3	XM_019018451.4	+	1	38411020	38411150	129	11
NC_086018.1	38410842	38411811	1	1	+	NC_086018.1	38411150	38411277	38411362	38411517	SGSM3	XM_019018451.4	+	1	38411277	38411362	84	11
NC_086018.1	3875848	3876688	-3	1	-	NC_086018.1	3876602	3876666	3875927	3876034	LOC129529648	XM_055375385.1	-	3	3876034	3876602	567	1
NC_086018.1	39799857	39800361	1	1	+	NC_086018.1	39799906	39800037	39800230	39800342	MEI1	XM_031005662.2	+	1	39800037	39800230	192	1
NC_086018.1	40133243	40134098	3	1	+	NC_086018.1	40133379	40133421	40133734	40134098	LOC129529528	XM_055374769.2	+	3	40133421	40133734	312	6
NC_086018.1	40147315	40148170	2	1	+	NC_086018.1	40147451	40147493	40147806	40148170	LOC101136027	XM_031005566.3	+	2	40147493	40147806	312	1
NC_086018.1	41887321	41887921	-3	1	-	NC_086018.1	41887803	41887921	41887337	41887523	PNPLA5	XM_031005305.3	-	3	41887523	41887803	279	1
NC_086018.1	44403389	44404340	-2	1	-	NC_086018.1	44404127	44404310	44403680	44403781	CELSR1	XM_055374359.2	-	2	44403781	44404127	345	2
NC_086018.1	48298853	48299702	-2	1	-	NC_086018.1	48299080	48299184	48298855	48298923	HDAC10	XM_004063681.5	-	2	48298923	48299080	156	17
NC_086018.1	48304852	48305266	-3	1	-	NC_086018.1	48305039	48305118	48304864	48304942	MAPK12	XM_031007337.3	-	3	48304942	48305039	96	2
NC_086018.1	48316295	48316646	-2	1	-	NC_086018.1	48316521	48316568	48316328	48316442	MAPK11	XM_031007338.3	-	2	48316442	48316521	78	2
NC_086018.1	48316632	48316887	-1	1	-	NC_086018.1	48316765	48316876	48316651	48316680	MAPK11	XM_031007338.3	-	1	48316680	48316765	84	2
NC_086018.1	48333001	48333949	-3	1	-	NC_086018.1	48333380	48333509	48333050	48333277	PLXNB2	XM_031007331.2	-	3	48333277	48333380	102	14
NC_086018.1	48334219	48334840	-3	1	-	NC_086018.1	48334580	48334688	48334293	48334429	PLXNB2	XM_031007331.2	-	3	48334429	48334580	150	14
NC_086018.1	48339476	48341558	-2	1	-	NC_086018.1	48340428	48341495	48339828	48340010	PLXNB2	XM_031007331.2	-	2	48340010	48340428	417	14
NC_086018.1	48369681	48370467	-1	1	-	NC_086018.1	48369832	48370188	48369714	48369756	DENND6B	XM_019018335.4	-	1	48369756	48369832	75	4
NC_086018.1	48369681	48370467	-1	1	-	NC_086018.1	48369832	48369870	48369714	48369756	DENND6B	XM_031007340.3	-	1	48369756	48369832	75	4
NC_086018.1	48369681	48370467	-1	1	-	NC_086018.1	48369832	48369975	48369714	48369756	DENND6B	XM_055374441.2	-	1	48369756	48369832	75	1
NC_086018.1	48514423	48514927	-3	1	-	NC_086018.1	48514728	48514906	48514465	48514601	SBF1	XM_004063688.4	-	3	48514601	48514728	126	9
NC_086018.1	48516404	48516974	-2	1	-	NC_086018.1	48516753	48516911	48516406	48516674	SBF1	XM_004063688.4	-	2	48516674	48516753	78	9
NC_086018.1	48520053	48520647	-1	1	-	NC_086018.1	48520315	48520423	48520126	48520239	SBF1	XM_004063688.4	-	1	48520239	48520315	75	9
NC_086018.1	48520931	48521714	-2	1	-	NC_086018.1	48521502	48521612	48521142	48521165	SBF1	XM_031007345.2	-	2	48521165	48521502	336	4
NC_086018.1	48577725	48578031	1	1	+	NC_086018.1	48577742	48577795	48577937	48578007	NCAPH2	XM_055374452.2	+	1	48577795	48577937	141	2
NC_086018.1	48586411	48586948	-3	1	-	NC_086018.1	48586699	48586820	48586474	48586614	CIMAP1B	XM_055374480.2	-	3	48586614	48586699	84	1
NC_086018.1	48586422	48587103	-1	1	-	NC_086018.1	48586953	48587057	48586699	48586820	CIMAP1B	XM_055374479.2	-	1	48586820	48586953	132	2
NC_086018.1	48586422	48587103	-1	1	-	NC_086018.1	48586699	48586820	48586474	48586614	CIMAP1B	XM_055374479.2	-	1	48586614	48586699	84	2
NC_086018.1	48623391	48624024	-1	1	-	NC_086018.1	48623833	48623967	48623566	48623718	CPT1B	XM_004063704.5	-	1	48623718	48623833	114	3
NC_086018.1	48677328	48677874	-1	1	-	NC_086018.1	48677760	48677862	48677329	48677645	ARSA	XM_031005545.3	-	1	48677645	48677760	114	3
NC_086018.1	48677328	48677874	-1	1	-	NC_086018.1	48677760	48677862	48677544	48677645	ARSA	XM_031005548.3	-	1	48677645	48677760	114	3
NC_086018.1	48789893	48790799	3	1	+	NC_086018.1	48789917	48790120	48790340	48790623	ACR	XM_004063712.5	+	3	48790120	48790340	219	1
