chr	start	end	frame	filler	frame	chr	exon_1_start	exon_1_end	exon_2_start	exon_2_end	gene	transcript	exon_strand	exon_frame	intron_start	intron_end	intron_length	merged_txs
NC_060925.1	1059696	1060245	1	1	+	NC_060925.1	1059791	1059933	1060063	1060158	MIB2	NM_001170686.4	+	1	1059933	1060063	129	4
NC_060925.1	1059696	1060245	1	1	+	NC_060925.1	1059791	1059933	1060051	1060158	MIB2	NM_001170687.4	+	1	1059933	1060051	117	21
NC_060925.1	1063725	1064214	1	1	+	NC_060925.1	1063890	1064071	1064144	1064209	MIB2	NM_001170686.4	+	1	1064071	1064144	72	28
NC_060925.1	1066611	1068417	1	1	+	NC_060925.1	1066723	1066878	1067287	1067417	MMP23B	NM_006983.2	+	1	1066878	1067287	408	3
NC_060925.1	1068350	1068830	3	1	+	NC_060925.1	1068493	1068603	1068706	1068829	MMP23B	XM_054339291.1	+	3	1068603	1068706	102	1
NC_060925.1	1068350	1068830	3	1	+	NC_060925.1	1068493	1068603	1068706	1068830	MMP23B	XM_054339292.1	+	3	1068603	1068706	102	1
NC_060925.1	109302947	109303934	3	1	+	NC_060925.1	109303236	109303410	109303723	109303835	CELSR2	NM_001408.3	+	3	109303410	109303723	312	1
NC_060925.1	109304077	109304548	2	1	+	NC_060925.1	109304182	109304308	109304396	109304518	CELSR2	NM_001408.3	+	2	109304308	109304396	87	1
NC_060925.1	109305609	109306467	1	1	+	NC_060925.1	109305629	109305823	109305962	109306132	CELSR2	NM_001408.3	+	1	109305823	109305962	138	1
NC_060925.1	109305609	109306467	1	1	+	NC_060925.1	109305962	109306132	109306232	109306466	CELSR2	NM_001408.3	+	1	109306132	109306232	99	1
NC_060925.1	109662545	109663664	3	1	+	NC_060925.1	109662954	109663127	109663404	109663514	AMPD2	NM_001257361.2	+	3	109663127	109663404	276	5
NC_060925.1	109687129	109687717	2	1	+	NC_060925.1	109687259	109687354	109687445	109687555	GSTM4	NM_000850.5	+	2	109687354	109687445	90	4
NC_060925.1	109696528	109697080	2	1	+	NC_060925.1	109696562	109696597	109696871	109696946	GSTM2	XM_047443675.1	+	2	109696597	109696871	273	1
NC_060925.1	109699637	109700129	3	1	+	NC_060925.1	109699779	109699874	109699965	109700075	GSTM2	XM_047443675.1	+	3	109699874	109699965	90	1
NC_060925.1	11224363	11224858	-3	1	-	NC_060925.1	11224618	11224657	11224409	11224527	MAD2L2	NM_001127325.2	-	3	11224527	11224618	90	3
NC_060925.1	112710818	112711247	3	1	+	NC_060925.1	112710864	112711055	112711215	112711247	MOV10	XM_054336675.1	+	3	112711055	112711215	159	1
NC_060925.1	112723007	112723439	-2	1	-	NC_060925.1	112723293	112723400	112723009	112723160	PPM1J	NM_005167.7	-	2	112723160	112723293	132	1
NC_060925.1	1188675	1189128	-1	1	-	NC_060925.1	1188943	1189097	1188705	1188804	NADK	NM_001198993.2	-	1	1188804	1188943	138	11
NC_060925.1	1352306	1353089	-2	1	-	NC_060925.1	1352675	1352853	1352307	1352584	TMEM52	NM_178545.4	-	2	1352584	1352675	90	3
NC_060925.1	1353465	1353777	-1	1	-	NC_060925.1	1353601	1353678	1353467	1353516	TMEM52	NM_178545.4	-	1	1353516	1353601	84	1
NC_060925.1	1353465	1353777	-1	1	-	NC_060925.1	1353604	1353678	1353467	1353510	TMEM52	XM_054336258.1	-	1	1353510	1353604	93	2
NC_060925.1	1361052	1361556	-1	1	-	NC_060925.1	1361411	1361545	1361169	1361278	CFAP74	NM_001304360.2	-	1	1361278	1361411	132	1
NC_060925.1	144962290	144963262	2	1	+	NC_060925.1	144962444	144962635	144962816	144962999	NUDT17	NM_001012758.3	+	2	144962635	144962816	180	3
NC_060925.1	144966908	144967508	-2	1	-	NC_060925.1	144967256	144967389	144967035	144967072	PIAS3	NM_006099.3	-	2	144967072	144967256	183	1
NC_060925.1	149048027	149048594	-2	1	-	NC_060925.1	149048324	149048497	149048028	149048212	SF3B4	NM_005850.5	-	2	149048212	149048324	111	2
NC_060925.1	149391778	149392429	-3	1	-	NC_060925.1	149392273	149392395	149391992	149392119	APH1A	NM_001077628.3	-	3	149392119	149392273	153	5
NC_060925.1	149634634	149635138	2	1	+	NC_060925.1	149634675	149634842	149634942	149635022	ECM1	NM_001202858.2	+	2	149634842	149634942	99	1
NC_060925.1	149634634	149635138	2	1	+	NC_060925.1	149634762	149634842	149634942	149635022	ECM1	NM_004425.4	+	2	149634842	149634942	99	2
NC_060925.1	149680645	149681488	2	1	+	NC_060925.1	149680653	149680825	149680973	149681010	ADAMTSL4	NM_001288607.2	+	2	149680825	149680973	147	1
NC_060925.1	149680645	149681488	2	1	+	NC_060925.1	149680973	149681010	149681296	149681369	ADAMTSL4	NM_001288607.2	+	2	149681010	149681296	285	1
NC_060925.1	149680645	149681488	2	1	+	NC_060925.1	149680653	149680825	149680973	149681084	ADAMTSL4	NM_001288608.2	+	2	149680825	149680973	147	19
NC_060925.1	149680645	149681488	2	1	+	NC_060925.1	149680973	149681084	149681184	149681369	ADAMTSL4	NM_001288608.2	+	2	149681084	149681184	99	19
NC_060925.1	150551518	150552187	-3	1	-	NC_060925.1	150551830	150552120	150551530	150551721	POGZ	NM_001194937.2	-	3	150551721	150551830	108	6
NC_060925.1	150551518	150552187	-3	1	-	NC_060925.1	150551830	150552120	150551530	150551748	POGZ	NM_001410860.1	-	3	150551748	150551830	81	10
NC_060925.1	150659302	150659602	2	1	+	NC_060925.1	150659303	150659386	150659483	150659601	CGN	NM_020770.3	+	2	150659386	150659483	96	2
NC_060925.1	150829154	150829826	-2	1	-	NC_060925.1	150829610	150829747	150829208	150829351	CELF3	NM_001172648.4	-	2	150829351	150829610	258	4
NC_060925.1	150829154	150829826	-2	1	-	NC_060925.1	150829610	150829744	150829208	150829351	CELF3	NM_001291106.2	-	2	150829351	150829610	258	1
NC_060925.1	151336645	151357084	-3	1	-	NC_060925.1	151353199	151356961	151349671	151351080	LOC124905679	NM_001422216.1	-	3	151351080	151353199	2118	1
NC_060925.1	151336645	151357084	-3	1	-	NC_060925.1	151349671	151351080	151346143	151347552	LOC124905679	NM_001422216.1	-	3	151347552	151349671	2118	1
NC_060925.1	151336645	151357084	-3	1	-	NC_060925.1	151346143	151347552	151336646	151345434	LOC124905679	NM_001422216.1	-	3	151345434	151346143	708	1
NC_060925.1	15182809	15183610	2	1	+	NC_060925.1	15182831	15182983	15183332	15183466	SLC25A34	NM_207348.3	+	2	15182983	15183332	348	3
NC_060925.1	152826444	152826852	1	1	+	NC_060925.1	152826453	152826576	152826718	152826786	NPR1	NM_000906.4	+	1	152826576	152826718	141	2
NC_060925.1	152909582	152909966	3	1	+	NC_060925.1	152909594	152909694	152909893	152909965	INTS3	NM_001324475.2	+	3	152909694	152909893	198	2
NC_060925.1	152910080	152910521	3	1	+	NC_060925.1	152910179	152910335	152910447	152910521	INTS3	NM_001324475.2	+	3	152910335	152910447	111	2
NC_060925.1	153067986	153068352	-1	1	-	NC_060925.1	153068284	153068325	153067987	153068118	DENND4B	XM_054339920.1	-	1	153068118	153068284	165	1
NC_060925.1	15383251	15383749	-3	1	-	NC_060925.1	15383611	15383700	15383252	15383532	ZBTB17	NM_001242884.2	-	3	15383532	15383611	78	5
NC_060925.1	15383251	15383749	-3	1	-	NC_060925.1	15383611	15383721	15383252	15383532	ZBTB17	NM_001287603.2	-	3	15383532	15383611	78	5
NC_060925.1	15385234	15386212	-3	1	-	NC_060925.1	15385977	15386119	15385580	15385880	ZBTB17	NM_001242884.2	-	3	15385880	15385977	96	10
NC_060925.1	154086609	154087272	-1	1	-	NC_060925.1	154087003	154087073	154086778	154086909	PBXIP1	NM_001317734.2	-	1	154086909	154087003	93	3
NC_060925.1	154105208	154105970	-2	1	-	NC_060925.1	154105680	154105878	154105523	154105592	SHC1	NM_001130040.2	-	2	154105592	154105680	87	32
NC_060925.1	154105208	154105970	-2	1	-	NC_060925.1	154105523	154105592	154105307	154105441	SHC1	NM_001130040.2	-	2	154105441	154105523	81	19
NC_060925.1	154105208	154105970	-2	1	-	NC_060925.1	154105523	154105592	154105307	154105438	SHC1	NM_001130041.2	-	2	154105438	154105523	84	23
NC_060925.1	154105208	154105970	-2	1	-	NC_060925.1	154105680	154105905	154105523	154105592	SHC1	XM_054338218.1	-	2	154105592	154105680	87	10
NC_060925.1	154170539	154171199	-2	1	-	NC_060925.1	154170950	154171147	154170545	154170610	DCST2	NM_144622.3	-	2	154170610	154170950	339	2
NC_060925.1	154170539	154171199	-2	1	-	NC_060925.1	154170950	154171028	154170545	154170610	DCST2	XM_054334346.1	-	2	154170610	154170950	339	2
NC_060925.1	154185218	154185641	3	1	+	NC_060925.1	154185269	154185368	154185501	154185596	DCST1	NM_001143687.2	+	3	154185368	154185501	132	2
NC_060925.1	154191914	154192163	3	1	+	NC_060925.1	154191916	154191944	154192056	154192162	ADAM15	NM_001261466.2	+	3	154191944	154192056	111	1
NC_060925.1	154200096	154200900	1	1	+	NC_060925.1	154200150	154200219	154200802	154200876	ADAM15	NM_207194.3	+	1	154200219	154200802	582	2
NC_060925.1	154200096	154200900	1	1	+	NC_060925.1	154200150	154200219	154200805	154200876	ADAM15	NM_207196.3	+	1	154200219	154200805	585	1
NC_060925.1	154225461	154225914	1	1	+	NC_060925.1	154225502	154225579	154225787	154225914	EFNA4-EFNA3	NM_001407761.1	+	1	154225579	154225787	207	1
NC_060925.1	154225461	154225914	1	1	+	NC_060925.1	154225502	154225579	154225787	154225914	EFNA3	NM_004952.5	+	1	154225579	154225787	207	1
NC_060925.1	154343364	154344018	-1	1	-	NC_060925.1	154343623	154343879	154343418	154343520	THBS3	NM_001252607.2	-	1	154343520	154343623	102	23
NC_060925.1	154343364	154344018	-1	1	-	NC_060925.1	154343623	154343628	154343418	154343520	THBS3	NM_001407559.1	-	1	154343520	154343623	102	1
NC_060925.1	154350368	154351157	3	1	+	NC_060925.1	154350690	154350782	154350948	154351130	MTX1	NM_002455.5	+	3	154350782	154350948	165	1
NC_060925.1	154433835	154434381	-1	1	-	NC_060925.1	154434223	154434314	154433995	154434126	PKLR	NM_000298.6	-	1	154434126	154434223	96	7
NC_060925.1	154458069	154458531	1	1	+	NC_060925.1	154458151	154458228	154458334	154458468	FDPS	NM_001135821.2	+	1	154458228	154458334	105	7
NC_060925.1	154750506	154750893	1	1	+	NC_060925.1	154750548	154750665	154750747	154750881	MSTO1	NM_001256532.1	+	1	154750665	154750747	81	32
NC_060925.1	154750506	154750893	1	1	+	NC_060925.1	154750531	154750665	154750747	154750881	MSTO1	NM_001350784.1	+	1	154750665	154750747	81	4
NC_060925.1	154751957	154752353	3	1	+	NC_060925.1	154751990	154752131	154752222	154752331	MSTO1	NM_001350773.1	+	3	154752131	154752222	90	5
NC_060925.1	154751957	154752353	3	1	+	NC_060925.1	154751990	154752131	154752222	154752298	MSTO1	XM_054337361.1	+	3	154752131	154752222	90	2
NC_060925.1	155381171	155381537	3	1	+	NC_060925.1	155381219	155381288	155381490	155381537	PMF1-BGLAP	NM_001199661.1	+	3	155381288	155381490	201	2
NC_060925.1	155516563	155517028	2	1	+	NC_060925.1	155516599	155516749	155516861	155517008	RHBG	NM_001412175.1	+	2	155516749	155516861	111	3
NC_060925.1	155686899	155687406	-1	1	-	NC_060925.1	155687169	155687336	155686936	155687075	IQGAP3	NM_178229.5	-	1	155687075	155687169	93	7
NC_060925.1	155686899	155687406	-1	1	-	NC_060925.1	155687169	155687336	155686936	155687072	IQGAP3	XM_054334422.1	-	1	155687072	155687169	96	3
NC_060925.1	155699899	155700220	-3	1	-	NC_060925.1	155700112	155700179	155699908	155700021	IQGAP3	NM_178229.5	-	3	155700021	155700112	90	8
NC_060925.1	155721069	155721513	1	1	+	NC_060925.1	155721245	155721342	155721493	155721513	TTC24	XM_054334791.1	+	1	155721342	155721493	150	1
NC_060925.1	156060944	156061565	3	1	+	NC_060925.1	156061270	156061398	156061489	156061564	LRRC71	NM_144702.3	+	3	156061398	156061489	90	11
NC_060925.1	156235996	156236665	-3	1	-	NC_060925.1	156236323	156236380	156235998	156236235	ETV3L	NM_001004341.2	-	3	156236235	156236323	87	1
NC_060925.1	156934826	156935030	-2	1	-	NC_060925.1	156935001	156935008	156934828	156934889	FCRL1	XM_054334146.1	-	2	156934889	156935001	111	2
NC_060925.1	159886870	159887563	2	1	+	NC_060925.1	159886908	159887180	159887391	159887510	SLAMF7	NM_001282590.2	+	2	159887180	159887391	210	4
NC_060925.1	159886870	159887563	2	1	+	NC_060925.1	159886908	159887219	159887391	159887510	SLAMF7	NM_001282594.2	+	2	159887219	159887391	171	4
NC_060925.1	159886870	159887563	2	1	+	NC_060925.1	159886934	159887180	159887391	159887510	SLAMF7	NM_001282595.1	+	2	159887180	159887391	210	1
NC_060925.1	167175951	167176404	-1	1	-	NC_060925.1	167176137	167176341	167175962	167176058	ADCY10	NM_001167749.3	-	1	167176058	167176137	78	8
NC_060925.1	16799868	16800717	-1	1	-	NC_060925.1	16800550	16800710	16800310	16800426	ATP13A2	NM_001141973.3	-	1	16800426	16800550	123	34
NC_060925.1	16810590	16810980	-1	1	-	NC_060925.1	16810822	16810956	16810668	16810734	ATP13A2	NM_001141973.3	-	1	16810734	16810822	87	28
NC_060925.1	16810590	16810980	-1	1	-	NC_060925.1	16810822	16810929	16810668	16810734	ATP13A2	XM_054335634.1	-	1	16810734	16810822	87	15
NC_060925.1	17041128	17042067	1	1	+	NC_060925.1	17041458	17041581	17041945	17042052	PADI1	NM_013358.3	+	1	17041581	17041945	363	7
NC_060925.1	17049931	17050231	2	1	+	NC_060925.1	17049997	17050090	17050226	17050231	PADI1	XM_054336197.1	+	2	17050090	17050226	135	1
NC_060925.1	1716809	1718090	3	1	+	NC_060925.1	1717597	1717769	1717986	1718071	LOC124905687	XM_047443629.1	+	3	1717769	1717986	216	1
NC_060925.1	1717977	1718385	1	1	+	NC_060925.1	1717986	1718071	1718138	1718385	LOC124905687	XM_047443632.1	+	1	1718071	1718138	66	1
NC_060925.1	182599205	182599733	3	1	+	NC_060925.1	182599377	182599535	182599629	182599728	LAMC2	NM_005562.3	+	3	182599535	182599629	93	9
NC_060925.1	182599205	182599733	3	1	+	NC_060925.1	182599377	182599535	182599629	182599733	LAMC2	NM_018891.3	+	3	182599535	182599629	93	1
NC_060925.1	19109345	19109942	-2	1	-	NC_060925.1	19109712	19109899	19109415	19109519	AKR7A3	NM_012067.3	-	2	19109519	19109712	192	3
NC_060925.1	19131623	19132223	-2	1	-	NC_060925.1	19131990	19132177	19131693	19131797	AKR7A2	NM_003689.4	-	2	19131797	19131990	192	2
NC_060925.1	1939375	1940428	2	1	+	NC_060925.1	1939623	1939747	1939853	1939937	PLCH2	NM_001303012.2	+	2	1939747	1939853	105	12
NC_060925.1	1939375	1940428	2	1	+	NC_060925.1	1939853	1939937	1940193	1940339	PLCH2	NM_001303012.2	+	2	1939937	1940193	255	12
NC_060925.1	200262186	200262672	-1	1	-	NC_060925.1	200262487	200262636	200262250	200262384	KIF21B	NM_001252100.2	-	1	200262384	200262487	102	5
NC_060925.1	204328640	204329195	3	1	+	NC_060925.1	204328678	204328828	204328979	204329106	CNTN2	NM_001346083.2	+	3	204328828	204328979	150	6
NC_060925.1	2047089	2048094	-1	1	-	NC_060925.1	2047885	2048003	2047195	2047260	MMEL1	NM_033467.4	-	1	2047260	2047885	624	1
NC_060925.1	20481625	20482075	-3	1	-	NC_060925.1	20481863	20481966	20481627	20481721	DDOST	NM_005216.5	-	3	20481721	20481863	141	1
NC_060925.1	206733785	206734214	3	1	+	NC_060925.1	206733841	206734029	206734114	206734213	CR2	NM_001006658.3	+	3	206734029	206734114	84	2
NC_060925.1	208870191	208870791	-1	1	-	NC_060925.1	208870608	208870768	208870273	208870493	LAMB3	NM_000228.3	-	1	208870493	208870608	114	7
NC_060925.1	209022098	209022353	3	1	+	NC_060925.1	209022117	209022257	209022342	209022353	TRAF3IP3	XM_054338879.1	+	3	209022257	209022342	84	1
NC_060925.1	21116954	21117785	-2	1	-	NC_060925.1	21117417	21117467	21117123	21117209	ECE1	NM_001397.3	-	2	21117209	21117417	207	1
NC_060925.1	21651730	21652408	-3	1	-	NC_060925.1	21652063	21652234	21651838	21651960	HSPG2	NM_001291860.2	-	3	21651960	21652063	102	9
NC_060925.1	21654881	21655487	-2	1	-	NC_060925.1	21655271	21655370	21655023	21655132	HSPG2	NM_001291860.2	-	2	21655132	21655271	138	9
NC_060925.1	21657230	21657761	-2	1	-	NC_060925.1	21657624	21657733	21657275	21657422	HSPG2	NM_001291860.2	-	2	21657422	21657624	201	9
NC_060925.1	21671403	21672009	-1	1	-	NC_060925.1	21671763	21671898	21671494	21671645	HSPG2	NM_001291860.2	-	1	21671645	21671763	117	9
NC_060925.1	21683558	21684068	-2	1	-	NC_060925.1	21683975	21684033	21683633	21683800	HSPG2	NM_001291860.2	-	2	21683800	21683975	174	9
NC_060925.1	21708683	21709334	-2	1	-	NC_060925.1	21709130	21709261	21708823	21708967	HSPG2	NM_001291860.2	-	2	21708967	21709130	162	9
NC_060925.1	22425597	22426125	1	1	+	NC_060925.1	22425673	22425822	22425910	22426100	EPHA8	NM_020526.5	+	1	22425822	22425910	87	6
NC_060925.1	226921328	226922135	-2	1	-	NC_060925.1	226921863	226921961	226921329	226921610	JMJD4	NM_001161465.2	-	2	226921610	226921863	252	1
NC_060925.1	226921328	226922135	-2	1	-	NC_060925.1	226921815	226921961	226921329	226921610	JMJD4	NM_023007.3	-	2	226921610	226921815	204	1
NC_060925.1	227004602	227005169	3	1	+	NC_060925.1	227004633	227004780	227005006	227005168	PRSS38	NM_001374657.2	+	3	227004780	227005006	225	3
NC_060925.1	227291883	227292285	-1	1	-	NC_060925.1	227292120	227292213	227291885	227292035	C1orf35	NM_024319.4	-	1	227292035	227292120	84	1
NC_060925.1	227404274	227405543	3	1	+	NC_060925.1	227404354	227404620	227405212	227405493	OBSCN	NM_001098623.2	+	3	227404620	227405212	591	4
NC_060925.1	227462533	227463250	2	1	+	NC_060925.1	227462571	227462849	227462979	227463245	OBSCN	NM_001098623.2	+	2	227462849	227462979	129	4
NC_060925.1	227466118	227466913	2	1	+	NC_060925.1	227466306	227466467	227466555	227466659	OBSCN	NM_001271223.3	+	2	227466467	227466555	87	2
NC_060925.1	227468777	227469764	3	1	+	NC_060925.1	227468983	227469249	227469334	227469600	OBSCN	NM_001098623.2	+	3	227469249	227469334	84	4
NC_060925.1	227525631	227526279	1	1	+	NC_060925.1	227525792	227525914	227526032	227526171	OBSCN	NM_001098623.2	+	1	227525914	227526032	117	4
NC_060925.1	227554814	227555642	3	1	+	NC_060925.1	227554912	227555024	227555238	227555406	OBSCN	NM_001098623.2	+	3	227555024	227555238	213	3
NC_060925.1	227564406	227565060	1	1	+	NC_060925.1	227564540	227564662	227564846	227565016	OBSCN	NM_001098623.2	+	1	227564662	227564846	183	3
NC_060925.1	227565554	227566130	3	1	+	NC_060925.1	227565631	227565712	227565890	227566129	OBSCN	NM_001098623.2	+	3	227565712	227565890	177	3
NC_060925.1	23267751	23268198	-1	1	-	NC_060925.1	23268115	23268182	23267914	23268021	ASAP3	NM_001143778.2	-	1	23268021	23268115	93	6
NC_060925.1	23267751	23268198	-1	1	-	NC_060925.1	23268115	23268182	23267851	23268021	ASAP3	XM_054337529.1	-	1	23268021	23268115	93	3
NC_060925.1	23628811	23629141	2	1	+	NC_060925.1	23628835	23628905	23629038	23629111	LYPLA2	NM_007260.3	+	2	23628905	23629038	132	2
NC_060925.1	23631099	23631582	-1	1	-	NC_060925.1	23631484	23631561	23631126	23631240	GALE	NM_000403.4	-	1	23631240	23631484	243	3
NC_060925.1	239620273	239622205	2	1	+	NC_060925.1	239620304	239621260	239621294	239622204	FMN2	NM_001305424.2	+	2	239621260	239621294	33	2
NC_060925.1	26003168	26003621	-2	1	-	NC_060925.1	26003466	26003549	26003169	26003354	C1orf232	NM_001364667.1	-	2	26003354	26003466	111	1
NC_060925.1	26003168	26003621	-2	1	-	NC_060925.1	26003466	26003549	26003257	26003354	C1orf232	NM_001364669.2	-	2	26003354	26003466	111	1
NC_060925.1	26021114	26021573	3	1	+	NC_060925.1	26021160	26021261	26021502	26021572	CNKSR1	NM_001297647.2	+	3	26021261	26021502	240	2
NC_060925.1	26021114	26021573	3	1	+	NC_060925.1	26021181	26021261	26021502	26021572	CNKSR1	NM_001297648.2	+	3	26021261	26021502	240	1
NC_060925.1	27175042	27175516	2	1	+	NC_060925.1	27175192	27175288	27175385	27175515	TMEM222	NM_032125.3	+	2	27175288	27175385	96	2
NC_060925.1	27190587	27191181	1	1	+	NC_060925.1	27190634	27190734	27190888	27191001	SYTL1	NM_001193308.2	+	1	27190734	27190888	153	5
NC_060925.1	27199417	27199879	-3	1	-	NC_060925.1	27199657	27199849	27199419	27199557	MAP3K6	NM_001297609.2	-	3	27199557	27199657	99	5
NC_060925.1	27756159	27756885	-1	1	-	NC_060925.1	27756525	27756546	27756166	27756272	RPA2	NM_001355129.2	-	1	27756272	27756525	252	1
NC_060925.1	27756159	27756885	-1	1	-	NC_060925.1	27756537	27756546	27756166	27756272	RPA2	NM_002946.5	-	1	27756272	27756537	264	2
NC_060925.1	27797520	27798033	1	1	+	NC_060925.1	27797521	27797701	27797786	27798033	SMPDL3B	NM_001009568.3	+	1	27797701	27797786	84	1
NC_060925.1	27797520	27798033	1	1	+	NC_060925.1	27797521	27797701	27797786	27797919	SMPDL3B	NM_001304579.2	+	1	27797701	27797786	84	3
NC_060925.1	28077967	28078288	2	1	+	NC_060925.1	28078019	28078105	28078196	28078287	ATP5IF1	NM_016311.5	+	2	28078105	28078196	90	2
NC_060925.1	28077967	28078288	2	1	+	NC_060925.1	28078019	28078105	28078196	28078288	ATP5IF1	NM_178191.3	+	2	28078105	28078196	90	1
NC_060925.1	28114091	28114649	3	1	+	NC_060925.1	28114119	28114301	28114416	28114628	SESN2	NM_031459.5	+	3	28114301	28114416	114	2
NC_060925.1	3003252	3004242	-1	1	-	NC_060925.1	3004002	3004133	3003669	3003797	MEGF6	NM_001409.4	-	1	3003797	3004002	204	10
NC_060925.1	31442552	31443083	3	1	+	NC_060925.1	31442587	31442737	31442852	31443041	TINAGL1	NM_001204414.2	+	3	31442737	31442852	114	7
NC_060925.1	31597498	31598209	-3	1	-	NC_060925.1	31597991	31598185	31597754	31597822	ADGRB2	NM_001294335.2	-	3	31597822	31597991	168	26
NC_060925.1	31597498	31598209	-3	1	-	NC_060925.1	31597754	31597822	31597570	31597678	ADGRB2	NM_001294335.2	-	3	31597678	31597754	75	26
NC_060925.1	31597498	31598209	-3	1	-	NC_060925.1	31597991	31598185	31597570	31597678	ADGRB2	XM_054337869.1	-	3	31597678	31597991	312	5
NC_060925.1	31598851	31599463	-3	1	-	NC_060925.1	31599274	31599375	31599023	31599129	ADGRB2	NM_001294335.2	-	3	31599129	31599274	144	31
NC_060925.1	32070107	32070737	3	1	+	NC_060925.1	32070392	32070538	32070656	32070695	DCDC2B	NM_001099434.2	+	3	32070538	32070656	117	1
NC_060925.1	32086402	32086747	2	1	+	NC_060925.1	32086403	32086513	32086631	32086720	EIF3I	NM_001394168.1	+	2	32086513	32086631	117	3
NC_060925.1	32629428	32632260	1	1	+	NC_060925.1	32629457	32629570	32629664	32632225	NHSL3	NM_001198972.2	+	1	32629570	32629664	93	3
NC_060925.1	3274557	3275469	1	1	+	NC_060925.1	3274708	3275074	3275306	3275436	CCDC27	NM_152492.3	+	1	3275074	3275306	231	1
NC_060925.1	32753036	32753654	3	1	+	NC_060925.1	32753319	32753424	32753560	32753654	HPCA	NM_002143.3	+	3	32753424	32753560	135	3
NC_060925.1	359635	360724	2	1	+	NC_060925.1	359789	359970	360673	360723	SAMD11	NM_001385640.1	+	2	359970	360673	702	3
NC_060925.1	36042239	36043130	3	1	+	NC_060925.1	36042390	36042432	36042541	36042631	MAP7D1	NM_001286365.2	+	3	36042432	36042541	108	3
NC_060925.1	36042239	36043130	3	1	+	NC_060925.1	36042541	36042631	36042749	36042942	MAP7D1	NM_001286365.2	+	3	36042631	36042749	117	4
NC_060925.1	36042239	36043130	3	1	+	NC_060925.1	36042749	36042942	36043123	36043130	MAP7D1	NM_001286365.2	+	3	36042942	36043123	180	4
NC_060925.1	36042239	36043130	3	1	+	NC_060925.1	36042387	36042432	36042541	36042631	MAP7D1	NM_018067.5	+	3	36042432	36042541	108	1
NC_060925.1	36182298	36183672	1	1	+	NC_060925.1	36182315	36182409	36182548	36183671	SH3D21	NM_001162530.2	+	1	36182409	36182548	138	6
NC_060925.1	36182298	36183672	1	1	+	NC_060925.1	36182315	36182409	36182548	36183660	SH3D21	XM_054338755.1	+	1	36182409	36182548	138	3
NC_060925.1	372340	372892	2	1	+	NC_060925.1	372440	372550	372650	372892	SAMD11	NM_001385640.1	+	2	372550	372650	99	3
NC_060925.1	37583168	37583660	-2	1	-	NC_060925.1	37583373	37583528	37583169	37583198	EPHA10	XM_054336136.1	-	2	37583198	37583373	174	2
NC_060925.1	37587665	37588112	-2	1	-	NC_060925.1	37588025	37588086	37587755	37587880	EPHA10	NM_001099439.2	-	2	37587880	37588025	144	4
NC_060925.1	382443	383004	-1	1	-	NC_060925.1	382789	382867	382567	382677	NOC2L	NM_015658.4	-	1	382677	382789	111	1
NC_060925.1	393057	393903	1	1	+	NC_060925.1	393139	393320	393678	393903	KLHL17	NM_198317.3	+	1	393320	393678	357	5
NC_060925.1	399074	400010	3	1	+	NC_060925.1	399231	399311	399396	399468	PLEKHN1	NM_001160184.2	+	3	399311	399396	84	4
NC_060925.1	399074	400010	3	1	+	NC_060925.1	399396	399468	399589	399716	PLEKHN1	NM_001160184.2	+	3	399468	399589	120	4
NC_060925.1	399074	400010	3	1	+	NC_060925.1	399231	399311	399396	399716	PLEKHN1	NM_001410697.1	+	3	399311	399396	84	6
NC_060925.1	40173666	40174062	-1	1	-	NC_060925.1	40173982	40174035	40173826	40173897	COL9A2	NM_001852.4	-	1	40173897	40173982	84	6
NC_060925.1	40180598	40181276	-2	1	-	NC_060925.1	40181169	40181222	40181007	40181054	COL9A2	NM_001852.4	-	2	40181054	40181169	114	3
NC_060925.1	40180598	40181276	-2	1	-	NC_060925.1	40181007	40181054	40180737	40180793	COL9A2	NM_001852.4	-	2	40180793	40181007	213	3
NC_060925.1	40180598	40181276	-2	1	-	NC_060925.1	40181169	40181222	40180995	40181054	COL9A2	XM_054334466.1	-	2	40181054	40181169	114	3
NC_060925.1	40180598	40181276	-2	1	-	NC_060925.1	40180995	40181054	40180737	40180793	COL9A2	XM_054334466.1	-	2	40180793	40180995	201	3
NC_060925.1	40183703	40183925	-2	1	-	NC_060925.1	40183860	40183895	40183713	40183775	COL9A2	NM_001852.4	-	2	40183775	40183860	84	3
NC_060925.1	402487	403078	2	1	+	NC_060925.1	402542	402760	403025	403073	PLEKHN1	NM_001160184.2	+	2	402760	403025	264	7
NC_060925.1	429216	429798	-1	1	-	NC_060925.1	429681	429768	429217	429587	HES4	NM_001142467.2	-	1	429587	429681	93	3
NC_060925.1	43208371	43208779	2	1	+	NC_060925.1	43208396	43208474	43208646	43208778	MPL	NM_005373.3	+	2	43208474	43208646	171	1
NC_060925.1	43216962	43217586	1	1	+	NC_060925.1	43216992	43217176	43217339	43217481	MPL	NM_005373.3	+	1	43217176	43217339	162	1
NC_060925.1	43308874	43309762	2	1	+	NC_060925.1	43308954	43309072	43309184	43309348	SZT2	NM_001365999.1	+	2	43309072	43309184	111	2
NC_060925.1	43308874	43309762	2	1	+	NC_060925.1	43309184	43309348	43309613	43309697	SZT2	NM_001365999.1	+	2	43309348	43309613	264	2
NC_060925.1	43311405	43311921	1	1	+	NC_060925.1	43311469	43311635	43311759	43311856	SZT2	NM_001365999.1	+	1	43311635	43311759	123	2
NC_060925.1	43320271	43320730	2	1	+	NC_060925.1	43320356	43320424	43320590	43320730	SZT2	NM_001365999.1	+	2	43320424	43320590	165	2
NC_060925.1	43321936	43322266	-3	1	-	NC_060925.1	43322188	43322266	43322051	43322100	HYI	NM_001190880.3	-	3	43322100	43322188	87	6
NC_060925.1	43837780	43838173	2	1	+	NC_060925.1	43837803	43837861	43838009	43838098	IPO13	NM_014652.4	+	2	43837861	43838009	147	3
NC_060925.1	43863182	43863728	3	1	+	NC_060925.1	43863300	43863475	43863611	43863727	CCDC24	NM_001349127.2	+	3	43863475	43863611	135	2
NC_060925.1	43863182	43863728	3	1	+	NC_060925.1	43863300	43863514	43863611	43863727	CCDC24	NM_001349128.1	+	3	43863514	43863611	96	1
NC_060925.1	44594976	44595336	1	1	+	NC_060925.1	44595065	44595187	44595263	44595335	ARMH1	NM_001145636.2	+	1	44595187	44595263	75	15
NC_060925.1	44595361	44595811	2	1	+	NC_060925.1	44595464	44595611	44595705	44595782	ARMH1	XM_054336291.1	+	2	44595611	44595705	93	1
NC_060925.1	44633223	44633760	1	1	+	NC_060925.1	44633343	44633448	44633542	44633655	KIF2C	NM_001297655.2	+	1	44633448	44633542	93	6
NC_060925.1	44637820	44638171	2	1	+	NC_060925.1	44637821	44637944	44638092	44638171	KIF2C	NM_001297655.2	+	2	44637944	44638092	147	6
NC_060925.1	44657002	44657746	-3	1	-	NC_060925.1	44657449	44657682	44657060	44657214	BEST4	NM_153274.3	-	3	44657214	44657449	234	3
NC_060925.1	44672757	44673087	1	1	+	NC_060925.1	44672776	44672905	44672999	44673086	PLK3	NM_004073.4	+	1	44672905	44672999	93	3
NC_060925.1	44684363	44684903	3	1	+	NC_060925.1	44684508	44684633	44684772	44684903	BTBD19	NM_001136537.3	+	3	44684633	44684772	138	5
NC_060925.1	44697597	44698623	-1	1	-	NC_060925.1	44698393	44698535	44698128	44698308	PTCH2	NM_001166292.2	-	1	44698308	44698393	84	2
NC_060925.1	45212622	45212901	1	1	+	NC_060925.1	45212630	45212772	45212860	45212900	TOE1	NM_025077.4	+	1	45212772	45212860	87	5
NC_060925.1	45212622	45212901	1	1	+	NC_060925.1	45212716	45212772	45212860	45212900	TOE1	XM_054334065.1	+	1	45212772	45212860	87	1
NC_060925.1	45493991	45494657	-2	1	-	NC_060925.1	45494232	45494350	45493993	45494090	CCDC17	NM_001114938.3	-	2	45494090	45494232	141	12
NC_060925.1	46069510	46069861	-3	1	-	NC_060925.1	46069739	46069811	46069529	46069657	POMGNT1	NM_001243766.2	-	3	46069657	46069739	81	12
NC_060925.1	46283012	46283603	3	1	+	NC_060925.1	46283252	46283292	46283458	46283582	FAAH	NM_001441.3	+	3	46283292	46283458	165	1
NC_060925.1	475209	475605	1	1	+	NC_060925.1	475238	475354	475436	475600	AGRN	NM_001305275.2	+	1	475354	475436	81	9
NC_060925.1	476388	477240	1	1	+	NC_060925.1	476474	476812	476897	477034	AGRN	NM_001305275.2	+	1	476812	476897	84	9
NC_060925.1	54111226	54111913	-3	1	-	NC_060925.1	54111634	54111712	54111335	54111363	SSBP3	NM_001009955.4	-	3	54111363	54111634	270	14
NC_060925.1	54687545	54688421	3	1	+	NC_060925.1	54687744	54687908	54688107	54688229	CIMAP2	NM_001110533.2	+	3	54687908	54688107	198	4
NC_060925.1	5653904	5654816	-2	1	-	NC_060925.1	5654525	5654756	5654186	5654296	CHD5	NM_015557.3	-	2	5654296	5654525	228	1
NC_060925.1	5965856	5966591	3	1	+	NC_060925.1	5965895	5966081	5966268	5966450	ESPN	NM_001367473.1	+	3	5966081	5966268	186	8
NC_060925.1	5965856	5966591	3	1	+	NC_060925.1	5966025	5966081	5966268	5966450	ESPN	XM_054338984.1	+	3	5966081	5966268	186	1
NC_060925.1	5977186	5977948	2	1	+	NC_060925.1	5977245	5977390	5977475	5977738	ESPN	NM_001367473.1	+	2	5977390	5977475	84	13
NC_060925.1	5997010	5997661	-3	1	-	NC_060925.1	5997401	5997451	5997131	5997280	PLEKHG5	NM_001042663.3	-	3	5997280	5997401	120	8
NC_060925.1	6112799	6113375	3	1	+	NC_060925.1	6112869	6112955	6113142	6113296	ZBTB48	NM_001278647.2	+	3	6112955	6113142	186	12
NC_060925.1	646476	647544	-1	1	-	NC_060925.1	647226	647384	646915	647090	SDF4	NM_016176.6	-	1	647090	647226	135	4
NC_060925.1	70956453	70956726	-1	1	-	NC_060925.1	70956663	70956715	70956464	70956572	ZRANB2	NM_005455.5	-	1	70956572	70956663	90	3
NC_060925.1	727684	728386	-3	1	-	NC_060925.1	727971	728179	727757	727826	ACAP3	NM_030649.3	-	3	727826	727971	144	8
NC_060925.1	771631	771940	-3	1	-	NC_060925.1	771871	771940	771662	771801	DVL1	NM_001330311.2	-	3	771801	771871	69	4
NC_060925.1	783899	784856	-2	1	-	NC_060925.1	784574	784650	784394	784474	MXRA8	NM_001282582.2	-	2	784474	784574	99	6
NC_060925.1	783899	784856	-2	1	-	NC_060925.1	784574	784650	784394	784492	MXRA8	NM_001282585.1	-	2	784492	784574	81	1
NC_060925.1	83792236	83792629	-3	1	-	NC_060925.1	83792590	83792614	83792248	83792379	TTLL7	NM_001350214.2	-	3	83792379	83792590	210	5
NC_060925.1	838592	839228	-2	1	-	NC_060925.1	839061	839147	838839	838949	MRPL20	NM_001318485.2	-	2	838949	839061	111	2
NC_060925.1	9259201	9259915	2	1	+	NC_060925.1	9259220	9259399	9259739	9259888	PIK3CD	NM_001350234.2	+	2	9259399	9259739	339	27
NC_060925.1	9259201	9259915	2	1	+	NC_060925.1	9259220	9259399	9259826	9259888	PIK3CD	NM_001350235.1	+	2	9259399	9259826	426	10
NC_060925.1	9264517	9264937	2	1	+	NC_060925.1	9264544	9264643	9264758	9264936	PIK3CD	NM_001350234.2	+	2	9264643	9264758	114	36
NC_060925.1	950220	950655	1	1	+	NC_060925.1	950320	950362	950516	950592	ATAD3A	XM_054337419.1	+	1	950362	950516	153	1
NC_060925.1	969865	970366	-3	1	-	NC_060925.1	970093	970301	969866	970011	TMEM240	NM_001114748.2	-	3	970011	970093	81	1
NC_060926.1	101486669	101487146	-3	1	-	NC_060926.1	101487000	101487129	101486745	101486843	TBC1D8	NM_001102426.3	-	3	101486843	101487000	156	2
NC_060926.1	113148282	113148879	1	1	+	NC_060926.1	113148587	113148704	113148783	113148878	NT5DC4	NM_001350494.2	+	1	113148704	113148783	78	22
NC_060926.1	113625181	113626054	2	1	+	NC_060926.1	113625316	113625460	113625659	113625802	PSD4	NM_012455.3	+	2	113625460	113625659	198	1
NC_060926.1	127335792	127336464	1	1	+	NC_060926.1	127335922	127336066	127336220	127336294	TEX51	NM_001322244.2	+	1	127336066	127336220	153	5
NC_060926.1	127335792	127336464	1	1	+	NC_060926.1	127335922	127336120	127336220	127336294	TEX51	NM_001410921.1	+	1	127336120	127336220	99	18
NC_060926.1	128070840	128071683	1	1	+	NC_060926.1	128070976	128071161	128071462	128071578	MYO7B	NM_001080527.2	+	1	128071161	128071462	300	11
NC_060926.1	130779861	130780389	1	1	+	NC_060926.1	130780125	130780198	130780280	130780389	IMP4	NM_001320304.2	+	1	130780198	130780280	81	15
NC_060926.1	130779861	130780389	1	1	+	NC_060926.1	130779982	130780198	130780280	130780389	IMP4	NM_001371726.1	+	1	130780198	130780280	81	1
NC_060926.1	130792902	130793640	1	1	+	NC_060926.1	130793156	130793232	130793320	130793415	PTPN18	NM_014369.4	+	1	130793232	130793320	87	2
NC_060926.1	130804705	130805236	2	1	+	NC_060926.1	130804778	130804867	130805102	130805190	PTPN18	NM_001142370.2	+	2	130804867	130805102	234	6
NC_060926.1	152139016	152139520	-1	1	-	NC_060926.1	152139398	152139505	152139191	152139304	NEB	NM_001164507.2	-	1	152139304	152139398	93	45
NC_060926.1	162723855	162724245	-2	1	-	NC_060926.1	162724132	162724222	162723856	162724032	IFIH1	NM_022168.4	-	2	162724032	162724132	99	2
NC_060926.1	169308543	169308942	1	1	+	NC_060926.1	169308571	169308669	169308766	169308891	NOSTRIN	NM_001039724.4	+	1	169308669	169308766	96	12
NC_060926.1	179061344	179062259	-3	1	-	NC_060926.1	179061599	179062186	179061404	179061508	TTN	NM_001256850.1	-	3	179061508	179061599	90	21
NC_060926.1	179062282	179063077	-1	1	-	NC_060926.1	179062732	179063022	179062354	179062641	TTN	NM_001256850.1	-	1	179062641	179062732	90	21
NC_060926.1	179081262	179081934	-2	1	-	NC_060926.1	179081541	179081855	179081299	179081447	TTN	NM_001256850.1	-	2	179081447	179081541	93	21
NC_060926.1	179096437	179097178	-1	1	-	NC_060926.1	179096845	179097141	179096544	179096730	TTN	NM_001256850.1	-	1	179096730	179096845	114	21
NC_060926.1	179103498	179104227	-2	1	-	NC_060926.1	179103891	179104157	179103504	179103782	TTN	NM_001256850.1	-	2	179103782	179103891	108	21
NC_060926.1	179113550	179114117	-3	1	-	NC_060926.1	179113823	179114089	179113593	179113732	TTN	NM_001256850.1	-	3	179113732	179113823	90	21
NC_060926.1	179134862	179135225	-3	1	-	NC_060926.1	179135063	179135146	179134895	179134978	TTN	NM_001256850.1	-	3	179134978	179135063	84	11
NC_060926.1	179202780	179203593	-2	1	-	NC_060926.1	179203185	179203463	179202783	179203064	TTN	NM_001256850.1	-	2	179203064	179203185	120	15
NC_060926.1	179205798	179206536	-2	1	-	NC_060926.1	179206218	179206496	179205846	179206124	TTN	NM_001256850.1	-	2	179206124	179206218	93	15
NC_060926.1	179212458	179213217	-2	1	-	NC_060926.1	179212893	179213171	179212464	179212745	TTN	NM_001256850.1	-	2	179212745	179212893	147	15
NC_060926.1	179282547	179283021	-2	1	-	NC_060926.1	179282887	179282972	179282549	179282793	TTN	NM_001256850.1	-	2	179282793	179282887	93	21
NC_060926.1	201770102	201770543	-3	1	-	NC_060926.1	201770355	201770444	201770116	201770225	FLACC1	NM_001127391.3	-	3	201770225	201770355	129	3
NC_060926.1	201770102	201770543	-3	1	-	NC_060926.1	201770355	201770513	201770116	201770225	FLACC1	NM_139163.4	-	3	201770225	201770355	129	4
NC_060926.1	201770102	201770543	-3	1	-	NC_060926.1	201770355	201770459	201770116	201770225	FLACC1	XM_054340535.1	-	3	201770225	201770355	129	1
NC_060926.1	201770102	201770543	-3	1	-	NC_060926.1	201770355	201770513	201770103	201770225	FLACC1	XM_054340537.1	-	3	201770225	201770355	129	2
NC_060926.1	218751369	218751888	-2	1	-	NC_060926.1	218751765	218751848	218751532	218751647	AAMP	NM_001087.5	-	2	218751647	218751765	117	2
NC_060926.1	219301102	219301585	2	1	+	NC_060926.1	219301103	219301315	219301469	219301585	CYP27A1	NM_000784.4	+	2	219301315	219301469	153	1
NC_060926.1	219501743	219502529	-3	1	-	NC_060926.1	219502243	219502419	219501894	219501960	CFAP65	NM_194302.4	-	3	219501960	219502243	282	15
NC_060926.1	219656239	219656758	-1	1	-	NC_060926.1	219656618	219656741	219656353	219656467	SLC23A3	NM_001144889.2	-	1	219656467	219656618	150	2
NC_060926.1	219663157	219663550	-1	1	-	NC_060926.1	219663413	219663533	219663203	219663331	CNPPD1	NM_001321389.2	-	1	219663331	219663413	81	4
NC_060926.1	219731828	219732380	3	1	+	NC_060926.1	219731880	219732013	219732182	219732302	STK16	NM_001008910.4	+	3	219732013	219732182	168	5
NC_060926.1	219774984	219775395	-2	1	-	NC_060926.1	219775294	219775367	219774985	219775053	PTPRN	NM_001199763.2	-	2	219775053	219775294	240	3
NC_060926.1	219946466	219947096	3	1	+	NC_060926.1	219946698	219946766	219947007	219947095	SPEG	NM_001173476.2	+	3	219946766	219947007	240	7
NC_060926.1	219946466	219947096	3	1	+	NC_060926.1	219946591	219946766	219947007	219947095	SPEG	NM_001438924.1	+	3	219946766	219947007	240	36
NC_060926.1	219973732	219974809	2	1	+	NC_060926.1	219973794	219973961	219974076	219974679	SPEG	NM_005876.5	+	2	219973961	219974076	114	18
NC_060926.1	220021672	220022164	2	1	+	NC_060926.1	220021765	220021856	220021941	220022020	ASIC4	NM_018674.6	+	2	220021856	220021941	84	4
NC_060926.1	220041855	220042968	-2	1	-	NC_060926.1	220042521	220042808	220042041	220042316	OBSL1	NM_001173431.2	-	2	220042316	220042521	204	10
NC_060926.1	220090549	220091140	2	1	+	NC_060926.1	220090686	220090789	220090925	220091020	STK11IP	NM_052902.4	+	2	220090789	220090925	135	6
NC_060926.1	225287244	225287568	-2	1	-	NC_060926.1	225287394	225287508	225287246	225287312	DOCK10	NM_001290263.2	-	2	225287312	225287394	81	24
NC_060926.1	230274548	230274944	-3	1	-	NC_060926.1	230274843	230274916	230274556	230274755	TRIP12	NM_001284214.2	-	3	230274755	230274843	87	58
NC_060926.1	232412064	232413057	-2	1	-	NC_060926.1	232412797	232412886	232412065	232412352	NPPC	NM_024409.4	-	2	232412352	232412797	444	2
NC_060926.1	232866797	232867364	3	1	+	NC_060926.1	232866921	232867055	232867155	232867227	ALPP	NM_001632.5	+	3	232867055	232867155	99	1
NC_060926.1	232894937	232895504	3	1	+	NC_060926.1	232895061	232895195	232895295	232895367	ALPG	NM_031313.3	+	3	232895195	232895295	99	1
NC_060926.1	232944661	232945267	2	1	+	NC_060926.1	232944804	232944938	232945023	232945214	ALPI	NM_001631.5	+	2	232944938	232945023	84	1
NC_060926.1	232971098	232972007	-3	1	-	NC_060926.1	232971786	232971896	232971606	232971698	ECEL1	NM_001290787.2	-	3	232971698	232971786	87	2
NC_060926.1	232971098	232972007	-3	1	-	NC_060926.1	232971606	232971698	232971277	232971401	ECEL1	NM_001290787.2	-	3	232971401	232971606	204	2
NC_060926.1	233008983	233009694	1	1	+	NC_060926.1	233009334	233009433	233009521	233009680	PRSS56	NM_001195129.2	+	1	233009433	233009521	87	3
NC_060926.1	233014935	233015535	1	1	+	NC_060926.1	233015077	233015186	233015316	233015471	CHRND	NM_000751.3	+	1	233015186	233015316	129	2
NC_060926.1	234539715	234540066	1	1	+	NC_060926.1	234539746	234539830	234539930	234540054	SPP2	NM_006944.3	+	1	234539830	234539930	99	5
NC_060926.1	23730643	23731408	2	1	+	NC_060926.1	23730671	23730869	23730999	23731181	KLHL29	NM_052920.2	+	2	23730869	23730999	129	4
NC_060926.1	238748009	238748408	-3	1	-	NC_060926.1	238748236	238748383	238748015	238748139	PER2	NM_022817.3	-	3	238748139	238748236	96	3
NC_060926.1	24051964	24052468	2	1	+	NC_060926.1	24051983	24052061	24052155	24052285	MFSD2B	NM_001346880.2	+	2	24052061	24052155	93	1
NC_060926.1	241054663	241055494	2	1	+	NC_060926.1	241054715	241055107	241055360	241055494	DUSP28	NM_001033575.1	+	2	241055107	241055360	252	2
NC_060926.1	241465480	241466293	2	1	+	NC_060926.1	241465592	241465729	241465847	241466204	CROCC2	NM_001351305.2	+	2	241465729	241465847	117	2
NC_060926.1	241538757	241539597	1	1	+	NC_060926.1	241539080	241539193	241539305	241539418	SNED1	NM_001080437.3	+	1	241539193	241539305	111	14
NC_060926.1	241722309	241723143	1	1	+	NC_060926.1	241722655	241722774	241722898	241722948	ANO7	NM_001370694.2	+	1	241722774	241722898	123	11
NC_060926.1	241722309	241723143	1	1	+	NC_060926.1	241722898	241722948	241723090	241723143	ANO7	NM_001370694.2	+	1	241722948	241723090	141	3
NC_060926.1	26226577	26226973	-1	1	-	NC_060926.1	26226808	26226953	26226578	26226720	HADHA	NM_000182.5	-	1	26226720	26226808	87	1
NC_060926.1	26511413	26512763	-3	1	-	NC_060926.1	26512623	26512742	26512038	26512199	OTOF	NM_001287489.2	-	3	26512199	26512623	423	5
NC_060926.1	26511413	26512763	-3	1	-	NC_060926.1	26512038	26512199	26511764	26511926	OTOF	NM_001287489.2	-	3	26511926	26512038	111	5
NC_060926.1	27079039	27079483	2	1	+	NC_060926.1	27079246	27079387	27079475	27079483	TMEM214	XM_054342662.1	+	2	27079387	27079475	87	1
NC_060926.1	27110240	27110768	3	1	+	NC_060926.1	27110305	27110417	27110721	27110767	AGBL5	XM_054343278.1	+	3	27110417	27110721	303	1
NC_060926.1	27173615	27174071	-3	1	-	NC_060926.1	27173875	27174048	27173655	27173727	PREB	NM_001330484.2	-	3	27173727	27173875	147	3
NC_060926.1	272054	272513	3	1	+	NC_060926.1	272125	272198	272295	272513	ACP1	NM_001040649.3	+	3	272198	272295	96	1
NC_060926.1	272054	272513	3	1	+	NC_060926.1	272125	272198	272295	272408	ACP1	NM_004300.4	+	3	272198	272295	96	1
NC_060926.1	27276881	27277379	3	1	+	NC_060926.1	27276882	27277064	27277173	27277277	CAD	NM_001306079.2	+	3	27277064	27277173	108	4
NC_060926.1	27284256	27284664	1	1	+	NC_060926.1	27284257	27284412	27284509	27284610	CAD	NM_001306079.2	+	1	27284412	27284509	96	4
NC_060926.1	27299299	27299992	-1	1	-	NC_060926.1	27299803	27299949	27299547	27299700	SLC30A3	NM_001318949.2	-	1	27299700	27299803	102	5
NC_060926.1	27484867	27485542	2	1	+	NC_060926.1	27484932	27485116	27485195	27485254	KRTCAP3	NM_001168364.2	+	2	27485116	27485195	78	4
NC_060926.1	27485369	27485933	3	1	+	NC_060926.1	27485427	27485633	27485751	27485885	KRTCAP3	NM_001168364.2	+	3	27485633	27485751	117	4
NC_060926.1	29265917	29266214	-3	1	-	NC_060926.1	29266092	29266182	29265919	29265983	ALK	NM_001353765.2	-	3	29265983	29266092	108	3
NC_060926.1	31246023	31246533	-2	1	-	NC_060926.1	31246297	31246415	31246025	31246161	CAPN14	NM_001145122.2	-	2	31246161	31246297	135	4
NC_060926.1	43829977	43830370	-1	1	-	NC_060926.1	43830220	43830349	43829978	43830090	ABCG5	XM_054343358.1	-	1	43830090	43830220	129	1
NC_060926.1	47812094	47812601	3	1	+	NC_060926.1	47812153	47812307	47812401	47812600	MSH6	NM_000179.3	+	3	47812307	47812401	93	40
NC_060926.1	48477000	48477282	1	1	+	NC_060926.1	48477001	48477102	48477193	48477281	PPP1R21	NM_001135629.3	+	1	48477102	48477193	90	4
NC_060926.1	55653170	55653599	-3	1	-	NC_060926.1	55653476	55653542	55653302	55653391	PNPT1	NM_033109.5	-	3	55653391	55653476	84	4
NC_060926.1	60959761	60960103	-1	1	-	NC_060926.1	60959912	60959988	60959763	60959818	PUS10	NM_001322123.1	-	1	60959818	60959912	93	21
NC_060926.1	72156831	72157728	-2	1	-	NC_060926.1	72157426	72157455	72157078	72157302	CYP26B1	XM_054343033.1	-	2	72157302	72157426	123	1
NC_060926.1	74433928	74434255	2	1	+	NC_060926.1	74433974	74434048	74434127	74434255	WDR54	NM_001320823.2	+	2	74434048	74434127	78	4
NC_060926.1	74480688	74481114	-2	1	-	NC_060926.1	74480925	74481037	74480689	74480819	MRPL53	NM_053050.5	-	2	74480819	74480925	105	1
NC_060926.1	74499825	74500311	1	1	+	NC_060926.1	74499859	74499939	74500045	74500230	TTC31	NM_001376129.1	+	1	74499939	74500045	105	8
NC_060926.1	74499825	74500311	1	1	+	NC_060926.1	74499859	74499939	74500045	74500236	TTC31	NM_001376130.1	+	1	74499939	74500045	105	15
NC_060926.1	74499825	74500311	1	1	+	NC_060926.1	74499859	74499939	74500093	74500230	TTC31	NM_001376141.1	+	1	74499939	74500093	153	1
NC_060926.1	85135843	85136725	2	1	+	NC_060926.1	85135922	85135985	85136229	85136356	TCF7L1	NM_031283.3	+	2	85135985	85136229	243	2
NC_060926.1	85328408	85330043	-3	1	-	NC_060926.1	85329908	85329953	85328499	85329676	TGOLN2	NM_001206840.2	-	3	85329676	85329908	231	5
NC_060926.1	85328408	85330043	-3	1	-	NC_060926.1	85329908	85329953	85328970	85329676	TGOLN2	NM_001206844.2	-	3	85329676	85329908	231	1
NC_060926.1	85328408	85330043	-3	1	-	NC_060926.1	85328970	85329676	85328499	85328795	TGOLN2	NM_001206844.2	-	3	85328795	85328970	174	1
NC_060926.1	85399992	85400850	-2	1	-	NC_060926.1	85400698	85400790	85400028	85400160	CAPG	NM_001256139.2	-	2	85400160	85400698	537	13
NC_060926.1	88197337	88197616	2	1	+	NC_060926.1	88197353	88197504	88197553	88197616	THNSL2	XM_054342785.1	+	2	88197504	88197553	48	1
NC_060926.1	96306277	96306781	2	1	+	NC_060926.1	96306357	96306427	96306515	96306773	LOC128966744	NM_001422178.1	+	2	96306427	96306515	87	1
NC_060926.1	96306277	96306781	2	1	+	NC_060926.1	96306357	96306427	96306533	96306773	LOC128966744	NM_001422179.1	+	2	96306427	96306533	105	1
NC_060926.1	96774196	96774616	2	1	+	NC_060926.1	96774233	96774344	96774444	96774532	CIAO1	NM_004804.3	+	2	96774344	96774444	99	1
NC_060926.1	97056428	97057691	3	1	+	NC_060926.1	97056645	97056904	97057193	97057352	ARID5A	NM_001319085.2	+	3	97056904	97057193	288	1
NC_060926.1	97056428	97057691	3	1	+	NC_060926.1	97056648	97056904	97057193	97057352	ARID5A	NM_001319087.2	+	3	97056904	97057193	288	3
NC_060926.1	97056428	97057691	3	1	+	NC_060926.1	97056807	97056904	97057193	97057352	ARID5A	NM_001319092.1	+	3	97056904	97057193	288	3
NC_060926.1	97118823	97119261	-2	1	-	NC_060926.1	97119100	97119201	97118920	97118991	KANSL3	NM_001115016.3	-	2	97118991	97119100	108	45
NC_060926.1	97367259	97368363	-2	1	-	NC_060926.1	97368210	97368280	97367260	97368086	SEMA4C	NM_017789.5	-	2	97368086	97368210	123	9
NC_060926.1	97369990	97370590	-1	1	-	NC_060926.1	97370312	97370424	97369991	97370032	SEMA4C	XM_054342678.1	-	1	97370032	97370312	279	3
NC_060926.1	97371953	97372580	-3	1	-	NC_060926.1	97372497	97372559	97372296	97372394	SEMA4C	NM_017789.5	-	3	97372394	97372497	102	11
NC_060926.1	98191241	98191697	3	1	+	NC_060926.1	98191341	98191428	98191513	98191559	ZAP70	NM_001079.4	+	3	98191428	98191513	84	6
NC_060926.1	98272159	98272654	-1	1	-	NC_060926.1	98272451	98272604	98272187	98272357	TMEM131	NM_015348.2	-	1	98272357	98272451	93	8
NC_060927.1	100495500	100495728	1	1	+	NC_060927.1	100495533	100495588	100495715	100495727	ARL6	NM_001323513.2	+	1	100495588	100495715	126	1
NC_060927.1	116344480	116344993	2	1	+	NC_060927.1	116344591	116344696	116344787	116344897	SIDT1	NM_001308350.2	+	2	116344696	116344787	90	25
NC_060927.1	125437240	125438326	2	1	+	NC_060927.1	125437323	125437529	125437611	125438210	PARP14	NM_017554.3	+	2	125437529	125437611	81	1
NC_060927.1	125631042	125631792	-1	1	-	NC_060927.1	125631363	125631533	125631111	125631260	SEMA5B	NM_001031702.4	-	1	125631260	125631363	102	11
NC_060927.1	125631042	125631792	-1	1	-	NC_060927.1	125631363	125631425	125631111	125631260	SEMA5B	NM_001256348.2	-	1	125631260	125631363	102	1
NC_060927.1	125631042	125631792	-1	1	-	NC_060927.1	125631363	125631533	125631111	125631257	SEMA5B	NM_001437565.1	-	1	125631257	125631363	105	4
NC_060927.1	12737877	12738375	-1	1	-	NC_060927.1	12738282	12738353	12738096	12738170	TMEM40	NM_001284406.2	-	1	12738170	12738282	111	5
NC_060927.1	12814346	12814991	3	1	+	NC_060927.1	12814492	12814597	12814748	12814890	CAND2	NM_001162499.2	+	3	12814597	12814748	150	4
NC_060927.1	129736837	129737494	2	1	+	NC_060927.1	129737065	129737188	129737270	129737423	PLXNA1	NM_032242.4	+	2	129737188	129737270	81	1
NC_060927.1	129746300	129746810	3	1	+	NC_060927.1	129746362	129746555	129746658	129746809	PLXNA1	NM_032242.4	+	3	129746555	129746658	102	1
NC_060927.1	129748917	129749862	1	1	+	NC_060927.1	129749124	129749217	129749605	129749844	PLXNA1	NM_032242.4	+	1	129749217	129749605	387	1
NC_060927.1	130311420	130311768	-1	1	-	NC_060927.1	130311655	130311741	130311486	130311558	TPRA1	NM_001136053.4	-	1	130311558	130311655	96	15
NC_060927.1	132311894	132312254	-2	1	-	NC_060927.1	132312125	132312232	132311919	132312031	PLXND1	NM_015103.3	-	2	132312031	132312125	93	6
NC_060927.1	132317036	132317489	-2	1	-	NC_060927.1	132317271	132317370	132317038	132317177	PLXND1	NM_015103.3	-	2	132317177	132317271	93	6
NC_060927.1	133170192	133170621	1	1	+	NC_060927.1	133170193	133170228	133170346	133170382	COL6A5	NM_001412157.1	+	1	133170228	133170346	117	2
NC_060927.1	13352171	13352585	-2	1	-	NC_060927.1	13352439	13352543	13352238	13352339	NUP210	NM_024923.4	-	2	13352339	13352439	99	3
NC_060927.1	14149741	14150047	-3	1	-	NC_060927.1	14149856	14149949	14149742	14149780	XPC	XM_054347761.1	-	3	14149780	14149856	75	1
NC_060927.1	145431189	145431654	1	1	+	NC_060927.1	145431256	145431421	145431503	145431645	PLS1	NM_001145319.2	+	1	145431421	145431503	81	16
NC_060927.1	152503370	152503715	-2	1	-	NC_060927.1	152503631	152503697	152503463	152503540	COMMD2	NM_016094.4	-	2	152503540	152503631	90	2
NC_060927.1	153319165	153319627	2	1	+	NC_060927.1	153319166	153319310	153319440	153319556	EIF2A	NM_001319043.2	+	2	153319310	153319440	129	6
NC_060927.1	153319165	153319627	2	1	+	NC_060927.1	153319277	153319310	153319440	153319556	EIF2A	NM_001319046.2	+	2	153319310	153319440	129	1
NC_060927.1	153319165	153319627	2	1	+	NC_060927.1	153319292	153319310	153319440	153319556	EIF2A	XM_054348069.1	+	2	153319310	153319440	129	1
NC_060927.1	159933892	159934687	-3	1	-	NC_060927.1	159934334	159934636	159933947	159934021	CCNL1	NM_001308185.2	-	3	159934021	159934334	312	4
NC_060927.1	163300345	163300732	-3	1	-	NC_060927.1	163300547	163300716	163300409	163300453	KPNA4	NM_002268.5	-	3	163300453	163300547	93	1
NC_060927.1	173802718	173802883	-3	1	-	NC_060927.1	173802867	173802880	173802743	173802791	SLC2A2	XM_054347610.1	-	3	173802791	173802867	75	1
NC_060927.1	183404702	183405224	3	1	+	NC_060927.1	183404753	183404877	183404986	183405185	TTC14	NM_001042601.3	+	3	183404877	183404986	108	6
NC_060927.1	186915647	186916250	3	1	+	NC_060927.1	186915688	186915903	186916024	186916250	HTR3E	NM_001256613.2	+	3	186915903	186916024	120	5
NC_060927.1	186990584	186991055	3	1	+	NC_060927.1	186990635	186990754	186990851	186990986	AP2M1	NM_001025205.2	+	3	186990754	186990851	96	3
NC_060927.1	186997637	186997928	3	1	+	NC_060927.1	186997700	186997780	186997868	186997927	ABCF3	NM_001351298.2	+	3	186997780	186997868	87	5
NC_060927.1	187167007	187167823	-3	1	-	NC_060927.1	187167230	187167363	187167047	187167124	CLCN2	NM_001171087.3	-	3	187167124	187167230	105	7
NC_060927.1	187189315	187190386	2	1	+	NC_060927.1	187189574	187189721	187189947	187190050	CHRD	NM_001304472.2	+	2	187189721	187189947	225	11
NC_060927.1	187395634	187396690	2	1	+	NC_060927.1	187395893	187396108	187396220	187396369	EPHB3	NM_004443.4	+	2	187396108	187396220	111	1
NC_060927.1	187395634	187396690	2	1	+	NC_060927.1	187396220	187396369	187396463	187396656	EPHB3	NM_004443.4	+	2	187396369	187396463	93	1
NC_060927.1	188921236	188921797	-3	1	-	NC_060927.1	188921603	188921647	188921404	188921491	ETV5	NM_004454.3	-	3	188921491	188921603	111	1
NC_060927.1	197349335	197349812	-2	1	-	NC_060927.1	197349711	197349812	197349477	197349620	LSG1	NM_018385.3	-	2	197349620	197349711	90	1
NC_060927.1	198488366	198490280	3	1	+	NC_060927.1	198488701	198490049	198490146	198490241	TNK2	NM_001382271.1	+	3	198490049	198490146	96	35
NC_060927.1	198488366	198490280	3	1	+	NC_060927.1	198488701	198490049	198490152	198490241	TNK2	NM_001387713.1	+	3	198490049	198490152	102	9
NC_060927.1	198566581	198586597	2	1	+	NC_060927.1	198566613	198578483	198579732	198586538	MUC4	NM_001322468.1	+	2	198578483	198579732	1248	1
NC_060927.1	198566581	198586597	2	1	+	NC_060927.1	198566613	198569555	198569604	198570034	MUC4	NM_018406.7	+	2	198569555	198569604	48	1
NC_060927.1	198566581	198586597	2	1	+	NC_060927.1	198569604	198570034	198570803	198570995	MUC4	NM_018406.7	+	2	198570034	198570803	768	1
NC_060927.1	198566581	198586597	2	1	+	NC_060927.1	198570803	198570995	198572724	198572797	MUC4	NM_018406.7	+	2	198570995	198572724	1728	1
NC_060927.1	198566581	198586597	2	1	+	NC_060927.1	198572724	198572797	198573614	198573683	MUC4	NM_018406.7	+	2	198572797	198573614	816	1
NC_060927.1	198566581	198586597	2	1	+	NC_060927.1	198573614	198573683	198574404	198574552	MUC4	NM_018406.7	+	2	198573683	198574404	720	1
NC_060927.1	198566581	198586597	2	1	+	NC_060927.1	198574404	198574552	198576233	198576323	MUC4	NM_018406.7	+	2	198574552	198576233	1680	1
NC_060927.1	198566581	198586597	2	1	+	NC_060927.1	198576233	198576323	198576564	198577571	MUC4	NM_018406.7	+	2	198576323	198576564	240	1
NC_060927.1	198566581	198586597	2	1	+	NC_060927.1	198576564	198577571	198577668	198579683	MUC4	NM_018406.7	+	2	198577571	198577668	96	1
NC_060927.1	198566581	198586597	2	1	+	NC_060927.1	198577668	198579683	198579972	198580259	MUC4	NM_018406.7	+	2	198579683	198579972	288	1
NC_060927.1	198566581	198586597	2	1	+	NC_060927.1	198579972	198580259	198580308	198580403	MUC4	NM_018406.7	+	2	198580259	198580308	48	1
NC_060927.1	198566581	198586597	2	1	+	NC_060927.1	198580308	198580403	198580452	198580835	MUC4	NM_018406.7	+	2	198580403	198580452	48	1
NC_060927.1	198566581	198586597	2	1	+	NC_060927.1	198580452	198580835	198580932	198581128	MUC4	NM_018406.7	+	2	198580835	198580932	96	1
NC_060927.1	198566581	198586597	2	1	+	NC_060927.1	198580932	198581128	198581225	198583100	MUC4	NM_018406.7	+	2	198581128	198581225	96	1
NC_060927.1	198566581	198586597	2	1	+	NC_060927.1	198581225	198583100	198583149	198583450	MUC4	NM_018406.7	+	2	198583100	198583149	48	1
NC_060927.1	198566581	198586597	2	1	+	NC_060927.1	198583149	198583450	198583499	198583766	MUC4	NM_018406.7	+	2	198583450	198583499	48	1
NC_060927.1	198566581	198586597	2	1	+	NC_060927.1	198583499	198583766	198583815	198584726	MUC4	NM_018406.7	+	2	198583766	198583815	48	1
NC_060927.1	198566581	198586597	2	1	+	NC_060927.1	198583815	198584726	198584775	198585014	MUC4	NM_018406.7	+	2	198584726	198584775	48	1
NC_060927.1	198566581	198586597	2	1	+	NC_060927.1	198584775	198585014	198585063	198585260	MUC4	NM_018406.7	+	2	198585014	198585063	48	1
NC_060927.1	198566581	198586597	2	1	+	NC_060927.1	198585063	198585260	198585309	198585617	MUC4	NM_018406.7	+	2	198585260	198585309	48	1
NC_060927.1	198566581	198586597	2	1	+	NC_060927.1	198585309	198585617	198585666	198585938	MUC4	NM_018406.7	+	2	198585617	198585666	48	1
NC_060927.1	198566581	198586597	2	1	+	NC_060927.1	198585666	198585938	198585987	198586070	MUC4	NM_018406.7	+	2	198585938	198585987	48	1
NC_060927.1	198566581	198586597	2	1	+	NC_060927.1	198585987	198586070	198586215	198586262	MUC4	NM_018406.7	+	2	198586070	198586215	144	1
NC_060927.1	198566581	198586597	2	1	+	NC_060927.1	198586215	198586262	198586311	198586538	MUC4	NM_018406.7	+	2	198586262	198586311	48	1
NC_060927.1	198600553	198601039	2	1	+	NC_060927.1	198600582	198600761	198600909	198601034	MUC4	NM_001322468.1	+	2	198600761	198600909	147	4
NC_060927.1	198719043	198720309	1	1	+	NC_060927.1	198719275	198719769	198719818	198720309	LOC124906326	XM_047444154.1	+	1	198719769	198719818	48	1
NC_060927.1	199734816	199735254	-1	1	-	NC_060927.1	199734998	199735154	199734846	199734913	MELTF	NM_005929.6	-	1	199734913	199734998	84	2
NC_060927.1	199734816	199735254	-1	1	-	NC_060927.1	199734998	199735151	199734846	199734913	MELTF	XM_054346562.1	-	1	199734913	199734998	84	2
NC_060927.1	200389494	200390643	-1	1	-	NC_060927.1	200389852	200390415	200389549	200389713	LOC112268458	XM_047444138.1	-	1	200389713	200389852	138	1
NC_060927.1	20187560	20188184	-2	1	-	NC_060927.1	20187872	20188013	20187594	20187790	SGO1	NM_001012409.4	-	2	20187790	20187872	81	22
NC_060927.1	38281061	38281382	3	1	+	NC_060927.1	38281079	38281199	38281287	38281381	SLC22A13	NM_004256.4	+	3	38281199	38281287	87	1
NC_060927.1	38378445	38378817	1	1	+	NC_060927.1	38378470	38378594	38378706	38378787	XYLB	XM_054348667.1	+	1	38378594	38378706	111	1
NC_060927.1	39142149	39142545	1	1	+	NC_060927.1	39142254	39142326	39142423	39142533	TTC21A	NM_001105513.3	+	1	39142326	39142423	96	16
NC_060927.1	40496884	40497481	2	1	+	NC_060927.1	40496933	40497086	40497300	40497419	ZNF619	NM_001145082.4	+	2	40497086	40497300	213	2
NC_060927.1	40496884	40497481	2	1	+	NC_060927.1	40497053	40497086	40497300	40497419	ZNF619	XM_054346289.1	+	2	40497086	40497300	213	1
NC_060927.1	42716714	42717233	-2	1	-	NC_060927.1	42717042	42717155	42716718	42716912	HHATL	NM_020707.4	-	2	42716912	42717042	129	8
NC_060927.1	45946683	45947310	-1	1	-	NC_060927.1	45946954	45947164	45946711	45946848	FYCO1	NM_001386424.1	-	1	45946848	45946954	105	1
NC_060927.1	46595318	46595942	3	1	+	NC_060927.1	46595320	46595454	46595827	46595941	CRIPTO	NM_001174136.2	+	3	46595454	46595827	372	2
NC_060927.1	46874644	46874881	-3	1	-	NC_060927.1	46874782	46874859	46874645	46874670	MYL3	NM_000258.3	-	3	46874670	46874782	111	5
NC_060927.1	46874644	46874881	-3	1	-	NC_060927.1	46874782	46874844	46874645	46874670	MYL3	NM_001406941.1	-	3	46874670	46874782	111	1
NC_060927.1	46914579	46915530	1	1	+	NC_060927.1	46914769	46914863	46915053	46915248	PTH1R	NM_000316.3	+	1	46914863	46915053	189	7
NC_060927.1	46918872	46919310	1	1	+	NC_060927.1	46918917	46919058	46919140	46919181	PTH1R	NM_000316.3	+	1	46919058	46919140	81	5
NC_060927.1	46918894	46919182	2	1	+	NC_060927.1	46918921	46919058	46919140	46919181	PTH1R	XM_054347377.1	+	2	46919058	46919140	81	2
NC_060927.1	46938441	46938873	-1	1	-	NC_060927.1	46938618	46938694	46938442	46938521	CCDC12	NM_001277074.2	-	1	46938521	46938618	96	2
NC_060927.1	46939709	46940063	-2	1	-	NC_060927.1	46939989	46940050	46939711	46939745	CCDC12	NM_001277074.2	-	2	46939745	46939989	243	2
NC_060927.1	47005123	47005744	2	1	+	NC_060927.1	47005204	47005332	47005447	47005528	NBEAL2	NM_001365116.2	+	2	47005332	47005447	114	10
NC_060927.1	47005123	47005744	2	1	+	NC_060927.1	47005447	47005528	47005622	47005743	NBEAL2	NM_001365116.2	+	2	47005528	47005622	93	10
NC_060927.1	47024631	47025033	1	1	+	NC_060927.1	47024647	47024805	47024884	47025032	NBEAL2	NM_001365116.2	+	1	47024805	47024884	78	11
NC_060927.1	47422591	47423584	2	1	+	NC_060927.1	47422745	47422825	47422901	47423032	PTPN23	NM_001304482.2	+	2	47422825	47422901	75	3
NC_060927.1	47422591	47423584	2	1	+	NC_060927.1	47422901	47423032	47423123	47423170	PTPN23	NM_001304482.2	+	2	47423032	47423123	90	3
NC_060927.1	47425566	47426127	1	1	+	NC_060927.1	47425583	47425737	47425837	47425988	PTPN23	NM_001304482.2	+	1	47425737	47425837	99	3
NC_060927.1	47425868	47428388	3	1	+	NC_060927.1	47426075	47426254	47426348	47428106	PTPN23	NM_001304482.2	+	3	47426254	47426348	93	3
NC_060927.1	47425868	47428388	3	1	+	NC_060927.1	47426348	47428106	47428203	47428387	PTPN23	NM_001304482.2	+	3	47428106	47428203	96	3
NC_060927.1	47428891	47429602	2	1	+	NC_060927.1	47428934	47429047	47429126	47429602	PTPN23	NM_001304482.2	+	2	47429047	47429126	78	3
NC_060927.1	48468213	48468558	1	1	+	NC_060927.1	48468310	48468325	48468416	48468471	TMA7	NM_001329417.2	+	1	48468325	48468416	90	2
NC_060927.1	48601276	48601510	-3	1	-	NC_060927.1	48601463	48601498	48601340	48601381	COL7A1	NM_000094.4	-	3	48601381	48601463	81	8
NC_060927.1	48601797	48602106	-1	1	-	NC_060927.1	48601981	48602016	48601822	48601902	COL7A1	NM_000094.4	-	1	48601902	48601981	78	8
NC_060927.1	48604022	48604658	-2	1	-	NC_060927.1	48604299	48604499	48604167	48604202	COL7A1	NM_000094.4	-	2	48604202	48604299	96	9
NC_060927.1	48607199	48607874	-2	1	-	NC_060927.1	48607413	48607475	48607281	48607325	COL7A1	NM_000094.4	-	2	48607325	48607413	87	10
NC_060927.1	48608382	48609033	-1	1	-	NC_060927.1	48608548	48608628	48608440	48608475	COL7A1	NM_000094.4	-	1	48608475	48608548	72	10
NC_060927.1	48613842	48614235	-1	1	-	NC_060927.1	48613996	48614076	48613870	48613905	COL7A1	NM_000094.4	-	1	48613905	48613996	90	10
NC_060927.1	48615283	48615748	-3	1	-	NC_060927.1	48615523	48615649	48615292	48615438	COL7A1	NM_000094.4	-	3	48615438	48615523	84	10
NC_060927.1	48618963	48619551	-1	1	-	NC_060927.1	48619419	48619544	48619173	48619316	COL7A1	NM_000094.4	-	1	48619316	48619419	102	10
NC_060927.1	48620801	48621248	-2	1	-	NC_060927.1	48621062	48621208	48620858	48620974	COL7A1	NM_000094.4	-	2	48620974	48621062	87	10
NC_060927.1	48721937	48722420	-2	1	-	NC_060927.1	48722255	48722342	48721939	48722164	IP6K2	XM_054346808.1	-	2	48722164	48722255	90	1
NC_060927.1	49046061	49046640	-1	1	-	NC_060927.1	49046440	49046604	49046063	49046358	DALRD3	NM_001009996.3	-	1	49046358	49046440	81	6
NC_060927.1	49054349	49054649	-2	1	-	NC_060927.1	49054559	49054649	49054364	49054459	IMPDH2	NM_000884.3	-	2	49054459	49054559	99	4
NC_060927.1	49143423	49144017	-1	1	-	NC_060927.1	49143796	49144010	49143516	49143711	USP19	NM_001199160.2	-	1	49143711	49143796	84	29
NC_060927.1	49143423	49144017	-1	1	-	NC_060927.1	49143796	49144016	49143516	49143711	USP19	NM_001199161.2	-	1	49143711	49143796	84	30
NC_060927.1	49144020	49144506	-1	1	-	NC_060927.1	49144352	49144423	49144119	49144234	USP19	NM_001199160.2	-	1	49144234	49144352	117	59
NC_060927.1	49152148	49152742	-3	1	-	NC_060927.1	49152467	49152684	49152262	49152358	LAMB2	NM_002292.4	-	3	49152358	49152467	108	2
NC_060927.1	49448337	49448835	-1	1	-	NC_060927.1	49448644	49448789	49448355	49448535	AMT	NM_000481.4	-	1	49448535	49448644	108	4
NC_060927.1	49703550	49704006	1	1	+	NC_060927.1	49703686	49703697	49703773	49703905	APEH	NM_001640.4	+	1	49703697	49703773	75	1
NC_060927.1	49710971	49711256	3	1	+	NC_060927.1	49711006	49711089	49711171	49711251	APEH	NM_001640.4	+	3	49711089	49711171	81	5
NC_060927.1	49713552	49713942	-1	1	-	NC_060927.1	49713834	49713940	49713598	49713737	MST1	NM_001393581.1	-	1	49713737	49713834	96	5
NC_060927.1	49713552	49713942	-1	1	-	NC_060927.1	49713834	49713940	49713655	49713737	MST1	NM_001393582.1	-	1	49713737	49713834	96	2
NC_060927.1	49715108	49715594	-2	1	-	NC_060927.1	49715346	49715476	49715144	49715246	MST1	NM_001393581.1	-	2	49715246	49715346	99	8
NC_060927.1	49716225	49716645	-1	1	-	NC_060927.1	49716435	49716571	49716237	49716353	MST1	NM_001393581.1	-	1	49716353	49716435	81	11
NC_060927.1	49716225	49716645	-1	1	-	NC_060927.1	49716435	49716571	49716233	49716353	MST1	NM_001393582.1	-	1	49716353	49716435	81	7
NC_060927.1	49822339	49822999	-3	1	-	NC_060927.1	49822727	49822947	49822341	49822483	CDHR4	NM_001007540.4	-	3	49822483	49822727	243	7
NC_060927.1	49869612	49870266	-1	1	-	NC_060927.1	49870177	49870266	49869665	49869753	TRAIP	NM_005879.3	-	1	49869753	49870177	423	3
NC_060927.1	49890918	49891512	-1	1	-	NC_060927.1	49891336	49891474	49891077	49891197	CAMKV	NM_001320147.2	-	1	49891197	49891336	138	2
NC_060927.1	50300223	50300529	1	1	+	NC_060927.1	50300224	50300343	50300422	50300515	SEMA3B	NM_001005914.3	+	1	50300343	50300422	78	7
NC_060927.1	50317702	50318146	-3	1	-	NC_060927.1	50317940	50318068	50317766	50317861	IFRD2	NM_006764.5	-	3	50317861	50317940	78	1
NC_060927.1	50379216	50379870	-1	1	-	NC_060927.1	50379654	50379819	50379388	50379551	NPRL2	XM_054344962.1	-	1	50379551	50379654	102	1
NC_060927.1	50394388	50395222	-3	1	-	NC_060927.1	50394608	50394696	50394389	50394526	CACNA2D2	NM_001005505.3	-	3	50394526	50394608	81	2
NC_060927.1	50394388	50395222	-3	1	-	NC_060927.1	50394608	50394690	50394389	50394526	CACNA2D2	NM_001174051.3	-	3	50394526	50394608	81	4
NC_060927.1	50407636	50408188	-3	1	-	NC_060927.1	50408006	50408055	50407730	50407819	CACNA2D2	NM_001005505.3	-	3	50407819	50408006	186	6
NC_060927.1	51862470	51862770	1	1	+	NC_060927.1	51862495	51862512	51862684	51862731	IQCF3	NM_001085479.3	+	1	51862512	51862684	171	3
NC_060927.1	51966427	51966781	-3	1	-	NC_060927.1	51966627	51966700	51966428	51966518	RRP9	NM_004704.5	-	3	51966518	51966627	108	2
NC_060927.1	51992597	51993296	-2	1	-	NC_060927.1	51993108	51993239	51992814	51992942	PCBP4	NM_001174100.2	-	2	51992942	51993108	165	15
NC_060927.1	52021527	52021992	1	1	+	NC_060927.1	52021686	52021746	52021831	52021992	ACY1	NM_000666.3	+	1	52021746	52021831	84	5
NC_060927.1	52021527	52021992	1	1	+	NC_060927.1	52021686	52021746	52021831	52021992	ABHD14A-ACY1	NM_001316331.2	+	1	52021746	52021831	84	1
NC_060927.1	52385733	52386750	1	1	+	NC_060927.1	52386085	52386283	52386362	52386615	DNAH1	NM_015512.5	+	1	52386283	52386362	78	1
NC_060927.1	52442533	52442818	-3	1	-	NC_060927.1	52442695	52442724	52442535	52442589	BAP1	NM_001410772.1	-	3	52442589	52442695	105	7
NC_060927.1	52484178	52484535	-1	1	-	NC_060927.1	52484292	52484428	52484179	52484207	TNNC1	NM_003280.3	-	1	52484207	52484292	84	1
NC_060927.1	52512652	52513420	2	1	+	NC_060927.1	52512653	52512766	52513088	52513420	NISCH	NM_001276293.2	+	2	52512766	52513088	321	1
NC_060927.1	52512652	52513420	2	1	+	NC_060927.1	52512653	52512766	52513088	52513199	NISCH	NM_001276294.2	+	2	52512766	52513088	321	3
NC_060927.1	52537590	52538166	1	1	+	NC_060927.1	52537639	52537776	52537903	52538043	STAB1	NM_015136.3	+	1	52537776	52537903	126	8
NC_060927.1	52548891	52549410	1	1	+	NC_060927.1	52548940	52549135	52549253	52549348	STAB1	NM_015136.3	+	1	52549135	52549253	117	8
NC_060927.1	52550167	52550668	2	1	+	NC_060927.1	52550217	52550290	52550447	52550521	STAB1	NM_015136.3	+	2	52550290	52550447	156	8
NC_060927.1	52555916	52556447	3	1	+	NC_060927.1	52555933	52556042	52556130	52556249	STAB1	NM_015136.3	+	3	52556042	52556130	87	6
NC_060927.1	52560727	52561078	-3	1	-	NC_060927.1	52560913	52560973	52560729	52560831	NT5DC2	NM_001134231.2	-	3	52560831	52560913	81	4
NC_060927.1	52726244	52726739	3	1	+	NC_060927.1	52726319	52726455	52726543	52726718	GNL3	NM_014366.5	+	3	52726455	52726543	87	3
NC_060927.1	52856983	52857898	-3	1	-	NC_060927.1	52857752	52857868	52857307	52857475	ITIH4	NM_001166449.2	-	3	52857475	52857752	276	2
NC_060927.1	52856983	52857898	-3	1	-	NC_060927.1	52857307	52857475	52857100	52857225	ITIH4	NM_001166449.2	-	3	52857225	52857307	81	2
NC_060927.1	53260811	53261510	-2	1	-	NC_060927.1	53261178	53261261	53260958	53261051	TKT	NM_001064.4	-	2	53261051	53261178	126	4
NC_060927.1	58190265	58190943	1	1	+	NC_060927.1	58190306	58190458	58190561	58190683	FLNB	NM_001164317.2	+	1	58190458	58190561	102	4
NC_060927.1	62414564	62415182	-2	1	-	NC_060927.1	62415048	62415182	62414732	62414864	FEZF2	NM_018008.4	-	2	62414864	62415048	183	1
NC_060927.1	74343425	74343881	-2	1	-	NC_060927.1	74343677	74343835	74343428	74343577	CNTN3	NM_001393376.1	-	2	74343577	74343677	99	5
NC_060927.1	96603851	96604346	-2	1	-	NC_060927.1	96604184	96604306	96603947	96604078	PROS1	NM_000313.4	-	2	96604078	96604184	105	3
NC_060927.1	9826396	9826819	2	1	+	NC_060927.1	9826428	9826504	9826682	9826819	TTLL3	NM_001387448.1	+	2	9826504	9826682	177	2
NC_060927.1	9920297	9920732	3	1	+	NC_060927.1	9920317	9920498	9920592	9920642	IL17RC	NM_001203263.2	+	3	9920498	9920592	93	34
NC_060927.1	9934770	9935334	1	1	+	NC_060927.1	9934799	9934882	9935063	9935158	CRELD1	NM_001031717.4	+	1	9934882	9935063	180	10
NC_060928.1	1001066	1001654	3	1	+	NC_060928.1	1001083	1001517	1001596	1001654	IDUA	XM_054349934.1	+	3	1001517	1001596	78	1
NC_060928.1	1001331	1001709	1	1	+	NC_060928.1	1001392	1001517	1001596	1001672	IDUA	NM_000203.5	+	1	1001517	1001596	78	7
NC_060928.1	1002026	1002437	3	1	+	NC_060928.1	1002059	1002159	1002307	1002437	IDUA	NM_000203.5	+	3	1002159	1002307	147	7
NC_060928.1	1022150	1023389	3	1	+	NC_060928.1	1022356	1022709	1022950	1023389	FGFRL1	NM_001004356.3	+	3	1022709	1022950	240	5
NC_060928.1	106470465	106471185	-3	1	-	NC_060928.1	106470871	106471185	106470475	106470747	CENPE	NM_001286734.2	-	3	106470747	106470871	123	17
NC_060928.1	1169394	1170192	-3	1	-	NC_060928.1	1169935	1170158	1169671	1169862	SPON2	NM_001128325.3	-	3	1169862	1169935	72	3
NC_060928.1	148467907	148468303	-2	1	-	NC_060928.1	148468198	148468301	148467909	148468095	OTUD4	NM_001102653.1	-	2	148468095	148468198	102	6
NC_060928.1	155975581	155976121	-2	1	-	NC_060928.1	155975818	155976078	155975689	155975727	TMEM154	NM_152680.3	-	2	155975727	155975818	90	2
NC_060928.1	171536745	171537033	1	1	+	NC_060928.1	171536782	171536835	171536932	171537025	ANXA10	NM_007193.5	+	1	171536835	171536932	96	2
NC_060928.1	20685849	20686521	1	1	+	NC_060928.1	20686162	20686213	20686340	20686494	PACRGL	NM_001130727.3	+	1	20686213	20686340	126	15
NC_060928.1	20685849	20686521	1	1	+	NC_060928.1	20686146	20686213	20686340	20686494	PACRGL	XM_054348946.1	+	1	20686213	20686340	126	13
NC_060928.1	2896656	2897088	1	1	+	NC_060928.1	2896657	2896800	2896906	2897004	ADD1	NM_001119.5	+	1	2896800	2896906	105	24
NC_060928.1	2930247	2930682	-3	1	-	NC_060928.1	2930508	2930616	2930288	2930399	SLC75A1	NM_001120.5	-	3	2930399	2930508	108	6
NC_060928.1	2930372	2930750	-1	1	-	NC_060928.1	2930508	2930616	2930373	2930399	SLC75A1	XM_054348719.1	-	1	2930399	2930508	108	1
NC_060928.1	2931502	2932126	-2	1	-	NC_060928.1	2932030	2932126	2931569	2931672	SLC75A1	NM_001120.5	-	2	2931672	2932030	357	6
NC_060928.1	3484572	3485787	1	1	+	NC_060928.1	3484573	3484858	3485237	3485356	DOK7	XM_054349714.1	+	1	3484858	3485237	378	1
NC_060928.1	3499920	3500580	1	1	+	NC_060928.1	3500009	3500161	3500450	3500580	DOK7	NM_001301071.2	+	1	3500161	3500450	288	2
NC_060928.1	39427650	39428169	-3	1	-	NC_060928.1	39428046	39428091	39427846	39427961	RPL9	NM_000661.5	-	3	39427961	39428046	84	2
NC_060928.1	41230737	41231076	1	1	+	NC_060928.1	41230765	41230797	41230903	41230914	UCHL1	NM_004181.5	+	1	41230797	41230903	105	1
NC_060928.1	48105489	48105873	-3	1	-	NC_060928.1	48105732	48105850	48105493	48105650	TEC	NM_003215.3	-	3	48105650	48105732	81	3
NC_060928.1	958730	959453	-1	1	-	NC_060928.1	959157	959309	958731	958829	DGKQ	NM_001347.4	-	1	958829	959157	327	3
NC_060928.1	999420	999993	1	1	+	NC_060928.1	999515	999610	999698	999928	IDUA	XM_054349938.1	+	1	999610	999698	87	1
NC_060928.1	999703	1001200	2	1	+	NC_060928.1	999726	1000532	1000779	1000991	IDUA	XM_054349932.1	+	2	1000532	1000779	246	3
NC_060929.1	1229029	1229713	-3	1	-	NC_060929.1	1229606	1229661	1229477	1229521	CLPTM1L	NM_030782.5	-	3	1229521	1229606	84	3
NC_060929.1	133005925	133006639	-3	1	-	NC_060929.1	133006571	133006620	133006333	133006462	IRF1	NM_001354924.1	-	3	133006462	133006571	108	6
NC_060929.1	133005925	133006639	-3	1	-	NC_060929.1	133006333	133006462	133006027	133006149	IRF1	NM_001354925.1	-	3	133006149	133006333	183	4
NC_060929.1	133407596	133407962	-2	1	-	NC_060929.1	133407849	133407912	133407598	133407734	AFF4	NM_014423.4	-	2	133407734	133407849	114	5
NC_060929.1	134638331	134639204	3	1	+	NC_060929.1	134638536	134638784	134638950	134639016	TCF7	NM_001346425.2	+	3	134638784	134638950	165	13
NC_060929.1	140871250	140871946	-3	1	-	NC_060929.1	140871715	140871760	140871343	140871516	HBEGF	NM_001945.3	-	3	140871516	140871715	198	1
NC_060929.1	142052011	142052497	-3	1	-	NC_060929.1	142052279	142052443	142052020	142052155	DIAPH1	NM_001079812.3	-	3	142052155	142052279	123	5
NC_060929.1	149775387	149775729	1	1	+	NC_060929.1	149775512	149775610	149775698	149775729	ABLIM3	XM_054352096.1	+	1	149775610	149775698	87	1
NC_060929.1	150606727	150607156	-3	1	-	NC_060929.1	150607003	150607118	150606729	150606849	CSF1R	NM_001288705.3	-	3	150606849	150607003	153	5
NC_060929.1	150669919	150670630	-3	1	-	NC_060929.1	150670484	150670611	150670189	150670363	PDGFRB	NM_001355016.2	-	3	150670363	150670484	120	3
NC_060929.1	150741132	150741675	1	1	+	NC_060929.1	150741133	150741232	150741428	150741528	SLC6A7	NM_014228.5	+	1	150741232	150741428	195	4
NC_060929.1	150915706	150916327	2	1	+	NC_060929.1	150915770	150915949	150916073	150916273	TCOF1	NM_000356.4	+	2	150915949	150916073	123	30
NC_060929.1	151229387	151229861	-2	1	-	NC_060929.1	151229732	151229820	151229408	151229539	RBM22	NM_018047.3	-	2	151229539	151229732	192	1
NC_060929.1	155337244	155337808	2	1	+	NC_060929.1	155337254	155337377	155337504	155337709	LARP1	NM_001367713.1	+	2	155337377	155337504	126	18
NC_060929.1	155474888	155475164	3	1	+	NC_060929.1	155475009	155475036	155475115	155475163	MRPL22	NM_014180.4	+	3	155475036	155475115	78	1
NC_060929.1	160808994	160809471	-1	1	-	NC_060929.1	160809409	160809465	160809081	160809294	CCNJL	XM_054353441.1	-	1	160809294	160809409	114	2
NC_060929.1	162673	163240	2	1	+	NC_060929.1	162746	162835	162917	163147	PLEKHG4B	NM_052909.5	+	2	162835	162917	81	1
NC_060929.1	176909628	176911185	1	1	+	NC_060929.1	176909911	176910093	176910727	176910928	ARL10	NM_001317948.2	+	1	176910093	176910727	633	5
NC_060929.1	177074635	177075346	-3	1	-	NC_060929.1	177075137	177075298	177074637	177074761	RNF44	NM_014901.5	-	3	177074761	177075137	375	18
NC_060929.1	177122129	177122669	3	1	+	NC_060929.1	177122208	177122369	177122607	177122668	CDHR2	NM_001171976.2	+	3	177122369	177122607	237	2
NC_060929.1	177128756	177129629	3	1	+	NC_060929.1	177128763	177128832	177128983	177129588	CDHR2	NM_001171976.2	+	3	177128832	177128983	150	2
NC_060929.1	177198146	177198590	3	1	+	NC_060929.1	177198204	177198254	177198342	177198488	TSPAN17	NM_001006616.3	+	3	177198254	177198342	87	4
NC_060929.1	177422782	177423571	2	1	+	NC_060929.1	177423018	177423105	177423361	177423529	UNC5A	NM_133369.3	+	2	177423105	177423361	255	4
NC_060929.1	177424051	177425104	2	1	+	NC_060929.1	177424070	177424219	177424301	177424465	UNC5A	NM_133369.3	+	2	177424219	177424301	81	2
NC_060929.1	177424051	177425104	2	1	+	NC_060929.1	177424070	177424219	177424301	177425104	UNC5A	XM_054353748.1	+	2	177424219	177424301	81	2
NC_060929.1	177427126	177427732	-3	1	-	NC_060929.1	177427518	177427673	177427128	177427361	HK3	NM_002115.3	-	3	177427361	177427518	156	1
NC_060929.1	177850355	177851267	-2	1	-	NC_060929.1	177851015	177851198	177850356	177850429	MXD3	NM_001142935.2	-	2	177850429	177851015	585	1
NC_060929.1	177909683	177910454	3	1	+	NC_060929.1	177909930	177910022	177910113	177910256	RGS14	NM_001366617.1	+	3	177910022	177910113	90	4
NC_060929.1	177914489	177915011	3	1	+	NC_060929.1	177914566	177914612	177914691	177914805	RGS14	NM_001366617.1	+	3	177914612	177914691	78	4
NC_060929.1	177929128	177929653	2	1	+	NC_060929.1	177929205	177929354	177929439	177929567	SLC34A1	NM_001167579.2	+	2	177929354	177929439	84	2
NC_060929.1	177979271	177979802	3	1	+	NC_060929.1	177979324	177979532	177979644	177979781	GRK6	NM_001004105.3	+	3	177979532	177979644	111	8
NC_060929.1	177983929	177984631	2	1	+	NC_060929.1	177983951	177984088	177984170	177984304	GRK6	NM_001004105.3	+	2	177984088	177984170	81	8
NC_060929.1	178026593	178027208	-2	1	-	NC_060929.1	178027058	178027178	178026855	178026970	PDLIM7	NM_005451.5	-	2	178026970	178027058	87	2
NC_060929.1	178035252	178035771	-1	1	-	NC_060929.1	178035500	178035651	178035379	178035409	PDLIM7	NM_005451.5	-	1	178035409	178035500	90	3
NC_060929.1	178692765	178693353	1	1	+	NC_060929.1	178692842	178692987	178693111	178693251	RMND5B	NM_001288794.2	+	1	178692987	178693111	123	6
NC_060929.1	178692765	178693353	1	1	+	NC_060929.1	178692883	178692987	178693111	178693251	RMND5B	XM_054353142.1	+	1	178692987	178693111	123	2
NC_060929.1	178697771	178698143	3	1	+	NC_060929.1	178697792	178697894	178697988	178698142	RMND5B	NM_001288794.2	+	3	178697894	178697988	93	8
NC_060929.1	178796183	178796597	-2	1	-	NC_060929.1	178796499	178796552	178796205	178796231	COL23A1	NM_173465.4	-	2	178796231	178796499	267	10
NC_060929.1	179539376	179540255	-2	1	-	NC_060929.1	179540094	179540239	179539386	179540009	GRM6	NM_000843.4	-	2	179540009	179540094	84	1
NC_060929.1	180350883	180351219	1	1	+	NC_060929.1	180350982	180351052	180351137	180351218	LTC4S	NM_145867.2	+	1	180351052	180351137	84	1
NC_060929.1	180422526	180423021	-1	1	-	NC_060929.1	180422898	180422969	180422565	180422615	TBC1D9B	NM_198868.3	-	1	180422615	180422898	282	1
NC_060929.1	181146121	181147258	-3	1	-	NC_060929.1	181146488	181146726	181146122	181146142	SCGB3A1	NM_052863.3	-	3	181146142	181146488	345	1
NC_060929.1	181164909	181165155	-1	1	-	NC_060929.1	181165059	181165131	181164910	181164953	FLT4	XM_054352176.1	-	1	181164953	181165059	105	1
NC_060929.1	746265	746766	-1	1	-	NC_060929.1	746547	746702	746271	746399	ZDHHC11	XM_054353500.1	-	1	746399	746547	147	7
NC_060929.1	746265	746766	-1	1	-	NC_060929.1	746547	746649	746271	746399	ZDHHC11	XM_054353512.1	-	1	746399	746547	147	2
NC_060929.1	746265	746766	-1	1	-	NC_060929.1	746547	746691	746271	746399	ZDHHC11	XM_054353518.1	-	1	746399	746547	147	2
NC_060929.1	7835915	7836371	3	1	+	NC_060929.1	7835987	7836079	7836188	7836370	MTRR	NM_001364440.2	+	3	7836079	7836188	108	8
NC_060929.1	914579	915182	3	1	+	NC_060929.1	914679	914703	914800	914835	NKD2	NM_001271082.2	+	3	914703	914800	96	5
NC_060929.1	96232690	96233404	2	1	+	NC_060929.1	96232919	96232920	96233095	96233320	RHOBTB3	NM_014899.4	+	2	96232920	96233095	174	2
NC_060930.1	110620520	110620994	3	1	+	NC_060930.1	110620581	110620663	110620790	110620922	SMPD2	NM_003080.3	+	3	110620663	110620790	126	2
NC_060930.1	110631643	110632495	-2	1	-	NC_060930.1	110631977	110632234	110631676	110631883	MICAL1	NM_001159291.2	-	2	110631883	110631977	93	2
NC_060930.1	110631643	110632495	-2	1	-	NC_060930.1	110631977	110632277	110631676	110631883	MICAL1	NM_001286613.2	-	2	110631883	110631977	93	1
NC_060930.1	133145784	133146387	-3	1	-	NC_060930.1	133146145	133146210	133145808	133146030	CCN2	NM_001901.4	-	3	133146030	133146145	114	1
NC_060930.1	152009922	152010285	1	1	+	NC_060930.1	152009923	152010018	152010190	152010276	PLEKHG1	NM_001029884.3	+	1	152010018	152010190	171	10
NC_060930.1	159310764	159311214	1	1	+	NC_060930.1	159310789	159310938	159311014	159311179	SYNJ2	NM_001178088.2	+	1	159310938	159311014	75	14
NC_060930.1	168518760	168520026	1	1	+	NC_060930.1	168518809	168518817	168518914	168520026	CCR6	NM_001394582.1	+	1	168518817	168518914	96	3
NC_060930.1	225917	230831	3	1	+	NC_060930.1	225936	227967	228370	228716	LOC124906582	XM_047444791.1	+	3	227967	228370	402	1
NC_060930.1	25642270	25642732	2	1	+	NC_060930.1	25642367	25642499	25642584	25642731	SLC17A4	NM_001286121.1	+	2	25642499	25642584	84	11
NC_060930.1	25642270	25642732	2	1	+	NC_060930.1	25642367	25642499	25642584	25642732	SLC17A4	XM_054353981.1	+	2	25642499	25642584	84	1
NC_060930.1	30209265	30209610	1	1	+	NC_060930.1	30209383	30209439	30209509	30209609	RPP21	NM_001199120.3	+	1	30209439	30209509	69	3
NC_060930.1	30441998	30442388	3	1	+	NC_060930.1	30441999	30442094	30442257	30442383	ABCF1	NM_001025091.2	+	3	30442094	30442257	162	2
NC_060930.1	30454481	30454874	3	1	+	NC_060930.1	30454482	30454554	30454711	30454874	ABCF1	NM_001025091.2	+	3	30454554	30454711	156	2
NC_060930.1	30523535	30524081	-1	1	-	NC_060930.1	30523941	30524039	30523677	30523829	DHX16	NM_001164239.2	-	1	30523829	30523941	111	6
NC_060930.1	30526824	30527472	-3	1	-	NC_060930.1	30527116	30527226	30526832	30526947	DHX16	NM_001164239.2	-	3	30526947	30527116	168	4
NC_060930.1	30753313	30753691	2	1	+	NC_060930.1	30753386	30753470	30753564	30753666	DDR1	NM_001202521.1	+	2	30753470	30753564	93	44
NC_060930.1	30753313	30753691	2	1	+	NC_060930.1	30753344	30753470	30753564	30753666	DDR1	NM_001410869.1	+	2	30753470	30753564	93	12
NC_060930.1	30757633	30758185	2	1	+	NC_060930.1	30757740	30757835	30757944	30758095	DDR1	NM_001202521.1	+	2	30757835	30757944	108	56
NC_060930.1	30787365	30787683	1	1	+	NC_060930.1	30787387	30787455	30787579	30787657	VARS2	NM_001167733.3	+	1	30787455	30787579	123	3
NC_060930.1	31010280	31010835	-3	1	-	NC_060930.1	31010649	31010820	31010281	31010402	CCHCR1	NM_001105563.3	-	3	31010402	31010649	246	25
NC_060930.1	31012352	31012799	-1	1	-	NC_060930.1	31012571	31012759	31012373	31012474	CCHCR1	NM_001105563.3	-	1	31012474	31012571	96	25
NC_060930.1	31024409	31024751	-1	1	-	NC_060930.1	31024703	31024718	31024411	31024624	CCHCR1	NM_001394642.1	-	1	31024624	31024703	78	16
NC_060930.1	31024409	31024751	-1	1	-	NC_060930.1	31024703	31024718	31024411	31024516	CCHCR1	NM_001394648.1	-	1	31024516	31024703	186	5
NC_060930.1	31212574	31213501	-2	1	-	NC_060930.1	31212979	31213051	31212580	31212849	HLA-B	NM_005514.8	-	2	31212849	31212979	129	1
NC_060930.1	31619290	31619881	-2	1	-	NC_060930.1	31619510	31619811	31619292	31619431	VWA7	NM_025258.3	-	2	31619431	31619510	78	1
NC_060930.1	31620190	31620652	-2	1	-	NC_060930.1	31620409	31620561	31620205	31620297	VWA7	NM_025258.3	-	2	31620297	31620409	111	1
NC_060930.1	31631929	31632688	-2	1	-	NC_060930.1	31632472	31632583	31632014	31632339	VARS1	NM_006295.3	-	2	31632339	31632472	132	2
NC_060930.1	31634368	31634974	-2	1	-	NC_060930.1	31634738	31634808	31634528	31634653	VARS1	NM_006295.3	-	2	31634653	31634738	84	2
NC_060930.1	31712961	31713525	-3	1	-	NC_060930.1	31713282	31713504	31712962	31713185	NEU1	NM_000434.4	-	3	31713185	31713282	96	1
NC_060930.1	31717890	31718421	-3	1	-	NC_060930.1	31718250	31718320	31718056	31718150	SLC44A4	NM_001178044.2	-	3	31718150	31718250	99	3
NC_060930.1	31733906	31734521	-1	1	-	NC_060930.1	31734249	31734327	31733908	31734083	EHMT2	NM_001289413.2	-	1	31734083	31734249	165	13
NC_060930.1	31797721	31798243	2	1	+	NC_060930.1	31797932	31798058	31798185	31798234	C2	NM_000063.6	+	2	31798058	31798185	126	5
NC_060930.1	31804482	31804902	1	1	+	NC_060930.1	31804546	31804678	31804760	31804809	CFB	NM_001710.6	+	1	31804678	31804760	81	1
NC_060930.1	31849412	31849814	3	1	+	NC_060930.1	31849413	31849529	31849635	31849806	C4A	NM_001252204.2	+	3	31849529	31849635	105	2
NC_060930.1	31852086	31852644	1	1	+	NC_060930.1	31852211	31852397	31852512	31852602	C4A	NM_007293.3	+	1	31852397	31852512	114	1
NC_060930.1	31882150	31882552	2	1	+	NC_060930.1	31882151	31882267	31882373	31882544	C4B	NM_001002029.4	+	2	31882267	31882373	105	1
NC_060930.1	31884824	31885382	3	1	+	NC_060930.1	31884949	31885135	31885250	31885340	C4B	NM_001002029.4	+	3	31885135	31885250	114	1
NC_060930.1	31896139	31896673	-2	1	-	NC_060930.1	31896379	31896522	31896155	31896285	TNXB	NM_001365276.2	-	2	31896285	31896379	93	4
NC_060930.1	31896872	31897385	-1	1	-	NC_060930.1	31897211	31897333	31896953	31897096	TNXB	NM_001365276.2	-	1	31897096	31897211	114	4
NC_060930.1	31921544	31922690	-1	1	-	NC_060930.1	31922039	31922353	31921607	31921924	TNXB	NM_001365276.2	-	1	31921924	31922039	114	3
NC_060930.1	32008844	32009180	3	1	+	NC_060930.1	32008876	32008971	32009059	32009166	PPT2	NM_001204103.2	+	3	32008971	32009059	87	3
NC_060930.1	32033199	32033514	1	1	+	NC_060930.1	32033200	32033317	32033420	32033514	RNF5	NM_006913.4	+	1	32033317	32033420	102	1
NC_060930.1	32073294	32073864	-3	1	-	NC_060930.1	32073600	32073836	32073324	32073479	NOTCH4	NM_004557.4	-	3	32073479	32073600	120	1
NC_060930.1	32801507	32802080	3	1	+	NC_060930.1	32801707	32801829	32801947	32802080	BRD2	NM_001113182.3	+	3	32801829	32801947	117	5
NC_060930.1	32986893	32987352	-3	1	-	NC_060930.1	32987284	32987337	32986902	32987169	COL11A2	NM_001424108.1	-	3	32987169	32987284	114	16
NC_060930.1	32988592	32989003	-2	1	-	NC_060930.1	32988779	32988886	32988617	32988670	COL11A2	NM_001424108.1	-	2	32988670	32988779	108	16
NC_060930.1	32991603	32992134	-3	1	-	NC_060930.1	32991910	32991963	32991679	32991732	COL11A2	NM_001424108.1	-	3	32991732	32991910	177	16
NC_060930.1	33016296	33016830	-3	1	-	NC_060930.1	33016716	33016819	33016298	33016403	RXRB	NM_001270401.2	-	3	33016403	33016716	312	4
NC_060930.1	33016296	33016830	-3	1	-	NC_060930.1	33016716	33016807	33016298	33016403	RXRB	NM_021976.5	-	3	33016403	33016716	312	2
NC_060930.1	33111348	33111813	1	1	+	NC_060930.1	33111536	33111606	33111688	33111812	PFDN6	NM_001185181.3	+	1	33111606	33111688	81	5
NC_060930.1	33115155	33115587	-3	1	-	NC_060930.1	33115396	33115428	33115157	33115278	RGL2	NM_001243738.2	-	3	33115278	33115396	117	8
NC_060930.1	33116329	33116617	-2	1	-	NC_060930.1	33116489	33116573	33116339	33116407	RGL2	NM_001243738.2	-	2	33116407	33116489	81	9
NC_060930.1	33505429	33506242	2	1	+	NC_060930.1	33505543	33505651	33505784	33505874	ITPR3	NM_002224.4	+	2	33505651	33505784	132	5
NC_060930.1	35113250	35113862	3	1	+	NC_060930.1	35113347	35113463	35113722	35113797	ZNF76	NM_001292032.2	+	3	35113463	35113722	258	12
NC_060930.1	35113250	35113862	3	1	+	NC_060930.1	35113334	35113463	35113722	35113797	ZNF76	XM_054356321.1	+	3	35113463	35113722	258	3
NC_060930.1	35115390	35116197	1	1	+	NC_060930.1	35115635	35115868	35115962	35116125	ZNF76	NM_001292032.2	+	1	35115868	35115962	93	14
NC_060930.1	35956978	35957407	2	1	+	NC_060930.1	35956979	35957093	35957202	35957273	MAPK13	NM_002754.5	+	2	35957093	35957202	108	2
NC_060930.1	36146776	36147439	-2	1	-	NC_060930.1	36147320	36147384	36146800	36147043	BNIP5	NM_001010903.5	-	2	36147043	36147320	276	3
NC_060930.1	36146776	36147439	-2	1	-	NC_060930.1	36147320	36147367	36146800	36147043	BNIP5	XM_054355415.1	-	2	36147043	36147320	276	1
NC_060930.1	39717611	39718190	3	1	+	NC_060930.1	39717735	39717841	39718028	39718116	DAAM2	NM_001201427.2	+	3	39717841	39718028	186	16
NC_060930.1	41418638	41419259	3	1	+	NC_060930.1	41418804	41418887	41418996	41419203	FOXP4	NM_001012426.2	+	3	41418887	41418996	108	9
NC_060930.1	41418638	41419259	3	1	+	NC_060930.1	41418804	41418887	41419032	41419203	FOXP4	NM_001405824.1	+	3	41418887	41419032	144	6
NC_060930.1	42764413	42764815	2	1	+	NC_060930.1	42764476	42764537	42764601	42764734	CNPY3	NM_001318842.1	+	2	42764537	42764601	63	1
NC_060930.1	42839615	42840128	3	1	+	NC_060930.1	42839762	42839834	42839979	42840095	PPP2R5D	NM_001270476.2	+	3	42839834	42839979	144	4
NC_060930.1	43033356	43034211	1	1	+	NC_060930.1	43033535	43033644	43033720	43033902	CUL9	NM_015089.4	+	1	43033644	43033720	75	5
NC_060930.1	43033356	43034211	1	1	+	NC_060930.1	43033720	43033902	43034050	43034210	CUL9	NM_015089.4	+	1	43033902	43034050	147	5
NC_060930.1	43033356	43034211	1	1	+	NC_060930.1	43033535	43033644	43033720	43034210	CUL9	XM_054354820.1	+	1	43033644	43033720	75	13
NC_060930.1	43277570	43277972	3	1	+	NC_060930.1	43277648	43277777	43277874	43277971	ABCC10	XM_054356704.1	+	3	43277777	43277874	96	1
NC_060930.1	43277570	43277972	3	1	+	NC_060930.1	43277648	43277777	43277874	43277972	ABCC10	XM_054356705.1	+	3	43277777	43277874	96	1
NC_060930.1	43987768	43988335	2	1	+	NC_060930.1	43987820	43987900	43988147	43988335	TMEM63B	NM_001318792.1	+	2	43987900	43988147	246	20
NC_060930.1	44016860	44017508	3	1	+	NC_060930.1	44017101	44017179	44017279	44017395	CAPN11	NM_007058.4	+	3	44017179	44017279	99	5
NC_060930.1	44094151	44094769	-2	1	-	NC_060930.1	44094602	44094690	44094194	44094433	NFKBIE	NM_004556.3	-	2	44094433	44094602	168	1
NC_060930.1	56487151	56487469	-2	1	-	NC_060930.1	56487374	56487469	56487153	56487280	DST	NM_001144769.5	-	2	56487280	56487374	93	9
NC_060930.1	74530141	74530957	-2	1	-	NC_060930.1	74530801	74530912	74530540	74530719	DPPA5	NM_001025290.3	-	2	74530719	74530801	81	1
NC_060930.1	74696011	74696629	-2	1	-	NC_060930.1	74696441	74696620	74696036	74696332	EEF1A1	NM_001402.6	-	2	74696332	74696441	108	2
NC_060930.1	86853754	86854252	-2	1	-	NC_060930.1	86854076	86854189	86853800	86853976	SYNCRIP	NM_001159673.2	-	2	86853976	86854076	99	15
NC_060931.1	101344862	101345213	3	1	+	NC_060931.1	101344891	101344944	101345086	101345192	AP4M1	NM_001363671.2	+	3	101344944	101345086	141	12
NC_060931.1	101817745	101818045	-3	1	-	NC_060931.1	101817905	101817995	101817747	101817823	LRCH4	XM_054358234.1	-	3	101817823	101817905	81	7
NC_060931.1	101817899	101818658	-2	1	-	NC_060931.1	101818242	101818341	101817905	101817995	LRCH4	NM_001289934.2	-	2	101817995	101818242	246	8
NC_060931.1	101817899	101818658	-2	1	-	NC_060931.1	101818242	101818399	101817905	101817995	LRCH4	XM_054358231.1	-	2	101817995	101818242	246	8
NC_060931.1	101843166	101844438	1	1	+	NC_060931.1	101843511	101843619	101844040	101844298	PCOLCE	NM_002593.4	+	1	101843619	101844040	420	1
NC_060931.1	101854859	101855261	3	1	+	NC_060931.1	101854948	101855112	101855233	101855261	MOSPD3	NM_001040097.2	+	3	101855112	101855233	120	7
NC_060931.1	101866684	101867620	-3	1	-	NC_060931.1	101867345	101867572	101866844	101866984	TFR2	NM_001206855.3	-	3	101866984	101867345	360	2
NC_060931.1	101868019	101868415	-3	1	-	NC_060931.1	101868305	101868387	101868154	101868217	TFR2	NM_001206855.3	-	3	101868217	101868305	87	2
NC_060931.1	101873021	101873492	-2	1	-	NC_060931.1	101873310	101873421	101873082	101873204	TFR2	NM_001206855.3	-	2	101873204	101873310	105	2
NC_060931.1	101887303	101887747	-3	1	-	NC_060931.1	101887526	101887615	101887305	101887366	ACTL6B	NM_016188.5	-	3	101887366	101887526	159	1
NC_060931.1	101888607	101889072	-1	1	-	NC_060931.1	101888811	101888905	101888638	101888744	ACTL6B	NM_016188.5	-	1	101888744	101888811	66	1
NC_060931.1	101895783	101896476	-1	1	-	NC_060931.1	101896410	101896434	101895883	101895959	ACTL6B	NM_016188.5	-	1	101895959	101896410	450	1
NC_060931.1	101922811	101923765	-3	1	-	NC_060931.1	101923628	101923710	101923382	101923522	GIGYF1	NM_001375759.1	-	3	101923522	101923628	105	10
NC_060931.1	102108174	102109062	1	1	+	NC_060931.1	102108208	102108333	102108595	102108966	TRIP6	NM_003302.3	+	1	102108333	102108595	261	1
NC_060931.1	102124840	102125161	2	1	+	NC_060931.1	102124841	102124939	102125024	102125141	SRRT	NM_001128852.2	+	2	102124939	102125024	84	10
NC_060931.1	102295752	102320043	1	1	+	NC_060931.1	102295874	102300304	102303554	102306301	MUC12	NM_001164462.2	+	1	102300304	102303554	3249	1
NC_060931.1	102529746	102530421	-1	1	-	NC_060931.1	102530242	102530367	102529747	102529899	PLOD3	NM_001084.5	-	1	102529899	102530242	342	2
NC_060931.1	102533744	102534305	-2	1	-	NC_060931.1	102533994	102534135	102533793	102533906	PLOD3	NM_001084.5	-	2	102533906	102533994	87	2
NC_060931.1	102535051	102535510	-3	1	-	NC_060931.1	102535308	102535412	102535053	102535178	PLOD3	NM_001084.5	-	3	102535178	102535308	129	2
NC_060931.1	103783352	103783898	3	1	+	NC_060931.1	103783436	103783670	103783773	103783889	LRWD1	NM_152892.3	+	3	103783670	103783773	102	1
NC_060931.1	103801215	103801905	-1	1	-	NC_060931.1	103801446	103801510	103801216	103801334	RASA4B	NM_001277335.2	-	1	103801334	103801446	111	6
NC_060931.1	103900268	103900958	-2	1	-	NC_060931.1	103900499	103900563	103900269	103900387	RASA4	NM_001079877.2	-	2	103900387	103900499	111	4
NC_060931.1	106447434	106447839	-1	1	-	NC_060931.1	106447714	106447814	106447501	106447608	SRPK2	NM_001278273.2	-	1	106447608	106447714	105	24
NC_060931.1	106879465	106879855	2	1	+	NC_060931.1	106879483	106879663	106879736	106879854	RINT1	NM_001346599.2	+	2	106879663	106879736	72	9
NC_060931.1	107427482	107428130	-2	1	-	NC_060931.1	107427873	107427923	107427534	107427605	SYPL1	NM_001381910.1	-	2	107427605	107427873	267	5
NC_060931.1	1088891	1090649	3	1	+	NC_060931.1	1089408	1089570	1089946	1090095	CYP2W1	NM_017781.3	+	3	1089570	1089946	375	3
NC_060931.1	1088891	1090649	3	1	+	NC_060931.1	1089946	1090095	1090162	1090319	CYP2W1	NM_017781.3	+	3	1090095	1090162	66	3
NC_060931.1	130154010	130154670	1	1	+	NC_060931.1	130154096	130154289	130154380	130154493	FLNC	NM_001127487.2	+	1	130154289	130154380	90	2
NC_060931.1	130156676	130157201	3	1	+	NC_060931.1	130156722	130156839	130156930	130157192	FLNC	NM_001127487.2	+	3	130156839	130156930	90	2
NC_060931.1	130166366	130166888	3	1	+	NC_060931.1	130166395	130166547	130166641	130166763	FLNC	NM_001127487.2	+	3	130166547	130166641	93	2
NC_060931.1	142980754	142981363	-3	1	-	NC_060931.1	142981039	142981170	142980756	142980906	DENND11	NM_001080392.2	-	3	142980906	142981039	132	1
NC_060931.1	143380237	143380930	2	1	+	NC_060931.1	143380432	143380565	143380686	143380720	MGAM	NM_001365693.1	+	2	143380565	143380686	120	7
NC_060931.1	143836704	143837328	1	1	+	NC_060931.1	143836816	143836864	143836988	143837278	TRBV5-6	unassigned_transcript_1439	+	1	143836864	143836988	123	1
NC_060931.1	143885970	143886768	1	1	+	NC_060931.1	143886178	143886226	143886353	143886647	TRBV7-9	unassigned_transcript_1446	+	1	143886226	143886353	126	1
NC_060931.1	144270060	144270558	-1	1	-	NC_060931.1	144270340	144270505	144270099	144270165	TRPV5	NM_019841.7	-	1	144270165	144270340	174	1
NC_060931.1	144317061	144317571	-1	1	-	NC_060931.1	144317446	144317484	144317206	144317283	KEL	XM_054358183.1	-	1	144317283	144317446	162	1
NC_060931.1	144743857	144744373	2	1	+	NC_060931.1	144743916	144744085	144744194	144744372	ZYX	NM_001010972.2	+	2	144744085	144744194	108	4
NC_060931.1	150911090	150911444	3	1	+	NC_060931.1	150911107	150911289	150911407	150911444	KRABD3	XM_054359246.1	+	3	150911289	150911407	117	1
NC_060931.1	152182000	152182390	2	1	+	NC_060931.1	152182052	152182184	152182311	152182389	NOS3	NM_000603.5	+	2	152182184	152182311	126	1
NC_060931.1	152196566	152196908	-2	1	-	NC_060931.1	152196810	152196853	152196568	152196632	ATG9B	NM_001317056.2	-	2	152196632	152196810	177	6
NC_060931.1	152224646	152225381	3	1	+	NC_060931.1	152224898	152224989	152225071	152225150	ASIC3	NM_004769.4	+	3	152224989	152225071	81	3
NC_060931.1	152229940	152230486	-3	1	-	NC_060931.1	152230160	152230248	152229996	152230063	CDK5	NM_001164410.3	-	3	152230063	152230160	96	2
NC_060931.1	152248599	152249412	1	1	+	NC_060931.1	152248724	152248893	152249131	152249304	SLC4A2	NM_001199692.3	+	1	152248893	152249131	237	4
NC_060931.1	152289647	152290391	3	1	+	NC_060931.1	152289880	152289938	152290182	152290269	AGAP3	NM_001042535.4	+	3	152289938	152290182	243	17
NC_060931.1	152291268	152291877	1	1	+	NC_060931.1	152291297	152291431	152291561	152291719	AGAP3	XM_054357214.1	+	1	152291431	152291561	129	4
NC_060931.1	152412281	152413142	-2	1	-	NC_060931.1	152412744	152412866	152412516	152412617	SMARCD3	NM_001003801.2	-	2	152412617	152412744	126	6
NC_060931.1	1582711	1583197	-3	1	-	NC_060931.1	1582978	1583087	1582712	1582824	INTS1	NM_001080453.3	-	3	1582824	1582978	153	2
NC_060931.1	1590122	1591064	-2	1	-	NC_060931.1	1590881	1591040	1590521	1590661	INTS1	NM_001080453.3	-	2	1590661	1590881	219	2
NC_060931.1	1597011	1597875	-1	1	-	NC_060931.1	1597480	1597659	1597288	1597392	INTS1	NM_001080453.3	-	1	1597392	1597480	87	2
NC_060931.1	1598772	1599483	-1	1	-	NC_060931.1	1599112	1599291	1598815	1598964	INTS1	NM_001080453.3	-	1	1598964	1599112	147	2
NC_060931.1	1610465	1611167	-2	1	-	NC_060931.1	1610899	1611044	1610604	1610745	INTS1	NM_001080453.3	-	2	1610745	1610899	153	2
NC_060931.1	1661980	1662499	-3	1	-	NC_060931.1	1662251	1662326	1661982	1662073	TMEM184A	NM_001097620.2	-	3	1662073	1662251	177	1
NC_060931.1	26332055	26332361	-2	1	-	NC_060931.1	26332235	26332336	26332079	26332159	HNRNPA2B1	NM_001438063.1	-	2	26332159	26332235	75	14
NC_060931.1	2638707	2639184	1	1	+	NC_060931.1	2638827	2638980	2639098	2639183	LFNG	NM_001040167.2	+	1	2638980	2639098	117	3
NC_060931.1	2639564	2640335	3	1	+	NC_060931.1	2639657	2639822	2640249	2640334	LFNG	NM_001040167.2	+	3	2639822	2640249	426	3
NC_060931.1	31106348	31106936	3	1	+	NC_060931.1	31106478	31106580	31106707	31106814	GHRHR	NM_000823.4	+	3	31106580	31106707	126	1
NC_060931.1	38519529	38520267	-1	1	-	NC_060931.1	38520165	38520207	38519746	38520053	TRGV2	unassigned_transcript_1319	-	1	38520053	38520165	111	1
NC_060931.1	44232230	44232833	-2	1	-	NC_060931.1	44232630	44232732	44232282	44232524	POLM	NM_001362683.2	-	2	44232524	44232630	105	2
NC_060931.1	44269310	44270000	3	1	+	NC_060931.1	44269440	44269584	44269681	44269766	AEBP1	NM_001129.5	+	3	44269584	44269681	96	3
NC_060931.1	44392804	44393344	-3	1	-	NC_060931.1	44393135	44393172	44392886	44392957	CAMK2B	NM_001220.5	-	3	44392957	44393135	177	19
NC_060931.1	44392804	44393344	-3	1	-	NC_060931.1	44393135	44393175	44392886	44392957	CAMK2B	NM_172079.3	-	3	44392957	44393135	177	7
NC_060931.1	47997395	47997767	-2	1	-	NC_060931.1	47997624	47997734	47997458	47997530	PKD1L1	NM_138295.5	-	2	47997530	47997624	93	2
NC_060931.1	4876192	4876957	2	1	+	NC_060931.1	4876261	4876427	4876521	4876805	FOXK1	NM_001037165.2	+	2	4876427	4876521	93	1
NC_060931.1	4902602	4902914	3	1	+	NC_060931.1	4902622	4902659	4902729	4902891	AP5Z1	NM_001364858.1	+	3	4902659	4902729	69	3
NC_060931.1	56240877	56241738	-1	1	-	NC_060931.1	56241451	56241576	56240878	56241120	PHKG1	NM_001258459.2	-	1	56241120	56241451	330	6
NC_060931.1	6521270	6521846	3	1	+	NC_060931.1	6521271	6521430	6521719	6521846	RAC1	NM_006908.5	+	3	6521430	6521719	288	2
NC_060931.1	6621655	6622426	-3	1	-	NC_060931.1	6622247	6622402	6622025	6622111	GRID2IP	NM_001145118.2	-	3	6622111	6622247	135	4
NC_060931.1	74797421	74798606	-2	1	-	NC_060931.1	74798051	74798582	74797734	74797801	MLXIPL	NM_032951.3	-	2	74797801	74798051	249	14
NC_060931.1	74797421	74798606	-2	1	-	NC_060931.1	74797734	74797801	74797508	74797658	MLXIPL	NM_032951.3	-	2	74797658	74797734	75	10
NC_060931.1	74797421	74798606	-2	1	-	NC_060931.1	74797734	74797801	74797508	74797655	MLXIPL	XM_054358319.1	-	2	74797655	74797734	78	4
NC_060931.1	75951293	75951743	3	1	+	NC_060931.1	75951316	75951381	75951559	75951742	GTF2I	NM_001163636.3	+	3	75951381	75951559	177	5
NC_060931.1	75981394	75981736	2	1	+	NC_060931.1	75981395	75981470	75981570	75981735	NCF1	NM_000265.7	+	2	75981470	75981570	99	1
NC_060931.1	76226630	76226957	3	1	+	NC_060931.1	76226701	76226795	76226895	76226957	CASTOR2	NM_001145064.3	+	3	76226795	76226895	99	1
NC_060931.1	77273469	77273898	1	1	+	NC_060931.1	77273579	77273724	77273815	77273897	POR	NM_001367562.3	+	1	77273724	77273815	90	7
NC_060931.1	95649653	95649956	3	1	+	NC_060931.1	95649654	95649707	95649858	95649911	COL1A2	NM_000089.4	+	3	95649707	95649858	150	1
NC_060931.1	99461090	99461579	-2	1	-	NC_060931.1	99461355	99461504	99461092	99461249	TECPR1	NM_015395.3	-	2	99461249	99461355	105	4
NC_060932.1	101087565	101087871	-2	1	-	NC_060932.1	101087778	101087871	101087580	101087660	RGS22	NM_001286692.2	-	2	101087660	101087778	117	12
NC_060932.1	141005571	141005964	-2	1	-	NC_060932.1	141005808	141005898	141005572	141005606	TRAPPC9	XM_054361329.1	-	2	141005606	141005808	201	4
NC_060932.1	143631251	143631959	3	1	+	NC_060932.1	143631334	143631409	143631635	143631737	ADGRB1	NM_001391985.1	+	3	143631409	143631635	225	17
NC_060932.1	143686637	143687207	3	1	+	NC_060932.1	143686704	143686739	143686902	143687009	ADGRB1	NM_001391985.1	+	3	143686739	143686902	162	17
NC_060932.1	144225322	144225820	2	1	+	NC_060932.1	144225374	144225446	144225531	144225647	LY6L	NM_001368160.2	+	2	144225446	144225531	84	1
NC_060932.1	144360168	144360747	1	1	+	NC_060932.1	144360245	144360358	144360491	144360570	GPIHBP1	NM_001301772.2	+	1	144360358	144360491	132	1
NC_060932.1	144360168	144360747	1	1	+	NC_060932.1	144360245	144360358	144360491	144360747	GPIHBP1	NM_178172.6	+	1	144360358	144360491	132	1
NC_060932.1	144464844	144465312	-2	1	-	NC_060932.1	144465223	144465291	144464928	144465042	TOP1MT	NM_001258446.1	-	2	144465042	144465223	180	17
NC_060932.1	144708962	144710411	3	1	+	NC_060932.1	144709168	144709360	144709994	144710162	GSDMD	NM_001166237.1	+	3	144709360	144709994	633	2
NC_060932.1	144724714	144725452	-1	1	-	NC_060932.1	144725018	144725098	144724819	144724921	NAPRT	NM_001286829.2	-	1	144724921	144725018	96	4
NC_060932.1	144726040	144726691	-1	1	-	NC_060932.1	144726458	144726573	144726042	144726238	NAPRT	NM_001286829.2	-	1	144726238	144726458	219	3
NC_060932.1	144863106	144864591	-2	1	-	NC_060932.1	144864076	144864519	144863107	144863979	CCDC166	NM_001162914.1	-	2	144863979	144864076	96	1
NC_060932.1	144874217	144874745	3	1	+	NC_060932.1	144874485	144874514	144874650	144874740	MAPK15	NM_139021.3	+	3	144874514	144874650	135	3
NC_060932.1	144874217	144874745	3	1	+	NC_060932.1	144874428	144874514	144874650	144874740	MAPK15	XM_054360092.1	+	3	144874514	144874650	135	5
NC_060932.1	144875028	144875595	1	1	+	NC_060932.1	144875213	144875343	144875431	144875594	MAPK15	NM_139021.3	+	1	144875343	144875431	87	8
NC_060932.1	144876594	144877644	1	1	+	NC_060932.1	144877140	144877277	144877437	144877542	MAPK15	NM_139021.3	+	1	144877277	144877437	159	4
NC_060932.1	144876594	144877644	1	1	+	NC_060932.1	144877175	144877277	144877437	144877542	MAPK15	XM_054360095.1	+	1	144877277	144877437	159	3
NC_060932.1	144945544	144946765	2	1	+	NC_060932.1	144945682	144945736	144945929	144946021	IQANK1	NM_001381874.1	+	2	144945736	144945929	192	2
NC_060932.1	144945544	144946765	2	1	+	NC_060932.1	144945929	144946021	144946464	144946557	IQANK1	NM_001381874.1	+	2	144946021	144946464	442	1
NC_060932.1	144945544	144946765	2	1	+	NC_060932.1	144946464	144946557	144946630	144946764	IQANK1	NM_001381874.1	+	2	144946557	144946630	72	1
NC_060932.1	144945544	144946765	2	1	+	NC_060932.1	144945929	144946021	144946464	144946764	IQANK1	XM_054361002.1	+	2	144946021	144946464	442	1
NC_060932.1	144947957	144949013	-3	1	-	NC_060932.1	144948369	144948406	144948159	144948233	SCRIB	NM_182706.5	-	3	144948233	144948369	135	1
NC_060932.1	144948976	144949639	-1	1	-	NC_060932.1	144949469	144949576	144949201	144949360	SCRIB	NM_015356.5	-	1	144949360	144949469	108	2
NC_060932.1	144948976	144949639	-1	1	-	NC_060932.1	144949201	144949360	144948978	144949128	SCRIB	NM_015356.5	-	1	144949128	144949201	72	2
NC_060932.1	144959812	144960436	-1	1	-	NC_060932.1	144960140	144960433	144959876	144960064	SCRIB	NM_015356.5	-	1	144960064	144960140	75	2
NC_060932.1	144960922	144961600	-1	1	-	NC_060932.1	144961427	144961507	144961061	144961318	SCRIB	NM_015356.5	-	1	144961318	144961427	108	2
NC_060932.1	144974428	144974983	-1	1	-	NC_060932.1	144974891	144974983	144974560	144974773	PUF60	NM_001136033.3	-	1	144974773	144974891	117	19
NC_060932.1	144995400	144995868	-2	1	-	NC_060932.1	144995718	144995801	144995584	144995639	NRBP2	NM_178564.4	-	2	144995639	144995718	78	7
NC_060932.1	145014680	145031633	-3	1	-	NC_060932.1	145024782	145031522	145014681	145023191	EPPK1	NM_031308.4	-	3	145023191	145024782	1590	1
NC_060932.1	145092316	145093231	-1	1	-	NC_060932.1	145092914	145093009	145092597	145092724	PLEC	NM_000445.5	-	1	145092724	145092914	189	44
NC_060932.1	145092983	145093478	-3	1	-	NC_060932.1	145093290	145093396	145093089	145093208	PLEC	NM_000445.5	-	3	145093208	145093290	81	27
NC_060932.1	145092983	145093478	-3	1	-	NC_060932.1	145093302	145093396	145093089	145093208	PLEC	XM_054360661.1	-	3	145093208	145093302	93	17
NC_060932.1	145143429	145144005	-2	1	-	NC_060932.1	145143676	145143897	145143474	145143570	PARP10	NM_001317895.2	-	2	145143570	145143676	105	2
NC_060932.1	145143429	145144005	-2	1	-	NC_060932.1	145143676	145143897	145143501	145143570	PARP10	XM_054361377.1	-	2	145143570	145143676	105	1
NC_060932.1	145216411	145217341	-1	1	-	NC_060932.1	145216998	145217110	145216639	145216790	OPLAH	NM_017570.5	-	1	145216790	145216998	207	8
NC_060932.1	145244770	145245418	2	1	+	NC_060932.1	145244790	145244891	145244985	145245181	GPAA1	NM_003801.4	+	2	145244891	145244985	93	1
NC_060932.1	145267138	145267558	2	1	+	NC_060932.1	145267139	145267260	145267351	145267470	MAF1	NM_032272.5	+	2	145267260	145267351	90	1
NC_060932.1	145429676	145430120	3	1	+	NC_060932.1	145429677	145429811	145429884	145429986	MROH1	NM_001288814.2	+	3	145429811	145429884	72	16
NC_060932.1	145429676	145430120	3	1	+	NC_060932.1	145429685	145429811	145429884	145429986	MROH1	XM_054361135.1	+	3	145429811	145429884	72	12
NC_060932.1	145429676	145430120	3	1	+	NC_060932.1	145429677	145429811	145429884	145430119	MROH1	XM_054361136.1	+	3	145429811	145429884	72	5
NC_060932.1	145522367	145522859	-3	1	-	NC_060932.1	145522583	145522778	145522407	145522492	CATSPERQ	NM_001252402.3	-	3	145522492	145522583	90	2
NC_060932.1	145522862	145523519	-3	1	-	NC_060932.1	145523246	145523396	145522866	145522960	CATSPERQ	NM_001252402.3	-	3	145522960	145523246	285	2
NC_060932.1	145528154	145529471	3	1	+	NC_060932.1	145528252	145529122	145529219	145529342	SLC52A2	NM_001253815.2	+	3	145529122	145529219	96	9
NC_060932.1	145528154	145529471	3	1	+	NC_060932.1	145528744	145529122	145529219	145529342	SLC52A2	NM_001363122.2	+	3	145529122	145529219	96	5
NC_060932.1	145528154	145529471	3	1	+	NC_060932.1	145528386	145529122	145529219	145529342	SLC52A2	NM_001410949.1	+	3	145529122	145529219	96	1
NC_060932.1	145560300	145560891	1	1	+	NC_060932.1	145560343	145560368	145560483	145560678	ADCK5	XM_054359951.1	+	1	145560368	145560483	114	2
NC_060932.1	145561648	145562383	2	1	+	NC_060932.1	145561876	145561967	145562082	145562334	ADCK5	NM_174922.5	+	2	145561967	145562082	114	6
NC_060932.1	145563793	145564330	-1	1	-	NC_060932.1	145564016	145564192	145563871	145563937	CPSF1	NM_013291.3	-	1	145563937	145564016	78	7
NC_060932.1	145563793	145564330	-1	1	-	NC_060932.1	145564025	145564192	145563871	145563937	CPSF1	XM_054360381.1	-	1	145563937	145564025	87	2
NC_060932.1	145566355	145567645	-1	1	-	NC_060932.1	145567380	145567516	145567124	145567298	CPSF1	NM_013291.3	-	1	145567298	145567380	81	7
NC_060932.1	145566355	145567645	-1	1	-	NC_060932.1	145567380	145567513	145567124	145567298	CPSF1	XM_054360380.1	-	1	145567298	145567380	81	2
NC_060932.1	145568000	145568453	-3	1	-	NC_060932.1	145568337	145568450	145568114	145568255	CPSF1	NM_013291.3	-	3	145568255	145568337	81	8
NC_060932.1	145569009	145569588	-2	1	-	NC_060932.1	145569400	145569522	145569264	145569315	CPSF1	NM_013291.3	-	2	145569315	145569400	84	8
NC_060932.1	145569009	145569588	-2	1	-	NC_060932.1	145569264	145569315	145569088	145569185	CPSF1	NM_013291.3	-	2	145569185	145569264	78	8
NC_060932.1	145569802	145570204	-1	1	-	NC_060932.1	145569982	145570092	145569804	145569897	CPSF1	NM_013291.3	-	1	145569897	145569982	84	8
NC_060932.1	145606186	145606840	-1	1	-	NC_060932.1	145606571	145606734	145606372	145606495	TONSL	NM_013432.5	-	1	145606495	145606571	75	4
NC_060932.1	145613840	145614719	-3	1	-	NC_060932.1	145614203	145614227	145613993	145614088	TONSL	NM_013432.5	-	3	145614088	145614203	114	2
NC_060932.1	145668482	145668827	3	1	+	NC_060932.1	145668535	145668605	145668681	145668826	PPP1R16A	NM_001329442.2	+	3	145668605	145668681	75	22
NC_060932.1	145680129	145680489	1	1	+	NC_060932.1	145680134	145680273	145680364	145680488	SLC33A2	XM_054359687.1	+	1	145680273	145680364	90	1
NC_060932.1	145682921	145684181	-3	1	-	NC_060932.1	145683335	145683476	145683180	145683244	RECQL4	NM_001413017.1	-	3	145683244	145683335	90	4
NC_060932.1	145682921	145684181	-3	1	-	NC_060932.1	145683335	145683476	145682982	145683244	RECQL4	NM_001413019.1	-	3	145683244	145683335	90	28
NC_060932.1	145685946	145686981	-2	1	-	NC_060932.1	145686350	145686948	145686172	145686253	RECQL4	NM_001413017.1	-	2	145686253	145686350	96	3
NC_060932.1	145694572	145695178	-1	1	-	NC_060932.1	145695002	145695160	145694627	145694905	LRRC24	NM_001024678.4	-	1	145694905	145695002	96	1
NC_060932.1	146230981	146231464	2	1	+	NC_060932.1	146231063	146231147	146231298	146231444	C8orf33	NM_023080.3	+	2	146231147	146231298	150	2
NC_060932.1	22299046	22299826	2	1	+	NC_060932.1	22299206	22299263	22299393	22299478	NPM2	NM_001286680.2	+	2	22299263	22299393	129	11
NC_060932.1	22310411	22310636	3	1	+	NC_060932.1	22310450	22310483	22310595	22310636	NPM2	NM_001286680.2	+	3	22310483	22310595	111	8
NC_060932.1	22371448	22372768	2	1	+	NC_060932.1	22371473	22371577	22371674	22371796	FHIP2B	NM_001354250.2	+	2	22371577	22371674	96	5
NC_060932.1	22371448	22372768	2	1	+	NC_060932.1	22371674	22371796	22372025	22372267	FHIP2B	NM_001354250.2	+	2	22371796	22372025	228	5
NC_060932.1	22374991	22376140	2	1	+	NC_060932.1	22375396	22375486	22375664	22375807	FHIP2B	NM_001354250.2	+	2	22375486	22375664	177	5
NC_060932.1	22393612	22394659	-1	1	-	NC_060932.1	22394290	22394455	22394052	22394121	HR	NM_005144.5	-	1	22394121	22394290	168	2
NC_060932.1	22393612	22394659	-1	1	-	NC_060932.1	22394052	22394121	22393708	22393838	HR	NM_005144.5	-	1	22393838	22394052	213	2
NC_060932.1	22412484	22413069	-2	1	-	NC_060932.1	22412874	22413009	22412587	22412741	REEP4	NM_025232.4	-	2	22412741	22412874	132	1
NC_060932.1	27728027	27728498	3	1	+	NC_060932.1	27728109	27728255	27728403	27728438	PTK2B	NM_004103.4	+	3	27728255	27728403	147	39
NC_060932.1	28345695	28346655	-2	1	-	NC_060932.1	28346422	28346644	28345720	28345950	NUGGC	NM_001010906.2	-	2	28345950	28346422	471	5
NC_060932.1	29047831	29048248	-1	1	-	NC_060932.1	29048111	29048248	29047832	29047969	INTS9	XM_054360795.1	-	1	29047969	29048111	141	3
NC_060932.1	38109982	38110651	2	1	+	NC_060932.1	38110097	38110246	38110376	38110537	ADGRA2	NM_032777.10	+	2	38110246	38110376	129	4
NC_060932.1	48225407	48226043	-3	1	-	NC_060932.1	48225634	48225758	48225409	48225558	PRKDC	NM_001081640.2	-	3	48225558	48225634	75	2
NC_060932.1	55056890	55057178	3	1	+	NC_060932.1	55056914	55056990	55057090	55057121	RP1	NM_001375654.1	+	3	55056990	55057090	99	2
NC_060932.1	9125497	9132238	2	1	+	NC_060932.1	9125598	9128866	9129059	9132238	RP1L1	NM_178857.6	+	2	9128866	9129059	192	1
NC_060932.1	92518715	92518973	3	1	+	NC_060932.1	92518725	92518779	92518864	92518967	SLC26A7	NM_001282356.2	+	3	92518779	92518864	84	4
NC_060932.1	95298665	95299151	-3	1	-	NC_060932.1	95298989	95299147	95298684	95298883	CDH17	NM_001144663.2	-	3	95298883	95298989	105	10
NC_060933.1	101544826	101545147	-3	1	-	NC_060933.1	101544951	101545123	101544832	101544875	SEMA4D	NM_001142287.2	-	3	101544875	101544951	75	44
NC_060933.1	105435740	105436370	3	1	+	NC_060933.1	105435997	105436116	105436210	105436320	WNK2	NM_001282394.3	+	3	105436116	105436210	93	1
NC_060933.1	105839100	105840522	1	1	+	NC_060933.1	105839101	105840191	105840228	105840522	LOC124902215	XM_047445427.1	+	1	105840191	105840228	36	1
NC_060933.1	125608870	125609125	-3	1	-	NC_060933.1	125609045	125609110	125608872	125608957	POLE3	NM_001278255.1	-	3	125608957	125609045	87	3
NC_060933.1	126200385	126201360	1	1	+	NC_060933.1	126200663	126200740	126201293	126201331	ZNF618	NM_001318040.2	+	1	126200740	126201293	552	50
NC_060933.1	126290909	126291374	-2	1	-	NC_060933.1	126291205	126291305	126290996	126291114	KIF12	NM_001388308.1	-	2	126291114	126291205	90	7
NC_060933.1	126467730	126468036	1	1	+	NC_060933.1	126467785	126467822	126467982	126468035	COL27A1	XM_054364063.1	+	1	126467822	126467982	159	1
NC_060933.1	126487977	126488499	1	1	+	NC_060933.1	126488065	126488118	126488323	126488446	COL27A1	XM_054364059.1	+	1	126488118	126488323	204	1
NC_060933.1	139921057	139921381	-3	1	-	NC_060933.1	139921334	139921379	139921058	139921237	PTRH1	NM_001002913.3	-	3	139921237	139921334	96	1
NC_060933.1	139921057	139921381	-3	1	-	NC_060933.1	139921334	139921379	139921058	139921144	PTRH1	NM_001345977.1	-	3	139921144	139921334	189	1
NC_060933.1	139927109	139927568	3	1	+	NC_060933.1	139927116	139927133	139927221	139927350	TTC16	XM_054362094.1	+	3	139927133	139927221	87	3
NC_060933.1	140464841	140465558	-2	1	-	NC_060933.1	140465094	140465312	140464904	140465006	GOLGA2	NM_001366244.2	-	2	140465006	140465094	87	14
NC_060933.1	140474271	140474631	-1	1	-	NC_060933.1	140474572	140474631	140474308	140474388	GOLGA2	NM_001366244.2	-	1	140474388	140474572	183	5
NC_060933.1	140474271	140474631	-1	1	-	NC_060933.1	140474572	140474631	140474308	140474373	GOLGA2	NM_001389695.2	-	1	140474373	140474572	198	1
NC_060933.1	140562445	140562979	2	1	+	NC_060933.1	140562501	140562665	140562753	140562899	SLC27A4	NM_005094.4	+	2	140562665	140562753	87	2
NC_060933.1	140635817	140636144	3	1	+	NC_060933.1	140635864	140635940	140636037	140636143	CERCAM	NM_001286760.1	+	3	140635940	140636037	96	6
NC_060933.1	140740321	140740801	2	1	+	NC_060933.1	140740362	140740504	140740610	140740800	GLE1	NM_001003722.2	+	2	140740504	140740610	105	9
NC_060933.1	140815734	140816154	1	1	+	NC_060933.1	140815738	140815841	140815986	140816148	SPTAN1	NM_001130438.3	+	1	140815841	140815986	144	29
NC_060933.1	140917851	140918421	1	1	+	NC_060933.1	140918036	140918145	140918257	140918400	PKN3	NM_001317926.2	+	1	140918145	140918257	111	6
NC_060933.1	140924412	140924877	1	1	+	NC_060933.1	140924453	140924595	140924677	140924784	PKN3	NM_001317926.2	+	1	140924595	140924677	81	6
NC_060933.1	140955746	140956397	-2	1	-	NC_060933.1	140956188	140956302	140955897	140956043	ZER1	NM_001375954.1	-	2	140956043	140956188	144	9
NC_060933.1	141186571	141186955	2	1	+	NC_060933.1	141186697	141186784	141186878	141186954	NUP188	NM_015354.3	+	2	141186784	141186878	93	1
NC_060933.1	141208736	141209276	3	1	+	NC_060933.1	141208737	141208964	141209079	141209210	NUP188	NM_015354.3	+	3	141208964	141209079	114	1
NC_060933.1	141288841	141289732	2	1	+	NC_060933.1	141288982	141289080	141289603	141289731	DOLPP1	NM_020438.5	+	2	141289080	141289603	522	1
NC_060933.1	142599937	142600384	2	1	+	NC_060933.1	142600007	142600088	142600191	142600327	HMCN2	NM_001291815.2	+	2	142600088	142600191	102	7
NC_060933.1	142634192	142634789	3	1	+	NC_060933.1	142634533	142634661	142634746	142634789	HMCN2	XM_054362618.1	+	3	142634661	142634746	84	1
NC_060933.1	143247023	143247473	3	1	+	NC_060933.1	143247088	143247276	143247355	143247472	LAMC3	NM_006059.4	+	3	143247276	143247355	78	3
NC_060933.1	143304809	143305652	3	1	+	NC_060933.1	143304897	143304927	143305069	143305130	AIF1L	NM_001185095.2	+	3	143304927	143305069	141	3
NC_060933.1	143797213	143797969	-3	1	-	NC_060933.1	143797487	143797565	143797280	143797381	RAPGEF1	NM_001304275.2	-	3	143797381	143797487	105	24
NC_060933.1	144873361	144873934	-3	1	-	NC_060933.1	144873654	144873910	144873476	144873551	DDX31	NM_001322340.2	-	3	144873551	144873654	102	14
NC_060933.1	144873361	144873934	-3	1	-	NC_060933.1	144873654	144873769	144873476	144873551	DDX31	NM_001322342.1	-	3	144873551	144873654	102	1
NC_060933.1	145570140	145570773	-1	1	-	NC_060933.1	145570354	145570407	145570209	145570260	SURF1	NM_003172.4	-	1	145570260	145570354	93	1
NC_060933.1	145570285	145571023	2	1	+	NC_060933.1	145570547	145570624	145570868	145571022	SURF2	NM_001278928.2	+	2	145570624	145570868	243	2
NC_060933.1	145689217	145689958	-3	1	-	NC_060933.1	145689807	145689853	145689368	145689515	SLC2A6	XM_054361882.1	-	3	145689515	145689807	291	1
NC_060933.1	148428096	148428846	-1	1	-	NC_060933.1	148428451	148428602	148428195	148428363	LHX3	NM_001363746.1	-	1	148428363	148428451	87	4
NC_060933.1	148485058	148485964	-3	1	-	NC_060933.1	148485735	148485847	148485181	148485257	CCDC187	NM_001378188.1	-	3	148485257	148485735	477	1
NC_060933.1	148611006	148611759	-1	1	-	NC_060933.1	148611588	148611671	148611159	148611365	SNAPC4	XM_054363626.1	-	1	148611365	148611588	222	1
NC_060933.1	148616816	148617245	-2	1	-	NC_060933.1	148617075	148617181	148616818	148616912	SNAPC4	NM_001394201.1	-	2	148616912	148617075	162	8
NC_060933.1	148688530	148688962	-3	1	-	NC_060933.1	148688845	148688962	148688532	148688643	SEC16A	NM_001276418.2	-	3	148688643	148688845	201	52
NC_060933.1	148902866	148903685	3	1	+	NC_060933.1	148902895	148902990	148903150	148903311	EGFL7	NM_016215.5	+	3	148902990	148903150	159	9
NC_060933.1	148988374	148988767	-3	1	-	NC_060933.1	148988590	148988694	148988422	148988511	LCN8	NM_001345934.2	-	3	148988511	148988590	78	3
NC_060933.1	149091012	149091795	1	1	+	NC_060933.1	149091089	149091223	149091347	149091480	MAMDC4	NM_206920.3	+	1	149091223	149091347	123	1
NC_060933.1	149091227	149092049	3	1	+	NC_060933.1	149091549	149091768	149091841	149091978	MAMDC4	NM_206920.3	+	3	149091768	149091841	72	1
NC_060933.1	149092283	149092916	3	1	+	NC_060933.1	149092368	149092458	149092582	149092728	MAMDC4	NM_206920.3	+	3	149092458	149092582	123	1
NC_060933.1	149180679	149181138	1	1	+	NC_060933.1	149180825	149180926	149181011	149181049	C8G	NM_000606.3	+	1	149180926	149181011	84	1
NC_060933.1	149180679	149181138	1	1	+	NC_060933.1	149181011	149181049	149181128	149181138	C8G	NM_000606.3	+	1	149181049	149181128	78	1
NC_060933.1	149227389	149228151	1	1	+	NC_060933.1	149227464	149227654	149227754	149227822	PAXX	NM_001329678.2	+	1	149227654	149227754	99	2
NC_060933.1	149227389	149228151	1	1	+	NC_060933.1	149227754	149227822	149227991	149228075	PAXX	NM_001329678.2	+	1	149227822	149227991	168	2
NC_060933.1	149242661	149243300	-2	1	-	NC_060933.1	149243148	149243285	149242833	149243039	ABCA2	NM_001411042.1	-	2	149243039	149243148	108	4
NC_060933.1	149246671	149247055	-3	1	-	NC_060933.1	149246903	149247008	149246683	149246794	ABCA2	NM_001411042.1	-	3	149246794	149246903	108	4
NC_060933.1	149248508	149249324	-2	1	-	NC_060933.1	149249108	149249228	149248586	149248822	ABCA2	NM_001411042.1	-	2	149248822	149249108	285	4
NC_060933.1	149249823	149250321	-1	1	-	NC_060933.1	149250093	149250289	149249832	149250014	ABCA2	NM_001411042.1	-	1	149250014	149250093	78	4
NC_060933.1	149250707	149251187	-2	1	-	NC_060933.1	149250992	149251156	149250709	149250889	ABCA2	NM_001411042.1	-	2	149250889	149250992	102	4
NC_060933.1	149286596	149287427	-2	1	-	NC_060933.1	149287164	149287323	149286855	149287082	ENTPD2	NM_001246.4	-	2	149287082	149287164	81	6
NC_060933.1	149300576	149301818	-2	1	-	NC_060933.1	149300778	149300894	149300577	149300702	SAPCD2	NM_178448.4	-	2	149300702	149300778	75	1
NC_060933.1	149337552	149338683	1	1	+	NC_060933.1	149338151	149338508	149338626	149338643	MAN1B1	XM_047445446.1	+	1	149338508	149338626	117	1
NC_060933.1	149337552	149338683	1	1	+	NC_060933.1	149337901	149337920	149338626	149338643	MAN1B1	XM_047445452.1	+	1	149337920	149338626	705	1
NC_060933.1	149337707	149338841	3	1	+	NC_060933.1	149337879	149337912	149337985	149338030	MAN1B1	XM_047445458.1	+	3	149337912	149337985	72	1
NC_060933.1	149338686	149339394	1	1	+	NC_060933.1	149338822	149338958	149339313	149339394	MAN1B1	XM_047445468.1	+	1	149338958	149339313	354	1
NC_060933.1	149348588	149348894	-2	1	-	NC_060933.1	149348818	149348888	149348589	149348721	DPP7	NM_001438108.1	-	2	149348721	149348818	96	5
NC_060933.1	149394133	149394853	2	1	+	NC_060933.1	149394349	149394470	149394543	149394717	GRIN1	NM_000832.7	+	2	149394470	149394543	72	9
NC_060933.1	149429777	149430149	-2	1	-	NC_060933.1	149429922	149430028	149429778	149429837	TPRN	NM_001128228.3	-	2	149429837	149429922	84	1
NC_060933.1	149453296	149453896	2	1	+	NC_060933.1	149453328	149453474	149453568	149453686	NDOR1	NM_001144026.3	+	2	149453474	149453568	93	4
NC_060933.1	149482867	149483605	-3	1	-	NC_060933.1	149483308	149483522	149482976	149483226	CIMIP2A	NM_001001710.3	-	3	149483226	149483308	81	5
NC_060933.1	149482867	149483605	-3	1	-	NC_060933.1	149483308	149483522	149482976	149483112	CIMIP2A	XM_054362977.1	-	3	149483112	149483308	195	1
NC_060933.1	149482867	149483605	-3	1	-	NC_060933.1	149483308	149483522	149482976	149483073	CIMIP2A	XM_054362979.1	-	3	149483073	149483308	234	1
NC_060933.1	149489971	149490661	2	1	+	NC_060933.1	149490105	149490193	149490332	149490635	STPG3	NM_001004353.4	+	2	149490193	149490332	138	2
NC_060933.1	149489971	149490661	2	1	+	NC_060933.1	149490105	149490193	149490497	149490635	STPG3	NM_001256700.2	+	2	149490193	149490497	303	2
NC_060933.1	149489971	149490661	2	1	+	NC_060933.1	149490105	149490193	149490509	149490635	STPG3	XM_054362992.1	+	2	149490193	149490509	315	1
NC_060933.1	149686571	149687375	-2	1	-	NC_060933.1	149687091	149687321	149686635	149686898	ENTPD8	NM_001033113.2	-	2	149686898	149687091	192	2
NC_060933.1	149688534	149689011	-1	1	-	NC_060933.1	149688730	149688855	149688537	149688654	ENTPD8	NM_001033113.2	-	1	149688654	149688730	75	2
NC_060933.1	149702203	149702788	-3	1	-	NC_060933.1	149702725	149702758	149702537	149702607	NSMF	NM_001130969.3	-	3	149702607	149702725	117	10
NC_060933.1	149758266	149758920	-1	1	-	NC_060933.1	149758801	149758901	149758432	149758578	PNPLA7	NM_001098537.3	-	1	149758578	149758801	222	8
NC_060933.1	149865611	149866247	3	1	+	NC_060933.1	149865714	149865896	149865981	149866157	ARRDC1	NM_001317968.2	+	3	149865896	149865981	84	4
NC_060933.1	149865611	149866247	3	1	+	NC_060933.1	149865663	149865896	149865981	149866157	ARRDC1	XM_054364158.1	+	3	149865896	149865981	84	4
NC_060933.1	2834759	2835167	-2	1	-	NC_060933.1	2835050	2835143	2834761	2834827	PUM3	NM_014878.5	-	2	2834827	2835050	222	1
NC_060933.1	33941106	33941478	-1	1	-	NC_060933.1	33941287	33941478	33941107	33941199	UBAP2	NM_001282530.2	-	1	33941199	33941287	87	9
NC_060933.1	34655537	34655864	-2	1	-	NC_060933.1	34655813	34655864	34655543	34655635	SIGMAR1	NM_001282206.2	-	2	34655635	34655813	177	1
NC_060933.1	35015355	35016438	1	1	+	NC_060933.1	35015447	35016048	35016208	35016438	DNAJB5	NM_001135004.3	+	1	35016048	35016208	159	6
NC_060933.1	35120043	35120517	-1	1	-	NC_060933.1	35120313	35120457	35120110	35120189	STOML2	NM_001287031.2	-	1	35120189	35120313	123	4
NC_060933.1	35578689	35579241	1	1	+	NC_060933.1	35578870	35579044	35579135	35579240	RUSC2	NM_001135999.2	+	1	35579044	35579135	90	5
NC_060933.1	35582896	35583781	-3	1	-	NC_060933.1	35583548	35583753	35583322	35583373	CIMIP2B	NM_001099951.4	-	3	35583373	35583548	174	4
NC_060933.1	35582896	35583781	-3	1	-	NC_060933.1	35583322	35583373	35583053	35583201	CIMIP2B	NM_001287239.2	-	3	35583201	35583322	120	2
NC_060933.1	35670508	35671087	-3	1	-	NC_060933.1	35671015	35671073	35670842	35670903	SIT1	NM_014450.3	-	3	35670903	35671015	111	1
NC_060933.1	35670508	35671087	-3	1	-	NC_060933.1	35670842	35670903	35670509	35670739	SIT1	NM_014450.3	-	3	35670739	35670842	102	1
NC_060933.1	35696371	35697247	2	1	+	NC_060933.1	35696412	35696582	35696715	35696857	CA9	NM_001216.3	+	2	35696582	35696715	132	3
NC_060933.1	35696371	35697247	2	1	+	NC_060933.1	35696715	35696857	35696948	35697040	CA9	NM_001216.3	+	2	35696857	35696948	90	3
NC_060933.1	35700505	35700961	2	1	+	NC_060933.1	35700506	35700650	35700765	35700791	CA9	NM_001216.3	+	2	35700650	35700765	114	1
NC_060933.1	35726508	35727042	-1	1	-	NC_060933.1	35726854	35727024	35726620	35726769	TLN1	NM_006289.4	-	1	35726769	35726854	84	1
NC_060933.1	35731418	35731778	-2	1	-	NC_060933.1	35731647	35731740	35731455	35731544	TLN1	NM_006289.4	-	2	35731544	35731647	102	1
NC_060933.1	35755749	35756055	1	1	+	NC_060933.1	35755789	35755895	35755986	35756054	CREB3	NM_006368.5	+	1	35755895	35755986	90	1
NC_060933.1	35825907	35826783	1	1	+	NC_060933.1	35826178	35826337	35826497	35826652	NPR2	NM_001378923.1	+	1	35826337	35826497	159	10
NC_060933.1	35829626	35830109	3	1	+	NC_060933.1	35829823	35829914	35830047	35830109	NPR2	NM_001378923.1	+	3	35829914	35830047	132	10
NC_060933.1	77589004	77589574	2	1	+	NC_060933.1	77589113	77589301	77589386	77589566	LOC128966634	XM_054364441.1	+	2	77589301	77589386	84	7
NC_060933.1	77589004	77589574	2	1	+	NC_060933.1	77589113	77589301	77589386	77589525	LOC128966634	XM_054364445.1	+	2	77589301	77589386	84	2
NC_060933.1	89527469	89527730	3	1	+	NC_060933.1	89527470	89527515	89527606	89527729	VPS13A	NM_001018037.2	+	3	89527515	89527606	90	4
NC_060934.1	101372753	101373455	-2	1	-	NC_060934.1	101373113	101373427	101372808	101372866	SEC31B	NM_015490.4	-	2	101372866	101373113	246	1
NC_060934.1	101870111	101870843	-2	1	-	NC_060934.1	101870465	101870571	101870124	101870350	MRPL43	NM_001308396.2	-	2	101870350	101870465	114	7
NC_060934.1	101870111	101870843	-2	1	-	NC_060934.1	101870465	101870571	101870112	101870350	MRPL43	NM_001437430.1	-	2	101870350	101870465	114	2
NC_060934.1	101895325	101895658	-3	1	-	NC_060934.1	101895545	101895636	101895326	101895394	PDZD7	XM_054366769.1	-	3	101895394	101895545	150	1
NC_060934.1	102908424	102908781	-1	1	-	NC_060934.1	102908686	102908760	102908488	102908574	ARMH3	NM_024541.3	-	1	102908574	102908686	111	15
NC_060934.1	103305997	103306702	2	1	+	NC_060934.1	103306094	103306146	103306318	103306471	FBXL15	NM_001387294.1	+	2	103306146	103306318	171	2
NC_060934.1	103305997	103306702	2	1	+	NC_060934.1	103306016	103306146	103306318	103306471	FBXL15	XM_054366712.1	+	2	103306146	103306318	171	1
NC_060934.1	117491870	117492239	3	1	+	NC_060934.1	117491884	117492003	117492103	117492222	PNLIPRP1	NM_001303135.1	+	3	117492003	117492103	99	2
NC_060934.1	120053165	120053474	-2	1	-	NC_060934.1	120053418	120053471	120053280	120053336	SFXN4	NM_213649.2	-	2	120053336	120053418	81	4
NC_060934.1	120475029	120475359	-1	1	-	NC_060934.1	120475221	120475316	120475031	120475115	TIAL1	NM_001033925.2	-	1	120475115	120475221	105	13
NC_060934.1	130890522	130891263	-1	1	-	NC_060934.1	130890827	130890960	130890559	130890715	EBF3	NM_001005463.3	-	1	130890715	130890827	111	15
NC_060934.1	133080533	133080857	3	1	+	NC_060934.1	133080561	133080689	133080729	133080857	JAKMIP3	XM_054365639.1	+	3	133080689	133080729	39	1
NC_060934.1	133734379	133735573	-3	1	-	NC_060934.1	133734730	133735135	133734467	133734639	NKX6-2	NM_177400.3	-	3	133734639	133734730	90	2
NC_060934.1	133759735	133760296	-3	1	-	NC_060934.1	133760172	133760274	133759828	133759964	CFAP46	XM_054366151.1	-	3	133759964	133760172	207	1
NC_060934.1	133759735	133760296	-3	1	-	NC_060934.1	133760193	133760274	133759828	133759964	CFAP46	XM_054366152.1	-	3	133759964	133760193	228	1
NC_060934.1	133795989	133797075	-1	1	-	NC_060934.1	133796395	133796529	133796140	133796319	CFAP46	NM_001200049.3	-	1	133796319	133796395	75	10
NC_060934.1	133862355	133863117	-1	1	-	NC_060934.1	133862759	133862971	133862368	133862533	CFAP46	NM_001200049.3	-	1	133862533	133862759	225	14
NC_060934.1	134228034	134229591	-1	1	-	NC_060934.1	134229383	134229459	134228875	134229064	ADAM8	NM_001109.5	-	1	134229064	134229383	318	6
NC_060934.1	134228034	134229591	-1	1	-	NC_060934.1	134228875	134229064	134228578	134228640	ADAM8	NM_001109.5	-	1	134228640	134228875	234	6
NC_060934.1	134228034	134229591	-1	1	-	NC_060934.1	134228578	134228640	134228419	134228487	ADAM8	NM_001109.5	-	1	134228487	134228578	90	7
NC_060934.1	134228034	134229591	-1	1	-	NC_060934.1	134228419	134228487	134228036	134228205	ADAM8	NM_001109.5	-	1	134228205	134228419	213	7
NC_060934.1	134228034	134229591	-1	1	-	NC_060934.1	134228875	134229051	134228578	134228640	ADAM8	NM_001164490.2	-	1	134228640	134228875	234	1
NC_060934.1	134229434	134230508	-2	1	-	NC_060934.1	134229780	134229856	134229572	134229650	ADAM8	NM_001164490.2	-	2	134229650	134229780	129	1
NC_060934.1	134311857	134312193	-1	1	-	NC_060934.1	134311957	134312129	134311858	134311881	FUOM	XM_054365626.1	-	1	134311881	134311957	75	1
NC_060934.1	41384	41912	-2	1	-	NC_060934.1	41765	41873	41576	41686	TUBB8	NM_177987.3	-	2	41686	41765	78	1
NC_060934.1	41509	41860	-3	1	-	NC_060934.1	41765	41854	41576	41686	TUBB8	XM_054365757.1	-	3	41686	41765	78	1
NC_060934.1	43697645	43697960	3	1	+	NC_060934.1	43697682	43697752	43697954	43697960	BMS1	XM_054367250.1	+	3	43697752	43697954	201	1
NC_060934.1	46608094	46608658	2	1	+	NC_060934.1	46608305	46608307	46608404	46608526	WASHC2C	NM_001169106.2	+	2	46608307	46608404	96	37
NC_060934.1	47193268	47193823	2	1	+	NC_060934.1	47193436	47193514	47193674	47193823	ANTXRL	XM_054364980.1	+	2	47193514	47193674	159	1
NC_060934.1	50596416	50597325	-1	1	-	NC_060934.1	50596705	50596884	50596426	50596554	OGDHL	NM_001143996.2	-	1	50596554	50596705	150	11
NC_060934.1	50596416	50597325	-1	1	-	NC_060934.1	50596705	50596854	50596426	50596554	OGDHL	NM_001347826.1	-	1	50596554	50596705	150	2
NC_060934.1	50917439	50918003	3	1	+	NC_060934.1	50917650	50917652	50917749	50917871	WASHC2A	NM_001005751.3	+	3	50917652	50917749	96	27
NC_060934.1	57208760	57209099	-2	1	-	NC_060934.1	57208896	57209027	57208761	57208799	ZWINT	NM_001005413.1	-	2	57208799	57208896	96	1
NC_060934.1	57208760	57209099	-2	1	-	NC_060934.1	57208896	57209064	57208761	57208799	ZWINT	NM_007057.4	-	2	57208799	57208896	96	2
NC_060934.1	60914021	60914813	-2	1	-	NC_060934.1	60914468	60914776	60914110	60914200	ANK3	NM_001149.4	-	2	60914200	60914468	267	4
NC_060934.1	69301411	69301816	-3	1	-	NC_060934.1	69301626	69301742	69301438	69301547	DNA2	NM_001080449.3	-	3	69301547	69301626	78	4
NC_060934.1	69341026	69341371	-3	1	-	NC_060934.1	69341291	69341359	69341028	69341122	DNA2	XM_054364944.1	-	3	69341122	69341291	168	1
NC_060934.1	71401998	71402484	1	1	+	NC_060934.1	71401999	71402159	71402373	71402448	PALD1	NM_014431.3	+	1	71402159	71402373	213	7
NC_060934.1	72678074	72678761	3	1	+	NC_060934.1	72678241	72678492	72678571	72678732	CDH23	NM_001171933.1	+	3	72678492	72678571	78	3
NC_060934.1	72682739	72683618	3	1	+	NC_060934.1	72683019	72683089	72683207	72683336	CDH23	NM_001171935.1	+	3	72683089	72683207	117	2
NC_060934.1	74027666	74028077	-2	1	-	NC_060934.1	74027961	74028048	74027668	74027846	ECD	NM_001135752.1	-	2	74027846	74027961	114	3
NC_060934.1	74660744	74661254	3	1	+	NC_060934.1	74660767	74660939	74661117	74661224	ZSWIM8	NM_001242487.2	+	3	74660939	74661117	177	25
NC_060934.1	74744363	74744735	-2	1	-	NC_060934.1	74744593	74744594	74744381	74744475	CAMK2G	XM_054366846.1	-	2	74744475	74744593	117	1
NC_060934.1	78688664	78689102	-2	1	-	NC_060934.1	78688952	78689075	78688665	78688744	DLG5	XM_054367166.1	-	2	78688744	78688952	207	1
NC_060934.1	85100448	85101405	-1	1	-	NC_060934.1	85101354	85101383	85100449	85101206	LRIT2	NM_001284223.1	-	1	85101206	85101354	147	1
NC_060934.1	867724	870985	-3	1	-	NC_060934.1	869344	870913	867782	867852	LARP4B	XM_054365320.1	-	3	867852	869344	1491	4
NC_060934.1	867724	870985	-3	1	-	NC_060934.1	869344	870913	867778	867852	LARP4B	XM_054365335.1	-	3	867852	869344	1491	1
NC_060934.1	87807044	87807443	3	1	+	NC_060934.1	87807103	87807233	87807321	87807443	BMPR1A	NM_001406559.1	+	3	87807233	87807321	87	33
NC_060934.1	87853886	87854288	3	1	+	NC_060934.1	87853909	87853971	87854185	87854288	ADIRF	NM_006829.3	+	3	87853971	87854185	213	1
NC_060934.1	94480382	94481117	-2	1	-	NC_060934.1	94480869	94480979	94480618	94480754	RBP4	NM_001323517.1	-	2	94480754	94480869	114	2
NC_060934.1	94480382	94481117	-2	1	-	NC_060934.1	94480869	94480922	94480618	94480754	RBP4	NM_001323518.2	-	2	94480754	94480869	114	1
NC_060934.1	95820987	95821476	1	1	+	NC_060934.1	95820988	95821150	95821322	95821471	CYP2C9	NM_000771.4	+	1	95821150	95821322	171	1
NC_060934.1	96220208	96220862	-2	1	-	NC_060934.1	96220734	96220848	96220455	96220580	SORBS1	NM_001034954.3	-	2	96220580	96220734	153	79
NC_060934.1	96492873	96493377	-1	1	-	NC_060934.1	96493110	96493305	96492886	96493007	ALDH18A1	NM_001017423.2	-	1	96493007	96493110	102	10
NC_060934.1	98250315	98250768	-1	1	-	NC_060934.1	98250645	98250750	98250357	98250464	RRP12	NM_001145114.1	-	1	98250464	98250645	180	6
NC_060934.1	98637544	98638027	2	1	+	NC_060934.1	98637794	98637875	98638020	98638027	ZFYVE27	NM_001385882.1	+	2	98637875	98638020	144	5
NC_060935.1	1089848	1090634	-1	1	-	NC_060935.1	1090568	1090618	1089974	1090141	MUC6	NM_005961.3	-	1	1090141	1090568	426	2
NC_060935.1	1089848	1090634	-1	1	-	NC_060935.1	1090568	1090618	1089849	1090141	MUC6	XM_054368851.1	-	1	1090141	1090568	426	1
NC_060935.1	1095181	1096222	-2	1	-	NC_060935.1	1095884	1096025	1095689	1095799	MUC6	NM_005961.3	-	2	1095799	1095884	84	3
NC_060935.1	1097422	1098121	-2	1	-	NC_060935.1	1097849	1097943	1097569	1097701	MUC6	NM_005961.3	-	2	1097701	1097849	147	3
NC_060935.1	1151770	1152496	2	1	+	NC_060935.1	1151991	1152128	1152219	1152383	MUC2	NM_002457.5	+	2	1152128	1152219	90	1
NC_060935.1	1162462	1171780	2	1	+	NC_060935.1	1162650	1165884	1166092	1171574	MUC2	NM_002457.5	+	2	1165884	1166092	207	1
NC_060935.1	116845593	116846598	1	1	+	NC_060935.1	116845684	116845738	116845874	116845997	APOC3	NM_000040.3	+	1	116845738	116845874	135	1
NC_060935.1	117197775	117198138	1	1	+	NC_060935.1	117197809	117197910	117198013	117198096	SIDT2	NM_001040455.2	+	1	117197910	117198013	102	1
NC_060935.1	1172710	1173568	2	1	+	NC_060935.1	1172772	1172995	1173305	1173479	MUC2	NM_002457.5	+	2	1172995	1173305	309	1
NC_060935.1	117838719	117839271	-3	1	-	NC_060935.1	117839091	117839129	117838818	117838892	FXYD6-FXYD2	NM_001204268.3	-	3	117838892	117839091	198	1
NC_060935.1	117838719	117839271	-3	1	-	NC_060935.1	117839091	117839129	117838818	117838892	FXYD2	NM_001680.5	-	3	117838892	117839091	198	2
NC_060935.1	1179609	1180230	1	1	+	NC_060935.1	1179718	1179840	1180093	1180191	MUC2	NM_002457.5	+	1	1179840	1180093	252	1
NC_060935.1	118677858	118678305	-3	1	-	NC_060935.1	118678126	118678238	118677901	118677954	TREH	NM_001301065.2	-	3	118677954	118678126	171	2
NC_060935.1	118679655	118680174	-3	1	-	NC_060935.1	118680087	118680136	118679760	118679954	TREH	NM_001301065.2	-	3	118679954	118680087	132	2
NC_060935.1	119068438	119069071	-2	1	-	NC_060935.1	119068838	119068925	119068610	119068732	HYOU1	NM_001130991.3	-	2	119068732	119068838	105	9
NC_060935.1	119072636	119073278	-1	1	-	NC_060935.1	119072988	119073180	119072646	119072780	HYOU1	NM_001130991.3	-	1	119072780	119072988	207	9
NC_060935.1	119152754	119153162	3	1	+	NC_060935.1	119152876	119152953	119153041	119153161	HINFP	NM_001243259.2	+	3	119152953	119153041	87	13
NC_060935.1	119152754	119153162	3	1	+	NC_060935.1	119152941	119152953	119153041	119153161	HINFP	NM_001351965.2	+	3	119152953	119153041	87	6
NC_060935.1	119332324	119332894	-2	1	-	NC_060935.1	119332685	119332803	119332441	119332582	MCAM	NM_006500.3	-	2	119332582	119332685	102	5
NC_060935.1	119362187	119362658	-1	1	-	NC_060935.1	119362494	119362621	119362188	119362409	MFRP	NM_031433.4	-	1	119362409	119362494	84	1
NC_060935.1	123647083	123647773	2	1	+	NC_060935.1	123647317	123647328	123647665	123647772	GRAMD1B	NM_001286563.3	+	2	123647328	123647665	336	11
NC_060935.1	124907727	124908246	1	1	+	NC_060935.1	124907814	124907965	124908089	124908199	ROBO3	NM_001370356.1	+	1	124907965	124908089	123	8
NC_060935.1	124924389	124924941	-3	1	-	NC_060935.1	124924818	124924938	124924405	124924532	ROBO4	NM_001301088.2	-	3	124924532	124924818	285	3
NC_060935.1	125105793	125106192	1	1	+	NC_060935.1	125105893	125105986	125106113	125106191	SLC37A2	NM_001145290.2	+	1	125105986	125106113	126	3
NC_060935.1	125113622	125114141	3	1	+	NC_060935.1	125113729	125113802	125114058	125114136	SLC37A2	NM_001145290.2	+	3	125113802	125114058	255	2
NC_060935.1	1269608	1270649	3	1	+	NC_060935.1	1270116	1270238	1270329	1270427	MUC5AC	NM_001304359.2	+	3	1270238	1270329	90	1
NC_060935.1	1270435	1271074	2	1	+	NC_060935.1	1270613	1270732	1270937	1271006	MUC5AC	NM_001304359.2	+	2	1270732	1270937	204	1
NC_060935.1	1298026	1299274	2	1	+	NC_060935.1	1298275	1298389	1298552	1298642	MUC5B	NM_002458.3	+	2	1298389	1298552	162	1
NC_060935.1	1298026	1299274	2	1	+	NC_060935.1	1298552	1298642	1298919	1299025	MUC5B	NM_002458.3	+	2	1298642	1298919	276	1
NC_060935.1	129914013	129914286	-3	1	-	NC_060935.1	129914170	129914249	129914015	129914061	NFRKB	NM_001143835.2	-	3	129914061	129914170	108	2
NC_060935.1	1302155	1303580	3	1	+	NC_060935.1	1302180	1302249	1302667	1302804	MUC5B	NM_002458.3	+	3	1302249	1302667	417	1
NC_060935.1	1302155	1303580	3	1	+	NC_060935.1	1302667	1302804	1303240	1303404	MUC5B	NM_002458.3	+	3	1302804	1303240	435	1
NC_060935.1	1330904	1331561	3	1	+	NC_060935.1	1330932	1331018	1331139	1331261	MUC5B	NM_002458.3	+	3	1331018	1331139	120	1
NC_060935.1	134286730	134287432	2	1	+	NC_060935.1	134286783	134286925	134287289	134287432	VPS26B	NM_052875.5	+	2	134286925	134287289	363	1
NC_060935.1	134304298	134304721	2	1	+	NC_060935.1	134304365	134304467	134304615	134304721	ACAD8	XM_054368425.1	+	2	134304467	134304615	147	1
NC_060935.1	1517460	1517946	1	1	+	NC_060935.1	1517544	1517577	1517773	1517841	BRSK2	NM_001256627.2	+	1	1517577	1517773	195	28
NC_060935.1	1530578	1531238	3	1	+	NC_060935.1	1530789	1530969	1531039	1531128	BRSK2	NM_001256627.2	+	3	1530969	1531039	69	28
NC_060935.1	1920589	1921378	2	1	+	NC_060935.1	1920893	1920998	1921095	1921258	SYT8	NM_001290332.2	+	2	1920998	1921095	96	2
NC_060935.1	1920589	1921378	2	1	+	NC_060935.1	1920896	1920998	1921095	1921258	SYT8	NM_001290333.2	+	2	1920998	1921095	96	3
NC_060935.1	1920589	1921378	2	1	+	NC_060935.1	1920905	1920998	1921095	1921258	SYT8	NM_001394072.1	+	2	1920998	1921095	96	4
NC_060935.1	1973016	1973454	1	1	+	NC_060935.1	1973131	1973208	1973368	1973454	LSP1	NM_001013253.2	+	1	1973208	1973368	159	6
NC_060935.1	3008478	3008997	1	1	+	NC_060935.1	3008549	3008649	3008959	3008997	SLC67A1	XM_054368979.1	+	1	3008649	3008959	309	1
NC_060935.1	3008478	3008997	1	1	+	NC_060935.1	3008549	3008649	3008980	3008997	SLC67A1	XM_054368980.1	+	1	3008649	3008980	330	1
NC_060935.1	3107497	3108001	-2	1	-	NC_060935.1	3107848	3107977	3107636	3107739	CARS1	NM_001014437.3	-	2	3107739	3107848	108	11
NC_060935.1	3212090	3212720	-1	1	-	NC_060935.1	3212589	3212669	3212238	3212339	OSBPL5	NM_001144063.2	-	1	3212339	3212589	249	5
NC_060935.1	334840	335092	2	1	+	NC_060935.1	334890	334907	335010	335092	PGGHG	XM_054370032.1	+	2	334907	335010	102	1
NC_060935.1	335324	335963	3	1	+	NC_060935.1	335447	335658	335773	335963	PGGHG	NM_025092.5	+	3	335658	335773	114	3
NC_060935.1	335324	335963	3	1	+	NC_060935.1	335501	335658	335773	335963	PGGHG	XM_054370031.1	+	3	335658	335773	114	1
NC_060935.1	417225	417654	1	1	+	NC_060935.1	417319	417414	417493	417583	B4GALNT4	NM_178537.5	+	1	417414	417493	78	2
NC_060935.1	448679	449501	3	1	+	NC_060935.1	448983	449136	449308	449500	PKP3	NM_001303029.2	+	3	449136	449308	171	2
NC_060935.1	46058285	46059371	3	1	+	NC_060935.1	46058302	46059114	46059295	46059370	MAPK8IP1	NM_005456.4	+	3	46059114	46059295	180	1
NC_060935.1	46069852	46070701	-2	1	-	NC_060935.1	46070533	46070613	46070245	46070397	PEX16	NM_004813.4	-	2	46070397	46070533	135	4
NC_060935.1	46527253	46527847	2	1	+	NC_060935.1	46527389	46527460	46527563	46527679	DGKZ	NM_001105540.2	+	2	46527460	46527563	102	7
NC_060935.1	46530514	46530916	2	1	+	NC_060935.1	46530680	46530742	46530842	46530915	DGKZ	NM_001105540.2	+	2	46530742	46530842	99	7
NC_060935.1	46883266	46883809	2	1	+	NC_060935.1	46883322	46883450	46883535	46883661	F2	NM_000506.5	+	2	46883450	46883535	84	1
NC_060935.1	46907929	46908361	-2	1	-	NC_060935.1	46908173	46908361	46907945	46908082	CKAP5	NM_001008938.4	-	2	46908082	46908173	90	2
NC_060935.1	47391267	47391720	1	1	+	NC_060935.1	47391315	47391414	47391499	47391676	DDB2	NM_000107.3	+	1	47391414	47391499	84	4
NC_060935.1	47418325	47418805	2	1	+	NC_060935.1	47418326	47418505	47418698	47418797	NR1H3	NM_001130102.3	+	2	47418505	47418698	192	17
NC_060935.1	47440815	47441490	1	1	+	NC_060935.1	47440959	47441062	47441156	47441346	MADD	NM_001135943.2	+	1	47441062	47441156	93	96
NC_060935.1	47440815	47441490	1	1	+	NC_060935.1	47440959	47441062	47441180	47441346	MADD	NM_001376602.1	+	1	47441062	47441180	117	1
NC_060935.1	474862	475600	-2	1	-	NC_060935.1	475400	475496	475075	475135	ANO9	NM_001012302.3	-	2	475135	475400	264	2
NC_060935.1	474862	475600	-2	1	-	NC_060935.1	475075	475135	474887	474969	ANO9	NM_001012302.3	-	2	474969	475075	105	2
NC_060935.1	47489337	47490009	-3	1	-	NC_060935.1	47489634	47489793	47489386	47489522	MYBPC3	NM_000256.3	-	3	47489522	47489634	111	1
NC_060935.1	47573505	47574063	1	1	+	NC_060935.1	47573680	47573812	47573942	47574062	SLC39A13	NM_001128225.3	+	1	47573812	47573942	129	5
NC_060935.1	47573505	47574063	1	1	+	NC_060935.1	47573680	47573812	47573963	47574062	SLC39A13	NM_001441271.1	+	1	47573812	47573963	150	7
NC_060935.1	47870348	47870957	-1	1	-	NC_060935.1	47870873	47870926	47870528	47870641	AGBL2	NM_024783.4	-	1	47870641	47870873	231	1
NC_060935.1	57282242	57283172	-1	1	-	NC_060935.1	57282926	57283031	57282450	57282640	SSRP1	NM_003146.3	-	1	57282640	57282926	285	4
NC_060935.1	57450892	57451339	-2	1	-	NC_060935.1	57451180	57451235	57450971	57451047	SLC43A1	NM_001198810.2	-	2	57451047	57451180	132	7
NC_060935.1	602484	603480	-3	1	-	NC_060935.1	603196	603379	602738	602934	LMNTD2	XM_054368315.1	-	3	602934	603196	261	1
NC_060935.1	604569	605160	-3	1	-	NC_060935.1	604888	605043	604576	604644	LMNTD2	NM_173573.3	-	3	604644	604888	243	3
NC_060935.1	604569	605160	-3	1	-	NC_060935.1	604888	605058	604576	604644	LMNTD2	XM_054368312.1	-	3	604644	604888	243	7
NC_060935.1	60821965	60822472	2	1	+	NC_060935.1	60822167	60822301	60822374	60822471	ZP1	NM_001391943.1	+	2	60822301	60822374	72	3
NC_060935.1	60821965	60822472	2	1	+	NC_060935.1	60822114	60822301	60822374	60822471	ZP1	NM_207341.4	+	2	60822301	60822374	72	1
NC_060935.1	60825558	60826491	1	1	+	NC_060935.1	60826090	60826171	60826286	60826405	ZP1	NM_001391943.1	+	1	60826171	60826286	114	7
NC_060935.1	60851567	60852113	-1	1	-	NC_060935.1	60852011	60852086	60851739	60851848	PRPF19	NM_014502.5	-	1	60851848	60852011	162	1
NC_060935.1	60853529	60854054	-1	1	-	NC_060935.1	60853740	60853813	60853560	60853622	PRPF19	NM_014502.5	-	1	60853622	60853740	117	1
NC_060935.1	61162583	61162988	3	1	+	NC_060935.1	61162619	61162763	61162866	61162964	PGA3	NM_001079807.4	+	3	61162763	61162866	102	1
NC_060935.1	61181415	61181820	1	1	+	NC_060935.1	61181451	61181595	61181698	61181796	LOC128966586	NM_001422100.1	+	1	61181595	61181698	102	1
NC_060935.1	61200148	61200553	2	1	+	NC_060935.1	61200184	61200328	61200431	61200529	LOC124906959	NM_001422101.1	+	2	61200328	61200431	102	1
NC_060935.1	61218879	61219284	1	1	+	NC_060935.1	61218915	61219059	61219162	61219260	PGA4	NM_001079808.6	+	1	61219059	61219162	102	1
NC_060935.1	61238621	61239026	3	1	+	NC_060935.1	61238657	61238801	61238904	61239002	PGA5	NM_014224.5	+	3	61238801	61238904	102	1
NC_060935.1	61333997	61334624	3	1	+	NC_060935.1	61334324	61334357	61334469	61334558	TKFC	NM_001351976.2	+	3	61334357	61334469	111	22
NC_060935.1	61475694	61476129	1	1	+	NC_060935.1	61475836	61475949	61476034	61476128	SAXO4	NM_001170753.2	+	1	61475949	61476034	84	2
NC_060935.1	61760290	61760872	2	1	+	NC_060935.1	61760419	61760669	61760748	61760871	MYRF	NM_001127392.3	+	2	61760669	61760748	78	24
NC_060935.1	61864915	61865296	-2	1	-	NC_060935.1	61865165	61865261	61864917	61864996	FADS3	NM_021727.5	-	2	61864996	61865165	168	5
NC_060935.1	62128211	62128583	3	1	+	NC_060935.1	62128280	62128337	62128455	62128572	INCENP	NM_001040694.2	+	3	62128337	62128455	117	8
NC_060935.1	62600112	62600679	-3	1	-	NC_060935.1	62600535	62600676	62600327	62600402	EML3	XM_054368329.1	-	3	62600402	62600535	132	2
NC_060935.1	62660911	62661529	2	1	+	NC_060935.1	62661164	62661283	62661371	62661529	UQCC3	NM_001085372.3	+	2	62661283	62661371	87	1
NC_060935.1	62680010	62680574	-1	1	-	NC_060935.1	62680494	62680560	62680206	62680286	BSCL2	NM_001130702.2	-	1	62680286	62680494	207	1
NC_060935.1	62767030	62767663	2	1	+	NC_060935.1	62767298	62767448	62767605	62767655	TAF6L	NM_006473.4	+	2	62767448	62767605	156	2
NC_060935.1	62785428	62786058	-3	1	-	NC_060935.1	62785853	62785960	62785680	62785738	NXF1	NM_006362.5	-	3	62785738	62785853	114	4
NC_060935.1	62785428	62786058	-3	1	-	NC_060935.1	62785680	62785738	62785459	62785574	NXF1	NM_006362.5	-	3	62785574	62785680	105	4
NC_060935.1	62790700	62791024	-2	1	-	NC_060935.1	62790955	62791024	62790722	62790810	NXF1	NM_001081491.2	-	2	62790810	62790955	144	5
NC_060935.1	62822873	62823386	-1	1	-	NC_060935.1	62823189	62823334	62823015	62823071	WDR74	NM_001369447.1	-	1	62823071	62823189	117	7
NC_060935.1	62970262	62970739	-2	1	-	NC_060935.1	62970539	62970662	62970264	62970379	SLC22A6	NM_004790.5	-	2	62970379	62970539	159	4
NC_060935.1	62970262	62970739	-2	1	-	NC_060935.1	62970539	62970662	62970264	62970382	SLC22A6	XM_054370531.1	-	2	62970382	62970539	156	1
NC_060935.1	63903882	63904578	-3	1	-	NC_060935.1	63904255	63904307	63904009	63904170	RCOR2	NM_001363648.2	-	3	63904170	63904255	84	3
NC_060935.1	63985912	63987589	2	1	+	NC_060935.1	63986560	63986644	63986753	63986947	OTUB1	NM_017670.3	+	2	63986644	63986753	108	1
NC_060935.1	63988361	63988844	-1	1	-	NC_060935.1	63988658	63988739	63988362	63988390	MACROD1	NM_001411019.1	-	1	63988390	63988658	267	2
NC_060935.1	64189885	64190473	2	1	+	NC_060935.1	64189886	64189982	64190115	64190239	STIP1	NM_001282652.2	+	2	64189982	64190115	132	3
NC_060935.1	64212841	64213435	2	1	+	NC_060935.1	64212994	64213135	64213259	64213435	FERMT3	NM_001382361.1	+	2	64213135	64213259	123	8
NC_060935.1	64231562	64232660	3	1	+	NC_060935.1	64231689	64231771	64232408	64232582	FKBP2	NM_001370365.1	+	3	64231771	64232408	636	1
NC_060935.1	64244699	64245143	3	1	+	NC_060935.1	64244769	64244837	64244919	64245059	PLCB3	NM_000932.5	+	3	64244837	64244919	81	3
NC_060935.1	64253474	64253948	3	1	+	NC_060935.1	64253526	64253625	64253719	64253823	PLCB3	NM_000932.5	+	3	64253625	64253719	93	3
NC_060935.1	64254978	64255359	1	1	+	NC_060935.1	64254979	64255132	64255220	64255255	PLCB3	NM_000932.5	+	1	64255132	64255220	87	3
NC_060935.1	64257212	64257581	3	1	+	NC_060935.1	64257213	64257299	64257381	64257581	PLCB3	NM_000932.5	+	3	64257299	64257381	81	3
NC_060935.1	64286771	64287317	3	1	+	NC_060935.1	64286847	64286970	64287088	64287248	KCNK4	NM_001317090.2	+	3	64286970	64287088	117	2
NC_060935.1	64290327	64290996	1	1	+	NC_060935.1	64290379	64290399	64290625	64290955	CATSPERZ	NM_001039496.2	+	1	64290399	64290625	225	1
NC_060935.1	64330595	64331363	3	1	+	NC_060935.1	64330916	64331027	64331118	64331187	CCDC88B	NM_032251.6	+	3	64331027	64331118	90	1
NC_060935.1	64345105	64345723	2	1	+	NC_060935.1	64345200	64345406	64345566	64345634	CCDC88B	NM_032251.6	+	2	64345406	64345566	159	1
NC_060935.1	64358373	64358901	1	1	+	NC_060935.1	64358485	64358600	64358703	64358796	RPS6KA4	NM_001006944.2	+	1	64358600	64358703	102	2
NC_060935.1	64358373	64358901	1	1	+	NC_060935.1	64358488	64358600	64358703	64358796	RPS6KA4	NM_001300802.2	+	1	64358600	64358703	102	2
NC_060935.1	64358373	64358901	1	1	+	NC_060935.1	64358467	64358600	64358703	64358796	RPS6KA4	NM_001318361.2	+	1	64358600	64358703	102	3
NC_060935.1	64591472	64591907	3	1	+	NC_060935.1	64591499	64591622	64591791	64591906	SLC22A12	NM_001276326.2	+	3	64591622	64591791	168	6
NC_060935.1	6459967	6460531	-2	1	-	NC_060935.1	6460437	6460442	6460034	6460148	APBB1	NM_001164.5	-	2	6460148	6460437	288	6
NC_060935.1	64789474	64789960	-2	1	-	NC_060935.1	64789804	64789864	64789584	64789701	MAP4K2	NM_001307990.2	-	2	64789701	64789804	102	2
NC_060935.1	64790418	64791003	-3	1	-	NC_060935.1	64790812	64790845	64790586	64790691	MAP4K2	NM_001307990.2	-	3	64790691	64790812	120	2
NC_060935.1	64823325	64823571	-3	1	-	NC_060935.1	64823488	64823550	64823326	64823364	CDC42BPG	XM_054369337.1	-	3	64823364	64823488	123	1
NC_060935.1	64826696	64827158	-1	1	-	NC_060935.1	64827033	64827131	64826895	64826954	CDC42BPG	NM_017525.3	-	1	64826954	64827033	78	14
NC_060935.1	64826696	64827158	-1	1	-	NC_060935.1	64827033	64827128	64826895	64826954	CDC42BPG	XM_054369325.1	-	1	64826954	64827033	78	1
NC_060935.1	64829958	64830366	-3	1	-	NC_060935.1	64830231	64830328	64830048	64830128	CDC42BPG	NM_017525.3	-	3	64830128	64830231	102	12
NC_060935.1	64829958	64830366	-3	1	-	NC_060935.1	64830231	64830328	64830048	64830107	CDC42BPG	XM_054369326.1	-	3	64830107	64830231	123	3
NC_060935.1	64891076	64891469	-1	1	-	NC_060935.1	64891325	64891409	64891078	64891213	ATG2A	NM_001367971.1	-	1	64891213	64891325	111	5
NC_060935.1	64895417	64896221	-1	1	-	NC_060935.1	64895754	64895918	64895498	64895624	ATG2A	NM_001367971.1	-	1	64895624	64895754	129	2
NC_060935.1	64895417	64896221	-1	1	-	NC_060935.1	64895748	64895918	64895498	64895624	ATG2A	NM_001367972.1	-	1	64895624	64895748	123	4
NC_060935.1	64904965	64905565	-2	1	-	NC_060935.1	64905328	64905492	64905085	64905225	ATG2A	NM_001367971.1	-	2	64905225	64905328	102	6
NC_060935.1	64928177	64928741	-1	1	-	NC_060935.1	64928615	64928717	64928244	64928428	GPHA2	NM_130769.4	-	1	64928428	64928615	186	3
NC_060935.1	65040763	65041159	-2	1	-	NC_060935.1	65040929	65041020	65040764	65040847	NAALADL1	XM_054367354.1	-	2	65040847	65040929	81	2
NC_060935.1	65046179	65046965	-1	1	-	NC_060935.1	65046773	65046858	65046500	65046619	NAALADL1	NM_005468.3	-	1	65046619	65046773	153	12
NC_060935.1	65050982	65051567	-1	1	-	NC_060935.1	65051360	65051532	65051157	65051278	NAALADL1	NM_005468.3	-	1	65051278	65051360	81	12
NC_060935.1	65072390	65073116	-1	1	-	NC_060935.1	65072634	65073068	65072391	65072468	CDCA5	NM_080668.4	-	1	65072468	65072634	165	1
NC_060935.1	65076733	65077039	-2	1	-	NC_060935.1	65076908	65077002	65076764	65076829	CDCA5	NM_001433518.1	-	2	65076829	65076908	78	8
NC_060935.1	65100801	65102358	1	1	+	NC_060935.1	65100860	65101006	65101082	65101301	VPS51	NM_013265.4	+	1	65101006	65101082	75	1
NC_060935.1	65100801	65102358	1	1	+	NC_060935.1	65101082	65101301	65101476	65102193	VPS51	NM_013265.4	+	1	65101301	65101476	174	1
NC_060935.1	65103724	65104075	2	1	+	NC_060935.1	65103761	65103882	65103973	65104060	VPS51	NM_013265.4	+	2	65103882	65103973	90	1
NC_060935.1	65105759	65106149	3	1	+	NC_060935.1	65105794	65105990	65106090	65106144	TM7SF2	NM_001277233.2	+	3	65105990	65106090	99	2
NC_060935.1	65165726	65166527	3	1	+	NC_060935.1	65165747	65165918	65165997	65166327	SPDYC	NM_001008778.3	+	3	65165918	65165997	78	1
NC_060935.1	65165726	65166527	3	1	+	NC_060935.1	65165997	65166327	65166496	65166527	SPDYC	NM_001008778.3	+	3	65166327	65166496	168	1
NC_060935.1	65165726	65166527	3	1	+	NC_060935.1	65165747	65165918	65166294	65166327	SPDYC	XM_054368737.1	+	3	65165918	65166294	375	1
NC_060935.1	65165726	65166527	3	1	+	NC_060935.1	65166294	65166327	65166496	65166527	SPDYC	XM_054368737.1	+	3	65166327	65166496	168	1
NC_060935.1	65201248	65201647	2	1	+	NC_060935.1	65201339	65201404	65201489	65201546	CAPN1	NM_001198868.2	+	2	65201404	65201489	84	5
NC_060935.1	65337218	65338088	3	1	+	NC_060935.1	65337294	65337372	65337883	65337924	DPF2	NM_001330308.2	+	3	65337372	65337883	510	1
NC_060935.1	65519815	65520619	2	1	+	NC_060935.1	65520131	65520250	65520326	65520552	SCYL1	NM_001425199.1	+	2	65520250	65520326	75	1
NC_060935.1	65519815	65520619	2	1	+	NC_060935.1	65520131	65520245	65520330	65520552	SCYL1	NM_001425200.1	+	2	65520245	65520330	84	1
NC_060935.1	65530152	65530578	1	1	+	NC_060935.1	65530153	65530341	65530459	65530534	SCYL1	NM_001048218.2	+	1	65530341	65530459	117	36
NC_060935.1	65531942	65532554	3	1	+	NC_060935.1	65532009	65532080	65532204	65532382	SCYL1	NM_001425185.1	+	3	65532080	65532204	123	2
NC_060935.1	65531942	65532554	3	1	+	NC_060935.1	65532204	65532382	65532470	65532524	SCYL1	NM_001425185.1	+	3	65532382	65532470	87	3
NC_060935.1	65531942	65532554	3	1	+	NC_060935.1	65532012	65532080	65532204	65532382	SCYL1	NM_001425186.1	+	3	65532080	65532204	123	1
NC_060935.1	65533282	65533915	-2	1	-	NC_060935.1	65533528	65533659	65533283	65533431	LTBP3	NM_001130144.3	-	2	65533431	65533528	96	3
NC_060935.1	65547369	65547747	-3	1	-	NC_060935.1	65547642	65547747	65547381	65547473	LTBP3	NM_001130144.3	-	3	65547473	65547642	168	3
NC_060935.1	65575214	65575607	3	1	+	NC_060935.1	65575291	65575359	65575444	65575606	EHBP1L1	NM_001099409.3	+	3	65575359	65575444	84	10
NC_060935.1	65575214	65575607	3	1	+	NC_060935.1	65575291	65575359	65575444	65575559	EHBP1L1	NM_001351087.2	+	3	65575359	65575444	84	3
NC_060935.1	65601427	65602294	-2	1	-	NC_060935.1	65602081	65602229	65601800	65601975	MAP3K11	NM_002419.4	-	2	65601975	65602081	105	2
NC_060935.1	65643710	65644091	3	1	+	NC_060935.1	65643731	65643842	65643927	65644035	SIPA1	NM_006747.4	+	3	65643842	65643927	84	7
NC_060935.1	65856327	65856915	1	1	+	NC_060935.1	65856418	65856516	65856682	65856750	MUS81	NM_001350283.2	+	1	65856516	65856682	165	6
NC_060935.1	65960243	65960903	3	1	+	NC_060935.1	65960340	65960464	65960552	65960667	SART1	NM_005146.5	+	3	65960464	65960552	87	2
NC_060935.1	65970397	65971024	2	1	+	NC_060935.1	65970527	65970700	65970788	65970898	SART1	NM_005146.5	+	2	65970700	65970788	87	1
NC_060935.1	65994154	65994544	-2	1	-	NC_060935.1	65994437	65994523	65994187	65994295	EIF1AD	NM_001242481.2	-	2	65994295	65994437	141	8
NC_060935.1	66014685	66015111	-3	1	-	NC_060935.1	66014934	66015077	66014687	66014750	CATSPER1	NM_053054.4	-	3	66014750	66014934	183	2
NC_060935.1	661846	662572	-2	1	-	NC_060935.1	662401	662481	661852	662241	IRF7	NM_001440440.1	-	2	662241	662401	159	9
NC_060935.1	66224640	66225078	1	1	+	NC_060935.1	66224641	66224756	66224898	66225033	PACS1	NM_018026.4	+	1	66224756	66224898	141	3
NC_060935.1	66227647	66228349	2	1	+	NC_060935.1	66227878	66228032	66228225	66228335	PACS1	NM_018026.4	+	2	66228032	66228225	192	3
NC_060935.1	66257493	66257904	1	1	+	NC_060935.1	66257524	66257625	66257719	66257892	KLC2	NM_001134774.2	+	1	66257625	66257719	93	10
NC_060935.1	66259310	66259781	3	1	+	NC_060935.1	66259328	66259436	66259527	66259685	KLC2	NM_001134774.2	+	3	66259436	66259527	90	10
NC_060935.1	66269466	66269898	1	1	+	NC_060935.1	66269467	66269598	66269707	66269898	RAB1B	NM_030981.3	+	1	66269598	66269707	108	1
NC_060935.1	66326732	66327467	-1	1	-	NC_060935.1	66327182	66327313	66326913	66327064	RIN1	NM_001363559.2	-	1	66327064	66327182	117	6
NC_060935.1	66334576	66335023	-2	1	-	NC_060935.1	66334861	66334988	66334622	66334701	BRMS1	NM_001024957.2	-	2	66334701	66334861	159	4
NC_060935.1	66418686	66419289	1	1	+	NC_060935.1	66418798	66418900	66419021	66419288	NPAS4	NM_178864.4	+	1	66418900	66419021	120	6
NC_060935.1	66491222	66491729	3	1	+	NC_060935.1	66491445	66491507	66491604	66491728	DPP3	NM_001256670.2	+	3	66491507	66491604	96	3
NC_060935.1	66557458	66558007	2	1	+	NC_060935.1	66557474	66557608	66557705	66557884	ACTN3	NM_001104.4	+	2	66557608	66557705	96	2
NC_060935.1	66562202	66562793	-1	1	-	NC_060935.1	66562538	66562651	66562269	66562414	CTSF	NM_003793.4	-	1	66562414	66562538	123	2
NC_060935.1	6666999	6667464	1	1	+	NC_060935.1	6667162	6667258	6667352	6667435	ILK	NM_001014794.3	+	1	6667258	6667352	93	5
NC_060935.1	6666999	6667464	1	1	+	NC_060935.1	6667213	6667258	6667352	6667435	ILK	NM_001278442.2	+	1	6667258	6667352	93	1
NC_060935.1	66838932	66839505	1	1	+	NC_060935.1	66839123	66839343	66839443	66839505	TOP6BL	NM_001302084.2	+	1	66839343	66839443	99	2
NC_060935.1	6685010	6686285	-1	1	-	NC_060935.1	6685256	6686134	6685019	6685132	DCHS1	NM_003737.4	-	1	6685132	6685256	123	1
NC_060935.1	66867216	66867852	-3	1	-	NC_060935.1	66867591	66867756	66867328	66867473	PC	NM_000920.4	-	3	66867473	66867591	117	12
NC_060935.1	67285451	67285823	3	1	+	NC_060935.1	67285452	67285497	67285579	67285722	ANKRD13D	NM_001347901.2	+	3	67285497	67285579	81	5
NC_060935.1	67402860	67403652	1	1	+	NC_060935.1	67403094	67403248	67403522	67403652	TBC1D10C	NM_001256508.1	+	1	67403248	67403522	273	3
NC_060935.1	67426784	67427159	3	1	+	NC_060935.1	67426853	67426953	67427068	67427158	RPS6KB2	NM_003952.3	+	3	67426953	67427068	114	3
NC_060935.1	67426784	67427159	3	1	+	NC_060935.1	67426938	67426953	67427068	67427158	RPS6KB2	XM_054369614.1	+	3	67426953	67427068	114	1
NC_060935.1	67492728	67493190	-3	1	-	NC_060935.1	67493077	67493138	67492733	67492983	PITPNM1	NM_001130848.2	-	3	67492983	67493077	93	18
NC_060935.1	687885	688983	1	1	+	NC_060935.1	687952	688064	688167	688609	DRD4	NM_000797.4	+	1	688064	688167	102	1
NC_060935.1	687885	688983	1	1	+	NC_060935.1	688167	688609	688754	688969	DRD4	NM_000797.4	+	1	688609	688754	144	1
NC_060935.1	69089550	69090111	1	1	+	NC_060935.1	69089572	69089691	69089824	69089883	TPCN2	NM_139075.4	+	1	69089691	69089824	132	1
NC_060935.1	70377016	70377544	2	1	+	NC_060935.1	70377049	70377130	70377242	70377442	PPFIA1	NM_001378006.1	+	2	70377130	70377242	111	32
NC_060935.1	71454212	71454839	3	1	+	NC_060935.1	71454315	71454643	71454674	71454839	KRTAP5-7	NM_001012503.2	+	3	71454643	71454674	30	1
NC_060935.1	72147464	72147938	3	1	+	NC_060935.1	72147486	72147674	72147792	72147927	FOLR2	NM_000803.5	+	3	72147674	72147792	117	6
NC_060935.1	72155069	72155591	3	1	+	NC_060935.1	72155097	72155114	72155343	72155463	INPPL1	XM_054368685.1	+	3	72155114	72155343	228	1
NC_060935.1	72160032	72160398	1	1	+	NC_060935.1	72160057	72160138	72160271	72160360	INPPL1	NM_001440434.1	+	1	72160138	72160271	132	11
NC_060935.1	72164658	72164967	1	1	+	NC_060935.1	72164659	72164792	72164880	72164967	INPPL1	NM_001440434.1	+	1	72164792	72164880	87	8
NC_060935.1	72510615	72511383	-3	1	-	NC_060935.1	72511062	72511239	72510712	72510824	PDE2A	NM_001143839.4	-	3	72510824	72511062	237	5
NC_060935.1	72516206	72516536	-1	1	-	NC_060935.1	72516417	72516491	72516261	72516302	PDE2A	NM_001143839.4	-	1	72516302	72516417	114	5
NC_060935.1	72625832	72626414	-1	1	-	NC_060935.1	72626147	72626342	72625834	72625885	ARAP1	NM_001040118.3	-	1	72625885	72626147	261	4
NC_060935.1	73319687	73320059	3	1	+	NC_060935.1	73319688	73319762	73319892	73320058	RELT	NM_001425248.1	+	3	73319762	73319892	129	8
NC_060935.1	73319687	73320059	3	1	+	NC_060935.1	73319736	73319762	73319892	73320058	RELT	NM_001425251.1	+	3	73319762	73319892	129	1
NC_060935.1	73323196	73323718	2	1	+	NC_060935.1	73323363	73323454	73323614	73323718	RELT	XM_054370265.1	+	2	73323454	73323614	159	1
NC_060935.1	772211	772862	3	1	+	NC_060935.1	772388	772530	772609	772676	EPS8L2	NM_001441192.1	+	3	772530	772609	78	4
NC_060935.1	822704	823001	-1	1	-	NC_060935.1	822848	822941	822705	822727	GATD1	XM_054368658.1	-	1	822727	822848	120	3
NC_060935.1	8359	8932	-2	1	-	NC_060935.1	8801	8878	8422	8623	LOC124906931	XM_047445862.1	-	2	8623	8801	177	2
NC_060935.1	851746	852607	-2	1	-	NC_060935.1	852417	852552	852194	852344	PIDD1	NM_145886.4	-	2	852344	852417	72	8
NC_060935.1	851746	852607	-2	1	-	NC_060935.1	852194	852344	851765	851883	PIDD1	NM_145886.4	-	2	851883	852194	310	5
NC_060935.1	851746	852607	-2	1	-	NC_060935.1	852194	852344	851816	851883	PIDD1	NM_145887.4	-	2	851883	852194	310	3
NC_060935.1	853962	854556	-3	1	-	NC_060935.1	854115	854324	853976	854030	PIDD1	NM_145886.4	-	3	854030	854115	84	14
NC_060935.1	863802	864267	1	1	+	NC_060935.1	863969	864067	864194	864267	RPLP2	NM_001004.4	+	1	864067	864194	126	1
NC_060935.1	86407412	86407958	-1	1	-	NC_060935.1	86407616	86407725	86407413	86407429	ME3	XM_054367530.1	-	1	86407429	86407616	186	2
NC_060935.1	888222	889146	1	1	+	NC_060935.1	888625	888729	888835	888993	CD151	NM_001039490.2	+	1	888729	888835	105	5
NC_060936.1	106956418	106956679	-3	1	-	NC_060936.1	106956598	106956669	106956420	106956519	CRY1	NM_001413458.1	-	3	106956519	106956598	78	1
NC_060936.1	106956418	106956679	-3	1	-	NC_060936.1	106956598	106956669	106956420	106956516	CRY1	NM_001413459.1	-	3	106956516	106956598	81	1
NC_060936.1	106956418	106956679	-3	1	-	NC_060936.1	106956598	106956669	106956420	106956495	CRY1	NM_001413460.1	-	3	106956495	106956598	102	1
NC_060936.1	108505824	108506178	-1	1	-	NC_060936.1	108506076	108506153	108505882	108505940	SART3	NM_001410983.1	-	1	108505940	108506076	135	3
NC_060936.1	109057162	109057990	2	1	+	NC_060936.1	109057475	109057555	109057655	109057874	USP30	NM_001301175.2	+	2	109057555	109057655	99	6
NC_060936.1	109057162	109057990	2	1	+	NC_060936.1	109057475	109057555	109057655	109057985	USP30	XM_054373562.1	+	2	109057555	109057655	99	8
NC_060936.1	109535450	109536236	-2	1	-	NC_060936.1	109536134	109536220	109535931	109535995	MMAB	XM_054371923.1	-	2	109535995	109536134	138	1
NC_060936.1	110445786	110446839	-1	1	-	NC_060936.1	110446166	110446200	110445820	110446069	GPN3	XM_054372184.1	-	1	110446069	110446166	96	2
NC_060936.1	110445786	110446839	-1	1	-	NC_060936.1	110446166	110446200	110445850	110446069	GPN3	XM_054372185.1	-	1	110446069	110446166	96	2
NC_060936.1	111427310	111427592	3	1	+	NC_060936.1	111427311	111427412	111427500	111427591	SH2B3	NM_001291424.1	+	3	111427412	111427500	87	8
NC_060936.1	111427310	111427592	3	1	+	NC_060936.1	111427380	111427412	111427500	111427591	SH2B3	XM_054370696.1	+	3	111427412	111427500	87	2
NC_060936.1	111427793	111428420	3	1	+	NC_060936.1	111427888	111428102	111428214	111428385	SH2B3	NM_001291424.1	+	3	111428102	111428214	111	10
NC_060936.1	111723873	111724404	1	1	+	NC_060936.1	111723970	111724107	111724216	111724306	ACAD10	NM_001136538.2	+	1	111724107	111724216	108	2
NC_060936.1	113142131	113142698	-2	1	-	NC_060936.1	113142446	113142676	113142288	113142361	DDX54	NM_001111322.2	-	2	113142361	113142446	84	2
NC_060936.1	113253463	113253991	2	1	+	NC_060936.1	113253545	113253661	113253866	113253990	TPCN1	NM_001143819.3	+	2	113253661	113253866	204	13
NC_060936.1	120185967	120186384	-1	1	-	NC_060936.1	120186283	120186370	120186019	120186165	RPLP0	NM_001002.4	-	1	120186165	120186283	117	2
NC_060936.1	120355914	120356697	-1	1	-	NC_060936.1	120356210	120356268	120356010	120356050	MSI1	NM_001414485.1	-	1	120356050	120356210	159	6
NC_060936.1	121435315	121436329	-3	1	-	NC_060936.1	121435880	121435966	121435442	121435702	KDM2B	NM_001005366.2	-	3	121435702	121435880	177	42
NC_060936.1	121435315	121436329	-3	1	-	NC_060936.1	121435880	121435966	121435442	121435711	KDM2B	XM_054373502.1	-	3	121435711	121435880	168	8
NC_060936.1	121813572	121814460	1	1	+	NC_060936.1	121813693	121813954	121814030	121814364	SETD1B	NM_001353345.2	+	1	121813954	121814030	75	3
NC_060936.1	121824014	121824944	3	1	+	NC_060936.1	121824180	121824311	121824396	121824515	SETD1B	NM_001353345.2	+	3	121824311	121824396	84	3
NC_060936.1	121824014	121824944	3	1	+	NC_060936.1	121824396	121824515	121824594	121824731	SETD1B	NM_001353345.2	+	3	121824515	121824594	78	3
NC_060936.1	121938727	121939327	2	1	+	NC_060936.1	121938805	121938916	121939166	121939246	CFAP251	NM_001178003.2	+	2	121938916	121939166	249	2
NC_060936.1	122853332	122853857	3	1	+	NC_060936.1	122853354	122853501	122853601	122853687	HIP1R	NM_003959.3	+	3	122853501	122853601	99	1
NC_060936.1	122853914	122854463	3	1	+	NC_060936.1	122854090	122854197	122854315	122854451	HIP1R	NM_003959.3	+	3	122854197	122854315	117	1
NC_060936.1	122974905	122975544	1	1	+	NC_060936.1	122974967	122975094	122975278	122975535	OGFOD2	NM_001304833.2	+	1	122975094	122975278	183	2
NC_060936.1	122974905	122975544	1	1	+	NC_060936.1	122975056	122975094	122975278	122975535	OGFOD2	NM_001304834.2	+	1	122975094	122975278	183	5
NC_060936.1	122982516	122983641	-1	1	-	NC_060936.1	122983171	122983354	122982961	122983089	PITPNM2	NM_001300801.2	-	1	122983089	122983171	81	27
NC_060936.1	122982516	122983641	-1	1	-	NC_060936.1	122983171	122983354	122982961	122983008	PITPNM2	NM_001384660.1	-	1	122983008	122983171	162	1
NC_060936.1	123385072	123386293	2	1	+	NC_060936.1	123386004	123386019	123386110	123386125	KMT5A	NM_001324504.2	+	2	123386019	123386110	90	1
NC_060936.1	124959031	124959526	-3	1	-	NC_060936.1	124959295	124959419	124959088	124959204	DHX37	NM_032656.4	-	3	124959204	124959295	90	4
NC_060936.1	13087748	13088282	3	1	+	NC_060936.1	13087773	13087869	13087975	13088115	EMP1	NM_001423.3	+	3	13087869	13087975	105	1
NC_060936.1	131966825	131967632	3	1	+	NC_060936.1	131967159	131967331	131967419	131967537	ULK1	NM_003565.4	+	3	131967331	131967419	87	3
NC_060936.1	132201741	132202359	1	1	+	NC_060936.1	132201780	132201940	132202034	132202116	NOC4L	NM_001414688.1	+	1	132201940	132202034	93	6
NC_060936.1	132202205	132202694	3	1	+	NC_060936.1	132202380	132202493	132202578	132202694	NOC4L	NM_001414688.1	+	3	132202493	132202578	84	6
NC_060936.1	132577862	132579113	3	1	+	NC_060936.1	132578019	132578054	132578529	132578619	FBRSL1	NM_001382743.1	+	3	132578054	132578529	474	1
NC_060936.1	132619833	132620844	1	1	+	NC_060936.1	132619928	132620243	132620337	132620542	FBRSL1	NM_001142641.2	+	1	132620243	132620337	93	18
NC_060936.1	132619833	132620844	1	1	+	NC_060936.1	132619928	132620243	132620340	132620542	FBRSL1	XM_054372677.1	+	1	132620243	132620340	96	2
NC_060936.1	132707215	132707656	-3	1	-	NC_060936.1	132707513	132707593	132707300	132707422	POLE	NM_006231.4	-	3	132707422	132707513	90	6
NC_060936.1	132718380	132718923	-1	1	-	NC_060936.1	132718800	132718902	132718521	132718667	POLE	NM_006231.4	-	1	132718667	132718800	132	5
NC_060936.1	132725899	132726370	-3	1	-	NC_060936.1	132726260	132726370	132725901	132725986	POLE	NM_006231.4	-	3	132725986	132726260	273	4
NC_060936.1	132725899	132726370	-3	1	-	NC_060936.1	132726260	132726350	132725901	132725986	POLE	XM_054372311.1	-	3	132725986	132726260	273	1
NC_060936.1	132798359	132798998	-2	1	-	NC_060936.1	132798759	132798952	132798453	132798641	ANKLE2	NM_015114.3	-	2	132798641	132798759	117	7
NC_060936.1	1880745	1881348	-1	1	-	NC_060936.1	1881148	1881237	1880929	1881042	CACNA2D4	NM_172364.5	-	1	1881042	1881148	105	4
NC_060936.1	1880745	1881348	-1	1	-	NC_060936.1	1881139	1881237	1880929	1881042	CACNA2D4	XM_054373863.1	-	1	1881042	1881139	96	1
NC_060936.1	2600948	2601596	3	1	+	NC_060936.1	2601213	2601272	2601420	2601479	CACNA1C	NM_001129827.2	+	3	2601272	2601420	147	3
NC_060936.1	27186648	27187155	1	1	+	NC_060936.1	27186649	27186751	27186923	27186984	STK38L	NM_015000.4	+	1	27186751	27186923	171	1
NC_060936.1	29349226	29349613	-3	1	-	NC_060936.1	29349475	29349612	29349236	29349366	OVCH1	NM_001353179.2	-	3	29349366	29349475	108	8
NC_060936.1	40441025	40444820	3	1	+	NC_060936.1	40442002	40443741	40443802	40444278	MUC19	NM_173600.2	+	3	40443741	40443802	60	1
NC_060936.1	40441025	40444820	3	1	+	NC_060936.1	40443802	40444278	40444309	40444695	MUC19	NM_173600.2	+	3	40444278	40444309	30	1
NC_060936.1	40464607	40464892	2	1	+	NC_060936.1	40464630	40464683	40464804	40464857	MUC19	NM_173600.2	+	2	40464683	40464804	120	1
NC_060936.1	44833748	44834315	-2	1	-	NC_060936.1	44834108	44834159	44833826	44833954	NELL2	NM_001145109.2	-	2	44833954	44834108	153	1
NC_060936.1	47759877	47760438	-1	1	-	NC_060936.1	47760178	47760365	47759955	47760045	HDAC7	NM_001098416.4	-	1	47760045	47760178	132	13
NC_060936.1	47759877	47760438	-1	1	-	NC_060936.1	47760178	47760318	47759955	47760045	HDAC7	XM_054372251.1	-	1	47760045	47760178	132	2
NC_060936.1	48737966	48738497	-2	1	-	NC_060936.1	48738237	48738378	48737991	48738119	ADCY6	NM_001390830.1	-	2	48738119	48738237	117	10
NC_060936.1	48989860	48990436	-3	1	-	NC_060936.1	48990181	48990313	48989975	48990102	KMT2D	NM_003482.4	-	3	48990102	48990181	78	1
NC_060936.1	48990963	48991464	-1	1	-	NC_060936.1	48991233	48991408	48991000	48991130	KMT2D	NM_003482.4	-	1	48991130	48991233	102	1
NC_060936.1	49064206	49064617	-3	1	-	NC_060936.1	49064476	49064559	49064303	49064379	LMBR1L	NM_001300750.2	-	3	49064379	49064476	96	17
NC_060936.1	49290999	49291464	1	1	+	NC_060936.1	49291117	49291245	49291351	49291434	TROAP	NM_001410976.1	+	1	49291245	49291351	105	10
NC_060936.1	49311059	49312052	3	1	+	NC_060936.1	49311063	49311902	49311984	49312047	DNAJC22	XM_054373252.1	+	3	49311902	49311984	81	2
NC_060936.1	50044317	50044704	1	1	+	NC_060936.1	50044318	50044422	50044603	50044704	ASIC1	NM_001095.4	+	1	50044422	50044603	180	11
NC_060936.1	50053289	50053670	3	1	+	NC_060936.1	50053320	50053481	50053572	50053669	SMARCD1	NM_003076.5	+	3	50053481	50053572	90	4
NC_060936.1	50098808	50099147	-2	1	-	NC_060936.1	50099019	50099147	50098810	50098916	CERS5	NM_001281731.2	-	2	50098916	50099019	102	12
NC_060936.1	50098808	50099147	-2	1	-	NC_060936.1	50099019	50099147	50098812	50098916	CERS5	XM_054373801.1	-	2	50098916	50099019	102	1
NC_060936.1	52134985	52135360	-3	1	-	NC_060936.1	52135243	52135298	52134986	52135107	KRT80	NM_182507.3	-	3	52135107	52135243	135	2
NC_060936.1	52392520	52393033	-3	1	-	NC_060936.1	52392884	52393009	52392522	52392742	KRT75	NM_004693.3	-	3	52392742	52392884	141	1
NC_060936.1	52812393	52812792	-1	1	-	NC_060936.1	52812706	52812759	52812395	52812609	KRT78	NM_001300814.1	-	1	52812609	52812706	96	1
NC_060936.1	53019804	53020224	1	1	+	NC_060936.1	53019946	53020068	53020159	53020223	TNS2	NM_001416202.1	+	1	53020068	53020159	90	9
NC_060936.1	53023034	53024714	3	1	+	NC_060936.1	53023081	53023194	53023414	53024625	TNS2	NM_001416202.1	+	3	53023194	53023414	219	4
NC_060936.1	53023034	53024714	3	1	+	NC_060936.1	53023081	53023221	53023414	53024625	TNS2	NM_001416203.1	+	3	53023221	53023414	192	4
NC_060936.1	53023034	53024714	3	1	+	NC_060936.1	53023081	53023221	53023414	53024338	TNS2	XM_054371571.1	+	3	53023221	53023414	192	1
NC_060936.1	53065052	53065616	3	1	+	NC_060936.1	53065087	53065232	53065416	53065535	IGFBP6	NM_002178.3	+	3	53065232	53065416	183	1
NC_060936.1	54370728	54371070	-1	1	-	NC_060936.1	54371015	54371060	54370730	54370831	ITGA5	NM_002205.5	-	1	54370831	54371015	183	1
NC_060936.1	54375718	54376207	-3	1	-	NC_060936.1	54376070	54376182	54375817	54375937	ITGA5	NM_002205.5	-	3	54375937	54376070	132	1
NC_060936.1	55663470	55663959	-1	1	-	NC_060936.1	55663845	55663906	55663528	55663697	ITGA7	NM_001144996.2	-	1	55663697	55663845	147	21
NC_060936.1	55663470	55663959	-1	1	-	NC_060936.1	55663845	55663906	55663528	55663679	ITGA7	NM_001374465.1	-	1	55663679	55663845	165	4
NC_060936.1	56105558	56105885	3	1	+	NC_060936.1	56105624	56105672	56105781	56105870	ESYT1	NM_001184796.2	+	3	56105672	56105781	108	2
NC_060936.1	56110728	56111229	1	1	+	NC_060936.1	56110827	56110932	56111179	56111228	ESYT1	NM_001184796.2	+	1	56110932	56111179	246	2
NC_060936.1	56126004	56126394	1	1	+	NC_060936.1	56126014	56126016	56126296	56126323	MYL6	NM_021019.5	+	1	56126016	56126296	279	2
NC_060936.1	56152302	56152818	-1	1	-	NC_060936.1	56152633	56152714	56152447	56152539	SMARCC2	NM_001130420.3	-	1	56152539	56152633	93	13
NC_060936.1	5619330	5620011	-1	1	-	NC_060936.1	5619799	5619856	5619554	5619654	ANO2	NM_001278596.3	-	1	5619654	5619799	144	3
NC_060936.1	56291882	56292629	-2	1	-	NC_060936.1	56292225	56292353	56291938	56292137	PAN2	NM_001127460.4	-	2	56292137	56292225	87	13
NC_060936.1	57015857	57016247	-2	1	-	NC_060936.1	57016080	57016193	57015859	57015974	MYO1A	NM_001256041.2	-	2	57015974	57016080	105	4
NC_060936.1	57161015	57161936	3	1	+	NC_060936.1	57161422	57161550	57161812	57161931	LRP1	NM_002332.3	+	3	57161550	57161812	261	1
NC_060936.1	57163208	57163841	3	1	+	NC_060936.1	57163231	57163347	57163516	57163644	LRP1	NM_002332.3	+	3	57163347	57163516	168	1
NC_060936.1	57443526	57443904	-1	1	-	NC_060936.1	57443772	57443904	57443580	57443687	ARHGAP9	NM_001080156.3	-	1	57443687	57443772	84	22
NC_060936.1	57531656	57532058	3	1	+	NC_060936.1	57531678	57531765	57531859	57531932	KIF5A	NM_004984.4	+	3	57531765	57531859	93	1
NC_060936.1	57540248	57541022	3	1	+	NC_060936.1	57540300	57540506	57540819	57540965	KIF5A	NM_001354705.2	+	3	57540506	57540819	312	2
NC_060936.1	57581799	57582339	1	1	+	NC_060936.1	57581913	57581979	57582235	57582338	ARHGEF25	NM_001111270.3	+	1	57581979	57582235	255	3
NC_060936.1	57596922	57597462	-1	1	-	NC_060936.1	57597267	57597365	57596932	57597122	B4GALNT1	NM_001276468.2	-	1	57597122	57597267	144	17
NC_060936.1	57596922	57597462	-1	1	-	NC_060936.1	57597267	57597365	57596923	57597122	B4GALNT1	NM_001413979.1	-	1	57597122	57597267	144	2
NC_060936.1	57684402	57685107	1	1	+	NC_060936.1	57684449	57684550	57684770	57684870	OS9	NM_001017956.3	+	1	57684550	57684770	219	6
NC_060936.1	57684402	57685107	1	1	+	NC_060936.1	57684770	57684870	57685051	57685102	OS9	NM_001017956.3	+	1	57684870	57685051	180	11
NC_060936.1	57684402	57685107	1	1	+	NC_060936.1	57684446	57684550	57684770	57684870	OS9	NM_001261420.2	+	1	57684550	57684770	219	5
NC_060936.1	57684402	57685107	1	1	+	NC_060936.1	57684449	57684870	57685051	57685102	OS9	XM_054370840.1	+	1	57684870	57685051	180	1
NC_060936.1	6342459	6342978	-1	1	-	NC_060936.1	6342759	6342908	6342461	6342539	TNFRSF1A	NM_001065.4	-	1	6342539	6342759	219	1
NC_060936.1	6342459	6342978	-1	1	-	NC_060936.1	6342759	6342906	6342461	6342539	TNFRSF1A	NM_001346091.2	-	1	6342539	6342759	219	1
NC_060936.1	6398339	6399005	3	1	+	NC_060936.1	6398464	6398571	6398866	6398891	LTBR	NM_001270987.2	+	3	6398571	6398866	294	8
NC_060936.1	6398339	6399005	3	1	+	NC_060936.1	6398464	6398571	6398710	6398891	LTBR	NM_001414303.1	+	3	6398571	6398710	138	1
NC_060936.1	6461034	6461793	1	1	+	NC_060936.1	6461282	6461401	6461543	6461793	CD27	XM_054373867.1	+	1	6461401	6461543	141	2
NC_060936.1	6560996	6561389	-2	1	-	NC_060936.1	6561300	6561360	6561054	6561149	IFFO1	NM_001039670.3	-	2	6561149	6561300	150	14
NC_060936.1	6591151	6591775	-3	1	-	NC_060936.1	6591653	6591750	6591406	6591535	CHD4	NM_001273.5	-	3	6591535	6591653	117	2
NC_060936.1	6591151	6591775	-3	1	-	NC_060936.1	6591653	6591750	6591400	6591535	CHD4	NM_001363606.2	-	3	6591535	6591653	117	1
NC_060936.1	6593191	6593764	-3	1	-	NC_060936.1	6593560	6593740	6593389	6593475	CHD4	NM_001273.5	-	3	6593475	6593560	84	3
NC_060936.1	6593191	6593764	-3	1	-	NC_060936.1	6593389	6593475	6593210	6593298	CHD4	NM_001273.5	-	3	6593298	6593389	90	3
NC_060936.1	66224485	66224854	2	1	+	NC_060936.1	66224486	66224548	66224636	66224800	IRAK3	NM_001142523.2	+	2	66224548	66224636	87	2
NC_060936.1	6826355	6827900	3	1	+	NC_060936.1	6826420	6826620	6827701	6827822	CD4	NM_000616.5	+	3	6826620	6827701	1080	9
NC_060936.1	6839618	6840092	3	1	+	NC_060936.1	6839646	6839847	6839932	6840063	P3H3	NM_014262.5	+	3	6839847	6839932	84	1
NC_060936.1	6846752	6847352	3	1	+	NC_060936.1	6847024	6847141	6847250	6847325	P3H3	NM_014262.5	+	3	6847141	6847250	108	1
NC_060936.1	6952268	6952943	3	1	+	NC_060936.1	6952540	6952720	6952913	6952943	ATN1	NM_001007026.2	+	3	6952720	6952913	192	7
NC_060936.1	6990700	6991441	-3	1	-	NC_060936.1	6991076	6991223	6990845	6991003	LPCAT3	NM_005768.6	-	3	6991003	6991076	72	1
NC_060936.1	71609272	71610028	-3	1	-	NC_060936.1	71609486	71610028	71609292	71609401	ZFC3H1	NM_144982.5	-	3	71609401	71609486	84	1
NC_060936.1	7203080	7203797	3	1	+	NC_060936.1	7203090	7203136	7203518	7203725	PEX5	XM_054372759.1	+	3	7203136	7203518	381	3
NC_060936.1	7203080	7203797	3	1	+	NC_060936.1	7203090	7203136	7203518	7203680	PEX5	XM_054372762.1	+	3	7203136	7203518	381	3
NC_060936.1	95967767	95967995	-2	1	-	NC_060936.1	95967923	95967995	95967769	95967835	HAL	NM_001258334.2	-	2	95967835	95967923	87	2
NC_060936.1	9619121	9619478	-2	1	-	NC_060936.1	9619458	9619460	9619145	9619289	CLECL1	NM_001441805.1	-	2	9619289	9619458	168	2
NC_060937.1	109442261	109442522	-2	1	-	NC_060937.1	109442433	109442522	109442289	109442333	COL4A1	NM_001303110.2	-	2	109442333	109442433	99	2
NC_060937.1	20333586	20334066	1	1	+	NC_060937.1	20333623	20333751	20333956	20334065	SAP18	NM_005870.5	+	1	20333751	20333956	204	2
NC_060937.1	27256252	27256609	-3	1	-	NC_060937.1	27256456	27256588	27256261	27256365	FLT3	NM_004119.3	-	3	27256365	27256456	90	6
NC_060937.1	47731976	47732504	-2	1	-	NC_060937.1	47732313	47732471	47732067	47732174	RCBTB2	NM_001268.4	-	2	47732174	47732313	138	11
NC_060937.1	47731976	47732504	-2	1	-	NC_060937.1	47732313	47732471	47731977	47732174	RCBTB2	NM_001352430.2	-	2	47732174	47732313	138	2
NC_060937.1	51368716	51369004	-3	1	-	NC_060937.1	51368911	51369004	51368726	51368823	NEK3	NM_001146099.2	-	3	51368823	51368911	87	3
NC_060937.1	51368716	51369004	-3	1	-	NC_060937.1	51368911	51368953	51368726	51368823	NEK3	NM_001424270.1	-	3	51368823	51368911	87	1
NC_060937.1	60197611	60198934	-3	1	-	NC_060937.1	60198725	60198910	60198193	60198376	LOC124907103	XM_047446222.1	-	3	60198376	60198725	348	1
NC_060937.1	60197611	60198934	-3	1	-	NC_060937.1	60198193	60198376	60197831	60197955	LOC124907103	XM_047446222.1	-	3	60197955	60198193	237	1
NC_060937.1	97222372	97222654	2	1	+	NC_060937.1	97222373	97222484	97222569	97222624	IPO5	NM_002271.6	+	2	97222484	97222569	84	11
NC_060937.1	99195797	99196589	3	1	+	NC_060937.1	99195856	99196019	99196233	99196589	ZIC2	NM_007129.5	+	3	99196019	99196233	213	1
NC_060938.1	100111792	100113169	-1	1	-	NC_060938.1	100112365	100112688	100111831	100112154	IGHD	unassigned_transcript_2554	-	1	100112154	100112365	210	1
NC_060938.1	13280616	13281255	1	1	+	NC_060938.1	13280623	13280707	13280819	13281254	POTEM	NM_001145442.1	+	1	13280707	13280819	111	1
NC_060938.1	13745033	13745672	-3	1	-	NC_060938.1	13745449	13745666	13745035	13745337	POTEG	NM_001005356.3	-	3	13745337	13745449	111	1
NC_060938.1	15215360	15215999	-3	1	-	NC_060938.1	15215607	15215642	15215390	15215441	NDRG2	NM_001282211.2	-	3	15215441	15215607	165	26
NC_060938.1	15215799	15216138	-2	1	-	NC_060938.1	15216030	15216066	15215860	15215924	NDRG2	NM_001354558.2	-	2	15215924	15216030	105	1
NC_060938.1	15217828	15218272	-1	1	-	NC_060938.1	15218186	15218246	15217898	15217984	NDRG2	NM_001282211.2	-	1	15217984	15218186	201	27
NC_060938.1	15299766	15300219	1	1	+	NC_060938.1	15299818	15299928	15300046	15300192	TMEM253	NM_001146683.2	+	1	15299928	15300046	117	5
NC_060938.1	15299766	15300219	1	1	+	NC_060938.1	15299827	15299928	15300046	15300192	TMEM253	NM_001395465.1	+	1	15299928	15300046	117	2
NC_060938.1	17099875	17100208	-1	1	-	NC_060938.1	17100043	17100165	17099877	17099946	RBM23	NM_001077351.2	-	1	17099946	17100043	96	16
NC_060938.1	17099875	17100208	-1	1	-	NC_060938.1	17100043	17100165	17099876	17099946	RBM23	XM_054376285.1	-	1	17099946	17100043	96	2
NC_060938.1	17102917	17103313	-1	1	-	NC_060938.1	17103161	17103313	17102942	17103079	RBM23	NM_001077351.2	-	1	17103079	17103161	81	19
NC_060938.1	17249624	17250461	-3	1	-	NC_060938.1	17250248	17250359	17249648	17249896	CDH24	NM_022478.4	-	3	17249896	17250248	351	2
NC_060938.1	17255312	17255981	-3	1	-	NC_060938.1	17255678	17255972	17255366	17255485	CDH24	NM_022478.4	-	3	17255485	17255678	192	4
NC_060938.1	17559822	17561082	-2	1	-	NC_060938.1	17560939	17561055	17560333	17560710	EFS	NM_001277174.2	-	2	17560710	17560939	228	1
NC_060938.1	17559822	17561082	-2	1	-	NC_060938.1	17560333	17560710	17559892	17559981	EFS	NM_001277174.2	-	2	17559981	17560333	351	1
NC_060938.1	17559822	17561082	-2	1	-	NC_060938.1	17560333	17561055	17559892	17559981	EFS	NM_005864.4	-	2	17559981	17560333	351	2
NC_060938.1	17601175	17602147	-1	1	-	NC_060938.1	17601713	17601981	17601260	17601430	MYH6	NM_002471.4	-	1	17601430	17601713	282	1
NC_060938.1	17631548	17632058	-3	1	-	NC_060938.1	17631899	17631997	17631558	17631661	MYH7	NM_000257.4	-	3	17631661	17631899	237	2
NC_060938.1	17633475	17633910	-2	1	-	NC_060938.1	17633637	17633793	17633477	17633504	MYH7	NM_000257.4	-	2	17633504	17633637	132	2
NC_060938.1	18258194	18258626	3	1	+	NC_060938.1	18258287	18258380	18258474	18258572	CARMIL3	NM_138360.4	+	3	18258380	18258474	93	18
NC_060938.1	18264614	18265106	3	1	+	NC_060938.1	18264714	18264780	18264883	18264972	CARMIL3	NM_138360.4	+	3	18264780	18264883	102	17
NC_060938.1	18272510	18273089	3	1	+	NC_060938.1	18272607	18272681	18272847	18272930	CPNE6	NM_001280558.2	+	3	18272681	18272847	165	5
NC_060938.1	18275133	18275826	1	1	+	NC_060938.1	18275195	18275328	18275470	18275706	CPNE6	NM_001280558.2	+	1	18275328	18275470	141	5
NC_060938.1	18353680	18354034	2	1	+	NC_060938.1	18353723	18353821	18353912	18354001	RNF31	NM_001310332.2	+	2	18353821	18353912	90	2
NC_060938.1	18361274	18361847	3	1	+	NC_060938.1	18361275	18361458	18361687	18361817	IRF9	NM_001385400.1	+	3	18361458	18361687	228	4
NC_060938.1	18364003	18364561	2	1	+	NC_060938.1	18364156	18364271	18364431	18364561	IRF9	NM_001385400.1	+	2	18364271	18364431	159	2
NC_060938.1	18371134	18371509	2	1	+	NC_060938.1	18371209	18371351	18371436	18371508	REC8	NM_001048205.2	+	2	18371351	18371436	84	6
NC_060938.1	18379708	18380164	-1	1	-	NC_060938.1	18380021	18380153	18379823	18379927	IPO4	NM_024658.4	-	1	18379927	18380021	93	1
NC_060938.1	18385592	18386132	-3	1	-	NC_060938.1	18385977	18386106	18385710	18385889	IPO4	NM_024658.4	-	3	18385889	18385977	87	1
NC_060938.1	18435529	18435961	2	1	+	NC_060938.1	18435618	18435724	18435893	18435935	GMPR2	NM_001002000.3	+	2	18435724	18435893	168	12
NC_060938.1	18452970	18453735	-2	1	-	NC_060938.1	18453333	18453614	18453025	18453185	TGM1	NM_000359.3	-	2	18453185	18453333	147	1
NC_060938.1	18465735	18466704	-2	1	-	NC_060938.1	18466216	18466304	18466006	18466122	RABGGTA	NM_004581.5	-	2	18466122	18466216	93	2
NC_060938.1	18466710	18467193	-2	1	-	NC_060938.1	18467071	18467172	18466860	18466965	RABGGTA	NM_004581.5	-	2	18466965	18467071	105	2
NC_060938.1	18466710	18467193	-2	1	-	NC_060938.1	18466860	18466965	18466715	18466766	RABGGTA	NM_004581.5	-	2	18466766	18466860	93	2
NC_060938.1	18529055	18529766	-3	1	-	NC_060938.1	18529552	18529700	18529362	18529473	ADCY4	NM_001198568.2	-	3	18529473	18529552	78	3
NC_060938.1	18609766	18610375	2	1	+	NC_060938.1	18609814	18609944	18610092	18610188	NYNRIN	NM_025081.3	+	2	18609944	18610092	147	1
NC_060938.1	46853981	46854368	-3	1	-	NC_060938.1	46854210	46854296	46853989	46854122	ERO1A	NM_001382464.1	-	3	46854122	46854210	87	14
NC_060938.1	52430540	52430837	3	1	+	NC_060938.1	52430563	52430642	52430724	52430797	ACTR10	NM_018477.3	+	3	52430642	52430724	81	2
NC_060938.1	52430540	52430837	3	1	+	NC_060938.1	52430542	52430642	52430724	52430797	ACTR10	XM_054376393.1	+	3	52430642	52430724	81	2
NC_060938.1	54320956	54321937	2	1	+	NC_060938.1	54320983	54321162	54321256	54321743	PCNX4	NM_001330177.2	+	2	54321162	54321256	93	3
NC_060938.1	54320956	54321937	2	1	+	NC_060938.1	54320996	54321162	54321256	54321743	PCNX4	NM_022495.5	+	2	54321162	54321256	93	1
NC_060938.1	62004731	62005781	-3	1	-	NC_060938.1	62005115	62005723	62004773	62004856	ZFYVE26	NM_015346.4	-	3	62004856	62005115	258	3
NC_060938.1	63087458	63088508	-3	1	-	NC_060938.1	63087996	63088076	63087465	63087530	ACTN1	NM_001130004.2	-	3	63087530	63087996	465	2
NC_060938.1	68500393	68500759	-1	1	-	NC_060938.1	68500592	68500713	68500395	68500486	ABCD4	NM_001353591.2	-	1	68500486	68500592	105	30
NC_060938.1	86300487	86300613	-2	1	-	NC_060938.1	86300586	86300604	86300488	86300543	ATXN3	NM_001164774.2	-	2	86300543	86300586	42	5
NC_060938.1	86553471	86553957	1	1	+	NC_060938.1	86553577	86553706	86553806	86553946	SLC24A4	XM_054375405.1	+	1	86553706	86553806	99	2
NC_060938.1	94531441	94532245	-1	1	-	NC_060938.1	94532050	94532208	94531877	94531920	SLC25A29	NM_001352821.2	-	1	94531920	94532050	129	4
NC_060938.1	97166390	97166801	3	1	+	NC_060938.1	97166410	97166572	97166651	97166738	AMN	NM_001425246.1	+	3	97166572	97166651	78	3
NC_060938.1	97175949	97176729	-2	1	-	NC_060938.1	97176472	97176569	97176291	97176375	CDC42BPB	NM_001411054.1	-	2	97176375	97176472	96	4
NC_060938.1	98410431	98411475	1	1	+	NC_060938.1	98410583	98410845	98410936	98411119	KIF26A	NM_015656.2	+	1	98410845	98410936	90	2
NC_060938.1	98410431	98411475	1	1	+	NC_060938.1	98410936	98411119	98411312	98411474	KIF26A	NM_015656.2	+	1	98411119	98411312	192	2
NC_060938.1	98982137	98982749	3	1	+	NC_060938.1	98982214	98982264	98982541	98982560	ADSS1	XM_054375348.1	+	3	98982264	98982541	276	3
NC_060938.1	99017760	99018093	-2	1	-	NC_060938.1	99017962	99018093	99017824	99017889	AKT1	NM_001014431.2	-	2	99017889	99017962	72	13
NC_060938.1	99131311	99133966	2	1	+	NC_060938.1	99131891	99131981	99132126	99133829	CEP170B	NM_001112726.3	+	2	99131981	99132126	144	8
NC_060938.1	99131660	99132554	3	1	+	NC_060938.1	99131891	99131981	99132126	99132554	CEP170B	XM_054375893.1	+	3	99131981	99132126	144	2
NC_060938.1	99177819	99178320	1	1	+	NC_060938.1	99177906	99178071	99178153	99178249	PLD4	NM_001308174.2	+	1	99178071	99178153	81	3
NC_060938.1	99201654	99202245	-2	1	-	NC_060938.1	99202090	99202148	99201886	99201984	AHNAK2	NM_138420.4	-	2	99201984	99202090	105	1
NC_060938.1	99389780	99390974	-3	1	-	NC_060938.1	99390797	99390949	99390605	99390718	JAG2	NM_002226.5	-	3	99390718	99390797	78	5
NC_060938.1	99389780	99390974	-3	1	-	NC_060938.1	99390605	99390718	99390186	99390265	JAG2	XM_054376004.1	-	3	99390265	99390605	339	1
NC_060938.1	99389780	99390974	-3	1	-	NC_060938.1	99390186	99390265	99389976	99390089	JAG2	XM_054376004.1	-	3	99390089	99390186	96	1
NC_060938.1	99392397	99392907	-2	1	-	NC_060938.1	99392725	99392771	99392464	99392637	JAG2	NM_002226.5	-	2	99392637	99392725	87	5
NC_060938.1	99716670	99717354	1	1	+	NC_060938.1	99716983	99717134	99717207	99717354	MTA1	NM_001411061.1	+	1	99717134	99717207	72	18
NC_060938.1	99728420	99728957	3	1	+	NC_060938.1	99728494	99728588	99728805	99728862	CRIP2	NM_001270837.2	+	3	99728588	99728805	216	3
NC_060939.1	18453206	18453629	-2	1	-	NC_060939.1	18453528	18453545	18453366	18453473	GOLGA6L6	NM_001145004.2	-	2	18453473	18453528	54	1
NC_060939.1	20131006	20131447	2	1	+	NC_060939.1	20131091	20131108	20131163	20131288	GOLGA6L22	NM_001396956.1	+	2	20131108	20131163	54	2
NC_060939.1	20976328	20977054	-3	1	-	NC_060939.1	20976938	20977029	20976620	20976682	LOC124907502	XM_047446506.1	-	3	20976682	20976938	255	2
NC_060939.1	20982813	20983407	-1	1	-	NC_060939.1	20983348	20983407	20983084	20983164	LOC124907502	NM_001421669.1	-	1	20983164	20983348	183	4
NC_060939.1	21093573	21094167	1	1	+	NC_060939.1	21093574	21093633	21093817	21093897	GOLGA8S	NM_001395373.1	+	1	21093633	21093817	183	2
NC_060939.1	21172047	21174978	-1	1	-	NC_060939.1	21173229	21173366	21173022	21173123	GOLGA6L2	NM_001304388.2	-	1	21173123	21173229	105	1
NC_060939.1	26100468	26100855	-1	1	-	NC_060939.1	26100754	26100765	26100628	26100717	GOLGA6L24	NM_001394758.1	-	1	26100717	26100754	36	1
NC_060939.1	26123935	26124529	2	1	+	NC_060939.1	26123936	26123995	26124179	26124259	GOLGA8F	NM_001350920.2	+	2	26123995	26124179	183	7
NC_060939.1	26306566	26307160	-3	1	-	NC_060939.1	26307101	26307160	26306837	26306917	GOLGA8G	NM_001350919.3	-	3	26306917	26307101	183	4
NC_060939.1	26478668	26479097	-2	1	-	NC_060939.1	26478926	26479081	26478669	26478841	GOLGA8M	NM_001282468.3	-	2	26478841	26478926	84	5
NC_060939.1	32597278	32597821	-3	1	-	NC_060939.1	32597605	32597766	32597287	32597478	ACTC1	NM_001406482.1	-	3	32597478	32597605	126	5
NC_060939.1	37844032	37844449	-3	1	-	NC_060939.1	37844363	37844386	37844146	37844218	SRP14	NM_003134.6	-	3	37844218	37844363	144	1
NC_060939.1	38078991	38079912	1	1	+	NC_060939.1	38079112	38079609	38079754	38079887	BUB1B-PAK6	NM_001128628.3	+	1	38079609	38079754	144	2
NC_060939.1	38078991	38079912	1	1	+	NC_060939.1	38079112	38079609	38079754	38079887	PAK6	NM_001276717.1	+	1	38079609	38079754	144	5
NC_060939.1	38080195	38080681	2	1	+	NC_060939.1	38080234	38080360	38080439	38080564	BUB1B-PAK6	NM_001128628.3	+	2	38080360	38080439	78	2
NC_060939.1	38080195	38080681	2	1	+	NC_060939.1	38080234	38080360	38080439	38080564	PAK6	NM_001276717.1	+	2	38080360	38080439	78	5
NC_060939.1	38097221	38098151	-2	1	-	NC_060939.1	38097909	38098074	38097652	38097728	PLCB2	NM_001284297.2	-	2	38097728	38097909	180	27
NC_060939.1	38098026	38098461	-1	1	-	NC_060939.1	38098156	38098378	38098027	38098074	PLCB2	XM_054378213.1	-	1	38098074	38098156	81	1
NC_060939.1	38103367	38103799	-3	1	-	NC_060939.1	38103649	38103799	38103413	38103525	PLCB2	NM_001284297.2	-	3	38103525	38103649	123	7
NC_060939.1	38103367	38103799	-3	1	-	NC_060939.1	38103637	38103799	38103413	38103525	PLCB2	NM_001284298.2	-	3	38103525	38103637	111	21
NC_060939.1	38145373	38145988	-3	1	-	NC_060939.1	38145620	38145775	38145407	38145532	CCDC9B	NM_207380.3	-	3	38145532	38145620	87	1
NC_060939.1	38190011	38190635	3	1	+	NC_060939.1	38190030	38190238	38190422	38190516	KNSTRN	NM_001142761.1	+	3	38190238	38190422	183	3
NC_060939.1	38214861	38215236	1	1	+	NC_060939.1	38214862	38214951	38215165	38215216	IVD	NM_001354597.3	+	1	38214951	38215165	213	9
NC_060939.1	38214861	38215236	1	1	+	NC_060939.1	38214862	38215038	38215165	38215216	IVD	NM_001354599.3	+	1	38215038	38215165	126	9
NC_060939.1	38659114	38659732	2	1	+	NC_060939.1	38659149	38659276	38659514	38659652	SPINT1	NM_001032367.2	+	2	38659276	38659514	237	9
NC_060939.1	38679349	38680279	-3	1	-	NC_060939.1	38679952	38680159	38679704	38679762	RHOV	NM_133639.4	-	3	38679762	38679952	189	1
NC_060939.1	38901646	38902033	-3	1	-	NC_060939.1	38901838	38902007	38901680	38901747	INO80	NM_017553.3	-	3	38901747	38901838	90	3
NC_060939.1	39307609	39308050	2	1	+	NC_060939.1	39307625	39307721	39307797	39308013	ITPKA	NM_002220.3	+	2	39307721	39307797	75	1
NC_060939.1	39317294	39318509	-2	1	-	NC_060939.1	39317579	39317735	39317321	39317503	LTK	NM_002344.6	-	2	39317503	39317579	75	1
NC_060939.1	39623997	39624492	1	1	+	NC_060939.1	39624103	39624214	39624428	39624491	MAPKBP1	NM_001128608.2	+	1	39624214	39624428	213	3
NC_060939.1	39627797	39628481	3	1	+	NC_060939.1	39627875	39628020	39628135	39628332	MAPKBP1	NM_001128608.2	+	3	39628020	39628135	114	3
NC_060939.1	39641883	39642597	1	1	+	NC_060939.1	39642098	39642193	39642425	39642501	JMJD7	NM_001114632.2	+	1	39642193	39642425	231	1
NC_060939.1	39641883	39642597	1	1	+	NC_060939.1	39642098	39642193	39642425	39642501	JMJD7-PLA2G4B	NM_001198588.2	+	1	39642193	39642425	231	2
NC_060939.1	39664485	39664956	-1	1	-	NC_060939.1	39664849	39664939	39664561	39664707	SPTBN5	NM_016642.4	-	1	39664707	39664849	141	3
NC_060939.1	39687723	39688428	-1	1	-	NC_060939.1	39688228	39688428	39687895	39688104	SPTBN5	NM_016642.4	-	1	39688104	39688228	123	2
NC_060939.1	40955934	40956447	1	1	+	NC_060939.1	40956050	40956174	40956403	40956446	TMEM62	NM_001347030.1	+	1	40956174	40956403	228	5
NC_060939.1	41067163	41068108	-3	1	-	NC_060939.1	41067694	41067873	41067346	41067591	TGM5	NM_201631.4	-	3	41067591	41067694	102	1
NC_060939.1	41328674	41337347	3	1	+	NC_060939.1	41328675	41336859	41337001	41337221	MAP1A	NM_001411089.1	+	3	41336859	41337001	141	1
NC_060939.1	41328674	41337347	3	1	+	NC_060939.1	41328825	41336859	41337001	41337221	MAP1A	NM_002373.6	+	3	41336859	41337001	141	1
NC_060939.1	42923798	42924299	3	1	+	NC_060939.1	42923820	42923877	42924145	42924279	DUOXA2	NM_207581.4	+	3	42923877	42924145	267	2
NC_060939.1	66023846	66024371	-2	1	-	NC_060939.1	66023994	66023996	66023870	66023900	CALML4	NM_001031733.3	-	2	66023900	66023994	93	2
NC_060939.1	70105470	70106316	-1	1	-	NC_060939.1	70105848	70105980	70105611	70105760	CELF6	NM_001172684.2	-	1	70105760	70105848	87	2
NC_060939.1	70105470	70106316	-1	1	-	NC_060939.1	70105848	70105980	70105611	70105757	CELF6	NM_001172685.2	-	1	70105757	70105848	90	1
NC_060939.1	71141946	71142738	-1	1	-	NC_060939.1	71142433	71142579	71142090	71142330	HCN4	NM_005477.3	-	1	71142330	71142433	102	2
NC_060939.1	71705557	71706322	2	1	+	NC_060939.1	71705759	71705842	71706104	71706322	TBC1D21	XM_054377373.1	+	2	71705842	71706104	261	4
NC_060939.1	72285090	72285855	-1	1	-	NC_060939.1	72285601	72285693	72285315	72285399	SEMA7A	NM_001146029.3	-	1	72285399	72285601	201	3
NC_060939.1	73208985	73209441	1	1	+	NC_060939.1	73209047	73209166	73209326	73209406	COMMD4	NM_001284377.2	+	1	73209166	73209326	159	14
NC_060939.1	73226182	73227181	-3	1	-	NC_060939.1	73226680	73226759	73226375	73226523	MAN2C1	NM_001256494.2	-	3	73226523	73226680	156	3
NC_060939.1	73226182	73227181	-3	1	-	NC_060939.1	73226375	73226523	73226184	73226293	MAN2C1	NM_001256494.2	-	3	73226293	73226375	81	3
NC_060939.1	73226182	73227181	-3	1	-	NC_060939.1	73226680	73226759	73226375	73226454	MAN2C1	NM_001256495.2	-	3	73226454	73226680	225	1
NC_060939.1	73226182	73227181	-3	1	-	NC_060939.1	73226375	73226454	73226184	73226293	MAN2C1	NM_001256495.2	-	3	73226293	73226375	81	1
NC_060939.1	76142597	76143029	3	1	+	NC_060939.1	76142617	76142717	76142817	76143029	DNAJA4	NM_001130182.2	+	3	76142717	76142817	99	10
NC_060939.1	76654273	76655128	-3	1	-	NC_060939.1	76654925	76655008	76654455	76654579	ADAMTS7	NM_014272.5	-	3	76654579	76654925	345	3
NC_060939.1	80527781	80528234	-2	1	-	NC_060939.1	80528037	80528211	80527796	80527856	AP3B2	NM_001278511.2	-	2	80527856	80528037	180	3
NC_060939.1	80544464	80545292	-2	1	-	NC_060939.1	80545053	80545235	80544688	80544971	AP3B2	NM_001278511.2	-	2	80544971	80545053	81	3
NC_060939.1	82687224	82687980	1	1	+	NC_060939.1	82687296	82687464	82687591	82687788	SLC28A1	NM_001287762.2	+	1	82687464	82687591	126	16
NC_060939.1	82696741	82697140	2	1	+	NC_060939.1	82696839	82696937	82697028	82697139	SLC28A1	NM_001287761.2	+	2	82696937	82697028	90	16
NC_060939.1	88635770	88636211	3	1	+	NC_060939.1	88635852	88635950	88636059	88636154	FURIN	NM_001289823.2	+	3	88635950	88636059	108	7
NC_060939.1	88646554	88646965	2	1	+	NC_060939.1	88646555	88646651	88646781	88646964	FES	NM_001143783.1	+	2	88646651	88646781	129	19
NC_060939.1	88649556	88650075	1	1	+	NC_060939.1	88649682	88649868	88649956	88650074	FES	XM_054377506.1	+	1	88649868	88649956	87	3
NC_060939.1	88694796	88695342	1	1	+	NC_060939.1	88694908	88694913	88695127	88695288	UNC45A	NM_001039675.2	+	1	88694913	88695127	213	2
NC_060939.1	88694796	88695342	1	1	+	NC_060939.1	88694908	88694958	88695127	88695288	UNC45A	NM_001323619.1	+	1	88694958	88695127	168	3
NC_060939.1	88712452	88712950	2	1	+	NC_060939.1	88712512	88712629	88712738	88712893	UNC45A	NM_001039675.2	+	2	88712629	88712738	108	7
NC_060940.1	10931230	10931926	2	1	+	NC_060940.1	10931250	10931396	10931637	10931732	CIITA	NM_000246.4	+	2	10931396	10931637	240	17
NC_060940.1	10931230	10931926	2	1	+	NC_060940.1	10931270	10931396	10931637	10931732	CIITA	NM_001379334.1	+	2	10931396	10931637	240	11
NC_060940.1	11551982	11552660	-1	1	-	NC_060940.1	11552247	11552412	11552034	11552168	LOC400499	NM_001370704.1	-	1	11552168	11552247	78	3
NC_060940.1	1215656	1216286	3	1	+	NC_060940.1	1215692	1216007	1216152	1216244	CACNA1H	NM_001005407.2	+	3	1216007	1216152	144	14
NC_060940.1	1222145	1222778	3	1	+	NC_060940.1	1222310	1222427	1222584	1222739	CACNA1H	NM_001005407.2	+	3	1222427	1222584	156	13
NC_060940.1	1222555	1223602	2	1	+	NC_060940.1	1222565	1222739	1223079	1223169	CACNA1H	XM_054314273.1	+	2	1222739	1223079	339	1
NC_060940.1	1225789	1226329	2	1	+	NC_060940.1	1225892	1225960	1226096	1226280	CACNA1H	NM_001005407.2	+	2	1225960	1226096	135	13
NC_060940.1	1226444	1227002	3	1	+	NC_060940.1	1226477	1226603	1226790	1226915	CACNA1H	NM_001005407.2	+	3	1226603	1226790	186	13
NC_060940.1	1237100	1237988	-1	1	-	NC_060940.1	1237506	1237651	1237101	1237406	TPSG1	NM_012467.4	-	1	1237406	1237506	99	1
NC_060940.1	1260650	1261076	-1	1	-	NC_060940.1	1260977	1261037	1260652	1260823	TPSAB1	NM_003294.4	-	1	1260823	1260977	153	1
NC_060940.1	1271950	1272376	2	1	+	NC_060940.1	1271969	1272050	1272204	1272375	TPSD1	NM_012217.3	+	2	1272050	1272204	153	1
NC_060940.1	1355060	1355510	3	1	+	NC_060940.1	1355078	1355165	1355340	1355420	BAIAP3	NM_001199096.2	+	3	1355165	1355340	174	7
NC_060940.1	1355060	1355510	3	1	+	NC_060940.1	1355078	1355165	1355289	1355420	BAIAP3	NM_001286464.2	+	3	1355165	1355289	123	4
NC_060940.1	1357011	1357446	1	1	+	NC_060940.1	1357096	1357155	1357303	1357369	BAIAP3	NM_001199096.2	+	1	1357155	1357303	147	11
NC_060940.1	1358682	1359030	1	1	+	NC_060940.1	1358701	1358808	1358893	1358988	BAIAP3	NM_001199097.2	+	1	1358808	1358893	84	10
NC_060940.1	1360762	1361077	2	1	+	NC_060940.1	1360775	1360872	1360963	1361014	BAIAP3	NM_001199096.2	+	2	1360872	1360963	90	11
NC_060940.1	1362751	1363270	2	1	+	NC_060940.1	1362779	1362858	1363021	1363129	BAIAP3	NM_001199096.2	+	2	1362858	1363021	162	11
NC_060940.1	1363674	1364193	1	1	+	NC_060940.1	1363720	1363800	1363876	1363996	BAIAP3	NM_001199096.2	+	1	1363800	1363876	75	11
NC_060940.1	1363674	1364193	1	1	+	NC_060940.1	1363876	1363996	1364069	1364192	BAIAP3	NM_001199096.2	+	1	1363996	1364069	72	11
NC_060940.1	1368118	1368337	2	1	+	NC_060940.1	1368143	1368194	1368279	1368336	GNPTG	NM_032520.5	+	2	1368194	1368279	84	1
NC_060940.1	1378956	1379220	1	1	+	NC_060940.1	1378957	1379038	1379129	1379220	GNPTG	NM_032520.5	+	1	1379038	1379129	90	1
NC_060940.1	1449054	1449609	-3	1	-	NC_060940.1	1449370	1449513	1449055	1449195	CCDC154	XM_054313689.1	-	3	1449195	1449370	174	1
NC_060940.1	1453346	1453928	-1	1	-	NC_060940.1	1453686	1453787	1453476	1453604	CCDC154	NM_001143980.3	-	1	1453604	1453686	81	2
NC_060940.1	1461293	1461803	-1	1	-	NC_060940.1	1461666	1461746	1461294	1461377	CLCN7	NM_001114331.3	-	1	1461377	1461666	288	3
NC_060940.1	1516813	1517539	2	1	+	NC_060940.1	1517083	1517171	1517349	1517440	TELO2	NM_001351846.2	+	2	1517171	1517349	177	13
NC_060940.1	15746222	15747089	-1	1	-	NC_060940.1	15746697	15746828	15746400	15746606	MYH11	NM_001040113.2	-	1	15746606	15746697	90	5
NC_060940.1	174321	175005	1	1	+	NC_060940.1	174529	174623	174708	174912	HBQ1	NM_005331.5	+	1	174623	174708	84	1
NC_060940.1	1782641	1783382	3	1	+	NC_060940.1	1782734	1782801	1782979	1783127	MAPK8IP3	NM_001040439.2	+	3	1782801	1782979	177	11
NC_060940.1	1783618	1784032	2	1	+	NC_060940.1	1783635	1783748	1783899	1783937	MAPK8IP3	NM_001040439.2	+	2	1783748	1783899	150	11
NC_060940.1	1786591	1786957	-2	1	-	NC_060940.1	1786711	1786823	1786592	1786596	NME3	XM_054380405.1	-	2	1786596	1786711	114	1
NC_060940.1	1788057	1788504	-3	1	-	NC_060940.1	1788438	1788480	1788058	1788368	MRPS34	NM_001300900.2	-	3	1788368	1788438	69	1
NC_060940.1	1788057	1788504	-3	1	-	NC_060940.1	1788438	1788480	1788058	1788347	MRPS34	NM_023936.2	-	3	1788347	1788438	90	1
NC_060940.1	1994333	1995074	3	1	+	NC_060940.1	1994334	1994381	1994496	1994637	TBL3	NM_006453.3	+	3	1994381	1994496	114	1
NC_060940.1	1997850	1998249	1	1	+	NC_060940.1	1997916	1998019	1998107	1998178	TBL3	NM_006453.3	+	1	1998019	1998107	87	1
NC_060940.1	2107988	2108519	3	1	+	NC_060940.1	2108149	2108240	2108328	2108426	TSC2	NM_000548.5	+	3	2108240	2108328	87	46
NC_060940.1	2107988	2108519	3	1	+	NC_060940.1	2108149	2108240	2108340	2108426	TSC2	NM_001370405.1	+	3	2108240	2108340	99	1
NC_060940.1	2109836	2110772	-1	1	-	NC_060940.1	2110392	2110697	2109837	2110301	PKD1	NM_000296.4	-	1	2110301	2110392	90	10
NC_060940.1	2110327	2111296	-2	1	-	NC_060940.1	2110991	2111281	2110781	2110915	PKD1	NM_000296.4	-	2	2110915	2110991	75	10
NC_060940.1	2113444	2114170	-2	1	-	NC_060940.1	2113934	2114136	2113667	2113861	PKD1	NM_000296.4	-	2	2113861	2113934	72	10
NC_060940.1	2117841	2118153	-3	1	-	NC_060940.1	2117992	2118108	2117852	2117901	PKD1	NM_000296.4	-	3	2117901	2117992	90	1
NC_060940.1	2117841	2118153	-3	1	-	NC_060940.1	2117992	2118108	2117852	2117904	PKD1	NM_001009944.3	-	3	2117904	2117992	87	9
NC_060940.1	2130279	2134614	-3	1	-	NC_060940.1	2130724	2134343	2130355	2130504	PKD1	NM_000296.4	-	3	2130504	2130724	219	10
NC_060940.1	2140179	2141364	-3	1	-	NC_060940.1	2141148	2141317	2140263	2140934	PKD1	NM_000296.4	-	3	2140934	2141148	213	6
NC_060940.1	2196115	2196769	2	1	+	NC_060940.1	2196257	2196305	2196390	2196517	TRAF7	NM_032271.3	+	2	2196305	2196390	84	2
NC_060940.1	2198493	2199006	1	1	+	NC_060940.1	2198518	2198649	2198734	2198853	TRAF7	NM_032271.3	+	1	2198649	2198734	84	2
NC_060940.1	2208870	2209779	-3	1	-	NC_060940.1	2209635	2209743	2209447	2209541	CASKIN1	NM_020764.4	-	3	2209541	2209635	93	2
NC_060940.1	2208870	2209779	-3	1	-	NC_060940.1	2209447	2209541	2209176	2209293	CASKIN1	NM_020764.4	-	3	2209293	2209447	153	2
NC_060940.1	2231821	2232271	-2	1	-	NC_060940.1	2232010	2232163	2231822	2231913	BRICD5	NM_182563.4	-	2	2231913	2232010	96	2
NC_060940.1	2232274	2233264	-2	1	-	NC_060940.1	2232979	2233150	2232407	2232738	BRICD5	XM_054380113.1	-	2	2232738	2232979	240	1
NC_060940.1	2303442	2304054	-3	1	-	NC_060940.1	2303827	2303955	2303473	2303667	ABCA3	NM_001089.3	-	3	2303667	2303827	159	1
NC_060940.1	2348362	2348881	-2	1	-	NC_060940.1	2348798	2348851	2348395	2348659	ABCA3	NM_001089.3	-	2	2348659	2348798	138	1
NC_060940.1	23805284	23805974	-1	1	-	NC_060940.1	23805528	23805681	23805286	23805416	EARS2	NM_001083614.2	-	1	23805416	23805528	111	3
NC_060940.1	23966821	23967310	-2	1	-	NC_060940.1	23967106	23967229	23966933	23967000	ERN2	NM_001308220.2	-	2	23967000	23967106	105	3
NC_060940.1	2495485	2496232	2	1	+	NC_060940.1	2495559	2495633	2495886	2496232	NTN3	NM_006181.3	+	2	2495633	2495886	252	1
NC_060940.1	2550111	2550663	1	1	+	NC_060940.1	2550182	2550270	2550358	2550502	AMDHD2	NM_001145815.2	+	1	2550270	2550358	87	6
NC_060940.1	2550111	2550663	1	1	+	NC_060940.1	2550262	2550270	2550358	2550502	AMDHD2	XM_054380430.1	+	1	2550270	2550358	87	1
NC_060940.1	281350	281896	2	1	+	NC_060940.1	281427	281608	281708	281818	PDIA2	NM_006849.4	+	2	281608	281708	99	1
NC_060940.1	28624922	28625267	-1	1	-	NC_060940.1	28625127	28625162	28624980	28625051	NPIPB6	XM_047446683.1	-	1	28625051	28625127	75	9
NC_060940.1	28891525	28892122	2	1	+	NC_060940.1	28891731	28891903	28891988	28892086	IL27	NM_145659.3	+	2	28891903	28891988	84	2
NC_060940.1	28897426	28900651	-2	1	-	NC_060940.1	28897781	28900651	28897428	28897696	APOBR	NM_018690.4	-	2	28897696	28897781	84	1
NC_060940.1	29114647	29115478	2	1	+	NC_060940.1	29114921	29114993	29115084	29115271	ATXN2L	NM_001308230.2	+	2	29114993	29115084	90	80
NC_060940.1	29115572	29116196	3	1	+	NC_060940.1	29115636	29115765	29115856	29115977	ATXN2L	NM_001308230.2	+	3	29115765	29115856	90	80
NC_060940.1	29239832	29240285	3	1	+	NC_060940.1	29239833	29239977	29240107	29240216	NFATC2IP	NM_001394784.1	+	3	29239977	29240107	129	2
NC_060940.1	29270875	29271124	2	1	+	NC_060940.1	29270889	29270954	29271048	29271124	LAT	NM_001014987.2	+	2	29270954	29271048	93	4
NC_060940.1	29765475	29767905	-3	1	-	NC_060940.1	29767299	29767869	29765476	29767046	NPIPB12	NM_001355401.2	-	3	29767046	29767299	252	3
NC_060940.1	3000650	3001220	-1	1	-	NC_060940.1	3000924	3001096	3000679	3000836	PKMYT1	NM_001258450.2	-	1	3000836	3000924	87	14
NC_060940.1	30088105	30090193	2	1	+	NC_060940.1	30088868	30089059	30089144	30089994	MAZ	NM_001042539.3	+	2	30089059	30089144	84	4
NC_060940.1	30088105	30090193	2	1	+	NC_060940.1	30088973	30089059	30089144	30089994	MAZ	NM_001276275.2	+	2	30089059	30089144	84	2
NC_060940.1	30115897	30116251	2	1	+	NC_060940.1	30115898	30116021	30116100	30116231	MVP	NM_001293204.1	+	2	30116021	30116100	78	4
NC_060940.1	3014805	3015561	1	1	+	NC_060940.1	3014959	3015022	3015272	3015304	GREP1	NM_001396456.1	+	1	3015022	3015272	249	3
NC_060940.1	3017602	3018226	2	1	+	NC_060940.1	3017730	3017783	3018060	3018119	GREP1	NM_001396456.1	+	2	3017783	3018060	276	3
NC_060940.1	3019338	3019758	1	1	+	NC_060940.1	3019487	3019516	3019613	3019645	GREP1	NM_001396456.1	+	1	3019516	3019613	96	15
NC_060940.1	3021360	3021561	1	1	+	NC_060940.1	3021380	3021409	3021488	3021520	GREP1	NM_001396456.1	+	1	3021409	3021488	78	15
NC_060940.1	3022208	3022496	3	1	+	NC_060940.1	3022300	3022335	3022420	3022452	GREP1	NM_001396456.1	+	3	3022335	3022420	84	18
NC_060940.1	3024939	3025401	1	1	+	NC_060940.1	3025037	3025069	3025175	3025204	GREP1	NM_001396456.1	+	1	3025069	3025175	105	19
NC_060940.1	30291805	30292396	-2	1	-	NC_060940.1	30292118	30292197	30291842	30291916	DOC2A	NM_001282062.1	-	2	30291916	30292118	201	9
NC_060940.1	30472690	30473266	2	1	+	NC_060940.1	30472774	30472831	30472943	30473158	CORO1A	NM_001193333.3	+	2	30472831	30472943	111	2
NC_060940.1	3048107	3048395	3	1	+	NC_060940.1	3048127	3048261	3048343	3048395	TNFRSF12A	NM_016639.3	+	3	3048261	3048343	81	1
NC_060940.1	3053492	3053912	3	1	+	NC_060940.1	3053583	3053645	3053742	3053852	THOC6	NM_001142350.3	+	3	3053645	3053742	96	4
NC_060940.1	30745616	30746126	-1	1	-	NC_060940.1	30745929	30746043	30745740	30745805	TBC1D10B	NM_015527.4	-	1	30745805	30745929	123	2
NC_060940.1	30763791	30764100	1	1	+	NC_060940.1	30763857	30763905	30763999	30764100	MYL11	NM_001324458.2	+	1	30763905	30763999	93	3
NC_060940.1	30875901	30876189	1	1	+	NC_060940.1	30875935	30875956	30876050	30876123	ITGAL	XM_054380267.1	+	1	30875956	30876050	93	2
NC_060940.1	30996498	30997305	-3	1	-	NC_060940.1	30996819	30997023	30996507	30996620	ZNF689	NM_138447.3	-	3	30996620	30996819	198	1
NC_060940.1	31098472	31099174	2	1	+	NC_060940.1	31098552	31098725	31098816	31099138	SRCAP	NM_006662.3	+	2	31098725	31098816	90	1
NC_060940.1	31146913	31147255	-2	1	-	NC_060940.1	31147075	31147230	31146914	31146978	CFAP119	XM_054314314.1	-	2	31146978	31147075	96	1
NC_060940.1	31367916	31368402	1	1	+	NC_060940.1	31367927	31368099	31368181	31368291	SETD1A	NM_014712.3	+	1	31368099	31368181	81	7
NC_060940.1	31373879	31374587	3	1	+	NC_060940.1	31374047	31374146	31374282	31374444	HSD3B7	NM_025193.4	+	3	31374146	31374282	135	5
NC_060940.1	31421434	31421767	2	1	+	NC_060940.1	31421450	31421551	31421663	31421762	STX4	NM_004604.5	+	2	31421551	31421663	111	3
NC_060940.1	31496971	31497250	2	1	+	NC_060940.1	31496972	31497040	31497134	31497244	BCKDK	NM_001122957.4	+	2	31497040	31497134	93	4
NC_060940.1	31507644	31508076	1	1	+	NC_060940.1	31507661	31507735	31507814	31507989	KAT8	NM_032188.3	+	1	31507735	31507814	78	2
NC_060940.1	31759717	31760071	2	1	+	NC_060940.1	31759778	31759909	31759997	31760070	ITGAX	NM_000887.5	+	2	31759909	31759997	87	5
NC_060940.1	31764199	31764481	2	1	+	NC_060940.1	31764200	31764316	31764401	31764480	ITGAX	NM_000887.5	+	2	31764316	31764401	84	4
NC_060940.1	31767010	31767496	2	1	+	NC_060940.1	31767158	31767265	31767383	31767466	ITGAX	NM_000887.5	+	2	31767265	31767383	117	3
NC_060940.1	31810682	31811258	3	1	+	NC_060940.1	31810752	31810859	31810971	31811048	ITGAD	NM_001318185.2	+	3	31810859	31810971	111	11
NC_060940.1	31815174	31815663	-3	1	-	NC_060940.1	31815430	31815566	31815175	31815255	COX6A2	NM_005205.4	-	3	31815255	31815430	174	1
NC_060940.1	3270203	3270965	-1	1	-	NC_060940.1	3270920	3270952	3270204	3270754	MEFV	NM_000243.3	-	1	3270754	3270920	165	1
NC_060940.1	33282056	33282374	-1	1	-	NC_060940.1	33282302	33282358	33282106	33282217	LOC124907787	unassigned_transcript_2926	-	1	33282217	33282302	84	1
NC_060940.1	34026422	34026740	-1	1	-	NC_060940.1	34026668	34026713	34026472	34026583	LOC124907788	unassigned_transcript_2927	-	1	34026583	34026668	84	1
NC_060940.1	369499	370108	-2	1	-	NC_060940.1	369869	370047	369653	369799	PGAP6	NM_021259.3	-	2	369799	369869	69	2
NC_060940.1	4825344	4825710	1	1	+	NC_060940.1	4825430	4825515	4825672	4825710	SMIM22	NM_001253790.1	+	1	4825515	4825672	156	2
NC_060940.1	4825344	4825710	1	1	+	NC_060940.1	4825430	4825530	4825672	4825710	SMIM22	NM_001253791.1	+	1	4825530	4825672	141	5
NC_060940.1	4928270	4928957	-1	1	-	NC_060940.1	4928712	4928873	4928502	4928609	PPL	NM_002705.5	-	1	4928609	4928712	102	4
NC_060940.1	5030059	5030455	2	1	+	NC_060940.1	5030154	5030242	5030354	5030424	SEC14L5	NM_014692.2	+	2	5030242	5030354	111	3
NC_060940.1	523349	523913	3	1	+	NC_060940.1	523536	523676	523803	523913	RAB11FIP3	NM_001142272.2	+	3	523676	523803	126	6
NC_060940.1	52673	53111	-1	1	-	NC_060940.1	52956	53031	52786	52886	RHBDF1	NM_022450.5	-	1	52886	52956	69	8
NC_060940.1	53581	54097	-2	1	-	NC_060940.1	53976	54076	53753	53816	RHBDF1	NM_022450.5	-	2	53816	53976	159	9
NC_060940.1	53581	54097	-2	1	-	NC_060940.1	53753	53816	53582	53635	RHBDF1	XM_054313671.1	-	2	53635	53753	117	1
NC_060940.1	56218	56872	-2	1	-	NC_060940.1	56510	56719	56312	56434	RHBDF1	NM_022450.5	-	2	56434	56510	75	9
NC_060940.1	62779513	62779975	2	1	+	NC_060940.1	62779638	62779723	62779904	62779975	CETP	NM_000078.3	+	2	62779723	62779904	180	2
NC_060940.1	63269981	63270806	-1	1	-	NC_060940.1	63270290	63270409	63269983	63270172	DOK4	NM_001330556.2	-	1	63270172	63270290	117	18
NC_060940.1	64310767	64311577	2	1	+	NC_060940.1	64310771	64311113	64311186	64311330	SETD6	XM_054313966.1	+	2	64311113	64311186	72	1
NC_060940.1	653460	654129	1	1	+	NC_060940.1	653485	653494	653831	653922	WDR90	NM_001438707.1	+	1	653494	653831	336	20
NC_060940.1	659209	660115	2	1	+	NC_060940.1	659641	659771	659841	659957	WDR90	NM_001438707.1	+	2	659771	659841	69	49
NC_060940.1	663263	663941	3	1	+	NC_060940.1	663313	663444	663682	663927	WDR90	NM_001438707.1	+	3	663444	663682	237	17
NC_060940.1	673585	674251	2	1	+	NC_060940.1	673628	673681	674198	674250	RHOT2	NM_001352275.2	+	2	673681	674198	516	4
NC_060940.1	674225	674507	3	1	+	NC_060940.1	674226	674250	674341	674432	RHOT2	NM_001352280.2	+	3	674250	674341	90	7
NC_060940.1	674440	674884	2	1	+	NC_060940.1	674531	674632	674750	674848	RHOT2	NM_001352275.2	+	2	674632	674750	117	16
NC_060940.1	675718	676078	2	1	+	NC_060940.1	675772	675856	675935	676077	RHOT2	NM_001352275.2	+	2	675856	675935	78	30
NC_060940.1	676309	676636	2	1	+	NC_060940.1	676329	676459	676547	676636	RHOT2	XM_054314286.1	+	2	676459	676547	87	1
NC_060940.1	676759	677470	2	1	+	NC_060940.1	676778	676900	677003	677205	RHOT2	NM_001352275.2	+	2	676900	677003	102	29
NC_060940.1	680068	681115	2	1	+	NC_060940.1	680411	680572	680747	680971	RHBDL1	NM_001278720.2	+	2	680572	680747	174	2
NC_060940.1	680068	681115	2	1	+	NC_060940.1	680177	680572	680747	680971	RHBDL1	NM_001318733.2	+	2	680572	680747	174	2
NC_060940.1	685496	686138	3	1	+	NC_060940.1	685513	685678	685868	685955	STUB1	NM_001293197.2	+	3	685678	685868	189	2
NC_060940.1	687205	687589	-2	1	-	NC_060940.1	687397	687516	687242	687309	JMJD8	NM_001005920.4	-	2	687309	687397	87	5
NC_060940.1	689277	689916	-3	1	-	NC_060940.1	689754	689858	689332	689672	WDR24	NM_032259.4	-	3	689672	689754	81	2
NC_060940.1	698352	698847	-3	1	-	NC_060940.1	698709	698772	698353	698498	FBXL16	NM_153350.4	-	3	698498	698709	210	1
NC_060940.1	72959836	72960562	2	1	+	NC_060940.1	72960012	72960139	72960239	72960363	HSF4	NM_001040667.3	+	2	72960139	72960239	99	4
NC_060940.1	72978680	72979181	-1	1	-	NC_060940.1	72978970	72979094	72978681	72978888	EXOC3L1	NM_178516.4	-	1	72978888	72978970	81	1
NC_060940.1	72979380	72979797	-3	1	-	NC_060940.1	72979645	72979774	72979420	72979542	EXOC3L1	NM_178516.4	-	3	72979542	72979645	102	1
NC_060940.1	72992038	72992404	2	1	+	NC_060940.1	72992151	72992195	72992292	72992404	E2F4	NM_001950.4	+	2	72992195	72992292	96	1
NC_060940.1	72995572	72996016	2	1	+	NC_060940.1	72995669	72995719	72995804	72995926	ELMO3	NM_024712.5	+	2	72995719	72995804	84	2
NC_060940.1	72997216	72998158	2	1	+	NC_060940.1	72997611	72997693	72997781	72997867	ELMO3	NM_024712.5	+	2	72997693	72997781	87	2
NC_060940.1	72997216	72998158	2	1	+	NC_060940.1	72997781	72997867	72997949	72998158	ELMO3	NM_024712.5	+	2	72997867	72997949	81	2
NC_060940.1	73024071	73024605	-3	1	-	NC_060940.1	73024350	73024512	73024077	73024274	FHOD1	NM_001318202.2	-	3	73024274	73024350	75	9
NC_060940.1	73031626	73032085	-2	1	-	NC_060940.1	73031941	73032052	73031759	73031853	FHOD1	NM_001318202.2	-	2	73031853	73031941	87	11
NC_060940.1	73074955	73075369	2	1	+	NC_060940.1	73075008	73075103	73075179	73075302	PLEKHG4	NM_001129727.3	+	2	73075103	73075179	75	8
NC_060940.1	73074955	73075369	2	1	+	NC_060940.1	73075088	73075103	73075179	73075302	PLEKHG4	XM_054380015.1	+	2	73075103	73075179	75	1
NC_060940.1	73076020	73076647	2	1	+	NC_060940.1	73076021	73076134	73076306	73076404	PLEKHG4	NM_001129727.3	+	2	73076134	73076306	171	14
NC_060940.1	73076020	73076647	2	1	+	NC_060940.1	73076306	73076404	73076498	73076646	PLEKHG4	NM_001129727.3	+	2	73076404	73076498	93	14
NC_060940.1	73080570	73081047	1	1	+	NC_060940.1	73080571	73080660	73080742	73080963	PLEKHG4	NM_001129727.3	+	1	73080660	73080742	81	14
NC_060940.1	73082384	73082789	3	1	+	NC_060940.1	73082464	73082697	73082773	73082789	PLEKHG4	XM_054380014.1	+	3	73082697	73082773	75	2
NC_060940.1	73082760	73083102	1	1	+	NC_060940.1	73082786	73082901	73083100	73083102	PLEKHG4	NM_001129727.3	+	1	73082901	73083100	198	12
NC_060940.1	73189383	73189911	-3	1	-	NC_060940.1	73189773	73189833	73189384	73189664	ZDHHC1	NM_001323627.2	-	3	73189664	73189773	108	1
NC_060940.1	73189383	73189911	-3	1	-	NC_060940.1	73189773	73189853	73189384	73189664	ZDHHC1	XM_054380186.1	-	3	73189664	73189773	108	1
NC_060940.1	73189439	73190141	-1	1	-	NC_060940.1	73189773	73189992	73189440	73189664	ZDHHC1	NM_013304.3	-	1	73189664	73189773	108	3
NC_060940.1	73189439	73190141	-1	1	-	NC_060940.1	73189773	73189853	73189440	73189664	ZDHHC1	XM_054380185.1	-	1	73189664	73189773	108	1
NC_060940.1	73189439	73190141	-1	1	-	NC_060940.1	73189773	73189833	73189440	73189664	ZDHHC1	XM_054380187.1	-	1	73189664	73189773	108	1
NC_060940.1	73233617	73234181	-1	1	-	NC_060940.1	73234050	73234127	73233747	73233923	ATP6V0D1	NM_004691.5	-	1	73233923	73234050	126	1
NC_060940.1	73336306	73338052	2	1	+	NC_060940.1	73336420	73336549	73336634	73338031	RIPOR1	NM_001193522.2	+	2	73336549	73336634	84	20
NC_060940.1	73442986	73443862	2	1	+	NC_060940.1	73443454	73443523	73443662	73443743	CARMIL2	NM_001013838.3	+	2	73443523	73443662	138	8
NC_060940.1	73446781	73447348	2	1	+	NC_060940.1	73446968	73447108	73447241	73447307	CARMIL2	NM_001013838.3	+	2	73447108	73447241	132	8
NC_060940.1	73672892	73673627	3	1	+	NC_060940.1	73672990	73673179	73673282	73673429	EDC4	NM_001427345.1	+	3	73673179	73673282	102	2
NC_060940.1	73672892	73673627	3	1	+	NC_060940.1	73673282	73673429	73673514	73673618	EDC4	NM_001427345.1	+	3	73673429	73673514	84	2
NC_060940.1	73674693	73675083	1	1	+	NC_060940.1	73674730	73674910	73675010	73675082	EDC4	NM_001427345.1	+	1	73674910	73675010	99	2
NC_060940.1	73675328	73675745	3	1	+	NC_060940.1	73675360	73675547	73675623	73675744	EDC4	NM_001427345.1	+	3	73675547	73675623	75	2
NC_060940.1	73676795	73677191	3	1	+	NC_060940.1	73676849	73676953	73677038	73677190	EDC4	NM_001427345.1	+	3	73676953	73677038	84	2
NC_060940.1	73677437	73678106	3	1	+	NC_060940.1	73677441	73677882	73677985	73678100	EDC4	NM_001427345.1	+	3	73677882	73677985	102	1
NC_060940.1	73677437	73678106	3	1	+	NC_060940.1	73677441	73677618	73677727	73677882	EDC4	NM_014329.5	+	3	73677618	73677727	108	1
NC_060940.1	73677437	73678106	3	1	+	NC_060940.1	73677727	73677882	73677985	73678100	EDC4	NM_014329.5	+	3	73677882	73677985	102	1
NC_060940.1	73678195	73678747	2	1	+	NC_060940.1	73678202	73678367	73678452	73678638	EDC4	NM_001427345.1	+	2	73678367	73678452	84	2
NC_060940.1	73741140	73741719	-3	1	-	NC_060940.1	73741537	73741644	73741142	73741326	SLC12A4	NM_001145961.2	-	3	73741326	73741537	210	5
NC_060940.1	75117619	75118129	2	1	+	NC_060940.1	75117764	75117875	75117981	75118128	VPS4A	NM_013245.3	+	2	75117875	75117981	105	1
NC_060940.1	75120388	75120709	2	1	+	NC_060940.1	75120409	75120470	75120582	75120701	VPS4A	NM_013245.3	+	2	75120470	75120582	111	1
NC_060940.1	75953093	75953423	3	1	+	NC_060940.1	75953185	75953340	75953422	75953423	PDPR	XM_047446617.1	+	3	75953340	75953422	81	1
NC_060940.1	76475566	76476295	-2	1	-	NC_060940.1	76476098	76476274	76475776	76475941	MTSS2	NM_138383.3	-	2	76475941	76476098	156	13
NC_060940.1	76490058	76490898	-3	1	-	NC_060940.1	76490799	76490873	76490484	76490492	MTSS2	NM_138383.3	-	3	76490492	76490799	306	9
NC_060940.1	76542463	76543123	-2	1	-	NC_060940.1	76542666	76542798	76542464	76542530	VAC14	XM_054313461.1	-	2	76542530	76542666	135	1
NC_060940.1	77923541	77924225	3	1	+	NC_060940.1	77923655	77923863	77923960	77924114	DHX38	NM_014003.4	+	3	77923863	77923960	96	3
NC_060940.1	791668	792262	-2	1	-	NC_060940.1	792065	792188	791779	791890	RPUSD1	NM_001324086.2	-	2	791890	792065	174	1
NC_060940.1	791668	792262	-2	1	-	NC_060940.1	792065	792188	791788	791890	RPUSD1	NM_001369658.1	-	2	791890	792065	174	2
NC_060940.1	801292	801973	2	1	+	NC_060940.1	801541	801685	801785	801916	CHTF18	NM_022092.3	+	2	801685	801785	99	4
NC_060940.1	80207659	80208004	2	1	+	NC_060940.1	80207765	80207800	80207876	80208004	NPIPB15	XM_054380386.1	+	2	80207800	80207876	75	1
NC_060940.1	802331	802796	3	1	+	NC_060940.1	802518	802575	802663	802796	CHTF18	NM_022092.3	+	3	802575	802663	87	4
NC_060940.1	80322034	80322379	2	1	+	NC_060940.1	80322140	80322175	80322251	80322379	LOC124907808	XM_047446666.1	+	2	80322175	80322251	75	1
NC_060940.1	80385383	80385713	-1	1	-	NC_060940.1	80385467	80385622	80385384	80385385	LOC128966601	XM_054314578.1	-	1	80385385	80385467	81	1
NC_060940.1	81159297	81159672	-3	1	-	NC_060940.1	81159531	81159621	81159299	81159410	LDHD	NM_153486.4	-	3	81159410	81159531	120	2
NC_060940.1	83268547	83269102	2	1	+	NC_060940.1	83268748	83268820	83269031	83269102	SYCE1L	NM_001129979.3	+	2	83268820	83269031	210	2
NC_060940.1	90249452	90249929	-1	1	-	NC_060940.1	90249770	90249851	90249483	90249580	TAF1C	NM_001243156.2	-	1	90249580	90249770	189	6
NC_060940.1	90249452	90249929	-1	1	-	NC_060940.1	90249770	90249788	90249483	90249580	TAF1C	NM_139353.3	-	1	90249580	90249770	189	3
NC_060940.1	90505346	90505958	3	1	+	NC_060940.1	90505571	90505695	90505834	90505931	ATP2C2	NM_001286527.3	+	3	90505695	90505834	138	5
NC_060940.1	90505346	90505958	3	1	+	NC_060940.1	90505614	90505695	90505834	90505931	ATP2C2	XM_054314559.1	+	3	90505695	90505834	138	1
NC_060940.1	91698622	91699633	2	1	+	NC_060940.1	91698791	91698860	91699128	91699346	GSE1	XM_054379879.1	+	2	91698860	91699128	267	1
NC_060940.1	94785395	94785716	3	1	+	NC_060940.1	94785516	94785574	94785650	94785716	CTU2	NM_001012759.3	+	3	94785574	94785650	75	3
NC_060940.1	94786399	94787140	-2	1	-	NC_060940.1	94786666	94786745	94786401	94786587	PIEZO1	NM_001142864.4	-	2	94786587	94786666	78	1
NC_060940.1	94786827	94787283	-3	1	-	NC_060940.1	94787027	94787199	94786829	94786951	PIEZO1	NM_001142864.4	-	3	94786951	94787027	75	1
NC_060940.1	94790268	94790772	-3	1	-	NC_060940.1	94790537	94790751	94790270	94790428	PIEZO1	NM_001142864.4	-	3	94790428	94790537	108	1
NC_060940.1	94808937	94809699	-3	1	-	NC_060940.1	94809304	94809390	94809135	94809222	PIEZO1	NM_001142864.4	-	3	94809222	94809304	81	1
NC_060940.1	94809801	94810320	-3	1	-	NC_060940.1	94810143	94810311	94809803	94810016	PIEZO1	NM_001142864.4	-	3	94810016	94810143	126	1
NC_060940.1	94813656	94814403	-3	1	-	NC_060940.1	94813905	94814027	94813658	94813700	PIEZO1	NM_001142864.4	-	3	94813700	94813905	204	1
NC_060940.1	94935180	94935900	-3	1	-	NC_060940.1	94935380	94935486	94935211	94935298	PABPN1L	NM_001080487.4	-	3	94935298	94935380	81	1
NC_060940.1	94935180	94935900	-3	1	-	NC_060940.1	94935380	94935486	94935203	94935298	PABPN1L	XM_054380318.1	-	3	94935298	94935380	81	1
NC_060940.1	95720879	95721482	3	1	+	NC_060940.1	95720994	95721170	95721258	95721342	DPEP1	NM_001128141.3	+	3	95721170	95721258	87	11
NC_060940.1	95801225	95801636	-1	1	-	NC_060940.1	95801495	95801587	95801227	95801389	VPS9D1	NM_004913.3	-	1	95801389	95801495	105	6
NC_060940.1	95801225	95801636	-1	1	-	NC_060940.1	95801495	95801584	95801227	95801389	VPS9D1	XM_054314446.1	-	1	95801389	95801495	105	4
NC_060940.1	96034858	96036007	2	1	+	NC_060940.1	96035039	96035056	96035807	96035880	DEF8	XM_054380562.1	+	2	96035056	96035807	750	1
NC_060941.1	10216742	10217459	-2	1	-	NC_060941.1	10217055	10217363	10216767	10216970	MYH13	NM_003802.3	-	2	10216970	10217055	84	1
NC_060941.1	10313546	10313912	-2	1	-	NC_060941.1	10313781	10313904	10313548	10313684	MYH8	NM_002472.3	-	2	10313684	10313781	96	2
NC_060941.1	10549925	10550555	-2	1	-	NC_060941.1	10550385	10550555	10549976	10550282	MYH3	NM_002470.4	-	2	10550282	10550385	102	3
NC_060941.1	12902218	12902584	-3	1	-	NC_060941.1	12902423	12902522	12902224	12902344	ELAC2	NM_001165962.2	-	3	12902344	12902423	78	5
NC_060941.1	12909721	12910075	-3	1	-	NC_060941.1	12909902	12910040	12909735	12909820	ELAC2	NM_001165962.2	-	3	12909820	12909902	81	4
NC_060941.1	12909721	12910075	-3	1	-	NC_060941.1	12909902	12910040	12909735	12909817	ELAC2	NM_173717.2	-	3	12909817	12909902	84	1
NC_060941.1	1358873	1360202	-2	1	-	NC_060941.1	1359946	1360059	1359794	1359870	MYO1C	NM_001080779.2	-	2	1359870	1359946	75	9
NC_060941.1	1358873	1360202	-2	1	-	NC_060941.1	1359794	1359870	1359344	1359412	MYO1C	NM_001080779.2	-	2	1359412	1359794	381	9
NC_060941.1	1358873	1360202	-2	1	-	NC_060941.1	1359344	1359412	1358898	1359057	MYO1C	NM_001080779.2	-	2	1359057	1359344	286	9
NC_060941.1	1537803	1538481	-1	1	-	NC_060941.1	1538202	1538295	1537990	1538096	RILP	NM_031430.3	-	1	1538096	1538202	105	1
NC_060941.1	15519780	15520362	-1	1	-	NC_060941.1	15520053	15520253	15519835	15519962	FBXW10B	NM_001282540.2	-	1	15519962	15520053	90	2
NC_060941.1	1634650	1635592	2	1	+	NC_060941.1	1634756	1634818	1635131	1635332	SERPINF2	NM_000934.4	+	2	1634818	1635131	312	5
NC_060941.1	17442139	17442949	-3	1	-	NC_060941.1	17442505	17442790	17442140	17442219	RASD1	NM_001199989.2	-	3	17442219	17442505	285	1
NC_060941.1	17763897	17764509	-1	1	-	NC_060941.1	17764234	17764277	17763942	17764143	SREBF1	NM_001388387.1	-	1	17764143	17764234	90	1
NC_060941.1	18103712	18104087	3	1	+	NC_060941.1	18103770	18103881	18103972	18104046	MYO15A	NM_016239.4	+	3	18103881	18103972	90	3
NC_060941.1	18106408	18106834	2	1	+	NC_060941.1	18106422	18106495	18106751	18106833	MYO15A	NM_016239.4	+	2	18106495	18106751	255	3
NC_060941.1	18193286	18194177	-2	1	-	NC_060941.1	18193974	18194162	18193717	18193856	FLII	NM_001256264.2	-	2	18193856	18193974	117	6
NC_060941.1	18193286	18194177	-2	1	-	NC_060941.1	18193717	18193856	18193398	18193632	FLII	NM_001256264.2	-	2	18193632	18193717	84	6
NC_060941.1	18231946	18232432	-3	1	-	NC_060941.1	18232213	18232326	18231948	18232113	TOP3A	NM_001320759.2	-	3	18232113	18232213	99	4
NC_060941.1	19503463	19504081	2	1	+	NC_060941.1	19503748	19503845	19503951	19504064	SLC47A1	NM_018242.3	+	2	19503845	19503951	105	1
NC_060941.1	19686841	19687216	-3	1	-	NC_060941.1	19686941	19687071	19686842	19686853	ALDH3A1	NM_000691.5	-	3	19686853	19686941	87	6
NC_060941.1	2580736	2581045	-3	1	-	NC_060941.1	2580890	2581024	2580738	2580811	CLUH	NM_001366661.1	-	3	2580811	2580890	78	11
NC_060941.1	2584257	2584776	-1	1	-	NC_060941.1	2584492	2584644	2584336	2584398	CLUH	NM_001366661.1	-	1	2584398	2584492	93	11
NC_060941.1	2585456	2586251	-2	1	-	NC_060941.1	2585837	2586060	2585552	2585656	CLUH	NM_001366661.1	-	2	2585656	2585837	180	6
NC_060941.1	2585456	2586251	-2	1	-	NC_060941.1	2585837	2586060	2585552	2585653	CLUH	NM_001366662.1	-	2	2585653	2585837	183	5
NC_060941.1	28722153	28722597	-1	1	-	NC_060941.1	28722424	28722565	28722155	28722294	NOS2	NM_000625.4	-	1	28722294	28722424	129	1
NC_060941.1	29311094	29311913	-2	1	-	NC_060941.1	29311778	29311897	29311358	29311702	VTN	NM_000638.4	-	2	29311702	29311778	75	1
NC_060941.1	29311094	29311913	-2	1	-	NC_060941.1	29311358	29311702	29311140	29311279	VTN	NM_000638.4	-	2	29311279	29311358	78	1
NC_060941.1	29516245	29516914	-3	1	-	NC_060941.1	29516692	29516866	29516360	29516559	ALDOC	NM_005165.3	-	3	29516559	29516692	132	3
NC_060941.1	29574163	29574748	-3	1	-	NC_060941.1	29574544	29574643	29574203	29574402	BLTP2	NM_001321560.2	-	3	29574402	29574544	141	2
NC_060941.1	29574163	29574748	-3	1	-	NC_060941.1	29574544	29574643	29574203	29574405	BLTP2	NM_001363826.1	-	3	29574405	29574544	138	5
NC_060941.1	29657736	29658174	-1	1	-	NC_060941.1	29658028	29658085	29657841	29657931	RAB34	NM_001142624.2	-	1	29657931	29658028	96	8
NC_060941.1	29657736	29658174	-1	1	-	NC_060941.1	29658004	29658085	29657872	29657931	RAB34	NM_001142625.2	-	1	29657931	29658004	72	1
NC_060941.1	29657736	29658174	-1	1	-	NC_060941.1	29658004	29658085	29657841	29657931	RAB34	NM_001144943.1	-	1	29657931	29658004	72	14
NC_060941.1	29824562	29825258	-2	1	-	NC_060941.1	29825118	29825231	29824899	29825018	FLOT2	NM_001330170.2	-	2	29825018	29825118	99	5
NC_060941.1	30518505	30518859	-1	1	-	NC_060941.1	30518689	30518775	30518507	30518580	GIT1	NM_001085454.2	-	1	30518580	30518689	108	5
NC_060941.1	30550606	30551182	2	1	+	NC_060941.1	30550643	30550778	30550887	30551011	ANKRD13B	NM_152345.5	+	2	30550778	30550887	108	9
NC_060941.1	30550606	30551182	2	1	+	NC_060941.1	30550887	30551011	30551096	30551141	ANKRD13B	NM_152345.5	+	2	30551011	30551096	84	9
NC_060941.1	30558635	30559175	-2	1	-	NC_060941.1	30558846	30559076	30558636	30558755	CORO6	NM_001351301.3	-	2	30558755	30558846	90	6
NC_060941.1	30558635	30559175	-2	1	-	NC_060941.1	30558846	30559076	30558636	30558758	CORO6	NM_001388431.1	-	2	30558758	30558846	87	8
NC_060941.1	30559520	30560162	-2	1	-	NC_060941.1	30559839	30559943	30559603	30559748	CORO6	NM_001351301.3	-	2	30559748	30559839	90	13
NC_060941.1	30559725	30560016	-1	1	-	NC_060941.1	30559839	30559943	30559726	30559748	CORO6	XM_054317586.1	-	1	30559748	30559839	90	1
NC_060941.1	31867638	31868868	1	1	+	NC_060941.1	31867723	31867816	31868648	31868778	ADAP2	NM_001346712.2	+	1	31867816	31868648	831	7
NC_060941.1	3616443	3616863	-1	1	-	NC_060941.1	3616693	3616756	3616507	3616614	ITGAE	NM_001425071.1	-	1	3616614	3616693	78	3
NC_060941.1	37210585	37210924	-3	1	-	NC_060941.1	37210835	37210906	37210587	37210672	TBC1D3I	NM_001291463.2	-	3	37210672	37210835	162	1
NC_060941.1	37273332	37273671	1	1	+	NC_060941.1	37273351	37273422	37273585	37273670	TBC1D3G	NM_001291462.2	+	1	37273422	37273585	162	5
NC_060941.1	37334540	37334879	-2	1	-	NC_060941.1	37334790	37334861	37334542	37334627	TBC1D3H	NM_001123392.4	-	2	37334627	37334790	162	4
NC_060941.1	37499127	37499691	-1	1	-	NC_060941.1	37499385	37499481	37499128	37499261	MYO19	NM_001033580.3	-	1	37499261	37499385	123	1
NC_060941.1	37499127	37499691	-1	1	-	NC_060941.1	37499385	37499481	37499185	37499261	MYO19	NM_001163735.2	-	1	37499261	37499385	123	35
NC_060941.1	3786441	3786741	-1	1	-	NC_060941.1	3786634	3786735	3786442	3786504	P2RX1	NM_002558.4	-	1	3786504	3786634	129	7
NC_060941.1	3792452	3793226	-2	1	-	NC_060941.1	3792795	3793047	3792453	3792587	P2RX1	XM_054316295.1	-	2	3792587	3792795	207	2
NC_060941.1	37926933	37928211	1	1	+	NC_060941.1	37927344	37927570	37927664	37927941	LHX1	NM_005568.5	+	1	37927570	37927664	93	3
NC_060941.1	3830162	3830969	-2	1	-	NC_060941.1	3830682	3830900	3830217	3830552	ATP2A3	NM_005173.4	-	2	3830552	3830682	129	17
NC_060941.1	38912961	38913300	1	1	+	NC_060941.1	38912980	38913051	38913214	38913299	TBC1D3E	NM_001291466.2	+	1	38913051	38913214	162	7
NC_060941.1	38919773	38920130	3	1	+	NC_060941.1	38919864	38919963	38920072	38920130	TBC1D3E	XM_054314679.1	+	3	38919963	38920072	108	1
NC_060941.1	38967326	38967683	-2	1	-	NC_060941.1	38967494	38967593	38967327	38967385	TBC1D3K	XM_054314656.1	-	2	38967385	38967494	108	1
NC_060941.1	38974155	38974494	-1	1	-	NC_060941.1	38974405	38974476	38974157	38974242	TBC1D3K	NM_001291464.2	-	1	38974242	38974405	162	9
NC_060941.1	38992541	38992880	3	1	+	NC_060941.1	38992560	38992631	38992794	38992879	TBC1D3D	NM_001291465.2	+	3	38992631	38992794	162	8
NC_060941.1	38999351	38999708	3	1	+	NC_060941.1	38999442	38999541	38999650	38999708	TBC1D3D	XM_054314664.1	+	3	38999541	38999650	108	1
NC_060941.1	39053764	39054103	-3	1	-	NC_060941.1	39054014	39054085	39053766	39053851	TBC1D3	NM_001123391.4	-	3	39053851	39054014	162	1
NC_060941.1	40521225	40521633	1	1	+	NC_060941.1	40521340	40521417	40521538	40521591	STARD3	NM_006804.4	+	1	40521417	40521538	120	11
NC_060941.1	40572549	40574136	1	1	+	NC_060941.1	40572878	40573012	40573373	40573441	ERBB2	NM_001005862.3	+	1	40573012	40573373	360	28
NC_060941.1	40572549	40574136	1	1	+	NC_060941.1	40573373	40573441	40573646	40573761	ERBB2	NM_001005862.3	+	1	40573441	40573646	204	28
NC_060941.1	40572549	40574136	1	1	+	NC_060941.1	40573646	40573761	40573900	40574041	ERBB2	NM_001005862.3	+	1	40573761	40573900	138	29
NC_060941.1	40572549	40574136	1	1	+	NC_060941.1	40572803	40573012	40573373	40573441	ERBB2	NM_001382787.1	+	1	40573012	40573373	360	1
NC_060941.1	40572549	40574136	1	1	+	NC_060941.1	40573418	40573441	40573646	40573761	ERBB2	NM_001382799.1	+	1	40573441	40573646	204	1
NC_060941.1	40579667	40580300	3	1	+	NC_060941.1	40579861	40579993	40580075	40580165	ERBB2	NM_001005862.3	+	3	40579993	40580075	81	29
NC_060941.1	40579667	40580300	3	1	+	NC_060941.1	40579831	40579993	40580075	40580165	ERBB2	NM_001382788.1	+	3	40579993	40580075	81	1
NC_060941.1	40590779	40591601	3	1	+	NC_060941.1	40590855	40591107	40591249	40591601	ERBB2	NM_001005862.3	+	3	40591107	40591249	141	28
NC_060941.1	40608307	40608955	2	1	+	NC_060941.1	40608449	40608547	40608806	40608886	GRB7	NM_001030002.3	+	2	40608547	40608806	258	5
NC_060941.1	40608307	40608955	2	1	+	NC_060941.1	40608449	40608547	40608665	40608886	GRB7	XM_054315868.1	+	2	40608547	40608665	117	1
NC_060941.1	40883614	40884847	-3	1	-	NC_060941.1	40884157	40884237	40883669	40883817	MED24	NM_001079518.2	-	3	40883817	40884157	339	4
NC_060941.1	41054290	41054767	2	1	+	NC_060941.1	41054310	41054407	41054516	41054638	RAPGEFL1	NM_001303533.2	+	2	41054407	41054516	108	7
NC_060941.1	41345548	41345992	-3	1	-	NC_060941.1	41345839	41345931	41345644	41345721	TNS4	NM_032865.6	-	3	41345721	41345839	117	4
NC_060941.1	41345548	41345992	-3	1	-	NC_060941.1	41345839	41345931	41345612	41345721	TNS4	XM_054317593.1	-	3	41345721	41345839	117	2
NC_060941.1	41634046	41634433	-3	1	-	NC_060941.1	41634272	41634433	41634065	41634190	KRT26	NM_181539.5	-	3	41634190	41634272	81	1
NC_060941.1	41643736	41644186	-3	1	-	NC_060941.1	41644010	41644171	41643812	41643937	KRT27	NM_181537.4	-	3	41643937	41644010	72	1
NC_060941.1	41948743	41949457	2	1	+	NC_060941.1	41948828	41949170	41949336	41949457	KRTAP4-7	NM_033061.4	+	2	41949170	41949336	165	1
NC_060941.1	42033346	42034138	-3	1	-	NC_060941.1	42033959	42034036	42033347	42033853	KRTAP4-3	NM_033187.2	-	3	42033853	42033959	105	1
NC_060941.1	42055602	42056460	1	1	+	NC_060941.1	42055684	42056147	42056175	42056460	KRTAP9-1	NM_001190460.1	+	1	42056147	42056175	27	1
NC_060941.1	42293640	42294192	-1	1	-	NC_060941.1	42294046	42294171	42293648	42293868	KRT38	NM_006771.4	-	1	42293868	42294046	177	1
NC_060941.1	42588452	42588929	-2	1	-	NC_060941.1	42588747	42588911	42588454	42588635	HAP1	NM_001079870.1	-	2	42588635	42588747	111	7
NC_060941.1	42677993	42678965	3	1	+	NC_060941.1	42678214	42678377	42678783	42678965	FKBP10	NM_021939.4	+	3	42678377	42678783	405	4
NC_060941.1	42963955	42964783	-3	1	-	NC_060941.1	42964486	42964612	42964108	42964299	DHX58	NM_024119.3	-	3	42964299	42964486	186	5
NC_060941.1	43020088	43020793	-3	1	-	NC_060941.1	43020614	43020652	43020090	43020442	KCNH4	NM_012285.3	-	3	43020442	43020614	171	1
NC_060941.1	43185853	43186138	-3	1	-	NC_060941.1	43186040	43186133	43185896	43185943	STAT3	NM_001369512.1	-	3	43185943	43186040	96	24
NC_060941.1	43410020	43410581	3	1	+	NC_060941.1	43410123	43410219	43410313	43410480	HSD17B1	NM_000413.4	+	3	43410219	43410313	93	2
NC_060941.1	43421018	43421819	3	1	+	NC_060941.1	43421149	43421363	43421634	43421765	COASY	NM_001042529.3	+	3	43421363	43421634	270	7
NC_060941.1	43421698	43422376	2	1	+	NC_060941.1	43421897	43422086	43422171	43422235	COASY	NM_001042529.3	+	2	43422086	43422171	84	6
NC_060941.1	43422264	43422804	1	1	+	NC_060941.1	43422415	43422499	43422659	43422756	COASY	NM_001042529.3	+	1	43422499	43422659	159	5
NC_060941.1	43422264	43422804	1	1	+	NC_060941.1	43422415	43422499	43422794	43422804	COASY	XM_054317412.1	+	1	43422499	43422794	294	1
NC_060941.1	43470912	43471599	1	1	+	NC_060941.1	43470994	43471143	43471405	43471557	TUBG1	NM_001070.5	+	1	43471143	43471405	261	1
NC_060941.1	43530685	43531195	-3	1	-	NC_060941.1	43531075	43531154	43530784	43530975	PLEKHH3	NM_001411112.1	-	3	43530975	43531075	99	10
NC_060941.1	43542070	43542595	2	1	+	NC_060941.1	43542128	43542275	43542354	43542557	CNTNAP1	NM_003632.3	+	2	43542275	43542354	78	1
NC_060941.1	43870290	43870668	1	1	+	NC_060941.1	43870333	43870480	43870553	43870659	IFI35	NM_001330230.2	+	1	43870480	43870553	72	1
NC_060941.1	43870290	43870668	1	1	+	NC_060941.1	43870333	43870480	43870553	43870665	IFI35	NM_005533.5	+	1	43870480	43870553	72	2
NC_060941.1	43875668	43876148	-2	1	-	NC_060941.1	43875917	43876087	43875722	43875811	VAT1	NM_006373.4	-	2	43875811	43875917	105	1
NC_060941.1	4435351	4435891	-3	1	-	NC_060941.1	4435744	4435840	4435508	4435659	MYBBP1A	NM_001105538.2	-	3	4435659	4435744	84	5
NC_060941.1	44666493	44667039	-1	1	-	NC_060941.1	44666742	44666906	44666556	44666636	MPP3	NM_001330233.2	-	1	44666636	44666742	105	5
NC_060941.1	44793688	44794273	-3	1	-	NC_060941.1	44794011	44794201	44793690	44793761	PPY	NM_001319209.2	-	3	44793761	44794011	249	3
NC_060941.1	44927658	44928213	1	1	+	NC_060941.1	44927817	44927958	44928187	44928213	G6PC3	NM_001319945.2	+	1	44927958	44928187	228	1
NC_060941.1	44944561	44945059	-3	1	-	NC_060941.1	44944891	44945037	44944682	44944794	HDAC5	NM_001015053.2	-	3	44944794	44944891	96	9
NC_060941.1	44944561	44945059	-3	1	-	NC_060941.1	44944906	44945037	44944682	44944794	HDAC5	XM_054314614.1	-	3	44944794	44944906	111	5
NC_060941.1	45007490	45007916	3	1	+	NC_060941.1	45007653	45007764	45007849	45007916	HROB	XM_054317110.1	+	3	45007764	45007849	84	1
NC_060941.1	45007490	45007916	3	1	+	NC_060941.1	45007656	45007764	45007849	45007916	HROB	XM_054317111.1	+	3	45007764	45007849	84	1
NC_060941.1	45060723	45061104	-1	1	-	NC_060941.1	45060967	45061014	45060802	45060873	UBTF	NM_001076683.2	-	1	45060873	45060967	93	3
NC_060941.1	45165905	45166646	3	1	+	NC_060941.1	45166183	45166331	45166497	45166582	RUNDC3A	NM_001144825.2	+	3	45166331	45166497	165	5
NC_060941.1	45165905	45166646	3	1	+	NC_060941.1	45166198	45166331	45166497	45166582	RUNDC3A	NM_001144826.2	+	3	45166331	45166497	165	3
NC_060941.1	45165905	45166646	3	1	+	NC_060941.1	45166195	45166331	45166497	45166582	RUNDC3A	XM_054314752.1	+	3	45166331	45166497	165	3
NC_060941.1	45175391	45175955	-2	1	-	NC_060941.1	45175886	45175930	45175497	45175630	SLC25A39	NM_001143780.3	-	2	45175630	45175886	255	3
NC_060941.1	45175391	45175955	-2	1	-	NC_060941.1	45175886	45175930	45175497	45175606	SLC25A39	NM_001321241.2	-	2	45175606	45175886	279	3
NC_060941.1	45228510	45229275	-1	1	-	NC_060941.1	45228988	45229101	45228649	45228750	ITGA2B	NM_000419.5	-	1	45228750	45228988	237	2
NC_060941.1	45625320	45626391	1	1	+	NC_060941.1	45625698	45625773	45626209	45626275	ADAM11	NM_002390.6	+	1	45625773	45626209	435	2
NC_060941.1	45767515	45768193	-3	1	-	NC_060941.1	45767942	45768002	45767642	45767737	GFAP	NM_001131019.3	-	3	45767737	45767942	204	4
NC_060941.1	4609843	4610122	2	1	+	NC_060941.1	4609865	4609948	4610042	4610121	ARRB2	NM_001257329.2	+	2	4609948	4610042	93	1
NC_060941.1	46099943	46100327	3	1	+	NC_060941.1	46099944	46100064	46100239	46100327	FMNL1	NM_005892.4	+	3	46100064	46100239	174	1
NC_060941.1	46258001	46258427	-2	1	-	NC_060941.1	46258329	46258409	46258173	46258256	ARHGAP27	NM_001282290.2	-	2	46258256	46258329	72	27
NC_060941.1	4633738	4634251	2	1	+	NC_060941.1	4633860	4633948	4634039	4634137	ZMYND15	NM_001136046.3	+	2	4633948	4634039	90	5
NC_060941.1	4687806	4688274	1	1	+	NC_060941.1	4687864	4688008	4688135	4688274	PSMB6	NM_002798.3	+	1	4688008	4688135	126	1
NC_060941.1	4697441	4698125	3	1	+	NC_060941.1	4697628	4697736	4697839	4697969	PLD2	NM_001243108.2	+	3	4697736	4697839	102	4
NC_060941.1	4699534	4699885	2	1	+	NC_060941.1	4699546	4699638	4699732	4699884	PLD2	NM_001243108.2	+	2	4699638	4699732	93	5
NC_060941.1	4784421	4784907	1	1	+	NC_060941.1	4784422	4784559	4784773	4784881	MINK1	NM_001024937.4	+	1	4784559	4784773	213	29
NC_060941.1	4789108	4789648	-3	1	-	NC_060941.1	4789444	4789630	4789253	4789359	CHRNE	NM_000080.4	-	3	4789359	4789444	84	2
NC_060941.1	4829115	4829604	-1	1	-	NC_060941.1	4829408	4829560	4829117	4829323	SLC25A11	NM_001165417.2	-	1	4829323	4829408	84	2
NC_060941.1	4834511	4835192	3	1	+	NC_060941.1	4834744	4834815	4834906	4834986	RNF167	NM_001370303.1	+	3	4834815	4834906	90	4
NC_060941.1	4843363	4843693	2	1	+	NC_060941.1	4843398	4843456	4843619	4843688	ENO3	NM_001374523.1	+	2	4843456	4843619	162	4
NC_060941.1	4859082	4859331	-1	1	-	NC_060941.1	4859231	4859305	4859083	4859143	CAMTA2	NM_001171166.2	-	1	4859143	4859231	87	10
NC_060941.1	48670065	48670518	-1	1	-	NC_060941.1	48670310	48670432	48670066	48670171	OSBPL7	NM_145798.3	-	1	48670171	48670310	138	2
NC_060941.1	48842932	48843298	2	1	+	NC_060941.1	48842962	48843133	48843236	48843298	CDK5RAP3	NM_001278197.2	+	2	48843133	48843236	102	6
NC_060941.1	48842932	48843298	2	1	+	NC_060941.1	48842962	48843133	48843236	48843258	CDK5RAP3	NM_001278198.2	+	2	48843133	48843236	102	1
NC_060941.1	4894090	4894429	2	1	+	NC_060941.1	4894175	4894240	4894322	4894397	KIF1C	NM_006612.6	+	2	4894240	4894322	81	2
NC_060941.1	5023719	5024055	1	1	+	NC_060941.1	5023738	5023809	5023972	5024054	USP6	NM_001304284.2	+	1	5023809	5023972	162	11
NC_060941.1	50941672	50942311	2	1	+	NC_060941.1	50941793	50941942	50942051	50942148	ITGA3	NM_002204.4	+	2	50941942	50942051	108	3
NC_060941.1	51052571	51053135	-2	1	-	NC_060941.1	51052845	51053087	51052572	51052715	COL1A1	NM_000088.4	-	2	51052715	51052845	129	4
NC_060941.1	51066010	51066583	-3	1	-	NC_060941.1	51066488	51066523	51066296	51066397	COL1A1	NM_000088.4	-	3	51066397	51066488	90	4
NC_060941.1	51145687	51146383	2	1	+	NC_060941.1	51145879	51146074	51146273	51146383	TMEM92	NM_001168215.2	+	2	51146074	51146273	198	2
NC_060941.1	51222694	51223252	2	1	+	NC_060941.1	51222742	51222958	51223046	51223222	XYLT2	NM_022167.4	+	2	51222958	51223046	87	3
NC_060941.1	51329113	51329689	2	1	+	NC_060941.1	51329180	51329298	51329416	51329581	ACSF2	NM_001288968.2	+	2	51329298	51329416	117	8
NC_060941.1	51340392	51341028	1	1	+	NC_060941.1	51340665	51340806	51340894	51341004	ACSF2	NM_001288968.2	+	1	51340806	51340894	87	7
NC_060941.1	51388193	51388538	3	1	+	NC_060941.1	51388216	51388331	51388422	51388537	MYCBPAP	NM_001366294.2	+	3	51388331	51388422	90	10
NC_060941.1	51415849	51416662	2	1	+	NC_060941.1	51415944	51416098	51416177	51416320	SPATA20	NM_001258372.2	+	2	51416098	51416177	78	3
NC_060941.1	51415849	51416662	2	1	+	NC_060941.1	51416177	51416320	51416420	51416621	SPATA20	NM_001258372.2	+	2	51416320	51416420	99	3
NC_060941.1	59147112	59147562	-1	1	-	NC_060941.1	59147402	59147525	59147176	59147305	MPO	NM_000250.2	-	1	59147305	59147402	96	1
NC_060941.1	59178163	59179192	-3	1	-	NC_060941.1	59178716	59179093	59178392	59178631	TSPOAP1	NM_001261835.2	-	3	59178631	59178716	84	3
NC_060941.1	62348672	62349179	3	1	+	NC_060941.1	62348724	62348812	62348933	62349162	TBX4	NM_001321120.2	+	3	62348812	62348933	120	5
NC_060941.1	63549722	63550379	3	1	+	NC_060941.1	63549725	63549827	63550095	63550233	MRC2	NM_006039.5	+	3	63549827	63550095	267	3
NC_060941.1	64352497	64353382	2	1	+	NC_060941.1	64352674	64352897	64353237	64353381	ACE	NM_000789.4	+	2	64352897	64353237	339	2
NC_060941.1	64352497	64353382	2	1	+	NC_060941.1	64352595	64352897	64353237	64353381	ACE	NM_001382700.1	+	2	64352897	64353237	339	1
NC_060941.1	64356562	64357303	2	1	+	NC_060941.1	64356767	64356925	64357196	64357283	ACE	NM_000789.4	+	2	64356925	64357196	270	5
NC_060941.1	64356562	64357303	2	1	+	NC_060941.1	64356779	64356925	64357196	64357283	ACE	NM_001382702.1	+	2	64356925	64357196	270	2
NC_060941.1	64696048	64696498	-3	1	-	NC_060941.1	64696399	64696498	64696105	64696299	FTSJ3	NM_017647.4	-	3	64696299	64696399	99	2
NC_060941.1	64700982	64701510	1	1	+	NC_060941.1	64700983	64701039	64701121	64701351	PSMC5	NM_001199163.2	+	1	64701039	64701121	81	4
NC_060941.1	64705259	64705706	-2	1	-	NC_060941.1	64705554	64705649	64705323	64705424	SMARCD2	NM_001098426.2	-	2	64705424	64705554	129	3
NC_060941.1	64815766	64816513	-3	1	-	NC_060941.1	64816136	64816414	64815782	64815835	SCN4A	NM_000334.4	-	3	64815835	64816136	300	1
NC_060941.1	65373714	65374086	-1	1	-	NC_060941.1	65373978	65374074	65373739	65373872	DDX5	NM_001320595.2	-	1	65373872	65373978	105	5
NC_060941.1	6662536	6662890	2	1	+	NC_060941.1	6662546	6662675	6662793	6662878	XAF1	NM_001353137.2	+	2	6662675	6662793	117	2
NC_060941.1	6662536	6662890	2	1	+	NC_060941.1	6662546	6662660	6662793	6662878	XAF1	XM_054316545.1	+	2	6662660	6662793	132	1
NC_060941.1	68233193	68233478	-2	1	-	NC_060941.1	68233419	68233478	68233203	68233331	PSMD12	NM_002816.5	-	2	68233331	68233419	87	2
NC_060941.1	6915418	6915829	2	1	+	NC_060941.1	6915458	6915478	6915662	6915756	BACC1	NM_001142798.3	+	2	6915478	6915662	183	3
NC_060941.1	6976228	6976873	-3	1	-	NC_060941.1	6976657	6976743	6976403	6976557	CLEC10A	NM_001330070.2	-	3	6976557	6976657	99	1
NC_060941.1	6976228	6976873	-3	1	-	NC_060941.1	6976648	6976743	6976403	6976557	CLEC10A	NM_006344.4	-	3	6976557	6976648	90	1
NC_060941.1	6976228	6976873	-3	1	-	NC_060941.1	6976657	6976824	6976403	6976557	CLEC10A	NM_182906.4	-	3	6976557	6976657	99	1
NC_060941.1	6976228	6976873	-3	1	-	NC_060941.1	6976648	6976824	6976403	6976557	CLEC10A	XM_054314700.1	-	3	6976557	6976648	90	2
NC_060941.1	7074814	7075546	-3	1	-	NC_060941.1	7075288	7075374	7075052	7075203	ASGR1	NM_001197216.3	-	3	7075203	7075288	84	3
NC_060941.1	7125150	7125468	1	1	+	NC_060941.1	7125232	7125304	7125395	7125463	ACADVL	XM_054315979.1	+	1	7125304	7125395	90	2
NC_060941.1	7130405	7130873	-2	1	-	NC_060941.1	7130719	7130854	7130499	7130589	DVL2	NM_004422.3	-	2	7130589	7130719	129	5
NC_060941.1	7184158	7184920	2	1	+	NC_060941.1	7184189	7184305	7184417	7184589	SLC2A4	NM_001042.3	+	2	7184305	7184417	111	1
NC_060941.1	7215171	7215621	1	1	+	NC_060941.1	7215334	7215465	7215562	7215621	EIF5A	NM_001143760.1	+	1	7215465	7215562	96	6
NC_060941.1	7230148	7230646	-3	1	-	NC_060941.1	7230421	7230532	7230239	7230327	NEURL4	NM_001005408.2	-	3	7230327	7230421	93	2
NC_060941.1	7287534	7288293	1	1	+	NC_060941.1	7287748	7287903	7288009	7288292	TNK1	NM_001251902.3	+	1	7287903	7288009	105	4
NC_060941.1	7287534	7288293	1	1	+	NC_060941.1	7287793	7287903	7288009	7288292	TNK1	XM_054317661.1	+	1	7287903	7288009	105	1
NC_060941.1	7292750	7293035	3	1	+	NC_060941.1	7292830	7292925	7293013	7293035	TNK1	XM_054317660.1	+	3	7292925	7293013	87	1
NC_060941.1	7292808	7293123	1	1	+	NC_060941.1	7292830	7292925	7293013	7293123	TNK1	NM_001251902.3	+	1	7292925	7293013	87	4
NC_060941.1	7349171	7349579	3	1	+	NC_060941.1	7349187	7349244	7349329	7349468	CHRNB1	NM_000747.3	+	3	7349244	7349329	84	1
NC_060941.1	7400230	7401391	2	1	+	NC_060941.1	7400271	7400407	7400501	7400674	POLR2A	NM_000937.5	+	2	7400407	7400501	93	1
NC_060941.1	7400230	7401391	2	1	+	NC_060941.1	7400501	7400674	7400825	7401106	POLR2A	NM_000937.5	+	2	7400674	7400825	150	1
NC_060941.1	7416119	7416659	3	1	+	NC_060941.1	7416222	7416408	7416541	7416654	POLR2A	NM_000937.5	+	3	7416408	7416541	132	1
NC_060941.1	7469533	7470040	2	1	+	NC_060941.1	7469701	7469848	7469978	7470025	SENP3	NM_015670.6	+	2	7469848	7469978	129	1
NC_060941.1	7481794	7482178	2	1	+	NC_060941.1	7481816	7481953	7482074	7482163	EIF4A1	NM_001204510.2	+	2	7481953	7482074	120	2
NC_060941.1	7496375	7496783	-2	1	-	NC_060941.1	7496505	7496605	7496376	7496408	FXR2	XM_054317873.1	-	2	7496408	7496505	96	1
NC_060941.1	75094733	75095066	3	1	+	NC_060941.1	75094794	75094796	75094968	75095028	RPL38	NM_000999.4	+	3	75094796	75094968	171	2
NC_060941.1	75242374	75243139	2	1	+	NC_060941.1	75242501	75242771	75242853	75242974	KIF19	NM_153209.4	+	2	75242771	75242853	81	4
NC_060941.1	75242374	75243139	2	1	+	NC_060941.1	75242501	75242771	75242850	75242974	KIF19	XM_054314995.1	+	2	75242771	75242850	78	4
NC_060941.1	75636748	75636964	2	1	+	NC_060941.1	75636752	75636808	75636887	75636963	RAB37	NM_001006638.3	+	2	75636808	75636887	78	5
NC_060941.1	75757805	75758585	-2	1	-	NC_060941.1	75758232	75758354	75757917	75758030	FDXR	NM_001258012.4	-	2	75758030	75758232	201	5
NC_060941.1	75757805	75758585	-2	1	-	NC_060941.1	75758232	75758330	75757917	75758030	FDXR	NM_001258014.4	-	2	75758030	75758232	201	1
NC_060941.1	75763748	75764186	-2	1	-	NC_060941.1	75763986	75764104	75763824	75763895	FDXR	NM_001258013.4	-	2	75763895	75763986	90	1
NC_060941.1	76382556	76383255	1	1	+	NC_060941.1	76382598	76382700	76382908	76382994	TMEM94	NM_001321148.2	+	1	76382700	76382908	207	50
NC_060941.1	76386790	76387540	2	1	+	NC_060941.1	76386822	76386924	76387030	76387247	TMEM94	NM_001321148.2	+	2	76386924	76387030	105	50
NC_060941.1	76387926	76388763	1	1	+	NC_060941.1	76387958	76388139	76388227	76388365	TMEM94	NM_001321148.2	+	1	76388139	76388227	87	37
NC_060941.1	76387926	76388763	1	1	+	NC_060941.1	76388227	76388365	76388615	76388730	TMEM94	NM_001321148.2	+	1	76388365	76388615	249	50
NC_060941.1	76387926	76388763	1	1	+	NC_060941.1	76387961	76388139	76388227	76388365	TMEM94	NM_001351203.2	+	1	76388139	76388227	87	13
NC_060941.1	76391486	76392053	3	1	+	NC_060941.1	76391505	76391653	76391774	76391868	TMEM94	NM_001321148.2	+	3	76391653	76391774	120	34
NC_060941.1	76391486	76392053	3	1	+	NC_060941.1	76391774	76391868	76391959	76392052	TMEM94	NM_001321148.2	+	3	76391868	76391959	90	34
NC_060941.1	76391486	76392053	3	1	+	NC_060941.1	76391505	76391653	76391774	76392052	TMEM94	XM_054317981.1	+	3	76391653	76391774	120	16
NC_060941.1	76464668	76465361	3	1	+	NC_060941.1	76464829	76464945	76465060	76465226	LLGL2	NM_001031803.2	+	3	76464945	76465060	114	30
NC_060941.1	76509044	76510352	3	1	+	NC_060941.1	76509712	76509973	76510073	76510149	MYO15B	XM_054317324.1	+	3	76509973	76510073	99	1
NC_060941.1	76509044	76510352	3	1	+	NC_060941.1	76510073	76510149	76510273	76510352	MYO15B	XM_054317324.1	+	3	76510149	76510273	123	1
NC_060941.1	76517337	76517607	1	1	+	NC_060941.1	76517360	76517434	76517555	76517607	MYO15B	XM_054317314.1	+	1	76517434	76517555	120	1
NC_060941.1	76523840	76524332	-2	1	-	NC_060941.1	76524161	76524197	76523964	76524022	RECQL5	NM_004259.7	-	2	76524022	76524161	138	11
NC_060941.1	76620309	76620879	1	1	+	NC_060941.1	76620413	76620495	76620622	76620723	ITGB4	NM_000213.5	+	1	76620495	76620622	126	14
NC_060941.1	76630525	76631317	2	1	+	NC_060941.1	76630542	76630664	76630758	76630864	ITGB4	NM_000213.5	+	2	76630664	76630758	93	14
NC_060941.1	76630525	76631317	2	1	+	NC_060941.1	76630607	76630664	76630758	76630864	ITGB4	XM_054315977.1	+	2	76630664	76630758	93	1
NC_060941.1	7672004	7672373	3	1	+	NC_060941.1	7672005	7672166	7672269	7672372	DNAH2	NM_020877.5	+	3	7672166	7672269	102	10
NC_060941.1	76729161	76729503	-1	1	-	NC_060941.1	76729351	76729407	76729163	76729260	UNC13D	NM_199242.3	-	1	76729260	76729351	90	1
NC_060941.1	76733120	76733519	-2	1	-	NC_060941.1	76733376	76733480	76733169	76733261	UNC13D	NM_199242.3	-	2	76733261	76733376	114	1
NC_060941.1	76735900	76736305	-3	1	-	NC_060941.1	76736165	76736224	76736008	76736074	UNC13D	NM_199242.3	-	3	76736074	76736165	90	1
NC_060941.1	76740548	76741163	-2	1	-	NC_060941.1	76740947	76741081	76740638	76740760	WBP2	NM_001348170.1	-	2	76740760	76740947	186	3
NC_060941.1	76767635	76768835	-2	1	-	NC_060941.1	76768550	76768624	76767636	76768273	TRIM47	NM_033452.3	-	2	76768273	76768550	276	3
NC_060941.1	76769024	76769786	-2	1	-	NC_060941.1	76769412	76769642	76769051	76769249	TRIM47	NM_033452.3	-	2	76769249	76769412	162	3
NC_060941.1	76794731	76795370	-2	1	-	NC_060941.1	76795172	76795306	76794864	76795072	MRPL38	NM_032478.4	-	2	76795072	76795172	99	1
NC_060941.1	76806766	76807240	-3	1	-	NC_060941.1	76807067	76807204	76806856	76806973	FBF1	NM_001319193.2	-	3	76806973	76807067	93	1
NC_060941.1	76807777	76808515	-3	1	-	NC_060941.1	76808171	76808293	76807901	76808086	FBF1	NM_001319193.2	-	3	76808086	76808171	84	1
NC_060941.1	76895123	76895552	3	1	+	NC_060941.1	76895150	76895270	76895376	76895546	CDK3	NM_001258.4	+	3	76895270	76895376	105	1
NC_060941.1	76904869	76905241	-3	1	-	NC_060941.1	76905137	76905220	76904903	76905013	EVPL	NM_001320747.2	-	3	76905013	76905137	123	2
NC_060941.1	76908045	76908576	-1	1	-	NC_060941.1	76908358	76908496	76908047	76908240	EVPL	NM_001320747.2	-	1	76908240	76908358	117	2
NC_060941.1	76985477	76986356	-2	1	-	NC_060941.1	76986245	76986311	76985745	76985890	EXOC7	XM_054315597.1	-	2	76985890	76986245	354	1
NC_060941.1	7711164	7711683	1	1	+	NC_060941.1	7711241	7711410	7711561	7711677	DNAH2	NM_020877.5	+	1	7711410	7711561	150	10
NC_060941.1	77176587	77177139	-1	1	-	NC_060941.1	77176843	77177007	77176589	77176710	QRICH2	NM_001388453.1	-	1	77176710	77176843	132	9
NC_060941.1	7722044	7722311	3	1	+	NC_060941.1	7722045	7722195	7722292	7722311	DNAH2	XM_054315157.1	+	3	7722195	7722292	96	1
NC_060941.1	7727921	7728584	3	1	+	NC_060941.1	7727938	7728086	7728225	7728408	DNAH2	NM_020877.5	+	3	7728086	7728225	138	8
NC_060941.1	77288275	77288686	-3	1	-	NC_060941.1	77288483	77288686	77288329	77288386	UBE2O	NM_022066.4	-	3	77288386	77288483	96	8
NC_060941.1	7735182	7735647	1	1	+	NC_060941.1	7735191	7735419	7735495	7735646	DNAH2	NM_020877.5	+	1	7735419	7735495	75	8
NC_060941.1	77370222	77370744	-1	1	-	NC_060941.1	77370415	77370478	77370224	77370318	RHBDF2	NM_001005498.4	-	1	77370318	77370415	96	21
NC_060941.1	77375175	77376051	-1	1	-	NC_060941.1	77375659	77375854	77375383	77375586	RHBDF2	NM_001005498.4	-	1	77375586	77375659	72	22
NC_060941.1	7751251	7751935	2	1	+	NC_060941.1	7751395	7751614	7751717	7751809	KDM6B	NM_001080424.2	+	2	7751614	7751717	102	2
NC_060941.1	77833177	77833669	2	1	+	NC_060941.1	77833202	77833348	77833532	77833648	MGAT5B	NM_001199172.2	+	2	77833348	77833532	183	6
NC_060941.1	7812328	7812931	2	1	+	NC_060941.1	7812537	7812658	7812764	7812899	CHD3	NM_001005271.3	+	2	7812658	7812764	105	41
NC_060941.1	7813712	7814270	3	1	+	NC_060941.1	7813813	7813921	7814108	7814240	CHD3	NM_001005271.3	+	3	7813921	7814108	186	41
NC_060941.1	79025199	79025994	1	1	+	NC_060941.1	79025368	79025516	79025661	79025809	TMC8	NM_152468.5	+	1	79025516	79025661	144	1
NC_060941.1	79096511	79097015	3	1	+	NC_060941.1	79096593	79096697	79096797	79096845	AFMID	NM_001392007.1	+	3	79096697	79096797	99	1
NC_060941.1	79098841	79099405	2	1	+	NC_060941.1	79098921	79098993	79099186	79099283	AFMID	NM_001010982.5	+	2	79098993	79099186	192	3
NC_060941.1	7917450	7918185	1	1	+	NC_060941.1	7917556	7917762	7917862	7918018	GUCY2D	NM_000180.4	+	1	7917762	7917862	99	2
NC_060941.1	79380307	79381087	-3	1	-	NC_060941.1	79380695	79380977	79380431	79380604	DNAH17	NM_173628.4	-	3	79380604	79380695	90	5
NC_060941.1	80693839	80694241	-3	1	-	NC_060941.1	80694075	80694140	80693882	80693948	CBX8	NM_020649.3	-	3	80693948	80694075	126	1
NC_060941.1	81114864	81115857	-1	1	-	NC_060941.1	81115458	81115563	81115040	81115190	SGSH	NM_000199.5	-	1	81115190	81115458	267	4
NC_060941.1	8137841	8138624	-2	1	-	NC_060941.1	8138133	8138457	8137956	8138045	CTC1	NM_001411067.1	-	2	8138045	8138133	87	15
NC_060941.1	8170437	8170896	1	1	+	NC_060941.1	8170438	8170563	8170696	8170827	PFAS	NM_012393.3	+	1	8170563	8170696	132	6
NC_060941.1	8171102	8171978	3	1	+	NC_060941.1	8171121	8171351	8171514	8171694	PFAS	NM_012393.3	+	3	8171351	8171514	162	5
NC_060941.1	8171102	8171978	3	1	+	NC_060941.1	8171514	8171694	8171782	8171865	PFAS	NM_012393.3	+	3	8171694	8171782	87	5
NC_060941.1	82011710	82012829	3	1	+	NC_060941.1	82011963	82012184	82012368	82012569	BAIAP2	NM_001144888.2	+	3	82012184	82012368	183	39
NC_060941.1	82011710	82012829	3	1	+	NC_060941.1	82012050	82012184	82012368	82012569	BAIAP2	NM_001385157.1	+	3	82012184	82012368	183	6
NC_060941.1	82033162	82033516	-3	1	-	NC_060941.1	82033367	82033451	82033164	82033285	AATK	NM_001080395.3	-	3	82033285	82033367	81	2
NC_060941.1	82148480	82148897	3	1	+	NC_060941.1	82148487	82148570	82148691	82148801	NDUFAF8	NM_001086521.2	+	3	82148570	82148691	120	1
NC_060941.1	82148480	82148897	3	1	+	NC_060941.1	82148487	82148570	82148691	82148805	NDUFAF8	NM_001353402.1	+	3	82148570	82148691	120	1
NC_060941.1	8219085	8219796	1	1	+	NC_060941.1	8219159	8219491	8219738	8219792	ARHGEF15	NM_025014.2	+	1	8219491	8219738	246	6
NC_060941.1	8221649	8222144	3	1	+	NC_060941.1	8221650	8221810	8221991	8222143	ARHGEF15	NM_025014.2	+	3	8221810	8221991	180	7
NC_060941.1	8224805	8225147	3	1	+	NC_060941.1	8224806	8224898	8224986	8225146	ARHGEF15	NM_025014.2	+	3	8224898	8224986	87	7
NC_060941.1	82375581	82376043	1	1	+	NC_060941.1	82375630	82375734	82375822	82375978	BAHCC1	NM_001291324.3	+	1	82375734	82375822	87	5
NC_060941.1	82375581	82376043	1	1	+	NC_060941.1	82375630	82375710	82375822	82375978	BAHCC1	XM_054316758.1	+	1	82375710	82375822	111	1
NC_060941.1	82377513	82379157	1	1	+	NC_060941.1	82377539	82377715	82377875	82379055	BAHCC1	NM_001291324.3	+	1	82377715	82377875	159	5
NC_060941.1	82377513	82379157	1	1	+	NC_060941.1	82377539	82377715	82377899	82379055	BAHCC1	XM_054316757.1	+	1	82377715	82377899	183	1
NC_060941.1	82588628	82589195	3	1	+	NC_060941.1	82588652	82588734	82588984	82589063	CCDC137	NM_199287.3	+	3	82588734	82588984	249	2
NC_060941.1	82610214	82610901	1	1	+	NC_060941.1	82610397	82610475	82610548	82610646	HGS	NM_004712.5	+	1	82610475	82610548	72	1
NC_060941.1	82610214	82610901	1	1	+	NC_060941.1	82610548	82610646	82610764	82610859	HGS	NM_004712.5	+	1	82610646	82610764	117	1
NC_060941.1	82611799	82612201	2	1	+	NC_060941.1	82611818	82611961	82612058	82612117	HGS	NM_004712.5	+	2	82611961	82612058	96	1
NC_060941.1	82678149	82678494	1	1	+	NC_060941.1	82678175	82678296	82678387	82678493	GCGR	NM_000160.5	+	1	82678296	82678387	90	3
NC_060941.1	82678497	82679001	1	1	+	NC_060941.1	82678569	82678725	82678816	82678975	GCGR	NM_000160.5	+	1	82678725	82678816	90	3
NC_060941.1	82691413	82692079	-3	1	-	NC_060941.1	82691664	82691671	82691452	82691570	MCRIP1	NM_001093767.3	-	3	82691570	82691664	93	4
NC_060941.1	82691413	82692079	-3	1	-	NC_060941.1	82691664	82691719	82691452	82691570	MCRIP1	NM_001288798.2	-	3	82691570	82691664	93	4
NC_060941.1	82769161	82769905	2	1	+	NC_060941.1	82769438	82769686	82769780	82769905	NPB	NM_148896.5	+	2	82769686	82769780	93	1
NC_060941.1	82771995	82773099	-1	1	-	NC_060941.1	82772830	82772895	82772542	82772607	PCYT2	NM_001184917.3	-	1	82772607	82772830	222	9
NC_060941.1	82771995	82773099	-1	1	-	NC_060941.1	82772542	82772607	82771996	82772104	PCYT2	NM_001184917.3	-	1	82772104	82772542	437	9
NC_060941.1	82781114	82781690	-2	1	-	NC_060941.1	82781454	82781690	82781247	82781327	SIRT7	NM_016538.3	-	2	82781327	82781454	126	4
NC_060941.1	82781442	82782222	-1	1	-	NC_060941.1	82781764	82781862	82781454	82781664	SIRT7	XM_054316404.1	-	1	82781664	82781764	99	1
NC_060941.1	82781442	82782222	-1	1	-	NC_060941.1	82781764	82781862	82781454	82781616	SIRT7	XM_054316405.1	-	1	82781616	82781764	147	1
NC_060941.1	82801238	82802360	-2	1	-	NC_060941.1	82802085	82802306	82801812	82801904	PYCR1	NM_001282280.2	-	2	82801904	82802085	180	12
NC_060941.1	82823487	82824297	-1	1	-	NC_060941.1	82824041	82824232	82823808	82823908	NOTUM	NM_178493.6	-	1	82823908	82824041	132	1
NC_060941.1	82895128	82895635	2	1	+	NC_060941.1	82895170	82895305	82895393	82895470	LRRC45	NM_144999.4	+	2	82895305	82895393	87	2
NC_060941.1	82921584	82922523	1	1	+	NC_060941.1	82921656	82921968	82922056	82922133	GPS1	NM_001321089.3	+	1	82921968	82922056	87	27
NC_060941.1	82921584	82922523	1	1	+	NC_060941.1	82922056	82922133	82922320	82922380	GPS1	NM_001321089.3	+	1	82922133	82922320	186	38
NC_060941.1	82921584	82922523	1	1	+	NC_060941.1	82921668	82921968	82922056	82922133	GPS1	NM_001321090.3	+	1	82921968	82922056	87	33
NC_060941.1	82921584	82922523	1	1	+	NC_060941.1	82922056	82922133	82922323	82922380	GPS1	NM_001321091.3	+	1	82922133	82922323	189	22
NC_060941.1	82923426	82923765	1	1	+	NC_060941.1	82923444	82923549	82923628	82923708	GPS1	NM_001321089.3	+	1	82923549	82923628	78	57
NC_060941.1	82927857	82928136	-1	1	-	NC_060941.1	82928023	82928119	82927859	82927941	DUS1L	NM_022156.5	-	1	82927941	82928023	81	5
NC_060941.1	82927857	82928136	-1	1	-	NC_060941.1	82928023	82928112	82927859	82927941	DUS1L	XM_054316887.1	-	1	82927941	82928023	81	4
NC_060941.1	82948741	82949584	-3	1	-	NC_060941.1	82949478	82949569	82949164	82949315	FASN	NM_004104.5	-	3	82949315	82949478	162	2
NC_060941.1	82948741	82949584	-3	1	-	NC_060941.1	82949164	82949315	82948756	82948998	FASN	NM_004104.5	-	3	82948998	82949164	165	2
NC_060941.1	82954623	82955481	-1	1	-	NC_060941.1	82955271	82955462	82955109	82955189	FASN	NM_004104.5	-	1	82955189	82955271	81	2
NC_060941.1	82959447	82959981	-1	1	-	NC_060941.1	82959850	82959965	82959610	82959744	FASN	NM_004104.5	-	1	82959744	82959850	105	2
NC_060941.1	83803849	83804617	2	1	+	NC_060941.1	83804098	83804256	83804347	83804485	TBCD	XM_047446781.1	+	2	83804256	83804347	90	26
NC_060941.1	83948273	83949041	3	1	+	NC_060941.1	83948522	83948680	83948771	83948909	LOC128966627	XM_054318128.1	+	3	83948680	83948771	90	1
NC_060941.1	8742746	8743364	-2	1	-	NC_060941.1	8742992	8743124	8742748	8742817	PIK3R6	NM_001010855.4	-	2	8742817	8742992	174	19
NC_060942.1	148615	149140	-2	1	-	NC_060942.1	148993	149101	148804	148914	LOC124908015	NM_001421742.1	-	2	148914	148993	78	1
NC_060942.1	148701	149088	-3	1	-	NC_060942.1	148993	149082	148804	148914	LOC124908015	XM_047446847.1	-	3	148914	148993	78	2
NC_060942.1	202537	203062	-2	1	-	NC_060942.1	202915	203023	202726	202836	TUBB8B	NM_001358689.2	-	2	202836	202915	78	1
NC_060942.1	202623	203010	-3	1	-	NC_060942.1	202915	203004	202726	202836	TUBB8B	NM_001389610.1	-	3	202836	202915	78	1
NC_060942.1	40553	41078	-1	1	-	NC_060942.1	40931	41039	40742	40852	LOC124908041	NM_001421730.1	-	1	40852	40931	78	1
NC_060942.1	50484336	50485251	-3	1	-	NC_060942.1	50485006	50485102	50484595	50484747	CXXC1	NM_001101654.2	-	3	50484747	50485006	258	4
NC_060942.1	50484336	50485251	-3	1	-	NC_060942.1	50484595	50484747	50484337	50484480	CXXC1	NM_001101654.2	-	3	50484480	50484595	114	4
NC_060942.1	50485430	50486114	-1	1	-	NC_060942.1	50485635	50485842	50485446	50485556	CXXC1	NM_001101654.2	-	1	50485556	50485635	78	4
NC_060942.1	70422171	70422723	-3	1	-	NC_060942.1	70422684	70422714	70422184	70422371	RTTN	NM_173630.4	-	3	70422371	70422684	312	12
NC_060942.1	94569	95094	-3	1	-	NC_060942.1	94947	95055	94758	94868	LOC124908013	NM_001421744.1	-	3	94868	94947	78	1
NC_060942.1	94655	95042	-1	1	-	NC_060942.1	94947	95036	94758	94868	LOC124908013	XM_047446841.1	-	1	94868	94947	78	2
NC_060943.1	10086601	10087186	-1	1	-	NC_060943.1	10086839	10087078	10086602	10086745	COL5A3	NM_015719.4	-	1	10086745	10086839	93	3
NC_060943.1	10114920	10115586	-2	1	-	NC_060943.1	10115518	10115562	10115320	10115373	COL5A3	NM_015719.4	-	2	10115373	10115518	144	2
NC_060943.1	1015247	1015766	3	1	+	NC_060943.1	1015265	1015396	1015499	1015638	ABCA7	NM_019112.4	+	3	1015396	1015499	102	18
NC_060943.1	10213085	10213643	3	1	+	NC_060943.1	10213149	10213272	10213471	10213520	SHFL	NM_001308277.2	+	3	10213272	10213471	198	4
NC_060943.1	1023233	1023569	3	1	+	NC_060943.1	1023314	1023443	1023516	1023569	ABCA7	XM_054319524.1	+	3	1023443	1023516	72	1
NC_060943.1	10236756	10237371	1	1	+	NC_060943.1	10236906	10237075	10237154	10237231	PPAN-P2RY11	NM_001040664.3	+	1	10237075	10237154	78	1
NC_060943.1	10236756	10237371	1	1	+	NC_060943.1	10236906	10237075	10237154	10237293	PPAN-P2RY11	NM_001198690.2	+	1	10237075	10237154	78	1
NC_060943.1	10236756	10237371	1	1	+	NC_060943.1	10236906	10237075	10237154	10237371	PPAN	NM_001346139.1	+	1	10237075	10237154	78	3
NC_060943.1	1027746	1028541	1	1	+	NC_060943.1	1028209	1028343	1028425	1028528	ABCA7	NM_019112.4	+	1	1028343	1028425	81	10
NC_060943.1	1027746	1028541	1	1	+	NC_060943.1	1028209	1028343	1028425	1028541	ABCA7	XM_054319523.1	+	1	1028343	1028425	81	1
NC_060943.1	1038313	1038736	2	1	+	NC_060943.1	1038331	1038403	1038605	1038671	ARHGAP45	NM_001258328.4	+	2	1038403	1038605	201	9
NC_060943.1	10417134	10417971	1	1	+	NC_060943.1	10417184	10417453	10417601	10417921	ICAM5	NM_003259.4	+	1	10417453	10417601	147	2
NC_060943.1	1044315	1044897	1	1	+	NC_060943.1	1044349	1044486	1044574	1044764	ARHGAP45	NM_001258328.4	+	1	1044486	1044574	87	10
NC_060943.1	10446734	10447403	-3	1	-	NC_060943.1	10447158	10447369	10446968	10447061	RAVER1	NM_001366174.1	-	3	10447061	10447158	96	1
NC_060943.1	10446734	10447403	-3	1	-	NC_060943.1	10446968	10447061	10446765	10446892	RAVER1	NM_001366174.1	-	3	10446892	10446968	75	1
NC_060943.1	10446734	10447403	-3	1	-	NC_060943.1	10447158	10447369	10446765	10447061	RAVER1	NM_133452.3	-	3	10447061	10447158	96	2
NC_060943.1	10480554	10481070	-2	1	-	NC_060943.1	10480926	10481006	10480636	10480733	TYK2	NM_001385203.1	-	2	10480733	10480926	192	1
NC_060943.1	10483591	10484497	-1	1	-	NC_060943.1	10484128	10484263	10483889	10484043	TYK2	NM_001385197.1	-	1	10484043	10484128	84	17
NC_060943.1	10483591	10484497	-1	1	-	NC_060943.1	10484128	10484263	10483679	10484043	TYK2	NM_001385204.1	-	1	10484043	10484128	84	1
NC_060943.1	10671145	10671601	2	1	+	NC_060943.1	10671200	10671329	10671420	10671593	ATG4D	NM_001281504.2	+	2	10671329	10671420	90	1
NC_060943.1	10671145	10671601	2	1	+	NC_060943.1	10671246	10671329	10671420	10671593	ATG4D	NM_032885.6	+	2	10671329	10671420	90	2
NC_060943.1	10678186	10678774	2	1	+	NC_060943.1	10678355	10678433	10678503	10678579	ATG4D	NM_001281504.2	+	2	10678433	10678503	69	3
NC_060943.1	10709922	10710612	-2	1	-	NC_060943.1	10710366	10710522	10710058	10710125	AP1M2	NM_001300887.2	-	2	10710125	10710366	240	2
NC_060943.1	1073319	1073661	-2	1	-	NC_060943.1	1073449	1073635	1073320	1073370	SBNO2	XM_054320272.1	-	2	1073370	1073449	78	1
NC_060943.1	1074081	1074504	-2	1	-	NC_060943.1	1074349	1074443	1074172	1074264	SBNO2	NM_001100122.2	-	2	1074264	1074349	84	3
NC_060943.1	10838750	10839329	3	1	+	NC_060943.1	10839014	10839089	10839219	10839328	QTRT1	NM_031209.3	+	3	10839089	10839219	129	1
NC_060943.1	1087322	1088195	-3	1	-	NC_060943.1	1087560	1087711	1087324	1087457	SBNO2	NM_001100122.2	-	3	1087457	1087560	102	4
NC_060943.1	11050304	11051222	-3	1	-	NC_060943.1	11050506	11050688	11050305	11050418	YIPF2	NM_001321440.2	-	3	11050418	11050506	87	1
NC_060943.1	11186650	11187310	2	1	+	NC_060943.1	11186759	11186891	11187051	11187193	SMARCA4	NM_001128844.3	+	2	11186891	11187051	159	24
NC_060943.1	11296852	11297380	-1	1	-	NC_060943.1	11297045	11297245	11296874	11296963	KANK2	NM_001136191.3	-	1	11296963	11297045	81	19
NC_060943.1	11335578	11336208	-2	1	-	NC_060943.1	11335894	11336086	11335669	11335812	DOCK6	NM_001367830.1	-	2	11335812	11335894	81	8
NC_060943.1	11349598	11350120	-1	1	-	NC_060943.1	11349968	11350081	11349710	11349880	DOCK6	NM_001367830.1	-	1	11349880	11349968	87	8
NC_060943.1	11372492	11372975	-3	1	-	NC_060943.1	11372787	11372853	11372538	11372687	DOCK6	NM_001367830.1	-	3	11372687	11372787	99	10
NC_060943.1	11533062	11533845	-2	1	-	NC_060943.1	11533699	11533841	11533396	11533611	RGL3	NM_001035223.4	-	2	11533611	11533699	87	2
NC_060943.1	11563567	11564095	2	1	+	NC_060943.1	11563640	11563718	11563911	11564027	PRKCSH	NM_001001329.3	+	2	11563718	11563911	192	7
NC_060943.1	11576511	11576928	1	1	+	NC_060943.1	11576595	11576694	11576785	11576928	PRKCSH	NM_001001329.3	+	1	11576694	11576785	90	7
NC_060943.1	11585579	11586176	-3	1	-	NC_060943.1	11585978	11586131	11585581	11585806	ELAVL3	NM_001420.4	-	3	11585806	11585978	171	4
NC_060943.1	11635203	11635728	-2	1	-	NC_060943.1	11635494	11635551	11635205	11635232	ECSIT	NM_001243204.2	-	2	11635232	11635494	261	1
NC_060943.1	1203981	1204698	-2	1	-	NC_060943.1	1204337	1204476	1204059	1204123	CBARP	NM_001393918.1	-	2	1204123	1204337	213	4
NC_060943.1	1212603	1212993	1	1	+	NC_060943.1	1212656	1212744	1212874	1212993	ATP5F1D	NM_001001975.2	+	1	1212744	1212874	129	2
NC_060943.1	1222350	1223088	1	1	+	NC_060943.1	1222477	1222605	1222690	1223001	MIDN	NM_001388306.1	+	1	1222605	1222690	84	2
NC_060943.1	1223385	1224282	1	1	+	NC_060943.1	1223425	1223584	1223945	1224217	MIDN	NM_001388306.1	+	1	1223584	1223945	360	3
NC_060943.1	1223385	1224282	1	1	+	NC_060943.1	1223428	1223584	1223945	1224217	MIDN	NM_001388307.1	+	1	1223584	1223945	360	2
NC_060943.1	12797210	12797615	3	1	+	NC_060943.1	12797345	12797412	12797506	12797614	WDR83	NM_001099737.3	+	3	12797412	12797506	93	2
NC_060943.1	12813718	12813937	-1	1	-	NC_060943.1	12813872	12813937	12813719	12813790	FBXW9	NM_032301.3	-	1	12813790	12813872	81	2
NC_060943.1	12897185	12897539	-3	1	-	NC_060943.1	12897489	12897539	12897275	12897407	HOOK2	NM_001100176.2	-	3	12897407	12897489	81	3
NC_060943.1	12897185	12897539	-3	1	-	NC_060943.1	12897489	12897524	12897275	12897407	HOOK2	NM_001400043.1	-	3	12897407	12897489	81	6
NC_060943.1	13002852	13003422	-2	1	-	NC_060943.1	13003155	13003319	13002867	13003064	DNASE2	NM_001375.3	-	2	13003064	13003155	90	1
NC_060943.1	13016245	13016980	2	1	+	NC_060943.1	13016283	13016426	13016568	13016630	GCDH	NM_000159.4	+	2	13016426	13016568	141	2
NC_060943.1	13048636	13049329	-1	1	-	NC_060943.1	13048936	13049013	13048638	13048752	FARSA	NM_004461.3	-	1	13048752	13048936	183	1
NC_060943.1	13054709	13055066	-3	1	-	NC_060943.1	13054917	13055015	13054711	13054829	FARSA	NM_004461.3	-	3	13054829	13054917	87	1
NC_060943.1	13234746	13235511	-2	1	-	NC_060943.1	13234981	13235050	13234762	13234896	TRMT1	NM_001136035.4	-	2	13234896	13234981	84	6
NC_060943.1	13237781	13238360	-3	1	-	NC_060943.1	13238108	13238223	13237917	13238029	TRMT1	NM_001136035.4	-	3	13238029	13238108	78	5
NC_060943.1	13240490	13241288	-3	1	-	NC_060943.1	13241210	13241265	13240839	13240981	TRMT1	NM_001136035.4	-	3	13240981	13241210	228	5
NC_060943.1	13240490	13241288	-3	1	-	NC_060943.1	13240839	13240981	13240492	13240679	TRMT1	NM_001136035.4	-	3	13240679	13240839	159	5
NC_060943.1	13260361	13261693	2	1	+	NC_060943.1	13260419	13261364	13261443	13261616	NACC1	NM_052876.4	+	2	13261364	13261443	78	4
NC_060943.1	1339197	1339620	1	1	+	NC_060943.1	1339198	1339273	1339529	1339579	PWWP3A	NM_001369789.1	+	1	1339273	1339529	255	8
NC_060943.1	1339197	1339620	1	1	+	NC_060943.1	1339198	1339273	1339493	1339579	PWWP3A	NM_001382408.1	+	1	1339273	1339493	219	1
NC_060943.1	13890777	13891365	1	1	+	NC_060943.1	13890814	13890945	13891072	13891310	MRI1	NM_001031727.4	+	1	13890945	13891072	126	5
NC_060943.1	14046598	14047156	2	1	+	NC_060943.1	14046716	14046827	14046909	14047081	CC2D1A	NM_001411138.1	+	2	14046827	14046909	81	6
NC_060943.1	14046598	14047156	2	1	+	NC_060943.1	14046719	14046827	14046909	14047081	CC2D1A	XM_054321331.1	+	2	14046827	14046909	81	4
NC_060943.1	14054007	14054349	1	1	+	NC_060943.1	14054053	14054190	14054287	14054348	CC2D1A	NM_001411138.1	+	1	14054190	14054287	96	4
NC_060943.1	14054007	14054349	1	1	+	NC_060943.1	14054053	14054190	14054284	14054348	CC2D1A	NM_017721.5	+	1	14054190	14054284	93	6
NC_060943.1	14055693	14056494	1	1	+	NC_060943.1	14055694	14055820	14056238	14056314	CC2D1A	NM_001411138.1	+	1	14055820	14056238	417	10
NC_060943.1	14055693	14056494	1	1	+	NC_060943.1	14056238	14056314	14056402	14056449	CC2D1A	NM_001411138.1	+	1	14056314	14056402	87	10
NC_060943.1	14085786	14086335	1	1	+	NC_060943.1	14085866	14085957	14086051	14086179	DCAF15	NM_001393637.1	+	1	14085957	14086051	93	8
NC_060943.1	14085786	14086335	1	1	+	NC_060943.1	14085866	14085957	14086057	14086179	DCAF15	NM_001393639.1	+	1	14085957	14086057	99	1
NC_060943.1	14088981	14089446	-2	1	-	NC_060943.1	14089278	14089323	14088982	14089148	RFX1	NM_002918.5	-	2	14089148	14089278	129	9
NC_060943.1	14092703	14093117	-3	1	-	NC_060943.1	14092917	14093035	14092705	14092814	RFX1	NM_002918.5	-	3	14092814	14092917	102	9
NC_060943.1	14165692	14166265	2	1	+	NC_060943.1	14165797	14165954	14166042	14166199	IL27RA	NM_004843.4	+	2	14165954	14166042	87	1
NC_060943.1	1423059	1423608	1	1	+	NC_060943.1	1423243	1423333	1423427	1423607	APC2	NM_001351273.1	+	1	1423333	1423427	93	9
NC_060943.1	1425093	1425585	1	1	+	NC_060943.1	1425144	1425252	1425382	1425495	APC2	NM_001351273.1	+	1	1425252	1425382	129	5
NC_060943.1	1425093	1425585	1	1	+	NC_060943.1	1425144	1425252	1425379	1425495	APC2	NM_005883.3	+	1	1425252	1425379	126	4
NC_060943.1	14283575	14284247	-3	1	-	NC_060943.1	14283903	14284112	14283577	14283797	ADGRL1	NM_001008701.3	-	3	14283797	14283903	105	20
NC_060943.1	14285849	14286425	-3	1	-	NC_060943.1	14286387	14286425	14286053	14286236	ADGRL1	NM_001008701.3	-	3	14286236	14286387	150	21
NC_060943.1	14515024	14515501	2	1	+	NC_060943.1	14515122	14515172	14515374	14515490	ADGRE5	NM_001025160.3	+	2	14515172	14515374	201	3
NC_060943.1	14533155	14533635	1	1	+	NC_060943.1	14533374	14533440	14533543	14533634	ADGRE5	NM_001025160.3	+	1	14533440	14533543	102	3
NC_060943.1	14535612	14535894	-2	1	-	NC_060943.1	14535711	14535858	14535613	14535626	DDX39A	NM_005804.4	-	2	14535626	14535711	84	2
NC_060943.1	14536208	14536583	-3	1	-	NC_060943.1	14536416	14536547	14536210	14536319	DDX39A	NM_005804.4	-	3	14536319	14536416	96	2
NC_060943.1	1456804	1457749	-1	1	-	NC_060943.1	1457171	1457343	1456883	1457095	PCSK4	NM_001395257.1	-	1	1457095	1457171	75	17
NC_060943.1	1457813	1458329	-3	1	-	NC_060943.1	1457994	1458122	1457815	1457891	PCSK4	NM_001395257.1	-	3	1457891	1457994	102	24
NC_060943.1	14690522	14690843	3	1	+	NC_060943.1	14690545	14690648	14690727	14690842	TECR	NM_001321170.1	+	3	14690648	14690727	78	4
NC_060943.1	14691460	14691781	2	1	+	NC_060943.1	14691527	14691599	14691690	14691733	TECR	NM_001321170.1	+	2	14691599	14691690	90	4
NC_060943.1	14691803	14692517	3	1	+	NC_060943.1	14691807	14691864	14691943	14692031	TECR	NM_001321170.1	+	3	14691864	14691943	78	4
NC_060943.1	14691803	14692517	3	1	+	NC_060943.1	14691943	14692031	14692359	14692404	TECR	NM_001321170.1	+	3	14692031	14692359	327	4
NC_060943.1	14901228	14901705	-2	1	-	NC_060943.1	14901558	14901608	14901240	14901356	ADGRE2	NM_001271052.1	-	2	14901356	14901558	201	22
NC_060943.1	15146050	15147007	2	1	+	NC_060943.1	15146283	15146449	15146546	15146641	TEKTL1	NM_173482.3	+	2	15146449	15146546	96	1
NC_060943.1	15236204	15236756	3	1	+	NC_060943.1	15236256	15236382	15236575	15236735	SYDE1	NM_001300910.2	+	3	15236382	15236575	192	3
NC_060943.1	15247635	15248016	-2	1	-	NC_060943.1	15247836	15247974	15247637	15247748	HACL2	NM_006844.5	-	2	15247748	15247836	87	2
NC_060943.1	15303760	15304435	-1	1	-	NC_060943.1	15304276	15304408	15303937	15304194	NOTCH3	NM_000435.3	-	1	15304194	15304276	81	2
NC_060943.1	15309721	15310348	-1	1	-	NC_060943.1	15310180	15310331	15309829	15309942	NOTCH3	NM_000435.3	-	1	15309942	15310180	237	2
NC_060943.1	15316299	15316809	-2	1	-	NC_060943.1	15316662	15316784	15316341	15316574	NOTCH3	NM_000435.3	-	2	15316574	15316662	87	2
NC_060943.1	15363614	15364394	-3	1	-	NC_060943.1	15363970	15364175	15363654	15363891	BRD4	NM_001379291.1	-	3	15363891	15363970	78	4
NC_060943.1	15549168	15550146	-2	1	-	NC_060943.1	15549600	15550019	15549170	15549365	WIZ	NM_001330395.4	-	2	15549365	15549600	234	18
NC_060943.1	15579134	15579554	-3	1	-	NC_060943.1	15579348	15579549	15579136	15579254	RASAL3	NM_001400377.1	-	3	15579254	15579348	93	8
NC_060943.1	15582927	15583854	-2	1	-	NC_060943.1	15583516	15583642	15583315	15583413	RASAL3	NM_001348027.2	-	2	15583413	15583516	102	11
NC_060943.1	15753548	15754091	3	1	+	NC_060943.1	15753778	15753842	15754008	15754090	CYP4F8	NM_007253.4	+	3	15753842	15754008	165	1
NC_060943.1	15783621	15783981	1	1	+	NC_060943.1	15783648	15783781	15783875	15783939	CYP4F3	NM_000896.3	+	1	15783781	15783875	93	6
NC_060943.1	1582534	1583263	-1	1	-	NC_060943.1	1583032	1583258	1582535	1582674	TCF3	NM_001136139.4	-	1	1582674	1583032	357	19
NC_060943.1	1582534	1583263	-1	1	-	NC_060943.1	1583032	1583255	1582535	1582674	TCF3	XM_054321861.1	-	1	1582674	1583032	357	11
NC_060943.1	1585933	1586935	-1	1	-	NC_060943.1	1586511	1586646	1586110	1586345	TCF3	NM_001351778.2	-	1	1586345	1586511	165	20
NC_060943.1	1589744	1590359	-3	1	-	NC_060943.1	1590141	1590299	1589936	1590059	TCF3	NM_001136139.4	-	3	1590059	1590141	81	36
NC_060943.1	1589744	1590359	-3	1	-	NC_060943.1	1590141	1590296	1589936	1590059	TCF3	NM_001351778.2	-	3	1590059	1590141	81	14
NC_060943.1	17031013	17031604	-1	1	-	NC_060943.1	17031295	17031504	17031015	17031165	CPAMD8	NM_015692.5	-	1	17031165	17031295	129	8
NC_060943.1	17032212	17032974	-2	1	-	NC_060943.1	17032728	17032833	17032530	17032640	CPAMD8	NM_015692.5	-	2	17032640	17032728	87	13
NC_060943.1	17038186	17038921	-1	1	-	NC_060943.1	17038541	17038696	17038400	17038462	CPAMD8	NM_015692.5	-	1	17038462	17038541	78	13
NC_060943.1	17146210	17146954	-1	1	-	NC_060943.1	17146498	17146663	17146370	17146422	CPAMD8	NM_015692.5	-	1	17146422	17146498	75	11
NC_060943.1	17468033	17468726	-3	1	-	NC_060943.1	17468525	17468635	17468257	17468389	ANO8	NM_020959.3	-	3	17468389	17468525	135	1
NC_060943.1	17472942	17473689	1	1	+	NC_060943.1	17473202	17473288	17473376	17473578	GTPBP3	NM_001128855.3	+	1	17473288	17473376	87	4
NC_060943.1	17555072	17555477	3	1	+	NC_060943.1	17555073	17555171	17555298	17555394	MVB12A	NM_138401.4	+	3	17555171	17555298	126	1
NC_060943.1	1756278	1757172	-2	1	-	NC_060943.1	1756816	1757055	1756506	1756644	ATP8B3	NM_001178002.3	-	2	1756644	1756816	171	2
NC_060943.1	17673608	17674403	3	1	+	NC_060943.1	17673787	17673902	17673984	17674088	NIBAN3	NM_001098524.2	+	3	17673902	17673984	81	12
NC_060943.1	17677911	17678247	1	1	+	NC_060943.1	17677927	17678043	17678134	17678241	NIBAN3	NM_001098524.2	+	1	17678043	17678134	90	14
NC_060943.1	1777202	1777610	-3	1	-	NC_060943.1	1777413	1777485	1777204	1777274	ATP8B3	NM_001178002.3	-	3	1777274	1777413	138	2
NC_060943.1	1787919	1788738	-2	1	-	NC_060943.1	1788535	1788645	1788014	1788129	REXO1	NM_020695.4	-	2	1788129	1788535	405	5
NC_060943.1	17915099	17915645	3	1	+	NC_060943.1	17915332	17915444	17915553	17915640	FCHO1	NM_001161357.2	+	3	17915444	17915553	108	41
NC_060943.1	17966582	17967047	-3	1	-	NC_060943.1	17966871	17967010	17966600	17966789	JAK3	NM_000215.4	-	3	17966789	17966871	81	2
NC_060943.1	17975468	17975993	-3	1	-	NC_060943.1	17975721	17975843	17975470	17975627	JAK3	NM_000215.4	-	3	17975627	17975721	93	3
NC_060943.1	18142286	18142856	3	1	+	NC_060943.1	18142389	18142662	18142789	18142855	ARRDC2	NM_001286826.2	+	3	18142662	18142789	126	2
NC_060943.1	18144213	18144822	1	1	+	NC_060943.1	18144274	18144436	18144650	18144807	ARRDC2	NM_001025604.3	+	1	18144436	18144650	213	3
NC_060943.1	18193736	18194216	-3	1	-	NC_060943.1	18193999	18194177	18193737	18193848	IL12RB1	XM_054320868.1	-	3	18193848	18193999	150	6
NC_060943.1	18268672	18269113	2	1	+	NC_060943.1	18268684	18268816	18268922	18269087	MAST3	NM_001393501.1	+	2	18268816	18268922	105	39
NC_060943.1	18295005	18295317	1	1	+	NC_060943.1	18295037	18295087	18295172	18295303	PIK3R2	NM_005027.4	+	1	18295087	18295172	84	1
NC_060943.1	18311678	18312038	3	1	+	NC_060943.1	18311841	18311894	18311979	18312038	IFI30	NM_006332.5	+	3	18311894	18311979	84	1
NC_060943.1	18565530	18565896	1	1	+	NC_060943.1	18565531	18565596	18565825	18565884	SSBP4	NM_032627.5	+	1	18565596	18565825	228	9
NC_060943.1	18567584	18568094	3	1	+	NC_060943.1	18567763	18567791	18567888	18567995	SSBP4	NM_001009998.4	+	3	18567791	18567888	96	10
NC_060943.1	18567584	18568094	3	1	+	NC_060943.1	18567763	18567791	18567888	18568094	SSBP4	XM_054320109.1	+	3	18567791	18567888	96	8
NC_060943.1	18571606	18572554	-1	1	-	NC_060943.1	18572039	18572158	18571778	18571939	ISYNA1	NM_016368.5	-	1	18571939	18572039	99	2
NC_060943.1	18748920	18749427	1	1	+	NC_060943.1	18748945	18749089	18749177	18749268	TMEM59L	NM_012109.3	+	1	18749089	18749177	87	1
NC_060943.1	19014546	19015053	-2	1	-	NC_060943.1	19014859	19015006	19014547	19014657	CERS1	NM_001290265.2	-	2	19014657	19014859	201	5
NC_060943.1	19014546	19015053	-2	1	-	NC_060943.1	19014859	19015006	19014548	19014657	CERS1	NM_001387439.1	-	2	19014657	19014859	201	5
NC_060943.1	1950760	1951636	2	1	+	NC_060943.1	1950804	1950844	1950941	1951010	CSNK1G2	NM_001319.7	+	2	1950844	1950941	96	6
NC_060943.1	1950760	1951636	2	1	+	NC_060943.1	1950941	1951010	1951101	1951249	CSNK1G2	NM_001319.7	+	2	1951010	1951101	90	6
NC_060943.1	1950760	1951636	2	1	+	NC_060943.1	1951101	1951249	1951358	1951592	CSNK1G2	NM_001319.7	+	2	1951249	1951358	108	6
NC_060943.1	1950760	1951636	2	1	+	NC_060943.1	1950804	1950844	1950941	1951249	CSNK1G2	XM_054319840.1	+	2	1950844	1950941	96	2
NC_060943.1	1950760	1951636	2	1	+	NC_060943.1	1950941	1951249	1951358	1951592	CSNK1G2	XM_054319840.1	+	2	1951249	1951358	108	2
NC_060943.1	1958988	1959891	-2	1	-	NC_060943.1	1959664	1959751	1959328	1959474	BTBD2	NM_017797.4	-	2	1959474	1959664	189	5
NC_060943.1	1958988	1959891	-2	1	-	NC_060943.1	1959328	1959474	1958989	1959147	BTBD2	NM_017797.4	-	2	1959147	1959328	180	5
NC_060943.1	19672740	19673295	1	1	+	NC_060943.1	19672825	19672938	19673017	19673167	YJEFN3	NM_001190328.2	+	1	19672938	19673017	78	6
NC_060943.1	19782934	19783459	-1	1	-	NC_060943.1	19783157	19783300	19782935	19783042	ATP13A1	NM_020410.3	-	1	19783042	19783157	114	1
NC_060943.1	2015387	2015930	-3	1	-	NC_060943.1	2015679	2015734	2015499	2015594	MKNK2	NM_017572.4	-	3	2015594	2015679	84	2
NC_060943.1	2019286	2019790	-1	1	-	NC_060943.1	2019676	2019763	2019439	2019540	MKNK2	NM_017572.4	-	1	2019540	2019676	135	2
NC_060943.1	2070904	2071183	2	1	+	NC_060943.1	2070984	2071010	2071107	2071182	IZUMO4	NM_001031735.3	+	2	2071010	2071107	96	3
NC_060943.1	2224382	2225597	3	1	+	NC_060943.1	2224492	2224651	2224742	2225597	AMH	NM_000479.5	+	3	2224651	2224742	90	1
NC_060943.1	2409589	2410348	-1	1	-	NC_060943.1	2410086	2410306	2409617	2409896	LMNB2	NM_032737.4	-	1	2409896	2410086	189	1
NC_060943.1	2410209	2411460	-2	1	-	NC_060943.1	2410792	2410962	2410579	2410704	LMNB2	NM_032737.4	-	2	2410704	2410792	87	1
NC_060943.1	258475	259030	-1	1	-	NC_060943.1	258753	258877	258529	258617	MIER2	NM_001346105.2	-	1	258617	258753	135	15
NC_060943.1	258475	259030	-1	1	-	NC_060943.1	258774	258877	258529	258617	MIER2	NM_001387153.1	-	1	258617	258774	156	4
NC_060943.1	3182107	3182551	2	1	+	NC_060943.1	3182257	3182335	3182495	3182551	NCLN	NM_001321463.2	+	2	3182335	3182495	159	2
NC_060943.1	32342809	32343331	2	1	+	NC_060943.1	32342864	32343009	32343133	32343268	CCNE1	NM_001238.4	+	2	32343009	32343133	123	8
NC_060943.1	3257253	3257895	1	1	+	NC_060943.1	3257497	3257638	3257798	3257869	CELF5	NM_001172673.2	+	1	3257638	3257798	159	1
NC_060943.1	3257253	3257895	1	1	+	NC_060943.1	3257497	3257638	3257723	3257869	CELF5	NM_021938.4	+	1	3257638	3257723	84	9
NC_060943.1	35161994	35162243	-3	1	-	NC_060943.1	35162190	35162243	35162046	35162111	ANKRD27	NM_032139.3	-	3	35162111	35162190	78	1
NC_060943.1	3521088	3521913	1	1	+	NC_060943.1	3521406	3521644	3521726	3521851	TEKTIP1	NM_001135580.2	+	1	3521644	3521726	81	1
NC_060943.1	3521088	3521913	1	1	+	NC_060943.1	3521194	3521644	3521726	3521851	TEKTIP1	XM_054319429.1	+	1	3521644	3521726	81	1
NC_060943.1	3521088	3521913	1	1	+	NC_060943.1	3521482	3521644	3521726	3521851	TEKTIP1	XM_054319430.1	+	1	3521644	3521726	81	1
NC_060943.1	3525325	3525751	-1	1	-	NC_060943.1	3525626	3525718	3525443	3525535	MFSD12	NM_001287529.2	-	1	3525535	3525626	90	7
NC_060943.1	35345141	35345486	3	1	+	NC_060943.1	35345174	35345327	35345412	35345478	TDRD12	NM_001366102.1	+	3	35345327	35345412	84	7
NC_060943.1	35380845	35381394	-2	1	-	NC_060943.1	35381190	35381315	35380847	35380946	SLC7A9	NM_001126335.2	-	2	35380946	35381190	243	5
NC_060943.1	3596836	3597853	-1	1	-	NC_060943.1	3597206	3597368	3597001	3597115	CACTIN	NM_001080543.2	-	1	3597115	3597206	90	4
NC_060943.1	3621032	3621896	-3	1	-	NC_060943.1	3621370	3621508	3621034	3621066	PIP5K1C	NM_001195733.2	-	3	3621066	3621370	303	8
NC_060943.1	3731711	3732314	-3	1	-	NC_060943.1	3732072	3732242	3731760	3731972	APBA3	NM_004886.4	-	3	3731972	3732072	99	3
NC_060943.1	37563661	37564150	2	1	+	NC_060943.1	37563807	37563925	37564007	37564149	GRAMD1A	NM_001136199.3	+	2	37563925	37564007	81	14
NC_060943.1	3758636	3758999	-3	1	-	NC_060943.1	3758793	3758877	3758638	3758711	MATK	NM_001440577.1	-	3	3758711	3758793	81	4
NC_060943.1	3758636	3758999	-3	1	-	NC_060943.1	3758802	3758877	3758638	3758711	MATK	NM_001440578.1	-	3	3758711	3758802	90	2
NC_060943.1	37604619	37605132	1	1	+	NC_060943.1	37604748	37604788	37604966	37605131	HPN	NM_001375441.3	+	1	37604788	37604966	177	6
NC_060943.1	37663821	37664220	1	1	+	NC_060943.1	37663847	37663930	37664042	37664095	FXYD3	NM_001136007.2	+	1	37663930	37664042	111	1
NC_060943.1	37667881	37668133	2	1	+	NC_060943.1	37667950	37667987	37668120	37668133	FXYD3	NM_001136007.2	+	2	37667987	37668120	132	11
NC_060943.1	37695703	37696159	2	1	+	NC_060943.1	37695882	37695956	37696068	37696110	FXYD7	NM_022006.2	+	2	37695956	37696068	111	2
NC_060943.1	37823329	37823848	2	1	+	NC_060943.1	37823370	37823464	37823618	37823746	USF2	NM_001321150.2	+	2	37823464	37823618	153	3
NC_060943.1	37823329	37823848	2	1	+	NC_060943.1	37823370	37823464	37823618	37823848	USF2	XM_054321938.1	+	2	37823464	37823618	153	1
NC_060943.1	38100059	38100641	-3	1	-	NC_060943.1	38100390	38100540	38100116	38100284	ATP4A	NM_000704.3	-	3	38100284	38100390	105	1
NC_060943.1	38108303	38108714	-3	1	-	NC_060943.1	38108574	38108585	38108340	38108483	ATP4A	NM_000704.3	-	3	38108483	38108574	90	1
NC_060943.1	38177861	38178284	3	1	+	NC_060943.1	38177890	38177955	38178031	38178206	RBM42	NM_024321.5	+	3	38177955	38178031	75	1
NC_060943.1	38272716	38273175	1	1	+	NC_060943.1	38272751	38272935	38273011	38273100	KMT2B	NM_014727.3	+	1	38272935	38273011	75	4
NC_060943.1	38289038	38289467	-3	1	-	NC_060943.1	38289380	38289455	38289119	38289214	U2AF1L4	NM_001369824.2	-	3	38289214	38289380	165	2
NC_060943.1	38325467	38325941	3	1	+	NC_060943.1	38325513	38325635	38325723	38325800	ARHGAP33	NM_001172630.2	+	3	38325635	38325723	87	14
NC_060943.1	38325634	38326375	2	1	+	NC_060943.1	38325884	38325950	38326059	38326118	ARHGAP33	NM_001172630.2	+	2	38325950	38326059	108	7
NC_060943.1	38325634	38326375	2	1	+	NC_060943.1	38325884	38325950	38326056	38326118	ARHGAP33	XM_054319717.1	+	2	38325950	38326056	105	7
NC_060943.1	38329378	38330224	2	1	+	NC_060943.1	38329474	38329619	38329797	38330224	ARHGAP33	XM_054319728.1	+	2	38329619	38329797	177	2
NC_060943.1	38389764	38390298	-2	1	-	NC_060943.1	38390073	38390213	38389857	38389997	NPHS1	NM_004646.4	-	2	38389997	38390073	75	1
NC_060943.1	38393677	38394325	-1	1	-	NC_060943.1	38394007	38394151	38393795	38393919	NPHS1	NM_004646.4	-	1	38393919	38394007	87	1
NC_060943.1	38420203	38421043	2	1	+	NC_060943.1	38420258	38420416	38420495	38420623	APLP1	NM_001024807.3	+	2	38420416	38420495	78	2
NC_060943.1	38552008	38552797	-1	1	-	NC_060943.1	38552549	38552743	38552222	38552470	SYNE4	NM_001039876.3	-	1	38552470	38552549	78	4
NC_060943.1	38552008	38552797	-1	1	-	NC_060943.1	38552549	38552743	38552401	38552470	SYNE4	XM_054320089.1	-	1	38552470	38552549	78	1
NC_060943.1	38636570	38637347	3	1	+	NC_060943.1	38637015	38637126	38637217	38637280	WDR62	NM_001083961.2	+	3	38637126	38637217	90	21
NC_060943.1	38648940	38649831	1	1	+	NC_060943.1	38648974	38649025	38649161	38649799	WDR62	NM_001083961.2	+	1	38649025	38649161	135	23
NC_060943.1	38656912	38657260	2	1	+	NC_060943.1	38657021	38657114	38657187	38657251	OVOL3	NM_001302757.2	+	2	38657114	38657187	72	2
NC_060943.1	38661336	38662131	1	1	+	NC_060943.1	38661379	38661492	38661859	38662002	TBCB	NM_001281.3	+	1	38661492	38661859	366	1
NC_060943.1	38697151	38697673	-1	1	-	NC_060943.1	38697488	38697574	38697280	38697364	COX7A1	NM_001864.4	-	1	38697364	38697488	123	1
NC_060943.1	390056	390983	-3	1	-	NC_060943.1	390441	390501	390189	390308	SHC2	NM_001387056.1	-	3	390308	390441	132	4
NC_060943.1	4020366	4020984	1	1	+	NC_060943.1	4020486	4020616	4020728	4020984	PIAS4	NM_015897.4	+	1	4020616	4020728	111	3
NC_060943.1	41172229	41172961	2	1	+	NC_060943.1	41172331	41172430	41172698	41172961	CATSPERG	NM_001330496.2	+	2	41172430	41172698	267	2
NC_060943.1	41265633	41266062	1	1	+	NC_060943.1	41265634	41265738	41265958	41266061	RYR1	NM_000540.3	+	1	41265738	41265958	219	6
NC_060943.1	41411838	41412207	-2	1	-	NC_060943.1	41412088	41412146	41411966	41412009	MAP4K1	NM_001042600.3	-	2	41412009	41412088	78	5
NC_060943.1	41411838	41412207	-2	1	-	NC_060943.1	41411966	41412009	41411840	41411887	MAP4K1	NM_001042600.3	-	2	41411887	41411966	78	5
NC_060943.1	41538088	41538523	-1	1	-	NC_060943.1	41538374	41538444	41538197	41538259	CAPN12	NM_144691.4	-	1	41538259	41538374	114	5
NC_060943.1	41605812	41606277	-2	1	-	NC_060943.1	41606038	41606203	41605813	41605956	LGALS4	NM_006149.4	-	2	41605956	41606038	81	2
NC_060943.1	41620996	41621536	-1	1	-	NC_060943.1	41621359	41621407	41621108	41621172	ECH1	NM_001398.3	-	1	41621172	41621359	186	1
NC_060943.1	41722065	41722530	-2	1	-	NC_060943.1	41722395	41722503	41722067	41722112	SARS2	NM_001145901.2	-	2	41722112	41722395	282	2
NC_060943.1	4182863	4183334	3	1	+	NC_060943.1	4183011	4183097	4183203	4183333	ANKRD24	NM_001393552.1	+	3	4183097	4183203	105	8
NC_060943.1	41904513	41904840	1	1	+	NC_060943.1	41904566	41904628	41904725	41904839	ACP7	NM_001363687.2	+	1	41904628	41904725	96	3
NC_060943.1	41904701	41905043	3	1	+	NC_060943.1	41904725	41904839	41904939	41905042	ACP7	XM_054321007.1	+	3	41904839	41904939	99	2
NC_060943.1	41904934	41905249	2	1	+	NC_060943.1	41904935	41905042	41905136	41905193	ACP7	NM_001004318.3	+	2	41905042	41905136	93	8
NC_060943.1	42073416	42073941	1	1	+	NC_060943.1	42073417	42073494	42073753	42073902	IFNL2	NM_172138.2	+	1	42073494	42073753	258	1
NC_060943.1	42190270	42190912	-1	1	-	NC_060943.1	42190759	42190849	42190271	42190680	PAF1	NM_019088.4	-	1	42190680	42190759	78	3
NC_060943.1	42224826	42225312	1	1	+	NC_060943.1	42225014	42225115	42225212	42225259	PLEKHG2	NM_001351693.2	+	1	42225115	42225212	96	3
NC_060943.1	42262958	42263333	3	1	+	NC_060943.1	42263077	42263146	42263264	42263332	SUPT5H	NM_001111020.3	+	3	42263146	42263264	117	6
NC_060943.1	42290396	42290894	3	1	+	NC_060943.1	42290442	42290546	42290652	42290750	TIMM50	NM_001001563.5	+	3	42290546	42290652	105	4
NC_060943.1	42631489	42632596	-1	1	-	NC_060943.1	42632432	42632578	42632207	42632347	DYRK1B	NM_004714.3	-	1	42632347	42632432	84	7
NC_060943.1	42631489	42632596	-1	1	-	NC_060943.1	42632207	42632347	42631594	42631909	DYRK1B	NM_004714.3	-	1	42631909	42632207	297	3
NC_060943.1	42631489	42632596	-1	1	-	NC_060943.1	42632207	42632347	42631594	42631789	DYRK1B	NM_006483.3	-	1	42631789	42632207	417	2
NC_060943.1	42631489	42632596	-1	1	-	NC_060943.1	42632207	42632347	42631874	42631909	DYRK1B	NM_006484.3	-	1	42631909	42632207	297	2
NC_060943.1	42631489	42632596	-1	1	-	NC_060943.1	42631874	42631909	42631594	42631789	DYRK1B	NM_006484.3	-	1	42631789	42631874	84	2
NC_060943.1	42697770	42699429	-2	1	-	NC_060943.1	42698829	42699402	42697822	42698438	FCGBP	NM_003890.3	-	2	42698438	42698829	390	3
NC_060943.1	42713461	42715120	-1	1	-	NC_060943.1	42714520	42715093	42713513	42714129	FCGBP	NM_003890.3	-	1	42714129	42714520	390	3
NC_060943.1	43043555	43044098	-3	1	-	NC_060943.1	43043889	43044047	43043653	43043804	CCNP	NM_001411133.1	-	3	43043804	43043889	84	1
NC_060943.1	43043555	43044098	-3	1	-	NC_060943.1	43043889	43044047	43043556	43043804	CCNP	NM_024877.4	-	3	43043804	43043889	84	1
NC_060943.1	4306715	4307042	3	1	+	NC_060943.1	4306750	4306838	4306935	4307042	FSD1	NM_024333.3	+	3	4306838	4306935	96	1
NC_060943.1	4308557	4309367	-3	1	-	NC_060943.1	4308797	4308946	4308617	4308709	STAP2	NM_001013841.2	-	3	4308709	4308797	87	4
NC_060943.1	43186996	43187422	2	1	+	NC_060943.1	43187003	43187029	43187129	43187203	PLD3	NM_001031696.4	+	2	43187029	43187129	99	3
NC_060943.1	43374373	43375450	2	1	+	NC_060943.1	43374770	43375048	43375139	43375269	SPTBN4	NM_020971.3	+	2	43375048	43375139	90	5
NC_060943.1	4338305	4338728	3	1	+	NC_060943.1	4338396	4338468	4338544	4338620	MPND	NM_001300862.2	+	3	4338468	4338544	75	3
NC_060943.1	43386006	43386498	1	1	+	NC_060943.1	43386051	43386189	43386289	43386373	SPTBN4	NM_020971.3	+	1	43386189	43386289	99	4
NC_060943.1	4340467	4341157	2	1	+	NC_060943.1	4340702	4340870	4340964	4341034	MPND	NM_001159846.3	+	2	4340870	4340964	93	3
NC_060943.1	4340467	4341157	2	1	+	NC_060943.1	4340789	4340870	4340964	4341034	MPND	XM_054322440.1	+	2	4340870	4340964	93	1
NC_060943.1	43426730	43427129	3	1	+	NC_060943.1	43426816	43426890	43426987	43427109	LTBP4	NM_001042544.1	+	3	43426890	43426987	96	3
NC_060943.1	43428507	43429260	1	1	+	NC_060943.1	43428803	43428952	43429067	43429186	LTBP4	NM_001042544.1	+	1	43428952	43429067	114	3
NC_060943.1	43430101	43430602	2	1	+	NC_060943.1	43430115	43430246	43430331	43430456	LTBP4	NM_001042544.1	+	2	43430246	43430331	84	3
NC_060943.1	43433630	43434128	3	1	+	NC_060943.1	43433650	43433781	43433989	43434114	LTBP4	NM_001042544.1	+	3	43433781	43433989	207	3
NC_060943.1	43534720	43535218	-1	1	-	NC_060943.1	43534970	43535089	43534759	43534825	COQ8B	NM_001142555.3	-	1	43534825	43534970	144	2
NC_060943.1	44026745	44027366	3	1	+	NC_060943.1	44026839	44026980	44027161	44027366	CYP2S1	NM_030622.8	+	3	44026980	44027161	180	2
NC_060943.1	44051796	44052261	1	1	+	NC_060943.1	44051828	44051908	44052044	44052159	AXL	NM_001699.6	+	1	44051908	44052044	135	2
NC_060943.1	44058750	44059629	1	1	+	NC_060943.1	44058826	44059015	44059331	44059470	AXL	NM_001278599.2	+	1	44059015	44059331	315	1
NC_060943.1	44058750	44059629	1	1	+	NC_060943.1	44058805	44059015	44059331	44059470	AXL	NM_001699.6	+	1	44059015	44059331	315	2
NC_060943.1	44713864	44714302	2	1	+	NC_060943.1	44713946	44714042	44714121	44714156	ARHGEF1	NM_001396000.1	+	2	44714042	44714121	78	13
NC_060943.1	44721310	44721967	2	1	+	NC_060943.1	44721381	44721527	44721768	44721850	ARHGEF1	NM_001396000.1	+	2	44721527	44721768	240	13
NC_060943.1	44723374	44724004	2	1	+	NC_060943.1	44723531	44723606	44723712	44723879	ARHGEF1	NM_001396000.1	+	2	44723606	44723712	105	12
NC_060943.1	4474998	4475304	1	1	+	NC_060943.1	4475023	4475139	4475221	4475292	HDGFL2	NM_001001520.3	+	1	4475139	4475221	81	7
NC_060943.1	4477327	4477996	2	1	+	NC_060943.1	4477443	4477518	4477627	4477936	HDGFL2	NM_001001520.3	+	2	4477518	4477627	108	7
NC_060943.1	44797295	44797748	-3	1	-	NC_060943.1	44797512	44797687	44797297	44797433	ATP1A3	NM_001256213.2	-	3	44797433	44797512	78	4
NC_060943.1	44941500	44942058	-2	1	-	NC_060943.1	44941887	44941952	44941720	44941754	POU2F2	NM_001207025.4	-	2	44941754	44941887	132	22
NC_060943.1	44941500	44942058	-2	1	-	NC_060943.1	44941887	44941944	44941720	44941754	POU2F2	NM_001393934.1	-	2	44941754	44941887	132	8
NC_060943.1	45055562	45056336	-3	1	-	NC_060943.1	45056232	45056315	45055980	45056090	GSK3A	NM_019884.3	-	3	45056090	45056232	141	1
NC_060943.1	45111904	45112708	2	1	+	NC_060943.1	45111939	45112232	45112329	45112654	CIC	NM_001304815.2	+	2	45112232	45112329	96	15
NC_060943.1	45111904	45112708	2	1	+	NC_060943.1	45111939	45112232	45112332	45112654	CIC	NM_001379480.1	+	2	45112232	45112332	99	8
NC_060943.1	45111904	45112708	2	1	+	NC_060943.1	45111942	45112232	45112329	45112654	CIC	NM_001439191.1	+	2	45112232	45112329	96	5
NC_060943.1	45111904	45112708	2	1	+	NC_060943.1	45111942	45112232	45112332	45112654	CIC	XM_054320316.1	+	2	45112232	45112332	99	6
NC_060943.1	45133873	45134479	2	1	+	NC_060943.1	45134177	45134278	45134378	45134462	TMEM145	NM_001366910.1	+	2	45134278	45134378	99	2
NC_060943.1	45133873	45134479	2	1	+	NC_060943.1	45134177	45134236	45134378	45134462	TMEM145	NM_173633.3	+	2	45134236	45134378	141	3
NC_060943.1	45154034	45154877	3	1	+	NC_060943.1	45154419	45154599	45154681	45154769	MEGF8	NM_001271938.2	+	3	45154599	45154681	81	2
NC_060943.1	45163783	45164458	2	1	+	NC_060943.1	45163826	45163970	45164055	45164218	MEGF8	NM_001271938.2	+	2	45163970	45164055	84	2
NC_060943.1	454033	454561	2	1	+	NC_060943.1	454167	454193	454266	454499	MADCAM1	NM_130760.3	+	2	454193	454266	72	1
NC_060943.1	46306364	46306952	-3	1	-	NC_060943.1	46306614	46306670	46306365	46306508	PHLDB3	XM_054321811.1	-	3	46306508	46306614	105	1
NC_060943.1	46307126	46307558	-3	1	-	NC_060943.1	46307372	46307471	46307128	46307218	PHLDB3	NM_198850.4	-	3	46307218	46307372	153	6
NC_060943.1	46570036	46570633	-1	1	-	NC_060943.1	46570369	46570633	46570178	46570275	SMG9	NM_019108.4	-	1	46570275	46570369	93	6
NC_060943.1	47581558	47582176	2	1	+	NC_060943.1	47581766	47581970	47582076	47582164	BCL3	NM_005178.5	+	2	47581970	47582076	105	8
NC_060943.1	47645017	47645650	2	1	+	NC_060943.1	47645437	47645554	47645648	47645650	BCAM	NM_005581.5	+	2	47645554	47645648	93	1
NC_060943.1	47710484	47711024	3	1	+	NC_060943.1	47710658	47710721	47710854	47710940	NECTIN2	NM_001042724.2	+	3	47710721	47710854	132	1
NC_060943.1	48054617	48054911	-3	1	-	NC_060943.1	48054810	48054911	48054619	48054719	EXOC3L2	NM_001382422.1	-	3	48054719	48054810	90	1
NC_060943.1	48091325	48091637	3	1	+	NC_060943.1	48091354	48091419	48091510	48091580	MARK4	NM_001199867.2	+	3	48091419	48091510	90	3
NC_060943.1	48184494	48184842	-2	1	-	NC_060943.1	48184714	48184783	48184510	48184611	ERCC2	NM_000400.4	-	2	48184611	48184714	102	4
NC_060943.1	48222900	48223743	-2	1	-	NC_060943.1	48223569	48223667	48223399	48223490	PPP1R13L	NM_001142502.2	-	2	48223490	48223569	78	5
NC_060943.1	48315878	48316289	-3	1	-	NC_060943.1	48316107	48316245	48315896	48315965	RTN2	NM_005619.5	-	3	48315965	48316107	141	5
NC_060943.1	48321416	48322301	-3	1	-	NC_060943.1	48321791	48322270	48321431	48321685	RTN2	NM_005619.5	-	3	48321685	48321791	105	4
NC_060943.1	48598986	48599490	-2	1	-	NC_060943.1	48599261	48599418	48599058	48599155	DMPK	NM_001081560.3	-	2	48599155	48599261	105	11
NC_060943.1	48951291	48951810	-2	1	-	NC_060943.1	48951675	48951728	48951293	48951563	IGFL3	NM_207393.2	-	2	48951563	48951675	111	2
NC_060943.1	4929340	4929793	2	1	+	NC_060943.1	4929358	4929481	4929569	4929676	UHRF1	NM_001048201.3	+	2	4929481	4929569	87	9
NC_060943.1	49865617	49866661	2	1	+	NC_060943.1	49865755	49865861	49866336	49866436	NPAS1	NM_001321086.2	+	2	49865861	49866336	474	1
NC_060943.1	50085654	50086629	1	1	+	NC_060943.1	50085655	50085756	50085922	50086173	CCDC9	NM_015603.3	+	1	50085756	50085922	165	3
NC_060943.1	50095861	50096689	2	1	+	NC_060943.1	50095881	50096016	50096410	50096515	CCDC9	NM_015603.3	+	2	50096016	50096410	393	3
NC_060943.1	50529610	50530243	2	1	+	NC_060943.1	50529789	50529883	50530127	50530229	BICRA	NM_001394372.1	+	2	50529883	50530127	243	2
NC_060943.1	51297758	51298442	-3	1	-	NC_060943.1	51298112	51298299	51297809	51297943	ODAD1	NM_001364171.2	-	3	51297943	51298112	168	2
NC_060943.1	51791375	51792080	-3	1	-	NC_060943.1	51791601	51791741	51791451	51791525	BCAT2	NM_001164773.2	-	3	51791525	51791601	75	3
NC_060943.1	5206487	5207066	-3	1	-	NC_060943.1	5206854	5206947	5206533	5206748	PTPRS	NM_001394011.1	-	3	5206748	5206854	105	35
NC_060943.1	52134365	52134971	3	1	+	NC_060943.1	52134399	52134562	52134692	52134819	PPFIA3	NM_003660.4	+	3	52134562	52134692	129	4
NC_060943.1	52147841	52150235	-3	1	-	NC_060943.1	52148144	52149974	52147998	52148068	HRC	NM_002152.3	-	3	52148068	52148144	75	1
NC_060943.1	52161633	52162890	1	1	+	NC_060943.1	52162381	52162561	52162724	52162887	TRPM4	NM_001195227.2	+	1	52162561	52162724	162	2
NC_060943.1	52352576	52352891	-3	1	-	NC_060943.1	52352733	52352849	52352578	52352636	TEAD2	NM_001256658.2	-	3	52352636	52352733	96	16
NC_060943.1	52352576	52352891	-3	1	-	NC_060943.1	52352742	52352849	52352578	52352636	TEAD2	NM_001256660.2	-	3	52352636	52352742	105	15
NC_060943.1	52352576	52352891	-3	1	-	NC_060943.1	52352733	52352816	52352578	52352636	TEAD2	NM_001256662.2	-	3	52352636	52352733	96	1
NC_060943.1	52414568	52414979	3	1	+	NC_060943.1	52414590	52414697	52414800	52414979	KASH5	XM_054319892.1	+	3	52414697	52414800	102	1
NC_060943.1	52428542	52429433	-3	1	-	NC_060943.1	52428917	52429027	52428594	52428721	SLC17A7	NM_020309.4	-	3	52428721	52428917	195	1
NC_060943.1	52480103	52480574	3	1	+	NC_060943.1	52480276	52480454	52480530	52480574	FLT3LG	NM_001204502.2	+	3	52480454	52480530	75	6
NC_060943.1	52556554	52557367	-1	1	-	NC_060943.1	52557097	52557256	52556882	52557000	NOSIP	NM_001270960.2	-	1	52557000	52557097	96	6
NC_060943.1	52556554	52557367	-1	1	-	NC_060943.1	52556882	52557000	52556556	52556743	NOSIP	NM_001270960.2	-	1	52556743	52556882	138	10
NC_060943.1	52556554	52557367	-1	1	-	NC_060943.1	52557088	52557256	52556882	52557000	NOSIP	NM_001363649.3	-	1	52557000	52557088	87	4
NC_060943.1	52594424	52598057	3	1	+	NC_060943.1	52594477	52594638	52594720	52598036	PRR12	NM_020719.3	+	3	52594638	52594720	81	1
NC_060943.1	52662012	52662711	-2	1	-	NC_060943.1	52662495	52662687	52662018	52662398	IRF3	NM_001197122.2	-	2	52662398	52662495	96	10
NC_060943.1	52662012	52662711	-2	1	-	NC_060943.1	52662495	52662657	52662018	52662398	IRF3	NM_001197125.2	-	2	52662398	52662495	96	5
NC_060943.1	52663188	52663665	-2	1	-	NC_060943.1	52663413	52663584	52663258	52663328	IRF3	NM_001197122.2	-	2	52663328	52663413	84	11
NC_060943.1	52832163	52832607	1	1	+	NC_060943.1	52832238	52832295	52832446	52832553	MED25	NM_001378355.1	+	1	52832295	52832446	150	5
NC_060943.1	52853867	52854872	3	1	+	NC_060943.1	52854543	52854680	52854789	52854871	PTOV1	NM_001305105.2	+	3	52854680	52854789	108	8
NC_060943.1	52862623	52862875	-1	1	-	NC_060943.1	52862827	52862875	52862675	52862745	PNKP	NM_007254.4	-	1	52862745	52862827	81	1
NC_060943.1	52884578	52884956	3	1	+	NC_060943.1	52884595	52884695	52884795	52884894	TBC1D17	NM_001168222.2	+	3	52884695	52884795	99	4
NC_060943.1	52887550	52888846	2	1	+	NC_060943.1	52887612	52887709	52887854	52887970	TBC1D17	NM_001168222.2	+	2	52887709	52887854	144	3
NC_060943.1	52887550	52888846	2	1	+	NC_060943.1	52887854	52887970	52888367	52888453	TBC1D17	NM_001168222.2	+	2	52887970	52888367	396	2
NC_060943.1	53407784	53408336	-3	1	-	NC_060943.1	53408129	53408320	53407785	53407885	KCNC3	NM_001372305.1	-	3	53407885	53408129	243	2
NC_060943.1	53503871	53504738	3	1	+	NC_060943.1	53503953	53504085	53504167	53504280	POLD1	NM_001256849.1	+	3	53504085	53504167	81	12
NC_060943.1	53503871	53504738	3	1	+	NC_060943.1	53504167	53504280	53504602	53504654	POLD1	NM_001256849.1	+	3	53504280	53504602	321	12
NC_060943.1	53549058	53549613	1	1	+	NC_060943.1	53549059	53549218	53549417	53549553	MYBPC2	NM_004533.4	+	1	53549218	53549417	198	1
NC_060943.1	53775358	53775976	-1	1	-	NC_060943.1	53775910	53775933	53775637	53775705	SHANK1	XM_054321137.1	-	1	53775705	53775910	204	1
NC_060943.1	53805060	53805762	-2	1	-	NC_060943.1	53805475	53805729	53805085	53805288	SHANK1	NM_016148.5	-	2	53805288	53805475	186	3
NC_060943.1	53884236	53884644	1	1	+	NC_060943.1	53884275	53884453	53884532	53884644	ACP4	NM_033068.3	+	1	53884453	53884532	78	1
NC_060943.1	54455650	54456712	-1	1	-	NC_060943.1	54456529	54456669	54456100	54456219	CLDND2	NM_152353.3	-	1	54456219	54456529	309	3
NC_060943.1	54455650	54456712	-1	1	-	NC_060943.1	54456529	54456669	54455651	54456219	CLDND2	XM_054319734.1	-	1	54456219	54456529	309	2
NC_060943.1	54790161	54790554	1	1	+	NC_060943.1	54790184	54790261	54790391	54790500	SPACA6	NM_001316972.2	+	1	54790261	54790391	129	4
NC_060943.1	5665911	5666169	-2	1	-	NC_060943.1	5666031	5666082	5665912	5665916	MICOS13	XM_054319748.1	-	2	5665916	5666031	114	1
NC_060943.1	5673535	5674717	2	1	+	NC_060943.1	5674189	5674354	5674439	5674717	HSD11B1L	NM_001267870.2	+	2	5674354	5674439	84	1
NC_060943.1	567379	568549	2	1	+	NC_060943.1	567554	567794	568158	568322	HCN2	NM_001194.4	+	2	567794	568158	363	1
NC_060943.1	57174242	57175985	-3	1	-	NC_060943.1	57175550	57175852	57174243	57174715	OSCAR	NM_001282349.3	-	3	57174715	57175550	834	3
NC_060943.1	57174242	57175985	-3	1	-	NC_060943.1	57175550	57175852	57174434	57174715	OSCAR	NM_130771.6	-	3	57174715	57175550	834	3
NC_060943.1	57186662	57187166	-3	1	-	NC_060943.1	57187023	57187092	57186723	57186941	TFPT	NM_001321792.2	-	3	57186941	57187023	81	2
NC_060943.1	57186662	57187166	-3	1	-	NC_060943.1	57187023	57187085	57186723	57186941	TFPT	XM_054320762.1	-	3	57186941	57187023	81	1
NC_060943.1	57298475	57299210	-3	1	-	NC_060943.1	57299033	57299070	57298749	57298801	LILRB3	NM_001081450.3	-	3	57298801	57299033	231	4
NC_060943.1	57298475	57299210	-3	1	-	NC_060943.1	57299033	57299070	57298749	57298804	LILRB3	XM_054319652.1	-	3	57298804	57299033	228	2
NC_060943.1	57302147	57303026	-3	1	-	NC_060943.1	57302666	57302950	57302216	57302518	LILRB3	NM_001081450.3	-	3	57302518	57302666	147	6
NC_060943.1	57321902	57322781	-3	1	-	NC_060943.1	57322421	57322705	57321971	57322273	LILRA6	XM_054322804.1	-	3	57322273	57322421	147	4
NC_060943.1	57360269	57361535	-3	1	-	NC_060943.1	57361202	57361498	57360650	57360952	LILRB2	NM_001080978.4	-	3	57360952	57361202	249	6
NC_060943.1	57401101	57401962	-1	1	-	NC_060943.1	57401635	57401919	57401185	57401487	LILRA5	NM_021250.4	-	1	57401487	57401635	147	2
NC_060943.1	57401101	57401962	-1	1	-	NC_060943.1	57401635	57401919	57401102	57401487	LILRA5	NM_181879.3	-	1	57401487	57401635	147	2
NC_060943.1	574601	576365	-3	1	-	NC_060943.1	575364	576152	574671	574793	POLRMT	NM_001407805.1	-	3	574793	575364	570	21
NC_060943.1	57551285	57552182	3	1	+	NC_060943.1	57551382	57551511	57551593	57552182	LENG8	NM_001375638.1	+	3	57551511	57551593	81	9
NC_060943.1	57551285	57552182	3	1	+	NC_060943.1	57551382	57551511	57551593	57551800	LENG8	NM_001438286.1	+	3	57551511	57551593	81	6
NC_060943.1	5775361	5775898	-1	1	-	NC_060943.1	5775785	5775826	5775452	5775604	DUS3L	NM_001161619.2	-	1	5775604	5775785	180	3
NC_060943.1	57757242	57758187	1	1	+	NC_060943.1	57757280	57757564	57757712	57758011	LILRB4	NM_001278426.4	+	1	57757564	57757712	147	26
NC_060943.1	57907974	57908412	1	1	+	NC_060943.1	57907994	57908046	57908146	57908412	KIR2DL4	NM_002255.6	+	1	57908046	57908146	99	1
NC_060943.1	57960668	57961043	3	1	+	NC_060943.1	57960685	57960737	57960837	57961043	KIR3DL2	NM_001242867.2	+	3	57960737	57960837	99	2
NC_060943.1	58176262	58176898	2	1	+	NC_060943.1	58176263	58176389	58176582	58176670	EPS8L1	NM_017729.4	+	2	58176389	58176582	192	6
NC_060943.1	58187110	58187449	-1	1	-	NC_060943.1	58187273	58187355	58187112	58187152	PPP1R12C	NM_001271618.2	-	1	58187152	58187273	120	2
NC_060943.1	58187110	58187449	-1	1	-	NC_060943.1	58187273	58187358	58187112	58187152	PPP1R12C	NM_017607.4	-	1	58187152	58187273	120	2
NC_060943.1	58227559	58228072	-1	1	-	NC_060943.1	58227740	58227830	58227561	58227601	TNNT1	NM_001126132.3	-	1	58227601	58227740	138	6
NC_060943.1	58227559	58228072	-1	1	-	NC_060943.1	58227740	58227878	58227561	58227601	TNNT1	NM_003283.6	-	1	58227601	58227740	138	1
NC_060943.1	58254697	58255507	-1	1	-	NC_060943.1	58255352	58255477	58255124	58255246	DNAAF3	NM_001256714.1	-	1	58255246	58255352	105	4
NC_060943.1	58389590	58389962	3	1	+	NC_060943.1	58389749	58389782	58389864	58389932	BRSK1	NM_032430.2	+	3	58389782	58389864	81	1
NC_060943.1	58585663	58586611	2	1	+	NC_060943.1	58585782	58586090	58586310	58586423	SSC5D	NM_001144950.2	+	2	58586090	58586310	219	2
NC_060943.1	59668797	59669232	1	1	+	NC_060943.1	59668798	59668924	59669042	59669137	ZNF470	NM_001001668.4	+	1	59668924	59669042	117	2
NC_060943.1	59668797	59669232	1	1	+	NC_060943.1	59668891	59668924	59669042	59669137	ZNF470	XM_054320971.1	+	1	59668924	59669042	117	1
NC_060943.1	61070923	61071397	-1	1	-	NC_060943.1	61071256	61071376	61071043	61071147	C19orf18	NM_152474.5	-	1	61071147	61071256	108	1
NC_060943.1	61594586	61595000	-3	1	-	NC_060943.1	61594854	61594984	61594587	61594760	SLC27A5	NM_001321196.2	-	3	61594760	61594854	93	2
NC_060943.1	61645761	61646541	1	1	+	NC_060943.1	61646162	61646268	61646416	61646452	TRIM28	NM_005762.3	+	1	61646268	61646416	147	1
NC_060943.1	61647624	61648014	1	1	+	NC_060943.1	61647625	61647711	61647823	61647960	TRIM28	NM_005762.3	+	1	61647711	61647823	111	1
NC_060943.1	61649327	61649942	-3	1	-	NC_060943.1	61649731	61649861	61649582	61649643	CHMP2A	NM_014453.4	-	3	61649643	61649731	87	2
NC_060943.1	61649327	61649942	-3	1	-	NC_060943.1	61649582	61649643	61649328	61649452	CHMP2A	NM_014453.4	-	3	61649452	61649582	129	2
NC_060943.1	61649327	61649942	-3	1	-	NC_060943.1	61649731	61649861	61649328	61649643	CHMP2A	XM_054320574.1	-	3	61649643	61649731	87	2
NC_060943.1	6370057	6370594	-1	1	-	NC_060943.1	6370456	6370517	6370261	6370380	GTF2F1	NM_002096.3	-	1	6370380	6370456	75	2
NC_060943.1	6403909	6404686	-1	1	-	NC_060943.1	6404263	6404340	6403910	6404184	KHSRP	NM_001366299.1	-	1	6404184	6404263	78	1
NC_060943.1	6403909	6404686	-1	1	-	NC_060943.1	6404263	6404340	6404024	6404184	KHSRP	NM_001366300.1	-	1	6404184	6404263	78	2
NC_060943.1	6405120	6405966	-2	1	-	NC_060943.1	6405621	6405765	6405373	6405533	KHSRP	NM_001366299.1	-	2	6405533	6405621	87	3
NC_060943.1	6419217	6419877	-2	1	-	NC_060943.1	6419527	6419628	6419242	6419349	SLC25A41	NM_001321298.2	-	2	6419349	6419527	177	1
NC_060943.1	6419217	6419877	-2	1	-	NC_060943.1	6419527	6419679	6419242	6419349	SLC25A41	NM_173637.4	-	2	6419349	6419527	177	1
NC_060943.1	6427784	6428519	-3	1	-	NC_060943.1	6428237	6428334	6427960	6428047	SLC25A23	XM_054322084.1	-	3	6428047	6428237	189	6
NC_060943.1	6464712	6465093	-2	1	-	NC_060943.1	6464968	6465069	6464758	6464883	DENND1C	NM_001290331.2	-	2	6464883	6464968	84	6
NC_060943.1	648828	649605	-2	1	-	NC_060943.1	649368	649446	648830	648983	PRSS57	NM_001308209.2	-	2	648983	649368	384	1
NC_060943.1	648828	649605	-2	1	-	NC_060943.1	649368	649446	648830	648986	PRSS57	NM_214710.5	-	2	648986	649368	381	1
NC_060943.1	6490733	6491120	-3	1	-	NC_060943.1	6491012	6491120	6490784	6490894	TUBB4A	NM_001289123.2	-	3	6490894	6491012	117	4
NC_060943.1	6667780	6668119	-1	1	-	NC_060943.1	6668002	6668085	6667782	6667917	C3	NM_000064.4	-	1	6667917	6668002	84	1
NC_060943.1	6674024	6674408	-3	1	-	NC_060943.1	6674198	6674288	6674026	6674077	C3	NM_000064.4	-	3	6674077	6674198	120	1
NC_060943.1	6674319	6674784	-2	1	-	NC_060943.1	6674626	6674784	6674413	6674472	C3	NM_000064.4	-	2	6674472	6674626	153	1
NC_060943.1	6696419	6696983	-3	1	-	NC_060943.1	6696872	6696943	6696482	6696679	C3	NM_000064.4	-	3	6696679	6696872	192	1
NC_060943.1	6699174	6700689	-2	1	-	NC_060943.1	6700393	6700602	6700045	6700251	C3	NM_000064.4	-	2	6700251	6700393	141	1
NC_060943.1	6720341	6720740	-3	1	-	NC_060943.1	6720599	6720682	6720387	6720511	GPR108	NM_001394717.1	-	3	6720511	6720599	87	2
NC_060943.1	6720385	6720868	-1	1	-	NC_060943.1	6720599	6720682	6720387	6720511	GPR108	NM_001080452.2	-	1	6720511	6720599	87	8
NC_060943.1	6720385	6720868	-1	1	-	NC_060943.1	6720599	6720634	6720387	6720511	GPR108	NM_001394720.1	-	1	6720511	6720599	87	1
NC_060943.1	6720385	6720868	-1	1	-	NC_060943.1	6720599	6720682	6720387	6720454	GPR108	NM_001394722.1	-	1	6720454	6720599	144	2
NC_060943.1	6739239	6739827	1	1	+	NC_060943.1	6739329	6739461	6739687	6739826	TRIP10	NM_001288962.2	+	1	6739461	6739687	225	4
NC_060943.1	6743743	6744355	-1	1	-	NC_060943.1	6744226	6744327	6744011	6744126	SH2D3A	NM_001386586.1	-	1	6744126	6744226	99	6
NC_060943.1	6886357	6886903	2	1	+	NC_060943.1	6886467	6886622	6886746	6886865	ADGRE1	NM_001256253.2	+	2	6886622	6886746	123	3
NC_060943.1	6886357	6886903	2	1	+	NC_060943.1	6886467	6886622	6886746	6886769	ADGRE1	NM_001256255.2	+	2	6886622	6886746	123	1
NC_060943.1	6887554	6888043	2	1	+	NC_060943.1	6887625	6887780	6887904	6888015	ADGRE1	XM_054320175.1	+	2	6887780	6887904	123	1
NC_060943.1	6926521	6927136	2	1	+	NC_060943.1	6926563	6926731	6926864	6926968	ADGRE1	NM_001256252.2	+	2	6926731	6926864	132	6
NC_060943.1	7470422	7470962	3	1	+	NC_060943.1	7470571	7470696	7470793	7470962	ARHGEF18	NM_001130955.2	+	3	7470696	7470793	96	12
NC_060943.1	7542020	7542512	3	1	+	NC_060943.1	7542090	7542170	7542258	7542420	PNPLA6	NM_001166111.2	+	3	7542170	7542258	87	5
NC_060943.1	7543175	7543841	3	1	+	NC_060943.1	7543297	7543406	7543497	7543664	PNPLA6	NM_001166111.2	+	3	7543406	7543497	90	5
NC_060943.1	7543175	7543841	3	1	+	NC_060943.1	7543497	7543664	7543743	7543820	PNPLA6	NM_001166111.2	+	3	7543664	7543743	78	4
NC_060943.1	758693	759578	3	1	+	NC_060943.1	758769	758915	759009	759179	PTBP1	NM_001411140.1	+	3	758915	759009	93	6
NC_060943.1	758693	759578	3	1	+	NC_060943.1	759009	759179	759306	759416	PTBP1	NM_001411140.1	+	3	759179	759306	126	6
NC_060943.1	7611323	7612178	3	1	+	NC_060943.1	7611355	7611494	7611579	7611672	CAMSAP3	NM_001080429.3	+	3	7611494	7611579	84	2
NC_060943.1	7611323	7612178	3	1	+	NC_060943.1	7611579	7611672	7611974	7612047	CAMSAP3	NM_001080429.3	+	3	7611672	7611974	301	2
NC_060943.1	762721	763240	2	1	+	NC_060943.1	762837	762929	763023	763239	PTBP1	NM_001411140.1	+	2	762929	763023	93	5
NC_060943.1	7639517	7639988	3	1	+	NC_060943.1	7639609	7639658	7639902	7639983	STXBP2	NM_001127396.3	+	3	7639658	7639902	243	3
NC_060943.1	7643331	7644066	1	1	+	NC_060943.1	7643649	7643706	7643866	7643931	STXBP2	NM_001127396.3	+	1	7643706	7643866	159	4
NC_060943.1	7679547	7679997	1	1	+	NC_060943.1	7679810	7679869	7679984	7679997	MCEMP1	NM_174918.3	+	1	7679869	7679984	114	1
NC_060943.1	7730704	7731538	-1	1	-	NC_060943.1	7731379	7731468	7731047	7731195	CLEC4G	NM_001244856.2	-	1	7731195	7731379	183	2
NC_060943.1	7862538	7863366	1	1	+	NC_060943.1	7862836	7862976	7863079	7863234	EVI5L	NM_001159944.3	+	1	7862976	7863079	102	2
NC_060943.1	7863694	7864390	2	1	+	NC_060943.1	7863929	7864024	7864142	7864237	EVI5L	NM_001159944.3	+	2	7864024	7864142	117	2
NC_060943.1	7911380	7911938	3	1	+	NC_060943.1	7911408	7911527	7911651	7911758	MAP2K7	NM_001297555.2	+	3	7911527	7911651	123	4
NC_060943.1	7911811	7912321	2	1	+	NC_060943.1	7911935	7912114	7912205	7912285	MAP2K7	NM_001297555.2	+	2	7912114	7912205	90	4
NC_060943.1	8127138	8127636	-2	1	-	NC_060943.1	8127459	8127596	8127288	8127338	FBN3	NM_001321431.2	-	2	8127338	8127459	120	8
NC_060943.1	8137186	8137741	-1	1	-	NC_060943.1	8137462	8137605	8137264	8137383	FBN3	NM_001321431.2	-	1	8137383	8137462	78	8
NC_060943.1	8288994	8289528	-2	1	-	NC_060943.1	8289306	8289509	8288995	8289134	CD320	NM_001165895.2	-	2	8289134	8289306	171	2
NC_060943.1	8478056	8478353	-3	1	-	NC_060943.1	8478176	8478338	8478058	8478091	PRAM1	NM_032152.5	-	3	8478091	8478176	84	4
NC_060943.1	8517767	8518235	-3	1	-	NC_060943.1	8518040	8518154	8517777	8517946	MYO1F	NM_001348355.2	-	3	8517946	8518040	93	8
NC_060943.1	8535392	8535773	-3	1	-	NC_060943.1	8535654	8535734	8535453	8535539	MYO1F	NM_001348355.2	-	3	8535539	8535654	114	10
NC_060943.1	9007901	9008420	-3	1	-	NC_060943.1	9008261	9008296	9007940	9008005	MUC16	NM_001401501.2	-	3	9008005	9008261	255	3
NC_060943.1	970279	971029	2	1	+	NC_060943.1	970525	970640	970809	970960	GRIN3B	NM_138690.3	+	2	970640	970809	168	1
NC_060943.1	974308	974764	-1	1	-	NC_060943.1	974561	974661	974410	974467	TMEM259	NM_001033026.2	-	1	974467	974561	93	10
NC_060944.1	17672154	17672730	-1	1	-	NC_060944.1	17672521	17672613	17672356	17672439	RRBP1	NM_001042576.2	-	1	17672439	17672521	81	3
NC_060944.1	17709261	17711652	-1	1	-	NC_060944.1	17711101	17711628	17709276	17709360	RRBP1	NM_001042576.2	-	1	17709360	17711101	1740	2
NC_060944.1	17709261	17711652	-1	1	-	NC_060944.1	17710366	17711628	17709267	17709915	RRBP1	NM_001365613.2	-	1	17709915	17710366	450	1
NC_060944.1	2694174	2694789	-1	1	-	NC_060944.1	2694634	2694669	2694406	2694486	IDH3B	NM_001258384.3	-	1	2694486	2694634	147	4
NC_060944.1	2779627	2780443	2	1	+	NC_060944.1	2780061	2780194	2780288	2780414	EBF4	NM_001110514.2	+	2	2780194	2780288	93	7
NC_060944.1	2782424	2783087	3	1	+	NC_060944.1	2782527	2782704	2782798	2782986	EBF4	NM_001110514.2	+	3	2782704	2782798	93	6
NC_060944.1	2782424	2783087	3	1	+	NC_060944.1	2782527	2782704	2782798	2782896	EBF4	XM_054323776.1	+	3	2782704	2782798	93	1
NC_060944.1	2890796	2891270	3	1	+	NC_060944.1	2890900	2890997	2891085	2891213	VPS16	NM_022575.4	+	3	2890997	2891085	87	2
NC_060944.1	2893364	2893892	3	1	+	NC_060944.1	2893425	2893556	2893653	2893780	VPS16	NM_022575.4	+	3	2893556	2893653	96	1
NC_060944.1	3261649	3262216	-3	1	-	NC_060944.1	3262099	3262192	3261883	3262008	SLC4A11	NM_001174089.2	-	3	3262008	3262099	90	17
NC_060944.1	3261649	3262216	-3	1	-	NC_060944.1	3261883	3262008	3261682	3261795	SLC4A11	NM_001174089.2	-	3	3261795	3261883	87	13
NC_060944.1	3261649	3262216	-3	1	-	NC_060944.1	3261883	3262008	3261725	3261795	SLC4A11	XM_054324117.1	-	3	3261795	3261883	87	1
NC_060944.1	33555237	33555750	1	1	+	NC_060944.1	33555427	33555497	33555621	33555749	MYLK2	NM_033118.4	+	1	33555497	33555621	123	1
NC_060944.1	34809659	34810616	3	1	+	NC_060944.1	34809679	34809741	34810108	34810615	BPIFB4	NM_182519.3	+	3	34809741	34810108	366	1
NC_060944.1	36716888	36717395	3	1	+	NC_060944.1	36716982	36717158	36717249	36717394	MYH7B	NM_020884.7	+	3	36717158	36717249	90	8
NC_060944.1	36720154	36720778	2	1	+	NC_060944.1	36720210	36720334	36720428	36720543	MYH7B	NM_020884.7	+	2	36720334	36720428	93	8
NC_060944.1	36721839	36722292	1	1	+	NC_060944.1	36721882	36721986	36722068	36722163	MYH7B	NM_020884.7	+	1	36721986	36722068	81	8
NC_060944.1	36724780	36725236	-3	1	-	NC_060944.1	36725096	36725208	36724781	36725002	TRPC4AP	XM_054323339.1	-	3	36725002	36725096	93	1
NC_060944.1	3702745	3703408	-3	1	-	NC_060944.1	3703075	3703270	3702818	3702894	ADAM33	XM_054324053.1	-	3	3702894	3703075	180	2
NC_060944.1	3831686	3832208	3	1	+	NC_060944.1	3831687	3831809	3831915	3832037	CDC25B	NM_001287516.2	+	3	3831809	3831915	105	7
NC_060944.1	38791300	38791678	-3	1	-	NC_060944.1	38791597	38791661	38791357	38791485	RBL1	NM_002895.5	-	3	38791485	38791597	111	5
NC_060944.1	47036902	47037328	-3	1	-	NC_060944.1	47037184	47037306	47036965	47037087	MATN4	NM_001393530.1	-	3	47037087	47037184	96	4
NC_060944.1	47052223	47052685	2	1	+	NC_060944.1	47052354	47052457	47052563	47052685	RBPJL	XM_054322918.1	+	2	47052457	47052563	105	1
NC_060944.1	47052236	47052833	3	1	+	NC_060944.1	47052354	47052457	47052566	47052833	RBPJL	NM_001281449.2	+	3	47052457	47052566	108	1
NC_060944.1	47052236	47052833	3	1	+	NC_060944.1	47052354	47052457	47052563	47052833	RBPJL	NM_014276.4	+	3	47052457	47052563	105	1
NC_060944.1	47154640	47155543	2	1	+	NC_060944.1	47154715	47154842	47155158	47155258	PIGT	NM_001184729.3	+	2	47154842	47155158	315	2
NC_060944.1	47551981	47552578	2	1	+	NC_060944.1	47552027	47552231	47552340	47552399	UBE2C	NM_007019.4	+	2	47552231	47552340	108	3
NC_060944.1	47638758	47639244	-1	1	-	NC_060944.1	47638933	47639097	47638760	47638827	PLTP	NM_001242920.2	-	1	47638827	47638933	105	5
NC_060944.1	47682034	47682442	2	1	+	NC_060944.1	47682086	47682172	47682257	47682441	PCIF1	NM_022104.4	+	2	47682172	47682257	84	5
NC_060944.1	47685172	47685478	-3	1	-	NC_060944.1	47685386	47685451	47685223	47685304	ZNF335	NM_022095.4	-	3	47685304	47685386	81	3
NC_060944.1	47779625	47779946	3	1	+	NC_060944.1	47779645	47779743	47779888	47779945	SLC12A5	NM_001134771.2	+	3	47779743	47779888	144	2
NC_060944.1	47793074	47793617	3	1	+	NC_060944.1	47793185	47793318	47793529	47793617	SLC12A5	NM_001134771.2	+	3	47793318	47793529	210	2
NC_060944.1	47864158	47864422	2	1	+	NC_060944.1	47864190	47864276	47864382	47864410	CD40	NM_001250.6	+	2	47864276	47864382	105	2
NC_060944.1	47864158	47864422	2	1	+	NC_060944.1	47864190	47864288	47864382	47864410	CD40	NM_001322421.2	+	2	47864288	47864382	93	2
NC_060944.1	47922405	47923047	-1	1	-	NC_060944.1	47922892	47923013	47922654	47922771	CDH22	NM_021248.3	-	1	47922771	47922892	120	3
NC_060944.1	52378046	52378424	-2	1	-	NC_060944.1	52378272	52378397	52378048	52378193	RIPOR3	NM_001290268.2	-	2	52378193	52378272	78	11
NC_060944.1	52378046	52378424	-2	1	-	NC_060944.1	52378272	52378391	52378048	52378193	RIPOR3	XM_054323042.1	-	2	52378193	52378272	78	1
NC_060944.1	53389341	53389938	-1	1	-	NC_060944.1	53389696	53389785	53389404	53389548	ATP9A	NM_006045.3	-	1	53389548	53389696	147	1
NC_060944.1	58408659	58409391	1	1	+	NC_060944.1	58408735	58409220	58409335	58409386	TFAP2C	NM_003222.4	+	1	58409220	58409335	114	1
NC_060944.1	59388228	59388615	-1	1	-	NC_060944.1	59388428	59388590	59388229	59388262	ZBP1	XM_054324082.1	-	1	59388262	59388428	165	1
NC_060944.1	64098947	64099508	3	1	+	NC_060944.1	64098970	64099127	64099317	64099419	ADRM1	NM_001281437.1	+	3	64099127	64099317	189	4
NC_060944.1	64102152	64102659	-1	1	-	NC_060944.1	64102393	64102528	64102154	64102299	LAMA5	NM_005560.6	-	1	64102299	64102393	93	3
NC_060944.1	64102152	64102659	-1	1	-	NC_060944.1	64102378	64102528	64102154	64102299	LAMA5	XM_054323442.1	-	1	64102299	64102378	78	5
NC_060944.1	64104397	64105495	-3	1	-	NC_060944.1	64105299	64105435	64104641	64104794	LAMA5	NM_005560.6	-	3	64104794	64105299	504	8
NC_060944.1	64107336	64108179	-1	1	-	NC_060944.1	64107877	64108018	64107666	64107768	LAMA5	NM_005560.6	-	1	64107768	64107877	108	8
NC_060944.1	64108245	64108911	-1	1	-	NC_060944.1	64108657	64108773	64108340	64108494	LAMA5	NM_005560.6	-	1	64108494	64108657	162	8
NC_060944.1	64114470	64114743	-1	1	-	NC_060944.1	64114614	64114725	64114471	64114499	LAMA5	XM_054323449.1	-	1	64114499	64114614	114	1
NC_060944.1	64115354	64115915	-2	1	-	NC_060944.1	64115670	64115821	64115490	64115600	LAMA5	NM_005560.6	-	2	64115600	64115670	69	9
NC_060944.1	64129905	64130343	-1	1	-	NC_060944.1	64130212	64130264	64130016	64130121	LAMA5	NM_005560.6	-	1	64130121	64130212	90	9
NC_060944.1	64131067	64131805	-3	1	-	NC_060944.1	64131728	64131780	64131334	64131439	LAMA5	NM_005560.6	-	3	64131439	64131728	288	9
NC_060944.1	64459049	64459847	3	1	+	NC_060944.1	64459076	64459197	64459735	64459846	SLCO4A1	NM_016354.4	+	3	64459197	64459735	537	9
NC_060944.1	65334184	65334568	2	1	+	NC_060944.1	65334204	65334281	65334360	65334568	PPDPF	NM_024299.4	+	2	65334281	65334360	78	1
NC_060944.1	65372408	65373014	-2	1	-	NC_060944.1	65372768	65372924	65372525	65372692	HELZ2	NM_001037335.2	-	2	65372692	65372768	75	3
NC_060944.1	65374333	65375119	-3	1	-	NC_060944.1	65374885	65374979	65374669	65374800	HELZ2	NM_001037335.2	-	3	65374800	65374885	84	2
NC_060944.1	65374333	65375119	-3	1	-	NC_060944.1	65374669	65374800	65374420	65374581	HELZ2	NM_001037335.2	-	3	65374581	65374669	87	2
NC_060944.1	65374333	65375119	-3	1	-	NC_060944.1	65374669	65374979	65374420	65374581	HELZ2	XM_054324176.1	-	3	65374581	65374669	87	1
NC_060944.1	65457945	65459001	-1	1	-	NC_060944.1	65458560	65458641	65458102	65458277	STMN3	NM_001276310.2	-	1	65458277	65458560	282	1
NC_060944.1	65457945	65459001	-1	1	-	NC_060944.1	65458560	65458655	65458102	65458277	STMN3	NM_015894.4	-	1	65458277	65458560	282	1
NC_060944.1	65476340	65477276	3	1	+	NC_060944.1	65476667	65476748	65476950	65477010	RTEL1	NM_001283009.2	+	3	65476748	65476950	201	2
NC_060944.1	65476340	65477276	3	1	+	NC_060944.1	65476595	65476748	65476950	65477010	RTEL1	NM_032957.5	+	3	65476748	65476950	201	1
NC_060944.1	65492058	65492295	1	1	+	NC_060944.1	65492093	65492131	65492216	65492294	RTEL1	NM_001283009.2	+	1	65492131	65492216	84	4
NC_060944.1	65504203	65505097	2	1	+	NC_060944.1	65504345	65504492	65504856	65504998	RTEL1	NM_001283009.2	+	2	65504492	65504856	363	4
NC_060944.1	65515587	65516088	1	1	+	NC_060944.1	65515634	65515786	65516084	65516088	RTEL1	NM_001283010.1	+	1	65515786	65516084	297	3
NC_060944.1	65557689	65558337	1	1	+	NC_060944.1	65558097	65558178	65558284	65558336	LIME1	NM_001305654.2	+	1	65558178	65558284	105	2
NC_060944.1	65558182	65558914	2	1	+	NC_060944.1	65558249	65558336	65558454	65558770	LIME1	NM_017806.4	+	2	65558336	65558454	117	1
NC_060944.1	65760065	65760791	-2	1	-	NC_060944.1	65760444	65760566	65760228	65760335	UCKL1	NM_001193379.2	-	2	65760335	65760444	108	26
NC_060944.1	65782233	65783031	-1	1	-	NC_060944.1	65782903	65782965	65782270	65782368	ZNF512B	NM_020713.3	-	1	65782368	65782903	534	3
NC_060944.1	65784500	65784956	-2	1	-	NC_060944.1	65784750	65784874	65784579	65784671	ZNF512B	NM_020713.3	-	2	65784671	65784750	78	4
NC_060944.1	65814638	65815400	3	1	+	NC_060944.1	65814684	65814860	65815095	65815250	PRPF6	NM_012469.4	+	3	65814860	65815095	234	2
NC_060944.1	65857731	65858475	1	1	+	NC_060944.1	65857873	65858148	65858242	65858394	C20orf204	NM_001348090.2	+	1	65858148	65858242	93	3
NC_060944.1	66043365	66043761	1	1	+	NC_060944.1	66043497	66043559	66043677	66043745	MYT1	NM_004535.3	+	1	66043559	66043677	117	1
NC_060944.1	66199766	66200363	3	1	+	NC_060944.1	66199787	66199922	66200100	66200301	LOC124908102	NM_001421892.1	+	3	66199922	66200100	177	4
NC_060944.1	66199766	66200363	3	1	+	NC_060944.1	66199787	66199922	66200100	66200297	LOC124908102	XM_047446945.1	+	3	66199922	66200100	177	2
NC_060944.1	66199766	66200363	3	1	+	NC_060944.1	66199845	66199922	66200100	66200301	LOC124908102	XM_047446947.1	+	3	66199922	66200100	177	4
NC_060944.1	77634	78231	-1	1	-	NC_060944.1	78076	78211	77697	77898	LOC124908094	XM_047446921.1	-	1	77898	78076	177	9
NC_060944.1	77634	78231	-1	1	-	NC_060944.1	78076	78153	77697	77898	LOC124908094	XM_047446933.1	-	1	77898	78076	177	2
NC_060944.1	9486797	9487196	3	1	+	NC_060944.1	9486883	9486932	9487080	9487145	PLCB4	NM_000933.4	+	3	9486932	9487080	147	20
NC_060945.1	3348998	3351059	-3	1	-	NC_060945.1	3350411	3350566	3349473	3349753	LOC124908130	XM_047447007.1	-	3	3349753	3350411	657	1
NC_060945.1	37189107	37190004	1	1	+	NC_060945.1	37189141	37189410	37189765	37189914	ETS2	NM_001256295.2	+	1	37189410	37189765	354	1
NC_060945.1	40882397	40882832	-3	1	-	NC_060945.1	40882683	40882796	40882475	40882580	RSPH1	NM_080860.4	-	3	40882580	40882683	102	2
NC_060945.1	40977083	40978124	-3	1	-	NC_060945.1	40977582	40978124	40977084	40977530	LOC128966689	XM_054324970.1	-	3	40977530	40977582	51	1
NC_060945.1	41120089	41120518	2	1	+	NC_060945.1	41120151	41120330	41120451	41120505	PDE9A	NM_001001581.2	+	2	41120330	41120451	120	7
NC_060945.1	41457188	41457761	-3	1	-	NC_060945.1	41457644	41457731	41457362	41457496	CBS	XM_054324910.1	-	3	41457496	41457644	147	4
NC_060945.1	41457188	41457761	-3	1	-	NC_060945.1	41457644	41457752	41457362	41457496	CBS	XM_054324927.1	-	3	41457496	41457644	147	1
NC_060945.1	41776332	41777292	-2	1	-	NC_060945.1	41777229	41777292	41776893	41777054	SIK1	NM_173354.5	-	2	41777054	41777229	174	3
NC_060945.1	41776332	41777292	-2	1	-	NC_060945.1	41776893	41777054	41776498	41776622	SIK1	NM_173354.5	-	2	41776622	41776893	270	3
NC_060945.1	42583599	42584241	-2	1	-	NC_060945.1	42584121	42584156	42583600	42583613	ICOSLG	NM_001395918.1	-	2	42583613	42584121	507	2
NC_060945.1	43845812	43846244	3	1	+	NC_060945.1	43845876	43845938	43846044	43846130	COL18A1	NM_001379500.1	+	3	43845938	43846044	105	3
NC_060945.1	43862431	43863292	2	1	+	NC_060945.1	43862474	43862542	43863023	43863065	COL18A1	NM_001379500.1	+	2	43862542	43863023	480	3
NC_060945.1	44360850	44361624	1	1	+	NC_060945.1	44360991	44361150	44361409	44361537	COL6A1	NM_001848.3	+	1	44361150	44361409	258	1
NC_060945.1	44374346	44374901	3	1	+	NC_060945.1	44374347	44374412	44374851	44374886	COL6A1	NM_001848.3	+	3	44374412	44374851	438	1
NC_060945.1	44498924	44499887	3	1	+	NC_060945.1	44499135	44499197	44499630	44499692	COL6A2	NM_001849.4	+	3	44499197	44499630	432	3
NC_060945.1	44502702	44503755	1	1	+	NC_060945.1	44502730	44502792	44502964	44502999	COL6A2	NM_001849.4	+	1	44502792	44502964	171	3
NC_060945.1	44502702	44503755	1	1	+	NC_060945.1	44502964	44502999	44503345	44503390	COL6A2	NM_001849.4	+	1	44502999	44503345	345	3
NC_060945.1	44502702	44503755	1	1	+	NC_060945.1	44503345	44503390	44503544	44503696	COL6A2	NM_001849.4	+	1	44503390	44503544	153	3
NC_060945.1	44524490	44525519	-3	1	-	NC_060945.1	44525232	44525361	44524557	44524718	FTCD	NM_001320412.2	-	3	44524718	44525232	513	3
NC_060945.1	44541196	44542345	-1	1	-	NC_060945.1	44541731	44541882	44541197	44541520	SPATC1L	NM_001142854.2	-	1	44541520	44541731	210	4
NC_060945.1	44719751	44720219	3	1	+	NC_060945.1	44719839	44719840	44719880	44720162	PCNT	NM_001315529.2	+	3	44719840	44719880	39	1
NC_060945.1	44719751	44720219	3	1	+	NC_060945.1	44719752	44719840	44719880	44720162	PCNT	NM_006031.6	+	3	44719840	44719880	39	1
NC_060945.1	44782916	44783960	3	1	+	NC_060945.1	44783026	44783255	44783775	44783891	PCNT	NM_001315529.2	+	3	44783255	44783775	519	2
NC_060946.1	17817644	17818046	-1	1	-	NC_060946.1	17817980	17817983	17817646	17817820	HDHD5	XM_054325566.1	-	1	17817820	17817980	159	1
NC_060946.1	18458410	18458881	-2	1	-	NC_060946.1	18458674	18458747	18458411	18458592	MICAL3	NM_015241.3	-	2	18458592	18458674	81	1
NC_060946.1	19026574	19027165	2	1	+	NC_060946.1	19026601	19026650	19026753	19026865	GGTLC3	NM_001355479.1	+	2	19026650	19026753	102	1
NC_060946.1	19026574	19027165	2	1	+	NC_060946.1	19026753	19026865	19026947	19027060	GGTLC3	NM_001355479.1	+	2	19026865	19026947	81	1
NC_060946.1	19288569	19289136	-3	1	-	NC_060946.1	19288830	19288918	19288570	19288754	PRODH	NM_001195226.2	-	3	19288754	19288830	75	3
NC_060946.1	19294577	19295246	-1	1	-	NC_060946.1	19295091	19295183	19294836	19294982	PRODH	NM_001195226.2	-	1	19294982	19295091	108	3
NC_060946.1	19524028	19524946	-2	1	-	NC_060946.1	19524565	19524823	19524203	19524456	GSC2	NM_005315.2	-	2	19524456	19524565	108	1
NC_060946.1	20528641	20530198	-2	1	-	NC_060946.1	20529509	20530027	20528759	20529094	CCDC188	XM_054325599.1	-	2	20529094	20529509	414	1
NC_060946.1	20528641	20530198	-2	1	-	NC_060946.1	20529509	20530027	20528990	20529094	CCDC188	XM_054325603.1	-	2	20529094	20529509	414	1
NC_060946.1	20528641	20530198	-2	1	-	NC_060946.1	20528990	20529094	20528759	20528815	CCDC188	XM_054325603.1	-	2	20528815	20528990	174	1
NC_060946.1	20835288	20836152	-3	1	-	NC_060946.1	20836017	20836118	20835290	20835809	SCARF2	NM_153334.7	-	3	20835809	20836017	207	4
NC_060946.1	21123161	21123467	-1	1	-	NC_060946.1	21123337	21123409	21123167	21123237	PI4KA	NM_001362862.2	-	1	21123237	21123337	99	7
NC_060946.1	21138155	21138794	-1	1	-	NC_060946.1	21138602	21138721	21138342	21138421	PI4KA	NM_001362862.2	-	1	21138421	21138602	180	6
NC_060946.1	21385670	21386159	3	1	+	NC_060946.1	21385674	21385745	21385839	21385902	AIFM3	NM_001018060.3	+	3	21385745	21385839	93	4
NC_060946.1	21386358	21386892	1	1	+	NC_060946.1	21386507	21386583	21386695	21386812	AIFM3	NM_001018060.3	+	1	21386583	21386695	111	4
NC_060946.1	21404343	21405159	1	1	+	NC_060946.1	21404528	21404654	21404745	21404894	LZTR1	NM_006767.4	+	1	21404654	21404745	90	1
NC_060946.1	21437816	21438266	-1	1	-	NC_060946.1	21438095	21438203	21437817	21437989	SLC7A4	NM_004173.3	-	1	21437989	21438095	105	1
NC_060946.1	21457685	21458189	3	1	+	NC_060946.1	21457738	21457944	21458101	21458189	LRRC74B	XM_054325608.1	+	3	21457944	21458101	156	1
NC_060946.1	21878828	21879215	-1	1	-	NC_060946.1	21879018	21879090	21878830	21878870	TMEM191C	NM_001207052.2	-	1	21878870	21879018	147	2
NC_060946.1	22377395	22377911	-1	1	-	NC_060946.1	22377693	22377847	22377455	22377560	TOP3B	NM_001282112.2	-	1	22377560	22377693	132	9
NC_060946.1	22512276	22512768	1	1	+	NC_060946.1	22512307	22512352	22512452	22512755	IGLV8-61	unassigned_transcript_3621	+	1	22512352	22512452	99	1
NC_060946.1	23482327	23482885	-2	1	-	NC_060946.1	23482726	23482875	23482328	23482581	RSPH14	XM_054325552.1	-	2	23482581	23482726	144	1
NC_060946.1	23581721	23582411	3	1	+	NC_060946.1	23581751	23581832	23582016	23582106	RAB36	NM_001349877.1	+	3	23581832	23582016	183	5
NC_060946.1	23581721	23582411	3	1	+	NC_060946.1	23581751	23581832	23582016	23582086	RAB36	NM_001349878.1	+	3	23581832	23582016	183	7
NC_060946.1	24214542	24215094	-3	1	-	NC_060946.1	24215027	24215067	24214567	24214786	CHCHD10	NM_001301339.2	-	3	24214786	24215027	240	2
NC_060946.1	24328253	24328715	3	1	+	NC_060946.1	24328383	24328484	24328560	24328635	SLC2A11	NM_001024938.4	+	3	24328484	24328560	75	3
NC_060946.1	25089353	25089944	3	1	+	NC_060946.1	25089532	25089644	25089726	25089839	GGT1	NM_001288833.2	+	3	25089644	25089726	81	3
NC_060946.1	29694930	29695251	1	1	+	NC_060946.1	29694956	29695006	29695091	29695180	EMID1	XM_054325085.1	+	1	29695006	29695091	84	9
NC_060946.1	29697520	29697910	2	1	+	NC_060946.1	29697635	29697697	29697803	29697847	EMID1	NM_001267895.2	+	2	29697697	29697803	105	17
NC_060946.1	29793606	29794185	-3	1	-	NC_060946.1	29794035	29794121	29793790	29793944	AP1B1	NM_001127.4	-	3	29793944	29794035	90	8
NC_060946.1	30955242	30955599	-3	1	-	NC_060946.1	30955459	30955565	30955244	30955383	SEC14L4	NM_001161368.3	-	3	30955383	30955459	75	2
NC_060946.1	30988401	30989100	-3	1	-	NC_060946.1	30988752	30988921	30988402	30988511	SEC14L6	NM_001193336.4	-	3	30988511	30988752	240	5
NC_060946.1	30989011	30989368	-2	1	-	NC_060946.1	30989228	30989334	30989013	30989152	SEC14L6	NM_001193336.4	-	2	30989152	30989228	75	13
NC_060946.1	31352658	31353351	1	1	+	NC_060946.1	31352772	31352826	31353082	31353228	OSBP2	NM_001282738.2	+	1	31352826	31353082	255	4
NC_060946.1	31352658	31353351	1	1	+	NC_060946.1	31352769	31352826	31353082	31353228	OSBP2	NM_001282741.2	+	1	31352826	31353082	255	2
NC_060946.1	31596873	31597251	1	1	+	NC_060946.1	31596910	31596987	31597114	31597218	INPP5J	NM_001002837.3	+	1	31596987	31597114	126	19
NC_060946.1	32081901	32082420	1	1	+	NC_060946.1	32082120	32082231	32082319	32082420	SFI1	NM_001007467.3	+	1	32082231	32082319	87	5
NC_060946.1	32369920	32370517	2	1	+	NC_060946.1	32370099	32370181	32370320	32370517	DEPDC5	XM_054326181.1	+	2	32370181	32370320	138	4
NC_060946.1	32370075	32370609	1	1	+	NC_060946.1	32370099	32370181	32370320	32370609	DEPDC5	NM_001136029.4	+	1	32370181	32370320	138	21
NC_060946.1	37953389	37954100	-1	1	-	NC_060946.1	37953824	37953982	37953615	37953730	CARD10	NM_014550.4	-	1	37953730	37953824	93	1
NC_060946.1	38084447	38084990	3	1	+	NC_060946.1	38084607	38084747	38084832	38084913	GGA1	NM_001001560.3	+	3	38084747	38084832	84	18
NC_060946.1	38184341	38188013	3	1	+	NC_060946.1	38184400	38185129	38185424	38188012	TRIOBP	NM_001039141.3	+	3	38185129	38185424	294	1
NC_060946.1	38543083	38544553	-2	1	-	NC_060946.1	38544286	38544499	38543515	38543658	SLC16A8	NM_013356.3	-	2	38543658	38544286	627	2
NC_060946.1	39220621	39221704	-2	1	-	NC_060946.1	39221425	39221588	39221113	39221250	SUN2	NM_001199579.2	-	2	39221250	39221425	174	20
NC_060946.1	39220621	39221704	-2	1	-	NC_060946.1	39221425	39221588	39221113	39221295	SUN2	NM_001394429.1	-	2	39221295	39221425	129	2
NC_060946.1	39220621	39221704	-2	1	-	NC_060946.1	39221425	39221498	39221113	39221250	SUN2	NM_001394438.1	-	2	39221250	39221425	174	1
NC_060946.1	40877269	40878061	2	1	+	NC_060946.1	40877396	40877450	40877580	40877707	SGSM3	NM_001301849.2	+	2	40877450	40877580	129	15
NC_060946.1	40877269	40878061	2	1	+	NC_060946.1	40877580	40877707	40877792	40877947	SGSM3	NM_001301849.2	+	2	40877707	40877792	84	15
NC_060946.1	40878355	40878829	2	1	+	NC_060946.1	40878450	40878499	40878734	40878808	SGSM3	NM_001301849.2	+	2	40878499	40878734	234	1
NC_060946.1	40878355	40878829	2	1	+	NC_060946.1	40878450	40878499	40878656	40878808	SGSM3	NM_001350039.2	+	2	40878499	40878656	156	14
NC_060946.1	42086077	42086497	-2	1	-	NC_060946.1	42086415	42086452	42086189	42086258	DESI1	XM_054325557.1	-	2	42086258	42086415	156	1
NC_060946.1	42273956	42274490	3	1	+	NC_060946.1	42274035	42274166	42274359	42274471	MEI1	NM_152513.4	+	3	42274166	42274359	192	20
NC_060946.1	42616033	42616603	2	1	+	NC_060946.1	42616169	42616211	42616524	42616603	LOC124908419	XM_047447046.1	+	2	42616211	42616524	312	1
NC_060946.1	44371885	44372485	-2	1	-	NC_060946.1	44372371	44372485	44371901	44372067	PNPLA5	NM_001371410.1	-	2	44372067	44372371	303	2
NC_060946.1	45368882	45369602	-1	1	-	NC_060946.1	45369413	45369488	45368976	45369079	PHF21B	NM_001135862.3	-	1	45369079	45369413	333	7
NC_060946.1	46875759	46876710	-3	1	-	NC_060946.1	46876497	46876680	46876050	46876151	CELSR1	NM_001378328.1	-	3	46876151	46876497	345	6
NC_060946.1	50756636	50757485	-1	1	-	NC_060946.1	50756863	50756967	50756638	50756706	HDAC10	NM_001159286.2	-	1	50756706	50756863	156	2
NC_060946.1	50763841	50764219	-2	1	-	NC_060946.1	50764085	50764196	50763938	50763967	MAPK12	NM_002969.6	-	2	50763967	50764085	117	1
NC_060946.1	50772033	50772696	-3	1	-	NC_060946.1	50772585	50772663	50772324	50772497	MAPK11	NM_002751.7	-	3	50772497	50772585	87	2
NC_060946.1	50773583	50774255	-1	1	-	NC_060946.1	50774130	50774177	50773937	50774051	MAPK11	NM_002751.7	-	1	50774051	50774130	78	2
NC_060946.1	50774241	50774496	-3	1	-	NC_060946.1	50774374	50774485	50774260	50774289	MAPK11	NM_002751.7	-	3	50774289	50774374	84	1
NC_060946.1	50774241	50774496	-3	1	-	NC_060946.1	50774374	50774466	50774260	50774289	MAPK11	XM_054325796.1	-	3	50774289	50774374	84	1
NC_060946.1	50787606	50788536	-3	1	-	NC_060946.1	50788286	50788467	50787802	50787868	PLXNB2	NM_001376864.1	-	3	50787868	50788286	417	29
NC_060946.1	50789602	50790760	-2	1	-	NC_060946.1	50789981	50790347	50789651	50789878	PLXNB2	NM_001376864.1	-	2	50789878	50789981	102	1
NC_060946.1	50789602	50790760	-2	1	-	NC_060946.1	50789981	50790110	50789651	50789878	PLXNB2	NM_001376865.1	-	2	50789878	50789981	102	27
NC_060946.1	50789602	50790760	-2	1	-	NC_060946.1	50789981	50790110	50789675	50789878	PLXNB2	NM_001376883.1	-	2	50789878	50789981	102	1
NC_060946.1	50790773	50791394	-1	1	-	NC_060946.1	50791134	50791242	50790847	50790983	PLXNB2	NM_001376864.1	-	1	50790983	50791134	150	28
NC_060946.1	50790773	50791394	-1	1	-	NC_060946.1	50791134	50791242	50790801	50790983	PLXNB2	XM_054325403.1	-	1	50790983	50791134	150	1
NC_060946.1	50820046	50821870	-2	1	-	NC_060946.1	50820287	50820389	50820107	50820181	DENND6B	NM_001001794.4	-	2	50820181	50820287	105	4
NC_060946.1	50821080	50821674	-3	1	-	NC_060946.1	50821399	50821488	50821210	50821263	DENND6B	NM_001001794.4	-	3	50821263	50821399	135	4
NC_060946.1	50826676	50827333	-2	1	-	NC_060946.1	50826827	50826865	50826709	50826751	DENND6B	NM_001001794.4	-	2	50826751	50826827	75	6
NC_060946.1	50947014	50947575	1	1	+	NC_060946.1	50947038	50947095	50947369	50947493	PPP6R2	NM_001242898.2	+	1	50947095	50947369	273	61
NC_060946.1	50965327	50966047	-2	1	-	NC_060946.1	50965679	50965860	50965403	50965582	SBF1	NM_001365819.1	-	2	50965582	50965679	96	4
NC_060946.1	50975075	50975669	-1	1	-	NC_060946.1	50975337	50975445	50975148	50975261	SBF1	NM_001365819.1	-	1	50975261	50975337	75	4
NC_060946.1	51015591	51016017	-3	1	-	NC_060946.1	51015757	51015845	51015592	51015681	LMF2	XM_054326123.1	-	3	51015681	51015757	75	1
NC_060946.1	51032534	51032843	3	1	+	NC_060946.1	51032551	51032604	51032746	51032816	NCAPH2	NM_001185011.2	+	3	51032604	51032746	141	4
NC_060946.1	51041210	51041747	-1	1	-	NC_060946.1	51041498	51041619	51041273	51041413	CIMAP1B	NM_001382807.1	-	1	51041413	51041498	84	1
NC_060946.1	51041221	51041884	-2	1	-	NC_060946.1	51041752	51041856	51041498	51041619	CIMAP1B	NM_001014440.4	-	2	51041619	51041752	132	5
NC_060946.1	51041221	51041884	-2	1	-	NC_060946.1	51041498	51041619	51041273	51041413	CIMAP1B	NM_001014440.4	-	2	51041413	51041498	84	3
NC_060946.1	51041221	51041884	-2	1	-	NC_060946.1	51041498	51041619	51041249	51041413	CIMAP1B	NM_001382808.1	-	2	51041413	51041498	84	1
NC_060946.1	51041221	51041884	-2	1	-	NC_060946.1	51041752	51041856	51041222	51041619	CIMAP1B	XM_054325644.1	-	2	51041619	51041752	132	3
NC_060946.1	51081247	51081898	-2	1	-	NC_060946.1	51081686	51081820	51081419	51081571	CPT1B	NM_001145134.2	-	2	51081571	51081686	114	6
NC_060946.1	51135658	51136204	-2	1	-	NC_060946.1	51136090	51136192	51135659	51135975	ARSA	NM_000487.6	-	2	51135975	51136090	114	6
NC_060946.1	51192548	51192941	3	1	+	NC_060946.1	51192564	51192672	51192748	51192899	SHANK3	NM_001372044.2	+	3	51192672	51192748	75	1
NC_060947.1	100762659	100763403	1	1	+	NC_060947.1	100762816	100762896	100763080	100763149	NXF2	NM_022053.4	+	1	100762896	100763080	183	1
NC_060947.1	100762659	100763403	1	1	+	NC_060947.1	100763080	100763149	100763306	100763394	NXF2	NM_022053.4	+	1	100763149	100763306	156	1
NC_060947.1	100812822	100813566	-2	1	-	NC_060947.1	100813330	100813410	100813077	100813146	NXF2B	NM_001099686.3	-	2	100813146	100813330	183	1
NC_060947.1	100812822	100813566	-2	1	-	NC_060947.1	100813077	100813146	100812832	100812920	NXF2B	NM_001099686.3	-	2	100812920	100813077	156	1
NC_060947.1	107015538	107015793	1	1	+	NC_060947.1	107015539	107015574	107015665	107015706	COL4A5	NM_000495.5	+	1	107015574	107015665	90	9
NC_060947.1	113597997	113601246	1	1	+	NC_060947.1	113598019	113599198	113599226	113601246	RBMXL3	NM_001145346.2	+	1	113599198	113599226	27	1
NC_060947.1	131627633	131628242	-3	1	-	NC_060947.1	131627930	131628105	131627634	131627833	GPC4	NM_001448.3	-	3	131627833	131627930	96	1
NC_060947.1	131630348	131630966	-3	1	-	NC_060947.1	131630796	131630926	131630544	131630690	GPC4	NM_001448.3	-	3	131630690	131630796	105	1
NC_060947.1	135183975	135184353	-2	1	-	NC_060947.1	135184194	135184308	135183981	135184106	RBMX	NM_001164803.2	-	2	135184106	135184194	87	1
NC_060947.1	151180897	151181266	2	1	+	NC_060947.1	151180922	151180955	151181142	151181265	ZNF185	NM_001178106.1	+	2	151180955	151181142	186	56
NC_060947.1	151829597	151830068	3	1	+	NC_060947.1	151829598	151829777	151829880	151829967	ATP2B3	NM_001001344.3	+	3	151829777	151829880	102	12
NC_060947.1	152013564	152014272	1	1	+	NC_060947.1	152013756	152013901	152014238	152014272	ABCD1	XM_054326681.1	+	1	152013901	152014238	336	1
NC_060947.1	152044405	152044789	2	1	+	NC_060947.1	152044424	152044549	152044631	152044747	PLXNB3	NM_001163257.2	+	2	152044549	152044631	81	2
NC_060947.1	152047467	152048238	1	1	+	NC_060947.1	152047525	152047764	152047852	152048010	PLXNB3	NM_001163257.2	+	1	152047764	152047852	87	2
NC_060947.1	152047467	152048238	1	1	+	NC_060947.1	152047852	152048010	152048086	152048237	PLXNB3	NM_001163257.2	+	1	152048010	152048086	75	2
NC_060947.1	152050850	152051396	3	1	+	NC_060947.1	152050873	152051045	152051193	152051353	PLXNB3	NM_001163257.2	+	3	152051045	152051193	147	2
NC_060947.1	152051298	152052039	1	1	+	NC_060947.1	152051613	152051760	152051926	152051990	PLXNB3	NM_001163257.2	+	1	152051760	152051926	165	2
NC_060947.1	152058670	152059180	2	1	+	NC_060947.1	152058744	152058836	152058999	152059180	SRPK3	NM_001170760.2	+	2	152058836	152058999	162	3
NC_060947.1	152138487	152139177	-2	1	-	NC_060947.1	152138769	152138891	152138502	152138675	L1CAM	NM_000425.5	-	2	152138675	152138769	93	4
NC_060947.1	152140971	152141667	-2	1	-	NC_060947.1	152141481	152141591	152141037	152141234	L1CAM	NM_000425.5	-	2	152141234	152141481	246	4
NC_060947.1	152141981	152142494	-3	1	-	NC_060947.1	152142242	152142408	152141983	152142139	L1CAM	NM_000425.5	-	3	152142139	152142242	102	4
NC_060947.1	152144393	152144996	-3	1	-	NC_060947.1	152144738	152144860	152144471	152144641	L1CAM	NM_000425.5	-	3	152144641	152144738	96	4
NC_060947.1	152183454	152183946	-2	1	-	NC_060947.1	152183727	152183800	152183456	152183639	ARHGAP4	NM_001164741.2	-	2	152183639	152183727	87	2
NC_060947.1	152184400	152184955	-1	1	-	NC_060947.1	152184844	152184904	152184637	152184714	ARHGAP4	NM_001164741.2	-	1	152184714	152184844	129	2
NC_060947.1	152184400	152184955	-1	1	-	NC_060947.1	152184637	152184714	152184415	152184549	ARHGAP4	NM_001164741.2	-	1	152184549	152184637	87	2
NC_060947.1	152186881	152187619	-1	1	-	NC_060947.1	152187494	152187595	152187125	152187316	ARHGAP4	NM_001164741.2	-	1	152187316	152187494	177	2
NC_060947.1	152209005	152209317	-2	1	-	NC_060947.1	152209206	152209293	152209006	152209121	RENBP	NM_002910.6	-	2	152209121	152209206	84	2
NC_060947.1	152292827	152293529	-3	1	-	NC_060947.1	152293358	152293493	152293112	152293279	IRAK1	NM_001025242.2	-	3	152293279	152293358	78	5
NC_060947.1	152292827	152293529	-3	1	-	NC_060947.1	152293112	152293279	152292878	152293009	IRAK1	NM_001025242.2	-	3	152293009	152293112	102	5
NC_060947.1	152292827	152293529	-3	1	-	NC_060947.1	152293112	152293493	152292878	152293009	IRAK1	NM_001410701.1	-	3	152293009	152293112	102	1
NC_060947.1	152588378	152589242	-3	1	-	NC_060947.1	152589086	152589208	152588714	152588980	FLNA	NM_001110556.2	-	3	152588980	152589086	105	2
NC_060947.1	152588378	152589242	-3	1	-	NC_060947.1	152588714	152588980	152588417	152588554	FLNA	NM_001110556.2	-	3	152588554	152588714	159	2
NC_060947.1	152596202	152597309	-3	1	-	NC_060947.1	152596523	152597120	152596265	152596438	FLNA	NM_001110556.2	-	3	152596438	152596523	84	2
NC_060947.1	152598312	152598906	-2	1	-	NC_060947.1	152598774	152598864	152598511	152598680	FLNA	NM_001110556.2	-	2	152598680	152598774	93	2
NC_060947.1	152616213	152616636	1	1	+	NC_060947.1	152616233	152616337	152616485	152616562	EMD	NM_000117.3	+	1	152616337	152616485	147	3
NC_060947.1	152686010	152686553	3	1	+	NC_060947.1	152686190	152686244	152686392	152686440	FAM50A	NM_004699.4	+	3	152686244	152686392	147	1
NC_060947.1	152702645	152703398	3	1	+	NC_060947.1	152702663	152702783	152702889	152703025	PLXNA3	NM_017514.5	+	3	152702783	152702889	105	2
NC_060947.1	152703549	152704035	1	1	+	NC_060947.1	152703570	152703663	152703745	152703984	PLXNA3	NM_017514.5	+	1	152703663	152703745	81	1
NC_060947.1	152703549	152704035	1	1	+	NC_060947.1	152703570	152703663	152703745	152703826	PLXNA3	XM_054327369.1	+	1	152703663	152703745	81	1
NC_060947.1	152703982	152704519	2	1	+	NC_060947.1	152704058	152704201	152704280	152704514	PLXNA3	NM_017514.5	+	2	152704201	152704280	78	1
NC_060947.1	152704038	152705172	1	1	+	NC_060947.1	152704595	152704737	152704816	152705072	PLXNA3	NM_017514.5	+	1	152704737	152704816	78	1
NC_060947.1	152704038	152705172	1	1	+	NC_060947.1	152704058	152704201	152704280	152704514	PLXNA3	XM_054327369.1	+	1	152704201	152704280	78	1
NC_060947.1	152704741	152705617	2	1	+	NC_060947.1	152705176	152705242	152705336	152705482	PLXNA3	NM_017514.5	+	2	152705242	152705336	93	1
NC_060947.1	177269	178637	-3	1	-	NC_060947.1	177999	178101	177498	177572	PPP2R3B	NM_013239.5	-	3	177572	177999	426	10
NC_060947.1	18489122	18489914	-3	1	-	NC_060947.1	18489450	18489528	18489209	18489338	PHKA2	NM_000292.3	-	3	18489338	18489450	111	11
NC_060947.1	23367277	23367724	2	1	+	NC_060947.1	23367341	23367392	23367483	23367566	SAT1	NM_002970.4	+	2	23367392	23367483	90	1
NC_060947.1	46589516	46590098	3	1	+	NC_060947.1	46589575	46589735	46589907	46590004	RBM10	NM_001204466.2	+	3	46589735	46589907	171	5
NC_060947.1	46589516	46590098	3	1	+	NC_060947.1	46589575	46589732	46589907	46590004	RBM10	NM_001204467.2	+	3	46589732	46589907	174	4
NC_060947.1	46589516	46590098	3	1	+	NC_060947.1	46589610	46589735	46589907	46590004	RBM10	XM_054327943.1	+	3	46589735	46589907	171	1
NC_060947.1	46590612	46591566	1	1	+	NC_060947.1	46590910	46591096	46591202	46591341	RBM10	NM_001204466.2	+	1	46591096	46591202	105	14
NC_060947.1	46590612	46591566	1	1	+	NC_060947.1	46591202	46591341	46591444	46591561	RBM10	NM_001204466.2	+	1	46591341	46591444	102	14
NC_060947.1	46608896	46609388	3	1	+	NC_060947.1	46608905	46609073	46609176	46609310	UBA1	NM_001440807.1	+	3	46609073	46609176	102	14
NC_060947.1	46610768	46611374	3	1	+	NC_060947.1	46610972	46611062	46611174	46611306	UBA1	NM_001440807.1	+	3	46611062	46611174	111	14
NC_060947.1	46865795	46866353	-3	1	-	NC_060947.1	46866152	46866278	46865801	46865896	ZNF41	NM_001324140.2	-	3	46865896	46866152	255	10
NC_060947.1	46865795	46866353	-3	1	-	NC_060947.1	46866152	46866294	46865801	46865896	ZNF41	NM_001324142.2	-	3	46865896	46866152	255	18
NC_060947.1	46865795	46866353	-3	1	-	NC_060947.1	46866152	46866318	46865801	46865896	ZNF41	NM_001324151.2	-	3	46865896	46866152	255	8
NC_060947.1	46972851	46973220	1	1	+	NC_060947.1	46972858	46972953	46973116	46973219	ARAF	NM_001256196.2	+	1	46972953	46973116	162	3
NC_060947.1	47891407	47891854	2	1	+	NC_060947.1	47891409	47891512	47891603	47891800	FTSJ1	NM_001282157.2	+	2	47891512	47891603	90	3
NC_060947.1	47891407	47891854	2	1	+	NC_060947.1	47891415	47891512	47891603	47891800	FTSJ1	NM_001441196.1	+	2	47891512	47891603	90	2
NC_060947.1	47891407	47891854	2	1	+	NC_060947.1	47891409	47891512	47891603	47891854	FTSJ1	NM_001441197.1	+	2	47891512	47891603	90	2
NC_060947.1	47891407	47891854	2	1	+	NC_060947.1	47891415	47891512	47891603	47891854	FTSJ1	NM_001441199.1	+	2	47891512	47891603	90	2
NC_060947.1	47923138	47923708	2	1	+	NC_060947.1	47923252	47923377	47923537	47923637	PORCN	NM_001282167.2	+	2	47923377	47923537	159	19
NC_060947.1	47924664	47925042	1	1	+	NC_060947.1	47924729	47924805	47924902	47924965	PORCN	NM_001282167.2	+	1	47924805	47924902	96	19
NC_060947.1	47968170	47969985	1	1	+	NC_060947.1	47968171	47968359	47968627	47969985	TBC1D25	NM_001348262.2	+	1	47968359	47968627	267	5
NC_060947.1	48226604	48227204	3	1	+	NC_060947.1	48226634	48226762	48226958	48227126	HDAC6	NM_001321225.2	+	3	48226762	48226958	195	11
NC_060947.1	48377022	48377595	-2	1	-	NC_060947.1	48377407	48377569	48377224	48377307	KCND1	NM_004979.6	-	2	48377307	48377407	99	1
NC_060947.1	48377022	48377595	-2	1	-	NC_060947.1	48377224	48377307	48377041	48377139	KCND1	NM_004979.6	-	2	48377139	48377224	84	1
NC_060947.1	48391672	48392221	-1	1	-	NC_060947.1	48392063	48392158	48391883	48391939	GRIPAP1	NM_020137.5	-	1	48391939	48392063	123	1
NC_060947.1	48398067	48398703	-2	1	-	NC_060947.1	48398602	48398679	48398254	48398346	GRIPAP1	NM_020137.5	-	2	48398346	48398602	255	1
NC_060947.1	48576474	48577272	1	1	+	NC_060947.1	48576499	48576828	48576928	48577099	MAGIX	NM_001395401.1	+	1	48576828	48576928	99	1
NC_060947.1	48576474	48577272	1	1	+	NC_060947.1	48576601	48576828	48576928	48577099	MAGIX	NM_024859.4	+	1	48576828	48576928	99	1
NC_060947.1	48634381	48635125	-1	1	-	NC_060947.1	48634790	48634997	48634579	48634699	CACNA1F	NM_001256789.3	-	1	48634699	48634790	90	4
NC_060947.1	48634381	48635125	-1	1	-	NC_060947.1	48634579	48634699	48634383	48634464	CACNA1F	NM_001256789.3	-	1	48634464	48634579	114	4
NC_060947.1	48639897	48640353	-2	1	-	NC_060947.1	48640114	48640310	48639899	48640002	CACNA1F	NM_001256789.3	-	2	48640002	48640114	111	4
NC_060947.1	48654755	48655373	3	1	+	NC_060947.1	48654984	48655050	48655150	48655328	CCDC22	NM_014008.5	+	3	48655050	48655150	99	2
NC_060947.1	48654755	48655373	3	1	+	NC_060947.1	48654984	48655047	48655150	48655328	CCDC22	XM_054326913.1	+	3	48655047	48655150	102	1
NC_060947.1	48660836	48661706	3	1	+	NC_060947.1	48661029	48661124	48661371	48661430	CCDC22	NM_014008.5	+	3	48661124	48661371	246	3
NC_060947.1	48663198	48663675	-2	1	-	NC_060947.1	48663526	48663627	48663199	48663345	FOXP3	NM_001114377.2	-	2	48663345	48663526	180	2
NC_060947.1	48668585	48669044	-3	1	-	NC_060947.1	48668761	48668848	48668587	48668691	FOXP3	NM_001114377.2	-	3	48668691	48668761	69	2
NC_060947.1	51166142	51167507	3	1	+	NC_060947.1	51166323	51166490	51166749	51167456	MAGED1	NM_001005333.2	+	3	51166490	51166749	258	1
NC_060947.1	52521809	52522826	-3	1	-	NC_060947.1	52522586	52522759	52522047	52522096	IQSEC2	NM_001111125.3	-	3	52522096	52522586	489	8
NC_060947.1	53734863	53735403	1	1	+	NC_060947.1	53734873	53735040	53735272	53735403	TSR2	NM_001346789.2	+	1	53735040	53735272	231	1
NC_060947.1	53734863	53735403	1	1	+	NC_060947.1	53734885	53735040	53735272	53735403	TSR2	NM_001346790.2	+	1	53735040	53735272	231	3
NC_060947.1	53734863	53735403	1	1	+	NC_060947.1	53734864	53735040	53735272	53735403	TSR2	NM_058163.3	+	1	53735040	53735272	231	1
NC_060947.1	54101682	54102225	1	1	+	NC_060947.1	54101704	54102012	54102133	54102196	MAGED2	NM_014599.6	+	1	54102012	54102133	120	3
NC_060947.1	54103801	54104158	2	1	+	NC_060947.1	54103828	54103907	54104001	54104043	MAGED2	NM_014599.6	+	2	54103907	54104001	93	3
NC_060947.1	54217473	54217929	1	1	+	NC_060947.1	54217579	54217683	54217798	54217861	TRO	NM_001039705.3	+	1	54217683	54217798	114	17
NC_060947.1	54219508	54219868	2	1	+	NC_060947.1	54219538	54219617	54219711	54219753	TRO	NM_001039705.3	+	2	54219617	54219711	93	18
NC_060947.1	6087016	6087982	-1	1	-	NC_060947.1	6087755	6087856	6087128	6087562	VCX3A	NM_016379.4	-	1	6087562	6087755	192	1
NC_060947.1	6087016	6087982	-1	1	-	NC_060947.1	6087128	6087562	6087017	6087037	VCX3A	NM_016379.4	-	1	6087037	6087128	90	1
NC_060947.1	6087016	6087982	-1	1	-	NC_060947.1	6087755	6087856	6087017	6087562	VCX3A	XM_054327179.1	-	1	6087562	6087755	192	1
NC_060947.1	67157364	67157871	1	1	+	NC_060947.1	67157397	67157573	67157757	67157871	STARD8	NM_001142503.3	+	1	67157573	67157757	183	7
NC_060947.1	67273251	67273998	1	1	+	NC_060947.1	67273307	67273435	67273589	67273998	EFNB1	NM_004429.5	+	1	67273435	67273589	153	1
NC_060947.1	68672896	68673613	2	1	+	NC_060947.1	68673061	68673260	68673462	68673613	AWAT1	NM_001013579.3	+	2	68673260	68673462	201	1
NC_060947.1	68866134	68866395	1	1	+	NC_060947.1	68866224	68866252	68866346	68866395	GDPD2	NM_001171191.2	+	1	68866252	68866346	93	5
NC_060947.1	69540327	69540663	-2	1	-	NC_060947.1	69540624	69540648	69540432	69540518	CXorf65	NM_001025265.3	-	2	69540518	69540624	105	2
NC_060947.1	7396754	7397630	3	1	+	NC_060947.1	7396881	7396982	7397175	7397630	VCX	NM_001393662.1	+	3	7396982	7397175	192	2
NC_060947.1	7734716	7735451	-3	1	-	NC_060947.1	7735224	7735325	7734717	7735031	VCX2	NM_016378.3	-	3	7735031	7735224	192	1
NC_060947.1	8031912	8032848	1	1	+	NC_060947.1	8032039	8032140	8032333	8032848	VCX3B	NM_001001888.4	+	1	8032140	8032333	192	1
NC_060947.1	99932555	99940049	3	1	+	NC_060947.1	99932754	99938201	99938628	99940049	ARMCX4	NM_001256155.3	+	3	99938201	99938628	426	1
NC_060948.1	14892491	14893184	-1	1	-	NC_060948.1	14892957	14893058	14892492	14892764	VCY	NM_004679.4	-	1	14892764	14892957	192	1
NC_060948.1	14962820	14963513	3	1	+	NC_060948.1	14962947	14963048	14963241	14963513	VCY1B	NM_181880.2	+	3	14963048	14963241	192	1
NC_060948.1	20388182	20389019	-1	1	-	NC_060948.1	20388881	20388892	20388183	20388568	LOC102723934	XM_047447167.1	-	1	20388568	20388881	312	1
