species,log_intron_length
bonobo,2.2624510897304293
bonobo,2.1398790864012365
bonobo,2.1398790864012365
bonobo,2.1398790864012365
bonobo,2.1398790864012365
bonobo,2.12057393120585
bonobo,2.0791812460476247
bonobo,1.954242509439325
bonobo,2.1398790864012365
bonobo,2.1398790864012365
bonobo,2.1398790864012365
bonobo,2.436162647040756
bonobo,1.954242509439325
bonobo,2.1398790864012365
bonobo,1.9084850188786497
bonobo,1.99563519459755
bonobo,1.9395192526186185
bonobo,1.954242509439325
bonobo,2.296665190261531
bonobo,2.4313637641589874
bonobo,1.9084850188786497
bonobo,2.184691430817599
bonobo,2.0681858617461617
bonobo,2.2174839442139063
bonobo,1.9084850188786497
bonobo,2.1492191126553797
bonobo,1.8388490907372552
bonobo,1.9395192526186185
bonobo,1.9242792860618816
bonobo,2.1398790864012365
bonobo,2.1398790864012365
bonobo,2.369215857410143
bonobo,1.968482948553935
bonobo,2.03342375548695
bonobo,2.130333768495006
bonobo,1.9822712330395684
bonobo,2.130333768495006
bonobo,1.9822712330395684
bonobo,1.9822712330395684
bonobo,2.130333768495006
bonobo,2.167317334748176
bonobo,1.9395192526186185
bonobo,2.2174839442139063
bonobo,2.0453229787866576
bonobo,2.4216039268698313
bonobo,1.9242792860618816
bonobo,2.0453229787866576
bonobo,1.9242792860618816
bonobo,2.1583624920952498
bonobo,2.1398790864012365
bonobo,2.1398790864012365
bonobo,2.03342375548695
bonobo,2.0681858617461617
bonobo,2.255272505103306
bonobo,2.03342375548695
bonobo,2.130333768495006
bonobo,1.968482948553935
bonobo,2.0681858617461617
bonobo,2.0681858617461617
bonobo,2.1760912590556813
bonobo,2.1583624920952498
bonobo,2.225309281725863
bonobo,1.8750612633917
bonobo,2.303196057420489
bonobo,2.0569048513364727
bonobo,1.954242509439325
bonobo,1.9242792860618816
bonobo,1.99563519459755
bonobo,2.184691430817599
bonobo,2.110589710299249
bonobo,2.0453229787866576
bonobo,2.369215857410143
bonobo,1.968482948553935
bonobo,1.968482948553935
bonobo,1.9395192526186185
bonobo,2.2095150145426308
bonobo,2.2405492482826
bonobo,2.0681858617461617
bonobo,2.303196057420489
bonobo,2.1398790864012365
bonobo,2.1492191126553797
bonobo,2.089905111439398
bonobo,2.2833012287035497
bonobo,2.2833012287035497
bonobo,2.2833012287035497
bonobo,2.0681858617461617
bonobo,1.9395192526186185
bonobo,1.9395192526186185
bonobo,1.9242792860618816
bonobo,1.968482948553935
bonobo,2.089905111439398
bonobo,1.9822712330395684
bonobo,1.8920946026904804
bonobo,1.8920946026904804
bonobo,2.247973266361807
bonobo,2.2624510897304293
bonobo,2.3283796034387376
bonobo,2.0681858617461617
bonobo,1.9242792860618816
bonobo,1.9395192526186185
bonobo,2.110589710299249
bonobo,2.7715874808812555
bonobo,1.9395192526186185
bonobo,2.6324572921847245
bonobo,2.3521825181113627
bonobo,2.0569048513364727
bonobo,2.530199698203082
bonobo,2.629409599102719
bonobo,1.9084850188786497
bonobo,2.0791812460476247
bonobo,1.9242792860618816
bonobo,2.2695129442179165
bonobo,2.2695129442179165
bonobo,2.357934847000454
bonobo,2.3636119798921444
bonobo,2.795184589682424
bonobo,2.1492191126553797
bonobo,1.9822712330395684
bonobo,2.406540180433955
bonobo,2.247973266361807
bonobo,1.5563025007672873
bonobo,2.3096301674258988
bonobo,1.968482948553935
bonobo,1.968482948553935
bonobo,1.954242509439325
bonobo,2.0681858617461617
bonobo,2.110589710299249
bonobo,1.7993405494535817
bonobo,1.954242509439325
bonobo,1.954242509439325
bonobo,2.6263403673750423
bonobo,1.9084850188786497
bonobo,2.0453229787866576
bonobo,2.0453229787866576
bonobo,1.954242509439325
bonobo,1.954242509439325
bonobo,1.968482948553935
bonobo,1.8388490907372552
bonobo,2.100370545117563
bonobo,1.8750612633917
bonobo,2.290034611362518
bonobo,2.0453229787866576
bonobo,3.1126050015345745
bonobo,2.0211892990699383
bonobo,2.0211892990699383
bonobo,2.459392487759231
bonobo,2.2095150145426308
bonobo,1.9084850188786497
bonobo,1.9242792860618816
bonobo,1.9084850188786497
bonobo,1.968482948553935
bonobo,1.8573324964312685
bonobo,1.8573324964312685
bonobo,1.9242792860618816
bonobo,2.0791812460476247
bonobo,1.9242792860618816
bonobo,2.0453229787866576
bonobo,2.03342375548695
bonobo,2.03342375548695
bonobo,2.0569048513364727
bonobo,1.9242792860618816
bonobo,1.9242792860618816
bonobo,2.1760912590556813
bonobo,2.03342375548695
bonobo,1.7323937598229686
bonobo,2.0086001717619175
bonobo,1.9084850188786497
bonobo,1.8920946026904804
bonobo,2.322219294733919
bonobo,2.0681858617461617
bonobo,2.110589710299249
bonobo,1.7558748556724915
bonobo,2.48572142648158
bonobo,1.954242509439325
bonobo,1.954242509439325
bonobo,1.968482948553935
bonobo,1.9822712330395684
bonobo,2.2405492482826
bonobo,2.2329961103921536
bonobo,1.954242509439325
bonobo,1.9084850188786497
bonobo,1.9084850188786497
bonobo,2.0211892990699383
bonobo,1.9822712330395684
bonobo,2.2174839442139063
bonobo,2.3283796034387376
bonobo,2.0453229787866576
bonobo,2.12057393120585
bonobo,1.9395192526186185
bonobo,1.9242792860618816
bonobo,1.9084850188786497
bonobo,1.968482948553935
bonobo,2.4727564493172123
bonobo,2.2174839442139063
bonobo,2.0453229787866576
bonobo,2.1492191126553797
bonobo,2.41161970596323
bonobo,2.41161970596323
bonobo,1.9822712330395684
bonobo,2.03342375548695
bonobo,1.9084850188786497
bonobo,1.9242792860618816
bonobo,2.167317334748176
bonobo,1.99563519459755
bonobo,1.99563519459755
bonobo,2.225309281725863
bonobo,2.0453229787866576
bonobo,2.089905111439398
bonobo,2.0681858617461617
bonobo,2.514547752660286
bonobo,2.2695129442179165
bonobo,1.8920946026904804
bonobo,2.2695129442179165
bonobo,2.167317334748176
bonobo,2.380211241711606
bonobo,2.0086001717619175
bonobo,1.8573324964312685
bonobo,1.8573324964312685
bonobo,1.954242509439325
bonobo,1.9822712330395684
bonobo,1.9395192526186185
bonobo,2.3096301674258988
bonobo,2.0211892990699383
bonobo,2.03342375548695
bonobo,2.552668216112193
bonobo,2.459392487759231
bonobo,2.0211892990699383
bonobo,1.954242509439325
bonobo,2.03342375548695
bonobo,2.03342375548695
bonobo,2.03342375548695
bonobo,2.2624510897304293
bonobo,2.0569048513364727
bonobo,2.2174839442139063
bonobo,2.089905111439398
bonobo,2.296665190261531
bonobo,2.089905111439398
bonobo,2.0453229787866576
bonobo,2.184691430817599
bonobo,2.0791812460476247
bonobo,2.290034611362518
bonobo,2.089905111439398
bonobo,2.69196510276736
bonobo,2.2833012287035497
bonobo,2.100370545117563
bonobo,1.8920946026904804
bonobo,1.9242792860618816
bonobo,2.2624510897304293
bonobo,2.1760912590556813
bonobo,1.9395192526186185
bonobo,2.406540180433955
bonobo,1.9084850188786497
bonobo,1.9084850188786497
bonobo,2.1931245983544616
bonobo,2.1931245983544616
bonobo,1.8920946026904804
bonobo,1.9242792860618816
bonobo,2.380211241711606
bonobo,2.0453229787866576
bonobo,1.8920946026904804
bonobo,1.9084850188786497
bonobo,1.9395192526186185
bonobo,1.954242509439325
bonobo,2.089905111439398
bonobo,2.089905111439398
bonobo,1.968482948553935
bonobo,2.45484486000851
bonobo,1.9242792860618816
bonobo,1.9242792860618816
bonobo,2.2174839442139063
bonobo,2.450249108319361
bonobo,2.2013971243204513
bonobo,2.184691430817599
bonobo,2.2405492482826
bonobo,1.9084850188786497
bonobo,2.0086001717619175
bonobo,2.03342375548695
bonobo,2.3636119798921444
bonobo,1.99563519459755
bonobo,2.100370545117563
bonobo,1.968482948553935
bonobo,1.968482948553935
bonobo,2.0569048513364727
bonobo,1.9822712330395684
bonobo,2.4683473304121573
bonobo,2.2329961103921536
bonobo,1.8750612633917
bonobo,2.5809249756756194
bonobo,1.9242792860618816
bonobo,2.110589710299249
bonobo,2.2013971243204513
bonobo,2.2095150145426308
bonobo,2.0453229787866576
bonobo,2.225309281725863
bonobo,1.968482948553935
bonobo,1.968482948553935
bonobo,2.03342375548695
bonobo,2.089905111439398
bonobo,1.9822712330395684
bonobo,2.2013971243204513
bonobo,1.8920946026904804
bonobo,1.8920946026904804
bonobo,2.0086001717619175
bonobo,2.0453229787866576
bonobo,2.12057393120585
bonobo,1.9242792860618816
bonobo,1.99563519459755
bonobo,2.2174839442139063
bonobo,2.100370545117563
bonobo,1.9084850188786497
bonobo,2.0211892990699383
bonobo,2.0569048513364727
bonobo,1.9242792860618816
bonobo,1.968482948553935
bonobo,1.968482948553935
bonobo,2.0569048513364727
bonobo,2.0211892990699383
bonobo,2.0569048513364727
bonobo,1.9242792860618816
bonobo,1.968482948553935
bonobo,1.968482948553935
bonobo,2.0569048513364727
bonobo,2.0569048513364727
bonobo,1.9395192526186185
bonobo,2.0086001717619175
bonobo,2.0791812460476247
bonobo,2.0681858617461617
bonobo,2.0569048513364727
bonobo,2.03342375548695
bonobo,2.255272505103306
bonobo,2.494154594018443
bonobo,2.494154594018443
bonobo,1.9084850188786497
bonobo,2.0681858617461617
bonobo,1.9084850188786497
bonobo,2.12057393120585
bonobo,2.3521825181113627
bonobo,2.5224442335063197
bonobo,2.41161970596323
bonobo,1.968482948553935
bonobo,2.12057393120585
bonobo,2.03342375548695
bonobo,2.1583624920952498
bonobo,2.1583624920952498
bonobo,1.8750612633917
bonobo,2.167317334748176
bonobo,2.416640507338281
bonobo,2.346352974450639
bonobo,2.3909351071033793
bonobo,1.99563519459755
bonobo,2.725094521081469
bonobo,2.225309281725863
bonobo,1.968482948553935
bonobo,1.9242792860618816
bonobo,2.03342375548695
bonobo,2.130333768495006
bonobo,2.1760912590556813
bonobo,2.0211892990699383
bonobo,2.2174839442139063
bonobo,2.584331224367531
bonobo,2.0791812460476247
bonobo,1.9395192526186185
bonobo,2.0211892990699383
bonobo,2.2013971243204513
bonobo,1.8195439355418688
bonobo,2.6532125137753435
bonobo,2.0453229787866576
bonobo,2.0086001717619175
bonobo,2.416640507338281
bonobo,1.9242792860618816
bonobo,2.184691430817599
bonobo,2.184691430817599
bonobo,1.9395192526186185
bonobo,2.110589710299249
bonobo,2.0453229787866576
bonobo,2.0211892990699383
bonobo,1.954242509439325
bonobo,1.954242509439325
bonobo,2.459392487759231
bonobo,2.1398790864012365
bonobo,2.12057393120585
bonobo,2.03342375548695
bonobo,2.12057393120585
bonobo,2.089905111439398
bonobo,2.2405492482826
bonobo,1.6532125137753437
bonobo,1.9395192526186185
bonobo,2.100370545117563
bonobo,2.247973266361807
bonobo,1.9084850188786497
bonobo,1.9822712330395684
bonobo,2.374748346010104
bonobo,2.385606273598312
bonobo,2.100370545117563
bonobo,2.6201360549737576
bonobo,1.8750612633917
bonobo,2.100370545117563
bonobo,1.8920946026904804
bonobo,2.0453229787866576
bonobo,2.0211892990699383
bonobo,1.9822712330395684
bonobo,2.247973266361807
bonobo,1.968482948553935
bonobo,1.8195439355418688
bonobo,2.385606273598312
bonobo,2.450249108319361
bonobo,2.385606273598312
bonobo,2.130333768495006
bonobo,2.3404441148401185
bonobo,1.9395192526186185
bonobo,2.1583624920952498
bonobo,2.1492191126553797
bonobo,2.0791812460476247
bonobo,2.0453229787866576
bonobo,2.0681858617461617
bonobo,2.0681858617461617
bonobo,2.0681858617461617
bonobo,2.5185139398778875
bonobo,1.9242792860618816
bonobo,2.225309281725863
bonobo,1.99563519459755
bonobo,1.99563519459755
bonobo,2.2174839442139063
bonobo,1.99563519459755
bonobo,1.99563519459755
bonobo,2.247973266361807
bonobo,2.0453229787866576
bonobo,1.99563519459755
bonobo,1.8750612633917
bonobo,1.8920946026904804
bonobo,1.8750612633917
bonobo,1.8388490907372552
bonobo,1.9242792860618816
bonobo,2.0211892990699383
bonobo,2.0681858617461617
bonobo,2.5415792439465807
bonobo,2.1398790864012365
bonobo,2.1398790864012365
bonobo,2.3521825181113627
bonobo,2.130333768495006
bonobo,2.130333768495006
bonobo,2.2095150145426308
bonobo,2.2095150145426308
bonobo,1.9242792860618816
bonobo,2.12057393120585
bonobo,2.416640507338281
bonobo,1.9822712330395684
bonobo,1.9822712330395684
bonobo,1.9822712330395684
bonobo,2.0791812460476247
bonobo,2.0791812460476247
bonobo,2.130333768495006
bonobo,1.9395192526186185
bonobo,2.2013971243204513
bonobo,2.03342375548695
bonobo,1.8573324964312685
bonobo,1.8750612633917
bonobo,2.03342375548695
bonobo,2.110589710299249
bonobo,2.0681858617461617
bonobo,1.9822712330395684
bonobo,1.9822712330395684
bonobo,1.8920946026904804
bonobo,2.2764618041732443
bonobo,1.9084850188786497
bonobo,1.968482948553935
bonobo,2.0211892990699383
bonobo,2.0211892990699383
bonobo,1.968482948553935
bonobo,1.8920946026904804
bonobo,2.0453229787866576
bonobo,1.954242509439325
bonobo,2.0086001717619175
bonobo,1.9822712330395684
bonobo,2.0086001717619175
bonobo,2.0569048513364727
bonobo,1.8750612633917
bonobo,1.8750612633917
bonobo,1.9395192526186185
bonobo,1.8920946026904804
bonobo,1.9084850188786497
bonobo,2.2405492482826
bonobo,1.9242792860618816
bonobo,1.8750612633917
bonobo,2.2624510897304293
bonobo,2.0569048513364727
bonobo,1.8750612633917
bonobo,1.954242509439325
bonobo,1.954242509439325
bonobo,1.954242509439325
bonobo,1.9822712330395684
bonobo,2.110589710299249
bonobo,2.110589710299249
bonobo,2.0453229787866576
bonobo,1.9822712330395684
bonobo,2.357934847000454
bonobo,2.2174839442139063
bonobo,2.12057393120585
bonobo,2.167317334748176
bonobo,2.110589710299249
bonobo,2.0086001717619175
bonobo,1.8750612633917
bonobo,1.99563519459755
bonobo,2.0211892990699383
bonobo,2.2329961103921536
bonobo,2.184691430817599
bonobo,2.0086001717619175
bonobo,2.255272505103306
bonobo,2.110589710299249
bonobo,2.0569048513364727
bonobo,2.1760912590556813
bonobo,2.089905111439398
bonobo,2.2329961103921536
bonobo,2.2329961103921536
bonobo,1.8920946026904804
bonobo,1.9084850188786497
bonobo,2.0211892990699383
bonobo,1.6812412373755872
bonobo,2.0453229787866576
bonobo,2.514547752660286
bonobo,2.0086001717619175
bonobo,2.3521825181113627
bonobo,2.5024271199844326
bonobo,2.369215857410143
bonobo,1.954242509439325
bonobo,1.5185139398778875
bonobo,2.3636119798921444
bonobo,2.3636119798921444
bonobo,2.184691430817599
bonobo,2.6532125137753435
bonobo,2.303196057420489
bonobo,1.9822712330395684
bonobo,2.1760912590556813
bonobo,1.9822712330395684
bonobo,1.9822712330395684
bonobo,1.9822712330395684
bonobo,1.9822712330395684
bonobo,1.8920946026904804
bonobo,2.225309281725863
bonobo,1.99563519459755
bonobo,2.1398790864012365
bonobo,1.8920946026904804
bonobo,2.0681858617461617
bonobo,2.0569048513364727
bonobo,2.2329961103921536
bonobo,2.0681858617461617
bonobo,2.6646419755561257
bonobo,2.1583624920952498
bonobo,1.9395192526186185
bonobo,2.03342375548695
bonobo,2.130333768495006
bonobo,2.130333768495006
bonobo,2.0086001717619175
bonobo,2.459392487759231
bonobo,2.12057393120585
bonobo,1.99563519459755
bonobo,2.0211892990699383
bonobo,1.954242509439325
bonobo,1.9395192526186185
bonobo,1.9395192526186185
bonobo,1.9395192526186185
bonobo,2.0086001717619175
bonobo,1.9242792860618816
bonobo,2.526339277389844
bonobo,2.089905111439398
bonobo,2.45484486000851
bonobo,2.100370545117563
bonobo,2.2833012287035497
bonobo,2.406540180433955
bonobo,2.03342375548695
bonobo,2.5599066250361124
bonobo,2.0569048513364727
bonobo,1.8920946026904804
bonobo,2.401400540781544
bonobo,2.2329961103921536
bonobo,2.4216039268698313
bonobo,2.0211892990699383
bonobo,2.5943925503754266
bonobo,2.385606273598312
bonobo,2.2833012287035497
bonobo,2.110589710299249
bonobo,1.8920946026904804
bonobo,2.2624510897304293
bonobo,2.6074550232146687
bonobo,2.1492191126553797
bonobo,1.8573324964312685
bonobo,1.9242792860618816
bonobo,2.100370545117563
bonobo,1.9822712330395684
bonobo,2.0211892990699383
bonobo,2.705007959333336
bonobo,3.1812717715594614
bonobo,3.9511917579347062
bonobo,1.9242792860618816
bonobo,2.167317334748176
bonobo,2.100370545117563
bonobo,1.954242509439325
bonobo,1.6812412373755872
bonobo,2.6972293427597176
bonobo,3.330210784571528
bonobo,3.6216954623292787
bonobo,2.4216039268698313
bonobo,2.3096301674258988
bonobo,2.2095150145426308
bonobo,2.6201360549737576
bonobo,2.658964842664435
bonobo,1.9395192526186185
bonobo,2.6972293427597176
bonobo,3.1024337056813365
bonobo,2.69196510276736
bonobo,2.760422483423212
bonobo,2.0791812460476247
bonobo,2.290034611362518
bonobo,1.8388490907372552
bonobo,1.9822712330395684
bonobo,2.2013971243204513
bonobo,1.9822712330395684
bonobo,1.9242792860618816
bonobo,2.255272505103306
bonobo,2.4313637641589874
bonobo,2.0086001717619175
bonobo,1.99563519459755
bonobo,1.9242792860618816
bonobo,1.954242509439325
bonobo,1.968482948553935
bonobo,2.0453229787866576
bonobo,1.9395192526186185
bonobo,2.3636119798921444
bonobo,2.45484486000851
bonobo,2.12057393120585
bonobo,1.8573324964312685
bonobo,2.0569048513364727
bonobo,2.2095150145426308
bonobo,2.0681858617461617
bonobo,2.0086001717619175
bonobo,2.0086001717619175
bonobo,2.0086001717619175
bonobo,2.0453229787866576
bonobo,1.9242792860618816
bonobo,1.8920946026904804
bonobo,2.225309281725863
bonobo,2.0681858617461617
bonobo,1.8920946026904804
bonobo,1.9395192526186185
bonobo,2.1931245983544616
bonobo,2.1583624920952498
bonobo,2.2013971243204513
bonobo,2.03342375548695
bonobo,2.12057393120585
bonobo,2.089905111439398
bonobo,1.9242792860618816
bonobo,2.303196057420489
bonobo,1.9242792860618816
bonobo,1.9084850188786497
bonobo,1.9395192526186185
bonobo,1.968482948553935
bonobo,1.9084850188786497
bonobo,2.0681858617461617
bonobo,2.0681858617461617
bonobo,1.954242509439325
bonobo,2.2013971243204513
bonobo,2.2013971243204513
bonobo,2.0086001717619175
bonobo,2.0086001717619175
bonobo,1.8750612633917
bonobo,2.247973266361807
bonobo,2.225309281725863
bonobo,2.0086001717619175
bonobo,2.0791812460476247
bonobo,1.8920946026904804
bonobo,2.0086001717619175
bonobo,2.0453229787866576
bonobo,2.110589710299249
bonobo,2.089905111439398
bonobo,2.0086001717619175
bonobo,2.2695129442179165
bonobo,2.184691430817599
bonobo,2.2174839442139063
bonobo,1.8920946026904804
bonobo,1.8750612633917
bonobo,2.2405492482826
bonobo,1.954242509439325
bonobo,1.99563519459755
bonobo,1.8920946026904804
bonobo,2.225309281725863
bonobo,1.9242792860618816
bonobo,2.7075701760979363
bonobo,1.8750612633917
bonobo,2.225309281725863
bonobo,1.9242792860618816
bonobo,2.0211892990699383
bonobo,1.9242792860618816
bonobo,2.2174839442139063
bonobo,2.2405492482826
bonobo,2.2405492482826
bonobo,1.9395192526186185
bonobo,2.1492191126553797
bonobo,2.2624510897304293
bonobo,2.1492191126553797
bonobo,1.968482948553935
bonobo,1.954242509439325
bonobo,2.0681858617461617
bonobo,2.2013971243204513
bonobo,2.0791812460476247
bonobo,1.9822712330395684
bonobo,1.9822712330395684
bonobo,1.99563519459755
bonobo,2.0569048513364727
bonobo,2.0681858617461617
bonobo,1.9084850188786497
bonobo,2.436162647040756
bonobo,2.0569048513364727
bonobo,1.968482948553935
bonobo,1.8750612633917
bonobo,2.2624510897304293
bonobo,2.12057393120585
bonobo,1.4771212547196624
bonobo,2.0681858617461617
bonobo,2.12057393120585
bonobo,1.9395192526186185
bonobo,2.374748346010104
bonobo,2.416640507338281
bonobo,2.110589710299249
bonobo,1.954242509439325
bonobo,1.954242509439325
bonobo,1.968482948553935
bonobo,2.089905111439398
bonobo,1.9395192526186185
bonobo,2.0453229787866576
bonobo,2.1583624920952498
bonobo,2.130333768495006
bonobo,2.3404441148401185
bonobo,1.9395192526186185
bonobo,2.03342375548695
bonobo,2.1760912590556813
bonobo,1.9242792860618816
bonobo,2.3096301674258988
bonobo,1.9242792860618816
bonobo,1.954242509439325
bonobo,1.9242792860618816
bonobo,1.954242509439325
bonobo,1.9242792860618816
bonobo,2.03342375548695
bonobo,2.0211892990699383
bonobo,1.99563519459755
bonobo,2.5809249756756194
bonobo,2.5809249756756194
bonobo,2.0681858617461617
bonobo,2.2013971243204513
bonobo,2.247973266361807
bonobo,2.225309281725863
bonobo,1.8750612633917
bonobo,1.9242792860618816
bonobo,1.8920946026904804
bonobo,2.3961993470957363
bonobo,2.03342375548695
bonobo,2.2174839442139063
bonobo,1.99563519459755
bonobo,2.2624510897304293
bonobo,2.2624510897304293
bonobo,1.9084850188786497
bonobo,1.954242509439325
bonobo,1.99563519459755
bonobo,2.0211892990699383
bonobo,2.2013971243204513
bonobo,1.9242792860618816
bonobo,1.968482948553935
bonobo,1.9822712330395684
bonobo,2.0211892990699383
bonobo,2.7867514221455614
bonobo,2.089905111439398
bonobo,1.954242509439325
bonobo,2.0681858617461617
bonobo,2.315970345456918
bonobo,2.315970345456918
bonobo,2.315970345456918
bonobo,2.4313637641589874
bonobo,2.494154594018443
bonobo,1.7993405494535817
bonobo,2.0211892990699383
bonobo,2.0211892990699383
bonobo,1.9395192526186185
bonobo,2.255272505103306
bonobo,2.1583624920952498
bonobo,2.406540180433955
bonobo,2.494154594018443
bonobo,1.968482948553935
bonobo,2.0211892990699383
bonobo,2.0211892990699383
bonobo,1.9242792860618816
bonobo,2.416640507338281
bonobo,2.0211892990699383
bonobo,2.0086001717619175
bonobo,1.8920946026904804
bonobo,1.9395192526186185
bonobo,2.1398790864012365
bonobo,2.5490032620257876
bonobo,2.167317334748176
bonobo,2.617000341120899
bonobo,2.12057393120585
bonobo,2.2624510897304293
bonobo,2.2013971243204513
bonobo,2.2624510897304293
bonobo,1.9395192526186185
bonobo,2.100370545117563
bonobo,1.954242509439325
bonobo,1.9822712330395684
bonobo,2.1492191126553797
bonobo,2.130333768495006
bonobo,2.0086001717619175
bonobo,1.954242509439325
bonobo,2.2833012287035497
bonobo,2.0211892990699383
bonobo,1.9822712330395684
bonobo,2.0086001717619175
bonobo,1.8920946026904804
bonobo,2.0791812460476247
bonobo,2.0681858617461617
bonobo,2.12057393120585
bonobo,2.12057393120585
bonobo,2.184691430817599
bonobo,2.2013971243204513
bonobo,1.7781512503836436
bonobo,2.03342375548695
bonobo,2.2329961103921536
bonobo,2.0211892990699383
bonobo,2.167317334748176
bonobo,2.357934847000454
bonobo,2.0569048513364727
bonobo,2.1583624920952498
bonobo,1.9084850188786497
bonobo,2.0453229787866576
bonobo,2.1583624920952498
bonobo,2.0211892990699383
bonobo,1.9822712330395684
bonobo,1.9395192526186185
bonobo,2.2624510897304293
bonobo,1.9395192526186185
bonobo,2.255272505103306
bonobo,2.3096301674258988
bonobo,2.380211241711606
bonobo,1.9822712330395684
bonobo,2.346352974450639
bonobo,1.9242792860618816
bonobo,1.9242792860618816
bonobo,1.9242792860618816
bonobo,2.346352974450639
bonobo,2.0681858617461617
bonobo,2.255272505103306
bonobo,2.255272505103306
bonobo,2.255272505103306
bonobo,1.9084850188786497
bonobo,2.290034611362518
bonobo,1.9084850188786497
bonobo,1.968482948553935
bonobo,2.1931245983544616
bonobo,1.9242792860618816
bonobo,2.782472624166286
bonobo,1.9084850188786497
bonobo,1.8573324964312685
bonobo,1.968482948553935
bonobo,1.954242509439325
bonobo,1.968482948553935
bonobo,1.968482948553935
bonobo,2.56702636615906
bonobo,1.968482948553935
bonobo,1.9822712330395684
bonobo,2.357934847000454
bonobo,1.8750612633917
bonobo,1.9084850188786497
bonobo,1.99563519459755
bonobo,2.510545010206612
bonobo,2.5415792439465807
bonobo,2.0086001717619175
bonobo,1.8920946026904804
bonobo,2.45484486000851
bonobo,2.110589710299249
bonobo,2.03342375548695
bonobo,1.99563519459755
bonobo,1.9242792860618816
bonobo,1.8920946026904804
bonobo,1.954242509439325
bonobo,2.089905111439398
bonobo,2.089905111439398
bonobo,1.9395192526186185
bonobo,2.374748346010104
bonobo,2.782472624166286
bonobo,2.2013971243204513
bonobo,2.303196057420489
bonobo,2.2095150145426308
bonobo,1.9242792860618816
bonobo,1.9242792860618816
bonobo,2.4899584794248346
bonobo,2.678518379040114
bonobo,1.9395192526186185
bonobo,2.0086001717619175
bonobo,2.4216039268698313
bonobo,2.03342375548695
bonobo,2.4313637641589874
bonobo,2.0453229787866576
bonobo,2.110589710299249
bonobo,2.2624510897304293
bonobo,1.8750612633917
bonobo,2.184691430817599
bonobo,2.3636119798921444
bonobo,2.3636119798921444
bonobo,2.0086001717619175
bonobo,1.954242509439325
bonobo,2.0211892990699383
bonobo,2.1492191126553797
bonobo,1.8920946026904804
bonobo,2.3636119798921444
bonobo,2.089905111439398
bonobo,1.6232492903979006
bonobo,2.089905111439398
bonobo,2.12057393120585
bonobo,2.2013971243204513
bonobo,1.954242509439325
bonobo,2.0086001717619175
bonobo,1.9242792860618816
bonobo,2.0569048513364727
bonobo,2.12057393120585
bonobo,1.954242509439325
bonobo,2.0453229787866576
bonobo,2.0086001717619175
bonobo,2.0791812460476247
bonobo,1.954242509439325
bonobo,2.089905111439398
bonobo,2.0086001717619175
bonobo,2.247973266361807
bonobo,1.9395192526186185
bonobo,2.6263403673750423
bonobo,2.03342375548695
bonobo,1.968482948553935
bonobo,2.110589710299249
bonobo,2.1760912590556813
bonobo,1.9242792860618816
bonobo,2.0569048513364727
bonobo,1.8920946026904804
bonobo,1.9822712330395684
bonobo,2.1931245983544616
bonobo,1.968482948553935
bonobo,1.9242792860618816
bonobo,2.0086001717619175
bonobo,2.089905111439398
bonobo,2.03342375548695
bonobo,1.99563519459755
bonobo,1.9242792860618816
bonobo,1.9395192526186185
bonobo,2.0086001717619175
bonobo,2.7299742856995555
bonobo,2.3636119798921444
bonobo,2.3636119798921444
bonobo,2.2405492482826
bonobo,2.385606273598312
bonobo,2.3521825181113627
bonobo,2.0453229787866576
bonobo,2.0453229787866576
bonobo,2.089905111439398
bonobo,1.9822712330395684
bonobo,1.968482948553935
bonobo,1.9242792860618816
bonobo,1.954242509439325
bonobo,1.968482948553935
bonobo,2.7101173651118162
bonobo,2.130333768495006
bonobo,2.03342375548695
bonobo,1.9084850188786497
bonobo,2.0681858617461617
bonobo,1.8920946026904804
bonobo,1.9822712330395684
bonobo,2.03342375548695
bonobo,2.6532125137753435
bonobo,2.167317334748176
bonobo,2.481442628502305
bonobo,2.0681858617461617
bonobo,2.184691430817599
bonobo,2.450249108319361
bonobo,2.1760912590556813
bonobo,1.9084850188786497
bonobo,1.99563519459755
bonobo,2.225309281725863
bonobo,2.380211241711606
bonobo,2.380211241711606
bonobo,2.0569048513364727
bonobo,2.2013971243204513
bonobo,1.9242792860618816
bonobo,2.2695129442179165
bonobo,2.130333768495006
bonobo,1.9084850188786497
bonobo,1.9395192526186185
bonobo,2.6473829701146196
bonobo,1.99563519459755
bonobo,1.99563519459755
bonobo,1.99563519459755
bonobo,1.9242792860618816
bonobo,1.9395192526186185
bonobo,1.9395192526186185
bonobo,1.968482948553935
bonobo,1.968482948553935
bonobo,2.110589710299249
bonobo,1.99563519459755
bonobo,1.954242509439325
bonobo,1.8750612633917
bonobo,1.8750612633917
bonobo,1.954242509439325
bonobo,1.9822712330395684
bonobo,1.9822712330395684
bonobo,1.9822712330395684
bonobo,2.0681858617461617
bonobo,2.0453229787866576
bonobo,2.0453229787866576
bonobo,2.089905111439398
bonobo,2.1492191126553797
bonobo,2.315970345456918
bonobo,2.315970345456918
bonobo,2.315970345456918
bonobo,2.3636119798921444
bonobo,1.9084850188786497
bonobo,1.9395192526186185
bonobo,2.369215857410143
bonobo,1.99563519459755
bonobo,1.968482948553935
bonobo,1.99563519459755
bonobo,1.9822712330395684
bonobo,1.954242509439325
bonobo,2.0569048513364727
bonobo,1.954242509439325
bonobo,1.9242792860618816
bonobo,1.9084850188786497
bonobo,1.9084850188786497
bonobo,2.0791812460476247
bonobo,1.968482948553935
bonobo,1.968482948553935
bonobo,2.3283796034387376
bonobo,1.99563519459755
bonobo,1.99563519459755
bonobo,2.089905111439398
bonobo,1.8920946026904804
bonobo,2.3096301674258988
bonobo,1.954242509439325
bonobo,1.968482948553935
bonobo,2.1398790864012365
bonobo,1.9395192526186185
bonobo,1.9395192526186185
bonobo,2.1398790864012365
bonobo,1.9242792860618816
bonobo,2.4771212547196626
bonobo,2.110589710299249
bonobo,1.8920946026904804
bonobo,2.357934847000454
bonobo,2.2764618041732443
bonobo,1.954242509439325
bonobo,2.2833012287035497
bonobo,1.8573324964312685
bonobo,2.1583624920952498
bonobo,1.9084850188786497
bonobo,1.8920946026904804
bonobo,1.9395192526186185
bonobo,2.1492191126553797
bonobo,2.0569048513364727
bonobo,2.3344537511509307
bonobo,2.303196057420489
bonobo,2.357934847000454
bonobo,1.9822712330395684
bonobo,1.9822712330395684
bonobo,1.9084850188786497
bonobo,2.494154594018443
bonobo,2.5224442335063197
bonobo,1.9395192526186185
bonobo,2.12057393120585
bonobo,1.968482948553935
bonobo,2.0086001717619175
bonobo,2.2174839442139063
bonobo,2.1492191126553797
bonobo,1.954242509439325
bonobo,2.3636119798921444
bonobo,2.2013971243204513
bonobo,1.9242792860618816
bonobo,1.9395192526186185
bonobo,2.225309281725863
bonobo,1.968482948553935
bonobo,2.0211892990699383
bonobo,1.968482948553935
bonobo,2.315970345456918
bonobo,1.8920946026904804
bonobo,2.167317334748176
bonobo,1.9395192526186185
bonobo,1.9084850188786497
bonobo,2.574031267727719
bonobo,1.8750612633917
bonobo,1.9395192526186185
bonobo,2.2764618041732443
bonobo,2.0211892990699383
bonobo,2.1583624920952498
bonobo,2.1583624920952498
bonobo,1.8920946026904804
bonobo,2.0453229787866576
bonobo,2.089905111439398
bonobo,2.2624510897304293
bonobo,2.3283796034387376
bonobo,2.3961993470957363
bonobo,2.374748346010104
bonobo,2.2764618041732443
bonobo,1.954242509439325
bonobo,2.2329961103921536
bonobo,1.8750612633917
bonobo,1.8750612633917
bonobo,2.3283796034387376
bonobo,2.3636119798921444
bonobo,2.2013971243204513
bonobo,2.0791812460476247
bonobo,2.1492191126553797
bonobo,2.089905111439398
bonobo,2.357934847000454
bonobo,2.1492191126553797
bonobo,2.1492191126553797
bonobo,2.1492191126553797
bonobo,2.552668216112193
bonobo,2.2174839442139063
bonobo,1.9395192526186185
bonobo,1.954242509439325
bonobo,2.0086001717619175
bonobo,2.4216039268698313
bonobo,2.303196057420489
bonobo,2.100370545117563
bonobo,1.9084850188786497
bonobo,1.99563519459755
bonobo,2.537819095073274
bonobo,1.9395192526186185
bonobo,1.9084850188786497
bonobo,2.100370545117563
bonobo,1.954242509439325
bonobo,2.03342375548695
bonobo,2.110589710299249
bonobo,2.3283796034387376
bonobo,2.225309281725863
bonobo,2.03342375548695
bonobo,1.9242792860618816
bonobo,2.41161970596323
bonobo,1.8920946026904804
bonobo,1.8920946026904804
bonobo,2.2405492482826
bonobo,1.99563519459755
bonobo,1.8920946026904804
bonobo,2.380211241711606
bonobo,2.1931245983544616
bonobo,2.130333768495006
bonobo,2.2695129442179165
bonobo,2.184691430817599
bonobo,2.184691430817599
bonobo,2.184691430817599
bonobo,2.184691430817599
bonobo,1.954242509439325
bonobo,2.089905111439398
bonobo,2.2405492482826
bonobo,2.167317334748176
bonobo,1.9242792860618816
bonobo,2.1760912590556813
bonobo,1.99563519459755
bonobo,1.8750612633917
bonobo,1.8573324964312685
bonobo,1.9242792860618816
bonobo,1.954242509439325
bonobo,2.1492191126553797
bonobo,1.9084850188786497
bonobo,2.459392487759231
bonobo,1.9395192526186185
bonobo,2.1492191126553797
bonobo,2.1931245983544616
bonobo,1.954242509439325
bonobo,2.247973266361807
bonobo,2.1492191126553797
bonobo,1.9242792860618816
bonobo,2.247973266361807
bonobo,2.1760912590556813
bonobo,2.0569048513364727
bonobo,2.3404441148401185
bonobo,1.8573324964312685
bonobo,1.8750612633917
bonobo,1.9395192526186185
bonobo,2.0791812460476247
bonobo,1.9395192526186185
bonobo,1.9395192526186185
bonobo,2.0569048513364727
bonobo,1.8750612633917
bonobo,2.597695185925512
bonobo,2.0453229787866576
bonobo,1.9242792860618816
bonobo,2.3344537511509307
bonobo,1.8750612633917
bonobo,1.968482948553935
bonobo,2.184691430817599
bonobo,2.705007959333336
bonobo,1.9084850188786497
bonobo,2.0086001717619175
bonobo,1.8388490907372552
bonobo,1.8750612633917
bonobo,2.2013971243204513
bonobo,2.1398790864012365
bonobo,1.9822712330395684
bonobo,1.9395192526186185
bonobo,1.9242792860618816
bonobo,1.9242792860618816
bonobo,1.8920946026904804
bonobo,2.303196057420489
bonobo,2.0453229787866576
bonobo,1.9822712330395684
bonobo,1.7323937598229686
bonobo,1.9242792860618816
bonobo,1.9242792860618816
bonobo,1.9822712330395684
bonobo,2.0453229787866576
bonobo,1.954242509439325
bonobo,1.9822712330395684
bonobo,2.110589710299249
bonobo,1.968482948553935
bonobo,1.9822712330395684
bonobo,1.9822712330395684
bonobo,2.534026106056135
bonobo,2.2095150145426308
bonobo,2.2095150145426308
bonobo,1.99563519459755
bonobo,2.089905111439398
bonobo,1.968482948553935
bonobo,2.3344537511509307
bonobo,2.296665190261531
bonobo,1.954242509439325
bonobo,1.9084850188786497
bonobo,2.130333768495006
bonobo,2.0453229787866576
bonobo,1.8920946026904804
bonobo,1.9395192526186185
bonobo,1.9242792860618816
bonobo,2.0681858617461617
bonobo,2.0453229787866576
bonobo,1.8920946026904804
bonobo,2.12057393120585
bonobo,1.9395192526186185
bonobo,1.8920946026904804
bonobo,2.416640507338281
bonobo,1.9822712330395684
bonobo,1.8920946026904804
bonobo,1.9242792860618816
bonobo,2.0211892990699383
bonobo,1.9822712330395684
bonobo,2.851869600729766
bonobo,2.851869600729766
bonobo,2.2174839442139063
bonobo,2.401400540781544
bonobo,1.9242792860618816
bonobo,1.9084850188786497
bonobo,1.9242792860618816
bonobo,2.03342375548695
bonobo,2.03342375548695
bonobo,1.9822712330395684
bonobo,2.7075701760979363
bonobo,2.0086001717619175
bonobo,2.0453229787866576
bonobo,1.8388490907372552
bonobo,2.2695129442179165
bonobo,2.255272505103306
bonobo,2.0681858617461617
bonobo,2.100370545117563
bonobo,2.4638929889859074
bonobo,1.99563519459755
bonobo,2.0086001717619175
bonobo,1.9395192526186185
bonobo,1.9084850188786497
bonobo,1.8750612633917
bonobo,1.9395192526186185
bonobo,1.8750612633917
bonobo,2.2329961103921536
bonobo,1.968482948553935
bonobo,1.9084850188786497
bonobo,1.9084850188786497
bonobo,2.03342375548695
bonobo,2.03342375548695
bonobo,2.03342375548695
bonobo,2.100370545117563
bonobo,1.9822712330395684
bonobo,1.9242792860618816
bonobo,1.968482948553935
bonobo,1.968482948553935
bonobo,2.03342375548695
bonobo,2.1398790864012365
bonobo,2.12057393120585
bonobo,2.0086001717619175
bonobo,1.99563519459755
bonobo,1.8750612633917
bonobo,2.03342375548695
bonobo,2.0086001717619175
bonobo,2.0086001717619175
bonobo,1.9242792860618816
bonobo,2.322219294733919
bonobo,2.100370545117563
bonobo,3.002166061756508
bonobo,1.9822712330395684
bonobo,2.1583624920952498
bonobo,2.0791812460476247
bonobo,2.1931245983544616
bonobo,2.0791812460476247
bonobo,2.322219294733919
bonobo,2.0681858617461617
bonobo,1.8920946026904804
bonobo,2.0211892990699383
bonobo,2.0086001717619175
bonobo,2.0086001717619175
bonobo,2.2405492482826
bonobo,2.2405492482826
bonobo,2.2405492482826
bonobo,1.9084850188786497
bonobo,1.9395192526186185
bonobo,1.9084850188786497
bonobo,1.9084850188786497
bonobo,1.9084850188786497
bonobo,2.2764618041732443
bonobo,2.2764618041732443
bonobo,2.1398790864012365
bonobo,1.8573324964312685
bonobo,1.8573324964312685
bonobo,1.8750612633917
bonobo,1.8920946026904804
bonobo,1.8750612633917
bonobo,2.03342375548695
bonobo,2.416640507338281
bonobo,2.873320601815399
bonobo,1.9084850188786497
bonobo,2.3096301674258988
bonobo,2.4899584794248346
bonobo,1.9395192526186185
bonobo,2.0211892990699383
bonobo,2.0211892990699383
bonobo,2.0211892990699383
bonobo,2.0569048513364727
bonobo,1.8920946026904804
bonobo,1.968482948553935
bonobo,2.255272505103306
bonobo,2.2624510897304293
bonobo,1.8920946026904804
bonobo,2.110589710299249
bonobo,2.530199698203082
bonobo,2.2764618041732443
bonobo,1.99563519459755
bonobo,2.03342375548695
bonobo,1.968482948553935
bonobo,1.954242509439325
bonobo,2.100370545117563
bonobo,2.0086001717619175
bonobo,1.968482948553935
bonobo,2.3283796034387376
bonobo,2.3283796034387376
bonobo,1.9242792860618816
bonobo,1.9242792860618816
bonobo,1.954242509439325
bonobo,2.2095150145426308
bonobo,1.9395192526186185
bonobo,1.9084850188786497
bonobo,2.0681858617461617
bonobo,2.2624510897304293
bonobo,2.0453229787866576
bonobo,1.9242792860618816
bonobo,2.1398790864012365
bonobo,2.0086001717619175
bonobo,2.0453229787866576
bonobo,1.9822712330395684
bonobo,1.954242509439325
bonobo,1.968482948553935
bonobo,2.0211892990699383
bonobo,1.9395192526186185
bonobo,1.9395192526186185
bonobo,2.1760912590556813
bonobo,2.12057393120585
bonobo,2.110589710299249
bonobo,2.0791812460476247
bonobo,2.0086001717619175
bonobo,2.1760912590556813
bonobo,2.1398790864012365
bonobo,1.8750612633917
bonobo,2.0086001717619175
bonobo,1.9242792860618816
bonobo,2.0211892990699383
bonobo,2.2695129442179165
bonobo,1.99563519459755
bonobo,2.0086001717619175
bonobo,2.1398790864012365
bonobo,1.8573324964312685
bonobo,2.3096301674258988
bonobo,2.6384892569546374
bonobo,2.296665190261531
bonobo,2.374748346010104
bonobo,2.089905111439398
bonobo,2.4456042032735974
bonobo,2.406540180433955
bonobo,2.2174839442139063
bonobo,2.2174839442139063
bonobo,2.2174839442139063
bonobo,1.968482948553935
bonobo,1.9822712330395684
bonobo,1.9242792860618816
bonobo,1.9822712330395684
bonobo,2.0453229787866576
bonobo,2.357934847000454
bonobo,2.03342375548695
bonobo,2.0211892990699383
bonobo,2.0211892990699383
bonobo,1.8573324964312685
bonobo,1.8573324964312685
bonobo,1.8920946026904804
bonobo,1.99563519459755
bonobo,2.416640507338281
bonobo,2.416640507338281
bonobo,1.9242792860618816
bonobo,2.4313637641589874
bonobo,1.9822712330395684
bonobo,2.2329961103921536
bonobo,2.2695129442179165
bonobo,2.0453229787866576
bonobo,2.0453229787866576
bonobo,2.247973266361807
bonobo,1.6812412373755872
bonobo,2.0211892990699383
bonobo,2.1492191126553797
bonobo,1.8573324964312685
bonobo,1.9084850188786497
bonobo,2.0681858617461617
bonobo,2.03342375548695
bonobo,2.530199698203082
bonobo,2.530199698203082
bonobo,2.41161970596323
bonobo,2.5563025007672873
bonobo,2.3096301674258988
bonobo,2.1398790864012365
bonobo,2.3096301674258988
bonobo,2.0791812460476247
bonobo,1.954242509439325
bonobo,2.2095150145426308
bonobo,1.968482948553935
bonobo,2.089905111439398
bonobo,2.919601023784111
bonobo,1.954242509439325
bonobo,2.0086001717619175
bonobo,1.9395192526186185
bonobo,1.954242509439325
bonobo,2.03342375548695
bonobo,1.9242792860618816
bonobo,2.03342375548695
bonobo,2.089905111439398
bonobo,1.99563519459755
bonobo,1.9395192526186185
bonobo,1.8573324964312685
bonobo,1.9822712330395684
bonobo,1.8573324964312685
bonobo,2.1398790864012365
bonobo,2.1492191126553797
bonobo,2.12057393120585
bonobo,1.8750612633917
bonobo,1.8920946026904804
bonobo,2.110589710299249
bonobo,2.45484486000851
bonobo,1.9242792860618816
bonobo,1.9084850188786497
bonobo,2.406540180433955
bonobo,1.954242509439325
bonobo,2.2095150145426308
bonobo,2.3096301674258988
bonobo,2.0211892990699383
bonobo,1.9395192526186185
bonobo,1.9084850188786497
bonobo,1.9242792860618816
bonobo,1.8920946026904804
bonobo,2.0086001717619175
bonobo,1.9822712330395684
bonobo,2.2405492482826
bonobo,1.9395192526186185
bonobo,2.255272505103306
bonobo,2.3909351071033793
bonobo,2.2095150145426308
bonobo,1.9395192526186185
bonobo,2.12057393120585
bonobo,1.9395192526186185
bonobo,2.0211892990699383
bonobo,1.954242509439325
bonobo,2.296665190261531
bonobo,1.9395192526186185
bonobo,2.0681858617461617
bonobo,1.954242509439325
bonobo,1.8920946026904804
bonobo,1.99563519459755
bonobo,1.9242792860618816
bonobo,2.2095150145426308
bonobo,2.2095150145426308
bonobo,2.2095150145426308
bonobo,2.4265112613645754
bonobo,2.7715874808812555
bonobo,2.4216039268698313
bonobo,1.99563519459755
bonobo,1.9084850188786497
bonobo,2.2095150145426308
bonobo,2.110589710299249
bonobo,2.4771212547196626
bonobo,2.0211892990699383
bonobo,1.9395192526186185
bonobo,2.2764618041732443
bonobo,2.2329961103921536
bonobo,2.450249108319361
bonobo,1.9084850188786497
bonobo,1.8750612633917
bonobo,1.8920946026904804
bonobo,1.968482948553935
bonobo,2.303196057420489
bonobo,1.954242509439325
bonobo,2.315970345456918
bonobo,2.0211892990699383
bonobo,1.9395192526186185
bonobo,2.3961993470957363
bonobo,1.9395192526186185
bonobo,2.0791812460476247
bonobo,1.954242509439325
bonobo,2.0791812460476247
bonobo,2.0569048513364727
bonobo,2.100370545117563
bonobo,1.968482948553935
bonobo,1.954242509439325
bonobo,2.0569048513364727
bonobo,1.954242509439325
bonobo,2.4409090820652177
bonobo,2.2095150145426308
bonobo,2.12057393120585
bonobo,1.9242792860618816
bonobo,2.0211892990699383
bonobo,2.089905111439398
bonobo,2.0681858617461617
bonobo,2.0211892990699383
bonobo,2.12057393120585
bonobo,1.9822712330395684
bonobo,1.9822712330395684
bonobo,1.8573324964312685
bonobo,2.2624510897304293
bonobo,2.0791812460476247
bonobo,2.494154594018443
bonobo,2.0791812460476247
bonobo,2.591064607026499
bonobo,2.2833012287035497
bonobo,1.954242509439325
bonobo,2.100370545117563
bonobo,2.4265112613645754
bonobo,2.3283796034387376
bonobo,2.4727564493172123
bonobo,2.255272505103306
bonobo,1.9084850188786497
bonobo,2.4683473304121573
bonobo,2.0791812460476247
bonobo,2.0791812460476247
bonobo,1.9395192526186185
bonobo,2.0453229787866576
bonobo,2.2013971243204513
bonobo,2.2624510897304293
bonobo,1.8573324964312685
bonobo,2.0681858617461617
bonobo,1.9822712330395684
bonobo,1.954242509439325
bonobo,1.968482948553935
bonobo,1.968482948553935
bonobo,2.346352974450639
bonobo,2.255272505103306
bonobo,2.255272505103306
bonobo,2.12057393120585
bonobo,2.290034611362518
bonobo,1.9395192526186185
bonobo,2.7489628612561616
bonobo,2.1931245983544616
bonobo,2.2095150145426308
bonobo,2.2174839442139063
bonobo,1.9084850188786497
bonobo,1.9084850188786497
bonobo,1.954242509439325
bonobo,1.8750612633917
bonobo,1.8750612633917
bonobo,1.8920946026904804
bonobo,1.9395192526186185
bonobo,2.247973266361807
bonobo,1.9242792860618816
bonobo,2.0681858617461617
bonobo,1.9242792860618816
bonobo,2.0791812460476247
bonobo,2.184691430817599
bonobo,2.1492191126553797
bonobo,2.0211892990699383
bonobo,1.9395192526186185
bonobo,1.9395192526186185
bonobo,1.9395192526186185
bonobo,2.3521825181113627
bonobo,1.99563519459755
bonobo,2.089905111439398
bonobo,2.12057393120585
bonobo,1.9822712330395684
bonobo,2.5877109650189114
bonobo,1.9395192526186185
bonobo,1.954242509439325
bonobo,1.8920946026904804
bonobo,1.9822712330395684
bonobo,2.385606273598312
bonobo,2.2013971243204513
bonobo,2.0569048513364727
bonobo,2.2624510897304293
bonobo,2.225309281725863
bonobo,2.6009728956867484
bonobo,2.089905111439398
bonobo,1.954242509439325
bonobo,1.8920946026904804
bonobo,1.8920946026904804
bonobo,2.2405492482826
bonobo,1.8920946026904804
bonobo,2.2329961103921536
bonobo,2.0453229787866576
bonobo,1.9242792860618816
bonobo,1.968482948553935
bonobo,2.0569048513364727
bonobo,2.303196057420489
bonobo,2.167317334748176
bonobo,1.9822712330395684
bonobo,2.406540180433955
bonobo,2.346352974450639
bonobo,2.9410142437055695
bonobo,1.968482948553935
bonobo,2.1583624920952498
bonobo,2.296665190261531
bonobo,1.8920946026904804
bonobo,2.167317334748176
bonobo,1.9822712330395684
bonobo,1.9822712330395684
bonobo,1.8750612633917
bonobo,1.9242792860618816
bonobo,1.954242509439325
bonobo,1.954242509439325
bonobo,1.8388490907372552
bonobo,2.2013971243204513
bonobo,1.9084850188786497
bonobo,1.9084850188786497
bonobo,1.9395192526186185
bonobo,1.99563519459755
bonobo,1.9395192526186185
bonobo,1.9395192526186185
bonobo,2.2833012287035497
bonobo,1.954242509439325
bonobo,2.2329961103921536
bonobo,1.968482948553935
bonobo,1.9084850188786497
bonobo,1.9084850188786497
bonobo,1.9084850188786497
bonobo,1.954242509439325
bonobo,2.1492191126553797
bonobo,2.2624510897304293
bonobo,1.9395192526186185
bonobo,1.9242792860618816
bonobo,1.8920946026904804
bonobo,1.8920946026904804
bonobo,2.357934847000454
bonobo,2.2013971243204513
bonobo,1.8920946026904804
bonobo,2.2405492482826
bonobo,1.9084850188786497
bonobo,1.9084850188786497
bonobo,1.968482948553935
bonobo,1.9822712330395684
bonobo,2.584331224367531
bonobo,1.9395192526186185
bonobo,2.0086001717619175
bonobo,1.968482948553935
bonobo,2.110589710299249
bonobo,2.0086001717619175
bonobo,2.0211892990699383
bonobo,2.1760912590556813
bonobo,2.303196057420489
bonobo,2.100370545117563
bonobo,2.0086001717619175
bonobo,1.9822712330395684
bonobo,1.8920946026904804
bonobo,1.954242509439325
bonobo,1.8920946026904804
bonobo,2.303196057420489
bonobo,1.9822712330395684
bonobo,2.2833012287035497
bonobo,2.110589710299249
bonobo,1.9395192526186185
bonobo,1.9084850188786497
bonobo,2.374748346010104
bonobo,1.9395192526186185
bonobo,1.8920946026904804
bonobo,2.100370545117563
bonobo,1.968482948553935
bonobo,2.0086001717619175
bonobo,2.2174839442139063
bonobo,1.968482948553935
bonobo,2.4216039268698313
bonobo,2.110589710299249
bonobo,1.8920946026904804
bonobo,1.8750612633917
bonobo,1.968482948553935
bonobo,2.130333768495006
bonobo,1.9395192526186185
bonobo,1.954242509439325
bonobo,1.954242509439325
bonobo,2.03342375548695
bonobo,1.9084850188786497
bonobo,1.968482948553935
bonobo,2.100370545117563
bonobo,2.3283796034387376
bonobo,2.0211892990699383
bonobo,1.9242792860618816
bonobo,1.9242792860618816
bonobo,1.9242792860618816
bonobo,1.9822712330395684
bonobo,2.3096301674258988
bonobo,1.99563519459755
bonobo,1.9242792860618816
bonobo,1.9395192526186185
bonobo,1.8920946026904804
bonobo,2.0086001717619175
bonobo,2.0569048513364727
bonobo,2.089905111439398
bonobo,1.8920946026904804
bonobo,1.8920946026904804
bonobo,1.9242792860618816
bonobo,2.385606273598312
bonobo,1.9084850188786497
bonobo,2.247973266361807
bonobo,2.1398790864012365
bonobo,2.0453229787866576
bonobo,2.0453229787866576
bonobo,1.99563519459755
bonobo,2.184691430817599
bonobo,2.184691430817599
bonobo,1.8750612633917
bonobo,1.9822712330395684
bonobo,1.8750612633917
bonobo,2.2174839442139063
bonobo,1.9395192526186185
bonobo,2.0211892990699383
bonobo,2.03342375548695
bonobo,1.8750612633917
bonobo,1.8920946026904804
bonobo,1.8920946026904804
bonobo,1.954242509439325
bonobo,2.130333768495006
bonobo,2.100370545117563
bonobo,2.1931245983544616
bonobo,2.4265112613645754
bonobo,2.3404441148401185
bonobo,1.8920946026904804
bonobo,1.8920946026904804
bonobo,1.9242792860618816
bonobo,1.9084850188786497
bonobo,2.2695129442179165
bonobo,2.0453229787866576
bonobo,2.450249108319361
bonobo,1.9822712330395684
bonobo,1.968482948553935
bonobo,1.8573324964312685
bonobo,2.41161970596323
bonobo,1.9822712330395684
bonobo,2.0681858617461617
bonobo,2.0211892990699383
bonobo,1.968482948553935
bonobo,1.968482948553935
bonobo,1.9242792860618816
bonobo,2.130333768495006
bonobo,2.1931245983544616
bonobo,1.9242792860618816
bonobo,1.99563519459755
bonobo,1.8388490907372552
bonobo,1.954242509439325
bonobo,1.99563519459755
bonobo,1.9822712330395684
bonobo,2.0569048513364727
bonobo,1.9242792860618816
bonobo,2.1583624920952498
bonobo,2.130333768495006
bonobo,2.4983105537896004
bonobo,1.8920946026904804
bonobo,2.380211241711606
bonobo,2.0211892990699383
bonobo,1.8920946026904804
bonobo,2.0681858617461617
bonobo,2.12057393120585
bonobo,2.12057393120585
bonobo,2.1492191126553797
bonobo,1.954242509439325
bonobo,2.530199698203082
bonobo,1.9822712330395684
bonobo,1.99563519459755
bonobo,1.9822712330395684
bonobo,1.99563519459755
bonobo,1.99563519459755
bonobo,1.9084850188786497
bonobo,2.494154594018443
bonobo,2.184691430817599
bonobo,1.968482948553935
bonobo,2.0211892990699383
bonobo,1.968482948553935
bonobo,2.12057393120585
bonobo,1.954242509439325
bonobo,1.968482948553935
bonobo,2.100370545117563
bonobo,1.968482948553935
bonobo,1.954242509439325
bonobo,1.954242509439325
bonobo,2.0086001717619175
bonobo,1.8920946026904804
bonobo,2.0211892990699383
bonobo,2.1492191126553797
bonobo,1.99563519459755
bonobo,2.534026106056135
bonobo,2.0453229787866576
bonobo,2.374748346010104
bonobo,2.2695129442179165
bonobo,2.0086001717619175
bonobo,2.2174839442139063
bonobo,2.5943925503754266
bonobo,1.9084850188786497
bonobo,1.968482948553935
bonobo,2.0211892990699383
bonobo,1.9084850188786497
bonobo,2.303196057420489
bonobo,1.9395192526186185
bonobo,1.9242792860618816
bonobo,2.406540180433955
bonobo,2.225309281725863
bonobo,2.0453229787866576
bonobo,1.8920946026904804
bonobo,1.9242792860618816
bonobo,1.9084850188786497
bonobo,2.0086001717619175
bonobo,2.4899584794248346
bonobo,2.3521825181113627
bonobo,1.8750612633917
bonobo,2.110589710299249
bonobo,1.8750612633917
bonobo,3.230704313612569
bonobo,2.2095150145426308
bonobo,2.2095150145426308
bonobo,2.322219294733919
bonobo,1.9395192526186185
bonobo,1.9822712330395684
bonobo,2.0211892990699383
bonobo,2.290034611362518
bonobo,1.8750612633917
bonobo,2.2405492482826
bonobo,1.9822712330395684
bonobo,2.1398790864012365
bonobo,1.9395192526186185
bonobo,1.9084850188786497
bonobo,2.3283796034387376
bonobo,1.9822712330395684
bonobo,1.9242792860618816
bonobo,1.99563519459755
bonobo,2.110589710299249
bonobo,2.1760912590556813
bonobo,1.9242792860618816
bonobo,2.03342375548695
bonobo,1.9084850188786497
bonobo,1.99563519459755
bonobo,2.1931245983544616
bonobo,2.597695185925512
bonobo,1.9084850188786497
bonobo,2.303196057420489
bonobo,2.3096301674258988
bonobo,2.2695129442179165
bonobo,2.406540180433955
bonobo,2.110589710299249
bonobo,1.968482948553935
bonobo,2.100370545117563
bonobo,2.110589710299249
bonobo,1.8750612633917
bonobo,2.0086001717619175
bonobo,2.100370545117563
bonobo,1.9084850188786497
bonobo,1.9084850188786497
bonobo,1.9242792860618816
bonobo,2.92272545799326
bonobo,1.9084850188786497
bonobo,1.9242792860618816
bonobo,2.3636119798921444
bonobo,1.9084850188786497
bonobo,1.9084850188786497
bonobo,1.8750612633917
bonobo,2.03342375548695
bonobo,2.5024271199844326
bonobo,1.8920946026904804
bonobo,1.8920946026904804
bonobo,1.8920946026904804
bonobo,1.8920946026904804
bonobo,1.99563519459755
bonobo,2.2174839442139063
bonobo,2.2833012287035497
bonobo,2.290034611362518
bonobo,2.0791812460476247
bonobo,2.0791812460476247
bonobo,2.0211892990699383
bonobo,1.9084850188786497
bonobo,2.2329961103921536
bonobo,2.2095150145426308
bonobo,2.3404441148401185
bonobo,2.3909351071033793
bonobo,1.8920946026904804
bonobo,2.6074550232146687
bonobo,2.0681858617461617
bonobo,2.0681858617461617
bonobo,2.481442628502305
bonobo,1.9822712330395684
bonobo,1.9822712330395684
bonobo,1.954242509439325
bonobo,2.2764618041732443
bonobo,1.9242792860618816
bonobo,2.03342375548695
bonobo,1.968482948553935
bonobo,2.3521825181113627
bonobo,2.1583624920952498
bonobo,2.0453229787866576
bonobo,1.9395192526186185
bonobo,1.9084850188786497
bonobo,1.954242509439325
bonobo,2.2764618041732443
bonobo,2.2013971243204513
bonobo,2.436162647040756
bonobo,2.450249108319361
bonobo,1.954242509439325
bonobo,1.99563519459755
bonobo,2.90687353472207
bonobo,1.591064607026499
bonobo,2.0453229787866576
bonobo,1.9822712330395684
bonobo,1.9395192526186185
bonobo,1.8750612633917
bonobo,1.9084850188786497
bonobo,2.03342375548695
bonobo,1.99563519459755
bonobo,1.9395192526186185
bonobo,1.9084850188786497
bonobo,1.99563519459755
bonobo,2.167317334748176
bonobo,1.968482948553935
bonobo,2.089905111439398
bonobo,1.9395192526186185
bonobo,1.9822712330395684
bonobo,2.591064607026499
bonobo,1.9242792860618816
bonobo,2.2329961103921536
bonobo,2.2405492482826
bonobo,1.954242509439325
bonobo,1.9084850188786497
bonobo,1.9084850188786497
bonobo,2.0681858617461617
bonobo,2.03342375548695
bonobo,1.9395192526186185
bonobo,1.9084850188786497
bonobo,2.725094521081469
bonobo,1.9822712330395684
bonobo,2.4983105537896004
bonobo,2.03342375548695
bonobo,2.0211892990699383
bonobo,1.9242792860618816
bonobo,1.9084850188786497
bonobo,1.954242509439325
bonobo,2.1583624920952498
bonobo,2.322219294733919
bonobo,2.0086001717619175
bonobo,1.954242509439325
bonobo,2.0791812460476247
bonobo,1.8920946026904804
bonobo,2.0569048513364727
bonobo,2.110589710299249
bonobo,2.2764618041732443
bonobo,1.968482948553935
bonobo,1.8920946026904804
bonobo,2.03342375548695
bonobo,2.2174839442139063
bonobo,1.8388490907372552
bonobo,1.954242509439325
bonobo,1.8750612633917
bonobo,1.9395192526186185
bonobo,1.9242792860618816
bonobo,1.9395192526186185
bonobo,2.303196057420489
bonobo,1.9242792860618816
bonobo,2.5599066250361124
bonobo,1.9395192526186185
bonobo,2.4727564493172123
bonobo,2.2405492482826
bonobo,2.2405492482826
bonobo,2.3283796034387376
bonobo,2.3283796034387376
bonobo,2.0211892990699383
bonobo,2.0791812460476247
bonobo,1.9242792860618816
bonobo,1.9395192526186185
bonobo,1.954242509439325
bonobo,2.03342375548695
bonobo,1.968482948553935
bonobo,1.9395192526186185
bonobo,1.9395192526186185
bonobo,2.727541257028556
bonobo,1.8920946026904804
bonobo,2.0086001717619175
bonobo,2.369215857410143
bonobo,1.968482948553935
bonobo,2.290034611362518
bonobo,2.0681858617461617
bonobo,1.9822712330395684
bonobo,2.0086001717619175
bonobo,2.0791812460476247
bonobo,2.2405492482826
bonobo,3.4245549766067134
bonobo,1.9084850188786497
bonobo,2.100370545117563
bonobo,1.9822712330395684
bonobo,2.0453229787866576
bonobo,2.0453229787866576
bonobo,1.9395192526186185
bonobo,2.537819095073274
bonobo,1.9084850188786497
bonobo,2.5490032620257876
bonobo,2.41161970596323
bonobo,2.6414741105040997
bonobo,2.3961993470957363
bonobo,2.537819095073274
bonobo,2.225309281725863
bonobo,2.4456042032735974
bonobo,2.7151673578484576
bonobo,2.5563025007672873
bonobo,2.2695129442179165
bonobo,2.1931245983544616
bonobo,2.2695129442179165
bonobo,2.1931245983544616
bonobo,2.2405492482826
bonobo,1.954242509439325
bonobo,1.9395192526186185
bonobo,2.290034611362518
bonobo,1.7781512503836436
bonobo,2.0211892990699383
bonobo,2.4265112613645754
bonobo,2.4265112613645754
bonobo,2.4265112613645754
bonobo,2.4265112613645754
bonobo,2.4216039268698313
bonobo,2.2695129442179165
bonobo,2.0086001717619175
bonobo,2.1492191126553797
bonobo,1.9084850188786497
bonobo,1.9395192526186185
bonobo,1.8750612633917
bonobo,2.167317334748176
bonobo,2.2174839442139063
bonobo,2.110589710299249
bonobo,2.1398790864012365
bonobo,2.110589710299249
bonobo,2.436162647040756
bonobo,2.2013971243204513
bonobo,2.0211892990699383
bonobo,2.2095150145426308
bonobo,2.494154594018443
bonobo,1.968482948553935
bonobo,2.3909351071033793
bonobo,2.0086001717619175
bonobo,1.9822712330395684
bonobo,1.9395192526186185
bonobo,2.110589710299249
bonobo,1.9395192526186185
bonobo,2.247973266361807
bonobo,1.9242792860618816
bonobo,1.8920946026904804
bonobo,2.0086001717619175
bonobo,2.0086001717619175
bonobo,2.167317334748176
bonobo,1.968482948553935
bonobo,2.0211892990699383
bonobo,2.2013971243204513
bonobo,2.0681858617461617
bonobo,2.0211892990699383
bonobo,1.9084850188786497
bonobo,1.8920946026904804
bonobo,1.8920946026904804
bonobo,1.968482948553935
bonobo,3.0802656273398448
bonobo,2.0211892990699383
bonobo,2.0211892990699383
bonobo,2.5185139398778875
bonobo,2.1492191126553797
bonobo,2.0453229787866576
bonobo,1.954242509439325
bonobo,2.2329961103921536
bonobo,2.2405492482826
bonobo,2.0211892990699383
bonobo,2.0086001717619175
bonobo,2.0086001717619175
bonobo,2.0453229787866576
bonobo,1.954242509439325
bonobo,2.406540180433955
bonobo,2.406540180433955
bonobo,2.406540180433955
bonobo,1.954242509439325
bonobo,1.954242509439325
bonobo,1.954242509439325
bonobo,1.954242509439325
bonobo,2.2013971243204513
bonobo,1.9822712330395684
bonobo,2.4265112613645754
bonobo,2.290034611362518
bonobo,1.99563519459755
bonobo,1.9242792860618816
bonobo,2.089905111439398
bonobo,2.3404441148401185
bonobo,1.99563519459755
bonobo,1.99563519459755
bonobo,1.954242509439325
bonobo,2.0569048513364727
bonobo,2.0453229787866576
bonobo,1.99563519459755
bonobo,2.3909351071033793
bonobo,2.255272505103306
bonobo,1.8388490907372552
bonobo,2.12057393120585
bonobo,2.3636119798921444
bonobo,2.3636119798921444
bonobo,2.0791812460476247
bonobo,1.968482948553935
bonobo,2.0569048513364727
bonobo,1.968482948553935
bonobo,2.2624510897304293
bonobo,2.303196057420489
bonobo,1.968482948553935
bonobo,2.0211892990699383
bonobo,1.954242509439325
bonobo,1.954242509439325
bonobo,1.8750612633917
bonobo,1.954242509439325
bonobo,2.494154594018443
bonobo,2.406540180433955
bonobo,3.0941215958405612
bonobo,2.303196057420489
bonobo,1.9084850188786497
bonobo,2.0086001717619175
bonobo,2.0211892990699383
bonobo,1.9084850188786497
bonobo,2.0086001717619175
bonobo,2.5877109650189114
bonobo,1.9822712330395684
bonobo,2.0453229787866576
bonobo,1.968482948553935
bonobo,2.1760912590556813
bonobo,2.0211892990699383
bonobo,2.0681858617461617
bonobo,1.99563519459755
bonobo,2.0681858617461617
bonobo,1.9084850188786497
bonobo,1.954242509439325
bonobo,2.494154594018443
bonobo,1.954242509439325
bonobo,1.968482948553935
bonobo,1.9822712330395684
bonobo,1.9395192526186185
bonobo,2.0211892990699383
bonobo,2.3521825181113627
bonobo,2.12057393120585
bonobo,1.9084850188786497
bonobo,2.0453229787866576
bonobo,1.968482948553935
bonobo,1.968482948553935
bonobo,2.0453229787866576
bonobo,2.56702636615906
bonobo,1.9084850188786497
bonobo,1.954242509439325
bonobo,3.991801798844644
bonobo,1.9242792860618816
bonobo,1.9242792860618816
bonobo,1.9084850188786497
bonobo,2.4771212547196626
bonobo,2.03342375548695
bonobo,1.9395192526186185
bonobo,2.225309281725863
bonobo,2.3283796034387376
bonobo,1.99563519459755
bonobo,2.110589710299249
bonobo,2.5705429398818973
bonobo,2.0453229787866576
bonobo,2.2764618041732443
bonobo,1.9084850188786497
bonobo,1.9084850188786497
bonobo,2.385606273598312
bonobo,2.0569048513364727
bonobo,1.968482948553935
bonobo,1.8920946026904804
bonobo,2.0681858617461617
bonobo,1.8750612633917
bonobo,1.954242509439325
bonobo,1.99563519459755
bonobo,1.968482948553935
bonobo,1.9822712330395684
bonobo,2.3283796034387376
bonobo,1.954242509439325
bonobo,1.9084850188786497
bonobo,1.8920946026904804
bonobo,1.9822712330395684
bonobo,1.9395192526186185
bonobo,1.8573324964312685
bonobo,2.100370545117563
bonobo,1.954242509439325
bonobo,1.9242792860618816
bonobo,2.0086001717619175
bonobo,1.9395192526186185
bonobo,1.9084850188786497
bonobo,1.99563519459755
bonobo,1.9242792860618816
bonobo,1.9242792860618816
bonobo,2.0681858617461617
bonobo,2.03342375548695
bonobo,2.03342375548695
bonobo,2.0086001717619175
bonobo,1.8750612633917
bonobo,1.9084850188786497
bonobo,1.9822712330395684
bonobo,1.9084850188786497
bonobo,1.9084850188786497
bonobo,2.385606273598312
bonobo,2.6263403673750423
bonobo,2.1398790864012365
bonobo,1.8920946026904804
bonobo,1.8920946026904804
bonobo,1.9084850188786497
bonobo,1.9084850188786497
bonobo,2.2695129442179165
bonobo,2.03342375548695
bonobo,1.9242792860618816
bonobo,1.8920946026904804
bonobo,2.0211892990699383
bonobo,1.9242792860618816
bonobo,2.4727564493172123
bonobo,2.506505032404872
bonobo,2.100370545117563
bonobo,1.99563519459755
bonobo,2.0681858617461617
bonobo,2.1931245983544616
bonobo,1.9395192526186185
bonobo,1.9084850188786497
bonobo,1.9395192526186185
bonobo,1.9084850188786497
bonobo,2.100370545117563
bonobo,2.0086001717619175
bonobo,2.2624510897304293
bonobo,1.99563519459755
bonobo,2.7715874808812555
bonobo,1.8388490907372552
bonobo,2.0211892990699383
bonobo,2.0211892990699383
bonobo,1.968482948553935
bonobo,2.255272505103306
bonobo,1.9084850188786497
bonobo,1.8750612633917
bonobo,1.968482948553935
bonobo,2.03342375548695
bonobo,2.315970345456918
bonobo,2.255272505103306
bonobo,1.968482948553935
bonobo,2.0453229787866576
bonobo,2.0453229787866576
bonobo,1.954242509439325
bonobo,1.9084850188786497
bonobo,2.0211892990699383
bonobo,2.167317334748176
bonobo,2.0211892990699383
bonobo,2.12057393120585
bonobo,1.9242792860618816
bonobo,2.110589710299249
bonobo,1.9084850188786497
bonobo,1.9084850188786497
bonobo,2.100370545117563
bonobo,2.2624510897304293
bonobo,2.380211241711606
bonobo,2.110589710299249
bonobo,1.9242792860618816
bonobo,2.0211892990699383
bonobo,1.954242509439325
bonobo,1.954242509439325
bonobo,1.8750612633917
bonobo,2.380211241711606
bonobo,1.8750612633917
bonobo,2.1398790864012365
bonobo,2.1492191126553797
bonobo,2.406540180433955
bonobo,2.100370545117563
bonobo,1.9395192526186185
bonobo,2.1398790864012365
bonobo,2.0791812460476247
bonobo,2.3909351071033793
bonobo,1.968482948553935
bonobo,1.9242792860618816
bonobo,2.7993405494535817
bonobo,2.2405492482826
bonobo,2.315970345456918
bonobo,2.315970345456918
bonobo,2.315970345456918
bonobo,2.1583624920952498
bonobo,2.110589710299249
bonobo,1.9242792860618816
bonobo,2.1931245983544616
bonobo,2.2833012287035497
bonobo,1.99563519459755
bonobo,2.5224442335063197
bonobo,2.315970345456918
bonobo,2.537819095073274
bonobo,2.12057393120585
bonobo,2.1931245983544616
bonobo,1.8920946026904804
bonobo,1.9242792860618816
bonobo,2.6201360549737576
bonobo,2.0086001717619175
bonobo,2.1760912590556813
bonobo,2.0211892990699383
bonobo,2.130333768495006
bonobo,1.8750612633917
bonobo,2.436162647040756
bonobo,1.9822712330395684
bonobo,1.9822712330395684
bonobo,2.100370545117563
bonobo,1.8750612633917
bonobo,2.12057393120585
bonobo,1.9242792860618816
bonobo,2.0569048513364727
bonobo,2.0569048513364727
bonobo,1.8750612633917
borangutan,2.374748346010104
borangutan,2.255272505103306
borangutan,2.374748346010104
borangutan,2.110589710299249
borangutan,2.1931245983544616
borangutan,2.1583624920952498
borangutan,1.954242509439325
borangutan,2.1398790864012365
borangutan,1.9395192526186185
borangutan,1.968482948553935
borangutan,1.954242509439325
borangutan,2.296665190261531
borangutan,2.3404441148401185
borangutan,2.0086001717619175
borangutan,2.225309281725863
borangutan,2.225309281725863
borangutan,1.954242509439325
borangutan,2.2833012287035497
borangutan,2.03342375548695
borangutan,1.9395192526186185
borangutan,1.9395192526186185
borangutan,2.100370545117563
borangutan,2.0453229787866576
borangutan,2.1398790864012365
borangutan,2.369215857410143
borangutan,1.968482948553935
borangutan,2.130333768495006
borangutan,2.130333768495006
borangutan,2.130333768495006
borangutan,2.130333768495006
borangutan,2.167317334748176
borangutan,1.9242792860618816
borangutan,2.089905111439398
borangutan,2.03342375548695
borangutan,2.4216039268698313
borangutan,2.2095150145426308
borangutan,2.2329961103921536
borangutan,1.9242792860618816
borangutan,2.0569048513364727
borangutan,1.9242792860618816
borangutan,2.1583624920952498
borangutan,2.1398790864012365
borangutan,2.1398790864012365
borangutan,2.0681858617461617
borangutan,2.255272505103306
borangutan,2.130333768495006
borangutan,1.968482948553935
borangutan,2.0681858617461617
borangutan,2.184691430817599
borangutan,2.1583624920952498
borangutan,2.225309281725863
borangutan,1.8750612633917
borangutan,2.494154594018443
borangutan,2.0569048513364727
borangutan,2.0569048513364727
borangutan,1.954242509439325
borangutan,1.9242792860618816
borangutan,1.99563519459755
borangutan,2.184691430817599
borangutan,1.8388490907372552
borangutan,1.968482948553935
borangutan,2.369215857410143
borangutan,2.0453229787866576
borangutan,1.9242792860618816
borangutan,1.968482948553935
borangutan,1.9084850188786497
borangutan,1.968482948553935
borangutan,2.1583624920952498
borangutan,1.9395192526186185
borangutan,2.0681858617461617
borangutan,2.1398790864012365
borangutan,2.0086001717619175
borangutan,2.2013971243204513
borangutan,2.089905111439398
borangutan,2.3283796034387376
borangutan,2.1492191126553797
borangutan,2.089905111439398
borangutan,1.954242509439325
borangutan,2.2833012287035497
borangutan,2.2833012287035497
borangutan,2.2833012287035497
borangutan,2.2624510897304293
borangutan,2.0681858617461617
borangutan,2.4899584794248346
borangutan,2.3283796034387376
borangutan,2.6085260335771943
borangutan,2.0681858617461617
borangutan,1.9395192526186185
borangutan,2.0791812460476247
borangutan,1.9395192526186185
borangutan,1.9395192526186185
borangutan,2.089905111439398
borangutan,1.9822712330395684
borangutan,1.8920946026904804
borangutan,1.8920946026904804
borangutan,2.514547752660286
borangutan,1.954242509439325
borangutan,2.629409599102719
borangutan,1.99563519459755
borangutan,2.530199698203082
borangutan,2.506505032404872
borangutan,1.9242792860618816
borangutan,2.3404441148401185
borangutan,2.0791812460476247
borangutan,2.0211892990699383
borangutan,1.99563519459755
borangutan,1.9242792860618816
borangutan,2.2174839442139063
borangutan,2.296665190261531
borangutan,2.357934847000454
borangutan,2.406540180433955
borangutan,2.03342375548695
borangutan,2.3636119798921444
borangutan,1.9822712330395684
borangutan,2.3404441148401185
borangutan,2.12057393120585
borangutan,2.03342375548695
borangutan,1.954242509439325
borangutan,1.8920946026904804
borangutan,2.0681858617461617
borangutan,2.110589710299249
borangutan,1.9084850188786497
borangutan,2.0453229787866576
borangutan,2.406540180433955
borangutan,1.8388490907372552
borangutan,2.1492191126553797
borangutan,2.1492191126553797
borangutan,2.2695129442179165
borangutan,2.2095150145426308
borangutan,1.9084850188786497
borangutan,2.0681858617461617
borangutan,1.9242792860618816
borangutan,1.9084850188786497
borangutan,1.9084850188786497
borangutan,1.968482948553935
borangutan,2.3096301674258988
borangutan,2.4216039268698313
borangutan,1.9242792860618816
borangutan,2.0453229787866576
borangutan,2.03342375548695
borangutan,2.0569048513364727
borangutan,1.9242792860618816
borangutan,2.357934847000454
borangutan,2.357934847000454
borangutan,2.1760912590556813
borangutan,2.6503075231319366
borangutan,2.4409090820652177
borangutan,2.0086001717619175
borangutan,2.2695129442179165
borangutan,1.968482948553935
borangutan,2.380211241711606
borangutan,2.2624510897304293
borangutan,1.8750612633917
borangutan,2.110589710299249
borangutan,1.7558748556724915
borangutan,1.9395192526186185
borangutan,1.954242509439325
borangutan,2.130333768495006
borangutan,1.954242509439325
borangutan,1.968482948553935
borangutan,1.9822712330395684
borangutan,1.954242509439325
borangutan,2.4313637641589874
borangutan,1.9822712330395684
borangutan,1.99563519459755
borangutan,2.2174839442139063
borangutan,2.2174839442139063
borangutan,2.7649229846498886
borangutan,2.7671558660821804
borangutan,2.7649229846498886
borangutan,2.0453229787866576
borangutan,2.12057393120585
borangutan,1.9395192526186185
borangutan,1.9242792860618816
borangutan,1.9084850188786497
borangutan,1.968482948553935
borangutan,2.089905111439398
borangutan,2.089905111439398
borangutan,2.2174839442139063
borangutan,2.8407332346118066
borangutan,2.846337112129805
borangutan,2.850033257689769
borangutan,2.846337112129805
borangutan,2.574031267727719
borangutan,2.494154594018443
borangutan,2.5538830266438746
borangutan,2.41161970596323
borangutan,2.41161970596323
borangutan,1.9822712330395684
borangutan,1.9084850188786497
borangutan,2.03342375548695
borangutan,2.167317334748176
borangutan,1.99563519459755
borangutan,1.99563519459755
borangutan,1.8920946026904804
borangutan,2.167317334748176
borangutan,2.380211241711606
borangutan,2.100370545117563
borangutan,2.089905111439398
borangutan,1.8573324964312685
borangutan,2.0086001717619175
borangutan,1.9084850188786497
borangutan,1.954242509439325
borangutan,1.9822712330395684
borangutan,2.3404441148401185
borangutan,2.3096301674258988
borangutan,2.03342375548695
borangutan,1.9242792860618816
borangutan,2.0211892990699383
borangutan,2.225309281725863
borangutan,1.8920946026904804
borangutan,2.0681858617461617
borangutan,2.0453229787866576
borangutan,2.6232492903979003
borangutan,1.7781512503836436
borangutan,1.9242792860618816
borangutan,2.357934847000454
borangutan,2.089905111439398
borangutan,2.1760912590556813
borangutan,2.510545010206612
borangutan,2.290034611362518
borangutan,2.2174839442139063
borangutan,1.968482948553935
borangutan,2.296665190261531
borangutan,2.089905111439398
borangutan,2.0453229787866576
borangutan,2.0791812460476247
borangutan,1.9084850188786497
borangutan,2.184691430817599
borangutan,2.0791812460476247
borangutan,2.290034611362518
borangutan,2.130333768495006
borangutan,2.089905111439398
borangutan,2.2833012287035497
borangutan,2.100370545117563
borangutan,1.8920946026904804
borangutan,2.0453229787866576
borangutan,2.0569048513364727
borangutan,1.9084850188786497
borangutan,2.4638929889859074
borangutan,1.9395192526186185
borangutan,1.9395192526186185
borangutan,2.357934847000454
borangutan,1.9242792860618816
borangutan,1.8920946026904804
borangutan,2.1931245983544616
borangutan,1.954242509439325
borangutan,2.03342375548695
borangutan,2.0211892990699383
borangutan,2.100370545117563
borangutan,2.1931245983544616
borangutan,1.9084850188786497
borangutan,1.9084850188786497
borangutan,1.9395192526186185
borangutan,2.1760912590556813
borangutan,2.673020907128896
borangutan,2.3283796034387376
borangutan,2.089905111439398
borangutan,2.089905111439398
borangutan,2.3283796034387376
borangutan,2.45484486000851
borangutan,2.0791812460476247
borangutan,1.9395192526186185
borangutan,2.450249108319361
borangutan,2.45484486000851
borangutan,2.0791812460476247
borangutan,2.247973266361807
borangutan,2.0086001717619175
borangutan,2.03342375548695
borangutan,2.2405492482826
borangutan,2.100370545117563
borangutan,1.968482948553935
borangutan,2.0569048513364727
borangutan,1.9822712330395684
borangutan,2.2329961103921536
borangutan,1.8750612633917
borangutan,1.9822712330395684
borangutan,2.4456042032735974
borangutan,1.9242792860618816
borangutan,2.247973266361807
borangutan,2.2013971243204513
borangutan,2.2095150145426308
borangutan,2.0453229787866576
borangutan,2.2329961103921536
borangutan,1.968482948553935
borangutan,2.03342375548695
borangutan,2.089905111439398
borangutan,2.6201360549737576
borangutan,2.5563025007672873
borangutan,2.45484486000851
borangutan,1.7558748556724915
borangutan,2.130333768495006
borangutan,2.0791812460476247
borangutan,1.9822712330395684
borangutan,1.9822712330395684
borangutan,2.2013971243204513
borangutan,2.2013971243204513
borangutan,1.8920946026904804
borangutan,2.2695129442179165
borangutan,1.8920946026904804
borangutan,2.2695129442179165
borangutan,2.3636119798921444
borangutan,2.110589710299249
borangutan,2.2329961103921536
borangutan,2.3344537511509307
borangutan,2.0086001717619175
borangutan,2.0453229787866576
borangutan,2.12057393120585
borangutan,1.9242792860618816
borangutan,1.99563519459755
borangutan,2.2013971243204513
borangutan,2.450249108319361
borangutan,2.0211892990699383
borangutan,2.0569048513364727
borangutan,1.968482948553935
borangutan,2.0569048513364727
borangutan,2.0211892990699383
borangutan,2.0569048513364727
borangutan,1.968482948553935
borangutan,2.0569048513364727
borangutan,2.0569048513364727
borangutan,1.9395192526186185
borangutan,1.968482948553935
borangutan,2.0086001717619175
borangutan,2.0791812460476247
borangutan,1.6532125137753437
borangutan,2.0681858617461617
borangutan,2.0569048513364727
borangutan,1.99563519459755
borangutan,2.494154594018443
borangutan,2.494154594018443
borangutan,1.9084850188786497
borangutan,2.0681858617461617
borangutan,1.8920946026904804
borangutan,2.1583624920952498
borangutan,1.9822712330395684
borangutan,2.12057393120585
borangutan,2.3521825181113627
borangutan,1.9084850188786497
borangutan,2.0681858617461617
borangutan,2.41161970596323
borangutan,2.41161970596323
borangutan,1.968482948553935
borangutan,2.1492191126553797
borangutan,1.99563519459755
borangutan,1.9242792860618816
borangutan,2.03342375548695
borangutan,2.1583624920952498
borangutan,1.9242792860618816
borangutan,1.9242792860618816
borangutan,2.1583624920952498
borangutan,1.8750612633917
borangutan,2.167317334748176
borangutan,1.8750612633917
borangutan,2.416640507338281
borangutan,1.9822712330395684
borangutan,1.9822712330395684
borangutan,2.290034611362518
borangutan,2.3909351071033793
borangutan,2.100370545117563
borangutan,2.7101173651118162
borangutan,1.968482948553935
borangutan,1.99563519459755
borangutan,2.41161970596323
borangutan,1.9242792860618816
borangutan,1.8195439355418688
borangutan,3.238297067875394
borangutan,1.7075701760979363
borangutan,2.6503075231319366
borangutan,2.4899584794248346
borangutan,2.859138297294531
borangutan,2.1492191126553797
borangutan,3.041787318971752
borangutan,2.7489628612561616
borangutan,3.2893659515200318
borangutan,2.0086001717619175
borangutan,2.184691430817599
borangutan,3.2518814545525276
borangutan,2.0086001717619175
borangutan,2.848189116991399
borangutan,2.184691430817599
borangutan,2.1583624920952498
borangutan,2.406540180433955
borangutan,2.48572142648158
borangutan,2.61066016308988
borangutan,2.8444771757456815
borangutan,2.725094521081469
borangutan,2.0211892990699383
borangutan,1.8573324964312685
borangutan,1.9395192526186185
borangutan,2.0086001717619175
borangutan,1.9242792860618816
borangutan,2.0453229787866576
borangutan,2.357934847000454
borangutan,2.481442628502305
borangutan,2.1760912590556813
borangutan,1.954242509439325
borangutan,1.954242509439325
borangutan,2.416640507338281
borangutan,2.0086001717619175
borangutan,2.247973266361807
borangutan,2.12057393120585
borangutan,2.0569048513364727
borangutan,2.089905111439398
borangutan,1.99563519459755
borangutan,2.2405492482826
borangutan,1.99563519459755
borangutan,2.406540180433955
borangutan,2.406540180433955
borangutan,1.8750612633917
borangutan,1.8920946026904804
borangutan,1.9242792860618816
borangutan,2.3961993470957363
borangutan,2.3404441148401185
borangutan,1.9395192526186185
borangutan,2.100370545117563
borangutan,2.03342375548695
borangutan,2.374748346010104
borangutan,2.255272505103306
borangutan,1.9395192526186185
borangutan,2.167317334748176
borangutan,2.0453229787866576
borangutan,2.7558748556724915
borangutan,2.255272505103306
borangutan,2.2329961103921536
borangutan,2.6232492903979003
borangutan,1.9084850188786497
borangutan,2.0681858617461617
borangutan,2.4456042032735974
borangutan,2.4683473304121573
borangutan,2.48572142648158
borangutan,1.9822712330395684
borangutan,2.895422546039408
borangutan,2.100370545117563
borangutan,2.110589710299249
borangutan,1.9822712330395684
borangutan,1.8750612633917
borangutan,1.8920946026904804
borangutan,2.459392487759231
borangutan,2.130333768495006
borangutan,2.0211892990699383
borangutan,2.315970345456918
borangutan,2.03342375548695
borangutan,1.954242509439325
borangutan,2.346352974450639
borangutan,2.3521825181113627
borangutan,2.1398790864012365
borangutan,1.9242792860618816
borangutan,2.0086001717619175
borangutan,2.0086001717619175
borangutan,1.8750612633917
borangutan,2.3909351071033793
borangutan,2.0791812460476247
borangutan,1.9395192526186185
borangutan,2.0211892990699383
borangutan,1.8195439355418688
borangutan,2.6532125137753435
borangutan,1.9084850188786497
borangutan,2.0211892990699383
borangutan,1.99563519459755
borangutan,3.0637085593914173
borangutan,1.9242792860618816
borangutan,2.0211892990699383
borangutan,2.0681858617461617
borangutan,2.374748346010104
borangutan,1.8573324964312685
borangutan,2.100370545117563
borangutan,2.303196057420489
borangutan,2.296665190261531
borangutan,2.2095150145426308
borangutan,1.9242792860618816
borangutan,2.247973266361807
borangutan,2.4638929889859074
borangutan,1.968482948553935
borangutan,1.9822712330395684
borangutan,2.3404441148401185
borangutan,2.130333768495006
borangutan,1.9395192526186185
borangutan,2.2013971243204513
borangutan,2.2695129442179165
borangutan,2.2695129442179165
borangutan,2.167317334748176
borangutan,2.2833012287035497
borangutan,2.1398790864012365
borangutan,1.8750612633917
borangutan,1.8750612633917
borangutan,2.03342375548695
borangutan,1.8573324964312685
borangutan,1.9084850188786497
borangutan,2.03342375548695
borangutan,2.110589710299249
borangutan,2.0681858617461617
borangutan,1.9822712330395684
borangutan,2.374748346010104
borangutan,1.9822712330395684
borangutan,1.8573324964312685
borangutan,1.8920946026904804
borangutan,1.9084850188786497
borangutan,1.968482948553935
borangutan,2.0211892990699383
borangutan,1.9084850188786497
borangutan,1.968482948553935
borangutan,1.8920946026904804
borangutan,2.3961993470957363
borangutan,1.8573324964312685
borangutan,1.8573324964312685
borangutan,2.100370545117563
borangutan,1.954242509439325
borangutan,1.9822712330395684
borangutan,1.9822712330395684
borangutan,1.9822712330395684
borangutan,1.9822712330395684
borangutan,1.8920946026904804
borangutan,1.8920946026904804
borangutan,1.8920946026904804
borangutan,1.9242792860618816
borangutan,1.8920946026904804
borangutan,1.9242792860618816
borangutan,1.8750612633917
borangutan,1.8573324964312685
borangutan,2.0569048513364727
borangutan,2.255272505103306
borangutan,2.0453229787866576
borangutan,1.968482948553935
borangutan,1.8750612633917
borangutan,1.954242509439325
borangutan,1.8573324964312685
borangutan,1.9084850188786497
borangutan,2.0453229787866576
borangutan,1.9822712330395684
borangutan,2.225309281725863
borangutan,2.12057393120585
borangutan,2.110589710299249
borangutan,2.2764618041732443
borangutan,1.9395192526186185
borangutan,1.8750612633917
borangutan,2.846337112129805
borangutan,2.846337112129805
borangutan,2.846337112129805
borangutan,2.846337112129805
borangutan,2.846337112129805
borangutan,2.8095597146352675
borangutan,2.184691430817599
borangutan,2.0086001717619175
borangutan,2.459392487759231
borangutan,2.255272505103306
borangutan,1.954242509439325
borangutan,2.0211892990699383
borangutan,2.416640507338281
borangutan,2.0211892990699383
borangutan,1.9395192526186185
borangutan,2.0453229787866576
borangutan,1.954242509439325
borangutan,1.9242792860618816
borangutan,2.110589710299249
borangutan,2.5024271199844326
borangutan,2.369215857410143
borangutan,1.954242509439325
borangutan,1.8750612633917
borangutan,1.9395192526186185
borangutan,2.0681858617461617
borangutan,2.167317334748176
borangutan,2.247973266361807
borangutan,2.0569048513364727
borangutan,1.8920946026904804
borangutan,2.3283796034387376
borangutan,2.3283796034387376
borangutan,1.8920946026904804
borangutan,2.4265112613645754
borangutan,1.9822712330395684
borangutan,1.9822712330395684
borangutan,1.9822712330395684
borangutan,2.964259630196849
borangutan,2.0681858617461617
borangutan,1.9395192526186185
borangutan,2.225309281725863
borangutan,1.954242509439325
borangutan,2.8312296938670634
borangutan,1.7558748556724915
borangutan,2.514547752660286
borangutan,2.3909351071033793
borangutan,2.2764618041732443
borangutan,2.2764618041732443
borangutan,1.8573324964312685
borangutan,2.1398790864012365
borangutan,2.2013971243204513
borangutan,1.954242509439325
borangutan,2.03342375548695
borangutan,2.374748346010104
borangutan,1.9084850188786497
borangutan,1.968482948553935
borangutan,2.3283796034387376
borangutan,1.954242509439325
borangutan,1.8920946026904804
borangutan,2.303196057420489
borangutan,1.9242792860618816
borangutan,2.089905111439398
borangutan,2.167317334748176
borangutan,2.41161970596323
borangutan,2.2833012287035497
borangutan,1.9822712330395684
borangutan,3.1583624920952498
borangutan,1.9822712330395684
borangutan,3.3203540328176717
borangutan,1.9822712330395684
borangutan,2.782472624166286
borangutan,2.803457115648414
borangutan,2.2013971243204513
borangutan,1.9395192526186185
borangutan,2.130333768495006
borangutan,2.0086001717619175
borangutan,2.0681858617461617
borangutan,2.0681858617461617
borangutan,2.1583624920952498
borangutan,2.1931245983544616
borangutan,2.12057393120585
borangutan,2.0211892990699383
borangutan,2.315970345456918
borangutan,1.9822712330395684
borangutan,1.9822712330395684
borangutan,1.954242509439325
borangutan,1.9395192526186185
borangutan,1.9395192526186185
borangutan,1.9395192526186185
borangutan,1.9395192526186185
borangutan,1.8920946026904804
borangutan,1.8750612633917
borangutan,2.0086001717619175
borangutan,2.089905111439398
borangutan,2.130333768495006
borangutan,2.089905111439398
borangutan,2.100370545117563
borangutan,2.110589710299249
borangutan,1.968482948553935
borangutan,1.968482948553935
borangutan,2.4313637641589874
borangutan,2.0453229787866576
borangutan,2.290034611362518
borangutan,1.8388490907372552
borangutan,2.0681858617461617
borangutan,1.8750612633917
borangutan,2.167317334748176
borangutan,2.12057393120585
borangutan,2.45484486000851
borangutan,1.9822712330395684
borangutan,1.9822712330395684
borangutan,2.406540180433955
borangutan,2.2013971243204513
borangutan,2.0453229787866576
borangutan,2.2833012287035497
borangutan,1.9242792860618816
borangutan,1.9822712330395684
borangutan,1.954242509439325
borangutan,2.0791812460476247
borangutan,1.99563519459755
borangutan,2.0086001717619175
borangutan,2.130333768495006
borangutan,2.0569048513364727
borangutan,2.584331224367531
borangutan,2.584331224367531
borangutan,2.0569048513364727
borangutan,2.6384892569546374
borangutan,1.8573324964312685
borangutan,1.8920946026904804
borangutan,2.1760912590556813
borangutan,1.9395192526186185
borangutan,2.2174839442139063
borangutan,2.303196057420489
borangutan,1.8920946026904804
borangutan,2.12057393120585
borangutan,2.45484486000851
borangutan,1.9395192526186185
borangutan,1.9242792860618816
borangutan,2.089905111439398
borangutan,1.968482948553935
borangutan,1.954242509439325
borangutan,1.954242509439325
borangutan,1.954242509439325
borangutan,1.9242792860618816
borangutan,2.0569048513364727
borangutan,2.100370545117563
borangutan,2.0681858617461617
borangutan,2.12057393120585
borangutan,1.9395192526186185
borangutan,2.130333768495006
borangutan,2.03342375548695
borangutan,2.0211892990699383
borangutan,1.9084850188786497
borangutan,1.9822712330395684
borangutan,2.380211241711606
borangutan,2.0211892990699383
borangutan,1.99563519459755
borangutan,1.9395192526186185
borangutan,1.9822712330395684
borangutan,1.9822712330395684
borangutan,2.0791812460476247
borangutan,2.7715874808812555
borangutan,2.2013971243204513
borangutan,1.954242509439325
borangutan,1.968482948553935
borangutan,2.2833012287035497
borangutan,2.2624510897304293
borangutan,2.1492191126553797
borangutan,1.9395192526186185
borangutan,2.12057393120585
borangutan,2.2329961103921536
borangutan,1.99563519459755
borangutan,2.2174839442139063
borangutan,1.9242792860618816
borangutan,1.9242792860618816
borangutan,1.9084850188786497
borangutan,2.0211892990699383
borangutan,1.9242792860618816
borangutan,1.9242792860618816
borangutan,2.225309281725863
borangutan,1.9822712330395684
borangutan,2.089905111439398
borangutan,1.9395192526186185
borangutan,2.089905111439398
borangutan,3.8797264966395772
borangutan,3.2681097298084785
borangutan,2.705007959333336
borangutan,1.8573324964312685
borangutan,1.9242792860618816
borangutan,1.9084850188786497
borangutan,1.9242792860618816
borangutan,1.8920946026904804
borangutan,2.225309281725863
borangutan,1.9242792860618816
borangutan,2.167317334748176
borangutan,1.99563519459755
borangutan,1.954242509439325
borangutan,1.8750612633917
borangutan,2.2405492482826
borangutan,2.2174839442139063
borangutan,2.2695129442179165
borangutan,2.0086001717619175
borangutan,2.0453229787866576
borangutan,2.1492191126553797
borangutan,1.8920946026904804
borangutan,2.3344537511509307
borangutan,1.9395192526186185
borangutan,1.9395192526186185
borangutan,2.0086001717619175
borangutan,2.0569048513364727
borangutan,2.130333768495006
borangutan,1.99563519459755
borangutan,1.9822712330395684
borangutan,2.4409090820652177
borangutan,1.9242792860618816
borangutan,2.3096301674258988
borangutan,1.99563519459755
borangutan,1.9822712330395684
borangutan,2.0681858617461617
borangutan,2.2013971243204513
borangutan,2.2013971243204513
borangutan,2.526339277389844
borangutan,1.8920946026904804
borangutan,1.8750612633917
borangutan,1.8920946026904804
borangutan,2.0681858617461617
borangutan,2.130333768495006
borangutan,1.99563519459755
borangutan,2.2624510897304293
borangutan,2.2624510897304293
borangutan,2.0569048513364727
borangutan,1.9084850188786497
borangutan,1.9395192526186185
borangutan,1.954242509439325
borangutan,2.3344537511509307
borangutan,2.296665190261531
borangutan,1.9822712330395684
borangutan,2.0569048513364727
borangutan,2.401400540781544
borangutan,1.968482948553935
borangutan,1.9822712330395684
borangutan,2.6866362692622934
borangutan,1.954242509439325
borangutan,2.1398790864012365
borangutan,2.0211892990699383
borangutan,2.167317334748176
borangutan,2.2329961103921536
borangutan,2.03342375548695
borangutan,1.9084850188786497
borangutan,2.184691430817599
borangutan,2.12057393120585
borangutan,2.12057393120585
borangutan,1.9084850188786497
borangutan,2.0681858617461617
borangutan,1.8920946026904804
borangutan,2.0086001717619175
borangutan,1.9822712330395684
borangutan,2.100370545117563
borangutan,2.0211892990699383
borangutan,1.9084850188786497
borangutan,2.0086001717619175
borangutan,2.184691430817599
borangutan,1.954242509439325
borangutan,2.0086001717619175
borangutan,2.1583624920952498
borangutan,2.1583624920952498
borangutan,1.8573324964312685
borangutan,2.5563025007672873
borangutan,2.5774917998372255
borangutan,1.954242509439325
borangutan,2.255272505103306
borangutan,2.374748346010104
borangutan,2.2624510897304293
borangutan,2.12057393120585
borangutan,1.9822712330395684
borangutan,2.167317334748176
borangutan,2.5490032620257876
borangutan,2.0086001717619175
borangutan,1.8920946026904804
borangutan,2.110589710299249
borangutan,2.3096301674258988
borangutan,2.3344537511509307
borangutan,1.9242792860618816
borangutan,2.0211892990699383
borangutan,2.0211892990699383
borangutan,2.494154594018443
borangutan,2.406540180433955
borangutan,2.1583624920952498
borangutan,2.255272505103306
borangutan,2.12057393120585
borangutan,2.1583624920952498
borangutan,2.2174839442139063
borangutan,1.9395192526186185
borangutan,2.3404441148401185
borangutan,2.3961993470957363
borangutan,2.0211892990699383
borangutan,2.1760912590556813
borangutan,2.2174839442139063
borangutan,2.225309281725863
borangutan,2.2405492482826
borangutan,2.247973266361807
borangutan,2.0453229787866576
borangutan,1.9242792860618816
borangutan,2.03342375548695
borangutan,2.2833012287035497
borangutan,1.99563519459755
borangutan,1.8573324964312685
borangutan,1.8573324964312685
borangutan,2.0211892990699383
borangutan,2.110589710299249
borangutan,2.406540180433955
borangutan,2.290034611362518
borangutan,2.0681858617461617
borangutan,2.184691430817599
borangutan,2.450249108319361
borangutan,2.5024271199844326
borangutan,2.436162647040756
borangutan,2.1760912590556813
borangutan,1.9084850188786497
borangutan,2.225309281725863
borangutan,2.380211241711606
borangutan,2.7466341989375787
borangutan,1.9242792860618816
borangutan,2.2695129442179165
borangutan,2.130333768495006
borangutan,1.9395192526186185
borangutan,2.635483746814912
borangutan,2.635483746814912
borangutan,2.6473829701146196
borangutan,1.99563519459755
borangutan,1.99563519459755
borangutan,1.9395192526186185
borangutan,1.9395192526186185
borangutan,1.968482948553935
borangutan,1.968482948553935
borangutan,2.110589710299249
borangutan,2.436162647040756
borangutan,1.954242509439325
borangutan,1.954242509439325
borangutan,1.8750612633917
borangutan,2.0086001717619175
borangutan,2.401400540781544
borangutan,2.948412965778601
borangutan,3.035829825252828
borangutan,2.7781512503836434
borangutan,2.0453229787866576
borangutan,2.635483746814912
borangutan,2.1492191126553797
borangutan,1.99563519459755
borangutan,2.12057393120585
borangutan,2.12057393120585
borangutan,1.968482948553935
borangutan,1.968482948553935
borangutan,2.0086001717619175
borangutan,1.99563519459755
borangutan,1.9822712330395684
borangutan,1.9395192526186185
borangutan,1.968482948553935
borangutan,1.9395192526186185
borangutan,1.954242509439325
borangutan,2.0681858617461617
borangutan,2.0569048513364727
borangutan,2.03342375548695
borangutan,1.99563519459755
borangutan,1.954242509439325
borangutan,2.0791812460476247
borangutan,1.968482948553935
borangutan,2.0453229787866576
borangutan,2.0681858617461617
borangutan,2.0791812460476247
borangutan,2.0086001717619175
borangutan,1.9822712330395684
borangutan,2.167317334748176
borangutan,2.481442628502305
borangutan,2.6232492903979003
borangutan,2.0453229787866576
borangutan,2.683947130751512
borangutan,2.734799829588847
borangutan,2.6009728956867484
borangutan,1.968482948553935
borangutan,2.110589710299249
borangutan,2.0086001717619175
borangutan,1.7075701760979363
borangutan,1.9242792860618816
borangutan,2.6414741105040997
borangutan,2.3344537511509307
borangutan,1.99563519459755
borangutan,2.03342375548695
borangutan,2.089905111439398
borangutan,2.0086001717619175
borangutan,1.968482948553935
borangutan,2.110589710299249
borangutan,2.1931245983544616
borangutan,1.9822712330395684
borangutan,2.0569048513364727
borangutan,2.089905111439398
borangutan,1.9242792860618816
borangutan,2.7299742856995555
borangutan,2.369215857410143
borangutan,2.3636119798921444
borangutan,2.3636119798921444
borangutan,2.2405492482826
borangutan,2.0211892990699383
borangutan,1.8920946026904804
borangutan,2.089905111439398
borangutan,2.5185139398778875
borangutan,2.2095150145426308
borangutan,1.968482948553935
borangutan,1.954242509439325
borangutan,1.968482948553935
borangutan,1.9395192526186185
borangutan,2.6414741105040997
borangutan,1.968482948553935
borangutan,2.7371926427047373
borangutan,1.954242509439325
borangutan,1.954242509439325
borangutan,2.3096301674258988
borangutan,2.2624510897304293
borangutan,1.9395192526186185
borangutan,2.247973266361807
borangutan,2.0211892990699383
borangutan,2.0453229787866576
borangutan,1.9084850188786497
borangutan,2.1583624920952498
borangutan,2.0569048513364727
borangutan,1.8920946026904804
borangutan,2.1492191126553797
borangutan,2.0211892990699383
borangutan,2.346352974450639
borangutan,2.0453229787866576
borangutan,2.4313637641589874
borangutan,2.03342375548695
borangutan,2.3636119798921444
borangutan,1.9395192526186185
borangutan,1.9242792860618816
borangutan,2.2095150145426308
borangutan,2.2013971243204513
borangutan,2.4727564493172123
borangutan,1.8920946026904804
borangutan,2.089905111439398
borangutan,2.130333768495006
borangutan,1.8920946026904804
borangutan,2.089905111439398
borangutan,1.8573324964312685
borangutan,2.089905111439398
borangutan,1.9242792860618816
borangutan,1.8920946026904804
borangutan,1.9084850188786497
borangutan,1.968482948553935
borangutan,2.45484486000851
borangutan,2.110589710299249
borangutan,1.8920946026904804
borangutan,2.0086001717619175
borangutan,2.617000341120899
borangutan,1.99563519459755
borangutan,1.9084850188786497
borangutan,2.3909351071033793
borangutan,1.8573324964312685
borangutan,1.8920946026904804
borangutan,1.968482948553935
borangutan,1.9395192526186185
borangutan,1.9084850188786497
borangutan,1.9395192526186185
borangutan,2.0569048513364727
borangutan,1.8750612633917
borangutan,1.8750612633917
borangutan,2.0681858617461617
borangutan,2.089905111439398
borangutan,2.2013971243204513
borangutan,1.954242509439325
borangutan,2.0086001717619175
borangutan,1.9242792860618816
borangutan,1.968482948553935
borangutan,2.0569048513364727
borangutan,2.12057393120585
borangutan,1.954242509439325
borangutan,2.0453229787866576
borangutan,2.0086001717619175
borangutan,1.9242792860618816
borangutan,2.0453229787866576
borangutan,2.2405492482826
borangutan,2.0791812460476247
borangutan,2.089905111439398
borangutan,2.2013971243204513
borangutan,2.089905111439398
borangutan,1.9395192526186185
borangutan,1.9242792860618816
borangutan,2.1760912590556813
borangutan,2.1931245983544616
borangutan,2.416640507338281
borangutan,1.954242509439325
borangutan,1.8750612633917
borangutan,2.597695185925512
borangutan,2.290034611362518
borangutan,2.0086001717619175
borangutan,1.7323937598229686
borangutan,1.9242792860618816
borangutan,2.3283796034387376
borangutan,2.3283796034387376
borangutan,1.9822712330395684
borangutan,1.99563519459755
borangutan,2.1931245983544616
borangutan,2.537819095073274
borangutan,2.3096301674258988
borangutan,1.8750612633917
borangutan,1.8750612633917
borangutan,2.303196057420489
borangutan,1.8750612633917
borangutan,1.954242509439325
borangutan,1.968482948553935
borangutan,2.1398790864012365
borangutan,1.9395192526186185
borangutan,1.9395192526186185
borangutan,1.9822712330395684
borangutan,2.303196057420489
borangutan,2.225309281725863
borangutan,1.954242509439325
borangutan,2.303196057420489
borangutan,1.8573324964312685
borangutan,1.9084850188786497
borangutan,2.0211892990699383
borangutan,1.9395192526186185
borangutan,2.357934847000454
borangutan,2.3096301674258988
borangutan,2.322219294733919
borangutan,2.2624510897304293
borangutan,1.9242792860618816
borangutan,1.9084850188786497
borangutan,2.2095150145426308
borangutan,2.0211892990699383
borangutan,2.0681858617461617
borangutan,1.9084850188786497
borangutan,2.401400540781544
borangutan,2.436162647040756
borangutan,1.968482948553935
borangutan,2.2174839442139063
borangutan,2.1492191126553797
borangutan,1.9395192526186185
borangutan,1.954242509439325
borangutan,2.3636119798921444
borangutan,2.2013971243204513
borangutan,1.9242792860618816
borangutan,1.9395192526186185
borangutan,2.225309281725863
borangutan,2.167317334748176
borangutan,1.968482948553935
borangutan,2.0211892990699383
borangutan,1.968482948553935
borangutan,2.315970345456918
borangutan,1.8920946026904804
borangutan,2.167317334748176
borangutan,1.9084850188786497
borangutan,2.5490032620257876
borangutan,2.0211892990699383
borangutan,1.6232492903979006
borangutan,1.9084850188786497
borangutan,1.954242509439325
borangutan,1.9395192526186185
borangutan,2.2329961103921536
borangutan,2.4727564493172123
borangutan,1.8388490907372552
borangutan,1.8388490907372552
borangutan,1.8388490907372552
borangutan,2.2095150145426308
borangutan,1.8388490907372552
borangutan,1.8388490907372552
borangutan,1.968482948553935
borangutan,1.8388490907372552
borangutan,1.968482948553935
borangutan,1.8388490907372552
borangutan,2.2095150145426308
borangutan,2.2095150145426308
borangutan,1.9822712330395684
borangutan,2.3344537511509307
borangutan,1.9822712330395684
borangutan,1.9242792860618816
borangutan,1.9242792860618816
borangutan,1.9395192526186185
borangutan,2.2624510897304293
borangutan,1.9242792860618816
borangutan,2.2624510897304293
borangutan,1.9395192526186185
borangutan,1.9395192526186185
borangutan,1.9395192526186185
borangutan,2.2624510897304293
borangutan,1.9242792860618816
borangutan,2.2624510897304293
borangutan,2.2624510897304293
borangutan,1.9395192526186185
borangutan,2.2624510897304293
borangutan,1.9242792860618816
borangutan,2.2624510897304293
borangutan,2.2624510897304293
borangutan,1.9242792860618816
borangutan,2.2624510897304293
borangutan,2.2624510897304293
borangutan,1.9242792860618816
borangutan,2.2624510897304293
borangutan,2.2624510897304293
borangutan,1.9242792860618816
borangutan,2.2624510897304293
borangutan,1.9242792860618816
borangutan,1.9242792860618816
borangutan,2.2624510897304293
borangutan,1.9395192526186185
borangutan,2.1583624920952498
borangutan,2.1583624920952498
borangutan,1.8920946026904804
borangutan,2.290034611362518
borangutan,2.089905111439398
borangutan,2.0453229787866576
borangutan,2.5490032620257876
borangutan,2.3961993470957363
borangutan,2.2624510897304293
borangutan,1.954242509439325
borangutan,1.8750612633917
borangutan,1.8750612633917
borangutan,2.617000341120899
borangutan,2.0569048513364727
borangutan,2.0791812460476247
borangutan,2.1492191126553797
borangutan,2.12057393120585
borangutan,2.100370545117563
borangutan,2.0211892990699383
borangutan,2.290034611362518
borangutan,2.290034611362518
borangutan,2.357934847000454
borangutan,2.2764618041732443
borangutan,2.0211892990699383
borangutan,2.1492191126553797
borangutan,2.1492191126553797
borangutan,1.9395192526186185
borangutan,2.0211892990699383
borangutan,2.0211892990699383
borangutan,1.968482948553935
borangutan,1.9395192526186185
borangutan,1.954242509439325
borangutan,2.1398790864012365
borangutan,2.296665190261531
borangutan,2.100370545117563
borangutan,1.99563519459755
borangutan,1.9084850188786497
borangutan,2.1931245983544616
borangutan,1.9084850188786497
borangutan,2.3521825181113627
borangutan,1.9084850188786497
borangutan,1.9822712330395684
borangutan,1.9084850188786497
borangutan,1.99563519459755
borangutan,2.526339277389844
borangutan,1.9084850188786497
borangutan,1.9084850188786497
borangutan,2.255272505103306
borangutan,1.954242509439325
borangutan,2.100370545117563
borangutan,2.315970345456918
borangutan,2.4683473304121573
borangutan,2.0086001717619175
borangutan,2.2174839442139063
borangutan,2.322219294733919
borangutan,2.03342375548695
borangutan,2.0211892990699383
borangutan,2.1492191126553797
borangutan,1.8750612633917
borangutan,2.385606273598312
borangutan,2.41161970596323
borangutan,1.8920946026904804
borangutan,2.0211892990699383
borangutan,2.2624510897304293
borangutan,1.8750612633917
borangutan,2.780317312140151
borangutan,2.380211241711606
borangutan,1.9084850188786497
borangutan,2.1931245983544616
borangutan,1.8920946026904804
borangutan,2.130333768495006
borangutan,2.2405492482826
borangutan,2.2013971243204513
borangutan,2.184691430817599
borangutan,1.8920946026904804
borangutan,2.184691430817599
borangutan,2.0086001717619175
borangutan,2.2405492482826
borangutan,2.167317334748176
borangutan,1.9242792860618816
borangutan,1.99563519459755
borangutan,1.9242792860618816
borangutan,1.8750612633917
borangutan,2.225309281725863
borangutan,1.9084850188786497
borangutan,1.9395192526186185
borangutan,1.8388490907372552
borangutan,2.089905111439398
borangutan,1.8573324964312685
borangutan,1.8573324964312685
borangutan,2.247973266361807
borangutan,2.100370545117563
borangutan,1.8750612633917
borangutan,1.8388490907372552
borangutan,1.8388490907372552
borangutan,1.8920946026904804
borangutan,2.184691430817599
borangutan,2.597695185925512
borangutan,1.9242792860618816
borangutan,2.0569048513364727
borangutan,1.7781512503836436
borangutan,1.9395192526186185
borangutan,1.8750612633917
borangutan,1.9242792860618816
borangutan,1.954242509439325
borangutan,1.9242792860618816
borangutan,1.8573324964312685
borangutan,2.089905111439398
borangutan,2.3404441148401185
borangutan,2.61066016308988
borangutan,2.3344537511509307
borangutan,1.9242792860618816
borangutan,1.8750612633917
borangutan,1.968482948553935
borangutan,2.739572344450092
borangutan,2.2013971243204513
borangutan,2.3404441148401185
borangutan,2.1398790864012365
borangutan,2.0453229787866576
borangutan,2.2405492482826
borangutan,2.2405492482826
borangutan,2.401400540781544
borangutan,2.401400540781544
borangutan,2.4265112613645754
borangutan,1.9395192526186185
borangutan,2.100370545117563
borangutan,2.0086001717619175
borangutan,2.3344537511509307
borangutan,1.9822712330395684
borangutan,2.110589710299249
borangutan,1.954242509439325
borangutan,1.9242792860618816
borangutan,1.9242792860618816
borangutan,1.9395192526186185
borangutan,1.9822712330395684
borangutan,1.9242792860618816
borangutan,2.12057393120585
borangutan,1.9395192526186185
borangutan,2.303196057420489
borangutan,1.9084850188786497
borangutan,1.8920946026904804
borangutan,2.510545010206612
borangutan,2.7993405494535817
borangutan,2.089905111439398
borangutan,1.9084850188786497
borangutan,1.968482948553935
borangutan,2.296665190261531
borangutan,1.954242509439325
borangutan,1.99563519459755
borangutan,2.1398790864012365
borangutan,2.1398790864012365
borangutan,2.1398790864012365
borangutan,2.130333768495006
borangutan,2.03342375548695
borangutan,2.5854607295085006
borangutan,1.9242792860618816
borangutan,2.0681858617461617
borangutan,1.99563519459755
borangutan,2.0453229787866576
borangutan,1.8750612633917
borangutan,2.2174839442139063
borangutan,2.290034611362518
borangutan,1.99563519459755
borangutan,2.7075701760979363
borangutan,1.8388490907372552
borangutan,1.954242509439325
borangutan,1.954242509439325
borangutan,1.954242509439325
borangutan,2.1492191126553797
borangutan,1.954242509439325
borangutan,2.1931245983544616
borangutan,2.0086001717619175
borangutan,2.0453229787866576
borangutan,2.255272505103306
borangutan,2.4409090820652177
borangutan,2.0791812460476247
borangutan,2.247973266361807
borangutan,2.0791812460476247
borangutan,2.0211892990699383
borangutan,2.2624510897304293
borangutan,2.4638929889859074
borangutan,1.99563519459755
borangutan,1.99563519459755
borangutan,1.9084850188786497
borangutan,2.0086001717619175
borangutan,1.99563519459755
borangutan,1.9242792860618816
borangutan,1.9822712330395684
borangutan,1.9395192526186185
borangutan,1.9084850188786497
borangutan,1.8750612633917
borangutan,2.2329961103921536
borangutan,1.968482948553935
borangutan,2.5599066250361124
borangutan,1.9084850188786497
borangutan,1.9084850188786497
borangutan,2.0211892990699383
borangutan,2.100370545117563
borangutan,1.9822712330395684
borangutan,1.9242792860618816
borangutan,2.0681858617461617
borangutan,2.0086001717619175
borangutan,1.99563519459755
borangutan,1.8750612633917
borangutan,1.9242792860618816
borangutan,2.0086001717619175
borangutan,2.03342375548695
borangutan,2.0086001717619175
borangutan,1.9242792860618816
borangutan,2.3404441148401185
borangutan,2.0211892990699383
borangutan,2.0211892990699383
borangutan,2.0211892990699383
borangutan,2.100370545117563
borangutan,2.380211241711606
borangutan,2.450249108319361
borangutan,1.8920946026904804
borangutan,1.9822712330395684
borangutan,2.1931245983544616
borangutan,2.6138418218760693
borangutan,2.0211892990699383
borangutan,2.322219294733919
borangutan,2.4983105537896004
borangutan,2.4983105537896004
borangutan,1.8388490907372552
borangutan,1.9822712330395684
borangutan,1.8920946026904804
borangutan,2.225309281725863
borangutan,2.225309281725863
borangutan,1.9395192526186185
borangutan,1.9084850188786497
borangutan,2.2764618041732443
borangutan,2.2764618041732443
borangutan,2.290034611362518
borangutan,2.2013971243204513
borangutan,1.8573324964312685
borangutan,2.12057393120585
borangutan,2.3283796034387376
borangutan,1.8920946026904804
borangutan,2.167317334748176
borangutan,2.1931245983544616
borangutan,1.8920946026904804
borangutan,1.8573324964312685
borangutan,2.617000341120899
borangutan,2.4727564493172123
borangutan,2.12057393120585
borangutan,1.9084850188786497
borangutan,1.954242509439325
borangutan,2.4638929889859074
borangutan,2.5809249756756194
borangutan,2.574031267727719
borangutan,2.2405492482826
borangutan,2.255272505103306
borangutan,2.2405492482826
borangutan,1.954242509439325
borangutan,2.0211892990699383
borangutan,2.0211892990699383
borangutan,2.0211892990699383
borangutan,2.2405492482826
borangutan,2.2405492482826
borangutan,1.9084850188786497
borangutan,1.8573324964312685
borangutan,2.0681858617461617
borangutan,1.9822712330395684
borangutan,1.954242509439325
borangutan,2.184691430817599
borangutan,2.90848501887865
borangutan,2.919601023784111
borangutan,1.8920946026904804
borangutan,2.357934847000454
borangutan,2.2405492482826
borangutan,2.100370545117563
borangutan,2.12057393120585
borangutan,2.506505032404872
borangutan,2.374748346010104
borangutan,1.9395192526186185
borangutan,2.7489628612561616
borangutan,1.8573324964312685
borangutan,1.9084850188786497
borangutan,2.2095150145426308
borangutan,1.9242792860618816
borangutan,1.9084850188786497
borangutan,2.416640507338281
borangutan,1.9822712330395684
borangutan,2.100370545117563
borangutan,1.954242509439325
borangutan,2.0086001717619175
borangutan,2.03342375548695
borangutan,1.8750612633917
borangutan,1.9084850188786497
borangutan,2.0086001717619175
borangutan,2.0681858617461617
borangutan,2.0791812460476247
borangutan,2.4409090820652177
borangutan,2.0791812460476247
borangutan,2.2095150145426308
borangutan,2.2095150145426308
borangutan,2.2095150145426308
borangutan,2.2095150145426308
borangutan,1.99563519459755
borangutan,1.9242792860618816
borangutan,1.9084850188786497
borangutan,2.584331224367531
borangutan,2.406540180433955
borangutan,1.954242509439325
borangutan,2.45484486000851
borangutan,2.2095150145426308
borangutan,2.2095150145426308
borangutan,2.0211892990699383
borangutan,1.9084850188786497
borangutan,1.968482948553935
borangutan,1.8920946026904804
borangutan,2.110589710299249
borangutan,2.2764618041732443
borangutan,2.678518379040114
borangutan,2.416640507338281
borangutan,1.8750612633917
borangutan,1.8920946026904804
borangutan,2.1492191126553797
borangutan,1.8573324964312685
borangutan,1.9822712330395684
borangutan,1.99563519459755
borangutan,1.9242792860618816
borangutan,2.5185139398778875
borangutan,1.968482948553935
borangutan,1.968482948553935
borangutan,1.954242509439325
borangutan,2.03342375548695
borangutan,2.03342375548695
borangutan,1.9242792860618816
borangutan,1.9395192526186185
borangutan,1.954242509439325
borangutan,1.954242509439325
borangutan,2.100370545117563
borangutan,2.0086001717619175
borangutan,1.954242509439325
borangutan,2.089905111439398
borangutan,2.3283796034387376
borangutan,1.9242792860618816
borangutan,1.9242792860618816
borangutan,1.954242509439325
borangutan,2.2095150145426308
borangutan,1.8920946026904804
borangutan,2.2095150145426308
borangutan,2.450249108319361
borangutan,2.5563025007672873
borangutan,2.3961993470957363
borangutan,1.9822712330395684
borangutan,2.2095150145426308
borangutan,2.2095150145426308
borangutan,2.2095150145426308
borangutan,2.2095150145426308
borangutan,2.2095150145426308
borangutan,2.2095150145426308
borangutan,2.2095150145426308
borangutan,2.2095150145426308
borangutan,2.2095150145426308
borangutan,2.2095150145426308
borangutan,2.2095150145426308
borangutan,2.2095150145426308
borangutan,2.584331224367531
borangutan,2.514547752660286
borangutan,1.8920946026904804
borangutan,1.99563519459755
borangutan,1.8920946026904804
borangutan,1.954242509439325
borangutan,2.369215857410143
borangutan,1.9395192526186185
borangutan,1.9395192526186185
borangutan,2.3096301674258988
borangutan,2.110589710299249
borangutan,2.0211892990699383
borangutan,2.2624510897304293
borangutan,1.9242792860618816
borangutan,2.0086001717619175
borangutan,2.0086001717619175
borangutan,2.1398790864012365
borangutan,2.2174839442139063
borangutan,2.0453229787866576
borangutan,2.374748346010104
borangutan,1.9822712330395684
borangutan,1.9395192526186185
borangutan,1.954242509439325
borangutan,1.9242792860618816
borangutan,1.968482948553935
borangutan,2.0569048513364727
borangutan,2.0569048513364727
borangutan,2.0453229787866576
borangutan,1.9395192526186185
borangutan,2.0791812460476247
borangutan,2.5563025007672873
borangutan,2.3096301674258988
borangutan,2.1398790864012365
borangutan,2.530199698203082
borangutan,2.530199698203082
borangutan,1.9242792860618816
borangutan,2.03342375548695
borangutan,1.968482948553935
borangutan,2.1760912590556813
borangutan,1.9084850188786497
borangutan,1.968482948553935
borangutan,2.110589710299249
borangutan,2.247973266361807
borangutan,2.322219294733919
borangutan,2.3909351071033793
borangutan,2.2329961103921536
borangutan,2.369215857410143
borangutan,1.9242792860618816
borangutan,2.4683473304121573
borangutan,2.658964842664435
borangutan,2.416640507338281
borangutan,1.99563519459755
borangutan,1.8920946026904804
borangutan,1.8573324964312685
borangutan,2.0211892990699383
borangutan,2.315970345456918
borangutan,2.100370545117563
borangutan,2.401400540781544
borangutan,2.401400540781544
borangutan,2.3344537511509307
borangutan,2.1398790864012365
borangutan,2.0211892990699383
borangutan,1.9822712330395684
borangutan,2.03342375548695
borangutan,2.1760912590556813
borangutan,2.0086001717619175
borangutan,2.357934847000454
borangutan,1.9822712330395684
borangutan,2.0453229787866576
borangutan,2.167317334748176
borangutan,2.2174839442139063
borangutan,2.2174839442139063
borangutan,2.2174839442139063
borangutan,2.089905111439398
borangutan,2.0211892990699383
borangutan,2.406540180433955
borangutan,2.2013971243204513
borangutan,2.3096301674258988
borangutan,2.2624510897304293
borangutan,2.315970345456918
borangutan,2.303196057420489
borangutan,1.9242792860618816
borangutan,2.184691430817599
borangutan,2.3909351071033793
borangutan,2.2833012287035497
borangutan,1.9395192526186185
borangutan,2.12057393120585
borangutan,2.2095150145426308
borangutan,1.9395192526186185
borangutan,2.1583624920952498
borangutan,1.9395192526186185
borangutan,1.99563519459755
borangutan,1.9084850188786497
borangutan,2.0211892990699383
borangutan,2.110589710299249
borangutan,2.2695129442179165
borangutan,1.9395192526186185
borangutan,2.2405492482826
borangutan,2.2329961103921536
borangutan,1.9084850188786497
borangutan,1.8920946026904804
borangutan,2.110589710299249
borangutan,1.9084850188786497
borangutan,2.303196057420489
borangutan,1.954242509439325
borangutan,2.03342375548695
borangutan,2.247973266361807
borangutan,2.315970345456918
borangutan,2.0211892990699383
borangutan,2.3961993470957363
borangutan,2.0791812460476247
borangutan,2.0791812460476247
borangutan,1.954242509439325
borangutan,2.100370545117563
borangutan,1.954242509439325
borangutan,2.0211892990699383
borangutan,2.1583624920952498
borangutan,2.0569048513364727
borangutan,1.954242509439325
borangutan,2.459392487759231
borangutan,2.2095150145426308
borangutan,1.9084850188786497
borangutan,1.968482948553935
borangutan,1.968482948553935
borangutan,1.9242792860618816
borangutan,1.9242792860618816
borangutan,2.0211892990699383
borangutan,2.089905111439398
borangutan,2.0681858617461617
borangutan,2.12057393120585
borangutan,2.0086001717619175
borangutan,1.9084850188786497
borangutan,1.8573324964312685
borangutan,2.552668216112193
borangutan,1.99563519459755
borangutan,2.2833012287035497
borangutan,2.2013971243204513
borangutan,1.954242509439325
borangutan,2.3283796034387376
borangutan,2.100370545117563
borangutan,2.2764618041732443
borangutan,2.4265112613645754
borangutan,2.4727564493172123
borangutan,1.9084850188786497
borangutan,2.130333768495006
borangutan,2.60422605308447
borangutan,2.0791812460476247
borangutan,1.9395192526186185
borangutan,2.0453229787866576
borangutan,2.1760912590556813
borangutan,2.2405492482826
borangutan,2.7737864449811935
borangutan,2.3961993470957363
borangutan,1.9242792860618816
borangutan,1.968482948553935
borangutan,2.1583624920952498
borangutan,2.296665190261531
borangutan,1.9084850188786497
borangutan,1.8920946026904804
borangutan,1.8920946026904804
borangutan,1.9395192526186185
borangutan,2.167317334748176
borangutan,1.9822712330395684
borangutan,1.9822712330395684
borangutan,1.8750612633917
borangutan,1.99563519459755
borangutan,1.9242792860618816
borangutan,1.954242509439325
borangutan,1.954242509439325
borangutan,1.8388490907372552
borangutan,2.110589710299249
borangutan,2.12057393120585
borangutan,1.954242509439325
borangutan,2.110589710299249
borangutan,1.9242792860618816
borangutan,1.8750612633917
borangutan,2.406540180433955
borangutan,2.2013971243204513
borangutan,1.9084850188786497
borangutan,1.9084850188786497
borangutan,1.9395192526186185
borangutan,1.99563519459755
borangutan,1.9242792860618816
borangutan,2.8055008581584002
borangutan,2.2833012287035497
borangutan,1.954242509439325
borangutan,1.968482948553935
borangutan,1.8750612633917
borangutan,2.03342375548695
borangutan,2.0453229787866576
borangutan,2.0569048513364727
borangutan,1.968482948553935
borangutan,1.9084850188786497
borangutan,1.9084850188786497
borangutan,1.9242792860618816
borangutan,1.954242509439325
borangutan,2.1492191126553797
borangutan,1.9395192526186185
borangutan,1.9242792860618816
borangutan,1.9084850188786497
borangutan,1.9084850188786497
borangutan,1.9242792860618816
borangutan,1.954242509439325
borangutan,2.967079734144497
borangutan,1.968482948553935
borangutan,2.0086001717619175
borangutan,1.8573324964312685
borangutan,1.9395192526186185
borangutan,1.8573324964312685
borangutan,1.8573324964312685
borangutan,2.1760912590556813
borangutan,1.9242792860618816
borangutan,1.9822712330395684
borangutan,1.8920946026904804
borangutan,1.8920946026904804
borangutan,2.45484486000851
borangutan,2.110589710299249
borangutan,2.2833012287035497
borangutan,1.9084850188786497
borangutan,2.374748346010104
borangutan,1.9395192526186185
borangutan,1.968482948553935
borangutan,1.968482948553935
borangutan,2.0086001717619175
borangutan,1.9822712330395684
borangutan,2.2174839442139063
borangutan,2.255272505103306
borangutan,2.48572142648158
borangutan,2.4216039268698313
borangutan,1.9395192526186185
borangutan,1.8920946026904804
borangutan,1.8750612633917
borangutan,1.9395192526186185
borangutan,2.089905111439398
borangutan,1.954242509439325
borangutan,1.9242792860618816
borangutan,2.130333768495006
borangutan,2.436162647040756
borangutan,1.968482948553935
borangutan,2.03342375548695
borangutan,2.0211892990699383
borangutan,1.9242792860618816
borangutan,2.0453229787866576
borangutan,1.9242792860618816
borangutan,2.1398790864012365
borangutan,1.9395192526186185
borangutan,2.303196057420489
borangutan,2.1583624920952498
borangutan,2.303196057420489
borangutan,2.2174839442139063
borangutan,1.8920946026904804
borangutan,2.0791812460476247
borangutan,2.110589710299249
borangutan,2.0086001717619175
borangutan,2.0569048513364727
borangutan,1.9395192526186185
borangutan,2.6009728956867484
borangutan,1.954242509439325
borangutan,2.717670503002262
borangutan,1.9084850188786497
borangutan,2.2405492482826
borangutan,1.9242792860618816
borangutan,2.436162647040756
borangutan,2.450249108319361
borangutan,1.954242509439325
borangutan,2.130333768495006
borangutan,2.089905111439398
borangutan,2.506505032404872
borangutan,1.968482948553935
borangutan,1.8920946026904804
borangutan,1.8920946026904804
borangutan,1.9242792860618816
borangutan,2.385606273598312
borangutan,2.0681858617461617
borangutan,2.0453229787866576
borangutan,1.9084850188786497
borangutan,2.1492191126553797
borangutan,2.0453229787866576
borangutan,2.0453229787866576
borangutan,1.99563519459755
borangutan,2.184691430817599
borangutan,2.184691430817599
borangutan,1.954242509439325
borangutan,1.8750612633917
borangutan,1.9822712330395684
borangutan,1.8750612633917
borangutan,2.2174839442139063
borangutan,1.9395192526186185
borangutan,1.9084850188786497
borangutan,1.9242792860618816
borangutan,2.247973266361807
borangutan,1.7075701760979363
borangutan,1.9084850188786497
borangutan,2.1760912590556813
borangutan,1.8750612633917
borangutan,1.8920946026904804
borangutan,2.552668216112193
borangutan,1.8920946026904804
borangutan,1.8920946026904804
borangutan,2.481442628502305
borangutan,1.954242509439325
borangutan,1.9084850188786497
borangutan,2.130333768495006
borangutan,2.1583624920952498
borangutan,1.9395192526186185
borangutan,1.8750612633917
borangutan,1.9084850188786497
borangutan,2.03342375548695
borangutan,1.9395192526186185
borangutan,2.0569048513364727
borangutan,2.780317312140151
borangutan,1.8920946026904804
borangutan,1.8920946026904804
borangutan,1.9242792860618816
borangutan,2.0569048513364727
borangutan,1.9084850188786497
borangutan,2.2695129442179165
borangutan,2.2695129442179165
borangutan,2.3096301674258988
borangutan,1.968482948553935
borangutan,2.41161970596323
borangutan,1.8573324964312685
borangutan,1.8920946026904804
borangutan,2.0681858617461617
borangutan,2.0211892990699383
borangutan,1.9242792860618816
borangutan,2.5943925503754266
borangutan,2.5943925503754266
borangutan,1.99563519459755
borangutan,1.99563519459755
borangutan,2.0569048513364727
borangutan,1.9822712330395684
borangutan,2.0569048513364727
borangutan,1.9242792860618816
borangutan,2.2764618041732443
borangutan,2.255272505103306
borangutan,2.130333768495006
borangutan,2.4983105537896004
borangutan,1.9242792860618816
borangutan,2.380211241711606
borangutan,2.0211892990699383
borangutan,1.8920946026904804
borangutan,2.12057393120585
borangutan,2.1492191126553797
borangutan,1.9822712330395684
borangutan,1.99563519459755
borangutan,1.9822712330395684
borangutan,1.99563519459755
borangutan,1.99563519459755
borangutan,2.1492191126553797
borangutan,1.9084850188786497
borangutan,1.9242792860618816
borangutan,2.1398790864012365
borangutan,1.9395192526186185
borangutan,2.597695185925512
borangutan,2.184691430817599
borangutan,1.968482948553935
borangutan,2.6503075231319366
borangutan,2.0211892990699383
borangutan,1.968482948553935
borangutan,2.12057393120585
borangutan,1.954242509439325
borangutan,1.99563519459755
borangutan,1.954242509439325
borangutan,1.968482948553935
borangutan,1.968482948553935
borangutan,1.8920946026904804
borangutan,1.968482948553935
borangutan,1.9084850188786497
borangutan,1.8920946026904804
borangutan,2.0211892990699383
borangutan,2.1492191126553797
borangutan,2.0211892990699383
borangutan,2.167317334748176
borangutan,2.1492191126553797
borangutan,2.100370545117563
borangutan,2.2624510897304293
borangutan,2.0453229787866576
borangutan,2.5024271199844326
borangutan,2.0211892990699383
borangutan,2.510545010206612
borangutan,2.537819095073274
borangutan,2.2174839442139063
borangutan,1.99563519459755
borangutan,2.5943925503754266
borangutan,1.8920946026904804
borangutan,2.225309281725863
borangutan,3.17868923977559
borangutan,2.225309281725863
borangutan,2.2013971243204513
borangutan,1.954242509439325
borangutan,2.3283796034387376
borangutan,1.8750612633917
borangutan,2.1492191126553797
borangutan,1.968482948553935
borangutan,2.385606273598312
borangutan,2.110589710299249
borangutan,1.8750612633917
borangutan,1.8750612633917
borangutan,2.1931245983544616
borangutan,2.1931245983544616
borangutan,1.9395192526186185
borangutan,2.3096301674258988
borangutan,1.9822712330395684
borangutan,2.0211892990699383
borangutan,2.1583624920952498
borangutan,2.290034611362518
borangutan,1.954242509439325
borangutan,1.8750612633917
borangutan,1.9395192526186185
borangutan,1.9822712330395684
borangutan,1.9084850188786497
borangutan,1.9242792860618816
borangutan,2.0569048513364727
borangutan,2.3283796034387376
borangutan,2.3909351071033793
borangutan,1.8573324964312685
borangutan,2.03342375548695
borangutan,1.99563519459755
borangutan,2.2764618041732443
borangutan,2.4265112613645754
borangutan,2.436162647040756
borangutan,2.3404441148401185
borangutan,2.385606273598312
borangutan,2.296665190261531
borangutan,2.2695129442179165
borangutan,2.0569048513364727
borangutan,1.8750612633917
borangutan,1.8920946026904804
borangutan,2.110589710299249
borangutan,2.406540180433955
borangutan,2.5185139398778875
borangutan,1.8750612633917
borangutan,2.635483746814912
borangutan,1.9084850188786497
borangutan,1.9242792860618816
borangutan,2.436162647040756
borangutan,2.167317334748176
borangutan,1.968482948553935
borangutan,2.2764618041732443
borangutan,2.1492191126553797
borangutan,1.9084850188786497
borangutan,1.9084850188786497
borangutan,2.03342375548695
borangutan,2.0569048513364727
borangutan,2.0791812460476247
borangutan,2.0791812460476247
borangutan,2.1398790864012365
borangutan,1.9084850188786497
borangutan,1.9242792860618816
borangutan,2.0681858617461617
borangutan,2.0681858617461617
borangutan,1.8750612633917
borangutan,2.1492191126553797
borangutan,1.8750612633917
borangutan,1.8920946026904804
borangutan,1.8920946026904804
borangutan,2.247973266361807
borangutan,1.9242792860618816
borangutan,2.03342375548695
borangutan,2.681241237375587
borangutan,2.346352974450639
borangutan,1.9822712330395684
borangutan,1.8573324964312685
borangutan,1.9395192526186185
borangutan,2.130333768495006
borangutan,1.9242792860618816
borangutan,2.0791812460476247
borangutan,2.184691430817599
borangutan,2.1492191126553797
borangutan,2.03342375548695
borangutan,2.296665190261531
borangutan,1.9395192526186185
borangutan,2.296665190261531
borangutan,1.9395192526186185
borangutan,2.089905111439398
borangutan,2.089905111439398
borangutan,2.089905111439398
borangutan,2.089905111439398
borangutan,2.089905111439398
borangutan,1.954242509439325
borangutan,1.8920946026904804
borangutan,2.225309281725863
borangutan,1.9822712330395684
borangutan,2.436162647040756
borangutan,2.4668676203541096
borangutan,1.9242792860618816
borangutan,1.954242509439325
borangutan,2.0211892990699383
borangutan,1.968482948553935
borangutan,2.2013971243204513
borangutan,2.0569048513364727
borangutan,2.401400540781544
borangutan,1.954242509439325
borangutan,2.0086001717619175
borangutan,1.8920946026904804
borangutan,2.0086001717619175
borangutan,1.9084850188786497
borangutan,2.0791812460476247
borangutan,1.9395192526186185
borangutan,2.130333768495006
borangutan,2.130333768495006
borangutan,1.9242792860618816
borangutan,2.2329961103921536
borangutan,2.0453229787866576
borangutan,1.9242792860618816
borangutan,1.968482948553935
borangutan,2.12057393120585
borangutan,2.0569048513364727
borangutan,1.8920946026904804
borangutan,1.9242792860618816
borangutan,1.954242509439325
borangutan,1.8920946026904804
borangutan,2.2695129442179165
borangutan,2.3283796034387376
borangutan,2.110589710299249
borangutan,1.9084850188786497
borangutan,2.03342375548695
borangutan,1.9395192526186185
borangutan,1.9242792860618816
borangutan,1.9822712330395684
borangutan,1.9822712330395684
borangutan,2.385606273598312
borangutan,1.9395192526186185
borangutan,1.968482948553935
borangutan,1.9084850188786497
borangutan,2.03342375548695
borangutan,2.5634810853944106
borangutan,1.9395192526186185
borangutan,2.290034611362518
borangutan,2.03342375548695
borangutan,1.954242509439325
borangutan,1.9084850188786497
borangutan,2.290034611362518
borangutan,1.8920946026904804
borangutan,1.9084850188786497
borangutan,2.03342375548695
borangutan,2.5563025007672873
borangutan,2.7323937598229686
borangutan,1.9822712330395684
borangutan,2.2405492482826
borangutan,2.2405492482826
borangutan,2.4983105537896004
borangutan,2.03342375548695
borangutan,1.9242792860618816
borangutan,2.1583624920952498
borangutan,2.322219294733919
borangutan,1.968482948553935
borangutan,2.0211892990699383
borangutan,2.0791812460476247
borangutan,1.8920946026904804
borangutan,2.0569048513364727
borangutan,2.110589710299249
borangutan,1.9822712330395684
borangutan,1.9084850188786497
borangutan,2.03342375548695
borangutan,3.380211241711606
borangutan,2.2174839442139063
borangutan,1.954242509439325
borangutan,2.5224442335063197
borangutan,1.8573324964312685
borangutan,2.5943925503754266
borangutan,2.4265112613645754
borangutan,1.8750612633917
borangutan,2.0211892990699383
borangutan,2.4727564493172123
borangutan,2.0211892990699383
borangutan,2.0791812460476247
borangutan,1.9395192526186185
borangutan,1.8920946026904804
borangutan,2.0086001717619175
borangutan,1.968482948553935
borangutan,2.3636119798921444
borangutan,1.968482948553935
borangutan,2.6138418218760693
borangutan,2.0086001717619175
borangutan,2.0086001717619175
borangutan,2.0086001717619175
borangutan,2.0086001717619175
borangutan,2.380211241711606
borangutan,1.9822712330395684
borangutan,1.6532125137753437
borangutan,2.0086001717619175
borangutan,2.0791812460476247
borangutan,1.9822712330395684
borangutan,2.0086001717619175
borangutan,2.0453229787866576
borangutan,2.100370545117563
borangutan,1.8920946026904804
borangutan,1.9822712330395684
borangutan,2.0453229787866576
borangutan,2.3283796034387376
borangutan,1.9822712330395684
borangutan,2.0453229787866576
borangutan,2.374748346010104
borangutan,1.7781512503836436
borangutan,1.6812412373755872
borangutan,1.7781512503836436
borangutan,2.5490032620257876
borangutan,2.6414741105040997
borangutan,2.2405492482826
borangutan,2.12057393120585
borangutan,2.494154594018443
borangutan,2.03342375548695
borangutan,2.2624510897304293
borangutan,2.1931245983544616
borangutan,1.9822712330395684
borangutan,1.9822712330395684
borangutan,1.954242509439325
borangutan,2.225309281725863
borangutan,1.7781512503836436
borangutan,1.9822712330395684
borangutan,2.4216039268698313
borangutan,2.7101173651118162
borangutan,2.03342375548695
borangutan,2.2095150145426308
borangutan,1.7323937598229686
borangutan,2.7101173651118162
borangutan,2.03342375548695
borangutan,2.2095150145426308
borangutan,1.7323937598229686
borangutan,1.9084850188786497
borangutan,1.9395192526186185
borangutan,1.8573324964312685
borangutan,1.8920946026904804
borangutan,2.167317334748176
borangutan,2.2174839442139063
borangutan,2.436162647040756
borangutan,2.0086001717619175
borangutan,2.494154594018443
borangutan,1.968482948553935
borangutan,2.3909351071033793
borangutan,2.0086001717619175
borangutan,1.9822712330395684
borangutan,1.9395192526186185
borangutan,2.110589710299249
borangutan,1.9395192526186185
borangutan,2.247973266361807
borangutan,1.9242792860618816
borangutan,1.8920946026904804
borangutan,2.0086001717619175
borangutan,2.0086001717619175
borangutan,2.0211892990699383
borangutan,2.2013971243204513
borangutan,1.968482948553935
borangutan,2.167317334748176
borangutan,2.0681858617461617
borangutan,1.954242509439325
borangutan,2.167317334748176
borangutan,2.5024271199844326
borangutan,2.5024271199844326
borangutan,2.0211892990699383
borangutan,1.9084850188786497
borangutan,1.8920946026904804
borangutan,1.968482948553935
borangutan,2.0086001717619175
borangutan,2.0453229787866576
borangutan,1.954242509439325
borangutan,1.968482948553935
borangutan,1.968482948553935
borangutan,1.968482948553935
borangutan,2.184691430817599
borangutan,2.2329961103921536
borangutan,2.2405492482826
borangutan,2.0211892990699383
borangutan,2.0086001717619175
borangutan,2.0086001717619175
borangutan,2.0453229787866576
borangutan,2.406540180433955
borangutan,2.406540180433955
borangutan,2.406540180433955
borangutan,1.954242509439325
borangutan,1.954242509439325
borangutan,1.954242509439325
borangutan,1.954242509439325
borangutan,2.369215857410143
borangutan,2.2013971243204513
borangutan,1.9822712330395684
borangutan,2.0086001717619175
borangutan,2.290034611362518
borangutan,2.5224442335063197
borangutan,2.526339277389844
borangutan,1.99563519459755
borangutan,2.089905111439398
borangutan,1.99563519459755
borangutan,1.99563519459755
borangutan,1.954242509439325
borangutan,2.0569048513364727
borangutan,2.0453229787866576
borangutan,1.99563519459755
borangutan,2.3909351071033793
borangutan,2.255272505103306
borangutan,1.8388490907372552
borangutan,2.0791812460476247
borangutan,1.968482948553935
borangutan,2.0569048513364727
borangutan,1.968482948553935
borangutan,2.2624510897304293
borangutan,2.303196057420489
borangutan,1.968482948553935
borangutan,2.0211892990699383
borangutan,1.954242509439325
borangutan,1.954242509439325
borangutan,1.8750612633917
borangutan,1.8388490907372552
borangutan,2.3404441148401185
borangutan,2.741939077729199
borangutan,2.6263403673750423
borangutan,2.100370545117563
borangutan,2.4409090820652177
borangutan,1.9084850188786497
borangutan,2.167317334748176
borangutan,1.9084850188786497
borangutan,2.0681858617461617
borangutan,1.99563519459755
borangutan,2.100370545117563
borangutan,2.1492191126553797
borangutan,2.591064607026499
borangutan,1.9242792860618816
borangutan,2.0086001717619175
borangutan,2.12057393120585
borangutan,1.8920946026904804
borangutan,1.9242792860618816
borangutan,2.2695129442179165
borangutan,1.9084850188786497
borangutan,1.9084850188786497
borangutan,1.8920946026904804
borangutan,1.8920946026904804
borangutan,2.0453229787866576
borangutan,2.225309281725863
borangutan,2.1398790864012365
borangutan,1.8750612633917
borangutan,1.9084850188786497
borangutan,1.9084850188786497
borangutan,1.9822712330395684
borangutan,1.9084850188786497
borangutan,1.8750612633917
borangutan,1.968482948553935
borangutan,2.03342375548695
borangutan,1.9242792860618816
borangutan,1.9242792860618816
borangutan,1.99563519459755
borangutan,1.9084850188786497
borangutan,1.954242509439325
borangutan,2.61066016308988
borangutan,1.9395192526186185
borangutan,2.0086001717619175
borangutan,1.9242792860618816
borangutan,1.954242509439325
borangutan,2.12057393120585
borangutan,1.8573324964312685
borangutan,1.9395192526186185
borangutan,1.9822712330395684
borangutan,1.9084850188786497
borangutan,1.968482948553935
borangutan,1.9822712330395684
borangutan,1.99563519459755
borangutan,1.8750612633917
borangutan,1.954242509439325
borangutan,1.8920946026904804
borangutan,2.0569048513364727
borangutan,2.0453229787866576
borangutan,2.1583624920952498
borangutan,1.968482948553935
borangutan,2.110589710299249
borangutan,2.3283796034387376
borangutan,1.9822712330395684
borangutan,2.225309281725863
borangutan,1.9822712330395684
borangutan,1.9084850188786497
borangutan,2.0681858617461617
borangutan,1.9084850188786497
borangutan,1.954242509439325
borangutan,1.968482948553935
borangutan,2.03342375548695
borangutan,2.130333768495006
borangutan,2.2329961103921536
borangutan,1.9395192526186185
borangutan,2.0211892990699383
borangutan,2.2695129442179165
borangutan,2.2695129442179165
borangutan,2.3961993470957363
borangutan,2.3961993470957363
borangutan,2.0211892990699383
borangutan,2.3521825181113627
borangutan,2.0453229787866576
borangutan,1.968482948553935
borangutan,2.130333768495006
borangutan,2.110589710299249
borangutan,2.130333768495006
borangutan,1.99563519459755
borangutan,1.954242509439325
borangutan,1.9822712330395684
borangutan,2.0086001717619175
borangutan,2.919601023784111
borangutan,2.184691430817599
borangutan,1.9242792860618816
borangutan,2.0086001717619175
borangutan,2.2624510897304293
borangutan,2.3283796034387376
borangutan,2.0453229787866576
borangutan,1.954242509439325
borangutan,2.303196057420489
borangutan,2.1760912590556813
borangutan,2.0086001717619175
borangutan,2.0211892990699383
borangutan,2.2095150145426308
borangutan,1.9084850188786497
borangutan,2.0086001717619175
borangutan,2.41161970596323
borangutan,2.6074550232146687
borangutan,1.9822712330395684
borangutan,1.968482948553935
borangutan,1.99563519459755
borangutan,2.255272505103306
borangutan,1.968482948553935
borangutan,1.99563519459755
borangutan,2.369215857410143
borangutan,2.0086001717619175
borangutan,2.0086001717619175
borangutan,1.5563025007672873
borangutan,1.9084850188786497
borangutan,1.8750612633917
borangutan,2.184691430817599
borangutan,2.255272505103306
borangutan,1.968482948553935
borangutan,2.0453229787866576
borangutan,1.954242509439325
borangutan,2.0211892990699383
borangutan,2.315970345456918
borangutan,1.8388490907372552
borangutan,2.3283796034387376
borangutan,1.954242509439325
borangutan,1.968482948553935
borangutan,2.534026106056135
borangutan,2.5774917998372255
borangutan,2.0453229787866576
borangutan,2.380211241711606
borangutan,1.9242792860618816
borangutan,2.0211892990699383
borangutan,1.954242509439325
borangutan,1.954242509439325
borangutan,1.8750612633917
borangutan,2.380211241711606
borangutan,1.8750612633917
borangutan,2.1398790864012365
borangutan,2.406540180433955
borangutan,2.45484486000851
borangutan,1.8920946026904804
borangutan,1.9822712330395684
borangutan,2.100370545117563
borangutan,1.968482948553935
borangutan,1.9395192526186185
borangutan,2.1398790864012365
borangutan,2.0791812460476247
borangutan,1.9242792860618816
borangutan,2.2405492482826
borangutan,2.2405492482826
borangutan,2.315970345456918
borangutan,2.167317334748176
borangutan,2.110589710299249
borangutan,1.9242792860618816
borangutan,2.3636119798921444
borangutan,2.4409090820652177
borangutan,2.4409090820652177
borangutan,2.48572142648158
borangutan,2.48572142648158
borangutan,2.5224442335063197
borangutan,2.5224442335063197
borangutan,2.12057393120585
borangutan,1.8920946026904804
borangutan,2.0681858617461617
borangutan,2.1931245983544616
borangutan,2.3096301674258988
borangutan,2.255272505103306
borangutan,1.8920946026904804
borangutan,1.9395192526186185
borangutan,1.9395192526186185
borangutan,2.2764618041732443
borangutan,2.1492191126553797
borangutan,2.5024271199844326
borangutan,2.5185139398778875
borangutan,2.0211892990699383
borangutan,2.5185139398778875
borangutan,2.5185139398778875
borangutan,2.436162647040756
borangutan,1.9395192526186185
borangutan,2.100370545117563
borangutan,1.8750612633917
borangutan,2.526339277389844
borangutan,2.346352974450639
borangutan,2.03342375548695
borangutan,2.1492191126553797
borangutan,1.9242792860618816
borangutan,2.0569048513364727
borangutan,1.8750612633917
chimpanzee,2.2624510897304293
chimpanzee,2.1398790864012365
chimpanzee,2.1398790864012365
chimpanzee,2.12057393120585
chimpanzee,1.954242509439325
chimpanzee,2.436162647040756
chimpanzee,1.954242509439325
chimpanzee,2.1398790864012365
chimpanzee,1.99563519459755
chimpanzee,1.9084850188786497
chimpanzee,1.9395192526186185
chimpanzee,1.954242509439325
chimpanzee,2.296665190261531
chimpanzee,2.4313637641589874
chimpanzee,2.184691430817599
chimpanzee,2.2174839442139063
chimpanzee,1.9084850188786497
chimpanzee,2.1492191126553797
chimpanzee,1.8388490907372552
chimpanzee,1.9395192526186185
chimpanzee,1.9395192526186185
chimpanzee,2.1398790864012365
chimpanzee,2.1398790864012365
chimpanzee,2.369215857410143
chimpanzee,1.968482948553935
chimpanzee,2.03342375548695
chimpanzee,2.03342375548695
chimpanzee,1.9822712330395684
chimpanzee,2.130333768495006
chimpanzee,1.9822712330395684
chimpanzee,2.130333768495006
chimpanzee,1.9822712330395684
chimpanzee,2.130333768495006
chimpanzee,1.9822712330395684
chimpanzee,2.130333768495006
chimpanzee,2.167317334748176
chimpanzee,1.9395192526186185
chimpanzee,2.2174839442139063
chimpanzee,2.0453229787866576
chimpanzee,2.4216039268698313
chimpanzee,1.9242792860618816
chimpanzee,2.0453229787866576
chimpanzee,1.9242792860618816
chimpanzee,2.1583624920952498
chimpanzee,2.1398790864012365
chimpanzee,2.03342375548695
chimpanzee,2.0681858617461617
chimpanzee,2.255272505103306
chimpanzee,2.03342375548695
chimpanzee,2.130333768495006
chimpanzee,1.968482948553935
chimpanzee,2.0681858617461617
chimpanzee,2.0681858617461617
chimpanzee,2.184691430817599
chimpanzee,2.1583624920952498
chimpanzee,2.225309281725863
chimpanzee,1.8750612633917
chimpanzee,2.4638929889859074
chimpanzee,2.494154594018443
chimpanzee,2.303196057420489
chimpanzee,2.0569048513364727
chimpanzee,1.954242509439325
chimpanzee,1.9242792860618816
chimpanzee,2.03342375548695
chimpanzee,1.99563519459755
chimpanzee,2.184691430817599
chimpanzee,2.110589710299249
chimpanzee,2.0453229787866576
chimpanzee,2.369215857410143
chimpanzee,1.968482948553935
chimpanzee,1.968482948553935
chimpanzee,1.9395192526186185
chimpanzee,2.2095150145426308
chimpanzee,1.9242792860618816
chimpanzee,2.2405492482826
chimpanzee,2.0681858617461617
chimpanzee,2.303196057420489
chimpanzee,2.1398790864012365
chimpanzee,2.247973266361807
chimpanzee,2.2624510897304293
chimpanzee,2.3283796034387376
chimpanzee,2.0681858617461617
chimpanzee,2.1492191126553797
chimpanzee,2.089905111439398
chimpanzee,1.9242792860618816
chimpanzee,1.9395192526186185
chimpanzee,2.110589710299249
chimpanzee,2.7715874808812555
chimpanzee,2.2833012287035497
chimpanzee,2.2833012287035497
chimpanzee,2.2833012287035497
chimpanzee,2.0681858617461617
chimpanzee,1.9395192526186185
chimpanzee,1.9395192526186185
chimpanzee,1.9242792860618816
chimpanzee,1.968482948553935
chimpanzee,2.089905111439398
chimpanzee,1.9822712330395684
chimpanzee,1.8920946026904804
chimpanzee,1.8920946026904804
chimpanzee,2.3521825181113627
chimpanzee,1.9395192526186185
chimpanzee,2.6324572921847245
chimpanzee,2.0569048513364727
chimpanzee,2.530199698203082
chimpanzee,2.629409599102719
chimpanzee,1.9084850188786497
chimpanzee,2.3961993470957363
chimpanzee,2.0791812460476247
chimpanzee,1.9242792860618816
chimpanzee,2.2695129442179165
chimpanzee,2.357934847000454
chimpanzee,1.968482948553935
chimpanzee,2.3636119798921444
chimpanzee,2.3636119798921444
chimpanzee,1.8750612633917
chimpanzee,1.9822712330395684
chimpanzee,2.406540180433955
chimpanzee,2.247973266361807
chimpanzee,2.12057393120585
chimpanzee,1.954242509439325
chimpanzee,2.0086001717619175
chimpanzee,2.6138418218760693
chimpanzee,1.9084850188786497
chimpanzee,1.9395192526186185
chimpanzee,2.0453229787866576
chimpanzee,2.3404441148401185
chimpanzee,1.968482948553935
chimpanzee,1.8388490907372552
chimpanzee,1.9242792860618816
chimpanzee,1.8750612633917
chimpanzee,2.0453229787866576
chimpanzee,2.0211892990699383
chimpanzee,2.459392487759231
chimpanzee,2.459392487759231
chimpanzee,2.2095150145426308
chimpanzee,1.9084850188786497
chimpanzee,1.9242792860618816
chimpanzee,1.9084850188786497
chimpanzee,1.968482948553935
chimpanzee,2.0453229787866576
chimpanzee,1.99563519459755
chimpanzee,2.03342375548695
chimpanzee,2.03342375548695
chimpanzee,2.0569048513364727
chimpanzee,1.9242792860618816
chimpanzee,2.1760912590556813
chimpanzee,2.0086001717619175
chimpanzee,2.2695129442179165
chimpanzee,2.0569048513364727
chimpanzee,1.968482948553935
chimpanzee,1.8920946026904804
chimpanzee,2.385606273598312
chimpanzee,2.0791812460476247
chimpanzee,2.322219294733919
chimpanzee,2.0681858617461617
chimpanzee,2.110589710299249
chimpanzee,1.7558748556724915
chimpanzee,1.9395192526186185
chimpanzee,2.48572142648158
chimpanzee,1.954242509439325
chimpanzee,1.954242509439325
chimpanzee,1.968482948553935
chimpanzee,1.9822712330395684
chimpanzee,2.0453229787866576
chimpanzee,2.2405492482826
chimpanzee,2.2329961103921536
chimpanzee,1.954242509439325
chimpanzee,1.9084850188786497
chimpanzee,2.0211892990699383
chimpanzee,1.9822712330395684
chimpanzee,2.2174839442139063
chimpanzee,2.3283796034387376
chimpanzee,2.7649229846498886
chimpanzee,2.7671558660821804
chimpanzee,2.0453229787866576
chimpanzee,2.12057393120585
chimpanzee,1.9395192526186185
chimpanzee,1.9242792860618816
chimpanzee,1.9084850188786497
chimpanzee,1.968482948553935
chimpanzee,2.0681858617461617
chimpanzee,2.4727564493172123
chimpanzee,2.0453229787866576
chimpanzee,2.1492191126553797
chimpanzee,2.255272505103306
chimpanzee,2.41161970596323
chimpanzee,2.41161970596323
chimpanzee,1.9822712330395684
chimpanzee,2.03342375548695
chimpanzee,1.9084850188786497
chimpanzee,1.9242792860618816
chimpanzee,2.167317334748176
chimpanzee,1.99563519459755
chimpanzee,1.99563519459755
chimpanzee,2.184691430817599
chimpanzee,2.225309281725863
chimpanzee,2.0453229787866576
chimpanzee,2.089905111439398
chimpanzee,2.0681858617461617
chimpanzee,2.629409599102719
chimpanzee,1.8920946026904804
chimpanzee,2.167317334748176
chimpanzee,2.380211241711606
chimpanzee,2.0086001717619175
chimpanzee,1.954242509439325
chimpanzee,1.8573324964312685
chimpanzee,1.8573324964312685
chimpanzee,1.9822712330395684
chimpanzee,2.4216039268698313
chimpanzee,1.8920946026904804
chimpanzee,1.9395192526186185
chimpanzee,2.3096301674258988
chimpanzee,2.0211892990699383
chimpanzee,2.03342375548695
chimpanzee,2.552668216112193
chimpanzee,2.0211892990699383
chimpanzee,1.954242509439325
chimpanzee,2.03342375548695
chimpanzee,2.2329961103921536
chimpanzee,2.510545010206612
chimpanzee,2.03342375548695
chimpanzee,2.2624510897304293
chimpanzee,2.0569048513364727
chimpanzee,2.2174839442139063
chimpanzee,2.296665190261531
chimpanzee,2.089905111439398
chimpanzee,2.0453229787866576
chimpanzee,2.184691430817599
chimpanzee,2.0791812460476247
chimpanzee,2.290034611362518
chimpanzee,2.089905111439398
chimpanzee,2.69196510276736
chimpanzee,2.2833012287035497
chimpanzee,2.100370545117563
chimpanzee,1.8920946026904804
chimpanzee,2.0569048513364727
chimpanzee,1.954242509439325
chimpanzee,2.2624510897304293
chimpanzee,2.1760912590556813
chimpanzee,1.9395192526186185
chimpanzee,2.459392487759231
chimpanzee,2.406540180433955
chimpanzee,1.9084850188786497
chimpanzee,1.9084850188786497
chimpanzee,2.1931245983544616
chimpanzee,2.1931245983544616
chimpanzee,1.8920946026904804
chimpanzee,1.9242792860618816
chimpanzee,2.380211241711606
chimpanzee,2.0453229787866576
chimpanzee,1.9084850188786497
chimpanzee,1.9395192526186185
chimpanzee,1.954242509439325
chimpanzee,2.089905111439398
chimpanzee,2.089905111439398
chimpanzee,1.968482948553935
chimpanzee,2.45484486000851
chimpanzee,1.9242792860618816
chimpanzee,2.0453229787866576
chimpanzee,1.9242792860618816
chimpanzee,2.401400540781544
chimpanzee,1.8388490907372552
chimpanzee,1.9822712330395684
chimpanzee,2.0211892990699383
chimpanzee,2.450249108319361
chimpanzee,2.537819095073274
chimpanzee,2.3344537511509307
chimpanzee,2.184691430817599
chimpanzee,2.3636119798921444
chimpanzee,1.9242792860618816
chimpanzee,2.2405492482826
chimpanzee,2.0086001717619175
chimpanzee,2.2624510897304293
chimpanzee,2.03342375548695
chimpanzee,1.9084850188786497
chimpanzee,2.3636119798921444
chimpanzee,2.100370545117563
chimpanzee,1.968482948553935
chimpanzee,2.0569048513364727
chimpanzee,1.9822712330395684
chimpanzee,1.968482948553935
chimpanzee,2.0211892990699383
chimpanzee,1.968482948553935
chimpanzee,2.2329961103921536
chimpanzee,2.436162647040756
chimpanzee,2.3283796034387376
chimpanzee,2.0569048513364727
chimpanzee,2.3636119798921444
chimpanzee,2.3636119798921444
chimpanzee,2.2013971243204513
chimpanzee,1.9242792860618816
chimpanzee,2.110589710299249
chimpanzee,2.110589710299249
chimpanzee,2.1931245983544616
chimpanzee,2.2013971243204513
chimpanzee,2.2095150145426308
chimpanzee,2.184691430817599
chimpanzee,2.1931245983544616
chimpanzee,2.0453229787866576
chimpanzee,1.968482948553935
chimpanzee,1.968482948553935
chimpanzee,2.03342375548695
chimpanzee,2.089905111439398
chimpanzee,2.5185139398778875
chimpanzee,2.75815462196739
chimpanzee,1.9822712330395684
chimpanzee,2.2013971243204513
chimpanzee,1.8920946026904804
chimpanzee,2.2695129442179165
chimpanzee,1.8920946026904804
chimpanzee,2.2695129442179165
chimpanzee,2.0453229787866576
chimpanzee,2.12057393120585
chimpanzee,1.9242792860618816
chimpanzee,1.9822712330395684
chimpanzee,1.99563519459755
chimpanzee,2.2174839442139063
chimpanzee,2.100370545117563
chimpanzee,1.9084850188786497
chimpanzee,2.0211892990699383
chimpanzee,2.0569048513364727
chimpanzee,1.9242792860618816
chimpanzee,1.968482948553935
chimpanzee,1.968482948553935
chimpanzee,2.0569048513364727
chimpanzee,2.0211892990699383
chimpanzee,2.0569048513364727
chimpanzee,1.9242792860618816
chimpanzee,1.968482948553935
chimpanzee,1.968482948553935
chimpanzee,2.0569048513364727
chimpanzee,2.0569048513364727
chimpanzee,1.9395192526186185
chimpanzee,1.9395192526186185
chimpanzee,2.0086001717619175
chimpanzee,2.0791812460476247
chimpanzee,2.0681858617461617
chimpanzee,2.0569048513364727
chimpanzee,2.03342375548695
chimpanzee,2.255272505103306
chimpanzee,2.494154594018443
chimpanzee,2.494154594018443
chimpanzee,1.9084850188786497
chimpanzee,2.0681858617461617
chimpanzee,1.9084850188786497
chimpanzee,2.12057393120585
chimpanzee,2.3521825181113627
chimpanzee,2.41161970596323
chimpanzee,1.968482948553935
chimpanzee,2.2764618041732443
chimpanzee,2.03342375548695
chimpanzee,2.1583624920952498
chimpanzee,2.1583624920952498
chimpanzee,1.8750612633917
chimpanzee,1.8750612633917
chimpanzee,2.167317334748176
chimpanzee,2.416640507338281
chimpanzee,1.9822712330395684
chimpanzee,2.346352974450639
chimpanzee,2.3909351071033793
chimpanzee,1.99563519459755
chimpanzee,1.99563519459755
chimpanzee,2.225309281725863
chimpanzee,1.8920946026904804
chimpanzee,1.968482948553935
chimpanzee,2.03342375548695
chimpanzee,1.99563519459755
chimpanzee,2.1760912590556813
chimpanzee,2.0211892990699383
chimpanzee,1.8920946026904804
chimpanzee,2.2174839442139063
chimpanzee,2.6232492903979003
chimpanzee,2.0791812460476247
chimpanzee,1.9395192526186185
chimpanzee,2.0211892990699383
chimpanzee,2.2013971243204513
chimpanzee,1.8195439355418688
chimpanzee,2.6532125137753435
chimpanzee,2.0453229787866576
chimpanzee,2.0086001717619175
chimpanzee,2.416640507338281
chimpanzee,1.9242792860618816
chimpanzee,2.48572142648158
chimpanzee,2.725094521081469
chimpanzee,1.9395192526186185
chimpanzee,2.110589710299249
chimpanzee,2.0453229787866576
chimpanzee,2.0453229787866576
chimpanzee,1.99563519459755
chimpanzee,1.99563519459755
chimpanzee,2.0211892990699383
chimpanzee,2.130333768495006
chimpanzee,2.4265112613645754
chimpanzee,2.459392487759231
chimpanzee,1.954242509439325
chimpanzee,1.954242509439325
chimpanzee,2.459392487759231
chimpanzee,1.968482948553935
chimpanzee,2.12057393120585
chimpanzee,2.2405492482826
chimpanzee,2.5224442335063197
chimpanzee,1.9395192526186185
chimpanzee,2.100370545117563
chimpanzee,1.9084850188786497
chimpanzee,1.9822712330395684
chimpanzee,2.374748346010104
chimpanzee,2.385606273598312
chimpanzee,2.100370545117563
chimpanzee,2.6232492903979003
chimpanzee,1.8750612633917
chimpanzee,2.100370545117563
chimpanzee,2.100370545117563
chimpanzee,1.8920946026904804
chimpanzee,2.0211892990699383
chimpanzee,2.0211892990699383
chimpanzee,1.9822712330395684
chimpanzee,2.247973266361807
chimpanzee,2.247973266361807
chimpanzee,1.968482948553935
chimpanzee,1.968482948553935
chimpanzee,2.3636119798921444
chimpanzee,2.3636119798921444
chimpanzee,2.385606273598312
chimpanzee,2.303196057420489
chimpanzee,1.8195439355418688
chimpanzee,1.99563519459755
chimpanzee,1.99563519459755
chimpanzee,2.6757783416740852
chimpanzee,2.3404441148401185
chimpanzee,1.9395192526186185
chimpanzee,2.1492191126553797
chimpanzee,2.0791812460476247
chimpanzee,2.0453229787866576
chimpanzee,2.0681858617461617
chimpanzee,1.99563519459755
chimpanzee,1.99563519459755
chimpanzee,2.247973266361807
chimpanzee,1.99563519459755
chimpanzee,2.3961993470957363
chimpanzee,1.8750612633917
chimpanzee,2.3344537511509307
chimpanzee,1.8750612633917
chimpanzee,1.8920946026904804
chimpanzee,1.8920946026904804
chimpanzee,2.2174839442139063
chimpanzee,2.0681858617461617
chimpanzee,2.0681858617461617
chimpanzee,2.1398790864012365
chimpanzee,1.9242792860618816
chimpanzee,2.0211892990699383
chimpanzee,2.089905111439398
chimpanzee,2.0681858617461617
chimpanzee,1.9395192526186185
chimpanzee,1.9395192526186185
chimpanzee,2.1398790864012365
chimpanzee,2.3521825181113627
chimpanzee,1.9242792860618816
chimpanzee,2.12057393120585
chimpanzee,2.12057393120585
chimpanzee,1.9822712330395684
chimpanzee,1.9822712330395684
chimpanzee,1.9822712330395684
chimpanzee,2.0791812460476247
chimpanzee,1.9395192526186185
chimpanzee,2.2013971243204513
chimpanzee,2.303196057420489
chimpanzee,2.130333768495006
chimpanzee,2.03342375548695
chimpanzee,1.8573324964312685
chimpanzee,1.8750612633917
chimpanzee,2.130333768495006
chimpanzee,2.1931245983544616
chimpanzee,2.0681858617461617
chimpanzee,1.9822712330395684
chimpanzee,1.8920946026904804
chimpanzee,2.2764618041732443
chimpanzee,1.9084850188786497
chimpanzee,1.968482948553935
chimpanzee,2.0211892990699383
chimpanzee,2.0681858617461617
chimpanzee,1.968482948553935
chimpanzee,1.8920946026904804
chimpanzee,1.8573324964312685
chimpanzee,1.8573324964312685
chimpanzee,1.954242509439325
chimpanzee,1.9822712330395684
chimpanzee,1.9822712330395684
chimpanzee,2.0569048513364727
chimpanzee,1.8750612633917
chimpanzee,1.9395192526186185
chimpanzee,1.8920946026904804
chimpanzee,2.6009728956867484
chimpanzee,1.9084850188786497
chimpanzee,1.9242792860618816
chimpanzee,2.2624510897304293
chimpanzee,2.0569048513364727
chimpanzee,1.8750612633917
chimpanzee,2.5024271199844326
chimpanzee,1.954242509439325
chimpanzee,1.9395192526186185
chimpanzee,2.0791812460476247
chimpanzee,1.954242509439325
chimpanzee,1.9084850188786497
chimpanzee,1.9084850188786497
chimpanzee,1.8750612633917
chimpanzee,1.9822712330395684
chimpanzee,2.110589710299249
chimpanzee,2.110589710299249
chimpanzee,2.0453229787866576
chimpanzee,1.9822712330395684
chimpanzee,2.357934847000454
chimpanzee,1.9822712330395684
chimpanzee,2.247973266361807
chimpanzee,2.2174839442139063
chimpanzee,2.3283796034387376
chimpanzee,2.12057393120585
chimpanzee,2.683947130751512
chimpanzee,2.110589710299249
chimpanzee,1.8750612633917
chimpanzee,2.0569048513364727
chimpanzee,2.2329961103921536
chimpanzee,2.184691430817599
chimpanzee,2.0086001717619175
chimpanzee,2.255272505103306
chimpanzee,2.110589710299249
chimpanzee,2.0569048513364727
chimpanzee,2.1760912590556813
chimpanzee,2.089905111439398
chimpanzee,2.110589710299249
chimpanzee,2.2329961103921536
chimpanzee,2.2329961103921536
chimpanzee,1.8920946026904804
chimpanzee,1.9084850188786497
chimpanzee,2.0211892990699383
chimpanzee,2.0453229787866576
chimpanzee,2.514547752660286
chimpanzee,1.954242509439325
chimpanzee,2.357934847000454
chimpanzee,2.0086001717619175
chimpanzee,2.3521825181113627
chimpanzee,2.5024271199844326
chimpanzee,2.369215857410143
chimpanzee,1.954242509439325
chimpanzee,2.2764618041732443
chimpanzee,2.0086001717619175
chimpanzee,2.03342375548695
chimpanzee,2.303196057420489
chimpanzee,1.9822712330395684
chimpanzee,2.1760912590556813
chimpanzee,2.1760912590556813
chimpanzee,1.9822712330395684
chimpanzee,1.9822712330395684
chimpanzee,1.9822712330395684
chimpanzee,2.4265112613645754
chimpanzee,2.4265112613645754
chimpanzee,1.8920946026904804
chimpanzee,2.225309281725863
chimpanzee,1.99563519459755
chimpanzee,2.3283796034387376
chimpanzee,1.8920946026904804
chimpanzee,2.0681858617461617
chimpanzee,2.0569048513364727
chimpanzee,2.0569048513364727
chimpanzee,2.2329961103921536
chimpanzee,1.9395192526186185
chimpanzee,2.1931245983544616
chimpanzee,1.968482948553935
chimpanzee,2.089905111439398
chimpanzee,2.130333768495006
chimpanzee,2.0086001717619175
chimpanzee,2.459392487759231
chimpanzee,2.0211892990699383
chimpanzee,2.315970345456918
chimpanzee,1.954242509439325
chimpanzee,1.9395192526186185
chimpanzee,1.9395192526186185
chimpanzee,1.9395192526186185
chimpanzee,2.0086001717619175
chimpanzee,1.9242792860618816
chimpanzee,2.089905111439398
chimpanzee,2.100370545117563
chimpanzee,2.2833012287035497
chimpanzee,2.406540180433955
chimpanzee,2.03342375548695
chimpanzee,2.5563025007672873
chimpanzee,2.380211241711606
chimpanzee,2.45484486000851
chimpanzee,2.45484486000851
chimpanzee,2.0569048513364727
chimpanzee,1.8920946026904804
chimpanzee,2.2329961103921536
chimpanzee,2.4638929889859074
chimpanzee,2.4216039268698313
chimpanzee,2.0211892990699383
chimpanzee,2.584331224367531
chimpanzee,2.385606273598312
chimpanzee,1.8920946026904804
chimpanzee,2.2764618041732443
chimpanzee,1.8573324964312685
chimpanzee,1.9242792860618816
chimpanzee,2.0086001717619175
chimpanzee,1.99563519459755
chimpanzee,2.100370545117563
chimpanzee,1.9822712330395684
chimpanzee,2.0211892990699383
chimpanzee,1.9242792860618816
chimpanzee,1.954242509439325
chimpanzee,1.9242792860618816
chimpanzee,2.2833012287035497
chimpanzee,1.968482948553935
chimpanzee,2.0453229787866576
chimpanzee,2.1760912590556813
chimpanzee,2.530199698203082
chimpanzee,2.629409599102719
chimpanzee,1.9242792860618816
chimpanzee,2.167317334748176
chimpanzee,1.954242509439325
chimpanzee,2.315970345456918
chimpanzee,1.5185139398778875
chimpanzee,2.617000341120899
chimpanzee,2.374748346010104
chimpanzee,2.2095150145426308
chimpanzee,2.4409090820652177
chimpanzee,2.6201360549737576
chimpanzee,2.7151673578484576
chimpanzee,2.0791812460476247
chimpanzee,2.290034611362518
chimpanzee,1.8388490907372552
chimpanzee,2.3521825181113627
chimpanzee,2.374748346010104
chimpanzee,2.45484486000851
chimpanzee,2.12057393120585
chimpanzee,1.9822712330395684
chimpanzee,2.2013971243204513
chimpanzee,2.1931245983544616
chimpanzee,1.8573324964312685
chimpanzee,1.8573324964312685
chimpanzee,2.2095150145426308
chimpanzee,2.0681858617461617
chimpanzee,2.0086001717619175
chimpanzee,2.0086001717619175
chimpanzee,2.0086001717619175
chimpanzee,2.0453229787866576
chimpanzee,1.9242792860618816
chimpanzee,1.8920946026904804
chimpanzee,2.225309281725863
chimpanzee,2.0681858617461617
chimpanzee,2.1931245983544616
chimpanzee,2.0569048513364727
chimpanzee,2.1583624920952498
chimpanzee,2.0681858617461617
chimpanzee,2.2013971243204513
chimpanzee,2.03342375548695
chimpanzee,2.4265112613645754
chimpanzee,2.12057393120585
chimpanzee,2.089905111439398
chimpanzee,1.9242792860618816
chimpanzee,2.303196057420489
chimpanzee,1.9084850188786497
chimpanzee,1.968482948553935
chimpanzee,1.9084850188786497
chimpanzee,2.0681858617461617
chimpanzee,1.954242509439325
chimpanzee,2.2013971243204513
chimpanzee,2.2013971243204513
chimpanzee,2.0086001717619175
chimpanzee,2.4313637641589874
chimpanzee,2.225309281725863
chimpanzee,2.0086001717619175
chimpanzee,2.0791812460476247
chimpanzee,1.8920946026904804
chimpanzee,2.0086001717619175
chimpanzee,2.089905111439398
chimpanzee,2.0453229787866576
chimpanzee,2.089905111439398
chimpanzee,2.110589710299249
chimpanzee,2.0086001717619175
chimpanzee,2.2695129442179165
chimpanzee,1.9084850188786497
chimpanzee,2.2174839442139063
chimpanzee,1.8920946026904804
chimpanzee,1.8750612633917
chimpanzee,2.2405492482826
chimpanzee,1.8750612633917
chimpanzee,1.954242509439325
chimpanzee,1.954242509439325
chimpanzee,1.99563519459755
chimpanzee,1.9242792860618816
chimpanzee,2.7075701760979363
chimpanzee,1.8750612633917
chimpanzee,2.089905111439398
chimpanzee,1.9395192526186185
chimpanzee,2.089905111439398
chimpanzee,1.9822712330395684
chimpanzee,2.184691430817599
chimpanzee,1.9242792860618816
chimpanzee,1.9242792860618816
chimpanzee,2.0211892990699383
chimpanzee,1.9242792860618816
chimpanzee,2.2174839442139063
chimpanzee,2.2405492482826
chimpanzee,2.2405492482826
chimpanzee,1.9395192526186185
chimpanzee,2.1492191126553797
chimpanzee,2.2624510897304293
chimpanzee,2.1492191126553797
chimpanzee,1.968482948553935
chimpanzee,1.954242509439325
chimpanzee,2.03342375548695
chimpanzee,2.0681858617461617
chimpanzee,2.2013971243204513
chimpanzee,2.0791812460476247
chimpanzee,1.9822712330395684
chimpanzee,1.9822712330395684
chimpanzee,1.99563519459755
chimpanzee,2.0569048513364727
chimpanzee,2.0681858617461617
chimpanzee,1.9084850188786497
chimpanzee,2.0569048513364727
chimpanzee,1.968482948553935
chimpanzee,2.2624510897304293
chimpanzee,2.12057393120585
chimpanzee,1.9395192526186185
chimpanzee,2.3636119798921444
chimpanzee,2.0453229787866576
chimpanzee,2.290034611362518
chimpanzee,2.0681858617461617
chimpanzee,2.357934847000454
chimpanzee,2.12057393120585
chimpanzee,2.374748346010104
chimpanzee,2.416640507338281
chimpanzee,1.9395192526186185
chimpanzee,2.130333768495006
chimpanzee,2.1398790864012365
chimpanzee,1.9395192526186185
chimpanzee,2.03342375548695
chimpanzee,1.9242792860618816
chimpanzee,2.3096301674258988
chimpanzee,2.0211892990699383
chimpanzee,2.0681858617461617
chimpanzee,2.2013971243204513
chimpanzee,2.2013971243204513
chimpanzee,2.1583624920952498
chimpanzee,2.247973266361807
chimpanzee,2.225309281725863
chimpanzee,1.8920946026904804
chimpanzee,1.8750612633917
chimpanzee,1.9242792860618816
chimpanzee,1.8920946026904804
chimpanzee,2.3961993470957363
chimpanzee,2.03342375548695
chimpanzee,1.99563519459755
chimpanzee,2.2624510897304293
chimpanzee,2.2624510897304293
chimpanzee,1.9084850188786497
chimpanzee,1.954242509439325
chimpanzee,2.2624510897304293
chimpanzee,2.3404441148401185
chimpanzee,2.4216039268698313
chimpanzee,2.4265112613645754
chimpanzee,2.1760912590556813
chimpanzee,1.954242509439325
chimpanzee,1.9242792860618816
chimpanzee,1.954242509439325
chimpanzee,1.9242792860618816
chimpanzee,2.8785217955012063
chimpanzee,2.0211892990699383
chimpanzee,1.9242792860618816
chimpanzee,1.968482948553935
chimpanzee,1.9822712330395684
chimpanzee,2.5185139398778875
chimpanzee,1.954242509439325
chimpanzee,2.0681858617461617
chimpanzee,1.9242792860618816
chimpanzee,2.03342375548695
chimpanzee,2.2833012287035497
chimpanzee,1.99563519459755
chimpanzee,2.5809249756756194
chimpanzee,2.5809249756756194
chimpanzee,1.7993405494535817
chimpanzee,1.7993405494535817
chimpanzee,1.7993405494535817
chimpanzee,1.7993405494535817
chimpanzee,2.7489628612561616
chimpanzee,1.7993405494535817
chimpanzee,2.0211892990699383
chimpanzee,1.9395192526186185
chimpanzee,2.255272505103306
chimpanzee,2.1583624920952498
chimpanzee,2.406540180433955
chimpanzee,1.968482948553935
chimpanzee,2.0211892990699383
chimpanzee,2.0211892990699383
chimpanzee,1.9242792860618816
chimpanzee,2.416640507338281
chimpanzee,2.0211892990699383
chimpanzee,2.0086001717619175
chimpanzee,1.8920946026904804
chimpanzee,1.9395192526186185
chimpanzee,2.167317334748176
chimpanzee,2.12057393120585
chimpanzee,2.2624510897304293
chimpanzee,2.459392487759231
chimpanzee,2.2013971243204513
chimpanzee,2.322219294733919
chimpanzee,2.2624510897304293
chimpanzee,1.9395192526186185
chimpanzee,1.954242509439325
chimpanzee,1.9822712330395684
chimpanzee,2.1492191126553797
chimpanzee,2.130333768495006
chimpanzee,1.99563519459755
chimpanzee,1.954242509439325
chimpanzee,2.2833012287035497
chimpanzee,2.0211892990699383
chimpanzee,2.1931245983544616
chimpanzee,2.0086001717619175
chimpanzee,1.8920946026904804
chimpanzee,2.0791812460476247
chimpanzee,2.0681858617461617
chimpanzee,2.12057393120585
chimpanzee,2.12057393120585
chimpanzee,2.184691430817599
chimpanzee,2.2013971243204513
chimpanzee,2.0791812460476247
chimpanzee,2.4771212547196626
chimpanzee,2.03342375548695
chimpanzee,2.2329961103921536
chimpanzee,2.0569048513364727
chimpanzee,2.357934847000454
chimpanzee,2.0211892990699383
chimpanzee,2.167317334748176
chimpanzee,1.8750612633917
chimpanzee,1.9822712330395684
chimpanzee,1.9395192526186185
chimpanzee,2.2624510897304293
chimpanzee,1.9395192526186185
chimpanzee,2.3096301674258988
chimpanzee,2.385606273598312
chimpanzee,2.380211241711606
chimpanzee,1.9822712330395684
chimpanzee,2.346352974450639
chimpanzee,2.1398790864012365
chimpanzee,1.9084850188786497
chimpanzee,2.290034611362518
chimpanzee,2.369215857410143
chimpanzee,1.968482948553935
chimpanzee,1.968482948553935
chimpanzee,1.968482948553935
chimpanzee,2.1931245983544616
chimpanzee,1.9242792860618816
chimpanzee,1.9084850188786497
chimpanzee,1.8573324964312685
chimpanzee,2.3344537511509307
chimpanzee,2.56702636615906
chimpanzee,2.3344537511509307
chimpanzee,2.3344537511509307
chimpanzee,1.9822712330395684
chimpanzee,2.357934847000454
chimpanzee,1.8750612633917
chimpanzee,1.9084850188786497
chimpanzee,2.510545010206612
chimpanzee,2.0086001717619175
chimpanzee,1.8920946026904804
chimpanzee,2.45484486000851
chimpanzee,2.110589710299249
chimpanzee,2.03342375548695
chimpanzee,1.99563519459755
chimpanzee,2.1760912590556813
chimpanzee,2.1760912590556813
chimpanzee,2.3283796034387376
chimpanzee,1.9242792860618816
chimpanzee,1.8920946026904804
chimpanzee,2.089905111439398
chimpanzee,2.2013971243204513
chimpanzee,2.303196057420489
chimpanzee,2.2095150145426308
chimpanzee,1.9242792860618816
chimpanzee,1.9395192526186185
chimpanzee,2.3096301674258988
chimpanzee,1.954242509439325
chimpanzee,2.4216039268698313
chimpanzee,1.9395192526186185
chimpanzee,2.5705429398818973
chimpanzee,2.03342375548695
chimpanzee,2.4313637641589874
chimpanzee,2.110589710299249
chimpanzee,1.8750612633917
chimpanzee,2.2095150145426308
chimpanzee,2.699837725867246
chimpanzee,1.9242792860618816
chimpanzee,1.954242509439325
chimpanzee,2.0211892990699383
chimpanzee,2.1492191126553797
chimpanzee,1.8920946026904804
chimpanzee,2.12057393120585
chimpanzee,2.2013971243204513
chimpanzee,2.0086001717619175
chimpanzee,1.9242792860618816
chimpanzee,2.12057393120585
chimpanzee,1.954242509439325
chimpanzee,2.0453229787866576
chimpanzee,2.0086001717619175
chimpanzee,2.0791812460476247
chimpanzee,1.954242509439325
chimpanzee,2.0086001717619175
chimpanzee,1.99563519459755
chimpanzee,2.089905111439398
chimpanzee,2.2013971243204513
chimpanzee,1.9242792860618816
chimpanzee,1.9395192526186185
chimpanzee,2.346352974450639
chimpanzee,2.0569048513364727
chimpanzee,2.1583624920952498
chimpanzee,1.9084850188786497
chimpanzee,2.0453229787866576
chimpanzee,2.1583624920952498
chimpanzee,2.0681858617461617
chimpanzee,2.0211892990699383
chimpanzee,1.8920946026904804
chimpanzee,1.9242792860618816
chimpanzee,2.591064607026499
chimpanzee,1.9822712330395684
chimpanzee,2.1931245983544616
chimpanzee,1.968482948553935
chimpanzee,1.9242792860618816
chimpanzee,2.0086001717619175
chimpanzee,2.089905111439398
chimpanzee,2.03342375548695
chimpanzee,1.99563519459755
chimpanzee,1.9242792860618816
chimpanzee,2.0086001717619175
chimpanzee,2.7299742856995555
chimpanzee,2.3636119798921444
chimpanzee,2.3636119798921444
chimpanzee,2.2405492482826
chimpanzee,2.3636119798921444
chimpanzee,2.184691430817599
chimpanzee,2.0211892990699383
chimpanzee,2.0211892990699383
chimpanzee,1.8920946026904804
chimpanzee,1.9822712330395684
chimpanzee,1.968482948553935
chimpanzee,1.9242792860618816
chimpanzee,1.954242509439325
chimpanzee,1.968482948553935
chimpanzee,2.7101173651118162
chimpanzee,2.130333768495006
chimpanzee,2.03342375548695
chimpanzee,2.0681858617461617
chimpanzee,2.0681858617461617
chimpanzee,2.416640507338281
chimpanzee,2.4216039268698313
chimpanzee,1.9822712330395684
chimpanzee,2.03342375548695
chimpanzee,2.167317334748176
chimpanzee,2.110589710299249
chimpanzee,2.6263403673750423
chimpanzee,2.03342375548695
chimpanzee,2.110589710299249
chimpanzee,2.110589710299249
chimpanzee,2.110589710299249
chimpanzee,2.0681858617461617
chimpanzee,2.184691430817599
chimpanzee,2.450249108319361
chimpanzee,1.9084850188786497
chimpanzee,1.99563519459755
chimpanzee,2.225309281725863
chimpanzee,2.380211241711606
chimpanzee,2.380211241711606
chimpanzee,2.380211241711606
chimpanzee,2.0569048513364727
chimpanzee,2.2013971243204513
chimpanzee,1.9242792860618816
chimpanzee,2.2695129442179165
chimpanzee,2.130333768495006
chimpanzee,1.9084850188786497
chimpanzee,1.9395192526186185
chimpanzee,1.99563519459755
chimpanzee,1.99563519459755
chimpanzee,1.9242792860618816
chimpanzee,1.9395192526186185
chimpanzee,1.9395192526186185
chimpanzee,1.968482948553935
chimpanzee,1.968482948553935
chimpanzee,2.110589710299249
chimpanzee,1.99563519459755
chimpanzee,1.954242509439325
chimpanzee,1.8750612633917
chimpanzee,1.8750612633917
chimpanzee,1.954242509439325
chimpanzee,1.8750612633917
chimpanzee,1.9822712330395684
chimpanzee,2.0681858617461617
chimpanzee,2.0453229787866576
chimpanzee,2.089905111439398
chimpanzee,2.1492191126553797
chimpanzee,2.315970345456918
chimpanzee,2.315970345456918
chimpanzee,1.99563519459755
chimpanzee,2.369215857410143
chimpanzee,1.9395192526186185
chimpanzee,1.9084850188786497
chimpanzee,1.968482948553935
chimpanzee,1.99563519459755
chimpanzee,1.9822712330395684
chimpanzee,1.954242509439325
chimpanzee,2.03342375548695
chimpanzee,1.954242509439325
chimpanzee,1.9242792860618816
chimpanzee,2.0791812460476247
chimpanzee,1.968482948553935
chimpanzee,1.968482948553935
chimpanzee,1.99563519459755
chimpanzee,2.1398790864012365
chimpanzee,1.9242792860618816
chimpanzee,2.3283796034387376
chimpanzee,1.99563519459755
chimpanzee,1.99563519459755
chimpanzee,2.089905111439398
chimpanzee,2.3096301674258988
chimpanzee,1.954242509439325
chimpanzee,2.1398790864012365
chimpanzee,1.9395192526186185
chimpanzee,1.9395192526186185
chimpanzee,2.401400540781544
chimpanzee,1.8920946026904804
chimpanzee,2.2764618041732443
chimpanzee,1.954242509439325
chimpanzee,2.2833012287035497
chimpanzee,1.8573324964312685
chimpanzee,2.1583624920952498
chimpanzee,1.9084850188786497
chimpanzee,2.0211892990699383
chimpanzee,1.8920946026904804
chimpanzee,1.9395192526186185
chimpanzee,2.1492191126553797
chimpanzee,2.0569048513364727
chimpanzee,1.8573324964312685
chimpanzee,2.3344537511509307
chimpanzee,2.315970345456918
chimpanzee,2.3344537511509307
chimpanzee,2.303196057420489
chimpanzee,2.0681858617461617
chimpanzee,2.357934847000454
chimpanzee,1.9822712330395684
chimpanzee,1.9822712330395684
chimpanzee,1.9084850188786497
chimpanzee,2.100370545117563
chimpanzee,2.5224442335063197
chimpanzee,1.9395192526186185
chimpanzee,2.12057393120585
chimpanzee,1.968482948553935
chimpanzee,2.0086001717619175
chimpanzee,2.2174839442139063
chimpanzee,2.1492191126553797
chimpanzee,1.954242509439325
chimpanzee,2.3636119798921444
chimpanzee,2.2013971243204513
chimpanzee,1.9242792860618816
chimpanzee,1.968482948553935
chimpanzee,1.9395192526186185
chimpanzee,2.225309281725863
chimpanzee,1.968482948553935
chimpanzee,2.0211892990699383
chimpanzee,1.968482948553935
chimpanzee,2.315970345456918
chimpanzee,1.8920946026904804
chimpanzee,2.167317334748176
chimpanzee,1.9395192526186185
chimpanzee,1.968482948553935
chimpanzee,1.968482948553935
chimpanzee,2.584331224367531
chimpanzee,2.584331224367531
chimpanzee,1.9395192526186185
chimpanzee,2.2764618041732443
chimpanzee,2.0211892990699383
chimpanzee,1.954242509439325
chimpanzee,1.9395192526186185
chimpanzee,1.9395192526186185
chimpanzee,2.4771212547196626
chimpanzee,2.110589710299249
chimpanzee,2.1583624920952498
chimpanzee,2.1583624920952498
chimpanzee,1.8920946026904804
chimpanzee,2.0453229787866576
chimpanzee,2.089905111439398
chimpanzee,2.5490032620257876
chimpanzee,2.2624510897304293
chimpanzee,2.3283796034387376
chimpanzee,2.3283796034387376
chimpanzee,2.3961993470957363
chimpanzee,2.374748346010104
chimpanzee,2.2764618041732443
chimpanzee,1.954242509439325
chimpanzee,2.2329961103921536
chimpanzee,1.8750612633917
chimpanzee,2.3283796034387376
chimpanzee,2.1931245983544616
chimpanzee,2.2013971243204513
chimpanzee,2.0791812460476247
chimpanzee,2.1492191126553797
chimpanzee,2.089905111439398
chimpanzee,2.357934847000454
chimpanzee,2.1492191126553797
chimpanzee,2.1492191126553797
chimpanzee,2.552668216112193
chimpanzee,1.968482948553935
chimpanzee,1.968482948553935
chimpanzee,2.2174839442139063
chimpanzee,1.968482948553935
chimpanzee,1.9395192526186185
chimpanzee,1.954242509439325
chimpanzee,2.0086001717619175
chimpanzee,2.459392487759231
chimpanzee,2.303196057420489
chimpanzee,2.100370545117563
chimpanzee,1.9084850188786497
chimpanzee,1.99563519459755
chimpanzee,2.537819095073274
chimpanzee,2.2624510897304293
chimpanzee,1.9395192526186185
chimpanzee,2.1931245983544616
chimpanzee,1.9084850188786497
chimpanzee,2.100370545117563
chimpanzee,1.954242509439325
chimpanzee,2.03342375548695
chimpanzee,2.110589710299249
chimpanzee,2.225309281725863
chimpanzee,2.3283796034387376
chimpanzee,2.03342375548695
chimpanzee,2.597695185925512
chimpanzee,2.597695185925512
chimpanzee,2.597695185925512
chimpanzee,2.41161970596323
chimpanzee,1.8920946026904804
chimpanzee,1.8920946026904804
chimpanzee,2.4727564493172123
chimpanzee,2.380211241711606
chimpanzee,2.380211241711606
chimpanzee,1.8920946026904804
chimpanzee,1.954242509439325
chimpanzee,2.7867514221455614
chimpanzee,1.8388490907372552
chimpanzee,1.8750612633917
chimpanzee,2.2695129442179165
chimpanzee,2.0453229787866576
chimpanzee,2.1760912590556813
chimpanzee,2.0453229787866576
chimpanzee,2.03342375548695
chimpanzee,1.8388490907372552
chimpanzee,2.100370545117563
chimpanzee,2.1583624920952498
chimpanzee,2.1492191126553797
chimpanzee,1.9084850188786497
chimpanzee,2.526339277389844
chimpanzee,1.8388490907372552
chimpanzee,2.0681858617461617
chimpanzee,1.8920946026904804
chimpanzee,2.0211892990699383
chimpanzee,2.0086001717619175
chimpanzee,2.2833012287035497
chimpanzee,1.9395192526186185
chimpanzee,1.9084850188786497
chimpanzee,1.9084850188786497
chimpanzee,2.346352974450639
chimpanzee,1.9822712330395684
chimpanzee,1.9242792860618816
chimpanzee,1.9822712330395684
chimpanzee,2.2405492482826
chimpanzee,1.99563519459755
chimpanzee,1.9242792860618816
chimpanzee,1.9242792860618816
chimpanzee,1.9822712330395684
chimpanzee,2.0453229787866576
chimpanzee,1.8920946026904804
chimpanzee,2.0453229787866576
chimpanzee,1.954242509439325
chimpanzee,1.9822712330395684
chimpanzee,2.110589710299249
chimpanzee,1.9395192526186185
chimpanzee,1.968482948553935
chimpanzee,1.99563519459755
chimpanzee,1.968482948553935
chimpanzee,2.296665190261531
chimpanzee,1.954242509439325
chimpanzee,2.0086001717619175
chimpanzee,1.9084850188786497
chimpanzee,2.130333768495006
chimpanzee,2.0453229787866576
chimpanzee,1.8920946026904804
chimpanzee,1.9395192526186185
chimpanzee,1.9242792860618816
chimpanzee,2.0681858617461617
chimpanzee,2.0453229787866576
chimpanzee,2.1931245983544616
chimpanzee,2.130333768495006
chimpanzee,2.2695129442179165
chimpanzee,1.99563519459755
chimpanzee,2.184691430817599
chimpanzee,2.184691430817599
chimpanzee,2.184691430817599
chimpanzee,2.184691430817599
chimpanzee,2.089905111439398
chimpanzee,2.2405492482826
chimpanzee,2.167317334748176
chimpanzee,1.9242792860618816
chimpanzee,2.1760912590556813
chimpanzee,1.99563519459755
chimpanzee,1.8750612633917
chimpanzee,1.8573324964312685
chimpanzee,1.9242792860618816
chimpanzee,1.954242509439325
chimpanzee,1.9084850188786497
chimpanzee,2.459392487759231
chimpanzee,1.9395192526186185
chimpanzee,2.1931245983544616
chimpanzee,2.247973266361807
chimpanzee,2.247973266361807
chimpanzee,2.1760912590556813
chimpanzee,2.0569048513364727
chimpanzee,1.954242509439325
chimpanzee,1.8388490907372552
chimpanzee,1.8750612633917
chimpanzee,1.8750612633917
chimpanzee,2.7693773260761385
chimpanzee,1.8750612633917
chimpanzee,1.8750612633917
chimpanzee,2.3404441148401185
chimpanzee,2.890421018800914
chimpanzee,1.8573324964312685
chimpanzee,1.8750612633917
chimpanzee,1.954242509439325
chimpanzee,1.9395192526186185
chimpanzee,2.0791812460476247
chimpanzee,1.9395192526186185
chimpanzee,2.0569048513364727
chimpanzee,1.9242792860618816
chimpanzee,2.346352974450639
chimpanzee,1.8750612633917
chimpanzee,1.968482948553935
chimpanzee,2.184691430817599
chimpanzee,1.99563519459755
chimpanzee,1.9084850188786497
chimpanzee,2.0086001717619175
chimpanzee,2.2013971243204513
chimpanzee,2.1398790864012365
chimpanzee,1.9395192526186185
chimpanzee,2.2095150145426308
chimpanzee,2.255272505103306
chimpanzee,2.0681858617461617
chimpanzee,2.0211892990699383
chimpanzee,2.0211892990699383
chimpanzee,2.12057393120585
chimpanzee,1.9395192526186185
chimpanzee,2.3961993470957363
chimpanzee,1.8920946026904804
chimpanzee,2.416640507338281
chimpanzee,1.9822712330395684
chimpanzee,1.8920946026904804
chimpanzee,1.9242792860618816
chimpanzee,2.0211892990699383
chimpanzee,1.9084850188786497
chimpanzee,2.4638929889859074
chimpanzee,1.99563519459755
chimpanzee,1.9822712330395684
chimpanzee,1.9242792860618816
chimpanzee,1.9395192526186185
chimpanzee,1.9084850188786497
chimpanzee,1.8750612633917
chimpanzee,1.9395192526186185
chimpanzee,1.8750612633917
chimpanzee,2.2329961103921536
chimpanzee,1.968482948553935
chimpanzee,1.9084850188786497
chimpanzee,1.9084850188786497
chimpanzee,2.296665190261531
chimpanzee,2.03342375548695
chimpanzee,2.03342375548695
chimpanzee,2.03342375548695
chimpanzee,2.03342375548695
chimpanzee,2.100370545117563
chimpanzee,1.9822712330395684
chimpanzee,1.9242792860618816
chimpanzee,2.1398790864012365
chimpanzee,2.12057393120585
chimpanzee,2.0086001717619175
chimpanzee,1.9242792860618816
chimpanzee,1.99563519459755
chimpanzee,1.8750612633917
chimpanzee,1.9242792860618816
chimpanzee,2.03342375548695
chimpanzee,2.0086001717619175
chimpanzee,2.0086001717619175
chimpanzee,1.9242792860618816
chimpanzee,2.322219294733919
chimpanzee,2.100370545117563
chimpanzee,1.9822712330395684
chimpanzee,2.1931245983544616
chimpanzee,2.7075701760979363
chimpanzee,2.0791812460476247
chimpanzee,2.1492191126553797
chimpanzee,2.1931245983544616
chimpanzee,2.322219294733919
chimpanzee,2.0086001717619175
chimpanzee,2.0453229787866576
chimpanzee,2.2764618041732443
chimpanzee,2.2764618041732443
chimpanzee,2.2764618041732443
chimpanzee,2.1398790864012365
chimpanzee,1.8750612633917
chimpanzee,1.8750612633917
chimpanzee,2.03342375548695
chimpanzee,2.406540180433955
chimpanzee,1.9084850188786497
chimpanzee,2.3096301674258988
chimpanzee,1.9822712330395684
chimpanzee,2.322219294733919
chimpanzee,2.1398790864012365
chimpanzee,1.9395192526186185
chimpanzee,2.0211892990699383
chimpanzee,2.0211892990699383
chimpanzee,1.8750612633917
chimpanzee,2.5809249756756194
chimpanzee,2.0211892990699383
chimpanzee,2.0211892990699383
chimpanzee,2.0791812460476247
chimpanzee,2.494154594018443
chimpanzee,1.8920946026904804
chimpanzee,1.968482948553935
chimpanzee,2.255272505103306
chimpanzee,2.2624510897304293
chimpanzee,1.8920946026904804
chimpanzee,2.110589710299249
chimpanzee,2.739572344450092
chimpanzee,2.2764618041732443
chimpanzee,2.2764618041732443
chimpanzee,1.99563519459755
chimpanzee,1.9242792860618816
chimpanzee,2.03342375548695
chimpanzee,1.954242509439325
chimpanzee,2.100370545117563
chimpanzee,2.0086001717619175
chimpanzee,1.968482948553935
chimpanzee,2.3283796034387376
chimpanzee,2.3283796034387376
chimpanzee,1.9242792860618816
chimpanzee,1.9242792860618816
chimpanzee,1.954242509439325
chimpanzee,2.2095150145426308
chimpanzee,1.9395192526186185
chimpanzee,1.9084850188786497
chimpanzee,2.0681858617461617
chimpanzee,2.2624510897304293
chimpanzee,1.9242792860618816
chimpanzee,2.1398790864012365
chimpanzee,2.0086001717619175
chimpanzee,2.0453229787866576
chimpanzee,1.954242509439325
chimpanzee,1.954242509439325
chimpanzee,1.968482948553935
chimpanzee,1.9242792860618816
chimpanzee,2.1760912590556813
chimpanzee,2.12057393120585
chimpanzee,2.110589710299249
chimpanzee,2.0791812460476247
chimpanzee,1.9822712330395684
chimpanzee,2.0086001717619175
chimpanzee,2.1760912590556813
chimpanzee,2.1398790864012365
chimpanzee,1.8750612633917
chimpanzee,2.0086001717619175
chimpanzee,1.9242792860618816
chimpanzee,2.0211892990699383
chimpanzee,2.2695129442179165
chimpanzee,1.99563519459755
chimpanzee,2.0086001717619175
chimpanzee,2.1398790864012365
chimpanzee,2.315970345456918
chimpanzee,1.968482948553935
chimpanzee,2.3096301674258988
chimpanzee,2.6384892569546374
chimpanzee,2.296665190261531
chimpanzee,2.374748346010104
chimpanzee,2.089905111439398
chimpanzee,2.406540180433955
chimpanzee,2.4456042032735974
chimpanzee,2.2174839442139063
chimpanzee,2.2174839442139063
chimpanzee,2.2174839442139063
chimpanzee,1.968482948553935
chimpanzee,1.9822712330395684
chimpanzee,2.0453229787866576
chimpanzee,2.357934847000454
chimpanzee,2.03342375548695
chimpanzee,2.0211892990699383
chimpanzee,2.0211892990699383
chimpanzee,1.8573324964312685
chimpanzee,1.8573324964312685
chimpanzee,1.8920946026904804
chimpanzee,1.99563519459755
chimpanzee,2.416640507338281
chimpanzee,2.416640507338281
chimpanzee,1.9242792860618816
chimpanzee,2.4313637641589874
chimpanzee,1.9822712330395684
chimpanzee,2.2329961103921536
chimpanzee,2.2695129442179165
chimpanzee,2.0453229787866576
chimpanzee,2.0453229787866576
chimpanzee,2.247973266361807
chimpanzee,2.0211892990699383
chimpanzee,1.6812412373755872
chimpanzee,2.2013971243204513
chimpanzee,1.9084850188786497
chimpanzee,2.0681858617461617
chimpanzee,2.03342375548695
chimpanzee,2.530199698203082
chimpanzee,2.530199698203082
chimpanzee,2.530199698203082
chimpanzee,2.41161970596323
chimpanzee,2.5563025007672873
chimpanzee,2.3096301674258988
chimpanzee,2.1398790864012365
chimpanzee,2.3096301674258988
chimpanzee,2.0791812460476247
chimpanzee,1.954242509439325
chimpanzee,2.2095150145426308
chimpanzee,2.2095150145426308
chimpanzee,1.968482948553935
chimpanzee,2.089905111439398
chimpanzee,2.919601023784111
chimpanzee,1.954242509439325
chimpanzee,2.0086001717619175
chimpanzee,1.9395192526186185
chimpanzee,1.954242509439325
chimpanzee,2.03342375548695
chimpanzee,1.9242792860618816
chimpanzee,2.03342375548695
chimpanzee,2.089905111439398
chimpanzee,1.99563519459755
chimpanzee,1.9395192526186185
chimpanzee,1.9822712330395684
chimpanzee,1.8573324964312685
chimpanzee,1.8573324964312685
chimpanzee,2.1398790864012365
chimpanzee,2.1492191126553797
chimpanzee,2.12057393120585
chimpanzee,1.8750612633917
chimpanzee,1.8920946026904804
chimpanzee,2.110589710299249
chimpanzee,1.9242792860618816
chimpanzee,1.9084850188786497
chimpanzee,2.406540180433955
chimpanzee,1.954242509439325
chimpanzee,2.45484486000851
chimpanzee,2.0211892990699383
chimpanzee,1.9395192526186185
chimpanzee,1.9084850188786497
chimpanzee,1.9242792860618816
chimpanzee,1.8920946026904804
chimpanzee,2.0086001717619175
chimpanzee,1.9822712330395684
chimpanzee,2.2405492482826
chimpanzee,1.9395192526186185
chimpanzee,2.255272505103306
chimpanzee,2.3909351071033793
chimpanzee,2.2095150145426308
chimpanzee,1.9395192526186185
chimpanzee,2.12057393120585
chimpanzee,1.9242792860618816
chimpanzee,2.0211892990699383
chimpanzee,2.110589710299249
chimpanzee,1.954242509439325
chimpanzee,2.296665190261531
chimpanzee,1.9395192526186185
chimpanzee,2.0681858617461617
chimpanzee,1.9395192526186185
chimpanzee,1.954242509439325
chimpanzee,1.8920946026904804
chimpanzee,1.99563519459755
chimpanzee,2.510545010206612
chimpanzee,1.9242792860618816
chimpanzee,2.2095150145426308
chimpanzee,2.2095150145426308
chimpanzee,2.2095150145426308
chimpanzee,2.4265112613645754
chimpanzee,2.7715874808812555
chimpanzee,2.530199698203082
chimpanzee,2.530199698203082
chimpanzee,2.4216039268698313
chimpanzee,1.99563519459755
chimpanzee,1.9084850188786497
chimpanzee,2.110589710299249
chimpanzee,2.4771212547196626
chimpanzee,2.2695129442179165
chimpanzee,2.2695129442179165
chimpanzee,2.290034611362518
chimpanzee,2.0211892990699383
chimpanzee,1.9395192526186185
chimpanzee,2.2329961103921536
chimpanzee,1.9084850188786497
chimpanzee,1.8920946026904804
chimpanzee,1.968482948553935
chimpanzee,2.303196057420489
chimpanzee,1.954242509439325
chimpanzee,2.315970345456918
chimpanzee,2.315970345456918
chimpanzee,2.0211892990699383
chimpanzee,1.9395192526186185
chimpanzee,2.3961993470957363
chimpanzee,1.9395192526186185
chimpanzee,2.0791812460476247
chimpanzee,1.954242509439325
chimpanzee,2.0791812460476247
chimpanzee,2.0569048513364727
chimpanzee,2.100370545117563
chimpanzee,1.968482948553935
chimpanzee,1.954242509439325
chimpanzee,2.0569048513364727
chimpanzee,1.954242509439325
chimpanzee,2.2095150145426308
chimpanzee,2.12057393120585
chimpanzee,1.9822712330395684
chimpanzee,1.968482948553935
chimpanzee,1.9242792860618816
chimpanzee,2.0211892990699383
chimpanzee,2.089905111439398
chimpanzee,2.0681858617461617
chimpanzee,2.0569048513364727
chimpanzee,2.12057393120585
chimpanzee,1.9822712330395684
chimpanzee,1.9822712330395684
chimpanzee,1.8573324964312685
chimpanzee,2.3096301674258988
chimpanzee,2.2624510897304293
chimpanzee,2.591064607026499
chimpanzee,2.2833012287035497
chimpanzee,1.954242509439325
chimpanzee,2.100370545117563
chimpanzee,2.4727564493172123
chimpanzee,2.255272505103306
chimpanzee,2.255272505103306
chimpanzee,1.9242792860618816
chimpanzee,2.4683473304121573
chimpanzee,2.0791812460476247
chimpanzee,2.0791812460476247
chimpanzee,1.9395192526186185
chimpanzee,2.0453229787866576
chimpanzee,2.247973266361807
chimpanzee,2.303196057420489
chimpanzee,2.3961993470957363
chimpanzee,2.0681858617461617
chimpanzee,1.9822712330395684
chimpanzee,1.954242509439325
chimpanzee,1.954242509439325
chimpanzee,1.968482948553935
chimpanzee,1.968482948553935
chimpanzee,2.0453229787866576
chimpanzee,2.346352974450639
chimpanzee,2.100370545117563
chimpanzee,2.255272505103306
chimpanzee,2.12057393120585
chimpanzee,2.290034611362518
chimpanzee,1.9395192526186185
chimpanzee,2.7489628612561616
chimpanzee,1.9084850188786497
chimpanzee,1.9084850188786497
chimpanzee,2.2095150145426308
chimpanzee,2.2174839442139063
chimpanzee,1.9084850188786497
chimpanzee,1.9084850188786497
chimpanzee,2.0453229787866576
chimpanzee,1.954242509439325
chimpanzee,1.9242792860618816
chimpanzee,2.4785664955938436
chimpanzee,2.385606273598312
chimpanzee,2.3521825181113627
chimpanzee,2.2013971243204513
chimpanzee,2.0569048513364727
chimpanzee,2.2624510897304293
chimpanzee,1.954242509439325
chimpanzee,1.8920946026904804
chimpanzee,1.8920946026904804
chimpanzee,2.2405492482826
chimpanzee,2.0791812460476247
chimpanzee,1.8920946026904804
chimpanzee,2.2329961103921536
chimpanzee,2.0453229787866576
chimpanzee,1.9242792860618816
chimpanzee,1.968482948553935
chimpanzee,2.0569048513364727
chimpanzee,2.303196057420489
chimpanzee,2.167317334748176
chimpanzee,1.9822712330395684
chimpanzee,2.406540180433955
chimpanzee,2.9410142437055695
chimpanzee,1.968482948553935
chimpanzee,2.4265112613645754
chimpanzee,2.1583624920952498
chimpanzee,2.0791812460476247
chimpanzee,2.296665190261531
chimpanzee,1.8920946026904804
chimpanzee,1.8920946026904804
chimpanzee,2.167317334748176
chimpanzee,1.9822712330395684
chimpanzee,1.9822712330395684
chimpanzee,1.8750612633917
chimpanzee,1.9242792860618816
chimpanzee,1.954242509439325
chimpanzee,1.954242509439325
chimpanzee,1.8388490907372552
chimpanzee,2.0569048513364727
chimpanzee,2.380211241711606
chimpanzee,2.380211241711606
chimpanzee,2.2013971243204513
chimpanzee,1.9084850188786497
chimpanzee,2.45484486000851
chimpanzee,1.9084850188786497
chimpanzee,1.9395192526186185
chimpanzee,1.99563519459755
chimpanzee,1.9395192526186185
chimpanzee,1.9395192526186185
chimpanzee,2.8055008581584002
chimpanzee,2.8055008581584002
chimpanzee,2.2833012287035497
chimpanzee,1.954242509439325
chimpanzee,2.2329961103921536
chimpanzee,1.968482948553935
chimpanzee,1.9084850188786497
chimpanzee,1.9084850188786497
chimpanzee,1.9084850188786497
chimpanzee,1.954242509439325
chimpanzee,2.1492191126553797
chimpanzee,2.2624510897304293
chimpanzee,1.9395192526186185
chimpanzee,1.9242792860618816
chimpanzee,1.8920946026904804
chimpanzee,1.8920946026904804
chimpanzee,2.357934847000454
chimpanzee,2.2013971243204513
chimpanzee,1.8920946026904804
chimpanzee,1.8920946026904804
chimpanzee,1.9084850188786497
chimpanzee,1.9084850188786497
chimpanzee,1.9395192526186185
chimpanzee,2.2329961103921536
chimpanzee,2.0086001717619175
chimpanzee,1.968482948553935
chimpanzee,2.110589710299249
chimpanzee,2.0086001717619175
chimpanzee,2.0211892990699383
chimpanzee,2.1760912590556813
chimpanzee,2.303196057420489
chimpanzee,2.100370545117563
chimpanzee,2.0086001717619175
chimpanzee,1.9242792860618816
chimpanzee,1.9822712330395684
chimpanzee,1.8920946026904804
chimpanzee,1.954242509439325
chimpanzee,1.8920946026904804
chimpanzee,2.100370545117563
chimpanzee,2.303196057420489
chimpanzee,2.45484486000851
chimpanzee,1.9822712330395684
chimpanzee,2.2833012287035497
chimpanzee,1.9395192526186185
chimpanzee,1.9084850188786497
chimpanzee,2.374748346010104
chimpanzee,1.9395192526186185
chimpanzee,1.8920946026904804
chimpanzee,1.968482948553935
chimpanzee,2.0453229787866576
chimpanzee,1.9822712330395684
chimpanzee,2.2174839442139063
chimpanzee,1.968482948553935
chimpanzee,2.110589710299249
chimpanzee,1.9395192526186185
chimpanzee,1.8920946026904804
chimpanzee,1.8750612633917
chimpanzee,2.130333768495006
chimpanzee,2.130333768495006
chimpanzee,1.9395192526186185
chimpanzee,1.954242509439325
chimpanzee,1.954242509439325
chimpanzee,2.03342375548695
chimpanzee,1.9084850188786497
chimpanzee,1.968482948553935
chimpanzee,2.089905111439398
chimpanzee,1.9395192526186185
chimpanzee,2.3283796034387376
chimpanzee,2.0211892990699383
chimpanzee,1.9242792860618816
chimpanzee,1.9242792860618816
chimpanzee,1.9242792860618816
chimpanzee,2.357934847000454
chimpanzee,2.3096301674258988
chimpanzee,1.99563519459755
chimpanzee,1.99563519459755
chimpanzee,1.9242792860618816
chimpanzee,1.9395192526186185
chimpanzee,1.8920946026904804
chimpanzee,2.0086001717619175
chimpanzee,2.0569048513364727
chimpanzee,2.130333768495006
chimpanzee,2.1931245983544616
chimpanzee,2.3404441148401185
chimpanzee,2.8680563618230415
chimpanzee,2.5809249756756194
chimpanzee,1.968482948553935
chimpanzee,2.100370545117563
chimpanzee,1.968482948553935
chimpanzee,2.2695129442179165
chimpanzee,2.089905111439398
chimpanzee,2.225309281725863
chimpanzee,1.9084850188786497
chimpanzee,1.968482948553935
chimpanzee,2.0211892990699383
chimpanzee,1.9084850188786497
chimpanzee,2.303196057420489
chimpanzee,1.9395192526186185
chimpanzee,1.9242792860618816
chimpanzee,1.9242792860618816
chimpanzee,1.9084850188786497
chimpanzee,2.0086001717619175
chimpanzee,2.3283796034387376
chimpanzee,2.110589710299249
chimpanzee,1.9242792860618816
chimpanzee,2.5563025007672873
chimpanzee,2.5563025007672873
chimpanzee,1.8920946026904804
chimpanzee,1.8920946026904804
chimpanzee,1.9242792860618816
chimpanzee,2.385606273598312
chimpanzee,2.406540180433955
chimpanzee,1.968482948553935
chimpanzee,2.100370545117563
chimpanzee,2.110589710299249
chimpanzee,1.8750612633917
chimpanzee,1.8750612633917
chimpanzee,2.0086001717619175
chimpanzee,2.1931245983544616
chimpanzee,2.322219294733919
chimpanzee,1.9084850188786497
chimpanzee,2.247973266361807
chimpanzee,2.0453229787866576
chimpanzee,2.0453229787866576
chimpanzee,2.184691430817599
chimpanzee,2.184691430817599
chimpanzee,2.0211892990699383
chimpanzee,1.8750612633917
chimpanzee,1.9822712330395684
chimpanzee,2.03342375548695
chimpanzee,1.8750612633917
chimpanzee,2.2174839442139063
chimpanzee,1.9395192526186185
chimpanzee,2.0211892990699383
chimpanzee,2.03342375548695
chimpanzee,1.8750612633917
chimpanzee,1.8920946026904804
chimpanzee,2.089905111439398
chimpanzee,1.9084850188786497
chimpanzee,1.9084850188786497
chimpanzee,1.9242792860618816
chimpanzee,3.0145205387579237
chimpanzee,1.954242509439325
chimpanzee,2.130333768495006
chimpanzee,2.3283796034387376
chimpanzee,2.2329961103921536
chimpanzee,2.2095150145426308
chimpanzee,1.8920946026904804
chimpanzee,2.6074550232146687
chimpanzee,2.1931245983544616
chimpanzee,2.4265112613645754
chimpanzee,2.3404441148401185
chimpanzee,1.8920946026904804
chimpanzee,1.8920946026904804
chimpanzee,1.9084850188786497
chimpanzee,2.2695129442179165
chimpanzee,2.4638929889859074
chimpanzee,2.4638929889859074
chimpanzee,2.450249108319361
chimpanzee,2.481442628502305
chimpanzee,1.968482948553935
chimpanzee,1.8573324964312685
chimpanzee,1.8920946026904804
chimpanzee,1.9822712330395684
chimpanzee,2.0681858617461617
chimpanzee,2.0211892990699383
chimpanzee,1.968482948553935
chimpanzee,1.9822712330395684
chimpanzee,1.9822712330395684
chimpanzee,1.954242509439325
chimpanzee,2.2764618041732443
chimpanzee,2.255272505103306
chimpanzee,1.9242792860618816
chimpanzee,1.9242792860618816
chimpanzee,1.99563519459755
chimpanzee,1.954242509439325
chimpanzee,1.99563519459755
chimpanzee,1.9822712330395684
chimpanzee,2.0569048513364727
chimpanzee,1.9242792860618816
chimpanzee,2.1583624920952498
chimpanzee,2.255272505103306
chimpanzee,2.130333768495006
chimpanzee,2.4983105537896004
chimpanzee,1.8920946026904804
chimpanzee,2.380211241711606
chimpanzee,2.0211892990699383
chimpanzee,1.8920946026904804
chimpanzee,2.0681858617461617
chimpanzee,2.12057393120585
chimpanzee,2.12057393120585
chimpanzee,2.1492191126553797
chimpanzee,1.954242509439325
chimpanzee,1.9822712330395684
chimpanzee,1.99563519459755
chimpanzee,1.9822712330395684
chimpanzee,1.99563519459755
chimpanzee,1.99563519459755
chimpanzee,1.9084850188786497
chimpanzee,1.9242792860618816
chimpanzee,2.184691430817599
chimpanzee,1.968482948553935
chimpanzee,2.2764618041732443
chimpanzee,2.0211892990699383
chimpanzee,1.968482948553935
chimpanzee,2.12057393120585
chimpanzee,1.954242509439325
chimpanzee,2.0086001717619175
chimpanzee,1.8920946026904804
chimpanzee,2.0211892990699383
chimpanzee,1.99563519459755
chimpanzee,2.0453229787866576
chimpanzee,2.406540180433955
chimpanzee,2.401400540781544
chimpanzee,2.2174839442139063
chimpanzee,2.5943925503754266
chimpanzee,2.406540180433955
chimpanzee,2.225309281725863
chimpanzee,2.225309281725863
chimpanzee,2.2095150145426308
chimpanzee,2.2095150145426308
chimpanzee,2.3521825181113627
chimpanzee,2.4899584794248346
chimpanzee,2.4899584794248346
chimpanzee,1.8750612633917
chimpanzee,2.110589710299249
chimpanzee,1.8750612633917
chimpanzee,2.2095150145426308
chimpanzee,1.9395192526186185
chimpanzee,1.9822712330395684
chimpanzee,2.0211892990699383
chimpanzee,1.9822712330395684
chimpanzee,2.0211892990699383
chimpanzee,2.290034611362518
chimpanzee,1.8750612633917
chimpanzee,1.9395192526186185
chimpanzee,2.1398790864012365
chimpanzee,1.9822712330395684
chimpanzee,1.9084850188786497
chimpanzee,1.9822712330395684
chimpanzee,1.9822712330395684
chimpanzee,1.9242792860618816
chimpanzee,1.9084850188786497
chimpanzee,1.99563519459755
chimpanzee,2.1760912590556813
chimpanzee,2.03342375548695
chimpanzee,1.9084850188786497
chimpanzee,1.99563519459755
chimpanzee,2.1760912590556813
chimpanzee,2.597695185925512
chimpanzee,2.2764618041732443
chimpanzee,1.9084850188786497
chimpanzee,2.303196057420489
chimpanzee,2.3096301674258988
chimpanzee,2.2695129442179165
chimpanzee,2.597695185925512
chimpanzee,1.9242792860618816
chimpanzee,2.2013971243204513
chimpanzee,1.9084850188786497
chimpanzee,1.9242792860618816
chimpanzee,2.167317334748176
chimpanzee,2.167317334748176
chimpanzee,2.167317334748176
chimpanzee,2.167317334748176
chimpanzee,1.9084850188786497
chimpanzee,1.9084850188786497
chimpanzee,2.03342375548695
chimpanzee,2.167317334748176
chimpanzee,2.5024271199844326
chimpanzee,1.8920946026904804
chimpanzee,2.167317334748176
chimpanzee,2.494154594018443
chimpanzee,1.99563519459755
chimpanzee,2.2833012287035497
chimpanzee,2.290034611362518
chimpanzee,2.0791812460476247
chimpanzee,2.0791812460476247
chimpanzee,2.0211892990699383
chimpanzee,1.9084850188786497
chimpanzee,1.8195439355418688
chimpanzee,2.3404441148401185
chimpanzee,2.3909351071033793
chimpanzee,2.436162647040756
chimpanzee,2.450249108319361
chimpanzee,1.9242792860618816
chimpanzee,1.9242792860618816
chimpanzee,1.9242792860618816
chimpanzee,1.954242509439325
chimpanzee,2.130333768495006
chimpanzee,2.0681858617461617
chimpanzee,2.0681858617461617
chimpanzee,2.03342375548695
chimpanzee,1.99563519459755
chimpanzee,1.968482948553935
chimpanzee,2.3521825181113627
chimpanzee,2.1583624920952498
chimpanzee,2.0453229787866576
chimpanzee,1.9395192526186185
chimpanzee,2.9740509027928774
chimpanzee,2.9740509027928774
chimpanzee,2.0453229787866576
chimpanzee,2.167317334748176
chimpanzee,1.9395192526186185
chimpanzee,1.8750612633917
chimpanzee,1.9084850188786497
chimpanzee,2.03342375548695
chimpanzee,1.9395192526186185
chimpanzee,2.255272505103306
chimpanzee,2.2695129442179165
chimpanzee,2.0569048513364727
chimpanzee,2.4638929889859074
chimpanzee,2.4638929889859074
chimpanzee,2.2695129442179165
chimpanzee,1.8750612633917
chimpanzee,1.8920946026904804
chimpanzee,1.9395192526186185
chimpanzee,2.247973266361807
chimpanzee,2.247973266361807
chimpanzee,1.9242792860618816
chimpanzee,2.0681858617461617
chimpanzee,1.9242792860618816
chimpanzee,2.0791812460476247
chimpanzee,2.184691430817599
chimpanzee,2.1492191126553797
chimpanzee,2.0211892990699383
chimpanzee,1.9395192526186185
chimpanzee,1.9395192526186185
chimpanzee,1.9395192526186185
chimpanzee,2.3521825181113627
chimpanzee,2.089905111439398
chimpanzee,2.12057393120585
chimpanzee,1.9822712330395684
chimpanzee,2.5877109650189114
chimpanzee,1.9395192526186185
chimpanzee,1.954242509439325
chimpanzee,1.8920946026904804
chimpanzee,1.9822712330395684
chimpanzee,1.9084850188786497
chimpanzee,1.9084850188786497
chimpanzee,2.089905111439398
chimpanzee,2.3404441148401185
chimpanzee,2.591064607026499
chimpanzee,2.03342375548695
chimpanzee,1.954242509439325
chimpanzee,1.9084850188786497
chimpanzee,1.9822712330395684
chimpanzee,2.0211892990699383
chimpanzee,2.4983105537896004
chimpanzee,2.03342375548695
chimpanzee,2.0211892990699383
chimpanzee,1.9242792860618816
chimpanzee,1.9084850188786497
chimpanzee,2.1583624920952498
chimpanzee,2.322219294733919
chimpanzee,2.0791812460476247
chimpanzee,1.8920946026904804
chimpanzee,2.0569048513364727
chimpanzee,2.110589710299249
chimpanzee,2.2764618041732443
chimpanzee,1.8920946026904804
chimpanzee,1.968482948553935
chimpanzee,1.8920946026904804
chimpanzee,2.4409090820652177
chimpanzee,2.03342375548695
chimpanzee,3.4075608494863627
chimpanzee,2.2174839442139063
chimpanzee,1.8388490907372552
chimpanzee,1.954242509439325
chimpanzee,1.8920946026904804
chimpanzee,1.8750612633917
chimpanzee,1.9395192526186185
chimpanzee,1.9242792860618816
chimpanzee,1.9395192526186185
chimpanzee,2.450249108319361
chimpanzee,2.303196057420489
chimpanzee,1.9242792860618816
chimpanzee,2.5599066250361124
chimpanzee,2.5599066250361124
chimpanzee,2.4727564493172123
chimpanzee,2.3909351071033793
chimpanzee,2.3909351071033793
chimpanzee,2.3283796034387376
chimpanzee,2.3283796034387376
chimpanzee,2.0211892990699383
chimpanzee,2.0791812460476247
chimpanzee,1.9242792860618816
chimpanzee,1.9395192526186185
chimpanzee,1.954242509439325
chimpanzee,2.03342375548695
chimpanzee,1.9395192526186185
chimpanzee,2.727541257028556
chimpanzee,1.8920946026904804
chimpanzee,2.0086001717619175
chimpanzee,2.369215857410143
chimpanzee,1.968482948553935
chimpanzee,2.290034611362518
chimpanzee,2.0681858617461617
chimpanzee,2.167317334748176
chimpanzee,1.968482948553935
chimpanzee,1.9395192526186185
chimpanzee,1.9822712330395684
chimpanzee,1.9242792860618816
chimpanzee,2.2329961103921536
chimpanzee,2.03342375548695
chimpanzee,1.9395192526186185
chimpanzee,2.2329961103921536
chimpanzee,1.9822712330395684
chimpanzee,2.0086001717619175
chimpanzee,2.0791812460476247
chimpanzee,2.2405492482826
chimpanzee,2.7737864449811935
chimpanzee,1.9822712330395684
chimpanzee,2.346352974450639
chimpanzee,2.0453229787866576
chimpanzee,1.9822712330395684
chimpanzee,2.0453229787866576
chimpanzee,1.9395192526186185
chimpanzee,2.03342375548695
chimpanzee,2.537819095073274
chimpanzee,2.5490032620257876
chimpanzee,2.380211241711606
chimpanzee,2.380211241711606
chimpanzee,2.41161970596323
chimpanzee,2.6414741105040997
chimpanzee,2.3961993470957363
chimpanzee,2.537819095073274
chimpanzee,2.225309281725863
chimpanzee,2.4456042032735974
chimpanzee,2.7151673578484576
chimpanzee,2.2405492482826
chimpanzee,1.954242509439325
chimpanzee,2.2329961103921536
chimpanzee,1.7781512503836436
chimpanzee,1.9822712330395684
chimpanzee,2.0211892990699383
chimpanzee,2.4216039268698313
chimpanzee,2.4265112613645754
chimpanzee,2.4265112613645754
chimpanzee,2.4265112613645754
chimpanzee,2.4265112613645754
chimpanzee,2.2695129442179165
chimpanzee,2.0086001717619175
chimpanzee,2.1492191126553797
chimpanzee,2.1492191126553797
chimpanzee,1.9084850188786497
chimpanzee,1.9395192526186185
chimpanzee,1.8750612633917
chimpanzee,2.167317334748176
chimpanzee,2.2174839442139063
chimpanzee,2.110589710299249
chimpanzee,2.436162647040756
chimpanzee,2.110589710299249
chimpanzee,2.2013971243204513
chimpanzee,2.0211892990699383
chimpanzee,2.2095150145426308
chimpanzee,2.0569048513364727
chimpanzee,2.2095150145426308
chimpanzee,2.494154594018443
chimpanzee,1.968482948553935
chimpanzee,2.3909351071033793
chimpanzee,2.0086001717619175
chimpanzee,1.9822712330395684
chimpanzee,1.9395192526186185
chimpanzee,2.110589710299249
chimpanzee,1.9395192526186185
chimpanzee,2.4683473304121573
chimpanzee,2.247973266361807
chimpanzee,1.9242792860618816
chimpanzee,1.8920946026904804
chimpanzee,2.0086001717619175
chimpanzee,2.0086001717619175
chimpanzee,2.167317334748176
chimpanzee,1.968482948553935
chimpanzee,2.0211892990699383
chimpanzee,2.2013971243204513
chimpanzee,2.0681858617461617
chimpanzee,1.954242509439325
chimpanzee,2.0211892990699383
chimpanzee,1.9084850188786497
chimpanzee,1.8920946026904804
chimpanzee,1.8920946026904804
chimpanzee,1.968482948553935
chimpanzee,1.8920946026904804
chimpanzee,2.0453229787866576
chimpanzee,1.954242509439325
chimpanzee,2.788875115775417
chimpanzee,2.788875115775417
chimpanzee,2.2329961103921536
chimpanzee,2.2405492482826
chimpanzee,2.0211892990699383
chimpanzee,2.0086001717619175
chimpanzee,2.0086001717619175
chimpanzee,2.0453229787866576
chimpanzee,1.954242509439325
chimpanzee,2.406540180433955
chimpanzee,2.406540180433955
chimpanzee,2.406540180433955
chimpanzee,1.954242509439325
chimpanzee,1.954242509439325
chimpanzee,1.954242509439325
chimpanzee,1.954242509439325
chimpanzee,2.2013971243204513
chimpanzee,1.9822712330395684
chimpanzee,2.4265112613645754
chimpanzee,2.290034611362518
chimpanzee,1.99563519459755
chimpanzee,1.9242792860618816
chimpanzee,2.089905111439398
chimpanzee,2.3636119798921444
chimpanzee,1.99563519459755
chimpanzee,1.99563519459755
chimpanzee,1.954242509439325
chimpanzee,2.0569048513364727
chimpanzee,2.0453229787866576
chimpanzee,1.99563519459755
chimpanzee,2.3909351071033793
chimpanzee,2.255272505103306
chimpanzee,1.8388490907372552
chimpanzee,2.3521825181113627
chimpanzee,2.3636119798921444
chimpanzee,2.3636119798921444
chimpanzee,2.0791812460476247
chimpanzee,1.968482948553935
chimpanzee,2.0569048513364727
chimpanzee,1.968482948553935
chimpanzee,2.2624510897304293
chimpanzee,2.184691430817599
chimpanzee,2.303196057420489
chimpanzee,1.968482948553935
chimpanzee,2.0211892990699383
chimpanzee,1.954242509439325
chimpanzee,1.954242509439325
chimpanzee,1.8750612633917
chimpanzee,2.357934847000454
chimpanzee,2.406540180433955
chimpanzee,2.2174839442139063
chimpanzee,2.1931245983544616
chimpanzee,2.2174839442139063
chimpanzee,2.1931245983544616
chimpanzee,2.494154594018443
chimpanzee,2.406540180433955
chimpanzee,1.954242509439325
chimpanzee,2.303196057420489
chimpanzee,1.9084850188786497
chimpanzee,2.0086001717619175
chimpanzee,2.0211892990699383
chimpanzee,1.9084850188786497
chimpanzee,2.0086001717619175
chimpanzee,2.5877109650189114
chimpanzee,1.9822712330395684
chimpanzee,1.968482948553935
chimpanzee,2.0211892990699383
chimpanzee,2.0681858617461617
chimpanzee,1.968482948553935
chimpanzee,2.255272505103306
chimpanzee,1.9242792860618816
chimpanzee,1.9084850188786497
chimpanzee,1.954242509439325
chimpanzee,2.494154594018443
chimpanzee,1.954242509439325
chimpanzee,1.968482948553935
chimpanzee,2.0453229787866576
chimpanzee,2.1760912590556813
chimpanzee,1.99563519459755
chimpanzee,1.9822712330395684
chimpanzee,1.9395192526186185
chimpanzee,2.0211892990699383
chimpanzee,2.12057393120585
chimpanzee,2.0453229787866576
chimpanzee,1.968482948553935
chimpanzee,2.0453229787866576
chimpanzee,2.0453229787866576
chimpanzee,2.110589710299249
chimpanzee,1.9084850188786497
chimpanzee,1.954242509439325
chimpanzee,3.836577274840649
chimpanzee,1.9822712330395684
chimpanzee,2.0086001717619175
chimpanzee,2.3521825181113627
chimpanzee,2.6444385894678386
chimpanzee,2.110589710299249
chimpanzee,1.9242792860618816
chimpanzee,1.9242792860618816
chimpanzee,1.9084850188786497
chimpanzee,2.4771212547196626
chimpanzee,1.9395192526186185
chimpanzee,2.225309281725863
chimpanzee,2.3283796034387376
chimpanzee,1.99563519459755
chimpanzee,2.110589710299249
chimpanzee,2.5705429398818973
chimpanzee,2.1583624920952498
chimpanzee,2.0453229787866576
chimpanzee,2.2764618041732443
chimpanzee,1.9084850188786497
chimpanzee,1.9084850188786497
chimpanzee,1.9822712330395684
chimpanzee,2.0569048513364727
chimpanzee,1.968482948553935
chimpanzee,1.8920946026904804
chimpanzee,1.8750612633917
chimpanzee,1.954242509439325
chimpanzee,1.99563519459755
chimpanzee,1.968482948553935
chimpanzee,1.9822712330395684
chimpanzee,1.8920946026904804
chimpanzee,2.3283796034387376
chimpanzee,1.9084850188786497
chimpanzee,1.8920946026904804
chimpanzee,1.9822712330395684
chimpanzee,1.9395192526186185
chimpanzee,1.8573324964312685
chimpanzee,1.954242509439325
chimpanzee,1.9242792860618816
chimpanzee,2.0086001717619175
chimpanzee,2.0086001717619175
chimpanzee,1.9395192526186185
chimpanzee,1.954242509439325
chimpanzee,1.99563519459755
chimpanzee,1.9242792860618816
chimpanzee,1.9242792860618816
chimpanzee,2.0681858617461617
chimpanzee,2.03342375548695
chimpanzee,2.03342375548695
chimpanzee,1.8750612633917
chimpanzee,1.9084850188786497
chimpanzee,1.9822712330395684
chimpanzee,1.9084850188786497
chimpanzee,1.9084850188786497
chimpanzee,2.385606273598312
chimpanzee,2.6263403673750423
chimpanzee,2.1398790864012365
chimpanzee,2.0681858617461617
chimpanzee,1.8920946026904804
chimpanzee,1.8920946026904804
chimpanzee,1.9084850188786497
chimpanzee,2.2695129442179165
chimpanzee,2.2329961103921536
chimpanzee,2.03342375548695
chimpanzee,1.9242792860618816
chimpanzee,1.8920946026904804
chimpanzee,2.0211892990699383
chimpanzee,1.9242792860618816
chimpanzee,2.100370545117563
chimpanzee,1.99563519459755
chimpanzee,2.0681858617461617
chimpanzee,2.1931245983544616
chimpanzee,1.9395192526186185
chimpanzee,1.9084850188786497
chimpanzee,1.9395192526186185
chimpanzee,2.4409090820652177
chimpanzee,1.9084850188786497
chimpanzee,2.100370545117563
chimpanzee,2.0086001717619175
chimpanzee,2.2624510897304293
chimpanzee,1.99563519459755
chimpanzee,2.7715874808812555
chimpanzee,2.0211892990699383
chimpanzee,2.0681858617461617
chimpanzee,1.9084850188786497
chimpanzee,1.8750612633917
chimpanzee,1.968482948553935
chimpanzee,2.2329961103921536
chimpanzee,1.968482948553935
chimpanzee,2.315970345456918
chimpanzee,2.167317334748176
chimpanzee,2.255272505103306
chimpanzee,1.968482948553935
chimpanzee,2.0453229787866576
chimpanzee,1.954242509439325
chimpanzee,1.9084850188786497
chimpanzee,2.0211892990699383
chimpanzee,2.167317334748176
chimpanzee,2.0211892990699383
chimpanzee,2.12057393120585
chimpanzee,2.184691430817599
chimpanzee,2.100370545117563
chimpanzee,2.2624510897304293
chimpanzee,1.9084850188786497
chimpanzee,2.380211241711606
chimpanzee,2.100370545117563
chimpanzee,2.110589710299249
chimpanzee,1.9242792860618816
chimpanzee,2.0211892990699383
chimpanzee,1.954242509439325
chimpanzee,1.954242509439325
chimpanzee,1.8750612633917
chimpanzee,2.380211241711606
chimpanzee,1.8750612633917
chimpanzee,2.1398790864012365
chimpanzee,2.406540180433955
chimpanzee,2.100370545117563
chimpanzee,1.9395192526186185
chimpanzee,2.1398790864012365
chimpanzee,2.1398790864012365
chimpanzee,2.0791812460476247
chimpanzee,1.968482948553935
chimpanzee,1.9242792860618816
chimpanzee,2.2405492482826
chimpanzee,2.315970345456918
chimpanzee,2.315970345456918
chimpanzee,2.315970345456918
chimpanzee,2.315970345456918
chimpanzee,2.1583624920952498
chimpanzee,2.110589710299249
chimpanzee,1.9242792860618816
chimpanzee,2.1931245983544616
chimpanzee,2.2833012287035497
chimpanzee,2.5224442335063197
chimpanzee,2.315970345456918
chimpanzee,2.537819095073274
chimpanzee,2.12057393120585
chimpanzee,2.0211892990699383
chimpanzee,2.1931245983544616
chimpanzee,1.8920946026904804
chimpanzee,1.9242792860618816
chimpanzee,2.6201360549737576
chimpanzee,2.0086001717619175
chimpanzee,2.1760912590556813
chimpanzee,2.0211892990699383
chimpanzee,2.130333768495006
chimpanzee,1.8750612633917
chimpanzee,2.436162647040756
chimpanzee,2.100370545117563
chimpanzee,1.8750612633917
chimpanzee,2.12057393120585
chimpanzee,1.9242792860618816
chimpanzee,1.9242792860618816
chimpanzee,2.0569048513364727
chimpanzee,2.0569048513364727
chimpanzee,1.8750612633917
chimpanzee,2.2329961103921536
chimpanzee,2.3636119798921444
gibbon,2.380211241711606
gibbon,1.9395192526186185
gibbon,1.8573324964312685
gibbon,1.9822712330395684
gibbon,1.9822712330395684
gibbon,2.2013971243204513
gibbon,2.406540180433955
gibbon,1.9822712330395684
gibbon,2.4456042032735974
gibbon,2.374748346010104
gibbon,1.8388490907372552
gibbon,2.290034611362518
gibbon,2.0791812460476247
gibbon,2.7466341989375787
gibbon,1.7781512503836436
gibbon,1.7781512503836436
gibbon,2.4409090820652177
gibbon,2.0086001717619175
gibbon,2.100370545117563
gibbon,2.4409090820652177
gibbon,2.167317334748176
gibbon,2.167317334748176
gibbon,1.9084850188786497
gibbon,1.8750612633917
gibbon,1.9395192526186185
gibbon,2.03342375548695
gibbon,2.0681858617461617
gibbon,2.100370545117563
gibbon,1.9242792860618816
gibbon,2.0211892990699383
gibbon,2.110589710299249
gibbon,1.8920946026904804
gibbon,2.1398790864012365
gibbon,1.9242792860618816
gibbon,1.9084850188786497
gibbon,2.03342375548695
gibbon,2.184691430817599
gibbon,2.3909351071033793
gibbon,2.2695129442179165
gibbon,1.9084850188786497
gibbon,1.9084850188786497
gibbon,1.9084850188786497
gibbon,1.9242792860618816
gibbon,1.9242792860618816
gibbon,1.7323937598229686
gibbon,2.1398790864012365
gibbon,2.385606273598312
gibbon,1.9084850188786497
gibbon,1.9084850188786497
gibbon,1.9822712330395684
gibbon,1.9822712330395684
gibbon,1.9084850188786497
gibbon,1.8750612633917
gibbon,1.99563519459755
gibbon,2.03342375548695
gibbon,1.9242792860618816
gibbon,1.9242792860618816
gibbon,1.99563519459755
gibbon,1.9084850188786497
gibbon,2.2695129442179165
gibbon,2.315970345456918
gibbon,2.110589710299249
gibbon,2.369215857410143
gibbon,1.9395192526186185
gibbon,2.0086001717619175
gibbon,1.9242792860618816
gibbon,1.954242509439325
gibbon,1.8573324964312685
gibbon,2.0681858617461617
gibbon,1.8920946026904804
gibbon,2.03342375548695
gibbon,2.100370545117563
gibbon,1.9822712330395684
gibbon,1.968482948553935
gibbon,1.9395192526186185
gibbon,1.8920946026904804
gibbon,1.9084850188786497
gibbon,2.0569048513364727
gibbon,1.968482948553935
gibbon,2.0569048513364727
gibbon,2.0086001717619175
gibbon,1.9822712330395684
gibbon,2.0086001717619175
gibbon,2.1583624920952498
gibbon,2.296665190261531
gibbon,2.110589710299249
gibbon,1.99563519459755
gibbon,2.225309281725863
gibbon,1.9822712330395684
gibbon,1.9395192526186185
gibbon,2.0211892990699383
gibbon,1.9084850188786497
gibbon,1.9242792860618816
gibbon,1.8388490907372552
gibbon,2.247973266361807
gibbon,2.0211892990699383
gibbon,2.41161970596323
gibbon,1.5185139398778875
gibbon,1.968482948553935
gibbon,2.0211892990699383
gibbon,1.954242509439325
gibbon,1.968482948553935
gibbon,1.968482948553935
gibbon,1.968482948553935
gibbon,2.0211892990699383
gibbon,2.0211892990699383
gibbon,2.0211892990699383
gibbon,2.0211892990699383
gibbon,2.0211892990699383
gibbon,1.968482948553935
gibbon,1.968482948553935
gibbon,2.0453229787866576
gibbon,2.0211892990699383
gibbon,2.0453229787866576
gibbon,2.0211892990699383
gibbon,2.089905111439398
gibbon,1.9395192526186185
gibbon,2.089905111439398
gibbon,1.968482948553935
gibbon,2.12057393120585
gibbon,1.99563519459755
gibbon,2.0569048513364727
gibbon,2.2095150145426308
gibbon,2.1760912590556813
gibbon,2.303196057420489
gibbon,2.12057393120585
gibbon,1.9084850188786497
gibbon,2.2329961103921536
gibbon,1.8573324964312685
gibbon,2.0569048513364727
gibbon,2.0681858617461617
gibbon,2.2013971243204513
gibbon,1.9242792860618816
gibbon,1.8920946026904804
gibbon,1.968482948553935
gibbon,1.968482948553935
gibbon,2.0681858617461617
gibbon,2.089905111439398
gibbon,2.1931245983544616
gibbon,2.1492191126553797
gibbon,2.2013971243204513
gibbon,1.9395192526186185
gibbon,2.4265112613645754
gibbon,2.167317334748176
gibbon,2.167317334748176
gibbon,1.8920946026904804
gibbon,1.9242792860618816
gibbon,1.8920946026904804
gibbon,2.303196057420489
gibbon,1.9242792860618816
gibbon,2.803457115648414
gibbon,1.9395192526186185
gibbon,1.968482948553935
gibbon,2.3283796034387376
gibbon,1.9084850188786497
gibbon,1.9084850188786497
gibbon,2.130333768495006
gibbon,2.0681858617461617
gibbon,2.739572344450092
gibbon,1.954242509439325
gibbon,1.9242792860618816
gibbon,2.2013971243204513
gibbon,1.99563519459755
gibbon,1.99563519459755
gibbon,1.99563519459755
gibbon,1.8750612633917
gibbon,2.247973266361807
gibbon,2.0086001717619175
gibbon,2.0791812460476247
gibbon,1.968482948553935
gibbon,1.9395192526186185
gibbon,2.0569048513364727
gibbon,2.0569048513364727
gibbon,2.0569048513364727
gibbon,1.8920946026904804
gibbon,1.9242792860618816
gibbon,2.0453229787866576
gibbon,1.8920946026904804
gibbon,1.8750612633917
gibbon,2.2405492482826
gibbon,1.8750612633917
gibbon,1.99563519459755
gibbon,1.8920946026904804
gibbon,1.8920946026904804
gibbon,1.8920946026904804
gibbon,2.3521825181113627
gibbon,1.9242792860618816
gibbon,1.8750612633917
gibbon,1.9242792860618816
gibbon,2.406540180433955
gibbon,2.225309281725863
gibbon,1.9242792860618816
gibbon,1.9242792860618816
gibbon,1.9242792860618816
gibbon,2.0211892990699383
gibbon,1.9084850188786497
gibbon,1.9242792860618816
gibbon,1.9242792860618816
gibbon,2.1931245983544616
gibbon,2.2174839442139063
gibbon,2.0086001717619175
gibbon,2.2329961103921536
gibbon,1.9395192526186185
gibbon,1.968482948553935
gibbon,2.1492191126553797
gibbon,2.2624510897304293
gibbon,2.1492191126553797
gibbon,2.2833012287035497
gibbon,1.968482948553935
gibbon,1.954242509439325
gibbon,2.0681858617461617
gibbon,2.2013971243204513
gibbon,2.0791812460476247
gibbon,1.9822712330395684
gibbon,1.954242509439325
gibbon,2.130333768495006
gibbon,1.8920946026904804
gibbon,1.968482948553935
gibbon,2.12057393120585
gibbon,2.12057393120585
gibbon,2.0791812460476247
gibbon,2.374748346010104
gibbon,2.506505032404872
gibbon,1.8750612633917
gibbon,2.184691430817599
gibbon,1.8750612633917
gibbon,1.9084850188786497
gibbon,1.99563519459755
gibbon,2.5415792439465807
gibbon,2.385606273598312
gibbon,2.03342375548695
gibbon,2.2405492482826
gibbon,1.968482948553935
gibbon,2.247973266361807
gibbon,2.247973266361807
gibbon,2.255272505103306
gibbon,2.459392487759231
gibbon,2.0086001717619175
gibbon,2.184691430817599
gibbon,1.9395192526186185
gibbon,2.03342375548695
gibbon,2.0453229787866576
gibbon,2.110589710299249
gibbon,2.0791812460476247
gibbon,2.225309281725863
gibbon,1.99563519459755
gibbon,1.7323937598229686
gibbon,2.0211892990699383
gibbon,2.100370545117563
gibbon,2.2833012287035497
gibbon,2.0791812460476247
gibbon,2.0453229787866576
gibbon,2.03342375548695
gibbon,2.0086001717619175
gibbon,2.0211892990699383
gibbon,2.130333768495006
gibbon,2.0086001717619175
gibbon,2.5185139398778875
gibbon,2.089905111439398
gibbon,2.089905111439398
gibbon,2.459392487759231
gibbon,2.380211241711606
gibbon,2.2329961103921536
gibbon,2.12057393120585
gibbon,2.0211892990699383
gibbon,1.954242509439325
gibbon,2.1398790864012365
gibbon,2.1492191126553797
gibbon,1.9395192526186185
gibbon,1.9395192526186185
gibbon,2.0086001717619175
gibbon,2.0086001717619175
gibbon,2.0086001717619175
gibbon,2.385606273598312
gibbon,2.1492191126553797
gibbon,1.8920946026904804
gibbon,2.526339277389844
gibbon,2.089905111439398
gibbon,2.416640507338281
gibbon,2.100370545117563
gibbon,2.406540180433955
gibbon,2.0086001717619175
gibbon,2.4899584794248346
gibbon,2.401400540781544
gibbon,2.401400540781544
gibbon,2.0569048513364727
gibbon,1.968482948553935
gibbon,1.99563519459755
gibbon,2.1583624920952498
gibbon,1.9084850188786497
gibbon,2.0453229787866576
gibbon,2.0569048513364727
gibbon,2.315970345456918
gibbon,1.9395192526186185
gibbon,2.2624510897304293
gibbon,2.296665190261531
gibbon,1.9822712330395684
gibbon,1.9822712330395684
gibbon,1.9395192526186185
gibbon,2.5024271199844326
gibbon,2.5224442335063197
gibbon,2.0211892990699383
gibbon,1.954242509439325
gibbon,2.2329961103921536
gibbon,1.99563519459755
gibbon,2.699837725867246
gibbon,2.290034611362518
gibbon,2.100370545117563
gibbon,1.968482948553935
gibbon,1.9822712330395684
gibbon,1.954242509439325
gibbon,1.9242792860618816
gibbon,2.0681858617461617
gibbon,1.8750612633917
gibbon,1.8750612633917
gibbon,2.1398790864012365
gibbon,2.481442628502305
gibbon,2.1398790864012365
gibbon,1.9084850188786497
gibbon,2.552668216112193
gibbon,2.45484486000851
gibbon,1.968482948553935
gibbon,1.8750612633917
gibbon,1.6812412373755872
gibbon,1.8750612633917
gibbon,2.6646419755561257
gibbon,2.673020907128896
gibbon,1.8573324964312685
gibbon,1.968482948553935
gibbon,2.0086001717619175
gibbon,1.8920946026904804
gibbon,2.45484486000851
gibbon,1.9822712330395684
gibbon,2.0211892990699383
gibbon,2.0681858617461617
gibbon,1.99563519459755
gibbon,2.6532125137753435
gibbon,1.9242792860618816
gibbon,1.8920946026904804
gibbon,2.089905111439398
gibbon,2.089905111439398
gibbon,1.99563519459755
gibbon,1.8920946026904804
gibbon,2.296665190261531
gibbon,1.8920946026904804
gibbon,2.6532125137753435
gibbon,2.2013971243204513
gibbon,2.69196510276736
gibbon,2.089905111439398
gibbon,2.2095150145426308
gibbon,1.9242792860618816
gibbon,2.4313637641589874
gibbon,2.6201360549737576
gibbon,2.4638929889859074
gibbon,2.03342375548695
gibbon,2.4313637641589874
gibbon,2.2013971243204513
gibbon,2.0086001717619175
gibbon,2.0569048513364727
gibbon,2.3404441148401185
gibbon,2.0086001717619175
gibbon,1.954242509439325
gibbon,1.954242509439325
gibbon,1.9822712330395684
gibbon,1.9084850188786497
gibbon,2.3096301674258988
gibbon,2.100370545117563
gibbon,2.2833012287035497
gibbon,1.9822712330395684
gibbon,1.9822712330395684
gibbon,1.9822712330395684
gibbon,2.4265112613645754
gibbon,1.8920946026904804
gibbon,1.8920946026904804
gibbon,2.0211892990699383
gibbon,1.9822712330395684
gibbon,2.673020907128896
gibbon,2.7075701760979363
gibbon,2.0086001717619175
gibbon,1.9242792860618816
gibbon,1.9822712330395684
gibbon,1.9395192526186185
gibbon,2.167317334748176
gibbon,1.954242509439325
gibbon,2.03342375548695
gibbon,2.167317334748176
gibbon,2.247973266361807
gibbon,1.968482948553935
gibbon,1.9822712330395684
gibbon,1.9822712330395684
gibbon,2.0086001717619175
gibbon,2.357934847000454
gibbon,2.290034611362518
gibbon,2.290034611362518
gibbon,1.9395192526186185
gibbon,1.9395192526186185
gibbon,2.0211892990699383
gibbon,2.0681858617461617
gibbon,1.8573324964312685
gibbon,2.0211892990699383
gibbon,2.0211892990699383
gibbon,1.8573324964312685
gibbon,1.99563519459755
gibbon,1.8573324964312685
gibbon,2.0086001717619175
gibbon,2.3909351071033793
gibbon,2.3909351071033793
gibbon,2.1931245983544616
gibbon,1.9242792860618816
gibbon,2.591064607026499
gibbon,2.089905111439398
gibbon,2.03342375548695
gibbon,2.3636119798921444
gibbon,1.9242792860618816
gibbon,1.9242792860618816
gibbon,2.1760912590556813
gibbon,2.3404441148401185
gibbon,2.2013971243204513
gibbon,2.1583624920952498
gibbon,2.167317334748176
gibbon,2.0211892990699383
gibbon,2.03342375548695
gibbon,2.322219294733919
gibbon,2.225309281725863
gibbon,2.3283796034387376
gibbon,2.110589710299249
gibbon,2.03342375548695
gibbon,2.0086001717619175
gibbon,2.0086001717619175
gibbon,2.41161970596323
gibbon,2.12057393120585
gibbon,2.100370545117563
gibbon,1.954242509439325
gibbon,1.9084850188786497
gibbon,2.537819095073274
gibbon,1.9084850188786497
gibbon,1.99563519459755
gibbon,2.75815462196739
gibbon,2.1931245983544616
gibbon,1.9084850188786497
gibbon,2.12057393120585
gibbon,1.9084850188786497
gibbon,2.3521825181113627
gibbon,1.9084850188786497
gibbon,2.12057393120585
gibbon,2.100370545117563
gibbon,2.303196057420489
gibbon,2.0086001717619175
gibbon,1.9395192526186185
gibbon,2.4683473304121573
gibbon,1.9395192526186185
gibbon,2.0681858617461617
gibbon,2.0681858617461617
gibbon,2.2013971243204513
gibbon,2.130333768495006
gibbon,1.8920946026904804
gibbon,2.1398790864012365
gibbon,2.089905111439398
gibbon,2.1583624920952498
gibbon,2.1583624920952498
gibbon,1.8920946026904804
gibbon,2.100370545117563
gibbon,2.3283796034387376
gibbon,2.3283796034387376
gibbon,2.3961993470957363
gibbon,2.2764618041732443
gibbon,1.8750612633917
gibbon,2.1583624920952498
gibbon,1.99563519459755
gibbon,1.8750612633917
gibbon,2.0569048513364727
gibbon,2.0791812460476247
gibbon,2.2624510897304293
gibbon,2.303196057420489
gibbon,2.03342375548695
gibbon,2.369215857410143
gibbon,2.7151673578484576
gibbon,2.1398790864012365
gibbon,2.2405492482826
gibbon,2.48572142648158
gibbon,1.954242509439325
gibbon,2.552668216112193
gibbon,1.954242509439325
gibbon,2.0453229787866576
gibbon,2.374748346010104
gibbon,2.100370545117563
gibbon,1.4771212547196624
gibbon,2.100370545117563
gibbon,1.9822712330395684
gibbon,2.3283796034387376
gibbon,2.2405492482826
gibbon,2.357934847000454
gibbon,2.5809249756756194
gibbon,2.530199698203082
gibbon,2.0791812460476247
gibbon,2.0569048513364727
gibbon,2.0086001717619175
gibbon,2.7024305364455254
gibbon,1.8750612633917
gibbon,1.8573324964312685
gibbon,2.167317334748176
gibbon,1.7323937598229686
gibbon,1.8388490907372552
gibbon,1.954242509439325
gibbon,2.3096301674258988
gibbon,2.2624510897304293
gibbon,1.99563519459755
gibbon,2.0086001717619175
gibbon,2.510545010206612
gibbon,1.9084850188786497
gibbon,1.968482948553935
gibbon,2.130333768495006
gibbon,2.1760912590556813
gibbon,2.1398790864012365
gibbon,1.954242509439325
gibbon,2.1398790864012365
gibbon,2.0681858617461617
gibbon,2.2833012287035497
gibbon,2.658964842664435
gibbon,2.1760912590556813
gibbon,2.416640507338281
gibbon,2.12057393120585
gibbon,3.0835026198302673
gibbon,2.1760912590556813
gibbon,2.0453229787866576
gibbon,2.5224442335063197
gibbon,1.99563519459755
gibbon,2.5224442335063197
gibbon,2.436162647040756
gibbon,1.9395192526186185
gibbon,2.100370545117563
gibbon,2.03342375548695
gibbon,2.247973266361807
gibbon,2.0086001717619175
gibbon,2.100370545117563
gibbon,1.99563519459755
gibbon,2.374748346010104
gibbon,2.089905111439398
gibbon,2.290034611362518
gibbon,2.1492191126553797
gibbon,1.9395192526186185
gibbon,2.089905111439398
gibbon,1.968482948553935
gibbon,1.968482948553935
gibbon,2.45484486000851
gibbon,2.4409090820652177
gibbon,2.0791812460476247
gibbon,2.12057393120585
gibbon,1.9395192526186185
gibbon,2.416640507338281
gibbon,2.110589710299249
gibbon,2.110589710299249
gibbon,1.9242792860618816
gibbon,1.9242792860618816
gibbon,2.0453229787866576
gibbon,1.968482948553935
gibbon,2.0681858617461617
gibbon,2.2833012287035497
gibbon,1.9242792860618816
gibbon,1.9242792860618816
gibbon,1.8573324964312685
gibbon,2.100370545117563
gibbon,1.954242509439325
gibbon,1.954242509439325
gibbon,2.12057393120585
gibbon,2.1931245983544616
gibbon,2.0086001717619175
gibbon,1.8920946026904804
gibbon,1.9242792860618816
gibbon,1.954242509439325
gibbon,1.9084850188786497
gibbon,1.9084850188786497
gibbon,2.357934847000454
gibbon,1.9395192526186185
gibbon,1.954242509439325
gibbon,1.954242509439325
gibbon,2.0086001717619175
gibbon,1.9242792860618816
gibbon,2.2095150145426308
gibbon,2.130333768495006
gibbon,2.100370545117563
gibbon,2.3909351071033793
gibbon,1.9242792860618816
gibbon,1.9395192526186185
gibbon,2.2764618041732443
gibbon,2.3283796034387376
gibbon,2.48572142648158
gibbon,2.48572142648158
gibbon,1.9822712330395684
gibbon,2.0791812460476247
gibbon,1.9822712330395684
gibbon,2.0791812460476247
gibbon,2.130333768495006
gibbon,2.130333768495006
gibbon,1.9395192526186185
gibbon,2.2013971243204513
gibbon,2.2624510897304293
gibbon,1.99563519459755
gibbon,2.2833012287035497
gibbon,2.369215857410143
gibbon,1.99563519459755
gibbon,1.8573324964312685
gibbon,1.8750612633917
gibbon,2.03342375548695
gibbon,1.8573324964312685
gibbon,1.9084850188786497
gibbon,1.8750612633917
gibbon,2.03342375548695
gibbon,2.110589710299249
gibbon,1.99563519459755
gibbon,2.0681858617461617
gibbon,1.9822712330395684
gibbon,2.374748346010104
gibbon,1.9822712330395684
gibbon,1.8920946026904804
gibbon,1.9395192526186185
gibbon,1.9084850188786497
gibbon,1.968482948553935
gibbon,2.3283796034387376
gibbon,2.0211892990699383
gibbon,1.9084850188786497
gibbon,2.110589710299249
gibbon,2.0453229787866576
gibbon,1.968482948553935
gibbon,1.8388490907372552
gibbon,1.8750612633917
gibbon,2.100370545117563
gibbon,1.99563519459755
gibbon,1.954242509439325
gibbon,1.954242509439325
gibbon,1.9822712330395684
gibbon,1.8920946026904804
gibbon,1.8920946026904804
gibbon,1.8573324964312685
gibbon,2.3654879848909
gibbon,1.9242792860618816
gibbon,1.8920946026904804
gibbon,1.9084850188786497
gibbon,2.775974331129369
gibbon,1.99563519459755
gibbon,1.8750612633917
gibbon,1.9242792860618816
gibbon,1.8920946026904804
gibbon,1.8750612633917
gibbon,2.574031267727719
gibbon,1.8750612633917
gibbon,2.0569048513364727
gibbon,2.0086001717619175
gibbon,1.968482948553935
gibbon,1.8750612633917
gibbon,2.3636119798921444
gibbon,1.954242509439325
gibbon,1.954242509439325
gibbon,1.954242509439325
gibbon,1.954242509439325
gibbon,2.346352974450639
gibbon,1.8573324964312685
gibbon,2.1760912590556813
gibbon,1.7323937598229686
gibbon,1.8920946026904804
gibbon,2.100370545117563
gibbon,2.089905111439398
gibbon,2.2013971243204513
gibbon,1.968482948553935
gibbon,2.089905111439398
gibbon,2.089905111439398
gibbon,2.296665190261531
gibbon,1.9084850188786497
gibbon,2.2405492482826
gibbon,2.0791812460476247
gibbon,2.450249108319361
gibbon,2.5415792439465807
gibbon,1.8750612633917
gibbon,2.450249108319361
gibbon,2.1760912590556813
gibbon,1.968482948553935
gibbon,2.0086001717619175
gibbon,1.968482948553935
gibbon,1.968482948553935
gibbon,1.99563519459755
gibbon,2.3283796034387376
gibbon,1.9242792860618816
gibbon,1.968482948553935
gibbon,2.089905111439398
gibbon,2.089905111439398
gibbon,2.385606273598312
gibbon,2.0211892990699383
gibbon,2.3283796034387376
gibbon,2.2624510897304293
gibbon,1.9395192526186185
gibbon,2.406540180433955
gibbon,1.9084850188786497
gibbon,2.1931245983544616
gibbon,2.110589710299249
gibbon,1.8388490907372552
gibbon,2.0569048513364727
gibbon,1.9395192526186185
gibbon,1.8920946026904804
gibbon,2.0211892990699383
gibbon,1.9084850188786497
gibbon,2.0681858617461617
gibbon,1.99563519459755
gibbon,2.5877109650189114
gibbon,1.8920946026904804
gibbon,2.6972293427597176
gibbon,2.1760912590556813
gibbon,1.99563519459755
gibbon,2.450249108319361
gibbon,2.1760912590556813
gibbon,1.9084850188786497
gibbon,2.0791812460476247
gibbon,2.225309281725863
gibbon,1.99563519459755
gibbon,2.0569048513364727
gibbon,1.9242792860618816
gibbon,2.2695129442179165
gibbon,1.8573324964312685
gibbon,2.1583624920952498
gibbon,2.436162647040756
gibbon,2.775974331129369
gibbon,1.954242509439325
gibbon,2.247973266361807
gibbon,2.167317334748176
gibbon,2.6444385894678386
gibbon,1.99563519459755
gibbon,2.0791812460476247
gibbon,1.9395192526186185
gibbon,1.9395192526186185
gibbon,2.2833012287035497
gibbon,1.968482948553935
gibbon,2.290034611362518
gibbon,1.968482948553935
gibbon,2.110589710299249
gibbon,1.968482948553935
gibbon,1.9084850188786497
gibbon,1.8750612633917
gibbon,1.9395192526186185
gibbon,1.968482948553935
gibbon,1.9395192526186185
gibbon,2.4265112613645754
gibbon,1.9395192526186185
gibbon,1.9822712330395684
gibbon,1.954242509439325
gibbon,2.3283796034387376
gibbon,2.0681858617461617
gibbon,2.0453229787866576
gibbon,2.5599066250361124
gibbon,2.089905111439398
gibbon,2.369215857410143
gibbon,2.673020907128896
gibbon,2.0681858617461617
gibbon,2.110589710299249
gibbon,2.2764618041732443
gibbon,2.41161970596323
gibbon,1.9084850188786497
gibbon,1.9084850188786497
gibbon,2.0681858617461617
gibbon,2.1931245983544616
gibbon,2.0211892990699383
gibbon,1.9395192526186185
gibbon,1.954242509439325
gibbon,1.954242509439325
gibbon,2.0791812460476247
gibbon,1.968482948553935
gibbon,2.0211892990699383
gibbon,1.968482948553935
gibbon,2.2013971243204513
gibbon,1.8750612633917
gibbon,2.12057393120585
gibbon,2.2013971243204513
gibbon,2.3521825181113627
gibbon,1.954242509439325
gibbon,1.968482948553935
gibbon,2.0086001717619175
gibbon,1.9242792860618816
gibbon,2.0569048513364727
gibbon,2.12057393120585
gibbon,2.0453229787866576
gibbon,2.0086001717619175
gibbon,2.0791812460476247
gibbon,1.954242509439325
gibbon,2.089905111439398
gibbon,2.2013971243204513
gibbon,2.1398790864012365
gibbon,1.9395192526186185
gibbon,2.3909351071033793
gibbon,2.2013971243204513
gibbon,1.8750612633917
gibbon,1.8750612633917
gibbon,2.167317334748176
gibbon,1.8920946026904804
gibbon,2.315970345456918
gibbon,2.0211892990699383
gibbon,1.968482948553935
gibbon,1.968482948553935
gibbon,2.167317334748176
gibbon,1.968482948553935
gibbon,2.2329961103921536
gibbon,1.9242792860618816
gibbon,2.2013971243204513
gibbon,2.3636119798921444
gibbon,1.954242509439325
gibbon,2.481442628502305
gibbon,2.1492191126553797
gibbon,2.369215857410143
gibbon,2.2174839442139063
gibbon,1.968482948553935
gibbon,2.2764618041732443
gibbon,2.12057393120585
gibbon,1.9084850188786497
gibbon,1.9822712330395684
gibbon,1.9822712330395684
gibbon,2.1931245983544616
gibbon,1.99563519459755
gibbon,2.0086001717619175
gibbon,1.968482948553935
gibbon,1.968482948553935
gibbon,2.089905111439398
gibbon,2.03342375548695
gibbon,2.0791812460476247
gibbon,2.130333768495006
gibbon,2.130333768495006
gibbon,1.9822712330395684
gibbon,1.9395192526186185
gibbon,2.4456042032735974
gibbon,2.0791812460476247
gibbon,1.9395192526186185
gibbon,2.0211892990699383
gibbon,2.1398790864012365
gibbon,1.8195439355418688
gibbon,2.6532125137753435
gibbon,1.9084850188786497
gibbon,2.0211892990699383
gibbon,2.0211892990699383
gibbon,1.99563519459755
gibbon,1.9242792860618816
gibbon,2.184691430817599
gibbon,1.7075701760979363
gibbon,2.48572142648158
gibbon,2.2695129442179165
gibbon,2.7489628612561616
gibbon,2.3096301674258988
gibbon,2.0086001717619175
gibbon,2.8312296938670634
gibbon,2.184691430817599
gibbon,2.935003151453655
gibbon,2.1398790864012365
gibbon,2.69196510276736
gibbon,2.0211892990699383
gibbon,2.850033257689769
gibbon,3.0523090996473234
gibbon,2.0086001717619175
gibbon,2.481442628502305
gibbon,2.986323777050765
gibbon,2.3096301674258988
gibbon,2.184691430817599
gibbon,2.247973266361807
gibbon,2.247973266361807
gibbon,2.247973266361807
gibbon,2.247973266361807
gibbon,2.247973266361807
gibbon,2.2174839442139063
gibbon,1.954242509439325
gibbon,2.0086001717619175
gibbon,1.9395192526186185
gibbon,2.110589710299249
gibbon,2.0086001717619175
gibbon,2.0453229787866576
gibbon,2.4683473304121573
gibbon,2.3283796034387376
gibbon,2.5490032620257876
gibbon,2.0086001717619175
gibbon,1.99563519459755
gibbon,1.99563519459755
gibbon,2.247973266361807
gibbon,2.5024271199844326
gibbon,1.99563519459755
gibbon,2.2329961103921536
gibbon,1.968482948553935
gibbon,2.380211241711606
gibbon,2.8055008581584002
gibbon,2.380211241711606
gibbon,2.2174839442139063
gibbon,2.247973266361807
gibbon,2.247973266361807
gibbon,1.9822712330395684
gibbon,2.0211892990699383
gibbon,2.0211892990699383
gibbon,2.089905111439398
gibbon,2.0569048513364727
gibbon,1.8920946026904804
gibbon,2.100370545117563
gibbon,2.110589710299249
gibbon,2.110589710299249
gibbon,2.0453229787866576
gibbon,1.9822712330395684
gibbon,2.357934847000454
gibbon,2.247973266361807
gibbon,2.225309281725863
gibbon,2.12057393120585
gibbon,2.12057393120585
gibbon,2.100370545117563
gibbon,2.406540180433955
gibbon,2.762678563727436
gibbon,2.167317334748176
gibbon,2.110589710299249
gibbon,2.0681858617461617
gibbon,1.9395192526186185
gibbon,2.0569048513364727
gibbon,2.089905111439398
gibbon,1.8920946026904804
gibbon,1.99563519459755
gibbon,2.100370545117563
gibbon,2.3909351071033793
gibbon,1.8573324964312685
gibbon,2.1583624920952498
gibbon,1.5563025007672873
gibbon,2.0086001717619175
gibbon,2.0211892990699383
gibbon,1.9822712330395684
gibbon,2.0453229787866576
gibbon,2.0086001717619175
gibbon,1.8920946026904804
gibbon,2.0681858617461617
gibbon,1.9084850188786497
gibbon,2.12057393120585
gibbon,2.12057393120585
gibbon,1.954242509439325
gibbon,2.0211892990699383
gibbon,1.9084850188786497
gibbon,2.510545010206612
gibbon,2.03342375548695
gibbon,2.2624510897304293
gibbon,2.0569048513364727
gibbon,1.9822712330395684
gibbon,1.9822712330395684
gibbon,2.510545010206612
gibbon,2.0453229787866576
gibbon,1.9822712330395684
gibbon,1.9822712330395684
gibbon,2.2764618041732443
gibbon,2.2764618041732443
gibbon,1.8920946026904804
gibbon,2.0569048513364727
gibbon,1.8920946026904804
gibbon,2.089905111439398
gibbon,2.03342375548695
gibbon,1.9084850188786497
gibbon,2.12057393120585
gibbon,1.9084850188786497
gibbon,2.4638929889859074
gibbon,1.8920946026904804
gibbon,2.0211892990699383
gibbon,2.0211892990699383
gibbon,2.0211892990699383
gibbon,2.2764618041732443
gibbon,2.2764618041732443
gibbon,2.184691430817599
gibbon,2.2174839442139063
gibbon,2.247973266361807
gibbon,2.1931245983544616
gibbon,1.968482948553935
gibbon,1.9822712330395684
gibbon,1.99563519459755
gibbon,2.0211892990699383
gibbon,2.0211892990699383
gibbon,2.0211892990699383
gibbon,2.3636119798921444
gibbon,2.322219294733919
gibbon,1.954242509439325
gibbon,1.99563519459755
gibbon,2.03342375548695
gibbon,1.99563519459755
gibbon,1.9242792860618816
gibbon,1.8750612633917
gibbon,1.99563519459755
gibbon,2.0086001717619175
gibbon,1.8750612633917
gibbon,1.8750612633917
gibbon,1.8750612633917
gibbon,2.184691430817599
gibbon,2.100370545117563
gibbon,2.12057393120585
gibbon,2.255272505103306
gibbon,1.8920946026904804
gibbon,2.100370545117563
gibbon,1.9242792860618816
gibbon,1.9242792860618816
gibbon,1.7993405494535817
gibbon,1.9822712330395684
gibbon,2.100370545117563
gibbon,2.0211892990699383
gibbon,2.296665190261531
gibbon,1.9084850188786497
gibbon,1.968482948553935
gibbon,1.8750612633917
gibbon,1.9395192526186185
gibbon,1.8750612633917
gibbon,1.968482948553935
gibbon,1.9395192526186185
gibbon,1.9395192526186185
gibbon,1.9822712330395684
gibbon,2.0086001717619175
gibbon,1.9084850188786497
gibbon,1.9084850188786497
gibbon,2.3521825181113627
gibbon,1.99563519459755
gibbon,1.954242509439325
gibbon,2.089905111439398
gibbon,2.247973266361807
gibbon,2.0453229787866576
gibbon,2.100370545117563
gibbon,2.0681858617461617
gibbon,1.9242792860618816
gibbon,2.1760912590556813
gibbon,2.1760912590556813
gibbon,1.8920946026904804
gibbon,1.8920946026904804
gibbon,1.968482948553935
gibbon,2.0453229787866576
gibbon,2.0211892990699383
gibbon,1.954242509439325
gibbon,2.296665190261531
gibbon,1.99563519459755
gibbon,1.968482948553935
gibbon,1.8920946026904804
gibbon,1.9242792860618816
gibbon,1.9242792860618816
gibbon,2.0086001717619175
gibbon,1.9242792860618816
gibbon,1.6812412373755872
gibbon,1.9242792860618816
gibbon,2.110589710299249
gibbon,2.3096301674258988
gibbon,1.954242509439325
gibbon,1.954242509439325
gibbon,2.0211892990699383
gibbon,2.110589710299249
gibbon,2.290034611362518
gibbon,2.303196057420489
gibbon,2.5490032620257876
gibbon,2.0453229787866576
gibbon,2.41161970596323
gibbon,1.99563519459755
gibbon,2.0569048513364727
gibbon,1.9242792860618816
gibbon,1.9242792860618816
gibbon,2.1760912590556813
gibbon,3.8705209500127644
gibbon,2.436162647040756
gibbon,2.450249108319361
gibbon,2.0086001717619175
gibbon,2.385606273598312
gibbon,1.954242509439325
gibbon,2.12057393120585
gibbon,2.0791812460476247
gibbon,1.968482948553935
gibbon,2.296665190261531
gibbon,2.416640507338281
gibbon,2.0453229787866576
gibbon,2.110589710299249
gibbon,1.5185139398778875
gibbon,1.9242792860618816
gibbon,2.821513528404773
gibbon,1.9395192526186185
gibbon,2.7535830588929064
gibbon,2.0681858617461617
gibbon,2.4899584794248346
gibbon,2.1760912590556813
gibbon,1.9084850188786497
gibbon,1.8920946026904804
gibbon,1.9084850188786497
gibbon,2.0086001717619175
gibbon,2.130333768495006
gibbon,1.9242792860618816
gibbon,1.9242792860618816
gibbon,2.4409090820652177
gibbon,2.110589710299249
gibbon,2.1931245983544616
gibbon,1.968482948553935
gibbon,2.0791812460476247
gibbon,1.9242792860618816
gibbon,2.3096301674258988
gibbon,1.9822712330395684
gibbon,2.0681858617461617
gibbon,2.2013971243204513
gibbon,2.56702636615906
gibbon,2.247973266361807
gibbon,2.225309281725863
gibbon,2.315970345456918
gibbon,1.8750612633917
gibbon,1.8920946026904804
gibbon,2.2174839442139063
gibbon,2.089905111439398
gibbon,2.089905111439398
gibbon,1.99563519459755
gibbon,2.0791812460476247
gibbon,1.9084850188786497
gibbon,2.2095150145426308
gibbon,1.954242509439325
gibbon,1.954242509439325
gibbon,2.3404441148401185
gibbon,1.9822712330395684
gibbon,2.1760912590556813
gibbon,2.3961993470957363
gibbon,1.8573324964312685
gibbon,1.9822712330395684
gibbon,1.9822712330395684
gibbon,1.954242509439325
gibbon,1.954242509439325
gibbon,2.1760912590556813
gibbon,1.9242792860618816
gibbon,1.968482948553935
gibbon,1.9822712330395684
gibbon,2.110589710299249
gibbon,2.110589710299249
gibbon,1.8920946026904804
gibbon,1.8920946026904804
gibbon,2.303196057420489
gibbon,1.954242509439325
gibbon,2.1398790864012365
gibbon,1.9395192526186185
gibbon,2.03342375548695
gibbon,2.1583624920952498
gibbon,2.346352974450639
gibbon,2.4409090820652177
gibbon,2.03342375548695
gibbon,2.0681858617461617
gibbon,2.0681858617461617
gibbon,2.2095150145426308
gibbon,2.3404441148401185
gibbon,1.9084850188786497
gibbon,1.9084850188786497
gibbon,2.346352974450639
gibbon,2.346352974450639
gibbon,1.968482948553935
gibbon,2.03342375548695
gibbon,2.167317334748176
gibbon,2.167317334748176
gibbon,2.167317334748176
gibbon,1.9242792860618816
gibbon,2.3909351071033793
gibbon,1.591064607026499
gibbon,1.8920946026904804
gibbon,1.8573324964312685
gibbon,2.2695129442179165
gibbon,1.9084850188786497
gibbon,2.303196057420489
gibbon,2.3283796034387376
gibbon,2.1760912590556813
gibbon,2.8055008581584002
gibbon,2.1931245983544616
gibbon,2.03342375548695
gibbon,2.5774917998372255
gibbon,2.1760912590556813
gibbon,1.9822712330395684
gibbon,2.0569048513364727
gibbon,1.9084850188786497
gibbon,1.9822712330395684
gibbon,2.1398790864012365
gibbon,1.9395192526186185
gibbon,2.506505032404872
gibbon,1.8750612633917
gibbon,2.130333768495006
gibbon,2.290034611362518
gibbon,1.9822712330395684
gibbon,2.0211892990699383
gibbon,1.9822712330395684
gibbon,2.0211892990699383
gibbon,2.3521825181113627
gibbon,2.1931245983544616
gibbon,2.1931245983544616
gibbon,1.8750612633917
gibbon,2.110589710299249
gibbon,2.1492191126553797
gibbon,1.8750612633917
gibbon,1.8750612633917
gibbon,2.385606273598312
gibbon,1.954242509439325
gibbon,1.8920946026904804
gibbon,2.3909351071033793
gibbon,2.2624510897304293
gibbon,2.369215857410143
gibbon,1.99563519459755
gibbon,2.5943925503754266
gibbon,1.99563519459755
gibbon,2.2174839442139063
gibbon,1.954242509439325
gibbon,2.2174839442139063
gibbon,1.8920946026904804
gibbon,1.8920946026904804
gibbon,1.9395192526186185
gibbon,2.1492191126553797
gibbon,1.9242792860618816
gibbon,2.03342375548695
gibbon,2.0681858617461617
gibbon,2.0681858617461617
gibbon,2.0791812460476247
gibbon,2.184691430817599
gibbon,2.851869600729766
gibbon,1.9395192526186185
gibbon,1.9395192526186185
gibbon,2.1583624920952498
gibbon,2.2013971243204513
gibbon,2.089905111439398
gibbon,1.954242509439325
gibbon,1.8920946026904804
gibbon,1.9822712330395684
gibbon,1.968482948553935
gibbon,2.385606273598312
gibbon,2.5024271199844326
gibbon,2.0569048513364727
gibbon,2.1492191126553797
gibbon,2.089905111439398
gibbon,2.2624510897304293
gibbon,2.0681858617461617
gibbon,2.0086001717619175
gibbon,1.8920946026904804
gibbon,1.8920946026904804
gibbon,2.416640507338281
gibbon,1.9084850188786497
gibbon,1.9242792860618816
gibbon,1.954242509439325
gibbon,2.406540180433955
gibbon,1.968482948553935
gibbon,2.859138297294531
gibbon,2.1583624920952498
gibbon,1.8920946026904804
gibbon,2.296665190261531
gibbon,1.8920946026904804
gibbon,2.2624510897304293
gibbon,1.9822712330395684
gibbon,1.9822712330395684
gibbon,1.8750612633917
gibbon,1.9242792860618816
gibbon,1.954242509439325
gibbon,1.954242509439325
gibbon,1.8388490907372552
gibbon,2.12057393120585
gibbon,1.954242509439325
gibbon,2.6646419755561257
gibbon,2.2013971243204513
gibbon,1.9084850188786497
gibbon,1.9084850188786497
gibbon,1.9395192526186185
gibbon,1.99563519459755
gibbon,1.9822712330395684
gibbon,1.9822712330395684
gibbon,1.9395192526186185
gibbon,2.0453229787866576
gibbon,2.2833012287035497
gibbon,2.450249108319361
gibbon,1.954242509439325
gibbon,2.416640507338281
gibbon,2.591064607026499
gibbon,1.9084850188786497
gibbon,1.9395192526186185
gibbon,1.9395192526186185
gibbon,1.9084850188786497
gibbon,1.9084850188786497
gibbon,1.954242509439325
gibbon,2.1492191126553797
gibbon,1.8920946026904804
gibbon,1.9242792860618816
gibbon,2.357934847000454
gibbon,2.2013971243204513
gibbon,1.8920946026904804
gibbon,1.8920946026904804
gibbon,1.954242509439325
gibbon,1.954242509439325
gibbon,1.968482948553935
gibbon,1.9822712330395684
gibbon,1.9395192526186185
gibbon,2.0086001717619175
gibbon,1.968482948553935
gibbon,1.99563519459755
gibbon,2.110589710299249
gibbon,2.0086001717619175
gibbon,1.9395192526186185
gibbon,1.8573324964312685
gibbon,2.303196057420489
gibbon,1.9242792860618816
gibbon,2.0086001717619175
gibbon,1.9822712330395684
gibbon,1.8920946026904804
gibbon,1.8750612633917
gibbon,2.45484486000851
gibbon,2.45484486000851
gibbon,2.45484486000851
gibbon,1.9822712330395684
gibbon,2.4683473304121573
gibbon,2.2329961103921536
gibbon,2.4683473304121573
gibbon,2.2833012287035497
gibbon,1.9395192526186185
gibbon,1.9084850188786497
gibbon,2.374748346010104
gibbon,1.9395192526186185
gibbon,2.100370545117563
gibbon,1.9395192526186185
gibbon,2.0086001717619175
gibbon,1.9822712330395684
gibbon,2.2174839442139063
gibbon,1.968482948553935
gibbon,1.968482948553935
gibbon,1.968482948553935
gibbon,1.968482948553935
gibbon,2.110589710299249
gibbon,1.9395192526186185
gibbon,1.8920946026904804
gibbon,1.8750612633917
gibbon,2.130333768495006
gibbon,1.9395192526186185
gibbon,2.089905111439398
gibbon,1.954242509439325
gibbon,2.03342375548695
gibbon,1.9084850188786497
gibbon,1.9084850188786497
gibbon,1.968482948553935
gibbon,2.0211892990699383
gibbon,1.9242792860618816
gibbon,1.9242792860618816
gibbon,1.9242792860618816
gibbon,2.12057393120585
gibbon,1.9395192526186185
gibbon,1.954242509439325
gibbon,2.167317334748176
gibbon,2.4983105537896004
gibbon,1.8920946026904804
gibbon,1.9242792860618816
gibbon,1.9084850188786497
gibbon,2.0569048513364727
gibbon,1.8920946026904804
gibbon,1.8920946026904804
gibbon,1.9242792860618816
gibbon,2.385606273598312
gibbon,1.9084850188786497
gibbon,2.247973266361807
gibbon,1.8920946026904804
gibbon,1.8920946026904804
gibbon,2.1760912590556813
gibbon,2.12057393120585
gibbon,2.0453229787866576
gibbon,1.99563519459755
gibbon,2.184691430817599
gibbon,2.184691430817599
gibbon,1.954242509439325
gibbon,1.8750612633917
gibbon,1.9822712330395684
gibbon,1.8750612633917
gibbon,2.2174839442139063
gibbon,1.8750612633917
gibbon,1.8920946026904804
gibbon,2.552668216112193
gibbon,1.8920946026904804
gibbon,1.9084850188786497
gibbon,1.9395192526186185
gibbon,1.9395192526186185
gibbon,2.0453229787866576
gibbon,2.0086001717619175
gibbon,2.12057393120585
gibbon,2.4683473304121573
gibbon,2.5809249756756194
gibbon,1.9242792860618816
gibbon,1.968482948553935
gibbon,1.9084850188786497
gibbon,1.9395192526186185
gibbon,2.1583624920952498
gibbon,1.954242509439325
gibbon,2.0569048513364727
gibbon,2.0211892990699383
gibbon,2.100370545117563
gibbon,2.2329961103921536
gibbon,2.03342375548695
gibbon,1.8920946026904804
gibbon,1.9822712330395684
gibbon,2.2624510897304293
gibbon,1.9395192526186185
gibbon,2.0791812460476247
gibbon,2.0791812460476247
gibbon,1.954242509439325
gibbon,2.12057393120585
gibbon,1.954242509439325
gibbon,2.374748346010104
gibbon,2.374748346010104
gibbon,2.0211892990699383
gibbon,2.0453229787866576
gibbon,2.0086001717619175
gibbon,1.9242792860618816
gibbon,1.954242509439325
gibbon,1.9084850188786497
gibbon,2.0211892990699383
gibbon,2.510545010206612
gibbon,1.9242792860618816
gibbon,1.9084850188786497
gibbon,1.8920946026904804
gibbon,1.9822712330395684
gibbon,1.8920946026904804
gibbon,2.3961993470957363
gibbon,1.9395192526186185
gibbon,1.99563519459755
gibbon,2.406540180433955
gibbon,2.4727564493172123
gibbon,2.3344537511509307
gibbon,1.9395192526186185
gibbon,1.9395192526186185
gibbon,2.2405492482826
gibbon,2.401400540781544
gibbon,2.2405492482826
gibbon,2.1398790864012365
gibbon,2.2013971243204513
gibbon,1.9084850188786497
gibbon,2.3961993470957363
gibbon,1.9822712330395684
gibbon,1.9822712330395684
gibbon,1.9822712330395684
gibbon,1.968482948553935
gibbon,1.8750612633917
gibbon,1.9242792860618816
gibbon,2.3344537511509307
gibbon,2.3344537511509307
gibbon,2.3404441148401185
gibbon,1.8573324964312685
gibbon,1.8750612633917
gibbon,1.954242509439325
gibbon,1.9395192526186185
gibbon,2.0791812460476247
gibbon,1.9395192526186185
gibbon,1.99563519459755
gibbon,2.0791812460476247
gibbon,2.5563025007672873
gibbon,2.1760912590556813
gibbon,2.346352974450639
gibbon,1.9395192526186185
gibbon,1.9242792860618816
gibbon,1.8750612633917
gibbon,1.954242509439325
gibbon,2.167317334748176
gibbon,2.2405492482826
gibbon,2.184691430817599
gibbon,2.184691430817599
gibbon,2.2695129442179165
gibbon,2.184691430817599
gibbon,2.110589710299249
gibbon,2.089905111439398
gibbon,2.2013971243204513
gibbon,2.2405492482826
gibbon,2.1583624920952498
gibbon,2.416640507338281
gibbon,1.9084850188786497
gibbon,1.9084850188786497
gibbon,1.9242792860618816
gibbon,1.9084850188786497
gibbon,2.2764618041732443
gibbon,2.2764618041732443
gibbon,2.2764618041732443
gibbon,2.2764618041732443
gibbon,2.2833012287035497
gibbon,2.2833012287035497
gibbon,2.322219294733919
gibbon,1.9084850188786497
gibbon,1.9395192526186185
gibbon,1.9395192526186185
gibbon,1.8388490907372552
gibbon,2.0086001717619175
gibbon,1.8920946026904804
gibbon,2.0681858617461617
gibbon,1.954242509439325
gibbon,1.8920946026904804
gibbon,1.8920946026904804
gibbon,1.9084850188786497
gibbon,1.9084850188786497
gibbon,1.8388490907372552
gibbon,1.8750612633917
gibbon,2.380211241711606
gibbon,2.100370545117563
gibbon,1.9395192526186185
gibbon,1.8388490907372552
gibbon,1.99563519459755
gibbon,1.99563519459755
gibbon,2.290034611362518
gibbon,2.290034611362518
gibbon,2.290034611362518
gibbon,2.03342375548695
gibbon,2.0211892990699383
gibbon,1.8750612633917
gibbon,2.552668216112193
gibbon,2.821513528404773
gibbon,2.100370545117563
gibbon,2.48572142648158
gibbon,2.4265112613645754
gibbon,1.4771212547196624
gibbon,2.2624510897304293
gibbon,1.9084850188786497
gibbon,2.4727564493172123
gibbon,2.0791812460476247
gibbon,2.0791812460476247
gibbon,2.3283796034387376
gibbon,2.2013971243204513
gibbon,2.2624510897304293
gibbon,1.9822712330395684
gibbon,1.954242509439325
gibbon,1.954242509439325
gibbon,1.954242509439325
gibbon,1.968482948553935
gibbon,1.954242509439325
gibbon,2.357934847000454
gibbon,2.100370545117563
gibbon,2.1398790864012365
gibbon,1.9395192526186185
gibbon,1.9084850188786497
gibbon,2.0453229787866576
gibbon,2.1760912590556813
gibbon,2.2329961103921536
gibbon,2.3283796034387376
gibbon,1.5185139398778875
gibbon,1.8920946026904804
gibbon,2.0211892990699383
gibbon,2.0211892990699383
gibbon,2.184691430817599
gibbon,2.3521825181113627
gibbon,2.290034611362518
gibbon,2.100370545117563
gibbon,2.100370545117563
gibbon,1.8920946026904804
gibbon,2.225309281725863
gibbon,2.1398790864012365
gibbon,2.225309281725863
gibbon,2.3636119798921444
gibbon,1.6232492903979006
gibbon,2.3636119798921444
gibbon,1.6232492903979006
gibbon,2.2405492482826
gibbon,2.3636119798921444
gibbon,2.2405492482826
gibbon,1.9084850188786497
gibbon,1.8573324964312685
gibbon,2.1931245983544616
gibbon,2.100370545117563
gibbon,2.0086001717619175
gibbon,2.089905111439398
gibbon,2.03342375548695
gibbon,1.99563519459755
gibbon,2.2624510897304293
gibbon,2.2329961103921536
gibbon,1.8920946026904804
gibbon,2.45484486000851
gibbon,2.2764618041732443
gibbon,1.9242792860618816
gibbon,1.954242509439325
gibbon,2.406540180433955
gibbon,1.9242792860618816
gibbon,1.99563519459755
gibbon,2.0211892990699383
gibbon,2.089905111439398
gibbon,1.9395192526186185
gibbon,2.322219294733919
gibbon,2.0569048513364727
gibbon,2.225309281725863
gibbon,1.968482948553935
gibbon,1.6232492903979006
gibbon,1.8920946026904804
gibbon,1.954242509439325
gibbon,1.9084850188786497
gibbon,1.8573324964312685
gibbon,2.4216039268698313
gibbon,2.4216039268698313
gibbon,1.9822712330395684
gibbon,1.99563519459755
gibbon,1.968482948553935
gibbon,2.1398790864012365
gibbon,1.9822712330395684
gibbon,2.4265112613645754
gibbon,1.9242792860618816
gibbon,2.5024271199844326
gibbon,1.6232492903979006
gibbon,2.247973266361807
gibbon,2.670245853074124
gibbon,2.0791812460476247
gibbon,2.3096301674258988
gibbon,2.1398790864012365
gibbon,2.5563025007672873
gibbon,1.9395192526186185
gibbon,1.954242509439325
gibbon,2.1931245983544616
gibbon,2.290034611362518
gibbon,2.5774917998372255
gibbon,2.0453229787866576
gibbon,1.9084850188786497
gibbon,2.167317334748176
gibbon,2.678518379040114
gibbon,1.8920946026904804
gibbon,2.514547752660286
gibbon,1.8920946026904804
gibbon,1.8573324964312685
gibbon,1.9395192526186185
gibbon,2.4899584794248346
gibbon,2.315970345456918
gibbon,1.9084850188786497
gibbon,2.0211892990699383
gibbon,2.683947130751512
gibbon,2.1398790864012365
gibbon,2.167317334748176
gibbon,1.9242792860618816
gibbon,2.130333768495006
gibbon,2.1931245983544616
gibbon,2.12057393120585
gibbon,2.5809249756756194
gibbon,1.968482948553935
gibbon,2.506505032404872
gibbon,1.5185139398778875
gibbon,2.225309281725863
gibbon,1.968482948553935
gibbon,2.12057393120585
gibbon,2.0086001717619175
gibbon,1.9395192526186185
gibbon,1.9395192526186185
gibbon,1.9084850188786497
gibbon,2.4727564493172123
gibbon,1.9242792860618816
gibbon,1.9395192526186185
gibbon,1.9242792860618816
gibbon,1.968482948553935
gibbon,2.110589710299249
gibbon,1.9242792860618816
gibbon,2.110589710299249
gibbon,1.968482948553935
gibbon,1.8750612633917
gibbon,2.1760912590556813
gibbon,2.0569048513364727
gibbon,1.9084850188786497
gibbon,1.9084850188786497
gibbon,2.2095150145426308
gibbon,1.954242509439325
gibbon,2.089905111439398
gibbon,2.8175653695597807
gibbon,3.1351326513767748
gibbon,2.303196057420489
gibbon,1.9395192526186185
gibbon,1.954242509439325
gibbon,1.9242792860618816
gibbon,2.2764618041732443
gibbon,2.03342375548695
gibbon,1.8750612633917
gibbon,2.184691430817599
gibbon,1.9242792860618816
gibbon,2.2013971243204513
gibbon,1.7323937598229686
gibbon,1.954242509439325
gibbon,1.7323937598229686
gibbon,1.99563519459755
gibbon,2.5705429398818973
gibbon,2.03342375548695
gibbon,2.5705429398818973
gibbon,2.0086001717619175
gibbon,2.0453229787866576
gibbon,1.9084850188786497
gibbon,1.9395192526186185
gibbon,1.8750612633917
gibbon,2.03342375548695
gibbon,2.167317334748176
gibbon,1.9395192526186185
gibbon,2.717670503002262
gibbon,2.0211892990699383
gibbon,2.0211892990699383
gibbon,2.089905111439398
gibbon,2.5024271199844326
gibbon,2.1583624920952498
gibbon,2.1492191126553797
gibbon,2.1760912590556813
gibbon,2.0211892990699383
gibbon,2.1492191126553797
gibbon,1.8920946026904804
gibbon,2.4456042032735974
gibbon,1.8920946026904804
gibbon,1.954242509439325
gibbon,1.99563519459755
gibbon,1.954242509439325
gibbon,1.968482948553935
gibbon,2.0211892990699383
gibbon,1.968482948553935
gibbon,2.184691430817599
gibbon,2.7649229846498886
gibbon,1.99563519459755
gibbon,2.1492191126553797
gibbon,2.303196057420489
gibbon,1.9822712330395684
gibbon,1.99563519459755
gibbon,1.9822712330395684
gibbon,1.99563519459755
gibbon,2.530199698203082
gibbon,2.1583624920952498
gibbon,1.8920946026904804
gibbon,2.0211892990699383
gibbon,2.4771212547196626
gibbon,2.380211241711606
gibbon,1.8920946026904804
gibbon,2.4983105537896004
gibbon,2.130333768495006
gibbon,1.9242792860618816
gibbon,2.0569048513364727
gibbon,1.9822712330395684
gibbon,1.99563519459755
gibbon,1.99563519459755
gibbon,1.9395192526186185
gibbon,1.9242792860618816
gibbon,1.8388490907372552
gibbon,1.9242792860618816
gibbon,2.4727564493172123
gibbon,2.4727564493172123
gibbon,1.9242792860618816
gibbon,2.6201360549737576
gibbon,1.968482948553935
gibbon,1.968482948553935
gibbon,2.0211892990699383
gibbon,2.0681858617461617
gibbon,1.8920946026904804
gibbon,1.968482948553935
gibbon,2.4899584794248346
gibbon,1.9822712330395684
gibbon,2.4899584794248346
gibbon,2.2695129442179165
gibbon,1.9084850188786497
gibbon,2.0453229787866576
gibbon,1.9242792860618816
gibbon,2.4638929889859074
gibbon,1.8920946026904804
gibbon,1.9822712330395684
gibbon,1.9395192526186185
gibbon,2.4265112613645754
gibbon,2.1492191126553797
gibbon,2.12057393120585
gibbon,2.1583624920952498
gibbon,2.406540180433955
gibbon,1.968482948553935
gibbon,2.0211892990699383
gibbon,2.0211892990699383
gibbon,2.369215857410143
gibbon,2.184691430817599
gibbon,1.9242792860618816
gibbon,2.416640507338281
gibbon,2.0211892990699383
gibbon,2.0086001717619175
gibbon,1.968482948553935
gibbon,2.406540180433955
gibbon,2.5490032620257876
gibbon,2.3344537511509307
gibbon,2.5774917998372255
gibbon,2.3344537511509307
gibbon,2.12057393120585
gibbon,1.954242509439325
gibbon,2.12057393120585
gibbon,2.296665190261531
gibbon,1.9822712330395684
gibbon,2.1492191126553797
gibbon,2.130333768495006
gibbon,1.4771212547196624
gibbon,2.0791812460476247
gibbon,2.184691430817599
gibbon,1.954242509439325
gibbon,2.481442628502305
gibbon,2.2695129442179165
gibbon,1.9242792860618816
gibbon,1.9242792860618816
gibbon,1.9242792860618816
gibbon,2.03342375548695
gibbon,2.0211892990699383
gibbon,2.12057393120585
gibbon,2.0453229787866576
gibbon,1.968482948553935
gibbon,2.130333768495006
gibbon,2.110589710299249
gibbon,2.130333768495006
gibbon,1.954242509439325
gibbon,1.9822712330395684
gibbon,2.0086001717619175
gibbon,2.3521825181113627
gibbon,2.459392487759231
gibbon,1.6812412373755872
gibbon,1.6812412373755872
gibbon,1.6812412373755872
gibbon,2.459392487759231
gibbon,1.9822712330395684
gibbon,1.6812412373755872
gibbon,1.6812412373755872
gibbon,2.459392487759231
gibbon,1.6812412373755872
gibbon,1.9822712330395684
gibbon,1.6812412373755872
gibbon,2.459392487759231
gibbon,1.6812412373755872
gibbon,2.1583624920952498
gibbon,1.6812412373755872
gibbon,2.459392487759231
gibbon,2.1583624920952498
gibbon,1.6812412373755872
gibbon,1.6812412373755872
gibbon,1.6812412373755872
gibbon,1.9822712330395684
gibbon,1.6812412373755872
gibbon,1.6812412373755872
gibbon,2.1583624920952498
gibbon,2.459392487759231
gibbon,1.6812412373755872
gibbon,2.1583624920952498
gibbon,1.6812412373755872
gibbon,2.2833012287035497
gibbon,2.2833012287035497
gibbon,1.6812412373755872
gibbon,2.459392487759231
gibbon,1.9822712330395684
gibbon,1.6812412373755872
gibbon,1.9822712330395684
gibbon,1.6812412373755872
gibbon,1.9822712330395684
gibbon,2.1583624920952498
gibbon,1.9822712330395684
gibbon,1.9822712330395684
gibbon,1.6812412373755872
gibbon,2.380211241711606
gibbon,2.380211241711606
gibbon,1.6812412373755872
gibbon,1.6812412373755872
gibbon,1.6812412373755872
gibbon,2.2833012287035497
gibbon,2.1583624920952498
gibbon,2.1583624920952498
gibbon,1.6812412373755872
gibbon,1.9822712330395684
gibbon,2.1583624920952498
gibbon,2.2833012287035497
gibbon,1.9822712330395684
gibbon,2.459392487759231
gibbon,2.2833012287035497
gibbon,1.6812412373755872
gibbon,2.380211241711606
gibbon,1.9822712330395684
gibbon,1.6812412373755872
gibbon,2.526339277389844
gibbon,1.6812412373755872
gibbon,2.526339277389844
gibbon,1.6812412373755872
gibbon,2.2833012287035497
gibbon,2.380211241711606
gibbon,2.380211241711606
gibbon,2.1583624920952498
gibbon,2.2833012287035497
gibbon,2.2833012287035497
gibbon,1.6812412373755872
gibbon,1.6812412373755872
gibbon,1.9822712330395684
gibbon,2.2833012287035497
gibbon,2.459392487759231
gibbon,2.2833012287035497
gibbon,2.380211241711606
gibbon,1.9822712330395684
gibbon,1.6812412373755872
gibbon,2.380211241711606
gibbon,2.526339277389844
gibbon,2.380211241711606
gibbon,1.9822712330395684
gibbon,2.1583624920952498
gibbon,2.635483746814912
gibbon,2.584331224367531
gibbon,2.459392487759231
gibbon,1.9822712330395684
gibbon,2.722633922533812
gibbon,1.9822712330395684
gibbon,1.6812412373755872
gibbon,2.2833012287035497
gibbon,2.526339277389844
gibbon,2.584331224367531
gibbon,1.6812412373755872
gibbon,2.635483746814912
gibbon,2.8273692730538253
gibbon,2.526339277389844
gibbon,2.1583624920952498
gibbon,2.760422483423212
gibbon,2.459392487759231
gibbon,2.795184589682424
gibbon,2.8573324964312685
gibbon,2.8573324964312685
gibbon,2.526339277389844
gibbon,2.584331224367531
gibbon,3.061452479087193
gibbon,1.6812412373755872
gibbon,3.0791812460476247
gibbon,3.061452479087193
gibbon,1.9822712330395684
gibbon,2.760422483423212
gibbon,2.290034611362518
gibbon,2.110589710299249
gibbon,1.9395192526186185
gibbon,1.9084850188786497
gibbon,2.4683473304121573
gibbon,2.5224442335063197
gibbon,2.45484486000851
gibbon,2.3636119798921444
gibbon,1.9242792860618816
gibbon,2.167317334748176
gibbon,2.4456042032735974
gibbon,2.0211892990699383
gibbon,1.954242509439325
gibbon,1.9242792860618816
gibbon,1.968482948553935
gibbon,1.9242792860618816
gibbon,2.0211892990699383
gibbon,2.2095150145426308
gibbon,2.0681858617461617
gibbon,2.2764618041732443
gibbon,1.9084850188786497
gibbon,1.8750612633917
gibbon,1.8920946026904804
gibbon,2.416640507338281
gibbon,2.0453229787866576
gibbon,2.0211892990699383
gibbon,1.9242792860618816
gibbon,2.2624510897304293
gibbon,2.2624510897304293
gibbon,2.100370545117563
gibbon,1.7558748556724915
gibbon,2.100370545117563
gibbon,2.12057393120585
gibbon,1.968482948553935
gibbon,2.0453229787866576
gibbon,2.0453229787866576
gibbon,1.954242509439325
gibbon,2.03342375548695
gibbon,1.9395192526186185
gibbon,2.374748346010104
gibbon,2.100370545117563
gibbon,1.8573324964312685
gibbon,1.8920946026904804
gibbon,2.3096301674258988
gibbon,2.315970345456918
gibbon,1.954242509439325
gibbon,1.9084850188786497
gibbon,1.8750612633917
gibbon,1.8920946026904804
gibbon,2.5563025007672873
gibbon,2.1583624920952498
gibbon,2.089905111439398
gibbon,2.526339277389844
gibbon,2.03342375548695
gibbon,2.0681858617461617
gibbon,2.0791812460476247
gibbon,1.9822712330395684
gibbon,2.184691430817599
gibbon,2.6232492903979003
gibbon,2.0453229787866576
gibbon,2.683947130751512
gibbon,2.734799829588847
gibbon,2.167317334748176
gibbon,2.705007959333336
gibbon,2.0211892990699383
gibbon,1.968482948553935
gibbon,2.110589710299249
gibbon,2.0453229787866576
gibbon,2.1583624920952498
gibbon,1.8750612633917
gibbon,2.0086001717619175
gibbon,2.0569048513364727
gibbon,2.12057393120585
gibbon,2.12057393120585
gibbon,1.9242792860618816
gibbon,1.9242792860618816
gibbon,1.9242792860618816
gibbon,1.968482948553935
gibbon,1.8920946026904804
gibbon,2.3521825181113627
gibbon,2.526339277389844
gibbon,1.8750612633917
gibbon,1.9242792860618816
gibbon,2.100370545117563
gibbon,1.9395192526186185
gibbon,2.130333768495006
gibbon,2.1492191126553797
gibbon,2.0086001717619175
gibbon,2.0086001717619175
gibbon,2.0681858617461617
gibbon,1.9242792860618816
gibbon,1.8920946026904804
gibbon,1.9084850188786497
gibbon,1.9084850188786497
gibbon,2.1931245983544616
gibbon,2.385606273598312
gibbon,2.12057393120585
gibbon,1.8920946026904804
gibbon,2.357934847000454
gibbon,1.9822712330395684
gibbon,2.0681858617461617
gibbon,2.2174839442139063
gibbon,1.9084850188786497
gibbon,1.9395192526186185
gibbon,1.9084850188786497
gibbon,2.100370545117563
gibbon,1.968482948553935
gibbon,1.9242792860618816
gibbon,2.0453229787866576
gibbon,1.968482948553935
gibbon,2.167317334748176
gibbon,1.968482948553935
gibbon,2.089905111439398
gibbon,1.9822712330395684
gibbon,1.9822712330395684
gibbon,2.130333768495006
gibbon,1.9822712330395684
gibbon,2.130333768495006
gibbon,2.130333768495006
gibbon,1.9822712330395684
gibbon,2.167317334748176
gibbon,1.9395192526186185
gibbon,1.9242792860618816
gibbon,2.110589710299249
gibbon,2.0211892990699383
gibbon,2.089905111439398
gibbon,2.0453229787866576
gibbon,1.9395192526186185
gibbon,2.2095150145426308
gibbon,2.2329961103921536
gibbon,2.1760912590556813
gibbon,2.41161970596323
gibbon,1.9242792860618816
gibbon,2.0791812460476247
gibbon,1.9242792860618816
gibbon,1.9242792860618816
gibbon,2.1583624920952498
gibbon,2.0211892990699383
gibbon,2.0681858617461617
gibbon,2.0211892990699383
gibbon,2.110589710299249
gibbon,2.1492191126553797
gibbon,1.968482948553935
gibbon,2.12057393120585
gibbon,2.1583624920952498
gibbon,2.225309281725863
gibbon,2.0569048513364727
gibbon,2.5415792439465807
gibbon,1.954242509439325
gibbon,2.0086001717619175
gibbon,1.968482948553935
gibbon,1.9395192526186185
gibbon,2.1398790864012365
gibbon,1.99563519459755
gibbon,2.2095150145426308
gibbon,2.0681858617461617
gibbon,2.357934847000454
gibbon,2.357934847000454
gibbon,2.416640507338281
gibbon,2.255272505103306
gibbon,1.954242509439325
gibbon,1.954242509439325
gibbon,2.1931245983544616
gibbon,2.1583624920952498
gibbon,2.4313637641589874
gibbon,2.12057393120585
gibbon,2.2624510897304293
gibbon,2.0453229787866576
gibbon,2.2329961103921536
gibbon,2.2624510897304293
gibbon,1.99563519459755
gibbon,2.167317334748176
gibbon,1.9084850188786497
gibbon,2.03342375548695
gibbon,1.9822712330395684
gibbon,2.41161970596323
gibbon,2.41161970596323
gibbon,1.99563519459755
gibbon,1.6232492903979006
gibbon,2.3521825181113627
gibbon,1.591064607026499
gibbon,2.61066016308988
gibbon,2.2174839442139063
gibbon,2.3283796034387376
gibbon,1.9395192526186185
gibbon,1.9084850188786497
gibbon,1.9242792860618816
gibbon,1.9395192526186185
gibbon,2.3283796034387376
gibbon,2.2174839442139063
gibbon,2.2174839442139063
gibbon,1.9822712330395684
gibbon,1.9084850188786497
gibbon,1.9084850188786497
gibbon,1.954242509439325
gibbon,1.9084850188786497
gibbon,1.9084850188786497
gibbon,2.0791812460476247
gibbon,2.089905111439398
gibbon,1.968482948553935
gibbon,1.9822712330395684
gibbon,1.954242509439325
gibbon,2.12057393120585
gibbon,1.954242509439325
gibbon,1.9395192526186185
gibbon,2.110589710299249
gibbon,1.8920946026904804
gibbon,1.8750612633917
gibbon,2.2095150145426308
gibbon,2.2095150145426308
gibbon,1.9242792860618816
gibbon,2.0681858617461617
gibbon,2.2095150145426308
gibbon,2.0791812460476247
gibbon,2.2095150145426308
gibbon,2.2095150145426308
gibbon,2.089905111439398
gibbon,2.089905111439398
gibbon,1.9084850188786497
gibbon,1.9822712330395684
gibbon,1.954242509439325
gibbon,1.9242792860618816
gibbon,2.2624510897304293
gibbon,2.03342375548695
gibbon,1.99563519459755
gibbon,1.8573324964312685
gibbon,1.9822712330395684
gibbon,1.8573324964312685
gibbon,2.1398790864012365
gibbon,2.1492191126553797
gibbon,1.8750612633917
gibbon,1.8920946026904804
gibbon,2.110589710299249
gibbon,1.9395192526186185
gibbon,2.0681858617461617
gibbon,1.9395192526186185
gibbon,2.110589710299249
gibbon,2.0086001717619175
gibbon,2.0086001717619175
gibbon,2.1398790864012365
gibbon,1.9395192526186185
gibbon,2.775974331129369
gibbon,2.775974331129369
gibbon,1.9242792860618816
gibbon,1.5563025007672873
gibbon,2.0453229787866576
gibbon,2.0791812460476247
gibbon,2.3096301674258988
gibbon,2.1398790864012365
gibbon,2.3096301674258988
gibbon,2.41161970596323
gibbon,2.03342375548695
gibbon,2.0681858617461617
gibbon,1.9084850188786497
gibbon,1.9084850188786497
gibbon,1.9084850188786497
gibbon,1.5563025007672873
gibbon,1.968482948553935
gibbon,2.247973266361807
gibbon,2.225309281725863
gibbon,2.225309281725863
gibbon,2.2329961103921536
gibbon,2.2624510897304293
gibbon,2.12057393120585
gibbon,2.0569048513364727
gibbon,2.416640507338281
gibbon,2.416640507338281
gibbon,1.8573324964312685
gibbon,2.0211892990699383
gibbon,2.0211892990699383
gibbon,2.03342375548695
gibbon,1.9822712330395684
gibbon,2.0453229787866576
gibbon,1.9395192526186185
gibbon,2.0569048513364727
gibbon,1.9395192526186185
gibbon,1.9242792860618816
gibbon,2.369215857410143
gibbon,2.385606273598312
gibbon,2.0569048513364727
gibbon,2.3096301674258988
gibbon,2.2624510897304293
gibbon,1.954242509439325
gibbon,1.954242509439325
gibbon,1.8573324964312685
gibbon,2.2695129442179165
gibbon,2.4265112613645754
gibbon,2.699837725867246
gibbon,1.99563519459755
gibbon,1.9242792860618816
gibbon,2.6263403673750423
gibbon,2.6263403673750423
gibbon,2.4638929889859074
gibbon,1.9084850188786497
gibbon,1.8920946026904804
gibbon,2.0086001717619175
gibbon,1.8920946026904804
gibbon,1.9822712330395684
gibbon,1.9242792860618816
gibbon,1.9242792860618816
gibbon,2.2405492482826
gibbon,1.9395192526186185
gibbon,1.9395192526186185
gibbon,2.2095150145426308
gibbon,1.9395192526186185
gibbon,2.110589710299249
gibbon,1.9395192526186185
gibbon,1.99563519459755
gibbon,2.406540180433955
gibbon,2.290034611362518
gibbon,2.1760912590556813
gibbon,2.0086001717619175
gibbon,1.9822712330395684
gibbon,1.8750612633917
gibbon,2.4216039268698313
gibbon,2.03342375548695
gibbon,2.130333768495006
gibbon,2.110589710299249
gibbon,2.12057393120585
gibbon,1.9242792860618816
gibbon,1.9395192526186185
gibbon,1.9395192526186185
gibbon,1.9822712330395684
gibbon,2.089905111439398
gibbon,1.968482948553935
gibbon,1.9242792860618816
gibbon,1.8750612633917
gibbon,1.9242792860618816
gibbon,1.9395192526186185
gibbon,1.9822712330395684
gibbon,1.968482948553935
gibbon,2.0086001717619175
gibbon,2.1398790864012365
gibbon,2.2624510897304293
gibbon,2.0681858617461617
gibbon,2.0681858617461617
gibbon,1.9395192526186185
gibbon,1.954242509439325
gibbon,1.9242792860618816
gibbon,2.0086001717619175
gibbon,1.9242792860618816
gibbon,2.303196057420489
gibbon,1.968482948553935
gibbon,1.954242509439325
gibbon,2.0086001717619175
gibbon,2.100370545117563
gibbon,1.954242509439325
gibbon,1.954242509439325
gibbon,1.968482948553935
gibbon,1.9242792860618816
gibbon,2.0086001717619175
gibbon,2.2764618041732443
gibbon,2.6646419755561257
gibbon,2.1492191126553797
gibbon,1.8920946026904804
gibbon,2.2095150145426308
gibbon,2.2095150145426308
gibbon,2.2095150145426308
gibbon,2.0086001717619175
gibbon,2.089905111439398
gibbon,2.2095150145426308
gibbon,2.0086001717619175
gibbon,2.2095150145426308
gibbon,2.0086001717619175
gibbon,2.089905111439398
gibbon,2.2095150145426308
gibbon,2.0086001717619175
gibbon,2.089905111439398
gibbon,2.2095150145426308
gibbon,2.0086001717619175
gibbon,2.089905111439398
gibbon,2.2095150145426308
gibbon,2.2095150145426308
gibbon,2.2095150145426308
gibbon,1.8920946026904804
gibbon,1.968482948553935
gibbon,2.2095150145426308
gibbon,2.2095150145426308
gibbon,2.0086001717619175
gibbon,1.8750612633917
gibbon,1.954242509439325
gibbon,1.8920946026904804
gibbon,1.99563519459755
gibbon,1.9822712330395684
gibbon,2.089905111439398
gibbon,2.0791812460476247
gibbon,2.2624510897304293
gibbon,1.9084850188786497
gibbon,1.9084850188786497
gibbon,2.41161970596323
gibbon,2.5877109650189114
gibbon,1.9395192526186185
gibbon,1.9822712330395684
gibbon,1.968482948553935
gibbon,2.0086001717619175
gibbon,1.99563519459755
gibbon,2.1760912590556813
gibbon,1.954242509439325
gibbon,1.968482948553935
gibbon,1.99563519459755
gibbon,1.954242509439325
gibbon,2.167317334748176
gibbon,1.9242792860618816
gibbon,2.635483746814912
gibbon,2.3909351071033793
gibbon,1.954242509439325
gibbon,1.8573324964312685
gibbon,2.4913616938342726
gibbon,2.4913616938342726
gibbon,2.0211892990699383
gibbon,2.296665190261531
gibbon,2.110589710299249
gibbon,1.8920946026904804
gibbon,2.2833012287035497
gibbon,1.9395192526186185
gibbon,1.9395192526186185
gibbon,1.8750612633917
gibbon,2.0211892990699383
gibbon,2.0791812460476247
gibbon,2.1931245983544616
gibbon,2.1760912590556813
gibbon,2.2174839442139063
gibbon,2.110589710299249
gibbon,2.110589710299249
gibbon,2.110589710299249
gibbon,1.99563519459755
gibbon,2.184691430817599
gibbon,1.9822712330395684
gibbon,1.9242792860618816
gibbon,1.968482948553935
gibbon,1.968482948553935
gibbon,1.968482948553935
gibbon,1.9395192526186185
gibbon,2.0681858617461617
gibbon,2.1398790864012365
gibbon,2.0086001717619175
gibbon,2.1492191126553797
gibbon,2.089905111439398
gibbon,2.2833012287035497
gibbon,2.322219294733919
gibbon,2.2833012287035497
gibbon,2.0681858617461617
gibbon,2.089905111439398
gibbon,1.9242792860618816
gibbon,1.9395192526186185
gibbon,1.9822712330395684
gibbon,1.7075701760979363
gibbon,2.100370545117563
gibbon,1.9084850188786497
gibbon,2.2764618041732443
gibbon,2.0791812460476247
gibbon,1.9242792860618816
gibbon,2.591064607026499
gibbon,2.406540180433955
gibbon,2.3636119798921444
gibbon,1.8750612633917
gibbon,2.526339277389844
gibbon,1.9822712330395684
gibbon,2.2833012287035497
gibbon,2.296665190261531
gibbon,2.3404441148401185
gibbon,1.968482948553935
gibbon,1.9084850188786497
gibbon,1.954242509439325
gibbon,1.954242509439325
gibbon,2.0086001717619175
gibbon,2.61066016308988
gibbon,2.439332693830263
gibbon,1.9084850188786497
gibbon,1.9242792860618816
gibbon,1.8388490907372552
gibbon,1.8388490907372552
gibbon,2.110589710299249
gibbon,2.110589710299249
gibbon,2.110589710299249
gibbon,1.8750612633917
gibbon,1.8750612633917
gibbon,2.255272505103306
gibbon,2.436162647040756
gibbon,1.9084850188786497
gibbon,2.401400540781544
gibbon,1.9242792860618816
gibbon,1.9084850188786497
gibbon,1.9822712330395684
gibbon,2.130333768495006
gibbon,1.9242792860618816
gibbon,1.9084850188786497
gibbon,1.968482948553935
gibbon,1.9242792860618816
gibbon,1.9242792860618816
gibbon,2.0791812460476247
gibbon,2.1492191126553797
gibbon,2.1492191126553797
gibbon,1.9395192526186185
gibbon,1.9395192526186185
gibbon,1.99563519459755
gibbon,2.184691430817599
gibbon,2.130333768495006
gibbon,2.255272505103306
gibbon,1.954242509439325
gibbon,2.130333768495006
gibbon,2.534026106056135
gibbon,2.0453229787866576
gibbon,2.167317334748176
gibbon,1.9395192526186185
gibbon,2.184691430817599
gibbon,1.8195439355418688
gibbon,2.184691430817599
gibbon,2.385606273598312
gibbon,1.954242509439325
gibbon,1.9242792860618816
gibbon,2.1931245983544616
gibbon,2.03342375548695
gibbon,2.1583624920952498
gibbon,2.3283796034387376
gibbon,2.1583624920952498
gibbon,1.8750612633917
gibbon,2.167317334748176
gibbon,2.385606273598312
gibbon,2.416640507338281
gibbon,1.9822712330395684
gibbon,2.290034611362518
gibbon,2.346352974450639
gibbon,2.3909351071033793
gibbon,1.99563519459755
gibbon,1.968482948553935
gibbon,2.03342375548695
gibbon,2.1492191126553797
gibbon,1.968482948553935
gibbon,2.41161970596323
gibbon,2.167317334748176
gibbon,2.03342375548695
gibbon,1.9084850188786497
gibbon,2.3521825181113627
gibbon,2.12057393120585
gibbon,1.9084850188786497
gibbon,2.494154594018443
gibbon,2.494154594018443
gibbon,1.99563519459755
gibbon,2.0569048513364727
gibbon,2.0791812460476247
gibbon,2.0086001717619175
gibbon,1.968482948553935
gibbon,1.968482948553935
gibbon,1.9395192526186185
gibbon,2.0569048513364727
gibbon,2.0569048513364727
gibbon,1.968482948553935
gibbon,1.9242792860618816
gibbon,2.0569048513364727
gibbon,2.0211892990699383
gibbon,2.12057393120585
gibbon,1.9084850188786497
gibbon,2.100370545117563
gibbon,2.2405492482826
gibbon,1.99563519459755
gibbon,1.9242792860618816
gibbon,2.12057393120585
gibbon,2.12057393120585
gibbon,2.0453229787866576
gibbon,2.0086001717619175
gibbon,1.9822712330395684
gibbon,2.2329961103921536
gibbon,2.3344537511509307
gibbon,1.8920946026904804
gibbon,2.2695129442179165
gibbon,2.2013971243204513
gibbon,2.6473829701146196
gibbon,2.635483746814912
gibbon,2.9929950984313414
gibbon,3.0310042813635367
gibbon,2.089905111439398
gibbon,2.100370545117563
gibbon,2.2095150145426308
gibbon,2.03342375548695
gibbon,1.968482948553935
gibbon,1.968482948553935
gibbon,2.225309281725863
gibbon,2.0453229787866576
gibbon,2.1931245983544616
gibbon,2.0569048513364727
gibbon,1.9242792860618816
gibbon,1.968482948553935
gibbon,1.5563025007672873
gibbon,2.5415792439465807
gibbon,1.954242509439325
gibbon,1.8388490907372552
gibbon,2.2174839442139063
gibbon,2.03342375548695
gibbon,1.9084850188786497
gibbon,1.968482948553935
gibbon,1.8920946026904804
gibbon,2.0681858617461617
gibbon,1.9822712330395684
gibbon,2.0211892990699383
gibbon,2.0211892990699383
gibbon,1.8573324964312685
gibbon,2.374748346010104
gibbon,2.0211892990699383
gibbon,2.385606273598312
gibbon,2.0211892990699383
gibbon,2.782472624166286
gibbon,2.110589710299249
gibbon,2.2095150145426308
gibbon,2.0569048513364727
gibbon,1.8920946026904804
gibbon,2.0791812460476247
gibbon,1.9395192526186185
gibbon,1.99563519459755
gibbon,2.322219294733919
gibbon,2.03342375548695
gibbon,2.03342375548695
gibbon,2.4983105537896004
gibbon,2.0211892990699383
gibbon,2.03342375548695
gibbon,1.9822712330395684
gibbon,1.8750612633917
gibbon,2.2013971243204513
gibbon,1.9242792860618816
gibbon,2.4456042032735974
gibbon,2.0681858617461617
gibbon,1.9084850188786497
gibbon,2.1760912590556813
gibbon,2.346352974450639
gibbon,1.9084850188786497
gibbon,1.954242509439325
gibbon,2.03342375548695
gibbon,2.4638929889859074
gibbon,2.3344537511509307
gibbon,2.4638929889859074
gibbon,2.167317334748176
gibbon,1.99563519459755
gibbon,1.968482948553935
gibbon,1.968482948553935
gibbon,1.9395192526186185
gibbon,1.9242792860618816
gibbon,2.2329961103921536
gibbon,2.03342375548695
gibbon,1.9395192526186185
gibbon,2.0211892990699383
gibbon,1.9395192526186185
gibbon,1.9084850188786497
gibbon,2.1583624920952498
gibbon,2.0681858617461617
gibbon,2.0681858617461617
gibbon,2.0681858617461617
gibbon,1.8573324964312685
gibbon,2.0681858617461617
gibbon,2.290034611362518
gibbon,1.968482948553935
gibbon,2.0086001717619175
gibbon,2.2764618041732443
gibbon,2.2764618041732443
gibbon,2.534026106056135
gibbon,2.0791812460476247
gibbon,2.0211892990699383
gibbon,2.3404441148401185
gibbon,2.4727564493172123
gibbon,2.1398790864012365
gibbon,2.0211892990699383
gibbon,1.8750612633917
gibbon,2.4456042032735974
gibbon,2.089905111439398
gibbon,2.1931245983544616
gibbon,2.1931245983544616
gibbon,2.1931245983544616
gibbon,1.954242509439325
gibbon,2.225309281725863
gibbon,2.3636119798921444
gibbon,2.2329961103921536
gibbon,2.1760912590556813
gibbon,2.0211892990699383
gibbon,1.9395192526186185
gibbon,2.61066016308988
gibbon,3.111598524880394
gibbon,2.727541257028556
gibbon,2.12057393120585
gibbon,2.089905111439398
gibbon,2.0569048513364727
gibbon,2.0086001717619175
gibbon,1.9084850188786497
gibbon,2.167317334748176
gibbon,2.2174839442139063
gibbon,2.436162647040756
gibbon,2.0086001717619175
gibbon,2.494154594018443
gibbon,1.968482948553935
gibbon,2.0086001717619175
gibbon,1.9822712330395684
gibbon,1.9395192526186185
gibbon,2.110589710299249
gibbon,1.9395192526186185
gibbon,2.4683473304121573
gibbon,2.225309281725863
gibbon,1.9242792860618816
gibbon,2.130333768495006
gibbon,2.130333768495006
gibbon,2.0086001717619175
gibbon,2.03342375548695
gibbon,2.2013971243204513
gibbon,1.968482948553935
gibbon,1.9084850188786497
gibbon,2.0681858617461617
gibbon,2.167317334748176
gibbon,2.0211892990699383
gibbon,1.9084850188786497
gibbon,1.8920946026904804
gibbon,1.968482948553935
gibbon,2.4313637641589874
gibbon,2.2833012287035497
gibbon,2.2833012287035497
gibbon,2.2833012287035497
gibbon,2.2833012287035497
gibbon,2.2833012287035497
gibbon,2.2833012287035497
gibbon,2.2833012287035497
gibbon,2.2833012287035497
gibbon,2.184691430817599
gibbon,2.4216039268698313
gibbon,2.0453229787866576
gibbon,1.954242509439325
gibbon,2.0681858617461617
gibbon,2.03342375548695
gibbon,1.968482948553935
gibbon,2.2329961103921536
gibbon,2.2405492482826
gibbon,2.0211892990699383
gibbon,2.0086001717619175
gibbon,2.0086001717619175
gibbon,2.0453229787866576
gibbon,1.954242509439325
gibbon,2.406540180433955
gibbon,2.406540180433955
gibbon,2.406540180433955
gibbon,1.954242509439325
gibbon,1.954242509439325
gibbon,1.954242509439325
gibbon,1.954242509439325
gibbon,2.2013971243204513
gibbon,1.9822712330395684
gibbon,2.290034611362518
gibbon,1.99563519459755
gibbon,2.303196057420489
gibbon,1.99563519459755
gibbon,1.99563519459755
gibbon,2.2695129442179165
gibbon,1.954242509439325
gibbon,2.3909351071033793
gibbon,1.8388490907372552
gibbon,1.99563519459755
gibbon,2.4409090820652177
gibbon,2.41161970596323
gibbon,2.846337112129805
gibbon,2.3521825181113627
gibbon,2.3636119798921444
gibbon,2.3636119798921444
gibbon,2.3636119798921444
gibbon,2.0791812460476247
gibbon,2.0569048513364727
gibbon,1.968482948553935
gibbon,1.9822712330395684
gibbon,1.9242792860618816
gibbon,1.9822712330395684
gibbon,2.296665190261531
gibbon,2.303196057420489
gibbon,1.968482948553935
gibbon,1.954242509439325
gibbon,1.954242509439325
gibbon,1.8750612633917
gibbon,1.954242509439325
gibbon,1.8388490907372552
gibbon,2.727541257028556
gibbon,2.12057393120585
gorilla,1.954242509439325
gorilla,1.954242509439325
gorilla,1.9084850188786497
gorilla,2.0211892990699383
gorilla,1.9822712330395684
gorilla,2.2174839442139063
gorilla,2.2174839442139063
gorilla,2.2174839442139063
gorilla,2.3283796034387376
gorilla,2.12057393120585
gorilla,2.530199698203082
gorilla,1.9395192526186185
gorilla,1.9242792860618816
gorilla,1.9084850188786497
gorilla,1.968482948553935
gorilla,2.1931245983544616
gorilla,2.4727564493172123
gorilla,2.2174839442139063
gorilla,2.0453229787866576
gorilla,2.3521825181113627
gorilla,2.8273692730538253
gorilla,2.3521825181113627
gorilla,3.0523090996473234
gorilla,2.3521825181113627
gorilla,2.41161970596323
gorilla,2.41161970596323
gorilla,1.9822712330395684
gorilla,1.9084850188786497
gorilla,2.03342375548695
gorilla,2.167317334748176
gorilla,1.99563519459755
gorilla,1.99563519459755
gorilla,2.225309281725863
gorilla,1.9242792860618816
gorilla,2.369215857410143
gorilla,2.2624510897304293
gorilla,2.2695129442179165
gorilla,2.12057393120585
gorilla,1.954242509439325
gorilla,2.436162647040756
gorilla,1.954242509439325
gorilla,2.1398790864012365
gorilla,1.99563519459755
gorilla,1.9084850188786497
gorilla,2.3283796034387376
gorilla,2.3636119798921444
gorilla,2.1492191126553797
gorilla,2.3283796034387376
gorilla,2.0569048513364727
gorilla,2.3636119798921444
gorilla,2.1492191126553797
gorilla,2.3909351071033793
gorilla,2.0569048513364727
gorilla,2.1492191126553797
gorilla,2.7715874808812555
gorilla,1.9395192526186185
gorilla,1.9242792860618816
gorilla,2.0681858617461617
gorilla,2.0453229787866576
gorilla,2.3283796034387376
gorilla,2.3404441148401185
gorilla,2.2624510897304293
gorilla,1.954242509439325
gorilla,2.296665190261531
gorilla,2.4313637641589874
gorilla,2.369215857410143
gorilla,2.0569048513364727
gorilla,2.3909351071033793
gorilla,2.0791812460476247
gorilla,2.3636119798921444
gorilla,2.2174839442139063
gorilla,2.0569048513364727
gorilla,2.3909351071033793
gorilla,1.9084850188786497
gorilla,1.8388490907372552
gorilla,1.9395192526186185
gorilla,1.9395192526186185
gorilla,2.100370545117563
gorilla,1.9242792860618816
gorilla,2.494154594018443
gorilla,2.1398790864012365
gorilla,1.968482948553935
gorilla,2.167317334748176
gorilla,1.968482948553935
gorilla,1.8750612633917
gorilla,1.8750612633917
gorilla,1.6232492903979006
gorilla,1.9242792860618816
gorilla,2.100370545117563
gorilla,2.167317334748176
gorilla,1.9395192526186185
gorilla,2.2174839442139063
gorilla,2.089905111439398
gorilla,2.0453229787866576
gorilla,2.4216039268698313
gorilla,2.2095150145426308
gorilla,2.2329961103921536
gorilla,1.9242792860618816
gorilla,2.0569048513364727
gorilla,2.3283796034387376
gorilla,1.9242792860618816
gorilla,2.1398790864012365
gorilla,2.1398790864012365
gorilla,1.9242792860618816
gorilla,2.2174839442139063
gorilla,2.03342375548695
gorilla,2.0681858617461617
gorilla,2.255272505103306
gorilla,2.03342375548695
gorilla,2.130333768495006
gorilla,1.968482948553935
gorilla,2.0681858617461617
gorilla,2.184691430817599
gorilla,2.225309281725863
gorilla,1.8750612633917
gorilla,2.2624510897304293
gorilla,2.0569048513364727
gorilla,2.0569048513364727
gorilla,1.954242509439325
gorilla,1.9242792860618816
gorilla,1.99563519459755
gorilla,2.0453229787866576
gorilla,1.9242792860618816
gorilla,2.369215857410143
gorilla,2.385606273598312
gorilla,1.968482948553935
gorilla,1.968482948553935
gorilla,1.8920946026904804
gorilla,1.9395192526186185
gorilla,2.2095150145426308
gorilla,2.2405492482826
gorilla,2.0681858617461617
gorilla,2.303196057420489
gorilla,2.1398790864012365
gorilla,2.0086001717619175
gorilla,2.315970345456918
gorilla,2.1492191126553797
gorilla,2.089905111439398
gorilla,2.2833012287035497
gorilla,2.2833012287035497
gorilla,2.2833012287035497
gorilla,2.0681858617461617
gorilla,1.9395192526186185
gorilla,1.9395192526186185
gorilla,2.089905111439398
gorilla,2.9822712330395684
gorilla,1.9822712330395684
gorilla,2.4727564493172123
gorilla,1.954242509439325
gorilla,1.9242792860618816
gorilla,2.0569048513364727
gorilla,2.530199698203082
gorilla,2.629409599102719
gorilla,1.9084850188786497
gorilla,2.3404441148401185
gorilla,2.3404441148401185
gorilla,2.510545010206612
gorilla,2.0791812460476247
gorilla,1.9242792860618816
gorilla,2.2695129442179165
gorilla,2.0453229787866576
gorilla,2.357934847000454
gorilla,2.3636119798921444
gorilla,2.3096301674258988
gorilla,2.5224442335063197
gorilla,1.9822712330395684
gorilla,2.406540180433955
gorilla,2.2833012287035497
gorilla,2.296665190261531
gorilla,2.12057393120585
gorilla,2.3096301674258988
gorilla,1.954242509439325
gorilla,2.303196057420489
gorilla,2.6532125137753435
gorilla,1.954242509439325
gorilla,1.9084850188786497
gorilla,2.0453229787866576
gorilla,1.8388490907372552
gorilla,2.100370545117563
gorilla,1.8750612633917
gorilla,2.1583624920952498
gorilla,2.0211892990699383
gorilla,2.296665190261531
gorilla,2.459392487759231
gorilla,2.459392487759231
gorilla,2.1760912590556813
gorilla,2.089905111439398
gorilla,1.9084850188786497
gorilla,1.9822712330395684
gorilla,1.9084850188786497
gorilla,1.968482948553935
gorilla,2.1398790864012365
gorilla,1.9242792860618816
gorilla,1.9242792860618816
gorilla,2.0791812460476247
gorilla,2.2013971243204513
gorilla,2.1492191126553797
gorilla,2.3636119798921444
gorilla,2.0569048513364727
gorilla,2.3283796034387376
gorilla,2.110589710299249
gorilla,2.2329961103921536
gorilla,2.167317334748176
gorilla,2.3404441148401185
gorilla,2.3521825181113627
gorilla,2.03342375548695
gorilla,2.03342375548695
gorilla,2.0569048513364727
gorilla,1.9242792860618816
gorilla,2.1398790864012365
gorilla,2.1760912590556813
gorilla,1.99563519459755
gorilla,3.8614746688571686
gorilla,2.0086001717619175
gorilla,1.968482948553935
gorilla,1.9084850188786497
gorilla,1.8920946026904804
gorilla,2.322219294733919
gorilla,2.0681858617461617
gorilla,1.7558748556724915
gorilla,1.9395192526186185
gorilla,1.954242509439325
gorilla,1.9242792860618816
gorilla,2.3096301674258988
gorilla,2.0211892990699383
gorilla,2.03342375548695
gorilla,2.089905111439398
gorilla,2.0086001717619175
gorilla,1.954242509439325
gorilla,2.2405492482826
gorilla,2.6201360549737576
gorilla,1.9822712330395684
gorilla,1.6232492903979006
gorilla,2.0211892990699383
gorilla,1.8750612633917
gorilla,1.4771212547196624
gorilla,1.8920946026904804
gorilla,2.416640507338281
gorilla,1.8920946026904804
gorilla,2.100370545117563
gorilla,2.0681858617461617
gorilla,2.681241237375587
gorilla,2.514547752660286
gorilla,2.3961993470957363
gorilla,1.8920946026904804
gorilla,2.167317334748176
gorilla,1.9084850188786497
gorilla,1.8573324964312685
gorilla,2.255272505103306
gorilla,2.255272505103306
gorilla,2.346352974450639
gorilla,2.357934847000454
gorilla,2.7126497016272113
gorilla,1.968482948553935
gorilla,1.968482948553935
gorilla,1.968482948553935
gorilla,1.954242509439325
gorilla,2.6532125137753435
gorilla,1.9822712330395684
gorilla,1.8573324964312685
gorilla,2.0681858617461617
gorilla,2.3961993470957363
gorilla,2.2013971243204513
gorilla,2.2624510897304293
gorilla,1.9395192526186185
gorilla,1.968482948553935
gorilla,2.0791812460476247
gorilla,2.0791812460476247
gorilla,2.4683473304121573
gorilla,1.9084850188786497
gorilla,2.2624510897304293
gorilla,2.2624510897304293
gorilla,2.100370545117563
gorilla,1.954242509439325
gorilla,2.821513528404773
gorilla,2.510545010206612
gorilla,2.03342375548695
gorilla,2.2624510897304293
gorilla,2.0569048513364727
gorilla,2.2174839442139063
gorilla,2.5490032620257876
gorilla,2.591064607026499
gorilla,2.296665190261531
gorilla,2.089905111439398
gorilla,1.9395192526186185
gorilla,2.2624510897304293
gorilla,2.0791812460476247
gorilla,2.290034611362518
gorilla,2.2174839442139063
gorilla,2.089905111439398
gorilla,2.2833012287035497
gorilla,1.8573324964312685
gorilla,1.9822712330395684
gorilla,1.9822712330395684
gorilla,2.12057393120585
gorilla,2.100370545117563
gorilla,1.8920946026904804
gorilla,2.0453229787866576
gorilla,2.0681858617461617
gorilla,2.089905111439398
gorilla,2.0211892990699383
gorilla,1.9242792860618816
gorilla,1.9242792860618816
gorilla,1.968482948553935
gorilla,1.9084850188786497
gorilla,2.2095150145426308
gorilla,1.954242509439325
gorilla,2.0569048513364727
gorilla,1.954242509439325
gorilla,2.100370545117563
gorilla,2.0569048513364727
gorilla,2.0791812460476247
gorilla,1.954242509439325
gorilla,2.0791812460476247
gorilla,1.9395192526186185
gorilla,2.3961993470957363
gorilla,2.0211892990699383
gorilla,2.315970345456918
gorilla,2.315970345456918
gorilla,1.954242509439325
gorilla,2.303196057420489
gorilla,1.8920946026904804
gorilla,2.2329961103921536
gorilla,2.3283796034387376
gorilla,2.2624510897304293
gorilla,2.1760912590556813
gorilla,1.9395192526186185
gorilla,2.385606273598312
gorilla,1.9084850188786497
gorilla,2.1931245983544616
gorilla,1.9395192526186185
gorilla,2.1931245983544616
gorilla,1.8920946026904804
gorilla,1.9242792860618816
gorilla,2.380211241711606
gorilla,1.9084850188786497
gorilla,1.9395192526186185
gorilla,1.954242509439325
gorilla,1.954242509439325
gorilla,2.089905111439398
gorilla,2.089905111439398
gorilla,2.3283796034387376
gorilla,2.45484486000851
gorilla,1.9242792860618816
gorilla,1.968482948553935
gorilla,1.968482948553935
gorilla,1.9242792860618816
gorilla,2.0791812460476247
gorilla,2.545307116465824
gorilla,2.2174839442139063
gorilla,2.2174839442139063
gorilla,2.4265112613645754
gorilla,1.9395192526186185
gorilla,2.2695129442179165
gorilla,2.2695129442179165
gorilla,2.4771212547196626
gorilla,2.110589710299249
gorilla,1.9084850188786497
gorilla,1.99563519459755
gorilla,2.167317334748176
gorilla,2.530199698203082
gorilla,2.530199698203082
gorilla,2.7715874808812555
gorilla,1.9822712330395684
gorilla,2.0791812460476247
gorilla,2.2095150145426308
gorilla,2.2095150145426308
gorilla,1.8920946026904804
gorilla,1.99563519459755
gorilla,1.954242509439325
gorilla,1.9395192526186185
gorilla,2.0681858617461617
gorilla,1.9395192526186185
gorilla,2.296665190261531
gorilla,1.954242509439325
gorilla,2.110589710299249
gorilla,2.0211892990699383
gorilla,2.0086001717619175
gorilla,2.0086001717619175
gorilla,2.2095150145426308
gorilla,2.3096301674258988
gorilla,2.6384892569546374
gorilla,2.374748346010104
gorilla,2.4456042032735974
gorilla,2.406540180433955
gorilla,2.2174839442139063
gorilla,2.2174839442139063
gorilla,2.2174839442139063
gorilla,1.968482948553935
gorilla,1.9242792860618816
gorilla,1.9242792860618816
gorilla,1.9822712330395684
gorilla,2.0453229787866576
gorilla,2.357934847000454
gorilla,2.03342375548695
gorilla,2.0211892990699383
gorilla,2.0211892990699383
gorilla,1.8573324964312685
gorilla,2.6893088591236203
gorilla,1.8920946026904804
gorilla,1.99563519459755
gorilla,2.416640507338281
gorilla,1.9242792860618816
gorilla,2.4313637641589874
gorilla,1.9822712330395684
gorilla,2.2329961103921536
gorilla,1.9822712330395684
gorilla,2.2695129442179165
gorilla,2.0453229787866576
gorilla,2.0453229787866576
gorilla,2.247973266361807
gorilla,1.8573324964312685
gorilla,2.03342375548695
gorilla,2.2695129442179165
gorilla,2.530199698203082
gorilla,2.530199698203082
gorilla,2.167317334748176
gorilla,2.5563025007672873
gorilla,2.3096301674258988
gorilla,2.1398790864012365
gorilla,2.0791812460476247
gorilla,2.0453229787866576
gorilla,2.2095150145426308
gorilla,2.2095150145426308
gorilla,2.2095150145426308
gorilla,2.2095150145426308
gorilla,2.2095150145426308
gorilla,2.2095150145426308
gorilla,1.968482948553935
gorilla,2.315970345456918
gorilla,2.089905111439398
gorilla,2.2095150145426308
gorilla,2.2095150145426308
gorilla,2.2095150145426308
gorilla,2.2095150145426308
gorilla,1.954242509439325
gorilla,2.03342375548695
gorilla,1.9242792860618816
gorilla,2.03342375548695
gorilla,2.03342375548695
gorilla,2.089905111439398
gorilla,1.99563519459755
gorilla,1.8573324964312685
gorilla,1.9822712330395684
gorilla,1.8573324964312685
gorilla,2.1398790864012365
gorilla,2.12057393120585
gorilla,1.8750612633917
gorilla,1.8920946026904804
gorilla,2.110589710299249
gorilla,1.9395192526186185
gorilla,2.0211892990699383
gorilla,1.954242509439325
gorilla,2.406540180433955
gorilla,1.9242792860618816
gorilla,1.99563519459755
gorilla,1.968482948553935
gorilla,2.705007959333336
gorilla,1.9084850188786497
gorilla,2.2095150145426308
gorilla,2.4216039268698313
gorilla,1.9084850188786497
gorilla,2.0211892990699383
gorilla,2.7489628612561616
gorilla,1.9395192526186185
gorilla,2.416640507338281
gorilla,2.416640507338281
gorilla,2.416640507338281
gorilla,2.2095150145426308
gorilla,2.2405492482826
gorilla,1.99563519459755
gorilla,2.100370545117563
gorilla,1.968482948553935
gorilla,2.0569048513364727
gorilla,1.9822712330395684
gorilla,2.2329961103921536
gorilla,1.8750612633917
gorilla,2.7024305364455254
gorilla,1.9822712330395684
gorilla,1.8573324964312685
gorilla,1.9242792860618816
gorilla,2.2013971243204513
gorilla,2.2095150145426308
gorilla,2.1931245983544616
gorilla,2.225309281725863
gorilla,1.968482948553935
gorilla,1.968482948553935
gorilla,2.03342375548695
gorilla,2.089905111439398
gorilla,2.6201360549737576
gorilla,2.481442628502305
gorilla,1.9822712330395684
gorilla,2.2013971243204513
gorilla,1.8920946026904804
gorilla,1.8920946026904804
gorilla,2.2695129442179165
gorilla,2.2695129442179165
gorilla,2.089905111439398
gorilla,1.968482948553935
gorilla,2.0086001717619175
gorilla,2.0453229787866576
gorilla,2.12057393120585
gorilla,1.9242792860618816
gorilla,1.9822712330395684
gorilla,1.99563519459755
gorilla,2.2174839442139063
gorilla,2.100370545117563
gorilla,1.9084850188786497
gorilla,2.0211892990699383
gorilla,2.0569048513364727
gorilla,1.9242792860618816
gorilla,1.968482948553935
gorilla,2.0569048513364727
gorilla,2.0211892990699383
gorilla,2.0569048513364727
gorilla,1.9242792860618816
gorilla,1.968482948553935
gorilla,2.0569048513364727
gorilla,2.0569048513364727
gorilla,1.9395192526186185
gorilla,2.0086001717619175
gorilla,2.0791812460476247
gorilla,2.0681858617461617
gorilla,2.0569048513364727
gorilla,2.03342375548695
gorilla,2.494154594018443
gorilla,2.494154594018443
gorilla,1.9084850188786497
gorilla,2.0681858617461617
gorilla,1.9084850188786497
gorilla,2.290034611362518
gorilla,2.12057393120585
gorilla,2.3521825181113627
gorilla,1.9084850188786497
gorilla,2.5224442335063197
gorilla,2.41161970596323
gorilla,1.968482948553935
gorilla,2.1492191126553797
gorilla,2.03342375548695
gorilla,2.1583624920952498
gorilla,1.8750612633917
gorilla,2.416640507338281
gorilla,1.9822712330395684
gorilla,2.3909351071033793
gorilla,2.225309281725863
gorilla,1.968482948553935
gorilla,1.9084850188786497
gorilla,2.03342375548695
gorilla,2.0681858617461617
gorilla,2.0453229787866576
gorilla,2.0211892990699383
gorilla,1.954242509439325
gorilla,2.5415792439465807
gorilla,2.130333768495006
gorilla,1.954242509439325
gorilla,1.954242509439325
gorilla,2.459392487759231
gorilla,1.954242509439325
gorilla,2.12057393120585
gorilla,2.089905111439398
gorilla,2.12057393120585
gorilla,2.130333768495006
gorilla,2.2405492482826
gorilla,1.9395192526186185
gorilla,2.100370545117563
gorilla,1.954242509439325
gorilla,1.9084850188786497
gorilla,1.9084850188786497
gorilla,1.9822712330395684
gorilla,2.374748346010104
gorilla,2.100370545117563
gorilla,2.6232492903979003
gorilla,1.8750612633917
gorilla,2.100370545117563
gorilla,1.8920946026904804
gorilla,2.0453229787866576
gorilla,2.0453229787866576
gorilla,1.9822712330395684
gorilla,2.247973266361807
gorilla,2.247973266361807
gorilla,2.290034611362518
gorilla,1.968482948553935
gorilla,2.5185139398778875
gorilla,2.3344537511509307
gorilla,1.8750612633917
gorilla,2.3961993470957363
gorilla,1.8750612633917
gorilla,1.8920946026904804
gorilla,1.8920946026904804
gorilla,1.99563519459755
gorilla,2.247973266361807
gorilla,1.99563519459755
gorilla,1.99563519459755
gorilla,2.2174839442139063
gorilla,2.0086001717619175
gorilla,2.0453229787866576
gorilla,2.110589710299249
gorilla,1.9395192526186185
gorilla,2.61066016308988
gorilla,2.530199698203082
gorilla,1.9395192526186185
gorilla,2.3283796034387376
gorilla,2.859138297294531
gorilla,2.1492191126553797
gorilla,3.178401341533755
gorilla,1.9242792860618816
gorilla,2.416640507338281
gorilla,2.0211892990699383
gorilla,1.8195439355418688
gorilla,2.2013971243204513
gorilla,2.0211892990699383
gorilla,1.9395192526186185
gorilla,2.0791812460476247
gorilla,2.3909351071033793
gorilla,1.9822712330395684
gorilla,2.4409090820652177
gorilla,2.184691430817599
gorilla,2.3404441148401185
gorilla,1.9084850188786497
gorilla,1.9395192526186185
gorilla,2.1492191126553797
gorilla,2.0453229787866576
gorilla,2.1760912590556813
gorilla,2.629409599102719
gorilla,2.0211892990699383
gorilla,2.2695129442179165
gorilla,2.0681858617461617
gorilla,2.0791812460476247
gorilla,1.9084850188786497
gorilla,3.177824971864682
gorilla,2.3521825181113627
gorilla,2.130333768495006
gorilla,2.130333768495006
gorilla,2.2095150145426308
gorilla,2.2095150145426308
gorilla,1.9242792860618816
gorilla,2.255272505103306
gorilla,1.9822712330395684
gorilla,2.3404441148401185
gorilla,1.9822712330395684
gorilla,2.130333768495006
gorilla,1.9395192526186185
gorilla,1.9395192526186185
gorilla,2.1398790864012365
gorilla,2.03342375548695
gorilla,1.8573324964312685
gorilla,2.2174839442139063
gorilla,2.03342375548695
gorilla,2.110589710299249
gorilla,2.0681858617461617
gorilla,1.9822712330395684
gorilla,2.374748346010104
gorilla,1.8920946026904804
gorilla,1.8920946026904804
gorilla,2.2764618041732443
gorilla,1.9084850188786497
gorilla,1.968482948553935
gorilla,2.0211892990699383
gorilla,2.0211892990699383
gorilla,1.968482948553935
gorilla,1.9395192526186185
gorilla,1.9395192526186185
gorilla,1.8920946026904804
gorilla,1.954242509439325
gorilla,2.0569048513364727
gorilla,1.8920946026904804
gorilla,2.5599066250361124
gorilla,1.9084850188786497
gorilla,1.9242792860618816
gorilla,1.968482948553935
gorilla,2.0791812460476247
gorilla,1.8750612633917
gorilla,2.2013971243204513
gorilla,2.130333768495006
gorilla,1.954242509439325
gorilla,2.12057393120585
gorilla,1.8920946026904804
gorilla,1.8920946026904804
gorilla,1.8750612633917
gorilla,1.954242509439325
gorilla,1.8920946026904804
gorilla,1.8920946026904804
gorilla,2.591064607026499
gorilla,2.2833012287035497
gorilla,2.1760912590556813
gorilla,2.110589710299249
gorilla,2.0453229787866576
gorilla,1.9822712330395684
gorilla,2.357934847000454
gorilla,2.247973266361807
gorilla,2.225309281725863
gorilla,2.3283796034387376
gorilla,2.12057393120585
gorilla,1.9395192526186185
gorilla,1.99563519459755
gorilla,1.9242792860618816
gorilla,1.8750612633917
gorilla,2.0086001717619175
gorilla,2.110589710299249
gorilla,1.9242792860618816
gorilla,2.184691430817599
gorilla,2.100370545117563
gorilla,2.2329961103921536
gorilla,2.184691430817599
gorilla,2.0086001717619175
gorilla,2.459392487759231
gorilla,2.255272505103306
gorilla,2.110589710299249
gorilla,1.99563519459755
gorilla,1.9084850188786497
gorilla,2.0211892990699383
gorilla,2.0453229787866576
gorilla,1.954242509439325
gorilla,1.8750612633917
gorilla,2.3521825181113627
gorilla,1.8920946026904804
gorilla,2.110589710299249
gorilla,2.5024271199844326
gorilla,2.369215857410143
gorilla,2.03342375548695
gorilla,2.584331224367531
gorilla,2.0681858617461617
gorilla,2.247973266361807
gorilla,2.0569048513364727
gorilla,1.8920946026904804
gorilla,1.9242792860618816
gorilla,2.3283796034387376
gorilla,1.8920946026904804
gorilla,1.9822712330395684
gorilla,1.9822712330395684
gorilla,1.9822712330395684
gorilla,2.1760912590556813
gorilla,2.1760912590556813
gorilla,1.9822712330395684
gorilla,1.8920946026904804
gorilla,2.167317334748176
gorilla,1.9395192526186185
gorilla,1.9084850188786497
gorilla,1.9242792860618816
gorilla,2.03342375548695
gorilla,2.130333768495006
gorilla,2.0086001717619175
gorilla,2.1760912590556813
gorilla,2.1760912590556813
gorilla,2.459392487759231
gorilla,2.2013971243204513
gorilla,2.2095150145426308
gorilla,2.12057393120585
gorilla,2.0211892990699383
gorilla,2.315970345456918
gorilla,1.954242509439325
gorilla,1.9395192526186185
gorilla,1.9395192526186185
gorilla,2.0086001717619175
gorilla,1.9242792860618816
gorilla,2.0791812460476247
gorilla,2.315970345456918
gorilla,1.968482948553935
gorilla,2.089905111439398
gorilla,2.450249108319361
gorilla,2.167317334748176
gorilla,2.089905111439398
gorilla,2.45484486000851
gorilla,2.100370545117563
gorilla,2.2833012287035497
gorilla,2.03342375548695
gorilla,2.436162647040756
gorilla,2.5599066250361124
gorilla,2.56702636615906
gorilla,2.255272505103306
gorilla,2.130333768495006
gorilla,2.0086001717619175
gorilla,1.99563519459755
gorilla,1.9242792860618816
gorilla,1.954242509439325
gorilla,1.9242792860618816
gorilla,2.2833012287035497
gorilla,1.968482948553935
gorilla,2.0453229787866576
gorilla,2.3344537511509307
gorilla,2.45484486000851
gorilla,1.9822712330395684
gorilla,1.9822712330395684
gorilla,1.8920946026904804
gorilla,2.1931245983544616
gorilla,2.905256048748451
gorilla,2.582063362911709
gorilla,2.2329961103921536
gorilla,1.8573324964312685
gorilla,1.8573324964312685
gorilla,2.0569048513364727
gorilla,2.2095150145426308
gorilla,2.0681858617461617
gorilla,2.45484486000851
gorilla,2.0211892990699383
gorilla,2.0086001717619175
gorilla,2.0453229787866576
gorilla,1.8920946026904804
gorilla,1.968482948553935
gorilla,1.968482948553935
gorilla,2.0681858617461617
gorilla,1.9395192526186185
gorilla,2.110589710299249
gorilla,2.1931245983544616
gorilla,2.1583624920952498
gorilla,2.0681858617461617
gorilla,1.9395192526186185
gorilla,1.8920946026904804
gorilla,2.130333768495006
gorilla,1.9242792860618816
gorilla,2.03342375548695
gorilla,2.03342375548695
gorilla,2.12057393120585
gorilla,2.089905111439398
gorilla,1.9242792860618816
gorilla,2.315970345456918
gorilla,2.803457115648414
gorilla,1.9084850188786497
gorilla,1.9822712330395684
gorilla,1.968482948553935
gorilla,2.3521825181113627
gorilla,1.9084850188786497
gorilla,1.954242509439325
gorilla,2.2013971243204513
gorilla,2.2013971243204513
gorilla,2.0086001717619175
gorilla,1.9242792860618816
gorilla,2.03342375548695
gorilla,2.225309281725863
gorilla,2.089905111439398
gorilla,1.9822712330395684
gorilla,2.0086001717619175
gorilla,2.0791812460476247
gorilla,1.8920946026904804
gorilla,2.0453229787866576
gorilla,2.0211892990699383
gorilla,2.2695129442179165
gorilla,2.184691430817599
gorilla,2.2174839442139063
gorilla,1.8920946026904804
gorilla,1.8750612633917
gorilla,2.255272505103306
gorilla,1.8750612633917
gorilla,1.954242509439325
gorilla,1.99563519459755
gorilla,1.99563519459755
gorilla,1.8920946026904804
gorilla,2.225309281725863
gorilla,1.9242792860618816
gorilla,1.8573324964312685
gorilla,2.7075701760979363
gorilla,1.8750612633917
gorilla,2.089905111439398
gorilla,2.089905111439398
gorilla,1.9822712330395684
gorilla,2.225309281725863
gorilla,1.9242792860618816
gorilla,1.9242792860618816
gorilla,2.0211892990699383
gorilla,1.8920946026904804
gorilla,1.9242792860618816
gorilla,1.9242792860618816
gorilla,2.5024271199844326
gorilla,2.2174839442139063
gorilla,2.2013971243204513
gorilla,2.2174839442139063
gorilla,2.184691430817599
gorilla,2.1583624920952498
gorilla,2.2624510897304293
gorilla,2.2624510897304293
gorilla,1.9395192526186185
gorilla,2.1492191126553797
gorilla,2.1492191126553797
gorilla,2.2833012287035497
gorilla,1.968482948553935
gorilla,2.0681858617461617
gorilla,2.2013971243204513
gorilla,2.0791812460476247
gorilla,1.9822712330395684
gorilla,1.9822712330395684
gorilla,2.130333768495006
gorilla,1.9242792860618816
gorilla,1.99563519459755
gorilla,2.0569048513364727
gorilla,2.629409599102719
gorilla,2.0681858617461617
gorilla,1.9242792860618816
gorilla,2.6414741105040997
gorilla,2.167317334748176
gorilla,2.1398790864012365
gorilla,1.9084850188786497
gorilla,2.0569048513364727
gorilla,1.954242509439325
gorilla,1.968482948553935
gorilla,1.9822712330395684
gorilla,2.734799829588847
gorilla,2.401400540781544
gorilla,2.2405492482826
gorilla,2.1583624920952498
gorilla,3.2005769267548483
gorilla,2.7781512503836434
gorilla,2.959994838328416
gorilla,2.584331224367531
gorilla,2.795184589682424
gorilla,2.6414741105040997
gorilla,2.534026106056135
gorilla,2.3096301674258988
gorilla,2.4409090820652177
gorilla,2.6201360549737576
gorilla,2.12057393120585
gorilla,2.7151673578484576
gorilla,2.0791812460476247
gorilla,2.315970345456918
gorilla,2.290034611362518
gorilla,1.8388490907372552
gorilla,2.12057393120585
gorilla,1.9395192526186185
gorilla,2.374748346010104
gorilla,2.0569048513364727
gorilla,2.1760912590556813
gorilla,2.416640507338281
gorilla,2.110589710299249
gorilla,1.9822712330395684
gorilla,2.2013971243204513
gorilla,1.968482948553935
gorilla,1.968482948553935
gorilla,1.9822712330395684
gorilla,1.9395192526186185
gorilla,2.0086001717619175
gorilla,1.9395192526186185
gorilla,2.03342375548695
gorilla,1.9242792860618816
gorilla,1.8920946026904804
gorilla,2.130333768495006
gorilla,1.99563519459755
gorilla,1.99563519459755
gorilla,1.9822712330395684
gorilla,1.9822712330395684
gorilla,1.954242509439325
gorilla,1.9395192526186185
gorilla,1.9822712330395684
gorilla,2.0211892990699383
gorilla,2.4409090820652177
gorilla,1.9242792860618816
gorilla,2.3096301674258988
gorilla,2.0681858617461617
gorilla,2.12057393120585
gorilla,2.2013971243204513
gorilla,2.2013971243204513
gorilla,2.247973266361807
gorilla,2.315970345456918
gorilla,1.8750612633917
gorilla,1.8920946026904804
gorilla,2.2174839442139063
gorilla,1.968482948553935
gorilla,2.0453229787866576
gorilla,2.2624510897304293
gorilla,2.2624510897304293
gorilla,1.9084850188786497
gorilla,1.954242509439325
gorilla,2.717670503002262
gorilla,1.9242792860618816
gorilla,2.0211892990699383
gorilla,1.9242792860618816
gorilla,1.968482948553935
gorilla,1.9822712330395684
gorilla,2.1583624920952498
gorilla,2.5024271199844326
gorilla,2.1398790864012365
gorilla,2.0681858617461617
gorilla,2.0211892990699383
gorilla,2.1583624920952498
gorilla,2.3404441148401185
gorilla,2.1760912590556813
gorilla,1.9242792860618816
gorilla,2.03342375548695
gorilla,2.2833012287035497
gorilla,1.8573324964312685
gorilla,2.5809249756756194
gorilla,2.5809249756756194
gorilla,2.0211892990699383
gorilla,2.0211892990699383
gorilla,2.255272505103306
gorilla,2.1583624920952498
gorilla,2.406540180433955
gorilla,2.494154594018443
gorilla,1.968482948553935
gorilla,2.0211892990699383
gorilla,2.0211892990699383
gorilla,1.9242792860618816
gorilla,2.3521825181113627
gorilla,2.416640507338281
gorilla,2.0211892990699383
gorilla,2.0086001717619175
gorilla,1.9395192526186185
gorilla,2.5490032620257876
gorilla,2.167317334748176
gorilla,2.12057393120585
gorilla,2.2624510897304293
gorilla,2.0086001717619175
gorilla,2.2013971243204513
gorilla,2.2624510897304293
gorilla,1.954242509439325
gorilla,2.1492191126553797
gorilla,2.130333768495006
gorilla,1.8573324964312685
gorilla,2.0086001717619175
gorilla,1.954242509439325
gorilla,1.9084850188786497
gorilla,2.0211892990699383
gorilla,2.184691430817599
gorilla,1.9822712330395684
gorilla,2.0086001717619175
gorilla,1.8920946026904804
gorilla,2.0681858617461617
gorilla,2.2624510897304293
gorilla,2.12057393120585
gorilla,2.12057393120585
gorilla,2.2013971243204513
gorilla,2.0791812460476247
gorilla,2.0791812460476247
gorilla,1.7781512503836436
gorilla,1.4771212547196624
gorilla,2.2329961103921536
gorilla,1.9395192526186185
gorilla,2.357934847000454
gorilla,2.0681858617461617
gorilla,2.089905111439398
gorilla,2.184691430817599
gorilla,2.450249108319361
gorilla,2.4313637641589874
gorilla,2.1760912590556813
gorilla,1.9084850188786497
gorilla,2.225309281725863
gorilla,2.380211241711606
gorilla,2.2095150145426308
gorilla,2.380211241711606
gorilla,2.380211241711606
gorilla,2.0569048513364727
gorilla,2.2013971243204513
gorilla,1.9242792860618816
gorilla,2.2695129442179165
gorilla,2.130333768495006
gorilla,1.9395192526186185
gorilla,2.6473829701146196
gorilla,1.99563519459755
gorilla,1.99563519459755
gorilla,2.247973266361807
gorilla,1.9242792860618816
gorilla,1.9395192526186185
gorilla,2.3096301674258988
gorilla,1.9395192526186185
gorilla,2.110589710299249
gorilla,1.99563519459755
gorilla,1.8750612633917
gorilla,1.9822712330395684
gorilla,2.0681858617461617
gorilla,2.0453229787866576
gorilla,2.0453229787866576
gorilla,2.629409599102719
gorilla,2.089905111439398
gorilla,2.1492191126553797
gorilla,1.8750612633917
gorilla,1.8388490907372552
gorilla,1.9242792860618816
gorilla,1.99563519459755
gorilla,2.6414741105040997
gorilla,2.537819095073274
gorilla,2.2174839442139063
gorilla,2.369215857410143
gorilla,1.9395192526186185
gorilla,1.968482948553935
gorilla,1.99563519459755
gorilla,1.99563519459755
gorilla,1.9822712330395684
gorilla,2.0211892990699383
gorilla,1.954242509439325
gorilla,1.954242509439325
gorilla,1.954242509439325
gorilla,1.9242792860618816
gorilla,2.0791812460476247
gorilla,1.968482948553935
gorilla,1.968482948553935
gorilla,1.9395192526186185
gorilla,2.130333768495006
gorilla,2.03342375548695
gorilla,2.0681858617461617
gorilla,1.8920946026904804
gorilla,1.9822712330395684
gorilla,2.03342375548695
gorilla,2.167317334748176
gorilla,2.0453229787866576
gorilla,2.6646419755561257
gorilla,2.717670503002262
gorilla,1.968482948553935
gorilla,2.110589710299249
gorilla,2.296665190261531
gorilla,2.2405492482826
gorilla,1.9242792860618816
gorilla,1.99563519459755
gorilla,2.03342375548695
gorilla,2.089905111439398
gorilla,2.0086001717619175
gorilla,1.9242792860618816
gorilla,1.968482948553935
gorilla,2.1931245983544616
gorilla,2.7299742856995555
gorilla,2.3521825181113627
gorilla,2.0211892990699383
gorilla,2.0211892990699383
gorilla,1.8920946026904804
gorilla,2.089905111439398
gorilla,2.5185139398778875
gorilla,2.225309281725863
gorilla,1.968482948553935
gorilla,1.9242792860618816
gorilla,1.954242509439325
gorilla,2.0086001717619175
gorilla,2.7693773260761385
gorilla,1.954242509439325
gorilla,2.2013971243204513
gorilla,2.775974331129369
gorilla,2.3344537511509307
gorilla,1.591064607026499
gorilla,2.225309281725863
gorilla,1.7993405494535817
gorilla,1.9822712330395684
gorilla,2.2764618041732443
gorilla,2.3096301674258988
gorilla,1.968482948553935
gorilla,2.406540180433955
gorilla,1.9395192526186185
gorilla,2.2624510897304293
gorilla,1.9395192526186185
gorilla,1.9822712330395684
gorilla,2.0211892990699383
gorilla,2.1583624920952498
gorilla,2.0453229787866576
gorilla,1.9084850188786497
gorilla,2.1583624920952498
gorilla,1.968482948553935
gorilla,2.48572142648158
gorilla,2.0569048513364727
gorilla,2.0086001717619175
gorilla,1.8920946026904804
gorilla,2.1492191126553797
gorilla,2.0211892990699383
gorilla,2.0086001717619175
gorilla,2.346352974450639
gorilla,2.0453229787866576
gorilla,2.8055008581584002
gorilla,2.8055008581584002
gorilla,2.4313637641589874
gorilla,2.03342375548695
gorilla,2.41161970596323
gorilla,2.167317334748176
gorilla,2.4216039268698313
gorilla,1.9395192526186185
gorilla,2.4899584794248346
gorilla,1.9242792860618816
gorilla,2.2095150145426308
gorilla,2.75815462196739
gorilla,2.2013971243204513
gorilla,2.374748346010104
gorilla,2.089905111439398
gorilla,2.089905111439398
gorilla,1.9242792860618816
gorilla,1.8920946026904804
gorilla,1.99563519459755
gorilla,2.225309281725863
gorilla,2.03342375548695
gorilla,2.45484486000851
gorilla,2.110589710299249
gorilla,1.8920946026904804
gorilla,2.0086001717619175
gorilla,2.510545010206612
gorilla,1.9084850188786497
gorilla,1.8750612633917
gorilla,2.357934847000454
gorilla,2.3909351071033793
gorilla,2.357934847000454
gorilla,2.100370545117563
gorilla,1.9822712330395684
gorilla,2.167317334748176
gorilla,2.167317334748176
gorilla,1.9242792860618816
gorilla,2.167317334748176
gorilla,1.8573324964312685
gorilla,2.1931245983544616
gorilla,1.968482948553935
gorilla,1.968482948553935
gorilla,1.9084850188786497
gorilla,2.369215857410143
gorilla,2.1398790864012365
gorilla,2.1492191126553797
gorilla,2.0681858617461617
gorilla,2.346352974450639
gorilla,1.9242792860618816
gorilla,1.9242792860618816
gorilla,2.12057393120585
gorilla,2.2013971243204513
gorilla,1.954242509439325
gorilla,2.0086001717619175
gorilla,1.9242792860618816
gorilla,2.0569048513364727
gorilla,2.12057393120585
gorilla,1.954242509439325
gorilla,2.0453229787866576
gorilla,2.0086001717619175
gorilla,2.2405492482826
gorilla,1.954242509439325
gorilla,2.089905111439398
gorilla,2.2013971243204513
gorilla,2.247973266361807
gorilla,2.2329961103921536
gorilla,1.954242509439325
gorilla,1.8750612633917
gorilla,2.2624510897304293
gorilla,1.9242792860618816
gorilla,2.3283796034387376
gorilla,1.99563519459755
gorilla,1.9395192526186185
gorilla,2.2405492482826
gorilla,2.597695185925512
gorilla,2.3096301674258988
gorilla,1.954242509439325
gorilla,2.1398790864012365
gorilla,2.2764618041732443
gorilla,1.9395192526186185
gorilla,1.9395192526186185
gorilla,1.9395192526186185
gorilla,2.4771212547196626
gorilla,1.8920946026904804
gorilla,1.8920946026904804
gorilla,1.9084850188786497
gorilla,1.9822712330395684
gorilla,1.954242509439325
gorilla,2.255272505103306
gorilla,1.8573324964312685
gorilla,2.1583624920952498
gorilla,1.9084850188786497
gorilla,2.0211892990699383
gorilla,1.9395192526186185
gorilla,1.8573324964312685
gorilla,2.591064607026499
gorilla,1.9242792860618816
gorilla,2.255272505103306
gorilla,2.167317334748176
gorilla,1.8920946026904804
gorilla,2.315970345456918
gorilla,2.0211892990699383
gorilla,1.968482948553935
gorilla,1.968482948553935
gorilla,2.225309281725863
gorilla,1.9395192526186185
gorilla,1.968482948553935
gorilla,1.9242792860618816
gorilla,2.3636119798921444
gorilla,1.954242509439325
gorilla,2.1492191126553797
gorilla,2.2174839442139063
gorilla,2.0211892990699383
gorilla,1.968482948553935
gorilla,2.12057393120585
gorilla,2.3961993470957363
gorilla,2.12057393120585
gorilla,1.9084850188786497
gorilla,1.9822712330395684
gorilla,1.9822712330395684
gorilla,2.5809249756756194
gorilla,2.0681858617461617
gorilla,2.303196057420489
gorilla,1.99563519459755
gorilla,1.9395192526186185
gorilla,1.968482948553935
gorilla,2.41161970596323
gorilla,2.574031267727719
gorilla,2.2764618041732443
gorilla,1.9395192526186185
gorilla,2.0211892990699383
gorilla,1.9242792860618816
gorilla,2.2624510897304293
gorilla,2.0681858617461617
gorilla,1.9395192526186185
gorilla,2.1583624920952498
gorilla,2.1583624920952498
gorilla,1.8920946026904804
gorilla,2.2624510897304293
gorilla,2.0453229787866576
gorilla,2.089905111439398
gorilla,2.2624510897304293
gorilla,2.481442628502305
gorilla,2.374748346010104
gorilla,2.2764618041732443
gorilla,1.954242509439325
gorilla,2.2329961103921536
gorilla,1.8750612633917
gorilla,1.8750612633917
gorilla,2.3283796034387376
gorilla,2.0569048513364727
gorilla,2.0791812460476247
gorilla,2.1492191126553797
gorilla,2.290034611362518
gorilla,2.290034611362518
gorilla,2.290034611362518
gorilla,2.290034611362518
gorilla,2.4313637641589874
gorilla,2.2764618041732443
gorilla,2.1492191126553797
gorilla,2.1492191126553797
gorilla,2.552668216112193
gorilla,2.4265112613645754
gorilla,1.968482948553935
gorilla,2.2174839442139063
gorilla,1.968482948553935
gorilla,1.968482948553935
gorilla,2.0681858617461617
gorilla,1.9395192526186185
gorilla,1.954242509439325
gorilla,2.0086001717619175
gorilla,3.369772288596963
gorilla,2.303196057420489
gorilla,2.100370545117563
gorilla,2.1931245983544616
gorilla,1.9084850188786497
gorilla,2.3521825181113627
gorilla,1.9084850188786497
gorilla,2.12057393120585
gorilla,1.9084850188786497
gorilla,1.99563519459755
gorilla,2.537819095073274
gorilla,1.9084850188786497
gorilla,2.100370545117563
gorilla,1.954242509439325
gorilla,2.03342375548695
gorilla,2.110589710299249
gorilla,2.03342375548695
gorilla,1.9395192526186185
gorilla,2.4683473304121573
gorilla,1.9395192526186185
gorilla,1.8920946026904804
gorilla,1.5185139398778875
gorilla,1.9395192526186185
gorilla,1.8920946026904804
gorilla,1.9242792860618816
gorilla,2.406540180433955
gorilla,1.8920946026904804
gorilla,2.1931245983544616
gorilla,1.9822712330395684
gorilla,1.8920946026904804
gorilla,2.919601023784111
gorilla,2.0791812460476247
gorilla,2.322219294733919
gorilla,2.2764618041732443
gorilla,2.2764618041732443
gorilla,2.2764618041732443
gorilla,2.346352974450639
gorilla,2.1398790864012365
gorilla,2.374748346010104
gorilla,1.8750612633917
gorilla,1.8920946026904804
gorilla,1.8750612633917
gorilla,1.9395192526186185
gorilla,1.954242509439325
gorilla,2.100370545117563
gorilla,2.3096301674258988
gorilla,2.720159303405957
gorilla,1.9395192526186185
gorilla,1.99563519459755
gorilla,2.0211892990699383
gorilla,2.0211892990699383
gorilla,2.380211241711606
gorilla,1.8920946026904804
gorilla,1.9242792860618816
gorilla,2.6009728956867484
gorilla,2.2624510897304293
gorilla,2.0453229787866576
gorilla,2.12057393120585
gorilla,2.8750612633917
gorilla,1.9242792860618816
gorilla,1.9822712330395684
gorilla,1.968482948553935
gorilla,2.110589710299249
gorilla,2.2833012287035497
gorilla,1.954242509439325
gorilla,1.954242509439325
gorilla,1.954242509439325
gorilla,2.801403710017355
gorilla,1.8920946026904804
gorilla,2.6009728956867484
gorilla,2.2624510897304293
gorilla,2.6009728956867484
gorilla,2.6009728956867484
gorilla,2.0453229787866576
gorilla,2.089905111439398
gorilla,1.968482948553935
gorilla,2.296665190261531
gorilla,1.954242509439325
gorilla,1.9084850188786497
gorilla,2.130333768495006
gorilla,2.0453229787866576
gorilla,1.8388490907372552
gorilla,2.1492191126553797
gorilla,1.8750612633917
gorilla,1.8920946026904804
gorilla,1.9395192526186185
gorilla,1.9242792860618816
gorilla,2.0681858617461617
gorilla,2.1760912590556813
gorilla,2.0453229787866576
gorilla,2.380211241711606
gorilla,1.9242792860618816
gorilla,2.03342375548695
gorilla,2.1760912590556813
gorilla,2.0791812460476247
gorilla,2.0791812460476247
gorilla,1.8388490907372552
gorilla,2.2695129442179165
gorilla,2.385606273598312
gorilla,2.1492191126553797
gorilla,1.8388490907372552
gorilla,2.2624510897304293
gorilla,2.0681858617461617
gorilla,2.1398790864012365
gorilla,1.8920946026904804
gorilla,2.0211892990699383
gorilla,2.0086001717619175
gorilla,2.255272505103306
gorilla,2.255272505103306
gorilla,2.255272505103306
gorilla,1.9395192526186185
gorilla,1.8920946026904804
gorilla,1.9084850188786497
gorilla,1.9084850188786497
gorilla,2.322219294733919
gorilla,2.03342375548695
gorilla,2.03342375548695
gorilla,2.130333768495006
gorilla,2.2405492482826
gorilla,2.184691430817599
gorilla,1.99563519459755
gorilla,2.1931245983544616
gorilla,2.130333768495006
gorilla,2.2695129442179165
gorilla,2.225309281725863
gorilla,1.99563519459755
gorilla,2.184691430817599
gorilla,2.184691430817599
gorilla,2.184691430817599
gorilla,2.167317334748176
gorilla,1.9242792860618816
gorilla,1.99563519459755
gorilla,1.8750612633917
gorilla,1.8573324964312685
gorilla,1.9242792860618816
gorilla,1.8920946026904804
gorilla,1.9084850188786497
gorilla,2.459392487759231
gorilla,1.9395192526186185
gorilla,2.0453229787866576
gorilla,2.247973266361807
gorilla,1.954242509439325
gorilla,1.8388490907372552
gorilla,2.0569048513364727
gorilla,1.9395192526186185
gorilla,1.9395192526186185
gorilla,1.8750612633917
gorilla,1.8920946026904804
gorilla,1.954242509439325
gorilla,1.8573324964312685
gorilla,2.3404441148401185
gorilla,2.3283796034387376
gorilla,1.9242792860618816
gorilla,1.8750612633917
gorilla,1.968482948553935
gorilla,2.184691430817599
gorilla,2.184691430817599
gorilla,2.656098202012832
gorilla,2.2013971243204513
gorilla,2.3404441148401185
gorilla,2.1398790864012365
gorilla,1.9395192526186185
gorilla,2.0569048513364727
gorilla,1.9395192526186185
gorilla,2.3344537511509307
gorilla,1.8920946026904804
gorilla,2.1398790864012365
gorilla,2.1398790864012365
gorilla,2.303196057420489
gorilla,2.12057393120585
gorilla,1.9395192526186185
gorilla,2.4409090820652177
gorilla,1.9822712330395684
gorilla,1.9242792860618816
gorilla,1.9084850188786497
gorilla,2.1492191126553797
gorilla,2.0211892990699383
gorilla,2.510545010206612
gorilla,1.9084850188786497
gorilla,2.369215857410143
gorilla,2.2095150145426308
gorilla,2.2174839442139063
gorilla,2.7075701760979363
gorilla,2.1492191126553797
gorilla,2.1931245983544616
gorilla,2.0086001717619175
gorilla,2.0211892990699383
gorilla,2.255272505103306
gorilla,2.0453229787866576
gorilla,2.4638929889859074
gorilla,1.99563519459755
gorilla,1.9084850188786497
gorilla,1.9242792860618816
gorilla,1.9822712330395684
gorilla,1.9242792860618816
gorilla,1.8750612633917
gorilla,1.8750612633917
gorilla,2.2329961103921536
gorilla,1.968482948553935
gorilla,1.9084850188786497
gorilla,2.296665190261531
gorilla,2.03342375548695
gorilla,2.03342375548695
gorilla,2.03342375548695
gorilla,2.03342375548695
gorilla,2.03342375548695
gorilla,2.03342375548695
gorilla,2.0211892990699383
gorilla,2.100370545117563
gorilla,1.9822712330395684
gorilla,1.9242792860618816
gorilla,2.1398790864012365
gorilla,2.12057393120585
gorilla,1.8750612633917
gorilla,1.8750612633917
gorilla,2.0086001717619175
gorilla,1.9242792860618816
gorilla,1.99563519459755
gorilla,1.8750612633917
gorilla,1.9242792860618816
gorilla,2.0086001717619175
gorilla,2.03342375548695
gorilla,2.0086001717619175
gorilla,1.9242792860618816
gorilla,2.322219294733919
gorilla,1.9242792860618816
gorilla,2.401400540781544
gorilla,2.3283796034387376
gorilla,2.0211892990699383
gorilla,2.0211892990699383
gorilla,2.0211892990699383
gorilla,2.9585638832219674
gorilla,2.03342375548695
gorilla,2.03342375548695
gorilla,2.0086001717619175
gorilla,1.9242792860618816
gorilla,1.9084850188786497
gorilla,1.8750612633917
gorilla,2.481442628502305
gorilla,2.0211892990699383
gorilla,2.12057393120585
gorilla,2.0211892990699383
gorilla,2.346352974450639
gorilla,2.494154594018443
gorilla,1.8920946026904804
gorilla,1.8920946026904804
gorilla,1.968482948553935
gorilla,2.2624510897304293
gorilla,2.255272505103306
gorilla,1.968482948553935
gorilla,2.110589710299249
gorilla,2.2764618041732443
gorilla,2.681241237375587
gorilla,2.03342375548695
gorilla,2.346352974450639
gorilla,1.968482948553935
gorilla,1.954242509439325
gorilla,2.100370545117563
gorilla,2.0086001717619175
gorilla,1.954242509439325
gorilla,1.968482948553935
gorilla,2.315970345456918
gorilla,1.9242792860618816
gorilla,1.9242792860618816
gorilla,2.2095150145426308
gorilla,1.9395192526186185
gorilla,1.9084850188786497
gorilla,2.2095150145426308
gorilla,2.0681858617461617
gorilla,2.2624510897304293
gorilla,1.9242792860618816
gorilla,2.1398790864012365
gorilla,2.0086001717619175
gorilla,2.0453229787866576
gorilla,2.0086001717619175
gorilla,1.954242509439325
gorilla,2.3283796034387376
gorilla,1.954242509439325
gorilla,1.968482948553935
gorilla,2.526339277389844
gorilla,2.0211892990699383
gorilla,1.9395192526186185
gorilla,1.9242792860618816
gorilla,1.968482948553935
gorilla,2.1760912590556813
gorilla,2.12057393120585
gorilla,2.110589710299249
gorilla,2.0791812460476247
gorilla,2.0086001717619175
gorilla,2.1760912590556813
gorilla,1.8750612633917
gorilla,2.0086001717619175
gorilla,2.0211892990699383
gorilla,1.99563519459755
gorilla,1.9242792860618816
gorilla,1.9395192526186185
gorilla,2.12057393120585
gorilla,2.2095150145426308
gorilla,1.9395192526186185
gorilla,2.255272505103306
gorilla,1.9395192526186185
gorilla,2.089905111439398
gorilla,2.2405492482826
gorilla,1.9242792860618816
gorilla,1.9822712330395684
gorilla,2.0086001717619175
gorilla,1.8920946026904804
gorilla,1.9084850188786497
gorilla,1.9242792860618816
gorilla,2.2095150145426308
gorilla,2.0211892990699383
gorilla,2.2624510897304293
gorilla,1.968482948553935
gorilla,1.9822712330395684
gorilla,1.9395192526186185
gorilla,1.8750612633917
gorilla,2.03342375548695
gorilla,2.4456042032735974
gorilla,2.1760912590556813
gorilla,1.9395192526186185
gorilla,2.552668216112193
gorilla,2.450249108319361
gorilla,2.0211892990699383
gorilla,1.9242792860618816
gorilla,2.2405492482826
gorilla,2.303196057420489
gorilla,1.8920946026904804
gorilla,1.8920946026904804
gorilla,1.9395192526186185
gorilla,2.247973266361807
gorilla,2.247973266361807
gorilla,1.9242792860618816
gorilla,2.0681858617461617
gorilla,1.9242792860618816
gorilla,2.0791812460476247
gorilla,2.184691430817599
gorilla,2.1492191126553797
gorilla,1.9395192526186185
gorilla,1.9395192526186185
gorilla,1.9395192526186185
gorilla,2.089905111439398
gorilla,2.089905111439398
gorilla,2.089905111439398
gorilla,2.12057393120585
gorilla,2.184691430817599
gorilla,2.5877109650189114
gorilla,1.9395192526186185
gorilla,1.954242509439325
gorilla,1.8920946026904804
gorilla,1.9822712330395684
gorilla,1.9242792860618816
gorilla,2.4785664955938436
gorilla,2.385606273598312
gorilla,2.2013971243204513
gorilla,2.510545010206612
gorilla,2.0569048513364727
gorilla,2.2624510897304293
gorilla,2.1492191126553797
gorilla,1.954242509439325
gorilla,2.2405492482826
gorilla,1.8920946026904804
gorilla,2.2329961103921536
gorilla,1.9084850188786497
gorilla,1.9084850188786497
gorilla,2.0453229787866576
gorilla,1.9242792860618816
gorilla,1.968482948553935
gorilla,2.0569048513364727
gorilla,2.948412965778601
gorilla,1.968482948553935
gorilla,2.9656719712201065
gorilla,2.1583624920952498
gorilla,1.9395192526186185
gorilla,2.0791812460476247
gorilla,2.296665190261531
gorilla,1.8920946026904804
gorilla,2.167317334748176
gorilla,1.9822712330395684
gorilla,1.9822712330395684
gorilla,1.8750612633917
gorilla,1.9242792860618816
gorilla,1.954242509439325
gorilla,1.954242509439325
gorilla,1.8388490907372552
gorilla,1.9084850188786497
gorilla,1.9084850188786497
gorilla,1.9395192526186185
gorilla,1.968482948553935
gorilla,2.0211892990699383
gorilla,1.9395192526186185
gorilla,1.9395192526186185
gorilla,2.2833012287035497
gorilla,2.4409090820652177
gorilla,2.4409090820652177
gorilla,1.954242509439325
gorilla,2.2329961103921536
gorilla,1.968482948553935
gorilla,1.9084850188786497
gorilla,1.9395192526186185
gorilla,1.9084850188786497
gorilla,1.9242792860618816
gorilla,1.9084850188786497
gorilla,1.9084850188786497
gorilla,1.954242509439325
gorilla,2.1492191126553797
gorilla,1.9395192526186185
gorilla,1.9242792860618816
gorilla,1.8920946026904804
gorilla,1.8920946026904804
gorilla,2.315970345456918
gorilla,2.2013971243204513
gorilla,1.8920946026904804
gorilla,1.8920946026904804
gorilla,2.0086001717619175
gorilla,1.9084850188786497
gorilla,1.9084850188786497
gorilla,1.968482948553935
gorilla,1.9822712330395684
gorilla,1.9395192526186185
gorilla,2.0086001717619175
gorilla,1.968482948553935
gorilla,2.4216039268698313
gorilla,2.0086001717619175
gorilla,1.9395192526186185
gorilla,1.8573324964312685
gorilla,2.1760912590556813
gorilla,2.459392487759231
gorilla,2.303196057420489
gorilla,2.0086001717619175
gorilla,1.9242792860618816
gorilla,1.9822712330395684
gorilla,1.8920946026904804
gorilla,1.954242509439325
gorilla,1.8920946026904804
gorilla,2.303196057420489
gorilla,2.45484486000851
gorilla,1.9822712330395684
gorilla,2.2833012287035497
gorilla,1.9395192526186185
gorilla,1.9084850188786497
gorilla,2.374748346010104
gorilla,1.9395192526186185
gorilla,1.8920946026904804
gorilla,1.968482948553935
gorilla,2.0086001717619175
gorilla,2.2174839442139063
gorilla,1.968482948553935
gorilla,2.2174839442139063
gorilla,2.110589710299249
gorilla,1.8920946026904804
gorilla,1.8750612633917
gorilla,2.130333768495006
gorilla,1.9395192526186185
gorilla,1.954242509439325
gorilla,2.03342375548695
gorilla,1.9084850188786497
gorilla,1.968482948553935
gorilla,2.100370545117563
gorilla,2.3283796034387376
gorilla,2.0211892990699383
gorilla,1.9242792860618816
gorilla,1.9242792860618816
gorilla,2.357934847000454
gorilla,2.3096301674258988
gorilla,1.99563519459755
gorilla,1.9242792860618816
gorilla,2.346352974450639
gorilla,2.0086001717619175
gorilla,2.0569048513364727
gorilla,2.089905111439398
gorilla,1.8920946026904804
gorilla,1.8920946026904804
gorilla,1.9242792860618816
gorilla,2.247973266361807
gorilla,2.0453229787866576
gorilla,2.0453229787866576
gorilla,2.1398790864012365
gorilla,2.0453229787866576
gorilla,2.0453229787866576
gorilla,1.99563519459755
gorilla,2.184691430817599
gorilla,2.184691430817599
gorilla,2.0211892990699383
gorilla,1.954242509439325
gorilla,1.9242792860618816
gorilla,1.8750612633917
gorilla,2.0211892990699383
gorilla,2.03342375548695
gorilla,3.0261245167454502
gorilla,1.9395192526186185
gorilla,2.03342375548695
gorilla,2.0211892990699383
gorilla,2.247973266361807
gorilla,1.8750612633917
gorilla,1.8750612633917
gorilla,1.8920946026904804
gorilla,1.8920946026904804
gorilla,1.954242509439325
gorilla,2.130333768495006
gorilla,2.4265112613645754
gorilla,2.0453229787866576
gorilla,1.8920946026904804
gorilla,1.8920946026904804
gorilla,2.0569048513364727
gorilla,1.9084850188786497
gorilla,2.2695129442179165
gorilla,2.4899584794248346
gorilla,2.450249108319361
gorilla,1.968482948553935
gorilla,1.8573324964312685
gorilla,2.41161970596323
gorilla,1.8920946026904804
gorilla,1.9822712330395684
gorilla,2.0681858617461617
gorilla,2.0211892990699383
gorilla,1.9242792860618816
gorilla,2.4727564493172123
gorilla,1.9242792860618816
gorilla,2.6201360549737576
gorilla,2.4727564493172123
gorilla,1.9242792860618816
gorilla,1.99563519459755
gorilla,1.954242509439325
gorilla,1.99563519459755
gorilla,1.9822712330395684
gorilla,2.0569048513364727
gorilla,1.9242792860618816
gorilla,2.315970345456918
gorilla,2.1583624920952498
gorilla,2.130333768495006
gorilla,2.4983105537896004
gorilla,2.4983105537896004
gorilla,2.1583624920952498
gorilla,2.380211241711606
gorilla,2.0211892990699383
gorilla,1.8920946026904804
gorilla,2.60422605308447
gorilla,2.0681858617461617
gorilla,2.12057393120585
gorilla,2.12057393120585
gorilla,2.1492191126553797
gorilla,1.954242509439325
gorilla,1.9822712330395684
gorilla,1.99563519459755
gorilla,1.9822712330395684
gorilla,1.99563519459755
gorilla,1.99563519459755
gorilla,2.1492191126553797
gorilla,1.9084850188786497
gorilla,1.9242792860618816
gorilla,2.184691430817599
gorilla,2.678518379040114
gorilla,1.968482948553935
gorilla,2.0211892990699383
gorilla,1.968482948553935
gorilla,2.12057393120585
gorilla,1.954242509439325
gorilla,1.954242509439325
gorilla,1.8920946026904804
gorilla,2.1492191126553797
gorilla,2.0211892990699383
gorilla,2.100370545117563
gorilla,1.99563519459755
gorilla,2.0453229787866576
gorilla,2.2174839442139063
gorilla,2.5943925503754266
gorilla,2.1931245983544616
gorilla,2.597695185925512
gorilla,1.99563519459755
gorilla,1.9084850188786497
gorilla,2.5774917998372255
gorilla,2.1760912590556813
gorilla,2.552668216112193
gorilla,1.9242792860618816
gorilla,1.9822712330395684
gorilla,1.9084850188786497
gorilla,1.9822712330395684
gorilla,2.1398790864012365
gorilla,1.9395192526186185
gorilla,1.8750612633917
gorilla,2.290034611362518
gorilla,2.0211892990699383
gorilla,1.9822712330395684
gorilla,1.9822712330395684
gorilla,2.0211892990699383
gorilla,1.9395192526186185
gorilla,2.2095150145426308
gorilla,3.204662511748219
gorilla,2.2095150145426308
gorilla,1.8750612633917
gorilla,2.110589710299249
gorilla,2.130333768495006
gorilla,2.1931245983544616
gorilla,1.8388490907372552
gorilla,2.167317334748176
gorilla,1.8750612633917
gorilla,2.3404441148401185
gorilla,1.8750612633917
gorilla,2.2013971243204513
gorilla,2.357934847000454
gorilla,2.225309281725863
gorilla,2.225309281725863
gorilla,2.406540180433955
gorilla,2.1760912590556813
gorilla,2.12057393120585
gorilla,2.2764618041732443
gorilla,2.1583624920952498
gorilla,1.9084850188786497
gorilla,2.303196057420489
gorilla,2.3096301674258988
gorilla,2.2695129442179165
gorilla,2.846337112129805
gorilla,2.5809249756756194
gorilla,2.584331224367531
gorilla,1.968482948553935
gorilla,2.629409599102719
gorilla,2.629409599102719
gorilla,1.9084850188786497
gorilla,1.9242792860618816
gorilla,2.0086001717619175
gorilla,2.167317334748176
gorilla,1.9084850188786497
gorilla,1.9084850188786497
gorilla,2.03342375548695
gorilla,2.167317334748176
gorilla,2.2624510897304293
gorilla,2.290034611362518
gorilla,2.0791812460476247
gorilla,2.0791812460476247
gorilla,2.0211892990699383
gorilla,1.9084850188786497
gorilla,2.3404441148401185
gorilla,2.225309281725863
gorilla,1.968482948553935
gorilla,2.0086001717619175
gorilla,1.9084850188786497
gorilla,2.303196057420489
gorilla,1.9395192526186185
gorilla,2.0681858617461617
gorilla,2.0453229787866576
gorilla,1.8920946026904804
gorilla,2.0086001717619175
gorilla,2.03342375548695
gorilla,2.110589710299249
gorilla,1.9242792860618816
gorilla,2.5563025007672873
gorilla,2.5563025007672873
gorilla,1.968482948553935
gorilla,2.1583624920952498
gorilla,2.0453229787866576
gorilla,1.9395192526186185
gorilla,2.406540180433955
gorilla,1.968482948553935
gorilla,2.100370545117563
gorilla,2.110589710299249
gorilla,1.9395192526186185
gorilla,1.8750612633917
gorilla,2.0086001717619175
gorilla,1.9084850188786497
gorilla,1.9084850188786497
gorilla,1.9242792860618816
gorilla,2.2329961103921536
gorilla,2.374748346010104
gorilla,2.2095150145426308
gorilla,2.7075701760979363
gorilla,2.7075701760979363
gorilla,1.954242509439325
gorilla,2.2764618041732443
gorilla,2.255272505103306
gorilla,1.9242792860618816
gorilla,2.303196057420489
gorilla,1.954242509439325
gorilla,2.2013971243204513
gorilla,1.9242792860618816
gorilla,2.436162647040756
gorilla,2.450249108319361
gorilla,1.954242509439325
gorilla,1.99563519459755
gorilla,1.99563519459755
gorilla,3.0692980121155293
gorilla,2.0453229787866576
gorilla,2.167317334748176
gorilla,1.968482948553935
gorilla,1.9395192526186185
gorilla,1.9822712330395684
gorilla,1.9242792860618816
gorilla,2.2329961103921536
gorilla,2.03342375548695
gorilla,1.9084850188786497
gorilla,2.12057393120585
gorilla,1.9395192526186185
gorilla,2.089905111439398
gorilla,2.4899584794248346
gorilla,1.954242509439325
gorilla,1.9084850188786497
gorilla,1.9084850188786497
gorilla,2.0681858617461617
gorilla,1.9822712330395684
gorilla,2.0211892990699383
gorilla,2.03342375548695
gorilla,2.4983105537896004
gorilla,2.03342375548695
gorilla,2.0211892990699383
gorilla,1.9242792860618816
gorilla,1.9084850188786497
gorilla,2.1583624920952498
gorilla,2.0211892990699383
gorilla,2.0791812460476247
gorilla,1.8920946026904804
gorilla,2.5024271199844326
gorilla,2.0569048513364727
gorilla,2.2764618041732443
gorilla,1.8920946026904804
gorilla,1.968482948553935
gorilla,2.3344537511509307
gorilla,1.9084850188786497
gorilla,2.03342375548695
gorilla,2.2174839442139063
gorilla,1.8388490907372552
gorilla,1.954242509439325
gorilla,2.100370545117563
gorilla,2.1931245983544616
gorilla,1.8920946026904804
gorilla,1.8750612633917
gorilla,1.9242792860618816
gorilla,1.9395192526186185
gorilla,1.9395192526186185
gorilla,2.303196057420489
gorilla,1.9242792860618816
gorilla,1.9242792860618816
gorilla,2.5599066250361124
gorilla,1.9395192526186185
gorilla,2.3283796034387376
gorilla,2.3283796034387376
gorilla,2.3283796034387376
gorilla,2.0211892990699383
gorilla,2.0791812460476247
gorilla,2.03342375548695
gorilla,1.8920946026904804
gorilla,2.0086001717619175
gorilla,2.369215857410143
gorilla,1.968482948553935
gorilla,2.290034611362518
gorilla,2.0681858617461617
gorilla,2.2764618041732443
gorilla,1.9822712330395684
gorilla,2.0086001717619175
gorilla,2.0791812460476247
gorilla,2.2405492482826
gorilla,2.481442628502305
gorilla,2.0211892990699383
gorilla,2.5490032620257876
gorilla,2.41161970596323
gorilla,2.6414741105040997
gorilla,2.2329961103921536
gorilla,2.4456042032735974
gorilla,2.225309281725863
gorilla,1.7323937598229686
gorilla,1.9084850188786497
gorilla,2.2329961103921536
gorilla,2.1931245983544616
gorilla,2.2329961103921536
gorilla,2.1931245983544616
gorilla,1.954242509439325
gorilla,2.0211892990699383
gorilla,2.2174839442139063
gorilla,2.3521825181113627
gorilla,2.4265112613645754
gorilla,2.4265112613645754
gorilla,2.2095150145426308
gorilla,2.0086001717619175
gorilla,1.9084850188786497
gorilla,1.9395192526186185
gorilla,1.8750612633917
gorilla,2.167317334748176
gorilla,2.2174839442139063
gorilla,2.2013971243204513
gorilla,2.2095150145426308
gorilla,1.968482948553935
gorilla,2.0086001717619175
gorilla,1.9822712330395684
gorilla,2.110589710299249
gorilla,1.9395192526186185
gorilla,2.247973266361807
gorilla,1.9242792860618816
gorilla,1.8920946026904804
gorilla,2.0086001717619175
gorilla,2.0086001717619175
gorilla,1.9084850188786497
gorilla,1.9242792860618816
gorilla,1.968482948553935
gorilla,2.0211892990699383
gorilla,2.2013971243204513
gorilla,2.0681858617461617
gorilla,1.954242509439325
gorilla,2.167317334748176
gorilla,2.0211892990699383
gorilla,1.9084850188786497
gorilla,1.8920946026904804
gorilla,1.968482948553935
gorilla,2.2833012287035497
gorilla,2.2833012287035497
gorilla,2.2833012287035497
gorilla,2.2833012287035497
gorilla,2.0453229787866576
gorilla,1.954242509439325
gorilla,2.788875115775417
gorilla,2.788875115775417
gorilla,2.2329961103921536
gorilla,2.2405492482826
gorilla,2.0211892990699383
gorilla,2.0086001717619175
gorilla,2.0086001717619175
gorilla,2.0453229787866576
gorilla,1.954242509439325
gorilla,1.954242509439325
gorilla,2.406540180433955
gorilla,2.406540180433955
gorilla,2.406540180433955
gorilla,1.9242792860618816
gorilla,1.954242509439325
gorilla,1.954242509439325
gorilla,1.954242509439325
gorilla,1.954242509439325
gorilla,2.2013971243204513
gorilla,1.9822712330395684
gorilla,2.4265112613645754
gorilla,2.290034611362518
gorilla,1.99563519459755
gorilla,2.089905111439398
gorilla,1.99563519459755
gorilla,1.99563519459755
gorilla,1.954242509439325
gorilla,2.0569048513364727
gorilla,2.0453229787866576
gorilla,1.99563519459755
gorilla,2.3909351071033793
gorilla,2.255272505103306
gorilla,1.8388490907372552
gorilla,1.6812412373755872
gorilla,2.130333768495006
gorilla,2.3636119798921444
gorilla,2.0791812460476247
gorilla,1.968482948553935
gorilla,2.0569048513364727
gorilla,1.968482948553935
gorilla,2.2624510897304293
gorilla,2.184691430817599
gorilla,1.968482948553935
gorilla,2.0211892990699383
gorilla,1.954242509439325
gorilla,1.954242509439325
gorilla,1.8750612633917
gorilla,2.967079734144497
gorilla,2.303196057420489
gorilla,2.4771212547196626
gorilla,2.303196057420489
gorilla,2.0211892990699383
gorilla,2.0086001717619175
gorilla,2.303196057420489
gorilla,2.1760912590556813
gorilla,1.9084850188786497
gorilla,2.0086001717619175
gorilla,2.0211892990699383
gorilla,1.9084850188786497
gorilla,2.0086001717619175
gorilla,2.41161970596323
gorilla,2.5877109650189114
gorilla,1.9822712330395684
gorilla,1.968482948553935
gorilla,2.0681858617461617
gorilla,1.9084850188786497
gorilla,1.954242509439325
gorilla,2.494154594018443
gorilla,2.1492191126553797
gorilla,1.9822712330395684
gorilla,1.9395192526186185
gorilla,2.3961993470957363
gorilla,2.3961993470957363
gorilla,2.0211892990699383
gorilla,2.3521825181113627
gorilla,2.0453229787866576
gorilla,1.968482948553935
gorilla,2.0453229787866576
gorilla,2.0453229787866576
gorilla,1.968482948553935
gorilla,1.954242509439325
gorilla,2.823474229170301
gorilla,2.167317334748176
gorilla,2.0086001717619175
gorilla,1.9822712330395684
gorilla,2.3521825181113627
gorilla,1.9242792860618816
gorilla,1.9242792860618816
gorilla,1.8920946026904804
gorilla,2.0453229787866576
gorilla,2.1760912590556813
gorilla,1.99563519459755
gorilla,1.8750612633917
gorilla,1.9084850188786497
gorilla,1.9395192526186185
gorilla,1.9822712330395684
gorilla,2.225309281725863
gorilla,2.0453229787866576
gorilla,2.3283796034387376
gorilla,2.110589710299249
gorilla,2.0453229787866576
gorilla,2.2764618041732443
gorilla,1.9084850188786497
gorilla,1.9084850188786497
gorilla,1.9822712330395684
gorilla,2.0569048513364727
gorilla,1.968482948553935
gorilla,1.8920946026904804
gorilla,1.8750612633917
gorilla,1.954242509439325
gorilla,1.99563519459755
gorilla,1.968482948553935
gorilla,1.9822712330395684
gorilla,1.954242509439325
gorilla,1.9084850188786497
gorilla,1.8920946026904804
gorilla,1.9822712330395684
gorilla,2.6074550232146687
gorilla,1.9395192526186185
gorilla,1.8573324964312685
gorilla,1.954242509439325
gorilla,1.9242792860618816
gorilla,2.0086001717619175
gorilla,1.9395192526186185
gorilla,1.954242509439325
gorilla,1.9084850188786497
gorilla,1.99563519459755
gorilla,2.0681858617461617
gorilla,2.03342375548695
gorilla,2.03342375548695
gorilla,1.8750612633917
gorilla,1.9084850188786497
gorilla,1.9822712330395684
gorilla,1.9084850188786497
gorilla,1.9084850188786497
gorilla,2.100370545117563
gorilla,1.9395192526186185
gorilla,1.9084850188786497
gorilla,1.9395192526186185
gorilla,2.6263403673750423
gorilla,2.1398790864012365
gorilla,1.8920946026904804
gorilla,1.8920946026904804
gorilla,1.8920946026904804
gorilla,1.9084850188786497
gorilla,2.2695129442179165
gorilla,2.184691430817599
gorilla,2.03342375548695
gorilla,1.9242792860618816
gorilla,1.8920946026904804
gorilla,2.1492191126553797
gorilla,2.0211892990699383
gorilla,1.9242792860618816
gorilla,2.506505032404872
gorilla,2.100370545117563
gorilla,1.99563519459755
gorilla,2.0681858617461617
gorilla,1.9395192526186185
gorilla,1.9084850188786497
gorilla,1.9395192526186185
gorilla,1.9084850188786497
gorilla,2.100370545117563
gorilla,2.0086001717619175
gorilla,2.2624510897304293
gorilla,1.99563519459755
gorilla,2.2174839442139063
gorilla,2.1931245983544616
gorilla,1.968482948553935
gorilla,2.7715874808812555
gorilla,1.9084850188786497
gorilla,2.03342375548695
gorilla,2.2695129442179165
gorilla,2.2695129442179165
gorilla,1.8750612633917
gorilla,2.762678563727436
gorilla,1.4771212547196624
gorilla,2.315970345456918
gorilla,1.968482948553935
gorilla,2.0453229787866576
gorilla,1.954242509439325
gorilla,1.9084850188786497
gorilla,2.0211892990699383
gorilla,1.9242792860618816
gorilla,1.8750612633917
gorilla,2.167317334748176
gorilla,2.12057393120585
gorilla,1.9242792860618816
gorilla,2.184691430817599
gorilla,2.0453229787866576
gorilla,2.0681858617461617
gorilla,2.110589710299249
gorilla,1.9242792860618816
gorilla,2.0211892990699383
gorilla,1.954242509439325
gorilla,1.954242509439325
gorilla,1.8750612633917
gorilla,2.380211241711606
gorilla,1.8750612633917
gorilla,2.1398790864012365
gorilla,2.406540180433955
gorilla,2.45484486000851
gorilla,2.100370545117563
gorilla,2.450249108319361
gorilla,1.9395192526186185
gorilla,2.03342375548695
gorilla,2.255272505103306
gorilla,2.1398790864012365
gorilla,2.346352974450639
gorilla,1.968482948553935
gorilla,1.9242792860618816
gorilla,2.2405492482826
gorilla,2.110589710299249
gorilla,1.9242792860618816
gorilla,2.7535830588929064
gorilla,2.2833012287035497
gorilla,2.494154594018443
gorilla,2.494154594018443
gorilla,2.4456042032735974
gorilla,2.537819095073274
gorilla,2.1931245983544616
gorilla,1.9822712330395684
gorilla,1.8920946026904804
gorilla,1.9242792860618816
gorilla,2.0086001717619175
gorilla,2.1760912590556813
gorilla,2.6201360549737576
gorilla,1.8750612633917
gorilla,1.8750612633917
gorilla,1.8750612633917
gorilla,2.100370545117563
gorilla,1.8920946026904804
gorilla,1.8750612633917
gorilla,2.526339277389844
gorilla,2.1492191126553797
gorilla,1.9242792860618816
gorilla,2.12057393120585
gorilla,1.9242792860618816
gorilla,2.0569048513364727
gorilla,2.0569048513364727
gorilla,2.0569048513364727
gorilla,2.3404441148401185
human,2.110589710299249
human,2.0681858617461617
human,1.8573324964312685
human,2.61066016308988
human,2.0086001717619175
human,2.0086001717619175
human,2.494154594018443
human,1.9395192526186185
human,2.1398790864012365
human,1.99563519459755
human,2.4409090820652177
human,1.954242509439325
human,2.436162647040756
human,1.954242509439325
human,1.954242509439325
human,2.2013971243204513
human,2.12057393120585
human,2.1398790864012365
human,1.954242509439325
human,1.9242792860618816
human,1.968482948553935
human,2.12057393120585
human,2.255272505103306
human,2.2624510897304293
human,2.0453229787866576
human,2.184691430817599
human,1.99563519459755
human,1.99563519459755
human,2.167317334748176
human,2.45484486000851
human,2.167317334748176
human,1.99563519459755
human,2.03342375548695
human,1.9084850188786497
human,1.9822712330395684
human,2.41161970596323
human,2.41161970596323
human,3.325925955771466
human,3.325925955771466
human,2.850033257689769
human,2.5415792439465807
human,2.1492191126553797
human,2.296665190261531
human,2.0453229787866576
human,2.2174839442139063
human,1.8920946026904804
human,1.8920946026904804
human,1.9822712330395684
human,1.968482948553935
human,1.9395192526186185
human,1.9084850188786497
human,1.9242792860618816
human,1.9395192526186185
human,2.530199698203082
human,2.530199698203082
human,2.12057393120585
human,2.0453229787866576
human,2.7649229846498886
human,2.7671558660821804
human,2.315970345456918
human,2.315970345456918
human,2.0086001717619175
human,2.0086001717619175
human,2.2174839442139063
human,1.9822712330395684
human,2.0211892990699383
human,1.9084850188786497
human,1.9084850188786497
human,1.954242509439325
human,1.954242509439325
human,2.303196057420489
human,2.0453229787866576
human,1.968482948553935
human,1.9822712330395684
human,1.954242509439325
human,2.1760912590556813
human,1.954242509439325
human,1.9395192526186185
human,2.0453229787866576
human,2.322219294733919
human,2.2329961103921536
human,2.322219294733919
human,1.8920946026904804
human,2.089905111439398
human,1.9395192526186185
human,1.9395192526186185
human,2.5599066250361124
human,2.130333768495006
human,2.3344537511509307
human,1.8195439355418688
human,1.968482948553935
human,1.968482948553935
human,2.2833012287035497
human,2.2833012287035497
human,2.0211892990699383
human,2.406540180433955
human,2.0086001717619175
human,2.1760912590556813
human,2.795184589682424
human,2.1492191126553797
human,1.9242792860618816
human,2.0569048513364727
human,1.9242792860618816
human,2.315970345456918
human,2.0086001717619175
human,2.1398790864012365
human,2.303196057420489
human,2.0681858617461617
human,2.2405492482826
human,2.2095150145426308
human,1.9395192526186185
human,2.401400540781544
human,2.3096301674258988
human,2.3521825181113627
human,1.9242792860618816
human,2.7715874808812555
human,2.110589710299249
human,1.9395192526186185
human,1.9242792860618816
human,2.0681858617461617
human,2.3283796034387376
human,2.2624510897304293
human,2.247973266361807
human,1.968482948553935
human,1.968482948553935
human,2.12057393120585
human,2.385606273598312
human,1.5185139398778875
human,2.0453229787866576
human,2.0453229787866576
human,2.380211241711606
human,2.380211241711606
human,1.9822712330395684
human,2.184691430817599
human,1.99563519459755
human,2.401400540781544
human,2.4216039268698313
human,1.9242792860618816
human,1.9242792860618816
human,1.954242509439325
human,1.954242509439325
human,2.0569048513364727
human,2.3096301674258988
human,2.0569048513364727
human,2.225309281725863
human,1.8750612633917
human,2.494154594018443
human,2.1583624920952498
human,2.0681858617461617
human,2.0681858617461617
human,1.968482948553935
human,2.3636119798921444
human,2.130333768495006
human,2.846337112129805
human,2.03342375548695
human,2.0681858617461617
human,2.255272505103306
human,2.03342375548695
human,2.1398790864012365
human,2.1398790864012365
human,1.99563519459755
human,2.2405492482826
human,2.1583624920952498
human,2.0453229787866576
human,2.552668216112193
human,1.9242792860618816
human,2.0791812460476247
human,1.9242792860618816
human,1.9242792860618816
human,2.0569048513364727
human,2.3283796034387376
human,2.0569048513364727
human,2.303196057420489
human,1.9242792860618816
human,2.4216039268698313
human,1.968482948553935
human,2.2329961103921536
human,2.2095150145426308
human,2.0453229787866576
human,2.4216039268698313
human,2.089905111439398
human,2.2174839442139063
human,1.9395192526186185
human,2.167317334748176
human,2.130333768495006
human,1.9822712330395684
human,1.8750612633917
human,1.968482948553935
human,1.968482948553935
human,2.167317334748176
human,2.369215857410143
human,1.968482948553935
human,2.1398790864012365
human,1.9242792860618816
human,1.9395192526186185
human,1.9395192526186185
human,2.1492191126553797
human,1.9084850188786497
human,2.2174839442139063
human,1.9084850188786497
human,1.9242792860618816
human,2.4313637641589874
human,2.296665190261531
human,2.357934847000454
human,2.2695129442179165
human,2.2695129442179165
human,1.9242792860618816
human,2.0791812460476247
human,2.2695129442179165
human,2.130333768495006
human,1.954242509439325
human,2.1583624920952498
human,1.8388490907372552
human,1.99563519459755
human,1.9084850188786497
human,2.322219294733919
human,2.0453229787866576
human,2.530199698203082
human,2.629409599102719
human,2.0569048513364727
human,2.184691430817599
human,1.9084850188786497
human,2.1931245983544616
human,1.8920946026904804
human,2.296665190261531
human,2.184691430817599
human,1.99563519459755
human,2.4771212547196626
human,1.9084850188786497
human,1.9084850188786497
human,1.9395192526186185
human,2.369215857410143
human,1.968482948553935
human,1.99563519459755
human,1.9822712330395684
human,1.954242509439325
human,1.954242509439325
human,1.968482948553935
human,2.0569048513364727
human,2.03342375548695
human,1.954242509439325
human,1.9242792860618816
human,2.0791812460476247
human,1.968482948553935
human,2.167317334748176
human,1.968482948553935
human,2.110589710299249
human,2.110589710299249
human,2.110589710299249
human,2.110589710299249
human,2.0681858617461617
human,2.184691430817599
human,2.450249108319361
human,2.1760912590556813
human,1.9084850188786497
human,2.225309281725863
human,2.380211241711606
human,2.380211241711606
human,2.380211241711606
human,2.0569048513364727
human,1.9242792860618816
human,2.3096301674258988
human,2.130333768495006
human,1.9084850188786497
human,1.9395192526186185
human,2.6473829701146196
human,1.99563519459755
human,1.99563519459755
human,1.9242792860618816
human,1.9395192526186185
human,2.3096301674258988
human,1.9395192526186185
human,2.110589710299249
human,1.99563519459755
human,2.110589710299249
human,1.9822712330395684
human,1.968482948553935
human,2.401400540781544
human,2.0681858617461617
human,2.0453229787866576
human,2.089905111439398
human,2.1492191126553797
human,1.9395192526186185
human,2.6263403673750423
human,2.0453229787866576
human,1.9395192526186185
human,2.481442628502305
human,2.167317334748176
human,1.9822712330395684
human,1.9822712330395684
human,2.03342375548695
human,1.9822712330395684
human,2.0086001717619175
human,1.8920946026904804
human,2.0681858617461617
human,2.03342375548695
human,2.130333768495006
human,2.110589710299249
human,1.968482948553935
human,1.954242509439325
human,1.9242792860618816
human,1.968482948553935
human,2.089905111439398
human,1.8920946026904804
human,2.0211892990699383
human,2.0211892990699383
human,2.0211892990699383
human,2.184691430817599
human,2.385606273598312
human,2.3636119798921444
human,2.3636119798921444
human,2.2405492482826
human,2.7299742856995555
human,1.6812412373755872
human,1.9395192526186185
human,2.0211892990699383
human,1.99563519459755
human,2.459392487759231
human,2.459392487759231
human,2.459392487759231
human,2.03342375548695
human,2.089905111439398
human,2.4456042032735974
human,2.0086001717619175
human,1.9242792860618816
human,1.968482948553935
human,2.100370545117563
human,1.954242509439325
human,1.9084850188786497
human,2.0086001717619175
human,2.0086001717619175
human,2.0211892990699383
human,2.0453229787866576
human,2.1760912590556813
human,1.9084850188786497
human,2.0086001717619175
human,2.5877109650189114
human,1.9822712330395684
human,1.968482948553935
human,1.968482948553935
human,2.0681858617461617
human,1.99563519459755
human,1.8750612633917
human,1.9084850188786497
human,1.954242509439325
human,2.110589710299249
human,2.110589710299249
human,2.110589710299249
human,2.494154594018443
human,1.968482948553935
human,1.8750612633917
human,2.03342375548695
human,2.0791812460476247
human,1.9822712330395684
human,1.9395192526186185
human,2.0211892990699383
human,2.3521825181113627
human,2.0453229787866576
human,1.968482948553935
human,2.0453229787866576
human,1.954242509439325
human,1.9822712330395684
human,2.0086001717619175
human,3.0962145853464054
human,1.6812412373755872
human,2.885361220031512
human,3.2375437381428744
human,2.9116901587538613
human,2.8573324964312685
human,3.225309281725863
human,2.380211241711606
human,1.9822712330395684
human,2.459392487759231
human,1.6812412373755872
human,1.6812412373755872
human,1.9822712330395684
human,1.9822712330395684
human,1.6812412373755872
human,1.6812412373755872
human,1.6812412373755872
human,1.6812412373755872
human,1.6812412373755872
human,1.6812412373755872
human,1.6812412373755872
human,1.6812412373755872
human,2.1583624920952498
human,1.6812412373755872
human,2.167317334748176
human,1.6812412373755872
human,1.9242792860618816
human,1.9242792860618816
human,2.1398790864012365
human,1.9084850188786497
human,1.9395192526186185
human,2.0453229787866576
human,1.9822712330395684
human,2.3283796034387376
human,2.3283796034387376
human,2.110589710299249
human,2.0211892990699383
human,2.5705429398818973
human,2.0453229787866576
human,2.0453229787866576
human,2.2764618041732443
human,1.9084850188786497
human,1.9084850188786497
human,1.9822712330395684
human,2.385606273598312
human,2.0569048513364727
human,1.968482948553935
human,1.8920946026904804
human,1.8750612633917
human,1.954242509439325
human,1.99563519459755
human,1.968482948553935
human,1.9822712330395684
human,1.8920946026904804
human,1.954242509439325
human,1.9084850188786497
human,1.8920946026904804
human,1.9822712330395684
human,1.9395192526186185
human,1.8573324964312685
human,1.954242509439325
human,1.9242792860618816
human,2.0086001717619175
human,1.9395192526186185
human,1.954242509439325
human,1.9084850188786497
human,1.99563519459755
human,1.9242792860618816
human,1.9242792860618816
human,2.0681858617461617
human,2.03342375548695
human,2.03342375548695
human,1.8750612633917
human,1.9084850188786497
human,1.9822712330395684
human,1.9822712330395684
human,1.99563519459755
human,1.9084850188786497
human,1.9084850188786497
human,2.385606273598312
human,2.6263403673750423
human,2.1398790864012365
human,1.8920946026904804
human,1.8920946026904804
human,2.0086001717619175
human,1.9084850188786497
human,1.9084850188786497
human,2.2695129442179165
human,2.2329961103921536
human,2.03342375548695
human,2.2174839442139063
human,1.9242792860618816
human,1.9242792860618816
human,1.8920946026904804
human,2.0211892990699383
human,1.9242792860618816
human,2.506505032404872
human,2.506505032404872
human,2.100370545117563
human,2.0681858617461617
human,2.1931245983544616
human,1.9395192526186185
human,1.9084850188786497
human,1.9395192526186185
human,2.4409090820652177
human,1.9084850188786497
human,2.100370545117563
human,2.0086001717619175
human,2.2624510897304293
human,1.99563519459755
human,2.0211892990699383
human,2.247973266361807
human,1.968482948553935
human,2.255272505103306
human,1.8920946026904804
human,1.8920946026904804
human,2.167317334748176
human,2.380211241711606
human,2.089905111439398
human,1.8573324964312685
human,2.0086001717619175
human,1.954242509439325
human,1.9822712330395684
human,2.100370545117563
human,2.100370545117563
human,2.0211892990699383
human,2.03342375548695
human,2.03342375548695
human,2.552668216112193
human,2.5774917998372255
human,2.459392487759231
human,1.9242792860618816
human,2.0211892990699383
human,1.9084850188786497
human,2.514547752660286
human,1.9395192526186185
human,2.3909351071033793
human,1.9242792860618816
human,2.03342375548695
human,2.2624510897304293
human,2.0569048513364727
human,2.2174839442139063
human,2.296665190261531
human,2.089905111439398
human,1.9395192526186185
human,2.184691430817599
human,2.0791812460476247
human,2.290034611362518
human,2.089905111439398
human,2.2833012287035497
human,2.100370545117563
human,1.8920946026904804
human,2.0569048513364727
human,1.9084850188786497
human,2.801403710017355
human,2.574031267727719
human,2.374748346010104
human,2.1760912590556813
human,1.9395192526186185
human,2.406540180433955
human,1.9084850188786497
human,1.9084850188786497
human,2.1931245983544616
human,2.7671558660821804
human,1.954242509439325
human,1.8920946026904804
human,1.9242792860618816
human,2.0453229787866576
human,1.9084850188786497
human,1.9395192526186185
human,1.954242509439325
human,2.089905111439398
human,2.089905111439398
human,1.968482948553935
human,2.4265112613645754
human,1.9242792860618816
human,1.9242792860618816
human,2.450249108319361
human,2.537819095073274
human,2.0211892990699383
human,2.167317334748176
human,2.167317334748176
human,2.167317334748176
human,2.03342375548695
human,1.9822712330395684
human,2.2405492482826
human,2.100370545117563
human,1.968482948553935
human,1.968482948553935
human,2.0569048513364727
human,2.2329961103921536
human,1.8750612633917
human,1.9822712330395684
human,2.60422605308447
human,1.9242792860618816
human,1.9242792860618816
human,1.8388490907372552
human,2.2095150145426308
human,2.1931245983544616
human,2.0453229787866576
human,2.225309281725863
human,1.968482948553935
human,1.968482948553935
human,2.03342375548695
human,2.089905111439398
human,2.3909351071033793
human,1.9822712330395684
human,1.8920946026904804
human,2.2695129442179165
human,2.110589710299249
human,1.8920946026904804
human,2.0453229787866576
human,2.12057393120585
human,1.9242792860618816
human,1.9822712330395684
human,1.99563519459755
human,2.2174839442139063
human,2.100370545117563
human,1.9084850188786497
human,2.0211892990699383
human,2.0569048513364727
human,2.0211892990699383
human,2.0569048513364727
human,1.968482948553935
human,2.0569048513364727
human,2.0569048513364727
human,1.9395192526186185
human,2.0086001717619175
human,2.0791812460476247
human,2.0681858617461617
human,2.0569048513364727
human,2.03342375548695
human,2.247973266361807
human,2.494154594018443
human,2.494154594018443
human,1.9084850188786497
human,2.0681858617461617
human,1.9084850188786497
human,2.12057393120585
human,2.41161970596323
human,2.41161970596323
human,1.968482948553935
human,2.03342375548695
human,2.4409090820652177
human,2.4409090820652177
human,2.2695129442179165
human,2.03342375548695
human,2.1583624920952498
human,1.7993405494535817
human,2.1583624920952498
human,1.8750612633917
human,2.167317334748176
human,1.8750612633917
human,1.9822712330395684
human,1.9822712330395684
human,2.3909351071033793
human,1.99563519459755
human,2.225309281725863
human,1.968482948553935
human,1.9084850188786497
human,2.03342375548695
human,1.99563519459755
human,2.1492191126553797
human,1.9084850188786497
human,2.3909351071033793
human,2.3909351071033793
human,2.6232492903979003
human,2.0791812460476247
human,2.5563025007672873
human,1.9395192526186185
human,2.0211892990699383
human,2.2013971243204513
human,1.8195439355418688
human,2.6532125137753435
human,2.0211892990699383
human,2.416640507338281
human,1.9242792860618816
human,3.511749711344983
human,2.534026106056135
human,1.9395192526186185
human,2.110589710299249
human,2.0086001717619175
human,2.0453229787866576
human,2.0453229787866576
human,2.0211892990699383
human,1.8573324964312685
human,2.4265112613645754
human,2.574031267727719
human,1.8195439355418688
human,1.954242509439325
human,1.954242509439325
human,1.968482948553935
human,2.12057393120585
human,2.0791812460476247
human,2.089905111439398
human,2.100370545117563
human,2.2405492482826
human,2.2095150145426308
human,2.03342375548695
human,2.0681858617461617
human,2.100370545117563
human,2.247973266361807
human,1.9084850188786497
human,1.9822712330395684
human,2.374748346010104
human,2.385606273598312
human,2.110589710299249
human,2.100370545117563
human,2.184691430817599
human,2.3404441148401185
human,1.9395192526186185
human,2.167317334748176
human,2.184691430817599
human,2.247973266361807
human,1.8750612633917
human,2.0681858617461617
human,2.629409599102719
human,2.100370545117563
human,2.0453229787866576
human,2.0211892990699383
human,1.9822712330395684
human,2.247973266361807
human,2.247973266361807
human,1.968482948553935
human,1.968482948553935
human,1.8388490907372552
human,2.5185139398778875
human,2.459392487759231
human,2.130333768495006
human,2.3961993470957363
human,1.8750612633917
human,1.8920946026904804
human,2.247973266361807
human,1.99563519459755
human,1.99563519459755
human,1.954242509439325
human,2.1760912590556813
human,2.0211892990699383
human,2.0681858617461617
human,2.303196057420489
human,2.3521825181113627
human,2.2095150145426308
human,1.9242792860618816
human,2.12057393120585
human,2.12057393120585
human,2.255272505103306
human,2.801403710017355
human,1.9822712330395684
human,2.3404441148401185
human,1.9822712330395684
human,2.130333768495006
human,2.130333768495006
human,1.9395192526186185
human,2.2013971243204513
human,2.2013971243204513
human,2.2833012287035497
human,2.645422269349092
human,1.8573324964312685
human,2.645422269349092
human,2.130333768495006
human,2.03342375548695
human,1.8573324964312685
human,1.8750612633917
human,2.03342375548695
human,2.0681858617461617
human,1.8920946026904804
human,3.2013971243204513
human,2.2764618041732443
human,1.9084850188786497
human,1.968482948553935
human,2.0211892990699383
human,2.0211892990699383
human,2.315970345456918
human,1.968482948553935
human,1.954242509439325
human,1.8573324964312685
human,1.8573324964312685
human,1.8573324964312685
human,1.954242509439325
human,2.45484486000851
human,1.9822712330395684
human,1.9822712330395684
human,1.9822712330395684
human,2.0569048513364727
human,2.0569048513364727
human,1.8920946026904804
human,1.9395192526186185
human,1.9084850188786497
human,1.9084850188786497
human,1.9084850188786497
human,1.9242792860618816
human,1.8920946026904804
human,1.9242792860618816
human,1.8750612633917
human,2.0569048513364727
human,1.8750612633917
human,1.954242509439325
human,1.954242509439325
human,1.954242509439325
human,1.9822712330395684
human,1.9822712330395684
human,2.1760912590556813
human,2.110589710299249
human,2.0453229787866576
human,1.9822712330395684
human,2.357934847000454
human,2.247973266361807
human,2.225309281725863
human,2.3283796034387376
human,2.12057393120585
human,2.167317334748176
human,2.673020907128896
human,2.1492191126553797
human,2.110589710299249
human,1.8750612633917
human,1.99563519459755
human,2.2833012287035497
human,1.9242792860618816
human,2.0211892990699383
human,1.8750612633917
human,1.968482948553935
human,1.5563025007672873
human,1.9395192526186185
human,2.741939077729199
human,1.954242509439325
human,2.2013971243204513
human,2.3096301674258988
human,1.9822712330395684
human,2.2764618041732443
human,1.9395192526186185
human,1.9395192526186185
human,2.2624510897304293
human,2.296665190261531
human,1.9395192526186185
human,1.9822712330395684
human,2.0211892990699383
human,2.1583624920952498
human,2.0453229787866576
human,1.9084850188786497
human,2.1583624920952498
human,1.968482948553935
human,2.0569048513364727
human,2.717670503002262
human,2.0086001717619175
human,1.9242792860618816
human,1.8920946026904804
human,2.1492191126553797
human,2.0211892990699383
human,2.0086001717619175
human,2.0086001717619175
human,1.968482948553935
human,2.385606273598312
human,2.4638929889859074
human,1.9395192526186185
human,2.678518379040114
human,2.346352974450639
human,2.2095150145426308
human,2.303196057420489
human,2.2013971243204513
human,1.8920946026904804
human,2.089905111439398
human,1.8573324964312685
human,2.089905111439398
human,1.9242792860618816
human,1.8920946026904804
human,1.99563519459755
human,2.225309281725863
human,2.03342375548695
human,2.03342375548695
human,2.45484486000851
human,1.8920946026904804
human,2.0086001717619175
human,1.9084850188786497
human,1.8750612633917
human,2.0681858617461617
human,2.848189116991399
human,1.8573324964312685
human,2.5490032620257876
human,1.9822712330395684
human,1.8573324964312685
human,1.9242792860618816
human,1.968482948553935
human,1.9084850188786497
human,2.290034611362518
human,2.369215857410143
human,2.1398790864012365
human,2.481442628502305
human,2.4983105537896004
human,2.2833012287035497
human,1.8750612633917
human,2.0681858617461617
human,2.346352974450639
human,1.9242792860618816
human,1.9242792860618816
human,2.346352974450639
human,1.9395192526186185
human,2.247973266361807
human,2.2013971243204513
human,2.089905111439398
human,1.954242509439325
human,2.2405492482826
human,2.0791812460476247
human,2.0453229787866576
human,2.0086001717619175
human,2.12057393120585
human,1.954242509439325
human,2.0569048513364727
human,1.9242792860618816
human,2.0086001717619175
human,1.954242509439325
human,2.2013971243204513
human,2.12057393120585
human,1.9242792860618816
human,1.9242792860618816
human,1.954242509439325
human,2.3909351071033793
human,2.0569048513364727
human,2.0569048513364727
human,2.1760912590556813
human,2.0453229787866576
human,2.2329961103921536
human,2.2329961103921536
human,1.99563519459755
human,1.9084850188786497
human,2.0211892990699383
human,2.0453229787866576
human,1.591064607026499
human,1.954242509439325
human,2.315970345456918
human,2.357934847000454
human,1.8750612633917
human,2.3521825181113627
human,2.5024271199844326
human,2.369215857410143
human,1.954242509439325
human,2.3283796034387376
human,2.369215857410143
human,2.110589710299249
human,1.8750612633917
human,1.8920946026904804
human,1.8920946026904804
human,2.303196057420489
human,1.9822712330395684
human,2.2013971243204513
human,2.1760912590556813
human,2.1760912590556813
human,1.9822712330395684
human,1.9822712330395684
human,1.9822712330395684
human,2.4265112613645754
human,1.8920946026904804
human,2.225309281725863
human,2.3283796034387376
human,1.8920946026904804
human,2.0681858617461617
human,2.0569048513364727
human,2.247973266361807
human,2.0681858617461617
human,2.315970345456918
human,2.167317334748176
human,3.1734776434529945
human,3.1734776434529945
human,1.9395192526186185
human,2.3283796034387376
human,2.0569048513364727
human,2.0569048513364727
human,2.2329961103921536
human,2.184691430817599
human,2.0086001717619175
human,2.255272505103306
human,2.1583624920952498
human,2.629409599102719
human,2.629409599102719
human,1.9242792860618816
human,2.167317334748176
human,1.954242509439325
human,2.315970345456918
human,2.130333768495006
human,2.0086001717619175
human,2.4899584794248346
human,2.296665190261531
human,2.296665190261531
human,2.401400540781544
human,2.2329961103921536
human,2.12057393120585
human,2.0211892990699383
human,2.315970345456918
human,1.9395192526186185
human,1.9395192526186185
human,2.0086001717619175
human,1.9242792860618816
human,2.526339277389844
human,2.089905111439398
human,2.45484486000851
human,2.100370545117563
human,2.406540180433955
human,1.954242509439325
human,2.3096301674258988
human,2.2095150145426308
human,2.4409090820652177
human,2.03342375548695
human,2.6201360549737576
human,2.6384892569546374
human,2.0791812460476247
human,2.5599066250361124
human,2.167317334748176
human,2.290034611362518
human,1.8388490907372552
human,1.9822712330395684
human,1.9822712330395684
human,1.9822712330395684
human,2.2013971243204513
human,2.4899584794248346
human,2.5185139398778875
human,2.03342375548695
human,2.3961993470957363
human,2.0086001717619175
human,2.0569048513364727
human,2.0569048513364727
human,1.8920946026904804
human,2.2329961103921536
human,2.255272505103306
human,2.130333768495006
human,2.0086001717619175
human,1.99563519459755
human,1.9242792860618816
human,1.954242509439325
human,1.9242792860618816
human,2.2833012287035497
human,1.968482948553935
human,2.0681858617461617
human,2.4216039268698313
human,2.0211892990699383
human,2.0453229787866576
human,2.110589710299249
human,2.1760912590556813
human,2.3636119798921444
human,2.45484486000851
human,2.12057393120585
human,2.416640507338281
human,2.385606273598312
human,2.385606273598312
human,1.8573324964312685
human,1.8573324964312685
human,2.0569048513364727
human,2.2095150145426308
human,2.0681858617461617
human,2.0086001717619175
human,2.0086001717619175
human,2.0086001717619175
human,2.0086001717619175
human,2.0086001717619175
human,2.0453229787866576
human,1.9242792860618816
human,1.8920946026904804
human,2.225309281725863
human,2.0681858617461617
human,2.12057393120585
human,1.9395192526186185
human,2.315970345456918
human,2.1931245983544616
human,2.0569048513364727
human,2.0211892990699383
human,2.1583624920952498
human,2.0681858617461617
human,2.2013971243204513
human,2.1931245983544616
human,1.9242792860618816
human,2.03342375548695
human,2.4265112613645754
human,2.12057393120585
human,2.089905111439398
human,2.803457115648414
human,1.9084850188786497
human,1.968482948553935
human,1.9395192526186185
human,1.9084850188786497
human,2.0681858617461617
human,2.3521825181113627
human,1.954242509439325
human,2.2013971243204513
human,2.0086001717619175
human,2.0086001717619175
human,2.0086001717619175
human,2.225309281725863
human,2.459392487759231
human,2.0086001717619175
human,2.0791812460476247
human,2.089905111439398
human,1.8920946026904804
human,1.8920946026904804
human,2.0086001717619175
human,2.089905111439398
human,2.0453229787866576
human,2.110589710299249
human,2.089905111439398
human,2.0086001717619175
human,2.2695129442179165
human,1.9084850188786497
human,2.184691430817599
human,1.9084850188786497
human,2.2174839442139063
human,1.8920946026904804
human,1.8750612633917
human,2.2405492482826
human,1.954242509439325
human,1.99563519459755
human,1.8920946026904804
human,2.225309281725863
human,2.574031267727719
human,2.225309281725863
human,1.9242792860618816
human,2.7075701760979363
human,1.8750612633917
human,1.9242792860618816
human,2.0681858617461617
human,2.089905111439398
human,1.9395192526186185
human,2.089905111439398
human,1.9822712330395684
human,2.225309281725863
human,1.9242792860618816
human,1.9242792860618816
human,2.0211892990699383
human,1.9242792860618816
human,2.2174839442139063
human,1.9395192526186185
human,1.9395192526186185
human,2.1492191126553797
human,2.2624510897304293
human,2.2013971243204513
human,2.1492191126553797
human,2.2833012287035497
human,1.968482948553935
human,1.954242509439325
human,2.03342375548695
human,2.0681858617461617
human,2.2013971243204513
human,2.0791812460476247
human,1.9822712330395684
human,1.9822712330395684
human,2.089905111439398
human,1.968482948553935
human,1.968482948553935
human,1.99563519459755
human,2.089905111439398
human,2.0681858617461617
human,1.9084850188786497
human,2.436162647040756
human,2.0569048513364727
human,2.0569048513364727
human,1.968482948553935
human,2.0086001717619175
human,2.1583624920952498
human,2.12057393120585
human,2.0453229787866576
human,1.4771212547196624
human,2.0681858617461617
human,2.357934847000454
human,2.12057393120585
human,1.9395192526186185
human,2.374748346010104
human,2.0569048513364727
human,2.416640507338281
human,2.110589710299249
human,2.110589710299249
human,2.2013971243204513
human,1.8920946026904804
human,2.0791812460476247
human,2.247973266361807
human,1.8573324964312685
human,2.4913616938342726
human,2.4913616938342726
human,1.9242792860618816
human,2.100370545117563
human,2.2695129442179165
human,2.0211892990699383
human,1.8920946026904804
human,1.9084850188786497
human,2.0086001717619175
human,2.130333768495006
human,1.99563519459755
human,1.99563519459755
human,2.1398790864012365
human,1.9822712330395684
human,1.9822712330395684
human,1.9395192526186185
human,1.9395192526186185
human,2.0453229787866576
human,2.03342375548695
human,1.9242792860618816
human,2.3096301674258988
human,2.0681858617461617
human,2.2013971243204513
human,2.247973266361807
human,2.225309281725863
human,1.8750612633917
human,1.9242792860618816
human,1.8920946026904804
human,2.3961993470957363
human,1.99563519459755
human,2.0681858617461617
human,2.2624510897304293
human,2.2624510897304293
human,1.9084850188786497
human,2.2095150145426308
human,1.954242509439325
human,1.954242509439325
human,2.0211892990699383
human,1.9395192526186185
human,1.968482948553935
human,1.9242792860618816
human,2.6757783416740852
human,1.968482948553935
human,1.9822712330395684
human,1.954242509439325
human,2.12057393120585
human,2.436162647040756
human,2.436162647040756
human,2.0681858617461617
human,2.0211892990699383
human,1.9822712330395684
human,2.167317334748176
human,2.2329961103921536
human,2.03342375548695
human,1.7781512503836436
human,1.4771212547196624
human,2.0791812460476247
human,2.184691430817599
human,2.12057393120585
human,2.12057393120585
human,2.0681858617461617
human,1.8920946026904804
human,2.0086001717619175
human,1.9822712330395684
human,2.0211892990699383
human,1.9084850188786497
human,2.255272505103306
human,1.954242509439325
human,2.0086001717619175
human,2.0086001717619175
human,2.130333768495006
human,2.1492191126553797
human,1.9822712330395684
human,1.954242509439325
human,2.3404441148401185
human,2.2833012287035497
human,2.2833012287035497
human,2.2624510897304293
human,2.2624510897304293
human,2.12057393120585
human,2.167317334748176
human,2.2174839442139063
human,2.03342375548695
human,2.3909351071033793
human,2.4456042032735974
human,1.968482948553935
human,2.1583624920952498
human,1.9395192526186185
human,2.0211892990699383
human,2.416640507338281
human,2.225309281725863
human,1.9242792860618816
human,1.968482948553935
human,2.494154594018443
human,2.406540180433955
human,2.1583624920952498
human,2.1583624920952498
human,2.3404441148401185
human,2.255272505103306
human,2.3404441148401185
human,2.255272505103306
human,2.3404441148401185
human,2.3404441148401185
human,2.4683473304121573
human,2.1398790864012365
human,2.1492191126553797
human,2.1760912590556813
human,2.0681858617461617
human,2.0681858617461617
human,1.9242792860618816
human,1.954242509439325
human,1.9395192526186185
human,3.03342375548695
human,1.9242792860618816
human,2.03342375548695
human,2.2833012287035497
human,1.8573324964312685
human,1.9242792860618816
human,2.5809249756756194
human,2.5809249756756194
human,1.9395192526186185
human,2.225309281725863
human,1.99563519459755
human,2.3096301674258988
human,1.954242509439325
human,2.1398790864012365
human,2.1398790864012365
human,1.9395192526186185
human,1.9395192526186185
human,2.5415792439465807
human,2.374748346010104
human,1.9242792860618816
human,2.3283796034387376
human,2.322219294733919
human,2.0453229787866576
human,2.0453229787866576
human,2.2174839442139063
human,2.0211892990699383
human,2.303196057420489
human,2.0681858617461617
human,2.0681858617461617
human,1.9822712330395684
human,1.9822712330395684
human,1.9084850188786497
human,2.545307116465824
human,2.2833012287035497
human,2.357934847000454
human,2.545307116465824
human,2.545307116465824
human,2.450249108319361
human,2.374748346010104
human,2.12057393120585
human,1.968482948553935
human,2.0086001717619175
human,2.2174839442139063
human,2.1492191126553797
human,1.954242509439325
human,2.357934847000454
human,2.2013971243204513
human,1.9242792860618816
human,1.968482948553935
human,1.9395192526186185
human,2.225309281725863
human,2.167317334748176
human,1.968482948553935
human,2.0211892990699383
human,1.968482948553935
human,1.8920946026904804
human,2.167317334748176
human,1.9395192526186185
human,1.9084850188786497
human,1.9084850188786497
human,1.968482948553935
human,1.968482948553935
human,2.41161970596323
human,2.667452952889954
human,2.0211892990699383
human,1.6232492903979006
human,1.99563519459755
human,2.110589710299249
human,1.8920946026904804
human,1.9822712330395684
human,1.954242509439325
human,2.2833012287035497
human,2.4409090820652177
human,1.8573324964312685
human,2.1583624920952498
human,2.1583624920952498
human,1.9084850188786497
human,2.0211892990699383
human,1.8920946026904804
human,2.530199698203082
human,1.9822712330395684
human,1.9395192526186185
human,1.8573324964312685
human,2.3344537511509307
human,1.7323937598229686
human,1.7323937598229686
human,2.406540180433955
human,2.2624510897304293
human,2.2624510897304293
human,2.0211892990699383
human,1.5563025007672873
human,2.2624510897304293
human,2.2624510897304293
human,1.9242792860618816
human,2.100370545117563
human,2.1583624920952498
human,2.1583624920952498
human,2.1583624920952498
human,1.8920946026904804
human,1.8920946026904804
human,2.255272505103306
human,1.9084850188786497
human,2.089905111439398
human,2.0453229787866576
human,1.9395192526186185
human,2.2624510897304293
human,2.3283796034387376
human,2.100370545117563
human,2.374748346010104
human,2.2764618041732443
human,1.954242509439325
human,1.8750612633917
human,1.8750612633917
human,2.3283796034387376
human,2.0569048513364727
human,2.3636119798921444
human,2.3636119798921444
human,2.1492191126553797
human,2.089905111439398
human,2.357934847000454
human,2.0086001717619175
human,2.1492191126553797
human,2.1492191126553797
human,2.4265112613645754
human,1.968482948553935
human,1.9395192526186185
human,1.954242509439325
human,2.0086001717619175
human,2.416640507338281
human,2.303196057420489
human,2.2013971243204513
human,2.1931245983544616
human,1.9084850188786497
human,2.3521825181113627
human,1.9084850188786497
human,1.99563519459755
human,2.537819095073274
human,2.255272505103306
human,1.9084850188786497
human,2.100370545117563
human,1.954242509439325
human,2.03342375548695
human,2.110589710299249
human,1.9395192526186185
human,2.3283796034387376
human,2.225309281725863
human,2.03342375548695
human,2.380211241711606
human,2.380211241711606
human,1.8920946026904804
human,2.1583624920952498
human,2.1931245983544616
human,2.530199698203082
human,2.130333768495006
human,2.2695129442179165
human,1.99563519459755
human,2.184691430817599
human,2.184691430817599
human,2.2405492482826
human,2.089905111439398
human,2.167317334748176
human,1.9242792860618816
human,1.954242509439325
human,2.2095150145426308
human,1.8750612633917
human,1.8573324964312685
human,1.9242792860618816
human,1.954242509439325
human,2.2405492482826
human,1.9084850188786497
human,2.459392487759231
human,2.247973266361807
human,1.954242509439325
human,1.9242792860618816
human,2.247973266361807
human,2.1760912590556813
human,2.0569048513364727
human,1.8388490907372552
human,1.954242509439325
human,2.0569048513364727
human,1.9395192526186185
human,1.9395192526186185
human,1.99563519459755
human,1.954242509439325
human,1.8750612633917
human,1.8573324964312685
human,1.954242509439325
human,1.9395192526186185
human,2.3404441148401185
human,2.3283796034387376
human,1.9242792860618816
human,1.9242792860618816
human,1.968482948553935
human,2.184691430817599
human,1.9822712330395684
human,2.380211241711606
human,2.2013971243204513
human,2.1398790864012365
human,2.0453229787866576
human,2.0211892990699383
human,2.401400540781544
human,1.9395192526186185
human,1.9395192526186185
human,1.99563519459755
human,1.8750612633917
human,1.9242792860618816
human,1.9242792860618816
human,1.954242509439325
human,1.954242509439325
human,2.110589710299249
human,1.968482948553935
human,2.401400540781544
human,1.9395192526186185
human,1.9242792860618816
human,1.9242792860618816
human,1.8920946026904804
human,2.3961993470957363
human,2.4409090820652177
human,1.9822712330395684
human,1.8920946026904804
human,1.9242792860618816
human,2.0211892990699383
human,2.303196057420489
human,2.0453229787866576
human,1.9084850188786497
human,1.9822712330395684
human,2.089905111439398
human,1.968482948553935
human,1.968482948553935
human,2.296665190261531
human,1.954242509439325
human,1.9822712330395684
human,1.9084850188786497
human,2.130333768495006
human,2.0453229787866576
human,1.968482948553935
human,1.8920946026904804
human,1.9395192526186185
human,1.9242792860618816
human,2.0681858617461617
human,2.0453229787866576
human,2.2405492482826
human,2.2174839442139063
human,1.9242792860618816
human,1.9242792860618816
human,1.8388490907372552
human,2.1931245983544616
human,2.1492191126553797
human,2.0086001717619175
human,2.0453229787866576
human,2.100370545117563
human,1.8388490907372552
human,2.2013971243204513
human,2.0681858617461617
human,1.8750612633917
human,2.255272505103306
human,2.0681858617461617
human,1.8573324964312685
human,2.526339277389844
human,1.8388490907372552
human,2.374748346010104
human,2.7126497016272113
human,1.954242509439325
human,2.0681858617461617
human,1.8920946026904804
human,1.9395192526186185
human,2.0086001717619175
human,2.2405492482826
human,2.2405492482826
human,2.2764618041732443
human,1.9395192526186185
human,1.9084850188786497
human,2.322219294733919
human,1.99563519459755
human,1.9084850188786497
human,2.0086001717619175
human,1.9822712330395684
human,1.9242792860618816
human,1.9395192526186185
human,1.9084850188786497
human,1.8750612633917
human,1.9395192526186185
human,1.8750612633917
human,1.8750612633917
human,2.2329961103921536
human,1.968482948553935
human,1.9084850188786497
human,1.8750612633917
human,2.296665190261531
human,2.03342375548695
human,2.03342375548695
human,2.03342375548695
human,2.03342375548695
human,2.03342375548695
human,2.100370545117563
human,1.9242792860618816
human,2.1398790864012365
human,2.12057393120585
human,2.0086001717619175
human,1.9242792860618816
human,1.99563519459755
human,1.8750612633917
human,1.9242792860618816
human,2.0086001717619175
human,2.03342375548695
human,2.0086001717619175
human,1.9242792860618816
human,2.322219294733919
human,2.0211892990699383
human,2.0453229787866576
human,1.9084850188786497
human,2.1931245983544616
human,2.48572142648158
human,2.130333768495006
human,1.9822712330395684
human,2.2405492482826
human,2.2405492482826
human,1.99563519459755
human,1.8750612633917
human,1.9395192526186185
human,1.8750612633917
human,1.9084850188786497
human,2.0791812460476247
human,2.322219294733919
human,2.2764618041732443
human,2.2764618041732443
human,2.1398790864012365
human,2.1398790864012365
human,2.4265112613645754
human,1.8750612633917
human,1.8920946026904804
human,1.8750612633917
human,2.03342375548695
human,1.9084850188786497
human,2.100370545117563
human,2.3096301674258988
human,1.9084850188786497
human,1.9084850188786497
human,1.9395192526186185
human,2.0211892990699383
human,2.0211892990699383
human,2.8750612633917
human,1.9242792860618816
human,1.9822712330395684
human,2.0086001717619175
human,1.8920946026904804
human,1.9084850188786497
human,1.9242792860618816
human,1.8750612633917
human,2.5809249756756194
human,2.456366033129043
human,2.0211892990699383
human,1.954242509439325
human,2.494154594018443
human,2.45484486000851
human,1.954242509439325
human,1.954242509439325
human,2.406540180433955
human,2.0681858617461617
human,1.9242792860618816
human,1.99563519459755
human,2.0211892990699383
human,1.9395192526186185
human,1.8920946026904804
human,1.968482948553935
human,2.255272505103306
human,2.2624510897304293
human,2.110589710299249
human,1.8750612633917
human,1.8920946026904804
human,2.12057393120585
human,2.1492191126553797
human,2.1398790864012365
human,1.9822712330395684
human,1.8573324964312685
human,1.8573324964312685
human,1.99563519459755
human,2.03342375548695
human,2.03342375548695
human,1.9242792860618816
human,1.954242509439325
human,1.9395192526186185
human,1.954242509439325
human,1.954242509439325
human,2.919601023784111
human,1.8920946026904804
human,2.2095150145426308
human,2.2095150145426308
human,2.2095150145426308
human,2.089905111439398
human,2.089905111439398
human,2.110589710299249
human,2.315970345456918
human,1.968482948553935
human,2.110589710299249
human,2.2095150145426308
human,2.03342375548695
human,2.03342375548695
human,2.2095150145426308
human,2.2095150145426308
human,2.03342375548695
human,2.2095150145426308
human,2.0791812460476247
human,2.5563025007672873
human,2.3096301674258988
human,2.1398790864012365
human,2.5563025007672873
human,2.3096301674258988
human,1.9084850188786497
human,1.9084850188786497
human,2.1492191126553797
human,2.41161970596323
human,2.0681858617461617
human,2.530199698203082
human,2.03342375548695
human,2.0681858617461617
human,2.0681858617461617
human,1.9084850188786497
human,1.8573324964312685
human,2.2174839442139063
human,2.0211892990699383
human,1.4313637641589874
human,2.247973266361807
human,2.0453229787866576
human,2.6074550232146687
human,2.2695129442179165
human,2.2329961103921536
human,1.9822712330395684
human,1.968482948553935
human,2.4313637641589874
human,1.9242792860618816
human,2.2013971243204513
human,2.4683473304121573
human,2.416640507338281
human,1.99563519459755
human,1.8920946026904804
human,1.8573324964312685
human,1.8573324964312685
human,2.0211892990699383
human,1.9242792860618816
human,2.0211892990699383
human,2.3961993470957363
human,2.357934847000454
human,1.9822712330395684
human,2.0453229787866576
human,1.9242792860618816
human,1.9242792860618816
human,1.968482948553935
human,2.2174839442139063
human,2.2174839442139063
human,2.2174839442139063
human,2.406540180433955
human,2.4456042032735974
human,2.374748346010104
human,2.6384892569546374
human,2.3096301674258988
human,1.968482948553935
human,2.2405492482826
human,1.8573324964312685
human,1.954242509439325
human,2.100370545117563
human,2.0086001717619175
human,1.968482948553935
human,2.3283796034387376
human,1.9242792860618816
human,1.9242792860618816
human,1.954242509439325
human,2.2095150145426308
human,1.9395192526186185
human,2.1398790864012365
human,2.0086001717619175
human,2.0086001717619175
human,1.9084850188786497
human,2.2095150145426308
human,2.03342375548695
human,2.110589710299249
human,1.954242509439325
human,2.296665190261531
human,1.9395192526186185
human,2.0681858617461617
human,1.9395192526186185
human,1.954242509439325
human,1.8920946026904804
human,1.99563519459755
human,1.9822712330395684
human,1.9242792860618816
human,2.0791812460476247
human,2.4265112613645754
human,2.530199698203082
human,2.530199698203082
human,2.4313637641589874
human,2.4313637641589874
human,1.99563519459755
human,1.9084850188786497
human,2.110589710299249
human,2.4771212547196626
human,2.0211892990699383
human,2.0681858617461617
human,2.12057393120585
human,1.9395192526186185
human,2.2624510897304293
human,1.99563519459755
human,1.954242509439325
human,1.99563519459755
human,1.954242509439325
human,1.9242792860618816
human,1.954242509439325
human,2.110589710299249
human,2.0453229787866576
human,1.9822712330395684
human,1.968482948553935
human,2.0211892990699383
human,2.0211892990699383
human,1.9395192526186185
human,1.9395192526186185
human,1.9242792860618816
human,1.968482948553935
human,2.1760912590556813
human,2.12057393120585
human,2.110589710299249
human,2.0791812460476247
human,1.9822712330395684
human,2.2329961103921536
human,1.9084850188786497
human,1.8920946026904804
human,1.8920946026904804
human,2.303196057420489
human,2.303196057420489
human,1.954242509439325
human,2.315970345456918
human,2.0211892990699383
human,1.9395192526186185
human,2.3961993470957363
human,1.9395192526186185
human,2.0791812460476247
human,1.954242509439325
human,2.0791812460476247
human,2.0569048513364727
human,1.99563519459755
human,2.089905111439398
human,2.0791812460476247
human,2.1398790864012365
human,2.100370545117563
human,1.968482948553935
human,1.968482948553935
human,2.0086001717619175
human,1.954242509439325
human,2.0569048513364727
human,1.954242509439325
human,2.2695129442179165
human,2.4409090820652177
human,2.2095150145426308
human,1.99563519459755
human,1.968482948553935
human,1.9242792860618816
human,2.0211892990699383
human,2.089905111439398
human,2.0681858617461617
human,2.5490032620257876
human,2.1760912590556813
human,2.12057393120585
human,1.9822712330395684
human,2.1398790864012365
human,1.9822712330395684
human,1.8750612633917
human,1.9822712330395684
human,1.8573324964312685
human,2.0086001717619175
human,2.2624510897304293
human,2.0211892990699383
human,2.2695129442179165
human,2.1583624920952498
human,1.99563519459755
human,2.2833012287035497
human,1.99563519459755
human,1.954242509439325
human,2.100370545117563
human,2.4265112613645754
human,1.9395192526186185
human,2.12057393120585
human,2.2095150145426308
human,1.9395192526186185
human,2.2624510897304293
human,2.2624510897304293
human,1.9084850188786497
human,2.0791812460476247
human,2.0791812460476247
human,2.3909351071033793
human,2.255272505103306
human,1.9395192526186185
human,1.9395192526186185
human,2.0453229787866576
human,2.2013971243204513
human,2.2624510897304293
human,2.3961993470957363
human,1.8573324964312685
human,2.0681858617461617
human,1.9822712330395684
human,1.954242509439325
human,1.954242509439325
human,1.968482948553935
human,1.968482948553935
human,1.968482948553935
human,2.346352974450639
human,2.640481436970422
human,2.100370545117563
human,1.99563519459755
human,2.167317334748176
human,2.255272505103306
human,2.12057393120585
human,1.9395192526186185
human,1.9395192526186185
human,2.2695129442179165
human,1.9395192526186185
human,2.2764618041732443
human,1.8920946026904804
human,1.9084850188786497
human,1.9084850188786497
human,2.2095150145426308
human,2.2174839442139063
human,1.9084850188786497
human,2.0211892990699383
human,1.954242509439325
human,1.954242509439325
human,2.2405492482826
human,1.8920946026904804
human,1.8920946026904804
human,1.8920946026904804
human,1.8920946026904804
human,1.8920946026904804
human,2.41161970596323
human,2.0569048513364727
human,1.8920946026904804
human,2.494154594018443
human,1.8920946026904804
human,1.8920946026904804
human,1.968482948553935
human,2.1583624920952498
human,2.0086001717619175
human,2.296665190261531
human,1.8573324964312685
human,1.8920946026904804
human,1.8920946026904804
human,1.8920946026904804
human,1.9084850188786497
human,1.9084850188786497
human,2.303196057420489
human,2.167317334748176
human,1.9395192526186185
human,1.9822712330395684
human,1.8750612633917
human,1.9822712330395684
human,2.2833012287035497
human,1.9242792860618816
human,1.9242792860618816
human,1.954242509439325
human,1.954242509439325
human,1.8388490907372552
human,2.380211241711606
human,1.8920946026904804
human,1.9242792860618816
human,2.110589710299249
human,2.0086001717619175
human,1.9395192526186185
human,2.2013971243204513
human,1.9084850188786497
human,1.9084850188786497
human,1.9395192526186185
human,1.99563519459755
human,1.9395192526186185
human,2.2833012287035497
human,1.954242509439325
human,2.2329961103921536
human,2.416640507338281
human,2.3283796034387376
human,2.110589710299249
human,1.9242792860618816
human,2.5563025007672873
human,2.5563025007672873
human,1.968482948553935
human,1.9084850188786497
human,1.9084850188786497
human,1.9084850188786497
human,1.954242509439325
human,2.1492191126553797
human,2.2624510897304293
human,1.9395192526186185
human,1.9242792860618816
human,1.8920946026904804
human,2.357934847000454
human,2.2013971243204513
human,1.8920946026904804
human,2.406540180433955
human,2.3404441148401185
human,2.100370545117563
human,1.9084850188786497
human,1.9084850188786497
human,1.9822712330395684
human,1.968482948553935
human,2.6201360549737576
human,1.9395192526186185
human,1.968482948553935
human,1.99563519459755
human,2.110589710299249
human,2.0086001717619175
human,1.9395192526186185
human,1.968482948553935
human,2.110589710299249
human,2.100370545117563
human,2.0211892990699383
human,2.1760912590556813
human,2.303196057420489
human,2.0086001717619175
human,1.9242792860618816
human,1.9822712330395684
human,1.8750612633917
human,2.0086001717619175
human,1.8920946026904804
human,1.954242509439325
human,1.8920946026904804
human,2.514547752660286
human,2.303196057420489
human,1.9822712330395684
human,2.2833012287035497
human,1.9395192526186185
human,1.9084850188786497
human,2.374748346010104
human,1.9395192526186185
human,1.8920946026904804
human,2.369215857410143
human,1.968482948553935
human,2.0086001717619175
human,2.2174839442139063
human,1.968482948553935
human,2.552668216112193
human,2.552668216112193
human,2.2174839442139063
human,1.9084850188786497
human,1.9084850188786497
human,2.110589710299249
human,1.9395192526186185
human,1.8920946026904804
human,1.8750612633917
human,2.130333768495006
human,1.9395192526186185
human,2.100370545117563
human,2.2329961103921536
human,1.9084850188786497
human,1.954242509439325
human,2.1398790864012365
human,2.6074550232146687
human,2.03342375548695
human,1.9084850188786497
human,1.968482948553935
human,2.100370545117563
human,2.3283796034387376
human,2.1760912590556813
human,2.0211892990699383
human,1.9242792860618816
human,1.9242792860618816
human,2.357934847000454
human,1.9822712330395684
human,1.9822712330395684
human,1.99563519459755
human,1.9395192526186185
human,2.303196057420489
human,2.303196057420489
human,1.9822712330395684
human,1.954242509439325
human,2.03342375548695
human,1.9822712330395684
human,2.03342375548695
human,2.2764618041732443
human,2.255272505103306
human,1.8920946026904804
human,2.0569048513364727
human,1.9242792860618816
human,2.130333768495006
human,1.9822712330395684
human,1.954242509439325
human,2.2764618041732443
human,1.9395192526186185
human,2.130333768495006
human,2.1931245983544616
human,2.2013971243204513
human,2.089905111439398
human,2.2013971243204513
human,1.9242792860618816
human,1.8920946026904804
human,1.9084850188786497
human,1.9084850188786497
human,1.9084850188786497
human,1.954242509439325
human,1.9242792860618816
human,2.385606273598312
human,1.954242509439325
human,2.481442628502305
human,1.99563519459755
human,1.9084850188786497
human,1.9084850188786497
human,1.954242509439325
human,2.247973266361807
human,2.0453229787866576
human,2.12057393120585
human,2.0453229787866576
human,2.184691430817599
human,2.184691430817599
human,2.0211892990699383
human,1.954242509439325
human,1.8750612633917
human,1.8750612633917
human,2.2174839442139063
human,1.9395192526186185
human,2.03342375548695
human,2.0211892990699383
human,2.247973266361807
human,1.8750612633917
human,1.9395192526186185
human,1.8920946026904804
human,1.8920946026904804
human,1.8920946026904804
human,1.954242509439325
human,2.130333768495006
human,1.8573324964312685
human,2.5634810853944106
human,2.089905111439398
human,2.12057393120585
human,2.0453229787866576
human,2.4265112613645754
human,2.3404441148401185
human,1.8920946026904804
human,1.8920946026904804
human,2.0569048513364727
human,1.9084850188786497
human,2.2695129442179165
human,2.450249108319361
human,2.0211892990699383
human,1.9822712330395684
human,1.99563519459755
human,1.968482948553935
human,2.41161970596323
human,1.8920946026904804
human,1.9822712330395684
human,2.0681858617461617
human,2.0211892990699383
human,1.9242792860618816
human,2.4727564493172123
human,2.6201360549737576
human,2.4727564493172123
human,1.9242792860618816
human,2.591064607026499
human,2.591064607026499
human,1.9242792860618816
human,1.9242792860618816
human,1.9822712330395684
human,1.9395192526186185
human,1.99563519459755
human,1.954242509439325
human,1.8750612633917
human,1.99563519459755
human,1.968482948553935
human,1.968482948553935
human,1.9822712330395684
human,2.0569048513364727
human,1.9242792860618816
human,2.315970345456918
human,2.1583624920952498
human,2.255272505103306
human,2.130333768495006
human,2.4983105537896004
human,2.4983105537896004
human,1.8920946026904804
human,2.380211241711606
human,2.0211892990699383
human,1.9084850188786497
human,2.03342375548695
human,1.8920946026904804
human,2.12057393120585
human,2.12057393120585
human,2.1492191126553797
human,1.9822712330395684
human,1.99563519459755
human,1.9822712330395684
human,1.99563519459755
human,1.99563519459755
human,2.1492191126553797
human,1.9084850188786497
human,1.9242792860618816
human,1.8573324964312685
human,2.0211892990699383
human,2.184691430817599
human,1.968482948553935
human,2.0211892990699383
human,1.968482948553935
human,2.12057393120585
human,1.954242509439325
human,1.954242509439325
human,2.0086001717619175
human,1.8920946026904804
human,2.1492191126553797
human,2.0211892990699383
human,2.0211892990699383
human,2.0453229787866576
human,1.9395192526186185
human,2.6757783416740852
human,2.2174839442139063
human,2.5943925503754266
human,2.385606273598312
human,2.225309281725863
human,1.8750612633917
human,2.0211892990699383
human,2.110589710299249
human,1.8750612633917
human,2.2095150145426308
human,1.9822712330395684
human,2.0211892990699383
human,1.9822712330395684
human,2.0086001717619175
human,2.290034611362518
human,1.8750612633917
human,1.9822712330395684
human,2.1398790864012365
human,1.9395192526186185
human,1.9084850188786497
human,1.9822712330395684
human,1.9822712330395684
human,1.9242792860618816
human,2.1760912590556813
human,2.03342375548695
human,1.9084850188786497
human,1.99563519459755
human,2.1583624920952498
human,2.597695185925512
human,2.385606273598312
human,1.9084850188786497
human,2.506505032404872
human,2.296665190261531
human,2.3096301674258988
human,2.2695129442179165
human,1.8920946026904804
human,2.4899584794248346
human,2.4899584794248346
human,2.110589710299249
human,2.0569048513364727
human,1.9242792860618816
human,2.5599066250361124
human,2.921166050637739
human,2.921166050637739
human,1.9084850188786497
human,1.9084850188786497
human,2.3636119798921444
human,2.357934847000454
human,2.167317334748176
human,2.167317334748176
human,2.3961993470957363
human,2.167317334748176
human,2.167317334748176
human,2.7558748556724915
human,1.9084850188786497
human,1.9084850188786497
human,2.255272505103306
human,2.167317334748176
human,1.99563519459755
human,1.99563519459755
human,2.2833012287035497
human,2.0791812460476247
human,2.0791812460476247
human,2.1398790864012365
human,2.1398790864012365
human,2.0211892990699383
human,1.9084850188786497
human,2.3404441148401185
human,2.0681858617461617
human,2.0681858617461617
human,2.03342375548695
human,1.968482948553935
human,2.167317334748176
human,2.0453229787866576
human,1.9395192526186185
human,2.110589710299249
human,1.9395192526186185
human,1.8750612633917
human,1.8920946026904804
human,1.8920946026904804
human,1.9395192526186185
human,2.247973266361807
human,2.247973266361807
human,2.2764618041732443
human,1.9242792860618816
human,2.584331224367531
human,2.5809249756756194
human,2.0681858617461617
human,1.9242792860618816
human,2.0791812460476247
human,2.184691430817599
human,2.2833012287035497
human,2.1492191126553797
human,1.9395192526186185
human,1.9395192526186185
human,1.9395192526186185
human,2.1583624920952498
human,2.3521825181113627
human,1.99563519459755
human,2.089905111439398
human,2.089905111439398
human,2.089905111439398
human,2.12057393120585
human,1.9822712330395684
human,1.9395192526186185
human,1.954242509439325
human,1.8920946026904804
human,1.968482948553935
human,2.100370545117563
human,1.9242792860618816
human,2.4785664955938436
human,1.968482948553935
human,2.385606273598312
human,2.2013971243204513
human,2.0569048513364727
human,2.2624510897304293
human,2.0086001717619175
human,2.0681858617461617
human,2.089905111439398
human,1.954242509439325
human,2.0791812460476247
human,1.8920946026904804
human,2.2329961103921536
human,1.9242792860618816
human,1.968482948553935
human,2.0569048513364727
human,2.406540180433955
human,2.225309281725863
human,1.968482948553935
human,1.9084850188786497
human,3.2405492482826
human,2.6532125137753435
human,2.167317334748176
human,1.968482948553935
human,1.968482948553935
human,1.968482948553935
human,1.9395192526186185
human,1.9822712330395684
human,1.954242509439325
human,1.9395192526186185
human,1.9395192526186185
human,2.089905111439398
human,2.5634810853944106
human,1.954242509439325
human,1.968482948553935
human,1.9084850188786497
human,1.968482948553935
human,2.255272505103306
human,2.0211892990699383
human,2.0453229787866576
human,1.9822712330395684
human,2.0211892990699383
human,2.03342375548695
human,2.0211892990699383
human,2.4983105537896004
human,2.03342375548695
human,2.0211892990699383
human,1.9242792860618816
human,1.9084850188786497
human,2.1583624920952498
human,2.322219294733919
human,2.0211892990699383
human,1.968482948553935
human,2.0791812460476247
human,1.8920946026904804
human,1.8920946026904804
human,2.167317334748176
human,2.0569048513364727
human,2.2174839442139063
human,2.2764618041732443
human,1.968482948553935
human,1.8920946026904804
human,2.7024305364455254
human,2.03342375548695
human,2.2095150145426308
human,2.0569048513364727
human,1.8388490907372552
human,1.954242509439325
human,2.459392487759231
human,2.7299742856995555
human,1.8920946026904804
human,1.8750612633917
human,1.9242792860618816
human,1.9395192526186185
human,1.9395192526186185
human,2.450249108319361
human,2.450249108319361
human,2.303196057420489
human,2.303196057420489
human,1.9242792860618816
human,2.5599066250361124
human,2.4727564493172123
human,2.0211892990699383
human,2.0681858617461617
human,2.03342375548695
human,2.727541257028556
human,1.8920946026904804
human,2.369215857410143
human,1.968482948553935
human,2.0681858617461617
human,2.247973266361807
human,2.247973266361807
human,2.247973266361807
human,2.247973266361807
human,2.247973266361807
human,2.167317334748176
human,2.8175653695597807
human,2.5490032620257876
human,2.0086001717619175
human,1.7075701760979363
human,2.0791812460476247
human,2.167317334748176
human,2.167317334748176
human,2.2405492482826
human,2.4313637641589874
human,2.705007959333336
human,2.0211892990699383
human,2.681241237375587
human,2.41161970596323
human,2.6414741105040997
human,2.635483746814912
human,2.2329961103921536
human,2.537819095073274
human,2.184691430817599
human,2.7101173651118162
human,2.322219294733919
human,1.591064607026499
human,1.591064607026499
human,2.7151673578484576
human,2.2013971243204513
human,1.9084850188786497
human,2.0086001717619175
human,1.9084850188786497
human,1.8750612633917
human,2.03342375548695
human,2.03342375548695
human,2.617000341120899
human,2.617000341120899
human,2.2405492482826
human,2.315970345456918
human,1.99563519459755
human,2.255272505103306
human,1.968482948553935
human,2.0453229787866576
human,1.954242509439325
human,2.0211892990699383
human,2.1931245983544616
human,2.167317334748176
human,2.12057393120585
human,1.99563519459755
human,2.1583624920952498
human,2.2624510897304293
human,2.2624510897304293
human,2.380211241711606
human,1.8750612633917
human,1.9084850188786497
human,1.9242792860618816
human,2.0211892990699383
human,1.954242509439325
human,1.8750612633917
human,2.380211241711606
human,1.8750612633917
human,2.406540180433955
human,2.406540180433955
human,2.100370545117563
human,1.9395192526186185
human,2.1398790864012365
human,2.1398790864012365
human,1.968482948553935
human,1.9242792860618816
human,2.4683473304121573
human,2.7972675408307164
human,2.2405492482826
human,2.110589710299249
human,2.2405492482826
human,2.110589710299249
human,1.9242792860618816
human,2.369215857410143
human,2.1931245983544616
human,2.1931245983544616
human,2.2833012287035497
human,2.494154594018443
human,2.481442628502305
human,2.5224442335063197
human,2.537819095073274
human,2.1931245983544616
human,2.0681858617461617
human,1.9395192526186185
human,1.8920946026904804
human,1.9242792860618816
human,1.9242792860618816
human,2.6201360549737576
human,2.0086001717619175
human,2.0086001717619175
human,2.0086001717619175
human,2.1760912590556813
human,2.1760912590556813
human,2.0211892990699383
human,2.130333768495006
human,1.8750612633917
human,2.436162647040756
human,1.9822712330395684
human,1.8750612633917
human,1.8750612633917
human,2.1492191126553797
human,1.9242792860618816
human,2.12057393120585
human,1.9242792860618816
human,1.9242792860618816
human,2.12057393120585
human,2.0569048513364727
human,2.0569048513364727
human,1.8750612633917
human,2.2624510897304293
human,2.1931245983544616
human,2.2624510897304293
human,2.1931245983544616
human,1.954242509439325
human,1.4313637641589874
human,1.9822712330395684
human,2.0211892990699383
human,1.9395192526186185
human,2.2695129442179165
human,2.0086001717619175
human,2.526339277389844
human,1.9084850188786497
human,1.9395192526186185
human,1.8750612633917
human,2.167317334748176
human,2.2174839442139063
human,2.2095150145426308
human,1.968482948553935
human,2.3909351071033793
human,2.0086001717619175
human,1.9822712330395684
human,1.9395192526186185
human,2.110589710299249
human,1.9395192526186185
human,2.247973266361807
human,1.9242792860618816
human,1.8920946026904804
human,2.0086001717619175
human,2.0086001717619175
human,2.0211892990699383
human,2.2013971243204513
human,1.9242792860618816
human,1.968482948553935
human,2.167317334748176
human,2.167317334748176
human,2.0211892990699383
human,1.9084850188786497
human,1.9084850188786497
human,1.8920946026904804
human,1.8920946026904804
human,1.8920946026904804
human,1.968482948553935
human,2.629409599102719
human,2.0453229787866576
human,1.954242509439325
human,2.2329961103921536
human,2.2405492482826
human,2.2329961103921536
human,2.0211892990699383
human,2.0086001717619175
human,2.0086001717619175
human,2.0453229787866576
human,2.406540180433955
human,2.406540180433955
human,2.406540180433955
human,2.2095150145426308
human,1.954242509439325
human,1.954242509439325
human,1.954242509439325
human,1.954242509439325
human,2.2013971243204513
human,1.9822712330395684
human,2.4265112613645754
human,2.290034611362518
human,1.99563519459755
human,1.9242792860618816
human,2.089905111439398
human,2.406540180433955
human,1.99563519459755
human,1.99563519459755
human,1.954242509439325
human,2.0569048513364727
human,2.0453229787866576
human,1.99563519459755
human,2.0086001717619175
human,2.3909351071033793
human,2.255272505103306
human,1.8388490907372552
human,2.41161970596323
human,2.6893088591236203
human,2.3636119798921444
human,2.3636119798921444
human,2.3636119798921444
human,2.0791812460476247
human,1.968482948553935
human,2.0569048513364727
human,1.968482948553935
human,2.2833012287035497
human,1.954242509439325
human,2.2833012287035497
human,2.2624510897304293
human,2.184691430817599
human,2.303196057420489
human,1.968482948553935
human,2.0211892990699383
human,2.2833012287035497
human,2.2833012287035497
human,2.2833012287035497
human,2.629409599102719
human,2.2833012287035497
human,2.2833012287035497
human,2.494154594018443
sorangutan,2.167317334748176
sorangutan,1.99563519459755
sorangutan,1.99563519459755
sorangutan,2.1760912590556813
sorangutan,2.0453229787866576
sorangutan,2.110589710299249
sorangutan,2.2624510897304293
sorangutan,2.255272505103306
sorangutan,2.374748346010104
sorangutan,2.374748346010104
sorangutan,2.1931245983544616
sorangutan,2.1583624920952498
sorangutan,2.357934847000454
sorangutan,1.954242509439325
sorangutan,1.954242509439325
sorangutan,2.4727564493172123
sorangutan,2.1398790864012365
sorangutan,1.9395192526186185
sorangutan,1.968482948553935
sorangutan,1.954242509439325
sorangutan,2.296665190261531
sorangutan,2.0086001717619175
sorangutan,2.0681858617461617
sorangutan,2.225309281725863
sorangutan,2.225309281725863
sorangutan,1.954242509439325
sorangutan,2.2833012287035497
sorangutan,2.03342375548695
sorangutan,2.1492191126553797
sorangutan,1.9395192526186185
sorangutan,1.9395192526186185
sorangutan,2.100370545117563
sorangutan,1.9242792860618816
sorangutan,2.0453229787866576
sorangutan,2.1398790864012365
sorangutan,2.369215857410143
sorangutan,1.968482948553935
sorangutan,1.9084850188786497
sorangutan,2.130333768495006
sorangutan,2.130333768495006
sorangutan,1.9822712330395684
sorangutan,2.130333768495006
sorangutan,1.9822712330395684
sorangutan,2.130333768495006
sorangutan,2.167317334748176
sorangutan,1.9395192526186185
sorangutan,2.2174839442139063
sorangutan,1.9242792860618816
sorangutan,2.089905111439398
sorangutan,2.03342375548695
sorangutan,2.4216039268698313
sorangutan,2.2095150145426308
sorangutan,1.9242792860618816
sorangutan,2.0569048513364727
sorangutan,1.9242792860618816
sorangutan,2.1583624920952498
sorangutan,2.1398790864012365
sorangutan,2.0681858617461617
sorangutan,2.255272505103306
sorangutan,2.130333768495006
sorangutan,1.968482948553935
sorangutan,2.184691430817599
sorangutan,2.1583624920952498
sorangutan,2.225309281725863
sorangutan,1.8750612633917
sorangutan,2.494154594018443
sorangutan,2.0569048513364727
sorangutan,2.0569048513364727
sorangutan,1.954242509439325
sorangutan,1.9242792860618816
sorangutan,1.99563519459755
sorangutan,1.968482948553935
sorangutan,2.369215857410143
sorangutan,2.0453229787866576
sorangutan,1.9242792860618816
sorangutan,1.968482948553935
sorangutan,2.1583624920952498
sorangutan,1.9395192526186185
sorangutan,2.45484486000851
sorangutan,2.2695129442179165
sorangutan,2.0681858617461617
sorangutan,2.1398790864012365
sorangutan,2.0086001717619175
sorangutan,2.2013971243204513
sorangutan,2.089905111439398
sorangutan,2.2624510897304293
sorangutan,2.4899584794248346
sorangutan,2.3283796034387376
sorangutan,2.6085260335771943
sorangutan,2.0681858617461617
sorangutan,2.1492191126553797
sorangutan,2.089905111439398
sorangutan,1.954242509439325
sorangutan,1.9395192526186185
sorangutan,2.0791812460476247
sorangutan,2.2833012287035497
sorangutan,2.2833012287035497
sorangutan,2.2833012287035497
sorangutan,2.0681858617461617
sorangutan,2.2174839442139063
sorangutan,1.9395192526186185
sorangutan,1.9395192526186185
sorangutan,2.089905111439398
sorangutan,1.9822712330395684
sorangutan,1.8920946026904804
sorangutan,1.8920946026904804
sorangutan,2.514547752660286
sorangutan,1.954242509439325
sorangutan,2.530199698203082
sorangutan,2.629409599102719
sorangutan,2.506505032404872
sorangutan,1.9242792860618816
sorangutan,2.3404441148401185
sorangutan,2.0791812460476247
sorangutan,2.0211892990699383
sorangutan,2.2174839442139063
sorangutan,2.357934847000454
sorangutan,2.406540180433955
sorangutan,2.03342375548695
sorangutan,2.3636119798921444
sorangutan,2.784617292632875
sorangutan,1.9822712330395684
sorangutan,2.3404441148401185
sorangutan,2.12057393120585
sorangutan,2.03342375548695
sorangutan,2.3096301674258988
sorangutan,1.954242509439325
sorangutan,2.322219294733919
sorangutan,1.8573324964312685
sorangutan,2.0681858617461617
sorangutan,2.110589710299249
sorangutan,1.9084850188786497
sorangutan,2.0453229787866576
sorangutan,2.406540180433955
sorangutan,1.8388490907372552
sorangutan,2.2695129442179165
sorangutan,2.2695129442179165
sorangutan,2.0453229787866576
sorangutan,1.8750612633917
sorangutan,1.9084850188786497
sorangutan,2.0681858617461617
sorangutan,1.9242792860618816
sorangutan,1.9084850188786497
sorangutan,1.9084850188786497
sorangutan,1.968482948553935
sorangutan,2.130333768495006
sorangutan,2.3096301674258988
sorangutan,2.4216039268698313
sorangutan,1.9242792860618816
sorangutan,2.0453229787866576
sorangutan,2.03342375548695
sorangutan,2.03342375548695
sorangutan,2.0569048513364727
sorangutan,1.9242792860618816
sorangutan,1.9242792860618816
sorangutan,2.357934847000454
sorangutan,2.1760912590556813
sorangutan,2.4265112613645754
sorangutan,2.1583624920952498
sorangutan,3.7841892053809607
sorangutan,2.4409090820652177
sorangutan,2.0086001717619175
sorangutan,2.2695129442179165
sorangutan,1.968482948553935
sorangutan,3.215108581053093
sorangutan,2.948412965778601
sorangutan,1.7323937598229686
sorangutan,2.2624510897304293
sorangutan,1.8750612633917
sorangutan,2.322219294733919
sorangutan,2.110589710299249
sorangutan,1.7558748556724915
sorangutan,1.9395192526186185
sorangutan,1.954242509439325
sorangutan,2.130333768495006
sorangutan,2.5024271199844326
sorangutan,2.346352974450639
sorangutan,1.954242509439325
sorangutan,1.968482948553935
sorangutan,1.9822712330395684
sorangutan,2.130333768495006
sorangutan,1.954242509439325
sorangutan,1.9822712330395684
sorangutan,1.99563519459755
sorangutan,2.2174839442139063
sorangutan,2.2174839442139063
sorangutan,2.7671558660821804
sorangutan,2.7649229846498886
sorangutan,2.7649229846498886
sorangutan,2.0453229787866576
sorangutan,2.12057393120585
sorangutan,1.9395192526186185
sorangutan,1.9242792860618816
sorangutan,1.9084850188786497
sorangutan,1.968482948553935
sorangutan,2.089905111439398
sorangutan,2.089905111439398
sorangutan,2.2174839442139063
sorangutan,2.322219294733919
sorangutan,2.1760912590556813
sorangutan,1.591064607026499
sorangutan,1.7558748556724915
sorangutan,2.41161970596323
sorangutan,2.41161970596323
sorangutan,1.9822712330395684
sorangutan,1.9084850188786497
sorangutan,2.03342375548695
sorangutan,1.8920946026904804
sorangutan,2.167317334748176
sorangutan,1.8573324964312685
sorangutan,2.100370545117563
sorangutan,2.089905111439398
sorangutan,2.0086001717619175
sorangutan,1.954242509439325
sorangutan,2.1931245983544616
sorangutan,1.8750612633917
sorangutan,1.8750612633917
sorangutan,2.3404441148401185
sorangutan,1.9822712330395684
sorangutan,2.3096301674258988
sorangutan,2.526339277389844
sorangutan,2.03342375548695
sorangutan,1.9242792860618816
sorangutan,2.0211892990699383
sorangutan,2.225309281725863
sorangutan,2.0681858617461617
sorangutan,2.0453229787866576
sorangutan,2.6232492903979003
sorangutan,1.8920946026904804
sorangutan,2.514547752660286
sorangutan,2.2405492482826
sorangutan,1.9242792860618816
sorangutan,2.357934847000454
sorangutan,2.089905111439398
sorangutan,2.1760912590556813
sorangutan,2.510545010206612
sorangutan,2.296665190261531
sorangutan,2.2174839442139063
sorangutan,2.1398790864012365
sorangutan,2.296665190261531
sorangutan,2.089905111439398
sorangutan,2.0453229787866576
sorangutan,2.0791812460476247
sorangutan,2.184691430817599
sorangutan,2.0791812460476247
sorangutan,2.130333768495006
sorangutan,2.089905111439398
sorangutan,2.2833012287035497
sorangutan,2.100370545117563
sorangutan,1.8920946026904804
sorangutan,2.0453229787866576
sorangutan,2.0569048513364727
sorangutan,1.9084850188786497
sorangutan,2.4638929889859074
sorangutan,1.9395192526186185
sorangutan,2.357934847000454
sorangutan,1.9242792860618816
sorangutan,1.8920946026904804
sorangutan,2.1931245983544616
sorangutan,1.954242509439325
sorangutan,1.954242509439325
sorangutan,2.03342375548695
sorangutan,2.0211892990699383
sorangutan,2.100370545117563
sorangutan,2.1931245983544616
sorangutan,1.9084850188786497
sorangutan,2.406540180433955
sorangutan,1.9395192526186185
sorangutan,2.1760912590556813
sorangutan,2.3636119798921444
sorangutan,2.3283796034387376
sorangutan,2.089905111439398
sorangutan,2.089905111439398
sorangutan,1.968482948553935
sorangutan,2.3283796034387376
sorangutan,2.45484486000851
sorangutan,2.0086001717619175
sorangutan,1.7075701760979363
sorangutan,2.0791812460476247
sorangutan,2.450249108319361
sorangutan,2.537819095073274
sorangutan,2.45484486000851
sorangutan,2.0791812460476247
sorangutan,2.247973266361807
sorangutan,2.1583624920952498
sorangutan,2.03342375548695
sorangutan,2.0211892990699383
sorangutan,2.100370545117563
sorangutan,1.968482948553935
sorangutan,2.0569048513364727
sorangutan,1.9822712330395684
sorangutan,2.41161970596323
sorangutan,2.534026106056135
sorangutan,1.8750612633917
sorangutan,1.9822712330395684
sorangutan,2.4456042032735974
sorangutan,1.9242792860618816
sorangutan,2.760422483423212
sorangutan,2.0211892990699383
sorangutan,2.0211892990699383
sorangutan,2.247973266361807
sorangutan,2.2013971243204513
sorangutan,2.2095150145426308
sorangutan,2.0453229787866576
sorangutan,2.225309281725863
sorangutan,1.968482948553935
sorangutan,2.03342375548695
sorangutan,2.089905111439398
sorangutan,2.6201360549737576
sorangutan,2.5563025007672873
sorangutan,2.45484486000851
sorangutan,1.7558748556724915
sorangutan,1.9822712330395684
sorangutan,1.9822712330395684
sorangutan,2.2013971243204513
sorangutan,2.2013971243204513
sorangutan,1.8920946026904804
sorangutan,1.8920946026904804
sorangutan,2.2695129442179165
sorangutan,2.2695129442179165
sorangutan,2.357934847000454
sorangutan,2.089905111439398
sorangutan,2.110589710299249
sorangutan,2.0086001717619175
sorangutan,2.0453229787866576
sorangutan,2.12057393120585
sorangutan,2.12057393120585
sorangutan,1.9242792860618816
sorangutan,1.9822712330395684
sorangutan,1.99563519459755
sorangutan,2.2013971243204513
sorangutan,2.450249108319361
sorangutan,2.0211892990699383
sorangutan,2.0569048513364727
sorangutan,2.0211892990699383
sorangutan,2.0569048513364727
sorangutan,1.968482948553935
sorangutan,2.0569048513364727
sorangutan,2.0569048513364727
sorangutan,1.9395192526186185
sorangutan,1.968482948553935
sorangutan,2.0086001717619175
sorangutan,2.0791812460476247
sorangutan,2.0681858617461617
sorangutan,2.0569048513364727
sorangutan,1.99563519459755
sorangutan,2.494154594018443
sorangutan,2.494154594018443
sorangutan,1.9084850188786497
sorangutan,2.0681858617461617
sorangutan,1.8920946026904804
sorangutan,2.1583624920952498
sorangutan,2.1583624920952498
sorangutan,1.9822712330395684
sorangutan,2.12057393120585
sorangutan,2.3521825181113627
sorangutan,1.9084850188786497
sorangutan,2.0681858617461617
sorangutan,2.5224442335063197
sorangutan,2.41161970596323
sorangutan,2.41161970596323
sorangutan,2.1492191126553797
sorangutan,1.99563519459755
sorangutan,2.03342375548695
sorangutan,2.1583624920952498
sorangutan,2.0086001717619175
sorangutan,1.9242792860618816
sorangutan,2.1583624920952498
sorangutan,1.8750612633917
sorangutan,2.167317334748176
sorangutan,1.8750612633917
sorangutan,1.9822712330395684
sorangutan,1.9822712330395684
sorangutan,2.290034611362518
sorangutan,2.3909351071033793
sorangutan,2.100370545117563
sorangutan,2.7101173651118162
sorangutan,1.968482948553935
sorangutan,1.99563519459755
sorangutan,2.4409090820652177
sorangutan,2.0211892990699383
sorangutan,1.8573324964312685
sorangutan,2.0791812460476247
sorangutan,2.0211892990699383
sorangutan,1.8195439355418688
sorangutan,2.6532125137753435
sorangutan,2.4313637641589874
sorangutan,1.9084850188786497
sorangutan,2.0211892990699383
sorangutan,1.99563519459755
sorangutan,2.41161970596323
sorangutan,1.9242792860618816
sorangutan,3.225309281725863
sorangutan,2.734799829588847
sorangutan,2.6866362692622934
sorangutan,2.385606273598312
sorangutan,2.184691430817599
sorangutan,2.9822712330395684
sorangutan,2.406540180433955
sorangutan,3.337459261290656
sorangutan,3.2624510897304293
sorangutan,2.6074550232146687
sorangutan,3.4265112613645754
sorangutan,2.5490032620257876
sorangutan,2.247973266361807
sorangutan,2.722633922533812
sorangutan,1.9395192526186185
sorangutan,2.0086001717619175
sorangutan,1.9242792860618816
sorangutan,2.0453229787866576
sorangutan,2.357934847000454
sorangutan,2.481442628502305
sorangutan,2.1760912590556813
sorangutan,1.954242509439325
sorangutan,1.954242509439325
sorangutan,2.416640507338281
sorangutan,2.0086001717619175
sorangutan,2.247973266361807
sorangutan,2.12057393120585
sorangutan,2.03342375548695
sorangutan,2.100370545117563
sorangutan,1.99563519459755
sorangutan,2.2405492482826
sorangutan,2.4638929889859074
sorangutan,1.6812412373755872
sorangutan,2.3961993470957363
sorangutan,1.99563519459755
sorangutan,1.9395192526186185
sorangutan,2.100370545117563
sorangutan,2.03342375548695
sorangutan,2.374748346010104
sorangutan,2.255272505103306
sorangutan,2.184691430817599
sorangutan,2.406540180433955
sorangutan,1.8750612633917
sorangutan,1.8920946026904804
sorangutan,2.3404441148401185
sorangutan,1.9395192526186185
sorangutan,2.167317334748176
sorangutan,2.0453229787866576
sorangutan,1.9242792860618816
sorangutan,2.7558748556724915
sorangutan,2.255272505103306
sorangutan,2.2329961103921536
sorangutan,2.0681858617461617
sorangutan,2.4456042032735974
sorangutan,2.4683473304121573
sorangutan,2.4683473304121573
sorangutan,2.48572142648158
sorangutan,1.9822712330395684
sorangutan,2.895422546039408
sorangutan,2.100370545117563
sorangutan,2.357934847000454
sorangutan,2.110589710299249
sorangutan,1.8750612633917
sorangutan,1.8920946026904804
sorangutan,2.459392487759231
sorangutan,2.130333768495006
sorangutan,2.0211892990699383
sorangutan,1.954242509439325
sorangutan,2.346352974450639
sorangutan,2.3521825181113627
sorangutan,2.1398790864012365
sorangutan,1.9242792860618816
sorangutan,1.8195439355418688
sorangutan,1.9242792860618816
sorangutan,2.0211892990699383
sorangutan,2.0681858617461617
sorangutan,2.100370545117563
sorangutan,1.8573324964312685
sorangutan,1.99563519459755
sorangutan,2.303196057420489
sorangutan,2.296665190261531
sorangutan,2.2095150145426308
sorangutan,1.9242792860618816
sorangutan,2.247973266361807
sorangutan,1.968482948553935
sorangutan,1.9822712330395684
sorangutan,2.3404441148401185
sorangutan,2.130333768495006
sorangutan,1.9395192526186185
sorangutan,2.2013971243204513
sorangutan,2.2833012287035497
sorangutan,2.369215857410143
sorangutan,2.1398790864012365
sorangutan,2.2833012287035497
sorangutan,2.167317334748176
sorangutan,1.8573324964312685
sorangutan,1.8573324964312685
sorangutan,1.8750612633917
sorangutan,2.03342375548695
sorangutan,1.8573324964312685
sorangutan,1.9084850188786497
sorangutan,2.03342375548695
sorangutan,2.110589710299249
sorangutan,2.0681858617461617
sorangutan,1.9822712330395684
sorangutan,2.374748346010104
sorangutan,1.8573324964312685
sorangutan,1.8920946026904804
sorangutan,3.196452541703389
sorangutan,1.9084850188786497
sorangutan,1.968482948553935
sorangutan,2.0211892990699383
sorangutan,2.0211892990699383
sorangutan,1.9395192526186185
sorangutan,1.9084850188786497
sorangutan,1.968482948553935
sorangutan,1.8920946026904804
sorangutan,2.3961993470957363
sorangutan,1.8573324964312685
sorangutan,1.8573324964312685
sorangutan,2.100370545117563
sorangutan,2.303196057420489
sorangutan,1.954242509439325
sorangutan,1.9822712330395684
sorangutan,1.8920946026904804
sorangutan,1.8920946026904804
sorangutan,1.8920946026904804
sorangutan,1.9242792860618816
sorangutan,1.8920946026904804
sorangutan,1.9242792860618816
sorangutan,1.8750612633917
sorangutan,2.247973266361807
sorangutan,1.8573324964312685
sorangutan,2.255272505103306
sorangutan,2.0453229787866576
sorangutan,1.968482948553935
sorangutan,1.8750612633917
sorangutan,1.954242509439325
sorangutan,1.9084850188786497
sorangutan,2.0453229787866576
sorangutan,1.9822712330395684
sorangutan,2.247973266361807
sorangutan,2.225309281725863
sorangutan,2.12057393120585
sorangutan,2.110589710299249
sorangutan,1.8750612633917
sorangutan,2.0681858617461617
sorangutan,1.9395192526186185
sorangutan,2.184691430817599
sorangutan,2.0086001717619175
sorangutan,2.459392487759231
sorangutan,2.255272505103306
sorangutan,1.954242509439325
sorangutan,1.9822712330395684
sorangutan,2.0211892990699383
sorangutan,2.416640507338281
sorangutan,2.0211892990699383
sorangutan,1.9395192526186185
sorangutan,2.0681858617461617
sorangutan,2.0453229787866576
sorangutan,1.9242792860618816
sorangutan,2.110589710299249
sorangutan,2.089905111439398
sorangutan,2.5024271199844326
sorangutan,2.369215857410143
sorangutan,1.954242509439325
sorangutan,2.1931245983544616
sorangutan,1.8750612633917
sorangutan,1.9395192526186185
sorangutan,1.9395192526186185
sorangutan,2.0681858617461617
sorangutan,2.03342375548695
sorangutan,2.167317334748176
sorangutan,2.247973266361807
sorangutan,2.0569048513364727
sorangutan,1.8920946026904804
sorangutan,2.3283796034387376
sorangutan,2.3283796034387376
sorangutan,2.225309281725863
sorangutan,1.8920946026904804
sorangutan,1.9822712330395684
sorangutan,1.9822712330395684
sorangutan,1.9822712330395684
sorangutan,2.8312296938670634
sorangutan,1.7558748556724915
sorangutan,2.514547752660286
sorangutan,2.4983105537896004
sorangutan,2.0681858617461617
sorangutan,2.584331224367531
sorangutan,2.290034611362518
sorangutan,1.8573324964312685
sorangutan,2.225309281725863
sorangutan,1.8750612633917
sorangutan,2.247973266361807
sorangutan,2.374748346010104
sorangutan,2.2013971243204513
sorangutan,1.954242509439325
sorangutan,2.0681858617461617
sorangutan,1.9084850188786497
sorangutan,1.968482948553935
sorangutan,2.3283796034387376
sorangutan,1.954242509439325
sorangutan,1.99563519459755
sorangutan,2.526339277389844
sorangutan,2.526339277389844
sorangutan,1.9242792860618816
sorangutan,2.303196057420489
sorangutan,1.8920946026904804
sorangutan,2.089905111439398
sorangutan,2.03342375548695
sorangutan,2.167317334748176
sorangutan,2.41161970596323
sorangutan,2.7781512503836434
sorangutan,3.0236639181977933
sorangutan,1.954242509439325
sorangutan,2.8887409606828927
sorangutan,1.9822712330395684
sorangutan,3.1482940974347455
sorangutan,3.622006673006805
sorangutan,1.9395192526186185
sorangutan,1.9242792860618816
sorangutan,2.0681858617461617
sorangutan,2.1583624920952498
sorangutan,2.1931245983544616
sorangutan,2.130333768495006
sorangutan,2.0086001717619175
sorangutan,1.9395192526186185
sorangutan,1.8920946026904804
sorangutan,2.0681858617461617
sorangutan,2.089905111439398
sorangutan,2.12057393120585
sorangutan,2.0211892990699383
sorangutan,2.315970345456918
sorangutan,1.9822712330395684
sorangutan,1.9822712330395684
sorangutan,1.954242509439325
sorangutan,1.9395192526186185
sorangutan,1.9395192526186185
sorangutan,1.9395192526186185
sorangutan,2.0086001717619175
sorangutan,2.100370545117563
sorangutan,1.968482948553935
sorangutan,1.968482948553935
sorangutan,2.110589710299249
sorangutan,1.9242792860618816
sorangutan,2.290034611362518
sorangutan,2.4313637641589874
sorangutan,2.0453229787866576
sorangutan,1.8388490907372552
sorangutan,2.0681858617461617
sorangutan,2.0569048513364727
sorangutan,1.8750612633917
sorangutan,1.8750612633917
sorangutan,2.247973266361807
sorangutan,2.322219294733919
sorangutan,2.48572142648158
sorangutan,2.12057393120585
sorangutan,2.45484486000851
sorangutan,1.9822712330395684
sorangutan,2.406540180433955
sorangutan,2.2013971243204513
sorangutan,2.0453229787866576
sorangutan,1.9822712330395684
sorangutan,2.2833012287035497
sorangutan,1.9242792860618816
sorangutan,1.954242509439325
sorangutan,2.3096301674258988
sorangutan,2.0791812460476247
sorangutan,1.99563519459755
sorangutan,2.0086001717619175
sorangutan,2.130333768495006
sorangutan,2.0569048513364727
sorangutan,2.584331224367531
sorangutan,2.584331224367531
sorangutan,2.0569048513364727
sorangutan,1.8573324964312685
sorangutan,1.8920946026904804
sorangutan,2.1760912590556813
sorangutan,2.2174839442139063
sorangutan,1.9395192526186185
sorangutan,1.9242792860618816
sorangutan,1.8920946026904804
sorangutan,2.5415792439465807
sorangutan,2.56702636615906
sorangutan,1.8195439355418688
sorangutan,1.8195439355418688
sorangutan,2.5563025007672873
sorangutan,2.45484486000851
sorangutan,2.2764618041732443
sorangutan,1.9395192526186185
sorangutan,1.9242792860618816
sorangutan,2.9929950984313414
sorangutan,1.9242792860618816
sorangutan,1.8573324964312685
sorangutan,2.089905111439398
sorangutan,1.968482948553935
sorangutan,2.100370545117563
sorangutan,2.0569048513364727
sorangutan,2.03342375548695
sorangutan,2.0211892990699383
sorangutan,1.9084850188786497
sorangutan,2.0211892990699383
sorangutan,2.0681858617461617
sorangutan,2.12057393120585
sorangutan,1.9395192526186185
sorangutan,2.130333768495006
sorangutan,1.9395192526186185
sorangutan,2.0569048513364727
sorangutan,1.99563519459755
sorangutan,1.9822712330395684
sorangutan,1.9822712330395684
sorangutan,2.0791812460476247
sorangutan,2.2013971243204513
sorangutan,1.954242509439325
sorangutan,1.968482948553935
sorangutan,1.968482948553935
sorangutan,2.2833012287035497
sorangutan,2.2624510897304293
sorangutan,2.1492191126553797
sorangutan,1.9395192526186185
sorangutan,2.12057393120585
sorangutan,2.2329961103921536
sorangutan,1.99563519459755
sorangutan,2.2174839442139063
sorangutan,1.9242792860618816
sorangutan,1.9242792860618816
sorangutan,1.9084850188786497
sorangutan,2.0211892990699383
sorangutan,1.9242792860618816
sorangutan,1.9242792860618816
sorangutan,2.225309281725863
sorangutan,1.9822712330395684
sorangutan,2.089905111439398
sorangutan,1.9395192526186185
sorangutan,2.089905111439398
sorangutan,2.3404441148401185
sorangutan,3.8795546009389743
sorangutan,1.9242792860618816
sorangutan,2.167317334748176
sorangutan,1.9242792860618816
sorangutan,1.8920946026904804
sorangutan,2.225309281725863
sorangutan,1.954242509439325
sorangutan,1.8750612633917
sorangutan,2.2405492482826
sorangutan,2.2174839442139063
sorangutan,1.9084850188786497
sorangutan,1.9242792860618816
sorangutan,2.0086001717619175
sorangutan,2.0453229787866576
sorangutan,2.1492191126553797
sorangutan,1.8920946026904804
sorangutan,2.3344537511509307
sorangutan,1.9395192526186185
sorangutan,2.0791812460476247
sorangutan,1.9084850188786497
sorangutan,1.9084850188786497
sorangutan,2.0211892990699383
sorangutan,2.0211892990699383
sorangutan,1.9395192526186185
sorangutan,2.0086001717619175
sorangutan,1.954242509439325
sorangutan,2.130333768495006
sorangutan,1.99563519459755
sorangutan,1.954242509439325
sorangutan,1.9822712330395684
sorangutan,2.4409090820652177
sorangutan,1.9242792860618816
sorangutan,2.3096301674258988
sorangutan,1.99563519459755
sorangutan,1.7993405494535817
sorangutan,2.100370545117563
sorangutan,1.7993405494535817
sorangutan,1.9822712330395684
sorangutan,2.0681858617461617
sorangutan,2.2013971243204513
sorangutan,2.526339277389844
sorangutan,1.8920946026904804
sorangutan,2.3283796034387376
sorangutan,1.8750612633917
sorangutan,1.8920946026904804
sorangutan,2.130333768495006
sorangutan,1.99563519459755
sorangutan,2.2624510897304293
sorangutan,2.2624510897304293
sorangutan,1.9084850188786497
sorangutan,1.9395192526186185
sorangutan,1.954242509439325
sorangutan,2.3344537511509307
sorangutan,1.9822712330395684
sorangutan,2.0569048513364727
sorangutan,2.401400540781544
sorangutan,1.968482948553935
sorangutan,1.9822712330395684
sorangutan,1.954242509439325
sorangutan,2.1398790864012365
sorangutan,2.0211892990699383
sorangutan,1.8750612633917
sorangutan,2.167317334748176
sorangutan,2.2329961103921536
sorangutan,1.9084850188786497
sorangutan,2.184691430817599
sorangutan,2.12057393120585
sorangutan,1.9084850188786497
sorangutan,2.0681858617461617
sorangutan,1.8920946026904804
sorangutan,2.0086001717619175
sorangutan,1.9822712330395684
sorangutan,2.100370545117563
sorangutan,2.0211892990699383
sorangutan,2.0086001717619175
sorangutan,2.184691430817599
sorangutan,1.954242509439325
sorangutan,2.0086001717619175
sorangutan,2.510545010206612
sorangutan,1.954242509439325
sorangutan,2.2624510897304293
sorangutan,2.255272505103306
sorangutan,2.374748346010104
sorangutan,2.374748346010104
sorangutan,2.2624510897304293
sorangutan,2.12057393120585
sorangutan,1.9822712330395684
sorangutan,2.167317334748176
sorangutan,2.5490032620257876
sorangutan,2.3344537511509307
sorangutan,2.0086001717619175
sorangutan,2.3096301674258988
sorangutan,2.3344537511509307
sorangutan,1.9242792860618816
sorangutan,1.9242792860618816
sorangutan,2.0211892990699383
sorangutan,2.0211892990699383
sorangutan,2.494154594018443
sorangutan,2.406540180433955
sorangutan,2.1583624920952498
sorangutan,2.1583624920952498
sorangutan,2.255272505103306
sorangutan,2.1583624920952498
sorangutan,2.2174839442139063
sorangutan,2.3404441148401185
sorangutan,1.9395192526186185
sorangutan,2.3961993470957363
sorangutan,2.4265112613645754
sorangutan,2.4216039268698313
sorangutan,2.1760912590556813
sorangutan,2.225309281725863
sorangutan,2.2329961103921536
sorangutan,2.247973266361807
sorangutan,2.255272505103306
sorangutan,2.0453229787866576
sorangutan,1.9242792860618816
sorangutan,2.03342375548695
sorangutan,2.2833012287035497
sorangutan,1.99563519459755
sorangutan,1.8573324964312685
sorangutan,1.8573324964312685
sorangutan,2.0211892990699383
sorangutan,2.0086001717619175
sorangutan,2.110589710299249
sorangutan,2.110589710299249
sorangutan,2.406540180433955
sorangutan,2.290034611362518
sorangutan,2.0681858617461617
sorangutan,2.184691430817599
sorangutan,2.450249108319361
sorangutan,2.5024271199844326
sorangutan,2.1760912590556813
sorangutan,1.9084850188786497
sorangutan,2.225309281725863
sorangutan,2.380211241711606
sorangutan,2.7466341989375787
sorangutan,1.9242792860618816
sorangutan,2.2695129442179165
sorangutan,2.130333768495006
sorangutan,1.9395192526186185
sorangutan,2.635483746814912
sorangutan,2.6473829701146196
sorangutan,2.12057393120585
sorangutan,1.99563519459755
sorangutan,1.99563519459755
sorangutan,1.9395192526186185
sorangutan,1.9395192526186185
sorangutan,1.968482948553935
sorangutan,1.968482948553935
sorangutan,2.110589710299249
sorangutan,2.296665190261531
sorangutan,1.954242509439325
sorangutan,1.8750612633917
sorangutan,1.8750612633917
sorangutan,1.954242509439325
sorangutan,2.0086001717619175
sorangutan,2.401400540781544
sorangutan,2.0681858617461617
sorangutan,2.3636119798921444
sorangutan,2.0453229787866576
sorangutan,1.8920946026904804
sorangutan,2.7781512503836434
sorangutan,2.948412965778601
sorangutan,3.035829825252828
sorangutan,1.9084850188786497
sorangutan,1.99563519459755
sorangutan,2.12057393120585
sorangutan,2.385606273598312
sorangutan,1.968482948553935
sorangutan,1.968482948553935
sorangutan,2.0086001717619175
sorangutan,1.99563519459755
sorangutan,1.9822712330395684
sorangutan,1.9395192526186185
sorangutan,1.9395192526186185
sorangutan,1.954242509439325
sorangutan,2.0681858617461617
sorangutan,2.0569048513364727
sorangutan,2.03342375548695
sorangutan,1.99563519459755
sorangutan,1.954242509439325
sorangutan,2.0791812460476247
sorangutan,1.968482948553935
sorangutan,2.0453229787866576
sorangutan,2.0681858617461617
sorangutan,1.9822712330395684
sorangutan,1.9822712330395684
sorangutan,2.0791812460476247
sorangutan,2.0086001717619175
sorangutan,1.9822712330395684
sorangutan,2.167317334748176
sorangutan,2.481442628502305
sorangutan,2.6232492903979003
sorangutan,2.0453229787866576
sorangutan,2.683947130751512
sorangutan,2.6009728956867484
sorangutan,1.968482948553935
sorangutan,2.110589710299249
sorangutan,2.0086001717619175
sorangutan,1.7075701760979363
sorangutan,2.6414741105040997
sorangutan,2.380211241711606
sorangutan,1.99563519459755
sorangutan,2.4771212547196626
sorangutan,2.03342375548695
sorangutan,2.089905111439398
sorangutan,2.0086001717619175
sorangutan,1.968482948553935
sorangutan,2.110589710299249
sorangutan,2.110589710299249
sorangutan,2.1931245983544616
sorangutan,1.9822712330395684
sorangutan,2.089905111439398
sorangutan,1.9242792860618816
sorangutan,2.7299742856995555
sorangutan,2.369215857410143
sorangutan,2.3636119798921444
sorangutan,2.2405492482826
sorangutan,2.3636119798921444
sorangutan,2.0211892990699383
sorangutan,1.8920946026904804
sorangutan,2.6972293427597176
sorangutan,2.089905111439398
sorangutan,2.2095150145426308
sorangutan,1.968482948553935
sorangutan,1.954242509439325
sorangutan,1.9395192526186185
sorangutan,2.0791812460476247
sorangutan,1.954242509439325
sorangutan,2.7371926427047373
sorangutan,1.954242509439325
sorangutan,1.954242509439325
sorangutan,2.6263403673750423
sorangutan,2.3096301674258988
sorangutan,1.9395192526186185
sorangutan,2.2624510897304293
sorangutan,1.9395192526186185
sorangutan,2.247973266361807
sorangutan,2.0211892990699383
sorangutan,2.0211892990699383
sorangutan,2.0453229787866576
sorangutan,1.9084850188786497
sorangutan,2.1583624920952498
sorangutan,2.0569048513364727
sorangutan,2.4727564493172123
sorangutan,1.8920946026904804
sorangutan,2.1492191126553797
sorangutan,2.61066016308988
sorangutan,2.0211892990699383
sorangutan,2.346352974450639
sorangutan,2.0453229787866576
sorangutan,2.4638929889859074
sorangutan,2.4313637641589874
sorangutan,2.03342375548695
sorangutan,1.9395192526186185
sorangutan,2.7299742856995555
sorangutan,2.7299742856995555
sorangutan,1.9242792860618816
sorangutan,2.2095150145426308
sorangutan,2.5185139398778875
sorangutan,2.2013971243204513
sorangutan,2.4727564493172123
sorangutan,2.3909351071033793
sorangutan,1.8920946026904804
sorangutan,2.089905111439398
sorangutan,1.8573324964312685
sorangutan,1.9242792860618816
sorangutan,1.9242792860618816
sorangutan,1.8920946026904804
sorangutan,1.9084850188786497
sorangutan,1.968482948553935
sorangutan,2.45484486000851
sorangutan,2.110589710299249
sorangutan,1.8920946026904804
sorangutan,2.0086001717619175
sorangutan,1.9084850188786497
sorangutan,1.8573324964312685
sorangutan,1.8920946026904804
sorangutan,1.9242792860618816
sorangutan,1.968482948553935
sorangutan,1.9084850188786497
sorangutan,1.9395192526186185
sorangutan,2.0569048513364727
sorangutan,1.8750612633917
sorangutan,2.0681858617461617
sorangutan,2.2013971243204513
sorangutan,1.954242509439325
sorangutan,2.0086001717619175
sorangutan,1.9242792860618816
sorangutan,1.968482948553935
sorangutan,2.0569048513364727
sorangutan,2.12057393120585
sorangutan,1.954242509439325
sorangutan,1.9242792860618816
sorangutan,2.0453229787866576
sorangutan,2.0086001717619175
sorangutan,2.0453229787866576
sorangutan,2.089905111439398
sorangutan,2.2013971243204513
sorangutan,1.9242792860618816
sorangutan,2.1760912590556813
sorangutan,2.1931245983544616
sorangutan,2.416640507338281
sorangutan,1.954242509439325
sorangutan,3.03342375548695
sorangutan,2.0211892990699383
sorangutan,2.03342375548695
sorangutan,1.8750612633917
sorangutan,1.968482948553935
sorangutan,2.597695185925512
sorangutan,2.290034611362518
sorangutan,1.9242792860618816
sorangutan,2.3283796034387376
sorangutan,1.9822712330395684
sorangutan,1.99563519459755
sorangutan,2.1931245983544616
sorangutan,2.537819095073274
sorangutan,2.537819095073274
sorangutan,2.7993405494535817
sorangutan,1.8750612633917
sorangutan,2.3096301674258988
sorangutan,1.954242509439325
sorangutan,1.968482948553935
sorangutan,2.1398790864012365
sorangutan,1.9395192526186185
sorangutan,1.9395192526186185
sorangutan,2.247973266361807
sorangutan,2.670245853074124
sorangutan,1.954242509439325
sorangutan,2.4727564493172123
sorangutan,1.954242509439325
sorangutan,2.296665190261531
sorangutan,1.9822712330395684
sorangutan,2.303196057420489
sorangutan,2.225309281725863
sorangutan,1.954242509439325
sorangutan,2.303196057420489
sorangutan,1.8573324964312685
sorangutan,2.0211892990699383
sorangutan,1.9395192526186185
sorangutan,2.357934847000454
sorangutan,2.3096301674258988
sorangutan,2.0211892990699383
sorangutan,2.0211892990699383
sorangutan,2.0681858617461617
sorangutan,1.9822712330395684
sorangutan,1.9822712330395684
sorangutan,1.9084850188786497
sorangutan,2.401400540781544
sorangutan,2.3961993470957363
sorangutan,2.12057393120585
sorangutan,1.968482948553935
sorangutan,2.2174839442139063
sorangutan,2.1492191126553797
sorangutan,1.9395192526186185
sorangutan,1.954242509439325
sorangutan,2.3636119798921444
sorangutan,2.2013971243204513
sorangutan,1.9242792860618816
sorangutan,1.9395192526186185
sorangutan,2.225309281725863
sorangutan,1.9822712330395684
sorangutan,1.9822712330395684
sorangutan,2.225309281725863
sorangutan,2.167317334748176
sorangutan,1.968482948553935
sorangutan,2.0211892990699383
sorangutan,1.968482948553935
sorangutan,2.315970345456918
sorangutan,1.8920946026904804
sorangutan,2.167317334748176
sorangutan,2.5490032620257876
sorangutan,2.2624510897304293
sorangutan,2.0211892990699383
sorangutan,1.9084850188786497
sorangutan,1.9395192526186185
sorangutan,2.2624510897304293
sorangutan,1.9242792860618816
sorangutan,2.290034611362518
sorangutan,2.2624510897304293
sorangutan,1.9242792860618816
sorangutan,1.9822712330395684
sorangutan,1.9242792860618816
sorangutan,2.2624510897304293
sorangutan,2.100370545117563
sorangutan,2.247973266361807
sorangutan,2.48572142648158
sorangutan,1.9242792860618816
sorangutan,2.2624510897304293
sorangutan,2.2624510897304293
sorangutan,1.9242792860618816
sorangutan,2.2624510897304293
sorangutan,1.9242792860618816
sorangutan,1.9822712330395684
sorangutan,1.9242792860618816
sorangutan,2.2624510897304293
sorangutan,1.9395192526186185
sorangutan,1.9822712330395684
sorangutan,1.9242792860618816
sorangutan,2.2624510897304293
sorangutan,1.9395192526186185
sorangutan,1.9242792860618816
sorangutan,2.2624510897304293
sorangutan,2.247973266361807
sorangutan,2.2624510897304293
sorangutan,1.9242792860618816
sorangutan,1.9395192526186185
sorangutan,1.9395192526186185
sorangutan,1.9395192526186185
sorangutan,2.2624510897304293
sorangutan,1.9395192526186185
sorangutan,1.9242792860618816
sorangutan,2.2624510897304293
sorangutan,2.2624510897304293
sorangutan,1.9242792860618816
sorangutan,2.2624510897304293
sorangutan,1.9242792860618816
sorangutan,1.9242792860618816
sorangutan,2.2624510897304293
sorangutan,1.9395192526186185
sorangutan,2.1583624920952498
sorangutan,2.1583624920952498
sorangutan,1.8920946026904804
sorangutan,2.296665190261531
sorangutan,2.303196057420489
sorangutan,2.0453229787866576
sorangutan,2.089905111439398
sorangutan,2.3961993470957363
sorangutan,1.954242509439325
sorangutan,1.8750612633917
sorangutan,1.99563519459755
sorangutan,1.8750612633917
sorangutan,2.617000341120899
sorangutan,2.0569048513364727
sorangutan,2.385606273598312
sorangutan,2.0791812460476247
sorangutan,2.1492191126553797
sorangutan,2.12057393120585
sorangutan,2.100370545117563
sorangutan,2.0211892990699383
sorangutan,1.968482948553935
sorangutan,2.290034611362518
sorangutan,2.290034611362518
sorangutan,2.357934847000454
sorangutan,2.2764618041732443
sorangutan,2.0211892990699383
sorangutan,2.1492191126553797
sorangutan,2.1492191126553797
sorangutan,2.0569048513364727
sorangutan,1.9395192526186185
sorangutan,2.0211892990699383
sorangutan,2.0086001717619175
sorangutan,1.968482948553935
sorangutan,1.9822712330395684
sorangutan,1.9395192526186185
sorangutan,1.954242509439325
sorangutan,2.1398790864012365
sorangutan,2.296665190261531
sorangutan,2.100370545117563
sorangutan,2.3521825181113627
sorangutan,1.9084850188786497
sorangutan,2.1931245983544616
sorangutan,1.9084850188786497
sorangutan,1.99563519459755
sorangutan,1.9084850188786497
sorangutan,1.9822712330395684
sorangutan,1.9242792860618816
sorangutan,1.99563519459755
sorangutan,2.526339277389844
sorangutan,1.9084850188786497
sorangutan,2.255272505103306
sorangutan,1.954242509439325
sorangutan,2.100370545117563
sorangutan,2.315970345456918
sorangutan,2.4683473304121573
sorangutan,2.0086001717619175
sorangutan,2.322219294733919
sorangutan,2.03342375548695
sorangutan,2.1492191126553797
sorangutan,1.8750612633917
sorangutan,1.8750612633917
sorangutan,1.8750612633917
sorangutan,1.8750612633917
sorangutan,1.8750612633917
sorangutan,1.8750612633917
sorangutan,1.8750612633917
sorangutan,1.8750612633917
sorangutan,1.8750612633917
sorangutan,1.8750612633917
sorangutan,1.8750612633917
sorangutan,1.8750612633917
sorangutan,1.8750612633917
sorangutan,1.8750612633917
sorangutan,1.8750612633917
sorangutan,1.8750612633917
sorangutan,1.8750612633917
sorangutan,1.8750612633917
sorangutan,1.8750612633917
sorangutan,1.8750612633917
sorangutan,1.8750612633917
sorangutan,1.8750612633917
sorangutan,1.8920946026904804
sorangutan,1.8750612633917
sorangutan,1.8750612633917
sorangutan,1.8750612633917
sorangutan,1.8920946026904804
sorangutan,2.385606273598312
sorangutan,2.41161970596323
sorangutan,1.8920946026904804
sorangutan,2.0211892990699383
sorangutan,2.2624510897304293
sorangutan,2.089905111439398
sorangutan,2.380211241711606
sorangutan,1.8388490907372552
sorangutan,2.089905111439398
sorangutan,1.8920946026904804
sorangutan,2.1931245983544616
sorangutan,2.130333768495006
sorangutan,2.2405492482826
sorangutan,1.8920946026904804
sorangutan,2.2013971243204513
sorangutan,1.8750612633917
sorangutan,2.184691430817599
sorangutan,1.8388490907372552
sorangutan,1.8388490907372552
sorangutan,2.184691430817599
sorangutan,2.0086001717619175
sorangutan,2.2405492482826
sorangutan,2.167317334748176
sorangutan,1.9242792860618816
sorangutan,1.99563519459755
sorangutan,2.510545010206612
sorangutan,1.9242792860618816
sorangutan,1.8750612633917
sorangutan,1.9084850188786497
sorangutan,1.9395192526186185
sorangutan,2.247973266361807
sorangutan,2.100370545117563
sorangutan,1.8920946026904804
sorangutan,1.8920946026904804
sorangutan,2.184691430817599
sorangutan,2.0569048513364727
sorangutan,1.9242792860618816
sorangutan,1.9395192526186185
sorangutan,1.9395192526186185
sorangutan,1.8750612633917
sorangutan,1.9242792860618816
sorangutan,1.954242509439325
sorangutan,1.8573324964312685
sorangutan,2.089905111439398
sorangutan,2.7489628612561616
sorangutan,2.3404441148401185
sorangutan,2.61066016308988
sorangutan,2.3344537511509307
sorangutan,1.9242792860618816
sorangutan,2.416640507338281
sorangutan,1.8750612633917
sorangutan,2.739572344450092
sorangutan,2.0086001717619175
sorangutan,2.2013971243204513
sorangutan,2.3404441148401185
sorangutan,2.1398790864012365
sorangutan,2.2405492482826
sorangutan,2.2405492482826
sorangutan,1.8573324964312685
sorangutan,2.0453229787866576
sorangutan,1.9395192526186185
sorangutan,2.100370545117563
sorangutan,2.3344537511509307
sorangutan,1.9822712330395684
sorangutan,2.537819095073274
sorangutan,2.1492191126553797
sorangutan,2.1492191126553797
sorangutan,2.12057393120585
sorangutan,1.9395192526186185
sorangutan,2.110589710299249
sorangutan,1.954242509439325
sorangutan,1.9242792860618816
sorangutan,1.9084850188786497
sorangutan,1.9395192526186185
sorangutan,1.9822712330395684
sorangutan,1.9242792860618816
sorangutan,2.303196057420489
sorangutan,1.9084850188786497
sorangutan,1.99563519459755
sorangutan,1.8920946026904804
sorangutan,2.8055008581584002
sorangutan,2.1398790864012365
sorangutan,2.089905111439398
sorangutan,1.968482948553935
sorangutan,2.296665190261531
sorangutan,2.385606273598312
sorangutan,1.954242509439325
sorangutan,2.290034611362518
sorangutan,2.130333768495006
sorangutan,2.03342375548695
sorangutan,2.5854607295085006
sorangutan,1.9242792860618816
sorangutan,2.0681858617461617
sorangutan,1.99563519459755
sorangutan,2.0453229787866576
sorangutan,2.4638929889859074
sorangutan,1.8920946026904804
sorangutan,2.290034611362518
sorangutan,1.99563519459755
sorangutan,1.8388490907372552
sorangutan,1.954242509439325
sorangutan,2.7075701760979363
sorangutan,1.954242509439325
sorangutan,1.954242509439325
sorangutan,1.954242509439325
sorangutan,2.1492191126553797
sorangutan,1.954242509439325
sorangutan,2.1931245983544616
sorangutan,2.0086001717619175
sorangutan,2.0453229787866576
sorangutan,2.4409090820652177
sorangutan,2.0791812460476247
sorangutan,2.247973266361807
sorangutan,2.0791812460476247
sorangutan,2.0211892990699383
sorangutan,2.2624510897304293
sorangutan,2.380211241711606
sorangutan,2.1931245983544616
sorangutan,2.6138418218760693
sorangutan,2.4638929889859074
sorangutan,1.99563519459755
sorangutan,1.99563519459755
sorangutan,1.9084850188786497
sorangutan,2.0086001717619175
sorangutan,1.99563519459755
sorangutan,1.9822712330395684
sorangutan,1.9395192526186185
sorangutan,1.9084850188786497
sorangutan,1.9395192526186185
sorangutan,2.130333768495006
sorangutan,1.8750612633917
sorangutan,2.2329961103921536
sorangutan,1.968482948553935
sorangutan,2.5599066250361124
sorangutan,1.9084850188786497
sorangutan,1.9084850188786497
sorangutan,2.03342375548695
sorangutan,2.03342375548695
sorangutan,2.03342375548695
sorangutan,2.0211892990699383
sorangutan,2.100370545117563
sorangutan,1.9822712330395684
sorangutan,1.9242792860618816
sorangutan,2.0681858617461617
sorangutan,2.0681858617461617
sorangutan,2.0681858617461617
sorangutan,2.0086001717619175
sorangutan,1.99563519459755
sorangutan,1.8750612633917
sorangutan,1.9242792860618816
sorangutan,2.03342375548695
sorangutan,2.0086001717619175
sorangutan,2.0086001717619175
sorangutan,1.9242792860618816
sorangutan,2.0211892990699383
sorangutan,2.0211892990699383
sorangutan,2.0211892990699383
sorangutan,2.100370545117563
sorangutan,2.450249108319361
sorangutan,1.9822712330395684
sorangutan,2.4983105537896004
sorangutan,2.4983105537896004
sorangutan,2.4983105537896004
sorangutan,1.8388490907372552
sorangutan,1.9822712330395684
sorangutan,1.8920946026904804
sorangutan,2.0086001717619175
sorangutan,2.0086001717619175
sorangutan,2.322219294733919
sorangutan,2.0211892990699383
sorangutan,2.225309281725863
sorangutan,1.9395192526186185
sorangutan,1.9084850188786497
sorangutan,2.290034611362518
sorangutan,2.2013971243204513
sorangutan,2.3283796034387376
sorangutan,2.2764618041732443
sorangutan,2.2764618041732443
sorangutan,2.2405492482826
sorangutan,2.2405492482826
sorangutan,2.225309281725863
sorangutan,1.8750612633917
sorangutan,1.8920946026904804
sorangutan,1.8573324964312685
sorangutan,2.4727564493172123
sorangutan,2.12057393120585
sorangutan,2.12057393120585
sorangutan,1.9084850188786497
sorangutan,1.954242509439325
sorangutan,1.9084850188786497
sorangutan,2.4638929889859074
sorangutan,2.574031267727719
sorangutan,2.5809249756756194
sorangutan,2.2405492482826
sorangutan,2.2405492482826
sorangutan,1.954242509439325
sorangutan,2.0211892990699383
sorangutan,2.0211892990699383
sorangutan,1.9822712330395684
sorangutan,2.100370545117563
sorangutan,1.954242509439325
sorangutan,2.0086001717619175
sorangutan,2.03342375548695
sorangutan,1.8750612633917
sorangutan,1.9084850188786497
sorangutan,2.0086001717619175
sorangutan,2.0791812460476247
sorangutan,2.4409090820652177
sorangutan,2.2095150145426308
sorangutan,2.3344537511509307
sorangutan,2.2095150145426308
sorangutan,2.2174839442139063
sorangutan,2.2174839442139063
sorangutan,2.2095150145426308
sorangutan,2.2095150145426308
sorangutan,1.99563519459755
sorangutan,1.9242792860618816
sorangutan,2.584331224367531
sorangutan,2.406540180433955
sorangutan,1.954242509439325
sorangutan,2.5774917998372255
sorangutan,2.45484486000851
sorangutan,2.574031267727719
sorangutan,2.2095150145426308
sorangutan,2.2095150145426308
sorangutan,2.0211892990699383
sorangutan,1.9084850188786497
sorangutan,1.968482948553935
sorangutan,1.8920946026904804
sorangutan,2.2764618041732443
sorangutan,2.678518379040114
sorangutan,2.1931245983544616
sorangutan,2.2095150145426308
sorangutan,1.8750612633917
sorangutan,1.8920946026904804
sorangutan,1.8750612633917
sorangutan,2.12057393120585
sorangutan,2.1492191126553797
sorangutan,2.1583624920952498
sorangutan,1.8573324964312685
sorangutan,1.9822712330395684
sorangutan,1.99563519459755
sorangutan,2.290034611362518
sorangutan,1.9242792860618816
sorangutan,2.5185139398778875
sorangutan,2.03342375548695
sorangutan,2.03342375548695
sorangutan,1.9242792860618816
sorangutan,1.954242509439325
sorangutan,1.9395192526186185
sorangutan,1.954242509439325
sorangutan,2.2013971243204513
sorangutan,1.968482948553935
sorangutan,1.968482948553935
sorangutan,1.954242509439325
sorangutan,2.100370545117563
sorangutan,2.0086001717619175
sorangutan,1.954242509439325
sorangutan,1.8573324964312685
sorangutan,2.089905111439398
sorangutan,2.3283796034387376
sorangutan,1.9242792860618816
sorangutan,1.9242792860618816
sorangutan,2.2095150145426308
sorangutan,1.8920946026904804
sorangutan,2.5563025007672873
sorangutan,2.2095150145426308
sorangutan,2.450249108319361
sorangutan,1.9822712330395684
sorangutan,2.2095150145426308
sorangutan,2.2095150145426308
sorangutan,2.2095150145426308
sorangutan,2.2095150145426308
sorangutan,2.2095150145426308
sorangutan,2.2095150145426308
sorangutan,2.2095150145426308
sorangutan,1.9242792860618816
sorangutan,2.584331224367531
sorangutan,2.514547752660286
sorangutan,1.8920946026904804
sorangutan,1.99563519459755
sorangutan,1.954242509439325
sorangutan,2.369215857410143
sorangutan,1.9395192526186185
sorangutan,1.9395192526186185
sorangutan,2.3096301674258988
sorangutan,2.110589710299249
sorangutan,2.0211892990699383
sorangutan,2.2624510897304293
sorangutan,2.0453229787866576
sorangutan,2.0791812460476247
sorangutan,2.5563025007672873
sorangutan,2.3096301674258988
sorangutan,2.1398790864012365
sorangutan,2.41161970596323
sorangutan,1.9242792860618816
sorangutan,2.530199698203082
sorangutan,2.530199698203082
sorangutan,2.03342375548695
sorangutan,2.0086001717619175
sorangutan,2.2174839442139063
sorangutan,1.9084850188786497
sorangutan,1.968482948553935
sorangutan,2.2095150145426308
sorangutan,2.3404441148401185
sorangutan,1.9822712330395684
sorangutan,1.9395192526186185
sorangutan,2.247973266361807
sorangutan,1.954242509439325
sorangutan,1.9242792860618816
sorangutan,1.968482948553935
sorangutan,2.322219294733919
sorangutan,2.0569048513364727
sorangutan,2.0569048513364727
sorangutan,2.3909351071033793
sorangutan,1.9395192526186185
sorangutan,2.2329961103921536
sorangutan,2.369215857410143
sorangutan,1.9242792860618816
sorangutan,2.658964842664435
sorangutan,2.4683473304121573
sorangutan,2.416640507338281
sorangutan,1.99563519459755
sorangutan,1.8920946026904804
sorangutan,1.99563519459755
sorangutan,1.8573324964312685
sorangutan,2.0211892990699383
sorangutan,1.968482948553935
sorangutan,2.1760912590556813
sorangutan,2.12057393120585
sorangutan,2.184691430817599
sorangutan,2.315970345456918
sorangutan,2.225309281725863
sorangutan,2.3909351071033793
sorangutan,2.110589710299249
sorangutan,2.03342375548695
sorangutan,2.1760912590556813
sorangutan,2.357934847000454
sorangutan,1.9822712330395684
sorangutan,2.0453229787866576
sorangutan,2.2174839442139063
sorangutan,2.2174839442139063
sorangutan,2.2174839442139063
sorangutan,1.8920946026904804
sorangutan,2.089905111439398
sorangutan,2.346352974450639
sorangutan,2.330413773349191
sorangutan,2.374748346010104
sorangutan,2.2013971243204513
sorangutan,2.3096301674258988
sorangutan,2.290034611362518
sorangutan,2.2624510897304293
sorangutan,2.315970345456918
sorangutan,1.8573324964312685
sorangutan,2.100370545117563
sorangutan,2.3344537511509307
sorangutan,2.1398790864012365
sorangutan,1.9822712330395684
sorangutan,2.0086001717619175
sorangutan,2.0211892990699383
sorangutan,2.406540180433955
sorangutan,2.2833012287035497
sorangutan,1.9242792860618816
sorangutan,2.184691430817599
sorangutan,2.1583624920952498
sorangutan,1.99563519459755
sorangutan,1.9084850188786497
sorangutan,2.0211892990699383
sorangutan,2.110589710299249
sorangutan,2.2695129442179165
sorangutan,2.290034611362518
sorangutan,2.3909351071033793
sorangutan,1.9395192526186185
sorangutan,2.12057393120585
sorangutan,2.2095150145426308
sorangutan,1.9395192526186185
sorangutan,1.9395192526186185
sorangutan,1.9395192526186185
sorangutan,2.2405492482826
sorangutan,2.2329961103921536
sorangutan,1.9084850188786497
sorangutan,1.8920946026904804
sorangutan,2.110589710299249
sorangutan,2.303196057420489
sorangutan,1.954242509439325
sorangutan,2.03342375548695
sorangutan,2.315970345456918
sorangutan,2.0211892990699383
sorangutan,2.3961993470957363
sorangutan,2.0791812460476247
sorangutan,1.954242509439325
sorangutan,2.0791812460476247
sorangutan,2.0086001717619175
sorangutan,2.315970345456918
sorangutan,2.100370545117563
sorangutan,1.954242509439325
sorangutan,2.0211892990699383
sorangutan,2.1583624920952498
sorangutan,2.0569048513364727
sorangutan,1.954242509439325
sorangutan,2.459392487759231
sorangutan,2.2095150145426308
sorangutan,1.9084850188786497
sorangutan,1.968482948553935
sorangutan,1.9242792860618816
sorangutan,2.0211892990699383
sorangutan,2.089905111439398
sorangutan,2.0681858617461617
sorangutan,2.12057393120585
sorangutan,2.0086001717619175
sorangutan,1.9084850188786497
sorangutan,1.8573324964312685
sorangutan,2.552668216112193
sorangutan,1.99563519459755
sorangutan,2.2833012287035497
sorangutan,2.534026106056135
sorangutan,2.2013971243204513
sorangutan,1.954242509439325
sorangutan,2.3283796034387376
sorangutan,2.100370545117563
sorangutan,2.2764618041732443
sorangutan,2.4265112613645754
sorangutan,2.4727564493172123
sorangutan,1.9084850188786497
sorangutan,2.60422605308447
sorangutan,2.0791812460476247
sorangutan,1.9395192526186185
sorangutan,2.0453229787866576
sorangutan,2.1760912590556813
sorangutan,2.2405492482826
sorangutan,2.7737864449811935
sorangutan,2.3961993470957363
sorangutan,1.8573324964312685
sorangutan,2.0681858617461617
sorangutan,1.9822712330395684
sorangutan,1.954242509439325
sorangutan,2.184691430817599
sorangutan,2.895422546039408
sorangutan,1.8920946026904804
sorangutan,1.968482948553935
sorangutan,2.357934847000454
sorangutan,2.2405492482826
sorangutan,2.100370545117563
sorangutan,2.12057393120585
sorangutan,2.374748346010104
sorangutan,1.9395192526186185
sorangutan,2.7489628612561616
sorangutan,1.8573324964312685
sorangutan,1.9084850188786497
sorangutan,2.2095150145426308
sorangutan,1.9242792860618816
sorangutan,1.9084850188786497
sorangutan,2.3521825181113627
sorangutan,3.2986347831244354
sorangutan,2.1492191126553797
sorangutan,2.1583624920952498
sorangutan,2.110589710299249
sorangutan,2.296665190261531
sorangutan,1.9084850188786497
sorangutan,1.8920946026904804
sorangutan,1.8920946026904804
sorangutan,1.9242792860618816
sorangutan,1.9395192526186185
sorangutan,2.167317334748176
sorangutan,2.1760912590556813
sorangutan,1.9822712330395684
sorangutan,1.9822712330395684
sorangutan,1.8750612633917
sorangutan,1.99563519459755
sorangutan,1.9242792860618816
sorangutan,1.8388490907372552
sorangutan,2.12057393120585
sorangutan,1.954242509439325
sorangutan,2.110589710299249
sorangutan,1.9242792860618816
sorangutan,1.8750612633917
sorangutan,2.2013971243204513
sorangutan,1.9084850188786497
sorangutan,1.9084850188786497
sorangutan,1.9395192526186185
sorangutan,1.99563519459755
sorangutan,2.406540180433955
sorangutan,1.9242792860618816
sorangutan,1.9395192526186185
sorangutan,2.8055008581584002
sorangutan,2.2833012287035497
sorangutan,1.954242509439325
sorangutan,2.681241237375587
sorangutan,1.968482948553935
sorangutan,1.8750612633917
sorangutan,1.968482948553935
sorangutan,1.9084850188786497
sorangutan,2.03342375548695
sorangutan,2.0453229787866576
sorangutan,2.0569048513364727
sorangutan,1.9084850188786497
sorangutan,1.9242792860618816
sorangutan,1.954242509439325
sorangutan,2.1492191126553797
sorangutan,1.9395192526186185
sorangutan,1.9242792860618816
sorangutan,2.2013971243204513
sorangutan,1.9084850188786497
sorangutan,1.9084850188786497
sorangutan,1.9242792860618816
sorangutan,1.954242509439325
sorangutan,2.0086001717619175
sorangutan,2.952792443044092
sorangutan,2.0086001717619175
sorangutan,1.968482948553935
sorangutan,2.0086001717619175
sorangutan,1.9395192526186185
sorangutan,1.8573324964312685
sorangutan,1.8573324964312685
sorangutan,2.1760912590556813
sorangutan,1.9242792860618816
sorangutan,1.9822712330395684
sorangutan,1.8920946026904804
sorangutan,1.8920946026904804
sorangutan,2.45484486000851
sorangutan,2.110589710299249
sorangutan,2.2833012287035497
sorangutan,1.9084850188786497
sorangutan,2.374748346010104
sorangutan,1.9395192526186185
sorangutan,2.0086001717619175
sorangutan,1.968482948553935
sorangutan,1.968482948553935
sorangutan,1.9822712330395684
sorangutan,2.2174839442139063
sorangutan,2.48572142648158
sorangutan,2.48572142648158
sorangutan,1.9395192526186185
sorangutan,1.8920946026904804
sorangutan,1.8750612633917
sorangutan,1.9395192526186185
sorangutan,2.089905111439398
sorangutan,1.954242509439325
sorangutan,1.968482948553935
sorangutan,2.03342375548695
sorangutan,1.9242792860618816
sorangutan,2.130333768495006
sorangutan,2.0211892990699383
sorangutan,1.9242792860618816
sorangutan,2.0453229787866576
sorangutan,1.9242792860618816
sorangutan,2.1398790864012365
sorangutan,1.9395192526186185
sorangutan,2.2174839442139063
sorangutan,1.8920946026904804
sorangutan,2.303196057420489
sorangutan,2.0791812460476247
sorangutan,2.110589710299249
sorangutan,2.0086001717619175
sorangutan,2.0569048513364727
sorangutan,1.9395192526186185
sorangutan,2.6009728956867484
sorangutan,2.6074550232146687
sorangutan,1.9084850188786497
sorangutan,1.9242792860618816
sorangutan,1.954242509439325
sorangutan,1.954242509439325
sorangutan,2.089905111439398
sorangutan,2.436162647040756
sorangutan,1.968482948553935
sorangutan,2.537819095073274
sorangutan,1.8920946026904804
sorangutan,1.8920946026904804
sorangutan,1.9242792860618816
sorangutan,2.385606273598312
sorangutan,2.823474229170301
sorangutan,2.823474229170301
sorangutan,2.0681858617461617
sorangutan,2.0453229787866576
sorangutan,1.9084850188786497
sorangutan,2.1492191126553797
sorangutan,2.0453229787866576
sorangutan,2.0453229787866576
sorangutan,1.99563519459755
sorangutan,2.184691430817599
sorangutan,2.184691430817599
sorangutan,1.954242509439325
sorangutan,1.8750612633917
sorangutan,1.9822712330395684
sorangutan,1.8750612633917
sorangutan,2.2174839442139063
sorangutan,1.9395192526186185
sorangutan,2.1760912590556813
sorangutan,1.8750612633917
sorangutan,1.8920946026904804
sorangutan,2.552668216112193
sorangutan,1.8920946026904804
sorangutan,1.954242509439325
sorangutan,1.9084850188786497
sorangutan,2.130333768495006
sorangutan,2.1583624920952498
sorangutan,1.9395192526186185
sorangutan,1.8750612633917
sorangutan,1.9084850188786497
sorangutan,2.03342375548695
sorangutan,1.9395192526186185
sorangutan,1.8920946026904804
sorangutan,1.8920946026904804
sorangutan,1.9242792860618816
sorangutan,2.0569048513364727
sorangutan,1.9084850188786497
sorangutan,2.2695129442179165
sorangutan,2.2695129442179165
sorangutan,2.3096301674258988
sorangutan,2.401400540781544
sorangutan,1.9822712330395684
sorangutan,1.968482948553935
sorangutan,1.8573324964312685
sorangutan,1.8920946026904804
sorangutan,2.0681858617461617
sorangutan,2.0211892990699383
sorangutan,1.968482948553935
sorangutan,1.9242792860618816
sorangutan,2.5943925503754266
sorangutan,2.5943925503754266
sorangutan,1.99563519459755
sorangutan,2.0569048513364727
sorangutan,1.9822712330395684
sorangutan,2.0569048513364727
sorangutan,1.9242792860618816
sorangutan,2.2764618041732443
sorangutan,2.255272505103306
sorangutan,2.130333768495006
sorangutan,2.4983105537896004
sorangutan,1.8920946026904804
sorangutan,1.9242792860618816
sorangutan,2.380211241711606
sorangutan,2.0211892990699383
sorangutan,1.8920946026904804
sorangutan,2.12057393120585
sorangutan,2.12057393120585
sorangutan,2.1492191126553797
sorangutan,1.9822712330395684
sorangutan,1.99563519459755
sorangutan,1.9822712330395684
sorangutan,1.99563519459755
sorangutan,1.99563519459755
sorangutan,2.1492191126553797
sorangutan,1.9084850188786497
sorangutan,1.9242792860618816
sorangutan,2.1398790864012365
sorangutan,1.9395192526186185
sorangutan,2.597695185925512
sorangutan,2.184691430817599
sorangutan,1.968482948553935
sorangutan,2.0211892990699383
sorangutan,1.968482948553935
sorangutan,2.12057393120585
sorangutan,1.954242509439325
sorangutan,1.954242509439325
sorangutan,1.9084850188786497
sorangutan,2.0211892990699383
sorangutan,1.8920946026904804
sorangutan,1.8920946026904804
sorangutan,2.1492191126553797
sorangutan,2.100370545117563
sorangutan,2.2624510897304293
sorangutan,2.4899584794248346
sorangutan,2.5024271199844326
sorangutan,2.0211892990699383
sorangutan,2.510545010206612
sorangutan,2.537819095073274
sorangutan,2.2174839442139063
sorangutan,1.99563519459755
sorangutan,2.5943925503754266
sorangutan,1.8920946026904804
sorangutan,2.225309281725863
sorangutan,2.225309281725863
sorangutan,2.2013971243204513
sorangutan,1.954242509439325
sorangutan,2.3283796034387376
sorangutan,1.8750612633917
sorangutan,2.3283796034387376
sorangutan,2.0453229787866576
sorangutan,2.1492191126553797
sorangutan,2.385606273598312
sorangutan,2.110589710299249
sorangutan,1.8750612633917
sorangutan,2.1931245983544616
sorangutan,2.1931245983544616
sorangutan,2.1398790864012365
sorangutan,1.9822712330395684
sorangutan,2.0211892990699383
sorangutan,2.1583624920952498
sorangutan,1.9395192526186185
sorangutan,2.290034611362518
sorangutan,1.954242509439325
sorangutan,1.8750612633917
sorangutan,1.9822712330395684
sorangutan,1.9084850188786497
sorangutan,1.9242792860618816
sorangutan,2.0569048513364727
sorangutan,2.3283796034387376
sorangutan,2.03342375548695
sorangutan,1.9084850188786497
sorangutan,1.99563519459755
sorangutan,2.2764618041732443
sorangutan,2.4265112613645754
sorangutan,2.436162647040756
sorangutan,1.9084850188786497
sorangutan,2.296665190261531
sorangutan,2.3636119798921444
sorangutan,2.2695129442179165
sorangutan,2.0569048513364727
sorangutan,1.8750612633917
sorangutan,1.8920946026904804
sorangutan,2.5563025007672873
sorangutan,2.110589710299249
sorangutan,2.5185139398778875
sorangutan,1.8750612633917
sorangutan,1.9084850188786497
sorangutan,1.9242792860618816
sorangutan,1.968482948553935
sorangutan,2.2764618041732443
sorangutan,2.1492191126553797
sorangutan,1.9084850188786497
sorangutan,1.9084850188786497
sorangutan,2.03342375548695
sorangutan,1.9395192526186185
sorangutan,2.0569048513364727
sorangutan,2.0791812460476247
sorangutan,2.0791812460476247
sorangutan,2.1398790864012365
sorangutan,2.0211892990699383
sorangutan,1.9084850188786497
sorangutan,1.9242792860618816
sorangutan,1.8750612633917
sorangutan,2.1492191126553797
sorangutan,1.8750612633917
sorangutan,2.0681858617461617
sorangutan,2.0681858617461617
sorangutan,2.130333768495006
sorangutan,2.1931245983544616
sorangutan,1.8920946026904804
sorangutan,1.8920946026904804
sorangutan,2.247973266361807
sorangutan,1.9242792860618816
sorangutan,2.03342375548695
sorangutan,2.681241237375587
sorangutan,2.346352974450639
sorangutan,1.9822712330395684
sorangutan,1.8573324964312685
sorangutan,1.9395192526186185
sorangutan,1.9242792860618816
sorangutan,2.0791812460476247
sorangutan,2.184691430817599
sorangutan,2.1492191126553797
sorangutan,2.03342375548695
sorangutan,2.296665190261531
sorangutan,1.9395192526186185
sorangutan,2.296665190261531
sorangutan,1.9395192526186185
sorangutan,2.3521825181113627
sorangutan,2.089905111439398
sorangutan,2.089905111439398
sorangutan,2.089905111439398
sorangutan,2.089905111439398
sorangutan,2.12057393120585
sorangutan,1.8920946026904804
sorangutan,1.9822712330395684
sorangutan,2.225309281725863
sorangutan,1.9242792860618816
sorangutan,1.954242509439325
sorangutan,1.968482948553935
sorangutan,2.436162647040756
sorangutan,2.4668676203541096
sorangutan,2.2013971243204513
sorangutan,2.0569048513364727
sorangutan,2.2174839442139063
sorangutan,1.954242509439325
sorangutan,2.0086001717619175
sorangutan,1.8920946026904804
sorangutan,2.401400540781544
sorangutan,2.0086001717619175
sorangutan,2.0791812460476247
sorangutan,1.9084850188786497
sorangutan,1.9395192526186185
sorangutan,2.130333768495006
sorangutan,1.9242792860618816
sorangutan,2.130333768495006
sorangutan,1.968482948553935
sorangutan,2.0569048513364727
sorangutan,1.954242509439325
sorangutan,2.12057393120585
sorangutan,1.9242792860618816
sorangutan,1.8920946026904804
sorangutan,2.2695129442179165
sorangutan,2.3283796034387376
sorangutan,1.968482948553935
sorangutan,2.184691430817599
sorangutan,1.9084850188786497
sorangutan,1.9395192526186185
sorangutan,2.03342375548695
sorangutan,1.9395192526186185
sorangutan,1.9242792860618816
sorangutan,1.9822712330395684
sorangutan,1.9822712330395684
sorangutan,2.385606273598312
sorangutan,1.9395192526186185
sorangutan,1.968482948553935
sorangutan,2.03342375548695
sorangutan,2.5634810853944106
sorangutan,1.9395192526186185
sorangutan,2.290034611362518
sorangutan,1.954242509439325
sorangutan,1.9084850188786497
sorangutan,2.290034611362518
sorangutan,1.8920946026904804
sorangutan,1.9242792860618816
sorangutan,1.9084850188786497
sorangutan,2.03342375548695
sorangutan,2.5563025007672873
sorangutan,2.7323937598229686
sorangutan,1.9822712330395684
sorangutan,2.2405492482826
sorangutan,2.2405492482826
sorangutan,2.4983105537896004
sorangutan,2.03342375548695
sorangutan,2.0211892990699383
sorangutan,1.9242792860618816
sorangutan,2.1583624920952498
sorangutan,2.322219294733919
sorangutan,2.0453229787866576
sorangutan,2.0791812460476247
sorangutan,1.8920946026904804
sorangutan,2.0569048513364727
sorangutan,2.110589710299249
sorangutan,2.255272505103306
sorangutan,1.9822712330395684
sorangutan,1.9084850188786497
sorangutan,2.03342375548695
sorangutan,3.388278863459639
sorangutan,2.2174839442139063
sorangutan,1.954242509439325
sorangutan,1.8573324964312685
sorangutan,2.5943925503754266
sorangutan,2.03342375548695
sorangutan,2.03342375548695
sorangutan,2.6180480967120925
sorangutan,1.8750612633917
sorangutan,2.0211892990699383
sorangutan,1.8388490907372552
sorangutan,2.4727564493172123
sorangutan,2.0211892990699383
sorangutan,2.0791812460476247
sorangutan,1.9395192526186185
sorangutan,1.8920946026904804
sorangutan,2.0086001717619175
sorangutan,1.968482948553935
sorangutan,2.3636119798921444
sorangutan,2.0086001717619175
sorangutan,2.0086001717619175
sorangutan,2.0086001717619175
sorangutan,2.0086001717619175
sorangutan,1.9822712330395684
sorangutan,2.0086001717619175
sorangutan,2.0791812460476247
sorangutan,2.5024271199844326
sorangutan,2.100370545117563
sorangutan,2.0453229787866576
sorangutan,2.100370545117563
sorangutan,1.8920946026904804
sorangutan,1.9822712330395684
sorangutan,2.0453229787866576
sorangutan,2.346352974450639
sorangutan,1.7781512503836436
sorangutan,1.6812412373755872
sorangutan,1.7781512503836436
sorangutan,2.5490032620257876
sorangutan,2.6414741105040997
sorangutan,2.2405492482826
sorangutan,2.0791812460476247
sorangutan,2.510545010206612
sorangutan,2.7867514221455614
sorangutan,1.954242509439325
sorangutan,2.225309281725863
sorangutan,2.110589710299249
sorangutan,2.4216039268698313
sorangutan,1.9822712330395684
sorangutan,1.6232492903979006
sorangutan,2.971275848738105
sorangutan,1.7323937598229686
sorangutan,2.1583624920952498
sorangutan,2.2095150145426308
sorangutan,1.7323937598229686
sorangutan,1.9084850188786497
sorangutan,1.9395192526186185
sorangutan,1.8573324964312685
sorangutan,1.9395192526186185
sorangutan,2.110589710299249
sorangutan,2.436162647040756
sorangutan,2.110589710299249
sorangutan,2.436162647040756
sorangutan,2.0086001717619175
sorangutan,2.494154594018443
sorangutan,1.968482948553935
sorangutan,2.3909351071033793
sorangutan,2.0086001717619175
sorangutan,1.9822712330395684
sorangutan,1.9395192526186185
sorangutan,2.110589710299249
sorangutan,1.9395192526186185
sorangutan,2.247973266361807
sorangutan,1.9242792860618816
sorangutan,1.8920946026904804
sorangutan,2.0086001717619175
sorangutan,2.0086001717619175
sorangutan,2.0211892990699383
sorangutan,2.2013971243204513
sorangutan,1.968482948553935
sorangutan,2.167317334748176
sorangutan,2.0681858617461617
sorangutan,1.954242509439325
sorangutan,2.167317334748176
sorangutan,2.5024271199844326
sorangutan,2.5024271199844326
sorangutan,2.0211892990699383
sorangutan,1.9084850188786497
sorangutan,1.8920946026904804
sorangutan,1.968482948553935
sorangutan,2.0086001717619175
sorangutan,2.0453229787866576
sorangutan,1.954242509439325
sorangutan,1.968482948553935
sorangutan,1.7993405494535817
sorangutan,2.0681858617461617
sorangutan,1.968482948553935
sorangutan,1.968482948553935
sorangutan,2.184691430817599
sorangutan,2.2329961103921536
sorangutan,2.2405492482826
sorangutan,2.0211892990699383
sorangutan,2.0086001717619175
sorangutan,2.0086001717619175
sorangutan,2.0453229787866576
sorangutan,2.406540180433955
sorangutan,2.406540180433955
sorangutan,2.406540180433955
sorangutan,2.1398790864012365
sorangutan,2.1398790864012365
sorangutan,1.954242509439325
sorangutan,1.954242509439325
sorangutan,1.954242509439325
sorangutan,1.954242509439325
sorangutan,2.369215857410143
sorangutan,2.2013971243204513
sorangutan,1.9822712330395684
sorangutan,2.0086001717619175
sorangutan,2.290034611362518
sorangutan,2.526339277389844
sorangutan,2.5224442335063197
sorangutan,1.99563519459755
sorangutan,2.089905111439398
sorangutan,2.6384892569546374
sorangutan,1.99563519459755
sorangutan,1.99563519459755
sorangutan,1.954242509439325
sorangutan,2.0569048513364727
sorangutan,2.0453229787866576
sorangutan,1.99563519459755
sorangutan,2.3909351071033793
sorangutan,2.255272505103306
sorangutan,1.8388490907372552
sorangutan,2.0791812460476247
sorangutan,1.968482948553935
sorangutan,2.0569048513364727
sorangutan,1.968482948553935
sorangutan,2.2764618041732443
sorangutan,2.2624510897304293
sorangutan,2.303196057420489
sorangutan,1.968482948553935
sorangutan,2.0211892990699383
sorangutan,1.954242509439325
sorangutan,1.8750612633917
sorangutan,1.954242509439325
sorangutan,1.8388490907372552
sorangutan,2.6263403673750423
sorangutan,2.100370545117563
sorangutan,2.4409090820652177
sorangutan,1.9084850188786497
sorangutan,2.167317334748176
sorangutan,1.9084850188786497
sorangutan,1.9084850188786497
sorangutan,2.0681858617461617
sorangutan,1.99563519459755
sorangutan,2.100370545117563
sorangutan,2.591064607026499
sorangutan,1.9242792860618816
sorangutan,2.0086001717619175
sorangutan,2.12057393120585
sorangutan,1.8920946026904804
sorangutan,1.9242792860618816
sorangutan,2.296665190261531
sorangutan,1.9822712330395684
sorangutan,2.03342375548695
sorangutan,2.2695129442179165
sorangutan,2.357934847000454
sorangutan,1.9084850188786497
sorangutan,1.9084850188786497
sorangutan,1.99563519459755
sorangutan,2.0086001717619175
sorangutan,1.8920946026904804
sorangutan,1.8920946026904804
sorangutan,2.0453229787866576
sorangutan,2.225309281725863
sorangutan,2.1398790864012365
sorangutan,1.9242792860618816
sorangutan,1.9084850188786497
sorangutan,1.9084850188786497
sorangutan,1.9084850188786497
sorangutan,1.8750612633917
sorangutan,1.968482948553935
sorangutan,2.03342375548695
sorangutan,1.9242792860618816
sorangutan,1.9242792860618816
sorangutan,1.99563519459755
sorangutan,1.9084850188786497
sorangutan,1.954242509439325
sorangutan,1.9395192526186185
sorangutan,2.0086001717619175
sorangutan,1.9242792860618816
sorangutan,1.954242509439325
sorangutan,2.12057393120585
sorangutan,1.8573324964312685
sorangutan,1.9395192526186185
sorangutan,1.9822712330395684
sorangutan,1.9084850188786497
sorangutan,1.8920946026904804
sorangutan,1.968482948553935
sorangutan,1.9822712330395684
sorangutan,1.99563519459755
sorangutan,1.8750612633917
sorangutan,1.954242509439325
sorangutan,1.8920946026904804
sorangutan,2.0569048513364727
sorangutan,2.385606273598312
sorangutan,2.0453229787866576
sorangutan,2.1583624920952498
sorangutan,2.41161970596323
sorangutan,2.0086001717619175
sorangutan,1.9084850188786497
sorangutan,2.110589710299249
sorangutan,2.2095150145426308
sorangutan,2.3283796034387376
sorangutan,2.225309281725863
sorangutan,1.9822712330395684
sorangutan,1.9395192526186185
sorangutan,1.9084850188786497
sorangutan,2.0681858617461617
sorangutan,2.1492191126553797
sorangutan,2.0086001717619175
sorangutan,2.0211892990699383
sorangutan,1.9084850188786497
sorangutan,1.954242509439325
sorangutan,1.968482948553935
sorangutan,2.1760912590556813
sorangutan,2.303196057420489
sorangutan,2.03342375548695
sorangutan,2.2329961103921536
sorangutan,1.9395192526186185
sorangutan,2.0211892990699383
sorangutan,2.2695129442179165
sorangutan,2.2695129442179165
sorangutan,2.3961993470957363
sorangutan,2.3961993470957363
sorangutan,2.0211892990699383
sorangutan,2.3521825181113627
sorangutan,2.12057393120585
sorangutan,1.9084850188786497
sorangutan,2.0453229787866576
sorangutan,1.968482948553935
sorangutan,2.130333768495006
sorangutan,2.110589710299249
sorangutan,2.130333768495006
sorangutan,1.99563519459755
sorangutan,1.954242509439325
sorangutan,1.9822712330395684
sorangutan,2.184691430817599
sorangutan,1.954242509439325
sorangutan,2.3283796034387376
sorangutan,2.089905111439398
sorangutan,2.0086001717619175
sorangutan,2.2624510897304293
sorangutan,1.99563519459755
sorangutan,2.255272505103306
sorangutan,1.968482948553935
sorangutan,1.9822712330395684
sorangutan,2.506505032404872
sorangutan,1.99563519459755
sorangutan,1.968482948553935
sorangutan,2.369215857410143
sorangutan,2.0086001717619175
sorangutan,2.0086001717619175
sorangutan,1.9084850188786497
sorangutan,1.8750612633917
sorangutan,1.9822712330395684
sorangutan,2.0569048513364727
sorangutan,2.12057393120585
sorangutan,2.167317334748176
sorangutan,2.255272505103306
sorangutan,2.0453229787866576
sorangutan,1.954242509439325
sorangutan,1.99563519459755
sorangutan,2.0211892990699383
sorangutan,2.315970345456918
sorangutan,2.3283796034387376
sorangutan,2.722633922533812
sorangutan,2.0453229787866576
sorangutan,2.380211241711606
sorangutan,1.9242792860618816
sorangutan,1.9242792860618816
sorangutan,2.0211892990699383
sorangutan,1.954242509439325
sorangutan,1.954242509439325
sorangutan,1.8750612633917
sorangutan,2.380211241711606
sorangutan,1.8750612633917
sorangutan,2.1398790864012365
sorangutan,2.406540180433955
sorangutan,2.45484486000851
sorangutan,1.8920946026904804
sorangutan,1.968482948553935
sorangutan,1.9395192526186185
sorangutan,2.1398790864012365
sorangutan,2.0791812460476247
sorangutan,1.9242792860618816
sorangutan,2.0791812460476247
sorangutan,2.2405492482826
sorangutan,2.315970345456918
sorangutan,2.167317334748176
sorangutan,2.110589710299249
sorangutan,1.9242792860618816
sorangutan,2.3636119798921444
sorangutan,2.4409090820652177
sorangutan,2.5224442335063197
sorangutan,2.4683473304121573
sorangutan,1.8920946026904804
sorangutan,2.1931245983544616
sorangutan,2.3096301674258988
sorangutan,1.8920946026904804
sorangutan,1.9395192526186185
sorangutan,2.2764618041732443
sorangutan,2.1492191126553797
sorangutan,2.5024271199844326
sorangutan,2.5185139398778875
sorangutan,2.0211892990699383
sorangutan,2.436162647040756
sorangutan,1.9395192526186185
sorangutan,2.100370545117563
sorangutan,1.8750612633917
sorangutan,2.526339277389844
sorangutan,2.346352974450639
sorangutan,2.03342375548695
sorangutan,2.1492191126553797
sorangutan,1.9242792860618816
sorangutan,2.12057393120585
sorangutan,1.9242792860618816
sorangutan,2.0569048513364727
sorangutan,2.0569048513364727
sorangutan,1.8750612633917
