property,n_species,species,n_Genes_per_species,total_pathway_genes_per_species,genes_common_in_all_species,genes_common_in_all_species_count,genes_unique_to_one_species,genes_unique_to_one_species_count
ECM-receptor interaction,6,bonobo; borangutan; chimpanzee; gorilla; human; sorangutan,bonobo:69; borangutan:69; chimpanzee:72; gorilla:24; human:73; sorangutan:68,bonobo:CD36|COL1A1|COL1A2|COL4A1|COL4A2|COL4A3|COL4A4|COL4A5|COL4A6|COL6A1|COL6A2|COL6A5|COL9A1|COL9A2|COL9A3|COMP|DMP1|FN1|FRAS1|FREM1|FREM2|HMMR|HSPG2|IBSP|ITGA1|ITGA11|ITGA2|ITGA2B|ITGA4|ITGA5|ITGA6|ITGA7|ITGA8|ITGA9|ITGAV|ITGB1|ITGB3|ITGB4|ITGB5|ITGB6|ITGB7|ITGB8|LAMA1|LAMA2|LAMA3|LAMA4|LAMA5|LAMB1|LAMB2|LAMB3|LAMB4|LAMC1|LAMC2|MEPE|RELN|SDC4|SPP1|SV2A|SV2B|SV2C|THBS1|THBS2|THBS3|THBS4|TNC|TNN|TNR|VTN|VWF; borangutan:CD36|COL1A1|COL1A2|COL2A1|COL4A1|COL4A2|COL4A3|COL4A4|COL4A5|COL4A6|COL6A1|COL6A2|COL6A3|COL6A5|COL6A6|COL9A1|COL9A2|COL9A3|COMP|FN1|FRAS1|FREM1|FREM2|HMMR|IBSP|ITGA1|ITGA10|ITGA11|ITGA2B|ITGA4|ITGA5|ITGA6|ITGA7|ITGA8|ITGA9|ITGAV|ITGB1|ITGB3|ITGB4|ITGB5|ITGB6|ITGB7|ITGB8|LAMA1|LAMA2|LAMA3|LAMA4|LAMB1|LAMB3|LAMB4|LAMC1|LAMC3|MEPE|RELN|SDC1|SDC4|SPP1|SV2A|SV2B|SV2C|THBS1|THBS2|THBS3|THBS4|TNC|TNN|TNR|VTN|VWF; chimpanzee:CD36|COL1A1|COL1A2|COL2A1|COL4A1|COL4A2|COL4A3|COL4A4|COL4A5|COL4A6|COL6A2|COL6A3|COL6A5|COL6A6|COL9A1|COL9A2|COL9A3|COMP|DMP1|FN1|FRAS1|FREM1|FREM2|HMMR|HSPG2|IBSP|ITGA1|ITGA10|ITGA11|ITGA2|ITGA2B|ITGA4|ITGA5|ITGA6|ITGA7|ITGA8|ITGA9|ITGAV|ITGB1|ITGB3|ITGB4|ITGB5|ITGB6|ITGB7|LAMA1|LAMA2|LAMA3|LAMA4|LAMB1|LAMB2|LAMB3|LAMB4|LAMC1|LAMC3|MEPE|RELN|SDC4|SPP1|SV2A|SV2B|SV2C|THBS1|THBS3|THBS4|TNC|TNN|TNR|VTN|VWF; gorilla:COL2A1|COL4A1|COL4A2|COL6A3|FN1|ITGA1|ITGA10|ITGA2|ITGA4|ITGA5|ITGA6|ITGB6|ITGB7|LAMA1|LAMA3|LAMB3|LAMC1|SV2B|SV2C|THBS1|THBS3|THBS4|TNC|TNN; human:CD36|COL1A1|COL1A2|COL2A1|COL4A1|COL4A2|COL4A3|COL4A4|COL4A5|COL4A6|COL6A1|COL6A2|COL6A3|COL6A5|COL6A6|COL9A1|COL9A2|COL9A3|COMP|DMP1|FN1|FRAS1|FREM1|FREM2|HMMR|HSPG2|IBSP|ITGA1|ITGA10|ITGA11|ITGA2|ITGA2B|ITGA4|ITGA5|ITGA6|ITGA7|ITGA8|ITGA9|ITGAV|ITGB1|ITGB3|ITGB4|ITGB5|ITGB6|ITGB7|ITGB8|LAMA1|LAMA2|LAMA3|LAMA4|LAMA5|LAMB1|LAMB2|LAMB3|LAMB4|LAMC1|LAMC2|MEPE|RELN|SDC4|SPP1|SV2B|SV2C|THBS1|THBS2|THBS3|THBS4|TNC|TNN|TNR|TNXB|VTN|VWF; sorangutan:CD36|COL1A1|COL1A2|COL2A1|COL4A1|COL4A2|COL4A3|COL4A4|COL4A5|COL4A6|COL6A1|COL6A2|COL6A3|COL6A5|COL6A6|COL9A1|COL9A2|COMP|FN1|FRAS1|FREM1|FREM2|HMMR|IBSP|ITGA1|ITGA10|ITGA11|ITGA2B|ITGA4|ITGA5|ITGA6|ITGA7|ITGA8|ITGA9|ITGAV|ITGB1|ITGB3|ITGB4|ITGB5|ITGB6|ITGB7|ITGB8|LAMA1|LAMA2|LAMA3|LAMA4|LAMB1|LAMB3|LAMB4|LAMC1|LAMC3|MEPE|RELN|SDC1|SDC4|SPP1|SV2A|SV2B|SV2C|THBS1|THBS2|THBS3|THBS4|TNC|TNN|TNR|VTN|VWF,,0,bonobo:; borangutan:; chimpanzee:; gorilla:; human:TNXB; sorangutan:,bonobo:0; borangutan:0; chimpanzee:0; gorilla:0; human:1; sorangutan:0
ABC transporters,5,bonobo; borangutan; chimpanzee; human; sorangutan,bonobo:34; borangutan:33; chimpanzee:36; human:38; sorangutan:33,bonobo:ABCA1|ABCA12|ABCA13|ABCA2|ABCA4|ABCA5|ABCA6|ABCA7|ABCA8|ABCA9|ABCB1|ABCB11|ABCB4|ABCB5|ABCB6|ABCB7|ABCB8|ABCB9|ABCC10|ABCC11|ABCC12|ABCC2|ABCC4|ABCC5|ABCC8|ABCC9|ABCD2|ABCD3|ABCD4|ABCG2|ABCG4|CFTR|TAP1|TAP2; borangutan:ABCA1|ABCA12|ABCA13|ABCA4|ABCA5|ABCA6|ABCA8|ABCA9|ABCB1|ABCB10|ABCB11|ABCB5|ABCB6|ABCB7|ABCB8|ABCB9|ABCC10|ABCC11|ABCC2|ABCC3|ABCC4|ABCC5|ABCC6|ABCC8|ABCC9|ABCD2|ABCD3|ABCD4|ABCG1|ABCG4|TAP1; chimpanzee:ABCA1|ABCA12|ABCA13|ABCA2|ABCA4|ABCA5|ABCA6|ABCA7|ABCA8|ABCA9|ABCB1|ABCB10|ABCB11|ABCB5|ABCB6|ABCB7|ABCB8|ABCB9|ABCC1|ABCC10|ABCC11|ABCC12|ABCC2|ABCC3|ABCC4|ABCC8|ABCC9|ABCD2|ABCD3|ABCD4|ABCG1|ABCG2|ABCG4|CFTR|TAP1|TAP2; human:ABCA1|ABCA10|ABCA12|ABCA13|ABCA2|ABCA4|ABCA5|ABCA6|ABCA7|ABCA8|ABCA9|ABCB1|ABCB10|ABCB11|ABCB4|ABCB5|ABCB6|ABCB7|ABCB8|ABCB9|ABCC1|ABCC10|ABCC11|ABCC12|ABCC2|ABCC3|ABCC4|ABCC6|ABCC8|ABCC9|ABCD2|ABCD3|ABCD4|ABCG2|ABCG4|CFTR|TAP1|TAP2; sorangutan:ABCA1|ABCA12|ABCA13|ABCA4|ABCA5|ABCA6|ABCA8|ABCA9|ABCB1|ABCB10|ABCB11|ABCB5|ABCB6|ABCB7|ABCB8|ABCB9|ABCC10|ABCC11|ABCC2|ABCC3|ABCC4|ABCC5|ABCC6|ABCC8|ABCC9|ABCD2|ABCD3|ABCD4|ABCG1|ABCG4|TAP1,,0,bonobo:; borangutan:; chimpanzee:; human:ABCA10; sorangutan:,bonobo:0; borangutan:0; chimpanzee:0; human:1; sorangutan:0
Nucleocytoplasmic transport,6,bonobo; borangutan; chimpanzee; gorilla; human; sorangutan,bonobo:70; borangutan:77; chimpanzee:80; gorilla:27; human:80; sorangutan:80,bonobo:AAAS|ACIN1|AHCTF1|CASC3|CSE1L|GLE1|IPO11|IPO13|IPO4|IPO5|IPO7|IPO8|IPO9|KPNA1|KPNA2|KPNA3|KPNA4|KPNA5|KPNA6|KPNA7|KPNB1|MAGOH|NCBP1|NCBP2|NDC1|NMD3|NUP107|NUP133|NUP153|NUP155|NUP160|NUP188|NUP205|NUP210|NUP210L|NUP214|NUP35|NUP37|NUP43|NUP54|NUP58|NUP85|NUP93|NUP98|NXF1|NXF3|PHAX|PNN|RAE1|RANBP17|SEC13|SEH1L|SRRM1|THOC1|THOC2|THOC5|TMEM33|TNPO1|TNPO2|TNPO3|TPR|UPF2|UPF3A|UPF3B|XPO1|XPO4|XPO5|XPO6|XPO7|XPOT; borangutan:AAAS|ACIN1|AHCTF1|CASC3|CSE1L|EIF4A3|GLE1|IPO11|IPO13|IPO5|IPO7|IPO8|IPO9|KPNA1|KPNA2|KPNA3|KPNA4|KPNA5|KPNA6|KPNA7|KPNB1|MAGOH|NCBP1|NCBP2|NDC1|NMD3|NUP107|NUP133|NUP153|NUP155|NUP160|NUP188|NUP205|NUP210|NUP210L|NUP214|NUP35|NUP37|NUP43|NUP54|NUP58|NUP85|NUP93|NXF1|NXF3|PHAX|PNN|RAE1|RANBP17|RNPS1|SEC13|SEH1L|SENP2|SRRM1|SUMO1|THOC1|THOC2|THOC5|THOC7|TMEM33|TNPO1|TNPO2|TNPO3|TPR|UPF1|UPF2|UPF3A|UPF3B|XPO1|XPO4|XPO5|XPO6|XPOT; chimpanzee:AAAS|AHCTF1|CASC3|CSE1L|DDX19B|EIF4A3|GLE1|IPO11|IPO13|IPO4|IPO5|IPO7|IPO8|IPO9|KPNA1|KPNA2|KPNA3|KPNA4|KPNA5|KPNA6|KPNA7|KPNB1|MAGOH|NCBP1|NCBP2|NDC1|NMD3|NUP107|NUP133|NUP153|NUP155|NUP160|NUP205|NUP210|NUP210L|NUP214|NUP35|NUP37|NUP43|NUP54|NUP58|NUP85|NUP93|NUP98|NXF1|NXF3|NXT2|PHAX|PNN|RAE1|RANBP17|SEC13|SEH1L|SENP2|SRRM1|THOC1|THOC2|THOC5|THOC7|TMEM33|TNPO1|TNPO2|TNPO3|TPR|UPF1|UPF2|UPF3A|UPF3B|XPO1|XPO4|XPO5|XPO6|XPO7|XPOT; gorilla:ACIN1|AHCTF1|DDX19B|IPO11|IPO4|IPO8|IPO9|MAGOHB|NCBP1|NUP107|NUP133|NUP155|NUP188|NUP214|NUP35|NUP37|NUP58|NUP93|PNN|RNPS1|THOC6|TNPO1|TPR|XPO1|XPO4|XPO6|XPOT; human:AAAS|ACIN1|AHCTF1|CASC3|CSE1L|DDX19B|EIF4A3|GLE1|IPO13|IPO4|IPO5|IPO7|IPO8|IPO9|KPNA1|KPNA2|KPNA3|KPNA4|KPNA5|KPNA6|KPNA7|KPNB1|MAGOH|MAGOHB|NCBP1|NCBP2|NDC1|NMD3|NUP107|NUP133|NUP153|NUP155|NUP160|NUP188|NUP205|NUP210|NUP210L|NUP214|NUP35|NUP37|NUP43|NUP54|NUP58|NUP85|NUP93|NUP98|NXF1|NXF2|NXF2B|NXF3|NXT2|PHAX|PNN|POM121|RAE1|RANBP17|RANBP2|RNPS1|SEC13|SEH1L|SENP2|SRRM1|SUMO1|THOC2|THOC5|TMEM33|TNPO1|TNPO2|TNPO3|TPR|UPF1|UPF2|UPF3A|UPF3B|XPO1|XPO4|XPO5|XPO6|XPO7|XPOT; sorangutan:AAAS|ACIN1|AHCTF1|CASC3|CSE1L|DDX19A|EIF4A3|GLE1|IPO11|IPO13|IPO5|IPO7|IPO8|IPO9|KPNA1|KPNA2|KPNA3|KPNA4|KPNA5|KPNA6|KPNA7|KPNB1|MAGOH|NCBP1|NCBP2|NDC1|NMD3|NUP107|NUP133|NUP153|NUP155|NUP160|NUP188|NUP205|NUP210|NUP210L|NUP214|NUP35|NUP37|NUP43|NUP54|NUP58|NUP85|NUP93|NXF1|NXF3|PHAX|PNN|RAE1|RANBP17|RNPS1|SEC13|SEH1L|SENP2|SRRM1|SUMO1|THOC1|THOC2|THOC5|THOC7|TMEM33|TNPO1|TNPO2|TNPO3|TPR|UPF1|UPF2|UPF3A|UPF3B|XPO1|XPO4|XPO5|XPO6|XPOT,,0,bonobo:; borangutan:; chimpanzee:; gorilla:THOC6; human:NXF2|NXF2B|POM121|RANBP2; sorangutan:DDX19A,bonobo:0; borangutan:0; chimpanzee:0; gorilla:1; human:4; sorangutan:1
Ribosome biogenesis in eukaryotes,3,bonobo; borangutan; sorangutan,bonobo:49; borangutan:54; sorangutan:56,bonobo:AFG2A|BMS1|CSNK2A2|DKC1|DROSHA|EIF6|EMG1|GAR1|GNL2|GNL3|GNL3L|GTPBP4|HEATR1|LSG1|MDN1|MPHOSPH10|NAT10|NMD3|NOB1|NOL6|NOP58|NXF1|NXF3|POP1|POP5|PWP2|RBM28|RCL1|REXO1|REXO5|RIOK1|RIOK2|RPP30|RPP40|SNU13|TBL3|TCOF1|UTP14A|UTP15|UTP18|UTP4|UTP6|WDR3|WDR36|WDR43|WDR75|XPO1|XRN1|XRN2; borangutan:AFG2A|BMS1|CSNK2A1|CSNK2A2|DKC1|DROSHA|EFL1|EIF6|EMG1|FBL|GAR1|GNL2|GNL3|GNL3L|GTPBP4|HEATR1|LSG1|MDN1|MPHOSPH10|NAT10|NMD3|NOB1|NOL6|NOP58|NVL|NXF1|NXF3|POP1|PWP2|RBM28|RCL1|REXO1|REXO5|RIOK1|RIOK2|RPP30|RPP40|SBDS|TBL3|TCOF1|UTP14A|UTP15|UTP18|UTP4|UTP6|WDR3|WDR36|WDR43|WDR75|XPO1|XRN1|XRN2; sorangutan:AFG2A|BMS1|CSNK2A1|CSNK2A2|DKC1|DROSHA|EFL1|EIF6|EMG1|FBL|GAR1|GNL2|GNL3|GNL3L|GTPBP4|HEATR1|LSG1|MDN1|MPHOSPH10|NAT10|NMD3|NOB1|NOL6|NOP58|NVL|NXF1|NXF3|POP1|POP5|PWP2|RBM28|RCL1|REXO1|REXO5|RIOK1|RIOK2|RPP30|RPP40|SBDS|TBL3|TCOF1|UTP14A|UTP15|UTP18|UTP4|UTP6|WDR3|WDR36|WDR43|WDR75|XPO1|XRN1|XRN2,,0,bonobo:SNU13; borangutan:; sorangutan:,bonobo:1; borangutan:0; sorangutan:0
Inositol phosphate metabolism,5,bonobo; borangutan; chimpanzee; human; sorangutan,bonobo:51; borangutan:55; chimpanzee:57; human:54; sorangutan:55,bonobo:ALDH6A1|FIG4|IMPA1|INPP4A|INPP4B|INPP5A|INPP5B|INPP5D|INPP5J|INPP5K|ITPKB|MINPP1|MTM1|MTMR1|MTMR14|MTMR2|MTMR3|MTMR4|MTMR6|MTMR7|MTMR8|OCRL|PI4K2B|PI4KB|PIK3C2A|PIK3C2B|PIK3C2G|PIK3C3|PIK3CA|PIK3CB|PIK3CG|PIKFYVE|PIP4K2B|PIP4K2C|PIP5K1A|PIP5K1B|PLCB1|PLCB2|PLCB3|PLCB4|PLCD1|PLCD3|PLCD4|PLCE1|PLCG2|PLCH1|PLCH2|PLCZ1|SACM1L|SYNJ1|TPI1; borangutan:ALDH6A1|FIG4|IMPA1|INPP4A|INPP4B|INPP5A|INPP5B|INPP5D|INPP5F|INPP5J|ITPKB|MINPP1|MTM1|MTMR1|MTMR14|MTMR2|MTMR3|MTMR4|MTMR6|MTMR7|MTMR8|OCRL|PI4K2A|PI4K2B|PI4KA|PI4KB|PIK3C2A|PIK3C2G|PIK3C3|PIK3CA|PIK3CB|PIK3CG|PIKFYVE|PIP4K2A|PIP4K2B|PIP4K2C|PIP5K1A|PLCB1|PLCB2|PLCB3|PLCB4|PLCD1|PLCD3|PLCD4|PLCE1|PLCG2|PLCH1|PLCH2|PLCZ1|PTEN|SACM1L|SYNJ2|TPI1; chimpanzee:ALDH6A1|FIG4|INPP4A|INPP4B|INPP5A|INPP5B|INPP5D|INPP5F|INPP5J|INPP5K|INPPL1|ITPKB|MINPP1|MTM1|MTMR1|MTMR14|MTMR2|MTMR3|MTMR4|MTMR6|MTMR7|MTMR8|OCRL|PI4K2A|PI4K2B|PI4KA|PI4KB|PIK3C2A|PIK3C2B|PIK3C2G|PIK3C3|PIK3CA|PIK3CB|PIK3CG|PIKFYVE|PIP4K2A|PIP4K2B|PIP4K2C|PIP5K1A|PIP5K1B|PLCB1|PLCB2|PLCB3|PLCB4|PLCD1|PLCD3|PLCD4|PLCE1|PLCG2|PLCH1|PLCZ1|PTEN|SACM1L|SYNJ2|TPI1; human:ALDH6A1|IMPA1|INPP4A|INPP4B|INPP5A|INPP5B|INPP5D|INPP5F|INPP5J|INPP5K|ITPKB|MINPP1|MTM1|MTMR1|MTMR14|MTMR2|MTMR3|MTMR4|MTMR6|MTMR7|MTMR8|OCRL|PI4K2A|PI4K2B|PI4KA|PI4KB|PIK3C2A|PIK3C2B|PIK3C2G|PIK3C3|PIK3CA|PIK3CB|PIK3CG|PIKFYVE|PIP4K2A|PIP4K2B|PIP4K2C|PIP5K1A|PIP5K1B|PLCB2|PLCB3|PLCB4|PLCD1|PLCD3|PLCD4|PLCE1|PLCH1|PLCH2|PLCZ1|PTEN|SACM1L|SYNJ1|SYNJ2|TPI1; sorangutan:ALDH6A1|FIG4|IMPA1|INPP4A|INPP4B|INPP5A|INPP5B|INPP5D|INPP5F|INPP5J|ITPKB|MINPP1|MTM1|MTMR1|MTMR14|MTMR2|MTMR3|MTMR4|MTMR6|MTMR7|MTMR8|OCRL|PI4K2A|PI4K2B|PI4KA|PI4KB|PIK3C2A|PIK3C2G|PIK3C3|PIK3CA|PIK3CB|PIK3CG|PIKFYVE|PIP4K2A|PIP4K2B|PIP4K2C|PIP5K1A|PLCB1|PLCB2|PLCB3|PLCB4|PLCD1|PLCD3|PLCD4|PLCE1|PLCG2|PLCH1|PLCH2|PLCZ1|PTEN|SACM1L|SYNJ2|TPI1,,0,bonobo:; borangutan:; chimpanzee:INPPL1; human:; sorangutan:,bonobo:0; borangutan:0; chimpanzee:1; human:0; sorangutan:0
Protein digestion and absorption,4,bonobo; borangutan; chimpanzee; sorangutan,bonobo:60; borangutan:67; chimpanzee:68; sorangutan:66,bonobo:ATP1A1|ATP1A2|ATP1A3|ATP1A4|ATP1B1|ATP1B3|ATP1B4|COL11A1|COL11A2|COL12A1|COL14A1|COL15A1|COL19A1|COL1A1|COL1A2|COL20A1|COL22A1|COL23A1|COL24A1|COL25A1|COL26A1|COL27A1|COL28A1|COL3A1|COL4A1|COL4A2|COL4A3|COL4A4|COL4A5|COL4A6|COL5A1|COL5A2|COL5A3|COL6A1|COL6A2|COL6A5|COL8A2|COL9A1|COL9A2|COL9A3|CPA2|CPA3|CPB1|CPB2|DPP4|MME|PRCP|SLC15A1|SLC16A10|SLC36A1|SLC36A2|SLC36A3|SLC36A4|SLC38A2|SLC3A1|SLC3A2|SLC7A7|SLC7A9|SLC8A1|XPNPEP2; borangutan:ATP1A1|ATP1A2|ATP1A4|ATP1B1|ATP1B4|COL11A1|COL11A2|COL12A1|COL13A1|COL14A1|COL15A1|COL16A1|COL19A1|COL1A1|COL1A2|COL20A1|COL21A1|COL22A1|COL23A1|COL24A1|COL25A1|COL26A1|COL27A1|COL28A1|COL2A1|COL3A1|COL4A1|COL4A2|COL4A3|COL4A4|COL4A5|COL4A6|COL5A1|COL5A2|COL5A3|COL6A1|COL6A2|COL6A3|COL6A5|COL6A6|COL8A2|COL9A1|COL9A2|COL9A3|CPA2|CPA3|CPB1|CPB2|DPP4|KCNK5|KCNN4|KCNQ1|MME|PRCP|SLC16A10|SLC36A1|SLC36A2|SLC36A3|SLC36A4|SLC38A2|SLC3A1|SLC3A2|SLC7A7|SLC7A9|SLC8A1|XPNPEP2; chimpanzee:ATP1A1|ATP1A2|ATP1A3|ATP1A4|ATP1B1|ATP1B3|ATP1B4|CELA2B|COL11A1|COL11A2|COL12A1|COL13A1|COL14A1|COL15A1|COL16A1|COL18A1|COL19A1|COL1A1|COL1A2|COL20A1|COL22A1|COL24A1|COL25A1|COL27A1|COL28A1|COL2A1|COL3A1|COL4A1|COL4A2|COL4A3|COL4A4|COL4A5|COL4A6|COL5A1|COL5A2|COL5A3|COL6A2|COL6A3|COL6A5|COL6A6|COL7A1|COL9A1|COL9A2|COL9A3|CPA2|CPA3|CPB1|CPB2|DPP4|KCNK5|KCNN4|KCNQ1|MME|PRCP|PRSS3|SLC15A1|SLC16A10|SLC36A1|SLC36A2|SLC36A4|SLC38A2|SLC3A1|SLC3A2|SLC7A7|SLC7A9|SLC8A1|XPNPEP2; sorangutan:ATP1A1|ATP1A2|ATP1A4|ATP1B1|ATP1B4|COL11A1|COL11A2|COL12A1|COL13A1|COL14A1|COL15A1|COL16A1|COL19A1|COL1A1|COL1A2|COL20A1|COL21A1|COL22A1|COL23A1|COL24A1|COL25A1|COL26A1|COL27A1|COL28A1|COL2A1|COL3A1|COL4A1|COL4A2|COL4A3|COL4A4|COL4A5|COL4A6|COL5A1|COL5A2|COL5A3|COL6A1|COL6A2|COL6A3|COL6A5|COL6A6|COL9A1|COL9A2|CPA2|CPA3|CPB1|CPB2|DPP4|KCNK5|KCNN4|KCNQ1|MME|PRCP|SLC16A10|SLC36A1|SLC36A2|SLC36A3|SLC36A4|SLC38A2|SLC3A1|SLC3A2|SLC7A7|SLC7A9|SLC8A1|XPNPEP2,,0,bonobo:; borangutan:; chimpanzee:CELA2B|COL18A1|COL7A1|PRSS3; sorangutan:,bonobo:0; borangutan:0; chimpanzee:4; sorangutan:0
Phosphatidylinositol signaling system,5,bonobo; borangutan; chimpanzee; human; sorangutan,bonobo:63; borangutan:66; chimpanzee:74; human:71; sorangutan:66,bonobo:CDS1|CDS2|DGKA|DGKB|DGKD|DGKE|DGKG|DGKH|DGKI|DGKK|DGKZ|IMPA1|INPP4A|INPP4B|INPP5A|INPP5B|INPP5D|ITPKB|ITPR1|ITPR2|ITPR3|MTM1|MTMR1|MTMR14|MTMR2|MTMR3|MTMR4|MTMR6|MTMR7|MTMR8|OCRL|PI4K2B|PI4KB|PIK3C2A|PIK3C2B|PIK3C2G|PIK3C3|PIK3CA|PIK3CB|PIK3R1|PIK3R3|PIKFYVE|PIP4K2B|PIP4K2C|PIP4P1|PIP5K1A|PIP5K1B|PLCB1|PLCB2|PLCB3|PLCB4|PLCD1|PLCD3|PLCD4|PLCE1|PLCG2|PLCZ1|PPIP5K2|PRKCA|PRKCB|PRKCG|SACM1L|SYNJ1; borangutan:CALM2|CDS2|DGKA|DGKB|DGKD|DGKE|DGKG|DGKH|DGKI|DGKK|DGKZ|IMPA1|INPP4A|INPP4B|INPP5A|INPP5B|INPP5D|INPP5F|ITPKB|ITPR1|ITPR2|ITPR3|MTM1|MTMR1|MTMR14|MTMR2|MTMR3|MTMR4|MTMR6|MTMR7|MTMR8|OCRL|PI4K2A|PI4K2B|PI4KA|PI4KB|PIK3C2A|PIK3C2G|PIK3C3|PIK3CA|PIK3CB|PIK3R3|PIKFYVE|PIP4K2A|PIP4K2B|PIP4K2C|PIP5K1A|PLCB1|PLCB2|PLCB3|PLCB4|PLCD1|PLCD3|PLCD4|PLCE1|PLCG2|PLCZ1|PPIP5K1|PRKCA|PRKCB|PRKCG|PTEN|SACM1L|SYNJ2; chimpanzee:CALM1|CALM2|CALM3|CDS1|CDS2|DGKA|DGKB|DGKD|DGKE|DGKG|DGKH|DGKI|DGKK|DGKZ|IMPA1|INPP4A|INPP4B|INPP5A|INPP5B|INPP5D|INPP5F|INPPL1|ITPKB|ITPR1|ITPR2|ITPR3|MTM1|MTMR1|MTMR14|MTMR2|MTMR3|MTMR4|MTMR6|MTMR7|MTMR8|OCRL|PI4K2A|PI4K2B|PI4KA|PI4KB|PIK3C2A|PIK3C2B|PIK3C2G|PIK3C3|PIK3CA|PIK3CB|PIK3R1|PIK3R3|PIKFYVE|PIP4K2A|PIP4K2B|PIP4K2C|PIP4P1|PIP5K1A|PIP5K1B|PLCB1|PLCB2|PLCB3|PLCB4|PLCD1|PLCD3|PLCD4|PLCE1|PLCG2|PLCZ1|PPIP5K2|PRKCA|PRKCB|PRKCG|PTEN|SACM1L|SYNJ2; human:CALM1|CALM2|CALM3|CDS2|DGKA|DGKB|DGKD|DGKE|DGKG|DGKH|DGKI|DGKK|DGKZ|IMPA1|INPP4A|INPP4B|INPP5A|INPP5B|INPP5D|INPP5F|ITPKB|ITPR1|ITPR2|ITPR3|MTM1|MTMR1|MTMR14|MTMR2|MTMR3|MTMR4|MTMR6|MTMR7|MTMR8|OCRL|P3R3URF-PIK3R3|PI4K2A|PI4K2B|PI4KA|PI4KB|PIK3C2A|PIK3C2B|PIK3C2G|PIK3C3|PIK3CA|PIK3CB|PIK3R1|PIK3R3|PIKFYVE|PIP4K2A|PIP4K2B|PIP4K2C|PIP4P1|PIP5K1A|PIP5K1B|PLCB2|PLCB3|PLCB4|PLCD1|PLCD3|PLCD4|PLCE1|PLCZ1|PPIP5K1|PPIP5K2|PRKCA|PRKCB|PRKCG|PTEN|SACM1L|SYNJ1|SYNJ2; sorangutan:CALM2|CDS2|DGKA|DGKB|DGKD|DGKE|DGKG|DGKH|DGKK|DGKZ|IMPA1|INPP4A|INPP4B|INPP5A|INPP5B|INPP5D|INPP5F|ITPKB|ITPR1|ITPR2|ITPR3|MTM1|MTMR1|MTMR14|MTMR2|MTMR3|MTMR4|MTMR6|MTMR7|MTMR8|OCRL|PI4K2A|PI4K2B|PI4KA|PI4KB|PIK3C2A|PIK3C2G|PIK3C3|PIK3CA|PIK3CB|PIK3R3|PIKFYVE|PIP4K2A|PIP4K2B|PIP4K2C|PIP4P2|PIP5K1A|PLCB1|PLCB2|PLCB3|PLCB4|PLCD1|PLCD3|PLCD4|PLCE1|PLCG2|PLCZ1|PPIP5K1|PRKCA|PRKCB|PRKCG|PTEN|SACM1L|SYNJ2,,0,bonobo:; borangutan:; chimpanzee:INPPL1; human:P3R3URF-PIK3R3; sorangutan:PIP4P2,bonobo:0; borangutan:0; chimpanzee:1; human:1; sorangutan:1
Cell cycle,5,bonobo; borangutan; chimpanzee; human; sorangutan,bonobo:101; borangutan:109; chimpanzee:110; human:112; sorangutan:109,bonobo:ANAPC10|ANAPC2|ANAPC4|ANAPC5|ANAPC7|ATM|ATR|ATRX|AURKB|BUB1|BUB3|CCNA1|CCNA2|CCNB1|CCNB2|CCNB3|CCND2|CCNE1|CCNE2|CCNH|CDC14A|CDC16|CDC20|CDC23|CDC25A|CDC25B|CDC25C|CDC27|CDC45|CDC7|CDK1|CDK4|CDK7|CHEK1|CREBBP|CUL1|DBF4|DBF4B|E2F3|EP300|ESCO2|ESPL1|FBXO5|FZR1|GSK3B|HDAC1|HDAC2|HDAC8|KNL1|MAD1L1|MAD2L2|MAU2|MCM2|MCM3|MCM4|MCM5|MCM6|MCM7|MDM2|MTBP|NDC80|NIPBL|ORC1|ORC2|ORC3|ORC4|ORC5|PCNA|PDS5A|PDS5B|PPP2CB|PPP2R1A|PPP2R1B|PPP2R5A|PPP2R5C|PPP2R5D|PPP2R5E|PRKDC|PTTG1|RAD21|RB1|RBL1|RBL2|SMAD2|SMAD4|SMC1A|SMC1B|SMC3|STAG1|STAG2|TFDP1|TFDP2|TGFB1|TGFB3|TICRR|TP53|TTK|WAPL|WEE2|YWHAB|YWHAE; borangutan:ANAPC1|ANAPC10|ANAPC2|ANAPC4|ANAPC5|ANAPC7|ATM|ATR|ATRX|BUB1|BUB3|CCNA1|CCNA2|CCNB1|CCNB2|CCNB3|CCND1|CCND2|CCNE1|CCNE2|CCNH|CDC14A|CDC14B|CDC16|CDC20|CDC23|CDC25A|CDC25B|CDC27|CDC45|CDC7|CDK1|CDK4|CDK6|CDK7|CHEK2|CREBBP|CUL1|DBF4|DDX11|E2F3|E2F4|EP300|ESCO1|ESCO2|ESPL1|FBXO5|FZR1|GSK3B|HDAC1|HDAC8|KNL1|MAD1L1|MAD2L2|MAU2|MCM2|MCM3|MCM4|MCM5|MCM6|MCM7|MDM2|MTBP|NDC80|NIPBL|ORC1|ORC2|ORC3|ORC4|ORC5|PCNA|PDS5A|PDS5B|PPP2CA|PPP2R1A|PPP2R1B|PPP2R5A|PPP2R5C|PPP2R5D|PRKDC|PTTG1|RAD21|RB1|RBL1|RBL2|SMAD4|SMC1A|SMC1B|SMC3|STAG1|STAG2|TFDP1|TFDP2|TGFB1|TGFB2|TGFB3|TICRR|TP53|TRIP13|TTK|WAPL|WEE1|WEE2|YWHAE|YWHAZ; chimpanzee:ANAPC1|ANAPC10|ANAPC2|ANAPC4|ANAPC5|ANAPC7|ATM|ATR|BUB1|BUB3|CCNA1|CCNA2|CCNB1|CCNB2|CCNB3|CCND1|CCND2|CCNE1|CCNE2|CCNH|CDC14A|CDC14B|CDC16|CDC20|CDC23|CDC25A|CDC25B|CDC25C|CDC27|CDC45|CDC7|CDK1|CDK4|CDK6|CDK7|CHEK1|CHEK2|CREBBP|DBF4B|DDX11|E2F3|E2F4|EP300|ESCO1|ESCO2|ESPL1|FBXO5|FZR1|GSK3B|HDAC2|HDAC8|KNL1|MAD2L2|MAU2|MCM2|MCM3|MCM4|MCM5|MCM6|MCM7|MDM2|MTBP|NDC80|NIPBL|ORC1|ORC2|ORC3|ORC4|ORC5|PCNA|PDS5A|PDS5B|PPP2CA|PPP2CB|PPP2R1A|PPP2R1B|PPP2R5A|PPP2R5C|PPP2R5D|PPP2R5E|PRKDC|PTTG1|RAD21|RB1|RBL1|RBL2|SKP1|SMAD2|SMAD4|SMC1A|SMC1B|SMC3|STAG1|STAG2|TFDP2|TGFB1|TGFB3|TICRR|TP53|TRIP13|TTK|WAPL|WEE1|WEE2|YWHAB|YWHAE; human:ANAPC1|ANAPC10|ANAPC2|ANAPC4|ANAPC5|ANAPC7|ATM|ATR|ATRX|BUB1|BUB3|CCNA2|CCNB1|CCNB2|CCNB3|CCND1|CCND2|CCNE1|CCNE2|CCNH|CDC14A|CDC14B|CDC16|CDC20|CDC23|CDC25A|CDC25B|CDC25C|CDC27|CDC45|CDC7|CDCA5|CDK1|CDK4|CDK6|CDK7|CHEK1|CHEK2|CREBBP|CUL1|DBF4|DBF4B|DDX11|E2F3|E2F4|EP300|ESCO1|ESCO2|ESPL1|FBXO5|FZR1|GSK3B|HDAC1|HDAC2|HDAC8|KNL1|MAD1L1|MAD2L2|MAU2|MCM2|MCM3|MCM4|MCM5|MCM6|MCM7|MDM2|MTBP|NDC80|NIPBL|ORC1|ORC2|ORC3|ORC4|ORC5|PCNA|PDS5A|PDS5B|PPP2CA|PPP2CB|PPP2R1A|PPP2R1B|PPP2R5A|PPP2R5C|PPP2R5D|PPP2R5E|PRKDC|PTTG1|RAD21|RB1|RBL1|RBL2|SKP1|SMAD4|SMC1A|SMC1B|SMC3|STAG1|STAG2|TFDP1|TFDP2|TGFB1|TGFB3|TICRR|TP53|TRIP13|TTK|WAPL|WEE1|WEE2|YWHAB|YWHAE|YWHAZ; sorangutan:ANAPC1|ANAPC10|ANAPC2|ANAPC4|ANAPC5|ANAPC7|ATM|ATR|ATRX|BUB1|BUB3|CCNA1|CCNA2|CCNB1|CCNB2|CCNB3|CCND1|CCND2|CCNE1|CCNE2|CCNH|CDC14A|CDC14B|CDC16|CDC20|CDC23|CDC25A|CDC25B|CDC27|CDC45|CDC7|CDK1|CDK4|CDK6|CDK7|CHEK2|CREBBP|CUL1|DBF4|DDX11|E2F3|E2F4|EP300|ESCO1|ESCO2|ESPL1|FBXO5|FZR1|GSK3B|HDAC1|HDAC8|KNL1|MAD1L1|MAD2L2|MAU2|MCM2|MCM3|MCM4|MCM5|MCM6|MCM7|MDM2|MTBP|NDC80|NIPBL|ORC1|ORC2|ORC3|ORC4|ORC5|PCNA|PDS5A|PDS5B|PPP2R1A|PPP2R1B|PPP2R5A|PPP2R5C|PPP2R5D|PRKDC|PTTG1|RAD21|RB1|RBL1|RBL2|SMAD2|SMAD4|SMC1A|SMC1B|SMC3|STAG1|STAG2|TFDP1|TFDP2|TGFB1|TGFB2|TGFB3|TICRR|TP53|TRIP13|TTK|WAPL|WEE1|WEE2|YWHAE|YWHAZ,,0,bonobo:AURKB; borangutan:; chimpanzee:; human:CDCA5; sorangutan:,bonobo:1; borangutan:0; chimpanzee:0; human:1; sorangutan:0
Purine metabolism,5,bonobo; borangutan; chimpanzee; human; sorangutan,bonobo:77; borangutan:85; chimpanzee:91; human:89; sorangutan:84,bonobo:ADCY1|ADCY10|ADCY2|ADCY3|ADCY5|ADCY6|ADCY7|ADCY8|ADCY9|ADK|ADSL|ADSS2|AK2|AK3|AK4|AK7|AK8|AK9|ALLC|AMPD3|ATIC|DGUOK|ENPP1|ENPP3|ENTPD1|ENTPD2|ENTPD4|ENTPD5|ENTPD6|GART|GDA|GMPR|GMPS|GUCY1A1|GUCY1B1|GUCY2C|GUCY2D|GUCY2F|HPRT1|IMPDH2|LACC1|NME7|NPR1|NPR2|NT5C2|NT5E|NUDT5|NUDT9|PAPSS1|PAPSS2|PDE1A|PDE2A|PDE3A|PDE3B|PDE4A|PDE4B|PDE4C|PDE4D|PDE5A|PDE6A|PDE6C|PDE7A|PDE7B|PDE8A|PDE8B|PDE9A|PFAS|PGM1|PGM2|PPAT|PRPS1|PRPS2|PRUNE1|RRM1|RRM2|RRM2B|XDH; borangutan:ADCY1|ADCY10|ADCY2|ADCY3|ADCY5|ADCY6|ADCY8|ADCY9|ADK|ADSS1|ADSS2|AK2|AK3|AK4|AK7|AK8|AK9|ALLC|AMPD2|AMPD3|ATIC|DGUOK|ENPP1|ENPP3|ENTPD1|ENTPD5|ENTPD6|GART|GDA|GUCY1A1|GUCY1A2|GUCY1B1|GUCY2C|GUCY2D|GUCY2F|HDDC2|HPRT1|IMPDH2|LACC1|LOXL2|NME7|NPR1|NPR2|NT5C1A|NT5C2|NT5E|NUDT5|NUDT9|PAICS|PAPSS1|PAPSS2|PDE10A|PDE11A|PDE1A|PDE1B|PDE2A|PDE3A|PDE3B|PDE4A|PDE4B|PDE4C|PDE4D|PDE5A|PDE6A|PDE6B|PDE6C|PDE7A|PDE7B|PDE8A|PDE8B|PDE9A|PFAS|PGM1|PGM2|PPAT|PRPS1|PRPS2|PRUNE1|RRM1|RRM2|RRM2B|TNRC6B|XDH; chimpanzee:ADCY10|ADCY2|ADCY3|ADCY5|ADCY6|ADCY7|ADCY8|ADCY9|ADK|ADSL|ADSS1|ADSS2|AK2|AK3|AK4|AK7|AK8|AK9|ALLC|AMPD2|AMPD3|ATIC|DCK|DECR2|DGUOK|ENPP1|ENPP3|ENTPD1|ENTPD4|ENTPD5|ENTPD6|FHIT|GDA|GMPR|GMPR2|GMPS|GUCY1A1|GUCY1A2|GUCY1B1|GUCY2C|GUCY2F|GUK1|HDDC2|HPRT1|IMPDH2|LACC1|NME7|NPR2|NT5C2|NT5E|NT5M|NUDT5|NUDT9|PAICS|PAPSS1|PAPSS2|PDE10A|PDE11A|PDE1A|PDE1B|PDE2A|PDE3A|PDE3B|PDE4A|PDE4B|PDE4C|PDE4D|PDE5A|PDE6A|PDE6C|PDE7A|PDE7B|PDE8A|PDE8B|PDE9A|PFAS|PGM1|PGM2|PPAT|PRPS1|PRPS2|PRUNE1|RRM1|RRM2|RRM2B|XDH; human:ADCY1|ADCY10|ADCY2|ADCY3|ADCY5|ADCY6|ADCY8|ADCY9|ADK|ADSL|ADSS1|ADSS2|AK2|AK3|AK4|AK7|AK8|AK9|ALLC|AMPD2|AMPD3|ATIC|DCK|DGUOK|ENPP1|ENPP3|ENTPD1|ENTPD5|ENTPD6|FHIT|GART|GMPR|GMPS|GUCY1A1|GUCY1A2|GUCY1B1|GUCY2C|GUCY2D|GUCY2F|GUK1|HDDC2|HPRT1|IMPDH2|LACC1|NME1|NME1-NME2|NME7|NPR1|NPR2|NT5C2|NT5E|NT5M|NUDT5|NUDT9|PAICS|PAPSS1|PAPSS2|PDE10A|PDE11A|PDE1A|PDE1B|PDE2A|PDE3A|PDE3B|PDE4A|PDE4B|PDE4C|PDE4D|PDE5A|PDE6A|PDE6B|PDE6C|PDE6D|PDE7A|PDE7B|PDE8A|PDE8B|PDE9A|PFAS|PGM1|PGM2|PPAT|PRPS1|PRPS2|PRUNE1|RRM1|RRM2|RRM2B|XDH; sorangutan:ADCY1|ADCY10|ADCY2|ADCY3|ADCY5|ADCY6|ADCY8|ADCY9|ADK|ADSS1|ADSS2|AK2|AK3|AK4|AK7|AK8|AK9|ALLC|AMPD2|AMPD3|ATIC|DGUOK|ENPP1|ENPP3|ENTPD1|ENTPD5|ENTPD6|GART|GDA|GUCY1A1|GUCY1A2|GUCY1B1|GUCY2C|GUCY2D|GUCY2F|HDDC2|HPRT1|IMPDH2|LACC1|LOXL2|NME7|NPR1|NPR2|NT5C1A|NT5C2|NT5E|NUDT5|NUDT9|PAICS|PAPSS1|PAPSS2|PDE10A|PDE11A|PDE1A|PDE1B|PDE2A|PDE3A|PDE3B|PDE4B|PDE4C|PDE4D|PDE5A|PDE6A|PDE6B|PDE6C|PDE7A|PDE7B|PDE8A|PDE8B|PDE9A|PFAS|PGM1|PGM2|PPAT|PRPS1|PRPS2|PRUNE1|RRM1|RRM2|RRM2B|TNRC6B|XDH,,0,bonobo:ENTPD2; borangutan:; chimpanzee:DECR2|GMPR2; human:NME1|NME1-NME2|PDE6D; sorangutan:,bonobo:1; borangutan:0; chimpanzee:2; human:3; sorangutan:0
Spliceosome,1,bonobo,bonobo:74,bonobo:ACIN1|AQR|BCAS2|CDC40|CDC5L|CRNKL1|CTNNBL1|CWC15|DDX23|DDX42|DDX46|DDX5|DHX15|DHX16|DHX38|DHX8|EFTUD2|HNRNPA3|HNRNPM|HNRNPU|HSPA8|ISY1|LSM3|MAGOH|NCBP1|NCBP2|PLRG1|PPIE|PPIH|PQBP1|PRPF18|PRPF19|PRPF3|PRPF31|PRPF38A|PRPF38B|PRPF4|PRPF40A|PRPF40B|PRPF6|PRPF8|PUF60|RBM17|RBM22|RBM25|RBMX|SART1|SF3A1|SF3A3|SF3B1|SF3B2|SF3B3|SF3B6|SLU7|SMNDC1|SNRNP200|SNRNP40|SNRNP70|SNRPA|SNRPA1|SNRPB|SNRPB2|SNU13|SRSF1|SRSF10|SRSF5|SYF2|TCERG1|THOC1|THOC2|TRA2A|TRA2B|TXNL4A|U2AF1L4,,0,bonobo:ACIN1|AQR|BCAS2|CDC40|CDC5L|CRNKL1|CTNNBL1|CWC15|DDX23|DDX42|DDX46|DDX5|DHX15|DHX16|DHX38|DHX8|EFTUD2|HNRNPA3|HNRNPM|HNRNPU|HSPA8|ISY1|LSM3|MAGOH|NCBP1|NCBP2|PLRG1|PPIE|PPIH|PQBP1|PRPF18|PRPF19|PRPF3|PRPF31|PRPF38A|PRPF38B|PRPF4|PRPF40A|PRPF40B|PRPF6|PRPF8|PUF60|RBM17|RBM22|RBM25|RBMX|SART1|SF3A1|SF3A3|SF3B1|SF3B2|SF3B3|SF3B6|SLU7|SMNDC1|SNRNP200|SNRNP40|SNRNP70|SNRPA|SNRPA1|SNRPB|SNRPB2|SNU13|SRSF1|SRSF10|SRSF5|SYF2|TCERG1|THOC1|THOC2|TRA2A|TRA2B|TXNL4A|U2AF1L4,bonobo:74
Glucagon signaling pathway,4,bonobo; borangutan; gorilla; human,bonobo:68; borangutan:68; gorilla:21; human:71,bonobo:ACACA|ACACB|ADCY2|AKT1|AKT2|AKT3|ATF2|CAMK2B|CAMK2D|CAMK2G|CPT1A|CPT1B|CPT1C|CREB1|CREB3|CREB3L1|CREB3L2|CREB3L3|CREB3L4|CREB5|CREBBP|EP300|FBP1|GYS1|GYS2|ITPR1|ITPR2|ITPR3|LDHA|LDHAL6A|LDHC|PDE3B|PDHA1|PDHB|PFKFB1|PFKM|PFKP|PGAM1|PHKA1|PHKA2|PHKB|PHKG2|PKM|PLCB1|PLCB2|PLCB3|PLCB4|PPARA|PPARGC1A|PPP3CA|PPP3CC|PPP4C|PPP4R3B|PRKAA1|PRKAA2|PRKAB1|PRKAB2|PRKACB|PRKAG2|PRKAG3|PRMT1|PYGB|PYGL|PYGM|SIK1|SIK2|SIRT1|SLC2A2; borangutan:ACACA|ACACB|ADCY2|AKT1|AKT2|AKT3|ATF2|CALM2|CAMK2B|CAMK2D|CAMK2G|CPT1A|CPT1B|CPT1C|CREB1|CREB3|CREB3L1|CREB3L3|CREB3L4|CREB5|CREBBP|CRTC2|EP300|FBP1|FBP2|GYS1|GYS2|ITPR1|ITPR2|ITPR3|LDHAL6A|LDHC|PDE3B|PDHA1|PDHB|PFKFB1|PFKM|PFKP|PGAM1|PHKA1|PHKA2|PHKB|PHKG2|PKM|PLCB1|PLCB2|PLCB3|PLCB4|PPARA|PPARGC1A|PPP3CA|PPP3CC|PPP4C|PPP4R3A|PPP4R3B|PRKAA1|PRKAA2|PRKAB2|PRKACB|PRKAG2|PRKAG3|PRMT1|PYGB|PYGL|SIK1|SIK2|SIRT1|SLC2A2; gorilla:ACACB|AKT1|AKT3|ATF2|CREB1|CREB3|CREBBP|FBP1|FBP2|GYS2|ITPR2|PFKM|PHKB|PKM|PLCB2|PPP4C|PPP4R3B|PRKAA1|PRKAB1|PRKAB2|PYGL; human:ACACA|ACACB|ADCY2|AKT1|AKT2|ATF2|CALM1|CALM2|CALM3|CAMK2B|CAMK2D|CAMK2G|CPT1A|CPT1B|CPT1C|CREB1|CREB3|CREB3L1|CREB3L2|CREB3L3|CREB3L4|CREBBP|CRTC2|EP300|FBP1|FBP2|GYS1|GYS2|ITPR1|ITPR2|ITPR3|LDHA|LDHAL6A|LDHC|PDE3B|PDHA1|PDHB|PFKFB1|PFKM|PFKP|PGAM1|PHKA1|PHKA2|PHKB|PHKG2|PKM|PLCB2|PLCB3|PLCB4|PPARA|PPARGC1A|PPP3CA|PPP3CC|PPP4C|PPP4R3A|PPP4R3B|PRKAA1|PRKAA2|PRKAB1|PRKAB2|PRKACB|PRKAG2|PRKAG3|PRMT1|PYGB|PYGL|PYGM|SIK1|SIK2|SIRT1|SLC2A2,,0,bonobo:; borangutan:; gorilla:; human:CALM1|CALM3,bonobo:0; borangutan:0; gorilla:0; human:2
Focal adhesion,6,bonobo; borangutan; chimpanzee; gorilla; human; sorangutan,bonobo:127; borangutan:133; chimpanzee:139; gorilla:42; human:145; sorangutan:130,bonobo:ACTN1|ACTN4|AKT1|AKT2|AKT3|ARHGAP5|BCAR1|BIRC2|BRAF|CCND2|COL1A1|COL1A2|COL4A1|COL4A2|COL4A3|COL4A4|COL4A5|COL4A6|COL6A1|COL6A2|COL6A5|COL9A1|COL9A2|COL9A3|COMP|CTNNB1|DOCK1|EGF|EGFR|ELK1|ERBB2|FLNB|FN1|GSK3B|IBSP|ILK|ITGA1|ITGA11|ITGA2|ITGA2B|ITGA4|ITGA5|ITGA6|ITGA7|ITGA8|ITGA9|ITGAV|ITGB1|ITGB3|ITGB4|ITGB5|ITGB6|ITGB7|ITGB8|KDR|LAMA1|LAMA2|LAMA3|LAMA4|LAMA5|LAMB1|LAMB2|LAMB3|LAMB4|LAMC1|LAMC2|LAMC3|LRRC45|MAP2K1|MAPK1|MAPK10|MAPK8|MAPK9|MET|MYLK|MYLK2|PAK1|PAK2|PAK3|PARVA|PARVG|PDGFD|PDGFRA|PIK3CA|PIK3CB|PIK3R1|PIK3R3|PIP5K1A|PIP5K1B|PPP1R12A|PPP1R12B|PRKCA|PRKCB|PRKCG|PTK2|PXN|RAF1|RAP1A|RAP1B|RAPGEF1|RASGRF1|RELN|ROCK1|ROCK2|SHC1|SHC3|SHC4|SOS1|SPP1|THBS1|THBS2|THBS3|THBS4|TLN1|TLN2|TNC|TNN|TNR|VAV1|VAV2|VAV3|VCL|VEGFC|VEGFD|VTN|VWF|ZYX; borangutan:ACTN1|ACTN4|AKT1|AKT2|AKT3|ARHGAP5|BIRC2|BRAF|CCND1|CCND2|CDC42|COL1A1|COL1A2|COL2A1|COL4A1|COL4A2|COL4A3|COL4A4|COL4A5|COL4A6|COL6A1|COL6A2|COL6A3|COL6A5|COL6A6|COL9A1|COL9A2|COL9A3|COMP|CTNNB1|DIAPH1|DOCK1|EGF|EGFR|ELK1|FLNA|FLNB|FLT1|FN1|GSK3B|IBSP|ILK|ITGA1|ITGA10|ITGA11|ITGA2B|ITGA4|ITGA5|ITGA6|ITGA7|ITGA8|ITGA9|ITGAV|ITGB1|ITGB3|ITGB4|ITGB5|ITGB6|ITGB7|ITGB8|KDR|LAMA1|LAMA2|LAMA3|LAMA4|LAMB1|LAMB3|LAMB4|LAMC1|LAMC3|MAP2K1|MAPK1|MAPK10|MAPK8|MAPK9|MET|MYLK|MYLK3|PAK1|PAK2|PAK3|PARVA|PARVG|PDGFC|PDGFD|PDGFRA|PDPK1|PIK3CA|PIK3CB|PIK3R3|PIP5K1A|PPP1R12A|PPP1R12B|PRKCA|PRKCB|PRKCG|PTEN|PTK2|PXN|RAC1|RAF1|RAP1A|RAP1B|RAPGEF1|RASGRF1|RELN|ROCK1|ROCK2|SHC1|SHC3|SHC4|SOS1|SOS2|SPP1|THBS1|THBS2|THBS3|THBS4|TLN1|TLN2|TNC|TNN|TNR|VAV1|VAV2|VAV3|VCL|VEGFC|VEGFD|VTN|VWF|ZYX; chimpanzee:ACTN1|ACTN4|AKT1|AKT2|AKT3|ARHGAP5|BCAR1|BIRC2|CCND1|CCND2|CDC42|COL1A1|COL1A2|COL2A1|COL4A1|COL4A2|COL4A3|COL4A4|COL4A5|COL4A6|COL6A2|COL6A3|COL6A5|COL6A6|COL9A1|COL9A2|COL9A3|COMP|CTNNB1|DIAPH1|DOCK1|EGF|EGFR|ELK1|ERBB2|FLNA|FLNB|FLT1|FN1|GSK3B|IBSP|ITGA1|ITGA10|ITGA11|ITGA2|ITGA2B|ITGA4|ITGA5|ITGA6|ITGA7|ITGA8|ITGA9|ITGAV|ITGB1|ITGB3|ITGB4|ITGB5|ITGB6|ITGB7|KDR|LAMA1|LAMA2|LAMA3|LAMA4|LAMB1|LAMB2|LAMB3|LAMB4|LAMC1|LAMC3|MAP2K1|MAPK1|MAPK10|MAPK8|MAPK9|MET|MYL12A|MYLK|MYLK3|PAK1|PAK2|PAK3|PARVA|PARVG|PDGFD|PDGFRA|PDPK1|PGF|PIK3CA|PIK3CB|PIK3R1|PIK3R3|PIP5K1A|PIP5K1B|PPP1CC|PPP1R12A|PRKCA|PRKCB|PRKCG|PTEN|PTK2|RAC1|RAF1|RAP1A|RAP1B|RAPGEF1|RASGRF1|RELN|ROCK1|ROCK2|SHC1|SHC3|SHC4|SOS1|SOS2|SPP1|THBS1|THBS3|THBS4|TLN1|TLN2|TNC|TNN|TNR|VASP|VAV1|VAV2|VAV3|VCL|VEGFC|VEGFD|VTN|VWF; gorilla:ACTN1|AKT3|ARHGAP5|BCAR1|CCND2|COL2A1|COL4A1|COL4A2|COL6A3|FN1|ITGA1|ITGA10|ITGA2|ITGA4|ITGA5|ITGA6|ITGA7|ITGB6|ITGB7|LAMA1|LAMA3|LAMB3|LAMC1|MAP2K1|MYLK3|PIK3R1|PIP5K1B|PRKCB|PXN|RAP1B|RAPGEF1|RASGRF1|SHC1|SHC3|SHC4|SOS1|SOS2|THBS1|THBS3|THBS4|TNC|TNN; human:ACTN1|ACTN4|AKT1|AKT2|ARHGAP5|BCAR1|BIRC2|BRAF|CCND1|CCND2|COL1A1|COL1A2|COL2A1|COL4A1|COL4A2|COL4A3|COL4A4|COL4A5|COL4A6|COL6A1|COL6A2|COL6A3|COL6A5|COL6A6|COL9A1|COL9A2|COL9A3|COMP|CTNNB1|DIAPH1|DOCK1|EGF|EGFR|ELK1|ERBB2|FLNA|FLNB|FLT1|FLT4|FN1|GSK3B|IBSP|ILK|ITGA1|ITGA10|ITGA11|ITGA2|ITGA2B|ITGA4|ITGA5|ITGA6|ITGA7|ITGA8|ITGA9|ITGAV|ITGB1|ITGB3|ITGB4|ITGB5|ITGB6|ITGB7|ITGB8|KDR|LAMA1|LAMA2|LAMA3|LAMA4|LAMA5|LAMB1|LAMB2|LAMB3|LAMB4|LAMC1|LAMC2|LAMC3|MAP2K1|MAPK1|MAPK10|MAPK8|MAPK9|MET|MYL12A|MYLK|MYLK3|P3R3URF-PIK3R3|PAK1|PAK2|PAK3|PARVA|PARVB|PARVG|PDGFA|PDGFD|PDGFRA|PDPK1|PGF|PIK3CA|PIK3CB|PIK3R1|PIK3R3|PIP5K1A|PIP5K1B|PPP1R12A|PPP1R12B|PRKCA|PRKCB|PRKCG|PTEN|PTK2|PXN|RAC1|RAF1|RAP1A|RAP1B|RAPGEF1|RASGRF1|RELN|ROCK1|ROCK2|SHC1|SHC3|SHC4|SOS1|SOS2|SPP1|THBS1|THBS2|THBS3|THBS4|TLN1|TLN2|TNC|TNN|TNR|TNXB|VASP|VAV1|VAV2|VAV3|VCL|VEGFC|VEGFD|VTN|VWF|ZYX; sorangutan:ACTN1|ACTN4|AKT1|AKT2|AKT3|ARHGAP5|BIRC2|BRAF|CCND1|CCND2|CDC42|COL1A1|COL1A2|COL2A1|COL4A1|COL4A2|COL4A3|COL4A4|COL4A5|COL4A6|COL6A1|COL6A2|COL6A3|COL6A5|COL6A6|COL9A1|COL9A2|COMP|CTNNB1|DOCK1|EGF|EGFR|ELK1|FLNA|FLNB|FLT1|FN1|GSK3B|IBSP|ITGA1|ITGA10|ITGA11|ITGA2B|ITGA4|ITGA5|ITGA6|ITGA7|ITGA8|ITGA9|ITGAV|ITGB1|ITGB3|ITGB4|ITGB5|ITGB6|ITGB7|ITGB8|KDR|LAMA1|LAMA2|LAMA3|LAMA4|LAMB1|LAMB3|LAMB4|LAMC1|LAMC3|MAP2K1|MAPK1|MAPK10|MAPK8|MAPK9|MET|MYL12A|MYLK|MYLK3|PAK1|PAK2|PAK3|PARVA|PARVG|PDGFD|PDGFRA|PDPK1|PIK3CA|PIK3CB|PIK3R3|PIP5K1A|PPP1R12A|PPP1R12B|PRKCA|PRKCB|PRKCG|PTEN|PTK2|PXN|RAC1|RAF1|RAP1A|RAP1B|RAPGEF1|RASGRF1|RELN|ROCK1|ROCK2|SHC1|SHC3|SHC4|SOS1|SOS2|SPP1|THBS1|THBS2|THBS3|THBS4|TLN1|TLN2|TNC|TNN|TNR|VAV1|VAV2|VAV3|VCL|VEGFC|VEGFD|VTN|VWF|ZYX,,0,bonobo:LRRC45|MYLK2; borangutan:PDGFC; chimpanzee:PPP1CC; gorilla:; human:FLT4|P3R3URF-PIK3R3|PARVB|PDGFA|TNXB; sorangutan:,bonobo:2; borangutan:1; chimpanzee:1; gorilla:0; human:5; sorangutan:0
Spinocerebellar ataxia,5,bonobo; borangutan; chimpanzee; human; sorangutan,bonobo:91; borangutan:99; chimpanzee:95; human:96; sorangutan:97,bonobo:AFG3L2|AKT1|AKT2|AKT3|AMBRA1|ATG13|ATG14|ATG2B|ATP2A2|ATXN10|ATXN2|ATXN2L|CACNA1A|DAB1|GRIA1|GRIA2|GRIA3|GRIN1|GRIN2B|GRIN3A|GRM1|GTF2B|ITPR1|ITPR2|ITPR3|KCND3|MAP3K5|MAPK10|MAPK8|MAPK9|MCU|MTOR|NFYA|OMA1|OPA1|PIK3C3|PIK3CA|PIK3CB|PIK3R1|PIK3R3|PIK3R4|PLCB1|PLCB2|PLCB3|PLCB4|PRKCA|PRKCB|PRKCG|PSMA1|PSMA2|PSMA3|PSMA4|PSMA6|PSMA7|PSMA8|PSMB3|PSMB4|PSMC2|PSMC3|PSMC4|PSMC5|PSMC6|PSMD1|PSMD11|PSMD12|PSMD13|PSMD14|PSMD2|PSMD3|PSMD6|PSMD9|PUM1|PUM2|RB1CC1|RBPJ|RBPJL|RELN|RORA|RYR1|SLC25A31|SLC25A5|SPTBN2|TBP|TBPL2|TRAF2|TRPC3|ULK2|VDAC1|VDAC3|VLDLR|WIPI2; borangutan:AFG3L2|AKT1|AKT2|AKT3|AMBRA1|ATG13|ATG14|ATG2B|ATP2A1|ATP2A2|ATXN10|ATXN2|ATXN2L|CACNA1A|DAB1|GRIA1|GRIA2|GRIA3|GRIN1|GRIN2B|GRIN2D|GRIN3A|GRIN3B|GRM1|GTF2B|ITPR1|ITPR2|ITPR3|KAT5|KCND3|MAP3K5|MAPK10|MAPK8|MAPK9|MCU|MTOR|NFYA|NRBF2|OMA1|OPA1|PIK3C3|PIK3CA|PIK3CB|PIK3R3|PIK3R4|PLCB1|PLCB2|PLCB3|PLCB4|PRKCA|PRKCB|PRKCG|PSMA1|PSMA2|PSMA3|PSMA4|PSMA5|PSMA6|PSMA7|PSMA8|PSMB3|PSMB4|PSMC2|PSMC3|PSMC4|PSMC5|PSMC6|PSMD1|PSMD11|PSMD12|PSMD13|PSMD14|PSMD2|PSMD3|PSMD6|PUM1|PUM2|RB1CC1|RBPJ|RELN|RORA|RYR1|SLC25A31|SLC25A5|SPTBN2|TBP|TBPL1|TBPL2|TRAF2|TRPC3|ULK1|ULK2|VDAC1|VDAC2|VDAC3|VLDLR|WIPI2; chimpanzee:AFG3L2|AKT1|AKT2|AKT3|AMBRA1|ATG13|ATG14|ATG2B|ATP2A1|ATP2A2|ATXN10|ATXN2|ATXN2L|ATXN3|CACNA1A|DAB1|GRIA1|GRIA2|GRIA3|GRIN1|GRIN2B|GRIN3A|GRIN3B|GRM1|GTF2B|ITPR1|ITPR2|ITPR3|KCND3|MAP3K5|MAPK10|MAPK8|MAPK9|MCU|MTOR|NRBF2|OPA1|PIK3C3|PIK3CA|PIK3CB|PIK3R1|PIK3R3|PIK3R4|PLCB1|PLCB2|PLCB3|PLCB4|PRKCA|PRKCB|PRKCG|PSMA1|PSMA2|PSMA3|PSMA4|PSMA5|PSMA6|PSMA7|PSMA8|PSMB3|PSMB4|PSMC1|PSMC2|PSMC3|PSMC4|PSMC5|PSMC6|PSMD1|PSMD11|PSMD12|PSMD13|PSMD14|PSMD2|PSMD3|PSMD6|PSMD9|PUM1|PUM2|RB1CC1|RBPJ|RBPJL|RELN|RORA|SLC25A31|SLC25A5|SPTBN2|TBP|TBPL2|TRAF2|TRPC3|ULK2|VDAC1|VDAC3|VLDLR; human:AFG3L2|AKT1|AKT2|AMBRA1|ATG13|ATG14|ATG2B|ATP2A1|ATP2A2|ATXN10|ATXN2|ATXN2L|ATXN3|CACNA1A|DAB1|GRIA1|GRIA2|GRIA3|GRIN1|GRIN2B|GRIN3A|GRIN3B|GRM1|GTF2B|ITPR1|ITPR2|ITPR3|KCND3|MAP3K5|MAPK10|MAPK8|MAPK9|MCU|MTOR|NFYA|NRBF2|OMA1|OPA1|P3R3URF-PIK3R3|PIK3C3|PIK3CA|PIK3CB|PIK3R1|PIK3R3|PIK3R4|PLCB2|PLCB3|PLCB4|PRKCA|PRKCB|PRKCG|PSMA1|PSMA2|PSMA3|PSMA4|PSMA5|PSMA6|PSMA7|PSMA8|PSMB3|PSMB4|PSMC1|PSMC2|PSMC3|PSMC4|PSMC5|PSMC6|PSMD1|PSMD11|PSMD12|PSMD13|PSMD14|PSMD2|PSMD3|PUM1|PUM2|RB1CC1|RBPJ|RBPJL|RELN|RORA|RYR1|SLC25A31|SLC25A5|SPTBN2|TBP|TBPL2|TRAF2|TRPC3|ULK1|ULK2|VDAC1|VDAC2|VDAC3|VLDLR|WIPI2; sorangutan:AFG3L2|AKT1|AKT2|AKT3|AMBRA1|ATG13|ATG14|ATG2B|ATP2A1|ATP2A2|ATXN10|ATXN2|ATXN2L|CACNA1A|DAB1|GRIA1|GRIA2|GRIA3|GRIN1|GRIN2B|GRIN3A|GRIN3B|GRM1|GTF2B|ITPR1|ITPR2|ITPR3|KCND3|MAP3K5|MAPK10|MAPK8|MAPK9|MCU|MTOR|NFYA|NRBF2|OMA1|OPA1|PIK3C3|PIK3CA|PIK3CB|PIK3R3|PIK3R4|PLCB1|PLCB2|PLCB3|PLCB4|PRKCA|PRKCB|PRKCG|PSMA1|PSMA2|PSMA3|PSMA4|PSMA5|PSMA6|PSMA7|PSMA8|PSMB3|PSMB4|PSMC2|PSMC3|PSMC4|PSMC5|PSMC6|PSMD1|PSMD11|PSMD12|PSMD13|PSMD14|PSMD2|PSMD3|PSMD6|PUM1|PUM2|RB1CC1|RBPJ|RELN|RORA|RYR1|SLC25A31|SLC25A5|SPTBN2|TBP|TBPL1|TBPL2|TRAF2|TRPC3|ULK1|ULK2|VDAC1|VDAC2|VDAC3|VLDLR|WIPI2,,0,bonobo:; borangutan:GRIN2D|KAT5; chimpanzee:; human:P3R3URF-PIK3R3; sorangutan:,bonobo:0; borangutan:2; chimpanzee:0; human:1; sorangutan:0
Alcoholic liver disease,1,bonobo,bonobo:74,bonobo:ACACA|ACACB|ACADM|ACADVL|ACOX1|ACOX3|ADH4|ADH5|ADH6|ADH7|ADIPOR1|AKT1|AKT2|AKT3|ALDH2|ALDH3A2|ALDH7A1|ALDH9A1|C3|C5|CAMKK2|CASP3|CASP8|CHUK|CPT1A|CPT1B|CPT1C|CTNNB1|FABP1|FAS|FASLG|FASN|GSK3B|IKBKB|IKBKE|IKBKG|IL12A|IL12B|IL17A|IL17RC|IRAK4|LEF1|LPIN1|LPIN2|MAP2K4|MAP3K5|MAP3K7|MAPK10|MAPK11|MAPK13|MAPK14|MAPK8|MAPK9|NFKB1|PPARA|PPARGC1A|PRKAA1|PRKAA2|PRKAB1|PRKAB2|PRKAG2|PRKAG3|RIPK1|SIRT1|TAB1|TAB2|TAB3|TBK1|TCF7L2|TRA2A|TRA2B|TRADD|TRAF3|TRAF6,,0,bonobo:ACACA|ACACB|ACADM|ACADVL|ACOX1|ACOX3|ADH4|ADH5|ADH6|ADH7|ADIPOR1|AKT1|AKT2|AKT3|ALDH2|ALDH3A2|ALDH7A1|ALDH9A1|C3|C5|CAMKK2|CASP3|CASP8|CHUK|CPT1A|CPT1B|CPT1C|CTNNB1|FABP1|FAS|FASLG|FASN|GSK3B|IKBKB|IKBKE|IKBKG|IL12A|IL12B|IL17A|IL17RC|IRAK4|LEF1|LPIN1|LPIN2|MAP2K4|MAP3K5|MAP3K7|MAPK10|MAPK11|MAPK13|MAPK14|MAPK8|MAPK9|NFKB1|PPARA|PPARGC1A|PRKAA1|PRKAA2|PRKAB1|PRKAB2|PRKAG2|PRKAG3|RIPK1|SIRT1|TAB1|TAB2|TAB3|TBK1|TCF7L2|TRA2A|TRA2B|TRADD|TRAF3|TRAF6,bonobo:74
Human papillomavirus infection,6,bonobo; borangutan; chimpanzee; gorilla; human; sorangutan,bonobo:190; borangutan:195; chimpanzee:208; gorilla:63; human:213; sorangutan:193,bonobo:AKT1|AKT2|AKT3|APC|ATM|ATP6AP1|ATP6V0A1|ATP6V0A2|ATP6V0A4|ATP6V1A|ATP6V1B1|ATP6V1B2|ATP6V1C1|ATP6V1C2|ATP6V1E1|ATP6V1H|ATR|AXIN2|CASP3|CASP8|CCNA1|CCNA2|CCND2|CCNE1|CCNE2|CDK4|CHD4|CHUK|COL1A1|COL1A2|COL4A1|COL4A2|COL4A3|COL4A4|COL4A5|COL4A6|COL6A1|COL6A2|COL6A5|COL9A1|COL9A2|COL9A3|COMP|CREB1|CREB3|CREB3L1|CREB3L2|CREB3L3|CREB3L4|CREB5|CREBBP|CSNK1A1|CTNNB1|DLG1|DLG2|DLG3|DVL2|EGF|EGFR|EP300|FAS|FASLG|FN1|FZD3|FZD6|GSK3B|HDAC1|HDAC2|HES3|HEY1|HEY2|HEYL|IBSP|IFNAR1|IKBKB|IKBKE|IKBKG|IRF9|ITGA1|ITGA11|ITGA2|ITGA2B|ITGA4|ITGA5|ITGA6|ITGA7|ITGA8|ITGA9|ITGAV|ITGB1|ITGB3|ITGB4|ITGB5|ITGB6|ITGB7|ITGB8|JAG1|JAK1|LAMA1|LAMA2|LAMA3|LAMA4|LAMA5|LAMB1|LAMB2|LAMB3|LAMB4|LAMC1|LAMC2|LAMC3|LLGL1|LLGL2|MAML1|MAML2|MAML3|MAP2K1|MAP2K2|MAPK1|MDM2|MFNG|MTOR|MX2|NFKB1|NFX1|NOTCH1|NOTCH2|NOTCH3|PALS1|PARD3|PARD6B|PATJ|PIK3CA|PIK3CB|PIK3R1|PIK3R3|PKM|PPP2CB|PPP2R1A|PPP2R1B|PPP2R2A|PPP2R3A|PPP2R3C|PPP2R5A|PPP2R5C|PPP2R5D|PPP2R5E|PRKACB|PRKCI|PRKCZ|PSEN1|PTGER4|PTGS2|PTK2|PXN|RAF1|RB1|RBL1|RBL2|RBPJ|RBPJL|RELN|RPS6KB1|SCRIB|SOS1|SPP1|STAT1|STAT2|TADA3|TBK1|TBP|TBPL2|TCF7L2|TCIRG1|THBS1|THBS2|THBS3|THBS4|TNC|TNN|TNR|TP53|TRADD|TRAF3|TSC1|TSC2|TYK2|UBE3A|UBR4|VTN|VWF; borangutan:AKT1|AKT2|AKT3|APC|ATM|ATP6V0A1|ATP6V0A2|ATP6V1A|ATP6V1B1|ATP6V1B2|ATP6V1C1|ATP6V1C2|ATP6V1D|ATP6V1E1|ATP6V1H|ATR|AXIN2|CASP8|CCNA1|CCNA2|CCND1|CCND2|CCNE1|CCNE2|CDC42|CDK4|CDK6|CHD4|CHUK|COL1A1|COL1A2|COL2A1|COL4A1|COL4A2|COL4A3|COL4A4|COL4A5|COL4A6|COL6A1|COL6A2|COL6A3|COL6A5|COL6A6|COL9A1|COL9A2|COL9A3|COMP|CREB1|CREB3|CREB3L1|CREB3L3|CREB3L4|CREB5|CREBBP|CSNK1A1|CTNNB1|DLG1|DLG2|DLG3|DVL2|EGF|EGFR|EIF2AK2|EP300|FASLG|FN1|FZD3|FZD6|GSK3B|HDAC1|HES3|HES7|HEY1|HEY2|HEYL|IBSP|IFNAR1|IKBKB|IKBKE|IKBKG|ITGA1|ITGA10|ITGA11|ITGA2B|ITGA4|ITGA5|ITGA6|ITGA7|ITGA8|ITGA9|ITGAV|ITGB1|ITGB3|ITGB4|ITGB5|ITGB6|ITGB7|ITGB8|JAG1|JAK1|LAMA1|LAMA2|LAMA3|LAMA4|LAMB1|LAMB3|LAMB4|LAMC1|LAMC3|LLGL1|LLGL2|MAGI1|MAML1|MAML2|MAML3|MAP2K1|MAPK1|MDM2|MFNG|MTOR|MX1|MX2|NFKB1|NFX1|NOTCH1|NOTCH2|NOTCH3|PALS1|PARD3|PARD6B|PARD6G|PATJ|PIK3CA|PIK3CB|PIK3R3|PKM|PPP2R1A|PPP2R1B|PPP2R2A|PPP2R2D|PPP2R3A|PPP2R3C|PPP2R5A|PPP2R5C|PPP2R5D|PRKACB|PRKCI|PRKCZ|PSEN1|PTEN|PTGER4|PTGS2|PTK2|PXN|RAF1|RB1|RBL1|RBL2|RBPJ|RELN|RPS6KB1|RPS6KB2|SOS1|SOS2|SPP1|STAT1|STAT2|TADA3|TBK1|TBP|TBPL1|TBPL2|TCF7L2|THBS1|THBS2|THBS3|THBS4|TLR3|TNC|TNN|TNR|TP53|TRADD|TRAF3|TSC1|TSC2|TYK2|UBE3A|UBR4|VTN|VWF; chimpanzee:AKT1|AKT2|AKT3|APC|ATM|ATP6AP1|ATP6V0A1|ATP6V0A2|ATP6V1A|ATP6V1B1|ATP6V1B2|ATP6V1C1|ATP6V1C2|ATP6V1D|ATP6V1E1|ATP6V1H|ATR|AXIN2|CASP3|CASP8|CCNA1|CCNA2|CCND1|CCND2|CCNE1|CCNE2|CDC42|CDK4|CDK6|CHD4|CHUK|COL1A1|COL1A2|COL2A1|COL4A1|COL4A2|COL4A3|COL4A4|COL4A5|COL4A6|COL6A2|COL6A3|COL6A5|COL6A6|COL9A1|COL9A2|COL9A3|COMP|CREB1|CREB3|CREB3L1|CREB3L2|CREB3L3|CREB3L4|CREB5|CREBBP|CSNK1A1|CTNNB1|DLG1|DLG2|DLG3|DVL2|EGF|EGFR|EIF2AK2|EP300|FAS|FASLG|FN1|FZD3|FZD6|GSK3B|HDAC2|HES3|HES7|HEY1|HEY2|HEYL|IBSP|IKBKB|IKBKE|IKBKG|IRF9|ITGA1|ITGA10|ITGA11|ITGA2|ITGA2B|ITGA4|ITGA5|ITGA6|ITGA7|ITGA8|ITGA9|ITGAV|ITGB1|ITGB3|ITGB4|ITGB5|ITGB6|ITGB7|JAG1|JAK1|LAMA1|LAMA2|LAMA3|LAMA4|LAMB1|LAMB2|LAMB3|LAMB4|LAMC1|LAMC3|LLGL1|LLGL2|MAGI1|MAML1|MAML2|MAML3|MAP2K1|MAP2K2|MAPK1|MDM2|MFNG|MTOR|MX1|NFKB1|NFX1|NOTCH1|NOTCH2|NOTCH3|PALS1|PARD3|PARD6B|PARD6G|PATJ|PIK3CA|PIK3CB|PIK3R1|PIK3R3|PKM|PPP2CA|PPP2CB|PPP2R1A|PPP2R1B|PPP2R2A|PPP2R2B|PPP2R2D|PPP2R3A|PPP2R3C|PPP2R5A|PPP2R5C|PPP2R5D|PPP2R5E|PRKACB|PRKCI|PSEN1|PSMC1|PTEN|PTGER4|PTGS2|PTK2|RAF1|RB1|RBL1|RBL2|RBPJ|RBPJL|RELN|RPS6KB1|SOS1|SOS2|SPP1|STAT1|STAT2|TADA3|TBK1|TBP|TBPL2|TCF7L2|TCIRG1|THBS1|THBS3|THBS4|TLR3|TNC|TNN|TNR|TP53|TRADD|TRAF3|TSC1|TSC2|TYK2|UBE3A|UBR4|VTN|VWF; gorilla:AKT3|ATP6V0A2|ATP6V1B1|ATP6V1C2|CASP8|CCND2|CDK4|CHD4|COL2A1|COL4A1|COL4A2|COL6A3|CREB1|CREB3|CREBBP|DVL2|EIF2AK2|FASLG|FN1|HES7|IRF9|ITGA1|ITGA10|ITGA2|ITGA4|ITGA5|ITGA6|ITGA7|ITGB6|ITGB7|LAMA1|LAMA3|LAMB3|LAMC1|MAP2K1|MDM2|MX1|NFX1|PARD6G|PIK3R1|PKM|PPP2R5A|PPP2R5C|PTGER4|PTGS2|PXN|RBL2|SOS1|SOS2|STAT1|STAT2|TBK1|TBPL2|TERT|THBS1|THBS3|THBS4|TLR3|TNC|TNN|TRAF3|TSC1|UBE3A; human:AKT1|AKT2|APC|ATM|ATP6AP1|ATP6V0A1|ATP6V0A2|ATP6V0A4|ATP6V1A|ATP6V1B1|ATP6V1B2|ATP6V1C1|ATP6V1C2|ATP6V1D|ATP6V1E1|ATP6V1H|ATR|AXIN2|CASP3|CASP8|CCNA2|CCND1|CCND2|CCNE1|CCNE2|CDK4|CDK6|CHD4|CHUK|COL1A1|COL1A2|COL2A1|COL4A1|COL4A2|COL4A3|COL4A4|COL4A5|COL4A6|COL6A1|COL6A2|COL6A3|COL6A5|COL6A6|COL9A1|COL9A2|COL9A3|COMP|CREB1|CREB3|CREB3L1|CREB3L2|CREB3L3|CREB3L4|CREB5|CREBBP|CSNK1A1|CTNNB1|DLG1|DLG2|DLG3|DVL1|DVL2|EGF|EGFR|EIF2AK2|EP300|FAS|FASLG|FN1|FZD3|FZD6|GSK3B|HDAC1|HDAC2|HES3|HES7|HEY1|HEY2|HEYL|IBSP|IFNAR1|IKBKB|IKBKE|IKBKG|IRF9|ITGA1|ITGA10|ITGA11|ITGA2|ITGA2B|ITGA4|ITGA5|ITGA6|ITGA7|ITGA8|ITGA9|ITGAV|ITGB1|ITGB3|ITGB4|ITGB5|ITGB6|ITGB7|ITGB8|JAG1|JAK1|LAMA1|LAMA2|LAMA3|LAMA4|LAMA5|LAMB1|LAMB2|LAMB3|LAMB4|LAMC1|LAMC2|LAMC3|LFNG|LLGL1|LLGL2|MAGI1|MAML1|MAML2|MAML3|MAP2K1|MAP2K2|MAPK1|MDM2|MFNG|MTOR|MX1|MX2|NFKB1|NFX1|NOTCH1|NOTCH2|NOTCH3|P3R3URF-PIK3R3|PALS1|PARD3|PARD6B|PARD6G|PATJ|PIK3CA|PIK3CB|PIK3R1|PIK3R3|PKM|PPP2CA|PPP2CB|PPP2R1A|PPP2R1B|PPP2R2A|PPP2R2D|PPP2R3A|PPP2R3C|PPP2R5A|PPP2R5C|PPP2R5D|PPP2R5E|PRKACB|PRKCI|PRKCZ|PSEN1|PSMC1|PTEN|PTGER4|PTGS2|PTK2|PXN|RAF1|RB1|RBL1|RBL2|RBPJ|RBPJL|RELN|RPS6KB1|SCRIB|SOS1|SOS2|SPP1|STAT1|STAT2|TADA3|TBK1|TBP|TBPL2|TCF7|TCF7L2|TCIRG1|TERT|THBS1|THBS2|THBS3|THBS4|TICAM1|TLR3|TNC|TNN|TNR|TNXB|TP53|TRADD|TRAF3|TSC1|TSC2|TYK2|UBE3A|UBR4|VTN|VWF; sorangutan:AKT1|AKT2|AKT3|APC|ATM|ATP6V0A1|ATP6V0A2|ATP6V1A|ATP6V1B1|ATP6V1B2|ATP6V1C1|ATP6V1C2|ATP6V1D|ATP6V1E1|ATP6V1H|ATR|AXIN2|CASP8|CCNA1|CCNA2|CCND1|CCND2|CCNE1|CCNE2|CDC42|CDK4|CDK6|CHD4|CHUK|COL1A1|COL1A2|COL2A1|COL4A1|COL4A2|COL4A3|COL4A4|COL4A5|COL4A6|COL6A1|COL6A2|COL6A3|COL6A5|COL6A6|COL9A1|COL9A2|COMP|CREB1|CREB3|CREB3L1|CREB3L3|CREB3L4|CREB5|CREBBP|CSNK1A1|CTNNB1|DLG1|DLG2|DLG3|DVL2|EGF|EGFR|EIF2AK2|EP300|FASLG|FN1|FZD3|FZD6|GSK3B|HDAC1|HES3|HES7|HEY1|HEY2|HEYL|IBSP|IFNAR1|IKBKB|IKBKE|IKBKG|ITGA1|ITGA10|ITGA11|ITGA2B|ITGA4|ITGA5|ITGA6|ITGA7|ITGA8|ITGA9|ITGAV|ITGB1|ITGB3|ITGB4|ITGB5|ITGB6|ITGB7|ITGB8|JAG1|JAK1|LAMA1|LAMA2|LAMA3|LAMA4|LAMB1|LAMB3|LAMB4|LAMC1|LAMC3|LLGL1|LLGL2|MAGI1|MAML1|MAML2|MAML3|MAP2K1|MAPK1|MDM2|MFNG|MTOR|MX1|MX2|NFKB1|NFX1|NOTCH1|NOTCH2|NOTCH3|PALS1|PARD3|PARD6B|PARD6G|PATJ|PIK3CA|PIK3CB|PIK3R3|PKM|PPP2R1A|PPP2R1B|PPP2R2A|PPP2R2C|PPP2R2D|PPP2R3A|PPP2R3C|PPP2R5A|PPP2R5C|PPP2R5D|PRKACB|PRKCI|PRKCZ|PSEN1|PTEN|PTGS2|PTK2|PXN|RAF1|RB1|RBL1|RBL2|RBPJ|RELN|RPS6KB1|SOS1|SOS2|SPP1|STAT1|STAT2|TADA3|TBK1|TBP|TBPL1|TBPL2|TCF7L2|THBS1|THBS2|THBS3|THBS4|TLR3|TNC|TNN|TNR|TP53|TRADD|TRAF3|TSC1|TSC2|TYK2|UBE3A|UBR4|VTN|VWF,,0,bonobo:; borangutan:RPS6KB2; chimpanzee:PPP2R2B; gorilla:; human:DVL1|LFNG|P3R3URF-PIK3R3|TCF7|TICAM1|TNXB; sorangutan:PPP2R2C,bonobo:0; borangutan:1; chimpanzee:1; gorilla:0; human:6; sorangutan:1
Hepatitis B,2,bonobo; gorilla,bonobo:92; gorilla:32,bonobo:AKT1|AKT2|AKT3|APAF1|ARAF|ATF2|ATF6B|ATP6AP1|BRAF|CASP10|CASP3|CASP8|CASP9|CCNA1|CCNA2|CCNE1|CCNE2|CHUK|CREB1|CREB3|CREB3L1|CREB3L2|CREB3L3|CREB3L4|CREB5|CREBBP|DDB1|DDX3X|E2F3|EGR3|ELK1|EP300|FAS|FASLG|FOS|HSPG2|IFIH1|IFNAR1|IKBKB|IKBKE|IKBKG|IRAK4|JAK1|JAK2|JAK3|MAP2K1|MAP2K2|MAP2K4|MAP3K1|MAP3K7|MAPK1|MAPK10|MAPK11|MAPK13|MAPK14|MAPK8|MAPK9|NFATC1|NFATC2|NFATC3|NFATC4|NFKB1|PCNA|PIK3CA|PIK3CB|PIK3R1|PIK3R3|PRKCA|PRKCB|PRKCG|PTK2B|RAF1|RB1|RIGI|SMAD4|SOS1|STAT1|STAT2|STAT3|STAT4|TAB1|TAB2|TBK1|TGFB1|TGFB3|TGFBR2|TP53|TRAF3|TRAF6|TYK2|VDAC3|YWHAB; gorilla:AKT3|APAF1|ATF2|CASP10|CASP8|CREB1|CREB3|CREBBP|FASLG|FOS|IFIH1|IRAK4|JAK2|MAP2K1|MAP2K4|MAP3K1|NFATC1|NFATC4|NFKBIA|PIK3R1|PRKCB|SMAD4|SOS1|SOS2|STAT1|STAT2|STAT4|STAT6|TBK1|TGFB3|TLR3|TRAF3,,0,bonobo:AKT1|AKT2|ARAF|ATF6B|ATP6AP1|BRAF|CASP3|CASP9|CCNA1|CCNA2|CCNE1|CCNE2|CHUK|CREB3L1|CREB3L2|CREB3L3|CREB3L4|CREB5|DDB1|DDX3X|E2F3|EGR3|ELK1|EP300|FAS|HSPG2|IFNAR1|IKBKB|IKBKE|IKBKG|JAK1|JAK3|MAP2K2|MAP3K7|MAPK1|MAPK10|MAPK11|MAPK13|MAPK14|MAPK8|MAPK9|NFATC2|NFATC3|NFKB1|PCNA|PIK3CA|PIK3CB|PIK3R3|PRKCA|PRKCG|PTK2B|RAF1|RB1|RIGI|STAT3|TAB1|TAB2|TGFB1|TGFBR2|TP53|TRAF6|TYK2|VDAC3|YWHAB; gorilla:NFKBIA|SOS2|STAT6|TLR3,bonobo:64; gorilla:4
Viral carcinogenesis,1,bonobo,bonobo:94,bonobo:ACTN1|ACTN4|ATF2|ATF6B|C3|CASP3|CASP8|CCNA1|CCNA2|CCND2|CCNE1|CCNE2|CDC20|CDK1|CDK4|CHD4|CHEK1|CREB1|CREB3|CREB3L1|CREB3L2|CREB3L3|CREB3L4|CREB5|CREBBP|DDB1|DDX3X|DLG1|DNAJA3|EGR3|EP300|GTF2A1|GTF2B|GTF2E2|GTF2H1|GTF2H3|GTF2H4|HDAC1|HDAC10|HDAC2|HDAC3|HDAC4|HDAC5|HDAC7|HDAC8|IKBKG|IL6ST|IRF9|JAK1|JAK3|KAT2A|KAT2B|LYN|MAD1L1|MAPK1|MAPKAPK2|MDM2|NFKB1|NFKB2|PIK3CA|PIK3CB|PIK3R1|PIK3R3|PKM|POLB|PRKACB|PXN|RASA2|RB1|RBL1|RBL2|RBPJ|RBPJL|SCIN|SCRIB|SND1|SP100|SRF|STAT3|SYK|TBP|TBPL2|TP53|TRADD|TRAF2|TRAF3|TRAF5|UBE3A|UBR4|USP7|VAC14|VDAC3|YWHAB|YWHAE,,0,bonobo:ACTN1|ACTN4|ATF2|ATF6B|C3|CASP3|CASP8|CCNA1|CCNA2|CCND2|CCNE1|CCNE2|CDC20|CDK1|CDK4|CHD4|CHEK1|CREB1|CREB3|CREB3L1|CREB3L2|CREB3L3|CREB3L4|CREB5|CREBBP|DDB1|DDX3X|DLG1|DNAJA3|EGR3|EP300|GTF2A1|GTF2B|GTF2E2|GTF2H1|GTF2H3|GTF2H4|HDAC1|HDAC10|HDAC2|HDAC3|HDAC4|HDAC5|HDAC7|HDAC8|IKBKG|IL6ST|IRF9|JAK1|JAK3|KAT2A|KAT2B|LYN|MAD1L1|MAPK1|MAPKAPK2|MDM2|NFKB1|NFKB2|PIK3CA|PIK3CB|PIK3R1|PIK3R3|PKM|POLB|PRKACB|PXN|RASA2|RB1|RBL1|RBL2|RBPJ|RBPJL|SCIN|SCRIB|SND1|SP100|SRF|STAT3|SYK|TBP|TBPL2|TP53|TRADD|TRAF2|TRAF3|TRAF5|UBE3A|UBR4|USP7|VAC14|VDAC3|YWHAB|YWHAE,bonobo:94
Motor proteins,6,bonobo; borangutan; chimpanzee; gorilla; human; sorangutan,bonobo:106; borangutan:114; chimpanzee:121; gorilla:41; human:130; sorangutan:120,bonobo:ACTA2|ACTR10|ACTR1B|BICDL1|CAPZA1|CAPZA2|CENPE|DCTN1|DCTN2|DCTN4|DCTN5|DNAH1|DNAH10|DNAH11|DNAH17|DNAH2|DNAH3|DNAH5|DNAH6|DNAH7|DNAH8|DNAH9|DNAI1|DNAI2|DNAI3|DNAL1|DNAL4|DYNC1H1|DYNC1I1|DYNC1I2|DYNC1LI1|DYNC1LI2|DYNC2H1|HOOK3|KIF11|KIF13A|KIF13B|KIF14|KIF15|KIF18A|KIF18B|KIF19|KIF1C|KIF20A|KIF20B|KIF21A|KIF21B|KIF23|KIF24|KIF26A|KIF26B|KIF2A|KIF2C|KIF3A|KIF3C|KIF4A|KIF5A|KIF5B|KIF5C|KIF6|KIF7|KIF9|KIFAP3|KIFC1|KIFC3|KLC1|KLC4|MYH1|MYH10|MYH11|MYH13|MYH14|MYH15|MYH2|MYH3|MYH6|MYH7B|MYH9|MYO10|MYO15B|MYO16|MYO18A|MYO18B|MYO19|MYO1A|MYO1B|MYO1C|MYO1D|MYO1E|MYO1G|MYO1H|MYO3A|MYO3B|MYO5A|MYO5B|MYO5C|MYO6|MYO7A|MYO7B|MYO9A|STARD9|TNNC1|TPM1|TUBB4A|TUBB4B|TUBE1; borangutan:ACTG2|ACTR10|ACTR1B|BAZ2B|BICDL1|CAPZA1|CAPZA2|CENPE|DCTN1|DCTN2|DCTN4|DCTN5|DNAH1|DNAH10|DNAH11|DNAH12|DNAH14|DNAH17|DNAH3|DNAH5|DNAH6|DNAH7|DNAH8|DNAH9|DNAI1|DNAI2|DNAI3|DNAL1|DYNC1H1|DYNC1I1|DYNC1I2|DYNC1LI1|DYNC1LI2|DYNC2H1|DYNLT1|DYNLT3|KIF11|KIF13A|KIF13B|KIF14|KIF15|KIF18A|KIF19|KIF1A|KIF1B|KIF1C|KIF20A|KIF20B|KIF21A|KIF21B|KIF23|KIF26B|KIF27|KIF2A|KIF2C|KIF3A|KIF4A|KIF5A|KIF5B|KIF5C|KIF7|KIF9|KIFAP3|KIFC1|KIFC2|KIFC3|KLC1|KLC4|MYH10|MYH13|MYH14|MYH15|MYH3|MYH6|MYH7B|MYH8|MYH9|MYO10|MYO15A|MYO16|MYO18A|MYO18B|MYO1A|MYO1B|MYO1C|MYO1D|MYO1E|MYO1G|MYO1H|MYO3A|MYO3B|MYO5A|MYO5B|MYO5C|MYO6|MYO7A|MYO7B|MYO9A|MYO9B|STARD9|TNNC1|TNNI2|TPM1|TPM3|TUBB4A|TUBB4B|TUBE1; chimpanzee:ACTA2|ACTC1|ACTG2|ACTR10|BICDL1|CAPZA1|CAPZA2|CENPE|DCTN1|DCTN2|DCTN4|DCTN5|DNAH1|DNAH10|DNAH11|DNAH14|DNAH17|DNAH2|DNAH3|DNAH5|DNAH6|DNAH7|DNAH8|DNAH9|DNAI1|DNAI2|DNAI3|DNAL1|DNAL4|DYNC1H1|DYNC1I1|DYNC1I2|DYNC1LI1|DYNC1LI2|DYNC2H1|DYNC2LI1|DYNLT1|DYNLT3|HOOK3|KIF11|KIF13A|KIF13B|KIF14|KIF15|KIF16B|KIF18A|KIF18B|KIF19|KIF1C|KIF20A|KIF20B|KIF21A|KIF21B|KIF23|KIF26A|KIF26B|KIF2A|KIF2C|KIF3A|KIF3C|KIF4A|KIF5A|KIF5B|KIF5C|KIF6|KIF7|KIF9|KIFAP3|KIFC1|KIFC3|KLC1|KLC4|MYH1|MYH10|MYH11|MYH13|MYH14|MYH15|MYH2|MYH3|MYH4|MYH6|MYH7B|MYH8|MYH9|MYL12A|MYO10|MYO15A|MYO16|MYO18A|MYO18B|MYO19|MYO1A|MYO1B|MYO1D|MYO1E|MYO1H|MYO3A|MYO3B|MYO5A|MYO5B|MYO5C|MYO6|MYO7A|MYO7B|MYO9A|MYO9B|STARD9|TNNC1|TNNI2|TNNT2|TNNT3|TPM1|TPM3|TPM4|TUBB4A|TUBB4B|TUBB8|TUBE1; gorilla:ACTG2|ACTR10|ACTR1B|BICDL1|DCTN1|DCTN2|DCTN5|DNAH6|DNAH7|DNAI1|DNAL1|DYNC1H1|DYNC1I2|DYNC1LI2|KIF14|KIF1C|KIF21A|KIF23|KIF26A|KIF26B|KIF5A|KIFAP3|KIFC3|KLC1|MYH10|MYH11|MYH13|MYH2|MYH3|MYH4|MYH8|MYO10|MYO16|MYO1B|MYO1E|MYO1H|MYO5B|MYO5C|STARD9|TNNT2|TPM1; human:ACTA2|ACTC1|ACTR10|ACTR1B|BICDL1|CAPZA1|CAPZA2|CENPE|DCTN1|DCTN2|DCTN4|DCTN5|DNAH1|DNAH10|DNAH11|DNAH12|DNAH14|DNAH17|DNAH2|DNAH3|DNAH5|DNAH6|DNAH7|DNAH8|DNAH9|DNAI1|DNAI2|DNAI3|DNAI4|DNAL1|DNAL4|DYNC1H1|DYNC1I1|DYNC1I2|DYNC1LI1|DYNC1LI2|DYNC2H1|DYNC2LI1|DYNLRB2|DYNLT1|DYNLT3|HOOK3|KIF11|KIF12|KIF13A|KIF13B|KIF15|KIF16B|KIF17|KIF18A|KIF18B|KIF19|KIF1B|KIF1C|KIF20B|KIF21A|KIF21B|KIF23|KIF24|KIF26A|KIF26B|KIF27|KIF2A|KIF2C|KIF3A|KIF3C|KIF4A|KIF5A|KIF5B|KIF5C|KIF6|KIF7|KIF9|KIFAP3|KIFC1|KIFC2|KIFC3|KLC1|KLC4|MYH1|MYH10|MYH11|MYH13|MYH14|MYH15|MYH2|MYH3|MYH4|MYH6|MYH7B|MYH8|MYH9|MYL12A|MYO10|MYO15A|MYO15B|MYO16|MYO18A|MYO18B|MYO19|MYO1A|MYO1B|MYO1C|MYO1D|MYO1E|MYO1G|MYO1H|MYO3A|MYO3B|MYO5A|MYO5B|MYO5C|MYO6|MYO7A|MYO7B|MYO9A|MYO9B|STARD9|TNNC1|TNNI2|TNNT2|TNNT3|TPM1|TPM3|TPM4|TUBA8|TUBAL3|TUBB4A|TUBB4B|TUBE1; sorangutan:ACTG2|ACTR10|ACTR1B|BAZ2B|BICDL1|CAPZA1|CAPZA2|CENPE|DCTN1|DCTN2|DCTN4|DCTN5|DNAH1|DNAH10|DNAH11|DNAH12|DNAH14|DNAH17|DNAH3|DNAH5|DNAH6|DNAH7|DNAH8|DNAH9|DNAI1|DNAI2|DNAI3|DNAL1|DYNC1H1|DYNC1I1|DYNC1I2|DYNC1LI1|DYNC1LI2|DYNC2H1|DYNLT1|DYNLT3|KIF11|KIF13A|KIF13B|KIF14|KIF15|KIF18A|KIF19|KIF1A|KIF1B|KIF1C|KIF20A|KIF20B|KIF21A|KIF21B|KIF23|KIF26B|KIF27|KIF2A|KIF2C|KIF3A|KIF4A|KIF5A|KIF5B|KIF5C|KIF7|KIF9|KIFAP3|KIFC1|KIFC2|KIFC3|KLC1|KLC4|MYH1|MYH10|MYH13|MYH14|MYH15|MYH2|MYH3|MYH4|MYH6|MYH7B|MYH8|MYH9|MYL12A|MYO10|MYO15A|MYO16|MYO18A|MYO18B|MYO1A|MYO1B|MYO1C|MYO1D|MYO1E|MYO1G|MYO1H|MYO3A|MYO3B|MYO5A|MYO5B|MYO5C|MYO6|MYO7A|MYO7B|MYO9A|MYO9B|STARD9|TNNC1|TNNI1|TNNI2|TPM1|TPM3|TUBA8|TUBB4A|TUBB4B|TUBE1,,0,bonobo:; borangutan:; chimpanzee:TUBB8; gorilla:; human:DNAI4|DYNLRB2|KIF12|KIF17|TUBAL3; sorangutan:TNNI1,bonobo:0; borangutan:0; chimpanzee:1; gorilla:0; human:5; sorangutan:1
Cytoskeleton in muscle cells,6,bonobo; borangutan; chimpanzee; gorilla; human; sorangutan,bonobo:139; borangutan:149; chimpanzee:159; gorilla:55; human:161; sorangutan:149,bonobo:ACTG2|ACTN2|ACTN3|AMPD2|AMPD3|ANK2|ANK3|ANKRD1|ANKRD2|ATP1A1|ATP1A2|ATP1A3|ATP1A4|ATP1B1|ATP1B3|ATP1B4|CAPZA1|CAPZA2|COL11A1|COL11A2|COL1A1|COL1A2|COL24A1|COL27A1|COL3A1|COL4A1|COL4A2|COL4A3|COL4A4|COL4A5|COL4A6|COL5A1|COL5A2|COL5A3|COL6A1|COL6A2|COL6A5|COL9A1|COL9A2|COL9A3|COMP|CSRP1|DAAM1|DAAM2|DES|DIAPH2|DIAPH3|DSC2|DSG2|DSP|ENO1|FHL2|FLNC|FMNL1|FMNL2|FMNL3|FN1|HSPG2|INF2|ITGA1|ITGA11|ITGA2|ITGA2B|ITGA4|ITGA5|ITGA6|ITGA7|ITGA8|ITGA9|ITGAV|ITGB1|ITGB3|ITGB4|ITGB5|ITGB6|ITGB7|ITGB8|JUP|LAMA1|LAMA2|LBR|LMNA|LMNB1|LMNB2|LMOD2|LMOD3|MYBPC1|MYBPC2|MYBPC3|MYH1|MYH10|MYH11|MYH13|MYH14|MYH15|MYH2|MYH3|MYH6|MYH7B|MYH9|MYOM1|MYOM2|MYOT|MYPN|NEBL|NRAP|OBSCN|PDLIM1|PDLIM4|SDC3|SDC4|SGCB|SGCG|SPTAN1|SPTBN1|SPTBN2|SPTBN4|SUN1|SUN2|SYNE1|SYNE3|THBS1|THBS2|THBS3|THBS4|TLN1|TLN2|TMOD1|TMOD2|TMOD3|TMOD4|TNNC1|TPM1|TRIM54|TRIM55|TRIM63|VCL|VIM|ZYX; borangutan:ACTG2|ACTN2|ACTN3|AMPD2|AMPD3|ANKRD1|ANKRD2|ATP1A1|ATP1A2|ATP1A4|ATP1B1|ATP1B4|BAZ2B|CAPZA1|CAPZA2|COL11A1|COL11A2|COL1A1|COL1A2|COL24A1|COL27A1|COL3A1|COL4A1|COL4A2|COL4A3|COL4A4|COL4A5|COL4A6|COL5A1|COL5A2|COL5A3|COL6A1|COL6A2|COL6A3|COL6A5|COL6A6|COL9A1|COL9A2|COL9A3|COMP|CSRP1|DAAM2|DES|DIAPH1|DIAPH2|DIAPH3|DSC2|DSG2|DSP|ENO1|FHL1|FHL2|FLNC|FMNL1|FMNL2|FMNL3|FN1|HSPG2|ITGA1|ITGA10|ITGA11|ITGA2B|ITGA4|ITGA5|ITGA6|ITGA7|ITGA8|ITGA9|ITGAV|ITGB1|ITGB3|ITGB4|ITGB5|ITGB6|ITGB7|ITGB8|JUP|LAMA1|LAMA2|LBR|LMNA|LMNB1|LMNB2|LMOD2|LMOD3|MYBPC1|MYBPC2|MYBPC3|MYBPH|MYH10|MYH13|MYH14|MYH15|MYH3|MYH6|MYH7B|MYH8|MYH9|MYOM1|MYOM2|MYOT|MYPN|NEB|NEBL|NRAP|OBSCN|PDLIM1|PDLIM4|SDC1|SDC3|SDC4|SGCB|SGCE|SGCG|SGCZ|SPTAN1|SPTBN1|SPTBN2|SPTBN4|SPTBN5|SUN1|SUN2|SYNE1|SYNE2|SYNE3|THBS1|THBS2|THBS3|THBS4|TLN1|TLN2|TMOD1|TMOD2|TMOD3|TNNC1|TNNI2|TPM1|TPM3|TRIM54|TRIM55|TRIM63|TTN|VCL|VIM|ZYX; chimpanzee:ACTC1|ACTG2|ACTN2|ACTN3|AMPD2|AMPD3|ANK2|ANK3|ANKRD1|ANKRD2|ATP1A1|ATP1A2|ATP1A3|ATP1A4|ATP1B1|ATP1B3|ATP1B4|CAPZA1|CAPZA2|COL11A1|COL11A2|COL1A1|COL1A2|COL24A1|COL27A1|COL3A1|COL4A1|COL4A2|COL4A3|COL4A4|COL4A5|COL4A6|COL5A1|COL5A2|COL5A3|COL6A2|COL6A3|COL6A5|COL6A6|COL9A1|COL9A2|COL9A3|COMP|CSRP1|DAAM1|DAAM2|DES|DIAPH1|DIAPH2|DIAPH3|DMD|DSC2|DSG2|DSP|DTNA|ENO1|FHL2|FLNC|FMNL1|FMNL2|FMNL3|FN1|HSPG2|INF2|ITGA1|ITGA10|ITGA11|ITGA2|ITGA2B|ITGA4|ITGA5|ITGA6|ITGA7|ITGA8|ITGA9|ITGAV|ITGB1|ITGB3|ITGB4|ITGB5|ITGB6|ITGB7|JUP|LAMA1|LAMA2|LBR|LMNA|LMNB1|LMNB2|LMOD2|LMOD3|MYBPC1|MYBPC2|MYBPC3|MYH1|MYH10|MYH11|MYH13|MYH14|MYH15|MYH2|MYH3|MYH4|MYH6|MYH7B|MYH8|MYH9|MYOM1|MYOM2|MYOT|MYPN|NEB|NEBL|NRAP|OBSCN|PDLIM1|PDLIM4|PDLIM5|SDC4|SGCB|SGCE|SGCG|SGCZ|SPTAN1|SPTBN1|SPTBN2|SPTBN4|SPTBN5|SUN2|SYNE1|SYNE2|SYNE3|THBS1|THBS3|THBS4|TLN1|TLN2|TMOD1|TMOD2|TMOD3|TMOD4|TNNC1|TNNI2|TNNT2|TNNT3|TPM1|TPM3|TPM4|TRIM54|TRIM55|TRIM63|TTN|VCL|VIM|XIRP2; gorilla:ACTG2|ACTN2|AMPD2|ATP1A1|ATP1A2|ATP1A4|ATP1B1|COL27A1|COL3A1|COL4A1|COL4A2|COL5A1|COL5A2|COL6A3|DAAM1|DIAPH3|DSC2|DSG2|FMNL2|FMNL3|FN1|ITGA1|ITGA10|ITGA2|ITGA4|ITGA5|ITGA6|ITGA7|ITGB6|ITGB7|LAMA1|LBR|LMNA|MYBPC1|MYH10|MYH11|MYH13|MYH2|MYH3|MYH4|MYH8|SGCG|SPTAN1|SPTBN1|SYNE3|THBS1|THBS3|THBS4|TMOD1|TMOD2|TMOD3|TMOD4|TNNT2|TPM1|TRIM54; human:ACTC1|ACTN2|ACTN3|AMPD2|AMPD3|ANK2|ANK3|ANKRD1|ANKRD2|ATP1A1|ATP1A2|ATP1A3|ATP1A4|ATP1B1|ATP1B3|ATP1B4|CAPZA1|CAPZA2|COL11A1|COL11A2|COL1A1|COL1A2|COL24A1|COL27A1|COL3A1|COL4A1|COL4A2|COL4A3|COL4A4|COL4A5|COL4A6|COL5A1|COL5A2|COL5A3|COL6A1|COL6A2|COL6A3|COL6A5|COL6A6|COL9A1|COL9A2|COL9A3|COMP|CSRP1|DAAM1|DAAM2|DES|DIAPH1|DIAPH2|DIAPH3|DMD|DSC2|DSG2|DSP|DTNA|ENO1|FHL1|FLNC|FMN2|FMNL1|FMNL2|FMNL3|FN1|HSPG2|INF2|ITGA1|ITGA10|ITGA11|ITGA2|ITGA2B|ITGA4|ITGA5|ITGA6|ITGA7|ITGA8|ITGA9|ITGAV|ITGB1|ITGB3|ITGB4|ITGB5|ITGB6|ITGB7|ITGB8|JUP|LAMA1|LAMA2|LBR|LMNA|LMNB1|LMNB2|LMOD1|LMOD2|LMOD3|MYBPC1|MYBPC2|MYBPC3|MYH1|MYH10|MYH11|MYH13|MYH14|MYH15|MYH2|MYH3|MYH4|MYH6|MYH7B|MYH8|MYH9|MYOM1|MYOM2|MYOT|MYPN|NEB|NEBL|NRAP|OBSCN|PDLIM1|PDLIM4|PDLIM5|SDC4|SGCB|SGCE|SGCG|SGCZ|SPTAN1|SPTBN1|SPTBN2|SPTBN4|SPTBN5|SUN1|SUN2|SYNE1|SYNE2|SYNE3|THBS1|THBS2|THBS3|THBS4|TLN1|TLN2|TMOD1|TMOD2|TMOD3|TMOD4|TNNC1|TNNI2|TNNT2|TNNT3|TPM1|TPM3|TPM4|TRIM54|TRIM55|TRIM63|TTN|VCL|VIM|XIRP2|ZYX; sorangutan:ACTG2|ACTN2|ACTN3|AMPD2|AMPD3|ANKRD1|ANKRD2|ATP1A1|ATP1A2|ATP1A4|ATP1B1|ATP1B4|BAZ2B|CAPZA1|CAPZA2|COL11A1|COL11A2|COL1A1|COL1A2|COL24A1|COL27A1|COL3A1|COL4A1|COL4A2|COL4A3|COL4A4|COL4A5|COL4A6|COL5A1|COL5A2|COL5A3|COL6A1|COL6A2|COL6A3|COL6A5|COL6A6|COL9A1|COL9A2|COMP|CSRP1|DAAM2|DES|DIAPH2|DIAPH3|DSC2|DSG2|DSP|ENO1|FHL1|FHL2|FLNC|FMNL2|FMNL3|FN1|HSPG2|ITGA1|ITGA10|ITGA11|ITGA2B|ITGA4|ITGA5|ITGA6|ITGA7|ITGA8|ITGA9|ITGAV|ITGB1|ITGB3|ITGB4|ITGB5|ITGB6|ITGB7|ITGB8|JUP|LAMA1|LAMA2|LBR|LMNA|LMNB1|LMNB2|LMOD2|LMOD3|MYBPC1|MYBPC2|MYBPC3|MYH1|MYH10|MYH13|MYH14|MYH15|MYH2|MYH3|MYH4|MYH6|MYH7B|MYH8|MYH9|MYOM1|MYOM2|MYOT|MYPN|NEB|NEBL|NRAP|OBSCN|PDLIM1|PDLIM4|SDC1|SDC3|SDC4|SGCB|SGCE|SGCG|SGCZ|SPTAN1|SPTBN1|SPTBN2|SPTBN4|SPTBN5|SUN1|SUN2|SYNE1|SYNE2|SYNE3|THBS1|THBS2|THBS3|THBS4|TLN1|TLN2|TMOD1|TMOD2|TMOD3|TNNC1|TNNI1|TNNI2|TPM1|TPM3|TRIM54|TRIM55|TRIM63|TTN|VCL|VIM|ZYX,,0,bonobo:; borangutan:MYBPH; chimpanzee:; gorilla:; human:FMN2|LMOD1; sorangutan:TNNI1,bonobo:0; borangutan:1; chimpanzee:0; gorilla:0; human:2; sorangutan:1
Metabolic pathways,5,bonobo; borangutan; chimpanzee; human; sorangutan,bonobo:703; borangutan:748; chimpanzee:815; human:847; sorangutan:778,bonobo:AACS|AADAT|AASDHPPT|AASS|ABAT|ABHD16A|ACAA2|ACACA|ACACB|ACAD8|ACADL|ACADM|ACADS|ACADSB|ACADVL|ACAT2|ACER3|ACLY|ACMSD|ACO1|ACO2|ACOT12|ACOT8|ACOX1|ACOX2|ACOX3|ACP2|ACSF3|ACSL1|ACSL3|ACSL4|ACSL5|ACSL6|ACSM3|ACSM4|ACSM6|ACSS1|ACSS2|ACSS3|ADCY1|ADCY10|ADCY2|ADCY3|ADCY5|ADCY6|ADCY7|ADCY8|ADCY9|ADH4|ADH5|ADH6|ADH7|ADI1|ADK|ADSL|ADSS2|AGK|AGL|AGMAT|AGPAT3|AGPAT5|AGPS|AHCY|AHCYL2|AK2|AK4|AK7|AK8|AK9|AKR1A1|AKR1B10|AKR1C3|AKR1C4|AKR1D1|ALAD|ALAS1|ALDH18A1|ALDH1A1|ALDH1A2|ALDH1A3|ALDH1L1|ALDH1L2|ALDH2|ALDH3A2|ALDH4A1|ALDH6A1|ALDH7A1|ALDH9A1|ALDOB|ALG1|ALG13|ALG14|ALG3|ALG5|ALG8|ALG9|ALLC|ALOX12B|ALOX15|ALPL|AMDHD1|AMPD2|AMPD3|AMT|ANPEP|AOX1|ARG2|ASH1L|ASNS|ASS1|ATIC|ATP12A|ATP4B|ATP5F1A|ATP5F1B|ATP5MC1|ATP5MC3|ATP5PD|ATP6AP1|ATP6V0A1|ATP6V0A2|ATP6V0A4|ATP6V1A|ATP6V1B1|ATP6V1B2|ATP6V1C1|ATP6V1C2|ATP6V1E1|ATP6V1H|B3GALNT2|B3GAT1|B3GAT3|B4GALNT1|B4GALNT2|B4GALNT3|B4GALT4|B4GALT5|B4GALT7|BBOX1|BCAT1|BDH1|BHMT|BPNT1|BST1|CA1|CA13|CA14|CA2|CA7|CA9|CAD|CAMKMT|CARNMT1|CAT|CD38|CDS1|CDS2|CEL|CEPT1|CERK|CERS1|CERS5|CERS6|CHAC1|CHDH|CHIA|CHKA|CHKB|CHPF2|CKMT2|CMAS|CNDP1|COLGALT2|COQ2|COQ3|COQ6|CPS1|CRLS1|CRPPA|CRYL1|CS|CSAD|CSGALNACT1|CTH|CTPS1|CTPS2|DBT|DCT|DCTD|DCXR|DDC|DDOST|DERA|DGKA|DGKB|DGKD|DGKE|DGKG|DGKH|DGKI|DGKK|DGKZ|DGUOK|DHODH|DHRS4|DHTKD1|DLAT|DLD|DLST|DMGDH|DNMT1|DNMT3A|DNMT3B|DOT1L|DPYD|DPYS|EHHADH|EHMT1|EHMT2|ELOVL1|ELOVL2|ELOVL3|ELOVL5|ENO1|ENOSF1|ENPP1|ENPP2|ENPP3|ENPP6|ENTPD1|ENTPD2|ENTPD4|ENTPD5|ENTPD6|EPHX2|EPRS1|ESD|ETNK2|ETNPPL|EXT1|EXT2|EXTL1|EZH1|EZH2|FADS1|FASN|FBP1|FBP2|FCSK|FDFT1|FDPS|FECH|FH|FIG4|FKTN|FMO3|FMO4|FPGS|G6PD|GAA|GAD1|GAD2|GALC|GALK2|GALNS|GALNT1|GALNT10|GALNT11|GALNT12|GALNT13|GALNT16|GALNT17|GALNT2|GALNT3|GALNT5|GALNT7|GALNT8|GALNTL6|GANAB|GART|GATB|GATM|GBA1|GBA2|GBE1|GCLC|GCLM|GCNT2|GDA|GDPD1|GFPT1|GFPT2|GFUS|GGCT|GGT5|GK|GLB1|GLDC|GLO1|GLS|GLS2|GLUL|GMDS|GMPR|GMPS|GNE|GNS|GOT2|GPAM|GPAT3|GPAT4|GPHN|GPI|GPLD1|GPT2|GSR|GSTA4|GSTO1|GSTO2|GUCY1A1|GUCY1B1|GUCY2C|GUCY2D|GUCY2F|GUSB|GYG2|GYS1|GYS2|HACD3|HACD4|HADHA|HAL|HAO1|HAO2|HDC|HEXB|HGD|HK1|HK2|HKDC1|HLCS|HMGCL|HMGCLL1|HMGCR|HMOX1|HNMT|HPD|HPGDS|HPRT1|HPSE|HPSE2|HSD17B11|HSD17B12|HSD17B3|HSD17B4|HSD17B7|HSD17B8|HYAL2|HYKK|IDH3A|IDH3B|IDH3G|IDO1|IDO2|IMPA1|IMPDH2|INPP4A|INPP4B|INPP5A|INPP5B|INPP5D|INPP5J|INPP5K|ITPKB|IVD|KDSR|KIF1B|KL|KMO|KMT2A|KMT2C|KMT2D|KMT2E|KMT5B|KYAT1|KYAT3|KYNU|L2HGDH|LACC1|LANCL1|LAP3|LBR|LCLAT1|LDHA|LDHAL6A|LDHC|LIAS|LIPF|LIPG|LPCAT2|LPCAT4|LPIN1|LPIN2|LSS|LTA4H|MAN1A1|MAN1A2|MAN1B1|MAN2A1|MAN2A2|MAOA|MAOB|MARS1|MAT2A|MAT2B|MCCC1|MCCC2|MDH1|MDH2|ME1|ME3|MECOM|MGAM|MGAM2|MGAT3|MGAT4A|MGAT4C|MGAT4D|MGAT5|MGLL|MGST1|MGST3|MINPP1|MMUT|MOCOS|MOCS1|MOGAT1|MPI|MSMO1|MTAP|MTFMT|MTHFD1|MTHFD1L|MTM1|MTMR1|MTMR14|MTMR2|MTMR3|MTMR4|MTMR6|MTMR7|MTMR8|MTR|MVK|NAGK|NANS|NDST1|NDST2|NDST3|NDUFA5|NDUFA8|NDUFA9|NDUFB5|NDUFS1|NDUFS2|NDUFS3|NDUFS4|NDUFV1|NEU2|NME7|NMNAT2|NNT|NOS1|NOS2|NPL|NPR1|NPR2|NSD1|NSD2|NSD3|NT5C2|NT5C3B|NT5E|NUDT13|NUDT5|NUDT9|OAT|OCRL|ODC1|OGDH|OGDHL|OTC|OXCT1|P4HA1|P4HA2|P4HA3|PAFAH1B1|PAFAH1B2|PAH|PANK3|PAPSS1|PAPSS2|PC|PCBD1|PCBD2|PCCA|PCCB|PCYT1A|PCYT1B|PDE1A|PDE2A|PDE3A|PDE3B|PDE4A|PDE4B|PDE4C|PDE4D|PDE5A|PDE6A|PDE6C|PDE7A|PDE7B|PDE8A|PDE8B|PDE9A|PDHA1|PDHB|PDHX|PEMT|PFAS|PFKFB1|PFKFB4|PFKM|PFKP|PGAM1|PGAP1|PGAP2|PGAP3|PGM1|PGM2|PGM2L1|PGM3|PGS1|PI4K2B|PI4KB|PIGB|PIGF|PIGK|PIGN|PIGO|PIGS|PIGT|PIGU|PIK3C2A|PIK3C2B|PIK3C2G|PIK3C3|PIK3CA|PIK3CB|PIK3CG|PIKFYVE|PIP4K2B|PIP4K2C|PIP5K1A|PIP5K1B|PIPOX|PKLR|PKM|PLA2G4A|PLA2G4C|PLA2G4D|PLA2G4E|PLA2G4F|PLA2G7|PLB1|PLCB1|PLCB2|PLCB3|PLCB4|PLCD1|PLCD3|PLCD4|PLCE1|PLCG2|PLCH1|PLCH2|PLCZ1|PLD1|PLD2|PLOD2|PLOD3|PLPP3|PMM1|PMM2|PNLIP|PNLIPRP3|PNPLA3|PNPLA4|PNPO|POMGNT1|POMT1|PPAT|PPOX|PPT1|PRDM16|PRODH2|PRPS1|PRPS2|PRUNE1|PSAT1|PTDSS1|PTDSS2|PTGS2|PTS|PYCR2|PYGB|PYGL|PYGM|QRSL1|RBKS|RENBP|RFK|RPE65|RPIA|RPN1|RPN2|RRM1|RRM2|RRM2B|SACM1L|SARDH|SARM1|SAT2|SCP2|SDHA|SDR16C5|SDSL|SELENBP1|SELENOI|SEPHS1|SETD1B|SETD2|SGPL1|SGPP2|SI|SIRT1|SIRT2|SIRT3|SIRT5|SIRT7|SLC27A5|SLC33A1|SMPD2|SMYD1|SMYD2|SMYD3|SPHK2|SPTLC2|SQLE|SQOR|ST3GAL3|ST3GAL4|ST3GAL5|ST6GAL2|ST6GALNAC1|ST6GALNAC3|ST8SIA1|STT3A|STT3B|SUCLA2|SUCLG1|SUCLG2|SULT1E1|SUOX|SUV39H1|SUV39H2|SYNJ1|SYNJ2|TAT|TCIRG1|TGDS|THEM4|TK1|TK2|TPH1|TPI1|TPK1|TREH|TRIT1|TXNDC12|TYMS|TYRP1|UGCG|UGDH|UGP2|UMPS|UROD|USP19|UXS1|VNN1|VNN2|XDH|XYLB; borangutan:AACS|AADAT|AASDHPPT|AASS|ABAT|ABHD16A|ACAA2|ACACA|ACACB|ACAD8|ACADM|ACADS|ACADSB|ACADVL|ACAT2|ACER3|ACLY|ACMSD|ACO1|ACO2|ACOT8|ACOX1|ACOX2|ACOX3|ACP1|ACP2|ACSF3|ACSL1|ACSL3|ACSL4|ACSL5|ACSL6|ACSM3|ACSM4|ACSM5|ACSM6|ACSS1|ACSS2|ACSS3|ACY1|ADCY1|ADCY10|ADCY2|ADCY3|ADCY5|ADCY6|ADCY8|ADCY9|ADH4|ADH5|ADH6|ADH7|ADK|ADSS1|ADSS2|AGK|AGL|AGMAT|AGPAT3|AGPAT5|AGPS|AHCY|AHCYL2|AK2|AK4|AK7|AK8|AK9|AKR1A1|AKR1B10|AKR1C4|AKR1C8|AKR1D1|ALAD|ALAS1|ALDH18A1|ALDH1A1|ALDH1A3|ALDH1L2|ALDH2|ALDH3A2|ALDH3B2|ALDH4A1|ALDH5A1|ALDH6A1|ALDH9A1|ALDOB|ALG13|ALG14|ALG3|ALG5|ALG8|ALLC|ALOX12B|ALOX15|ALOXE3|ALPL|AMDHD1|AMPD2|AMPD3|AMT|ANPEP|APIP|ARG1|ARG2|ASAH1|ASH1L|ASL|ASNS|ASS1|ATIC|ATP12A|ATP4B|ATP5F1A|ATP5F1B|ATP5MC1|ATP5MC2|ATP5MC3|ATP5PB|ATP5PD|ATP6V0A1|ATP6V0A2|ATP6V1A|ATP6V1B1|ATP6V1B2|ATP6V1C1|ATP6V1C2|ATP6V1D|ATP6V1E1|ATP6V1H|AUH|AZIN2|B3GALNT2|B3GAT1|B3GAT2|B3GAT3|B4GALNT1|B4GALNT2|B4GALNT3|B4GALT4|B4GALT5|B4GALT7|BBOX1|BCAT1|BHMT|BHMT2|BPNT1|BST1|CA14|CA5B|CA7|CA9|CAD|CAMKMT|CAT|CD38|CDS2|CEPT1|CERK|CERS1|CERS3|CERS5|CERS6|CHAC1|CHDH|CHIA|CHKA|CHKB|CHPF2|CHPT1|CHST10|CKMT2|CMAS|CMPK1|CNDP1|CNDP2|COLGALT2|COQ2|COQ3|CPS1|CRLS1|CRPPA|CRYL1|CS|CSAD|CSGALNACT1|CTH|CTPS1|CTPS2|DBT|DCT|DCXR|DDC|DDOST|DEGS1|DERA|DGKA|DGKB|DGKD|DGKE|DGKG|DGKH|DGKI|DGKK|DGKZ|DGUOK|DHODH|DHTKD1|DLAT|DLD|DLST|DMGDH|DNMT1|DNMT3A|DNMT3B|DPYD|DPYS|EHHADH|EHMT1|EHMT2|ELOVL1|ELOVL2|ELOVL5|ELOVL7|ENO1|ENOSF1|ENPP1|ENPP2|ENPP3|ENTPD1|ENTPD5|ENTPD6|EPHX2|EPRS1|ESD|ETNPPL|EXT1|EXT2|EXTL1|EZH1|EZH2|FAH|FASN|FBP1|FBP2|FCSK|FDFT1|FDPS|FECH|FH|FIG4|FOLH1|FPGS|FPGT|G6PD|GAA|GAD1|GAD2|GALC|GALE|GALK2|GALNS|GALNT1|GALNT10|GALNT11|GALNT12|GALNT13|GALNT16|GALNT17|GALNT2|GALNT3|GALNT5|GALNT7|GALNT8|GALNT9|GALNTL5|GANAB|GANC|GAPDH|GART|GATB|GATM|GBA1|GBA2|GBE1|GCLC|GCLM|GCNT2|GDA|GDPD1|GFPT1|GFPT2|GFUS|GGCT|GK|GLB1|GLDC|GLO1|GLS|GLS2|GLUD1|GMDS|GNE|GNS|GOT2|GPAM|GPAT3|GPAT4|GPHN|GPI|GPLD1|GPT2|GSR|GSTK1|GSTM3|GSTO1|GUCY1A1|GUCY1A2|GUCY1B1|GUCY2C|GUCY2D|GUCY2F|GYG2|GYS1|GYS2|HACD2|HACD3|HACD4|HADHA|HADHB|HAL|HAO1|HAO2|HDC|HDDC2|HEXB|HGD|HGSNAT|HIBCH|HK1|HK2|HKDC1|HLCS|HMGCLL1|HMGCR|HMOX1|HMOX2|HNMT|HPD|HPGDS|HPRT1|HPSE|HPSE2|HSD17B11|HSD17B12|HSD17B3|HSD17B4|HSD17B8|HYAL2|HYI|HYKK|IDH3A|IDH3B|IDH3G|IDI1|IDO1|IDO2|IDS|IL11RA|IMPA1|IMPDH2|INPP4A|INPP4B|INPP5A|INPP5B|INPP5D|INPP5F|INPP5J|ITPKB|IVD|KDSR|KL|KMO|KMT2A|KMT2E|KMT5A|KMT5B|KYNU|L2HGDH|L3HYPDH|LACC1|LANCL1|LAP3|LARGE1|LBR|LCLAT1|LDHAL6A|LDHC|LIAS|LIPF|LIPG|LOXL2|LPCAT2|LPCAT4|LPIN1|LPIN2|LSS|LTA4H|MAN1A1|MAN1A2|MAN1B1|MAN2A1|MAN2A2|MAOA|MAOB|MARS1|MAT2A|MAT2B|MCCC1|MCCC2|MDH1|MDH2|ME1|ME3|MECOM|MGAM2|MGAT4A|MGAT4C|MGAT4D|MGAT5|MGLL|MGST1|MGST3|MINPP1|MMUT|MOCOS|MOCS1|MSMO1|MTAP|MTFMT|MTHFD1|MTHFD1L|MTM1|MTMR1|MTMR14|MTMR2|MTMR3|MTMR4|MTMR6|MTMR7|MTMR8|MTR|MVK|NADK2|NAGK|NAMPT|NANS|NDST1|NDST2|NDUFA10|NDUFA5|NDUFA8|NDUFA9|NDUFAB1|NDUFB4|NDUFB5|NDUFS1|NDUFS2|NDUFS3|NDUFS4|NDUFV1|NDUFV2|NEU3|NFS1|NIT2|NME7|NMNAT2|NNT|NOS1|NOS2|NPL|NPR1|NPR2|NSD1|NSD2|NSD3|NT5C1A|NT5C2|NT5C3A|NT5C3B|NT5E|NUDT13|NUDT5|NUDT9|OAT|OCRL|ODC1|OGDH|OGDHL|OPLAH|OTC|OXCT1|P4HA1|P4HA2|P4HA3|PAFAH1B1|PAFAH1B2|PAH|PAICS|PANK1|PANK3|PAPSS1|PAPSS2|PCBD1|PCBD2|PCCA|PCCB|PCYT1A|PCYT1B|PCYT2|PDE10A|PDE11A|PDE1A|PDE1B|PDE2A|PDE3A|PDE3B|PDE4A|PDE4B|PDE4C|PDE4D|PDE5A|PDE6A|PDE6B|PDE6C|PDE7A|PDE7B|PDE8A|PDE8B|PDE9A|PDHA1|PDHB|PDHX|PEMT|PFAS|PFKFB1|PFKFB3|PFKFB4|PFKM|PFKP|PGAM1|PGAP1|PGAP2|PGAP3|PGD|PGK1|PGM1|PGM2|PGM2L1|PGM3|PGS1|PI4K2A|PI4K2B|PI4KA|PI4KB|PIGB|PIGF|PIGG|PIGK|PIGN|PIGO|PIGS|PIGT|PIGU|PIK3C2A|PIK3C2G|PIK3C3|PIK3CA|PIK3CB|PIK3CG|PIKFYVE|PIP4K2A|PIP4K2B|PIP4K2C|PIP5K1A|PIPOX|PKLR|PKM|PLA2G4A|PLA2G4C|PLA2G4D|PLA2G4E|PLA2G4F|PLA2G6|PLA2G7|PLB1|PLCB1|PLCB2|PLCB3|PLCB4|PLCD1|PLCD3|PLCD4|PLCE1|PLCG2|PLCH1|PLCH2|PLCZ1|PLD1|PLD2|PLOD2|PLOD3|PLPP1|PLPP3|PMM2|PNLIPRP3|PNPLA4|PNPO|POMGNT1|POMT1|PPAT|PPOX|PPT1|PRDM16|PRODH2|PRPS1|PRPS2|PRUNE1|PSAT1|PTDSS1|PTDSS2|PTEN|PTGES3|PTGS2|PTS|PYCR2|PYGB|PYGL|QARS1|QRSL1|RENBP|RFK|RPE|RPE65|RPIA|RPN1|RPN2|RRM1|RRM2|RRM2B|SACM1L|SARDH|SARM1|SCP2|SDHA|SDR16C5|SDSL|SELENBP1|SEPHS1|SEPSECS|SETD1A|SETD1B|SETD2|SGPL1|SGPP1|SGPP2|SI|SIRT1|SIRT3|SIRT5|SIRT6|SIRT7|SLC27A5|SLC33A1|SMPD1|SMPD2|SMPD4|SMS|SMYD1|SMYD2|SMYD3|SPHK2|SPTLC1|SPTLC2|SQLE|SQOR|ST3GAL4|ST3GAL5|ST6GAL2|ST6GALNAC1|ST6GALNAC3|ST8SIA1|STT3A|STT3B|SUCLA2|SUCLG2|SULT1E1|SUV39H1|SUV39H2|SYNJ2|TAT|TBXAS1|TECR|TGDS|THEM4|TK1|TK2|TKTL1|TMEM38B|TNRC6B|TPH1|TPI1|TPK1|TREH|TRIT1|TXNDC12|TYMS|TYRP1|UCKL1|UGCG|UGDH|UGP2|UMPS|UROD|UXS1|XDH|XYLB; chimpanzee:AACS|AADAT|AASDHPPT|AASS|ABHD16A|ACAA2|ACACA|ACACB|ACAD8|ACADL|ACADS|ACADSB|ACADVL|ACAT2|ACER3|ACLY|ACMSD|ACO1|ACO2|ACOT12|ACOT8|ACOX1|ACOX2|ACOX3|ACP1|ACP2|ACSF3|ACSL1|ACSL3|ACSL4|ACSL5|ACSL6|ACSM3|ACSM4|ACSM5|ACSM6|ACSS1|ACSS2|ACSS3|ACY1|ADCY10|ADCY2|ADCY3|ADCY5|ADCY6|ADCY7|ADCY8|ADCY9|ADH1B|ADH4|ADH5|ADH6|ADH7|ADI1|ADK|ADSL|ADSS1|ADSS2|AGL|AGMAT|AGPAT3|AGPS|AHCY|AHCYL1|AK2|AK4|AK7|AK8|AK9|AKR1A1|AKR1B1|AKR1B10|AKR1B15|AKR1C2|AKR1C3|AKR1C4|AKR1D1|ALAD|ALAS1|ALDH18A1|ALDH1A1|ALDH1A2|ALDH1A3|ALDH1L1|ALDH1L2|ALDH2|ALDH4A1|ALDH5A1|ALDH6A1|ALDH7A1|ALDH9A1|ALDOB|ALG1|ALG10|ALG10B|ALG14|ALG3|ALG5|ALG8|ALG9|ALLC|ALOX12B|ALOX15|ALPL|AMDHD1|AMPD2|AMPD3|AMT|AMY1C|AMY2A|AMY2B|AOX1|APIP|ARG1|ARG2|ASAH1|ASH1L|ASS1|ATIC|ATP4B|ATP5F1A|ATP5F1B|ATP5MC1|ATP5MC2|ATP5MC3|ATP5PB|ATP5PD|ATP6AP1|ATP6V0A1|ATP6V0A2|ATP6V1A|ATP6V1B1|ATP6V1B2|ATP6V1C1|ATP6V1C2|ATP6V1D|ATP6V1E1|ATP6V1H|AUH|AZIN2|B3GALNT2|B3GAT1|B3GAT2|B3GAT3|B4GALNT1|B4GALNT2|B4GALNT3|B4GALT4|B4GALT5|B4GALT7|BBOX1|BCAT1|BDH1|BHMT2|BPNT1|BST1|CA1|CA13|CA14|CA2|CA5B|CA7|CA9|CAD|CAMKMT|CARNMT1|CAT|CD38|CDS1|CDS2|CELF6|CEPT1|CERK|CERS1|CERS5|CERS6|CHAC1|CHDH|CHIA|CHIT1|CHKA|CHKB|CHPT1|CKMT2|CMAS|CMPK1|CNDP1|CNDP2|COLGALT2|COQ2|COQ3|COQ6|COX10|COX11|COX15|COX7A2|CPS1|CRLS1|CRYL1|CS|CSAD|CSGALNACT1|CTH|CTPS1|CYP24A1|CYP26A1|CYP2C19|CYP2C8|CYP2C9|CYP2E1|CYP2J2|CYP3A4|CYP3A5|CYP3A7|CYP4F2|CYP4F3|DBT|DCK|DCTD|DCXR|DDC|DDOST|DECR2|DERA|DGKA|DGKB|DGKD|DGKE|DGKG|DGKH|DGKI|DGKK|DGKZ|DGUOK|DHODH|DHRS4L1|DHTKD1|DLAT|DLD|DLST|DMGDH|DNMT3A|DNMT3B|DOT1L|DPYD|DPYS|DSE|EHHADH|EHMT2|ELOVL1|ELOVL2|ELOVL3|ELOVL5|ENO1|ENOSF1|ENPP1|ENPP2|ENPP3|ENTPD1|ENTPD4|ENTPD5|ENTPD6|EPHX2|EPRS1|ESD|ETNK2|ETNPPL|EXT1|EXT2|EXTL1|EZH1|EZH2|FADS1|FAH|FASN|FBP1|FBP2|FCSK|FDFT1|FDPS|FECH|FH|FHIT|FIG4|FKTN|FMO3|FMO4|FPGS|G6PD|GAA|GAD1|GAD2|GALC|GALK2|GALNS|GALNT1|GALNT10|GALNT12|GALNT13|GALNT16|GALNT17|GALNT2|GALNT3|GALNT5|GALNT7|GALNT8|GALNTL6|GANAB|GAPDH|GATB|GATM|GBA1|GBA2|GBE1|GCLC|GCLM|GCNT2|GCSH|GDA|GDPD1|GFPT1|GFPT2|GFUS|GGCT|GGT5|GLB1|GLDC|GLO1|GLS|GLS2|GLUD1|GLUL|GMDS|GMPR|GMPR2|GMPS|GNE|GNS|GOT2|GPAM|GPAT2|GPAT3|GPAT4|GPHN|GPI|GPLD1|GPT2|GSR|GSTA4|GSTM3|GSTO1|GSTO2|GUCY1A1|GUCY1A2|GUCY1B1|GUCY2C|GUCY2D|GUCY2F|GUK1|GYG2|GYS1|GYS2|HACD2|HACD3|HACD4|HADH|HADHA|HAL|HAO1|HAO2|HCCS|HDC|HDDC2|HEXB|HGD|HGSNAT|HIBCH|HK1|HK2|HKDC1|HLCS|HMGCL|HMGCLL1|HMGCR|HMOX1|HMOX2|HNMT|HPD|HPGDS|HPRT1|HPSE|HPSE2|HSD17B11|HSD17B12|HSD17B3|HSD17B4|HSD17B7|HSD17B8|HYAL2|HYAL4|HYI|HYKK|IDH3A|IDH3B|IDH3G|IDO1|IDO2|IMPA1|IMPDH2|INPP4A|INPP4B|INPP5A|INPP5B|INPP5D|INPP5F|INPP5J|INPP5K|INPPL1|ITPKB|IVD|KDSR|KL|KMO|KMT2A|KMT2D|KMT2E|KMT5B|KYAT3|KYNU|L2HGDH|LACC1|LANCL1|LAP3|LARGE1|LBR|LCLAT1|LDHA|LDHAL6A|LDHC|LIAS|LIPF|LIPG|LPCAT2|LPCAT4|LPIN1|LPIN2|LSS|LTA4H|MAN1A1|MAN1A2|MAN1B1|MAN2A1|MAN2A2|MAOA|MAOB|MARS1|MAT2A|MAT2B|MCCC1|MCCC2|MDH1|MDH2|ME1|ME3|MECOM|MGAT3|MGAT4A|MGAT4C|MGAT4D|MGAT5|MGLL|MGST1|MGST3|MINPP1|MMAB|MMUT|MOCOS|MOCS1|MOGAT1|MPI|MSMO1|MTAP|MTFMT|MTHFD1|MTHFS|MTM1|MTMR1|MTMR14|MTMR2|MTMR3|MTMR4|MTMR6|MTMR7|MTMR8|MTR|MVK|NADK2|NAGA|NAGK|NANS|NDST1|NDST2|NDST3|NDST4|NDUFA10|NDUFA4|NDUFA5|NDUFA8|NDUFA9|NDUFAB1|NDUFB4|NDUFB5|NDUFB8|NDUFS1|NDUFS2|NDUFS3|NDUFS4|NDUFV1|NDUFV2|NIT2|NME7|NMNAT2|NNT|NOS1|NOS2|NPL|NPR2|NSD1|NSD2|NSD3|NT5C2|NT5C3A|NT5C3B|NT5E|NT5M|NUDT13|NUDT5|NUDT9|OAT|OCRL|ODC1|OGDHL|OPLAH|OXCT1|P4HA1|P4HA2|P4HA3|PAFAH1B1|PAH|PAICS|PANK1|PANK3|PAPSS1|PAPSS2|PC|PCBD1|PCBD2|PCCA|PCCB|PCYT1A|PCYT1B|PCYT2|PDE10A|PDE11A|PDE1A|PDE1B|PDE2A|PDE3A|PDE3B|PDE4A|PDE4B|PDE4C|PDE4D|PDE5A|PDE6A|PDE6C|PDE7A|PDE7B|PDE8A|PDE8B|PDE9A|PDHA1|PDHB|PDHX|PEMT|PFAS|PFKFB1|PFKFB3|PFKFB4|PFKM|PFKP|PGAM1|PGAP1|PGAP2|PGAP3|PGD|PGM1|PGM2|PGM2L1|PGM3|PGS1|PI4K2A|PI4K2B|PI4KA|PI4KB|PIGB|PIGF|PIGK|PIGN|PIGO|PIGS|PIGT|PIGU|PIK3C2A|PIK3C2B|PIK3C2G|PIK3C3|PIK3CA|PIK3CB|PIK3CG|PIKFYVE|PIP4K2A|PIP4K2B|PIP4K2C|PIP5K1A|PIP5K1B|PIPOX|PKLR|PKM|PLA2G4A|PLA2G4C|PLA2G4D|PLA2G4E|PLA2G4F|PLA2G7|PLB1|PLCB1|PLCB2|PLCB3|PLCB4|PLCD1|PLCD3|PLCD4|PLCE1|PLCG2|PLCH1|PLCZ1|PLD1|PLD2|PLOD2|PLPP1|PLPP3|PMM1|PMM2|PNLIP|PNLIPRP3|PNPLA4|PNPO|POMGNT1|POMT1|PPAT|PPOX|PPT1|PRDM16|PRDM9|PRODH2|PRPS1|PRPS2|PRUNE1|PSAT1|PTDSS1|PTEN|PTGES3|PTGS2|PTS|PYCR2|PYGB|PYGL|PYGM|QARS1|QRSL1|RBKS|RENBP|RFK|RPE65|RPIA|RPN1|RPN2|RRM1|RRM2|RRM2B|SACM1L|SARDH|SARM1|SAT2|SCP2|SDR16C5|SDSL|SELENBP1|SELENOI|SEPHS1|SETD1A|SETD1B|SETD2|SETMAR|SGPL1|SGPP1|SGPP2|SI|SIRT2|SIRT5|SIRT7|SLC27A5|SLC33A1|SMPD1|SMPD2|SMYD1|SMYD2|SMYD3|SPHK2|SPTLC1|SPTLC2|SQLE|SQOR|ST3GAL3|ST3GAL4|ST3GAL5|ST6GAL2|ST6GALNAC1|ST8SIA1|STT3A|STT3B|SUCLA2|SUCLG1|SUCLG2|SULT1E1|SUV39H2|SYNJ2|TAT|TBXAS1|TCIRG1|TDH|TGDS|THEM4|TK1|TK2|TKTL1|TMLHE|TPH1|TPI1|TPK1|TREH|TRIT1|TXNDC12|TYMS|TYRP1|UGCG|UGDH|UGP2|UGT2A3|UMPS|UPP2|UQCRC1|UQCRC2|UQCRH|UROD|UXS1|VNN1|VNN2|VNN3|XDH|XYLB; human:AACS|AADAT|AASDHPPT|AASS|ABAT|ABHD14A-ACY1|ABHD16A|ACAA2|ACACA|ACACB|ACAD8|ACADL|ACADM|ACADS|ACADSB|ACADVL|ACAT2|ACER3|ACLY|ACMSD|ACO1|ACO2|ACOT12|ACOT8|ACOX1|ACOX2|ACOX3|ACP1|ACP2|ACSF3|ACSL1|ACSL3|ACSL4|ACSL5|ACSL6|ACSM3|ACSM4|ACSM5|ACSM6|ACSS1|ACSS2|ACSS3|ACY1|ADCY1|ADCY10|ADCY2|ADCY3|ADCY5|ADCY6|ADCY8|ADCY9|ADH1A|ADH1B|ADH1C|ADH4|ADH5|ADH6|ADH7|ADI1|ADK|ADSL|ADSS1|ADSS2|AGK|AGL|AGMAT|AGPAT3|AGPAT5|AGPS|AHCY|AHCYL1|AHCYL2|AK2|AK4|AK7|AK8|AK9|AKR1A1|AKR1B1|AKR1B10|AKR1B15|AKR1C1|AKR1C2|AKR1C3|AKR1C4|AKR1C8|AKR1D1|ALAD|ALAS1|ALDH18A1|ALDH1A1|ALDH1A2|ALDH1A3|ALDH1L1|ALDH1L2|ALDH2|ALDH3A2|ALDH4A1|ALDH5A1|ALDH6A1|ALDH7A1|ALDOB|ALG1|ALG13|ALG14|ALG3|ALG5|ALG8|ALG9|ALLC|ALOX12B|ALOX15|ALPL|AMDHD1|AMPD2|AMPD3|AMT|AMY1A|AMY1B|AMY1C|AMY2A|AMY2B|ANPEP|AOX1|APIP|ARG1|ARG2|ASAH1|ASAH2|ASH1L|ASNS|ASS1|ATIC|ATP12A|ATP4B|ATP5F1A|ATP5F1B|ATP5MC1|ATP5MC2|ATP5MC3|ATP5PB|ATP5PD|ATP6AP1|ATP6V0A1|ATP6V0A2|ATP6V0A4|ATP6V1A|ATP6V1B1|ATP6V1B2|ATP6V1C1|ATP6V1C2|ATP6V1D|ATP6V1E1|ATP6V1H|AUH|AZIN2|B3GALNT1|B3GALNT2|B3GALT5|B3GAT1|B3GAT2|B3GAT3|B4GALNT1|B4GALNT2|B4GALNT3|B4GALT4|B4GALT5|B4GALT7|BBOX1|BCAT1|BDH1|BHMT|BHMT2|BPNT1|BST1|BTD|CA1|CA13|CA14|CA2|CA5B|CA7|CA9|CAD|CAMKMT|CAT|CD38|CDS1|CDS2|CEL|CEPT1|CERK|CERS1|CERS5|CERS6|CHAC1|CHDH|CHIA|CHIT1|CHKA|CHKB|CHPF2|CHPT1|CHST9|CKMT1A|CKMT2|CMAS|CMPK1|CNDP1|CNDP2|COLGALT2|COQ2|COQ3|COQ6|COQ7|COX10|COX11|COX15|COX7A2|CPS1|CRLS1|CRPPA|CRYL1|CS|CSAD|CSGALNACT1|CTH|CTPS1|CTPS2|CYP11B2|CYP24A1|CYP26A1|CYP27A1|CYP2C18|CYP2C19|CYP2C8|CYP2C9|CYP2E1|CYP2J2|CYP2R1|CYP3A4|CYP3A5|CYP3A7|CYP3A7-CYP3A51P|CYP4F2|CYP4F3|CYP51A1|DBT|DCK|DCT|DCTD|DCXR|DDC|DERA|DGKA|DGKB|DGKD|DGKE|DGKG|DGKH|DGKI|DGKK|DGKZ|DGUOK|DHODH|DHRS4|DHRS4L2|DHTKD1|DLAT|DLD|DLST|DMGDH|DNMT1|DNMT3A|DNMT3B|DOT1L|DPYD|DPYS|DSE|EHHADH|EHMT1|EHMT2|ELOVL2|ELOVL3|ELOVL5|ENO1|ENOSF1|ENPP1|ENPP2|ENPP3|ENTPD1|ENTPD5|ENTPD6|EPHX2|EPRS1|ESD|ETNK2|ETNPPL|EXT1|EXT2|EXTL1|EZH1|EZH2|FADS1|FAH|FASN|FBP1|FBP2|FCSK|FDFT1|FDPS|FECH|FGGY|FH|FHIT|FIG4|FKTN|FMO3|FMO4|FOLH1|FPGS|G6PD|GAA|GAD1|GAD2|GALC|GALK2|GALNS|GALNT1|GALNT10|GALNT11|GALNT12|GALNT13|GALNT16|GALNT17|GALNT2|GALNT3|GALNT5|GALNT7|GALNT8|GALNTL5|GALNTL6|GALT|GANAB|GANC|GAPDH|GART|GATB|GATM|GBA1|GBA2|GBA3|GBE1|GCAT|GCLC|GCLM|GCNT2|GCSH|GDA|GDPD1|GFPT1|GFUS|GGCT|GGT5|GK|GLB1|GLDC|GLO1|GLS|GLS2|GLUD1|GLUL|GMDS|GMPR|GMPS|GNE|GNS|GOT2|GPAM|GPAT3|GPAT4|GPHN|GPI|GPLD1|GPT2|GSR|GSTA4|GSTK1|GSTM3|GSTO1|GSTO2|GUCY1A1|GUCY1A2|GUCY1B1|GUCY2C|GUCY2D|GUCY2F|GUK1|GUSB|GYG1|GYG2|GYS1|GYS2|HACD2|HACD3|HACD4|HADH|HADHA|HADHB|HAL|HAO1|HAO2|HCCS|HDC|HDDC2|HEXB|HGD|HGSNAT|HIBCH|HK1|HK2|HK3|HKDC1|HLCS|HMGCL|HMGCLL1|HMGCR|HMOX1|HMOX2|HNMT|HPD|HPGDS|HPRT1|HPSE|HPSE2|HSD17B11|HSD17B12|HSD17B3|HSD17B4|HSD17B7|HSD17B8|HYAL2|HYAL4|HYI|HYKK|IDH3A|IDH3B|IDH3G|IDI1|IDO1|IDO2|IMPA1|IMPDH2|INPP4A|INPP4B|INPP5A|INPP5B|INPP5D|INPP5F|INPP5J|INPP5K|ITPKB|IVD|KDSR|KL|KMO|KMT2A|KMT2C|KMT2D|KMT2E|KMT5A|KMT5B|KYAT3|KYNU|L2HGDH|LACC1|LANCL1|LAP3|LARGE1|LBR|LCLAT1|LDHA|LDHAL6A|LDHC|LIAS|LIPF|LIPG|LPCAT2|LPCAT4|LPIN1|LPIN2|LSS|LTA4H|MAN1A1|MAN1A2|MAN1B1|MAN2A1|MAN2A2|MAOA|MAOB|MARS1|MAT2A|MAT2B|MCCC1|MCCC2|MDH1|MDH2|ME1|ME3|MECOM|MGAM|MGAM2|MGAT4A|MGAT4C|MGAT4D|MGAT5|MGLL|MGST1|MGST3|MINPP1|MMAB|MMUT|MOCOS|MOCS1|MOGAT1|MSMO1|MTAP|MTFMT|MTHFD1|MTHFD1L|MTHFS|MTM1|MTMR1|MTMR14|MTMR2|MTMR3|MTMR4|MTMR6|MTMR7|MTMR8|MTR|MVK|NADK2|NAGK|NAMPT|NANS|NDST1|NDST2|NDST3|NDST4|NDUFA10|NDUFA5|NDUFA8|NDUFA9|NDUFAB1|NDUFB4|NDUFB5|NDUFS1|NDUFS2|NDUFS3|NDUFS4|NDUFV1|NDUFV2|NEU3|NFS1|NIT2|NME1|NME1-NME2|NME7|NMNAT2|NNT|NOS1|NOS2|NPL|NPR1|NPR2|NSD1|NSD2|NSD3|NT5C2|NT5C3A|NT5C3B|NT5E|NT5M|NUDT13|NUDT5|NUDT9|OAT|OCRL|ODC1|OGDH|OGDHL|OPLAH|OTC|OXCT1|P4HA1|P4HA2|P4HA3|PAFAH1B1|PAFAH1B2|PAH|PAICS|PANK1|PANK3|PAPSS1|PAPSS2|PC|PCBD1|PCBD2|PCCA|PCCB|PCYT1A|PCYT1B|PCYT2|PDE10A|PDE11A|PDE1A|PDE1B|PDE2A|PDE3A|PDE3B|PDE4A|PDE4B|PDE4C|PDE4D|PDE5A|PDE6A|PDE6B|PDE6C|PDE6D|PDE7A|PDE7B|PDE8A|PDE8B|PDE9A|PDHA1|PDHB|PDHX|PDXK|PEMT|PFAS|PFKFB1|PFKFB3|PFKFB4|PFKM|PFKP|PGAM1|PGAP1|PGAP2|PGAP3|PGD|PGK1|PGM1|PGM2|PGM2L1|PGM3|PGS1|PI4K2A|PI4K2B|PI4KA|PI4KB|PIGB|PIGF|PIGH|PIGK|PIGN|PIGO|PIGS|PIGT|PIGU|PIK3C2A|PIK3C2B|PIK3C2G|PIK3C3|PIK3CA|PIK3CB|PIK3CG|PIKFYVE|PIP4K2A|PIP4K2B|PIP4K2C|PIP5K1A|PIP5K1B|PIPOX|PKLR|PKM|PLA2G4A|PLA2G4C|PLA2G4D|PLA2G4E|PLA2G4F|PLA2G7|PLB1|PLCB2|PLCB3|PLCB4|PLCD1|PLCD3|PLCD4|PLCE1|PLCH1|PLCH2|PLCZ1|PLD1|PLD2|PLOD2|PLOD3|PLPP1|PLPP3|PMM1|PNLIP|PNLIPRP1|PNLIPRP3|PNPLA4|PNPO|POMGNT1|POMT1|PPAT|PPOX|PPT1|PRDM16|PRDM7|PRDM9|PRODH2|PRPS1|PRPS2|PRUNE1|PSAT1|PTDSS1|PTDSS2|PTEN|PTGES3|PTGS2|PTS|PYCR2|PYGB|PYGL|PYGM|QARS1|QRSL1|RBKS|RENBP|RFK|RPE|RPE65|RPIA|RPN1|RPN2|RRM1|RRM2|RRM2B|SACM1L|SARDH|SARM1|SAT2|SCP2|SDHA|SDR16C5|SDSL|SELENBP1|SEPHS1|SETD1A|SETD1B|SETD2|SETMAR|SGPL1|SGPP1|SGPP2|SI|SIRT1|SIRT2|SIRT5|SIRT7|SLC27A5|SLC33A1|SMPD1|SMPD2|SMPD4|SMS|SMYD1|SMYD2|SMYD3|SORD|SPTLC1|SPTLC2|SQLE|SQOR|ST20-MTHFS|ST3GAL3|ST3GAL4|ST3GAL5|ST6GAL2|ST6GALNAC1|ST6GALNAC3|ST8SIA1|STT3A|STT3B|SUCLA2|SUCLG1|SUCLG2|SULT1E1|SUV39H1|SUV39H2|SYNJ1|SYNJ2|TAT|TBXAS1|TCIRG1|TGDS|THEM4|TK1|TK2|TKTL1|TMLHE|TPH1|TPI1|TPK1|TREH|TRIT1|TXNDC12|TYMS|TYRP1|UCKL1|UGCG|UGDH|UGP2|UGT1A1|UGT1A10|UGT1A3|UGT1A4|UGT1A5|UGT1A6|UGT1A7|UGT1A8|UGT1A9|UGT2A3|UMPS|UPP2|UQCRC2|UQCRH|UROD|UXS1|VKORC1L1|VNN1|VNN2|XDH|XYLB; sorangutan:AACS|AADAT|AASDHPPT|AASS|ABAT|ABHD16A|ACAA2|ACACA|ACACB|ACAD8|ACADM|ACADS|ACADSB|ACADVL|ACAT2|ACER3|ACLY|ACMSD|ACO1|ACO2|ACOT8|ACOX1|ACOX2|ACOX3|ACP1|ACP2|ACSF3|ACSL1|ACSL3|ACSL4|ACSL5|ACSL6|ACSM3|ACSM4|ACSM5|ACSM6|ACSS1|ACSS2|ACSS3|ACY1|ADCY1|ADCY10|ADCY2|ADCY3|ADCY5|ADCY6|ADCY8|ADCY9|ADH1A|ADH4|ADH5|ADH6|ADH7|ADK|ADSS1|ADSS2|AGK|AGL|AGMAT|AGPAT3|AGPAT5|AGPS|AHCY|AHCYL2|AK2|AK4|AK7|AK8|AK9|AKR1A1|AKR1B10|AKR1C1|AKR1C3|AKR1C4|AKR1D1|ALAD|ALAS1|ALDH18A1|ALDH1A1|ALDH1A3|ALDH1L2|ALDH2|ALDH3A2|ALDH4A1|ALDH5A1|ALDH6A1|ALDH9A1|ALDOB|ALG13|ALG14|ALG3|ALG5|ALG8|ALLC|ALOX12B|ALOX15|ALOXE3|ALPL|AMDHD1|AMPD2|AMPD3|AMT|ANPEP|AOX1|APIP|ARG2|ASAH1|ASH1L|ASL|ASMTL|ASNS|ASS1|ATIC|ATP12A|ATP4B|ATP5F1A|ATP5F1B|ATP5MC1|ATP5MC2|ATP5MC3|ATP5PB|ATP5PD|ATP6V0A1|ATP6V0A2|ATP6V1A|ATP6V1B1|ATP6V1B2|ATP6V1C1|ATP6V1C2|ATP6V1D|ATP6V1E1|ATP6V1H|AUH|AZIN2|B3GALNT2|B3GAT1|B3GAT2|B3GAT3|B4GALNT1|B4GALNT2|B4GALNT3|B4GALT4|B4GALT5|B4GALT7|BBOX1|BCAT1|BHMT|BHMT2|BPNT1|BST1|C1GALT1|CA14|CA5B|CA7|CA9|CAD|CAMKMT|CAT|CD38|CDS2|CEPT1|CERK|CERS1|CERS3|CERS5|CERS6|CHAC1|CHDH|CHIA|CHKA|CHKB|CHPF2|CHPT1|CKMT2|CMAS|CMPK1|CNDP1|CNDP2|COLGALT2|COQ2|COQ3|COX10|COX15|CPS1|CRLS1|CRPPA|CRYL1|CS|CSAD|CSGALNACT1|CTH|CTPS1|CTPS2|CYP2C19|CYP2C8|CYP2C9|CYP2E1|CYP51A1|DBH|DBT|DCT|DCXR|DDC|DDOST|DEGS1|DERA|DGAT1|DGKA|DGKB|DGKD|DGKE|DGKG|DGKH|DGKK|DGKZ|DGUOK|DHODH|DHRS4|DHTKD1|DLAT|DLD|DLST|DMGDH|DNMT1|DNMT3A|DNMT3B|DPYD|DPYS|EHHADH|EHMT1|EHMT2|ELOVL1|ELOVL2|ELOVL5|ELOVL7|ENO1|ENOSF1|ENPP1|ENPP2|ENPP3|ENTPD1|ENTPD5|ENTPD6|EPHX2|EPRS1|ESD|ETNPPL|EXT1|EXT2|EXTL1|EZH1|EZH2|FAH|FASN|FBP1|FBP2|FCSK|FDFT1|FDPS|FECH|FH|FIG4|FOLH1|FPGS|FPGT|G6PD|GAA|GAD1|GAD2|GALC|GALE|GALK2|GALNS|GALNT1|GALNT10|GALNT11|GALNT12|GALNT13|GALNT16|GALNT17|GALNT2|GALNT3|GALNT5|GALNT7|GALNT8|GALNTL5|GALNTL6|GANAB|GANC|GAPDH|GART|GATB|GATM|GBA1|GBA2|GBA3|GBE1|GCLC|GCLM|GCNT2|GDA|GDPD1|GFPT1|GFPT2|GFUS|GGCT|GK|GLB1|GLDC|GLO1|GLS|GLS2|GLUD1|GMDS|GNE|GNS|GOT2|GPAM|GPAT3|GPAT4|GPHN|GPI|GPLD1|GPT2|GSR|GSTK1|GSTM3|GSTO1|GUCY1A1|GUCY1A2|GUCY1B1|GUCY2C|GUCY2D|GUCY2F|GYG2|GYS1|GYS2|HACD2|HACD3|HACD4|HADHA|HAL|HAO1|HAO2|HCCS|HDC|HDDC2|HEXB|HGD|HGSNAT|HIBCH|HK1|HK2|HKDC1|HLCS|HMGCLL1|HMGCR|HMOX1|HMOX2|HNMT|HPD|HPGDS|HPRT1|HPSE|HPSE2|HSD17B11|HSD17B12|HSD17B3|HSD17B4|HSD17B8|HYAL2|HYI|HYKK|IDH3A|IDH3B|IDH3G|IDI1|IDO1|IDS|IL11RA|IMPA1|IMPDH2|INPP4A|INPP4B|INPP5A|INPP5B|INPP5D|INPP5F|INPP5J|ITPKB|IVD|KDSR|KL|KMO|KMT2A|KMT2E|KMT5A|KMT5B|KYNU|L2HGDH|L3HYPDH|LACC1|LANCL1|LAP3|LARGE1|LBR|LCLAT1|LDHA|LDHAL6A|LDHC|LIAS|LIPF|LIPG|LOXL2|LPCAT2|LPCAT4|LPIN1|LPIN2|LSS|LTA4H|MAN1A1|MAN1A2|MAN1B1|MAN2A1|MAN2A2|MAOA|MAOB|MARS1|MAT2A|MAT2B|MCCC1|MCCC2|MDH1|MDH2|ME1|ME3|MECOM|MGAM2|MGAT4A|MGAT4C|MGAT4D|MGAT5|MGLL|MGST1|MGST3|MINPP1|MMUT|MOCOS|MOCS1|MSMO1|MTAP|MTFMT|MTHFD1|MTHFD1L|MTHFR|MTM1|MTMR1|MTMR14|MTMR2|MTMR3|MTMR4|MTMR6|MTMR7|MTMR8|MTR|MVK|NADK2|NAGK|NAMPT|NANS|NDST1|NDST2|NDST3|NDST4|NDUFA10|NDUFA5|NDUFA8|NDUFA9|NDUFAB1|NDUFB4|NDUFB5|NDUFS1|NDUFS2|NDUFS3|NDUFS4|NDUFV1|NDUFV2|NEU3|NFS1|NIT2|NME7|NMNAT2|NNT|NOS1|NOS2|NPL|NPR1|NPR2|NSD1|NSD2|NSD3|NT5C1A|NT5C2|NT5C3A|NT5C3B|NT5E|NUDT13|NUDT5|NUDT9|OAT|OCRL|ODC1|OGDH|OGDHL|OPLAH|OTC|OXCT1|P4HA1|P4HA2|P4HA3|PAFAH1B1|PAFAH1B2|PAH|PAICS|PANK1|PANK3|PAPSS1|PAPSS2|PCBD1|PCBD2|PCCA|PCCB|PCYT1A|PCYT1B|PCYT2|PDE10A|PDE11A|PDE1A|PDE1B|PDE2A|PDE3A|PDE3B|PDE4B|PDE4C|PDE4D|PDE5A|PDE6A|PDE6B|PDE6C|PDE7A|PDE7B|PDE8A|PDE8B|PDE9A|PDHA1|PDHB|PDHX|PEMT|PFAS|PFKFB1|PFKFB3|PFKFB4|PFKM|PFKP|PGAM1|PGAP1|PGAP2|PGAP3|PGD|PGK1|PGM1|PGM2|PGM2L1|PGM3|PGS1|PI4K2A|PI4K2B|PI4KA|PI4KB|PIGB|PIGF|PIGG|PIGK|PIGN|PIGO|PIGT|PIGU|PIK3C2A|PIK3C2G|PIK3C3|PIK3CA|PIK3CB|PIK3CG|PIKFYVE|PIP4K2A|PIP4K2B|PIP4K2C|PIP5K1A|PIPOX|PKLR|PKM|PLA2G4A|PLA2G4C|PLA2G4D|PLA2G4F|PLA2G6|PLA2G7|PLB1|PLCB1|PLCB2|PLCB3|PLCB4|PLCD1|PLCD3|PLCD4|PLCE1|PLCG2|PLCH1|PLCH2|PLCZ1|PLD1|PLD2|PLOD2|PLOD3|PLPP1|PLPP3|PMM2|PNLIP|PNLIPRP1|PNLIPRP3|PNPLA4|PNPO|POMGNT1|POMT1|PPAT|PPCDC|PPOX|PPT1|PRDM16|PRODH2|PRPS1|PRPS2|PRUNE1|PSAT1|PTDSS1|PTDSS2|PTEN|PTGES3|PTGS2|PTS|PYCR2|PYCR3|PYGB|PYGL|QARS1|QRSL1|RENBP|RFK|RPE|RPE65|RPIA|RPN1|RPN2|RRM1|RRM2|RRM2B|SACM1L|SARDH|SARM1|SCP2|SDHA|SDSL|SELENBP1|SEPHS1|SEPSECS|SETD1A|SETD1B|SETD2|SGPL1|SGPP1|SGPP2|SI|SIRT1|SIRT3|SIRT5|SIRT6|SIRT7|SLC27A5|SLC33A1|SMPD2|SMPD4|SMS|SMYD1|SMYD2|SMYD3|SPHK2|SPTLC1|SPTLC2|SQLE|SQOR|ST3GAL4|ST3GAL5|ST6GAL2|ST6GALNAC1|ST6GALNAC3|ST8SIA1|STT3A|STT3B|SUCLA2|SUCLG2|SULT1E1|SULT2B1|SUV39H1|SUV39H2|SYNJ2|TAT|TBXAS1|TECR|TGDS|THEM4|TK1|TK2|TKTL1|TMEM38B|TNRC6B|TPH1|TPI1|TPK1|TREH|TRIT1|TXNDC12|TYMS|TYRP1|UCKL1|UGCG|UGDH|UGP2|UGT2A3|UMPS|UROD|UXS1|VNN1|XDH|XYLB,,0,bonobo:ENPP6|ENTPD2|KIF1B|KYAT1|NEU2|PNPLA3|SUOX|USP19; borangutan:ALDH3B2|CHST10|GALNT9; chimpanzee:ALG10|ALG10B|CELF6|DECR2|DHRS4L1|GMPR2|GPAT2|INPPL1|NAGA|NDUFA4|NDUFB8|TDH|UQCRC1|VNN3; human:ABHD14A-ACY1|ADH1C|AMY1A|AMY1B|ASAH2|B3GALNT1|B3GALT5|BTD|CHST9|CKMT1A|COQ7|CYP11B2|CYP27A1|CYP2C18|CYP2R1|CYP3A7-CYP3A51P|DHRS4L2|FGGY|GALT|GCAT|GYG1|HK3|NME1|NME1-NME2|PDE6D|PDXK|PIGH|PRDM7|SORD|ST20-MTHFS|UGT1A1|UGT1A10|UGT1A3|UGT1A4|UGT1A5|UGT1A6|UGT1A7|UGT1A8|UGT1A9|VKORC1L1; sorangutan:ASMTL|C1GALT1|DBH|DGAT1|MTHFR|PPCDC|PYCR3|SULT2B1,bonobo:8; borangutan:3; chimpanzee:14; human:40; sorangutan:8
Aminoacyl-tRNA biosynthesis,4,borangutan; chimpanzee; human; sorangutan,borangutan:35; chimpanzee:34; human:34; sorangutan:36,borangutan:AARS1|AARS2|CARS1|CARS2|DARS1|DARS2|EPRS1|FARS2|FARSB|GARS1|GATB|HARS1|HARS2|IARS2|KARS1|LARS1|LARS2|MARS1|MTFMT|NARS1|NARS2|PSTK|QARS1|QRSL1|RARS1|RARS2|SARS1|SEPSECS|TARS1|TARS2|TARS3|VARS1|VARS2|WARS2|YARS1; chimpanzee:AARS1|AARS2|CARS1|DARS1|DARS2|EPRS1|FARS2|FARSA|FARSB|GARS1|GATB|HARS1|HARS2|IARS1|IARS2|KARS1|LARS1|LARS2|MARS1|MTFMT|NARS1|NARS2|PSTK|QARS1|QRSL1|RARS1|RARS2|SARS1|TARS1|TARS2|TARS3|VARS1|WARS2|YARS1; human:AARS1|AARS2|CARS1|DARS1|DARS2|EPRS1|FARS2|FARSA|GARS1|GATB|HARS1|HARS2|IARS1|IARS2|KARS1|LARS1|LARS2|MARS1|MTFMT|NARS1|NARS2|PSTK|QARS1|QRSL1|RARS1|RARS2|SARS1|TARS1|TARS2|TARS3|VARS1|VARS2|WARS2|YARS1; sorangutan:AARS1|AARS2|CARS1|CARS2|DARS1|DARS2|EPRS1|FARS2|FARSB|GARS1|GATB|HARS1|HARS2|IARS1|IARS2|KARS1|LARS1|LARS2|MARS1|MTFMT|NARS1|NARS2|PSTK|QARS1|QRSL1|RARS1|RARS2|SARS1|SEPSECS|TARS1|TARS2|TARS3|VARS1|VARS2|WARS2|YARS1,,0,borangutan:; chimpanzee:; human:; sorangutan:,borangutan:0; chimpanzee:0; human:0; sorangutan:0
Aldosterone synthesis and secretion,2,borangutan; gorilla,borangutan:61; gorilla:22,borangutan:ADCY1|ADCY2|ADCY3|ADCY5|ADCY6|ADCY8|ATF1|ATF2|ATF6B|ATP1A1|ATP1A2|ATP1A4|ATP1B1|ATP1B4|ATP2B1|ATP2B3|ATP2B4|CACNA1D|CACNA1F|CACNA1G|CACNA1H|CACNA1I|CACNA1S|CALM2|CAMK1D|CAMK1G|CAMK2B|CAMK2D|CAMK2G|CAMK4|CREB1|CREB3|CREB3L1|CREB3L3|CREB3L4|CREB5|DAGLA|DAGLB|ITPR1|ITPR2|ITPR3|LDLR|NPR1|NR4A1|NR4A2|PDE2A|PLCB1|PLCB2|PLCB3|PLCB4|PRKACB|PRKCA|PRKCB|PRKCE|PRKCG|PRKD1|PRKD2|PRKD3|SCARB1|STAR; gorilla:ADCY3|ADCY6|ADCY7|ATF1|ATF2|ATP1A2|ATP1A4|ATP1B1|ATP2B1|CACNA1H|CACNA1S|CAMK1G|CREB1|CREB3|ITPR2|NR4A1|PLCB2|PRKCB|PRKCE|PRKD1|PRKD3|SCARB1,,0,borangutan:ADCY1|ADCY2|ADCY5|ADCY8|ATF6B|ATP1A1|ATP1B4|ATP2B3|ATP2B4|CACNA1D|CACNA1F|CACNA1G|CACNA1I|CALM2|CAMK1D|CAMK2B|CAMK2D|CAMK2G|CAMK4|CREB3L1|CREB3L3|CREB3L4|CREB5|DAGLA|DAGLB|ITPR1|ITPR3|LDLR|NPR1|NR4A2|PDE2A|PLCB1|PLCB3|PLCB4|PRKACB|PRKCA|PRKCG|PRKD2|STAR; gorilla:ADCY7,borangutan:39; gorilla:1
Choline metabolism in cancer,1,borangutan,borangutan:66,borangutan:AKT1|AKT2|AKT3|CHKA|CHKB|CHPT1|DGKA|DGKB|DGKD|DGKE|DGKG|DGKH|DGKI|DGKK|DGKZ|EGF|EGFR|FOS|GPCPD1|HIF1A|LYPLA1|MAP2K1|MAPK1|MAPK10|MAPK8|MAPK9|MTOR|PCYT1A|PCYT1B|PDGFC|PDGFD|PDGFRA|PDPK1|PIK3CA|PIK3CB|PIK3R3|PIP5K1A|PLA2G4A|PLA2G4C|PLA2G4D|PLA2G4E|PLA2G4F|PLD1|PLD2|PLPP1|PLPP3|PRKCA|PRKCB|PRKCG|RAC1|RAF1|RPS6KB1|RPS6KB2|SLC22A1|SLC22A2|SLC22A3|SLC44A1|SLC44A3|SLC44A5|SOS1|SOS2|TSC2|WASF1|WASF2,,0,borangutan:AKT1|AKT2|AKT3|CHKA|CHKB|CHPT1|DGKA|DGKB|DGKD|DGKE|DGKG|DGKH|DGKI|DGKK|DGKZ|EGF|EGFR|FOS|GPCPD1|HIF1A|LYPLA1|MAP2K1|MAPK1|MAPK10|MAPK8|MAPK9|MTOR|PCYT1A|PCYT1B|PDGFC|PDGFD|PDGFRA|PDPK1|PIK3CA|PIK3CB|PIK3R3|PIP5K1A|PLA2G4A|PLA2G4C|PLA2G4D|PLA2G4E|PLA2G4F|PLD1|PLD2|PLPP1|PLPP3|PRKCA|PRKCB|PRKCG|RAC1|RAF1|RPS6KB1|RPS6KB2|SLC22A1|SLC22A2|SLC22A3|SLC44A1|SLC44A3|SLC44A5|SOS1|SOS2|TSC2|WASF1|WASF2,borangutan:64
Protein processing in endoplasmic reticulum,4,borangutan; chimpanzee; gorilla; sorangutan,borangutan:102; chimpanzee:102; gorilla:31; sorangutan:102,borangutan:AMFR|ATF6|ATF6B|BAG2|CANX|CAPN1|CRYAB|CUL1|DDOST|DERL1|DERL2|DERL3|DNAJA2|DNAJB11|DNAJC1|DNAJC10|DNAJC3|DNAJC5B|DNAJC5G|EDEM1|EDEM3|EIF2AK3|EIF2S1|ERLEC1|ERO1A|ERO1B|GANAB|HERPUD1|HSP90AB1|HSP90B1|HSPA5|HSPA8|HSPH1|HYOU1|LMAN1|MAN1A1|MAN1A2|MAN1B1|MAP3K5|MAPK10|MAPK8|MAPK9|MARCHF6|MBTPS1|NFE2L2|NGLY1|NPLOC4|NSFL1C|P4HB|PDIA3|PDIA6|PLAA|PPP2CA|PREB|PRKN|RAD23A|RAD23B|RPN1|RPN2|SAR1A|SEC13|SEC23B|SEC24A|SEC24B|SEC24D|SEC31A|SEC61A1|SEC61A2|SEC62|SEC63|SEL1L|SEL1L2|SIL1|SSR1|STT3A|STT3B|STUB1|SVIP|SYVN1|TMEM258|TRAF2|TRAM1|TUSC3|TXNDC5|UBE2D1|UBE2D2|UBE2J1|UBE2J2|UBE4B|UBQLN1|UBXN1|UBXN4|UBXN8|UFD1|UGGT1|UGGT2|VCP; chimpanzee:AMFR|ATF6|ATXN3|BAG1|BAG2|CANX|CAPN1|CRYAB|DDOST|DERL2|DERL3|DNAJA2|DNAJB11|DNAJC1|DNAJC10|DNAJC3|DNAJC5B|DNAJC5G|EDEM1|EDEM3|EIF2AK3|EIF2S1|ERLEC1|ERO1A|ERO1B|GANAB|HERPUD1|HSP90AB1|HSP90B1|HSPA4L|HSPA5|HSPA8|HSPH1|HYOU1|LMAN1|MAGT1|MAN1A1|MAN1A2|MAN1B1|MAP3K5|MAPK10|MAPK8|MAPK9|MARCHF6|MBTPS1|MBTPS2|NFE2L2|NGLY1|NPLOC4|NSFL1C|PDIA3|PDIA6|PLAA|PREB|RAD23B|RPN1|RPN2|RRBP1|SAR1A|SEC13|SEC23A|SEC23B|SEC24A|SEC24B|SEC24C|SEC24D|SEC31A|SEC61A1|SEC61A2|SEC62|SEC63|SEL1L|SEL1L2|SIL1|SKP1|SSR1|STT3A|STT3B|STUB1|SVIP|SYVN1|TMEM258|TRAF2|TRAM1|TUSC3|TXNDC5|UBE2D1|UBE2D2|UBE2D3|UBE2D4|UBE2J1|UBE2J2|UBE4B|UBQLN1|UBXN1|UBXN4|UFD1|UGGT1|UGGT2|VCP; gorilla:AMFR|BAG1|DDOST|DERL2|DNAJA2|DNAJC10|DNAJC3|EDEM3|EIF2AK3|EIF2S1|ERLEC1|ERO1A|HERPUD1|HSP90B1|HSPA5|HSPH1|LMAN1|MAN1A2|MAN1B1|MARCHF6|MBTPS1|PDIA6|PREB|RAD23B|SEC23A|SEL1L|STUB1|UBQLN1|UBXN4|UGGT2|VCP; sorangutan:AMFR|ATF6|ATF6B|BAG2|CANX|CAPN1|CRYAB|CUL1|DDOST|DERL1|DERL2|DERL3|DNAJA2|DNAJB1|DNAJB11|DNAJC1|DNAJC10|DNAJC3|DNAJC5B|DNAJC5G|EDEM1|EDEM3|EIF2AK3|EIF2S1|ERLEC1|ERO1A|ERO1B|GANAB|HERPUD1|HSP90AB1|HSP90B1|HSPA5|HSPA8|HSPH1|HYOU1|LMAN1|LMAN1L|MAN1A1|MAN1A2|MAN1B1|MAP3K5|MAPK10|MAPK8|MAPK9|MARCHF6|MBTPS1|NFE2L2|NGLY1|NPLOC4|NSFL1C|P4HB|PDIA3|PDIA6|PLAA|PREB|RAD23A|RAD23B|RPN1|RPN2|SAR1A|SEC13|SEC23B|SEC24A|SEC24B|SEC24D|SEC31A|SEC61A1|SEC61A2|SEC62|SEC63|SEL1L|SEL1L2|SIL1|SSR1|STT3A|STT3B|STUB1|SVIP|SYVN1|TMEM258|TRAF2|TRAM1|TUSC3|TXNDC5|UBE2D1|UBE2D2|UBE2J1|UBE2J2|UBE4B|UBQLN1|UBXN1|UBXN4|UBXN8|UFD1|UGGT1|UGGT2|VCP,,0,borangutan:PPP2CA|PRKN; chimpanzee:ATXN3|HSPA4L|MAGT1|MBTPS2|RRBP1|SEC24C|SKP1|UBE2D3|UBE2D4; gorilla:; sorangutan:DNAJB1|LMAN1L,borangutan:2; chimpanzee:9; gorilla:0; sorangutan:2
Fanconi anemia pathway,1,chimpanzee,chimpanzee:38,chimpanzee:ATR|ATRIP|BLM|BRCA1|BRCA2|BRIP1|CENPX|EME1|ERCC4|FAN1|FANCA|FANCB|FANCC|FANCD2|FANCE|FANCG|FANCI|FANCL|FANCM|MLH1|MUS81|PALB2|POLH|POLI|POLK|POLN|RAD51|RAD51C|REV1|REV3L|RPA1|RPA3|TELO2|TOP3A|UBE2T|USP1|WDR48,,0,chimpanzee:ATR|ATRIP|BLM|BRCA1|BRCA2|BRIP1|CENPX|EME1|ERCC4|FAN1|FANCA|FANCB|FANCC|FANCD2|FANCE|FANCG|FANCI|FANCL|FANCM|MLH1|MUS81|PALB2|POLH|POLI|POLK|POLN|RAD51|RAD51C|REV1|REV3L|RPA1|RPA3|TELO2|TOP3A|UBE2T|USP1|WDR48,chimpanzee:37
Lysine degradation,2,chimpanzee; human,chimpanzee:44; human:47,chimpanzee:AADAT|AASS|ACAT2|ALDH2|ALDH7A1|ALDH9A1|ASH1L|BBOX1|CAMKMT|COLGALT2|DHTKD1|DLD|DLST|DOT1L|EHHADH|EHMT2|EZH1|EZH2|HADH|HADHA|HYKK|KMT2A|KMT2E|KMT5B|MECOM|NSD1|NSD2|NSD3|PIPOX|PLOD2|PRDM16|PRDM9|SETD1A|SETD1B|SETD2|SETMAR|SMYD1|SMYD2|SMYD3|SUV39H2|TMLHE; human:AADAT|ACAT2|ALDH2|ALDH3A2|ALDH7A1|ASH1L|BBOX1|CAMKMT|COLGALT2|DHTKD1|DLD|DLST|DOT1L|EHHADH|EHMT1|EHMT2|EZH1|EZH2|HADH|HADHA|HYKK|KMT2A|KMT2C|KMT2D|KMT2E|KMT5A|KMT5B|MECOM|NSD1|NSD2|NSD3|PIPOX|PLOD2|PLOD3|PRDM16|PRDM7|PRDM9|SETD1A|SETD1B|SETD2|SETMAR|SMYD1|SMYD2|SMYD3|SUV39H1|SUV39H2|TMLHE,,0,chimpanzee:AASS|ALDH9A1; human:ALDH3A2|EHMT1|KMT2C|KMT2D|KMT5A|PLOD3|PRDM7|SUV39H1,chimpanzee:2; human:8
T cell receptor signaling pathway,1,chimpanzee,chimpanzee:78,chimpanzee:AKT1|AKT2|AKT3|BCL10|CARD11|CBLB|CD247|CD40LG|CDC42|CDK4|CHUK|DLG1|FOS|GRAP2|GSK3B|IFNG|IKBKB|IKBKG|IL10|IL2|IL5|ITK|LCK|LCP2|MALT1|MAP2K1|MAP2K2|MAP3K7|MAP3K8|MAPK1|MAPK10|MAPK11|MAPK13|MAPK14|MAPK8|MAPK9|NFATC1|NFATC2|NFATC3|NFKB1|NFKBIA|NFKBIE|PAK1|PAK2|PAK3|PDPK1|PIK3CA|PIK3CB|PIK3R1|PIK3R3|PPP2CA|PPP2CB|PPP2R1A|PPP2R1B|PPP2R2A|PPP2R2B|PPP2R2D|PPP2R3A|PPP2R3C|PPP2R5A|PPP2R5C|PPP2R5D|PPP2R5E|PPP3CA|PPP3CC|PRKCQ|PTPN6|PTPRC|RAF1|RASGRP1|SOS1|SOS2|TEC|VAV1|VAV2|VAV3|ZAP70,,0,chimpanzee:AKT1|AKT2|AKT3|BCL10|CARD11|CBLB|CD247|CD40LG|CDC42|CDK4|CHUK|DLG1|FOS|GRAP2|GSK3B|IFNG|IKBKB|IKBKG|IL10|IL2|IL5|ITK|LCK|LCP2|MALT1|MAP2K1|MAP2K2|MAP3K7|MAP3K8|MAPK1|MAPK10|MAPK11|MAPK13|MAPK14|MAPK8|MAPK9|NFATC1|NFATC2|NFATC3|NFKB1|NFKBIA|NFKBIE|PAK1|PAK2|PAK3|PDPK1|PIK3CA|PIK3CB|PIK3R1|PIK3R3|PPP2CA|PPP2CB|PPP2R1A|PPP2R1B|PPP2R2A|PPP2R2B|PPP2R2D|PPP2R3A|PPP2R3C|PPP2R5A|PPP2R5C|PPP2R5D|PPP2R5E|PPP3CA|PPP3CC|PRKCQ|PTPN6|PTPRC|RAF1|RASGRP1|SOS1|SOS2|TEC|VAV1|VAV2|VAV3|ZAP70,chimpanzee:77
PI3K-Akt signaling pathway,3,chimpanzee; human; sorangutan,chimpanzee:205; human:215; sorangutan:195,chimpanzee:AKT1|AKT2|AKT3|ANGPT2|ANGPT4|ATF2|BCL2L1|BRCA1|CASP9|CCND1|CCND2|CCNE1|CCNE2|CDC37|CDK4|CDK6|CHUK|COL1A1|COL1A2|COL2A1|COL4A1|COL4A2|COL4A3|COL4A4|COL4A5|COL4A6|COL6A2|COL6A3|COL6A5|COL6A6|COL9A1|COL9A2|COL9A3|COMP|CREB1|CREB3|CREB3L1|CREB3L2|CREB3L3|CREB3L4|CREB5|CRTC2|EGF|EGFR|EIF4E|EIF4E1B|EIF4E2|ERBB2|ERBB3|ERBB4|FASLG|FGF8|FGFR1|FGFR2|FGFR3|FLT1|FLT3|FLT3LG|FN1|FOXO3|GH1|GNB1|GNB4|GNB5|GSK3B|GYS1|GYS2|HSP90AB1|HSP90B1|IBSP|IKBKB|IKBKG|IL2|IL3|IL4R|IL6R|IL7|IL7R|INSR|ITGA1|ITGA10|ITGA11|ITGA2|ITGA2B|ITGA4|ITGA5|ITGA6|ITGA7|ITGA8|ITGA9|ITGAV|ITGB1|ITGB3|ITGB4|ITGB5|ITGB6|ITGB7|JAK1|JAK2|KDR|KIT|KITLG|LAMA1|LAMA2|LAMA3|LAMA4|LAMB1|LAMB2|LAMB3|LAMB4|LAMC1|LAMC3|LPAR1|LPAR6|MAGI1|MAGI2|MAP2K1|MAP2K2|MAPK1|MDM2|MET|MLST8|MTCP1|MTOR|MYB|NFKB1|NR4A1|NTRK1|NTRK2|OSMR|PDGFD|PDGFRA|PDPK1|PGF|PHLPP1|PHLPP2|PIK3AP1|PIK3CA|PIK3CB|PIK3CG|PIK3R1|PIK3R3|PIK3R5|PKN2|PKN3|PPP2CA|PPP2CB|PPP2R1A|PPP2R1B|PPP2R2A|PPP2R2B|PPP2R2D|PPP2R3A|PPP2R3C|PPP2R5A|PPP2R5C|PPP2R5D|PPP2R5E|PRKAA1|PRKAA2|PRKCA|PRL|PRLR|PTEN|PTK2|RAC1|RAF1|RBL2|RELN|RET|RPS6|RPS6KB1|RPTOR|SGK1|SGK2|SGK3|SOS1|SOS2|SPP1|SYK|THBS1|THBS3|THBS4|THEM4|TNC|TNN|TNR|TP53|TSC1|TSC2|VEGFC|VEGFD|VTN|VWF|YWHAB|YWHAE; human:AKT1|AKT2|ANGPT2|ANGPT4|ATF2|ATF6B|BRCA1|C8orf44-SGK3|CASP9|CCND1|CCND2|CCNE1|CCNE2|CDC37|CDK4|CDK6|CHUK|COL1A1|COL1A2|COL2A1|COL4A1|COL4A2|COL4A3|COL4A4|COL4A5|COL4A6|COL6A1|COL6A2|COL6A3|COL6A5|COL6A6|COL9A1|COL9A2|COL9A3|COMP|CREB1|CREB3|CREB3L1|CREB3L2|CREB3L3|CREB3L4|CREB5|CRTC2|CSH1|CSH2|CSHL1|EGF|EGFR|EIF4E|EIF4E1B|EIF4E2|EPO|ERBB2|ERBB3|ERBB4|FASLG|FGF8|FGFR1|FGFR2|FGFR3|FLT1|FLT3|FLT3LG|FLT4|FN1|FOXO3|GH1|GH2|GNB1|GNB4|GNB5|GSK3B|GYS1|GYS2|HSP90AB1|HSP90B1|IBSP|IFNAR1|IKBKB|IKBKG|IL2|IL3|IL3RA|IL4R|IL6|IL6R|IL7|IL7R|INSR|ITGA1|ITGA10|ITGA11|ITGA2|ITGA2B|ITGA4|ITGA5|ITGA6|ITGA7|ITGA8|ITGA9|ITGAV|ITGB1|ITGB3|ITGB4|ITGB5|ITGB6|ITGB7|ITGB8|JAK1|JAK2|JAK3|KDR|KIT|KITLG|LAMA1|LAMA2|LAMA3|LAMA4|LAMA5|LAMB1|LAMB2|LAMB3|LAMB4|LAMC1|LAMC2|LAMC3|LPAR1|LPAR3|LPAR6|MAGI1|MAGI2|MAP2K1|MAP2K2|MAPK1|MDM2|MET|MLST8|MTCP1|MTOR|MYB|NFKB1|NR4A1|NTRK1|NTRK2|OSMR|P3R3URF-PIK3R3|PDGFA|PDGFD|PDGFRA|PDPK1|PGF|PHLPP1|PHLPP2|PIK3AP1|PIK3CA|PIK3CB|PIK3CG|PIK3R1|PIK3R3|PIK3R5|PKN2|PKN3|PPP2CA|PPP2CB|PPP2R1A|PPP2R1B|PPP2R2A|PPP2R2D|PPP2R3A|PPP2R3C|PPP2R5A|PPP2R5C|PPP2R5D|PPP2R5E|PRKAA1|PRKAA2|PRKCA|PRL|PRLR|PTEN|PTK2|RAC1|RAF1|RBL2|RELN|RET|RPS6|RPS6KB1|RPTOR|SGK1|SGK2|SGK3|SOS1|SOS2|SPP1|SYK|THBS1|THBS2|THBS3|THBS4|THEM4|TNC|TNN|TNR|TNXB|TP53|TSC1|TSC2|VEGFC|VEGFD|VTN|VWF|YWHAB|YWHAE|YWHAZ; sorangutan:AKT1|AKT2|AKT3|ANGPT2|ANGPT4|ATF2|ATF6B|BRCA1|CASP9|CCND1|CCND2|CCNE1|CCNE2|CDK4|CDK6|CHUK|COL1A1|COL1A2|COL2A1|COL4A1|COL4A2|COL4A3|COL4A4|COL4A5|COL4A6|COL6A1|COL6A2|COL6A3|COL6A5|COL6A6|COL9A1|COL9A2|COMP|CREB1|CREB3|CREB3L1|CREB3L3|CREB3L4|CREB5|CRTC2|EGF|EGFR|EIF4E|EIF4E2|EPO|ERBB3|ERBB4|FASLG|FGF1|FGF8|FGFR1|FGFR2|FGFR3|FLT1|FLT3|FLT3LG|FN1|GNB1|GNB3|GNB4|GNB5|GNG2|GSK3B|GYS1|GYS2|HSP90AA1|HSP90AB1|HSP90B1|IBSP|IFNAR1|IKBKB|IKBKG|IL2|IL3|IL4R|IL6|IL6R|IL7|IL7R|INSR|ITGA1|ITGA10|ITGA11|ITGA2B|ITGA4|ITGA5|ITGA6|ITGA7|ITGA8|ITGA9|ITGAV|ITGB1|ITGB3|ITGB4|ITGB5|ITGB6|ITGB7|ITGB8|JAK1|JAK2|JAK3|KDR|KIT|KITLG|LAMA1|LAMA2|LAMA3|LAMA4|LAMB1|LAMB3|LAMB4|LAMC1|LAMC3|LPAR1|MAGI1|MAGI2|MAP2K1|MAPK1|MDM2|MET|MLST8|MTCP1|MTOR|MYB|NFKB1|NR4A1|NTRK1|NTRK2|OSMR|PDGFD|PDGFRA|PDPK1|PHLPP1|PHLPP2|PIK3AP1|PIK3CA|PIK3CB|PIK3CG|PIK3R3|PIK3R5|PKN1|PKN2|PKN3|PPP2R1A|PPP2R1B|PPP2R2A|PPP2R2C|PPP2R2D|PPP2R3A|PPP2R3C|PPP2R5A|PPP2R5C|PPP2R5D|PRKAA1|PRKAA2|PRKCA|PRL|PRLR|PTEN|PTK2|RAC1|RAF1|RBL2|RELN|RET|RPS6|RPS6KB1|RPTOR|SGK2|SGK3|SOS1|SOS2|SPP1|SYK|THBS1|THBS2|THBS3|THBS4|THEM4|TNC|TNN|TNR|TP53|TSC1|TSC2|VEGFC|VEGFD|VTN|VWF|YWHAB|YWHAE|YWHAZ,,0,chimpanzee:BCL2L1|PPP2R2B; human:C8orf44-SGK3|CSH1|CSH2|CSHL1|FLT4|GH2|IL3RA|LAMA5|LAMC2|LPAR3|P3R3URF-PIK3R3|PDGFA|TNXB; sorangutan:FGF1|GNB3|GNG2|HSP90AA1|PKN1|PPP2R2C,chimpanzee:2; human:13; sorangutan:6
ABC transporters-Nomascus leucogenys (northern white-cheeked gibbon),1,gibbon,gibbon:30,gibbon:ABCA1|ABCA12|ABCA13|ABCA4|ABCB1|ABCB10|ABCB4|ABCB6|ABCB7|ABCB8|ABCC10|ABCC12|ABCC2|ABCC4|ABCC5|ABCC8|ABCC9|ABCD2|ABCD3|ABCG1|ABCG4|CFTR|TAP1|TAP2,,0,gibbon:ABCA1|ABCA12|ABCA13|ABCA4|ABCB1|ABCB10|ABCB4|ABCB6|ABCB7|ABCB8|ABCC10|ABCC12|ABCC2|ABCC4|ABCC5|ABCC8|ABCC9|ABCD2|ABCD3|ABCG1|ABCG4|CFTR|TAP1|TAP2,gibbon:24
ECM-receptor interaction-Nomascus leucogenys (northern white-cheeked gibbon),1,gibbon,gibbon:73,gibbon:CD36|COL1A1|COL1A2|COL2A1|COL4A1|COL4A2|COL4A3|COL4A4|COL4A5|COL4A6|COL6A2|COL6A3|COL6A5|COL6A6|COL9A1|COL9A2|DSPP|FN1|FRAS1|FREM1|FREM2|HMMR|HSPG2|IBSP|ITGA1|ITGA10|ITGA11|ITGA2|ITGA2B|ITGA4|ITGA5|ITGA6|ITGA8|ITGA9|ITGAV|ITGB1|ITGB3|ITGB4|ITGB5|ITGB6|ITGB7|ITGB8|LAMA1|LAMA2|LAMA3|LAMA4|LAMA5|LAMB1|LAMB2|LAMB3|LAMB4|LAMC1|LAMC3|MEPE|RELN|SDC4|SPP1|SV2A|SV2B|SV2C|THBS1|THBS2|THBS3|THBS4|TNC|TNN|TNR|TNXB|VWF,,0,gibbon:CD36|COL1A1|COL1A2|COL2A1|COL4A1|COL4A2|COL4A3|COL4A4|COL4A5|COL4A6|COL6A2|COL6A3|COL6A5|COL6A6|COL9A1|COL9A2|DSPP|FN1|FRAS1|FREM1|FREM2|HMMR|HSPG2|IBSP|ITGA1|ITGA10|ITGA11|ITGA2|ITGA2B|ITGA4|ITGA5|ITGA6|ITGA8|ITGA9|ITGAV|ITGB1|ITGB3|ITGB4|ITGB5|ITGB6|ITGB7|ITGB8|LAMA1|LAMA2|LAMA3|LAMA4|LAMA5|LAMB1|LAMB2|LAMB3|LAMB4|LAMC1|LAMC3|MEPE|RELN|SDC4|SPP1|SV2A|SV2B|SV2C|THBS1|THBS2|THBS3|THBS4|TNC|TNN|TNR|TNXB|VWF,gibbon:69
Nucleocytoplasmic transport-Nomascus leucogenys (northern white-cheeked gibbon),1,gibbon,gibbon:75,gibbon:AAAS|ACIN1|CASC3|CSE1L|EIF4A3|GLE1|IPO11|IPO13|IPO4|IPO5|IPO7|IPO8|IPO9|KPNA1|KPNA2|KPNA3|KPNA5|KPNA6|KPNA7|KPNB1|MAGOH|NCBP1|NCBP2|NDC1|NMD3|NUP107|NUP133|NUP153|NUP155|NUP160|NUP188|NUP205|NUP210|NUP210L|NUP214|NUP35|NUP37|NUP42|NUP43|NUP54|NUP58|NUP85|NUP93|NUP98|NXF3|PHAX|PNN|RANBP17|RNPS1|SEC13|SEH1L|SENP2|SRRM1|THOC1|THOC2|THOC5|TMEM33|TNPO1|TNPO2|TNPO3|UPF1|UPF2|UPF3A|UPF3B|XPO1|XPO4|XPO5|XPO6|XPO7|XPOT,,0,gibbon:AAAS|ACIN1|CASC3|CSE1L|EIF4A3|GLE1|IPO11|IPO13|IPO4|IPO5|IPO7|IPO8|IPO9|KPNA1|KPNA2|KPNA3|KPNA5|KPNA6|KPNA7|KPNB1|MAGOH|NCBP1|NCBP2|NDC1|NMD3|NUP107|NUP133|NUP153|NUP155|NUP160|NUP188|NUP205|NUP210|NUP210L|NUP214|NUP35|NUP37|NUP42|NUP43|NUP54|NUP58|NUP85|NUP93|NUP98|NXF3|PHAX|PNN|RANBP17|RNPS1|SEC13|SEH1L|SENP2|SRRM1|THOC1|THOC2|THOC5|TMEM33|TNPO1|TNPO2|TNPO3|UPF1|UPF2|UPF3A|UPF3B|XPO1|XPO4|XPO5|XPO6|XPO7|XPOT,gibbon:70
Lysine degradation-Nomascus leucogenys (northern white-cheeked gibbon),1,gibbon,gibbon:44,gibbon:AADAT|AASS|ACAT2|ALDH2|ALDH3A2|ALDH7A1|ALDH9A1|ASH1L|BBOX1|CAMKMT|COLGALT2|DHTKD1|DLD|DLST|EHHADH|EHMT1|EHMT2|EZH2|HYKK|KMT2A|KMT2C|KMT2D|KMT2E|KMT5B|MECOM|NSD1|NSD2|NSD3|PIPOX|PLOD2|PLOD3|PRDM16|SETD1B|SETD2|SMYD1|SMYD2|SUV39H1|SUV39H2|TMLHE,,0,gibbon:AADAT|AASS|ACAT2|ALDH2|ALDH3A2|ALDH7A1|ALDH9A1|ASH1L|BBOX1|CAMKMT|COLGALT2|DHTKD1|DLD|DLST|EHHADH|EHMT1|EHMT2|EZH2|HYKK|KMT2A|KMT2C|KMT2D|KMT2E|KMT5B|MECOM|NSD1|NSD2|NSD3|PIPOX|PLOD2|PLOD3|PRDM16|SETD1B|SETD2|SMYD1|SMYD2|SUV39H1|SUV39H2|TMLHE,gibbon:39
Inositol phosphate metabolism-Nomascus leucogenys (northern white-cheeked gibbon),1,gibbon,gibbon:52,gibbon:ALDH6A1|FIG4|INPP4A|INPP4B|INPP5A|INPP5B|INPP5D|INPP5F|INPP5J|IPPK|ITPKB|MINPP1|MTM1|MTMR1|MTMR14|MTMR2|MTMR3|MTMR4|MTMR6|MTMR7|OCRL|PI4K2A|PI4K2B|PI4KA|PI4KB|PIK3C2A|PIK3C2B|PIK3C3|PIK3CA|PIK3CB|PIK3CG|PIKFYVE|PIP4K2A|PIP4K2B|PIP5K1A|PIP5K1B|PLCB1|PLCB2|PLCB3|PLCB4|PLCD1|PLCD4|PLCE1|PLCG2|PLCH1|PLCH2|PLCZ1|PTEN|SACM1L|SYNJ2|TPI1,,0,gibbon:ALDH6A1|FIG4|INPP4A|INPP4B|INPP5A|INPP5B|INPP5D|INPP5F|INPP5J|IPPK|ITPKB|MINPP1|MTM1|MTMR1|MTMR14|MTMR2|MTMR3|MTMR4|MTMR6|MTMR7|OCRL|PI4K2A|PI4K2B|PI4KA|PI4KB|PIK3C2A|PIK3C2B|PIK3C3|PIK3CA|PIK3CB|PIK3CG|PIKFYVE|PIP4K2A|PIP4K2B|PIP5K1A|PIP5K1B|PLCB1|PLCB2|PLCB3|PLCB4|PLCD1|PLCD4|PLCE1|PLCG2|PLCH1|PLCH2|PLCZ1|PTEN|SACM1L|SYNJ2|TPI1,gibbon:51
Phosphatidylinositol signaling system-Nomascus leucogenys (northern white-cheeked gibb,1,gibbon,gibbon:68,gibbon:CALM1|CDS1|CDS2|DGKA|DGKB|DGKD|DGKG|DGKH|DGKI|DGKZ|INPP4A|INPP4B|INPP5A|INPP5B|INPP5D|INPP5F|IPPK|ITPKB|ITPR1|ITPR2|ITPR3|MTM1|MTMR1|MTMR14|MTMR2|MTMR3|MTMR4|MTMR6|MTMR7|OCRL|PI4K2A|PI4K2B|PI4KA|PI4KB|PIK3C2A|PIK3C2B|PIK3C3|PIK3CA|PIK3CB|PIK3R1|PIK3R3|PIKFYVE|PIP4K2A|PIP4K2B|PIP4K2C|PIP4P1|PIP5K1A|PIP5K1B|PLCB1|PLCB2|PLCB3|PLCB4|PLCD1|PLCD4|PLCE1|PLCG2|PLCZ1|PPIP5K1|PPIP5K2|PRKCA|PRKCB|PRKCG|PTEN|SACM1L|SYNJ2,,0,gibbon:CALM1|CDS1|CDS2|DGKA|DGKB|DGKD|DGKG|DGKH|DGKI|DGKZ|INPP4A|INPP4B|INPP5A|INPP5B|INPP5D|INPP5F|IPPK|ITPKB|ITPR1|ITPR2|ITPR3|MTM1|MTMR1|MTMR14|MTMR2|MTMR3|MTMR4|MTMR6|MTMR7|OCRL|PI4K2A|PI4K2B|PI4KA|PI4KB|PIK3C2A|PIK3C2B|PIK3C3|PIK3CA|PIK3CB|PIK3R1|PIK3R3|PIKFYVE|PIP4K2A|PIP4K2B|PIP4K2C|PIP4P1|PIP5K1A|PIP5K1B|PLCB1|PLCB2|PLCB3|PLCB4|PLCD1|PLCD4|PLCE1|PLCG2|PLCZ1|PPIP5K1|PPIP5K2|PRKCA|PRKCB|PRKCG|PTEN|SACM1L|SYNJ2,gibbon:65
Cell cycle-Nomascus leucogenys (northern white-cheeked gibbon),1,gibbon,gibbon:106,gibbon:ANAPC1|ANAPC10|ANAPC2|ANAPC4|ANAPC5|ANAPC7|ATR|ATRX|BUB1|BUB3|CCNA1|CCNA2|CCNB1|CCNB2|CCNB3|CCND1|CCND2|CCNE1|CCNE2|CCNH|CDC14A|CDC14B|CDC16|CDC20|CDC23|CDC25A|CDC25C|CDC27|CDC45|CDK1|CDK4|CDK6|CDK7|CHEK2|CREBBP|CUL1|DBF4|DDX11|E2F3|E2F4|ESCO2|ESPL1|FBXO5|FZR1|GSK3B|HDAC1|HDAC2|HDAC8|KNL1|MAU2|MCM3|MCM4|MCM5|MCM6|MCM7|MDM2|MTBP|NDC80|NIPBL|ORC1|ORC2|ORC4|ORC5|PCNA|PDS5A|PDS5B|PPP2CA|PPP2CB|PPP2R1A|PPP2R1B|PPP2R5A|PPP2R5C|PPP2R5D|PPP2R5E|PRKDC|RAD21|RB1|RBL1|RBL2|SMAD4|SMC1A|SMC1B|SMC3|STAG1|STAG2|TFDP1|TFDP2|TGFB1|TGFB2|TGFB3|TICRR|TP53|TRIP13|TTK|WEE1|WEE2|YWHAB|YWHAE,,0,gibbon:ANAPC1|ANAPC10|ANAPC2|ANAPC4|ANAPC5|ANAPC7|ATR|ATRX|BUB1|BUB3|CCNA1|CCNA2|CCNB1|CCNB2|CCNB3|CCND1|CCND2|CCNE1|CCNE2|CCNH|CDC14A|CDC14B|CDC16|CDC20|CDC23|CDC25A|CDC25C|CDC27|CDC45|CDK1|CDK4|CDK6|CDK7|CHEK2|CREBBP|CUL1|DBF4|DDX11|E2F3|E2F4|ESCO2|ESPL1|FBXO5|FZR1|GSK3B|HDAC1|HDAC2|HDAC8|KNL1|MAU2|MCM3|MCM4|MCM5|MCM6|MCM7|MDM2|MTBP|NDC80|NIPBL|ORC1|ORC2|ORC4|ORC5|PCNA|PDS5A|PDS5B|PPP2CA|PPP2CB|PPP2R1A|PPP2R1B|PPP2R5A|PPP2R5C|PPP2R5D|PPP2R5E|PRKDC|RAD21|RB1|RBL1|RBL2|SMAD4|SMC1A|SMC1B|SMC3|STAG1|STAG2|TFDP1|TFDP2|TGFB1|TGFB2|TGFB3|TICRR|TP53|TRIP13|TTK|WEE1|WEE2|YWHAB|YWHAE,gibbon:98
mRNA surveillance pathway-Nomascus leucogenys (northern white-cheeked gibbon),1,gibbon,gibbon:59,gibbon:ACIN1|CASC3|CPSF2|CPSF3|CPSF4|CPSF7|CSTF1|CSTF2|CSTF3|EIF4A3|ETF1|FIP1L1|GLE1|GSPT1|HBS1L|MAGOH|MSI1|NCBP1|NCBP2|NXF3|PABPC1|PABPC4|PAPOLA|PCF11|PNN|PPP2CA|PPP2CB|PPP2R1A|PPP2R1B|PPP2R2A|PPP2R2D|PPP2R3A|PPP2R3C|PPP2R5A|PPP2R5C|PPP2R5D|PPP2R5E|RNGTT|RNMT|RNPS1|SMG5|SMG6|SMG7|SRRM1|SYMPK|TARDBP|UPF1|UPF2|UPF3A|UPF3B|WDR33|WDR82,,0,gibbon:ACIN1|CASC3|CPSF2|CPSF3|CPSF4|CPSF7|CSTF1|CSTF2|CSTF3|EIF4A3|ETF1|FIP1L1|GLE1|GSPT1|HBS1L|MAGOH|MSI1|NCBP1|NCBP2|NXF3|PABPC1|PABPC4|PAPOLA|PCF11|PNN|PPP2CA|PPP2CB|PPP2R1A|PPP2R1B|PPP2R2A|PPP2R2D|PPP2R3A|PPP2R3C|PPP2R5A|PPP2R5C|PPP2R5D|PPP2R5E|RNGTT|RNMT|RNPS1|SMG5|SMG6|SMG7|SRRM1|SYMPK|TARDBP|UPF1|UPF2|UPF3A|UPF3B|WDR33|WDR82,gibbon:52
Polycomb repressive complex-Nomascus leucogenys (northern white-cheeked gibbon),1,gibbon,gibbon:53,gibbon:AEBP2|ASXL1|ASXL2|ASXL3|AUTS2|BAP1|BCOR|BMI1|CBX3|CREBBP|E2F6|EED|EZH2|FBRS|FOXK2|HCFC1|HDAC1|HDAC2|KDM2A|KDM2B|L3MBTL1|L3MBTL2|L3MBTL3|L3MBTL4|MAX|MGA|MTF2|OGT|PCGF1|PCGF5|PHC1|PHC2|PHC3|PHF1|RBBP7|SCMH1|SCML1|SCML2|SFMBT1|SFMBT2|SUZ12|TEX10|TFDP1|UBE2D1|UBE2D2|UBE2D4|USP16|USP45|USP7,,0,gibbon:AEBP2|ASXL1|ASXL2|ASXL3|AUTS2|BAP1|BCOR|BMI1|CBX3|CREBBP|E2F6|EED|EZH2|FBRS|FOXK2|HCFC1|HDAC1|HDAC2|KDM2A|KDM2B|L3MBTL1|L3MBTL2|L3MBTL3|L3MBTL4|MAX|MGA|MTF2|OGT|PCGF1|PCGF5|PHC1|PHC2|PHC3|PHF1|RBBP7|SCMH1|SCML1|SCML2|SFMBT1|SFMBT2|SUZ12|TEX10|TFDP1|UBE2D1|UBE2D2|UBE2D4|USP16|USP45|USP7,gibbon:49
Purine metabolism-Nomascus leucogenys (northern white-cheeked gibbon),1,gibbon,gibbon:82,gibbon:ADCY10|ADCY2|ADCY3|ADCY5|ADCY6|ADCY8|ADCY9|ADK|ADSL|AK2|AK3|AK7|AK8|AK9|ALLC|AMPD2|AMPD3|ATIC|DGUOK|ENPP1|ENPP3|ENTPD1|ENTPD5|ENTPD6|ENTPD8|FHIT|GART|GDA|GMPR|GMPS|GUCY1A1|GUCY1B1|GUCY2C|GUCY2D|HDDC2|HPRT1|IMPDH2|LACC1|NME7|NPR2|NT5C2|NT5E|NUDT5|NUDT9|PAICS|PAPSS1|PAPSS2|PDE11A|PDE1A|PDE1B|PDE2A|PDE3A|PDE4A|PDE4B|PDE4D|PDE5A|PDE6A|PDE6B|PDE6C|PDE7A|PDE7B|PDE8A|PDE8B|PDE9A|PGM1|PGM2|PPAT|PRPS1|PRPS2|PRUNE1|RRM1|RRM2|RRM2B|XDH,,0,gibbon:ADCY10|ADCY2|ADCY3|ADCY5|ADCY6|ADCY8|ADCY9|ADK|ADSL|AK2|AK3|AK7|AK8|AK9|ALLC|AMPD2|AMPD3|ATIC|DGUOK|ENPP1|ENPP3|ENTPD1|ENTPD5|ENTPD6|ENTPD8|FHIT|GART|GDA|GMPR|GMPS|GUCY1A1|GUCY1B1|GUCY2C|GUCY2D|HDDC2|HPRT1|IMPDH2|LACC1|NME7|NPR2|NT5C2|NT5E|NUDT5|NUDT9|PAICS|PAPSS1|PAPSS2|PDE11A|PDE1A|PDE1B|PDE2A|PDE3A|PDE4A|PDE4B|PDE4D|PDE5A|PDE6A|PDE6B|PDE6C|PDE7A|PDE7B|PDE8A|PDE8B|PDE9A|PGM1|PGM2|PPAT|PRPS1|PRPS2|PRUNE1|RRM1|RRM2|RRM2B|XDH,gibbon:74
Glucagon signaling pathway-Nomascus leucogenys (northern white-cheeked gibbon),1,gibbon,gibbon:71,gibbon:ACACA|ACACB|ADCY2|AKT1|AKT3|ATF2|CALM1|CAMK2B|CAMK2D|CAMK2G|CPT1A|CPT1B|CREB1|CREB3|CREB3L2|CREB3L4|CREB5|CREBBP|CRTC2|FBP1|FBP2|GCGR|GYS1|GYS2|ITPR1|ITPR2|ITPR3|LDHA|LDHAL6A|LDHC|PDHA1|PDHB|PFKFB1|PFKM|PFKP|PGAM1|PHKA1|PHKA2|PHKB|PHKG2|PLCB1|PLCB2|PLCB3|PLCB4|PPARA|PPARGC1A|PPP3CA|PPP3CC|PPP4C|PPP4R3A|PPP4R3B|PRKAA1|PRKAA2|PRKAB1|PRKAB2|PRKACB|PRKAG1|PRKAG2|PRKAG3|PYGB|PYGL|SIK2|SIRT1|SLC2A1|SLC2A2,,0,gibbon:ACACA|ACACB|ADCY2|AKT1|AKT3|ATF2|CALM1|CAMK2B|CAMK2D|CAMK2G|CPT1A|CPT1B|CREB1|CREB3|CREB3L2|CREB3L4|CREB5|CREBBP|CRTC2|FBP1|FBP2|GCGR|GYS1|GYS2|ITPR1|ITPR2|ITPR3|LDHA|LDHAL6A|LDHC|PDHA1|PDHB|PFKFB1|PFKM|PFKP|PGAM1|PHKA1|PHKA2|PHKB|PHKG2|PLCB1|PLCB2|PLCB3|PLCB4|PPARA|PPARGC1A|PPP3CA|PPP3CC|PPP4C|PPP4R3A|PPP4R3B|PRKAA1|PRKAA2|PRKAB1|PRKAB2|PRKACB|PRKAG1|PRKAG2|PRKAG3|PYGB|PYGL|SIK2|SIRT1|SLC2A1|SLC2A2,gibbon:65
Spinocerebellar ataxia-Nomascus leucogenys (northern white-cheeked gibbon),1,gibbon,gibbon:95,gibbon:AFG3L2|AKT1|AKT3|AMBRA1|ATG13|ATG14|ATG2B|ATP2A1|ATP2A2|ATXN10|ATXN2|ATXN2L|CACNA1A|DAB1|GRIA1|GRIA2|GRIA3|GRIN1|GRIN2B|GRIN3A|GRIN3B|GRM1|ITPR1|ITPR2|ITPR3|KCND3|MAP3K5|MAPK10|MAPK8|MAPK9|MCU|MTOR|NFYA|OMA1|OPA1|PIK3C3|PIK3CA|PIK3CB|PIK3R1|PIK3R3|PIK3R4|PLCB1|PLCB2|PLCB3|PLCB4|PRKCA|PRKCB|PRKCG|PSMA1|PSMA2|PSMA3|PSMA4|PSMA5|PSMA7|PSMA8|PSMB3|PSMB4|PSMB7|PSMC2|PSMC3|PSMC4|PSMC5|PSMD1|PSMD11|PSMD12|PSMD13|PSMD14|PSMD2|PSMD6|PUM1|PUM2|RB1CC1|RELN|RORA|RYR1|SLC25A31|SLC25A5|SPTBN2|TBP|TBPL2|TRAF2|TRPC3|ULK1|ULK2|VDAC1|VDAC2|VDAC3|VLDLR,,0,gibbon:AFG3L2|AKT1|AKT3|AMBRA1|ATG13|ATG14|ATG2B|ATP2A1|ATP2A2|ATXN10|ATXN2|ATXN2L|CACNA1A|DAB1|GRIA1|GRIA2|GRIA3|GRIN1|GRIN2B|GRIN3A|GRIN3B|GRM1|ITPR1|ITPR2|ITPR3|KCND3|MAP3K5|MAPK10|MAPK8|MAPK9|MCU|MTOR|NFYA|OMA1|OPA1|PIK3C3|PIK3CA|PIK3CB|PIK3R1|PIK3R3|PIK3R4|PLCB1|PLCB2|PLCB3|PLCB4|PRKCA|PRKCB|PRKCG|PSMA1|PSMA2|PSMA3|PSMA4|PSMA5|PSMA7|PSMA8|PSMB3|PSMB4|PSMB7|PSMC2|PSMC3|PSMC4|PSMC5|PSMD1|PSMD11|PSMD12|PSMD13|PSMD14|PSMD2|PSMD6|PUM1|PUM2|RB1CC1|RELN|RORA|RYR1|SLC25A31|SLC25A5|SPTBN2|TBP|TBPL2|TRAF2|TRPC3|ULK1|ULK2|VDAC1|VDAC2|VDAC3|VLDLR,gibbon:88
Focal adhesion-Nomascus leucogenys (northern white-cheeked gibbon),1,gibbon,gibbon:137,gibbon:ACTN1|ACTN4|AKT1|AKT3|BCAR1|BIRC2|BRAF|CCND1|CCND2|CDC42|COL1A1|COL1A2|COL2A1|COL4A1|COL4A2|COL4A3|COL4A4|COL4A5|COL4A6|COL6A2|COL6A3|COL6A5|COL6A6|COL9A1|COL9A2|CTNNB1|DIAPH1|DOCK1|EGF|EGFR|ELK1|ERBB2|FLNA|FLNB|FLT1|FN1|GSK3B|IBSP|ILK|ITGA1|ITGA10|ITGA11|ITGA2|ITGA2B|ITGA4|ITGA5|ITGA6|ITGA8|ITGA9|ITGAV|ITGB1|ITGB3|ITGB4|ITGB5|ITGB6|ITGB7|ITGB8|KDR|LAMA1|LAMA2|LAMA3|LAMA4|LAMA5|LAMB1|LAMB2|LAMB3|LAMB4|LAMC1|LAMC3|MAP2K1|MAPK1|MAPK10|MAPK8|MAPK9|MET|MYLK|PAK1|PAK2|PAK3|PARVA|PDGFA|PDGFD|PDGFRA|PIK3CA|PIK3CB|PIK3R1|PIK3R3|PIP5K1A|PIP5K1B|PPP1R12A|PRKCA|PRKCB|PRKCG|PTEN|PXN|RAC1|RAF1|RAP1A|RAP1B|RAPGEF1|RASGRF1|RELN|ROCK1|ROCK2|SHC1|SHC3|SHC4|SOS1|SOS2|SPP1|THBS1|THBS2|THBS3|THBS4|TLN1|TLN2|TNC|TNN|TNR|TNXB|VASP|VAV2|VAV3|VCL|VEGFC|VEGFD|VWF|XIAP,,0,gibbon:ACTN1|ACTN4|AKT1|AKT3|BCAR1|BIRC2|BRAF|CCND1|CCND2|CDC42|COL1A1|COL1A2|COL2A1|COL4A1|COL4A2|COL4A3|COL4A4|COL4A5|COL4A6|COL6A2|COL6A3|COL6A5|COL6A6|COL9A1|COL9A2|CTNNB1|DIAPH1|DOCK1|EGF|EGFR|ELK1|ERBB2|FLNA|FLNB|FLT1|FN1|GSK3B|IBSP|ILK|ITGA1|ITGA10|ITGA11|ITGA2|ITGA2B|ITGA4|ITGA5|ITGA6|ITGA8|ITGA9|ITGAV|ITGB1|ITGB3|ITGB4|ITGB5|ITGB6|ITGB7|ITGB8|KDR|LAMA1|LAMA2|LAMA3|LAMA4|LAMA5|LAMB1|LAMB2|LAMB3|LAMB4|LAMC1|LAMC3|MAP2K1|MAPK1|MAPK10|MAPK8|MAPK9|MET|MYLK|PAK1|PAK2|PAK3|PARVA|PDGFA|PDGFD|PDGFRA|PIK3CA|PIK3CB|PIK3R1|PIK3R3|PIP5K1A|PIP5K1B|PPP1R12A|PRKCA|PRKCB|PRKCG|PTEN|PXN|RAC1|RAF1|RAP1A|RAP1B|RAPGEF1|RASGRF1|RELN|ROCK1|ROCK2|SHC1|SHC3|SHC4|SOS1|SOS2|SPP1|THBS1|THBS2|THBS3|THBS4|TLN1|TLN2|TNC|TNN|TNR|TNXB|VASP|VAV2|VAV3|VCL|VEGFC|VEGFD|VWF|XIAP,gibbon:128
Human papillomavirus infection-Nomascus leucogenys (northern white-cheeked gibbon),1,gibbon,gibbon:204,gibbon:AKT1|AKT3|APC|APC2|ATP6AP1|ATP6V0A1|ATP6V0A2|ATP6V0A4|ATP6V1A|ATP6V1B1|ATP6V1B2|ATP6V1C1|ATP6V1C2|ATP6V1D|ATP6V1E1|ATP6V1H|ATR|CASP3|CASP8|CCNA1|CCNA2|CCND1|CCND2|CCNE1|CCNE2|CDC42|CDK4|CDK6|CHD4|CHUK|COL1A1|COL1A2|COL2A1|COL4A1|COL4A2|COL4A3|COL4A4|COL4A5|COL4A6|COL6A2|COL6A3|COL6A5|COL6A6|COL9A1|COL9A2|CREB1|CREB3|CREB3L2|CREB3L4|CREB5|CREBBP|CSNK1A1|CTNNB1|DLG1|DLG2|DLG3|DVL2|EGF|EGFR|FAS|FASLG|FN1|FZD3|FZD6|GSK3B|HDAC1|HDAC2|HES7|HEY1|HEY2|HEYL|IBSP|IFNAR1|IKBKB|IKBKE|IRF9|ITGA1|ITGA10|ITGA11|ITGA2|ITGA2B|ITGA4|ITGA5|ITGA6|ITGA8|ITGA9|ITGAV|ITGB1|ITGB3|ITGB4|ITGB5|ITGB6|ITGB7|ITGB8|JAG1|JAK1|LAMA1|LAMA2|LAMA3|LAMA4|LAMA5|LAMB1|LAMB2|LAMB3|LAMB4|LAMC1|LAMC3|LLGL1|LLGL2|MAGI1|MAML1|MAML3|MAP2K1|MAP2K2|MAPK1|MDM2|MFNG|MTOR|MX1|MX2|NFKB1|NFX1|NOTCH1|NOTCH2|NOTCH3|PALS1|PARD3|PARD6B|PATJ|PIK3CA|PIK3CB|PIK3R1|PIK3R3|PPP2CA|PPP2CB|PPP2R1A|PPP2R1B|PPP2R2A|PPP2R2D|PPP2R3A|PPP2R3C|PPP2R5A|PPP2R5C|PPP2R5D|PPP2R5E|PRKACB|PRKCI|PRKCZ|PSEN1|PTEN|PTGER4|PTGS2|PXN|RAF1|RB1|RBL1|RBL2|RBPJ|RELN|RPS6KB1|SCRIB|SOS1|SOS2|SPP1|STAT1|STAT2|TADA3|TBK1|TBP|TBPL2|TCIRG1|TERT|THBS1|THBS2|THBS3|THBS4|TLR3|TNC|TNFRSF1A|TNN|TNR|TNXB|TP53|TRADD|TRAF3|TSC1|TSC2|TYK2|UBE3A|UBR4|VWF,,0,gibbon:AKT1|AKT3|APC|APC2|ATP6AP1|ATP6V0A1|ATP6V0A2|ATP6V0A4|ATP6V1A|ATP6V1B1|ATP6V1B2|ATP6V1C1|ATP6V1C2|ATP6V1D|ATP6V1E1|ATP6V1H|ATR|CASP3|CASP8|CCNA1|CCNA2|CCND1|CCND2|CCNE1|CCNE2|CDC42|CDK4|CDK6|CHD4|CHUK|COL1A1|COL1A2|COL2A1|COL4A1|COL4A2|COL4A3|COL4A4|COL4A5|COL4A6|COL6A2|COL6A3|COL6A5|COL6A6|COL9A1|COL9A2|CREB1|CREB3|CREB3L2|CREB3L4|CREB5|CREBBP|CSNK1A1|CTNNB1|DLG1|DLG2|DLG3|DVL2|EGF|EGFR|FAS|FASLG|FN1|FZD3|FZD6|GSK3B|HDAC1|HDAC2|HES7|HEY1|HEY2|HEYL|IBSP|IFNAR1|IKBKB|IKBKE|IRF9|ITGA1|ITGA10|ITGA11|ITGA2|ITGA2B|ITGA4|ITGA5|ITGA6|ITGA8|ITGA9|ITGAV|ITGB1|ITGB3|ITGB4|ITGB5|ITGB6|ITGB7|ITGB8|JAG1|JAK1|LAMA1|LAMA2|LAMA3|LAMA4|LAMA5|LAMB1|LAMB2|LAMB3|LAMB4|LAMC1|LAMC3|LLGL1|LLGL2|MAGI1|MAML1|MAML3|MAP2K1|MAP2K2|MAPK1|MDM2|MFNG|MTOR|MX1|MX2|NFKB1|NFX1|NOTCH1|NOTCH2|NOTCH3|PALS1|PARD3|PARD6B|PATJ|PIK3CA|PIK3CB|PIK3R1|PIK3R3|PPP2CA|PPP2CB|PPP2R1A|PPP2R1B|PPP2R2A|PPP2R2D|PPP2R3A|PPP2R3C|PPP2R5A|PPP2R5C|PPP2R5D|PPP2R5E|PRKACB|PRKCI|PRKCZ|PSEN1|PTEN|PTGER4|PTGS2|PXN|RAF1|RB1|RBL1|RBL2|RBPJ|RELN|RPS6KB1|SCRIB|SOS1|SOS2|SPP1|STAT1|STAT2|TADA3|TBK1|TBP|TBPL2|TCIRG1|TERT|THBS1|THBS2|THBS3|THBS4|TLR3|TNC|TNFRSF1A|TNN|TNR|TNXB|TP53|TRADD|TRAF3|TSC1|TSC2|TYK2|UBE3A|UBR4|VWF,gibbon:191
Ubiquitin mediated proteolysis-Nomascus leucogenys (northern white-cheeked gibbon),1,gibbon,gibbon:86,gibbon:ANAPC1|ANAPC10|ANAPC2|ANAPC4|ANAPC5|ANAPC7|BIRC2|BIRC6|BRCA1|BTRC|CBL|CBLB|CDC16|CDC20|CDC23|CDC27|COP1|CUL1|CUL3|CUL4A|CUL4B|CUL5|DDB1|DDB2|FBXW11|FBXW7|FBXW8|FZR1|HERC1|HERC2|HERC3|HERC4|HUWE1|ITCH|KLHL13|MAP3K1|MDM2|MGRN1|PIAS1|PIAS2|PIAS3|PPIL2|PRPF19|RCHY1|RHOBTB1|RNF7|SAE1|SYVN1|TRAF6|TRIM37|TRIP12|UBA1|UBA2|UBA3|UBA6|UBA7|UBE2D1|UBE2D2|UBE2D4|UBE2E2|UBE2E3|UBE2J1|UBE2J2|UBE2K|UBE2N|UBE2O|UBE2Q1|UBE2Q2|UBE2U|UBE3A|UBE3B|UBE3C|UBE4A|UBE4B|UBR5|WWP1|WWP2|XIAP,,0,gibbon:ANAPC1|ANAPC10|ANAPC2|ANAPC4|ANAPC5|ANAPC7|BIRC2|BIRC6|BRCA1|BTRC|CBL|CBLB|CDC16|CDC20|CDC23|CDC27|COP1|CUL1|CUL3|CUL4A|CUL4B|CUL5|DDB1|DDB2|FBXW11|FBXW7|FBXW8|FZR1|HERC1|HERC2|HERC3|HERC4|HUWE1|ITCH|KLHL13|MAP3K1|MDM2|MGRN1|PIAS1|PIAS2|PIAS3|PPIL2|PRPF19|RCHY1|RHOBTB1|RNF7|SAE1|SYVN1|TRAF6|TRIM37|TRIP12|UBA1|UBA2|UBA3|UBA6|UBA7|UBE2D1|UBE2D2|UBE2D4|UBE2E2|UBE2E3|UBE2J1|UBE2J2|UBE2K|UBE2N|UBE2O|UBE2Q1|UBE2Q2|UBE2U|UBE3A|UBE3B|UBE3C|UBE4A|UBE4B|UBR5|WWP1|WWP2|XIAP,gibbon:78
Spliceosome-Nomascus leucogenys (northern white-cheeked gibbon),1,gibbon,gibbon:80,gibbon:ACIN1|AQR|BCAS2|CDC5L|CTNNBL1|CWC15|DDX23|DDX42|DDX46|DDX5|DHX15|DHX16|DHX38|EFTUD2|EIF4A3|HNRNPA1|HSPA8|ISY1|LSM2|LSM3|MAGOH|NCBP1|NCBP2|PLRG1|PPIE|PRPF18|PRPF19|PRPF3|PRPF4|PRPF40A|PRPF6|PRPF8|PUF60|RBM17|RBM25|SART1|SF3A1|SF3A3|SF3B1|SF3B2|SF3B3|SLU7|SMNDC1|SNRNP200|SNRNP40|SNRNP70|SNRPA|SNRPA1|SNRPB|SNRPB2|SNRPE|SNU13|SRSF1|SRSF10|SRSF2|SRSF5|SYF2|TCERG1|THOC1|THOC2|TRA2A|TRA2B|TXNL4A|U2SURP|USP39,,0,gibbon:ACIN1|AQR|BCAS2|CDC5L|CTNNBL1|CWC15|DDX23|DDX42|DDX46|DDX5|DHX15|DHX16|DHX38|EFTUD2|EIF4A3|HNRNPA1|HSPA8|ISY1|LSM2|LSM3|MAGOH|NCBP1|NCBP2|PLRG1|PPIE|PRPF18|PRPF19|PRPF3|PRPF4|PRPF40A|PRPF6|PRPF8|PUF60|RBM17|RBM25|SART1|SF3A1|SF3A3|SF3B1|SF3B2|SF3B3|SLU7|SMNDC1|SNRNP200|SNRNP40|SNRNP70|SNRPA|SNRPA1|SNRPB|SNRPB2|SNRPE|SNU13|SRSF1|SRSF10|SRSF2|SRSF5|SYF2|TCERG1|THOC1|THOC2|TRA2A|TRA2B|TXNL4A|U2SURP|USP39,gibbon:65
Cytoskeleton in muscle cells-Nomascus leucogenys (northern white-cheeked gibbon),1,gibbon,gibbon:145,gibbon:ACTG2|ACTN2|ACTN3|AMPD2|AMPD3|ANK2|ANK3|ANKRD1|ANKRD2|ATP1A1|ATP1B4|CAPZA1|CAPZA2|COL11A1|COL1A1|COL1A2|COL24A1|COL27A1|COL3A1|COL4A1|COL4A2|COL4A3|COL4A4|COL4A5|COL4A6|COL5A2|COL5A3|COL6A2|COL6A3|COL6A5|COL6A6|COL9A1|COL9A2|CSRP1|DAAM1|DAAM2|DES|DIAPH1|DIAPH2|DIAPH3|DMD|DSC2|DSG2|DSP|DTNA|ENO1|FBN1|FLNC|FMNL2|FMNL3|FN1|HSPG2|INF2|ITGA1|ITGA10|ITGA11|ITGA2|ITGA2B|ITGA4|ITGA5|ITGA6|ITGA8|ITGA9|ITGAV|ITGB1|ITGB3|ITGB4|ITGB5|ITGB6|ITGB7|ITGB8|JUP|LAMA1|LAMA2|LBR|LMNA|LMNB1|LMNB2|LMOD1|LMOD2|LMOD3|MYBPC1|MYH10|MYH11|MYH13|MYH14|MYH15|MYH3|MYH9|MYOM1|MYOM2|MYOT|NEB|NEBL|NRAP|OBSCN|PDLIM1|PDLIM4|SDC3|SDC4|SGCB|SGCE|SGCG|SGCZ|SPTAN1|SPTBN1|SPTBN2|SPTBN4|SUN1|SUN2|SYNE1|SYNE2|THBS1|THBS2|THBS3|THBS4|TLN1|TLN2|TMOD1|TMOD2|TMOD3|TNNC1|TNNI2|TPM2|TRIM54|TRIM55|TRIM63|VCL,,0,gibbon:ACTG2|ACTN2|ACTN3|AMPD2|AMPD3|ANK2|ANK3|ANKRD1|ANKRD2|ATP1A1|ATP1B4|CAPZA1|CAPZA2|COL11A1|COL1A1|COL1A2|COL24A1|COL27A1|COL3A1|COL4A1|COL4A2|COL4A3|COL4A4|COL4A5|COL4A6|COL5A2|COL5A3|COL6A2|COL6A3|COL6A5|COL6A6|COL9A1|COL9A2|CSRP1|DAAM1|DAAM2|DES|DIAPH1|DIAPH2|DIAPH3|DMD|DSC2|DSG2|DSP|DTNA|ENO1|FBN1|FLNC|FMNL2|FMNL3|FN1|HSPG2|INF2|ITGA1|ITGA10|ITGA11|ITGA2|ITGA2B|ITGA4|ITGA5|ITGA6|ITGA8|ITGA9|ITGAV|ITGB1|ITGB3|ITGB4|ITGB5|ITGB6|ITGB7|ITGB8|JUP|LAMA1|LAMA2|LBR|LMNA|LMNB1|LMNB2|LMOD1|LMOD2|LMOD3|MYBPC1|MYH10|MYH11|MYH13|MYH14|MYH15|MYH3|MYH9|MYOM1|MYOM2|MYOT|NEB|NEBL|NRAP|OBSCN|PDLIM1|PDLIM4|SDC3|SDC4|SGCB|SGCE|SGCG|SGCZ|SPTAN1|SPTBN1|SPTBN2|SPTBN4|SUN1|SUN2|SYNE1|SYNE2|THBS1|THBS2|THBS3|THBS4|TLN1|TLN2|TMOD1|TMOD2|TMOD3|TNNC1|TNNI2|TPM2|TRIM54|TRIM55|TRIM63|VCL,gibbon:128
Motor proteins-Nomascus leucogenys (northern white-cheeked gibbon),1,gibbon,gibbon:113,gibbon:ACTA2|ACTG2|ACTR10|ACTR1B|BICDL1|CAPZA1|CAPZA2|CENPE|DCTN1|DCTN2|DCTN4|DNAH1|DNAH10|DNAH11|DNAH12|DNAH2|DNAH3|DNAH5|DNAH6|DNAH7|DNAH8|DNAH9|DNAI1|DNAI2|DNAI3|DNAL1|DNAL4|DYNC1H1|DYNC1I1|DYNC1I2|DYNC1LI1|DYNC1LI2|DYNC2H1|HOOK3|KIF11|KIF12|KIF13A|KIF13B|KIF14|KIF15|KIF18A|KIF1B|KIF1C|KIF20A|KIF20B|KIF21A|KIF23|KIF27|KIF2A|KIF2C|KIF3A|KIF3C|KIF4A|KIF5A|KIF5B|KIF5C|KIF7|KIF9|KIFAP3|KIFC1|KIFC2|KIFC3|KLC1|KLC4|MYH10|MYH11|MYH13|MYH14|MYH15|MYH3|MYH9|MYO10|MYO15A|MYO16|MYO18A|MYO18B|MYO1B|MYO1C|MYO1D|MYO1E|MYO1G|MYO1H|MYO3A|MYO3B|MYO5A|MYO5B|MYO5C|MYO6|MYO7A|MYO7B|MYO9A|MYO9B|STARD9|TNNC1|TNNI2|TPM2|TUBB4A|TUBB4B|TUBD1|TUBE1,,0,gibbon:ACTA2|ACTG2|ACTR10|ACTR1B|BICDL1|CAPZA1|CAPZA2|CENPE|DCTN1|DCTN2|DCTN4|DNAH1|DNAH10|DNAH11|DNAH12|DNAH2|DNAH3|DNAH5|DNAH6|DNAH7|DNAH8|DNAH9|DNAI1|DNAI2|DNAI3|DNAL1|DNAL4|DYNC1H1|DYNC1I1|DYNC1I2|DYNC1LI1|DYNC1LI2|DYNC2H1|HOOK3|KIF11|KIF12|KIF13A|KIF13B|KIF14|KIF15|KIF18A|KIF1B|KIF1C|KIF20A|KIF20B|KIF21A|KIF23|KIF27|KIF2A|KIF2C|KIF3A|KIF3C|KIF4A|KIF5A|KIF5B|KIF5C|KIF7|KIF9|KIFAP3|KIFC1|KIFC2|KIFC3|KLC1|KLC4|MYH10|MYH11|MYH13|MYH14|MYH15|MYH3|MYH9|MYO10|MYO15A|MYO16|MYO18A|MYO18B|MYO1B|MYO1C|MYO1D|MYO1E|MYO1G|MYO1H|MYO3A|MYO3B|MYO5A|MYO5B|MYO5C|MYO6|MYO7A|MYO7B|MYO9A|MYO9B|STARD9|TNNC1|TNNI2|TPM2|TUBB4A|TUBB4B|TUBD1|TUBE1,gibbon:100
Protein processing in endoplasmic reticulum-Nomascus leucogenys (northern white-cheeke,1,gibbon,gibbon:102,gibbon:AMFR|ATF6|ATF6B|BAG1|BAG2|CANX|CAPN1|CRYAA|CRYAB|CUL1|DDOST|DERL1|DERL2|DNAJA2|DNAJB11|DNAJC10|DNAJC3|DNAJC5B|EDEM1|EDEM3|EIF2AK3|EIF2S1|ERLEC1|ERO1A|ERO1B|GANAB|HERPUD1|HSP90AA1|HSP90B1|HSPA4L|HSPA5|HSPA8|HSPH1|HYOU1|LMAN1|MAGT1|MAN1A2|MAP3K5|MAPK10|MAPK8|MAPK9|MARCHF6|MBTPS1|MBTPS2|NFE2L2|NGLY1|NPLOC4|NSFL1C|OS9|PDIA3|PDIA6|PLAA|PREB|RAD23A|RAD23B|RPN1|RPN2|RRBP1|SAR1A|SEC13|SEC23A|SEC24A|SEC24B|SEC24D|SEC31A|SEC31B|SEC61A1|SEC61A2|SEC62|SEC63|SEL1L|SEL1L2|SIL1|SSR1|STT3A|STT3B|SVIP|SYVN1|TMEM258|TRAF2|TRAM1|TUSC3|TXNDC5|UBE2D1|UBE2D2|UBE2D4|UBE2J1|UBE2J2|UBE4B|UBQLN1|UBXN1|UBXN4|UBXN8|UFD1|UGGT1|VCP,,0,gibbon:AMFR|ATF6|ATF6B|BAG1|BAG2|CANX|CAPN1|CRYAA|CRYAB|CUL1|DDOST|DERL1|DERL2|DNAJA2|DNAJB11|DNAJC10|DNAJC3|DNAJC5B|EDEM1|EDEM3|EIF2AK3|EIF2S1|ERLEC1|ERO1A|ERO1B|GANAB|HERPUD1|HSP90AA1|HSP90B1|HSPA4L|HSPA5|HSPA8|HSPH1|HYOU1|LMAN1|MAGT1|MAN1A2|MAP3K5|MAPK10|MAPK8|MAPK9|MARCHF6|MBTPS1|MBTPS2|NFE2L2|NGLY1|NPLOC4|NSFL1C|OS9|PDIA3|PDIA6|PLAA|PREB|RAD23A|RAD23B|RPN1|RPN2|RRBP1|SAR1A|SEC13|SEC23A|SEC24A|SEC24B|SEC24D|SEC31A|SEC31B|SEC61A1|SEC61A2|SEC62|SEC63|SEL1L|SEL1L2|SIL1|SSR1|STT3A|STT3B|SVIP|SYVN1|TMEM258|TRAF2|TRAM1|TUSC3|TXNDC5|UBE2D1|UBE2D2|UBE2D4|UBE2J1|UBE2J2|UBE4B|UBQLN1|UBXN1|UBXN4|UBXN8|UFD1|UGGT1|VCP,gibbon:96
Metabolic pathways-Nomascus leucogenys (northern white-cheeked gibbon),1,gibbon,gibbon:760,gibbon:AACS|AADAT|AASDHPPT|AASS|ABAT|ABHD16A|ACAA1|ACAA2|ACACA|ACACB|ACAD8|ACADL|ACADM|ACADS|ACADSB|ACADVL|ACAT2|ACER3|ACLY|ACMSD|ACO1|ACO2|ACOD1|ACOT12|ACOT8|ACOX1|ACOX3|ACP2|ACSL1|ACSL3|ACSL4|ACSL5|ACSL6|ACSM3|ACSM4|ACSM5|ACSM6|ACSS2|ACSS3|ADCY10|ADCY2|ADCY3|ADCY5|ADCY6|ADCY8|ADCY9|ADH1B|ADH4|ADH5|ADH6|ADH7|ADI1|ADK|ADSL|AGK|AGL|AGPAT3|AGPAT5|AGPS|AHCY|AHCYL1|AHCYL2|AK2|AK7|AK8|AK9|AKR1A1|AKR1B1|AKR1D1|ALAD|ALAS1|ALDH18A1|ALDH1A1|ALDH1A2|ALDH1A3|ALDH1L1|ALDH1L2|ALDH2|ALDH3A1|ALDH3A2|ALDH4A1|ALDH5A1|ALDH6A1|ALDH7A1|ALDH8A1|ALDH9A1|ALDOB|ALG13|ALG3|ALG5|ALG8|ALG9|ALLC|ALOX15|ALPL|AMDHD1|AMPD2|AMPD3|AMT|ANPEP|APIP|ARG1|ARG2|ASAH1|ASH1L|ASL|ASNS|ATIC|ATP12A|ATP4B|ATP5F1A|ATP5F1B|ATP5MC1|ATP5MC3|ATP5PB|ATP5PD|ATP6AP1|ATP6V0A1|ATP6V0A2|ATP6V0A4|ATP6V1A|ATP6V1B1|ATP6V1B2|ATP6V1C1|ATP6V1C2|ATP6V1D|ATP6V1E1|ATP6V1H|B3GALNT2|B3GALT5|B3GAT2|B4GALNT1|B4GALNT2|B4GALNT3|B4GALT1|B4GALT4|B4GALT5|B4GALT7|BBOX1|BCAT1|BDH1|BHMT|BHMT2|BPNT1|BST1|BTD|CA1|CA13|CA14|CA2|CA5B|CA7|CA9|CAD|CAMKMT|CAT|CD38|CDS1|CDS2|CEL|CEPT1|CERK|CERS3|CERS6|CHAC1|CHDH|CHKA|CHKB|CHPF2|CHPT1|CKMT2|CMAS|CNDP1|CNDP2|COLGALT2|COQ3|COQ4|COQ6|COX10|COX15|CPS1|CRPPA|CRYL1|CS|CSAD|CSGALNACT1|CTH|CTPS1|CTPS2|CYP24A1|CYP26A1|CYP27A1|CYP2C19|CYP2E1|CYP2J2|CYP51A1|DBT|DCT|DCTD|DCXR|DDC|DDOST|DERA|DGKA|DGKB|DGKD|DGKG|DGKH|DGKI|DGKZ|DGUOK|DHODH|DHTKD1|DLD|DLST|DMGDH|DNMT1|DNMT3A|DPYD|DPYS|DSE|EHHADH|EHMT1|EHMT2|ELOVL1|ELOVL2|ELOVL3|ELOVL5|ENO1|ENOSF1|ENPP1|ENPP2|ENPP3|ENTPD1|ENTPD3|ENTPD5|ENTPD6|ENTPD8|EPHX2|EPRS1|ESD|ETHE1|ETNPPL|EXT1|EXT2|EXTL1|EZH2|FBP1|FBP2|FCSK|FDFT1|FDPS|FECH|FH|FHIT|FIG4|FMO3|FMO4|FOLH1|GAA|GAD1|GAD2|GADL1|GALC|GALK2|GALNS|GALNT1|GALNT10|GALNT11|GALNT13|GALNT16|GALNT17|GALNT2|GALNT3|GALNT5|GALNT7|GALNTL6|GALT|GANAB|GAPDH|GART|GATB|GATM|GBA2|GBE1|GBGT1|GCLC|GCLM|GCSH|GDA|GDPD1|GFPT1|GFPT2|GGCT|GK|GLB1|GLCE|GLDC|GLO1|GLS2|GLUL|GMDS|GMPR|GMPS|GNE|GNS|GPAM|GPAT3|GPAT4|GPHN|GPLD1|GPT2|GSR|GSTA4|GSTK1|GSTM3|GSTO1|GSTO2|GUCY1A1|GUCY1B1|GUCY2C|GUCY2D|GYG2|GYS1|GYS2|HACD2|HACD3|HACD4|HADHB|HAL|HAO1|HAO2|HCCS|HDC|HDDC2|HEXB|HGD|HGSNAT|HIBCH|HK1|HK2|HK3|HKDC1|HLCS|HMGCL|HMGCR|HMOX1|HPGDS|HPRT1|HPSE|HPSE2|HSD17B11|HSD17B12|HSD17B3|HSD17B4|HSD17B7|HSD17B8|HYAL2|HYAL4|HYI|HYKK|IDH3A|IDH3B|IDH3G|IDO1|IMPDH2|INPP4A|INPP4B|INPP5A|INPP5B|INPP5D|INPP5F|INPP5J|IPPK|ITPKB|IVD|KDSR|KL|KMO|KMT2A|KMT2C|KMT2D|KMT2E|KMT5B|KYAT3|KYNU|L2HGDH|LACC1|LANCL1|LAP3|LBR|LCLAT1|LDHA|LDHAL6A|LDHC|LIAS|LIPF|LIPG|LPCAT2|LPCAT4|LPIN1|LPIN2|LSS|LTA4H|MAN1A1|MAN1A2|MAN2A1|MAN2A2|MAOA|MAOB|MARS1|MAT2A|MAT2B|MCCC1|MCCC2|MDH1|MDH2|ME1|ME3|MECOM|MGAM|MGAM2|MGAT4A|MGAT4C|MGAT5|MGLL|MGST1|MGST3|MINPP1|MMUT|MOCOS|MOCS1|MSMO1|MTAP|MTFMT|MTHFD1|MTHFD1L|MTHFD2|MTM1|MTMR1|MTMR14|MTMR2|MTMR3|MTMR4|MTMR6|MTMR7|MTR|MVK|NADK2|NAGK|NAMPT|NANS|NDST1|NDUFA5|NDUFA8|NDUFA9|NDUFAB1|NDUFB5|NDUFS1|NDUFS2|NDUFS3|NDUFS4|NDUFV1|NDUFV2|NEU3|NIT2|NME7|NMNAT1|NMNAT2|NNT|NOS1|NOS2|NPL|NPR2|NSD1|NSD2|NSD3|NT5C2|NT5C3A|NT5C3B|NT5E|NUDT5|NUDT9|OAT|OCRL|ODC1|OGDH|OGDHL|OTC|OXCT1|P4HA1|P4HA2|P4HA3|PAFAH1B1|PAFAH1B2|PAFAH1B3|PAH|PAICS|PANK3|PAPSS1|PAPSS2|PCBD1|PCBD2|PCCA|PCCB|PCYT1A|PCYT1B|PDE11A|PDE1A|PDE1B|PDE2A|PDE3A|PDE4A|PDE4B|PDE4D|PDE5A|PDE6A|PDE6B|PDE6C|PDE7A|PDE7B|PDE8A|PDE8B|PDE9A|PDHA1|PDHB|PDHX|PEMT|PFKFB1|PFKFB3|PFKFB4|PFKM|PFKP|PGAM1|PGAP1|PGAP2|PGAP3|PGD|PGM1|PGM2|PGM2L1|PGM3|PGS1|PHGDH|PI4K2A|PI4K2B|PI4KA|PI4KB|PIGB|PIGF|PIGG|PIGK|PIGN|PIGO|PIGS|PIGT|PIGU|PIK3C2A|PIK3C2B|PIK3C2G|PIK3C3|PIK3CA|PIK3CB|PIK3CG|PIKFYVE|PIP4K2A|PIP4K2B|PIP4K2C|PIP5K1A|PIP5K1B|PIPOX|PKLR|PLA2G4A|PLA2G4C|PLA2G4D|PLA2G4E|PLA2G4F|PLA2G7|PLB1|PLCB1|PLCB2|PLCB3|PLCB4|PLCD1|PLCD4|PLCE1|PLCG2|PLCH1|PLCH2|PLCZ1|PLD1|PLD2|PLOD2|PLOD3|PLPP1|PLPP3|PMM1|PMM2|PNLIPRP1|PNLIPRP3|PNPLA4|PNPO|POMGNT1|POMT1|PPAT|PPOX|PPT1|PRDM16|PRODH2|PRPS1|PRPS2|PRUNE1|PSAT1|PSPH|PTDSS1|PTEN|PTGS2|PTS|PYCR2|PYGB|PYGL|QRSL1|RFK|RGN|RPE65|RPIA|RPN1|RPN2|RRM1|RRM2|RRM2B|SACM1L|SARDH|SARM1|SAT2|SCP2|SDR16C5|SDSL|SELENBP1|SEPSECS|SETD1B|SETD2|SGPL1|SGPP1|SGPP2|SI|SIRT1|SIRT2|SIRT5|SIRT7|SLC33A1|SMPD1|SMPD2|SMS|SMYD1|SMYD2|SORD|SPTLC1|SPTLC2|SQLE|SQOR|ST3GAL2|ST3GAL4|ST3GAL5|ST6GAL2|ST6GALNAC1|ST6GALNAC2|ST6GALNAC3|ST8SIA1|STT3A|STT3B|SUCLA2|SULT1E1|SUV39H1|SUV39H2|SYNJ2|TAT|TBXAS1|TCIRG1|TGDS|THEM4|THTPA|TK2|TKFC|TKTL1|TMLHE|TPH1|TPI1|TPK1|TREH|TRIT1|TXNDC12|TYRP1|UCK1|UGCG|UGDH|UGP2|UMPS|UPP1|UQCRC2|UROD|UXS1|XDH|XYLB,,0,gibbon:AACS|AADAT|AASDHPPT|AASS|ABAT|ABHD16A|ACAA1|ACAA2|ACACA|ACACB|ACAD8|ACADL|ACADM|ACADS|ACADSB|ACADVL|ACAT2|ACER3|ACLY|ACMSD|ACO1|ACO2|ACOD1|ACOT12|ACOT8|ACOX1|ACOX3|ACP2|ACSL1|ACSL3|ACSL4|ACSL5|ACSL6|ACSM3|ACSM4|ACSM5|ACSM6|ACSS2|ACSS3|ADCY10|ADCY2|ADCY3|ADCY5|ADCY6|ADCY8|ADCY9|ADH1B|ADH4|ADH5|ADH6|ADH7|ADI1|ADK|ADSL|AGK|AGL|AGPAT3|AGPAT5|AGPS|AHCY|AHCYL1|AHCYL2|AK2|AK7|AK8|AK9|AKR1A1|AKR1B1|AKR1D1|ALAD|ALAS1|ALDH18A1|ALDH1A1|ALDH1A2|ALDH1A3|ALDH1L1|ALDH1L2|ALDH2|ALDH3A1|ALDH3A2|ALDH4A1|ALDH5A1|ALDH6A1|ALDH7A1|ALDH8A1|ALDH9A1|ALDOB|ALG13|ALG3|ALG5|ALG8|ALG9|ALLC|ALOX15|ALPL|AMDHD1|AMPD2|AMPD3|AMT|ANPEP|APIP|ARG1|ARG2|ASAH1|ASH1L|ASL|ASNS|ATIC|ATP12A|ATP4B|ATP5F1A|ATP5F1B|ATP5MC1|ATP5MC3|ATP5PB|ATP5PD|ATP6AP1|ATP6V0A1|ATP6V0A2|ATP6V0A4|ATP6V1A|ATP6V1B1|ATP6V1B2|ATP6V1C1|ATP6V1C2|ATP6V1D|ATP6V1E1|ATP6V1H|B3GALNT2|B3GALT5|B3GAT2|B4GALNT1|B4GALNT2|B4GALNT3|B4GALT1|B4GALT4|B4GALT5|B4GALT7|BBOX1|BCAT1|BDH1|BHMT|BHMT2|BPNT1|BST1|BTD|CA1|CA13|CA14|CA2|CA5B|CA7|CA9|CAD|CAMKMT|CAT|CD38|CDS1|CDS2|CEL|CEPT1|CERK|CERS3|CERS6|CHAC1|CHDH|CHKA|CHKB|CHPF2|CHPT1|CKMT2|CMAS|CNDP1|CNDP2|COLGALT2|COQ3|COQ4|COQ6|COX10|COX15|CPS1|CRPPA|CRYL1|CS|CSAD|CSGALNACT1|CTH|CTPS1|CTPS2|CYP24A1|CYP26A1|CYP27A1|CYP2C19|CYP2E1|CYP2J2|CYP51A1|DBT|DCT|DCTD|DCXR|DDC|DDOST|DERA|DGKA|DGKB|DGKD|DGKG|DGKH|DGKI|DGKZ|DGUOK|DHODH|DHTKD1|DLD|DLST|DMGDH|DNMT1|DNMT3A|DPYD|DPYS|DSE|EHHADH|EHMT1|EHMT2|ELOVL1|ELOVL2|ELOVL3|ELOVL5|ENO1|ENOSF1|ENPP1|ENPP2|ENPP3|ENTPD1|ENTPD3|ENTPD5|ENTPD6|ENTPD8|EPHX2|EPRS1|ESD|ETHE1|ETNPPL|EXT1|EXT2|EXTL1|EZH2|FBP1|FBP2|FCSK|FDFT1|FDPS|FECH|FH|FHIT|FIG4|FMO3|FMO4|FOLH1|GAA|GAD1|GAD2|GADL1|GALC|GALK2|GALNS|GALNT1|GALNT10|GALNT11|GALNT13|GALNT16|GALNT17|GALNT2|GALNT3|GALNT5|GALNT7|GALNTL6|GALT|GANAB|GAPDH|GART|GATB|GATM|GBA2|GBE1|GBGT1|GCLC|GCLM|GCSH|GDA|GDPD1|GFPT1|GFPT2|GGCT|GK|GLB1|GLCE|GLDC|GLO1|GLS2|GLUL|GMDS|GMPR|GMPS|GNE|GNS|GPAM|GPAT3|GPAT4|GPHN|GPLD1|GPT2|GSR|GSTA4|GSTK1|GSTM3|GSTO1|GSTO2|GUCY1A1|GUCY1B1|GUCY2C|GUCY2D|GYG2|GYS1|GYS2|HACD2|HACD3|HACD4|HADHB|HAL|HAO1|HAO2|HCCS|HDC|HDDC2|HEXB|HGD|HGSNAT|HIBCH|HK1|HK2|HK3|HKDC1|HLCS|HMGCL|HMGCR|HMOX1|HPGDS|HPRT1|HPSE|HPSE2|HSD17B11|HSD17B12|HSD17B3|HSD17B4|HSD17B7|HSD17B8|HYAL2|HYAL4|HYI|HYKK|IDH3A|IDH3B|IDH3G|IDO1|IMPDH2|INPP4A|INPP4B|INPP5A|INPP5B|INPP5D|INPP5F|INPP5J|IPPK|ITPKB|IVD|KDSR|KL|KMO|KMT2A|KMT2C|KMT2D|KMT2E|KMT5B|KYAT3|KYNU|L2HGDH|LACC1|LANCL1|LAP3|LBR|LCLAT1|LDHA|LDHAL6A|LDHC|LIAS|LIPF|LIPG|LPCAT2|LPCAT4|LPIN1|LPIN2|LSS|LTA4H|MAN1A1|MAN1A2|MAN2A1|MAN2A2|MAOA|MAOB|MARS1|MAT2A|MAT2B|MCCC1|MCCC2|MDH1|MDH2|ME1|ME3|MECOM|MGAM|MGAM2|MGAT4A|MGAT4C|MGAT5|MGLL|MGST1|MGST3|MINPP1|MMUT|MOCOS|MOCS1|MSMO1|MTAP|MTFMT|MTHFD1|MTHFD1L|MTHFD2|MTM1|MTMR1|MTMR14|MTMR2|MTMR3|MTMR4|MTMR6|MTMR7|MTR|MVK|NADK2|NAGK|NAMPT|NANS|NDST1|NDUFA5|NDUFA8|NDUFA9|NDUFAB1|NDUFB5|NDUFS1|NDUFS2|NDUFS3|NDUFS4|NDUFV1|NDUFV2|NEU3|NIT2|NME7|NMNAT1|NMNAT2|NNT|NOS1|NOS2|NPL|NPR2|NSD1|NSD2|NSD3|NT5C2|NT5C3A|NT5C3B|NT5E|NUDT5|NUDT9|OAT|OCRL|ODC1|OGDH|OGDHL|OTC|OXCT1|P4HA1|P4HA2|P4HA3|PAFAH1B1|PAFAH1B2|PAFAH1B3|PAH|PAICS|PANK3|PAPSS1|PAPSS2|PCBD1|PCBD2|PCCA|PCCB|PCYT1A|PCYT1B|PDE11A|PDE1A|PDE1B|PDE2A|PDE3A|PDE4A|PDE4B|PDE4D|PDE5A|PDE6A|PDE6B|PDE6C|PDE7A|PDE7B|PDE8A|PDE8B|PDE9A|PDHA1|PDHB|PDHX|PEMT|PFKFB1|PFKFB3|PFKFB4|PFKM|PFKP|PGAM1|PGAP1|PGAP2|PGAP3|PGD|PGM1|PGM2|PGM2L1|PGM3|PGS1|PHGDH|PI4K2A|PI4K2B|PI4KA|PI4KB|PIGB|PIGF|PIGG|PIGK|PIGN|PIGO|PIGS|PIGT|PIGU|PIK3C2A|PIK3C2B|PIK3C2G|PIK3C3|PIK3CA|PIK3CB|PIK3CG|PIKFYVE|PIP4K2A|PIP4K2B|PIP4K2C|PIP5K1A|PIP5K1B|PIPOX|PKLR|PLA2G4A|PLA2G4C|PLA2G4D|PLA2G4E|PLA2G4F|PLA2G7|PLB1|PLCB1|PLCB2|PLCB3|PLCB4|PLCD1|PLCD4|PLCE1|PLCG2|PLCH1|PLCH2|PLCZ1|PLD1|PLD2|PLOD2|PLOD3|PLPP1|PLPP3|PMM1|PMM2|PNLIPRP1|PNLIPRP3|PNPLA4|PNPO|POMGNT1|POMT1|PPAT|PPOX|PPT1|PRDM16|PRODH2|PRPS1|PRPS2|PRUNE1|PSAT1|PSPH|PTDSS1|PTEN|PTGS2|PTS|PYCR2|PYGB|PYGL|QRSL1|RFK|RGN|RPE65|RPIA|RPN1|RPN2|RRM1|RRM2|RRM2B|SACM1L|SARDH|SARM1|SAT2|SCP2|SDR16C5|SDSL|SELENBP1|SEPSECS|SETD1B|SETD2|SGPL1|SGPP1|SGPP2|SI|SIRT1|SIRT2|SIRT5|SIRT7|SLC33A1|SMPD1|SMPD2|SMS|SMYD1|SMYD2|SORD|SPTLC1|SPTLC2|SQLE|SQOR|ST3GAL2|ST3GAL4|ST3GAL5|ST6GAL2|ST6GALNAC1|ST6GALNAC2|ST6GALNAC3|ST8SIA1|STT3A|STT3B|SUCLA2|SULT1E1|SUV39H1|SUV39H2|SYNJ2|TAT|TBXAS1|TCIRG1|TGDS|THEM4|THTPA|TK2|TKFC|TKTL1|TMLHE|TPH1|TPI1|TPK1|TREH|TRIT1|TXNDC12|TYRP1|UCK1|UGCG|UGDH|UGP2|UMPS|UPP1|UQCRC2|UROD|UXS1|XDH|XYLB,gibbon:704
Gastric acid secretion,1,gorilla,gorilla:14,gorilla:ADCY3|ADCY6|ADCY7|ATP1A2|ATP1A4|ATP1B1|ATP4B|ITPR2|KCNK10|KCNK2|MYLK3|PLCB2|PRKCB|SLC9A4,,0,gorilla:ADCY3|ADCY6|ADCY7|ATP1A2|ATP1A4|ATP1B1|ATP4B|ITPR2|KCNK10|KCNK2|MYLK3|PLCB2|PRKCB|SLC9A4,gorilla:14
Glutamatergic synapse,1,gorilla,gorilla:21,gorilla:ADCY3|ADCY6|ADCY7|DLG4|DLGAP1|GLS|GLS2|GLUL|GRIN2B|GRIN3A|HOMER1|HOMER2|ITPR2|KCNJ3|PLA2G4A|PLCB2|PLD2|PRKCB|SLC17A8|SLC38A1|SLC38A2,,0,gorilla:ADCY3|ADCY6|ADCY7|DLG4|DLGAP1|GLS|GLS2|GLUL|GRIN2B|GRIN3A|HOMER1|HOMER2|ITPR2|KCNJ3|PLA2G4A|PLCB2|PLD2|PRKCB|SLC17A8|SLC38A1|SLC38A2,gorilla:21
Herpes simplex virus 1 infection,1,gorilla,gorilla:34,gorilla:AKT3|APAF1|BST2|CASP8|EIF2AK2|EIF2AK3|EIF2AK4|EIF2B1|EIF2B2|EIF2B4|EIF2S1|FASLG|HCFC2|IFIH1|IFNG|IKBKE|IRAK4|IRF9|ITGA5|JAK2|NFKBIA|OAS2|PIK3R1|POU2F1|SP100|SRSF5|STAT1|STAT2|SYK|TBK1|TLR3|TRAF3|TSC1|ZC3HAV1,,0,gorilla:AKT3|APAF1|BST2|CASP8|EIF2AK2|EIF2AK3|EIF2AK4|EIF2B1|EIF2B2|EIF2B4|EIF2S1|FASLG|HCFC2|IFIH1|IFNG|IKBKE|IRAK4|IRF9|ITGA5|JAK2|NFKBIA|OAS2|PIK3R1|POU2F1|SP100|SRSF5|STAT1|STAT2|SYK|TBK1|TLR3|TRAF3|TSC1|ZC3HAV1,gorilla:34
JAK-STAT signaling pathway,1,gorilla,gorilla:30,gorilla:AKT3|AOX1|CCND2|CREBBP|IFNG|IL10|IL20|IL22|IL23A|IL26|IL4R|IL6R|IL7R|IRF9|JAK2|LIFR|PIAS1|PIAS2|PIAS3|PIK3R1|PRLR|PTPN2|PTPN6|SOS1|SOS2|STAM2|STAT1|STAT2|STAT4|STAT6,,0,gorilla:AKT3|AOX1|CCND2|CREBBP|IFNG|IL10|IL20|IL22|IL23A|IL26|IL4R|IL6R|IL7R|IRF9|JAK2|LIFR|PIAS1|PIAS2|PIAS3|PIK3R1|PRLR|PTPN2|PTPN6|SOS1|SOS2|STAM2|STAT1|STAT2|STAT4|STAT6,gorilla:30
Kaposi sarcoma-associated herpesvirus infection,1,gorilla,gorilla:30,gorilla:AKT3|ATG14|CASP8|CDK4|CREB1|CREBBP|EIF2AK2|FOS|GNB1|HIF1A|IRF9|ITPR2|JAK2|MAP2K1|MAP2K4|NFATC1|NFATC4|NFKBIA|PIK3C3|PIK3R1|PIK3R5|PLCG2|PTGS2|RPS27A|STAT1|STAT2|SYK|TBK1|TLR3|TRAF3,,0,gorilla:AKT3|ATG14|CASP8|CDK4|CREB1|CREBBP|EIF2AK2|FOS|GNB1|HIF1A|IRF9|ITPR2|JAK2|MAP2K1|MAP2K4|NFATC1|NFATC4|NFKBIA|PIK3C3|PIK3R1|PIK3R5|PLCG2|PTGS2|RPS27A|STAT1|STAT2|SYK|TBK1|TLR3|TRAF3,gorilla:30
Efferocytosis,1,gorilla,gorilla:28,gorilla:ABCA1|ADAM17|ANO6|ARG2|ARNT|ATP11A|ATP2A2|BCAR1|CREB1|DUSP16|GPR132|GULP1|HIF1A|IL10|JAK2|LRP1|MAP2K1|MFGE8|NFATC1|NFATC4|ODC1|PBX1|PTGER4|PTGS2|PTPN6|RAB17|THBS1|VPS39,,0,gorilla:ABCA1|ADAM17|ANO6|ARG2|ARNT|ATP11A|ATP2A2|BCAR1|CREB1|DUSP16|GPR132|GULP1|HIF1A|IL10|JAK2|LRP1|MAP2K1|MFGE8|NFATC1|NFATC4|ODC1|PBX1|PTGER4|PTGS2|PTPN6|RAB17|THBS1|VPS39,gorilla:28
Thermogenesis,1,gorilla,gorilla:30,gorilla:ACSL3|ADCY10|ADCY3|ADCY6|ADCY7|ATF2|ATP5F1A|ATP5F1B|ATP5MC3|ATP5PB|COA5|COX16|COX20|CREB1|CREB3|FRS2|KDM3A|NDUFA8|NDUFAF1|NDUFS1|NDUFS3|PRKAA1|PRKAB1|PRKAB2|SMARCA2|SMARCC2|SOS1|SOS2|TSC1|UQCRC2,,0,gorilla:ACSL3|ADCY10|ADCY3|ADCY6|ADCY7|ATF2|ATP5F1A|ATP5F1B|ATP5MC3|ATP5PB|COA5|COX16|COX20|CREB1|CREB3|FRS2|KDM3A|NDUFA8|NDUFAF1|NDUFS1|NDUFS3|PRKAA1|PRKAB1|PRKAB2|SMARCA2|SMARCC2|SOS1|SOS2|TSC1|UQCRC2,gorilla:30
Starch and sucrose metabolism,1,human,human:30,human:AGL|AMY1A|AMY1B|AMY1C|AMY2A|AMY2B|ENPP1|ENPP3|GAA|GANC|GBA3|GBE1|GPI|GYG1|GYG2|GYS1|GYS2|HK1|HK2|HK3|HKDC1|MGAM|PGM1|PGM2|PGM2L1|PYGB|PYGL|PYGM|SI|UGP2,,0,human:AGL|AMY1A|AMY1B|AMY1C|AMY2A|AMY2B|ENPP1|ENPP3|GAA|GANC|GBA3|GBE1|GPI|GYG1|GYG2|GYS1|GYS2|HK1|HK2|HK3|HKDC1|MGAM|PGM1|PGM2|PGM2L1|PYGB|PYGL|PYGM|SI|UGP2,human:30
Polycomb repressive complex,1,human,human:58,human:AEBP2|ASXL1|ASXL2|ASXL3|AUTS2|BAP1|BCOR|BMI1|CBX3|COMMD3-BMI1|CREBBP|E2F6|EED|EP300|EZH1|EZH2|FBRS|FOXK2|HCFC1|HDAC1|HDAC2|KDM2A|KDM2B|L3MBTL1|L3MBTL2|L3MBTL3|L3MBTL4|MAX|MBD6|MGA|OGT|PCGF1|PCGF5|PCGF6|PHC1|PHC2|PHC3|PHF1|RBBP4|RBBP7|RYBP|SCMH1|SCML1|SCML2|SFMBT1|SFMBT2|SKP1|SUZ12|TEX10|TFDP1|UBE2D1|UBE2D2|UBE2D3|UBE2D4|USP16|USP45|USP7|WDR5,,0,human:AEBP2|ASXL1|ASXL2|ASXL3|AUTS2|BAP1|BCOR|BMI1|CBX3|COMMD3-BMI1|CREBBP|E2F6|EED|EP300|EZH1|EZH2|FBRS|FOXK2|HCFC1|HDAC1|HDAC2|KDM2A|KDM2B|L3MBTL1|L3MBTL2|L3MBTL3|L3MBTL4|MAX|MBD6|MGA|OGT|PCGF1|PCGF5|PCGF6|PHC1|PHC2|PHC3|PHF1|RBBP4|RBBP7|RYBP|SCMH1|SCML1|SCML2|SFMBT1|SFMBT2|SKP1|SUZ12|TEX10|TFDP1|UBE2D1|UBE2D2|UBE2D3|UBE2D4|USP16|USP45|USP7|WDR5,human:58
Ubiquitin mediated proteolysis,2,human; sorangutan,human:92; sorangutan:89,human:ANAPC1|ANAPC10|ANAPC2|ANAPC4|ANAPC5|ANAPC7|BIRC2|BIRC6|BIRC7|BRCA1|BTRC|CBL|CBLB|CDC16|CDC20|CDC23|CDC27|COP1|CUL1|CUL2|CUL3|CUL4A|CUL4B|CUL5|DDB1|DDB2|ERCC8|FANCL|FBXW11|FBXW7|FBXW8|FZR1|HERC1|HERC2|HERC3|HERC4|HUWE1|KLHL13|MAP3K1|MDM2|MGRN1|MID1|NEDD4|NEDD4L|PIAS1|PIAS2|PIAS3|PPIL2|PRPF19|RCHY1|RHOBTB1|RNF7|RPS27A|SAE1|SKP1|STUB1|SYVN1|TRAF6|TRIM37|TRIP12|UBA1|UBA3|UBA6|UBA7|UBE2D1|UBE2D2|UBE2D3|UBE2D4|UBE2E1|UBE2E2|UBE2E3|UBE2J1|UBE2J2|UBE2K|UBE2N|UBE2O|UBE2Q1|UBE2Q2|UBE2R2|UBE2U|UBE2W|UBE2Z|UBE3A|UBE3B|UBE3C|UBE4A|UBE4B|UBOX5|UBR5|WWP1|WWP2; sorangutan:ANAPC1|ANAPC10|ANAPC2|ANAPC4|ANAPC5|ANAPC7|BIRC2|BIRC6|BRCA1|BTRC|CBL|CBLB|CDC16|CDC20|CDC23|CDC27|COP1|CUL1|CUL2|CUL3|CUL4A|CUL4B|CUL5|DDB1|DDB2|ERCC8|FANCL|FBXW11|FBXW7|FBXW8|FZR1|HERC1|HERC2|HERC3|HERC4|HUWE1|ITCH|KLHL13|MAP3K1|MGRN1|MID1|NEDD4L|PIAS1|PIAS2|PIAS3|PPIL2|PRPF19|RCHY1|RHOBTB1|RPS27A|SAE1|STUB1|SYVN1|TRAF6|TRIM37|TRIP12|UBA1|UBA2|UBA3|UBA6|UBE2D1|UBE2D2|UBE2E2|UBE2E3|UBE2J1|UBE2J2|UBE2K|UBE2N|UBE2O|UBE2Q1|UBE2Q2|UBE2R2|UBE2Z|UBE3A|UBE3B|UBE3C|UBE4A|UBE4B|UBOX5|UBR5|WWP1|WWP2,,0,human:BIRC7|MDM2|NEDD4|RNF7|SKP1|UBA7|UBE2D3|UBE2D4|UBE2E1|UBE2U|UBE2W; sorangutan:ITCH|UBA2,human:11; sorangutan:2
Insulin resistance,1,sorangutan,sorangutan:70,sorangutan:ACACB|AKT1|AKT2|AKT3|CD36|CPT1A|CPT1B|CREB1|CREB3|CREB3L1|CREB3L3|CREB3L4|CREB5|CRTC2|GFPT1|GFPT2|GSK3B|GYS1|GYS2|IKBKB|IL6|INSR|MAPK10|MAPK8|MAPK9|MLXIP|MLXIPL|MTOR|NFKB1|NR1H2|NR1H3|OGA|OGT|PDPK1|PIK3CA|PIK3CB|PIK3R3|PPARA|PPARGC1A|PPARGC1B|PRKAA1|PRKAA2|PRKAB2|PRKAG2|PRKAG3|PRKCB|PRKCD|PRKCE|PRKCQ|PRKCZ|PTEN|PTPA|PTPN1|PTPN11|PTPRF|PYGB|PYGL|RPS6KA1|RPS6KA2|RPS6KA3|RPS6KA6|RPS6KB1|SLC27A1|SLC27A2|SLC27A4|SLC27A5|SLC2A2|SLC2A4|STAT3|TBC1D4,,0,sorangutan:ACACB|AKT1|AKT2|AKT3|CD36|CPT1A|CPT1B|CREB1|CREB3|CREB3L1|CREB3L3|CREB3L4|CREB5|CRTC2|GFPT1|GFPT2|GSK3B|GYS1|GYS2|IKBKB|IL6|INSR|MAPK10|MAPK8|MAPK9|MLXIP|MLXIPL|MTOR|NFKB1|NR1H2|NR1H3|OGA|OGT|PDPK1|PIK3CA|PIK3CB|PIK3R3|PPARA|PPARGC1A|PPARGC1B|PRKAA1|PRKAA2|PRKAB2|PRKAG2|PRKAG3|PRKCB|PRKCD|PRKCE|PRKCQ|PRKCZ|PTEN|PTPA|PTPN1|PTPN11|PTPRF|PYGB|PYGL|RPS6KA1|RPS6KA2|RPS6KA3|RPS6KA6|RPS6KB1|SLC27A1|SLC27A2|SLC27A4|SLC27A5|SLC2A2|SLC2A4|STAT3|TBC1D4,sorangutan:70
