Region	Window_Size	Chromosome	SCFR_Name	Num_Raw_Peaks	Top_Peak_Count	Frequencies	Magnitudes	Periods	Metric
without_coding_region	5000	NC_072410.2	SCFR_NC_072410_2_122843980_122852263_frame_1_fft	2	2	0.166727;0.333333	4314.188;2632.054	6;3	0.2298569613120303
without_coding_region	5000	NC_072410.2	SCFR_NC_072410_2_120862939_120874378_frame_1_fft	22	3	0.250022;0.062505;0.312527	5487.194;4830.183;2919.240	4;16;3	0.19538006774412225
without_coding_region	5000	NC_072410.2	SCFR_NC_072410_2_120862920_120874362_frame_2_fft	23	3	0.062489;0.249956;0.437511	4768.526;3922.636;3463.112	16;4;2	0.22984642434932764
without_coding_region	5000	NC_072410.2	SCFR_NC_072410_2_120862925_120874493_frame_3_fft	24	3	0.250000;0.062500;0.437500	6122.817;4868.410;3561.575	4;16;2	0.2331625852876992
without_coding_region	5000	NC_072410.2	SCFR_NC_072410_2_122843981_122852264_frame3_fft	2	2	0.166727;0.333333	4314.731;2633.530	6;3	0.22987400889618279
without_coding_region	5000	NC_072410.2	SCFR_NC_072410_2_122843993_122852018_frame_3_fft	2	2	0.166604;0.333333	4029.986;2674.000	6;3	0.23310672628850956
without_coding_region	5000	NC_072410.2	SCFR_NC_072410_2_122843994_122852019_frame1_fft	2	2	0.166729;0.333333	4030.364;2674.000	6;3	0.23317812119926662
without_coding_region	5000	NC_072418.2	SCFR_NC_072418_2_61477835_61484528_frame3_fft	38	3	0.051845;0.025848;0.461527	1587.793;958.903;932.035	19;39;2	0.15444257410935194
without_coding_region	5000	NC_072418.2	SCFR_NC_072418_2_25823253_25828371_frame1_fft	9	3	0.348574;0.349551;0.354631	408.352;377.589;365.426	3;3;3	0.35081680332422244
without_coding_region	5000	NC_072418.2	SCFR_NC_072418_2_68077786_68085172_frame_3_fft	3	3	0.166667;0.333469;0.333198	5065.694;1310.604;1308.634	6;3;3	0.2234716011418188
without_coding_region	5000	NC_072418.2	SCFR_NC_072418_2_68077787_68085173_frame3_fft	3	3	0.166667;0.333469;0.333198	5064.202;1311.608;1308.612	6;3;3	0.22349668772251183
without_coding_region	5000	NC_072418.2	SCFR_NC_072418_2_61478466_61488516_frame1_fft	58	3	0.051841;0.051542;0.436020	1699.328;1695.564;1643.067	19;19;2	0.1770355209075739
without_coding_region	5000	NC_086015.1	SCFR_NC_086015_1_199385001_199390068_frame1_fft	20	3	0.333333;0.147622;0.185711	2251.014;1308.240;1294.257	3;7;5	0.24391003062916716
without_coding_region	5000	NC_086015.1	SCFR_NC_086015_1_199385013_199390059_frame_2_fft	26	3	0.333333;0.147642;0.185692	2256.205;1314.928;1296.072	3;7;5	0.24385173479748642
without_coding_region	5000	NC_086015.1	SCFR_NC_086015_1_201573193_201579334_frame_1_fft	3	3	0.166748;0.333333;0.165771	3414.145;1731.992;368.292	6;3;6	0.21900437432923703
without_coding_region	5000	NC_086015.1	SCFR_NC_086015_1_199385036_199390094_frame_3_fft	25	3	0.333333;0.147687;0.185647	2258.440;1163.102;1135.738	3;7;5	0.24914729357862583
without_coding_region	5000	NC_086015.1	SCFR_NC_086015_1_201573261_201578799_frame1_fft	2	2	0.166667;0.333333	4283.350;1806.504	6;3	0.21610706796616147
without_coding_region	5000	NC_086015.1	SCFR_NC_086015_1_201573341_201578798_frame_3_fft	2	2	0.166758;0.333333	2746.803;1809.146	6;3	0.2329041519762403
without_coding_region	5000	NC_086015.1	SCFR_NC_086015_1_201573194_201579334_frame3_fft	3	3	0.166612;0.333388;0.165961	3520.821;1651.037;407.098	6;3;6	0.21592020854546978
without_coding_region	5000	NC_072422.2	SCFR_NC_072422_2_1289_6854_frame3_fft	3	3	0.166757;0.333333;0.499191	3152.138;1453.920;391.400	6;3;2	0.24125544411298705
without_coding_region	5000	NC_072422.2	SCFR_NC_072422_2_33985409_33994241_frame3_fft	37	3	0.140285;0.474072;0.281476	1913.981;1511.144;975.098	7;2;4	0.28620380548917634
without_coding_region	5000	NC_072422.2	SCFR_NC_072422_2_1288_6709_frame_3_fft	3	3	0.166759;0.333333;0.166021	3167.293;1490.915;504.749	6;3;6	0.2147886795902038
without_coding_region	5000	NC_072422.2	SCFR_NC_072422_2_33985464_33994323_frame1_fft	41	3	0.140309;0.474094;0.473868	1748.339;1512.788;1032.839	7;2;2	0.3381351324335125
without_coding_region	5000	NC_072422.2	SCFR_NC_072422_2_33988072_33994087_frame2_fft	33	3	0.140316;0.473815;0.141147	1147.041;993.041;767.223	7;2;7	0.2544477277588695
without_coding_region	5000	NC_072422.2	SCFR_NC_072422_2_35287088_35295107_frame_2_fft	14	3	0.213618;0.213119;0.213867	1459.258;1438.962;1276.964	5;5;5	0.21352217715674326
without_coding_region	5000	NC_072422.2	SCFR_NC_072422_2_35287375_35295262_frame2_fft	15	3	0.213136;0.213896;0.213643	1294.455;1274.951;1232.426	5;5;5	0.213555219666203
without_coding_region	5000	NC_072422.2	SCFR_NC_072422_2_35287365_35295195_frame1_fft	16	3	0.213027;0.213921;0.214559	1327.317;1260.124;895.553	5;5;5	0.21374435353319587
without_coding_region	5000	NC_072422.2	SCFR_NC_072422_2_35287361_35295359_frame3_fft	14	3	0.213053;0.213803;0.213553	1541.869;1267.746;1071.600	5;5;5	0.21343602683566873
without_coding_region	5000	NC_072413.2	SCFR_NC_072413_2_104686418_104692112_frame3_fft	2	2	0.166667;0.333333	4074.626;1449.290	6;3	0.2103945597854855
without_coding_region	5000	NC_072413.2	SCFR_NC_072413_2_103506370_103513237_frame_2_fft	25	3	0.055191;0.057085;0.055483	778.546;592.267;585.919	18;18;18	0.055851714929791095
without_coding_region	5000	NC_072413.2	SCFR_NC_072413_2_0_7681_frame_2_fft	31	3	-0.166645;0.166645;0.333420	4003.169;4003.169;2093.467	10;51;25	0.06911061818916306
without_coding_region	5000	NC_072413.2	SCFR_NC_072413_2_103506312_103513221_frame_3_fft	23	3	0.055145;0.055580;0.055869	866.156;621.014;612.670	18;18;18	0.0554848897868409
without_coding_region	5000	NC_072413.2	SCFR_NC_072413_2_104686504_104692111_frame_2_fft	3	3	0.166756;0.333333;0.166042	3323.854;1446.921;465.884	6;3;6	0.21271872513467077
without_coding_region	5000	NC_072413.2	SCFR_NC_072413_2_2_7652_frame3_fft	34	3	-0.166667;0.166667;0.499869	4947.792;4947.792;1655.051	10;51;17	0.0716245200648276
without_coding_region	5000	NC_072413.2	SCFR_NC_072413_2_98688896_98694650_frame3_fft	22	3	0.345846;0.346194;0.347237	641.556;596.679;568.990	3;3;3	0.3463988417225303
without_coding_region	5000	NC_072413.2	SCFR_NC_072413_2_98688820_98694688_frame2_fft	22	3	0.345774;0.347137;0.346285	663.706;651.804;575.063	3;3;3	0.34639934800031524
without_coding_region	5000	NC_072413.2	SCFR_NC_072413_2_99722982_99729606_frame1_fft	43	3	0.250000;0.449124;0.051329	1228.371;1000.634;991.145	4;2;19	0.25072620105305654
without_coding_region	5000	NC_072413.2	SCFR_NC_072413_2_98689020_98695113_frame1_fft	19	3	0.345807;0.347120;0.062695	683.519;600.039;522.239	3;3;16	0.26436690647841365
without_coding_region	5000	NC_072420.2	SCFR_NC_072420_2_45071516_45077276_frame3_fft	35	3	0.153299;0.479861;0.480208	793.638;772.516;752.494	7;2;2	0.3681964018643623
without_coding_region	5000	NC_072420.2	SCFR_NC_072420_2_45046516_45052912_frame2_fft	30	3	0.019700;0.114290;0.480144	871.851;652.819;652.412	51;9;2	0.18604621026585125
without_coding_region	5000	NC_072420.2	SCFR_NC_072420_2_759_10962_frame_2_fft	5	3	-0.166618;0.166618;-0.333333	5184.609;5184.609;3370.148	7;36;9	-0.08176371044224309
without_coding_region	5000	NC_072420.2	SCFR_NC_072420_2_760_10879_frame2_fft	5	3	-0.166617;0.166617;-0.333333	5098.898;5098.898;3368.271	7;37;9	-0.08276207667579703
without_coding_region	5000	NC_072420.2	SCFR_NC_072420_2_764_10871_frame_3_fft	5	3	-0.166617;0.166617;-0.333333	5090.558;5090.558;3370.032	7;37;9	-0.08289651007102866
without_coding_region	5000	NC_072420.2	SCFR_NC_072420_2_765_10872_frame1_fft	5	3	-0.166617;0.166617;-0.333333	5092.423;5092.423;3370.032	7;37;9	-0.08287369880097778
without_coding_region	5000	NC_072409.2	SCFR_NC_072409_2_1037_11111_frame3_fft	4	3	0.166667;0.333333;0.166865	6796.330;2682.317;1392.326	6;3;6	0.20781572934281042
without_coding_region	5000	NC_072409.2	SCFR_NC_072409_2_1085392_1092139_frame2_fft	28	3	0.274048;0.273751;0.277308	1142.403;931.413;714.512	4;4;4	0.274784168578087
without_coding_region	5000	NC_072409.2	SCFR_NC_072409_2_1085445_1092369_frame1_fft	31	3	0.273975;0.273686;0.277296	1234.829;712.507;653.427	4;4;4	0.27473020781555263
without_coding_region	5000	NC_072409.2	SCFR_NC_072409_2_1085441_1092263_frame3_fft	27	3	0.273967;0.277338;0.279683	1190.108;822.055;609.150	4;4;4	0.276352464385596
without_coding_region	5000	NC_072409.2	SCFR_NC_072409_2_1036_9199_frame_3_fft	2	2	0.166728;0.333333	4099.652;2720.000	6;3	0.2331779596167077
without_coding_region	5000	NC_072409.2	SCFR_NC_072409_2_2599482_2608842_frame_1_fft	40	3	0.027991;0.084081;0.471902	1625.124;1528.541;1509.515	36;12;2	0.1900748521899219
without_coding_region	5000	NC_072409.2	SCFR_NC_072409_2_2599762_2608933_frame_3_fft	42	3	0.471922;0.084069;0.028023	1533.078;1517.630;1439.051	2;12;36	0.1985419258715223
without_coding_region	5000	NC_072409.2	SCFR_NC_072409_2_115590591_115596930_frame_1_fft	15	3	0.111059;0.444550;0.259189	2141.573;1777.780;1652.947	9;2;4	0.26139632374244026
without_coding_region	5000	NC_072409.2	SCFR_NC_072409_2_58394946_58400460_frame_1_fft	18	3	0.200399;0.199855;0.399891	1333.235;1056.748;1020.670	5;5;3	0.259930306388542
without_coding_region	5000	NC_072409.2	SCFR_NC_072409_2_115590640_115596745_frame_3_fft	13	3	0.111057;0.037019;0.074038	2112.763;1817.938;1805.338	9;27;14	0.0759407288125133
without_coding_region	5000	NC_072409.2	SCFR_NC_072409_2_660_9564_frame1_fft	7	3	-0.166667;0.166667;-0.333333	6807.465;6807.465;2800.086	8;42;11	-0.05686019840845723
without_coding_region	5000	NC_072409.2	SCFR_NC_072409_2_665_9563_frame_2_fft	7	3	-0.166667;0.166667;-0.333333	6807.823;6807.823;2800.617	8;42;11	-0.05686666121644129
without_coding_region	5000	NC_072409.2	SCFR_NC_072409_2_115590536_115596710_frame_2_fft	15	3	0.111111;0.074020;0.444606	2206.626;1717.422;1577.063	9;14;2	0.19513797669307162
without_coding_region	5000	NC_072409.2	SCFR_NC_072409_2_846800_852263_frame3_fft	27	3	0.038990;0.038257;0.372140	865.313;764.805;754.570	26;26;3	0.14417122011558747
without_coding_region	5000	NC_072409.2	SCFR_NC_072409_2_846922_852127_frame2_fft	32	3	0.039001;0.038232;0.372142	863.423;794.487;759.303	26;26;3	0.14339560660686504
without_coding_region	5000	NC_072403.2	SCFR_NC_072403_2_182267116_182272399_frame2_fft	14	3	0.099943;0.199886;0.299830	1598.783;1430.222;1147.459	10;5;3	0.18908606803051575
without_coding_region	5000	NC_072403.2	SCFR_NC_072403_2_182267579_182272814_frame3_fft	14	3	0.099904;0.050048;0.199809	1482.738;1156.361;1075.400	10;20;5	0.11330723499454434
without_coding_region	5000	NC_072406.2	SCFR_NC_072406_2_144039950_144045527_frame3_fft	28	3	0.278286;0.111529;0.110633	937.196;774.212;724.429	4;9;9	0.17542280939200774
without_coding_region	5000	NC_072406.2	SCFR_NC_072406_2_144042439_144047599_frame2_fft	24	3	0.499612;0.221512;0.111047	1197.525;888.375;817.176	2;5;9	0.3051344596462511
without_coding_region	5000	NC_072406.2	SCFR_NC_072406_2_144570571_144576193_frame2_fft	21	3	0.250089;0.327464;0.172536	625.051;610.272;591.639	4;3;6	0.2508204966775445
without_coding_region	5000	NC_072406.2	SCFR_NC_072406_2_144049189_144055633_frame2_fft	33	3	0.055556;0.110335;0.499224	991.704;904.195;777.083	18;9;2	0.20306831334479622
without_coding_region	5000	NC_072406.2	SCFR_NC_072406_2_144570807_144576141_frame1_fft	22	3	0.327522;0.250094;0.172478	672.898;636.441;635.626	3;4;6	0.25151633856547545
without_coding_region	5000	NC_072406.2	SCFR_NC_072406_2_144778403_144785255_frame3_fft	15	3	0.129013;0.064507;0.258027	2451.560;2099.429;2017.120	8;16;4	0.148015570238405
without_coding_region	5000	NC_072406.2	SCFR_NC_072406_2_144570767_144576155_frame3_fft	20	3	0.327580;0.250186;0.249814	672.727;615.766;610.255	3;4;4	0.2774871576986519
without_coding_region	5000	NC_072406.2	SCFR_NC_072406_2_144778239_144785325_frame1_fft	15	3	0.387101;0.451595;0.128987	2330.489;2234.655;2124.283	3;2;8	0.32667948068422004
without_coding_region	5000	NC_072406.2	SCFR_NC_072406_2_20302644_20308989_frame_3_fft	8	3	0.250276;0.249803;0.499764	1517.263;1335.914;709.006	4;4;2	0.29975594013951556
without_coding_region	5000	NC_072406.2	SCFR_NC_072406_2_144778321_144785329_frame2_fft	15	3	0.451627;0.128995;0.387129	2263.499;2259.184;2141.725	2;8;3	0.3215296183063822
without_coding_region	5000	NC_072406.2	SCFR_NC_072406_2_27884915_27890621_frame3_fft	38	3	0.123379;0.024711;0.049422	1233.702;1117.574;1114.776	8;40;20	0.0677784838900282
without_coding_region	5000	NC_072406.2	SCFR_NC_072406_2_20302816_20308948_frame_2_fft	8	3	0.250326;0.249674;0.499511	1575.521;1279.012;762.211	4;4;2	0.3026099416367319
without_coding_region	5000	NC_072406.2	SCFR_NC_072406_2_27884920_27890698_frame_2_fft	39	3	0.123399;0.037037;0.074074	1433.568;1212.352;1194.838	8;27;14	0.08079373099476718
without_coding_region	5000	NC_072406.2	SCFR_NC_072406_2_27884935_27890413_frame2_fft	39	3	0.123403;0.037057;0.074115	1469.413;1190.781;1079.981	8;27;13	0.08168054590253128
without_coding_region	5000	NC_072406.2	SCFR_NC_072406_2_27884946_27890388_frame_3_fft	39	3	0.123484;0.074054;0.345645	1639.675;1154.683;1152.221	8;14;3	0.173882734927389
without_coding_region	5000	NC_072406.2	SCFR_NC_072406_2_20302877_20308955_frame_1_fft	9	3	0.249753;0.250247;0.499506	1541.785;1415.235;755.141	4;4;2	0.30074697797212996
without_coding_region	5000	NC_072406.2	SCFR_NC_072406_2_31713934_31719208_frame_2_fft	21	3	0.177095;0.177474;0.411832	892.410;816.728;638.844	6;6;2	0.24109458089116528
without_coding_region	5000	NC_072406.2	SCFR_NC_072406_2_31715256_31720992_frame_3_fft	30	3	0.177301;0.178173;0.411785	752.370;734.423;712.837	6;6;2	0.2535816871901183
without_coding_region	5000	NC_072406.2	SCFR_NC_072406_2_31723840_31729627_frame2_fft	24	3	0.411958;0.178331;0.176948	946.453;907.957;751.218	2;6;6	0.2627935712254397
without_coding_region	5000	NC_072405.2	SCFR_NC_072405_2_155333331_155339433_frame1_fft	24	3	0.108161;0.162406;0.272042	852.657;657.931;650.750	9;6;4	0.17401605267801704
without_coding_region	5000	NC_072405.2	SCFR_NC_072405_2_153983869_153993580_frame_2_fft	23	3	0.092987;0.279065;0.255792	2711.173;2593.760;2473.981	11;4;4	0.20680984853451267
without_coding_region	5000	NC_072405.2	SCFR_NC_072405_2_153983907_153993666_frame_3_fft	24	3	0.279024;0.093042;0.023261	2896.041;2577.132;2530.782	4;11;43	0.13827101472084738
without_coding_region	5000	NC_072405.2	SCFR_NC_072405_2_153983993_153993728_frame_1_fft	23	3	0.255778;0.186030;0.278993	2511.607;2193.767;2190.177	4;5;4	0.24096179435363468
without_coding_region	5000	NC_072405.2	SCFR_NC_072405_2_8762675_8769755_frame_1_fft	6	3	0.177966;0.499011;0.321469	492.470;427.907;420.915	6;2;3	0.32542081823495556
without_coding_region	5000	NC_072405.2	SCFR_NC_072405_2_63210789_63216531_frame1_fft	1	1	0.333333	825.944	3	0.333333
without_coding_region	5000	NC_072405.2	SCFR_NC_072405_2_8762275_8767957_frame_2_fft	5	3	0.322070;0.177930;0.326294	405.981;381.878;351.836	3;6;3	0.27507695391661807
without_coding_region	5000	NC_072405.2	SCFR_NC_072405_2_8762241_8769768_frame_3_fft	4	3	0.321908;0.178026;0.498871	474.301;423.333;422.400	3;6;2	0.33239195154518747
without_coding_region	5000	NC_072398.2	SCFR_NC_072398_2_229589356_229594504_frame_3_fft	14	3	0.285742;0.284965;0.285354	576.214;545.645;531.140	4;4;4	0.2853608452110377
without_coding_region	5000	NC_072398.2	SCFR_NC_072398_2_229589345_229594451_frame_2_fft	12	3	0.285742;0.284763;0.285351	572.837;556.137;533.677	4;4;4	0.2852890331236081
without_coding_region	5000	NC_072398.2	SCFR_NC_072398_2_170_10628_frame3_fft	7	3	-0.166667;0.166667;-0.500000	7858.630;7858.630;3370.000	7;35;12	-0.08827877861987524
without_coding_region	5000	NC_072398.2	SCFR_NC_072398_2_229589380_229594408_frame2_fft	14	3	0.285800;0.285004;0.283413	602.434;533.047;470.108	3;4;4	0.28483683121396575
without_coding_region	5000	NC_072398.2	SCFR_NC_072398_2_229589363_229594514_frame3_fft	14	3	0.285770;0.284993;0.285381	609.708;552.071;479.017	4;4;4	0.2853950010482717
without_coding_region	5000	NC_072398.2	SCFR_NC_072398_2_169_10204_frame_3_fft	5	3	-0.166716;0.166716;-0.333333	5081.111;5081.111;3313.533	7;37;9	-0.08196274683600288
without_coding_region	5000	NC_072398.2	SCFR_NC_072398_2_247_10237_frame2_fft	5	3	-0.166667;0.166667;-0.333333	7839.144;7839.144;3322.500	7;37;9	-0.05828699801818746
without_coding_region	5000	NC_072398.2	SCFR_NC_072398_2_246_10218_frame_1_fft	5	3	-0.166667;0.166667;-0.500000	7849.109;7849.109;3318.000	7;37;12	-0.08724132211778388
without_coding_region	5000	NC_072398.2	SCFR_NC_072398_2_229589379_229594386_frame_1_fft	14	3	0.285800;0.285001;0.283403	605.890;530.017;470.546	3;4;4	0.2848342809002193
without_coding_region	5000	NC_072398.2	SCFR_NC_072398_2_96839494_96846559_frame2_fft	13	3	0.333333;0.203822;0.181883	1410.555;657.436;583.383	3;5;5	0.2678957779611628
without_coding_region	5000	NC_072398.2	SCFR_NC_072398_2_41810_48989_frame_2_fft	31	3	0.365093;0.333333;0.031759	2361.621;1848.797;1581.449	3;3;31	0.2639393454554464
without_coding_region	5000	NC_072398.2	SCFR_NC_072398_2_96981866_96993533_frame3_fft	57	3	0.333333;0.282249;0.307791	2757.451;1676.901;1666.411	3;4;3	0.31231492726942517
without_coding_region	5000	NC_072402.2	SCFR_NC_072402_2_178653926_178662845_frame_2_fft	39	3	0.470232;0.220540;0.029600	1292.868;1106.469;1058.469	2;5;34	0.25545078614474037
without_coding_region	5000	NC_072402.2	SCFR_NC_072402_2_178653748_178662853_frame_3_fft	41	3	0.029654;0.220538;0.470291	1149.345;1134.534;1035.808	34;5;2	0.23237784648070736
without_coding_region	5000	NC_072402.2	SCFR_NC_072402_2_2544136_2551237_frame_3_fft	31	3	0.470497;0.064920;0.064216	593.938;582.419;562.850	2;15;16	0.20319643622984498
without_coding_region	5000	NC_072402.2	SCFR_NC_072402_2_178653648_178662882_frame_1_fft	43	3	0.220489;0.470219;0.219731	1270.431;1194.777;1149.115	5;2;5	0.30280057841731356
without_coding_region	5000	NC_072402.2	SCFR_NC_072402_2_2544201_2551242_frame_1_fft	33	3	0.064906;0.470246;0.064195	630.010;627.417;602.372	15;2;16	0.2014201718476029
without_coding_region	5000	NC_072402.2	SCFR_NC_072402_2_2544206_2551310_frame_2_fft	37	3	0.469172;0.064893;0.064189	683.547;666.637;610.418	2;15;16	0.20562220630551228
without_coding_region	5000	NC_072402.2	SCFR_NC_072402_2_866_11639_frame_2_fft	5	3	-0.166620;0.166620;-0.333333	5411.583;5411.583;3591.733	7;34;8	-0.08305595038085248
without_coding_region	5000	NC_072402.2	SCFR_NC_072402_2_50_11810_frame3_fft	5	3	-0.166667;0.166667;-0.500000	8130.620;8130.620;3914.000	6;31;10	-0.09700008525301311
without_coding_region	5000	NC_072402.2	SCFR_NC_072402_2_867_11640_frame1_fft	5	3	-0.166620;0.166620;-0.333333	5412.084;5412.084;3590.500	7;34;8	-0.08302876878607263
without_coding_region	5000	NC_072402.2	SCFR_NC_072402_2_49_11809_frame_3_fft	5	3	-0.166667;0.166667;-0.500000	8130.276;8130.276;3914.000	6;31;10	-0.09700339318563307
without_coding_region	5000	NC_072404.2	SCFR_NC_072404_2_123388587_123394890_frame_2_fft	13	3	0.052832;0.447247;0.394891	657.137;648.092;638.608	19;2;3	0.296709866329327
without_coding_region	5000	NC_072404.2	SCFR_NC_072404_2_123388569_123394893_frame1_fft	18	3	0.052815;0.447185;0.394371	676.286;667.845;545.512	19;2;3	0.29079695178771864
without_coding_region	5000	NC_072404.2	SCFR_NC_072404_2_123388591_123394900_frame2_fft	12	3	0.052782;0.105088;0.447139	678.615;643.866;614.059	19;10;2	0.19521981179784564
without_coding_region	5000	NC_072404.2	SCFR_NC_072404_2_123388598_123394964_frame3_fft	12	3	0.052780;0.447220;0.394910	675.412;674.797;652.454	19;2;3	0.29715012902320564
without_coding_region	5000	NC_072404.2	SCFR_NC_072404_2_123388621_123394960_frame_1_fft	11	3	0.447231;0.105064;0.052847	667.624;645.166;638.324	2;10;19	0.20506202005418445
without_coding_region	5000	NC_072404.2	SCFR_NC_072404_2_166412758_166418659_frame_1_fft	23	3	0.472971;0.054059;0.419082	1681.194;769.905;743.320	2;19;2	0.35946703735765406
without_coding_region	5000	NC_072404.2	SCFR_NC_072404_2_123388628_123394925_frame_3_fft	12	3	0.447197;0.394950;0.105129	680.565;623.574;587.425	2;3;10	0.32374404483802827
without_coding_region	5000	NC_072404.2	SCFR_NC_072404_2_172715209_172720366_frame2_fft	20	3	0.464417;0.463642;0.488850	1252.418;865.038;703.146	2;2;2	0.47027020501368155
without_coding_region	5000	NC_072404.2	SCFR_NC_072404_2_166412724_166418679_frame_2_fft	30	3	0.473048;0.418976;0.053904	1648.359;808.691;726.500	2;2;19	0.36366204540465835
without_coding_region	5000	NC_072404.2	SCFR_NC_072404_2_172758165_172763976_frame1_fft	19	3	0.333333;0.282051;0.307692	1532.676;1530.624;1504.616	3;4;3	0.3077035184543674
without_coding_region	5000	NC_072404.2	SCFR_NC_072404_2_172758763_172763959_frame2_fft	19	3	0.410316;0.333333;0.025597	1400.838;1386.574;1152.400	2;3;39	0.2706918753356759
without_coding_region	5000	NC_072404.2	SCFR_NC_072404_2_166412681_166418609_frame_3_fft	28	3	0.473009;0.053981;0.419028	1801.265;1099.675;944.762	2;19;2	0.3399269740338695
without_coding_region	5000	NC_072404.2	SCFR_NC_072404_2_173643833_173649005_frame3_fft	24	3	0.333333;0.021268;0.354602	1628.212;1258.447;1026.125	3;47;3	0.23854304726302294
without_coding_region	5000	NC_072404.2	SCFR_NC_072404_2_173643869_173648969_frame_3_fft	25	3	0.333333;0.375882;0.021373	1629.280;951.315;909.723	3;3;47	0.2636202445590918
without_coding_region	5000	NC_072404.2	SCFR_NC_072404_2_174643676_174648785_frame_3_fft	2	2	0.166569;0.333333	2593.354;1699.001	6;3	0.2325775670369762
without_coding_region	5000	NC_072404.2	SCFR_NC_072404_2_174643570_174648826_frame2_fft	2	2	0.166667;0.333333	4034.384;1672.565	6;3	0.21551266487101953
without_coding_region	5000	NC_072404.2	SCFR_NC_072404_2_173440323_173450298_frame1_fft	31	3	0.499248;0.499850;0.452732	2469.396;1580.141;1285.568	2;2;2	0.4882176198657759
without_coding_region	5000	NC_072404.2	SCFR_NC_072404_2_174643677_174648786_frame1_fft	2	2	0.166569;0.333333	2593.871;1700.014	6;3	0.23259338926426767
without_coding_region	5000	NC_072404.2	SCFR_NC_072404_2_174643569_174648825_frame_2_fft	2	2	0.166667;0.333333	4034.918;1674.564	6;3	0.21554934757969288
without_coding_region	5000	NC_072404.2	SCFR_NC_072404_2_5942956_5951236_frame_1_fft	31	3	0.365097;0.333333;0.190459	2517.664;2182.450;2035.628	3;3;5	0.3020272825933654
without_coding_region	5000	NC_072404.2	SCFR_NC_072404_2_6405196_6412963_frame_1_fft	40	3	0.451654;0.048024;0.097979	850.280;825.998;784.579	2;21;10	0.20341383384446965
without_coding_region	5000	NC_072404.2	SCFR_NC_072404_2_6405120_6412713_frame_2_fft	39	3	0.451864;0.452522;0.097985	808.559;794.864;790.660	2;2;10	0.33521184147918015
without_coding_region	5000	NC_072404.2	SCFR_NC_072404_2_6405143_6413150_frame_3_fft	38	3	0.453104;0.451855;0.498689	850.127;782.388;741.553	2;2;2	0.46693110642365765
without_coding_region	5000	NC_072404.2	SCFR_NC_072404_2_6937054_6946003_frame2_fft	35	3	0.034529;0.448207;0.379149	2089.721;1688.543;1489.502	29;2;3	0.26457438743634404
without_coding_region	5000	NC_072408.2	SCFR_NC_072408_2_138410764_138420049_frame2_fft	39	3	0.470436;0.470652;0.176414	3126.298;2436.493;1710.205	2;2;6	0.40137070530961383
without_coding_region	5000	NC_072408.2	SCFR_NC_072408_2_138410778_138416394_frame_3_fft	21	3	0.470620;0.176460;0.469373	1883.266;1028.044;806.935	2;6;2	0.38901814993767214
without_coding_region	5000	NC_072408.2	SCFR_NC_072408_2_138412260_138420138_frame1_fft	32	3	0.470424;0.176441;0.412034	3648.972;1922.439;1540.544	2;6;2	0.3783091386577952
without_coding_region	5000	NC_072408.2	SCFR_NC_072408_2_139075474_139082209_frame2_fft	15	3	0.442168;0.442613;0.446028	700.366;639.929;616.080	2;2;2	0.443529107765638
without_coding_region	5000	NC_072408.2	SCFR_NC_072408_2_139075662_139085154_frame1_fft	28	3	0.442162;0.442583;0.456068	901.062;756.355;643.741	2;2;2	0.4461905316353767
without_coding_region	5000	NC_072408.2	SCFR_NC_072408_2_139310516_139315679_frame_1_fft	21	3	0.233779;0.235716;0.237459	780.113;712.665;651.512	4;4;4	0.2355408868086873
without_coding_region	5000	NC_072408.2	SCFR_NC_072408_2_139076459_139081637_frame3_fft	14	3	0.442256;0.442642;0.440711	688.682;643.085;555.721	2;2;2	0.4419326293957896
without_coding_region	5000	NC_072408.2	SCFR_NC_072408_2_140152872_140160333_frame_3_fft	2	2	0.166600;0.333333	3777.332;2377.561	6;3	0.23100694878253775
without_coding_region	5000	NC_072408.2	SCFR_NC_072408_2_140153236_140160325_frame_2_fft	2	2	0.166596;0.333333	3615.575;2373.233	6;3	0.23267020887779338
without_coding_region	5000	NC_072408.2	SCFR_NC_072408_2_140153026_140160335_frame2_fft	2	2	0.166644;0.333288	5344.191;2041.035	6;3	0.2126989530291964
without_coding_region	5000	NC_072408.2	SCFR_NC_072408_2_140153297_140160326_frame3_fft	2	2	0.166596;0.333333	3579.224;2348.740	6;3	0.23265946822956413
without_coding_region	5000	NC_072408.2	SCFR_NC_072408_2_7625317_7632304_frame2_fft	25	3	0.290396;0.287963;0.288393	1816.472;1386.098;1072.026	3;3;3	0.2891047330564105
without_coding_region	5000	NC_072408.2	SCFR_NC_072408_2_7625645_7632692_frame_1_fft	26	3	0.290336;0.288208;0.288775	2011.394;1187.337;1086.150	3;3;3	0.2893506439805446
without_coding_region	5000	NC_072408.2	SCFR_NC_072408_2_7625407_7632280_frame_2_fft	26	3	0.290412;0.287938;0.288375	1663.801;1199.838;1019.292	3;3;3	0.2891128017871036
without_coding_region	5000	NC_072408.2	SCFR_NC_072408_2_7625615_7632749_frame3_fft	24	3	0.290300;0.288057;0.288758	1800.070;1233.159;929.058	3;3;3	0.28924036371595496
without_coding_region	5000	NC_072408.2	SCFR_NC_072408_2_7625619_7630686_frame_3_fft	20	3	0.290310;0.287942;0.289520	1761.107;1158.609;754.460	3;3;3	0.2894010589171559
without_coding_region	5000	NC_072408.2	SCFR_NC_072408_2_7625646_7632744_frame1_fft	25	3	0.290363;0.287968;0.288814	2015.871;1325.663;1217.843	3;3;3	0.2892528918225012
without_coding_region	5000	NC_072416.2	SCFR_NC_072416_2_306_6726_frame_3_fft	5	3	-0.166667;0.166667;-0.333333	4931.096;4931.096;2045.709	12;61;15	-0.057264694936328416
without_coding_region	5000	NC_072416.2	SCFR_NC_072416_2_13142388_13147470_frame1_fft	1	1	0.333333	384.443	3	0.333333
without_coding_region	5000	NC_072416.2	SCFR_NC_072416_2_503_6482_frame_1_fft	5	3	-0.166750;0.166750;-0.333333	3003.095;3003.095;1992.000	13;66;17	-0.08301869998087068
without_coding_region	5000	NC_072416.2	SCFR_NC_072416_2_307_6727_frame2_fft	5	3	-0.166667;0.166667;-0.333333	4932.945;4932.945;2046.197	12;61;15	-0.057258227261184375
without_coding_region	5000	NC_072416.2	SCFR_NC_072416_2_504_6759_frame1_fft	5	3	-0.166747;0.166747;-0.333333	3148.569;3148.569;2079.048	13;63;16	-0.08273637989700801
without_coding_region	5000	NC_072416.2	SCFR_NC_072416_2_87198173_87204302_frame_1_fft	25	3	0.249959;0.055637;0.472345	2671.396;1147.358;1136.662	4;18;2	0.2559768225715056
without_coding_region	5000	NC_072416.2	SCFR_NC_072416_2_87196920_87205575_frame1_fft	27	3	0.250029;0.055690;0.472328	3832.635;1161.880;1112.831	4;18;2	0.2535628788974785
without_coding_region	5000	NC_072416.2	SCFR_NC_072416_2_94521950_94527362_frame_1_fft	2	2	0.166667;0.333333	4256.482;1799.001	6;3	0.21618118419736296
without_coding_region	5000	NC_072416.2	SCFR_NC_072416_2_87196907_87205628_frame3_fft	29	3	0.249971;0.055728;0.472308	3743.207;1040.137;1028.096	4;18;2	0.2545386199119323
without_coding_region	5000	NC_072416.2	SCFR_NC_072416_2_87198241_87205606_frame2_fft	23	3	0.249966;0.055669;0.471962	3188.814;1313.961;1116.090	4;18;2	0.2486256644025083
without_coding_region	5000	NC_072416.2	SCFR_NC_072416_2_94521958_94527571_frame_2_fft	2	2	0.166756;0.333333	2957.043;1766.041	6;3	0.22904195800053526
without_coding_region	5000	NC_072416.2	SCFR_NC_072416_2_94521959_94527572_frame3_fft	2	2	0.166756;0.333333	2957.600;1767.511	6;3	0.22906706101994218
without_coding_region	5000	NC_072416.2	SCFR_NC_072416_2_94521951_94527363_frame1_fft	2	2	0.166667;0.333333	4255.984;1799.001	6;3	0.2161852565548882
without_coding_region	5000	NC_086016.1	SCFR_NC_086016_1_372_6114_frame1_fft	16	3	-0.166667;0.166667;-0.499826	3845.375;3845.375;1267.110	17;83;28	-0.07070154287519563
without_coding_region	5000	NC_072414.2	SCFR_NC_072414_2_85041494_85047212_frame_1_fft	12	3	0.492305;0.490206;0.015390	1648.992;1230.579;755.418	2;2;65	0.39248264543689126
without_coding_region	5000	NC_072414.2	SCFR_NC_072414_2_93184455_93190278_frame1_fft	36	3	0.077280;0.154388;0.387773	811.189;807.373;660.203	13;6;3	0.19455550992006634
without_coding_region	5000	NC_072414.2	SCFR_NC_072414_2_85040979_85047216_frame_3_fft	13	3	0.492384;0.490139;0.015392	1489.432;1348.262;746.750	2;2;65	0.3921674464173523
without_coding_region	5000	NC_072414.2	SCFR_NC_072414_2_85041490_85047343_frame_2_fft	15	3	0.492226;0.490176;0.015377	1459.412;1271.554;765.051	2;2;65	0.3871291168901639
without_coding_region	5000	NC_072414.2	SCFR_NC_072414_2_93184690_93190180_frame2_fft	36	3	0.077049;0.154645;0.385974	714.244;710.122;685.971	13;6;3	0.20357676210008166
without_coding_region	5000	NC_072419.2	SCFR_NC_072419_2_4667_10196_frame_3_fft	4	3	0.166757;0.333333;0.166215	3491.574;1250.852;669.581	6;3;6	0.20518987893936572
without_coding_region	5000	NC_072419.2	SCFR_NC_072419_2_10196_16337_frame3_fft	2	2	0.166585;0.333333	3179.326;2093.964	6;3	0.2327987506323377
without_coding_region	5000	NC_072419.2	SCFR_NC_072419_2_4668_10197_frame1_fft	4	3	0.166757;0.333333;0.166215	3493.445;1250.806;669.327	6;3;6	0.20517733587065706
without_coding_region	5000	NC_072419.2	SCFR_NC_072419_2_10195_16336_frame_1_fft	2	2	0.166585;0.333333	3178.751;2094.941	6;3	0.23282459493045857
without_coding_region	5000	NC_072419.2	SCFR_NC_072419_2_55898470_55904134_frame2_fft	15	3	0.367761;0.061617;0.183263	997.647;836.501;785.822	3;16;5	0.21467819771600438
without_coding_region	5000	NC_072419.2	SCFR_NC_072419_2_5968_16330_frame2_fft	14	3	0.166763;0.166570;0.333237	4413.119;4380.294;2006.801	6;6;3	0.19761746204417802
without_coding_region	5000	NC_072419.2	SCFR_NC_072419_2_55898586_55904088_frame1_fft	14	3	0.367866;0.061614;0.183206	1145.079;836.865;652.664	3;16;5	0.22484187108974085
without_coding_region	5000	NC_072419.2	SCFR_NC_072419_2_5967_16329_frame_2_fft	14	3	0.166763;0.166570;0.333237	4413.999;4378.582;2008.080	6;6;3	0.19763592931367813
without_coding_region	5000	NC_072419.2	SCFR_NC_072419_2_55898534_55904237_frame3_fft	14	3	0.367877;0.061547;0.183237	1118.901;847.045;753.942	3;16;5	0.22129627839308091
without_coding_region	5000	NC_072419.2	SCFR_NC_072419_2_70291456_70296532_frame_1_fft	19	3	0.052600;0.486604;0.488377	1082.150;497.388;475.156	19;2;2	0.2584362158861611
without_coding_region	5000	NC_072419.2	SCFR_NC_072419_2_70291506_70296597_frame_2_fft	19	3	0.052642;0.486545;0.488313	1059.117;588.186;525.384	19;2;2	0.2754583755856228
without_coding_region	5000	NC_072411.2	SCFR_NC_072411_2_143270350_143276065_frame2_fft	16	3	0.479265;0.478740;0.478390	1329.976;856.010;684.987	2;2;2	0.4788996991507757
without_coding_region	5000	NC_072411.2	SCFR_NC_072411_2_143270325_143276388_frame1_fft	18	3	0.479301;0.478806;0.478311	1495.759;1007.260;666.379	2;2;2	0.4789355334634527
without_coding_region	5000	NC_072411.2	SCFR_NC_072411_2_143058457_143063617_frame2_fft	6	3	0.499225;0.000969;0.498256	1040.828;706.637;454.394	2;1032;2	0.3391210002170893
without_coding_region	5000	NC_072411.2	SCFR_NC_072411_2_143271056_143276183_frame3_fft	18	3	0.479228;0.478838;0.478447	876.431;747.677;597.255	2;2;2	0.47888674547068616
without_coding_region	5000	NC_072411.2	SCFR_NC_072411_2_144465334_144476758_frame_1_fft	10	3	0.166667;0.166842;0.166492	7813.653;2333.458;2318.065	6;6;6	0.16666721610404855
without_coding_region	5000	NC_072411.2	SCFR_NC_072411_2_144465335_144476759_frame3_fft	10	3	0.166667;0.166842;0.166492	7815.097;2331.808;2319.068	6;6;6	0.1666671788468498
without_coding_region	5000	NC_072411.2	SCFR_NC_072411_2_14510549_14518523_frame_3_fft	22	3	0.333333;0.466642;0.066717	2046.581;2016.484;1971.999	3;2;15	0.2907566462400399
without_coding_region	5000	NC_072411.2	SCFR_NC_072411_2_14510581_14518471_frame2_fft	22	3	0.066667;0.466667;0.333333	2582.471;2121.849;2039.685	15;2;3	0.2731695515565306
without_coding_region	5000	NC_072411.2	SCFR_NC_072411_2_14510521_14518579_frame_1_fft	22	3	0.066642;0.044428;0.333333	2408.373;2190.286;2046.765	15;23;3	0.1414602194862209
without_coding_region	5000	NC_072411.2	SCFR_NC_072411_2_14510603_14518436_frame3_fft	22	3	0.066641;0.044427;0.333333	2416.765;2185.446;2034.930	15;23;3	0.14109354728142737
without_coding_region	5000	NC_072411.2	SCFR_NC_072411_2_14510607_14518467_frame1_fft	22	3	0.066667;0.466667;0.333333	2580.131;2128.265;2034.263	15;2;3	0.27337696073774453
without_coding_region	5000	NC_072411.2	SCFR_NC_072411_2_937_8485_frame2_fft	25	3	-0.166534;0.166534;-0.166799	3215.451;3215.451;3204.101	10;51;10	-0.05546867423902203
without_coding_region	5000	NC_072411.2	SCFR_NC_072411_2_942_8484_frame_2_fft	25	3	-0.166534;0.166534;-0.166799	3214.059;3214.059;3200.747	10;51;10	-0.05544593250118264
without_coding_region	5000	NC_072401.2	SCFR_NC_072401_2_1833093_1840572_frame_1_fft	33	3	0.450595;0.453403;0.451531	1501.707;860.850;849.900	2;2;2	0.4515950984293331
without_coding_region	5000	NC_072401.2	SCFR_NC_072401_2_188189693_188195423_frame3_fft	30	3	0.344328;0.032810;0.377138	966.390;743.087;600.262	3;30;3	0.25263349259202017
without_coding_region	5000	NC_072401.2	SCFR_NC_072401_2_188189599_188195524_frame2_fft	29	3	0.344304;0.032743;0.377890	937.451;735.569;670.861	3;31;3	0.2561412154290256
without_coding_region	5000	NC_072401.2	SCFR_NC_072401_2_188190255_188195403_frame1_fft	26	3	0.344211;0.032828;0.033605	692.983;685.744;646.414	3;30;30	0.13962816313283863
without_coding_region	5000	NC_072401.2	SCFR_NC_072401_2_191661956_191669498_frame_2_fft	2	2	0.166667;0.333333	5402.677;1988.324	6;3	0.21150341766304726
without_coding_region	5000	NC_072401.2	SCFR_NC_072401_2_191662044_191668449_frame_1_fft	2	2	0.166589;0.333333	3222.778;2076.639	6;3	0.2319296013182205
without_coding_region	5000	NC_072401.2	SCFR_NC_072401_2_191662045_191668450_frame2_fft	2	2	0.166589;0.333333	3220.889;2076.089	6;3	0.2319423739834298
without_coding_region	5000	NC_072401.2	SCFR_NC_072401_2_191662236_191669499_frame1_fft	3	3	0.166736;0.333333;0.166047	4204.770;1970.008;593.508	6;3;6	0.21516605980598338
without_coding_region	5000	NC_072401.2	SCFR_NC_072401_2_692171_697262_frame3_fft	24	3	0.477313;0.408761;0.454528	900.141;724.490;702.405	2;2;2	0.44909275054747755
without_coding_region	5000	NC_072401.2	SCFR_NC_072401_2_695163_702972_frame1_fft	37	3	0.477142;0.454348;0.409015	1512.279;1239.013;905.227	2;2;2	0.4525523664849
without_coding_region	5000	NC_072401.2	SCFR_NC_072401_2_701927_711383_frame3_fft	44	3	0.477369;0.454632;0.364002	1699.292;1689.333;1142.222	2;2;3	0.44031176856071286
without_coding_region	5000	NC_072401.2	SCFR_NC_072401_2_699640_705043_frame2_fft	33	3	0.499722;0.477512;0.454562	1622.877;849.058;727.334	2;2;2	0.48356081392280553
without_coding_region	5000	NC_072415.2	SCFR_NC_072415_2_1221812_1226873_frame3_fft	0	0				
without_coding_region	5000	NC_072415.2	SCFR_NC_072415_2_36143329_36148798_frame2_fft	8	3	0.176449;0.058877;0.411775	1886.756;1662.074;1495.045	6;17;2	0.20745880800317215
without_coding_region	5000	NC_072415.2	SCFR_NC_072415_2_36143396_36148856_frame3_fft	8	3	0.294139;0.058791;0.411722	1902.588;1764.186;1400.882	3;17;2	0.24471225546130201
without_coding_region	5000	NC_072415.2	SCFR_NC_072415_2_1263356_1268507_frame3_fft	0	0				
without_coding_region	5000	NC_072415.2	SCFR_NC_072415_2_36143433_36148770_frame1_fft	9	3	0.058835;0.176504;0.294173	1860.406;1823.969;1731.994	17;6;3	0.1737142876247907
without_coding_region	5000	NC_072415.2	SCFR_NC_072415_2_89967437_89972948_frame3_fft	13	3	0.335329;0.072582;0.331882	559.128;546.478;494.995	3;14;3	0.24455578242047826
without_coding_region	5000	NC_072415.2	SCFR_NC_072415_2_89967297_89973132_frame_3_fft	15	3	0.073350;0.072494;0.335390	545.157;526.078;516.358	14;14;3	0.15829376553184601
without_coding_region	5000	NC_072415.2	SCFR_NC_072415_2_90286116_90292299_frame_3_fft	32	3	0.025716;0.128417;0.050623	901.795;766.539;653.166	39;8;20	0.06663468507473616
without_coding_region	5000	NC_072415.2	SCFR_NC_072415_2_89967418_89972971_frame_2_fft	16	3	0.072573;0.335314;0.331893	553.695;535.253;520.024	14;3;3	0.24379135069410776
without_coding_region	5000	NC_072415.2	SCFR_NC_072415_2_89967427_89972938_frame2_fft	13	3	0.335329;0.072582;0.331882	563.385;542.626;496.090	3;14;3	0.24527014862171612
without_coding_region	5000	NC_072417.2	SCFR_NC_072417_2_10711102_10716286_frame_1_fft	11	3	0.477816;0.475887;0.479552	773.444;496.056;457.497	2;2;2	0.4777218034078808
without_coding_region	5000	NC_072417.2	SCFR_NC_072417_2_0_9136_frame_1_fft	5	3	-0.166703;0.166703;-0.500000	5956.836;5956.836;3028.000	8;42;14	-0.10132734810401406
without_coding_region	5000	NC_072417.2	SCFR_NC_072417_2_10710983_10716503_frame_3_fft	11	3	0.477717;0.475906;0.479529	849.648;542.232;443.523	2;2;2	0.47761984505582694
without_coding_region	5000	NC_072417.2	SCFR_NC_072417_2_10711148_10716194_frame3_fft	11	3	0.477804;0.476021;0.475624	797.708;612.908;465.760	2;2;2	0.47668046624983484
without_coding_region	5000	NC_072417.2	SCFR_NC_072417_2_0_9285_frame_2_fft	5	3	-0.166721;0.166721;-0.333333	4705.820;4705.820;3036.175	8;41;10	-0.08130401369838804
without_coding_region	5000	NC_072417.2	SCFR_NC_072417_2_11552352_11559684_frame_2_fft	45	3	0.028505;0.457310;0.485816	2358.129;1998.731;1878.618	35;2;2	0.30373306153000623
without_coding_region	5000	NC_072417.2	SCFR_NC_072417_2_10829512_10836553_frame2_fft	30	3	0.027979;0.083511;0.138901	881.078;643.761;590.501	36;12;7	0.07584312008187809
without_coding_region	5000	NC_072417.2	SCFR_NC_072417_2_10829421_10836498_frame1_fft	29	3	0.027978;0.083510;0.056239	878.019;638.913;623.675	36;12;18	0.05278675559642662
without_coding_region	5000	NC_072417.2	SCFR_NC_072417_2_1_9262_frame2_fft	5	3	-0.166721;0.166721;-0.333333	4691.387;4691.387;3040.905	8;41;10	-0.08158887446826339
without_coding_region	5000	NC_072417.2	SCFR_NC_072417_2_2_9137_frame3_fft	5	3	-0.166721;0.166721;-0.333333	4594.460;4594.460;3034.465	8;42;10	-0.08275018105418425
without_coding_region	5000	NC_072417.2	SCFR_NC_072417_2_95717287_95724682_frame2_fft	26	3	0.097904;0.097498;0.195402	3261.663;1715.357;1385.640	10;10;5	0.11902734994766338
without_coding_region	5000	NC_072417.2	SCFR_NC_072417_2_11552383_11559649_frame_1_fft	41	3	0.028489;0.485824;0.457336	2425.924;1691.403;1592.898	35;2;2	0.2835835575018497
without_coding_region	5000	NC_072417.2	SCFR_NC_072417_2_95719185_95724792_frame1_fft	22	3	0.097913;0.097557;0.195470	2495.741;1384.046;1340.637	10;10;5	0.122871854574456
without_coding_region	5000	NC_072412.2	SCFR_NC_072412_2_119636650_119642089_frame2_fft	27	3	0.444015;0.055893;0.277441	1218.696;1011.629;749.791	2;18;4	0.27035358656106
without_coding_region	5000	NC_072412.2	SCFR_NC_072412_2_118739399_118745348_frame3_fft	32	3	0.438225;0.438729;0.439233	941.355;882.974;841.568	2;2;2	0.4387101348120351
without_coding_region	5000	NC_072412.2	SCFR_NC_072412_2_118739049_118745313_frame1_fft	37	3	0.437580;0.438059;0.436462	1003.671;943.318;851.127	2;2;2	0.4374014117413288
without_coding_region	5000	NC_072412.2	SCFR_NC_072412_2_118739488_118745296_frame2_fft	35	3	0.437672;0.438189;0.436467	1079.053;995.694;869.392	2;2;2	0.4374910154873802
without_coding_region	5000	NC_072412.2	SCFR_NC_072412_2_119636672_119642135_frame3_fft	32	3	0.056013;0.444078;0.111660	1320.257;1270.707;972.143	18;2;9	0.20959069314140719
without_coding_region	5000	NC_072412.2	SCFR_NC_072412_2_119753537_119759639_frame3_fft	30	3	0.333333;0.049820;0.050147	2409.143;1177.617;869.977	3;20;20	0.20314020755050163
without_coding_region	5000	NC_072412.2	SCFR_NC_072412_2_119637486_119642490_frame1_fft	26	3	0.444045;0.055955;0.166667	1515.581;1163.628;817.931	2;18;6	0.25003833871735187
without_coding_region	5000	NC_072412.2	SCFR_NC_072412_2_119753437_119759875_frame_2_fft	29	3	0.333333;0.049860;0.050171	2370.005;1295.890;1011.162	3;20;20	0.19357150463785236
without_coding_region	5000	NC_072412.2	SCFR_NC_072412_2_119753398_119759869_frame2_fft	29	3	0.333333;0.049915;0.050224	2369.137;1116.346;1020.734	3;20;20	0.19899159286536797
without_coding_region	5000	NC_072412.2	SCFR_NC_072412_2_119753541_119759883_frame_3_fft	30	3	0.333333;0.049827;0.050142	2374.799;1211.725;869.993	3;20;20	0.20096382121912695
without_coding_region	5000	NC_072412.2	SCFR_NC_072412_2_120142968_120148299_frame_3_fft	2	2	0.166573;0.333333	2679.365;1778.000	6;3	0.23309195907111038
without_coding_region	5000	NC_072412.2	SCFR_NC_072412_2_120142888_120148300_frame2_fft	2	2	0.166667;0.333333	4164.122;1789.468	6;3	0.21676172833836393
without_coding_region	5000	NC_072412.2	SCFR_NC_072412_2_460_10711_frame2_fft	5	3	-0.166618;0.166618;-0.333333	5192.134;5192.134;3353.197	7;36;9	-0.08136371707596707
without_coding_region	5000	NC_072412.2	SCFR_NC_072412_2_459_10710_frame_3_fft	5	3	-0.166618;0.166618;-0.333333	5191.624;5191.624;3354.688	7;36;9	-0.081397104710926
without_coding_region	5000	NC_072412.2	SCFR_NC_072412_2_120142962_120148815_frame1_fft	2	2	0.166752;0.333333	3263.646;1697.866	6;3	0.2237572468170993
without_coding_region	5000	NC_072412.2	SCFR_NC_072412_2_488_10613_frame_1_fft	5	3	-0.166716;0.166716;-0.333333	5084.745;5084.745;3374.000	7;37;9	-0.08304104348288366
without_coding_region	5000	NC_072412.2	SCFR_NC_072412_2_120142961_120148814_frame_1_fft	2	2	0.166752;0.333333	3263.007;1697.713	6;3	0.22376121020597817
without_coding_region	5000	NC_072412.2	SCFR_NC_072412_2_489_10614_frame1_fft	5	3	-0.166617;0.166617;-0.333333	5084.367;5084.367;3374.000	7;37;9	-0.08304567910733533
without_coding_region	5000	NC_072407.2	SCFR_NC_072407_2_136983627_136990554_frame1_fft	2	2	0.166739;0.333333	3479.073;2308.000	6;3	0.2331800060146122
without_coding_region	5000	NC_072407.2	SCFR_NC_072407_2_136983626_136990553_frame_2_fft	2	2	0.166594;0.333333	3478.695;2308.000	6;3	0.2330971787574773
without_coding_region	5000	NC_072407.2	SCFR_NC_072407_2_136983619_136990810_frame_3_fft	2	2	0.166736;0.333333	3776.862;2265.697	6;3	0.22920263427018253
without_coding_region	5000	NC_072407.2	SCFR_NC_072407_2_136983620_136990805_frame3_fft	2	2	0.166736;0.333333	3770.381;2266.224	6;3	0.22927879014909872
without_coding_region	5000	NC_072407.2	SCFR_NC_072407_2_15_10503_frame_1_fft	7	3	-0.166667;0.166667;-0.333333	7678.552;7678.552;3445.126	7;35;9	-0.0610764885313072
without_coding_region	5000	NC_072407.2	SCFR_NC_072407_2_16_10504_frame2_fft	7	3	-0.166667;0.166667;-0.333333	7678.069;7678.069;3445.126	7;35;9	-0.06107962661223203
without_coding_region	5000	NC_072407.2	SCFR_NC_072407_2_415_10516_frame_3_fft	5	3	-0.166617;0.166617;-0.333333	5080.002;5080.002;3361.501	7;37;9	-0.08286793613824792
without_coding_region	5000	NC_072407.2	SCFR_NC_072407_2_73036219_73041997_frame_3_fft	10	3	0.018865;0.057113;0.094496	836.851;722.310;681.163	53;18;11	0.05419201150949594
without_coding_region	5000	NC_072407.2	SCFR_NC_072407_2_416_10517_frame3_fft	5	3	-0.166617;0.166617;-0.333333	5080.504;5080.504;3360.002	7;37;9	-0.08283401511174092
without_coding_region	5000	NC_072407.2	SCFR_NC_072407_2_73036320_73041825_frame_1_fft	13	3	0.018710;0.094460;0.057221	781.108;638.900;543.939	53;11;17	0.05401864622568736
without_coding_region	5000	NC_072407.2	SCFR_NC_072407_2_7340176_7349668_frame_3_fft	27	3	0.311631;0.377370;0.377054	901.709;778.732;772.537	3;3;3	0.3531049761624442
without_coding_region	5000	NC_072407.2	SCFR_NC_072407_2_73036481_73041863_frame_2_fft	13	3	0.018766;0.057042;0.094575	1003.476;519.189;496.639	53;18;11	0.0472521437975659
without_coding_region	5000	NC_072407.2	SCFR_NC_072407_2_7340106_7349721_frame_1_fft	25	3	0.377327;0.311596;0.344462	942.756;910.882;862.924	3;3;3	0.344847276731398
without_coding_region	5000	NC_072407.2	SCFR_NC_072407_2_7341701_7346846_frame3_fft	22	3	0.377454;0.311565;0.344412	671.461;662.991;607.113	3;3;3	0.3446227315413082
without_coding_region	5000	NC_072407.2	SCFR_NC_072407_2_7340300_7349729_frame_2_fft	25	3	0.311592;0.377346;0.344469	890.347;884.159;857.857	3;3;3	0.34439171473349234
without_coding_region	5000	NC_072421.2	SCFR_NC_072421_2_1353172_1362571_frame2_fft	25	3	0.213853;0.213108;0.214385	1273.784;1255.341;1053.745	5;5;5	0.21374843670158283
without_coding_region	5000	NC_072421.2	SCFR_NC_072421_2_1353020_1367336_frame_1_fft	33	3	0.213328;0.213118;0.213817	1944.459;1909.415;1782.061	5;5;5	0.21341147340396935
without_coding_region	5000	NC_072421.2	SCFR_NC_072421_2_1352923_1367350_frame_2_fft	34	3	0.213835;0.213073;0.213974	1849.225;1816.227;1734.664	5;5;5	0.21362336627250228
without_coding_region	5000	NC_072421.2	SCFR_NC_072421_2_1353087_1367346_frame_3_fft	29	3	0.213830;0.213129;0.213339	1847.485;1806.501;1778.961	5;5;5	0.2134361387950223
without_coding_region	5000	NC_072421.2	SCFR_NC_072421_2_1356963_1367256_frame1_fft	21	3	0.213835;0.213349;0.213057	1965.038;1881.210;1626.558	5;5;5	0.2134367161609602
without_coding_region	5000	NC_072421.2	SCFR_NC_072421_2_1353281_1365893_frame3_fft	34	3	0.213844;0.214003;0.213051	1512.876;1484.261;1459.057	5;5;5	0.2136373135985552
without_coding_region	5000	NC_072421.2	SCFR_NC_072421_2_1362574_1367623_frame2_fft	9	3	0.213310;0.212715;0.214300	1330.716;903.632;720.508	5;5;5	0.2133694417731355
without_coding_region	5000	NC_072421.2	SCFR_NC_072421_2_2524_9778_frame_2_fft	8	3	0.166667;0.333471;0.333195	4962.982;1315.957;1315.469	6;3;3	0.22441597965187016
without_coding_region	5000	NC_072421.2	SCFR_NC_072421_2_2525_9779_frame3_fft	8	3	0.166667;0.333195;0.333471	4964.260;1315.002;1314.673	6;3;3	0.2243811321525665
without_coding_region	5000	NC_072421.2	SCFR_NC_072421_2_791492_797450_frame_1_fft	16	3	0.444444;0.037093;0.148204	2075.175;2048.949;1566.697	2;27;7	0.21622389900244623
without_coding_region	5000	NC_072421.2	SCFR_NC_072421_2_791308_797470_frame2_fft	17	3	0.037001;0.296170;0.444336	1863.198;1595.064;1467.593	27;3;2	0.2422837654226525
with_coding_region	5000	NC_072410.2	SCFR_NC_072410_2_101733579_101739384_frame_2_fft	1	1	0.333333	711.071	3	0.333333
with_coding_region	5000	NC_072410.2	SCFR_NC_072410_2_101866088_101873753_frame3_fft	1	1	0.333333	909.446	3	0.333333
with_coding_region	5000	NC_072410.2	SCFR_NC_072410_2_120862939_120874378_frame_1_fft	22	3	0.250022;0.062505;0.312527	5487.194;4830.183;2919.240	4;16;3	0.19538006774412225
with_coding_region	5000	NC_072410.2	SCFR_NC_072410_2_120862925_120874493_frame_3_fft	24	3	0.250000;0.062500;0.437500	6122.817;4868.410;3561.575	4;16;2	0.2331625852876992
with_coding_region	5000	NC_072410.2	SCFR_NC_072410_2_120862920_120874362_frame_2_fft	23	3	0.062489;0.249956;0.437511	4768.526;3922.636;3463.112	16;4;2	0.22984642434932764
with_coding_region	5000	NC_072410.2	SCFR_NC_072410_2_122843980_122852263_frame_1_fft	2	2	0.166727;0.333333	4314.188;2632.054	6;3	0.2298569613120303
with_coding_region	5000	NC_072410.2	SCFR_NC_072410_2_122843993_122852018_frame_3_fft	2	2	0.166604;0.333333	4029.986;2674.000	6;3	0.23310672628850956
with_coding_region	5000	NC_072410.2	SCFR_NC_072410_2_122843981_122852264_frame3_fft	2	2	0.166727;0.333333	4314.731;2633.530	6;3	0.22987400889618279
with_coding_region	5000	NC_072410.2	SCFR_NC_072410_2_122843994_122852019_frame1_fft	2	2	0.166729;0.333333	4030.364;2674.000	6;3	0.23317812119926662
with_coding_region	5000	NC_072410.2	SCFR_NC_072410_2_16007553_16012749_frame1_fft	1	1	0.333333	795.969	3	0.333333
with_coding_region	5000	NC_072410.2	SCFR_NC_072410_2_49290683_49296839_frame_3_fft	15	3	0.333333;0.326348;0.035088	1016.930;733.806;548.738	3;3;29	0.2599318657753903
with_coding_region	5000	NC_072410.2	SCFR_NC_072410_2_95277515_95293250_frame_3_fft	20	3	0.333333;0.143184;0.119225	1831.687;1282.881;1045.834	3;7;8	0.22087752926880622
with_coding_region	5000	NC_072418.2	SCFR_NC_072418_2_3760878_3766029_frame1_fft	1	1	0.333333	720.397	3	0.333333
with_coding_region	5000	NC_072418.2	SCFR_NC_072418_2_25823253_25828371_frame1_fft	9	3	0.348574;0.349551;0.354631	408.352;377.589;365.426	3;3;3	0.35081680332422244
with_coding_region	5000	NC_072418.2	SCFR_NC_072418_2_11750991_11760702_frame_1_fft	1	1	0.333333	2013.294	3	0.333333
with_coding_region	5000	NC_072418.2	SCFR_NC_072418_2_61477835_61484528_frame3_fft	38	3	0.051845;0.025848;0.461527	1587.793;958.903;932.035	19;39;2	0.15444257410935194
with_coding_region	5000	NC_072418.2	SCFR_NC_072418_2_41016431_41022107_frame_2_fft	3	3	0.333333;0.047921;0.095490	855.286;440.497;357.345	3;21;10	0.2058684984012127
with_coding_region	5000	NC_072418.2	SCFR_NC_072418_2_11724010_11746741_frame_3_fft	13	3	0.333333;0.003387;0.002288	4599.010;964.423;932.888	3;295;437	0.23681138120714787
with_coding_region	5000	NC_072418.2	SCFR_NC_072418_2_61478466_61488516_frame1_fft	58	3	0.051841;0.051542;0.436020	1699.328;1695.564;1643.067	19;19;2	0.1770355209075739
with_coding_region	5000	NC_072418.2	SCFR_NC_072418_2_68077787_68085173_frame3_fft	3	3	0.166667;0.333469;0.333198	5064.202;1311.608;1308.612	6;3;3	0.22349668772251183
with_coding_region	5000	NC_072418.2	SCFR_NC_072418_2_68077786_68085172_frame_3_fft	3	3	0.166667;0.333469;0.333198	5065.694;1310.604;1308.634	6;3;3	0.2234716011418188
with_coding_region	5000	NC_086015.1	SCFR_NC_086015_1_124979887_124985077_frame_1_fft	1	1	0.333333	949.930	3	0.333333
with_coding_region	5000	NC_086015.1	SCFR_NC_086015_1_116985777_116992263_frame_2_fft	1	1	0.333333	926.645	3	0.333333
with_coding_region	5000	NC_086015.1	SCFR_NC_086015_1_101163425_101169707_frame3_fft	1	1	0.333333	984.779	3	0.333333
with_coding_region	5000	NC_086015.1	SCFR_NC_086015_1_198968913_198978465_frame_2_fft	23	3	0.333333;0.395833;0.104167	2556.667;1739.960;1718.145	3;3;10	0.28595083537763355
with_coding_region	5000	NC_086015.1	SCFR_NC_086015_1_199385013_199390059_frame_2_fft	26	3	0.333333;0.147642;0.185692	2256.205;1314.928;1296.072	3;7;5	0.24385173479748642
with_coding_region	5000	NC_086015.1	SCFR_NC_086015_1_201573194_201579334_frame3_fft	3	3	0.166612;0.333388;0.165961	3520.821;1651.037;407.098	6;3;6	0.21592020854546978
with_coding_region	5000	NC_086015.1	SCFR_NC_086015_1_199385036_199390094_frame_3_fft	25	3	0.333333;0.147687;0.185647	2258.440;1163.102;1135.738	3;7;5	0.24914729357862583
with_coding_region	5000	NC_086015.1	SCFR_NC_086015_1_199385001_199390068_frame1_fft	20	3	0.333333;0.147622;0.185711	2251.014;1308.240;1294.257	3;7;5	0.24391003062916716
with_coding_region	5000	NC_086015.1	SCFR_NC_086015_1_201573261_201578799_frame1_fft	2	2	0.166667;0.333333	4283.350;1806.504	6;3	0.21610706796616147
with_coding_region	5000	NC_086015.1	SCFR_NC_086015_1_201573193_201579334_frame_1_fft	3	3	0.166748;0.333333;0.165771	3414.145;1731.992;368.292	6;3;6	0.21900437432923703
with_coding_region	5000	NC_086015.1	SCFR_NC_086015_1_43192622_43198283_frame_3_fft	1	1	0.333333	677.452	3	0.333333
with_coding_region	5000	NC_086015.1	SCFR_NC_086015_1_201573341_201578798_frame_3_fft	2	2	0.166758;0.333333	2746.803;1809.146	6;3	0.2329041519762403
with_coding_region	5000	NC_086015.1	SCFR_NC_086015_1_53687217_53694114_frame1_fft	3	3	0.333333;0.333768;0.334058	678.643;386.810;383.873	3;3;3	0.3336411227239421
with_coding_region	5000	NC_072422.2	SCFR_NC_072422_2_33985409_33994241_frame3_fft	37	3	0.140285;0.474072;0.281476	1913.981;1511.144;975.098	7;2;4	0.28620380548917634
with_coding_region	5000	NC_072422.2	SCFR_NC_072422_2_1288_6709_frame_3_fft	3	3	0.166759;0.333333;0.166021	3167.293;1490.915;504.749	6;3;6	0.2147886795902038
with_coding_region	5000	NC_072422.2	SCFR_NC_072422_2_1289_6854_frame3_fft	3	3	0.166757;0.333333;0.499191	3152.138;1453.920;391.400	6;3;2	0.24125544411298705
with_coding_region	5000	NC_072422.2	SCFR_NC_072422_2_33985464_33994323_frame1_fft	41	3	0.140309;0.474094;0.473868	1748.339;1512.788;1032.839	7;2;2	0.3381351324335125
with_coding_region	5000	NC_072422.2	SCFR_NC_072422_2_33988072_33994087_frame2_fft	33	3	0.140316;0.473815;0.141147	1147.041;993.041;767.223	7;2;7	0.2544477277588695
with_coding_region	5000	NC_072422.2	SCFR_NC_072422_2_35287375_35295262_frame2_fft	15	3	0.213136;0.213896;0.213643	1294.455;1274.951;1232.426	5;5;5	0.213555219666203
with_coding_region	5000	NC_072422.2	SCFR_NC_072422_2_35287361_35295359_frame3_fft	14	3	0.213053;0.213803;0.213553	1541.869;1267.746;1071.600	5;5;5	0.21343602683566873
with_coding_region	5000	NC_072422.2	SCFR_NC_072422_2_35287088_35295107_frame_2_fft	14	3	0.213618;0.213119;0.213867	1459.258;1438.962;1276.964	5;5;5	0.21352217715674326
with_coding_region	5000	NC_072422.2	SCFR_NC_072422_2_35287365_35295195_frame1_fft	16	3	0.213027;0.213921;0.214559	1327.317;1260.124;895.553	5;5;5	0.21374435353319587
with_coding_region	5000	NC_072413.2	SCFR_NC_072413_2_0_7681_frame_2_fft	31	3	-0.166645;0.166645;0.333420	4003.169;4003.169;2093.467	10;51;25	0.06911061818916306
with_coding_region	5000	NC_072413.2	SCFR_NC_072413_2_103506370_103513237_frame_2_fft	25	3	0.055191;0.057085;0.055483	778.546;592.267;585.919	18;18;18	0.055851714929791095
with_coding_region	5000	NC_072413.2	SCFR_NC_072413_2_103506312_103513221_frame_3_fft	23	3	0.055145;0.055580;0.055869	866.156;621.014;612.670	18;18;18	0.0554848897868409
with_coding_region	5000	NC_072413.2	SCFR_NC_072413_2_103506863_103514219_frame_1_fft	19	3	0.055057;0.055873;0.056960	766.521;581.449;579.129	18;18;18	0.05587509230921712
with_coding_region	5000	NC_072413.2	SCFR_NC_072413_2_2_7652_frame3_fft	34	3	-0.166667;0.166667;0.499869	4947.792;4947.792;1655.051	10;51;17	0.0716245200648276
with_coding_region	5000	NC_072413.2	SCFR_NC_072413_2_104686504_104692111_frame_2_fft	3	3	0.166756;0.333333;0.166042	3323.854;1446.921;465.884	6;3;6	0.21271872513467077
with_coding_region	5000	NC_072413.2	SCFR_NC_072413_2_104686418_104692112_frame3_fft	2	2	0.166667;0.333333	4074.626;1449.290	6;3	0.2103945597854855
with_coding_region	5000	NC_072413.2	SCFR_NC_072413_2_102980878_102995764_frame_2_fft	103	3	0.333333;0.187895;0.143423	2881.249;1494.055;1434.368	3;5;7	0.24904369795850773
with_coding_region	5000	NC_072413.2	SCFR_NC_072413_2_98688820_98694688_frame2_fft	22	3	0.345774;0.347137;0.346285	663.706;651.804;575.063	3;3;3	0.34639934800031524
with_coding_region	5000	NC_072413.2	SCFR_NC_072413_2_99722982_99729606_frame1_fft	43	3	0.250000;0.449124;0.051329	1228.371;1000.634;991.145	4;2;19	0.25072620105305654
with_coding_region	5000	NC_072413.2	SCFR_NC_072413_2_98689020_98695113_frame1_fft	19	3	0.345807;0.347120;0.062695	683.519;600.039;522.239	3;3;16	0.26436690647841365
with_coding_region	5000	NC_072413.2	SCFR_NC_072413_2_98688896_98694650_frame3_fft	22	3	0.345846;0.346194;0.347237	641.556;596.679;568.990	3;3;3	0.3463988417225303
with_coding_region	5000	NC_072420.2	SCFR_NC_072420_2_34258220_34264163_frame3_fft	4	3	0.333333;0.333670;0.332997	942.727;637.986;589.252	3;3;3	0.3333408400388946
with_coding_region	5000	NC_072420.2	SCFR_NC_072420_2_45046516_45052912_frame2_fft	30	3	0.019700;0.114290;0.480144	871.851;652.819;652.412	51;9;2	0.18604621026585125
with_coding_region	5000	NC_072420.2	SCFR_NC_072420_2_45071516_45077276_frame3_fft	35	3	0.153299;0.479861;0.480208	793.638;772.516;752.494	7;2;2	0.3681964018643623
with_coding_region	5000	NC_072420.2	SCFR_NC_072420_2_759_10962_frame_2_fft	5	3	-0.166618;0.166618;-0.333333	5184.609;5184.609;3370.148	7;36;9	-0.08176371044224309
with_coding_region	5000	NC_072420.2	SCFR_NC_072420_2_765_10872_frame1_fft	5	3	-0.166617;0.166617;-0.333333	5092.423;5092.423;3370.032	7;37;9	-0.08287369880097778
with_coding_region	5000	NC_072420.2	SCFR_NC_072420_2_760_10879_frame2_fft	5	3	-0.166617;0.166617;-0.333333	5098.898;5098.898;3368.271	7;37;9	-0.08276207667579703
with_coding_region	5000	NC_072420.2	SCFR_NC_072420_2_764_10871_frame_3_fft	5	3	-0.166617;0.166617;-0.333333	5090.558;5090.558;3370.032	7;37;9	-0.08289651007102866
with_coding_region	5000	NC_072409.2	SCFR_NC_072409_2_1085392_1092139_frame2_fft	28	3	0.274048;0.273751;0.277308	1142.403;931.413;714.512	4;4;4	0.274784168578087
with_coding_region	5000	NC_072409.2	SCFR_NC_072409_2_1036_9199_frame_3_fft	2	2	0.166728;0.333333	4099.652;2720.000	6;3	0.2331779596167077
with_coding_region	5000	NC_072409.2	SCFR_NC_072409_2_1085441_1092263_frame3_fft	27	3	0.273967;0.277338;0.279683	1190.108;822.055;609.150	4;4;4	0.276352464385596
with_coding_region	5000	NC_072409.2	SCFR_NC_072409_2_115590591_115596930_frame_1_fft	15	3	0.111059;0.444550;0.259189	2141.573;1777.780;1652.947	9;2;4	0.26139632374244026
with_coding_region	5000	NC_072409.2	SCFR_NC_072409_2_1085445_1092369_frame1_fft	31	3	0.273975;0.273686;0.277296	1234.829;712.507;653.427	4;4;4	0.27473020781555263
with_coding_region	5000	NC_072409.2	SCFR_NC_072409_2_1037_11111_frame3_fft	4	3	0.166667;0.333333;0.166865	6796.330;2682.317;1392.326	6;3;6	0.20781572934281042
with_coding_region	5000	NC_072409.2	SCFR_NC_072409_2_115590536_115596710_frame_2_fft	15	3	0.111111;0.074020;0.444606	2206.626;1717.422;1577.063	9;14;2	0.19513797669307162
with_coding_region	5000	NC_072409.2	SCFR_NC_072409_2_115590640_115596745_frame_3_fft	13	3	0.111057;0.037019;0.074038	2112.763;1817.938;1805.338	9;27;14	0.0759407288125133
with_coding_region	5000	NC_072409.2	SCFR_NC_072409_2_2599482_2608842_frame_1_fft	40	3	0.027991;0.084081;0.471902	1625.124;1528.541;1509.515	36;12;2	0.1900748521899219
with_coding_region	5000	NC_072409.2	SCFR_NC_072409_2_58394946_58400460_frame_1_fft	18	3	0.200399;0.199855;0.399891	1333.235;1056.748;1020.670	5;5;3	0.259930306388542
with_coding_region	5000	NC_072409.2	SCFR_NC_072409_2_660_9564_frame1_fft	7	3	-0.166667;0.166667;-0.333333	6807.465;6807.465;2800.086	8;42;11	-0.05686019840845723
with_coding_region	5000	NC_072409.2	SCFR_NC_072409_2_2599762_2608933_frame_3_fft	42	3	0.471922;0.084069;0.028023	1533.078;1517.630;1439.051	2;12;36	0.1985419258715223
with_coding_region	5000	NC_072409.2	SCFR_NC_072409_2_665_9563_frame_2_fft	7	3	-0.166667;0.166667;-0.333333	6807.823;6807.823;2800.617	8;42;11	-0.05686666121644129
with_coding_region	5000	NC_072409.2	SCFR_NC_072409_2_31523047_31528864_frame_3_fft	1	1	0.333333	671.253	3	0.333333
with_coding_region	5000	NC_072409.2	SCFR_NC_072409_2_67192570_67199284_frame_3_fft	1	1	0.333333	1040.726	3	0.333333
with_coding_region	5000	NC_072409.2	SCFR_NC_072409_2_83372508_83378019_frame1_fft	1	1	0.333333	789.894	3	0.333333
with_coding_region	5000	NC_072409.2	SCFR_NC_072409_2_80676561_80685387_frame_1_fft	1	1	0.333333	1259.959	3	0.333333
with_coding_region	5000	NC_072409.2	SCFR_NC_072409_2_846922_852127_frame2_fft	32	3	0.039001;0.038232;0.372142	863.423;794.487;759.303	26;26;3	0.14339560660686504
with_coding_region	5000	NC_072409.2	SCFR_NC_072409_2_846800_852263_frame3_fft	27	3	0.038990;0.038257;0.372140	865.313;764.805;754.570	26;26;3	0.14417122011558747
with_coding_region	5000	NC_072409.2	SCFR_NC_072409_2_846525_852027_frame1_fft	28	3	0.038168;0.294802;0.255543	803.956;738.313;700.442	26;3;4	0.1905437622769942
with_coding_region	5000	NC_072403.2	SCFR_NC_072403_2_163305732_163310799_frame1_fft	1	1	0.333333	1048.074	3	0.333333
with_coding_region	5000	NC_072403.2	SCFR_NC_072403_2_18067071_18073134_frame1_fft	1	1	0.333333	668.956	3	0.333333
with_coding_region	5000	NC_072403.2	SCFR_NC_072403_2_182267116_182272399_frame2_fft	14	3	0.099943;0.199886;0.299830	1598.783;1430.222;1147.459	10;5;3	0.18908606803051575
with_coding_region	5000	NC_072403.2	SCFR_NC_072403_2_154622562_154628067_frame_1_fft	1	1	0.333333	497.744	3	0.333333
with_coding_region	5000	NC_072403.2	SCFR_NC_072403_2_36904509_36910260_frame1_fft	23	3	0.333333;0.433142;0.099809	2307.691;1045.495;1024.696	3;2;10	0.3025095793940997
with_coding_region	5000	NC_072403.2	SCFR_NC_072403_2_182267579_182272814_frame3_fft	14	3	0.099904;0.050048;0.199809	1482.738;1156.361;1075.400	10;20;5	0.11330723499454434
with_coding_region	5000	NC_072403.2	SCFR_NC_072403_2_99251360_99258533_frame3_fft	1	1	0.333333	1010.828	3	0.333333
with_coding_region	5000	NC_072403.2	SCFR_NC_072403_2_62470121_62475659_frame_2_fft	1	1	0.333333	850.314	3	0.333333
with_coding_region	5000	NC_072403.2	SCFR_NC_072403_2_52569716_52575818_frame3_fft	1	1	0.333333	694.553	3	0.333333
with_coding_region	5000	NC_072406.2	SCFR_NC_072406_2_144039950_144045527_frame3_fft	28	3	0.278286;0.111529;0.110633	937.196;774.212;724.429	4;9;9	0.17542280939200774
with_coding_region	5000	NC_072406.2	SCFR_NC_072406_2_134193316_134198692_frame2_fft	1	1	0.333333	832.419	3	0.333333
with_coding_region	5000	NC_072406.2	SCFR_NC_072406_2_140260003_140266960_frame_2_fft	18	3	0.333333;0.316803;0.098462	777.042;626.519;600.066	3;3;10	0.2578227076371999
with_coding_region	5000	NC_072406.2	SCFR_NC_072406_2_144042439_144047599_frame2_fft	24	3	0.499612;0.221512;0.111047	1197.525;888.375;817.176	2;5;9	0.3051344596462511
with_coding_region	5000	NC_072406.2	SCFR_NC_072406_2_144049189_144055633_frame2_fft	33	3	0.055556;0.110335;0.499224	991.704;904.195;777.083	18;9;2	0.20306831334479622
with_coding_region	5000	NC_072406.2	SCFR_NC_072406_2_144570571_144576193_frame2_fft	21	3	0.250089;0.327464;0.172536	625.051;610.272;591.639	4;3;6	0.2508204966775445
with_coding_region	5000	NC_072406.2	SCFR_NC_072406_2_144778239_144785325_frame1_fft	15	3	0.387101;0.451595;0.128987	2330.489;2234.655;2124.283	3;2;8	0.32667948068422004
with_coding_region	5000	NC_072406.2	SCFR_NC_072406_2_144570807_144576141_frame1_fft	22	3	0.327522;0.250094;0.172478	672.898;636.441;635.626	3;4;6	0.25151633856547545
with_coding_region	5000	NC_072406.2	SCFR_NC_072406_2_144778321_144785329_frame2_fft	15	3	0.451627;0.128995;0.387129	2263.499;2259.184;2141.725	2;8;3	0.3215296183063822
with_coding_region	5000	NC_072406.2	SCFR_NC_072406_2_144778403_144785255_frame3_fft	15	3	0.129013;0.064507;0.258027	2451.560;2099.429;2017.120	8;16;4	0.148015570238405
with_coding_region	5000	NC_072406.2	SCFR_NC_072406_2_20302877_20308955_frame_1_fft	9	3	0.249753;0.250247;0.499506	1541.785;1415.235;755.141	4;4;2	0.30074697797212996
with_coding_region	5000	NC_072406.2	SCFR_NC_072406_2_144570767_144576155_frame3_fft	20	3	0.327580;0.250186;0.249814	672.727;615.766;610.255	3;4;4	0.2774871576986519
with_coding_region	5000	NC_072406.2	SCFR_NC_072406_2_20302816_20308948_frame_2_fft	8	3	0.250326;0.249674;0.499511	1575.521;1279.012;762.211	4;4;2	0.3026099416367319
with_coding_region	5000	NC_072406.2	SCFR_NC_072406_2_20302644_20308989_frame_3_fft	8	3	0.250276;0.249803;0.499764	1517.263;1335.914;709.006	4;4;2	0.29975594013951556
with_coding_region	5000	NC_072406.2	SCFR_NC_072406_2_27884920_27890698_frame_2_fft	39	3	0.123399;0.037037;0.074074	1433.568;1212.352;1194.838	8;27;14	0.08079373099476718
with_coding_region	5000	NC_072406.2	SCFR_NC_072406_2_27884935_27890413_frame2_fft	39	3	0.123403;0.037057;0.074115	1469.413;1190.781;1079.981	8;27;13	0.08168054590253128
with_coding_region	5000	NC_072406.2	SCFR_NC_072406_2_31713934_31719208_frame_2_fft	21	3	0.177095;0.177474;0.411832	892.410;816.728;638.844	6;6;2	0.24109458089116528
with_coding_region	5000	NC_072406.2	SCFR_NC_072406_2_27884915_27890621_frame3_fft	38	3	0.123379;0.024711;0.049422	1233.702;1117.574;1114.776	8;40;20	0.0677784838900282
with_coding_region	5000	NC_072406.2	SCFR_NC_072406_2_31723840_31729627_frame2_fft	24	3	0.411958;0.178331;0.176948	946.453;907.957;751.218	2;6;6	0.2627935712254397
with_coding_region	5000	NC_072406.2	SCFR_NC_072406_2_27884946_27890388_frame_3_fft	39	3	0.123484;0.074054;0.345645	1639.675;1154.683;1152.221	8;14;3	0.173882734927389
with_coding_region	5000	NC_072406.2	SCFR_NC_072406_2_72337248_72345126_frame_3_fft	1	1	0.333333	1099.503	3	0.333333
with_coding_region	5000	NC_072406.2	SCFR_NC_072406_2_31715256_31720992_frame_3_fft	30	3	0.177301;0.178173;0.411785	752.370;734.423;712.837	6;6;2	0.2535816871901183
with_coding_region	5000	NC_072405.2	SCFR_NC_072405_2_154223138_154232111_frame_1_fft	4	3	0.333333;0.176195;0.140421	2159.106;495.574;471.859	3;6;7	0.27931135797986206
with_coding_region	5000	NC_072405.2	SCFR_NC_072405_2_153983907_153993666_frame_3_fft	24	3	0.279024;0.093042;0.023261	2896.041;2577.132;2530.782	4;11;43	0.13827101472084738
with_coding_region	5000	NC_072405.2	SCFR_NC_072405_2_153983869_153993580_frame_2_fft	23	3	0.092987;0.279065;0.255792	2711.173;2593.760;2473.981	11;4;4	0.20680984853451267
with_coding_region	5000	NC_072405.2	SCFR_NC_072405_2_153983993_153993728_frame_1_fft	23	3	0.255778;0.186030;0.278993	2511.607;2193.767;2190.177	4;5;4	0.24096179435363468
with_coding_region	5000	NC_072405.2	SCFR_NC_072405_2_155333331_155339433_frame1_fft	24	3	0.108161;0.162406;0.272042	852.657;657.931;650.750	9;6;4	0.17401605267801704
with_coding_region	5000	NC_072405.2	SCFR_NC_072405_2_154275808_154282045_frame_2_fft	2	2	0.333333;0.140131	1745.599;428.691	3;7	0.2952405842771663
with_coding_region	5000	NC_072405.2	SCFR_NC_072405_2_63210789_63216531_frame1_fft	1	1	0.333333	825.944	3	0.333333
with_coding_region	5000	NC_072405.2	SCFR_NC_072405_2_16589633_16596617_frame_1_fft	4	3	0.333333;0.000430;0.333763	903.228;564.396;491.057	3;2328;3	0.23751445319324585
with_coding_region	5000	NC_072405.2	SCFR_NC_072405_2_39232972_39240340_frame_2_fft	1	1	0.333333	925.382	3	0.333333
with_coding_region	5000	NC_072405.2	SCFR_NC_072405_2_85495371_85500840_frame1_fft	2	2	0.333333;0.000914	614.305;390.376	3;1094	0.2041692161283034
with_coding_region	5000	NC_072405.2	SCFR_NC_072405_2_8762275_8767957_frame_2_fft	5	3	0.322070;0.177930;0.326294	405.981;381.878;351.836	3;6;3	0.27507695391661807
with_coding_region	5000	NC_072405.2	SCFR_NC_072405_2_8762675_8769755_frame_1_fft	6	3	0.177966;0.499011;0.321469	492.470;427.907;420.915	6;2;3	0.32542081823495556
with_coding_region	5000	NC_072405.2	SCFR_NC_072405_2_8762241_8769768_frame_3_fft	4	3	0.321908;0.178026;0.498871	474.301;423.333;422.400	3;6;2	0.33239195154518747
with_coding_region	5000	NC_072398.2	SCFR_NC_072398_2_191638480_191643976_frame_3_fft	2	2	0.333333;0.298763	704.102;333.405	3;3	0.3222238596761275
with_coding_region	5000	NC_072398.2	SCFR_NC_072398_2_189383654_189388793_frame3_fft	1	1	0.333333	396.750	3	0.333333
with_coding_region	5000	NC_072398.2	SCFR_NC_072398_2_169_10204_frame_3_fft	5	3	-0.166716;0.166716;-0.333333	5081.111;5081.111;3313.533	7;37;9	-0.08196274683600288
with_coding_region	5000	NC_072398.2	SCFR_NC_072398_2_229589356_229594504_frame_3_fft	14	3	0.285742;0.284965;0.285354	576.214;545.645;531.140	4;4;4	0.2853608452110377
with_coding_region	5000	NC_072398.2	SCFR_NC_072398_2_229589363_229594514_frame3_fft	14	3	0.285770;0.284993;0.285381	609.708;552.071;479.017	4;4;4	0.2853950010482717
with_coding_region	5000	NC_072398.2	SCFR_NC_072398_2_229589379_229594386_frame_1_fft	14	3	0.285800;0.285001;0.283403	605.890;530.017;470.546	3;4;4	0.2848342809002193
with_coding_region	5000	NC_072398.2	SCFR_NC_072398_2_215268598_215276956_frame_3_fft	1	1	0.333333	1210.301	3	0.333333
with_coding_region	5000	NC_072398.2	SCFR_NC_072398_2_170_10628_frame3_fft	7	3	-0.166667;0.166667;-0.500000	7858.630;7858.630;3370.000	7;35;12	-0.08827877861987524
with_coding_region	5000	NC_072398.2	SCFR_NC_072398_2_229589380_229594408_frame2_fft	14	3	0.285800;0.285004;0.283413	602.434;533.047;470.108	3;4;4	0.28483683121396575
with_coding_region	5000	NC_072398.2	SCFR_NC_072398_2_229589345_229594451_frame_2_fft	12	3	0.285742;0.284763;0.285351	572.837;556.137;533.677	4;4;4	0.2852890331236081
with_coding_region	5000	NC_072398.2	SCFR_NC_072398_2_2336216_2341802_frame_2_fft	36	3	0.074651;0.112066;0.463122	1105.190;874.267;799.793	13;9;2	0.19821206370711522
with_coding_region	5000	NC_072398.2	SCFR_NC_072398_2_2333913_2338947_frame_1_fft	29	3	0.463051;0.074891;0.388359	827.411;809.418;670.945	2;13;3	0.30519415837686015
with_coding_region	5000	NC_072398.2	SCFR_NC_072398_2_247_10237_frame2_fft	5	3	-0.166667;0.166667;-0.333333	7839.144;7839.144;3322.500	7;37;9	-0.05828699801818746
with_coding_region	5000	NC_072398.2	SCFR_NC_072398_2_2335570_2341621_frame_3_fft	38	3	0.074698;0.463064;0.277805	1281.732;1002.672;919.567	13;2;4	0.2545292808140273
with_coding_region	5000	NC_072398.2	SCFR_NC_072398_2_41810_48989_frame_2_fft	31	3	0.365093;0.333333;0.031759	2361.621;1848.797;1581.449	3;3;31	0.2639393454554464
with_coding_region	5000	NC_072398.2	SCFR_NC_072398_2_96882521_96894578_frame3_fft	96	3	0.333333;0.284980;0.483537	1763.843;1289.839;1255.882	3;4;2	0.36263316000713763
with_coding_region	5000	NC_072398.2	SCFR_NC_072398_2_246_10218_frame_1_fft	5	3	-0.166667;0.166667;-0.500000	7849.109;7849.109;3318.000	7;37;12	-0.08724132211778388
with_coding_region	5000	NC_072398.2	SCFR_NC_072398_2_97092603_97098024_frame1_fft	2	2	0.333333;0.042059	1896.633;330.572	3;24	0.2901007745299602
with_coding_region	5000	NC_072398.2	SCFR_NC_072398_2_96839494_96846559_frame2_fft	13	3	0.333333;0.203822;0.181883	1410.555;657.436;583.383	3;5;5	0.2678957779611628
with_coding_region	5000	NC_072398.2	SCFR_NC_072398_2_96981866_96993533_frame3_fft	57	3	0.333333;0.282249;0.307791	2757.451;1676.901;1666.411	3;4;3	0.31231492726942517
with_coding_region	5000	NC_072402.2	SCFR_NC_072402_2_178653748_178662853_frame_3_fft	41	3	0.029654;0.220538;0.470291	1149.345;1134.534;1035.808	34;5;2	0.23237784648070736
with_coding_region	5000	NC_072402.2	SCFR_NC_072402_2_110558887_110565472_frame2_fft	1	1	0.333333	1011.903	3	0.333333
with_coding_region	5000	NC_072402.2	SCFR_NC_072402_2_178653648_178662882_frame_1_fft	43	3	0.220489;0.470219;0.219731	1270.431;1194.777;1149.115	5;2;5	0.30280057841731356
with_coding_region	5000	NC_072402.2	SCFR_NC_072402_2_178653926_178662845_frame_2_fft	39	3	0.470232;0.220540;0.029600	1292.868;1106.469;1058.469	2;5;34	0.25545078614474037
with_coding_region	5000	NC_072402.2	SCFR_NC_072402_2_2544136_2551237_frame_3_fft	31	3	0.470497;0.064920;0.064216	593.938;582.419;562.850	2;15;16	0.20319643622984498
with_coding_region	5000	NC_072402.2	SCFR_NC_072402_2_2544206_2551310_frame_2_fft	37	3	0.469172;0.064893;0.064189	683.547;666.637;610.418	2;15;16	0.20562220630551228
with_coding_region	5000	NC_072402.2	SCFR_NC_072402_2_2544201_2551242_frame_1_fft	33	3	0.064906;0.470246;0.064195	630.010;627.417;602.372	15;2;16	0.2014201718476029
with_coding_region	5000	NC_072402.2	SCFR_NC_072402_2_36308310_36318840_frame_1_fft	1	1	0.333333	2037.684	3	0.333333
with_coding_region	5000	NC_072402.2	SCFR_NC_072402_2_43849758_43856454_frame_1_fft	2	2	0.333333;0.001045	1179.814;384.773	3;957	0.2516146611514732
with_coding_region	5000	NC_072402.2	SCFR_NC_072402_2_32510847_32516244_frame_1_fft	1	1	0.333333	1057.567	3	0.333333
with_coding_region	5000	NC_072402.2	SCFR_NC_072402_2_50_11810_frame3_fft	5	3	-0.166667;0.166667;-0.500000	8130.620;8130.620;3914.000	6;31;10	-0.09700008525301311
with_coding_region	5000	NC_072402.2	SCFR_NC_072402_2_49_11809_frame_3_fft	5	3	-0.166667;0.166667;-0.500000	8130.276;8130.276;3914.000	6;31;10	-0.09700339318563307
with_coding_region	5000	NC_072402.2	SCFR_NC_072402_2_866_11639_frame_2_fft	5	3	-0.166620;0.166620;-0.333333	5411.583;5411.583;3591.733	7;34;8	-0.08305595038085248
with_coding_region	5000	NC_072402.2	SCFR_NC_072402_2_867_11640_frame1_fft	5	3	-0.166620;0.166620;-0.333333	5412.084;5412.084;3590.500	7;34;8	-0.08302876878607263
with_coding_region	5000	NC_072404.2	SCFR_NC_072404_2_110413448_110424182_frame3_fft	15	3	0.333333;0.392119;0.490591	2974.113;750.290;650.933	3;3;2	0.3668095077822595
with_coding_region	5000	NC_072404.2	SCFR_NC_072404_2_123388569_123394893_frame1_fft	18	3	0.052815;0.447185;0.394371	676.286;667.845;545.512	19;2;3	0.29079695178771864
with_coding_region	5000	NC_072404.2	SCFR_NC_072404_2_110514270_110538945_frame1_fft	146	3	0.333333;0.357325;0.023992	5537.192;2576.343;2508.707	3;3;42	0.26609349342210425
with_coding_region	5000	NC_072404.2	SCFR_NC_072404_2_123388587_123394890_frame_2_fft	13	3	0.052832;0.447247;0.394891	657.137;648.092;638.608	19;2;3	0.296709866329327
with_coding_region	5000	NC_072404.2	SCFR_NC_072404_2_123388591_123394900_frame2_fft	12	3	0.052782;0.105088;0.447139	678.615;643.866;614.059	19;10;2	0.19521981179784564
with_coding_region	5000	NC_072404.2	SCFR_NC_072404_2_110564460_110591907_frame1_fft	90	3	0.333333;0.265530;0.401137	9187.851;6204.050;5795.627	3;4;2	0.33202626383700823
with_coding_region	5000	NC_072404.2	SCFR_NC_072404_2_110442616_110484883_frame2_fft	110	3	0.333333;0.411811;0.078477	12088.632;5073.668;4827.394	3;2;13	0.29549168179157015
with_coding_region	5000	NC_072404.2	SCFR_NC_072404_2_123388598_123394964_frame3_fft	12	3	0.052780;0.447220;0.394910	675.412;674.797;652.454	19;2;3	0.29715012902320564
with_coding_region	5000	NC_072404.2	SCFR_NC_072404_2_166412681_166418609_frame_3_fft	28	3	0.473009;0.053981;0.419028	1801.265;1099.675;944.762	2;19;2	0.3399269740338695
with_coding_region	5000	NC_072404.2	SCFR_NC_072404_2_123388621_123394960_frame_1_fft	11	3	0.447231;0.105064;0.052847	667.624;645.166;638.324	2;10;19	0.20506202005418445
with_coding_region	5000	NC_072404.2	SCFR_NC_072404_2_166412758_166418659_frame_1_fft	23	3	0.472971;0.054059;0.419082	1681.194;769.905;743.320	2;19;2	0.35946703735765406
with_coding_region	5000	NC_072404.2	SCFR_NC_072404_2_123388628_123394925_frame_3_fft	12	3	0.447197;0.394950;0.105129	680.565;623.574;587.425	2;3;10	0.32374404483802827
with_coding_region	5000	NC_072404.2	SCFR_NC_072404_2_172715209_172720366_frame2_fft	20	3	0.464417;0.463642;0.488850	1252.418;865.038;703.146	2;2;2	0.47027020501368155
with_coding_region	5000	NC_072404.2	SCFR_NC_072404_2_172758763_172763959_frame2_fft	19	3	0.410316;0.333333;0.025597	1400.838;1386.574;1152.400	2;3;39	0.2706918753356759
with_coding_region	5000	NC_072404.2	SCFR_NC_072404_2_166412724_166418679_frame_2_fft	30	3	0.473048;0.418976;0.053904	1648.359;808.691;726.500	2;2;19	0.36366204540465835
with_coding_region	5000	NC_072404.2	SCFR_NC_072404_2_172758165_172763976_frame1_fft	19	3	0.333333;0.282051;0.307692	1532.676;1530.624;1504.616	3;4;3	0.3077035184543674
with_coding_region	5000	NC_072404.2	SCFR_NC_072404_2_173643833_173649005_frame3_fft	24	3	0.333333;0.021268;0.354602	1628.212;1258.447;1026.125	3;47;3	0.23854304726302294
with_coding_region	5000	NC_072404.2	SCFR_NC_072404_2_174643570_174648826_frame2_fft	2	2	0.166667;0.333333	4034.384;1672.565	6;3	0.21551266487101953
with_coding_region	5000	NC_072404.2	SCFR_NC_072404_2_174643569_174648825_frame_2_fft	2	2	0.166667;0.333333	4034.918;1674.564	6;3	0.21554934757969288
with_coding_region	5000	NC_072404.2	SCFR_NC_072404_2_173643869_173648969_frame_3_fft	25	3	0.333333;0.375882;0.021373	1629.280;951.315;909.723	3;3;47	0.2636202445590918
with_coding_region	5000	NC_072404.2	SCFR_NC_072404_2_174643677_174648786_frame1_fft	2	2	0.166569;0.333333	2593.871;1700.014	6;3	0.23259338926426767
with_coding_region	5000	NC_072404.2	SCFR_NC_072404_2_174643676_174648785_frame_3_fft	2	2	0.166569;0.333333	2593.354;1699.001	6;3	0.2325775670369762
with_coding_region	5000	NC_072404.2	SCFR_NC_072404_2_6405120_6412713_frame_2_fft	39	3	0.451864;0.452522;0.097985	808.559;794.864;790.660	2;2;10	0.33521184147918015
with_coding_region	5000	NC_072404.2	SCFR_NC_072404_2_6405196_6412963_frame_1_fft	40	3	0.451654;0.048024;0.097979	850.280;825.998;784.579	2;21;10	0.20341383384446965
with_coding_region	5000	NC_072404.2	SCFR_NC_072404_2_5942956_5951236_frame_1_fft	31	3	0.365097;0.333333;0.190459	2517.664;2182.450;2035.628	3;3;5	0.3020272825933654
with_coding_region	5000	NC_072404.2	SCFR_NC_072404_2_6405143_6413150_frame_3_fft	38	3	0.453104;0.451855;0.498689	850.127;782.388;741.553	2;2;2	0.46693110642365765
with_coding_region	5000	NC_072404.2	SCFR_NC_072404_2_173440323_173450298_frame1_fft	31	3	0.499248;0.499850;0.452732	2469.396;1580.141;1285.568	2;2;2	0.4882176198657759
with_coding_region	5000	NC_072404.2	SCFR_NC_072404_2_6937054_6946003_frame2_fft	35	3	0.034529;0.448207;0.379149	2089.721;1688.543;1489.502	29;2;3	0.26457438743634404
with_coding_region	5000	NC_072404.2	SCFR_NC_072404_2_92306103_92311254_frame_2_fft	1	1	0.333333	926.931	3	0.333333
with_coding_region	5000	NC_072408.2	SCFR_NC_072408_2_138410778_138416394_frame_3_fft	21	3	0.470620;0.176460;0.469373	1883.266;1028.044;806.935	2;6;2	0.38901814993767214
with_coding_region	5000	NC_072408.2	SCFR_NC_072408_2_138410764_138420049_frame2_fft	39	3	0.470436;0.470652;0.176414	3126.298;2436.493;1710.205	2;2;6	0.40137070530961383
with_coding_region	5000	NC_072408.2	SCFR_NC_072408_2_138412260_138420138_frame1_fft	32	3	0.470424;0.176441;0.412034	3648.972;1922.439;1540.544	2;6;2	0.3783091386577952
with_coding_region	5000	NC_072408.2	SCFR_NC_072408_2_139075474_139082209_frame2_fft	15	3	0.442168;0.442613;0.446028	700.366;639.929;616.080	2;2;2	0.443529107765638
with_coding_region	5000	NC_072408.2	SCFR_NC_072408_2_139075662_139085154_frame1_fft	28	3	0.442162;0.442583;0.456068	901.062;756.355;643.741	2;2;2	0.4461905316353767
with_coding_region	5000	NC_072408.2	SCFR_NC_072408_2_139310516_139315679_frame_1_fft	21	3	0.233779;0.235716;0.237459	780.113;712.665;651.512	4;4;4	0.2355408868086873
with_coding_region	5000	NC_072408.2	SCFR_NC_072408_2_140152872_140160333_frame_3_fft	2	2	0.166600;0.333333	3777.332;2377.561	6;3	0.23100694878253775
with_coding_region	5000	NC_072408.2	SCFR_NC_072408_2_139076459_139081637_frame3_fft	14	3	0.442256;0.442642;0.440711	688.682;643.085;555.721	2;2;2	0.4419326293957896
with_coding_region	5000	NC_072408.2	SCFR_NC_072408_2_140153236_140160325_frame_2_fft	2	2	0.166596;0.333333	3615.575;2373.233	6;3	0.23267020887779338
with_coding_region	5000	NC_072408.2	SCFR_NC_072408_2_140153026_140160335_frame2_fft	2	2	0.166644;0.333288	5344.191;2041.035	6;3	0.2126989530291964
with_coding_region	5000	NC_072408.2	SCFR_NC_072408_2_140153297_140160326_frame3_fft	2	2	0.166596;0.333333	3579.224;2348.740	6;3	0.23265946822956413
with_coding_region	5000	NC_072408.2	SCFR_NC_072408_2_55382236_55394629_frame_2_fft	48	3	0.333333;0.033406;0.366739	4835.802;2280.657;2251.642	3;30;3	0.26834520157777975
with_coding_region	5000	NC_072408.2	SCFR_NC_072408_2_39286933_39292534_frame2_fft	2	2	0.333333;0.043028	1359.792;502.874	3;23	0.25495779125618867
with_coding_region	5000	NC_072408.2	SCFR_NC_072408_2_55382237_55387769_frame3_fft	24	3	0.333333;0.233189;0.400036	2187.085;1206.752;1007.698	3;4;3	0.3211480480243824
with_coding_region	5000	NC_072408.2	SCFR_NC_072408_2_45515024_45521000_frame3_fft	15	3	0.333333;0.027778;0.305556	928.922;683.084;682.778	3;36;3	0.2341143998502692
with_coding_region	5000	NC_072408.2	SCFR_NC_072408_2_63507778_63512818_frame_2_fft	1	1	0.333333	654.438	3	0.333333
with_coding_region	5000	NC_072408.2	SCFR_NC_072408_2_7625317_7632304_frame2_fft	25	3	0.290396;0.287963;0.288393	1816.472;1386.098;1072.026	3;3;3	0.2891047330564105
with_coding_region	5000	NC_072408.2	SCFR_NC_072408_2_7625645_7632692_frame_1_fft	26	3	0.290336;0.288208;0.288775	2011.394;1187.337;1086.150	3;3;3	0.2893506439805446
with_coding_region	5000	NC_072408.2	SCFR_NC_072408_2_7625646_7632744_frame1_fft	25	3	0.290363;0.287968;0.288814	2015.871;1325.663;1217.843	3;3;3	0.2892528918225012
with_coding_region	5000	NC_072408.2	SCFR_NC_072408_2_7625619_7630686_frame_3_fft	20	3	0.290310;0.287942;0.289520	1761.107;1158.609;754.460	3;3;3	0.2894010589171559
with_coding_region	5000	NC_072408.2	SCFR_NC_072408_2_7625407_7632280_frame_2_fft	26	3	0.290412;0.287938;0.288375	1663.801;1199.838;1019.292	3;3;3	0.2891128017871036
with_coding_region	5000	NC_072408.2	SCFR_NC_072408_2_7625615_7632749_frame3_fft	24	3	0.290300;0.288057;0.288758	1800.070;1233.159;929.058	3;3;3	0.28924036371595496
with_coding_region	5000	NC_072416.2	SCFR_NC_072416_2_13142388_13147470_frame1_fft	1	1	0.333333	384.443	3	0.333333
with_coding_region	5000	NC_072416.2	SCFR_NC_072416_2_307_6727_frame2_fft	5	3	-0.166667;0.166667;-0.333333	4932.945;4932.945;2046.197	12;61;15	-0.057258227261184375
with_coding_region	5000	NC_072416.2	SCFR_NC_072416_2_35104182_35109699_frame1_fft	2	2	0.333333;0.331702	663.928;332.464	3;3	0.3327887876980144
with_coding_region	5000	NC_072416.2	SCFR_NC_072416_2_306_6726_frame_3_fft	5	3	-0.166667;0.166667;-0.333333	4931.096;4931.096;2045.709	12;61;15	-0.057264694936328416
with_coding_region	5000	NC_072416.2	SCFR_NC_072416_2_503_6482_frame_1_fft	5	3	-0.166750;0.166750;-0.333333	3003.095;3003.095;1992.000	13;66;17	-0.08301869998087068
with_coding_region	5000	NC_072416.2	SCFR_NC_072416_2_5376269_5382971_frame3_fft	3	3	0.333333;0.333632;0.333035	1277.125;558.617;551.853	3;3;3	0.33333407819332844
with_coding_region	5000	NC_072416.2	SCFR_NC_072416_2_504_6759_frame1_fft	5	3	-0.166747;0.166747;-0.333333	3148.569;3148.569;2079.048	13;63;16	-0.08273637989700801
with_coding_region	5000	NC_072416.2	SCFR_NC_072416_2_69866002_69871555_frame2_fft	2	2	0.333333;0.335134	649.654;344.738	3;3	0.3339573746309302
with_coding_region	5000	NC_072416.2	SCFR_NC_072416_2_87198173_87204302_frame_1_fft	25	3	0.249959;0.055637;0.472345	2671.396;1147.358;1136.662	4;18;2	0.2559768225715056
with_coding_region	5000	NC_072416.2	SCFR_NC_072416_2_86606069_86617958_frame3_fft	1	1	0.333333	1104.431	3	0.333333
with_coding_region	5000	NC_072416.2	SCFR_NC_072416_2_87196907_87205628_frame3_fft	29	3	0.249971;0.055728;0.472308	3743.207;1040.137;1028.096	4;18;2	0.2545386199119323
with_coding_region	5000	NC_072416.2	SCFR_NC_072416_2_87198241_87205606_frame2_fft	23	3	0.249966;0.055669;0.471962	3188.814;1313.961;1116.090	4;18;2	0.2486256644025083
with_coding_region	5000	NC_072416.2	SCFR_NC_072416_2_94521950_94527362_frame_1_fft	2	2	0.166667;0.333333	4256.482;1799.001	6;3	0.21618118419736296
with_coding_region	5000	NC_072416.2	SCFR_NC_072416_2_87196920_87205575_frame1_fft	27	3	0.250029;0.055690;0.472328	3832.635;1161.880;1112.831	4;18;2	0.2535628788974785
with_coding_region	5000	NC_072416.2	SCFR_NC_072416_2_87475941_87482826_frame_3_fft	2	2	0.333333;0.000871	1223.805;381.323	3;1148	0.2543515061714704
with_coding_region	5000	NC_072416.2	SCFR_NC_072416_2_94521959_94527572_frame3_fft	2	2	0.166756;0.333333	2957.600;1767.511	6;3	0.22906706101994218
with_coding_region	5000	NC_072416.2	SCFR_NC_072416_2_94521951_94527363_frame1_fft	2	2	0.166667;0.333333	4255.984;1799.001	6;3	0.2161852565548882
with_coding_region	5000	NC_072416.2	SCFR_NC_072416_2_94521958_94527571_frame_2_fft	2	2	0.166756;0.333333	2957.043;1766.041	6;3	0.22904195800053526
with_coding_region	5000	NC_086016.1	SCFR_NC_086016_1_372_6114_frame1_fft	16	3	-0.166667;0.166667;-0.499826	3845.375;3845.375;1267.110	17;83;28	-0.07070154287519563
with_coding_region	5000	NC_086016.1	SCFR_NC_086016_1_23333364_23338497_frame1_fft	1	1	0.333333	784.043	3	0.33333300000000005
with_coding_region	5000	NC_086016.1	SCFR_NC_086016_1_33827186_33832478_frame_2_fft	1	1	0.333333	486.896	3	0.333333
with_coding_region	5000	NC_086016.1	SCFR_NC_086016_1_44205358_44211157_frame_3_fft	1	1	0.333333	665.932	3	0.333333
with_coding_region	5000	NC_086016.1	SCFR_NC_086016_1_48248626_48255643_frame_3_fft	2	2	0.000285;0.333333	790.196;721.822	3509;3	0.15927872458264383
with_coding_region	5000	NC_072414.2	SCFR_NC_072414_2_32590012_32595133_frame2_fft	1	1	0.333333	790.038	3	0.333333
with_coding_region	5000	NC_072414.2	SCFR_NC_072414_2_85040979_85047216_frame_3_fft	13	3	0.492384;0.490139;0.015392	1489.432;1348.262;746.750	2;2;65	0.3921674464173523
with_coding_region	5000	NC_072414.2	SCFR_NC_072414_2_35499028_35507797_frame2_fft	4	3	0.333333;0.000342;0.333105	1125.021;654.150;491.780	3;2923;3	0.23736519246474275
with_coding_region	5000	NC_072414.2	SCFR_NC_072414_2_85041494_85047212_frame_1_fft	12	3	0.492305;0.490206;0.015390	1648.992;1230.579;755.418	2;2;65	0.39248264543689126
with_coding_region	5000	NC_072414.2	SCFR_NC_072414_2_85041490_85047343_frame_2_fft	15	3	0.492226;0.490176;0.015377	1459.412;1271.554;765.051	2;2;65	0.3871291168901639
with_coding_region	5000	NC_072414.2	SCFR_NC_072414_2_34658704_34668958_frame2_fft	1	1	0.333333	1041.117	3	0.333333
with_coding_region	5000	NC_072414.2	SCFR_NC_072414_2_93184690_93190180_frame2_fft	36	3	0.077049;0.154645;0.385974	714.244;710.122;685.971	13;6;3	0.20357676210008166
with_coding_region	5000	NC_072414.2	SCFR_NC_072414_2_93184455_93190278_frame1_fft	36	3	0.077280;0.154388;0.387773	811.189;807.373;660.203	13;6;3	0.19455550992006634
with_coding_region	5000	NC_072419.2	SCFR_NC_072419_2_10195_16336_frame_1_fft	2	2	0.166585;0.333333	3178.751;2094.941	6;3	0.23282459493045857
with_coding_region	5000	NC_072419.2	SCFR_NC_072419_2_4668_10197_frame1_fft	4	3	0.166757;0.333333;0.166215	3493.445;1250.806;669.327	6;3;6	0.20517733587065706
with_coding_region	5000	NC_072419.2	SCFR_NC_072419_2_4667_10196_frame_3_fft	4	3	0.166757;0.333333;0.166215	3491.574;1250.852;669.581	6;3;6	0.20518987893936572
with_coding_region	5000	NC_072419.2	SCFR_NC_072419_2_10196_16337_frame3_fft	2	2	0.166585;0.333333	3179.326;2093.964	6;3	0.2327987506323377
with_coding_region	5000	NC_072419.2	SCFR_NC_072419_2_55898470_55904134_frame2_fft	15	3	0.367761;0.061617;0.183263	997.647;836.501;785.822	3;16;5	0.21467819771600438
with_coding_region	5000	NC_072419.2	SCFR_NC_072419_2_55898534_55904237_frame3_fft	14	3	0.367877;0.061547;0.183237	1118.901;847.045;753.942	3;16;5	0.22129627839308091
with_coding_region	5000	NC_072419.2	SCFR_NC_072419_2_55898586_55904088_frame1_fft	14	3	0.367866;0.061614;0.183206	1145.079;836.865;652.664	3;16;5	0.22484187108974085
with_coding_region	5000	NC_072419.2	SCFR_NC_072419_2_5967_16329_frame_2_fft	14	3	0.166763;0.166570;0.333237	4413.999;4378.582;2008.080	6;6;3	0.19763592931367813
with_coding_region	5000	NC_072419.2	SCFR_NC_072419_2_5968_16330_frame2_fft	14	3	0.166763;0.166570;0.333237	4413.119;4380.294;2006.801	6;6;3	0.19761746204417802
with_coding_region	5000	NC_072419.2	SCFR_NC_072419_2_70291506_70296597_frame_2_fft	19	3	0.052642;0.486545;0.488313	1059.117;588.186;525.384	19;2;2	0.2754583755856228
with_coding_region	5000	NC_072419.2	SCFR_NC_072419_2_70291456_70296532_frame_1_fft	19	3	0.052600;0.486604;0.488377	1082.150;497.388;475.156	19;2;2	0.2584362158861611
with_coding_region	5000	NC_072411.2	SCFR_NC_072411_2_143058457_143063617_frame2_fft	6	3	0.499225;0.000969;0.498256	1040.828;706.637;454.394	2;1032;2	0.3391210002170893
with_coding_region	5000	NC_072411.2	SCFR_NC_072411_2_143270325_143276388_frame1_fft	18	3	0.479301;0.478806;0.478311	1495.759;1007.260;666.379	2;2;2	0.4789355334634527
with_coding_region	5000	NC_072411.2	SCFR_NC_072411_2_108543362_108550289_frame3_fft	4	3	0.333333;0.008084;0.341273	1328.181;538.618;470.903	3;124;3	0.2599934571232774
with_coding_region	5000	NC_072411.2	SCFR_NC_072411_2_143270350_143276065_frame2_fft	16	3	0.479265;0.478740;0.478390	1329.976;856.010;684.987	2;2;2	0.4788996991507757
with_coding_region	5000	NC_072411.2	SCFR_NC_072411_2_143271056_143276183_frame3_fft	18	3	0.479228;0.478838;0.478447	876.431;747.677;597.255	2;2;2	0.47888674547068616
with_coding_region	5000	NC_072411.2	SCFR_NC_072411_2_144465334_144476758_frame_1_fft	10	3	0.166667;0.166842;0.166492	7813.653;2333.458;2318.065	6;6;6	0.16666721610404855
with_coding_region	5000	NC_072411.2	SCFR_NC_072411_2_144465335_144476759_frame3_fft	10	3	0.166667;0.166842;0.166492	7815.097;2331.808;2319.068	6;6;6	0.1666671788468498
with_coding_region	5000	NC_072411.2	SCFR_NC_072411_2_14510549_14518523_frame_3_fft	22	3	0.333333;0.466642;0.066717	2046.581;2016.484;1971.999	3;2;15	0.2907566462400399
with_coding_region	5000	NC_072411.2	SCFR_NC_072411_2_14510521_14518579_frame_1_fft	22	3	0.066642;0.044428;0.333333	2408.373;2190.286;2046.765	15;23;3	0.1414602194862209
with_coding_region	5000	NC_072411.2	SCFR_NC_072411_2_14510603_14518436_frame3_fft	22	3	0.066641;0.044427;0.333333	2416.765;2185.446;2034.930	15;23;3	0.14109354728142737
with_coding_region	5000	NC_072411.2	SCFR_NC_072411_2_14510581_14518471_frame2_fft	22	3	0.066667;0.466667;0.333333	2582.471;2121.849;2039.685	15;2;3	0.2731695515565306
with_coding_region	5000	NC_072411.2	SCFR_NC_072411_2_14510607_14518467_frame1_fft	22	3	0.066667;0.466667;0.333333	2580.131;2128.265;2034.263	15;2;3	0.27337696073774453
with_coding_region	5000	NC_072411.2	SCFR_NC_072411_2_69260076_69269484_frame1_fft	1	1	0.333333	1266.398	3	0.333333
with_coding_region	5000	NC_072411.2	SCFR_NC_072411_2_80775242_80781821_frame_3_fft	1	1	0.333333	1015.458	3	0.333333
with_coding_region	5000	NC_072411.2	SCFR_NC_072411_2_80560667_80566331_frame_3_fft	1	1	0.333333	610.735	3	0.333333
with_coding_region	5000	NC_072411.2	SCFR_NC_072411_2_87816715_87825733_frame2_fft	1	1	0.333333	1084.786	3	0.333333
with_coding_region	5000	NC_072411.2	SCFR_NC_072411_2_87827863_87837319_frame2_fft	1	1	0.333333	1152.155	3	0.333333
with_coding_region	5000	NC_072411.2	SCFR_NC_072411_2_937_8485_frame2_fft	25	3	-0.166534;0.166534;-0.166799	3215.451;3215.451;3204.101	10;51;10	-0.05546867423902203
with_coding_region	5000	NC_072411.2	SCFR_NC_072411_2_80589769_80607007_frame_1_fft	15	3	0.333333;0.036953;0.006787	2710.272;895.120;847.447	3;27;147	0.21160704187261203
with_coding_region	5000	NC_072411.2	SCFR_NC_072411_2_942_8484_frame_2_fft	25	3	-0.166534;0.166534;-0.166799	3214.059;3214.059;3200.747	10;51;10	-0.05544593250118264
with_coding_region	5000	NC_072401.2	SCFR_NC_072401_2_114825986_114832346_frame3_fft	1	1	0.333333	1014.661	3	0.333333
with_coding_region	5000	NC_072401.2	SCFR_NC_072401_2_14071173_14077491_frame_1_fft	1	1	0.333333	1099.263	3	0.333333
with_coding_region	5000	NC_072401.2	SCFR_NC_072401_2_145149570_145154961_frame_1_fft	1	1	0.333333	889.606	3	0.33333299999999993
with_coding_region	5000	NC_072401.2	SCFR_NC_072401_2_101106457_101111887_frame_3_fft	1	1	0.333333	682.580	3	0.333333
with_coding_region	5000	NC_072401.2	SCFR_NC_072401_2_126504697_126509896_frame2_fft	1	1	0.333333	827.889	3	0.333333
with_coding_region	5000	NC_072401.2	SCFR_NC_072401_2_188189599_188195524_frame2_fft	29	3	0.344304;0.032743;0.377890	937.451;735.569;670.861	3;31;3	0.2561412154290256
with_coding_region	5000	NC_072401.2	SCFR_NC_072401_2_1833093_1840572_frame_1_fft	33	3	0.450595;0.453403;0.451531	1501.707;860.850;849.900	2;2;2	0.4515950984293331
with_coding_region	5000	NC_072401.2	SCFR_NC_072401_2_188189693_188195423_frame3_fft	30	3	0.344328;0.032810;0.377138	966.390;743.087;600.262	3;30;3	0.25263349259202017
with_coding_region	5000	NC_072401.2	SCFR_NC_072401_2_191662044_191668449_frame_1_fft	2	2	0.166589;0.333333	3222.778;2076.639	6;3	0.2319296013182205
with_coding_region	5000	NC_072401.2	SCFR_NC_072401_2_191662045_191668450_frame2_fft	2	2	0.166589;0.333333	3220.889;2076.089	6;3	0.2319423739834298
with_coding_region	5000	NC_072401.2	SCFR_NC_072401_2_191661956_191669498_frame_2_fft	2	2	0.166667;0.333333	5402.677;1988.324	6;3	0.21150341766304726
with_coding_region	5000	NC_072401.2	SCFR_NC_072401_2_188190255_188195403_frame1_fft	26	3	0.344211;0.032828;0.033605	692.983;685.744;646.414	3;30;30	0.13962816313283863
with_coding_region	5000	NC_072401.2	SCFR_NC_072401_2_191662236_191669499_frame1_fft	3	3	0.166736;0.333333;0.166047	4204.770;1970.008;593.508	6;3;6	0.21516605980598338
with_coding_region	5000	NC_072401.2	SCFR_NC_072401_2_692171_697262_frame3_fft	24	3	0.477313;0.408761;0.454528	900.141;724.490;702.405	2;2;2	0.44909275054747755
with_coding_region	5000	NC_072401.2	SCFR_NC_072401_2_701927_711383_frame3_fft	44	3	0.477369;0.454632;0.364002	1699.292;1689.333;1142.222	2;2;3	0.44031176856071286
with_coding_region	5000	NC_072401.2	SCFR_NC_072401_2_699640_705043_frame2_fft	33	3	0.499722;0.477512;0.454562	1622.877;849.058;727.334	2;2;2	0.48356081392280553
with_coding_region	5000	NC_072401.2	SCFR_NC_072401_2_695163_702972_frame1_fft	37	3	0.477142;0.454348;0.409015	1512.279;1239.013;905.227	2;2;2	0.4525523664849
with_coding_region	5000	NC_072415.2	SCFR_NC_072415_2_1263356_1268507_frame3_fft	0	0				
with_coding_region	5000	NC_072415.2	SCFR_NC_072415_2_1221812_1226873_frame3_fft	0	0				
with_coding_region	5000	NC_072415.2	SCFR_NC_072415_2_36143329_36148798_frame2_fft	8	3	0.176449;0.058877;0.411775	1886.756;1662.074;1495.045	6;17;2	0.20745880800317215
with_coding_region	5000	NC_072415.2	SCFR_NC_072415_2_36143396_36148856_frame3_fft	8	3	0.294139;0.058791;0.411722	1902.588;1764.186;1400.882	3;17;2	0.24471225546130201
with_coding_region	5000	NC_072415.2	SCFR_NC_072415_2_89967427_89972938_frame2_fft	13	3	0.335329;0.072582;0.331882	563.385;542.626;496.090	3;14;3	0.24527014862171612
with_coding_region	5000	NC_072415.2	SCFR_NC_072415_2_36143433_36148770_frame1_fft	9	3	0.058835;0.176504;0.294173	1860.406;1823.969;1731.994	17;6;3	0.1737142876247907
with_coding_region	5000	NC_072415.2	SCFR_NC_072415_2_89967437_89972948_frame3_fft	13	3	0.335329;0.072582;0.331882	559.128;546.478;494.995	3;14;3	0.24455578242047826
with_coding_region	5000	NC_072415.2	SCFR_NC_072415_2_89967418_89972971_frame_2_fft	16	3	0.072573;0.335314;0.331893	553.695;535.253;520.024	14;3;3	0.24379135069410776
with_coding_region	5000	NC_072415.2	SCFR_NC_072415_2_90286116_90292299_frame_3_fft	32	3	0.025716;0.128417;0.050623	901.795;766.539;653.166	39;8;20	0.06663468507473616
with_coding_region	5000	NC_072415.2	SCFR_NC_072415_2_89967297_89973132_frame_3_fft	15	3	0.073350;0.072494;0.335390	545.157;526.078;516.358	14;14;3	0.15829376553184601
with_coding_region	5000	NC_072417.2	SCFR_NC_072417_2_10710983_10716503_frame_3_fft	11	3	0.477717;0.475906;0.479529	849.648;542.232;443.523	2;2;2	0.47761984505582694
with_coding_region	5000	NC_072417.2	SCFR_NC_072417_2_0_9285_frame_2_fft	5	3	-0.166721;0.166721;-0.333333	4705.820;4705.820;3036.175	8;41;10	-0.08130401369838804
with_coding_region	5000	NC_072417.2	SCFR_NC_072417_2_10711102_10716286_frame_1_fft	11	3	0.477816;0.475887;0.479552	773.444;496.056;457.497	2;2;2	0.4777218034078808
with_coding_region	5000	NC_072417.2	SCFR_NC_072417_2_0_9136_frame_1_fft	5	3	-0.166703;0.166703;-0.500000	5956.836;5956.836;3028.000	8;42;14	-0.10132734810401406
with_coding_region	5000	NC_072417.2	SCFR_NC_072417_2_10829421_10836498_frame1_fft	29	3	0.027978;0.083510;0.056239	878.019;638.913;623.675	36;12;18	0.05278675559642662
with_coding_region	5000	NC_072417.2	SCFR_NC_072417_2_10829512_10836553_frame2_fft	30	3	0.027979;0.083511;0.138901	881.078;643.761;590.501	36;12;7	0.07584312008187809
with_coding_region	5000	NC_072417.2	SCFR_NC_072417_2_10711148_10716194_frame3_fft	11	3	0.477804;0.476021;0.475624	797.708;612.908;465.760	2;2;2	0.47668046624983484
with_coding_region	5000	NC_072417.2	SCFR_NC_072417_2_11552352_11559684_frame_2_fft	45	3	0.028505;0.457310;0.485816	2358.129;1998.731;1878.618	35;2;2	0.30373306153000623
with_coding_region	5000	NC_072417.2	SCFR_NC_072417_2_1_9262_frame2_fft	5	3	-0.166721;0.166721;-0.333333	4691.387;4691.387;3040.905	8;41;10	-0.08158887446826339
with_coding_region	5000	NC_072417.2	SCFR_NC_072417_2_11552456_11559989_frame_3_fft	45	3	0.485729;0.457321;0.028541	2372.236;1813.986;1798.176	2;2;35	0.33974335476450596
with_coding_region	5000	NC_072417.2	SCFR_NC_072417_2_11552383_11559649_frame_1_fft	41	3	0.028489;0.485824;0.457336	2425.924;1691.403;1592.898	35;2;2	0.2835835575018497
with_coding_region	5000	NC_072417.2	SCFR_NC_072417_2_50012029_50017672_frame_1_fft	1	1	0.333333	756.696	3	0.333333
with_coding_region	5000	NC_072417.2	SCFR_NC_072417_2_2_9137_frame3_fft	5	3	-0.166721;0.166721;-0.333333	4594.460;4594.460;3034.465	8;42;10	-0.08275018105418425
with_coding_region	5000	NC_072417.2	SCFR_NC_072417_2_29761902_29767038_frame1_fft	1	1	0.333333	493.039	3	0.333333
with_coding_region	5000	NC_072417.2	SCFR_NC_072417_2_95719185_95724792_frame1_fft	22	3	0.097913;0.097557;0.195470	2495.741;1384.046;1340.637	10;10;5	0.122871854574456
with_coding_region	5000	NC_072417.2	SCFR_NC_072417_2_95717287_95724682_frame2_fft	26	3	0.097904;0.097498;0.195402	3261.663;1715.357;1385.640	10;10;5	0.11902734994766338
with_coding_region	5000	NC_072412.2	SCFR_NC_072412_2_118739399_118745348_frame3_fft	32	3	0.438225;0.438729;0.439233	941.355;882.974;841.568	2;2;2	0.4387101348120351
with_coding_region	5000	NC_072412.2	SCFR_NC_072412_2_118739488_118745296_frame2_fft	35	3	0.437672;0.438189;0.436467	1079.053;995.694;869.392	2;2;2	0.4374910154873802
with_coding_region	5000	NC_072412.2	SCFR_NC_072412_2_118739049_118745313_frame1_fft	37	3	0.437580;0.438059;0.436462	1003.671;943.318;851.127	2;2;2	0.4374014117413288
with_coding_region	5000	NC_072412.2	SCFR_NC_072412_2_108342188_108363185_frame_1_fft	1	1	0.333333	2288.690	3	0.333333
with_coding_region	5000	NC_072412.2	SCFR_NC_072412_2_119636650_119642089_frame2_fft	27	3	0.444015;0.055893;0.277441	1218.696;1011.629;749.791	2;18;4	0.27035358656106
with_coding_region	5000	NC_072412.2	SCFR_NC_072412_2_119636672_119642135_frame3_fft	32	3	0.056013;0.444078;0.111660	1320.257;1270.707;972.143	18;2;9	0.20959069314140719
with_coding_region	5000	NC_072412.2	SCFR_NC_072412_2_119753398_119759869_frame2_fft	29	3	0.333333;0.049915;0.050224	2369.137;1116.346;1020.734	3;20;20	0.19899159286536797
with_coding_region	5000	NC_072412.2	SCFR_NC_072412_2_119037208_119042617_frame_2_fft	5	3	0.333333;0.166574;0.166944	717.988;668.064;605.092	3;6;6	0.22681818371147439
with_coding_region	5000	NC_072412.2	SCFR_NC_072412_2_119637486_119642490_frame1_fft	26	3	0.444045;0.055955;0.166667	1515.581;1163.628;817.931	2;18;6	0.25003833871735187
with_coding_region	5000	NC_072412.2	SCFR_NC_072412_2_119753537_119759639_frame3_fft	30	3	0.333333;0.049820;0.050147	2409.143;1177.617;869.977	3;20;20	0.20314020755050163
with_coding_region	5000	NC_072412.2	SCFR_NC_072412_2_120142888_120148300_frame2_fft	2	2	0.166667;0.333333	4164.122;1789.468	6;3	0.21676172833836393
with_coding_region	5000	NC_072412.2	SCFR_NC_072412_2_119753437_119759875_frame_2_fft	29	3	0.333333;0.049860;0.050171	2370.005;1295.890;1011.162	3;20;20	0.19357150463785236
with_coding_region	5000	NC_072412.2	SCFR_NC_072412_2_120142961_120148814_frame_1_fft	2	2	0.166752;0.333333	3263.007;1697.713	6;3	0.22376121020597817
with_coding_region	5000	NC_072412.2	SCFR_NC_072412_2_120142968_120148299_frame_3_fft	2	2	0.166573;0.333333	2679.365;1778.000	6;3	0.23309195907111038
with_coding_region	5000	NC_072412.2	SCFR_NC_072412_2_119753541_119759883_frame_3_fft	30	3	0.333333;0.049827;0.050142	2374.799;1211.725;869.993	3;20;20	0.20096382121912695
with_coding_region	5000	NC_072412.2	SCFR_NC_072412_2_22520658_22532217_frame_3_fft	1	1	0.333333	1281.006	3	0.333333
with_coding_region	5000	NC_072412.2	SCFR_NC_072412_2_31491261_31496280_frame1_fft	1	1	0.333333	757.517	3	0.333333
with_coding_region	5000	NC_072412.2	SCFR_NC_072412_2_37795877_37801373_frame3_fft	1	1	0.333333	809.391	3	0.333333
with_coding_region	5000	NC_072412.2	SCFR_NC_072412_2_120142962_120148815_frame1_fft	2	2	0.166752;0.333333	3263.646;1697.866	6;3	0.2237572468170993
with_coding_region	5000	NC_072412.2	SCFR_NC_072412_2_460_10711_frame2_fft	5	3	-0.166618;0.166618;-0.333333	5192.134;5192.134;3353.197	7;36;9	-0.08136371707596707
with_coding_region	5000	NC_072412.2	SCFR_NC_072412_2_459_10710_frame_3_fft	5	3	-0.166618;0.166618;-0.333333	5191.624;5191.624;3354.688	7;36;9	-0.081397104710926
with_coding_region	5000	NC_072412.2	SCFR_NC_072412_2_489_10614_frame1_fft	5	3	-0.166617;0.166617;-0.333333	5084.367;5084.367;3374.000	7;37;9	-0.08304567910733533
with_coding_region	5000	NC_072412.2	SCFR_NC_072412_2_488_10613_frame_1_fft	5	3	-0.166716;0.166716;-0.333333	5084.745;5084.745;3374.000	7;37;9	-0.08304104348288366
with_coding_region	5000	NC_072407.2	SCFR_NC_072407_2_110492699_110498078_frame_2_fft	1	1	0.333333	547.455	3	0.333333
with_coding_region	5000	NC_072407.2	SCFR_NC_072407_2_136983620_136990805_frame3_fft	2	2	0.166736;0.333333	3770.381;2266.224	6;3	0.22927879014909872
with_coding_region	5000	NC_072407.2	SCFR_NC_072407_2_136983619_136990810_frame_3_fft	2	2	0.166736;0.333333	3776.862;2265.697	6;3	0.22920263427018253
with_coding_region	5000	NC_072407.2	SCFR_NC_072407_2_10864781_10872083_frame_2_fft	1	1	0.333333	781.250	3	0.33333299999999993
with_coding_region	5000	NC_072407.2	SCFR_NC_072407_2_136983626_136990553_frame_2_fft	2	2	0.166594;0.333333	3478.695;2308.000	6;3	0.2330971787574773
with_coding_region	5000	NC_072407.2	SCFR_NC_072407_2_136983627_136990554_frame1_fft	2	2	0.166739;0.333333	3479.073;2308.000	6;3	0.2331800060146122
with_coding_region	5000	NC_072407.2	SCFR_NC_072407_2_416_10517_frame3_fft	5	3	-0.166617;0.166617;-0.333333	5080.504;5080.504;3360.002	7;37;9	-0.08283401511174092
with_coding_region	5000	NC_072407.2	SCFR_NC_072407_2_15_10503_frame_1_fft	7	3	-0.166667;0.166667;-0.333333	7678.552;7678.552;3445.126	7;35;9	-0.0610764885313072
with_coding_region	5000	NC_072407.2	SCFR_NC_072407_2_16_10504_frame2_fft	7	3	-0.166667;0.166667;-0.333333	7678.069;7678.069;3445.126	7;35;9	-0.06107962661223203
with_coding_region	5000	NC_072407.2	SCFR_NC_072407_2_415_10516_frame_3_fft	5	3	-0.166617;0.166617;-0.333333	5080.002;5080.002;3361.501	7;37;9	-0.08286793613824792
with_coding_region	5000	NC_072407.2	SCFR_NC_072407_2_5341311_5351793_frame1_fft	38	3	0.333333;0.304140;0.159512	3387.204;1256.871;1230.025	3;3;6	0.29068884844861337
with_coding_region	5000	NC_072407.2	SCFR_NC_072407_2_5251273_5266057_frame_3_fft	75	3	0.333333;0.307630;0.285850	3237.943;1096.239;1075.183	3;3;3	0.3186862632007638
with_coding_region	5000	NC_072407.2	SCFR_NC_072407_2_5343275_5351081_frame_2_fft	39	3	0.333333;0.304125;0.159236	2953.606;1315.691;1100.919	3;3;6	0.29048641843400713
with_coding_region	5000	NC_072407.2	SCFR_NC_072407_2_5431171_5443480_frame2_fft	38	3	0.333333;0.374848;0.291819	3415.018;1761.129;1474.083	3;3;3	0.3351251468540186
with_coding_region	5000	NC_072407.2	SCFR_NC_072407_2_5492289_5508435_frame1_fft	27	3	0.333333;0.286634;0.472253	3797.953;818.713;767.252	3;3;2	0.3460288786246374
with_coding_region	5000	NC_072407.2	SCFR_NC_072407_2_73036320_73041825_frame_1_fft	13	3	0.018710;0.094460;0.057221	781.108;638.900;543.939	53;11;17	0.05401864622568736
with_coding_region	5000	NC_072407.2	SCFR_NC_072407_2_73036219_73041997_frame_3_fft	10	3	0.018865;0.057113;0.094496	836.851;722.310;681.163	53;18;11	0.05419201150949594
with_coding_region	5000	NC_072407.2	SCFR_NC_072407_2_64830651_64848159_frame_1_fft	61	3	0.333333;0.143249;0.143477	3285.777;1555.375;1290.365	3;7;7	0.2451598058394032
with_coding_region	5000	NC_072407.2	SCFR_NC_072407_2_7340106_7349721_frame_1_fft	25	3	0.377327;0.311596;0.344462	942.756;910.882;862.924	3;3;3	0.344847276731398
with_coding_region	5000	NC_072407.2	SCFR_NC_072407_2_73036481_73041863_frame_2_fft	13	3	0.018766;0.057042;0.094575	1003.476;519.189;496.639	53;18;11	0.0472521437975659
with_coding_region	5000	NC_072407.2	SCFR_NC_072407_2_7340176_7349668_frame_3_fft	27	3	0.311631;0.377370;0.377054	901.709;778.732;772.537	3;3;3	0.3531049761624442
with_coding_region	5000	NC_072407.2	SCFR_NC_072407_2_7340300_7349729_frame_2_fft	25	3	0.311592;0.377346;0.344469	890.347;884.159;857.857	3;3;3	0.34439171473349234
with_coding_region	5000	NC_072407.2	SCFR_NC_072407_2_7341701_7346846_frame3_fft	22	3	0.377454;0.311565;0.344412	671.461;662.991;607.113	3;3;3	0.3446227315413082
with_coding_region	5000	NC_072421.2	SCFR_NC_072421_2_133783489_133789621_frame2_fft	1	1	0.333333	1439.668	3	0.333333
with_coding_region	5000	NC_072421.2	SCFR_NC_072421_2_1353020_1367336_frame_1_fft	33	3	0.213328;0.213118;0.213817	1944.459;1909.415;1782.061	5;5;5	0.21341147340396935
with_coding_region	5000	NC_072421.2	SCFR_NC_072421_2_1352923_1367350_frame_2_fft	34	3	0.213835;0.213073;0.213974	1849.225;1816.227;1734.664	5;5;5	0.21362336627250228
with_coding_region	5000	NC_072421.2	SCFR_NC_072421_2_1353172_1362571_frame2_fft	25	3	0.213853;0.213108;0.214385	1273.784;1255.341;1053.745	5;5;5	0.21374843670158283
with_coding_region	5000	NC_072421.2	SCFR_NC_072421_2_1353087_1367346_frame_3_fft	29	3	0.213830;0.213129;0.213339	1847.485;1806.501;1778.961	5;5;5	0.2134361387950223
with_coding_region	5000	NC_072421.2	SCFR_NC_072421_2_1356963_1367256_frame1_fft	21	3	0.213835;0.213349;0.213057	1965.038;1881.210;1626.558	5;5;5	0.2134367161609602
with_coding_region	5000	NC_072421.2	SCFR_NC_072421_2_1362574_1367623_frame2_fft	9	3	0.213310;0.212715;0.214300	1330.716;903.632;720.508	5;5;5	0.2133694417731355
with_coding_region	5000	NC_072421.2	SCFR_NC_072421_2_1353281_1365893_frame3_fft	34	3	0.213844;0.214003;0.213051	1512.876;1484.261;1459.057	5;5;5	0.2136373135985552
with_coding_region	5000	NC_072421.2	SCFR_NC_072421_2_3858472_3863629_frame_2_fft	1	1	0.333333	538.841	3	0.333333
with_coding_region	5000	NC_072421.2	SCFR_NC_072421_2_2524_9778_frame_2_fft	8	3	0.166667;0.333471;0.333195	4962.982;1315.957;1315.469	6;3;3	0.22441597965187016
with_coding_region	5000	NC_072421.2	SCFR_NC_072421_2_73563987_73570284_frame_3_fft	3	3	0.333333;0.000476;0.000794	765.765;387.798;365.626	3;2099;1260	0.16833300111901808
with_coding_region	5000	NC_072421.2	SCFR_NC_072421_2_139382633_139387994_frame3_fft	16	3	0.333333;0.095318;0.419138	783.308;633.591;593.454	3;10;2	0.2836487697205416
with_coding_region	5000	NC_072421.2	SCFR_NC_072421_2_2525_9779_frame3_fft	8	3	0.166667;0.333195;0.333471	4964.260;1315.002;1314.673	6;3;3	0.2243811321525665
with_coding_region	5000	NC_072421.2	SCFR_NC_072421_2_791492_797450_frame_1_fft	16	3	0.444444;0.037093;0.148204	2075.175;2048.949;1566.697	2;27;7	0.21622389900244623
with_coding_region	5000	NC_072421.2	SCFR_NC_072421_2_99053844_99061218_frame1_fft	11	3	0.333333;0.166802;0.166531	1634.890;1115.108;1084.598	3;6;6	0.23772627482112849
with_coding_region	5000	NC_072421.2	SCFR_NC_072421_2_791308_797470_frame2_fft	17	3	0.037001;0.296170;0.444336	1863.198;1595.064;1467.593	27;3;2	0.2422837654226525
without_coding_region	7500	NC_072410.2	SCFR_NC_072410_2_122843980_122852263_frame_1_fft	2	2	0.166727;0.333333	4314.188;2632.054	6;3	0.2298569613120303
without_coding_region	7500	NC_072410.2	SCFR_NC_072410_2_120862939_120874378_frame_1_fft	22	3	0.250022;0.062505;0.312527	5487.194;4830.183;2919.240	4;16;3	0.19538006774412225
without_coding_region	7500	NC_072410.2	SCFR_NC_072410_2_122843993_122852018_frame_3_fft	2	2	0.166604;0.333333	4029.986;2674.000	6;3	0.23310672628850956
without_coding_region	7500	NC_072410.2	SCFR_NC_072410_2_120862920_120874362_frame_2_fft	23	3	0.062489;0.249956;0.437511	4768.526;3922.636;3463.112	16;4;2	0.22984642434932764
without_coding_region	7500	NC_072410.2	SCFR_NC_072410_2_122843981_122852264_frame3_fft	2	2	0.166727;0.333333	4314.731;2633.530	6;3	0.22987400889618279
without_coding_region	7500	NC_072410.2	SCFR_NC_072410_2_122843994_122852019_frame1_fft	2	2	0.166729;0.333333	4030.364;2674.000	6;3	0.23317812119926662
without_coding_region	7500	NC_072410.2	SCFR_NC_072410_2_120862925_120874493_frame_3_fft	24	3	0.250000;0.062500;0.437500	6122.817;4868.410;3561.575	4;16;2	0.2331625852876992
without_coding_region	7500	NC_072418.2	SCFR_NC_072418_2_61478466_61488516_frame1_fft	58	3	0.051841;0.051542;0.436020	1699.328;1695.564;1643.067	19;19;2	0.1770355209075739
without_coding_region	7500	NC_072422.2	SCFR_NC_072422_2_33985464_33994323_frame1_fft	41	3	0.140309;0.474094;0.473868	1748.339;1512.788;1032.839	7;2;2	0.3381351324335125
without_coding_region	7500	NC_072422.2	SCFR_NC_072422_2_35287088_35295107_frame_2_fft	14	3	0.213618;0.213119;0.213867	1459.258;1438.962;1276.964	5;5;5	0.21352217715674326
without_coding_region	7500	NC_072422.2	SCFR_NC_072422_2_35287361_35295359_frame3_fft	14	3	0.213053;0.213803;0.213553	1541.869;1267.746;1071.600	5;5;5	0.21343602683566873
without_coding_region	7500	NC_072422.2	SCFR_NC_072422_2_33985409_33994241_frame3_fft	37	3	0.140285;0.474072;0.281476	1913.981;1511.144;975.098	7;2;4	0.28620380548917634
without_coding_region	7500	NC_072422.2	SCFR_NC_072422_2_35287365_35295195_frame1_fft	16	3	0.213027;0.213921;0.214559	1327.317;1260.124;895.553	5;5;5	0.21374435353319587
without_coding_region	7500	NC_072422.2	SCFR_NC_072422_2_35287375_35295262_frame2_fft	15	3	0.213136;0.213896;0.213643	1294.455;1274.951;1232.426	5;5;5	0.213555219666203
without_coding_region	7500	NC_072413.2	SCFR_NC_072413_2_0_7681_frame_2_fft	31	3	-0.166645;0.166645;0.333420	4003.169;4003.169;2093.467	10;51;25	0.06911061818916306
without_coding_region	7500	NC_072413.2	SCFR_NC_072413_2_2_7652_frame3_fft	34	3	-0.166667;0.166667;0.499869	4947.792;4947.792;1655.051	10;51;17	0.0716245200648276
without_coding_region	7500	NC_072420.2	SCFR_NC_072420_2_759_10962_frame_2_fft	5	3	-0.166618;0.166618;-0.333333	5184.609;5184.609;3370.148	7;36;9	-0.08176371044224309
without_coding_region	7500	NC_072420.2	SCFR_NC_072420_2_764_10871_frame_3_fft	5	3	-0.166617;0.166617;-0.333333	5090.558;5090.558;3370.032	7;37;9	-0.08289651007102866
without_coding_region	7500	NC_072420.2	SCFR_NC_072420_2_765_10872_frame1_fft	5	3	-0.166617;0.166617;-0.333333	5092.423;5092.423;3370.032	7;37;9	-0.08287369880097778
without_coding_region	7500	NC_072420.2	SCFR_NC_072420_2_760_10879_frame2_fft	5	3	-0.166617;0.166617;-0.333333	5098.898;5098.898;3368.271	7;37;9	-0.08276207667579703
without_coding_region	7500	NC_072409.2	SCFR_NC_072409_2_1036_9199_frame_3_fft	2	2	0.166728;0.333333	4099.652;2720.000	6;3	0.2331779596167077
without_coding_region	7500	NC_072409.2	SCFR_NC_072409_2_2599762_2608933_frame_3_fft	42	3	0.471922;0.084069;0.028023	1533.078;1517.630;1439.051	2;12;36	0.1985419258715223
without_coding_region	7500	NC_072409.2	SCFR_NC_072409_2_2599482_2608842_frame_1_fft	40	3	0.027991;0.084081;0.471902	1625.124;1528.541;1509.515	36;12;2	0.1900748521899219
without_coding_region	7500	NC_072409.2	SCFR_NC_072409_2_1037_11111_frame3_fft	4	3	0.166667;0.333333;0.166865	6796.330;2682.317;1392.326	6;3;6	0.20781572934281042
without_coding_region	7500	NC_072409.2	SCFR_NC_072409_2_665_9563_frame_2_fft	7	3	-0.166667;0.166667;-0.333333	6807.823;6807.823;2800.617	8;42;11	-0.05686666121644129
without_coding_region	7500	NC_072409.2	SCFR_NC_072409_2_660_9564_frame1_fft	7	3	-0.166667;0.166667;-0.333333	6807.465;6807.465;2800.086	8;42;11	-0.05686019840845723
without_coding_region	7500	NC_072405.2	SCFR_NC_072405_2_153983869_153993580_frame_2_fft	23	3	0.092987;0.279065;0.255792	2711.173;2593.760;2473.981	11;4;4	0.20680984853451267
without_coding_region	7500	NC_072405.2	SCFR_NC_072405_2_8762241_8769768_frame_3_fft	4	3	0.321908;0.178026;0.498871	474.301;423.333;422.400	3;6;2	0.33239195154518747
without_coding_region	7500	NC_072405.2	SCFR_NC_072405_2_153983907_153993666_frame_3_fft	24	3	0.279024;0.093042;0.023261	2896.041;2577.132;2530.782	4;11;43	0.13827101472084738
without_coding_region	7500	NC_072405.2	SCFR_NC_072405_2_153983993_153993728_frame_1_fft	23	3	0.255778;0.186030;0.278993	2511.607;2193.767;2190.177	4;5;4	0.24096179435363468
without_coding_region	7500	NC_072398.2	SCFR_NC_072398_2_169_10204_frame_3_fft	5	3	-0.166716;0.166716;-0.333333	5081.111;5081.111;3313.533	7;37;9	-0.08196274683600288
without_coding_region	7500	NC_072398.2	SCFR_NC_072398_2_170_10628_frame3_fft	7	3	-0.166667;0.166667;-0.500000	7858.630;7858.630;3370.000	7;35;12	-0.08827877861987524
without_coding_region	7500	NC_072398.2	SCFR_NC_072398_2_96981866_96993533_frame3_fft	57	3	0.333333;0.282249;0.307791	2757.451;1676.901;1666.411	3;4;3	0.31231492726942517
without_coding_region	7500	NC_072398.2	SCFR_NC_072398_2_246_10218_frame_1_fft	5	3	-0.166667;0.166667;-0.500000	7849.109;7849.109;3318.000	7;37;12	-0.08724132211778388
without_coding_region	7500	NC_072398.2	SCFR_NC_072398_2_247_10237_frame2_fft	5	3	-0.166667;0.166667;-0.333333	7839.144;7839.144;3322.500	7;37;9	-0.05828699801818746
without_coding_region	7500	NC_072402.2	SCFR_NC_072402_2_178653926_178662845_frame_2_fft	39	3	0.470232;0.220540;0.029600	1292.868;1106.469;1058.469	2;5;34	0.25545078614474037
without_coding_region	7500	NC_072402.2	SCFR_NC_072402_2_49_11809_frame_3_fft	5	3	-0.166667;0.166667;-0.500000	8130.276;8130.276;3914.000	6;31;10	-0.09700339318563307
without_coding_region	7500	NC_072402.2	SCFR_NC_072402_2_178653748_178662853_frame_3_fft	41	3	0.029654;0.220538;0.470291	1149.345;1134.534;1035.808	34;5;2	0.23237784648070736
without_coding_region	7500	NC_072402.2	SCFR_NC_072402_2_178653648_178662882_frame_1_fft	43	3	0.220489;0.470219;0.219731	1270.431;1194.777;1149.115	5;2;5	0.30280057841731356
without_coding_region	7500	NC_072402.2	SCFR_NC_072402_2_867_11640_frame1_fft	5	3	-0.166620;0.166620;-0.333333	5412.084;5412.084;3590.500	7;34;8	-0.08302876878607263
without_coding_region	7500	NC_072402.2	SCFR_NC_072402_2_50_11810_frame3_fft	5	3	-0.166667;0.166667;-0.500000	8130.620;8130.620;3914.000	6;31;10	-0.09700008525301311
without_coding_region	7500	NC_072402.2	SCFR_NC_072402_2_866_11639_frame_2_fft	5	3	-0.166620;0.166620;-0.333333	5411.583;5411.583;3591.733	7;34;8	-0.08305595038085248
without_coding_region	7500	NC_072404.2	SCFR_NC_072404_2_6405120_6412713_frame_2_fft	39	3	0.451864;0.452522;0.097985	808.559;794.864;790.660	2;2;10	0.33521184147918015
without_coding_region	7500	NC_072404.2	SCFR_NC_072404_2_6405143_6413150_frame_3_fft	38	3	0.453104;0.451855;0.498689	850.127;782.388;741.553	2;2;2	0.46693110642365765
without_coding_region	7500	NC_072404.2	SCFR_NC_072404_2_5942956_5951236_frame_1_fft	31	3	0.365097;0.333333;0.190459	2517.664;2182.450;2035.628	3;3;5	0.3020272825933654
without_coding_region	7500	NC_072404.2	SCFR_NC_072404_2_6937054_6946003_frame2_fft	35	3	0.034529;0.448207;0.379149	2089.721;1688.543;1489.502	29;2;3	0.26457438743634404
without_coding_region	7500	NC_072404.2	SCFR_NC_072404_2_173440323_173450298_frame1_fft	31	3	0.499248;0.499850;0.452732	2469.396;1580.141;1285.568	2;2;2	0.4882176198657759
without_coding_region	7500	NC_072404.2	SCFR_NC_072404_2_6405196_6412963_frame_1_fft	40	3	0.451654;0.048024;0.097979	850.280;825.998;784.579	2;21;10	0.20341383384446965
without_coding_region	7500	NC_072408.2	SCFR_NC_072408_2_139075662_139085154_frame1_fft	28	3	0.442162;0.442583;0.456068	901.062;756.355;643.741	2;2;2	0.4461905316353767
without_coding_region	7500	NC_072408.2	SCFR_NC_072408_2_138410764_138420049_frame2_fft	39	3	0.470436;0.470652;0.176414	3126.298;2436.493;1710.205	2;2;6	0.40137070530961383
without_coding_region	7500	NC_072408.2	SCFR_NC_072408_2_138412260_138420138_frame1_fft	32	3	0.470424;0.176441;0.412034	3648.972;1922.439;1540.544	2;6;2	0.3783091386577952
without_coding_region	7500	NC_072416.2	SCFR_NC_072416_2_87196920_87205575_frame1_fft	27	3	0.250029;0.055690;0.472328	3832.635;1161.880;1112.831	4;18;2	0.2535628788974785
without_coding_region	7500	NC_072416.2	SCFR_NC_072416_2_87196907_87205628_frame3_fft	29	3	0.249971;0.055728;0.472308	3743.207;1040.137;1028.096	4;18;2	0.2545386199119323
without_coding_region	7500	NC_072419.2	SCFR_NC_072419_2_5968_16330_frame2_fft	14	3	0.166763;0.166570;0.333237	4413.119;4380.294;2006.801	6;6;3	0.19761746204417802
without_coding_region	7500	NC_072419.2	SCFR_NC_072419_2_5967_16329_frame_2_fft	14	3	0.166763;0.166570;0.333237	4413.999;4378.582;2008.080	6;6;3	0.19763592931367813
without_coding_region	7500	NC_072411.2	SCFR_NC_072411_2_14510549_14518523_frame_3_fft	22	3	0.333333;0.466642;0.066717	2046.581;2016.484;1971.999	3;2;15	0.2907566462400399
without_coding_region	7500	NC_072411.2	SCFR_NC_072411_2_14510521_14518579_frame_1_fft	22	3	0.066642;0.044428;0.333333	2408.373;2190.286;2046.765	15;23;3	0.1414602194862209
without_coding_region	7500	NC_072411.2	SCFR_NC_072411_2_144465335_144476759_frame3_fft	10	3	0.166667;0.166842;0.166492	7815.097;2331.808;2319.068	6;6;6	0.1666671788468498
without_coding_region	7500	NC_072411.2	SCFR_NC_072411_2_14510603_14518436_frame3_fft	22	3	0.066641;0.044427;0.333333	2416.765;2185.446;2034.930	15;23;3	0.14109354728142737
without_coding_region	7500	NC_072411.2	SCFR_NC_072411_2_14510607_14518467_frame1_fft	22	3	0.066667;0.466667;0.333333	2580.131;2128.265;2034.263	15;2;3	0.27337696073774453
without_coding_region	7500	NC_072411.2	SCFR_NC_072411_2_144465334_144476758_frame_1_fft	10	3	0.166667;0.166842;0.166492	7813.653;2333.458;2318.065	6;6;6	0.16666721610404855
without_coding_region	7500	NC_072411.2	SCFR_NC_072411_2_14510581_14518471_frame2_fft	22	3	0.066667;0.466667;0.333333	2582.471;2121.849;2039.685	15;2;3	0.2731695515565306
without_coding_region	7500	NC_072411.2	SCFR_NC_072411_2_942_8484_frame_2_fft	25	3	-0.166534;0.166534;-0.166799	3214.059;3214.059;3200.747	10;51;10	-0.05544593250118264
without_coding_region	7500	NC_072411.2	SCFR_NC_072411_2_937_8485_frame2_fft	25	3	-0.166534;0.166534;-0.166799	3215.451;3215.451;3204.101	10;51;10	-0.05546867423902203
without_coding_region	7500	NC_072401.2	SCFR_NC_072401_2_695163_702972_frame1_fft	37	3	0.477142;0.454348;0.409015	1512.279;1239.013;905.227	2;2;2	0.4525523664849
without_coding_region	7500	NC_072401.2	SCFR_NC_072401_2_701927_711383_frame3_fft	44	3	0.477369;0.454632;0.364002	1699.292;1689.333;1142.222	2;2;3	0.44031176856071286
without_coding_region	7500	NC_072401.2	SCFR_NC_072401_2_191661956_191669498_frame_2_fft	2	2	0.166667;0.333333	5402.677;1988.324	6;3	0.21150341766304726
without_coding_region	7500	NC_072417.2	SCFR_NC_072417_2_2_9137_frame3_fft	5	3	-0.166721;0.166721;-0.333333	4594.460;4594.460;3034.465	8;42;10	-0.08275018105418425
without_coding_region	7500	NC_072417.2	SCFR_NC_072417_2_1_9262_frame2_fft	5	3	-0.166721;0.166721;-0.333333	4691.387;4691.387;3040.905	8;41;10	-0.08158887446826339
without_coding_region	7500	NC_072417.2	SCFR_NC_072417_2_0_9136_frame_1_fft	5	3	-0.166703;0.166703;-0.500000	5956.836;5956.836;3028.000	8;42;14	-0.10132734810401406
without_coding_region	7500	NC_072417.2	SCFR_NC_072417_2_0_9285_frame_2_fft	5	3	-0.166721;0.166721;-0.333333	4705.820;4705.820;3036.175	8;41;10	-0.08130401369838804
without_coding_region	7500	NC_072412.2	SCFR_NC_072412_2_489_10614_frame1_fft	5	3	-0.166617;0.166617;-0.333333	5084.367;5084.367;3374.000	7;37;9	-0.08304567910733533
without_coding_region	7500	NC_072412.2	SCFR_NC_072412_2_459_10710_frame_3_fft	5	3	-0.166618;0.166618;-0.333333	5191.624;5191.624;3354.688	7;36;9	-0.081397104710926
without_coding_region	7500	NC_072412.2	SCFR_NC_072412_2_488_10613_frame_1_fft	5	3	-0.166716;0.166716;-0.333333	5084.745;5084.745;3374.000	7;37;9	-0.08304104348288366
without_coding_region	7500	NC_072412.2	SCFR_NC_072412_2_460_10711_frame2_fft	5	3	-0.166618;0.166618;-0.333333	5192.134;5192.134;3353.197	7;36;9	-0.08136371707596707
without_coding_region	7500	NC_072407.2	SCFR_NC_072407_2_16_10504_frame2_fft	7	3	-0.166667;0.166667;-0.333333	7678.069;7678.069;3445.126	7;35;9	-0.06107962661223203
without_coding_region	7500	NC_072407.2	SCFR_NC_072407_2_416_10517_frame3_fft	5	3	-0.166617;0.166617;-0.333333	5080.504;5080.504;3360.002	7;37;9	-0.08283401511174092
without_coding_region	7500	NC_072407.2	SCFR_NC_072407_2_415_10516_frame_3_fft	5	3	-0.166617;0.166617;-0.333333	5080.002;5080.002;3361.501	7;37;9	-0.08286793613824792
without_coding_region	7500	NC_072407.2	SCFR_NC_072407_2_15_10503_frame_1_fft	7	3	-0.166667;0.166667;-0.333333	7678.552;7678.552;3445.126	7;35;9	-0.0610764885313072
without_coding_region	7500	NC_072407.2	SCFR_NC_072407_2_7340106_7349721_frame_1_fft	25	3	0.377327;0.311596;0.344462	942.756;910.882;862.924	3;3;3	0.344847276731398
without_coding_region	7500	NC_072407.2	SCFR_NC_072407_2_7340300_7349729_frame_2_fft	25	3	0.311592;0.377346;0.344469	890.347;884.159;857.857	3;3;3	0.34439171473349234
without_coding_region	7500	NC_072407.2	SCFR_NC_072407_2_7340176_7349668_frame_3_fft	27	3	0.311631;0.377370;0.377054	901.709;778.732;772.537	3;3;3	0.3531049761624442
without_coding_region	7500	NC_072421.2	SCFR_NC_072421_2_1353172_1362571_frame2_fft	25	3	0.213853;0.213108;0.214385	1273.784;1255.341;1053.745	5;5;5	0.21374843670158283
without_coding_region	7500	NC_072421.2	SCFR_NC_072421_2_1352923_1367350_frame_2_fft	34	3	0.213835;0.213073;0.213974	1849.225;1816.227;1734.664	5;5;5	0.21362336627250228
without_coding_region	7500	NC_072421.2	SCFR_NC_072421_2_1353087_1367346_frame_3_fft	29	3	0.213830;0.213129;0.213339	1847.485;1806.501;1778.961	5;5;5	0.2134361387950223
without_coding_region	7500	NC_072421.2	SCFR_NC_072421_2_1353020_1367336_frame_1_fft	33	3	0.213328;0.213118;0.213817	1944.459;1909.415;1782.061	5;5;5	0.21341147340396935
without_coding_region	7500	NC_072421.2	SCFR_NC_072421_2_1356963_1367256_frame1_fft	21	3	0.213835;0.213349;0.213057	1965.038;1881.210;1626.558	5;5;5	0.2134367161609602
without_coding_region	7500	NC_072421.2	SCFR_NC_072421_2_1353281_1365893_frame3_fft	34	3	0.213844;0.214003;0.213051	1512.876;1484.261;1459.057	5;5;5	0.2136373135985552
with_coding_region	7500	NC_072410.2	SCFR_NC_072410_2_101866088_101873753_frame3_fft	1	1	0.333333	909.446	3	0.333333
with_coding_region	7500	NC_072410.2	SCFR_NC_072410_2_120862939_120874378_frame_1_fft	22	3	0.250022;0.062505;0.312527	5487.194;4830.183;2919.240	4;16;3	0.19538006774412225
with_coding_region	7500	NC_072410.2	SCFR_NC_072410_2_120862925_120874493_frame_3_fft	24	3	0.250000;0.062500;0.437500	6122.817;4868.410;3561.575	4;16;2	0.2331625852876992
with_coding_region	7500	NC_072410.2	SCFR_NC_072410_2_120862920_120874362_frame_2_fft	23	3	0.062489;0.249956;0.437511	4768.526;3922.636;3463.112	16;4;2	0.22984642434932764
with_coding_region	7500	NC_072410.2	SCFR_NC_072410_2_122843981_122852264_frame3_fft	2	2	0.166727;0.333333	4314.731;2633.530	6;3	0.22987400889618279
with_coding_region	7500	NC_072410.2	SCFR_NC_072410_2_122843994_122852019_frame1_fft	2	2	0.166729;0.333333	4030.364;2674.000	6;3	0.23317812119926662
with_coding_region	7500	NC_072410.2	SCFR_NC_072410_2_122843980_122852263_frame_1_fft	2	2	0.166727;0.333333	4314.188;2632.054	6;3	0.2298569613120303
with_coding_region	7500	NC_072410.2	SCFR_NC_072410_2_95277515_95293250_frame_3_fft	20	3	0.333333;0.143184;0.119225	1831.687;1282.881;1045.834	3;7;8	0.22087752926880622
with_coding_region	7500	NC_072410.2	SCFR_NC_072410_2_122843993_122852018_frame_3_fft	2	2	0.166604;0.333333	4029.986;2674.000	6;3	0.23310672628850956
with_coding_region	7500	NC_072418.2	SCFR_NC_072418_2_61478466_61488516_frame1_fft	58	3	0.051841;0.051542;0.436020	1699.328;1695.564;1643.067	19;19;2	0.1770355209075739
with_coding_region	7500	NC_072418.2	SCFR_NC_072418_2_11724010_11746741_frame_3_fft	13	3	0.333333;0.003387;0.002288	4599.010;964.423;932.888	3;295;437	0.23681138120714787
with_coding_region	7500	NC_072418.2	SCFR_NC_072418_2_11750991_11760702_frame_1_fft	1	1	0.333333	2013.294	3	0.333333
with_coding_region	7500	NC_086015.1	SCFR_NC_086015_1_198968913_198978465_frame_2_fft	23	3	0.333333;0.395833;0.104167	2556.667;1739.960;1718.145	3;3;10	0.28595083537763355
with_coding_region	7500	NC_072422.2	SCFR_NC_072422_2_35287361_35295359_frame3_fft	14	3	0.213053;0.213803;0.213553	1541.869;1267.746;1071.600	5;5;5	0.21343602683566873
with_coding_region	7500	NC_072422.2	SCFR_NC_072422_2_35287088_35295107_frame_2_fft	14	3	0.213618;0.213119;0.213867	1459.258;1438.962;1276.964	5;5;5	0.21352217715674326
with_coding_region	7500	NC_072422.2	SCFR_NC_072422_2_33985409_33994241_frame3_fft	37	3	0.140285;0.474072;0.281476	1913.981;1511.144;975.098	7;2;4	0.28620380548917634
with_coding_region	7500	NC_072422.2	SCFR_NC_072422_2_33985464_33994323_frame1_fft	41	3	0.140309;0.474094;0.473868	1748.339;1512.788;1032.839	7;2;2	0.3381351324335125
with_coding_region	7500	NC_072422.2	SCFR_NC_072422_2_35287365_35295195_frame1_fft	16	3	0.213027;0.213921;0.214559	1327.317;1260.124;895.553	5;5;5	0.21374435353319587
with_coding_region	7500	NC_072422.2	SCFR_NC_072422_2_35287375_35295262_frame2_fft	15	3	0.213136;0.213896;0.213643	1294.455;1274.951;1232.426	5;5;5	0.213555219666203
with_coding_region	7500	NC_072413.2	SCFR_NC_072413_2_0_7681_frame_2_fft	31	3	-0.166645;0.166645;0.333420	4003.169;4003.169;2093.467	10;51;25	0.06911061818916306
with_coding_region	7500	NC_072413.2	SCFR_NC_072413_2_2_7652_frame3_fft	34	3	-0.166667;0.166667;0.499869	4947.792;4947.792;1655.051	10;51;17	0.0716245200648276
with_coding_region	7500	NC_072413.2	SCFR_NC_072413_2_102980878_102995764_frame_2_fft	103	3	0.333333;0.187895;0.143423	2881.249;1494.055;1434.368	3;5;7	0.24904369795850773
with_coding_region	7500	NC_072420.2	SCFR_NC_072420_2_760_10879_frame2_fft	5	3	-0.166617;0.166617;-0.333333	5098.898;5098.898;3368.271	7;37;9	-0.08276207667579703
with_coding_region	7500	NC_072420.2	SCFR_NC_072420_2_764_10871_frame_3_fft	5	3	-0.166617;0.166617;-0.333333	5090.558;5090.558;3370.032	7;37;9	-0.08289651007102866
with_coding_region	7500	NC_072420.2	SCFR_NC_072420_2_759_10962_frame_2_fft	5	3	-0.166618;0.166618;-0.333333	5184.609;5184.609;3370.148	7;36;9	-0.08176371044224309
with_coding_region	7500	NC_072420.2	SCFR_NC_072420_2_765_10872_frame1_fft	5	3	-0.166617;0.166617;-0.333333	5092.423;5092.423;3370.032	7;37;9	-0.08287369880097778
with_coding_region	7500	NC_072409.2	SCFR_NC_072409_2_1036_9199_frame_3_fft	2	2	0.166728;0.333333	4099.652;2720.000	6;3	0.2331779596167077
with_coding_region	7500	NC_072409.2	SCFR_NC_072409_2_2599762_2608933_frame_3_fft	42	3	0.471922;0.084069;0.028023	1533.078;1517.630;1439.051	2;12;36	0.1985419258715223
with_coding_region	7500	NC_072409.2	SCFR_NC_072409_2_2599482_2608842_frame_1_fft	40	3	0.027991;0.084081;0.471902	1625.124;1528.541;1509.515	36;12;2	0.1900748521899219
with_coding_region	7500	NC_072409.2	SCFR_NC_072409_2_665_9563_frame_2_fft	7	3	-0.166667;0.166667;-0.333333	6807.823;6807.823;2800.617	8;42;11	-0.05686666121644129
with_coding_region	7500	NC_072409.2	SCFR_NC_072409_2_660_9564_frame1_fft	7	3	-0.166667;0.166667;-0.333333	6807.465;6807.465;2800.086	8;42;11	-0.05686019840845723
with_coding_region	7500	NC_072409.2	SCFR_NC_072409_2_1037_11111_frame3_fft	4	3	0.166667;0.333333;0.166865	6796.330;2682.317;1392.326	6;3;6	0.20781572934281042
with_coding_region	7500	NC_072409.2	SCFR_NC_072409_2_80676561_80685387_frame_1_fft	1	1	0.333333	1259.959	3	0.333333
with_coding_region	7500	NC_072406.2	SCFR_NC_072406_2_72337248_72345126_frame_3_fft	1	1	0.333333	1099.503	3	0.333333
with_coding_region	7500	NC_072405.2	SCFR_NC_072405_2_154223138_154232111_frame_1_fft	4	3	0.333333;0.176195;0.140421	2159.106;495.574;471.859	3;6;7	0.27931135797986206
with_coding_region	7500	NC_072405.2	SCFR_NC_072405_2_153983869_153993580_frame_2_fft	23	3	0.092987;0.279065;0.255792	2711.173;2593.760;2473.981	11;4;4	0.20680984853451267
with_coding_region	7500	NC_072405.2	SCFR_NC_072405_2_153983993_153993728_frame_1_fft	23	3	0.255778;0.186030;0.278993	2511.607;2193.767;2190.177	4;5;4	0.24096179435363468
with_coding_region	7500	NC_072405.2	SCFR_NC_072405_2_153983907_153993666_frame_3_fft	24	3	0.279024;0.093042;0.023261	2896.041;2577.132;2530.782	4;11;43	0.13827101472084738
with_coding_region	7500	NC_072405.2	SCFR_NC_072405_2_8762241_8769768_frame_3_fft	4	3	0.321908;0.178026;0.498871	474.301;423.333;422.400	3;6;2	0.33239195154518747
with_coding_region	7500	NC_072398.2	SCFR_NC_072398_2_215268598_215276956_frame_3_fft	1	1	0.333333	1210.301	3	0.333333
with_coding_region	7500	NC_072398.2	SCFR_NC_072398_2_169_10204_frame_3_fft	5	3	-0.166716;0.166716;-0.333333	5081.111;5081.111;3313.533	7;37;9	-0.08196274683600288
with_coding_region	7500	NC_072398.2	SCFR_NC_072398_2_170_10628_frame3_fft	7	3	-0.166667;0.166667;-0.500000	7858.630;7858.630;3370.000	7;35;12	-0.08827877861987524
with_coding_region	7500	NC_072398.2	SCFR_NC_072398_2_246_10218_frame_1_fft	5	3	-0.166667;0.166667;-0.500000	7849.109;7849.109;3318.000	7;37;12	-0.08724132211778388
with_coding_region	7500	NC_072398.2	SCFR_NC_072398_2_96981866_96993533_frame3_fft	57	3	0.333333;0.282249;0.307791	2757.451;1676.901;1666.411	3;4;3	0.31231492726942517
with_coding_region	7500	NC_072398.2	SCFR_NC_072398_2_96882521_96894578_frame3_fft	96	3	0.333333;0.284980;0.483537	1763.843;1289.839;1255.882	3;4;2	0.36263316000713763
with_coding_region	7500	NC_072398.2	SCFR_NC_072398_2_247_10237_frame2_fft	5	3	-0.166667;0.166667;-0.333333	7839.144;7839.144;3322.500	7;37;9	-0.05828699801818746
with_coding_region	7500	NC_072402.2	SCFR_NC_072402_2_178653926_178662845_frame_2_fft	39	3	0.470232;0.220540;0.029600	1292.868;1106.469;1058.469	2;5;34	0.25545078614474037
with_coding_region	7500	NC_072402.2	SCFR_NC_072402_2_178653648_178662882_frame_1_fft	43	3	0.220489;0.470219;0.219731	1270.431;1194.777;1149.115	5;2;5	0.30280057841731356
with_coding_region	7500	NC_072402.2	SCFR_NC_072402_2_178653748_178662853_frame_3_fft	41	3	0.029654;0.220538;0.470291	1149.345;1134.534;1035.808	34;5;2	0.23237784648070736
with_coding_region	7500	NC_072402.2	SCFR_NC_072402_2_49_11809_frame_3_fft	5	3	-0.166667;0.166667;-0.500000	8130.276;8130.276;3914.000	6;31;10	-0.09700339318563307
with_coding_region	7500	NC_072402.2	SCFR_NC_072402_2_866_11639_frame_2_fft	5	3	-0.166620;0.166620;-0.333333	5411.583;5411.583;3591.733	7;34;8	-0.08305595038085248
with_coding_region	7500	NC_072402.2	SCFR_NC_072402_2_36308310_36318840_frame_1_fft	1	1	0.333333	2037.684	3	0.333333
with_coding_region	7500	NC_072402.2	SCFR_NC_072402_2_867_11640_frame1_fft	5	3	-0.166620;0.166620;-0.333333	5412.084;5412.084;3590.500	7;34;8	-0.08302876878607263
with_coding_region	7500	NC_072402.2	SCFR_NC_072402_2_50_11810_frame3_fft	5	3	-0.166667;0.166667;-0.500000	8130.620;8130.620;3914.000	6;31;10	-0.09700008525301311
with_coding_region	7500	NC_072404.2	SCFR_NC_072404_2_110413448_110424182_frame3_fft	15	3	0.333333;0.392119;0.490591	2974.113;750.290;650.933	3;3;2	0.3668095077822595
with_coding_region	7500	NC_072404.2	SCFR_NC_072404_2_110514270_110538945_frame1_fft	146	3	0.333333;0.357325;0.023992	5537.192;2576.343;2508.707	3;3;42	0.26609349342210425
with_coding_region	7500	NC_072404.2	SCFR_NC_072404_2_110564460_110591907_frame1_fft	90	3	0.333333;0.265530;0.401137	9187.851;6204.050;5795.627	3;4;2	0.33202626383700823
with_coding_region	7500	NC_072404.2	SCFR_NC_072404_2_5942956_5951236_frame_1_fft	31	3	0.365097;0.333333;0.190459	2517.664;2182.450;2035.628	3;3;5	0.3020272825933654
with_coding_region	7500	NC_072404.2	SCFR_NC_072404_2_173440323_173450298_frame1_fft	31	3	0.499248;0.499850;0.452732	2469.396;1580.141;1285.568	2;2;2	0.4882176198657759
with_coding_region	7500	NC_072404.2	SCFR_NC_072404_2_6405143_6413150_frame_3_fft	38	3	0.453104;0.451855;0.498689	850.127;782.388;741.553	2;2;2	0.46693110642365765
with_coding_region	7500	NC_072404.2	SCFR_NC_072404_2_6405120_6412713_frame_2_fft	39	3	0.451864;0.452522;0.097985	808.559;794.864;790.660	2;2;10	0.33521184147918015
with_coding_region	7500	NC_072404.2	SCFR_NC_072404_2_110442616_110484883_frame2_fft	110	3	0.333333;0.411811;0.078477	12088.632;5073.668;4827.394	3;2;13	0.29549168179157015
with_coding_region	7500	NC_072404.2	SCFR_NC_072404_2_6405196_6412963_frame_1_fft	40	3	0.451654;0.048024;0.097979	850.280;825.998;784.579	2;21;10	0.20341383384446965
with_coding_region	7500	NC_072404.2	SCFR_NC_072404_2_6937054_6946003_frame2_fft	35	3	0.034529;0.448207;0.379149	2089.721;1688.543;1489.502	29;2;3	0.26457438743634404
with_coding_region	7500	NC_072408.2	SCFR_NC_072408_2_138412260_138420138_frame1_fft	32	3	0.470424;0.176441;0.412034	3648.972;1922.439;1540.544	2;6;2	0.3783091386577952
with_coding_region	7500	NC_072408.2	SCFR_NC_072408_2_139075662_139085154_frame1_fft	28	3	0.442162;0.442583;0.456068	901.062;756.355;643.741	2;2;2	0.4461905316353767
with_coding_region	7500	NC_072408.2	SCFR_NC_072408_2_138410764_138420049_frame2_fft	39	3	0.470436;0.470652;0.176414	3126.298;2436.493;1710.205	2;2;6	0.40137070530961383
with_coding_region	7500	NC_072408.2	SCFR_NC_072408_2_55382236_55394629_frame_2_fft	48	3	0.333333;0.033406;0.366739	4835.802;2280.657;2251.642	3;30;3	0.26834520157777975
with_coding_region	7500	NC_072416.2	SCFR_NC_072416_2_87196920_87205575_frame1_fft	27	3	0.250029;0.055690;0.472328	3832.635;1161.880;1112.831	4;18;2	0.2535628788974785
with_coding_region	7500	NC_072416.2	SCFR_NC_072416_2_87196907_87205628_frame3_fft	29	3	0.249971;0.055728;0.472308	3743.207;1040.137;1028.096	4;18;2	0.2545386199119323
with_coding_region	7500	NC_072416.2	SCFR_NC_072416_2_86606069_86617958_frame3_fft	1	1	0.333333	1104.431	3	0.333333
with_coding_region	7500	NC_072414.2	SCFR_NC_072414_2_35499028_35507797_frame2_fft	4	3	0.333333;0.000342;0.333105	1125.021;654.150;491.780	3;2923;3	0.23736519246474275
with_coding_region	7500	NC_072414.2	SCFR_NC_072414_2_34658704_34668958_frame2_fft	1	1	0.333333	1041.117	3	0.333333
with_coding_region	7500	NC_072419.2	SCFR_NC_072419_2_5967_16329_frame_2_fft	14	3	0.166763;0.166570;0.333237	4413.999;4378.582;2008.080	6;6;3	0.19763592931367813
with_coding_region	7500	NC_072419.2	SCFR_NC_072419_2_5968_16330_frame2_fft	14	3	0.166763;0.166570;0.333237	4413.119;4380.294;2006.801	6;6;3	0.19761746204417802
with_coding_region	7500	NC_072411.2	SCFR_NC_072411_2_14510521_14518579_frame_1_fft	22	3	0.066642;0.044428;0.333333	2408.373;2190.286;2046.765	15;23;3	0.1414602194862209
with_coding_region	7500	NC_072411.2	SCFR_NC_072411_2_14510549_14518523_frame_3_fft	22	3	0.333333;0.466642;0.066717	2046.581;2016.484;1971.999	3;2;15	0.2907566462400399
with_coding_region	7500	NC_072411.2	SCFR_NC_072411_2_144465334_144476758_frame_1_fft	10	3	0.166667;0.166842;0.166492	7813.653;2333.458;2318.065	6;6;6	0.16666721610404855
with_coding_region	7500	NC_072411.2	SCFR_NC_072411_2_144465335_144476759_frame3_fft	10	3	0.166667;0.166842;0.166492	7815.097;2331.808;2319.068	6;6;6	0.1666671788468498
with_coding_region	7500	NC_072411.2	SCFR_NC_072411_2_14510603_14518436_frame3_fft	22	3	0.066641;0.044427;0.333333	2416.765;2185.446;2034.930	15;23;3	0.14109354728142737
with_coding_region	7500	NC_072411.2	SCFR_NC_072411_2_69260076_69269484_frame1_fft	1	1	0.333333	1266.398	3	0.333333
with_coding_region	7500	NC_072411.2	SCFR_NC_072411_2_14510581_14518471_frame2_fft	22	3	0.066667;0.466667;0.333333	2582.471;2121.849;2039.685	15;2;3	0.2731695515565306
with_coding_region	7500	NC_072411.2	SCFR_NC_072411_2_14510607_14518467_frame1_fft	22	3	0.066667;0.466667;0.333333	2580.131;2128.265;2034.263	15;2;3	0.27337696073774453
with_coding_region	7500	NC_072411.2	SCFR_NC_072411_2_80589769_80607007_frame_1_fft	15	3	0.333333;0.036953;0.006787	2710.272;895.120;847.447	3;27;147	0.21160704187261203
with_coding_region	7500	NC_072411.2	SCFR_NC_072411_2_937_8485_frame2_fft	25	3	-0.166534;0.166534;-0.166799	3215.451;3215.451;3204.101	10;51;10	-0.05546867423902203
with_coding_region	7500	NC_072411.2	SCFR_NC_072411_2_942_8484_frame_2_fft	25	3	-0.166534;0.166534;-0.166799	3214.059;3214.059;3200.747	10;51;10	-0.05544593250118264
with_coding_region	7500	NC_072411.2	SCFR_NC_072411_2_87816715_87825733_frame2_fft	1	1	0.333333	1084.786	3	0.333333
with_coding_region	7500	NC_072411.2	SCFR_NC_072411_2_87827863_87837319_frame2_fft	1	1	0.333333	1152.155	3	0.333333
with_coding_region	7500	NC_072401.2	SCFR_NC_072401_2_191661956_191669498_frame_2_fft	2	2	0.166667;0.333333	5402.677;1988.324	6;3	0.21150341766304726
with_coding_region	7500	NC_072401.2	SCFR_NC_072401_2_695163_702972_frame1_fft	37	3	0.477142;0.454348;0.409015	1512.279;1239.013;905.227	2;2;2	0.4525523664849
with_coding_region	7500	NC_072401.2	SCFR_NC_072401_2_701927_711383_frame3_fft	44	3	0.477369;0.454632;0.364002	1699.292;1689.333;1142.222	2;2;3	0.44031176856071286
with_coding_region	7500	NC_072417.2	SCFR_NC_072417_2_0_9136_frame_1_fft	5	3	-0.166703;0.166703;-0.500000	5956.836;5956.836;3028.000	8;42;14	-0.10132734810401406
with_coding_region	7500	NC_072417.2	SCFR_NC_072417_2_0_9285_frame_2_fft	5	3	-0.166721;0.166721;-0.333333	4705.820;4705.820;3036.175	8;41;10	-0.08130401369838804
with_coding_region	7500	NC_072417.2	SCFR_NC_072417_2_1_9262_frame2_fft	5	3	-0.166721;0.166721;-0.333333	4691.387;4691.387;3040.905	8;41;10	-0.08158887446826339
with_coding_region	7500	NC_072417.2	SCFR_NC_072417_2_11552456_11559989_frame_3_fft	45	3	0.485729;0.457321;0.028541	2372.236;1813.986;1798.176	2;2;35	0.33974335476450596
with_coding_region	7500	NC_072417.2	SCFR_NC_072417_2_2_9137_frame3_fft	5	3	-0.166721;0.166721;-0.333333	4594.460;4594.460;3034.465	8;42;10	-0.08275018105418425
with_coding_region	7500	NC_072412.2	SCFR_NC_072412_2_22520658_22532217_frame_3_fft	1	1	0.333333	1281.006	3	0.333333
with_coding_region	7500	NC_072412.2	SCFR_NC_072412_2_488_10613_frame_1_fft	5	3	-0.166716;0.166716;-0.333333	5084.745;5084.745;3374.000	7;37;9	-0.08304104348288366
with_coding_region	7500	NC_072412.2	SCFR_NC_072412_2_460_10711_frame2_fft	5	3	-0.166618;0.166618;-0.333333	5192.134;5192.134;3353.197	7;36;9	-0.08136371707596707
with_coding_region	7500	NC_072412.2	SCFR_NC_072412_2_459_10710_frame_3_fft	5	3	-0.166618;0.166618;-0.333333	5191.624;5191.624;3354.688	7;36;9	-0.081397104710926
with_coding_region	7500	NC_072412.2	SCFR_NC_072412_2_489_10614_frame1_fft	5	3	-0.166617;0.166617;-0.333333	5084.367;5084.367;3374.000	7;37;9	-0.08304567910733533
with_coding_region	7500	NC_072412.2	SCFR_NC_072412_2_108342188_108363185_frame_1_fft	1	1	0.333333	2288.690	3	0.333333
with_coding_region	7500	NC_072407.2	SCFR_NC_072407_2_15_10503_frame_1_fft	7	3	-0.166667;0.166667;-0.333333	7678.552;7678.552;3445.126	7;35;9	-0.0610764885313072
with_coding_region	7500	NC_072407.2	SCFR_NC_072407_2_415_10516_frame_3_fft	5	3	-0.166617;0.166617;-0.333333	5080.002;5080.002;3361.501	7;37;9	-0.08286793613824792
with_coding_region	7500	NC_072407.2	SCFR_NC_072407_2_416_10517_frame3_fft	5	3	-0.166617;0.166617;-0.333333	5080.504;5080.504;3360.002	7;37;9	-0.08283401511174092
with_coding_region	7500	NC_072407.2	SCFR_NC_072407_2_16_10504_frame2_fft	7	3	-0.166667;0.166667;-0.333333	7678.069;7678.069;3445.126	7;35;9	-0.06107962661223203
with_coding_region	7500	NC_072407.2	SCFR_NC_072407_2_5251273_5266057_frame_3_fft	75	3	0.333333;0.307630;0.285850	3237.943;1096.239;1075.183	3;3;3	0.3186862632007638
with_coding_region	7500	NC_072407.2	SCFR_NC_072407_2_5431171_5443480_frame2_fft	38	3	0.333333;0.374848;0.291819	3415.018;1761.129;1474.083	3;3;3	0.3351251468540186
with_coding_region	7500	NC_072407.2	SCFR_NC_072407_2_5343275_5351081_frame_2_fft	39	3	0.333333;0.304125;0.159236	2953.606;1315.691;1100.919	3;3;6	0.29048641843400713
with_coding_region	7500	NC_072407.2	SCFR_NC_072407_2_5341311_5351793_frame1_fft	38	3	0.333333;0.304140;0.159512	3387.204;1256.871;1230.025	3;3;6	0.29068884844861337
with_coding_region	7500	NC_072407.2	SCFR_NC_072407_2_64830651_64848159_frame_1_fft	61	3	0.333333;0.143249;0.143477	3285.777;1555.375;1290.365	3;7;7	0.2451598058394032
with_coding_region	7500	NC_072407.2	SCFR_NC_072407_2_5492289_5508435_frame1_fft	27	3	0.333333;0.286634;0.472253	3797.953;818.713;767.252	3;3;2	0.3460288786246374
with_coding_region	7500	NC_072407.2	SCFR_NC_072407_2_7340106_7349721_frame_1_fft	25	3	0.377327;0.311596;0.344462	942.756;910.882;862.924	3;3;3	0.344847276731398
with_coding_region	7500	NC_072407.2	SCFR_NC_072407_2_7340176_7349668_frame_3_fft	27	3	0.311631;0.377370;0.377054	901.709;778.732;772.537	3;3;3	0.3531049761624442
with_coding_region	7500	NC_072407.2	SCFR_NC_072407_2_7340300_7349729_frame_2_fft	25	3	0.311592;0.377346;0.344469	890.347;884.159;857.857	3;3;3	0.34439171473349234
with_coding_region	7500	NC_072421.2	SCFR_NC_072421_2_1353172_1362571_frame2_fft	25	3	0.213853;0.213108;0.214385	1273.784;1255.341;1053.745	5;5;5	0.21374843670158283
with_coding_region	7500	NC_072421.2	SCFR_NC_072421_2_1353087_1367346_frame_3_fft	29	3	0.213830;0.213129;0.213339	1847.485;1806.501;1778.961	5;5;5	0.2134361387950223
with_coding_region	7500	NC_072421.2	SCFR_NC_072421_2_1353020_1367336_frame_1_fft	33	3	0.213328;0.213118;0.213817	1944.459;1909.415;1782.061	5;5;5	0.21341147340396935
with_coding_region	7500	NC_072421.2	SCFR_NC_072421_2_1352923_1367350_frame_2_fft	34	3	0.213835;0.213073;0.213974	1849.225;1816.227;1734.664	5;5;5	0.21362336627250228
with_coding_region	7500	NC_072421.2	SCFR_NC_072421_2_1356963_1367256_frame1_fft	21	3	0.213835;0.213349;0.213057	1965.038;1881.210;1626.558	5;5;5	0.2134367161609602
with_coding_region	7500	NC_072421.2	SCFR_NC_072421_2_1353281_1365893_frame3_fft	34	3	0.213844;0.214003;0.213051	1512.876;1484.261;1459.057	5;5;5	0.2136373135985552
without_coding_region	10000	NC_072410.2	SCFR_NC_072410_2_120862939_120874378_frame_1_fft	22	3	0.250022;0.062505;0.312527	5487.194;4830.183;2919.240	4;16;3	0.19538006774412225
without_coding_region	10000	NC_072410.2	SCFR_NC_072410_2_120862925_120874493_frame_3_fft	24	3	0.250000;0.062500;0.437500	6122.817;4868.410;3561.575	4;16;2	0.2331625852876992
without_coding_region	10000	NC_072410.2	SCFR_NC_072410_2_120862920_120874362_frame_2_fft	23	3	0.062489;0.249956;0.437511	4768.526;3922.636;3463.112	16;4;2	0.22984642434932764
without_coding_region	10000	NC_072418.2	SCFR_NC_072418_2_61478466_61488516_frame1_fft	58	3	0.051841;0.051542;0.436020	1699.328;1695.564;1643.067	19;19;2	0.1770355209075739
without_coding_region	10000	NC_072420.2	SCFR_NC_072420_2_760_10879_frame2_fft	5	3	-0.166617;0.166617;-0.333333	5098.898;5098.898;3368.271	7;37;9	-0.08276207667579703
without_coding_region	10000	NC_072420.2	SCFR_NC_072420_2_759_10962_frame_2_fft	5	3	-0.166618;0.166618;-0.333333	5184.609;5184.609;3370.148	7;36;9	-0.08176371044224309
without_coding_region	10000	NC_072420.2	SCFR_NC_072420_2_764_10871_frame_3_fft	5	3	-0.166617;0.166617;-0.333333	5090.558;5090.558;3370.032	7;37;9	-0.08289651007102866
without_coding_region	10000	NC_072420.2	SCFR_NC_072420_2_765_10872_frame1_fft	5	3	-0.166617;0.166617;-0.333333	5092.423;5092.423;3370.032	7;37;9	-0.08287369880097778
without_coding_region	10000	NC_072409.2	SCFR_NC_072409_2_1037_11111_frame3_fft	4	3	0.166667;0.333333;0.166865	6796.330;2682.317;1392.326	6;3;6	0.20781572934281042
without_coding_region	10000	NC_072398.2	SCFR_NC_072398_2_96981866_96993533_frame3_fft	57	3	0.333333;0.282249;0.307791	2757.451;1676.901;1666.411	3;4;3	0.31231492726942517
without_coding_region	10000	NC_072398.2	SCFR_NC_072398_2_169_10204_frame_3_fft	5	3	-0.166716;0.166716;-0.333333	5081.111;5081.111;3313.533	7;37;9	-0.08196274683600288
without_coding_region	10000	NC_072398.2	SCFR_NC_072398_2_170_10628_frame3_fft	7	3	-0.166667;0.166667;-0.500000	7858.630;7858.630;3370.000	7;35;12	-0.08827877861987524
without_coding_region	10000	NC_072402.2	SCFR_NC_072402_2_866_11639_frame_2_fft	5	3	-0.166620;0.166620;-0.333333	5411.583;5411.583;3591.733	7;34;8	-0.08305595038085248
without_coding_region	10000	NC_072402.2	SCFR_NC_072402_2_50_11810_frame3_fft	5	3	-0.166667;0.166667;-0.500000	8130.620;8130.620;3914.000	6;31;10	-0.09700008525301311
without_coding_region	10000	NC_072402.2	SCFR_NC_072402_2_867_11640_frame1_fft	5	3	-0.166620;0.166620;-0.333333	5412.084;5412.084;3590.500	7;34;8	-0.08302876878607263
without_coding_region	10000	NC_072402.2	SCFR_NC_072402_2_49_11809_frame_3_fft	5	3	-0.166667;0.166667;-0.500000	8130.276;8130.276;3914.000	6;31;10	-0.09700339318563307
without_coding_region	10000	NC_072419.2	SCFR_NC_072419_2_5967_16329_frame_2_fft	14	3	0.166763;0.166570;0.333237	4413.999;4378.582;2008.080	6;6;3	0.19763592931367813
without_coding_region	10000	NC_072419.2	SCFR_NC_072419_2_5968_16330_frame2_fft	14	3	0.166763;0.166570;0.333237	4413.119;4380.294;2006.801	6;6;3	0.19761746204417802
without_coding_region	10000	NC_072411.2	SCFR_NC_072411_2_144465335_144476759_frame3_fft	10	3	0.166667;0.166842;0.166492	7815.097;2331.808;2319.068	6;6;6	0.1666671788468498
without_coding_region	10000	NC_072411.2	SCFR_NC_072411_2_144465334_144476758_frame_1_fft	10	3	0.166667;0.166842;0.166492	7813.653;2333.458;2318.065	6;6;6	0.16666721610404855
without_coding_region	10000	NC_072412.2	SCFR_NC_072412_2_488_10613_frame_1_fft	5	3	-0.166716;0.166716;-0.333333	5084.745;5084.745;3374.000	7;37;9	-0.08304104348288366
without_coding_region	10000	NC_072412.2	SCFR_NC_072412_2_489_10614_frame1_fft	5	3	-0.166617;0.166617;-0.333333	5084.367;5084.367;3374.000	7;37;9	-0.08304567910733533
without_coding_region	10000	NC_072412.2	SCFR_NC_072412_2_460_10711_frame2_fft	5	3	-0.166618;0.166618;-0.333333	5192.134;5192.134;3353.197	7;36;9	-0.08136371707596707
without_coding_region	10000	NC_072412.2	SCFR_NC_072412_2_459_10710_frame_3_fft	5	3	-0.166618;0.166618;-0.333333	5191.624;5191.624;3354.688	7;36;9	-0.081397104710926
without_coding_region	10000	NC_072407.2	SCFR_NC_072407_2_15_10503_frame_1_fft	7	3	-0.166667;0.166667;-0.333333	7678.552;7678.552;3445.126	7;35;9	-0.0610764885313072
without_coding_region	10000	NC_072407.2	SCFR_NC_072407_2_415_10516_frame_3_fft	5	3	-0.166617;0.166617;-0.333333	5080.002;5080.002;3361.501	7;37;9	-0.08286793613824792
without_coding_region	10000	NC_072407.2	SCFR_NC_072407_2_416_10517_frame3_fft	5	3	-0.166617;0.166617;-0.333333	5080.504;5080.504;3360.002	7;37;9	-0.08283401511174092
without_coding_region	10000	NC_072407.2	SCFR_NC_072407_2_16_10504_frame2_fft	7	3	-0.166667;0.166667;-0.333333	7678.069;7678.069;3445.126	7;35;9	-0.06107962661223203
without_coding_region	10000	NC_072421.2	SCFR_NC_072421_2_1353281_1365893_frame3_fft	34	3	0.213844;0.214003;0.213051	1512.876;1484.261;1459.057	5;5;5	0.2136373135985552
without_coding_region	10000	NC_072421.2	SCFR_NC_072421_2_1352923_1367350_frame_2_fft	34	3	0.213835;0.213073;0.213974	1849.225;1816.227;1734.664	5;5;5	0.21362336627250228
without_coding_region	10000	NC_072421.2	SCFR_NC_072421_2_1353087_1367346_frame_3_fft	29	3	0.213830;0.213129;0.213339	1847.485;1806.501;1778.961	5;5;5	0.2134361387950223
without_coding_region	10000	NC_072421.2	SCFR_NC_072421_2_1356963_1367256_frame1_fft	21	3	0.213835;0.213349;0.213057	1965.038;1881.210;1626.558	5;5;5	0.2134367161609602
without_coding_region	10000	NC_072421.2	SCFR_NC_072421_2_1353020_1367336_frame_1_fft	33	3	0.213328;0.213118;0.213817	1944.459;1909.415;1782.061	5;5;5	0.21341147340396935
with_coding_region	10000	NC_072410.2	SCFR_NC_072410_2_120862939_120874378_frame_1_fft	22	3	0.250022;0.062505;0.312527	5487.194;4830.183;2919.240	4;16;3	0.19538006774412225
with_coding_region	10000	NC_072410.2	SCFR_NC_072410_2_95277515_95293250_frame_3_fft	20	3	0.333333;0.143184;0.119225	1831.687;1282.881;1045.834	3;7;8	0.22087752926880622
with_coding_region	10000	NC_072410.2	SCFR_NC_072410_2_120862920_120874362_frame_2_fft	23	3	0.062489;0.249956;0.437511	4768.526;3922.636;3463.112	16;4;2	0.22984642434932764
with_coding_region	10000	NC_072410.2	SCFR_NC_072410_2_120862925_120874493_frame_3_fft	24	3	0.250000;0.062500;0.437500	6122.817;4868.410;3561.575	4;16;2	0.2331625852876992
with_coding_region	10000	NC_072418.2	SCFR_NC_072418_2_61478466_61488516_frame1_fft	58	3	0.051841;0.051542;0.436020	1699.328;1695.564;1643.067	19;19;2	0.1770355209075739
with_coding_region	10000	NC_072418.2	SCFR_NC_072418_2_11724010_11746741_frame_3_fft	13	3	0.333333;0.003387;0.002288	4599.010;964.423;932.888	3;295;437	0.23681138120714787
with_coding_region	10000	NC_072413.2	SCFR_NC_072413_2_102980878_102995764_frame_2_fft	103	3	0.333333;0.187895;0.143423	2881.249;1494.055;1434.368	3;5;7	0.24904369795850773
with_coding_region	10000	NC_072420.2	SCFR_NC_072420_2_760_10879_frame2_fft	5	3	-0.166617;0.166617;-0.333333	5098.898;5098.898;3368.271	7;37;9	-0.08276207667579703
with_coding_region	10000	NC_072420.2	SCFR_NC_072420_2_764_10871_frame_3_fft	5	3	-0.166617;0.166617;-0.333333	5090.558;5090.558;3370.032	7;37;9	-0.08289651007102866
with_coding_region	10000	NC_072420.2	SCFR_NC_072420_2_765_10872_frame1_fft	5	3	-0.166617;0.166617;-0.333333	5092.423;5092.423;3370.032	7;37;9	-0.08287369880097778
with_coding_region	10000	NC_072420.2	SCFR_NC_072420_2_759_10962_frame_2_fft	5	3	-0.166618;0.166618;-0.333333	5184.609;5184.609;3370.148	7;36;9	-0.08176371044224309
with_coding_region	10000	NC_072409.2	SCFR_NC_072409_2_1037_11111_frame3_fft	4	3	0.166667;0.333333;0.166865	6796.330;2682.317;1392.326	6;3;6	0.20781572934281042
with_coding_region	10000	NC_072398.2	SCFR_NC_072398_2_170_10628_frame3_fft	7	3	-0.166667;0.166667;-0.500000	7858.630;7858.630;3370.000	7;35;12	-0.08827877861987524
with_coding_region	10000	NC_072398.2	SCFR_NC_072398_2_169_10204_frame_3_fft	5	3	-0.166716;0.166716;-0.333333	5081.111;5081.111;3313.533	7;37;9	-0.08196274683600288
with_coding_region	10000	NC_072398.2	SCFR_NC_072398_2_96882521_96894578_frame3_fft	96	3	0.333333;0.284980;0.483537	1763.843;1289.839;1255.882	3;4;2	0.36263316000713763
with_coding_region	10000	NC_072398.2	SCFR_NC_072398_2_96981866_96993533_frame3_fft	57	3	0.333333;0.282249;0.307791	2757.451;1676.901;1666.411	3;4;3	0.31231492726942517
with_coding_region	10000	NC_072402.2	SCFR_NC_072402_2_36308310_36318840_frame_1_fft	1	1	0.333333	2037.684	3	0.333333
with_coding_region	10000	NC_072402.2	SCFR_NC_072402_2_866_11639_frame_2_fft	5	3	-0.166620;0.166620;-0.333333	5411.583;5411.583;3591.733	7;34;8	-0.08305595038085248
with_coding_region	10000	NC_072402.2	SCFR_NC_072402_2_50_11810_frame3_fft	5	3	-0.166667;0.166667;-0.500000	8130.620;8130.620;3914.000	6;31;10	-0.09700008525301311
with_coding_region	10000	NC_072402.2	SCFR_NC_072402_2_867_11640_frame1_fft	5	3	-0.166620;0.166620;-0.333333	5412.084;5412.084;3590.500	7;34;8	-0.08302876878607263
with_coding_region	10000	NC_072402.2	SCFR_NC_072402_2_49_11809_frame_3_fft	5	3	-0.166667;0.166667;-0.500000	8130.276;8130.276;3914.000	6;31;10	-0.09700339318563307
with_coding_region	10000	NC_072404.2	SCFR_NC_072404_2_110413448_110424182_frame3_fft	15	3	0.333333;0.392119;0.490591	2974.113;750.290;650.933	3;3;2	0.3668095077822595
with_coding_region	10000	NC_072404.2	SCFR_NC_072404_2_110514270_110538945_frame1_fft	146	3	0.333333;0.357325;0.023992	5537.192;2576.343;2508.707	3;3;42	0.26609349342210425
with_coding_region	10000	NC_072404.2	SCFR_NC_072404_2_110564460_110591907_frame1_fft	90	3	0.333333;0.265530;0.401137	9187.851;6204.050;5795.627	3;4;2	0.33202626383700823
with_coding_region	10000	NC_072404.2	SCFR_NC_072404_2_110442616_110484883_frame2_fft	110	3	0.333333;0.411811;0.078477	12088.632;5073.668;4827.394	3;2;13	0.29549168179157015
with_coding_region	10000	NC_072408.2	SCFR_NC_072408_2_55382236_55394629_frame_2_fft	48	3	0.333333;0.033406;0.366739	4835.802;2280.657;2251.642	3;30;3	0.26834520157777975
with_coding_region	10000	NC_072416.2	SCFR_NC_072416_2_86606069_86617958_frame3_fft	1	1	0.333333	1104.431	3	0.333333
with_coding_region	10000	NC_072414.2	SCFR_NC_072414_2_34658704_34668958_frame2_fft	1	1	0.333333	1041.117	3	0.333333
with_coding_region	10000	NC_072419.2	SCFR_NC_072419_2_5967_16329_frame_2_fft	14	3	0.166763;0.166570;0.333237	4413.999;4378.582;2008.080	6;6;3	0.19763592931367813
with_coding_region	10000	NC_072419.2	SCFR_NC_072419_2_5968_16330_frame2_fft	14	3	0.166763;0.166570;0.333237	4413.119;4380.294;2006.801	6;6;3	0.19761746204417802
with_coding_region	10000	NC_072411.2	SCFR_NC_072411_2_144465334_144476758_frame_1_fft	10	3	0.166667;0.166842;0.166492	7813.653;2333.458;2318.065	6;6;6	0.16666721610404855
with_coding_region	10000	NC_072411.2	SCFR_NC_072411_2_144465335_144476759_frame3_fft	10	3	0.166667;0.166842;0.166492	7815.097;2331.808;2319.068	6;6;6	0.1666671788468498
with_coding_region	10000	NC_072411.2	SCFR_NC_072411_2_80589769_80607007_frame_1_fft	15	3	0.333333;0.036953;0.006787	2710.272;895.120;847.447	3;27;147	0.21160704187261203
with_coding_region	10000	NC_072412.2	SCFR_NC_072412_2_460_10711_frame2_fft	5	3	-0.166618;0.166618;-0.333333	5192.134;5192.134;3353.197	7;36;9	-0.08136371707596707
with_coding_region	10000	NC_072412.2	SCFR_NC_072412_2_459_10710_frame_3_fft	5	3	-0.166618;0.166618;-0.333333	5191.624;5191.624;3354.688	7;36;9	-0.081397104710926
with_coding_region	10000	NC_072412.2	SCFR_NC_072412_2_22520658_22532217_frame_3_fft	1	1	0.333333	1281.006	3	0.333333
with_coding_region	10000	NC_072412.2	SCFR_NC_072412_2_489_10614_frame1_fft	5	3	-0.166617;0.166617;-0.333333	5084.367;5084.367;3374.000	7;37;9	-0.08304567910733533
with_coding_region	10000	NC_072412.2	SCFR_NC_072412_2_108342188_108363185_frame_1_fft	1	1	0.333333	2288.690	3	0.333333
with_coding_region	10000	NC_072412.2	SCFR_NC_072412_2_488_10613_frame_1_fft	5	3	-0.166716;0.166716;-0.333333	5084.745;5084.745;3374.000	7;37;9	-0.08304104348288366
with_coding_region	10000	NC_072407.2	SCFR_NC_072407_2_416_10517_frame3_fft	5	3	-0.166617;0.166617;-0.333333	5080.504;5080.504;3360.002	7;37;9	-0.08283401511174092
with_coding_region	10000	NC_072407.2	SCFR_NC_072407_2_415_10516_frame_3_fft	5	3	-0.166617;0.166617;-0.333333	5080.002;5080.002;3361.501	7;37;9	-0.08286793613824792
with_coding_region	10000	NC_072407.2	SCFR_NC_072407_2_15_10503_frame_1_fft	7	3	-0.166667;0.166667;-0.333333	7678.552;7678.552;3445.126	7;35;9	-0.0610764885313072
with_coding_region	10000	NC_072407.2	SCFR_NC_072407_2_5341311_5351793_frame1_fft	38	3	0.333333;0.304140;0.159512	3387.204;1256.871;1230.025	3;3;6	0.29068884844861337
with_coding_region	10000	NC_072407.2	SCFR_NC_072407_2_16_10504_frame2_fft	7	3	-0.166667;0.166667;-0.333333	7678.069;7678.069;3445.126	7;35;9	-0.06107962661223203
with_coding_region	10000	NC_072407.2	SCFR_NC_072407_2_5431171_5443480_frame2_fft	38	3	0.333333;0.374848;0.291819	3415.018;1761.129;1474.083	3;3;3	0.3351251468540186
with_coding_region	10000	NC_072407.2	SCFR_NC_072407_2_5251273_5266057_frame_3_fft	75	3	0.333333;0.307630;0.285850	3237.943;1096.239;1075.183	3;3;3	0.3186862632007638
with_coding_region	10000	NC_072407.2	SCFR_NC_072407_2_64830651_64848159_frame_1_fft	61	3	0.333333;0.143249;0.143477	3285.777;1555.375;1290.365	3;7;7	0.2451598058394032
with_coding_region	10000	NC_072407.2	SCFR_NC_072407_2_5492289_5508435_frame1_fft	27	3	0.333333;0.286634;0.472253	3797.953;818.713;767.252	3;3;2	0.3460288786246374
with_coding_region	10000	NC_072421.2	SCFR_NC_072421_2_1352923_1367350_frame_2_fft	34	3	0.213835;0.213073;0.213974	1849.225;1816.227;1734.664	5;5;5	0.21362336627250228
with_coding_region	10000	NC_072421.2	SCFR_NC_072421_2_1353087_1367346_frame_3_fft	29	3	0.213830;0.213129;0.213339	1847.485;1806.501;1778.961	5;5;5	0.2134361387950223
with_coding_region	10000	NC_072421.2	SCFR_NC_072421_2_1353281_1365893_frame3_fft	34	3	0.213844;0.214003;0.213051	1512.876;1484.261;1459.057	5;5;5	0.2136373135985552
with_coding_region	10000	NC_072421.2	SCFR_NC_072421_2_1353020_1367336_frame_1_fft	33	3	0.213328;0.213118;0.213817	1944.459;1909.415;1782.061	5;5;5	0.21341147340396935
with_coding_region	10000	NC_072421.2	SCFR_NC_072421_2_1356963_1367256_frame1_fft	21	3	0.213835;0.213349;0.213057	1965.038;1881.210;1626.558	5;5;5	0.2134367161609602
