property,n_species,species,n_Genes_per_species,total_pathway_genes_per_species,genes_common_in_all_species,genes_common_in_all_species_count,genes_unique_to_one_species
ECM-receptor interaction,6,bonobo; borangutan; chimpanzee; gorillla; human; sorangutan,bonobo:69; borangutan:69; chimpanzee:69; gorillla:24; human:73; sorangutan:68,bonobo:CD36|COL1A1|COL1A2|COL4A1|COL4A2|COL4A3|COL4A4|COL4A5|COL4A6|COL6A1|COL6A2|COL6A5|COL9A1|COL9A2|COL9A3|COMP|DMP1|FN1|FRAS1|FREM1|FREM2|HMMR|HSPG2|IBSP|ITGA1|ITGA11|ITGA2|ITGA2B|ITGA4|ITGA5|ITGA6|ITGA7|ITGA8|ITGA9|ITGAV|ITGB1|ITGB3|ITGB4|ITGB5|ITGB6|ITGB7|ITGB8|LAMA1|LAMA2|LAMA3|LAMA4|LAMA5|LAMB1|LAMB2|LAMB3|LAMB4|LAMC1|LAMC2|MEPE|RELN|SDC4|SPP1|SV2A|SV2B|SV2C|THBS1|THBS2|THBS3|THBS4|TNC|TNN|TNR|VTN|VWF; borangutan:CD36|COL1A1|COL1A2|COL2A1|COL4A1|COL4A2|COL4A3|COL4A4|COL4A5|COL4A6|COL6A1|COL6A2|COL6A3|COL6A5|COL6A6|COL9A1|COL9A2|COL9A3|COMP|FN1|FRAS1|FREM1|FREM2|HMMR|IBSP|ITGA1|ITGA10|ITGA11|ITGA2B|ITGA4|ITGA5|ITGA6|ITGA7|ITGA8|ITGA9|ITGAV|ITGB1|ITGB3|ITGB4|ITGB5|ITGB6|ITGB7|ITGB8|LAMA1|LAMA2|LAMA3|LAMA4|LAMB1|LAMB3|LAMB4|LAMC1|LAMC3|MEPE|RELN|SDC1|SDC4|SPP1|SV2A|SV2B|SV2C|THBS1|THBS2|THBS3|THBS4|TNC|TNN|TNR|VTN|VWF; chimpanzee:CD36|COL1A1|COL1A2|COL2A1|COL4A1|COL4A2|COL4A3|COL4A4|COL4A5|COL4A6|COL6A2|COL6A3|COL6A5|COL6A6|COL9A1|COL9A2|COL9A3|COMP|DMP1|FN1|FRAS1|FREM1|FREM2|HMMR|HSPG2|IBSP|ITGA1|ITGA10|ITGA11|ITGA2|ITGA2B|ITGA4|ITGA5|ITGA6|ITGA7|ITGA8|ITGA9|ITGAV|ITGB1|ITGB3|ITGB4|ITGB5|ITGB6|ITGB7|LAMA1|LAMA2|LAMA3|LAMA4|LAMB1|LAMB2|LAMB3|LAMB4|LAMC1|LAMC3|MEPE|RELN|SDC4|SPP1|SV2A|SV2B|SV2C|THBS1|THBS3|THBS4|TNC|TNN|TNR|VTN|VWF; gorillla:COL2A1|COL4A1|COL4A2|COL6A3|FN1|ITGA1|ITGA10|ITGA2|ITGA4|ITGA5|ITGA6|ITGB6|ITGB7|LAMA1|LAMA3|LAMB3|LAMC1|SV2B|SV2C|THBS1|THBS3|THBS4|TNC|TNN; human:CD36|COL1A1|COL1A2|COL2A1|COL4A1|COL4A2|COL4A3|COL4A4|COL4A5|COL4A6|COL6A1|COL6A2|COL6A3|COL6A5|COL6A6|COL9A1|COL9A2|COL9A3|COMP|DMP1|FN1|FRAS1|FREM1|FREM2|HMMR|HSPG2|IBSP|ITGA1|ITGA10|ITGA11|ITGA2|ITGA2B|ITGA4|ITGA5|ITGA6|ITGA7|ITGA8|ITGA9|ITGAV|ITGB1|ITGB3|ITGB4|ITGB5|ITGB6|ITGB7|ITGB8|LAMA1|LAMA2|LAMA3|LAMA4|LAMA5|LAMB1|LAMB2|LAMB3|LAMB4|LAMC1|LAMC2|MEPE|RELN|SDC4|SPP1|SV2B|SV2C|THBS1|THBS2|THBS3|THBS4|TNC|TNN|TNR|TNXB|VTN|VWF; sorangutan:CD36|COL1A1|COL1A2|COL2A1|COL4A1|COL4A2|COL4A3|COL4A4|COL4A5|COL4A6|COL6A1|COL6A2|COL6A3|COL6A5|COL6A6|COL9A1|COL9A2|COMP|FN1|FRAS1|FREM1|FREM2|HMMR|IBSP|ITGA1|ITGA10|ITGA11|ITGA2B|ITGA4|ITGA5|ITGA6|ITGA7|ITGA8|ITGA9|ITGAV|ITGB1|ITGB3|ITGB4|ITGB5|ITGB6|ITGB7|ITGB8|LAMA1|LAMA2|LAMA3|LAMA4|LAMB1|LAMB3|LAMB4|LAMC1|LAMC3|MEPE|RELN|SDC1|SDC4|SPP1|SV2A|SV2B|SV2C|THBS1|THBS2|THBS3|THBS4|TNC|TNN|TNR|VTN|VWF,COL4A1|COL4A2|FN1|ITGA1|ITGA4|ITGA5|ITGA6|ITGB6|ITGB7|LAMA1|LAMA3|LAMB3|LAMC1|SV2B|SV2C|THBS1|THBS3|THBS4|TNC|TNN,20,bonobo:CD36|COL1A1|COL1A2|COL4A3|COL4A4|COL4A5|COL4A6|COL6A1|COL6A2|COL6A5|COL9A1|COL9A2|COL9A3|COMP|DMP1|FRAS1|FREM1|FREM2|HMMR|HSPG2|IBSP|ITGA11|ITGA2|ITGA2B|ITGA7|ITGA8|ITGA9|ITGAV|ITGB1|ITGB3|ITGB4|ITGB5|ITGB8|LAMA2|LAMA4|LAMA5|LAMB1|LAMB2|LAMB4|LAMC2|MEPE|RELN|SDC4|SPP1|SV2A|THBS2|TNR|VTN|VWF; borangutan:CD36|COL1A1|COL1A2|COL2A1|COL4A3|COL4A4|COL4A5|COL4A6|COL6A1|COL6A2|COL6A3|COL6A5|COL6A6|COL9A1|COL9A2|COL9A3|COMP|FRAS1|FREM1|FREM2|HMMR|IBSP|ITGA10|ITGA11|ITGA2B|ITGA7|ITGA8|ITGA9|ITGAV|ITGB1|ITGB3|ITGB4|ITGB5|ITGB8|LAMA2|LAMA4|LAMB1|LAMB4|LAMC3|MEPE|RELN|SDC1|SDC4|SPP1|SV2A|THBS2|TNR|VTN|VWF; chimpanzee:CD36|COL1A1|COL1A2|COL2A1|COL4A3|COL4A4|COL4A5|COL4A6|COL6A2|COL6A3|COL6A5|COL6A6|COL9A1|COL9A2|COL9A3|COMP|DMP1|FRAS1|FREM1|FREM2|HMMR|HSPG2|IBSP|ITGA10|ITGA11|ITGA2|ITGA2B|ITGA7|ITGA8|ITGA9|ITGAV|ITGB1|ITGB3|ITGB4|ITGB5|LAMA2|LAMA4|LAMB1|LAMB2|LAMB4|LAMC3|MEPE|RELN|SDC4|SPP1|SV2A|TNR|VTN|VWF; gorillla:COL2A1|COL6A3|ITGA10|ITGA2; human:CD36|COL1A1|COL1A2|COL2A1|COL4A3|COL4A4|COL4A5|COL4A6|COL6A1|COL6A2|COL6A3|COL6A5|COL6A6|COL9A1|COL9A2|COL9A3|COMP|DMP1|FRAS1|FREM1|FREM2|HMMR|HSPG2|IBSP|ITGA10|ITGA11|ITGA2|ITGA2B|ITGA7|ITGA8|ITGA9|ITGAV|ITGB1|ITGB3|ITGB4|ITGB5|ITGB8|LAMA2|LAMA4|LAMA5|LAMB1|LAMB2|LAMB4|LAMC2|MEPE|RELN|SDC4|SPP1|THBS2|TNR|TNXB|VTN|VWF; sorangutan:CD36|COL1A1|COL1A2|COL2A1|COL4A3|COL4A4|COL4A5|COL4A6|COL6A1|COL6A2|COL6A3|COL6A5|COL6A6|COL9A1|COL9A2|COMP|FRAS1|FREM1|FREM2|HMMR|IBSP|ITGA10|ITGA11|ITGA2B|ITGA7|ITGA8|ITGA9|ITGAV|ITGB1|ITGB3|ITGB4|ITGB5|ITGB8|LAMA2|LAMA4|LAMB1|LAMB4|LAMC3|MEPE|RELN|SDC1|SDC4|SPP1|SV2A|THBS2|TNR|VTN|VWF
Inositol phosphate metabolism,5,bonobo; borangutan; chimpanzee; human; sorangutan,bonobo:51; borangutan:53; chimpanzee:55; human:54; sorangutan:53,bonobo:ALDH6A1|FIG4|IMPA1|INPP4A|INPP4B|INPP5A|INPP5B|INPP5D|INPP5J|INPP5K|ITPKB|MINPP1|MTM1|MTMR1|MTMR14|MTMR2|MTMR3|MTMR4|MTMR6|MTMR7|MTMR8|OCRL|PI4K2B|PI4KB|PIK3C2A|PIK3C2B|PIK3C2G|PIK3C3|PIK3CA|PIK3CB|PIK3CG|PIKFYVE|PIP4K2B|PIP4K2C|PIP5K1A|PIP5K1B|PLCB1|PLCB2|PLCB3|PLCB4|PLCD1|PLCD3|PLCD4|PLCE1|PLCG2|PLCH1|PLCH2|PLCZ1|SACM1L|SYNJ1|TPI1; borangutan:ALDH6A1|FIG4|IMPA1|INPP4A|INPP4B|INPP5A|INPP5B|INPP5D|INPP5F|INPP5J|ITPKB|MINPP1|MTM1|MTMR1|MTMR14|MTMR2|MTMR3|MTMR4|MTMR6|MTMR7|MTMR8|OCRL|PI4K2A|PI4K2B|PI4KA|PI4KB|PIK3C2A|PIK3C2G|PIK3C3|PIK3CA|PIK3CB|PIK3CG|PIKFYVE|PIP4K2A|PIP4K2B|PIP4K2C|PIP5K1A|PLCB1|PLCB2|PLCB3|PLCB4|PLCD1|PLCD3|PLCD4|PLCE1|PLCG2|PLCH1|PLCH2|PLCZ1|PTEN|SACM1L|SYNJ2|TPI1; chimpanzee:ALDH6A1|FIG4|INPP4A|INPP4B|INPP5A|INPP5B|INPP5D|INPP5F|INPP5J|INPP5K|INPPL1|ITPKB|MINPP1|MTM1|MTMR1|MTMR14|MTMR2|MTMR3|MTMR4|MTMR6|MTMR7|MTMR8|OCRL|PI4K2A|PI4K2B|PI4KA|PI4KB|PIK3C2A|PIK3C2B|PIK3C2G|PIK3C3|PIK3CA|PIK3CB|PIK3CG|PIKFYVE|PIP4K2A|PIP4K2B|PIP4K2C|PIP5K1A|PIP5K1B|PLCB1|PLCB2|PLCB3|PLCB4|PLCD1|PLCD3|PLCD4|PLCE1|PLCG2|PLCH1|PLCZ1|PTEN|SACM1L|SYNJ2|TPI1; human:ALDH6A1|IMPA1|INPP4A|INPP4B|INPP5A|INPP5B|INPP5D|INPP5F|INPP5J|INPP5K|ITPKB|MINPP1|MTM1|MTMR1|MTMR14|MTMR2|MTMR3|MTMR4|MTMR6|MTMR7|MTMR8|OCRL|PI4K2A|PI4K2B|PI4KA|PI4KB|PIK3C2A|PIK3C2B|PIK3C2G|PIK3C3|PIK3CA|PIK3CB|PIK3CG|PIKFYVE|PIP4K2A|PIP4K2B|PIP4K2C|PIP5K1A|PIP5K1B|PLCB2|PLCB3|PLCB4|PLCD1|PLCD3|PLCD4|PLCE1|PLCH1|PLCH2|PLCZ1|PTEN|SACM1L|SYNJ1|SYNJ2|TPI1; sorangutan:ALDH6A1|FIG4|IMPA1|INPP4A|INPP4B|INPP5A|INPP5B|INPP5D|INPP5F|INPP5J|ITPKB|MINPP1|MTM1|MTMR1|MTMR14|MTMR2|MTMR3|MTMR4|MTMR6|MTMR7|MTMR8|OCRL|PI4K2A|PI4K2B|PI4KA|PI4KB|PIK3C2A|PIK3C2G|PIK3C3|PIK3CA|PIK3CB|PIK3CG|PIKFYVE|PIP4K2A|PIP4K2B|PIP4K2C|PIP5K1A|PLCB1|PLCB2|PLCB3|PLCB4|PLCD1|PLCD3|PLCD4|PLCE1|PLCG2|PLCH1|PLCH2|PLCZ1|PTEN|SACM1L|SYNJ2|TPI1,ALDH6A1|INPP4A|INPP4B|INPP5A|INPP5B|INPP5D|INPP5J|ITPKB|MINPP1|MTM1|MTMR1|MTMR14|MTMR2|MTMR3|MTMR4|MTMR6|MTMR7|MTMR8|OCRL|PI4K2B|PI4KB|PIK3C2A|PIK3C2G|PIK3C3|PIK3CA|PIK3CB|PIK3CG|PIKFYVE|PIP4K2B|PIP4K2C|PIP5K1A|PLCB2|PLCB3|PLCB4|PLCD1|PLCD3|PLCD4|PLCE1|PLCH1|PLCZ1|SACM1L|TPI1,42,bonobo:FIG4|IMPA1|INPP5K|PIK3C2B|PIP5K1B|PLCB1|PLCG2|PLCH2|SYNJ1; borangutan:FIG4|IMPA1|INPP5F|PI4K2A|PI4KA|PIP4K2A|PLCB1|PLCG2|PLCH2|PTEN|SYNJ2; chimpanzee:FIG4|INPP5F|INPP5K|INPPL1|PI4K2A|PI4KA|PIK3C2B|PIP4K2A|PIP5K1B|PLCB1|PLCG2|PTEN|SYNJ2; human:IMPA1|INPP5F|INPP5K|PI4K2A|PI4KA|PIK3C2B|PIP4K2A|PIP5K1B|PLCH2|PTEN|SYNJ1|SYNJ2; sorangutan:FIG4|IMPA1|INPP5F|PI4K2A|PI4KA|PIP4K2A|PLCB1|PLCG2|PLCH2|PTEN|SYNJ2
Phosphatidylinositol signaling system,5,bonobo; borangutan; chimpanzee; human; sorangutan,bonobo:63; borangutan:64; chimpanzee:72; human:71; sorangutan:64,bonobo:CDS1|CDS2|DGKA|DGKB|DGKD|DGKE|DGKG|DGKH|DGKI|DGKK|DGKZ|IMPA1|INPP4A|INPP4B|INPP5A|INPP5B|INPP5D|ITPKB|ITPR1|ITPR2|ITPR3|MTM1|MTMR1|MTMR14|MTMR2|MTMR3|MTMR4|MTMR6|MTMR7|MTMR8|OCRL|PI4K2B|PI4KB|PIK3C2A|PIK3C2B|PIK3C2G|PIK3C3|PIK3CA|PIK3CB|PIK3R1|PIK3R3|PIKFYVE|PIP4K2B|PIP4K2C|PIP4P1|PIP5K1A|PIP5K1B|PLCB1|PLCB2|PLCB3|PLCB4|PLCD1|PLCD3|PLCD4|PLCE1|PLCG2|PLCZ1|PPIP5K2|PRKCA|PRKCB|PRKCG|SACM1L|SYNJ1; borangutan:CALM2|CDS2|DGKA|DGKB|DGKD|DGKE|DGKG|DGKH|DGKI|DGKK|DGKZ|IMPA1|INPP4A|INPP4B|INPP5A|INPP5B|INPP5D|INPP5F|ITPKB|ITPR1|ITPR2|ITPR3|MTM1|MTMR1|MTMR14|MTMR2|MTMR3|MTMR4|MTMR6|MTMR7|MTMR8|OCRL|PI4K2A|PI4K2B|PI4KA|PI4KB|PIK3C2A|PIK3C2G|PIK3C3|PIK3CA|PIK3CB|PIK3R3|PIKFYVE|PIP4K2A|PIP4K2B|PIP4K2C|PIP5K1A|PLCB1|PLCB2|PLCB3|PLCB4|PLCD1|PLCD3|PLCD4|PLCE1|PLCG2|PLCZ1|PPIP5K1|PRKCA|PRKCB|PRKCG|PTEN|SACM1L|SYNJ2; chimpanzee:CALM1|CALM2|CALM3|CDS1|CDS2|DGKA|DGKB|DGKD|DGKE|DGKG|DGKH|DGKI|DGKK|DGKZ|IMPA1|INPP4A|INPP4B|INPP5A|INPP5B|INPP5D|INPP5F|INPPL1|ITPKB|ITPR1|ITPR2|ITPR3|MTM1|MTMR1|MTMR14|MTMR2|MTMR3|MTMR4|MTMR6|MTMR7|MTMR8|OCRL|PI4K2A|PI4K2B|PI4KA|PI4KB|PIK3C2A|PIK3C2B|PIK3C2G|PIK3C3|PIK3CA|PIK3CB|PIK3R1|PIK3R3|PIKFYVE|PIP4K2A|PIP4K2B|PIP4K2C|PIP4P1|PIP5K1A|PIP5K1B|PLCB1|PLCB2|PLCB3|PLCB4|PLCD1|PLCD3|PLCD4|PLCE1|PLCG2|PLCZ1|PPIP5K2|PRKCA|PRKCB|PRKCG|PTEN|SACM1L|SYNJ2; human:CALM1|CALM2|CALM3|CDS2|DGKA|DGKB|DGKD|DGKE|DGKG|DGKH|DGKI|DGKK|DGKZ|IMPA1|INPP4A|INPP4B|INPP5A|INPP5B|INPP5D|INPP5F|ITPKB|ITPR1|ITPR2|ITPR3|MTM1|MTMR1|MTMR14|MTMR2|MTMR3|MTMR4|MTMR6|MTMR7|MTMR8|OCRL|P3R3URF-PIK3R3|PI4K2A|PI4K2B|PI4KA|PI4KB|PIK3C2A|PIK3C2B|PIK3C2G|PIK3C3|PIK3CA|PIK3CB|PIK3R1|PIK3R3|PIKFYVE|PIP4K2A|PIP4K2B|PIP4K2C|PIP4P1|PIP5K1A|PIP5K1B|PLCB2|PLCB3|PLCB4|PLCD1|PLCD3|PLCD4|PLCE1|PLCZ1|PPIP5K1|PPIP5K2|PRKCA|PRKCB|PRKCG|PTEN|SACM1L|SYNJ1|SYNJ2; sorangutan:CALM2|CDS2|DGKA|DGKB|DGKD|DGKE|DGKG|DGKH|DGKK|DGKZ|IMPA1|INPP4A|INPP4B|INPP5A|INPP5B|INPP5D|INPP5F|ITPKB|ITPR1|ITPR2|ITPR3|MTM1|MTMR1|MTMR14|MTMR2|MTMR3|MTMR4|MTMR6|MTMR7|MTMR8|OCRL|PI4K2A|PI4K2B|PI4KA|PI4KB|PIK3C2A|PIK3C2G|PIK3C3|PIK3CA|PIK3CB|PIK3R3|PIKFYVE|PIP4K2A|PIP4K2B|PIP4K2C|PIP4P2|PIP5K1A|PLCB1|PLCB2|PLCB3|PLCB4|PLCD1|PLCD3|PLCD4|PLCE1|PLCG2|PLCZ1|PPIP5K1|PRKCA|PRKCB|PRKCG|PTEN|SACM1L|SYNJ2,CDS2|DGKA|DGKB|DGKD|DGKE|DGKG|DGKH|DGKK|DGKZ|IMPA1|INPP4A|INPP4B|INPP5A|INPP5B|INPP5D|ITPKB|ITPR1|ITPR2|ITPR3|MTM1|MTMR1|MTMR14|MTMR2|MTMR3|MTMR4|MTMR6|MTMR7|MTMR8|OCRL|PI4K2B|PI4KB|PIK3C2A|PIK3C2G|PIK3C3|PIK3CA|PIK3CB|PIK3R3|PIKFYVE|PIP4K2B|PIP4K2C|PIP5K1A|PLCB2|PLCB3|PLCB4|PLCD1|PLCD3|PLCD4|PLCE1|PLCZ1|PRKCA|PRKCB|PRKCG|SACM1L,53,bonobo:CDS1|DGKI|PIK3C2B|PIK3R1|PIP4P1|PIP5K1B|PLCB1|PLCG2|PPIP5K2|SYNJ1; borangutan:CALM2|DGKI|INPP5F|PI4K2A|PI4KA|PIP4K2A|PLCB1|PLCG2|PPIP5K1|PTEN|SYNJ2; chimpanzee:CALM1|CALM2|CALM3|CDS1|DGKI|INPP5F|INPPL1|PI4K2A|PI4KA|PIK3C2B|PIK3R1|PIP4K2A|PIP4P1|PIP5K1B|PLCB1|PLCG2|PPIP5K2|PTEN|SYNJ2; human:CALM1|CALM2|CALM3|DGKI|INPP5F|P3R3URF-PIK3R3|PI4K2A|PI4KA|PIK3C2B|PIK3R1|PIP4K2A|PIP4P1|PIP5K1B|PPIP5K1|PPIP5K2|PTEN|SYNJ1|SYNJ2; sorangutan:CALM2|INPP5F|PI4K2A|PI4KA|PIP4K2A|PIP4P2|PLCB1|PLCG2|PPIP5K1|PTEN|SYNJ2
Glucagon signaling pathway,3,bonobo; borangutan; sorangutan,bonobo:68; borangutan:68; sorangutan:69,bonobo:ACACA|ACACB|ADCY2|AKT1|AKT2|AKT3|ATF2|CAMK2B|CAMK2D|CAMK2G|CPT1A|CPT1B|CPT1C|CREB1|CREB3|CREB3L1|CREB3L2|CREB3L3|CREB3L4|CREB5|CREBBP|EP300|FBP1|GYS1|GYS2|ITPR1|ITPR2|ITPR3|LDHA|LDHAL6A|LDHC|PDE3B|PDHA1|PDHB|PFKFB1|PFKM|PFKP|PGAM1|PHKA1|PHKA2|PHKB|PHKG2|PKM|PLCB1|PLCB2|PLCB3|PLCB4|PPARA|PPARGC1A|PPP3CA|PPP3CC|PPP4C|PPP4R3B|PRKAA1|PRKAA2|PRKAB1|PRKAB2|PRKACB|PRKAG2|PRKAG3|PRMT1|PYGB|PYGL|PYGM|SIK1|SIK2|SIRT1|SLC2A2; borangutan:ACACA|ACACB|ADCY2|AKT1|AKT2|AKT3|ATF2|CALM2|CAMK2B|CAMK2D|CAMK2G|CPT1A|CPT1B|CPT1C|CREB1|CREB3|CREB3L1|CREB3L3|CREB3L4|CREB5|CREBBP|CRTC2|EP300|FBP1|FBP2|GYS1|GYS2|ITPR1|ITPR2|ITPR3|LDHAL6A|LDHC|PDE3B|PDHA1|PDHB|PFKFB1|PFKM|PFKP|PGAM1|PHKA1|PHKA2|PHKB|PHKG2|PKM|PLCB1|PLCB2|PLCB3|PLCB4|PPARA|PPARGC1A|PPP3CA|PPP3CC|PPP4C|PPP4R3A|PPP4R3B|PRKAA1|PRKAA2|PRKAB2|PRKACB|PRKAG2|PRKAG3|PRMT1|PYGB|PYGL|SIK1|SIK2|SIRT1|SLC2A2; sorangutan:ACACA|ACACB|ADCY2|AKT1|AKT2|AKT3|ATF2|CALM2|CAMK2B|CAMK2D|CAMK2G|CPT1A|CPT1B|CPT1C|CREB1|CREB3|CREB3L1|CREB3L3|CREB3L4|CREB5|CREBBP|CRTC2|EP300|FBP1|FBP2|GYS1|GYS2|ITPR1|ITPR2|ITPR3|LDHA|LDHAL6A|LDHC|PDE3B|PDHA1|PDHB|PFKFB1|PFKM|PFKP|PGAM1|PHKA1|PHKA2|PHKB|PHKG2|PKM|PLCB1|PLCB2|PLCB3|PLCB4|PPARA|PPARGC1A|PPP3CA|PPP3CC|PPP4C|PPP4R3A|PPP4R3B|PRKAA1|PRKAA2|PRKAB2|PRKACB|PRKAG2|PRKAG3|PRMT1|PYGB|PYGL|SIK1|SIK2|SIRT1|SLC2A2,ACACA|ACACB|ADCY2|AKT1|AKT2|AKT3|ATF2|CAMK2B|CAMK2D|CAMK2G|CPT1A|CPT1B|CPT1C|CREB1|CREB3|CREB3L1|CREB3L3|CREB3L4|CREB5|CREBBP|EP300|FBP1|GYS1|GYS2|ITPR1|ITPR2|ITPR3|LDHAL6A|LDHC|PDE3B|PDHA1|PDHB|PFKFB1|PFKM|PFKP|PGAM1|PHKA1|PHKA2|PHKB|PHKG2|PKM|PLCB1|PLCB2|PLCB3|PLCB4|PPARA|PPARGC1A|PPP3CA|PPP3CC|PPP4C|PPP4R3B|PRKAA1|PRKAA2|PRKAB2|PRKACB|PRKAG2|PRKAG3|PRMT1|PYGB|PYGL|SIK1|SIK2|SIRT1|SLC2A2,64,bonobo:CREB3L2|LDHA|PRKAB1|PYGM; borangutan:CALM2|CRTC2|FBP2|PPP4R3A; sorangutan:CALM2|CRTC2|FBP2|LDHA|PPP4R3A
Cell cycle,5,bonobo; borangutan; chimpanzee; human; sorangutan,bonobo:101; borangutan:105; chimpanzee:106; human:112; sorangutan:105,bonobo:ANAPC10|ANAPC2|ANAPC4|ANAPC5|ANAPC7|ATM|ATR|ATRX|AURKB|BUB1|BUB3|CCNA1|CCNA2|CCNB1|CCNB2|CCNB3|CCND2|CCNE1|CCNE2|CCNH|CDC14A|CDC16|CDC20|CDC23|CDC25A|CDC25B|CDC25C|CDC27|CDC45|CDC7|CDK1|CDK4|CDK7|CHEK1|CREBBP|CUL1|DBF4|DBF4B|E2F3|EP300|ESCO2|ESPL1|FBXO5|FZR1|GSK3B|HDAC1|HDAC2|HDAC8|KNL1|MAD1L1|MAD2L2|MAU2|MCM2|MCM3|MCM4|MCM5|MCM6|MCM7|MDM2|MTBP|NDC80|NIPBL|ORC1|ORC2|ORC3|ORC4|ORC5|PCNA|PDS5A|PDS5B|PPP2CB|PPP2R1A|PPP2R1B|PPP2R5A|PPP2R5C|PPP2R5D|PPP2R5E|PRKDC|PTTG1|RAD21|RB1|RBL1|RBL2|SMAD2|SMAD4|SMC1A|SMC1B|SMC3|STAG1|STAG2|TFDP1|TFDP2|TGFB1|TGFB3|TICRR|TP53|TTK|WAPL|WEE2|YWHAB|YWHAE; borangutan:ANAPC1|ANAPC10|ANAPC2|ANAPC4|ANAPC5|ANAPC7|ATM|ATR|ATRX|BUB1|BUB3|CCNA1|CCNA2|CCNB1|CCNB2|CCNB3|CCND1|CCND2|CCNE1|CCNE2|CCNH|CDC14A|CDC14B|CDC16|CDC20|CDC23|CDC25A|CDC25B|CDC27|CDC45|CDC7|CDK1|CDK4|CDK6|CDK7|CHEK2|CREBBP|CUL1|DBF4|DDX11|E2F3|E2F4|EP300|ESCO1|ESCO2|ESPL1|FBXO5|FZR1|GSK3B|HDAC1|HDAC8|KNL1|MAD1L1|MAD2L2|MAU2|MCM2|MCM3|MCM4|MCM5|MCM6|MCM7|MDM2|MTBP|NDC80|NIPBL|ORC1|ORC2|ORC3|ORC4|ORC5|PCNA|PDS5A|PDS5B|PPP2CA|PPP2R1A|PPP2R1B|PPP2R5A|PPP2R5C|PPP2R5D|PRKDC|PTTG1|RAD21|RB1|RBL1|RBL2|SMAD4|SMC1A|SMC1B|SMC3|STAG1|STAG2|TFDP1|TFDP2|TGFB1|TGFB2|TGFB3|TICRR|TP53|TRIP13|TTK|WAPL|WEE1|WEE2|YWHAE|YWHAZ; chimpanzee:ANAPC1|ANAPC10|ANAPC2|ANAPC4|ANAPC5|ANAPC7|ATM|ATR|BUB1|BUB3|CCNA1|CCNA2|CCNB1|CCNB2|CCNB3|CCND1|CCND2|CCNE1|CCNE2|CCNH|CDC14A|CDC14B|CDC16|CDC20|CDC23|CDC25A|CDC25B|CDC25C|CDC27|CDC45|CDC7|CDK1|CDK4|CDK6|CDK7|CHEK1|CHEK2|CREBBP|DBF4B|DDX11|E2F3|E2F4|EP300|ESCO1|ESCO2|ESPL1|FBXO5|FZR1|GSK3B|HDAC2|HDAC8|KNL1|MAD2L2|MAU2|MCM2|MCM3|MCM4|MCM5|MCM6|MCM7|MDM2|MTBP|NDC80|NIPBL|ORC1|ORC2|ORC3|ORC4|ORC5|PCNA|PDS5A|PDS5B|PPP2CA|PPP2CB|PPP2R1A|PPP2R1B|PPP2R5A|PPP2R5C|PPP2R5D|PPP2R5E|PRKDC|PTTG1|RAD21|RB1|RBL1|RBL2|SKP1|SMAD2|SMAD4|SMC1A|SMC1B|SMC3|STAG1|STAG2|TFDP2|TGFB1|TGFB3|TICRR|TP53|TRIP13|TTK|WAPL|WEE1|WEE2|YWHAB|YWHAE; human:ANAPC1|ANAPC10|ANAPC2|ANAPC4|ANAPC5|ANAPC7|ATM|ATR|ATRX|BUB1|BUB3|CCNA2|CCNB1|CCNB2|CCNB3|CCND1|CCND2|CCNE1|CCNE2|CCNH|CDC14A|CDC14B|CDC16|CDC20|CDC23|CDC25A|CDC25B|CDC25C|CDC27|CDC45|CDC7|CDCA5|CDK1|CDK4|CDK6|CDK7|CHEK1|CHEK2|CREBBP|CUL1|DBF4|DBF4B|DDX11|E2F3|E2F4|EP300|ESCO1|ESCO2|ESPL1|FBXO5|FZR1|GSK3B|HDAC1|HDAC2|HDAC8|KNL1|MAD1L1|MAD2L2|MAU2|MCM2|MCM3|MCM4|MCM5|MCM6|MCM7|MDM2|MTBP|NDC80|NIPBL|ORC1|ORC2|ORC3|ORC4|ORC5|PCNA|PDS5A|PDS5B|PPP2CA|PPP2CB|PPP2R1A|PPP2R1B|PPP2R5A|PPP2R5C|PPP2R5D|PPP2R5E|PRKDC|PTTG1|RAD21|RB1|RBL1|RBL2|SKP1|SMAD4|SMC1A|SMC1B|SMC3|STAG1|STAG2|TFDP1|TFDP2|TGFB1|TGFB3|TICRR|TP53|TRIP13|TTK|WAPL|WEE1|WEE2|YWHAB|YWHAE|YWHAZ; sorangutan:ANAPC1|ANAPC10|ANAPC2|ANAPC4|ANAPC5|ANAPC7|ATM|ATR|ATRX|BUB1|BUB3|CCNA1|CCNA2|CCNB1|CCNB2|CCNB3|CCND1|CCND2|CCNE1|CCNE2|CCNH|CDC14A|CDC14B|CDC16|CDC20|CDC23|CDC25A|CDC25B|CDC27|CDC45|CDC7|CDK1|CDK4|CDK6|CDK7|CHEK2|CREBBP|CUL1|DBF4|DDX11|E2F3|E2F4|EP300|ESCO1|ESCO2|ESPL1|FBXO5|FZR1|GSK3B|HDAC1|HDAC8|KNL1|MAD1L1|MAD2L2|MAU2|MCM2|MCM3|MCM4|MCM5|MCM6|MCM7|MDM2|MTBP|NDC80|NIPBL|ORC1|ORC2|ORC3|ORC4|ORC5|PCNA|PDS5A|PDS5B|PPP2R1A|PPP2R1B|PPP2R5A|PPP2R5C|PPP2R5D|PRKDC|PTTG1|RAD21|RB1|RBL1|RBL2|SMAD2|SMAD4|SMC1A|SMC1B|SMC3|STAG1|STAG2|TFDP1|TFDP2|TGFB1|TGFB2|TGFB3|TICRR|TP53|TRIP13|TTK|WAPL|WEE1|WEE2|YWHAE|YWHAZ,ANAPC10|ANAPC2|ANAPC4|ANAPC5|ANAPC7|ATM|ATR|BUB1|BUB3|CCNA2|CCNB1|CCNB2|CCNB3|CCND2|CCNE1|CCNE2|CCNH|CDC14A|CDC16|CDC20|CDC23|CDC25A|CDC25B|CDC27|CDC45|CDC7|CDK1|CDK4|CDK7|CREBBP|E2F3|EP300|ESCO2|ESPL1|FBXO5|FZR1|GSK3B|HDAC8|KNL1|MAD2L2|MAU2|MCM2|MCM3|MCM4|MCM5|MCM6|MCM7|MDM2|MTBP|NDC80|NIPBL|ORC1|ORC2|ORC3|ORC4|ORC5|PCNA|PDS5A|PDS5B|PPP2R1A|PPP2R1B|PPP2R5A|PPP2R5C|PPP2R5D|PRKDC|PTTG1|RAD21|RB1|RBL1|RBL2|SMAD4|SMC1A|SMC1B|SMC3|STAG1|STAG2|TFDP2|TGFB1|TGFB3|TICRR|TP53|TTK|WAPL|WEE2|YWHAE,85,bonobo:ATRX|AURKB|CCNA1|CDC25C|CHEK1|CUL1|DBF4|DBF4B|HDAC1|HDAC2|MAD1L1|PPP2CB|PPP2R5E|SMAD2|TFDP1|YWHAB; borangutan:ANAPC1|ATRX|CCNA1|CCND1|CDC14B|CDK6|CHEK2|CUL1|DBF4|DDX11|E2F4|ESCO1|HDAC1|MAD1L1|PPP2CA|TFDP1|TGFB2|TRIP13|WEE1|YWHAZ; chimpanzee:ANAPC1|CCNA1|CCND1|CDC14B|CDC25C|CDK6|CHEK1|CHEK2|DBF4B|DDX11|E2F4|ESCO1|HDAC2|PPP2CA|PPP2CB|PPP2R5E|SKP1|SMAD2|TRIP13|WEE1|YWHAB; human:ANAPC1|ATRX|CCND1|CDC14B|CDC25C|CDCA5|CDK6|CHEK1|CHEK2|CUL1|DBF4|DBF4B|DDX11|E2F4|ESCO1|HDAC1|HDAC2|MAD1L1|PPP2CA|PPP2CB|PPP2R5E|SKP1|TFDP1|TRIP13|WEE1|YWHAB|YWHAZ; sorangutan:ANAPC1|ATRX|CCNA1|CCND1|CDC14B|CDK6|CHEK2|CUL1|DBF4|DDX11|E2F4|ESCO1|HDAC1|MAD1L1|SMAD2|TFDP1|TGFB2|TRIP13|WEE1|YWHAZ
Nucleocytoplasmic transport,6,bonobo; borangutan; chimpanzee; gorillla; human; sorangutan,bonobo:70; borangutan:73; chimpanzee:74; gorillla:27; human:80; sorangutan:74,bonobo:AAAS|ACIN1|AHCTF1|CASC3|CSE1L|GLE1|IPO11|IPO13|IPO4|IPO5|IPO7|IPO8|IPO9|KPNA1|KPNA2|KPNA3|KPNA4|KPNA5|KPNA6|KPNA7|KPNB1|MAGOH|NCBP1|NCBP2|NDC1|NMD3|NUP107|NUP133|NUP153|NUP155|NUP160|NUP188|NUP205|NUP210|NUP210L|NUP214|NUP35|NUP37|NUP43|NUP54|NUP58|NUP85|NUP93|NUP98|NXF1|NXF3|PHAX|PNN|RAE1|RANBP17|SEC13|SEH1L|SRRM1|THOC1|THOC2|THOC5|TMEM33|TNPO1|TNPO2|TNPO3|TPR|UPF2|UPF3A|UPF3B|XPO1|XPO4|XPO5|XPO6|XPO7|XPOT; borangutan:AAAS|ACIN1|AHCTF1|CASC3|CSE1L|EIF4A3|GLE1|IPO11|IPO13|IPO5|IPO7|IPO8|IPO9|KPNA1|KPNA2|KPNA3|KPNA4|KPNA5|KPNA6|KPNA7|KPNB1|MAGOH|NCBP1|NCBP2|NDC1|NMD3|NUP107|NUP133|NUP153|NUP155|NUP160|NUP188|NUP205|NUP210|NUP210L|NUP214|NUP35|NUP37|NUP43|NUP54|NUP58|NUP85|NUP93|NXF1|NXF3|PHAX|PNN|RAE1|RANBP17|RNPS1|SEC13|SEH1L|SENP2|SRRM1|SUMO1|THOC1|THOC2|THOC5|THOC7|TMEM33|TNPO1|TNPO2|TNPO3|TPR|UPF1|UPF2|UPF3A|UPF3B|XPO1|XPO4|XPO5|XPO6|XPOT; chimpanzee:AAAS|AHCTF1|CASC3|CSE1L|DDX19B|EIF4A3|GLE1|IPO11|IPO13|IPO4|IPO5|IPO7|IPO8|IPO9|KPNA1|KPNA2|KPNA3|KPNA4|KPNA5|KPNA6|KPNA7|KPNB1|MAGOH|NCBP1|NCBP2|NDC1|NMD3|NUP107|NUP133|NUP153|NUP155|NUP160|NUP205|NUP210|NUP210L|NUP214|NUP35|NUP37|NUP43|NUP54|NUP58|NUP85|NUP93|NUP98|NXF1|NXF3|NXT2|PHAX|PNN|RAE1|RANBP17|SEC13|SEH1L|SENP2|SRRM1|THOC1|THOC2|THOC5|THOC7|TMEM33|TNPO1|TNPO2|TNPO3|TPR|UPF1|UPF2|UPF3A|UPF3B|XPO1|XPO4|XPO5|XPO6|XPO7|XPOT; gorillla:ACIN1|AHCTF1|DDX19B|IPO11|IPO4|IPO8|IPO9|MAGOHB|NCBP1|NUP107|NUP133|NUP155|NUP188|NUP214|NUP35|NUP37|NUP58|NUP93|PNN|RNPS1|THOC6|TNPO1|TPR|XPO1|XPO4|XPO6|XPOT; human:AAAS|ACIN1|AHCTF1|CASC3|CSE1L|DDX19B|EIF4A3|GLE1|IPO13|IPO4|IPO5|IPO7|IPO8|IPO9|KPNA1|KPNA2|KPNA3|KPNA4|KPNA5|KPNA6|KPNA7|KPNB1|MAGOH|MAGOHB|NCBP1|NCBP2|NDC1|NMD3|NUP107|NUP133|NUP153|NUP155|NUP160|NUP188|NUP205|NUP210|NUP210L|NUP214|NUP35|NUP37|NUP43|NUP54|NUP58|NUP85|NUP93|NUP98|NXF1|NXF2|NXF2B|NXF3|NXT2|PHAX|PNN|POM121|RAE1|RANBP17|RANBP2|RNPS1|SEC13|SEH1L|SENP2|SRRM1|SUMO1|THOC2|THOC5|TMEM33|TNPO1|TNPO2|TNPO3|TPR|UPF1|UPF2|UPF3A|UPF3B|XPO1|XPO4|XPO5|XPO6|XPO7|XPOT; sorangutan:AAAS|ACIN1|AHCTF1|CASC3|CSE1L|DDX19A|EIF4A3|GLE1|IPO11|IPO13|IPO5|IPO7|IPO8|IPO9|KPNA1|KPNA2|KPNA3|KPNA4|KPNA5|KPNA6|KPNA7|KPNB1|MAGOH|NCBP1|NCBP2|NDC1|NMD3|NUP107|NUP133|NUP153|NUP155|NUP160|NUP188|NUP205|NUP210|NUP210L|NUP214|NUP35|NUP37|NUP43|NUP54|NUP58|NUP85|NUP93|NXF1|NXF3|PHAX|PNN|RAE1|RANBP17|RNPS1|SEC13|SEH1L|SENP2|SRRM1|SUMO1|THOC1|THOC2|THOC5|THOC7|TMEM33|TNPO1|TNPO2|TNPO3|TPR|UPF1|UPF2|UPF3A|UPF3B|XPO1|XPO4|XPO5|XPO6|XPOT,AHCTF1|IPO8|IPO9|NCBP1|NUP107|NUP133|NUP155|NUP214|NUP35|NUP37|NUP58|NUP93|PNN|TNPO1|TPR|XPO1|XPO4|XPO6|XPOT,19,bonobo:AAAS|ACIN1|CASC3|CSE1L|GLE1|IPO11|IPO13|IPO4|IPO5|IPO7|KPNA1|KPNA2|KPNA3|KPNA4|KPNA5|KPNA6|KPNA7|KPNB1|MAGOH|NCBP2|NDC1|NMD3|NUP153|NUP160|NUP188|NUP205|NUP210|NUP210L|NUP43|NUP54|NUP85|NUP98|NXF1|NXF3|PHAX|RAE1|RANBP17|SEC13|SEH1L|SRRM1|THOC1|THOC2|THOC5|TMEM33|TNPO2|TNPO3|UPF2|UPF3A|UPF3B|XPO5|XPO7; borangutan:AAAS|ACIN1|CASC3|CSE1L|EIF4A3|GLE1|IPO11|IPO13|IPO5|IPO7|KPNA1|KPNA2|KPNA3|KPNA4|KPNA5|KPNA6|KPNA7|KPNB1|MAGOH|NCBP2|NDC1|NMD3|NUP153|NUP160|NUP188|NUP205|NUP210|NUP210L|NUP43|NUP54|NUP85|NXF1|NXF3|PHAX|RAE1|RANBP17|RNPS1|SEC13|SEH1L|SENP2|SRRM1|SUMO1|THOC1|THOC2|THOC5|THOC7|TMEM33|TNPO2|TNPO3|UPF1|UPF2|UPF3A|UPF3B|XPO5; chimpanzee:AAAS|CASC3|CSE1L|DDX19B|EIF4A3|GLE1|IPO11|IPO13|IPO4|IPO5|IPO7|KPNA1|KPNA2|KPNA3|KPNA4|KPNA5|KPNA6|KPNA7|KPNB1|MAGOH|NCBP2|NDC1|NMD3|NUP153|NUP160|NUP205|NUP210|NUP210L|NUP43|NUP54|NUP85|NUP98|NXF1|NXF3|NXT2|PHAX|RAE1|RANBP17|SEC13|SEH1L|SENP2|SRRM1|THOC1|THOC2|THOC5|THOC7|TMEM33|TNPO2|TNPO3|UPF1|UPF2|UPF3A|UPF3B|XPO5|XPO7; gorillla:ACIN1|DDX19B|IPO11|IPO4|MAGOHB|NUP188|RNPS1|THOC6; human:AAAS|ACIN1|CASC3|CSE1L|DDX19B|EIF4A3|GLE1|IPO13|IPO4|IPO5|IPO7|KPNA1|KPNA2|KPNA3|KPNA4|KPNA5|KPNA6|KPNA7|KPNB1|MAGOH|MAGOHB|NCBP2|NDC1|NMD3|NUP153|NUP160|NUP188|NUP205|NUP210|NUP210L|NUP43|NUP54|NUP85|NUP98|NXF1|NXF2|NXF2B|NXF3|NXT2|PHAX|POM121|RAE1|RANBP17|RANBP2|RNPS1|SEC13|SEH1L|SENP2|SRRM1|SUMO1|THOC2|THOC5|TMEM33|TNPO2|TNPO3|UPF1|UPF2|UPF3A|UPF3B|XPO5|XPO7; sorangutan:AAAS|ACIN1|CASC3|CSE1L|DDX19A|EIF4A3|GLE1|IPO11|IPO13|IPO5|IPO7|KPNA1|KPNA2|KPNA3|KPNA4|KPNA5|KPNA6|KPNA7|KPNB1|MAGOH|NCBP2|NDC1|NMD3|NUP153|NUP160|NUP188|NUP205|NUP210|NUP210L|NUP43|NUP54|NUP85|NXF1|NXF3|PHAX|RAE1|RANBP17|RNPS1|SEC13|SEH1L|SENP2|SRRM1|SUMO1|THOC1|THOC2|THOC5|THOC7|TMEM33|TNPO2|TNPO3|UPF1|UPF2|UPF3A|UPF3B|XPO5
Spinocerebellar ataxia,5,bonobo; borangutan; chimpanzee; human; sorangutan,bonobo:91; borangutan:97; chimpanzee:93; human:96; sorangutan:95,bonobo:AFG3L2|AKT1|AKT2|AKT3|AMBRA1|ATG13|ATG14|ATG2B|ATP2A2|ATXN10|ATXN2|ATXN2L|CACNA1A|DAB1|GRIA1|GRIA2|GRIA3|GRIN1|GRIN2B|GRIN3A|GRM1|GTF2B|ITPR1|ITPR2|ITPR3|KCND3|MAP3K5|MAPK10|MAPK8|MAPK9|MCU|MTOR|NFYA|OMA1|OPA1|PIK3C3|PIK3CA|PIK3CB|PIK3R1|PIK3R3|PIK3R4|PLCB1|PLCB2|PLCB3|PLCB4|PRKCA|PRKCB|PRKCG|PSMA1|PSMA2|PSMA3|PSMA4|PSMA6|PSMA7|PSMA8|PSMB3|PSMB4|PSMC2|PSMC3|PSMC4|PSMC5|PSMC6|PSMD1|PSMD11|PSMD12|PSMD13|PSMD14|PSMD2|PSMD3|PSMD6|PSMD9|PUM1|PUM2|RB1CC1|RBPJ|RBPJL|RELN|RORA|RYR1|SLC25A31|SLC25A5|SPTBN2|TBP|TBPL2|TRAF2|TRPC3|ULK2|VDAC1|VDAC3|VLDLR|WIPI2; borangutan:AFG3L2|AKT1|AKT2|AKT3|AMBRA1|ATG13|ATG14|ATG2B|ATP2A1|ATP2A2|ATXN10|ATXN2|ATXN2L|CACNA1A|DAB1|GRIA1|GRIA2|GRIA3|GRIN1|GRIN2B|GRIN2D|GRIN3A|GRIN3B|GRM1|GTF2B|ITPR1|ITPR2|ITPR3|KAT5|KCND3|MAP3K5|MAPK10|MAPK8|MAPK9|MCU|MTOR|NFYA|NRBF2|OMA1|OPA1|PIK3C3|PIK3CA|PIK3CB|PIK3R3|PIK3R4|PLCB1|PLCB2|PLCB3|PLCB4|PRKCA|PRKCB|PRKCG|PSMA1|PSMA2|PSMA3|PSMA4|PSMA5|PSMA6|PSMA7|PSMA8|PSMB3|PSMB4|PSMC2|PSMC3|PSMC4|PSMC5|PSMC6|PSMD1|PSMD11|PSMD12|PSMD13|PSMD14|PSMD2|PSMD3|PSMD6|PUM1|PUM2|RB1CC1|RBPJ|RELN|RORA|RYR1|SLC25A31|SLC25A5|SPTBN2|TBP|TBPL1|TBPL2|TRAF2|TRPC3|ULK1|ULK2|VDAC1|VDAC2|VDAC3|VLDLR|WIPI2; chimpanzee:AFG3L2|AKT1|AKT2|AKT3|AMBRA1|ATG13|ATG14|ATG2B|ATP2A1|ATP2A2|ATXN10|ATXN2|ATXN2L|ATXN3|CACNA1A|DAB1|GRIA1|GRIA2|GRIA3|GRIN1|GRIN2B|GRIN3A|GRIN3B|GRM1|GTF2B|ITPR1|ITPR2|ITPR3|KCND3|MAP3K5|MAPK10|MAPK8|MAPK9|MCU|MTOR|NRBF2|OPA1|PIK3C3|PIK3CA|PIK3CB|PIK3R1|PIK3R3|PIK3R4|PLCB1|PLCB2|PLCB3|PLCB4|PRKCA|PRKCB|PRKCG|PSMA1|PSMA2|PSMA3|PSMA4|PSMA5|PSMA6|PSMA7|PSMA8|PSMB3|PSMB4|PSMC1|PSMC2|PSMC3|PSMC4|PSMC5|PSMC6|PSMD1|PSMD11|PSMD12|PSMD13|PSMD14|PSMD2|PSMD3|PSMD6|PSMD9|PUM1|PUM2|RB1CC1|RBPJ|RBPJL|RELN|RORA|SLC25A31|SLC25A5|SPTBN2|TBP|TBPL2|TRAF2|TRPC3|ULK2|VDAC1|VDAC3|VLDLR; human:AFG3L2|AKT1|AKT2|AMBRA1|ATG13|ATG14|ATG2B|ATP2A1|ATP2A2|ATXN10|ATXN2|ATXN2L|ATXN3|CACNA1A|DAB1|GRIA1|GRIA2|GRIA3|GRIN1|GRIN2B|GRIN3A|GRIN3B|GRM1|GTF2B|ITPR1|ITPR2|ITPR3|KCND3|MAP3K5|MAPK10|MAPK8|MAPK9|MCU|MTOR|NFYA|NRBF2|OMA1|OPA1|P3R3URF-PIK3R3|PIK3C3|PIK3CA|PIK3CB|PIK3R1|PIK3R3|PIK3R4|PLCB2|PLCB3|PLCB4|PRKCA|PRKCB|PRKCG|PSMA1|PSMA2|PSMA3|PSMA4|PSMA5|PSMA6|PSMA7|PSMA8|PSMB3|PSMB4|PSMC1|PSMC2|PSMC3|PSMC4|PSMC5|PSMC6|PSMD1|PSMD11|PSMD12|PSMD13|PSMD14|PSMD2|PSMD3|PUM1|PUM2|RB1CC1|RBPJ|RBPJL|RELN|RORA|RYR1|SLC25A31|SLC25A5|SPTBN2|TBP|TBPL2|TRAF2|TRPC3|ULK1|ULK2|VDAC1|VDAC2|VDAC3|VLDLR|WIPI2; sorangutan:AFG3L2|AKT1|AKT2|AKT3|AMBRA1|ATG13|ATG14|ATG2B|ATP2A1|ATP2A2|ATXN10|ATXN2|ATXN2L|CACNA1A|DAB1|GRIA1|GRIA2|GRIA3|GRIN1|GRIN2B|GRIN3A|GRIN3B|GRM1|GTF2B|ITPR1|ITPR2|ITPR3|KCND3|MAP3K5|MAPK10|MAPK8|MAPK9|MCU|MTOR|NFYA|NRBF2|OMA1|OPA1|PIK3C3|PIK3CA|PIK3CB|PIK3R3|PIK3R4|PLCB1|PLCB2|PLCB3|PLCB4|PRKCA|PRKCB|PRKCG|PSMA1|PSMA2|PSMA3|PSMA4|PSMA5|PSMA6|PSMA7|PSMA8|PSMB3|PSMB4|PSMC2|PSMC3|PSMC4|PSMC5|PSMC6|PSMD1|PSMD11|PSMD12|PSMD13|PSMD14|PSMD2|PSMD3|PSMD6|PUM1|PUM2|RB1CC1|RBPJ|RELN|RORA|RYR1|SLC25A31|SLC25A5|SPTBN2|TBP|TBPL1|TBPL2|TRAF2|TRPC3|ULK1|ULK2|VDAC1|VDAC2|VDAC3|VLDLR|WIPI2,AFG3L2|AKT1|AKT2|AMBRA1|ATG13|ATG14|ATG2B|ATP2A2|ATXN10|ATXN2|ATXN2L|CACNA1A|DAB1|GRIA1|GRIA2|GRIA3|GRIN1|GRIN2B|GRIN3A|GRM1|GTF2B|ITPR1|ITPR2|ITPR3|KCND3|MAP3K5|MAPK10|MAPK8|MAPK9|MCU|MTOR|OPA1|PIK3C3|PIK3CA|PIK3CB|PIK3R3|PIK3R4|PLCB2|PLCB3|PLCB4|PRKCA|PRKCB|PRKCG|PSMA1|PSMA2|PSMA3|PSMA4|PSMA6|PSMA7|PSMA8|PSMB3|PSMB4|PSMC2|PSMC3|PSMC4|PSMC5|PSMC6|PSMD1|PSMD11|PSMD12|PSMD13|PSMD14|PSMD2|PSMD3|PUM1|PUM2|RB1CC1|RBPJ|RELN|RORA|SLC25A31|SLC25A5|SPTBN2|TBP|TBPL2|TRAF2|TRPC3|ULK2|VDAC1|VDAC3|VLDLR,81,bonobo:AKT3|NFYA|OMA1|PIK3R1|PLCB1|PSMD6|PSMD9|RBPJL|RYR1|WIPI2; borangutan:AKT3|ATP2A1|GRIN2D|GRIN3B|KAT5|NFYA|NRBF2|OMA1|PLCB1|PSMA5|PSMD6|RYR1|TBPL1|ULK1|VDAC2|WIPI2; chimpanzee:AKT3|ATP2A1|ATXN3|GRIN3B|NRBF2|PIK3R1|PLCB1|PSMA5|PSMC1|PSMD6|PSMD9|RBPJL; human:ATP2A1|ATXN3|GRIN3B|NFYA|NRBF2|OMA1|P3R3URF-PIK3R3|PIK3R1|PSMA5|PSMC1|RBPJL|RYR1|ULK1|VDAC2|WIPI2; sorangutan:AKT3|ATP2A1|GRIN3B|NFYA|NRBF2|OMA1|PLCB1|PSMA5|PSMD6|RYR1|TBPL1|ULK1|VDAC2|WIPI2
Purine metabolism,5,bonobo; borangutan; chimpanzee; human; sorangutan,bonobo:77; borangutan:83; chimpanzee:86; human:89; sorangutan:82,bonobo:ADCY1|ADCY10|ADCY2|ADCY3|ADCY5|ADCY6|ADCY7|ADCY8|ADCY9|ADK|ADSL|ADSS2|AK2|AK3|AK4|AK7|AK8|AK9|ALLC|AMPD3|ATIC|DGUOK|ENPP1|ENPP3|ENTPD1|ENTPD2|ENTPD4|ENTPD5|ENTPD6|GART|GDA|GMPR|GMPS|GUCY1A1|GUCY1B1|GUCY2C|GUCY2D|GUCY2F|HPRT1|IMPDH2|LACC1|NME7|NPR1|NPR2|NT5C2|NT5E|NUDT5|NUDT9|PAPSS1|PAPSS2|PDE1A|PDE2A|PDE3A|PDE3B|PDE4A|PDE4B|PDE4C|PDE4D|PDE5A|PDE6A|PDE6C|PDE7A|PDE7B|PDE8A|PDE8B|PDE9A|PFAS|PGM1|PGM2|PPAT|PRPS1|PRPS2|PRUNE1|RRM1|RRM2|RRM2B|XDH; borangutan:ADCY1|ADCY10|ADCY2|ADCY3|ADCY5|ADCY6|ADCY8|ADCY9|ADK|ADSS1|ADSS2|AK2|AK3|AK4|AK7|AK8|AK9|ALLC|AMPD2|AMPD3|ATIC|DGUOK|ENPP1|ENPP3|ENTPD1|ENTPD5|ENTPD6|GART|GDA|GUCY1A1|GUCY1A2|GUCY1B1|GUCY2C|GUCY2D|GUCY2F|HDDC2|HPRT1|IMPDH2|LACC1|LOXL2|NME7|NPR1|NPR2|NT5C1A|NT5C2|NT5E|NUDT5|NUDT9|PAICS|PAPSS1|PAPSS2|PDE10A|PDE11A|PDE1A|PDE1B|PDE2A|PDE3A|PDE3B|PDE4A|PDE4B|PDE4C|PDE4D|PDE5A|PDE6A|PDE6B|PDE6C|PDE7A|PDE7B|PDE8A|PDE8B|PDE9A|PFAS|PGM1|PGM2|PPAT|PRPS1|PRPS2|PRUNE1|RRM1|RRM2|RRM2B|TNRC6B|XDH; chimpanzee:ADCY10|ADCY2|ADCY3|ADCY5|ADCY6|ADCY7|ADCY8|ADCY9|ADK|ADSL|ADSS1|ADSS2|AK2|AK3|AK4|AK7|AK8|AK9|ALLC|AMPD2|AMPD3|ATIC|DCK|DECR2|DGUOK|ENPP1|ENPP3|ENTPD1|ENTPD4|ENTPD5|ENTPD6|FHIT|GDA|GMPR|GMPR2|GMPS|GUCY1A1|GUCY1A2|GUCY1B1|GUCY2C|GUCY2F|GUK1|HDDC2|HPRT1|IMPDH2|LACC1|NME7|NPR2|NT5C2|NT5E|NT5M|NUDT5|NUDT9|PAICS|PAPSS1|PAPSS2|PDE10A|PDE11A|PDE1A|PDE1B|PDE2A|PDE3A|PDE3B|PDE4A|PDE4B|PDE4C|PDE4D|PDE5A|PDE6A|PDE6C|PDE7A|PDE7B|PDE8A|PDE8B|PDE9A|PFAS|PGM1|PGM2|PPAT|PRPS1|PRPS2|PRUNE1|RRM1|RRM2|RRM2B|XDH; human:ADCY1|ADCY10|ADCY2|ADCY3|ADCY5|ADCY6|ADCY8|ADCY9|ADK|ADSL|ADSS1|ADSS2|AK2|AK3|AK4|AK7|AK8|AK9|ALLC|AMPD2|AMPD3|ATIC|DCK|DGUOK|ENPP1|ENPP3|ENTPD1|ENTPD5|ENTPD6|FHIT|GART|GMPR|GMPS|GUCY1A1|GUCY1A2|GUCY1B1|GUCY2C|GUCY2D|GUCY2F|GUK1|HDDC2|HPRT1|IMPDH2|LACC1|NME1|NME1-NME2|NME7|NPR1|NPR2|NT5C2|NT5E|NT5M|NUDT5|NUDT9|PAICS|PAPSS1|PAPSS2|PDE10A|PDE11A|PDE1A|PDE1B|PDE2A|PDE3A|PDE3B|PDE4A|PDE4B|PDE4C|PDE4D|PDE5A|PDE6A|PDE6B|PDE6C|PDE6D|PDE7A|PDE7B|PDE8A|PDE8B|PDE9A|PFAS|PGM1|PGM2|PPAT|PRPS1|PRPS2|PRUNE1|RRM1|RRM2|RRM2B|XDH; sorangutan:ADCY1|ADCY10|ADCY2|ADCY3|ADCY5|ADCY6|ADCY8|ADCY9|ADK|ADSS1|ADSS2|AK2|AK3|AK4|AK7|AK8|AK9|ALLC|AMPD2|AMPD3|ATIC|DGUOK|ENPP1|ENPP3|ENTPD1|ENTPD5|ENTPD6|GART|GDA|GUCY1A1|GUCY1A2|GUCY1B1|GUCY2C|GUCY2D|GUCY2F|HDDC2|HPRT1|IMPDH2|LACC1|LOXL2|NME7|NPR1|NPR2|NT5C1A|NT5C2|NT5E|NUDT5|NUDT9|PAICS|PAPSS1|PAPSS2|PDE10A|PDE11A|PDE1A|PDE1B|PDE2A|PDE3A|PDE3B|PDE4B|PDE4C|PDE4D|PDE5A|PDE6A|PDE6B|PDE6C|PDE7A|PDE7B|PDE8A|PDE8B|PDE9A|PFAS|PGM1|PGM2|PPAT|PRPS1|PRPS2|PRUNE1|RRM1|RRM2|RRM2B|TNRC6B|XDH,ADCY10|ADCY2|ADCY3|ADCY5|ADCY6|ADCY8|ADCY9|ADK|ADSS2|AK2|AK3|AK4|AK7|AK8|AK9|ALLC|AMPD3|ATIC|DGUOK|ENPP1|ENPP3|ENTPD1|ENTPD5|ENTPD6|GUCY1A1|GUCY1B1|GUCY2C|GUCY2F|HPRT1|IMPDH2|LACC1|NME7|NPR2|NT5C2|NT5E|NUDT5|NUDT9|PAPSS1|PAPSS2|PDE1A|PDE2A|PDE3A|PDE3B|PDE4B|PDE4C|PDE4D|PDE5A|PDE6A|PDE6C|PDE7A|PDE7B|PDE8A|PDE8B|PDE9A|PFAS|PGM1|PGM2|PPAT|PRPS1|PRPS2|PRUNE1|RRM1|RRM2|RRM2B|XDH,65,bonobo:ADCY1|ADCY7|ADSL|ENTPD2|ENTPD4|GART|GDA|GMPR|GMPS|GUCY2D|NPR1|PDE4A; borangutan:ADCY1|ADSS1|AMPD2|GART|GDA|GUCY1A2|GUCY2D|HDDC2|LOXL2|NPR1|NT5C1A|PAICS|PDE10A|PDE11A|PDE1B|PDE4A|PDE6B|TNRC6B; chimpanzee:ADCY7|ADSL|ADSS1|AMPD2|DCK|DECR2|ENTPD4|FHIT|GDA|GMPR|GMPR2|GMPS|GUCY1A2|GUK1|HDDC2|NT5M|PAICS|PDE10A|PDE11A|PDE1B|PDE4A; human:ADCY1|ADSL|ADSS1|AMPD2|DCK|FHIT|GART|GMPR|GMPS|GUCY1A2|GUCY2D|GUK1|HDDC2|NME1|NME1-NME2|NPR1|NT5M|PAICS|PDE10A|PDE11A|PDE1B|PDE4A|PDE6B|PDE6D; sorangutan:ADCY1|ADSS1|AMPD2|GART|GDA|GUCY1A2|GUCY2D|HDDC2|LOXL2|NPR1|NT5C1A|PAICS|PDE10A|PDE11A|PDE1B|PDE6B|TNRC6B
Insulin resistance,3,bonobo; borangutan; sorangutan,bonobo:67; borangutan:69; sorangutan:70,bonobo:ACACB|AKT1|AKT2|AKT3|CD36|CPT1A|CPT1B|CREB1|CREB3|CREB3L1|CREB3L2|CREB3L3|CREB3L4|CREB5|GFPT1|GFPT2|GSK3B|GYS1|GYS2|IKBKB|INSR|MAPK10|MAPK8|MAPK9|MLXIP|MLXIPL|MTOR|NFKB1|NR1H2|NR1H3|OGA|OGT|PIK3CA|PIK3CB|PIK3R1|PIK3R3|PPARA|PPARGC1A|PPARGC1B|PRKAA1|PRKAA2|PRKAB1|PRKAB2|PRKAG2|PRKAG3|PRKCB|PRKCE|PRKCQ|PRKCZ|PTPA|PTPN1|PTPN11|PTPRF|PYGB|PYGL|PYGM|RPS6KA1|RPS6KA2|RPS6KA3|RPS6KB1|SLC27A1|SLC27A2|SLC27A5|SLC2A2|SLC2A4|STAT3|TBC1D4; borangutan:ACACB|AKT1|AKT2|AKT3|CD36|CPT1A|CPT1B|CREB1|CREB3|CREB3L1|CREB3L3|CREB3L4|CREB5|CRTC2|GFPT1|GFPT2|GSK3B|GYS1|GYS2|IKBKB|IL6|INSR|MAPK10|MAPK8|MAPK9|MLXIP|MLXIPL|MTOR|NFKB1|NR1H2|NR1H3|OGA|OGT|PDPK1|PIK3CA|PIK3CB|PIK3R3|PPARA|PPARGC1A|PPARGC1B|PRKAA1|PRKAA2|PRKAB2|PRKAG2|PRKAG3|PRKCB|PRKCE|PRKCQ|PRKCZ|PTEN|PTPA|PTPN1|PTPN11|PTPRF|PYGB|PYGL|RPS6KA1|RPS6KA2|RPS6KA3|RPS6KA6|RPS6KB1|RPS6KB2|SLC27A2|SLC27A4|SLC27A5|SLC2A2|SLC2A4|STAT3|TBC1D4; sorangutan:ACACB|AKT1|AKT2|AKT3|CD36|CPT1A|CPT1B|CREB1|CREB3|CREB3L1|CREB3L3|CREB3L4|CREB5|CRTC2|GFPT1|GFPT2|GSK3B|GYS1|GYS2|IKBKB|IL6|INSR|MAPK10|MAPK8|MAPK9|MLXIP|MLXIPL|MTOR|NFKB1|NR1H2|NR1H3|OGA|OGT|PDPK1|PIK3CA|PIK3CB|PIK3R3|PPARA|PPARGC1A|PPARGC1B|PRKAA1|PRKAA2|PRKAB2|PRKAG2|PRKAG3|PRKCB|PRKCD|PRKCE|PRKCQ|PRKCZ|PTEN|PTPA|PTPN1|PTPN11|PTPRF|PYGB|PYGL|RPS6KA1|RPS6KA2|RPS6KA3|RPS6KA6|RPS6KB1|SLC27A1|SLC27A2|SLC27A4|SLC27A5|SLC2A2|SLC2A4|STAT3|TBC1D4,ACACB|AKT1|AKT2|AKT3|CD36|CPT1A|CPT1B|CREB1|CREB3|CREB3L1|CREB3L3|CREB3L4|CREB5|GFPT1|GFPT2|GSK3B|GYS1|GYS2|IKBKB|INSR|MAPK10|MAPK8|MAPK9|MLXIP|MLXIPL|MTOR|NFKB1|NR1H2|NR1H3|OGA|OGT|PIK3CA|PIK3CB|PIK3R3|PPARA|PPARGC1A|PPARGC1B|PRKAA1|PRKAA2|PRKAB2|PRKAG2|PRKAG3|PRKCB|PRKCE|PRKCQ|PRKCZ|PTPA|PTPN1|PTPN11|PTPRF|PYGB|PYGL|RPS6KA1|RPS6KA2|RPS6KA3|RPS6KB1|SLC27A2|SLC27A5|SLC2A2|SLC2A4|STAT3|TBC1D4,62,bonobo:CREB3L2|PIK3R1|PRKAB1|PYGM|SLC27A1; borangutan:CRTC2|IL6|PDPK1|PTEN|RPS6KA6|RPS6KB2|SLC27A4; sorangutan:CRTC2|IL6|PDPK1|PRKCD|PTEN|RPS6KA6|SLC27A1|SLC27A4
Focal adhesion,6,bonobo; borangutan; chimpanzee; gorillla; human; sorangutan,bonobo:127; borangutan:132; chimpanzee:133; gorillla:42; human:145; sorangutan:129,bonobo:ACTN1|ACTN4|AKT1|AKT2|AKT3|ARHGAP5|BCAR1|BIRC2|BRAF|CCND2|COL1A1|COL1A2|COL4A1|COL4A2|COL4A3|COL4A4|COL4A5|COL4A6|COL6A1|COL6A2|COL6A5|COL9A1|COL9A2|COL9A3|COMP|CTNNB1|DOCK1|EGF|EGFR|ELK1|ERBB2|FLNB|FN1|GSK3B|IBSP|ILK|ITGA1|ITGA11|ITGA2|ITGA2B|ITGA4|ITGA5|ITGA6|ITGA7|ITGA8|ITGA9|ITGAV|ITGB1|ITGB3|ITGB4|ITGB5|ITGB6|ITGB7|ITGB8|KDR|LAMA1|LAMA2|LAMA3|LAMA4|LAMA5|LAMB1|LAMB2|LAMB3|LAMB4|LAMC1|LAMC2|LAMC3|LRRC45|MAP2K1|MAPK1|MAPK10|MAPK8|MAPK9|MET|MYLK|MYLK2|PAK1|PAK2|PAK3|PARVA|PARVG|PDGFD|PDGFRA|PIK3CA|PIK3CB|PIK3R1|PIK3R3|PIP5K1A|PIP5K1B|PPP1R12A|PPP1R12B|PRKCA|PRKCB|PRKCG|PTK2|PXN|RAF1|RAP1A|RAP1B|RAPGEF1|RASGRF1|RELN|ROCK1|ROCK2|SHC1|SHC3|SHC4|SOS1|SPP1|THBS1|THBS2|THBS3|THBS4|TLN1|TLN2|TNC|TNN|TNR|VAV1|VAV2|VAV3|VCL|VEGFC|VEGFD|VTN|VWF|ZYX; borangutan:ACTN1|ACTN4|AKT1|AKT2|AKT3|ARHGAP5|BIRC2|BRAF|CCND1|CCND2|CDC42|COL1A1|COL1A2|COL2A1|COL4A1|COL4A2|COL4A3|COL4A4|COL4A5|COL4A6|COL6A1|COL6A2|COL6A3|COL6A5|COL6A6|COL9A1|COL9A2|COL9A3|COMP|CTNNB1|DIAPH1|DOCK1|EGF|EGFR|ELK1|FLNA|FLNB|FLT1|FN1|GSK3B|IBSP|ILK|ITGA1|ITGA10|ITGA11|ITGA2B|ITGA4|ITGA5|ITGA6|ITGA7|ITGA8|ITGA9|ITGAV|ITGB1|ITGB3|ITGB4|ITGB5|ITGB6|ITGB7|ITGB8|KDR|LAMA1|LAMA2|LAMA3|LAMA4|LAMB1|LAMB3|LAMB4|LAMC1|LAMC3|MAP2K1|MAPK1|MAPK10|MAPK8|MAPK9|MET|MYLK|MYLK3|PAK1|PAK2|PAK3|PARVA|PARVG|PDGFC|PDGFD|PDGFRA|PDPK1|PIK3CA|PIK3CB|PIK3R3|PIP5K1A|PPP1R12A|PPP1R12B|PRKCA|PRKCB|PRKCG|PTEN|PTK2|PXN|RAC1|RAF1|RAP1A|RAP1B|RAPGEF1|RASGRF1|RELN|ROCK1|ROCK2|SHC1|SHC3|SHC4|SOS1|SOS2|SPP1|THBS1|THBS2|THBS3|THBS4|TLN1|TLN2|TNC|TNN|TNR|VAV1|VAV2|VAV3|VCL|VEGFC|VEGFD|VTN|VWF|ZYX; chimpanzee:ACTN1|ACTN4|AKT1|AKT2|AKT3|ARHGAP5|BCAR1|BIRC2|CCND1|CCND2|CDC42|COL1A1|COL1A2|COL2A1|COL4A1|COL4A2|COL4A3|COL4A4|COL4A5|COL4A6|COL6A2|COL6A3|COL6A5|COL6A6|COL9A1|COL9A2|COL9A3|COMP|CTNNB1|DIAPH1|DOCK1|EGF|EGFR|ELK1|ERBB2|FLNA|FLNB|FLT1|FN1|GSK3B|IBSP|ITGA1|ITGA10|ITGA11|ITGA2|ITGA2B|ITGA4|ITGA5|ITGA6|ITGA7|ITGA8|ITGA9|ITGAV|ITGB1|ITGB3|ITGB4|ITGB5|ITGB6|ITGB7|KDR|LAMA1|LAMA2|LAMA3|LAMA4|LAMB1|LAMB2|LAMB3|LAMB4|LAMC1|LAMC3|MAP2K1|MAPK1|MAPK10|MAPK8|MAPK9|MET|MYL12A|MYLK|MYLK3|PAK1|PAK2|PAK3|PARVA|PARVG|PDGFD|PDGFRA|PDPK1|PGF|PIK3CA|PIK3CB|PIK3R1|PIK3R3|PIP5K1A|PIP5K1B|PPP1CC|PPP1R12A|PRKCA|PRKCB|PRKCG|PTEN|PTK2|RAC1|RAF1|RAP1A|RAP1B|RAPGEF1|RASGRF1|RELN|ROCK1|ROCK2|SHC1|SHC3|SHC4|SOS1|SOS2|SPP1|THBS1|THBS3|THBS4|TLN1|TLN2|TNC|TNN|TNR|VASP|VAV1|VAV2|VAV3|VCL|VEGFC|VEGFD|VTN|VWF; gorillla:ACTN1|AKT3|ARHGAP5|BCAR1|CCND2|COL2A1|COL4A1|COL4A2|COL6A3|FN1|ITGA1|ITGA10|ITGA2|ITGA4|ITGA5|ITGA6|ITGA7|ITGB6|ITGB7|LAMA1|LAMA3|LAMB3|LAMC1|MAP2K1|MYLK3|PIK3R1|PIP5K1B|PRKCB|PXN|RAP1B|RAPGEF1|RASGRF1|SHC1|SHC3|SHC4|SOS1|SOS2|THBS1|THBS3|THBS4|TNC|TNN; human:ACTN1|ACTN4|AKT1|AKT2|ARHGAP5|BCAR1|BIRC2|BRAF|CCND1|CCND2|COL1A1|COL1A2|COL2A1|COL4A1|COL4A2|COL4A3|COL4A4|COL4A5|COL4A6|COL6A1|COL6A2|COL6A3|COL6A5|COL6A6|COL9A1|COL9A2|COL9A3|COMP|CTNNB1|DIAPH1|DOCK1|EGF|EGFR|ELK1|ERBB2|FLNA|FLNB|FLT1|FLT4|FN1|GSK3B|IBSP|ILK|ITGA1|ITGA10|ITGA11|ITGA2|ITGA2B|ITGA4|ITGA5|ITGA6|ITGA7|ITGA8|ITGA9|ITGAV|ITGB1|ITGB3|ITGB4|ITGB5|ITGB6|ITGB7|ITGB8|KDR|LAMA1|LAMA2|LAMA3|LAMA4|LAMA5|LAMB1|LAMB2|LAMB3|LAMB4|LAMC1|LAMC2|LAMC3|MAP2K1|MAPK1|MAPK10|MAPK8|MAPK9|MET|MYL12A|MYLK|MYLK3|P3R3URF-PIK3R3|PAK1|PAK2|PAK3|PARVA|PARVB|PARVG|PDGFA|PDGFD|PDGFRA|PDPK1|PGF|PIK3CA|PIK3CB|PIK3R1|PIK3R3|PIP5K1A|PIP5K1B|PPP1R12A|PPP1R12B|PRKCA|PRKCB|PRKCG|PTEN|PTK2|PXN|RAC1|RAF1|RAP1A|RAP1B|RAPGEF1|RASGRF1|RELN|ROCK1|ROCK2|SHC1|SHC3|SHC4|SOS1|SOS2|SPP1|THBS1|THBS2|THBS3|THBS4|TLN1|TLN2|TNC|TNN|TNR|TNXB|VASP|VAV1|VAV2|VAV3|VCL|VEGFC|VEGFD|VTN|VWF|ZYX; sorangutan:ACTN1|ACTN4|AKT1|AKT2|AKT3|ARHGAP5|BIRC2|BRAF|CCND1|CCND2|CDC42|COL1A1|COL1A2|COL2A1|COL4A1|COL4A2|COL4A3|COL4A4|COL4A5|COL4A6|COL6A1|COL6A2|COL6A3|COL6A5|COL6A6|COL9A1|COL9A2|COMP|CTNNB1|DOCK1|EGF|EGFR|ELK1|FLNA|FLNB|FLT1|FN1|GSK3B|IBSP|ITGA1|ITGA10|ITGA11|ITGA2B|ITGA4|ITGA5|ITGA6|ITGA7|ITGA8|ITGA9|ITGAV|ITGB1|ITGB3|ITGB4|ITGB5|ITGB6|ITGB7|ITGB8|KDR|LAMA1|LAMA2|LAMA3|LAMA4|LAMB1|LAMB3|LAMB4|LAMC1|LAMC3|MAP2K1|MAPK1|MAPK10|MAPK8|MAPK9|MET|MYL12A|MYLK|MYLK3|PAK1|PAK2|PAK3|PARVA|PARVG|PDGFD|PDGFRA|PDPK1|PIK3CA|PIK3CB|PIK3R3|PIP5K1A|PPP1R12A|PPP1R12B|PRKCA|PRKCB|PRKCG|PTEN|PTK2|PXN|RAC1|RAF1|RAP1A|RAP1B|RAPGEF1|RASGRF1|RELN|ROCK1|ROCK2|SHC1|SHC3|SHC4|SOS1|SOS2|SPP1|THBS1|THBS2|THBS3|THBS4|TLN1|TLN2|TNC|TNN|TNR|VAV1|VAV2|VAV3|VCL|VEGFC|VEGFD|VTN|VWF|ZYX,ACTN1|ARHGAP5|CCND2|COL4A1|COL4A2|FN1|ITGA1|ITGA4|ITGA5|ITGA6|ITGA7|ITGB6|ITGB7|LAMA1|LAMA3|LAMB3|LAMC1|MAP2K1|PRKCB|RAP1B|RAPGEF1|RASGRF1|SHC1|SHC3|SHC4|SOS1|THBS1|THBS3|THBS4|TNC|TNN,31,bonobo:ACTN4|AKT1|AKT2|AKT3|BCAR1|BIRC2|BRAF|COL1A1|COL1A2|COL4A3|COL4A4|COL4A5|COL4A6|COL6A1|COL6A2|COL6A5|COL9A1|COL9A2|COL9A3|COMP|CTNNB1|DOCK1|EGF|EGFR|ELK1|ERBB2|FLNB|GSK3B|IBSP|ILK|ITGA11|ITGA2|ITGA2B|ITGA8|ITGA9|ITGAV|ITGB1|ITGB3|ITGB4|ITGB5|ITGB8|KDR|LAMA2|LAMA4|LAMA5|LAMB1|LAMB2|LAMB4|LAMC2|LAMC3|LRRC45|MAPK1|MAPK10|MAPK8|MAPK9|MET|MYLK|MYLK2|PAK1|PAK2|PAK3|PARVA|PARVG|PDGFD|PDGFRA|PIK3CA|PIK3CB|PIK3R1|PIK3R3|PIP5K1A|PIP5K1B|PPP1R12A|PPP1R12B|PRKCA|PRKCG|PTK2|PXN|RAF1|RAP1A|RELN|ROCK1|ROCK2|SPP1|THBS2|TLN1|TLN2|TNR|VAV1|VAV2|VAV3|VCL|VEGFC|VEGFD|VTN|VWF|ZYX; borangutan:ACTN4|AKT1|AKT2|AKT3|BIRC2|BRAF|CCND1|CDC42|COL1A1|COL1A2|COL2A1|COL4A3|COL4A4|COL4A5|COL4A6|COL6A1|COL6A2|COL6A3|COL6A5|COL6A6|COL9A1|COL9A2|COL9A3|COMP|CTNNB1|DIAPH1|DOCK1|EGF|EGFR|ELK1|FLNA|FLNB|FLT1|GSK3B|IBSP|ILK|ITGA10|ITGA11|ITGA2B|ITGA8|ITGA9|ITGAV|ITGB1|ITGB3|ITGB4|ITGB5|ITGB8|KDR|LAMA2|LAMA4|LAMB1|LAMB4|LAMC3|MAPK1|MAPK10|MAPK8|MAPK9|MET|MYLK|MYLK3|PAK1|PAK2|PAK3|PARVA|PARVG|PDGFC|PDGFD|PDGFRA|PDPK1|PIK3CA|PIK3CB|PIK3R3|PIP5K1A|PPP1R12A|PPP1R12B|PRKCA|PRKCG|PTEN|PTK2|PXN|RAC1|RAF1|RAP1A|RELN|ROCK1|ROCK2|SOS2|SPP1|THBS2|TLN1|TLN2|TNR|VAV1|VAV2|VAV3|VCL|VEGFC|VEGFD|VTN|VWF|ZYX; chimpanzee:ACTN4|AKT1|AKT2|AKT3|BCAR1|BIRC2|CCND1|CDC42|COL1A1|COL1A2|COL2A1|COL4A3|COL4A4|COL4A5|COL4A6|COL6A2|COL6A3|COL6A5|COL6A6|COL9A1|COL9A2|COL9A3|COMP|CTNNB1|DIAPH1|DOCK1|EGF|EGFR|ELK1|ERBB2|FLNA|FLNB|FLT1|GSK3B|IBSP|ITGA10|ITGA11|ITGA2|ITGA2B|ITGA8|ITGA9|ITGAV|ITGB1|ITGB3|ITGB4|ITGB5|KDR|LAMA2|LAMA4|LAMB1|LAMB2|LAMB4|LAMC3|MAPK1|MAPK10|MAPK8|MAPK9|MET|MYL12A|MYLK|MYLK3|PAK1|PAK2|PAK3|PARVA|PARVG|PDGFD|PDGFRA|PDPK1|PGF|PIK3CA|PIK3CB|PIK3R1|PIK3R3|PIP5K1A|PIP5K1B|PPP1CC|PPP1R12A|PRKCA|PRKCG|PTEN|PTK2|RAC1|RAF1|RAP1A|RELN|ROCK1|ROCK2|SOS2|SPP1|TLN1|TLN2|TNR|VASP|VAV1|VAV2|VAV3|VCL|VEGFC|VEGFD|VTN|VWF; gorillla:AKT3|BCAR1|COL2A1|COL6A3|ITGA10|ITGA2|MYLK3|PIK3R1|PIP5K1B|PXN|SOS2; human:ACTN4|AKT1|AKT2|BCAR1|BIRC2|BRAF|CCND1|COL1A1|COL1A2|COL2A1|COL4A3|COL4A4|COL4A5|COL4A6|COL6A1|COL6A2|COL6A3|COL6A5|COL6A6|COL9A1|COL9A2|COL9A3|COMP|CTNNB1|DIAPH1|DOCK1|EGF|EGFR|ELK1|ERBB2|FLNA|FLNB|FLT1|FLT4|GSK3B|IBSP|ILK|ITGA10|ITGA11|ITGA2|ITGA2B|ITGA8|ITGA9|ITGAV|ITGB1|ITGB3|ITGB4|ITGB5|ITGB8|KDR|LAMA2|LAMA4|LAMA5|LAMB1|LAMB2|LAMB4|LAMC2|LAMC3|MAPK1|MAPK10|MAPK8|MAPK9|MET|MYL12A|MYLK|MYLK3|P3R3URF-PIK3R3|PAK1|PAK2|PAK3|PARVA|PARVB|PARVG|PDGFA|PDGFD|PDGFRA|PDPK1|PGF|PIK3CA|PIK3CB|PIK3R1|PIK3R3|PIP5K1A|PIP5K1B|PPP1R12A|PPP1R12B|PRKCA|PRKCG|PTEN|PTK2|PXN|RAC1|RAF1|RAP1A|RELN|ROCK1|ROCK2|SOS2|SPP1|THBS2|TLN1|TLN2|TNR|TNXB|VASP|VAV1|VAV2|VAV3|VCL|VEGFC|VEGFD|VTN|VWF|ZYX; sorangutan:ACTN4|AKT1|AKT2|AKT3|BIRC2|BRAF|CCND1|CDC42|COL1A1|COL1A2|COL2A1|COL4A3|COL4A4|COL4A5|COL4A6|COL6A1|COL6A2|COL6A3|COL6A5|COL6A6|COL9A1|COL9A2|COMP|CTNNB1|DOCK1|EGF|EGFR|ELK1|FLNA|FLNB|FLT1|GSK3B|IBSP|ITGA10|ITGA11|ITGA2B|ITGA8|ITGA9|ITGAV|ITGB1|ITGB3|ITGB4|ITGB5|ITGB8|KDR|LAMA2|LAMA4|LAMB1|LAMB4|LAMC3|MAPK1|MAPK10|MAPK8|MAPK9|MET|MYL12A|MYLK|MYLK3|PAK1|PAK2|PAK3|PARVA|PARVG|PDGFD|PDGFRA|PDPK1|PIK3CA|PIK3CB|PIK3R3|PIP5K1A|PPP1R12A|PPP1R12B|PRKCA|PRKCG|PTEN|PTK2|PXN|RAC1|RAF1|RAP1A|RELN|ROCK1|ROCK2|SOS2|SPP1|THBS2|TLN1|TLN2|TNR|VAV1|VAV2|VAV3|VCL|VEGFC|VEGFD|VTN|VWF|ZYX
Cytoskeleton in muscle cells,6,bonobo; borangutan; chimpanzee; gorillla; human; sorangutan,bonobo:139; borangutan:145; chimpanzee:155; gorillla:55; human:161; sorangutan:145,bonobo:ACTG2|ACTN2|ACTN3|AMPD2|AMPD3|ANK2|ANK3|ANKRD1|ANKRD2|ATP1A1|ATP1A2|ATP1A3|ATP1A4|ATP1B1|ATP1B3|ATP1B4|CAPZA1|CAPZA2|COL11A1|COL11A2|COL1A1|COL1A2|COL24A1|COL27A1|COL3A1|COL4A1|COL4A2|COL4A3|COL4A4|COL4A5|COL4A6|COL5A1|COL5A2|COL5A3|COL6A1|COL6A2|COL6A5|COL9A1|COL9A2|COL9A3|COMP|CSRP1|DAAM1|DAAM2|DES|DIAPH2|DIAPH3|DSC2|DSG2|DSP|ENO1|FHL2|FLNC|FMNL1|FMNL2|FMNL3|FN1|HSPG2|INF2|ITGA1|ITGA11|ITGA2|ITGA2B|ITGA4|ITGA5|ITGA6|ITGA7|ITGA8|ITGA9|ITGAV|ITGB1|ITGB3|ITGB4|ITGB5|ITGB6|ITGB7|ITGB8|JUP|LAMA1|LAMA2|LBR|LMNA|LMNB1|LMNB2|LMOD2|LMOD3|MYBPC1|MYBPC2|MYBPC3|MYH1|MYH10|MYH11|MYH13|MYH14|MYH15|MYH2|MYH3|MYH6|MYH7B|MYH9|MYOM1|MYOM2|MYOT|MYPN|NEBL|NRAP|OBSCN|PDLIM1|PDLIM4|SDC3|SDC4|SGCB|SGCG|SPTAN1|SPTBN1|SPTBN2|SPTBN4|SUN1|SUN2|SYNE1|SYNE3|THBS1|THBS2|THBS3|THBS4|TLN1|TLN2|TMOD1|TMOD2|TMOD3|TMOD4|TNNC1|TPM1|TRIM54|TRIM55|TRIM63|VCL|VIM|ZYX; borangutan:ACTG2|ACTN2|ACTN3|AMPD2|AMPD3|ANKRD1|ANKRD2|ATP1A1|ATP1A2|ATP1A4|ATP1B1|ATP1B4|BAZ2B|CAPZA1|CAPZA2|COL11A1|COL11A2|COL1A1|COL1A2|COL24A1|COL27A1|COL3A1|COL4A1|COL4A2|COL4A3|COL4A4|COL4A5|COL4A6|COL5A1|COL5A2|COL5A3|COL6A1|COL6A2|COL6A3|COL6A5|COL6A6|COL9A1|COL9A2|COL9A3|COMP|CSRP1|DAAM2|DES|DIAPH1|DIAPH2|DIAPH3|DSC2|DSG2|DSP|ENO1|FHL1|FHL2|FLNC|FMNL1|FMNL2|FMNL3|FN1|HSPG2|ITGA1|ITGA10|ITGA11|ITGA2B|ITGA4|ITGA5|ITGA6|ITGA7|ITGA8|ITGA9|ITGAV|ITGB1|ITGB3|ITGB4|ITGB5|ITGB6|ITGB7|ITGB8|JUP|LAMA1|LAMA2|LBR|LMNA|LMNB1|LMNB2|LMOD2|LMOD3|MYBPC1|MYBPC2|MYBPC3|MYBPH|MYH10|MYH13|MYH14|MYH15|MYH3|MYH6|MYH7B|MYH8|MYH9|MYOM1|MYOM2|MYOT|MYPN|NEB|NEBL|NRAP|OBSCN|PDLIM1|PDLIM4|SDC1|SDC3|SDC4|SGCB|SGCE|SGCG|SGCZ|SPTAN1|SPTBN1|SPTBN2|SPTBN4|SPTBN5|SUN1|SUN2|SYNE1|SYNE2|SYNE3|THBS1|THBS2|THBS3|THBS4|TLN1|TLN2|TMOD1|TMOD2|TMOD3|TNNC1|TNNI2|TPM1|TPM3|TRIM54|TRIM55|TRIM63|TTN|VCL|VIM|ZYX; chimpanzee:ACTC1|ACTG2|ACTN2|ACTN3|AMPD2|AMPD3|ANK2|ANK3|ANKRD1|ANKRD2|ATP1A1|ATP1A2|ATP1A3|ATP1A4|ATP1B1|ATP1B3|ATP1B4|CAPZA1|CAPZA2|COL11A1|COL11A2|COL1A1|COL1A2|COL24A1|COL27A1|COL3A1|COL4A1|COL4A2|COL4A3|COL4A4|COL4A5|COL4A6|COL5A1|COL5A2|COL5A3|COL6A2|COL6A3|COL6A5|COL6A6|COL9A1|COL9A2|COL9A3|COMP|CSRP1|DAAM1|DAAM2|DES|DIAPH1|DIAPH2|DIAPH3|DMD|DSC2|DSG2|DSP|DTNA|ENO1|FHL2|FLNC|FMNL1|FMNL2|FMNL3|FN1|HSPG2|INF2|ITGA1|ITGA10|ITGA11|ITGA2|ITGA2B|ITGA4|ITGA5|ITGA6|ITGA7|ITGA8|ITGA9|ITGAV|ITGB1|ITGB3|ITGB4|ITGB5|ITGB6|ITGB7|JUP|LAMA1|LAMA2|LBR|LMNA|LMNB1|LMNB2|LMOD2|LMOD3|MYBPC1|MYBPC2|MYBPC3|MYH1|MYH10|MYH11|MYH13|MYH14|MYH15|MYH2|MYH3|MYH4|MYH6|MYH7B|MYH8|MYH9|MYOM1|MYOM2|MYOT|MYPN|NEB|NEBL|NRAP|OBSCN|PDLIM1|PDLIM4|PDLIM5|SDC4|SGCB|SGCE|SGCG|SGCZ|SPTAN1|SPTBN1|SPTBN2|SPTBN4|SPTBN5|SUN2|SYNE1|SYNE2|SYNE3|THBS1|THBS3|THBS4|TLN1|TLN2|TMOD1|TMOD2|TMOD3|TMOD4|TNNC1|TNNI2|TNNT2|TNNT3|TPM1|TPM3|TPM4|TRIM54|TRIM55|TRIM63|TTN|VCL|VIM|XIRP2; gorillla:ACTG2|ACTN2|AMPD2|ATP1A1|ATP1A2|ATP1A4|ATP1B1|COL27A1|COL3A1|COL4A1|COL4A2|COL5A1|COL5A2|COL6A3|DAAM1|DIAPH3|DSC2|DSG2|FMNL2|FMNL3|FN1|ITGA1|ITGA10|ITGA2|ITGA4|ITGA5|ITGA6|ITGA7|ITGB6|ITGB7|LAMA1|LBR|LMNA|MYBPC1|MYH10|MYH11|MYH13|MYH2|MYH3|MYH4|MYH8|SGCG|SPTAN1|SPTBN1|SYNE3|THBS1|THBS3|THBS4|TMOD1|TMOD2|TMOD3|TMOD4|TNNT2|TPM1|TRIM54; human:ACTC1|ACTN2|ACTN3|AMPD2|AMPD3|ANK2|ANK3|ANKRD1|ANKRD2|ATP1A1|ATP1A2|ATP1A3|ATP1A4|ATP1B1|ATP1B3|ATP1B4|CAPZA1|CAPZA2|COL11A1|COL11A2|COL1A1|COL1A2|COL24A1|COL27A1|COL3A1|COL4A1|COL4A2|COL4A3|COL4A4|COL4A5|COL4A6|COL5A1|COL5A2|COL5A3|COL6A1|COL6A2|COL6A3|COL6A5|COL6A6|COL9A1|COL9A2|COL9A3|COMP|CSRP1|DAAM1|DAAM2|DES|DIAPH1|DIAPH2|DIAPH3|DMD|DSC2|DSG2|DSP|DTNA|ENO1|FHL1|FLNC|FMN2|FMNL1|FMNL2|FMNL3|FN1|HSPG2|INF2|ITGA1|ITGA10|ITGA11|ITGA2|ITGA2B|ITGA4|ITGA5|ITGA6|ITGA7|ITGA8|ITGA9|ITGAV|ITGB1|ITGB3|ITGB4|ITGB5|ITGB6|ITGB7|ITGB8|JUP|LAMA1|LAMA2|LBR|LMNA|LMNB1|LMNB2|LMOD1|LMOD2|LMOD3|MYBPC1|MYBPC2|MYBPC3|MYH1|MYH10|MYH11|MYH13|MYH14|MYH15|MYH2|MYH3|MYH4|MYH6|MYH7B|MYH8|MYH9|MYOM1|MYOM2|MYOT|MYPN|NEB|NEBL|NRAP|OBSCN|PDLIM1|PDLIM4|PDLIM5|SDC4|SGCB|SGCE|SGCG|SGCZ|SPTAN1|SPTBN1|SPTBN2|SPTBN4|SPTBN5|SUN1|SUN2|SYNE1|SYNE2|SYNE3|THBS1|THBS2|THBS3|THBS4|TLN1|TLN2|TMOD1|TMOD2|TMOD3|TMOD4|TNNC1|TNNI2|TNNT2|TNNT3|TPM1|TPM3|TPM4|TRIM54|TRIM55|TRIM63|TTN|VCL|VIM|XIRP2|ZYX; sorangutan:ACTG2|ACTN2|ACTN3|AMPD2|AMPD3|ANKRD1|ANKRD2|ATP1A1|ATP1A2|ATP1A4|ATP1B1|ATP1B4|BAZ2B|CAPZA1|CAPZA2|COL11A1|COL11A2|COL1A1|COL1A2|COL24A1|COL27A1|COL3A1|COL4A1|COL4A2|COL4A3|COL4A4|COL4A5|COL4A6|COL5A1|COL5A2|COL5A3|COL6A1|COL6A2|COL6A3|COL6A5|COL6A6|COL9A1|COL9A2|COMP|CSRP1|DAAM2|DES|DIAPH2|DIAPH3|DSC2|DSG2|DSP|ENO1|FHL1|FHL2|FLNC|FMNL2|FMNL3|FN1|HSPG2|ITGA1|ITGA10|ITGA11|ITGA2B|ITGA4|ITGA5|ITGA6|ITGA7|ITGA8|ITGA9|ITGAV|ITGB1|ITGB3|ITGB4|ITGB5|ITGB6|ITGB7|ITGB8|JUP|LAMA1|LAMA2|LBR|LMNA|LMNB1|LMNB2|LMOD2|LMOD3|MYBPC1|MYBPC2|MYBPC3|MYH1|MYH10|MYH13|MYH14|MYH15|MYH2|MYH3|MYH4|MYH6|MYH7B|MYH8|MYH9|MYOM1|MYOM2|MYOT|MYPN|NEB|NEBL|NRAP|OBSCN|PDLIM1|PDLIM4|SDC1|SDC3|SDC4|SGCB|SGCE|SGCG|SGCZ|SPTAN1|SPTBN1|SPTBN2|SPTBN4|SPTBN5|SUN1|SUN2|SYNE1|SYNE2|SYNE3|THBS1|THBS2|THBS3|THBS4|TLN1|TLN2|TMOD1|TMOD2|TMOD3|TNNC1|TNNI1|TNNI2|TPM1|TPM3|TRIM54|TRIM55|TRIM63|TTN|VCL|VIM|ZYX,ACTN2|AMPD2|ATP1A1|ATP1A2|ATP1A4|ATP1B1|COL27A1|COL3A1|COL4A1|COL4A2|COL5A1|COL5A2|DIAPH3|DSC2|DSG2|FMNL2|FMNL3|FN1|ITGA1|ITGA4|ITGA5|ITGA6|ITGA7|ITGB6|ITGB7|LAMA1|LBR|LMNA|MYBPC1|MYH10|MYH13|MYH3|SGCG|SPTAN1|SPTBN1|SYNE3|THBS1|THBS3|THBS4|TMOD1|TMOD2|TMOD3|TPM1|TRIM54,44,bonobo:ACTG2|ACTN3|AMPD3|ANK2|ANK3|ANKRD1|ANKRD2|ATP1A3|ATP1B3|ATP1B4|CAPZA1|CAPZA2|COL11A1|COL11A2|COL1A1|COL1A2|COL24A1|COL4A3|COL4A4|COL4A5|COL4A6|COL5A3|COL6A1|COL6A2|COL6A5|COL9A1|COL9A2|COL9A3|COMP|CSRP1|DAAM1|DAAM2|DES|DIAPH2|DSP|ENO1|FHL2|FLNC|FMNL1|HSPG2|INF2|ITGA11|ITGA2|ITGA2B|ITGA8|ITGA9|ITGAV|ITGB1|ITGB3|ITGB4|ITGB5|ITGB8|JUP|LAMA2|LMNB1|LMNB2|LMOD2|LMOD3|MYBPC2|MYBPC3|MYH1|MYH11|MYH14|MYH15|MYH2|MYH6|MYH7B|MYH9|MYOM1|MYOM2|MYOT|MYPN|NEBL|NRAP|OBSCN|PDLIM1|PDLIM4|SDC3|SDC4|SGCB|SPTBN2|SPTBN4|SUN1|SUN2|SYNE1|THBS2|TLN1|TLN2|TMOD4|TNNC1|TRIM55|TRIM63|VCL|VIM|ZYX; borangutan:ACTG2|ACTN3|AMPD3|ANKRD1|ANKRD2|ATP1B4|BAZ2B|CAPZA1|CAPZA2|COL11A1|COL11A2|COL1A1|COL1A2|COL24A1|COL4A3|COL4A4|COL4A5|COL4A6|COL5A3|COL6A1|COL6A2|COL6A3|COL6A5|COL6A6|COL9A1|COL9A2|COL9A3|COMP|CSRP1|DAAM2|DES|DIAPH1|DIAPH2|DSP|ENO1|FHL1|FHL2|FLNC|FMNL1|HSPG2|ITGA10|ITGA11|ITGA2B|ITGA8|ITGA9|ITGAV|ITGB1|ITGB3|ITGB4|ITGB5|ITGB8|JUP|LAMA2|LMNB1|LMNB2|LMOD2|LMOD3|MYBPC2|MYBPC3|MYBPH|MYH14|MYH15|MYH6|MYH7B|MYH8|MYH9|MYOM1|MYOM2|MYOT|MYPN|NEB|NEBL|NRAP|OBSCN|PDLIM1|PDLIM4|SDC1|SDC3|SDC4|SGCB|SGCE|SGCZ|SPTBN2|SPTBN4|SPTBN5|SUN1|SUN2|SYNE1|SYNE2|THBS2|TLN1|TLN2|TNNC1|TNNI2|TPM3|TRIM55|TRIM63|TTN|VCL|VIM|ZYX; chimpanzee:ACTC1|ACTG2|ACTN3|AMPD3|ANK2|ANK3|ANKRD1|ANKRD2|ATP1A3|ATP1B3|ATP1B4|CAPZA1|CAPZA2|COL11A1|COL11A2|COL1A1|COL1A2|COL24A1|COL4A3|COL4A4|COL4A5|COL4A6|COL5A3|COL6A2|COL6A3|COL6A5|COL6A6|COL9A1|COL9A2|COL9A3|COMP|CSRP1|DAAM1|DAAM2|DES|DIAPH1|DIAPH2|DMD|DSP|DTNA|ENO1|FHL2|FLNC|FMNL1|HSPG2|INF2|ITGA10|ITGA11|ITGA2|ITGA2B|ITGA8|ITGA9|ITGAV|ITGB1|ITGB3|ITGB4|ITGB5|JUP|LAMA2|LMNB1|LMNB2|LMOD2|LMOD3|MYBPC2|MYBPC3|MYH1|MYH11|MYH14|MYH15|MYH2|MYH4|MYH6|MYH7B|MYH8|MYH9|MYOM1|MYOM2|MYOT|MYPN|NEB|NEBL|NRAP|OBSCN|PDLIM1|PDLIM4|PDLIM5|SDC4|SGCB|SGCE|SGCZ|SPTBN2|SPTBN4|SPTBN5|SUN2|SYNE1|SYNE2|TLN1|TLN2|TMOD4|TNNC1|TNNI2|TNNT2|TNNT3|TPM3|TPM4|TRIM55|TRIM63|TTN|VCL|VIM|XIRP2; gorillla:ACTG2|COL6A3|DAAM1|ITGA10|ITGA2|MYH11|MYH2|MYH4|MYH8|TMOD4|TNNT2; human:ACTC1|ACTN3|AMPD3|ANK2|ANK3|ANKRD1|ANKRD2|ATP1A3|ATP1B3|ATP1B4|CAPZA1|CAPZA2|COL11A1|COL11A2|COL1A1|COL1A2|COL24A1|COL4A3|COL4A4|COL4A5|COL4A6|COL5A3|COL6A1|COL6A2|COL6A3|COL6A5|COL6A6|COL9A1|COL9A2|COL9A3|COMP|CSRP1|DAAM1|DAAM2|DES|DIAPH1|DIAPH2|DMD|DSP|DTNA|ENO1|FHL1|FLNC|FMN2|FMNL1|HSPG2|INF2|ITGA10|ITGA11|ITGA2|ITGA2B|ITGA8|ITGA9|ITGAV|ITGB1|ITGB3|ITGB4|ITGB5|ITGB8|JUP|LAMA2|LMNB1|LMNB2|LMOD1|LMOD2|LMOD3|MYBPC2|MYBPC3|MYH1|MYH11|MYH14|MYH15|MYH2|MYH4|MYH6|MYH7B|MYH8|MYH9|MYOM1|MYOM2|MYOT|MYPN|NEB|NEBL|NRAP|OBSCN|PDLIM1|PDLIM4|PDLIM5|SDC4|SGCB|SGCE|SGCZ|SPTBN2|SPTBN4|SPTBN5|SUN1|SUN2|SYNE1|SYNE2|THBS2|TLN1|TLN2|TMOD4|TNNC1|TNNI2|TNNT2|TNNT3|TPM3|TPM4|TRIM55|TRIM63|TTN|VCL|VIM|XIRP2|ZYX; sorangutan:ACTG2|ACTN3|AMPD3|ANKRD1|ANKRD2|ATP1B4|BAZ2B|CAPZA1|CAPZA2|COL11A1|COL11A2|COL1A1|COL1A2|COL24A1|COL4A3|COL4A4|COL4A5|COL4A6|COL5A3|COL6A1|COL6A2|COL6A3|COL6A5|COL6A6|COL9A1|COL9A2|COMP|CSRP1|DAAM2|DES|DIAPH2|DSP|ENO1|FHL1|FHL2|FLNC|HSPG2|ITGA10|ITGA11|ITGA2B|ITGA8|ITGA9|ITGAV|ITGB1|ITGB3|ITGB4|ITGB5|ITGB8|JUP|LAMA2|LMNB1|LMNB2|LMOD2|LMOD3|MYBPC2|MYBPC3|MYH1|MYH14|MYH15|MYH2|MYH4|MYH6|MYH7B|MYH8|MYH9|MYOM1|MYOM2|MYOT|MYPN|NEB|NEBL|NRAP|OBSCN|PDLIM1|PDLIM4|SDC1|SDC3|SDC4|SGCB|SGCE|SGCZ|SPTBN2|SPTBN4|SPTBN5|SUN1|SUN2|SYNE1|SYNE2|THBS2|TLN1|TLN2|TNNC1|TNNI1|TNNI2|TPM3|TRIM55|TRIM63|TTN|VCL|VIM|ZYX
Human papillomavirus infection,6,bonobo; borangutan; chimpanzee; gorillla; human; sorangutan,bonobo:190; borangutan:191; chimpanzee:198; gorillla:63; human:213; sorangutan:189,bonobo:AKT1|AKT2|AKT3|APC|ATM|ATP6AP1|ATP6V0A1|ATP6V0A2|ATP6V0A4|ATP6V1A|ATP6V1B1|ATP6V1B2|ATP6V1C1|ATP6V1C2|ATP6V1E1|ATP6V1H|ATR|AXIN2|CASP3|CASP8|CCNA1|CCNA2|CCND2|CCNE1|CCNE2|CDK4|CHD4|CHUK|COL1A1|COL1A2|COL4A1|COL4A2|COL4A3|COL4A4|COL4A5|COL4A6|COL6A1|COL6A2|COL6A5|COL9A1|COL9A2|COL9A3|COMP|CREB1|CREB3|CREB3L1|CREB3L2|CREB3L3|CREB3L4|CREB5|CREBBP|CSNK1A1|CTNNB1|DLG1|DLG2|DLG3|DVL2|EGF|EGFR|EP300|FAS|FASLG|FN1|FZD3|FZD6|GSK3B|HDAC1|HDAC2|HES3|HEY1|HEY2|HEYL|IBSP|IFNAR1|IKBKB|IKBKE|IKBKG|IRF9|ITGA1|ITGA11|ITGA2|ITGA2B|ITGA4|ITGA5|ITGA6|ITGA7|ITGA8|ITGA9|ITGAV|ITGB1|ITGB3|ITGB4|ITGB5|ITGB6|ITGB7|ITGB8|JAG1|JAK1|LAMA1|LAMA2|LAMA3|LAMA4|LAMA5|LAMB1|LAMB2|LAMB3|LAMB4|LAMC1|LAMC2|LAMC3|LLGL1|LLGL2|MAML1|MAML2|MAML3|MAP2K1|MAP2K2|MAPK1|MDM2|MFNG|MTOR|MX2|NFKB1|NFX1|NOTCH1|NOTCH2|NOTCH3|PALS1|PARD3|PARD6B|PATJ|PIK3CA|PIK3CB|PIK3R1|PIK3R3|PKM|PPP2CB|PPP2R1A|PPP2R1B|PPP2R2A|PPP2R3A|PPP2R3C|PPP2R5A|PPP2R5C|PPP2R5D|PPP2R5E|PRKACB|PRKCI|PRKCZ|PSEN1|PTGER4|PTGS2|PTK2|PXN|RAF1|RB1|RBL1|RBL2|RBPJ|RBPJL|RELN|RPS6KB1|SCRIB|SOS1|SPP1|STAT1|STAT2|TADA3|TBK1|TBP|TBPL2|TCF7L2|TCIRG1|THBS1|THBS2|THBS3|THBS4|TNC|TNN|TNR|TP53|TRADD|TRAF3|TSC1|TSC2|TYK2|UBE3A|UBR4|VTN|VWF; borangutan:AKT1|AKT2|AKT3|APC|ATM|ATP6V0A1|ATP6V0A2|ATP6V1A|ATP6V1B1|ATP6V1B2|ATP6V1C1|ATP6V1C2|ATP6V1D|ATP6V1E1|ATP6V1H|ATR|AXIN2|CASP8|CCNA1|CCNA2|CCND1|CCND2|CCNE1|CCNE2|CDC42|CDK4|CDK6|CHD4|CHUK|COL1A1|COL1A2|COL2A1|COL4A1|COL4A2|COL4A3|COL4A4|COL4A5|COL4A6|COL6A1|COL6A2|COL6A3|COL6A5|COL6A6|COL9A1|COL9A2|COL9A3|COMP|CREB1|CREB3|CREB3L1|CREB3L3|CREB3L4|CREB5|CREBBP|CSNK1A1|CTNNB1|DLG1|DLG2|DLG3|DVL2|EGF|EGFR|EIF2AK2|EP300|FASLG|FN1|FZD3|FZD6|GSK3B|HDAC1|HES3|HES7|HEY1|HEY2|HEYL|IBSP|IFNAR1|IKBKB|IKBKE|IKBKG|ITGA1|ITGA10|ITGA11|ITGA2B|ITGA4|ITGA5|ITGA6|ITGA7|ITGA8|ITGA9|ITGAV|ITGB1|ITGB3|ITGB4|ITGB5|ITGB6|ITGB7|ITGB8|JAG1|JAK1|LAMA1|LAMA2|LAMA3|LAMA4|LAMB1|LAMB3|LAMB4|LAMC1|LAMC3|LLGL1|LLGL2|MAGI1|MAML1|MAML2|MAML3|MAP2K1|MAPK1|MDM2|MFNG|MTOR|MX1|MX2|NFKB1|NFX1|NOTCH1|NOTCH2|NOTCH3|PALS1|PARD3|PARD6B|PARD6G|PATJ|PIK3CA|PIK3CB|PIK3R3|PKM|PPP2R1A|PPP2R1B|PPP2R2A|PPP2R2D|PPP2R3A|PPP2R3C|PPP2R5A|PPP2R5C|PPP2R5D|PRKACB|PRKCI|PRKCZ|PSEN1|PTEN|PTGER4|PTGS2|PTK2|PXN|RAF1|RB1|RBL1|RBL2|RBPJ|RELN|RPS6KB1|RPS6KB2|SOS1|SOS2|SPP1|STAT1|STAT2|TADA3|TBK1|TBP|TBPL1|TBPL2|TCF7L2|THBS1|THBS2|THBS3|THBS4|TLR3|TNC|TNN|TNR|TP53|TRADD|TRAF3|TSC1|TSC2|TYK2|UBE3A|UBR4|VTN|VWF; chimpanzee:AKT1|AKT2|AKT3|APC|ATM|ATP6AP1|ATP6V0A1|ATP6V0A2|ATP6V1A|ATP6V1B1|ATP6V1B2|ATP6V1C1|ATP6V1C2|ATP6V1D|ATP6V1E1|ATP6V1H|ATR|AXIN2|CASP3|CASP8|CCNA1|CCNA2|CCND1|CCND2|CCNE1|CCNE2|CDC42|CDK4|CDK6|CHD4|CHUK|COL1A1|COL1A2|COL2A1|COL4A1|COL4A2|COL4A3|COL4A4|COL4A5|COL4A6|COL6A2|COL6A3|COL6A5|COL6A6|COL9A1|COL9A2|COL9A3|COMP|CREB1|CREB3|CREB3L1|CREB3L2|CREB3L3|CREB3L4|CREB5|CREBBP|CSNK1A1|CTNNB1|DLG1|DLG2|DLG3|DVL2|EGF|EGFR|EIF2AK2|EP300|FAS|FASLG|FN1|FZD3|FZD6|GSK3B|HDAC2|HES3|HES7|HEY1|HEY2|HEYL|IBSP|IKBKB|IKBKE|IKBKG|IRF9|ITGA1|ITGA10|ITGA11|ITGA2|ITGA2B|ITGA4|ITGA5|ITGA6|ITGA7|ITGA8|ITGA9|ITGAV|ITGB1|ITGB3|ITGB4|ITGB5|ITGB6|ITGB7|JAG1|JAK1|LAMA1|LAMA2|LAMA3|LAMA4|LAMB1|LAMB2|LAMB3|LAMB4|LAMC1|LAMC3|LLGL1|LLGL2|MAGI1|MAML1|MAML2|MAML3|MAP2K1|MAP2K2|MAPK1|MDM2|MFNG|MTOR|MX1|NFKB1|NFX1|NOTCH1|NOTCH2|NOTCH3|PALS1|PARD3|PARD6B|PARD6G|PATJ|PIK3CA|PIK3CB|PIK3R1|PIK3R3|PKM|PPP2CA|PPP2CB|PPP2R1A|PPP2R1B|PPP2R2A|PPP2R2B|PPP2R2D|PPP2R3A|PPP2R3C|PPP2R5A|PPP2R5C|PPP2R5D|PPP2R5E|PRKACB|PRKCI|PSEN1|PSMC1|PTEN|PTGER4|PTGS2|PTK2|RAF1|RB1|RBL1|RBL2|RBPJ|RBPJL|RELN|RPS6KB1|SOS1|SOS2|SPP1|STAT1|STAT2|TADA3|TBK1|TBP|TBPL2|TCF7L2|TCIRG1|THBS1|THBS3|THBS4|TLR3|TNC|TNN|TNR|TP53|TRADD|TRAF3|TSC1|TSC2|TYK2|UBE3A|UBR4|VTN|VWF; gorillla:AKT3|ATP6V0A2|ATP6V1B1|ATP6V1C2|CASP8|CCND2|CDK4|CHD4|COL2A1|COL4A1|COL4A2|COL6A3|CREB1|CREB3|CREBBP|DVL2|EIF2AK2|FASLG|FN1|HES7|IRF9|ITGA1|ITGA10|ITGA2|ITGA4|ITGA5|ITGA6|ITGA7|ITGB6|ITGB7|LAMA1|LAMA3|LAMB3|LAMC1|MAP2K1|MDM2|MX1|NFX1|PARD6G|PIK3R1|PKM|PPP2R5A|PPP2R5C|PTGER4|PTGS2|PXN|RBL2|SOS1|SOS2|STAT1|STAT2|TBK1|TBPL2|TERT|THBS1|THBS3|THBS4|TLR3|TNC|TNN|TRAF3|TSC1|UBE3A; human:AKT1|AKT2|APC|ATM|ATP6AP1|ATP6V0A1|ATP6V0A2|ATP6V0A4|ATP6V1A|ATP6V1B1|ATP6V1B2|ATP6V1C1|ATP6V1C2|ATP6V1D|ATP6V1E1|ATP6V1H|ATR|AXIN2|CASP3|CASP8|CCNA2|CCND1|CCND2|CCNE1|CCNE2|CDK4|CDK6|CHD4|CHUK|COL1A1|COL1A2|COL2A1|COL4A1|COL4A2|COL4A3|COL4A4|COL4A5|COL4A6|COL6A1|COL6A2|COL6A3|COL6A5|COL6A6|COL9A1|COL9A2|COL9A3|COMP|CREB1|CREB3|CREB3L1|CREB3L2|CREB3L3|CREB3L4|CREB5|CREBBP|CSNK1A1|CTNNB1|DLG1|DLG2|DLG3|DVL1|DVL2|EGF|EGFR|EIF2AK2|EP300|FAS|FASLG|FN1|FZD3|FZD6|GSK3B|HDAC1|HDAC2|HES3|HES7|HEY1|HEY2|HEYL|IBSP|IFNAR1|IKBKB|IKBKE|IKBKG|IRF9|ITGA1|ITGA10|ITGA11|ITGA2|ITGA2B|ITGA4|ITGA5|ITGA6|ITGA7|ITGA8|ITGA9|ITGAV|ITGB1|ITGB3|ITGB4|ITGB5|ITGB6|ITGB7|ITGB8|JAG1|JAK1|LAMA1|LAMA2|LAMA3|LAMA4|LAMA5|LAMB1|LAMB2|LAMB3|LAMB4|LAMC1|LAMC2|LAMC3|LFNG|LLGL1|LLGL2|MAGI1|MAML1|MAML2|MAML3|MAP2K1|MAP2K2|MAPK1|MDM2|MFNG|MTOR|MX1|MX2|NFKB1|NFX1|NOTCH1|NOTCH2|NOTCH3|P3R3URF-PIK3R3|PALS1|PARD3|PARD6B|PARD6G|PATJ|PIK3CA|PIK3CB|PIK3R1|PIK3R3|PKM|PPP2CA|PPP2CB|PPP2R1A|PPP2R1B|PPP2R2A|PPP2R2D|PPP2R3A|PPP2R3C|PPP2R5A|PPP2R5C|PPP2R5D|PPP2R5E|PRKACB|PRKCI|PRKCZ|PSEN1|PSMC1|PTEN|PTGER4|PTGS2|PTK2|PXN|RAF1|RB1|RBL1|RBL2|RBPJ|RBPJL|RELN|RPS6KB1|SCRIB|SOS1|SOS2|SPP1|STAT1|STAT2|TADA3|TBK1|TBP|TBPL2|TCF7|TCF7L2|TCIRG1|TERT|THBS1|THBS2|THBS3|THBS4|TICAM1|TLR3|TNC|TNN|TNR|TNXB|TP53|TRADD|TRAF3|TSC1|TSC2|TYK2|UBE3A|UBR4|VTN|VWF; sorangutan:AKT1|AKT2|AKT3|APC|ATM|ATP6V0A1|ATP6V0A2|ATP6V1A|ATP6V1B1|ATP6V1B2|ATP6V1C1|ATP6V1C2|ATP6V1D|ATP6V1E1|ATP6V1H|ATR|AXIN2|CASP8|CCNA1|CCNA2|CCND1|CCND2|CCNE1|CCNE2|CDC42|CDK4|CDK6|CHD4|CHUK|COL1A1|COL1A2|COL2A1|COL4A1|COL4A2|COL4A3|COL4A4|COL4A5|COL4A6|COL6A1|COL6A2|COL6A3|COL6A5|COL6A6|COL9A1|COL9A2|COMP|CREB1|CREB3|CREB3L1|CREB3L3|CREB3L4|CREB5|CREBBP|CSNK1A1|CTNNB1|DLG1|DLG2|DLG3|DVL2|EGF|EGFR|EIF2AK2|EP300|FASLG|FN1|FZD3|FZD6|GSK3B|HDAC1|HES3|HES7|HEY1|HEY2|HEYL|IBSP|IFNAR1|IKBKB|IKBKE|IKBKG|ITGA1|ITGA10|ITGA11|ITGA2B|ITGA4|ITGA5|ITGA6|ITGA7|ITGA8|ITGA9|ITGAV|ITGB1|ITGB3|ITGB4|ITGB5|ITGB6|ITGB7|ITGB8|JAG1|JAK1|LAMA1|LAMA2|LAMA3|LAMA4|LAMB1|LAMB3|LAMB4|LAMC1|LAMC3|LLGL1|LLGL2|MAGI1|MAML1|MAML2|MAML3|MAP2K1|MAPK1|MDM2|MFNG|MTOR|MX1|MX2|NFKB1|NFX1|NOTCH1|NOTCH2|NOTCH3|PALS1|PARD3|PARD6B|PARD6G|PATJ|PIK3CA|PIK3CB|PIK3R3|PKM|PPP2R1A|PPP2R1B|PPP2R2A|PPP2R2C|PPP2R2D|PPP2R3A|PPP2R3C|PPP2R5A|PPP2R5C|PPP2R5D|PRKACB|PRKCI|PRKCZ|PSEN1|PTEN|PTGS2|PTK2|PXN|RAF1|RB1|RBL1|RBL2|RBPJ|RELN|RPS6KB1|SOS1|SOS2|SPP1|STAT1|STAT2|TADA3|TBK1|TBP|TBPL1|TBPL2|TCF7L2|THBS1|THBS2|THBS3|THBS4|TLR3|TNC|TNN|TNR|TP53|TRADD|TRAF3|TSC1|TSC2|TYK2|UBE3A|UBR4|VTN|VWF,ATP6V0A2|ATP6V1B1|ATP6V1C2|CASP8|CCND2|CDK4|CHD4|COL4A1|COL4A2|CREB1|CREB3|CREBBP|DVL2|FASLG|FN1|ITGA1|ITGA4|ITGA5|ITGA6|ITGA7|ITGB6|ITGB7|LAMA1|LAMA3|LAMB3|LAMC1|MAP2K1|MDM2|NFX1|PKM|PPP2R5A|PPP2R5C|PTGS2|RBL2|SOS1|STAT1|STAT2|TBK1|TBPL2|THBS1|THBS3|THBS4|TNC|TNN|TRAF3|TSC1|UBE3A,47,bonobo:AKT1|AKT2|AKT3|APC|ATM|ATP6AP1|ATP6V0A1|ATP6V0A4|ATP6V1A|ATP6V1B2|ATP6V1C1|ATP6V1E1|ATP6V1H|ATR|AXIN2|CASP3|CCNA1|CCNA2|CCNE1|CCNE2|CHUK|COL1A1|COL1A2|COL4A3|COL4A4|COL4A5|COL4A6|COL6A1|COL6A2|COL6A5|COL9A1|COL9A2|COL9A3|COMP|CREB3L1|CREB3L2|CREB3L3|CREB3L4|CREB5|CSNK1A1|CTNNB1|DLG1|DLG2|DLG3|EGF|EGFR|EP300|FAS|FZD3|FZD6|GSK3B|HDAC1|HDAC2|HES3|HEY1|HEY2|HEYL|IBSP|IFNAR1|IKBKB|IKBKE|IKBKG|IRF9|ITGA11|ITGA2|ITGA2B|ITGA8|ITGA9|ITGAV|ITGB1|ITGB3|ITGB4|ITGB5|ITGB8|JAG1|JAK1|LAMA2|LAMA4|LAMA5|LAMB1|LAMB2|LAMB4|LAMC2|LAMC3|LLGL1|LLGL2|MAML1|MAML2|MAML3|MAP2K2|MAPK1|MFNG|MTOR|MX2|NFKB1|NOTCH1|NOTCH2|NOTCH3|PALS1|PARD3|PARD6B|PATJ|PIK3CA|PIK3CB|PIK3R1|PIK3R3|PPP2CB|PPP2R1A|PPP2R1B|PPP2R2A|PPP2R3A|PPP2R3C|PPP2R5D|PPP2R5E|PRKACB|PRKCI|PRKCZ|PSEN1|PTGER4|PTK2|PXN|RAF1|RB1|RBL1|RBPJ|RBPJL|RELN|RPS6KB1|SCRIB|SPP1|TADA3|TBP|TCF7L2|TCIRG1|THBS2|TNR|TP53|TRADD|TSC2|TYK2|UBR4|VTN|VWF; borangutan:AKT1|AKT2|AKT3|APC|ATM|ATP6V0A1|ATP6V1A|ATP6V1B2|ATP6V1C1|ATP6V1D|ATP6V1E1|ATP6V1H|ATR|AXIN2|CCNA1|CCNA2|CCND1|CCNE1|CCNE2|CDC42|CDK6|CHUK|COL1A1|COL1A2|COL2A1|COL4A3|COL4A4|COL4A5|COL4A6|COL6A1|COL6A2|COL6A3|COL6A5|COL6A6|COL9A1|COL9A2|COL9A3|COMP|CREB3L1|CREB3L3|CREB3L4|CREB5|CSNK1A1|CTNNB1|DLG1|DLG2|DLG3|EGF|EGFR|EIF2AK2|EP300|FZD3|FZD6|GSK3B|HDAC1|HES3|HES7|HEY1|HEY2|HEYL|IBSP|IFNAR1|IKBKB|IKBKE|IKBKG|ITGA10|ITGA11|ITGA2B|ITGA8|ITGA9|ITGAV|ITGB1|ITGB3|ITGB4|ITGB5|ITGB8|JAG1|JAK1|LAMA2|LAMA4|LAMB1|LAMB4|LAMC3|LLGL1|LLGL2|MAGI1|MAML1|MAML2|MAML3|MAPK1|MFNG|MTOR|MX1|MX2|NFKB1|NOTCH1|NOTCH2|NOTCH3|PALS1|PARD3|PARD6B|PARD6G|PATJ|PIK3CA|PIK3CB|PIK3R3|PPP2R1A|PPP2R1B|PPP2R2A|PPP2R2D|PPP2R3A|PPP2R3C|PPP2R5D|PRKACB|PRKCI|PRKCZ|PSEN1|PTEN|PTGER4|PTK2|PXN|RAF1|RB1|RBL1|RBPJ|RELN|RPS6KB1|RPS6KB2|SOS2|SPP1|TADA3|TBP|TBPL1|TCF7L2|THBS2|TLR3|TNR|TP53|TRADD|TSC2|TYK2|UBR4|VTN|VWF; chimpanzee:AKT1|AKT2|AKT3|APC|ATM|ATP6AP1|ATP6V0A1|ATP6V1A|ATP6V1B2|ATP6V1C1|ATP6V1D|ATP6V1E1|ATP6V1H|ATR|AXIN2|CASP3|CCNA1|CCNA2|CCND1|CCNE1|CCNE2|CDC42|CDK6|CHUK|COL1A1|COL1A2|COL2A1|COL4A3|COL4A4|COL4A5|COL4A6|COL6A2|COL6A3|COL6A5|COL6A6|COL9A1|COL9A2|COL9A3|COMP|CREB3L1|CREB3L2|CREB3L3|CREB3L4|CREB5|CSNK1A1|CTNNB1|DLG1|DLG2|DLG3|EGF|EGFR|EIF2AK2|EP300|FAS|FZD3|FZD6|GSK3B|HDAC2|HES3|HES7|HEY1|HEY2|HEYL|IBSP|IKBKB|IKBKE|IKBKG|IRF9|ITGA10|ITGA11|ITGA2|ITGA2B|ITGA8|ITGA9|ITGAV|ITGB1|ITGB3|ITGB4|ITGB5|JAG1|JAK1|LAMA2|LAMA4|LAMB1|LAMB2|LAMB4|LAMC3|LLGL1|LLGL2|MAGI1|MAML1|MAML2|MAML3|MAP2K2|MAPK1|MFNG|MTOR|MX1|NFKB1|NOTCH1|NOTCH2|NOTCH3|PALS1|PARD3|PARD6B|PARD6G|PATJ|PIK3CA|PIK3CB|PIK3R1|PIK3R3|PPP2CA|PPP2CB|PPP2R1A|PPP2R1B|PPP2R2A|PPP2R2B|PPP2R2D|PPP2R3A|PPP2R3C|PPP2R5D|PPP2R5E|PRKACB|PRKCI|PSEN1|PSMC1|PTEN|PTGER4|PTK2|RAF1|RB1|RBL1|RBPJ|RBPJL|RELN|RPS6KB1|SOS2|SPP1|TADA3|TBP|TCF7L2|TCIRG1|TLR3|TNR|TP53|TRADD|TSC2|TYK2|UBR4|VTN|VWF; gorillla:AKT3|COL2A1|COL6A3|EIF2AK2|HES7|IRF9|ITGA10|ITGA2|MX1|PARD6G|PIK3R1|PTGER4|PXN|SOS2|TERT|TLR3; human:AKT1|AKT2|APC|ATM|ATP6AP1|ATP6V0A1|ATP6V0A4|ATP6V1A|ATP6V1B2|ATP6V1C1|ATP6V1D|ATP6V1E1|ATP6V1H|ATR|AXIN2|CASP3|CCNA2|CCND1|CCNE1|CCNE2|CDK6|CHUK|COL1A1|COL1A2|COL2A1|COL4A3|COL4A4|COL4A5|COL4A6|COL6A1|COL6A2|COL6A3|COL6A5|COL6A6|COL9A1|COL9A2|COL9A3|COMP|CREB3L1|CREB3L2|CREB3L3|CREB3L4|CREB5|CSNK1A1|CTNNB1|DLG1|DLG2|DLG3|DVL1|EGF|EGFR|EIF2AK2|EP300|FAS|FZD3|FZD6|GSK3B|HDAC1|HDAC2|HES3|HES7|HEY1|HEY2|HEYL|IBSP|IFNAR1|IKBKB|IKBKE|IKBKG|IRF9|ITGA10|ITGA11|ITGA2|ITGA2B|ITGA8|ITGA9|ITGAV|ITGB1|ITGB3|ITGB4|ITGB5|ITGB8|JAG1|JAK1|LAMA2|LAMA4|LAMA5|LAMB1|LAMB2|LAMB4|LAMC2|LAMC3|LFNG|LLGL1|LLGL2|MAGI1|MAML1|MAML2|MAML3|MAP2K2|MAPK1|MFNG|MTOR|MX1|MX2|NFKB1|NOTCH1|NOTCH2|NOTCH3|P3R3URF-PIK3R3|PALS1|PARD3|PARD6B|PARD6G|PATJ|PIK3CA|PIK3CB|PIK3R1|PIK3R3|PPP2CA|PPP2CB|PPP2R1A|PPP2R1B|PPP2R2A|PPP2R2D|PPP2R3A|PPP2R3C|PPP2R5D|PPP2R5E|PRKACB|PRKCI|PRKCZ|PSEN1|PSMC1|PTEN|PTGER4|PTK2|PXN|RAF1|RB1|RBL1|RBPJ|RBPJL|RELN|RPS6KB1|SCRIB|SOS2|SPP1|TADA3|TBP|TCF7|TCF7L2|TCIRG1|TERT|THBS2|TICAM1|TLR3|TNR|TNXB|TP53|TRADD|TSC2|TYK2|UBR4|VTN|VWF; sorangutan:AKT1|AKT2|AKT3|APC|ATM|ATP6V0A1|ATP6V1A|ATP6V1B2|ATP6V1C1|ATP6V1D|ATP6V1E1|ATP6V1H|ATR|AXIN2|CCNA1|CCNA2|CCND1|CCNE1|CCNE2|CDC42|CDK6|CHUK|COL1A1|COL1A2|COL2A1|COL4A3|COL4A4|COL4A5|COL4A6|COL6A1|COL6A2|COL6A3|COL6A5|COL6A6|COL9A1|COL9A2|COMP|CREB3L1|CREB3L3|CREB3L4|CREB5|CSNK1A1|CTNNB1|DLG1|DLG2|DLG3|EGF|EGFR|EIF2AK2|EP300|FZD3|FZD6|GSK3B|HDAC1|HES3|HES7|HEY1|HEY2|HEYL|IBSP|IFNAR1|IKBKB|IKBKE|IKBKG|ITGA10|ITGA11|ITGA2B|ITGA8|ITGA9|ITGAV|ITGB1|ITGB3|ITGB4|ITGB5|ITGB8|JAG1|JAK1|LAMA2|LAMA4|LAMB1|LAMB4|LAMC3|LLGL1|LLGL2|MAGI1|MAML1|MAML2|MAML3|MAPK1|MFNG|MTOR|MX1|MX2|NFKB1|NOTCH1|NOTCH2|NOTCH3|PALS1|PARD3|PARD6B|PARD6G|PATJ|PIK3CA|PIK3CB|PIK3R3|PPP2R1A|PPP2R1B|PPP2R2A|PPP2R2C|PPP2R2D|PPP2R3A|PPP2R3C|PPP2R5D|PRKACB|PRKCI|PRKCZ|PSEN1|PTEN|PTK2|PXN|RAF1|RB1|RBL1|RBPJ|RELN|RPS6KB1|SOS2|SPP1|TADA3|TBP|TBPL1|TCF7L2|THBS2|TLR3|TNR|TP53|TRADD|TSC2|TYK2|UBR4|VTN|VWF
cGMP-PKG signaling pathway,1,bonobo,bonobo:91,bonobo:ADCY1|ADCY2|ADCY3|ADCY5|ADCY6|ADCY7|ADCY8|ADCY9|AKT1|AKT2|AKT3|ATF2|ATF6B|ATP1A1|ATP1A2|ATP1A3|ATP1A4|ATP1B1|ATP1B3|ATP1B4|ATP2A2|ATP2B1|ATP2B3|ATP2B4|CACNA1C|CACNA1D|CACNA1F|CACNA1S|CNGA1|CREB1|CREB3|CREB3L1|CREB3L2|CREB3L3|CREB3L4|CREB5|EDNRA|EDNRB|GTF2I|GUCY1A1|GUCY1B1|INSR|IRAG1|ITPR1|ITPR2|ITPR3|KCNMA1|KCNMB3|KCNMB4|KNG1|MAP2K1|MAP2K2|MAPK1|MEF2A|MEF2B|MEF2C|MEF2D|MYH6|MYLK|MYLK2|NFATC1|NFATC2|NFATC3|NFATC4|NPR1|NPR2|PDE2A|PDE3A|PDE3B|PDE5A|PIK3CG|PIK3R5|PLCB1|PLCB2|PLCB3|PLCB4|PPP1R12A|PPP3CA|PPP3CC|PRKCE|PRKG2|RAF1|ROCK1|ROCK2|SLC25A31|SLC25A5|SLC8A1|SRF|TRPC6|VDAC1|VDAC3,ADCY1|ADCY2|ADCY3|ADCY5|ADCY6|ADCY7|ADCY8|ADCY9|AKT1|AKT2|AKT3|ATF2|ATF6B|ATP1A1|ATP1A2|ATP1A3|ATP1A4|ATP1B1|ATP1B3|ATP1B4|ATP2A2|ATP2B1|ATP2B3|ATP2B4|CACNA1C|CACNA1D|CACNA1F|CACNA1S|CNGA1|CREB1|CREB3|CREB3L1|CREB3L2|CREB3L3|CREB3L4|CREB5|EDNRA|EDNRB|GTF2I|GUCY1A1|GUCY1B1|INSR|IRAG1|ITPR1|ITPR2|ITPR3|KCNMA1|KCNMB3|KCNMB4|KNG1|MAP2K1|MAP2K2|MAPK1|MEF2A|MEF2B|MEF2C|MEF2D|MYH6|MYLK|MYLK2|NFATC1|NFATC2|NFATC3|NFATC4|NPR1|NPR2|PDE2A|PDE3A|PDE3B|PDE5A|PIK3CG|PIK3R5|PLCB1|PLCB2|PLCB3|PLCB4|PPP1R12A|PPP3CA|PPP3CC|PRKCE|PRKG2|RAF1|ROCK1|ROCK2|SLC25A31|SLC25A5|SLC8A1|SRF|TRPC6|VDAC1|VDAC3,91,bonobo:
Protein processing in endoplasmic reticulum,6,bonobo; borangutan; chimpanzee; gorillla; human; sorangutan,bonobo:98; borangutan:97; chimpanzee:100; gorillla:31; human:106; sorangutan:97,bonobo:AMFR|ATF6|ATF6B|BAG1|BAG2|CANX|CAPN1|CRYAB|CUL1|DDOST|DERL1|DERL2|DERL3|DNAJA2|DNAJB11|DNAJC1|DNAJC10|DNAJC3|DNAJC5B|DNAJC5G|EDEM1|EDEM3|EIF2AK3|EIF2S1|ERLEC1|ERO1A|ERO1B|GANAB|HERPUD1|HSP90B1|HSPA4L|HSPA5|HSPA8|HSPH1|HYOU1|LMAN1|LMAN1L|MAGT1|MAN1A1|MAN1A2|MAN1B1|MAP3K5|MAPK10|MAPK8|MAPK9|MARCHF6|MBTPS1|MBTPS2|NFE2L2|NGLY1|NPLOC4|NSFL1C|PDIA3|PDIA6|PLAA|PREB|RAD23A|RAD23B|RPN1|RPN2|SAR1A|SEC13|SEC23A|SEC23B|SEC24A|SEC24B|SEC24C|SEC24D|SEC31A|SEC61A1|SEC61A2|SEC62|SEL1L|SEL1L2|SIL1|SSR1|STT3A|STT3B|STUB1|SVIP|SYVN1|TRAF2|TRAM1|TUSC3|TXNDC5|UBE2D1|UBE2D2|UBE2J1|UBE2J2|UBE4B|UBQLN1|UBXN1|UBXN4|UBXN8|UFD1|UGGT1|UGGT2|VCP; borangutan:AMFR|ATF6|ATF6B|BAG2|CANX|CAPN1|CRYAB|CUL1|DDOST|DERL1|DERL2|DERL3|DNAJA2|DNAJB11|DNAJC1|DNAJC10|DNAJC3|DNAJC5B|DNAJC5G|EDEM1|EDEM3|EIF2AK3|EIF2S1|ERLEC1|ERO1A|ERO1B|GANAB|HERPUD1|HSP90AB1|HSP90B1|HSPA5|HSPA8|HSPH1|HYOU1|LMAN1|MAN1A1|MAN1A2|MAN1B1|MAP3K5|MAPK10|MAPK8|MAPK9|MARCHF6|MBTPS1|NFE2L2|NGLY1|NPLOC4|NSFL1C|P4HB|PDIA3|PDIA6|PLAA|PPP2CA|PREB|PRKN|RAD23A|RAD23B|RPN1|RPN2|SAR1A|SEC13|SEC23B|SEC24A|SEC24B|SEC24D|SEC31A|SEC61A1|SEC61A2|SEC62|SEC63|SEL1L|SEL1L2|SIL1|SSR1|STT3A|STT3B|STUB1|SVIP|SYVN1|TMEM258|TRAF2|TRAM1|TUSC3|TXNDC5|UBE2D1|UBE2D2|UBE2J1|UBE2J2|UBE4B|UBQLN1|UBXN1|UBXN4|UBXN8|UFD1|UGGT1|UGGT2|VCP; chimpanzee:AMFR|ATF6|ATXN3|BAG1|BAG2|CANX|CAPN1|CRYAB|DDOST|DERL2|DERL3|DNAJA2|DNAJB11|DNAJC1|DNAJC10|DNAJC3|DNAJC5B|DNAJC5G|EDEM1|EDEM3|EIF2AK3|EIF2S1|ERLEC1|ERO1A|ERO1B|GANAB|HERPUD1|HSP90AB1|HSP90B1|HSPA4L|HSPA5|HSPA8|HSPH1|HYOU1|LMAN1|MAGT1|MAN1A1|MAN1A2|MAN1B1|MAP3K5|MAPK10|MAPK8|MAPK9|MARCHF6|MBTPS1|MBTPS2|NFE2L2|NGLY1|NPLOC4|NSFL1C|PDIA3|PDIA6|PLAA|PREB|RAD23B|RPN1|RPN2|RRBP1|SAR1A|SEC13|SEC23A|SEC23B|SEC24A|SEC24B|SEC24C|SEC24D|SEC31A|SEC61A1|SEC61A2|SEC62|SEC63|SEL1L|SEL1L2|SIL1|SKP1|SSR1|STT3A|STT3B|STUB1|SVIP|SYVN1|TMEM258|TRAF2|TRAM1|TUSC3|TXNDC5|UBE2D1|UBE2D2|UBE2D3|UBE2D4|UBE2J1|UBE2J2|UBE4B|UBQLN1|UBXN1|UBXN4|UFD1|UGGT1|UGGT2|VCP; gorillla:AMFR|BAG1|DDOST|DERL2|DNAJA2|DNAJC10|DNAJC3|EDEM3|EIF2AK3|EIF2S1|ERLEC1|ERO1A|HERPUD1|HSP90B1|HSPA5|HSPH1|LMAN1|MAN1A2|MAN1B1|MARCHF6|MBTPS1|PDIA6|PREB|RAD23B|SEC23A|SEL1L|STUB1|UBQLN1|UBXN4|UGGT2|VCP; human:AMFR|ATF6|ATF6B|ATXN3|BAG1|BAG2|CANX|CAPN1|CRYAB|CUL1|DERL1|DERL2|DERL3|DNAJA2|DNAJB11|DNAJC1|DNAJC10|DNAJC3|DNAJC5B|DNAJC5G|EDEM1|EDEM3|EIF2AK3|EIF2S1|ERLEC1|ERO1A|ERO1B|GANAB|HERPUD1|HSP90AB1|HSP90B1|HSPA4L|HSPA5|HSPA8|HSPH1|HYOU1|LMAN1|LMAN1L|MAGT1|MAN1A1|MAN1A2|MAN1B1|MAP3K5|MAPK10|MAPK8|MAPK9|MARCHF6|MBTPS1|MBTPS2|NFE2L2|NGLY1|NPLOC4|NSFL1C|PDIA3|PDIA6|PLAA|PREB|RAD23A|RAD23B|RPN1|RPN2|RRBP1|SAR1A|SEC13|SEC23A|SEC23B|SEC24A|SEC24B|SEC24C|SEC24D|SEC31A|SEC31B|SEC61A1|SEC61A2|SEC62|SEC63|SEL1L|SEL1L2|SIL1|SKP1|SSR1|STT3A|STT3B|STUB1|SVIP|SYVN1|TMEM258|TRAF2|TRAM1|TUSC3|TXNDC5|UBE2D1|UBE2D2|UBE2D3|UBE2D4|UBE2J1|UBE2J2|UBE4B|UBQLN1|UBXN1|UBXN4|UBXN8|UFD1|UGGT1|UGGT2|VCP; sorangutan:AMFR|ATF6|ATF6B|BAG2|CANX|CAPN1|CRYAB|CUL1|DDOST|DERL1|DERL2|DERL3|DNAJA2|DNAJB1|DNAJB11|DNAJC1|DNAJC10|DNAJC3|DNAJC5B|DNAJC5G|EDEM1|EDEM3|EIF2AK3|EIF2S1|ERLEC1|ERO1A|ERO1B|GANAB|HERPUD1|HSP90AB1|HSP90B1|HSPA5|HSPA8|HSPH1|HYOU1|LMAN1|LMAN1L|MAN1A1|MAN1A2|MAN1B1|MAP3K5|MAPK10|MAPK8|MAPK9|MARCHF6|MBTPS1|NFE2L2|NGLY1|NPLOC4|NSFL1C|P4HB|PDIA3|PDIA6|PLAA|PREB|RAD23A|RAD23B|RPN1|RPN2|SAR1A|SEC13|SEC23B|SEC24A|SEC24B|SEC24D|SEC31A|SEC61A1|SEC61A2|SEC62|SEC63|SEL1L|SEL1L2|SIL1|SSR1|STT3A|STT3B|STUB1|SVIP|SYVN1|TMEM258|TRAF2|TRAM1|TUSC3|TXNDC5|UBE2D1|UBE2D2|UBE2J1|UBE2J2|UBE4B|UBQLN1|UBXN1|UBXN4|UBXN8|UFD1|UGGT1|UGGT2|VCP,AMFR|DERL2|DNAJA2|DNAJC10|DNAJC3|EDEM3|EIF2AK3|EIF2S1|ERLEC1|ERO1A|HERPUD1|HSP90B1|HSPA5|HSPH1|LMAN1|MAN1A2|MAN1B1|MARCHF6|MBTPS1|PDIA6|PREB|RAD23B|SEL1L|STUB1|UBQLN1|UBXN4|UGGT2|VCP,28,bonobo:ATF6|ATF6B|BAG1|BAG2|CANX|CAPN1|CRYAB|CUL1|DDOST|DERL1|DERL3|DNAJB11|DNAJC1|DNAJC5B|DNAJC5G|EDEM1|ERO1B|GANAB|HSPA4L|HSPA8|HYOU1|LMAN1L|MAGT1|MAN1A1|MAP3K5|MAPK10|MAPK8|MAPK9|MBTPS2|NFE2L2|NGLY1|NPLOC4|NSFL1C|PDIA3|PLAA|RAD23A|RPN1|RPN2|SAR1A|SEC13|SEC23A|SEC23B|SEC24A|SEC24B|SEC24C|SEC24D|SEC31A|SEC61A1|SEC61A2|SEC62|SEL1L2|SIL1|SSR1|STT3A|STT3B|SVIP|SYVN1|TRAF2|TRAM1|TUSC3|TXNDC5|UBE2D1|UBE2D2|UBE2J1|UBE2J2|UBE4B|UBXN1|UBXN8|UFD1|UGGT1; borangutan:ATF6|ATF6B|BAG2|CANX|CAPN1|CRYAB|CUL1|DDOST|DERL1|DERL3|DNAJB11|DNAJC1|DNAJC5B|DNAJC5G|EDEM1|ERO1B|GANAB|HSP90AB1|HSPA8|HYOU1|MAN1A1|MAP3K5|MAPK10|MAPK8|MAPK9|NFE2L2|NGLY1|NPLOC4|NSFL1C|P4HB|PDIA3|PLAA|PPP2CA|PRKN|RAD23A|RPN1|RPN2|SAR1A|SEC13|SEC23B|SEC24A|SEC24B|SEC24D|SEC31A|SEC61A1|SEC61A2|SEC62|SEC63|SEL1L2|SIL1|SSR1|STT3A|STT3B|SVIP|SYVN1|TMEM258|TRAF2|TRAM1|TUSC3|TXNDC5|UBE2D1|UBE2D2|UBE2J1|UBE2J2|UBE4B|UBXN1|UBXN8|UFD1|UGGT1; chimpanzee:ATF6|ATXN3|BAG1|BAG2|CANX|CAPN1|CRYAB|DDOST|DERL3|DNAJB11|DNAJC1|DNAJC5B|DNAJC5G|EDEM1|ERO1B|GANAB|HSP90AB1|HSPA4L|HSPA8|HYOU1|MAGT1|MAN1A1|MAP3K5|MAPK10|MAPK8|MAPK9|MBTPS2|NFE2L2|NGLY1|NPLOC4|NSFL1C|PDIA3|PLAA|RPN1|RPN2|RRBP1|SAR1A|SEC13|SEC23A|SEC23B|SEC24A|SEC24B|SEC24C|SEC24D|SEC31A|SEC61A1|SEC61A2|SEC62|SEC63|SEL1L2|SIL1|SKP1|SSR1|STT3A|STT3B|SVIP|SYVN1|TMEM258|TRAF2|TRAM1|TUSC3|TXNDC5|UBE2D1|UBE2D2|UBE2D3|UBE2D4|UBE2J1|UBE2J2|UBE4B|UBXN1|UFD1|UGGT1; gorillla:BAG1|DDOST|SEC23A; human:ATF6|ATF6B|ATXN3|BAG1|BAG2|CANX|CAPN1|CRYAB|CUL1|DERL1|DERL3|DNAJB11|DNAJC1|DNAJC5B|DNAJC5G|EDEM1|ERO1B|GANAB|HSP90AB1|HSPA4L|HSPA8|HYOU1|LMAN1L|MAGT1|MAN1A1|MAP3K5|MAPK10|MAPK8|MAPK9|MBTPS2|NFE2L2|NGLY1|NPLOC4|NSFL1C|PDIA3|PLAA|RAD23A|RPN1|RPN2|RRBP1|SAR1A|SEC13|SEC23A|SEC23B|SEC24A|SEC24B|SEC24C|SEC24D|SEC31A|SEC31B|SEC61A1|SEC61A2|SEC62|SEC63|SEL1L2|SIL1|SKP1|SSR1|STT3A|STT3B|SVIP|SYVN1|TMEM258|TRAF2|TRAM1|TUSC3|TXNDC5|UBE2D1|UBE2D2|UBE2D3|UBE2D4|UBE2J1|UBE2J2|UBE4B|UBXN1|UBXN8|UFD1|UGGT1; sorangutan:ATF6|ATF6B|BAG2|CANX|CAPN1|CRYAB|CUL1|DDOST|DERL1|DERL3|DNAJB1|DNAJB11|DNAJC1|DNAJC5B|DNAJC5G|EDEM1|ERO1B|GANAB|HSP90AB1|HSPA8|HYOU1|LMAN1L|MAN1A1|MAP3K5|MAPK10|MAPK8|MAPK9|NFE2L2|NGLY1|NPLOC4|NSFL1C|P4HB|PDIA3|PLAA|RAD23A|RPN1|RPN2|SAR1A|SEC13|SEC23B|SEC24A|SEC24B|SEC24D|SEC31A|SEC61A1|SEC61A2|SEC62|SEC63|SEL1L2|SIL1|SSR1|STT3A|STT3B|SVIP|SYVN1|TMEM258|TRAF2|TRAM1|TUSC3|TXNDC5|UBE2D1|UBE2D2|UBE2J1|UBE2J2|UBE4B|UBXN1|UBXN8|UFD1|UGGT1
Motor proteins,5,bonobo; borangutan; chimpanzee; human; sorangutan,bonobo:106; borangutan:107; chimpanzee:119; human:130; sorangutan:113,bonobo:ACTA2|ACTR10|ACTR1B|BICDL1|CAPZA1|CAPZA2|CENPE|DCTN1|DCTN2|DCTN4|DCTN5|DNAH1|DNAH10|DNAH11|DNAH17|DNAH2|DNAH3|DNAH5|DNAH6|DNAH7|DNAH8|DNAH9|DNAI1|DNAI2|DNAI3|DNAL1|DNAL4|DYNC1H1|DYNC1I1|DYNC1I2|DYNC1LI1|DYNC1LI2|DYNC2H1|HOOK3|KIF11|KIF13A|KIF13B|KIF14|KIF15|KIF18A|KIF18B|KIF19|KIF1C|KIF20A|KIF20B|KIF21A|KIF21B|KIF23|KIF24|KIF26A|KIF26B|KIF2A|KIF2C|KIF3A|KIF3C|KIF4A|KIF5A|KIF5B|KIF5C|KIF6|KIF7|KIF9|KIFAP3|KIFC1|KIFC3|KLC1|KLC4|MYH1|MYH10|MYH11|MYH13|MYH14|MYH15|MYH2|MYH3|MYH6|MYH7B|MYH9|MYO10|MYO15B|MYO16|MYO18A|MYO18B|MYO19|MYO1A|MYO1B|MYO1C|MYO1D|MYO1E|MYO1G|MYO1H|MYO3A|MYO3B|MYO5A|MYO5B|MYO5C|MYO6|MYO7A|MYO7B|MYO9A|STARD9|TNNC1|TPM1|TUBB4A|TUBB4B|TUBE1; borangutan:ACTG2|ACTR10|ACTR1B|BAZ2B|BICDL1|CAPZA1|CAPZA2|CENPE|DCTN1|DCTN2|DCTN4|DCTN5|DNAH1|DNAH10|DNAH11|DNAH12|DNAH14|DNAH17|DNAH3|DNAH5|DNAH6|DNAH7|DNAH8|DNAH9|DNAI1|DNAI2|DNAI3|DNAL1|DYNC1H1|DYNC1I1|DYNC1I2|DYNC1LI1|DYNC1LI2|DYNC2H1|DYNLT1|DYNLT3|KIF11|KIF13A|KIF13B|KIF14|KIF15|KIF18A|KIF19|KIF1A|KIF1B|KIF1C|KIF20A|KIF20B|KIF21A|KIF21B|KIF23|KIF26B|KIF27|KIF2A|KIF2C|KIF3A|KIF4A|KIF5A|KIF5B|KIF5C|KIF7|KIF9|KIFAP3|KIFC1|KIFC2|KIFC3|KLC1|KLC4|MYH10|MYH13|MYH14|MYH15|MYH3|MYH6|MYH7B|MYH8|MYH9|MYO10|MYO15A|MYO16|MYO18A|MYO18B|MYO1A|MYO1B|MYO1C|MYO1D|MYO1E|MYO1G|MYO1H|MYO3A|MYO3B|MYO5A|MYO5B|MYO5C|MYO6|MYO7A|MYO7B|MYO9A|MYO9B|STARD9|TNNC1|TNNI2|TPM1|TPM3|TUBB4A|TUBB4B|TUBE1; chimpanzee:ACTA2|ACTC1|ACTG2|ACTR10|BICDL1|CAPZA1|CAPZA2|CENPE|DCTN1|DCTN2|DCTN4|DCTN5|DNAH1|DNAH10|DNAH11|DNAH14|DNAH17|DNAH2|DNAH3|DNAH5|DNAH6|DNAH7|DNAH8|DNAH9|DNAI1|DNAI2|DNAI3|DNAL1|DNAL4|DYNC1H1|DYNC1I1|DYNC1I2|DYNC1LI1|DYNC1LI2|DYNC2H1|DYNC2LI1|DYNLT1|DYNLT3|HOOK3|KIF11|KIF13A|KIF13B|KIF14|KIF15|KIF16B|KIF18A|KIF18B|KIF19|KIF1C|KIF20A|KIF20B|KIF21A|KIF21B|KIF23|KIF26A|KIF26B|KIF2A|KIF2C|KIF3A|KIF3C|KIF4A|KIF5A|KIF5B|KIF5C|KIF6|KIF7|KIF9|KIFAP3|KIFC1|KIFC3|KLC1|KLC4|MYH1|MYH10|MYH11|MYH13|MYH14|MYH15|MYH2|MYH3|MYH4|MYH6|MYH7B|MYH8|MYH9|MYL12A|MYO10|MYO15A|MYO16|MYO18A|MYO18B|MYO19|MYO1A|MYO1B|MYO1D|MYO1E|MYO1H|MYO3A|MYO3B|MYO5A|MYO5B|MYO5C|MYO6|MYO7A|MYO7B|MYO9A|MYO9B|STARD9|TNNC1|TNNI2|TNNT2|TNNT3|TPM1|TPM3|TPM4|TUBB4A|TUBB4B|TUBB8|TUBE1; human:ACTA2|ACTC1|ACTR10|ACTR1B|BICDL1|CAPZA1|CAPZA2|CENPE|DCTN1|DCTN2|DCTN4|DCTN5|DNAH1|DNAH10|DNAH11|DNAH12|DNAH14|DNAH17|DNAH2|DNAH3|DNAH5|DNAH6|DNAH7|DNAH8|DNAH9|DNAI1|DNAI2|DNAI3|DNAI4|DNAL1|DNAL4|DYNC1H1|DYNC1I1|DYNC1I2|DYNC1LI1|DYNC1LI2|DYNC2H1|DYNC2LI1|DYNLRB2|DYNLT1|DYNLT3|HOOK3|KIF11|KIF12|KIF13A|KIF13B|KIF15|KIF16B|KIF17|KIF18A|KIF18B|KIF19|KIF1B|KIF1C|KIF20B|KIF21A|KIF21B|KIF23|KIF24|KIF26A|KIF26B|KIF27|KIF2A|KIF2C|KIF3A|KIF3C|KIF4A|KIF5A|KIF5B|KIF5C|KIF6|KIF7|KIF9|KIFAP3|KIFC1|KIFC2|KIFC3|KLC1|KLC4|MYH1|MYH10|MYH11|MYH13|MYH14|MYH15|MYH2|MYH3|MYH4|MYH6|MYH7B|MYH8|MYH9|MYL12A|MYO10|MYO15A|MYO15B|MYO16|MYO18A|MYO18B|MYO19|MYO1A|MYO1B|MYO1C|MYO1D|MYO1E|MYO1G|MYO1H|MYO3A|MYO3B|MYO5A|MYO5B|MYO5C|MYO6|MYO7A|MYO7B|MYO9A|MYO9B|STARD9|TNNC1|TNNI2|TNNT2|TNNT3|TPM1|TPM3|TPM4|TUBA8|TUBAL3|TUBB4A|TUBB4B|TUBE1; sorangutan:ACTG2|ACTR10|ACTR1B|BAZ2B|BICDL1|CAPZA1|CAPZA2|CENPE|DCTN1|DCTN2|DCTN4|DCTN5|DNAH1|DNAH10|DNAH11|DNAH12|DNAH14|DNAH17|DNAH3|DNAH5|DNAH6|DNAH7|DNAH8|DNAH9|DNAI1|DNAI2|DNAI3|DNAL1|DYNC1H1|DYNC1I1|DYNC1I2|DYNC1LI1|DYNC1LI2|DYNC2H1|DYNLT1|DYNLT3|KIF11|KIF13A|KIF13B|KIF14|KIF15|KIF18A|KIF19|KIF1A|KIF1B|KIF1C|KIF20A|KIF20B|KIF21A|KIF21B|KIF23|KIF26B|KIF27|KIF2A|KIF2C|KIF3A|KIF4A|KIF5A|KIF5B|KIF5C|KIF7|KIF9|KIFAP3|KIFC1|KIFC2|KIFC3|KLC1|KLC4|MYH1|MYH10|MYH13|MYH14|MYH15|MYH2|MYH3|MYH4|MYH6|MYH7B|MYH8|MYH9|MYL12A|MYO10|MYO15A|MYO16|MYO18A|MYO18B|MYO1A|MYO1B|MYO1C|MYO1D|MYO1E|MYO1G|MYO1H|MYO3A|MYO3B|MYO5A|MYO5B|MYO5C|MYO6|MYO7A|MYO7B|MYO9A|MYO9B|STARD9|TNNC1|TNNI1|TNNI2|TPM1|TPM3|TUBA8|TUBB4A|TUBB4B|TUBE1,ACTR10|BICDL1|CAPZA1|CAPZA2|CENPE|DCTN1|DCTN2|DCTN4|DCTN5|DNAH1|DNAH10|DNAH11|DNAH17|DNAH3|DNAH5|DNAH6|DNAH7|DNAH8|DNAH9|DNAI1|DNAI2|DNAI3|DNAL1|DYNC1H1|DYNC1I1|DYNC1I2|DYNC1LI1|DYNC1LI2|DYNC2H1|KIF11|KIF13A|KIF13B|KIF15|KIF18A|KIF19|KIF1C|KIF20B|KIF21A|KIF21B|KIF23|KIF26B|KIF2A|KIF2C|KIF3A|KIF4A|KIF5A|KIF5B|KIF5C|KIF7|KIF9|KIFAP3|KIFC1|KIFC3|KLC1|KLC4|MYH10|MYH13|MYH14|MYH15|MYH3|MYH6|MYH7B|MYH9|MYO10|MYO16|MYO18A|MYO18B|MYO1A|MYO1B|MYO1D|MYO1E|MYO1H|MYO3A|MYO3B|MYO5A|MYO5B|MYO5C|MYO6|MYO7A|MYO7B|MYO9A|STARD9|TNNC1|TPM1|TUBB4A|TUBB4B|TUBE1,87,bonobo:ACTA2|ACTR1B|DNAH2|DNAL4|HOOK3|KIF14|KIF18B|KIF20A|KIF24|KIF26A|KIF3C|KIF6|MYH1|MYH11|MYH2|MYO15B|MYO19|MYO1C|MYO1G; borangutan:ACTG2|ACTR1B|BAZ2B|DNAH12|DNAH14|DYNLT1|DYNLT3|KIF14|KIF1A|KIF1B|KIF20A|KIF27|KIFC2|MYH8|MYO15A|MYO1C|MYO1G|MYO9B|TNNI2|TPM3; chimpanzee:ACTA2|ACTC1|ACTG2|DNAH14|DNAH2|DNAL4|DYNC2LI1|DYNLT1|DYNLT3|HOOK3|KIF14|KIF16B|KIF18B|KIF20A|KIF26A|KIF3C|KIF6|MYH1|MYH11|MYH2|MYH4|MYH8|MYL12A|MYO15A|MYO19|MYO9B|TNNI2|TNNT2|TNNT3|TPM3|TPM4|TUBB8; human:ACTA2|ACTC1|ACTR1B|DNAH12|DNAH14|DNAH2|DNAI4|DNAL4|DYNC2LI1|DYNLRB2|DYNLT1|DYNLT3|HOOK3|KIF12|KIF16B|KIF17|KIF18B|KIF1B|KIF24|KIF26A|KIF27|KIF3C|KIF6|KIFC2|MYH1|MYH11|MYH2|MYH4|MYH8|MYL12A|MYO15A|MYO15B|MYO19|MYO1C|MYO1G|MYO9B|TNNI2|TNNT2|TNNT3|TPM3|TPM4|TUBA8|TUBAL3; sorangutan:ACTG2|ACTR1B|BAZ2B|DNAH12|DNAH14|DYNLT1|DYNLT3|KIF14|KIF1A|KIF1B|KIF20A|KIF27|KIFC2|MYH1|MYH2|MYH4|MYH8|MYL12A|MYO15A|MYO1C|MYO1G|MYO9B|TNNI1|TNNI2|TPM3|TUBA8
Reg. of actin cytoskeleton,4,bonobo; chimpanzee; gorillla; human,bonobo:123; chimpanzee:126; gorillla:43; human:134,bonobo:ABI2|ACTN1|ACTN4|ACTR2|ACTR3|AKT1|AKT2|AKT3|APC|ARAF|ARHGEF1|ARHGEF12|ARHGEF4|ARHGEF6|ARHGEF7|ARPC2|ARPC4|BCAR1|BRAF|C5|C6|C7|C8A|C8B|C9|CFL1|CHRM2|CYFIP1|CYFIP2|CYRIA|CYRIB|DIAPH2|DIAPH3|DOCK1|EGF|EGFR|EZR|FGD1|FGD3|FGF8|FGFR1|FGFR2|FGFR3|FN1|GIT1|INSRR|IQGAP1|IQGAP2|IQGAP3|ITGA1|ITGA10|ITGA11|ITGA2|ITGA2B|ITGA4|ITGA5|ITGA6|ITGA7|ITGA8|ITGA9|ITGAE|ITGAL|ITGAM|ITGAV|ITGAX|ITGB1|ITGB3|ITGB4|ITGB5|ITGB6|ITGB7|ITGB8|KNG1|LIMK1|LIMK2|LPAR1|LRRC45|MAP2K1|MAP2K2|MAPK1|MSN|MYH10|MYH11|MYH14|MYH9|MYLK|MYLK2|NCKAP1|NCKAP1L|PAK1|PAK2|PAK3|PDGFD|PDGFRA|PIK3CA|PIK3CB|PIK3R1|PIK3R3|PIKFYVE|PIP4K2B|PIP4K2C|PIP5K1A|PIP5K1B|PPP1R12A|PPP1R12B|PTK2|PXN|RAF1|RDX|ROCK1|ROCK2|SCIN|SOS1|SSH1|SSH2|TIAM1|VAV1|VAV2|VAV3|VCL|WASF1|WASF2|WASL; chimpanzee:ABI2|ACTN1|ACTN4|ACTR2|ACTR3B|AKT1|AKT2|AKT3|APC|ARAF|ARHGEF1|ARHGEF12|ARHGEF4|ARHGEF6|ARHGEF7|ARPC2|ARPC3|ARPC4|BCAR1|C5|C6|C7|C8A|C8B|C9|CDC42|CFL1|CYFIP1|CYFIP2|CYRIA|CYRIB|DIAPH1|DIAPH2|DIAPH3|DOCK1|EGF|EGFR|ENAH|EZR|FGD1|FGD3|FGF8|FGFR1|FGFR2|FGFR3|FN1|GIT1|GNA12|GNA13|GSN|INSRR|IQGAP1|IQGAP2|IQGAP3|ITGA1|ITGA10|ITGA11|ITGA2|ITGA2B|ITGA4|ITGA5|ITGA6|ITGA7|ITGA8|ITGA9|ITGAD|ITGAE|ITGAM|ITGAV|ITGAX|ITGB1|ITGB3|ITGB4|ITGB5|ITGB6|ITGB7|KNG1|LIMK2|LPAR1|MAP2K1|MAP2K2|MAPK1|MSN|MYH10|MYH11|MYH14|MYH9|MYL12A|MYLK|MYLK3|NCKAP1|NCKAP1L|PAK1|PAK2|PAK3|PDGFD|PDGFRA|PIK3CA|PIK3CB|PIK3R1|PIK3R3|PIKFYVE|PIP4K2A|PIP4K2B|PIP4K2C|PIP5K1A|PIP5K1B|PPP1CC|PPP1R12A|PTK2|RAC1|RAF1|ROCK1|ROCK2|SOS1|SOS2|SSH1|SSH2|TIAM1|VAV1|VAV2|VAV3|VCL|WASF1|WASF2|WASL; gorillla:ABI2|ACTN1|ACTR3|AKT3|ARHGEF7|BCAR1|C9|CYFIP1|DIAPH3|FGD3|FN1|INSRR|IQGAP1|IQGAP2|IQGAP3|ITGA1|ITGA10|ITGA2|ITGA4|ITGA5|ITGA6|ITGA7|ITGAD|ITGAL|ITGAM|ITGB6|ITGB7|LPAR1|MAP2K1|MYH10|MYH11|MYLK3|NCKAP1|NCKAP1L|PIK3R1|PIKFYVE|PIP4K2C|PIP5K1B|PXN|SOS1|SOS2|SSH1|VAV2; human:ABI2|ACTN1|ACTN4|ACTR2|ACTR3|ACTR3B|AKT1|AKT2|APC|ARAF|ARHGEF1|ARHGEF12|ARHGEF4|ARHGEF6|ARHGEF7|ARPC2|ARPC3|ARPC4|BCAR1|BRAF|C5|C6|C7|C8A|C8B|C9|CFL1|CYFIP1|CYFIP2|CYRIA|CYRIB|DIAPH1|DIAPH2|DIAPH3|DOCK1|EGF|EGFR|ENAH|EZR|FGD1|FGD3|FGF8|FGFR1|FGFR2|FGFR3|FN1|GIT1|GNA12|GNA13|GSN|INSRR|IQGAP1|IQGAP2|IQGAP3|ITGA1|ITGA10|ITGA11|ITGA2|ITGA2B|ITGA4|ITGA5|ITGA6|ITGA7|ITGA8|ITGA9|ITGAD|ITGAE|ITGAL|ITGAM|ITGAV|ITGAX|ITGB1|ITGB3|ITGB4|ITGB5|ITGB6|ITGB7|ITGB8|KNG1|LIMK1|LIMK2|LPAR1|MAP2K1|MAP2K2|MAPK1|MSN|MYH10|MYH11|MYH14|MYH9|MYL12A|MYLK|MYLK3|NCKAP1|NCKAP1L|P3R3URF-PIK3R3|PAK1|PAK2|PAK3|PDGFA|PDGFD|PDGFRA|PIK3CA|PIK3CB|PIK3R1|PIK3R3|PIKFYVE|PIP4K2A|PIP4K2B|PIP4K2C|PIP5K1A|PIP5K1B|PPP1R12A|PPP1R12B|PTK2|PXN|RAC1|RAF1|RDX|ROCK1|ROCK2|SCIN|SOS1|SOS2|SSH1|SSH2|TIAM1|VAV1|VAV2|VAV3|VCL|WASF1|WASF2|WASL,ABI2|ACTN1|ARHGEF7|BCAR1|C9|CYFIP1|DIAPH3|FGD3|FN1|INSRR|IQGAP1|IQGAP2|IQGAP3|ITGA1|ITGA10|ITGA2|ITGA4|ITGA5|ITGA6|ITGA7|ITGAM|ITGB6|ITGB7|LPAR1|MAP2K1|MYH10|MYH11|NCKAP1|NCKAP1L|PIK3R1|PIKFYVE|PIP4K2C|PIP5K1B|SOS1|SSH1|VAV2,36,bonobo:ACTN4|ACTR2|ACTR3|AKT1|AKT2|AKT3|APC|ARAF|ARHGEF1|ARHGEF12|ARHGEF4|ARHGEF6|ARPC2|ARPC4|BRAF|C5|C6|C7|C8A|C8B|CFL1|CHRM2|CYFIP2|CYRIA|CYRIB|DIAPH2|DOCK1|EGF|EGFR|EZR|FGD1|FGF8|FGFR1|FGFR2|FGFR3|GIT1|ITGA11|ITGA2B|ITGA8|ITGA9|ITGAE|ITGAL|ITGAV|ITGAX|ITGB1|ITGB3|ITGB4|ITGB5|ITGB8|KNG1|LIMK1|LIMK2|LRRC45|MAP2K2|MAPK1|MSN|MYH14|MYH9|MYLK|MYLK2|PAK1|PAK2|PAK3|PDGFD|PDGFRA|PIK3CA|PIK3CB|PIK3R3|PIP4K2B|PIP5K1A|PPP1R12A|PPP1R12B|PTK2|PXN|RAF1|RDX|ROCK1|ROCK2|SCIN|SSH2|TIAM1|VAV1|VAV3|VCL|WASF1|WASF2|WASL; chimpanzee:ACTN4|ACTR2|ACTR3B|AKT1|AKT2|AKT3|APC|ARAF|ARHGEF1|ARHGEF12|ARHGEF4|ARHGEF6|ARPC2|ARPC3|ARPC4|C5|C6|C7|C8A|C8B|CDC42|CFL1|CYFIP2|CYRIA|CYRIB|DIAPH1|DIAPH2|DOCK1|EGF|EGFR|ENAH|EZR|FGD1|FGF8|FGFR1|FGFR2|FGFR3|GIT1|GNA12|GNA13|GSN|ITGA11|ITGA2B|ITGA8|ITGA9|ITGAD|ITGAE|ITGAV|ITGAX|ITGB1|ITGB3|ITGB4|ITGB5|KNG1|LIMK2|MAP2K2|MAPK1|MSN|MYH14|MYH9|MYL12A|MYLK|MYLK3|PAK1|PAK2|PAK3|PDGFD|PDGFRA|PIK3CA|PIK3CB|PIK3R3|PIP4K2A|PIP4K2B|PIP5K1A|PPP1CC|PPP1R12A|PTK2|RAC1|RAF1|ROCK1|ROCK2|SOS2|SSH2|TIAM1|VAV1|VAV3|VCL|WASF1|WASF2|WASL; gorillla:ACTR3|AKT3|ITGAD|ITGAL|MYLK3|PXN|SOS2; human:ACTN4|ACTR2|ACTR3|ACTR3B|AKT1|AKT2|APC|ARAF|ARHGEF1|ARHGEF12|ARHGEF4|ARHGEF6|ARPC2|ARPC3|ARPC4|BRAF|C5|C6|C7|C8A|C8B|CFL1|CYFIP2|CYRIA|CYRIB|DIAPH1|DIAPH2|DOCK1|EGF|EGFR|ENAH|EZR|FGD1|FGF8|FGFR1|FGFR2|FGFR3|GIT1|GNA12|GNA13|GSN|ITGA11|ITGA2B|ITGA8|ITGA9|ITGAD|ITGAE|ITGAL|ITGAV|ITGAX|ITGB1|ITGB3|ITGB4|ITGB5|ITGB8|KNG1|LIMK1|LIMK2|MAP2K2|MAPK1|MSN|MYH14|MYH9|MYL12A|MYLK|MYLK3|P3R3URF-PIK3R3|PAK1|PAK2|PAK3|PDGFA|PDGFD|PDGFRA|PIK3CA|PIK3CB|PIK3R3|PIP4K2A|PIP4K2B|PIP5K1A|PPP1R12A|PPP1R12B|PTK2|PXN|RAC1|RAF1|RDX|ROCK1|ROCK2|SCIN|SOS2|SSH2|TIAM1|VAV1|VAV3|VCL|WASF1|WASF2|WASL
MAPK signaling pathway,2,bonobo; chimpanzee,bonobo:150; chimpanzee:159,bonobo:AKT1|AKT2|AKT3|ANGPT2|ANGPT4|ARAF|ATF2|BRAF|CACNA1A|CACNA1C|CACNA1D|CACNA1E|CACNA1F|CACNA1G|CACNA1H|CACNA1I|CACNA1S|CACNA2D1|CACNA2D2|CACNA2D3|CACNA2D4|CACNB1|CACNB2|CACNB4|CACNG1|CASP3|CDC25B|CHUK|DAXX|ECSIT|EGF|EGFR|ELK1|ERBB2|ERBB3|ERBB4|FAS|FASLG|FGF8|FGFR1|FGFR2|FGFR3|FLT3|FOS|HSPA8|IKBKB|IKBKG|IL1A|IL1R1|INSR|IRAK4|KDR|KIT|KITLG|LAMTOR3|LRRC45|MAP2K1|MAP2K2|MAP2K4|MAP2K5|MAP3K1|MAP3K12|MAP3K2|MAP3K20|MAP3K3|MAP3K4|MAP3K5|MAP3K7|MAP3K8|MAP4K1|MAP4K2|MAP4K3|MAP4K4|MAPK1|MAPK10|MAPK11|MAPK13|MAPK14|MAPK8|MAPK8IP1|MAPK8IP2|MAPK8IP3|MAPK9|MAPKAPK2|MAPKAPK5|MAX|MECOM|MEF2C|MET|MKNK1|NF1|NFATC1|NFATC3|NFKB1|NFKB2|NR4A1|NTRK2|PAK1|PAK2|PDGFD|PDGFRA|PLA2G4A|PLA2G4C|PLA2G4D|PLA2G4E|PLA2G4F|PPP3CA|PPP3CC|PRKACB|PRKCA|PRKCB|PRKCG|PTPRR|RAF1|RAP1A|RAP1B|RAPGEF2|RASA1|RASA2|RASGRF1|RASGRF2|RASGRP1|RASGRP2|RASGRP3|RASGRP4|RET|RPS6KA1|RPS6KA2|RPS6KA3|RPS6KA4|RPS6KA5|RPS6KA6|SOS1|SRF|STK3|STK4|TAB1|TAB2|TAOK1|TAOK2|TAOK3|TGFB1|TGFB3|TGFBR2|TP53|TRADD|TRAF2|TRAF6|VEGFC|VEGFD; chimpanzee:AKT1|AKT2|AKT3|ANGPT2|ANGPT4|ARAF|ATF2|CACNA1A|CACNA1B|CACNA1C|CACNA1D|CACNA1E|CACNA1F|CACNA1G|CACNA1H|CACNA1I|CACNA1S|CACNA2D1|CACNA2D2|CACNA2D3|CACNA2D4|CACNB1|CACNB2|CACNB4|CASP3|CDC25B|CDC42|CHUK|DAXX|DUSP16|ECSIT|EGF|EGFR|ELK1|ERBB2|ERBB3|ERBB4|FAS|FASLG|FGF8|FGFR1|FGFR2|FGFR3|FLNA|FLT1|FLT3|FLT3LG|FOS|GNA12|HSPA8|IKBKB|IKBKG|IL1A|IL1R1|IL1RAP|INSR|IRAK4|KDR|KIT|KITLG|LAMTOR3|MAP2K1|MAP2K2|MAP2K4|MAP2K5|MAP3K1|MAP3K12|MAP3K2|MAP3K20|MAP3K3|MAP3K4|MAP3K5|MAP3K7|MAP3K8|MAP4K1|MAP4K2|MAP4K3|MAP4K4|MAPK1|MAPK10|MAPK11|MAPK13|MAPK14|MAPK8|MAPK8IP1|MAPK8IP2|MAPK8IP3|MAPK9|MAPKAPK2|MAPKAPK5|MAX|MECOM|MEF2C|MET|MKNK1|NF1|NFATC1|NFATC3|NFKB1|NFKB2|NLK|NR4A1|NTRK1|NTRK2|PAK1|PAK2|PDGFD|PDGFRA|PGF|PLA2G4A|PLA2G4C|PLA2G4D|PLA2G4E|PLA2G4F|PPP3CA|PPP3CC|PRKACB|PRKCA|PRKCB|PRKCG|PTPN7|PTPRR|RAC1|RAF1|RAP1A|RAP1B|RAPGEF2|RASA1|RASA2|RASGRF1|RASGRF2|RASGRP1|RASGRP2|RASGRP3|RET|RPS6KA1|RPS6KA2|RPS6KA3|RPS6KA5|RPS6KA6|SOS1|SOS2|SRF|STK3|STK4|TAB1|TAB2|TAOK1|TAOK2|TAOK3|TGFB1|TGFB3|TGFBR2|TP53|TRADD|TRAF2|TRAF6|VEGFC|VEGFD,AKT1|AKT2|AKT3|ANGPT2|ANGPT4|ARAF|ATF2|CACNA1A|CACNA1C|CACNA1D|CACNA1E|CACNA1F|CACNA1G|CACNA1H|CACNA1I|CACNA1S|CACNA2D1|CACNA2D2|CACNA2D3|CACNA2D4|CACNB1|CACNB2|CACNB4|CASP3|CDC25B|CHUK|DAXX|ECSIT|EGF|EGFR|ELK1|ERBB2|ERBB3|ERBB4|FAS|FASLG|FGF8|FGFR1|FGFR2|FGFR3|FLT3|FOS|HSPA8|IKBKB|IKBKG|IL1A|IL1R1|INSR|IRAK4|KDR|KIT|KITLG|LAMTOR3|MAP2K1|MAP2K2|MAP2K4|MAP2K5|MAP3K1|MAP3K12|MAP3K2|MAP3K20|MAP3K3|MAP3K4|MAP3K5|MAP3K7|MAP3K8|MAP4K1|MAP4K2|MAP4K3|MAP4K4|MAPK1|MAPK10|MAPK11|MAPK13|MAPK14|MAPK8|MAPK8IP1|MAPK8IP2|MAPK8IP3|MAPK9|MAPKAPK2|MAPKAPK5|MAX|MECOM|MEF2C|MET|MKNK1|NF1|NFATC1|NFATC3|NFKB1|NFKB2|NR4A1|NTRK2|PAK1|PAK2|PDGFD|PDGFRA|PLA2G4A|PLA2G4C|PLA2G4D|PLA2G4E|PLA2G4F|PPP3CA|PPP3CC|PRKACB|PRKCA|PRKCB|PRKCG|PTPRR|RAF1|RAP1A|RAP1B|RAPGEF2|RASA1|RASA2|RASGRF1|RASGRF2|RASGRP1|RASGRP2|RASGRP3|RET|RPS6KA1|RPS6KA2|RPS6KA3|RPS6KA5|RPS6KA6|SOS1|SRF|STK3|STK4|TAB1|TAB2|TAOK1|TAOK2|TAOK3|TGFB1|TGFB3|TGFBR2|TP53|TRADD|TRAF2|TRAF6|VEGFC|VEGFD,145,bonobo:BRAF|CACNG1|LRRC45|RASGRP4|RPS6KA4; chimpanzee:CACNA1B|CDC42|DUSP16|FLNA|FLT1|FLT3LG|GNA12|IL1RAP|NLK|NTRK1|PGF|PTPN7|RAC1|SOS2
PI3K-Akt signaling pathway,6,bonobo; borangutan; chimpanzee; gorillla; human; sorangutan,bonobo:179; borangutan:193; chimpanzee:196; gorillla:59; human:215; sorangutan:192,bonobo:AKT1|AKT2|AKT3|ANGPT2|ANGPT4|ATF2|ATF6B|BCL2L1|CASP9|CCND2|CCNE1|CCNE2|CDC37|CDK4|CHRM2|CHUK|COL1A1|COL1A2|COL4A1|COL4A2|COL4A3|COL4A4|COL4A5|COL4A6|COL6A1|COL6A2|COL6A5|COL9A1|COL9A2|COL9A3|COMP|CREB1|CREB3|CREB3L1|CREB3L2|CREB3L3|CREB3L4|CREB5|EGF|EGFR|EIF4E2|EPO|ERBB2|ERBB3|ERBB4|FASLG|FGF8|FGFR1|FGFR2|FGFR3|FLT3|FN1|GNB1|GNB4|GNB5|GSK3B|GYS1|GYS2|HSP90B1|IBSP|IFNAR1|IKBKB|IKBKG|IL2|IL3|IL4R|IL6R|IL7|IL7R|INSR|ITGA1|ITGA10|ITGA11|ITGA2|ITGA2B|ITGA4|ITGA5|ITGA6|ITGA7|ITGA8|ITGA9|ITGAV|ITGB1|ITGB3|ITGB4|ITGB5|ITGB6|ITGB7|ITGB8|JAK1|JAK2|JAK3|KDR|KIT|KITLG|LAMA1|LAMA2|LAMA3|LAMA4|LAMA5|LAMB1|LAMB2|LAMB3|LAMB4|LAMC1|LAMC2|LAMC3|LPAR1|MAGI2|MAP2K1|MAP2K2|MAPK1|MDM2|MET|MLST8|MTCP1|MTOR|MYB|NFKB1|NR4A1|NTRK2|OSMR|PDGFD|PDGFRA|PHLPP2|PIK3AP1|PIK3CA|PIK3CB|PIK3CG|PIK3R1|PIK3R3|PIK3R5|PKN2|PKN3|PPP2CB|PPP2R1A|PPP2R1B|PPP2R2A|PPP2R3A|PPP2R3C|PPP2R5A|PPP2R5C|PPP2R5D|PPP2R5E|PRKAA1|PRKAA2|PRKCA|PRL|PRLR|PTK2|RAF1|RBL2|RELN|RET|RPS6KB1|RPTOR|SGK1|SGK2|SGK3|SOS1|SPP1|SYK|THBS1|THBS2|THBS3|THBS4|THEM4|TNC|TNN|TNR|TP53|TSC1|TSC2|VEGFC|VEGFD|VTN|VWF|YWHAB|YWHAE; borangutan:AKT1|AKT2|AKT3|ANGPT2|ANGPT4|ATF2|ATF6B|BRCA1|CASP9|CCND1|CCND2|CCNE1|CCNE2|CDK4|CDK6|CHUK|COL1A1|COL1A2|COL2A1|COL4A1|COL4A2|COL4A3|COL4A4|COL4A5|COL4A6|COL6A1|COL6A2|COL6A3|COL6A5|COL6A6|COL9A1|COL9A2|COL9A3|COMP|CREB1|CREB3|CREB3L1|CREB3L3|CREB3L4|CREB5|CRTC2|EGF|EGFR|EIF4E|EIF4E1B|EIF4E2|EPO|ERBB3|ERBB4|FASLG|FGF8|FGFR1|FGFR2|FGFR3|FLT1|FLT3|FLT3LG|FN1|GNB1|GNB3|GNB4|GNB5|GSK3B|GYS1|GYS2|HSP90AA1|HSP90AB1|HSP90B1|IBSP|IFNAR1|IKBKB|IKBKG|IL2|IL3|IL4R|IL6|IL6R|IL7|IL7R|INSR|ITGA1|ITGA10|ITGA11|ITGA2B|ITGA4|ITGA5|ITGA6|ITGA7|ITGA8|ITGA9|ITGAV|ITGB1|ITGB3|ITGB4|ITGB5|ITGB6|ITGB7|ITGB8|JAK1|JAK2|JAK3|KDR|KIT|KITLG|LAMA1|LAMA2|LAMA3|LAMA4|LAMB1|LAMB3|LAMB4|LAMC1|LAMC3|LPAR1|MAGI1|MAGI2|MAP2K1|MAPK1|MDM2|MET|MLST8|MTCP1|MTOR|MYB|NFKB1|NR4A1|NTRK1|NTRK2|OSMR|PDGFC|PDGFD|PDGFRA|PDPK1|PHLPP1|PHLPP2|PIK3AP1|PIK3CA|PIK3CB|PIK3CG|PIK3R3|PIK3R5|PKN1|PKN2|PKN3|PPP2R1A|PPP2R1B|PPP2R2A|PPP2R2D|PPP2R3A|PPP2R3C|PPP2R5A|PPP2R5C|PPP2R5D|PRKAA1|PRKAA2|PRKCA|PRL|PRLR|PTEN|PTK2|RAC1|RAF1|RBL2|RELN|RET|RPS6|RPS6KB1|RPS6KB2|RPTOR|SGK2|SGK3|SOS1|SOS2|SPP1|SYK|THBS1|THBS2|THBS3|THBS4|THEM4|TNC|TNN|TNR|TP53|TSC1|TSC2|VEGFC|VEGFD|VTN|VWF|YWHAB|YWHAE|YWHAZ; chimpanzee:AKT1|AKT2|AKT3|ANGPT2|ANGPT4|ATF2|BCL2L1|BRCA1|CASP9|CCND1|CCND2|CCNE1|CCNE2|CDC37|CDK4|CDK6|CHUK|COL1A1|COL1A2|COL2A1|COL4A1|COL4A2|COL4A3|COL4A4|COL4A5|COL4A6|COL6A2|COL6A3|COL6A5|COL6A6|COL9A1|COL9A2|COL9A3|COMP|CREB1|CREB3|CREB3L1|CREB3L2|CREB3L3|CREB3L4|CREB5|CRTC2|EGF|EGFR|EIF4E|EIF4E1B|EIF4E2|ERBB2|ERBB3|ERBB4|FASLG|FGF8|FGFR1|FGFR2|FGFR3|FLT1|FLT3|FLT3LG|FN1|FOXO3|GH1|GNB1|GNB4|GNB5|GSK3B|GYS1|GYS2|HSP90AB1|HSP90B1|IBSP|IKBKB|IKBKG|IL2|IL3|IL4R|IL6R|IL7|IL7R|INSR|ITGA1|ITGA10|ITGA11|ITGA2|ITGA2B|ITGA4|ITGA5|ITGA6|ITGA7|ITGA8|ITGA9|ITGAV|ITGB1|ITGB3|ITGB4|ITGB5|ITGB6|ITGB7|JAK1|JAK2|KDR|KIT|KITLG|LAMA1|LAMA2|LAMA3|LAMA4|LAMB1|LAMB2|LAMB3|LAMB4|LAMC1|LAMC3|LPAR1|LPAR6|MAGI1|MAGI2|MAP2K1|MAP2K2|MAPK1|MDM2|MET|MLST8|MTCP1|MTOR|MYB|NFKB1|NR4A1|NTRK1|NTRK2|OSMR|PDGFD|PDGFRA|PDPK1|PGF|PHLPP1|PHLPP2|PIK3AP1|PIK3CA|PIK3CB|PIK3CG|PIK3R1|PIK3R3|PIK3R5|PKN2|PKN3|PPP2CA|PPP2CB|PPP2R1A|PPP2R1B|PPP2R2A|PPP2R2B|PPP2R2D|PPP2R3A|PPP2R3C|PPP2R5A|PPP2R5C|PPP2R5D|PPP2R5E|PRKAA1|PRKAA2|PRKCA|PRL|PRLR|PTEN|PTK2|RAC1|RAF1|RBL2|RELN|RET|RPS6|RPS6KB1|RPTOR|SGK1|SGK2|SGK3|SOS1|SOS2|SPP1|SYK|THBS1|THBS3|THBS4|THEM4|TNC|TNN|TNR|TP53|TSC1|TSC2|VEGFC|VEGFD|VTN|VWF|YWHAB|YWHAE; gorillla:AKT1|AKT3|ATF2|CCND2|CDK4|COL2A1|COL4A1|COL4A2|COL6A3|CREB1|CREB3|ERBB4|FASLG|FN1|GNB1|GYS2|HSP90B1|IL6R|IL7R|ITGA1|ITGA10|ITGA2|ITGA4|ITGA5|ITGA6|ITGA7|ITGB6|ITGB7|JAK2|KITLG|LAMA1|LAMA3|LAMB3|LAMC1|LPAR1|MAP2K1|MDM2|NR4A1|NTRK1|PHLPP2|PIK3R1|PIK3R5|PKN3|PPP2R5A|PPP2R5C|PRKAA1|PRLR|RBL2|SOS1|SOS2|SYK|THBS1|THBS3|THBS4|THEM4|TNC|TNN|TSC1|YWHAE; human:AKT1|AKT2|ANGPT2|ANGPT4|ATF2|ATF6B|BRCA1|C8orf44-SGK3|CASP9|CCND1|CCND2|CCNE1|CCNE2|CDC37|CDK4|CDK6|CHUK|COL1A1|COL1A2|COL2A1|COL4A1|COL4A2|COL4A3|COL4A4|COL4A5|COL4A6|COL6A1|COL6A2|COL6A3|COL6A5|COL6A6|COL9A1|COL9A2|COL9A3|COMP|CREB1|CREB3|CREB3L1|CREB3L2|CREB3L3|CREB3L4|CREB5|CRTC2|CSH1|CSH2|CSHL1|EGF|EGFR|EIF4E|EIF4E1B|EIF4E2|EPO|ERBB2|ERBB3|ERBB4|FASLG|FGF8|FGFR1|FGFR2|FGFR3|FLT1|FLT3|FLT3LG|FLT4|FN1|FOXO3|GH1|GH2|GNB1|GNB4|GNB5|GSK3B|GYS1|GYS2|HSP90AB1|HSP90B1|IBSP|IFNAR1|IKBKB|IKBKG|IL2|IL3|IL3RA|IL4R|IL6|IL6R|IL7|IL7R|INSR|ITGA1|ITGA10|ITGA11|ITGA2|ITGA2B|ITGA4|ITGA5|ITGA6|ITGA7|ITGA8|ITGA9|ITGAV|ITGB1|ITGB3|ITGB4|ITGB5|ITGB6|ITGB7|ITGB8|JAK1|JAK2|JAK3|KDR|KIT|KITLG|LAMA1|LAMA2|LAMA3|LAMA4|LAMA5|LAMB1|LAMB2|LAMB3|LAMB4|LAMC1|LAMC2|LAMC3|LPAR1|LPAR3|LPAR6|MAGI1|MAGI2|MAP2K1|MAP2K2|MAPK1|MDM2|MET|MLST8|MTCP1|MTOR|MYB|NFKB1|NR4A1|NTRK1|NTRK2|OSMR|P3R3URF-PIK3R3|PDGFA|PDGFD|PDGFRA|PDPK1|PGF|PHLPP1|PHLPP2|PIK3AP1|PIK3CA|PIK3CB|PIK3CG|PIK3R1|PIK3R3|PIK3R5|PKN2|PKN3|PPP2CA|PPP2CB|PPP2R1A|PPP2R1B|PPP2R2A|PPP2R2D|PPP2R3A|PPP2R3C|PPP2R5A|PPP2R5C|PPP2R5D|PPP2R5E|PRKAA1|PRKAA2|PRKCA|PRL|PRLR|PTEN|PTK2|RAC1|RAF1|RBL2|RELN|RET|RPS6|RPS6KB1|RPTOR|SGK1|SGK2|SGK3|SOS1|SOS2|SPP1|SYK|THBS1|THBS2|THBS3|THBS4|THEM4|TNC|TNN|TNR|TNXB|TP53|TSC1|TSC2|VEGFC|VEGFD|VTN|VWF|YWHAB|YWHAE|YWHAZ; sorangutan:AKT1|AKT2|AKT3|ANGPT2|ANGPT4|ATF2|ATF6B|BRCA1|CASP9|CCND1|CCND2|CCNE1|CCNE2|CDK4|CDK6|CHUK|COL1A1|COL1A2|COL2A1|COL4A1|COL4A2|COL4A3|COL4A4|COL4A5|COL4A6|COL6A1|COL6A2|COL6A3|COL6A5|COL6A6|COL9A1|COL9A2|COMP|CREB1|CREB3|CREB3L1|CREB3L3|CREB3L4|CREB5|CRTC2|EGF|EGFR|EIF4E|EIF4E2|EPO|ERBB3|ERBB4|FASLG|FGF1|FGF8|FGFR1|FGFR2|FGFR3|FLT1|FLT3|FLT3LG|FN1|GNB1|GNB3|GNB4|GNB5|GNG2|GSK3B|GYS1|GYS2|HSP90AA1|HSP90AB1|HSP90B1|IBSP|IFNAR1|IKBKB|IKBKG|IL2|IL3|IL4R|IL6|IL6R|IL7|IL7R|INSR|ITGA1|ITGA10|ITGA11|ITGA2B|ITGA4|ITGA5|ITGA6|ITGA7|ITGA8|ITGA9|ITGAV|ITGB1|ITGB3|ITGB4|ITGB5|ITGB6|ITGB7|ITGB8|JAK1|JAK2|JAK3|KDR|KIT|KITLG|LAMA1|LAMA2|LAMA3|LAMA4|LAMB1|LAMB3|LAMB4|LAMC1|LAMC3|LPAR1|MAGI1|MAGI2|MAP2K1|MAPK1|MDM2|MET|MLST8|MTCP1|MTOR|MYB|NFKB1|NR4A1|NTRK1|NTRK2|OSMR|PDGFD|PDGFRA|PDPK1|PHLPP1|PHLPP2|PIK3AP1|PIK3CA|PIK3CB|PIK3CG|PIK3R3|PIK3R5|PKN1|PKN2|PKN3|PPP2R1A|PPP2R1B|PPP2R2A|PPP2R2C|PPP2R2D|PPP2R3A|PPP2R3C|PPP2R5A|PPP2R5C|PPP2R5D|PRKAA1|PRKAA2|PRKCA|PRL|PRLR|PTEN|PTK2|RAC1|RAF1|RBL2|RELN|RET|RPS6|RPS6KB1|RPTOR|SGK2|SGK3|SOS1|SOS2|SPP1|SYK|THBS1|THBS2|THBS3|THBS4|THEM4|TNC|TNN|TNR|TP53|TSC1|TSC2|VEGFC|VEGFD|VTN|VWF|YWHAB|YWHAE|YWHAZ,AKT1|ATF2|CCND2|CDK4|COL4A1|COL4A2|CREB1|CREB3|ERBB4|FASLG|FN1|GNB1|GYS2|HSP90B1|IL6R|IL7R|ITGA1|ITGA10|ITGA4|ITGA5|ITGA6|ITGA7|ITGB6|ITGB7|JAK2|KITLG|LAMA1|LAMA3|LAMB3|LAMC1|LPAR1|MAP2K1|MDM2|NR4A1|PHLPP2|PIK3R5|PKN3|PPP2R5A|PPP2R5C|PRKAA1|PRLR|RBL2|SOS1|SYK|THBS1|THBS3|THBS4|THEM4|TNC|TNN|TSC1|YWHAE,52,bonobo:AKT2|AKT3|ANGPT2|ANGPT4|ATF6B|BCL2L1|CASP9|CCNE1|CCNE2|CDC37|CHRM2|CHUK|COL1A1|COL1A2|COL4A3|COL4A4|COL4A5|COL4A6|COL6A1|COL6A2|COL6A5|COL9A1|COL9A2|COL9A3|COMP|CREB3L1|CREB3L2|CREB3L3|CREB3L4|CREB5|EGF|EGFR|EIF4E2|EPO|ERBB2|ERBB3|FGF8|FGFR1|FGFR2|FGFR3|FLT3|GNB4|GNB5|GSK3B|GYS1|IBSP|IFNAR1|IKBKB|IKBKG|IL2|IL3|IL4R|IL7|INSR|ITGA11|ITGA2|ITGA2B|ITGA8|ITGA9|ITGAV|ITGB1|ITGB3|ITGB4|ITGB5|ITGB8|JAK1|JAK3|KDR|KIT|LAMA2|LAMA4|LAMA5|LAMB1|LAMB2|LAMB4|LAMC2|LAMC3|MAGI2|MAP2K2|MAPK1|MET|MLST8|MTCP1|MTOR|MYB|NFKB1|NTRK2|OSMR|PDGFD|PDGFRA|PIK3AP1|PIK3CA|PIK3CB|PIK3CG|PIK3R1|PIK3R3|PKN2|PPP2CB|PPP2R1A|PPP2R1B|PPP2R2A|PPP2R3A|PPP2R3C|PPP2R5D|PPP2R5E|PRKAA2|PRKCA|PRL|PTK2|RAF1|RELN|RET|RPS6KB1|RPTOR|SGK1|SGK2|SGK3|SPP1|THBS2|TNR|TP53|TSC2|VEGFC|VEGFD|VTN|VWF|YWHAB; borangutan:AKT2|AKT3|ANGPT2|ANGPT4|ATF6B|BRCA1|CASP9|CCND1|CCNE1|CCNE2|CDK6|CHUK|COL1A1|COL1A2|COL2A1|COL4A3|COL4A4|COL4A5|COL4A6|COL6A1|COL6A2|COL6A3|COL6A5|COL6A6|COL9A1|COL9A2|COL9A3|COMP|CREB3L1|CREB3L3|CREB3L4|CREB5|CRTC2|EGF|EGFR|EIF4E|EIF4E1B|EIF4E2|EPO|ERBB3|FGF8|FGFR1|FGFR2|FGFR3|FLT1|FLT3|FLT3LG|GNB3|GNB4|GNB5|GSK3B|GYS1|HSP90AA1|HSP90AB1|IBSP|IFNAR1|IKBKB|IKBKG|IL2|IL3|IL4R|IL6|IL7|INSR|ITGA11|ITGA2B|ITGA8|ITGA9|ITGAV|ITGB1|ITGB3|ITGB4|ITGB5|ITGB8|JAK1|JAK3|KDR|KIT|LAMA2|LAMA4|LAMB1|LAMB4|LAMC3|MAGI1|MAGI2|MAPK1|MET|MLST8|MTCP1|MTOR|MYB|NFKB1|NTRK1|NTRK2|OSMR|PDGFC|PDGFD|PDGFRA|PDPK1|PHLPP1|PIK3AP1|PIK3CA|PIK3CB|PIK3CG|PIK3R3|PKN1|PKN2|PPP2R1A|PPP2R1B|PPP2R2A|PPP2R2D|PPP2R3A|PPP2R3C|PPP2R5D|PRKAA2|PRKCA|PRL|PTEN|PTK2|RAC1|RAF1|RELN|RET|RPS6|RPS6KB1|RPS6KB2|RPTOR|SGK2|SGK3|SOS2|SPP1|THBS2|TNR|TP53|TSC2|VEGFC|VEGFD|VTN|VWF|YWHAB|YWHAZ; chimpanzee:AKT2|AKT3|ANGPT2|ANGPT4|BCL2L1|BRCA1|CASP9|CCND1|CCNE1|CCNE2|CDC37|CDK6|CHUK|COL1A1|COL1A2|COL2A1|COL4A3|COL4A4|COL4A5|COL4A6|COL6A2|COL6A3|COL6A5|COL6A6|COL9A1|COL9A2|COL9A3|COMP|CREB3L1|CREB3L2|CREB3L3|CREB3L4|CREB5|CRTC2|EGF|EGFR|EIF4E|EIF4E1B|EIF4E2|ERBB2|ERBB3|FGF8|FGFR1|FGFR2|FGFR3|FLT1|FLT3|FLT3LG|FOXO3|GH1|GNB4|GNB5|GSK3B|GYS1|HSP90AB1|IBSP|IKBKB|IKBKG|IL2|IL3|IL4R|IL7|INSR|ITGA11|ITGA2|ITGA2B|ITGA8|ITGA9|ITGAV|ITGB1|ITGB3|ITGB4|ITGB5|JAK1|KDR|KIT|LAMA2|LAMA4|LAMB1|LAMB2|LAMB4|LAMC3|LPAR6|MAGI1|MAGI2|MAP2K2|MAPK1|MET|MLST8|MTCP1|MTOR|MYB|NFKB1|NTRK1|NTRK2|OSMR|PDGFD|PDGFRA|PDPK1|PGF|PHLPP1|PIK3AP1|PIK3CA|PIK3CB|PIK3CG|PIK3R1|PIK3R3|PKN2|PPP2CA|PPP2CB|PPP2R1A|PPP2R1B|PPP2R2A|PPP2R2B|PPP2R2D|PPP2R3A|PPP2R3C|PPP2R5D|PPP2R5E|PRKAA2|PRKCA|PRL|PTEN|PTK2|RAC1|RAF1|RELN|RET|RPS6|RPS6KB1|RPTOR|SGK1|SGK2|SGK3|SOS2|SPP1|TNR|TP53|TSC2|VEGFC|VEGFD|VTN|VWF|YWHAB; gorillla:AKT3|COL2A1|COL6A3|ITGA2|NTRK1|PIK3R1|SOS2; human:AKT2|ANGPT2|ANGPT4|ATF6B|BRCA1|C8orf44-SGK3|CASP9|CCND1|CCNE1|CCNE2|CDC37|CDK6|CHUK|COL1A1|COL1A2|COL2A1|COL4A3|COL4A4|COL4A5|COL4A6|COL6A1|COL6A2|COL6A3|COL6A5|COL6A6|COL9A1|COL9A2|COL9A3|COMP|CREB3L1|CREB3L2|CREB3L3|CREB3L4|CREB5|CRTC2|CSH1|CSH2|CSHL1|EGF|EGFR|EIF4E|EIF4E1B|EIF4E2|EPO|ERBB2|ERBB3|FGF8|FGFR1|FGFR2|FGFR3|FLT1|FLT3|FLT3LG|FLT4|FOXO3|GH1|GH2|GNB4|GNB5|GSK3B|GYS1|HSP90AB1|IBSP|IFNAR1|IKBKB|IKBKG|IL2|IL3|IL3RA|IL4R|IL6|IL7|INSR|ITGA11|ITGA2|ITGA2B|ITGA8|ITGA9|ITGAV|ITGB1|ITGB3|ITGB4|ITGB5|ITGB8|JAK1|JAK3|KDR|KIT|LAMA2|LAMA4|LAMA5|LAMB1|LAMB2|LAMB4|LAMC2|LAMC3|LPAR3|LPAR6|MAGI1|MAGI2|MAP2K2|MAPK1|MET|MLST8|MTCP1|MTOR|MYB|NFKB1|NTRK1|NTRK2|OSMR|P3R3URF-PIK3R3|PDGFA|PDGFD|PDGFRA|PDPK1|PGF|PHLPP1|PIK3AP1|PIK3CA|PIK3CB|PIK3CG|PIK3R1|PIK3R3|PKN2|PPP2CA|PPP2CB|PPP2R1A|PPP2R1B|PPP2R2A|PPP2R2D|PPP2R3A|PPP2R3C|PPP2R5D|PPP2R5E|PRKAA2|PRKCA|PRL|PTEN|PTK2|RAC1|RAF1|RELN|RET|RPS6|RPS6KB1|RPTOR|SGK1|SGK2|SGK3|SOS2|SPP1|THBS2|TNR|TNXB|TP53|TSC2|VEGFC|VEGFD|VTN|VWF|YWHAB|YWHAZ; sorangutan:AKT2|AKT3|ANGPT2|ANGPT4|ATF6B|BRCA1|CASP9|CCND1|CCNE1|CCNE2|CDK6|CHUK|COL1A1|COL1A2|COL2A1|COL4A3|COL4A4|COL4A5|COL4A6|COL6A1|COL6A2|COL6A3|COL6A5|COL6A6|COL9A1|COL9A2|COMP|CREB3L1|CREB3L3|CREB3L4|CREB5|CRTC2|EGF|EGFR|EIF4E|EIF4E2|EPO|ERBB3|FGF1|FGF8|FGFR1|FGFR2|FGFR3|FLT1|FLT3|FLT3LG|GNB3|GNB4|GNB5|GNG2|GSK3B|GYS1|HSP90AA1|HSP90AB1|IBSP|IFNAR1|IKBKB|IKBKG|IL2|IL3|IL4R|IL6|IL7|INSR|ITGA11|ITGA2B|ITGA8|ITGA9|ITGAV|ITGB1|ITGB3|ITGB4|ITGB5|ITGB8|JAK1|JAK3|KDR|KIT|LAMA2|LAMA4|LAMB1|LAMB4|LAMC3|MAGI1|MAGI2|MAPK1|MET|MLST8|MTCP1|MTOR|MYB|NFKB1|NTRK1|NTRK2|OSMR|PDGFD|PDGFRA|PDPK1|PHLPP1|PIK3AP1|PIK3CA|PIK3CB|PIK3CG|PIK3R3|PKN1|PKN2|PPP2R1A|PPP2R1B|PPP2R2A|PPP2R2C|PPP2R2D|PPP2R3A|PPP2R3C|PPP2R5D|PRKAA2|PRKCA|PRL|PTEN|PTK2|RAC1|RAF1|RELN|RET|RPS6|RPS6KB1|RPTOR|SGK2|SGK3|SOS2|SPP1|THBS2|TNR|TP53|TSC2|VEGFC|VEGFD|VTN|VWF|YWHAB|YWHAZ
Pathways in cancer,4,bonobo; chimpanzee; gorillla; human,bonobo:248; chimpanzee:263; gorillla:80; human:277,bonobo:ADCY1|ADCY2|ADCY3|ADCY5|ADCY6|ADCY7|ADCY8|ADCY9|AKT1|AKT2|AKT3|APAF1|APC|APPL1|ARAF|ARHGEF1|ARHGEF11|ARHGEF12|ARNT|AXIN2|BCL2L1|BIRC2|BRAF|BRCA2|CAMK2B|CAMK2D|CAMK2G|CASP3|CASP8|CASP9|CBL|CCDC6|CCNA1|CCNA2|CCND2|CCNE1|CCNE2|CDH1|CDK4|CHUK|COL4A1|COL4A2|COL4A3|COL4A4|COL4A5|COL4A6|CREBBP|CTBP1|CTNNA1|CTNNA2|CTNNA3|CTNNB1|CUL1|CUL2|DAPK1|DCC|DLL1|DLL4|DVL2|E2F3|EDNRA|EDNRB|EGF|EGFR|EGLN3|ELK1|EML4|EP300|EPAS1|EPO|ERBB2|FAS|FASLG|FGF8|FGFR1|FGFR2|FGFR3|FH|FLT3|FN1|FOS|FZD3|FZD6|GLI1|GLI2|GNB1|GNB4|GNB5|GSK3B|GSTA4|GSTO1|GSTO2|HDAC1|HDAC2|HEY1|HEY2|HEYL|HIF1A|HMOX1|HSP90B1|IFNAR1|IFNG|IFNGR1|IKBKB|IKBKG|IL12A|IL12B|IL12RB1|IL13RA1|IL15|IL2|IL23A|IL23R|IL3|IL4R|IL5|IL5RA|IL6R|IL6ST|IL7|IL7R|ITGA2|ITGA2B|ITGA6|ITGAV|ITGB1|JAG1|JAG2|JAK1|JAK2|JAK3|JUP|KIF7|KIT|KITLG|KNG1|LAMA1|LAMA2|LAMA3|LAMA4|LAMA5|LAMB1|LAMB2|LAMB3|LAMB4|LAMC1|LAMC2|LAMC3|LEF1|LPAR1|LRP6|LRRC45|MAP2K1|MAP2K2|MAPK1|MAPK10|MAPK8|MAPK9|MAX|MDM2|MECOM|MET|MGST1|MGST3|MITF|MLH1|MSH2|MSH3|MTOR|NCOA1|NCOA3|NCOA4|NFE2L2|NFKB1|NFKB2|NOS2|NOTCH1|NOTCH2|NOTCH3|NTRK1|PDGFRA|PIK3CA|PIK3CB|PIK3R1|PIK3R3|PLCB1|PLCB2|PLCB3|PLCB4|PLCG2|PLD1|PLD2|PLEKHG5|POLK|PRKACB|PRKCA|PRKCB|PRKCG|PTCH1|PTCH2|PTGER3|PTGER4|PTGS2|PTK2|RAD51|RAF1|RALA|RALBP1|RARB|RASGRP1|RASGRP2|RASGRP3|RASGRP4|RASSF1|RASSF5|RB1|RET|ROCK1|ROCK2|RPS6KA5|RPS6KB1|RUNX1|RUNX1T1|SMAD2|SMAD4|SMO|SOS1|STAT1|STAT2|STAT3|STAT4|STAT6|STK4|SUFU|TCF7L2|TGFB1|TGFB3|TGFBR2|TP53|TPR|TRAF2|TRAF3|TRAF5|TRAF6|TXNRD1|TXNRD3|VEGFC|VEGFD; chimpanzee:ADCY3|ADCY5|ADCY6|ADCY7|ADCY8|ADCY9|AKT1|AKT2|AKT3|APAF1|APC|APPL1|ARAF|ARHGEF1|ARHGEF11|ARHGEF12|ARNT|ARNT2|AXIN2|BCL2L1|BCR|BIRC2|BRCA2|CALM1|CALM2|CALM3|CAMK2B|CAMK2D|CAMK2G|CASP3|CASP7|CASP8|CASP9|CBL|CCDC6|CCNA1|CCNA2|CCND1|CCND2|CCNE1|CCNE2|CDC42|CDH1|CDK4|CDK6|CHUK|COL4A1|COL4A2|COL4A3|COL4A4|COL4A5|COL4A6|CREBBP|CTBP1|CTNNA1|CTNNA2|CTNNA3|CTNNB1|CUL2|DAPK1|DCC|DDB2|DLL1|DLL4|DVL2|E2F3|EDNRA|EDNRB|EGF|EGFR|EGLN1|EGLN3|ELK1|EML4|EP300|EPAS1|ERBB2|FAS|FASLG|FGF8|FGFR1|FGFR2|FGFR3|FH|FLT3|FLT3LG|FN1|FOS|FZD3|FZD6|GLI1|GLI2|GNA12|GNA13|GNB1|GNB4|GNB5|GSK3B|GSTA4|GSTM3|GSTO1|GSTO2|HDAC2|HEY1|HEY2|HEYL|HIF1A|HMOX1|HSP90AB1|HSP90B1|IFNG|IFNGR1|IKBKB|IKBKG|IL12A|IL12B|IL12RB1|IL13RA1|IL15|IL2|IL23A|IL23R|IL3|IL4R|IL5|IL5RA|IL6R|IL6ST|IL7|IL7R|ITGA2|ITGA2B|ITGA6|ITGAV|ITGB1|JAG1|JAG2|JAK1|JAK2|JUP|KIF7|KIT|KITLG|KNG1|LAMA1|LAMA2|LAMA3|LAMA4|LAMB1|LAMB2|LAMB3|LAMB4|LAMC1|LAMC3|LEF1|LPAR1|LPAR6|LRP6|MAP2K1|MAP2K2|MAPK1|MAPK10|MAPK8|MAPK9|MAX|MDM2|MECOM|MET|MGST1|MGST3|MITF|MLH1|MSH2|MSH3|MTOR|NCOA1|NCOA3|NCOA4|NFE2L2|NFKB1|NFKB2|NFKBIA|NOS2|NOTCH1|NOTCH2|NOTCH3|NTRK1|PDGFRA|PGF|PIK3CA|PIK3CB|PIK3R1|PIK3R3|PLCB1|PLCB2|PLCB3|PLCB4|PLCG2|PLD1|PLD2|PLEKHG5|PML|POLK|PRKACB|PRKCA|PRKCB|PRKCG|PTCH1|PTCH2|PTEN|PTGER3|PTGER4|PTGS2|PTK2|RAC1|RAD51|RAF1|RALA|RALBP1|RARB|RASGRP1|RASGRP2|RASGRP3|RASSF1|RASSF5|RB1|RET|RGL4|ROCK1|ROCK2|RPS6KA5|RPS6KB1|RUNX1|RUNX1T1|SKP1|SMAD2|SMAD4|SOS1|SOS2|STAT1|STAT2|STAT3|STAT4|STAT5A|STAT5B|STAT6|STK4|SUFU|TCF7L2|TGFB1|TGFB3|TGFBR2|TP53|TPM3|TPR|TRAF2|TRAF3|TRAF5|TRAF6|TXNRD1|TXNRD3|VEGFC|VEGFD; gorillla:ADCY3|ADCY6|ADCY7|AKT3|APAF1|ARHGEF11|ARNT|BRCA2|CASP8|CCND2|CDH1|CDK4|COL4A1|COL4A2|CREBBP|CTNNA2|DCC|DVL2|EDNRB|EGLN1|EGLN3|EML4|FASLG|FH|FN1|FOS|GLI1|GNB1|GSTM3|HIF1A|HSP90B1|IFNG|IL23A|IL4R|IL6R|IL7R|ITGA2|ITGA6|JAK2|KITLG|LAMA1|LAMA3|LAMB3|LAMC1|LPAR1|LRP6|MAP2K1|MAX|MDM2|MGST1|MGST3|MSH2|NCOA1|NFKBIA|NTRK1|PIK3R1|PLCB2|PLCG2|PLD2|POLK|PRKCB|PTCH1|PTGER4|PTGS2|RAD51|RALBP1|RASSF5|RPS6KA5|SMAD4|SOS1|SOS2|STAT1|STAT2|STAT4|STAT6|TERT|TGFB3|TPR|TRAF3|TXNRD1; human:ADCY1|ADCY2|ADCY3|ADCY5|ADCY6|ADCY8|ADCY9|AKT1|AKT2|APAF1|APC|APPL1|ARAF|ARHGEF1|ARHGEF11|ARHGEF12|ARNT|ARNT2|AXIN2|BCR|BIRC2|BIRC7|BRAF|BRCA2|CALM1|CALM2|CALM3|CAMK2B|CAMK2D|CAMK2G|CASP3|CASP7|CASP8|CASP9|CBL|CCDC6|CCNA2|CCND1|CCND2|CCNE1|CCNE2|CDC42|CDK4|CDK6|CHUK|COL4A1|COL4A2|COL4A3|COL4A4|COL4A5|COL4A6|CREBBP|CSF2RA|CSF2RB|CTBP1|CTNNA1|CTNNA2|CTNNA3|CTNNB1|CUL1|CUL2|DAPK1|DAPK2|DCC|DDB2|DLL1|DLL4|DVL1|DVL2|E2F3|EDNRA|EDNRB|EGF|EGFR|EGLN1|EGLN3|ELK1|EML4|EP300|EPAS1|EPO|ERBB2|ESR1|FAS|FASLG|FGF8|FGFR1|FGFR2|FGFR3|FH|FLT3|FLT3LG|FLT4|FN1|FOS|FZD3|FZD6|GLI1|GLI2|GNA12|GNA13|GNB1|GNB4|GNB5|GSK3B|GSTA4|GSTM3|GSTO1|GSTO2|HDAC1|HDAC2|HEY1|HEY2|HEYL|HIF1A|HMOX1|HSP90AB1|HSP90B1|IFNAR1|IFNG|IFNGR1|IKBKB|IKBKG|IL12A|IL12B|IL12RB1|IL13RA1|IL15|IL2|IL23A|IL23R|IL3|IL3RA|IL4R|IL5|IL5RA|IL6|IL6R|IL6ST|IL7|IL7R|ITGA2|ITGA2B|ITGA6|ITGAV|ITGB1|JAG1|JAG2|JAK1|JAK2|JAK3|JUP|KIF7|KIT|KITLG|KNG1|LAMA1|LAMA2|LAMA3|LAMA4|LAMA5|LAMB1|LAMB2|LAMB3|LAMB4|LAMC1|LAMC2|LAMC3|LEF1|LPAR1|LPAR3|LPAR6|LRP6|MAP2K1|MAP2K2|MAPK1|MAPK10|MAPK8|MAPK9|MAX|MDM2|MECOM|MET|MGST1|MGST3|MITF|MLH1|MSH2|MSH3|MTOR|NCOA1|NCOA3|NCOA4|NFE2L2|NFKB1|NFKB2|NFKBIA|NOS2|NOTCH1|NOTCH2|NOTCH3|NTRK1|P3R3URF-PIK3R3|PDGFA|PDGFRA|PGF|PIK3CA|PIK3CB|PIK3R1|PIK3R3|PLCB2|PLCB3|PLCB4|PLD1|PLD2|PLEKHG5|POLK|PRKACB|PRKCA|PRKCB|PRKCG|PTCH1|PTCH2|PTEN|PTGER3|PTGER4|PTGS2|PTK2|RAC1|RAD51|RAF1|RALA|RALB|RALBP1|RARB|RASGRP1|RASGRP2|RASGRP3|RASGRP4|RASSF1|RASSF5|RB1|RET|ROCK1|ROCK2|RPS6KA5|RPS6KB1|RUNX1T1|SKP1|SMAD4|SMO|SOS1|SOS2|STAT1|STAT2|STAT3|STAT4|STAT5A|STAT5B|STAT6|STK4|SUFU|TCF7|TCF7L2|TERT|TGFB1|TGFB3|TGFBR2|TP53|TPM3|TPR|TRAF2|TRAF3|TRAF5|TRAF6|VEGFC|VEGFD,ADCY3|ADCY6|APAF1|ARHGEF11|ARNT|BRCA2|CASP8|CCND2|CDK4|COL4A1|COL4A2|CREBBP|CTNNA2|DCC|DVL2|EDNRB|EGLN3|EML4|FASLG|FH|FN1|FOS|GLI1|GNB1|HIF1A|HSP90B1|IFNG|IL23A|IL4R|IL6R|IL7R|ITGA2|ITGA6|JAK2|KITLG|LAMA1|LAMA3|LAMB3|LAMC1|LPAR1|LRP6|MAP2K1|MAX|MDM2|MGST1|MGST3|MSH2|NCOA1|NTRK1|PIK3R1|PLCB2|PLD2|POLK|PRKCB|PTCH1|PTGER4|PTGS2|RAD51|RALBP1|RASSF5|RPS6KA5|SMAD4|SOS1|STAT1|STAT2|STAT4|STAT6|TGFB3|TPR|TRAF3,70,bonobo:ADCY1|ADCY2|ADCY5|ADCY7|ADCY8|ADCY9|AKT1|AKT2|AKT3|APC|APPL1|ARAF|ARHGEF1|ARHGEF12|AXIN2|BCL2L1|BIRC2|BRAF|CAMK2B|CAMK2D|CAMK2G|CASP3|CASP9|CBL|CCDC6|CCNA1|CCNA2|CCNE1|CCNE2|CDH1|CHUK|COL4A3|COL4A4|COL4A5|COL4A6|CTBP1|CTNNA1|CTNNA3|CTNNB1|CUL1|CUL2|DAPK1|DLL1|DLL4|E2F3|EDNRA|EGF|EGFR|ELK1|EP300|EPAS1|EPO|ERBB2|FAS|FGF8|FGFR1|FGFR2|FGFR3|FLT3|FZD3|FZD6|GLI2|GNB4|GNB5|GSK3B|GSTA4|GSTO1|GSTO2|HDAC1|HDAC2|HEY1|HEY2|HEYL|HMOX1|IFNAR1|IFNGR1|IKBKB|IKBKG|IL12A|IL12B|IL12RB1|IL13RA1|IL15|IL2|IL23R|IL3|IL5|IL5RA|IL6ST|IL7|ITGA2B|ITGAV|ITGB1|JAG1|JAG2|JAK1|JAK3|JUP|KIF7|KIT|KNG1|LAMA2|LAMA4|LAMA5|LAMB1|LAMB2|LAMB4|LAMC2|LAMC3|LEF1|LRRC45|MAP2K2|MAPK1|MAPK10|MAPK8|MAPK9|MECOM|MET|MITF|MLH1|MSH3|MTOR|NCOA3|NCOA4|NFE2L2|NFKB1|NFKB2|NOS2|NOTCH1|NOTCH2|NOTCH3|PDGFRA|PIK3CA|PIK3CB|PIK3R3|PLCB1|PLCB3|PLCB4|PLCG2|PLD1|PLEKHG5|PRKACB|PRKCA|PRKCG|PTCH2|PTGER3|PTK2|RAF1|RALA|RARB|RASGRP1|RASGRP2|RASGRP3|RASGRP4|RASSF1|RB1|RET|ROCK1|ROCK2|RPS6KB1|RUNX1|RUNX1T1|SMAD2|SMO|STAT3|STK4|SUFU|TCF7L2|TGFB1|TGFBR2|TP53|TRAF2|TRAF5|TRAF6|TXNRD1|TXNRD3|VEGFC|VEGFD; chimpanzee:ADCY5|ADCY7|ADCY8|ADCY9|AKT1|AKT2|AKT3|APC|APPL1|ARAF|ARHGEF1|ARHGEF12|ARNT2|AXIN2|BCL2L1|BCR|BIRC2|CALM1|CALM2|CALM3|CAMK2B|CAMK2D|CAMK2G|CASP3|CASP7|CASP9|CBL|CCDC6|CCNA1|CCNA2|CCND1|CCNE1|CCNE2|CDC42|CDH1|CDK6|CHUK|COL4A3|COL4A4|COL4A5|COL4A6|CTBP1|CTNNA1|CTNNA3|CTNNB1|CUL2|DAPK1|DDB2|DLL1|DLL4|E2F3|EDNRA|EGF|EGFR|EGLN1|ELK1|EP300|EPAS1|ERBB2|FAS|FGF8|FGFR1|FGFR2|FGFR3|FLT3|FLT3LG|FZD3|FZD6|GLI2|GNA12|GNA13|GNB4|GNB5|GSK3B|GSTA4|GSTM3|GSTO1|GSTO2|HDAC2|HEY1|HEY2|HEYL|HMOX1|HSP90AB1|IFNGR1|IKBKB|IKBKG|IL12A|IL12B|IL12RB1|IL13RA1|IL15|IL2|IL23R|IL3|IL5|IL5RA|IL6ST|IL7|ITGA2B|ITGAV|ITGB1|JAG1|JAG2|JAK1|JUP|KIF7|KIT|KNG1|LAMA2|LAMA4|LAMB1|LAMB2|LAMB4|LAMC3|LEF1|LPAR6|MAP2K2|MAPK1|MAPK10|MAPK8|MAPK9|MECOM|MET|MITF|MLH1|MSH3|MTOR|NCOA3|NCOA4|NFE2L2|NFKB1|NFKB2|NFKBIA|NOS2|NOTCH1|NOTCH2|NOTCH3|PDGFRA|PGF|PIK3CA|PIK3CB|PIK3R3|PLCB1|PLCB3|PLCB4|PLCG2|PLD1|PLEKHG5|PML|PRKACB|PRKCA|PRKCG|PTCH2|PTEN|PTGER3|PTK2|RAC1|RAF1|RALA|RARB|RASGRP1|RASGRP2|RASGRP3|RASSF1|RB1|RET|RGL4|ROCK1|ROCK2|RPS6KB1|RUNX1|RUNX1T1|SKP1|SMAD2|SOS2|STAT3|STAT5A|STAT5B|STK4|SUFU|TCF7L2|TGFB1|TGFBR2|TP53|TPM3|TRAF2|TRAF5|TRAF6|TXNRD1|TXNRD3|VEGFC|VEGFD; gorillla:ADCY7|AKT3|CDH1|EGLN1|GSTM3|NFKBIA|PLCG2|SOS2|TERT|TXNRD1; human:ADCY1|ADCY2|ADCY5|ADCY8|ADCY9|AKT1|AKT2|APC|APPL1|ARAF|ARHGEF1|ARHGEF12|ARNT2|AXIN2|BCR|BIRC2|BIRC7|BRAF|CALM1|CALM2|CALM3|CAMK2B|CAMK2D|CAMK2G|CASP3|CASP7|CASP9|CBL|CCDC6|CCNA2|CCND1|CCNE1|CCNE2|CDC42|CDK6|CHUK|COL4A3|COL4A4|COL4A5|COL4A6|CSF2RA|CSF2RB|CTBP1|CTNNA1|CTNNA3|CTNNB1|CUL1|CUL2|DAPK1|DAPK2|DDB2|DLL1|DLL4|DVL1|E2F3|EDNRA|EGF|EGFR|EGLN1|ELK1|EP300|EPAS1|EPO|ERBB2|ESR1|FAS|FGF8|FGFR1|FGFR2|FGFR3|FLT3|FLT3LG|FLT4|FZD3|FZD6|GLI2|GNA12|GNA13|GNB4|GNB5|GSK3B|GSTA4|GSTM3|GSTO1|GSTO2|HDAC1|HDAC2|HEY1|HEY2|HEYL|HMOX1|HSP90AB1|IFNAR1|IFNGR1|IKBKB|IKBKG|IL12A|IL12B|IL12RB1|IL13RA1|IL15|IL2|IL23R|IL3|IL3RA|IL5|IL5RA|IL6|IL6ST|IL7|ITGA2B|ITGAV|ITGB1|JAG1|JAG2|JAK1|JAK3|JUP|KIF7|KIT|KNG1|LAMA2|LAMA4|LAMA5|LAMB1|LAMB2|LAMB4|LAMC2|LAMC3|LEF1|LPAR3|LPAR6|MAP2K2|MAPK1|MAPK10|MAPK8|MAPK9|MECOM|MET|MITF|MLH1|MSH3|MTOR|NCOA3|NCOA4|NFE2L2|NFKB1|NFKB2|NFKBIA|NOS2|NOTCH1|NOTCH2|NOTCH3|P3R3URF-PIK3R3|PDGFA|PDGFRA|PGF|PIK3CA|PIK3CB|PIK3R3|PLCB3|PLCB4|PLD1|PLEKHG5|PRKACB|PRKCA|PRKCG|PTCH2|PTEN|PTGER3|PTK2|RAC1|RAF1|RALA|RALB|RARB|RASGRP1|RASGRP2|RASGRP3|RASGRP4|RASSF1|RB1|RET|ROCK1|ROCK2|RPS6KB1|RUNX1T1|SKP1|SMO|SOS2|STAT3|STAT5A|STAT5B|STK4|SUFU|TCF7|TCF7L2|TERT|TGFB1|TGFBR2|TP53|TPM3|TRAF2|TRAF5|TRAF6|VEGFC|VEGFD
Metabolic pathways,6,bonobo; borangutan; chimpanzee; gorillla; human; sorangutan,bonobo:703; borangutan:727; chimpanzee:772; gorillla:237; human:847; sorangutan:744,bonobo:AACS|AADAT|AASDHPPT|AASS|ABAT|ABHD16A|ACAA2|ACACA|ACACB|ACAD8|ACADL|ACADM|ACADS|ACADSB|ACADVL|ACAT2|ACER3|ACLY|ACMSD|ACO1|ACO2|ACOT12|ACOT8|ACOX1|ACOX2|ACOX3|ACP2|ACSF3|ACSL1|ACSL3|ACSL4|ACSL5|ACSL6|ACSM3|ACSM4|ACSM6|ACSS1|ACSS2|ACSS3|ADCY1|ADCY10|ADCY2|ADCY3|ADCY5|ADCY6|ADCY7|ADCY8|ADCY9|ADH4|ADH5|ADH6|ADH7|ADI1|ADK|ADSL|ADSS2|AGK|AGL|AGMAT|AGPAT3|AGPAT5|AGPS|AHCY|AHCYL2|AK2|AK4|AK7|AK8|AK9|AKR1A1|AKR1B10|AKR1C3|AKR1C4|AKR1D1|ALAD|ALAS1|ALDH18A1|ALDH1A1|ALDH1A2|ALDH1A3|ALDH1L1|ALDH1L2|ALDH2|ALDH3A2|ALDH4A1|ALDH6A1|ALDH7A1|ALDH9A1|ALDOB|ALG1|ALG13|ALG14|ALG3|ALG5|ALG8|ALG9|ALLC|ALOX12B|ALOX15|ALPL|AMDHD1|AMPD2|AMPD3|AMT|ANPEP|AOX1|ARG2|ASH1L|ASNS|ASS1|ATIC|ATP12A|ATP4B|ATP5F1A|ATP5F1B|ATP5MC1|ATP5MC3|ATP5PD|ATP6AP1|ATP6V0A1|ATP6V0A2|ATP6V0A4|ATP6V1A|ATP6V1B1|ATP6V1B2|ATP6V1C1|ATP6V1C2|ATP6V1E1|ATP6V1H|B3GALNT2|B3GAT1|B3GAT3|B4GALNT1|B4GALNT2|B4GALNT3|B4GALT4|B4GALT5|B4GALT7|BBOX1|BCAT1|BDH1|BHMT|BPNT1|BST1|CA1|CA13|CA14|CA2|CA7|CA9|CAD|CAMKMT|CARNMT1|CAT|CD38|CDS1|CDS2|CEL|CEPT1|CERK|CERS1|CERS5|CERS6|CHAC1|CHDH|CHIA|CHKA|CHKB|CHPF2|CKMT2|CMAS|CNDP1|COLGALT2|COQ2|COQ3|COQ6|CPS1|CRLS1|CRPPA|CRYL1|CS|CSAD|CSGALNACT1|CTH|CTPS1|CTPS2|DBT|DCT|DCTD|DCXR|DDC|DDOST|DERA|DGKA|DGKB|DGKD|DGKE|DGKG|DGKH|DGKI|DGKK|DGKZ|DGUOK|DHODH|DHRS4|DHTKD1|DLAT|DLD|DLST|DMGDH|DNMT1|DNMT3A|DNMT3B|DOT1L|DPYD|DPYS|EHHADH|EHMT1|EHMT2|ELOVL1|ELOVL2|ELOVL3|ELOVL5|ENO1|ENOSF1|ENPP1|ENPP2|ENPP3|ENPP6|ENTPD1|ENTPD2|ENTPD4|ENTPD5|ENTPD6|EPHX2|EPRS1|ESD|ETNK2|ETNPPL|EXT1|EXT2|EXTL1|EZH1|EZH2|FADS1|FASN|FBP1|FBP2|FCSK|FDFT1|FDPS|FECH|FH|FIG4|FKTN|FMO3|FMO4|FPGS|G6PD|GAA|GAD1|GAD2|GALC|GALK2|GALNS|GALNT1|GALNT10|GALNT11|GALNT12|GALNT13|GALNT16|GALNT17|GALNT2|GALNT3|GALNT5|GALNT7|GALNT8|GALNTL6|GANAB|GART|GATB|GATM|GBA1|GBA2|GBE1|GCLC|GCLM|GCNT2|GDA|GDPD1|GFPT1|GFPT2|GFUS|GGCT|GGT5|GK|GLB1|GLDC|GLO1|GLS|GLS2|GLUL|GMDS|GMPR|GMPS|GNE|GNS|GOT2|GPAM|GPAT3|GPAT4|GPHN|GPI|GPLD1|GPT2|GSR|GSTA4|GSTO1|GSTO2|GUCY1A1|GUCY1B1|GUCY2C|GUCY2D|GUCY2F|GUSB|GYG2|GYS1|GYS2|HACD3|HACD4|HADHA|HAL|HAO1|HAO2|HDC|HEXB|HGD|HK1|HK2|HKDC1|HLCS|HMGCL|HMGCLL1|HMGCR|HMOX1|HNMT|HPD|HPGDS|HPRT1|HPSE|HPSE2|HSD17B11|HSD17B12|HSD17B3|HSD17B4|HSD17B7|HSD17B8|HYAL2|HYKK|IDH3A|IDH3B|IDH3G|IDO1|IDO2|IMPA1|IMPDH2|INPP4A|INPP4B|INPP5A|INPP5B|INPP5D|INPP5J|INPP5K|ITPKB|IVD|KDSR|KIF1B|KL|KMO|KMT2A|KMT2C|KMT2D|KMT2E|KMT5B|KYAT1|KYAT3|KYNU|L2HGDH|LACC1|LANCL1|LAP3|LBR|LCLAT1|LDHA|LDHAL6A|LDHC|LIAS|LIPF|LIPG|LPCAT2|LPCAT4|LPIN1|LPIN2|LSS|LTA4H|MAN1A1|MAN1A2|MAN1B1|MAN2A1|MAN2A2|MAOA|MAOB|MARS1|MAT2A|MAT2B|MCCC1|MCCC2|MDH1|MDH2|ME1|ME3|MECOM|MGAM|MGAM2|MGAT3|MGAT4A|MGAT4C|MGAT4D|MGAT5|MGLL|MGST1|MGST3|MINPP1|MMUT|MOCOS|MOCS1|MOGAT1|MPI|MSMO1|MTAP|MTFMT|MTHFD1|MTHFD1L|MTM1|MTMR1|MTMR14|MTMR2|MTMR3|MTMR4|MTMR6|MTMR7|MTMR8|MTR|MVK|NAGK|NANS|NDST1|NDST2|NDST3|NDUFA5|NDUFA8|NDUFA9|NDUFB5|NDUFS1|NDUFS2|NDUFS3|NDUFS4|NDUFV1|NEU2|NME7|NMNAT2|NNT|NOS1|NOS2|NPL|NPR1|NPR2|NSD1|NSD2|NSD3|NT5C2|NT5C3B|NT5E|NUDT13|NUDT5|NUDT9|OAT|OCRL|ODC1|OGDH|OGDHL|OTC|OXCT1|P4HA1|P4HA2|P4HA3|PAFAH1B1|PAFAH1B2|PAH|PANK3|PAPSS1|PAPSS2|PC|PCBD1|PCBD2|PCCA|PCCB|PCYT1A|PCYT1B|PDE1A|PDE2A|PDE3A|PDE3B|PDE4A|PDE4B|PDE4C|PDE4D|PDE5A|PDE6A|PDE6C|PDE7A|PDE7B|PDE8A|PDE8B|PDE9A|PDHA1|PDHB|PDHX|PEMT|PFAS|PFKFB1|PFKFB4|PFKM|PFKP|PGAM1|PGAP1|PGAP2|PGAP3|PGM1|PGM2|PGM2L1|PGM3|PGS1|PI4K2B|PI4KB|PIGB|PIGF|PIGK|PIGN|PIGO|PIGS|PIGT|PIGU|PIK3C2A|PIK3C2B|PIK3C2G|PIK3C3|PIK3CA|PIK3CB|PIK3CG|PIKFYVE|PIP4K2B|PIP4K2C|PIP5K1A|PIP5K1B|PIPOX|PKLR|PKM|PLA2G4A|PLA2G4C|PLA2G4D|PLA2G4E|PLA2G4F|PLA2G7|PLB1|PLCB1|PLCB2|PLCB3|PLCB4|PLCD1|PLCD3|PLCD4|PLCE1|PLCG2|PLCH1|PLCH2|PLCZ1|PLD1|PLD2|PLOD2|PLOD3|PLPP3|PMM1|PMM2|PNLIP|PNLIPRP3|PNPLA3|PNPLA4|PNPO|POMGNT1|POMT1|PPAT|PPOX|PPT1|PRDM16|PRODH2|PRPS1|PRPS2|PRUNE1|PSAT1|PTDSS1|PTDSS2|PTGS2|PTS|PYCR2|PYGB|PYGL|PYGM|QRSL1|RBKS|RENBP|RFK|RPE65|RPIA|RPN1|RPN2|RRM1|RRM2|RRM2B|SACM1L|SARDH|SARM1|SAT2|SCP2|SDHA|SDR16C5|SDSL|SELENBP1|SELENOI|SEPHS1|SETD1B|SETD2|SGPL1|SGPP2|SI|SIRT1|SIRT2|SIRT3|SIRT5|SIRT7|SLC27A5|SLC33A1|SMPD2|SMYD1|SMYD2|SMYD3|SPHK2|SPTLC2|SQLE|SQOR|ST3GAL3|ST3GAL4|ST3GAL5|ST6GAL2|ST6GALNAC1|ST6GALNAC3|ST8SIA1|STT3A|STT3B|SUCLA2|SUCLG1|SUCLG2|SULT1E1|SUOX|SUV39H1|SUV39H2|SYNJ1|SYNJ2|TAT|TCIRG1|TGDS|THEM4|TK1|TK2|TPH1|TPI1|TPK1|TREH|TRIT1|TXNDC12|TYMS|TYRP1|UGCG|UGDH|UGP2|UMPS|UROD|USP19|UXS1|VNN1|VNN2|XDH|XYLB; borangutan:AACS|AADAT|AASDHPPT|AASS|ABAT|ABHD16A|ACAA2|ACACA|ACACB|ACAD8|ACADM|ACADS|ACADSB|ACADVL|ACAT2|ACER3|ACLY|ACMSD|ACO1|ACO2|ACOT8|ACOX1|ACOX2|ACOX3|ACP1|ACP2|ACSF3|ACSL1|ACSL3|ACSL4|ACSL5|ACSL6|ACSM3|ACSM4|ACSM5|ACSM6|ACSS1|ACSS2|ACSS3|ACY1|ADCY1|ADCY10|ADCY2|ADCY3|ADCY5|ADCY6|ADCY8|ADCY9|ADH4|ADH5|ADH6|ADH7|ADK|ADSS1|ADSS2|AGK|AGL|AGMAT|AGPAT3|AGPAT5|AGPS|AHCY|AHCYL2|AK2|AK4|AK7|AK8|AK9|AKR1A1|AKR1B10|AKR1C4|AKR1C8|AKR1D1|ALAD|ALAS1|ALDH18A1|ALDH1A1|ALDH1A3|ALDH1L2|ALDH2|ALDH3A2|ALDH3B2|ALDH4A1|ALDH5A1|ALDH6A1|ALDH9A1|ALDOB|ALG13|ALG14|ALG3|ALG5|ALG8|ALLC|ALOX12B|ALOX15|ALOXE3|ALPL|AMDHD1|AMPD2|AMPD3|AMT|ANPEP|APIP|ARG1|ARG2|ASAH1|ASH1L|ASL|ASNS|ASS1|ATIC|ATP12A|ATP4B|ATP5F1A|ATP5F1B|ATP5MC1|ATP5MC2|ATP5MC3|ATP5PB|ATP5PD|ATP6V0A1|ATP6V0A2|ATP6V1A|ATP6V1B1|ATP6V1B2|ATP6V1C1|ATP6V1C2|ATP6V1D|ATP6V1E1|ATP6V1H|AUH|AZIN2|B3GALNT2|B3GAT1|B3GAT2|B3GAT3|B4GALNT1|B4GALNT2|B4GALNT3|B4GALT4|B4GALT5|B4GALT7|BBOX1|BCAT1|BHMT|BHMT2|BPNT1|BST1|CA14|CA5B|CA7|CA9|CAD|CAMKMT|CAT|CD38|CDS2|CEPT1|CERK|CERS1|CERS3|CERS5|CERS6|CHAC1|CHDH|CHIA|CHKA|CHKB|CHPF2|CHPT1|CHST10|CKMT2|CMAS|CMPK1|CNDP1|CNDP2|COLGALT2|COQ2|COQ3|CPS1|CRLS1|CRPPA|CRYL1|CS|CSAD|CSGALNACT1|CTH|CTPS1|CTPS2|DBT|DCT|DCXR|DDC|DDOST|DEGS1|DERA|DGKA|DGKB|DGKD|DGKE|DGKG|DGKH|DGKI|DGKK|DGKZ|DGUOK|DHODH|DHTKD1|DLAT|DLD|DLST|DMGDH|DNMT1|DNMT3A|DNMT3B|DPYD|DPYS|EHHADH|EHMT1|EHMT2|ELOVL1|ELOVL2|ELOVL5|ELOVL7|ENO1|ENOSF1|ENPP1|ENPP2|ENPP3|ENTPD1|ENTPD5|ENTPD6|EPHX2|EPRS1|ESD|ETNPPL|EXT1|EXT2|EXTL1|EZH1|EZH2|FAH|FASN|FBP1|FBP2|FCSK|FDFT1|FDPS|FECH|FH|FIG4|FOLH1|FPGS|FPGT|G6PD|GAA|GAD1|GAD2|GALC|GALE|GALK2|GALNS|GALNT1|GALNT10|GALNT11|GALNT12|GALNT13|GALNT16|GALNT17|GALNT2|GALNT3|GALNT5|GALNT7|GALNT8|GALNT9|GALNTL5|GANAB|GANC|GAPDH|GART|GATB|GATM|GBA1|GBA2|GBE1|GCLC|GCLM|GCNT2|GDA|GDPD1|GFPT1|GFPT2|GFUS|GGCT|GK|GLB1|GLDC|GLO1|GLS|GLS2|GLUD1|GMDS|GNE|GNS|GOT2|GPAM|GPAT3|GPAT4|GPHN|GPI|GPLD1|GPT2|GSR|GSTK1|GSTM3|GSTO1|GUCY1A1|GUCY1A2|GUCY1B1|GUCY2C|GUCY2D|GUCY2F|GYG2|GYS1|GYS2|HACD2|HACD3|HACD4|HADHA|HADHB|HAL|HAO1|HAO2|HDC|HDDC2|HEXB|HGD|HGSNAT|HIBCH|HK1|HK2|HKDC1|HLCS|HMGCLL1|HMGCR|HMOX1|HMOX2|HNMT|HPD|HPGDS|HPRT1|HPSE|HPSE2|HSD17B11|HSD17B12|HSD17B3|HSD17B4|HSD17B8|HYAL2|HYI|HYKK|IDH3A|IDH3B|IDH3G|IDI1|IDO1|IDO2|IDS|IL11RA|IMPA1|IMPDH2|INPP4A|INPP4B|INPP5A|INPP5B|INPP5D|INPP5F|INPP5J|ITPKB|IVD|KDSR|KL|KMO|KMT2A|KMT2E|KMT5A|KMT5B|KYNU|L2HGDH|L3HYPDH|LACC1|LANCL1|LAP3|LARGE1|LBR|LCLAT1|LDHAL6A|LDHC|LIAS|LIPF|LIPG|LOXL2|LPCAT2|LPCAT4|LPIN1|LPIN2|LSS|LTA4H|MAN1A1|MAN1A2|MAN1B1|MAN2A1|MAN2A2|MAOA|MAOB|MARS1|MAT2A|MAT2B|MCCC1|MCCC2|MDH1|MDH2|ME1|ME3|MECOM|MGAM2|MGAT4A|MGAT4C|MGAT4D|MGAT5|MGLL|MGST1|MGST3|MINPP1|MMUT|MOCOS|MOCS1|MSMO1|MTAP|MTFMT|MTHFD1|MTHFD1L|MTM1|MTMR1|MTMR14|MTMR2|MTMR3|MTMR4|MTMR6|MTMR7|MTMR8|MTR|MVK|NADK2|NAGK|NAMPT|NANS|NDST1|NDST2|NDUFA10|NDUFA5|NDUFA8|NDUFA9|NDUFAB1|NDUFB4|NDUFB5|NDUFS1|NDUFS2|NDUFS3|NDUFS4|NDUFV1|NDUFV2|NEU3|NFS1|NIT2|NME7|NMNAT2|NNT|NOS1|NOS2|NPL|NPR1|NPR2|NSD1|NSD2|NSD3|NT5C1A|NT5C2|NT5C3A|NT5C3B|NT5E|NUDT13|NUDT5|NUDT9|OAT|OCRL|ODC1|OGDH|OGDHL|OPLAH|OTC|OXCT1|P4HA1|P4HA2|P4HA3|PAFAH1B1|PAFAH1B2|PAH|PAICS|PANK1|PANK3|PAPSS1|PAPSS2|PCBD1|PCBD2|PCCA|PCCB|PCYT1A|PCYT1B|PCYT2|PDE10A|PDE11A|PDE1A|PDE1B|PDE2A|PDE3A|PDE3B|PDE4A|PDE4B|PDE4C|PDE4D|PDE5A|PDE6A|PDE6B|PDE6C|PDE7A|PDE7B|PDE8A|PDE8B|PDE9A|PDHA1|PDHB|PDHX|PEMT|PFAS|PFKFB1|PFKFB3|PFKFB4|PFKM|PFKP|PGAM1|PGAP1|PGAP2|PGAP3|PGD|PGK1|PGM1|PGM2|PGM2L1|PGM3|PGS1|PI4K2A|PI4K2B|PI4KA|PI4KB|PIGB|PIGF|PIGG|PIGK|PIGN|PIGO|PIGS|PIGT|PIGU|PIK3C2A|PIK3C2G|PIK3C3|PIK3CA|PIK3CB|PIK3CG|PIKFYVE|PIP4K2A|PIP4K2B|PIP4K2C|PIP5K1A|PIPOX|PKLR|PKM|PLA2G4A|PLA2G4C|PLA2G4D|PLA2G4E|PLA2G4F|PLA2G6|PLA2G7|PLB1|PLCB1|PLCB2|PLCB3|PLCB4|PLCD1|PLCD3|PLCD4|PLCE1|PLCG2|PLCH1|PLCH2|PLCZ1|PLD1|PLD2|PLOD2|PLOD3|PLPP1|PLPP3|PMM2|PNLIPRP3|PNPLA4|PNPO|POMGNT1|POMT1|PPAT|PPOX|PPT1|PRDM16|PRODH2|PRPS1|PRPS2|PRUNE1|PSAT1|PTDSS1|PTDSS2|PTEN|PTGES3|PTGS2|PTS|PYCR2|PYGB|PYGL|QARS1|QRSL1|RENBP|RFK|RPE|RPE65|RPIA|RPN1|RPN2|RRM1|RRM2|RRM2B|SACM1L|SARDH|SARM1|SCP2|SDHA|SDR16C5|SDSL|SELENBP1|SEPHS1|SEPSECS|SETD1A|SETD1B|SETD2|SGPL1|SGPP1|SGPP2|SI|SIRT1|SIRT3|SIRT5|SIRT6|SIRT7|SLC27A5|SLC33A1|SMPD1|SMPD2|SMPD4|SMS|SMYD1|SMYD2|SMYD3|SPHK2|SPTLC1|SPTLC2|SQLE|SQOR|ST3GAL4|ST3GAL5|ST6GAL2|ST6GALNAC1|ST6GALNAC3|ST8SIA1|STT3A|STT3B|SUCLA2|SUCLG2|SULT1E1|SUV39H1|SUV39H2|SYNJ2|TAT|TBXAS1|TECR|TGDS|THEM4|TK1|TK2|TKTL1|TMEM38B|TNRC6B|TPH1|TPI1|TPK1|TREH|TRIT1|TXNDC12|TYMS|TYRP1|UCKL1|UGCG|UGDH|UGP2|UMPS|UROD|UXS1|XDH|XYLB; chimpanzee:AACS|AADAT|AASDHPPT|AASS|ABHD16A|ACAA2|ACACA|ACACB|ACAD8|ACADL|ACADS|ACADSB|ACADVL|ACAT2|ACER3|ACLY|ACMSD|ACO1|ACO2|ACOT12|ACOT8|ACOX1|ACOX2|ACOX3|ACP1|ACP2|ACSF3|ACSL1|ACSL3|ACSL4|ACSL5|ACSL6|ACSM3|ACSM4|ACSM5|ACSM6|ACSS1|ACSS2|ACSS3|ACY1|ADCY10|ADCY2|ADCY3|ADCY5|ADCY6|ADCY7|ADCY8|ADCY9|ADH1B|ADH4|ADH5|ADH6|ADH7|ADI1|ADK|ADSL|ADSS1|ADSS2|AGL|AGMAT|AGPAT3|AGPS|AHCY|AHCYL1|AK2|AK4|AK7|AK8|AK9|AKR1A1|AKR1B1|AKR1B10|AKR1B15|AKR1C2|AKR1C3|AKR1C4|AKR1D1|ALAD|ALAS1|ALDH18A1|ALDH1A1|ALDH1A2|ALDH1A3|ALDH1L1|ALDH1L2|ALDH2|ALDH4A1|ALDH5A1|ALDH6A1|ALDH7A1|ALDH9A1|ALDOB|ALG1|ALG10|ALG10B|ALG14|ALG3|ALG5|ALG8|ALG9|ALLC|ALOX12B|ALOX15|ALPL|AMDHD1|AMPD2|AMPD3|AMT|AMY1C|AMY2A|AMY2B|AOX1|APIP|ARG1|ARG2|ASAH1|ASH1L|ASS1|ATIC|ATP4B|ATP5F1A|ATP5F1B|ATP5MC1|ATP5MC2|ATP5MC3|ATP5PB|ATP5PD|ATP6AP1|ATP6V0A1|ATP6V0A2|ATP6V1A|ATP6V1B1|ATP6V1B2|ATP6V1C1|ATP6V1C2|ATP6V1D|ATP6V1E1|ATP6V1H|AUH|AZIN2|B3GALNT2|B3GAT1|B3GAT2|B3GAT3|B4GALNT1|B4GALNT2|B4GALNT3|B4GALT4|B4GALT5|B4GALT7|BBOX1|BCAT1|BDH1|BHMT2|BPNT1|BST1|CA1|CA13|CA14|CA2|CA5B|CA7|CA9|CAD|CAMKMT|CARNMT1|CAT|CD38|CDS1|CDS2|CELF6|CEPT1|CERK|CERS1|CERS5|CERS6|CHAC1|CHDH|CHIA|CHIT1|CHKA|CHKB|CHPT1|CKMT2|CMAS|CMPK1|CNDP1|CNDP2|COLGALT2|COQ2|COQ3|COQ6|COX10|COX11|COX15|COX7A2|CPS1|CRLS1|CRYL1|CS|CSAD|CSGALNACT1|CTH|CTPS1|CYP24A1|CYP26A1|CYP2C19|CYP2C8|CYP2C9|CYP2E1|CYP2J2|CYP3A4|CYP3A5|CYP3A7|CYP4F2|CYP4F3|DBT|DCK|DCTD|DCXR|DDC|DDOST|DECR2|DERA|DGKA|DGKB|DGKD|DGKE|DGKG|DGKH|DGKI|DGKK|DGKZ|DGUOK|DHODH|DHRS4L1|DHTKD1|DLAT|DLD|DLST|DMGDH|DNMT3A|DNMT3B|DOT1L|DPYD|DPYS|DSE|EHHADH|EHMT2|ELOVL1|ELOVL2|ELOVL3|ELOVL5|ENO1|ENOSF1|ENPP1|ENPP2|ENPP3|ENTPD1|ENTPD4|ENTPD5|ENTPD6|EPHX2|EPRS1|ESD|ETNK2|ETNPPL|EXT1|EXT2|EXTL1|EZH1|EZH2|FADS1|FAH|FASN|FBP1|FBP2|FCSK|FDFT1|FDPS|FECH|FH|FHIT|FIG4|FKTN|FMO3|FMO4|FPGS|G6PD|GAA|GAD1|GAD2|GALC|GALK2|GALNS|GALNT1|GALNT10|GALNT12|GALNT13|GALNT16|GALNT17|GALNT2|GALNT3|GALNT5|GALNT7|GALNT8|GALNTL6|GANAB|GAPDH|GATB|GATM|GBA1|GBA2|GBE1|GCLC|GCLM|GCNT2|GCSH|GDA|GDPD1|GFPT1|GFPT2|GFUS|GGCT|GGT5|GLB1|GLDC|GLO1|GLS|GLS2|GLUD1|GLUL|GMDS|GMPR|GMPR2|GMPS|GNE|GNS|GOT2|GPAM|GPAT2|GPAT3|GPAT4|GPHN|GPI|GPLD1|GPT2|GSR|GSTA4|GSTM3|GSTO1|GSTO2|GUCY1A1|GUCY1A2|GUCY1B1|GUCY2C|GUCY2D|GUCY2F|GUK1|GYG2|GYS1|GYS2|HACD2|HACD3|HACD4|HADH|HADHA|HAL|HAO1|HAO2|HCCS|HDC|HDDC2|HEXB|HGD|HGSNAT|HIBCH|HK1|HK2|HKDC1|HLCS|HMGCL|HMGCLL1|HMGCR|HMOX1|HMOX2|HNMT|HPD|HPGDS|HPRT1|HPSE|HPSE2|HSD17B11|HSD17B12|HSD17B3|HSD17B4|HSD17B7|HSD17B8|HYAL2|HYAL4|HYI|HYKK|IDH3A|IDH3B|IDH3G|IDO1|IDO2|IMPA1|IMPDH2|INPP4A|INPP4B|INPP5A|INPP5B|INPP5D|INPP5F|INPP5J|INPP5K|INPPL1|ITPKB|IVD|KDSR|KL|KMO|KMT2A|KMT2D|KMT2E|KMT5B|KYAT3|KYNU|L2HGDH|LACC1|LANCL1|LAP3|LARGE1|LBR|LCLAT1|LDHA|LDHAL6A|LDHC|LIAS|LIPF|LIPG|LPCAT2|LPCAT4|LPIN1|LPIN2|LSS|LTA4H|MAN1A1|MAN1A2|MAN1B1|MAN2A1|MAN2A2|MAOA|MAOB|MARS1|MAT2A|MAT2B|MCCC1|MCCC2|MDH1|MDH2|ME1|ME3|MECOM|MGAT3|MGAT4A|MGAT4C|MGAT4D|MGAT5|MGLL|MGST1|MGST3|MINPP1|MMAB|MMUT|MOCOS|MOCS1|MOGAT1|MPI|MSMO1|MTAP|MTFMT|MTHFD1|MTHFS|MTM1|MTMR1|MTMR14|MTMR2|MTMR3|MTMR4|MTMR6|MTMR7|MTMR8|MTR|MVK|NADK2|NAGA|NAGK|NANS|NDST1|NDST2|NDST3|NDST4|NDUFA10|NDUFA4|NDUFA5|NDUFA8|NDUFA9|NDUFAB1|NDUFB4|NDUFB5|NDUFB8|NDUFS1|NDUFS2|NDUFS3|NDUFS4|NDUFV1|NDUFV2|NIT2|NME7|NMNAT2|NNT|NOS1|NOS2|NPL|NPR2|NSD1|NSD2|NSD3|NT5C2|NT5C3A|NT5C3B|NT5E|NT5M|NUDT13|NUDT5|NUDT9|OAT|OCRL|ODC1|OGDHL|OPLAH|OXCT1|P4HA1|P4HA2|P4HA3|PAFAH1B1|PAH|PAICS|PANK1|PANK3|PAPSS1|PAPSS2|PC|PCBD1|PCBD2|PCCA|PCCB|PCYT1A|PCYT1B|PCYT2|PDE10A|PDE11A|PDE1A|PDE1B|PDE2A|PDE3A|PDE3B|PDE4A|PDE4B|PDE4C|PDE4D|PDE5A|PDE6A|PDE6C|PDE7A|PDE7B|PDE8A|PDE8B|PDE9A|PDHA1|PDHB|PDHX|PEMT|PFAS|PFKFB1|PFKFB3|PFKFB4|PFKM|PFKP|PGAM1|PGAP1|PGAP2|PGAP3|PGD|PGM1|PGM2|PGM2L1|PGM3|PGS1|PI4K2A|PI4K2B|PI4KA|PI4KB|PIGB|PIGF|PIGK|PIGN|PIGO|PIGS|PIGT|PIGU|PIK3C2A|PIK3C2B|PIK3C2G|PIK3C3|PIK3CA|PIK3CB|PIK3CG|PIKFYVE|PIP4K2A|PIP4K2B|PIP4K2C|PIP5K1A|PIP5K1B|PIPOX|PKLR|PKM|PLA2G4A|PLA2G4C|PLA2G4D|PLA2G4E|PLA2G4F|PLA2G7|PLB1|PLCB1|PLCB2|PLCB3|PLCB4|PLCD1|PLCD3|PLCD4|PLCE1|PLCG2|PLCH1|PLCZ1|PLD1|PLD2|PLOD2|PLPP1|PLPP3|PMM1|PMM2|PNLIP|PNLIPRP3|PNPLA4|PNPO|POMGNT1|POMT1|PPAT|PPOX|PPT1|PRDM16|PRDM9|PRODH2|PRPS1|PRPS2|PRUNE1|PSAT1|PTDSS1|PTEN|PTGES3|PTGS2|PTS|PYCR2|PYGB|PYGL|PYGM|QARS1|QRSL1|RBKS|RENBP|RFK|RPE65|RPIA|RPN1|RPN2|RRM1|RRM2|RRM2B|SACM1L|SARDH|SARM1|SAT2|SCP2|SDR16C5|SDSL|SELENBP1|SELENOI|SEPHS1|SETD1A|SETD1B|SETD2|SETMAR|SGPL1|SGPP1|SGPP2|SI|SIRT2|SIRT5|SIRT7|SLC27A5|SLC33A1|SMPD1|SMPD2|SMYD1|SMYD2|SMYD3|SPHK2|SPTLC1|SPTLC2|SQLE|SQOR|ST3GAL3|ST3GAL4|ST3GAL5|ST6GAL2|ST6GALNAC1|ST8SIA1|STT3A|STT3B|SUCLA2|SUCLG1|SUCLG2|SULT1E1|SUV39H2|SYNJ2|TAT|TBXAS1|TCIRG1|TDH|TGDS|THEM4|TK1|TK2|TKTL1|TMLHE|TPH1|TPI1|TPK1|TREH|TRIT1|TXNDC12|TYMS|TYRP1|UGCG|UGDH|UGP2|UGT2A3|UMPS|UPP2|UQCRC1|UQCRC2|UQCRH|UROD|UXS1|VNN1|VNN2|VNN3|XDH|XYLB; gorillla:ABAT|ACAA2|ACACB|ACADL|ACADS|ACADVL|ACMSD|ACO1|ACSL3|ACSM3|ACSS3|ADCY10|ADCY3|ADCY6|ADCY7|ADI1|ADSS2|AHCYL1|AK7|ALAD|ALDH1A1|ALDH1A2|ALDH1A3|ALDH2|ALDH5A1|ALDH6A1|ALDOB|ALG5|ALOX12B|AMDHD1|AMPD2|ANPEP|AOX1|ARG2|ATIC|ATP4B|ATP5F1A|ATP5F1B|ATP5MC3|ATP5PB|ATP6V0A2|ATP6V1B1|ATP6V1C2|AUH|B3GALNT2|B4GALNT1|B4GALNT3|BCAT1|BHMT|BHMT2|BPNT1|CA14|CA7|CAD|CARNMT1|CEPT1|CERS5|CERS6|CHAC1|CHIA|CMAS|CNDP2|COLGALT2|COQ6|CPS1|CRYL1|CS|CSAD|CYP27A1|DBH|DDOST|DERA|DGKA|DGKD|DGKH|DGUOK|DLST|DMGDH|EHMT1|ENTPD5|EPRS1|ETNK2|FAH|FBP1|FBP2|FDPS|FH|FMO3|FPGS|GAD1|GALC|GALK2|GALNS|GALNT1|GALNT13|GALNT2|GALNT3|GALNT5|GAPDH|GATM|GBA2|GCSH|GDA|GFPT1|GLDC|GLS|GLS2|GLUL|GMPR|GNE|GNS|GOT2|GPHN|GPT2|GSTM3|GUCY2D|GYS2|HACD3|HACD4|HAL|HAO2|HDC|HIBCH|HK2|HMGCR|HNMT|HPD|HSD17B3|HSD17B7|HYKK|IDH3A|INPP4A|INPP5K|KDSR|KMO|KYNU|L2HGDH|LACC1|LANCL1|LBR|LCLAT1|LPCAT2|LPCAT4|LPIN1|LPIN2|LTA4H|MAN1A2|MAN1B1|MARS1|MAT2A|MCCC2|MDH1|MGAT4A|MGAT5|MGST1|MGST3|MOCOS|MTAP|MTFMT|MTMR2|MTR|MVK|NADK2|NAGK|NDUFA8|NDUFS1|NDUFS3|NME7|NMNAT2|NNT|NPR2|ODC1|PAFAH1B1|PAH|PDE11A|PDE1A|PDE1B|PDE3A|PDE4D|PDE8A|PDE8B|PFAS|PFKM|PGAP1|PI4KB|PIGF|PIGN|PIGO|PIK3C2B|PIK3C2G|PIK3C3|PIKFYVE|PIP4K2C|PIP5K1B|PKLR|PKM|PLA2G4A|PLCB2|PLCD4|PLCG2|PLCZ1|PLD2|PLPP1|PMM2|POMT1|PPOX|PSAT1|PTGS2|PYGL|RPE65|RPIA|RRM2|SARDH|SAT2|SDSL|SGPP1|SGPP2|SMYD3|SPTLC2|SQOR|ST3GAL5|ST6GAL2|ST8SIA1|SUCLA2|SUCLG1|SUCLG2|TAT|TGDS|THEM4|TK2|TYRP1|UGCG|UGP2|UPP2|UQCRC2|UXS1|XDH; human:AACS|AADAT|AASDHPPT|AASS|ABAT|ABHD14A-ACY1|ABHD16A|ACAA2|ACACA|ACACB|ACAD8|ACADL|ACADM|ACADS|ACADSB|ACADVL|ACAT2|ACER3|ACLY|ACMSD|ACO1|ACO2|ACOT12|ACOT8|ACOX1|ACOX2|ACOX3|ACP1|ACP2|ACSF3|ACSL1|ACSL3|ACSL4|ACSL5|ACSL6|ACSM3|ACSM4|ACSM5|ACSM6|ACSS1|ACSS2|ACSS3|ACY1|ADCY1|ADCY10|ADCY2|ADCY3|ADCY5|ADCY6|ADCY8|ADCY9|ADH1A|ADH1B|ADH1C|ADH4|ADH5|ADH6|ADH7|ADI1|ADK|ADSL|ADSS1|ADSS2|AGK|AGL|AGMAT|AGPAT3|AGPAT5|AGPS|AHCY|AHCYL1|AHCYL2|AK2|AK4|AK7|AK8|AK9|AKR1A1|AKR1B1|AKR1B10|AKR1B15|AKR1C1|AKR1C2|AKR1C3|AKR1C4|AKR1C8|AKR1D1|ALAD|ALAS1|ALDH18A1|ALDH1A1|ALDH1A2|ALDH1A3|ALDH1L1|ALDH1L2|ALDH2|ALDH3A2|ALDH4A1|ALDH5A1|ALDH6A1|ALDH7A1|ALDOB|ALG1|ALG13|ALG14|ALG3|ALG5|ALG8|ALG9|ALLC|ALOX12B|ALOX15|ALPL|AMDHD1|AMPD2|AMPD3|AMT|AMY1A|AMY1B|AMY1C|AMY2A|AMY2B|ANPEP|AOX1|APIP|ARG1|ARG2|ASAH1|ASAH2|ASH1L|ASNS|ASS1|ATIC|ATP12A|ATP4B|ATP5F1A|ATP5F1B|ATP5MC1|ATP5MC2|ATP5MC3|ATP5PB|ATP5PD|ATP6AP1|ATP6V0A1|ATP6V0A2|ATP6V0A4|ATP6V1A|ATP6V1B1|ATP6V1B2|ATP6V1C1|ATP6V1C2|ATP6V1D|ATP6V1E1|ATP6V1H|AUH|AZIN2|B3GALNT1|B3GALNT2|B3GALT5|B3GAT1|B3GAT2|B3GAT3|B4GALNT1|B4GALNT2|B4GALNT3|B4GALT4|B4GALT5|B4GALT7|BBOX1|BCAT1|BDH1|BHMT|BHMT2|BPNT1|BST1|BTD|CA1|CA13|CA14|CA2|CA5B|CA7|CA9|CAD|CAMKMT|CAT|CD38|CDS1|CDS2|CEL|CEPT1|CERK|CERS1|CERS5|CERS6|CHAC1|CHDH|CHIA|CHIT1|CHKA|CHKB|CHPF2|CHPT1|CHST9|CKMT1A|CKMT2|CMAS|CMPK1|CNDP1|CNDP2|COLGALT2|COQ2|COQ3|COQ6|COQ7|COX10|COX11|COX15|COX7A2|CPS1|CRLS1|CRPPA|CRYL1|CS|CSAD|CSGALNACT1|CTH|CTPS1|CTPS2|CYP11B2|CYP24A1|CYP26A1|CYP27A1|CYP2C18|CYP2C19|CYP2C8|CYP2C9|CYP2E1|CYP2J2|CYP2R1|CYP3A4|CYP3A5|CYP3A7|CYP3A7-CYP3A51P|CYP4F2|CYP4F3|CYP51A1|DBT|DCK|DCT|DCTD|DCXR|DDC|DERA|DGKA|DGKB|DGKD|DGKE|DGKG|DGKH|DGKI|DGKK|DGKZ|DGUOK|DHODH|DHRS4|DHRS4L2|DHTKD1|DLAT|DLD|DLST|DMGDH|DNMT1|DNMT3A|DNMT3B|DOT1L|DPYD|DPYS|DSE|EHHADH|EHMT1|EHMT2|ELOVL2|ELOVL3|ELOVL5|ENO1|ENOSF1|ENPP1|ENPP2|ENPP3|ENTPD1|ENTPD5|ENTPD6|EPHX2|EPRS1|ESD|ETNK2|ETNPPL|EXT1|EXT2|EXTL1|EZH1|EZH2|FADS1|FAH|FASN|FBP1|FBP2|FCSK|FDFT1|FDPS|FECH|FGGY|FH|FHIT|FIG4|FKTN|FMO3|FMO4|FOLH1|FPGS|G6PD|GAA|GAD1|GAD2|GALC|GALK2|GALNS|GALNT1|GALNT10|GALNT11|GALNT12|GALNT13|GALNT16|GALNT17|GALNT2|GALNT3|GALNT5|GALNT7|GALNT8|GALNTL5|GALNTL6|GALT|GANAB|GANC|GAPDH|GART|GATB|GATM|GBA1|GBA2|GBA3|GBE1|GCAT|GCLC|GCLM|GCNT2|GCSH|GDA|GDPD1|GFPT1|GFUS|GGCT|GGT5|GK|GLB1|GLDC|GLO1|GLS|GLS2|GLUD1|GLUL|GMDS|GMPR|GMPS|GNE|GNS|GOT2|GPAM|GPAT3|GPAT4|GPHN|GPI|GPLD1|GPT2|GSR|GSTA4|GSTK1|GSTM3|GSTO1|GSTO2|GUCY1A1|GUCY1A2|GUCY1B1|GUCY2C|GUCY2D|GUCY2F|GUK1|GUSB|GYG1|GYG2|GYS1|GYS2|HACD2|HACD3|HACD4|HADH|HADHA|HADHB|HAL|HAO1|HAO2|HCCS|HDC|HDDC2|HEXB|HGD|HGSNAT|HIBCH|HK1|HK2|HK3|HKDC1|HLCS|HMGCL|HMGCLL1|HMGCR|HMOX1|HMOX2|HNMT|HPD|HPGDS|HPRT1|HPSE|HPSE2|HSD17B11|HSD17B12|HSD17B3|HSD17B4|HSD17B7|HSD17B8|HYAL2|HYAL4|HYI|HYKK|IDH3A|IDH3B|IDH3G|IDI1|IDO1|IDO2|IMPA1|IMPDH2|INPP4A|INPP4B|INPP5A|INPP5B|INPP5D|INPP5F|INPP5J|INPP5K|ITPKB|IVD|KDSR|KL|KMO|KMT2A|KMT2C|KMT2D|KMT2E|KMT5A|KMT5B|KYAT3|KYNU|L2HGDH|LACC1|LANCL1|LAP3|LARGE1|LBR|LCLAT1|LDHA|LDHAL6A|LDHC|LIAS|LIPF|LIPG|LPCAT2|LPCAT4|LPIN1|LPIN2|LSS|LTA4H|MAN1A1|MAN1A2|MAN1B1|MAN2A1|MAN2A2|MAOA|MAOB|MARS1|MAT2A|MAT2B|MCCC1|MCCC2|MDH1|MDH2|ME1|ME3|MECOM|MGAM|MGAM2|MGAT4A|MGAT4C|MGAT4D|MGAT5|MGLL|MGST1|MGST3|MINPP1|MMAB|MMUT|MOCOS|MOCS1|MOGAT1|MSMO1|MTAP|MTFMT|MTHFD1|MTHFD1L|MTHFS|MTM1|MTMR1|MTMR14|MTMR2|MTMR3|MTMR4|MTMR6|MTMR7|MTMR8|MTR|MVK|NADK2|NAGK|NAMPT|NANS|NDST1|NDST2|NDST3|NDST4|NDUFA10|NDUFA5|NDUFA8|NDUFA9|NDUFAB1|NDUFB4|NDUFB5|NDUFS1|NDUFS2|NDUFS3|NDUFS4|NDUFV1|NDUFV2|NEU3|NFS1|NIT2|NME1|NME1-NME2|NME7|NMNAT2|NNT|NOS1|NOS2|NPL|NPR1|NPR2|NSD1|NSD2|NSD3|NT5C2|NT5C3A|NT5C3B|NT5E|NT5M|NUDT13|NUDT5|NUDT9|OAT|OCRL|ODC1|OGDH|OGDHL|OPLAH|OTC|OXCT1|P4HA1|P4HA2|P4HA3|PAFAH1B1|PAFAH1B2|PAH|PAICS|PANK1|PANK3|PAPSS1|PAPSS2|PC|PCBD1|PCBD2|PCCA|PCCB|PCYT1A|PCYT1B|PCYT2|PDE10A|PDE11A|PDE1A|PDE1B|PDE2A|PDE3A|PDE3B|PDE4A|PDE4B|PDE4C|PDE4D|PDE5A|PDE6A|PDE6B|PDE6C|PDE6D|PDE7A|PDE7B|PDE8A|PDE8B|PDE9A|PDHA1|PDHB|PDHX|PDXK|PEMT|PFAS|PFKFB1|PFKFB3|PFKFB4|PFKM|PFKP|PGAM1|PGAP1|PGAP2|PGAP3|PGD|PGK1|PGM1|PGM2|PGM2L1|PGM3|PGS1|PI4K2A|PI4K2B|PI4KA|PI4KB|PIGB|PIGF|PIGH|PIGK|PIGN|PIGO|PIGS|PIGT|PIGU|PIK3C2A|PIK3C2B|PIK3C2G|PIK3C3|PIK3CA|PIK3CB|PIK3CG|PIKFYVE|PIP4K2A|PIP4K2B|PIP4K2C|PIP5K1A|PIP5K1B|PIPOX|PKLR|PKM|PLA2G4A|PLA2G4C|PLA2G4D|PLA2G4E|PLA2G4F|PLA2G7|PLB1|PLCB2|PLCB3|PLCB4|PLCD1|PLCD3|PLCD4|PLCE1|PLCH1|PLCH2|PLCZ1|PLD1|PLD2|PLOD2|PLOD3|PLPP1|PLPP3|PMM1|PNLIP|PNLIPRP1|PNLIPRP3|PNPLA4|PNPO|POMGNT1|POMT1|PPAT|PPOX|PPT1|PRDM16|PRDM7|PRDM9|PRODH2|PRPS1|PRPS2|PRUNE1|PSAT1|PTDSS1|PTDSS2|PTEN|PTGES3|PTGS2|PTS|PYCR2|PYGB|PYGL|PYGM|QARS1|QRSL1|RBKS|RENBP|RFK|RPE|RPE65|RPIA|RPN1|RPN2|RRM1|RRM2|RRM2B|SACM1L|SARDH|SARM1|SAT2|SCP2|SDHA|SDR16C5|SDSL|SELENBP1|SEPHS1|SETD1A|SETD1B|SETD2|SETMAR|SGPL1|SGPP1|SGPP2|SI|SIRT1|SIRT2|SIRT5|SIRT7|SLC27A5|SLC33A1|SMPD1|SMPD2|SMPD4|SMS|SMYD1|SMYD2|SMYD3|SORD|SPTLC1|SPTLC2|SQLE|SQOR|ST20-MTHFS|ST3GAL3|ST3GAL4|ST3GAL5|ST6GAL2|ST6GALNAC1|ST6GALNAC3|ST8SIA1|STT3A|STT3B|SUCLA2|SUCLG1|SUCLG2|SULT1E1|SUV39H1|SUV39H2|SYNJ1|SYNJ2|TAT|TBXAS1|TCIRG1|TGDS|THEM4|TK1|TK2|TKTL1|TMLHE|TPH1|TPI1|TPK1|TREH|TRIT1|TXNDC12|TYMS|TYRP1|UCKL1|UGCG|UGDH|UGP2|UGT1A1|UGT1A10|UGT1A3|UGT1A4|UGT1A5|UGT1A6|UGT1A7|UGT1A8|UGT1A9|UGT2A3|UMPS|UPP2|UQCRC2|UQCRH|UROD|UXS1|VKORC1L1|VNN1|VNN2|XDH|XYLB; sorangutan:AACS|AADAT|AASDHPPT|AASS|ABAT|ABHD16A|ACAA2|ACACA|ACACB|ACAD8|ACADM|ACADS|ACADSB|ACADVL|ACAT2|ACER3|ACLY|ACMSD|ACO1|ACO2|ACOT8|ACOX1|ACOX2|ACOX3|ACP1|ACP2|ACSF3|ACSL1|ACSL3|ACSL4|ACSL5|ACSL6|ACSM3|ACSM4|ACSM5|ACSM6|ACSS1|ACSS2|ACSS3|ACY1|ADCY1|ADCY10|ADCY2|ADCY3|ADCY5|ADCY6|ADCY8|ADCY9|ADH1A|ADH4|ADH5|ADH6|ADH7|ADK|ADSS1|ADSS2|AGK|AGL|AGMAT|AGPAT3|AGPAT5|AGPS|AHCY|AHCYL2|AK2|AK4|AK7|AK8|AK9|AKR1A1|AKR1B10|AKR1C1|AKR1C3|AKR1C4|AKR1D1|ALAD|ALAS1|ALDH18A1|ALDH1A1|ALDH1A3|ALDH1L2|ALDH2|ALDH3A2|ALDH4A1|ALDH5A1|ALDH6A1|ALDH9A1|ALDOB|ALG13|ALG14|ALG3|ALG5|ALG8|ALLC|ALOX12B|ALOX15|ALOXE3|ALPL|AMDHD1|AMPD2|AMPD3|AMT|ANPEP|AOX1|APIP|ARG2|ASAH1|ASH1L|ASL|ASMTL|ASNS|ASS1|ATIC|ATP12A|ATP4B|ATP5F1A|ATP5F1B|ATP5MC1|ATP5MC2|ATP5MC3|ATP5PB|ATP5PD|ATP6V0A1|ATP6V0A2|ATP6V1A|ATP6V1B1|ATP6V1B2|ATP6V1C1|ATP6V1C2|ATP6V1D|ATP6V1E1|ATP6V1H|AUH|AZIN2|B3GALNT2|B3GAT1|B3GAT2|B3GAT3|B4GALNT1|B4GALNT2|B4GALNT3|B4GALT4|B4GALT5|B4GALT7|BBOX1|BCAT1|BHMT|BHMT2|BPNT1|BST1|C1GALT1|CA14|CA5B|CA7|CA9|CAD|CAMKMT|CAT|CD38|CDS2|CEPT1|CERK|CERS1|CERS3|CERS5|CERS6|CHAC1|CHDH|CHIA|CHKA|CHKB|CHPF2|CHPT1|CKMT2|CMAS|CMPK1|CNDP1|CNDP2|COLGALT2|COQ2|COQ3|COX10|COX15|CPS1|CRLS1|CRPPA|CRYL1|CS|CSAD|CSGALNACT1|CTH|CTPS1|CTPS2|CYP2C19|CYP2C8|CYP2C9|CYP2E1|CYP51A1|DBH|DBT|DCT|DCXR|DDC|DDOST|DEGS1|DERA|DGAT1|DGKA|DGKB|DGKD|DGKE|DGKG|DGKH|DGKK|DGKZ|DGUOK|DHODH|DHRS4|DHTKD1|DLAT|DLD|DLST|DMGDH|DNMT1|DNMT3A|DNMT3B|DPYD|DPYS|EHHADH|EHMT1|EHMT2|ELOVL1|ELOVL2|ELOVL5|ELOVL7|ENO1|ENOSF1|ENPP1|ENPP2|ENPP3|ENTPD1|ENTPD5|ENTPD6|EPHX2|EPRS1|ESD|ETNPPL|EXT1|EXT2|EXTL1|EZH1|EZH2|FAH|FASN|FBP1|FBP2|FCSK|FDFT1|FDPS|FECH|FH|FIG4|FOLH1|FPGS|FPGT|G6PD|GAA|GAD1|GAD2|GALC|GALE|GALK2|GALNS|GALNT1|GALNT10|GALNT11|GALNT12|GALNT13|GALNT16|GALNT17|GALNT2|GALNT3|GALNT5|GALNT7|GALNT8|GALNTL5|GALNTL6|GANAB|GANC|GAPDH|GART|GATB|GATM|GBA1|GBA2|GBA3|GBE1|GCLC|GCLM|GCNT2|GDA|GDPD1|GFPT1|GFPT2|GFUS|GGCT|GK|GLB1|GLDC|GLO1|GLS|GLS2|GLUD1|GMDS|GNE|GNS|GOT2|GPAM|GPAT3|GPAT4|GPHN|GPI|GPLD1|GPT2|GSR|GSTK1|GSTM3|GSTO1|GUCY1A1|GUCY1A2|GUCY1B1|GUCY2C|GUCY2D|GUCY2F|GYG2|GYS1|GYS2|HACD2|HACD3|HACD4|HADHA|HAL|HAO1|HAO2|HCCS|HDC|HDDC2|HEXB|HGD|HGSNAT|HIBCH|HK1|HK2|HKDC1|HLCS|HMGCLL1|HMGCR|HMOX1|HMOX2|HNMT|HPD|HPGDS|HPRT1|HPSE|HPSE2|HSD17B11|HSD17B12|HSD17B3|HSD17B4|HSD17B8|HYAL2|HYI|HYKK|IDH3A|IDH3B|IDH3G|IDI1|IDO1|IDS|IL11RA|IMPA1|IMPDH2|INPP4A|INPP4B|INPP5A|INPP5B|INPP5D|INPP5F|INPP5J|ITPKB|IVD|KDSR|KL|KMO|KMT2A|KMT2E|KMT5A|KMT5B|KYNU|L2HGDH|L3HYPDH|LACC1|LANCL1|LAP3|LARGE1|LBR|LCLAT1|LDHA|LDHAL6A|LDHC|LIAS|LIPF|LIPG|LOXL2|LPCAT2|LPCAT4|LPIN1|LPIN2|LSS|LTA4H|MAN1A1|MAN1A2|MAN1B1|MAN2A1|MAN2A2|MAOA|MAOB|MARS1|MAT2A|MAT2B|MCCC1|MCCC2|MDH1|MDH2|ME1|ME3|MECOM|MGAM2|MGAT4A|MGAT4C|MGAT4D|MGAT5|MGLL|MGST1|MGST3|MINPP1|MMUT|MOCOS|MOCS1|MSMO1|MTAP|MTFMT|MTHFD1|MTHFD1L|MTHFR|MTM1|MTMR1|MTMR14|MTMR2|MTMR3|MTMR4|MTMR6|MTMR7|MTMR8|MTR|MVK|NADK2|NAGK|NAMPT|NANS|NDST1|NDST2|NDST3|NDST4|NDUFA10|NDUFA5|NDUFA8|NDUFA9|NDUFAB1|NDUFB4|NDUFB5|NDUFS1|NDUFS2|NDUFS3|NDUFS4|NDUFV1|NDUFV2|NEU3|NFS1|NIT2|NME7|NMNAT2|NNT|NOS1|NOS2|NPL|NPR1|NPR2|NSD1|NSD2|NSD3|NT5C1A|NT5C2|NT5C3A|NT5C3B|NT5E|NUDT13|NUDT5|NUDT9|OAT|OCRL|ODC1|OGDH|OGDHL|OPLAH|OTC|OXCT1|P4HA1|P4HA2|P4HA3|PAFAH1B1|PAFAH1B2|PAH|PAICS|PANK1|PANK3|PAPSS1|PAPSS2|PCBD1|PCBD2|PCCA|PCCB|PCYT1A|PCYT1B|PCYT2|PDE10A|PDE11A|PDE1A|PDE1B|PDE2A|PDE3A|PDE3B|PDE4B|PDE4C|PDE4D|PDE5A|PDE6A|PDE6B|PDE6C|PDE7A|PDE7B|PDE8A|PDE8B|PDE9A|PDHA1|PDHB|PDHX|PEMT|PFAS|PFKFB1|PFKFB3|PFKFB4|PFKM|PFKP|PGAM1|PGAP1|PGAP2|PGAP3|PGD|PGK1|PGM1|PGM2|PGM2L1|PGM3|PGS1|PI4K2A|PI4K2B|PI4KA|PI4KB|PIGB|PIGF|PIGG|PIGK|PIGN|PIGO|PIGT|PIGU|PIK3C2A|PIK3C2G|PIK3C3|PIK3CA|PIK3CB|PIK3CG|PIKFYVE|PIP4K2A|PIP4K2B|PIP4K2C|PIP5K1A|PIPOX|PKLR|PKM|PLA2G4A|PLA2G4C|PLA2G4D|PLA2G4F|PLA2G6|PLA2G7|PLB1|PLCB1|PLCB2|PLCB3|PLCB4|PLCD1|PLCD3|PLCD4|PLCE1|PLCG2|PLCH1|PLCH2|PLCZ1|PLD1|PLD2|PLOD2|PLOD3|PLPP1|PLPP3|PMM2|PNLIP|PNLIPRP1|PNLIPRP3|PNPLA4|PNPO|POMGNT1|POMT1|PPAT|PPCDC|PPOX|PPT1|PRDM16|PRODH2|PRPS1|PRPS2|PRUNE1|PSAT1|PTDSS1|PTDSS2|PTEN|PTGES3|PTGS2|PTS|PYCR2|PYCR3|PYGB|PYGL|QARS1|QRSL1|RENBP|RFK|RPE|RPE65|RPIA|RPN1|RPN2|RRM1|RRM2|RRM2B|SACM1L|SARDH|SARM1|SCP2|SDHA|SDSL|SELENBP1|SEPHS1|SEPSECS|SETD1A|SETD1B|SETD2|SGPL1|SGPP1|SGPP2|SI|SIRT1|SIRT3|SIRT5|SIRT6|SIRT7|SLC27A5|SLC33A1|SMPD2|SMPD4|SMS|SMYD1|SMYD2|SMYD3|SPHK2|SPTLC1|SPTLC2|SQLE|SQOR|ST3GAL4|ST3GAL5|ST6GAL2|ST6GALNAC1|ST6GALNAC3|ST8SIA1|STT3A|STT3B|SUCLA2|SUCLG2|SULT1E1|SULT2B1|SUV39H1|SUV39H2|SYNJ2|TAT|TBXAS1|TECR|TGDS|THEM4|TK1|TK2|TKTL1|TMEM38B|TNRC6B|TPH1|TPI1|TPK1|TREH|TRIT1|TXNDC12|TYMS|TYRP1|UCKL1|UGCG|UGDH|UGP2|UGT2A3|UMPS|UROD|UXS1|VNN1|XDH|XYLB,ACAA2|ACACB|ACADS|ACADVL|ACMSD|ACO1|ACSL3|ACSM3|ACSS3|ADCY10|ADCY3|ADCY6|ADSS2|AK7|ALAD|ALDH1A1|ALDH1A3|ALDH2|ALDH6A1|ALDOB|ALG5|ALOX12B|AMDHD1|AMPD2|ARG2|ATIC|ATP4B|ATP5F1A|ATP5F1B|ATP5MC3|ATP6V0A2|ATP6V1B1|ATP6V1C2|B3GALNT2|B4GALNT1|B4GALNT3|BCAT1|BPNT1|CA14|CA7|CAD|CEPT1|CERS5|CERS6|CHAC1|CHIA|CMAS|COLGALT2|CPS1|CRYL1|CS|CSAD|DERA|DGKA|DGKD|DGKH|DGUOK|DLST|DMGDH|ENTPD5|EPRS1|FBP1|FBP2|FDPS|FH|FPGS|GAD1|GALC|GALK2|GALNS|GALNT1|GALNT13|GALNT2|GALNT3|GALNT5|GATM|GBA2|GDA|GFPT1|GLDC|GLS|GLS2|GNE|GNS|GOT2|GPHN|GPT2|GUCY2D|GYS2|HACD3|HACD4|HAL|HAO2|HDC|HK2|HMGCR|HNMT|HPD|HSD17B3|HYKK|IDH3A|INPP4A|KDSR|KMO|KYNU|L2HGDH|LACC1|LANCL1|LBR|LCLAT1|LPCAT2|LPCAT4|LPIN1|LPIN2|LTA4H|MAN1A2|MAN1B1|MARS1|MAT2A|MCCC2|MDH1|MGAT4A|MGAT5|MGST1|MGST3|MOCOS|MTAP|MTFMT|MTMR2|MTR|MVK|NAGK|NDUFA8|NDUFS1|NDUFS3|NME7|NMNAT2|NNT|NPR2|ODC1|PAFAH1B1|PAH|PDE1A|PDE3A|PDE4D|PDE8A|PDE8B|PFAS|PFKM|PGAP1|PI4KB|PIGF|PIGN|PIGO|PIK3C2G|PIK3C3|PIKFYVE|PIP4K2C|PKLR|PKM|PLA2G4A|PLCB2|PLCD4|PLCZ1|PLD2|POMT1|PPOX|PSAT1|PTGS2|PYGL|RPE65|RPIA|RRM2|SARDH|SDSL|SGPP2|SMYD3|SPTLC2|SQOR|ST3GAL5|ST6GAL2|ST8SIA1|SUCLA2|SUCLG2|TAT|TGDS|THEM4|TK2|TYRP1|UGCG|UGP2|UXS1|XDH,193,bonobo:AACS|AADAT|AASDHPPT|AASS|ABAT|ABHD16A|ACACA|ACAD8|ACADL|ACADM|ACADSB|ACAT2|ACER3|ACLY|ACO2|ACOT12|ACOT8|ACOX1|ACOX2|ACOX3|ACP2|ACSF3|ACSL1|ACSL4|ACSL5|ACSL6|ACSM4|ACSM6|ACSS1|ACSS2|ADCY1|ADCY2|ADCY5|ADCY7|ADCY8|ADCY9|ADH4|ADH5|ADH6|ADH7|ADI1|ADK|ADSL|AGK|AGL|AGMAT|AGPAT3|AGPAT5|AGPS|AHCY|AHCYL2|AK2|AK4|AK8|AK9|AKR1A1|AKR1B10|AKR1C3|AKR1C4|AKR1D1|ALAS1|ALDH18A1|ALDH1A2|ALDH1L1|ALDH1L2|ALDH3A2|ALDH4A1|ALDH7A1|ALDH9A1|ALG1|ALG13|ALG14|ALG3|ALG8|ALG9|ALLC|ALOX15|ALPL|AMPD3|AMT|ANPEP|AOX1|ASH1L|ASNS|ASS1|ATP12A|ATP5MC1|ATP5PD|ATP6AP1|ATP6V0A1|ATP6V0A4|ATP6V1A|ATP6V1B2|ATP6V1C1|ATP6V1E1|ATP6V1H|B3GAT1|B3GAT3|B4GALNT2|B4GALT4|B4GALT5|B4GALT7|BBOX1|BDH1|BHMT|BST1|CA1|CA13|CA2|CA9|CAMKMT|CARNMT1|CAT|CD38|CDS1|CDS2|CEL|CERK|CERS1|CHDH|CHKA|CHKB|CHPF2|CKMT2|CNDP1|COQ2|COQ3|COQ6|CRLS1|CRPPA|CSGALNACT1|CTH|CTPS1|CTPS2|DBT|DCT|DCTD|DCXR|DDC|DDOST|DGKB|DGKE|DGKG|DGKI|DGKK|DGKZ|DHODH|DHRS4|DHTKD1|DLAT|DLD|DNMT1|DNMT3A|DNMT3B|DOT1L|DPYD|DPYS|EHHADH|EHMT1|EHMT2|ELOVL1|ELOVL2|ELOVL3|ELOVL5|ENO1|ENOSF1|ENPP1|ENPP2|ENPP3|ENPP6|ENTPD1|ENTPD2|ENTPD4|ENTPD6|EPHX2|ESD|ETNK2|ETNPPL|EXT1|EXT2|EXTL1|EZH1|EZH2|FADS1|FASN|FCSK|FDFT1|FECH|FIG4|FKTN|FMO3|FMO4|G6PD|GAA|GAD2|GALNT10|GALNT11|GALNT12|GALNT16|GALNT17|GALNT7|GALNT8|GALNTL6|GANAB|GART|GATB|GBA1|GBE1|GCLC|GCLM|GCNT2|GDPD1|GFPT2|GFUS|GGCT|GGT5|GK|GLB1|GLO1|GLUL|GMDS|GMPR|GMPS|GPAM|GPAT3|GPAT4|GPI|GPLD1|GSR|GSTA4|GSTO1|GSTO2|GUCY1A1|GUCY1B1|GUCY2C|GUCY2F|GUSB|GYG2|GYS1|HADHA|HAO1|HEXB|HGD|HK1|HKDC1|HLCS|HMGCL|HMGCLL1|HMOX1|HPGDS|HPRT1|HPSE|HPSE2|HSD17B11|HSD17B12|HSD17B4|HSD17B7|HSD17B8|HYAL2|IDH3B|IDH3G|IDO1|IDO2|IMPA1|IMPDH2|INPP4B|INPP5A|INPP5B|INPP5D|INPP5J|INPP5K|ITPKB|IVD|KIF1B|KL|KMT2A|KMT2C|KMT2D|KMT2E|KMT5B|KYAT1|KYAT3|LAP3|LDHA|LDHAL6A|LDHC|LIAS|LIPF|LIPG|LSS|MAN1A1|MAN2A1|MAN2A2|MAOA|MAOB|MAT2B|MCCC1|MDH2|ME1|ME3|MECOM|MGAM|MGAM2|MGAT3|MGAT4C|MGAT4D|MGLL|MINPP1|MMUT|MOCS1|MOGAT1|MPI|MSMO1|MTHFD1|MTHFD1L|MTM1|MTMR1|MTMR14|MTMR3|MTMR4|MTMR6|MTMR7|MTMR8|NANS|NDST1|NDST2|NDST3|NDUFA5|NDUFA9|NDUFB5|NDUFS2|NDUFS4|NDUFV1|NEU2|NOS1|NOS2|NPL|NPR1|NSD1|NSD2|NSD3|NT5C2|NT5C3B|NT5E|NUDT13|NUDT5|NUDT9|OAT|OCRL|OGDH|OGDHL|OTC|OXCT1|P4HA1|P4HA2|P4HA3|PAFAH1B2|PANK3|PAPSS1|PAPSS2|PC|PCBD1|PCBD2|PCCA|PCCB|PCYT1A|PCYT1B|PDE2A|PDE3B|PDE4A|PDE4B|PDE4C|PDE5A|PDE6A|PDE6C|PDE7A|PDE7B|PDE9A|PDHA1|PDHB|PDHX|PEMT|PFKFB1|PFKFB4|PFKP|PGAM1|PGAP2|PGAP3|PGM1|PGM2|PGM2L1|PGM3|PGS1|PI4K2B|PIGB|PIGK|PIGS|PIGT|PIGU|PIK3C2A|PIK3C2B|PIK3CA|PIK3CB|PIK3CG|PIP4K2B|PIP5K1A|PIP5K1B|PIPOX|PLA2G4C|PLA2G4D|PLA2G4E|PLA2G4F|PLA2G7|PLB1|PLCB1|PLCB3|PLCB4|PLCD1|PLCD3|PLCE1|PLCG2|PLCH1|PLCH2|PLD1|PLOD2|PLOD3|PLPP3|PMM1|PMM2|PNLIP|PNLIPRP3|PNPLA3|PNPLA4|PNPO|POMGNT1|PPAT|PPT1|PRDM16|PRODH2|PRPS1|PRPS2|PRUNE1|PTDSS1|PTDSS2|PTS|PYCR2|PYGB|PYGM|QRSL1|RBKS|RENBP|RFK|RPN1|RPN2|RRM1|RRM2B|SACM1L|SARM1|SAT2|SCP2|SDHA|SDR16C5|SELENBP1|SELENOI|SEPHS1|SETD1B|SETD2|SGPL1|SI|SIRT1|SIRT2|SIRT3|SIRT5|SIRT7|SLC27A5|SLC33A1|SMPD2|SMYD1|SMYD2|SPHK2|SQLE|ST3GAL3|ST3GAL4|ST6GALNAC1|ST6GALNAC3|STT3A|STT3B|SUCLG1|SULT1E1|SUOX|SUV39H1|SUV39H2|SYNJ1|SYNJ2|TCIRG1|TK1|TPH1|TPI1|TPK1|TREH|TRIT1|TXNDC12|TYMS|UGDH|UMPS|UROD|USP19|VNN1|VNN2|XYLB; borangutan:AACS|AADAT|AASDHPPT|AASS|ABAT|ABHD16A|ACACA|ACAD8|ACADM|ACADSB|ACAT2|ACER3|ACLY|ACO2|ACOT8|ACOX1|ACOX2|ACOX3|ACP1|ACP2|ACSF3|ACSL1|ACSL4|ACSL5|ACSL6|ACSM4|ACSM5|ACSM6|ACSS1|ACSS2|ACY1|ADCY1|ADCY2|ADCY5|ADCY8|ADCY9|ADH4|ADH5|ADH6|ADH7|ADK|ADSS1|AGK|AGL|AGMAT|AGPAT3|AGPAT5|AGPS|AHCY|AHCYL2|AK2|AK4|AK8|AK9|AKR1A1|AKR1B10|AKR1C4|AKR1C8|AKR1D1|ALAS1|ALDH18A1|ALDH1L2|ALDH3A2|ALDH3B2|ALDH4A1|ALDH5A1|ALDH9A1|ALG13|ALG14|ALG3|ALG8|ALLC|ALOX15|ALOXE3|ALPL|AMPD3|AMT|ANPEP|APIP|ARG1|ASAH1|ASH1L|ASL|ASNS|ASS1|ATP12A|ATP5MC1|ATP5MC2|ATP5PB|ATP5PD|ATP6V0A1|ATP6V1A|ATP6V1B2|ATP6V1C1|ATP6V1D|ATP6V1E1|ATP6V1H|AUH|AZIN2|B3GAT1|B3GAT2|B3GAT3|B4GALNT2|B4GALT4|B4GALT5|B4GALT7|BBOX1|BHMT|BHMT2|BST1|CA5B|CA9|CAMKMT|CAT|CD38|CDS2|CERK|CERS1|CERS3|CHDH|CHKA|CHKB|CHPF2|CHPT1|CHST10|CKMT2|CMPK1|CNDP1|CNDP2|COQ2|COQ3|CRLS1|CRPPA|CSGALNACT1|CTH|CTPS1|CTPS2|DBT|DCT|DCXR|DDC|DDOST|DEGS1|DGKB|DGKE|DGKG|DGKI|DGKK|DGKZ|DHODH|DHTKD1|DLAT|DLD|DNMT1|DNMT3A|DNMT3B|DPYD|DPYS|EHHADH|EHMT1|EHMT2|ELOVL1|ELOVL2|ELOVL5|ELOVL7|ENO1|ENOSF1|ENPP1|ENPP2|ENPP3|ENTPD1|ENTPD6|EPHX2|ESD|ETNPPL|EXT1|EXT2|EXTL1|EZH1|EZH2|FAH|FASN|FCSK|FDFT1|FECH|FIG4|FOLH1|FPGT|G6PD|GAA|GAD2|GALE|GALNT10|GALNT11|GALNT12|GALNT16|GALNT17|GALNT7|GALNT8|GALNT9|GALNTL5|GANAB|GANC|GAPDH|GART|GATB|GBA1|GBE1|GCLC|GCLM|GCNT2|GDPD1|GFPT2|GFUS|GGCT|GK|GLB1|GLO1|GLUD1|GMDS|GPAM|GPAT3|GPAT4|GPI|GPLD1|GSR|GSTK1|GSTM3|GSTO1|GUCY1A1|GUCY1A2|GUCY1B1|GUCY2C|GUCY2F|GYG2|GYS1|HACD2|HADHA|HADHB|HAO1|HDDC2|HEXB|HGD|HGSNAT|HIBCH|HK1|HKDC1|HLCS|HMGCLL1|HMOX1|HMOX2|HPGDS|HPRT1|HPSE|HPSE2|HSD17B11|HSD17B12|HSD17B4|HSD17B8|HYAL2|HYI|IDH3B|IDH3G|IDI1|IDO1|IDO2|IDS|IL11RA|IMPA1|IMPDH2|INPP4B|INPP5A|INPP5B|INPP5D|INPP5F|INPP5J|ITPKB|IVD|KL|KMT2A|KMT2E|KMT5A|KMT5B|L3HYPDH|LAP3|LARGE1|LDHAL6A|LDHC|LIAS|LIPF|LIPG|LOXL2|LSS|MAN1A1|MAN2A1|MAN2A2|MAOA|MAOB|MAT2B|MCCC1|MDH2|ME1|ME3|MECOM|MGAM2|MGAT4C|MGAT4D|MGLL|MINPP1|MMUT|MOCS1|MSMO1|MTHFD1|MTHFD1L|MTM1|MTMR1|MTMR14|MTMR3|MTMR4|MTMR6|MTMR7|MTMR8|NADK2|NAMPT|NANS|NDST1|NDST2|NDUFA10|NDUFA5|NDUFA9|NDUFAB1|NDUFB4|NDUFB5|NDUFS2|NDUFS4|NDUFV1|NDUFV2|NEU3|NFS1|NIT2|NOS1|NOS2|NPL|NPR1|NSD1|NSD2|NSD3|NT5C1A|NT5C2|NT5C3A|NT5C3B|NT5E|NUDT13|NUDT5|NUDT9|OAT|OCRL|OGDH|OGDHL|OPLAH|OTC|OXCT1|P4HA1|P4HA2|P4HA3|PAFAH1B2|PAICS|PANK1|PANK3|PAPSS1|PAPSS2|PCBD1|PCBD2|PCCA|PCCB|PCYT1A|PCYT1B|PCYT2|PDE10A|PDE11A|PDE1B|PDE2A|PDE3B|PDE4A|PDE4B|PDE4C|PDE5A|PDE6A|PDE6B|PDE6C|PDE7A|PDE7B|PDE9A|PDHA1|PDHB|PDHX|PEMT|PFKFB1|PFKFB3|PFKFB4|PFKP|PGAM1|PGAP2|PGAP3|PGD|PGK1|PGM1|PGM2|PGM2L1|PGM3|PGS1|PI4K2A|PI4K2B|PI4KA|PIGB|PIGG|PIGK|PIGS|PIGT|PIGU|PIK3C2A|PIK3CA|PIK3CB|PIK3CG|PIP4K2A|PIP4K2B|PIP5K1A|PIPOX|PLA2G4C|PLA2G4D|PLA2G4E|PLA2G4F|PLA2G6|PLA2G7|PLB1|PLCB1|PLCB3|PLCB4|PLCD1|PLCD3|PLCE1|PLCG2|PLCH1|PLCH2|PLD1|PLOD2|PLOD3|PLPP1|PLPP3|PMM2|PNLIPRP3|PNPLA4|PNPO|POMGNT1|PPAT|PPT1|PRDM16|PRODH2|PRPS1|PRPS2|PRUNE1|PTDSS1|PTDSS2|PTEN|PTGES3|PTS|PYCR2|PYGB|QARS1|QRSL1|RENBP|RFK|RPE|RPN1|RPN2|RRM1|RRM2B|SACM1L|SARM1|SCP2|SDHA|SDR16C5|SELENBP1|SEPHS1|SEPSECS|SETD1A|SETD1B|SETD2|SGPL1|SGPP1|SI|SIRT1|SIRT3|SIRT5|SIRT6|SIRT7|SLC27A5|SLC33A1|SMPD1|SMPD2|SMPD4|SMS|SMYD1|SMYD2|SPHK2|SPTLC1|SQLE|ST3GAL4|ST6GALNAC1|ST6GALNAC3|STT3A|STT3B|SULT1E1|SUV39H1|SUV39H2|SYNJ2|TBXAS1|TECR|TK1|TKTL1|TMEM38B|TNRC6B|TPH1|TPI1|TPK1|TREH|TRIT1|TXNDC12|TYMS|UCKL1|UGDH|UMPS|UROD|XYLB; chimpanzee:AACS|AADAT|AASDHPPT|AASS|ABHD16A|ACACA|ACAD8|ACADL|ACADSB|ACAT2|ACER3|ACLY|ACO2|ACOT12|ACOT8|ACOX1|ACOX2|ACOX3|ACP1|ACP2|ACSF3|ACSL1|ACSL4|ACSL5|ACSL6|ACSM4|ACSM5|ACSM6|ACSS1|ACSS2|ACY1|ADCY2|ADCY5|ADCY7|ADCY8|ADCY9|ADH1B|ADH4|ADH5|ADH6|ADH7|ADI1|ADK|ADSL|ADSS1|AGL|AGMAT|AGPAT3|AGPS|AHCY|AHCYL1|AK2|AK4|AK8|AK9|AKR1A1|AKR1B1|AKR1B10|AKR1B15|AKR1C2|AKR1C3|AKR1C4|AKR1D1|ALAS1|ALDH18A1|ALDH1A2|ALDH1L1|ALDH1L2|ALDH4A1|ALDH5A1|ALDH7A1|ALDH9A1|ALG1|ALG10|ALG10B|ALG14|ALG3|ALG8|ALG9|ALLC|ALOX15|ALPL|AMPD3|AMT|AMY1C|AMY2A|AMY2B|AOX1|APIP|ARG1|ASAH1|ASH1L|ASS1|ATP5MC1|ATP5MC2|ATP5PB|ATP5PD|ATP6AP1|ATP6V0A1|ATP6V1A|ATP6V1B2|ATP6V1C1|ATP6V1D|ATP6V1E1|ATP6V1H|AUH|AZIN2|B3GAT1|B3GAT2|B3GAT3|B4GALNT2|B4GALT4|B4GALT5|B4GALT7|BBOX1|BDH1|BHMT2|BST1|CA1|CA13|CA2|CA5B|CA9|CAMKMT|CARNMT1|CAT|CD38|CDS1|CDS2|CELF6|CERK|CERS1|CHDH|CHIT1|CHKA|CHKB|CHPT1|CKMT2|CMPK1|CNDP1|CNDP2|COQ2|COQ3|COQ6|COX10|COX11|COX15|COX7A2|CRLS1|CSGALNACT1|CTH|CTPS1|CYP24A1|CYP26A1|CYP2C19|CYP2C8|CYP2C9|CYP2E1|CYP2J2|CYP3A4|CYP3A5|CYP3A7|CYP4F2|CYP4F3|DBT|DCK|DCTD|DCXR|DDC|DDOST|DECR2|DGKB|DGKE|DGKG|DGKI|DGKK|DGKZ|DHODH|DHRS4L1|DHTKD1|DLAT|DLD|DNMT3A|DNMT3B|DOT1L|DPYD|DPYS|DSE|EHHADH|EHMT2|ELOVL1|ELOVL2|ELOVL3|ELOVL5|ENO1|ENOSF1|ENPP1|ENPP2|ENPP3|ENTPD1|ENTPD4|ENTPD6|EPHX2|ESD|ETNK2|ETNPPL|EXT1|EXT2|EXTL1|EZH1|EZH2|FADS1|FAH|FASN|FCSK|FDFT1|FECH|FHIT|FIG4|FKTN|FMO3|FMO4|G6PD|GAA|GAD2|GALNT10|GALNT12|GALNT16|GALNT17|GALNT7|GALNT8|GALNTL6|GANAB|GAPDH|GATB|GBA1|GBE1|GCLC|GCLM|GCNT2|GCSH|GDPD1|GFPT2|GFUS|GGCT|GGT5|GLB1|GLO1|GLUD1|GLUL|GMDS|GMPR|GMPR2|GMPS|GPAM|GPAT2|GPAT3|GPAT4|GPI|GPLD1|GSR|GSTA4|GSTM3|GSTO1|GSTO2|GUCY1A1|GUCY1A2|GUCY1B1|GUCY2C|GUCY2F|GUK1|GYG2|GYS1|HACD2|HADH|HADHA|HAO1|HCCS|HDDC2|HEXB|HGD|HGSNAT|HIBCH|HK1|HKDC1|HLCS|HMGCL|HMGCLL1|HMOX1|HMOX2|HPGDS|HPRT1|HPSE|HPSE2|HSD17B11|HSD17B12|HSD17B4|HSD17B7|HSD17B8|HYAL2|HYAL4|HYI|IDH3B|IDH3G|IDO1|IDO2|IMPA1|IMPDH2|INPP4B|INPP5A|INPP5B|INPP5D|INPP5F|INPP5J|INPP5K|INPPL1|ITPKB|IVD|KL|KMT2A|KMT2D|KMT2E|KMT5B|KYAT3|LAP3|LARGE1|LDHA|LDHAL6A|LDHC|LIAS|LIPF|LIPG|LSS|MAN1A1|MAN2A1|MAN2A2|MAOA|MAOB|MAT2B|MCCC1|MDH2|ME1|ME3|MECOM|MGAT3|MGAT4C|MGAT4D|MGLL|MINPP1|MMAB|MMUT|MOCS1|MOGAT1|MPI|MSMO1|MTHFD1|MTHFS|MTM1|MTMR1|MTMR14|MTMR3|MTMR4|MTMR6|MTMR7|MTMR8|NADK2|NAGA|NANS|NDST1|NDST2|NDST3|NDST4|NDUFA10|NDUFA4|NDUFA5|NDUFA9|NDUFAB1|NDUFB4|NDUFB5|NDUFB8|NDUFS2|NDUFS4|NDUFV1|NDUFV2|NIT2|NOS1|NOS2|NPL|NSD1|NSD2|NSD3|NT5C2|NT5C3A|NT5C3B|NT5E|NT5M|NUDT13|NUDT5|NUDT9|OAT|OCRL|OGDHL|OPLAH|OXCT1|P4HA1|P4HA2|P4HA3|PAICS|PANK1|PANK3|PAPSS1|PAPSS2|PC|PCBD1|PCBD2|PCCA|PCCB|PCYT1A|PCYT1B|PCYT2|PDE10A|PDE11A|PDE1B|PDE2A|PDE3B|PDE4A|PDE4B|PDE4C|PDE5A|PDE6A|PDE6C|PDE7A|PDE7B|PDE9A|PDHA1|PDHB|PDHX|PEMT|PFKFB1|PFKFB3|PFKFB4|PFKP|PGAM1|PGAP2|PGAP3|PGD|PGM1|PGM2|PGM2L1|PGM3|PGS1|PI4K2A|PI4K2B|PI4KA|PIGB|PIGK|PIGS|PIGT|PIGU|PIK3C2A|PIK3C2B|PIK3CA|PIK3CB|PIK3CG|PIP4K2A|PIP4K2B|PIP5K1A|PIP5K1B|PIPOX|PLA2G4C|PLA2G4D|PLA2G4E|PLA2G4F|PLA2G7|PLB1|PLCB1|PLCB3|PLCB4|PLCD1|PLCD3|PLCE1|PLCG2|PLCH1|PLD1|PLOD2|PLPP1|PLPP3|PMM1|PMM2|PNLIP|PNLIPRP3|PNPLA4|PNPO|POMGNT1|PPAT|PPT1|PRDM16|PRDM9|PRODH2|PRPS1|PRPS2|PRUNE1|PTDSS1|PTEN|PTGES3|PTS|PYCR2|PYGB|PYGM|QARS1|QRSL1|RBKS|RENBP|RFK|RPN1|RPN2|RRM1|RRM2B|SACM1L|SARM1|SAT2|SCP2|SDR16C5|SELENBP1|SELENOI|SEPHS1|SETD1A|SETD1B|SETD2|SETMAR|SGPL1|SGPP1|SI|SIRT2|SIRT5|SIRT7|SLC27A5|SLC33A1|SMPD1|SMPD2|SMYD1|SMYD2|SPHK2|SPTLC1|SQLE|ST3GAL3|ST3GAL4|ST6GALNAC1|STT3A|STT3B|SUCLG1|SULT1E1|SUV39H2|SYNJ2|TBXAS1|TCIRG1|TDH|TK1|TKTL1|TMLHE|TPH1|TPI1|TPK1|TREH|TRIT1|TXNDC12|TYMS|UGDH|UGT2A3|UMPS|UPP2|UQCRC1|UQCRC2|UQCRH|UROD|VNN1|VNN2|VNN3|XYLB; gorillla:ABAT|ACADL|ADCY7|ADI1|AHCYL1|ALDH1A2|ALDH5A1|ANPEP|AOX1|ATP5PB|AUH|BHMT|BHMT2|CARNMT1|CNDP2|COQ6|CYP27A1|DBH|DDOST|EHMT1|ETNK2|FAH|FMO3|GAPDH|GCSH|GLUL|GMPR|GSTM3|HIBCH|HSD17B7|INPP5K|NADK2|PDE11A|PDE1B|PIK3C2B|PIP5K1B|PLCG2|PLPP1|PMM2|SAT2|SGPP1|SUCLG1|UPP2|UQCRC2; human:AACS|AADAT|AASDHPPT|AASS|ABAT|ABHD14A-ACY1|ABHD16A|ACACA|ACAD8|ACADL|ACADM|ACADSB|ACAT2|ACER3|ACLY|ACO2|ACOT12|ACOT8|ACOX1|ACOX2|ACOX3|ACP1|ACP2|ACSF3|ACSL1|ACSL4|ACSL5|ACSL6|ACSM4|ACSM5|ACSM6|ACSS1|ACSS2|ACY1|ADCY1|ADCY2|ADCY5|ADCY8|ADCY9|ADH1A|ADH1B|ADH1C|ADH4|ADH5|ADH6|ADH7|ADI1|ADK|ADSL|ADSS1|AGK|AGL|AGMAT|AGPAT3|AGPAT5|AGPS|AHCY|AHCYL1|AHCYL2|AK2|AK4|AK8|AK9|AKR1A1|AKR1B1|AKR1B10|AKR1B15|AKR1C1|AKR1C2|AKR1C3|AKR1C4|AKR1C8|AKR1D1|ALAS1|ALDH18A1|ALDH1A2|ALDH1L1|ALDH1L2|ALDH3A2|ALDH4A1|ALDH5A1|ALDH7A1|ALG1|ALG13|ALG14|ALG3|ALG8|ALG9|ALLC|ALOX15|ALPL|AMPD3|AMT|AMY1A|AMY1B|AMY1C|AMY2A|AMY2B|ANPEP|AOX1|APIP|ARG1|ASAH1|ASAH2|ASH1L|ASNS|ASS1|ATP12A|ATP5MC1|ATP5MC2|ATP5PB|ATP5PD|ATP6AP1|ATP6V0A1|ATP6V0A4|ATP6V1A|ATP6V1B2|ATP6V1C1|ATP6V1D|ATP6V1E1|ATP6V1H|AUH|AZIN2|B3GALNT1|B3GALT5|B3GAT1|B3GAT2|B3GAT3|B4GALNT2|B4GALT4|B4GALT5|B4GALT7|BBOX1|BDH1|BHMT|BHMT2|BST1|BTD|CA1|CA13|CA2|CA5B|CA9|CAMKMT|CAT|CD38|CDS1|CDS2|CEL|CERK|CERS1|CHDH|CHIT1|CHKA|CHKB|CHPF2|CHPT1|CHST9|CKMT1A|CKMT2|CMPK1|CNDP1|CNDP2|COQ2|COQ3|COQ6|COQ7|COX10|COX11|COX15|COX7A2|CRLS1|CRPPA|CSGALNACT1|CTH|CTPS1|CTPS2|CYP11B2|CYP24A1|CYP26A1|CYP27A1|CYP2C18|CYP2C19|CYP2C8|CYP2C9|CYP2E1|CYP2J2|CYP2R1|CYP3A4|CYP3A5|CYP3A7|CYP3A7-CYP3A51P|CYP4F2|CYP4F3|CYP51A1|DBT|DCK|DCT|DCTD|DCXR|DDC|DGKB|DGKE|DGKG|DGKI|DGKK|DGKZ|DHODH|DHRS4|DHRS4L2|DHTKD1|DLAT|DLD|DNMT1|DNMT3A|DNMT3B|DOT1L|DPYD|DPYS|DSE|EHHADH|EHMT1|EHMT2|ELOVL2|ELOVL3|ELOVL5|ENO1|ENOSF1|ENPP1|ENPP2|ENPP3|ENTPD1|ENTPD6|EPHX2|ESD|ETNK2|ETNPPL|EXT1|EXT2|EXTL1|EZH1|EZH2|FADS1|FAH|FASN|FCSK|FDFT1|FECH|FGGY|FHIT|FIG4|FKTN|FMO3|FMO4|FOLH1|G6PD|GAA|GAD2|GALNT10|GALNT11|GALNT12|GALNT16|GALNT17|GALNT7|GALNT8|GALNTL5|GALNTL6|GALT|GANAB|GANC|GAPDH|GART|GATB|GBA1|GBA3|GBE1|GCAT|GCLC|GCLM|GCNT2|GCSH|GDPD1|GFUS|GGCT|GGT5|GK|GLB1|GLO1|GLUD1|GLUL|GMDS|GMPR|GMPS|GPAM|GPAT3|GPAT4|GPI|GPLD1|GSR|GSTA4|GSTK1|GSTM3|GSTO1|GSTO2|GUCY1A1|GUCY1A2|GUCY1B1|GUCY2C|GUCY2F|GUK1|GUSB|GYG1|GYG2|GYS1|HACD2|HADH|HADHA|HADHB|HAO1|HCCS|HDDC2|HEXB|HGD|HGSNAT|HIBCH|HK1|HK3|HKDC1|HLCS|HMGCL|HMGCLL1|HMOX1|HMOX2|HPGDS|HPRT1|HPSE|HPSE2|HSD17B11|HSD17B12|HSD17B4|HSD17B7|HSD17B8|HYAL2|HYAL4|HYI|IDH3B|IDH3G|IDI1|IDO1|IDO2|IMPA1|IMPDH2|INPP4B|INPP5A|INPP5B|INPP5D|INPP5F|INPP5J|INPP5K|ITPKB|IVD|KL|KMT2A|KMT2C|KMT2D|KMT2E|KMT5A|KMT5B|KYAT3|LAP3|LARGE1|LDHA|LDHAL6A|LDHC|LIAS|LIPF|LIPG|LSS|MAN1A1|MAN2A1|MAN2A2|MAOA|MAOB|MAT2B|MCCC1|MDH2|ME1|ME3|MECOM|MGAM|MGAM2|MGAT4C|MGAT4D|MGLL|MINPP1|MMAB|MMUT|MOCS1|MOGAT1|MSMO1|MTHFD1|MTHFD1L|MTHFS|MTM1|MTMR1|MTMR14|MTMR3|MTMR4|MTMR6|MTMR7|MTMR8|NADK2|NAMPT|NANS|NDST1|NDST2|NDST3|NDST4|NDUFA10|NDUFA5|NDUFA9|NDUFAB1|NDUFB4|NDUFB5|NDUFS2|NDUFS4|NDUFV1|NDUFV2|NEU3|NFS1|NIT2|NME1|NME1-NME2|NOS1|NOS2|NPL|NPR1|NSD1|NSD2|NSD3|NT5C2|NT5C3A|NT5C3B|NT5E|NT5M|NUDT13|NUDT5|NUDT9|OAT|OCRL|OGDH|OGDHL|OPLAH|OTC|OXCT1|P4HA1|P4HA2|P4HA3|PAFAH1B2|PAICS|PANK1|PANK3|PAPSS1|PAPSS2|PC|PCBD1|PCBD2|PCCA|PCCB|PCYT1A|PCYT1B|PCYT2|PDE10A|PDE11A|PDE1B|PDE2A|PDE3B|PDE4A|PDE4B|PDE4C|PDE5A|PDE6A|PDE6B|PDE6C|PDE6D|PDE7A|PDE7B|PDE9A|PDHA1|PDHB|PDHX|PDXK|PEMT|PFKFB1|PFKFB3|PFKFB4|PFKP|PGAM1|PGAP2|PGAP3|PGD|PGK1|PGM1|PGM2|PGM2L1|PGM3|PGS1|PI4K2A|PI4K2B|PI4KA|PIGB|PIGH|PIGK|PIGS|PIGT|PIGU|PIK3C2A|PIK3C2B|PIK3CA|PIK3CB|PIK3CG|PIP4K2A|PIP4K2B|PIP5K1A|PIP5K1B|PIPOX|PLA2G4C|PLA2G4D|PLA2G4E|PLA2G4F|PLA2G7|PLB1|PLCB3|PLCB4|PLCD1|PLCD3|PLCE1|PLCH1|PLCH2|PLD1|PLOD2|PLOD3|PLPP1|PLPP3|PMM1|PNLIP|PNLIPRP1|PNLIPRP3|PNPLA4|PNPO|POMGNT1|PPAT|PPT1|PRDM16|PRDM7|PRDM9|PRODH2|PRPS1|PRPS2|PRUNE1|PTDSS1|PTDSS2|PTEN|PTGES3|PTS|PYCR2|PYGB|PYGM|QARS1|QRSL1|RBKS|RENBP|RFK|RPE|RPN1|RPN2|RRM1|RRM2B|SACM1L|SARM1|SAT2|SCP2|SDHA|SDR16C5|SELENBP1|SEPHS1|SETD1A|SETD1B|SETD2|SETMAR|SGPL1|SGPP1|SI|SIRT1|SIRT2|SIRT5|SIRT7|SLC27A5|SLC33A1|SMPD1|SMPD2|SMPD4|SMS|SMYD1|SMYD2|SORD|SPTLC1|SQLE|ST20-MTHFS|ST3GAL3|ST3GAL4|ST6GALNAC1|ST6GALNAC3|STT3A|STT3B|SUCLG1|SULT1E1|SUV39H1|SUV39H2|SYNJ1|SYNJ2|TBXAS1|TCIRG1|TK1|TKTL1|TMLHE|TPH1|TPI1|TPK1|TREH|TRIT1|TXNDC12|TYMS|UCKL1|UGDH|UGT1A1|UGT1A10|UGT1A3|UGT1A4|UGT1A5|UGT1A6|UGT1A7|UGT1A8|UGT1A9|UGT2A3|UMPS|UPP2|UQCRC2|UQCRH|UROD|VKORC1L1|VNN1|VNN2|XYLB; sorangutan:AACS|AADAT|AASDHPPT|AASS|ABAT|ABHD16A|ACACA|ACAD8|ACADM|ACADSB|ACAT2|ACER3|ACLY|ACO2|ACOT8|ACOX1|ACOX2|ACOX3|ACP1|ACP2|ACSF3|ACSL1|ACSL4|ACSL5|ACSL6|ACSM4|ACSM5|ACSM6|ACSS1|ACSS2|ACY1|ADCY1|ADCY2|ADCY5|ADCY8|ADCY9|ADH1A|ADH4|ADH5|ADH6|ADH7|ADK|ADSS1|AGK|AGL|AGMAT|AGPAT3|AGPAT5|AGPS|AHCY|AHCYL2|AK2|AK4|AK8|AK9|AKR1A1|AKR1B10|AKR1C1|AKR1C3|AKR1C4|AKR1D1|ALAS1|ALDH18A1|ALDH1L2|ALDH3A2|ALDH4A1|ALDH5A1|ALDH9A1|ALG13|ALG14|ALG3|ALG8|ALLC|ALOX15|ALOXE3|ALPL|AMPD3|AMT|ANPEP|AOX1|APIP|ASAH1|ASH1L|ASL|ASMTL|ASNS|ASS1|ATP12A|ATP5MC1|ATP5MC2|ATP5PB|ATP5PD|ATP6V0A1|ATP6V1A|ATP6V1B2|ATP6V1C1|ATP6V1D|ATP6V1E1|ATP6V1H|AUH|AZIN2|B3GAT1|B3GAT2|B3GAT3|B4GALNT2|B4GALT4|B4GALT5|B4GALT7|BBOX1|BHMT|BHMT2|BST1|C1GALT1|CA5B|CA9|CAMKMT|CAT|CD38|CDS2|CERK|CERS1|CERS3|CHDH|CHKA|CHKB|CHPF2|CHPT1|CKMT2|CMPK1|CNDP1|CNDP2|COQ2|COQ3|COX10|COX15|CRLS1|CRPPA|CSGALNACT1|CTH|CTPS1|CTPS2|CYP2C19|CYP2C8|CYP2C9|CYP2E1|CYP51A1|DBH|DBT|DCT|DCXR|DDC|DDOST|DEGS1|DGAT1|DGKB|DGKE|DGKG|DGKK|DGKZ|DHODH|DHRS4|DHTKD1|DLAT|DLD|DNMT1|DNMT3A|DNMT3B|DPYD|DPYS|EHHADH|EHMT1|EHMT2|ELOVL1|ELOVL2|ELOVL5|ELOVL7|ENO1|ENOSF1|ENPP1|ENPP2|ENPP3|ENTPD1|ENTPD6|EPHX2|ESD|ETNPPL|EXT1|EXT2|EXTL1|EZH1|EZH2|FAH|FASN|FCSK|FDFT1|FECH|FIG4|FOLH1|FPGT|G6PD|GAA|GAD2|GALE|GALNT10|GALNT11|GALNT12|GALNT16|GALNT17|GALNT7|GALNT8|GALNTL5|GALNTL6|GANAB|GANC|GAPDH|GART|GATB|GBA1|GBA3|GBE1|GCLC|GCLM|GCNT2|GDPD1|GFPT2|GFUS|GGCT|GK|GLB1|GLO1|GLUD1|GMDS|GPAM|GPAT3|GPAT4|GPI|GPLD1|GSR|GSTK1|GSTM3|GSTO1|GUCY1A1|GUCY1A2|GUCY1B1|GUCY2C|GUCY2F|GYG2|GYS1|HACD2|HADHA|HAO1|HCCS|HDDC2|HEXB|HGD|HGSNAT|HIBCH|HK1|HKDC1|HLCS|HMGCLL1|HMOX1|HMOX2|HPGDS|HPRT1|HPSE|HPSE2|HSD17B11|HSD17B12|HSD17B4|HSD17B8|HYAL2|HYI|IDH3B|IDH3G|IDI1|IDO1|IDS|IL11RA|IMPA1|IMPDH2|INPP4B|INPP5A|INPP5B|INPP5D|INPP5F|INPP5J|ITPKB|IVD|KL|KMT2A|KMT2E|KMT5A|KMT5B|L3HYPDH|LAP3|LARGE1|LDHA|LDHAL6A|LDHC|LIAS|LIPF|LIPG|LOXL2|LSS|MAN1A1|MAN2A1|MAN2A2|MAOA|MAOB|MAT2B|MCCC1|MDH2|ME1|ME3|MECOM|MGAM2|MGAT4C|MGAT4D|MGLL|MINPP1|MMUT|MOCS1|MSMO1|MTHFD1|MTHFD1L|MTHFR|MTM1|MTMR1|MTMR14|MTMR3|MTMR4|MTMR6|MTMR7|MTMR8|NADK2|NAMPT|NANS|NDST1|NDST2|NDST3|NDST4|NDUFA10|NDUFA5|NDUFA9|NDUFAB1|NDUFB4|NDUFB5|NDUFS2|NDUFS4|NDUFV1|NDUFV2|NEU3|NFS1|NIT2|NOS1|NOS2|NPL|NPR1|NSD1|NSD2|NSD3|NT5C1A|NT5C2|NT5C3A|NT5C3B|NT5E|NUDT13|NUDT5|NUDT9|OAT|OCRL|OGDH|OGDHL|OPLAH|OTC|OXCT1|P4HA1|P4HA2|P4HA3|PAFAH1B2|PAICS|PANK1|PANK3|PAPSS1|PAPSS2|PCBD1|PCBD2|PCCA|PCCB|PCYT1A|PCYT1B|PCYT2|PDE10A|PDE11A|PDE1B|PDE2A|PDE3B|PDE4B|PDE4C|PDE5A|PDE6A|PDE6B|PDE6C|PDE7A|PDE7B|PDE9A|PDHA1|PDHB|PDHX|PEMT|PFKFB1|PFKFB3|PFKFB4|PFKP|PGAM1|PGAP2|PGAP3|PGD|PGK1|PGM1|PGM2|PGM2L1|PGM3|PGS1|PI4K2A|PI4K2B|PI4KA|PIGB|PIGG|PIGK|PIGT|PIGU|PIK3C2A|PIK3CA|PIK3CB|PIK3CG|PIP4K2A|PIP4K2B|PIP5K1A|PIPOX|PLA2G4C|PLA2G4D|PLA2G4F|PLA2G6|PLA2G7|PLB1|PLCB1|PLCB3|PLCB4|PLCD1|PLCD3|PLCE1|PLCG2|PLCH1|PLCH2|PLD1|PLOD2|PLOD3|PLPP1|PLPP3|PMM2|PNLIP|PNLIPRP1|PNLIPRP3|PNPLA4|PNPO|POMGNT1|PPAT|PPCDC|PPT1|PRDM16|PRODH2|PRPS1|PRPS2|PRUNE1|PTDSS1|PTDSS2|PTEN|PTGES3|PTS|PYCR2|PYCR3|PYGB|QARS1|QRSL1|RENBP|RFK|RPE|RPN1|RPN2|RRM1|RRM2B|SACM1L|SARM1|SCP2|SDHA|SELENBP1|SEPHS1|SEPSECS|SETD1A|SETD1B|SETD2|SGPL1|SGPP1|SI|SIRT1|SIRT3|SIRT5|SIRT6|SIRT7|SLC27A5|SLC33A1|SMPD2|SMPD4|SMS|SMYD1|SMYD2|SPHK2|SPTLC1|SQLE|ST3GAL4|ST6GALNAC1|ST6GALNAC3|STT3A|STT3B|SULT1E1|SULT2B1|SUV39H1|SUV39H2|SYNJ2|TBXAS1|TECR|TK1|TKTL1|TMEM38B|TNRC6B|TPH1|TPI1|TPK1|TREH|TRIT1|TXNDC12|TYMS|UCKL1|UGDH|UGT2A3|UMPS|UROD|VNN1|XYLB
Aminoacyl-tRNA biosynthesis,2,borangutan; sorangutan,borangutan:35; sorangutan:36,borangutan:AARS1|AARS2|CARS1|CARS2|DARS1|DARS2|EPRS1|FARS2|FARSB|GARS1|GATB|HARS1|HARS2|IARS2|KARS1|LARS1|LARS2|MARS1|MTFMT|NARS1|NARS2|PSTK|QARS1|QRSL1|RARS1|RARS2|SARS1|SEPSECS|TARS1|TARS2|TARS3|VARS1|VARS2|WARS2|YARS1; sorangutan:AARS1|AARS2|CARS1|CARS2|DARS1|DARS2|EPRS1|FARS2|FARSB|GARS1|GATB|HARS1|HARS2|IARS1|IARS2|KARS1|LARS1|LARS2|MARS1|MTFMT|NARS1|NARS2|PSTK|QARS1|QRSL1|RARS1|RARS2|SARS1|SEPSECS|TARS1|TARS2|TARS3|VARS1|VARS2|WARS2|YARS1,AARS1|AARS2|CARS1|CARS2|DARS1|DARS2|EPRS1|FARS2|FARSB|GARS1|GATB|HARS1|HARS2|IARS2|KARS1|LARS1|LARS2|MARS1|MTFMT|NARS1|NARS2|PSTK|QARS1|QRSL1|RARS1|RARS2|SARS1|SEPSECS|TARS1|TARS2|TARS3|VARS1|VARS2|WARS2|YARS1,35,borangutan:; sorangutan:IARS1
Choline metabolism in cancer,1,borangutan,borangutan:64,borangutan:AKT1|AKT2|AKT3|CHKA|CHKB|CHPT1|DGKA|DGKB|DGKD|DGKE|DGKG|DGKH|DGKI|DGKK|DGKZ|EGF|EGFR|FOS|GPCPD1|HIF1A|LYPLA1|MAP2K1|MAPK1|MAPK10|MAPK8|MAPK9|MTOR|PCYT1A|PCYT1B|PDGFC|PDGFD|PDGFRA|PDPK1|PIK3CA|PIK3CB|PIK3R3|PIP5K1A|PLA2G4A|PLA2G4C|PLA2G4D|PLA2G4E|PLA2G4F|PLD1|PLD2|PLPP1|PLPP3|PRKCA|PRKCB|PRKCG|RAC1|RAF1|RPS6KB1|RPS6KB2|SLC22A1|SLC22A2|SLC22A3|SLC44A1|SLC44A3|SLC44A5|SOS1|SOS2|TSC2|WASF1|WASF2,AKT1|AKT2|AKT3|CHKA|CHKB|CHPT1|DGKA|DGKB|DGKD|DGKE|DGKG|DGKH|DGKI|DGKK|DGKZ|EGF|EGFR|FOS|GPCPD1|HIF1A|LYPLA1|MAP2K1|MAPK1|MAPK10|MAPK8|MAPK9|MTOR|PCYT1A|PCYT1B|PDGFC|PDGFD|PDGFRA|PDPK1|PIK3CA|PIK3CB|PIK3R3|PIP5K1A|PLA2G4A|PLA2G4C|PLA2G4D|PLA2G4E|PLA2G4F|PLD1|PLD2|PLPP1|PLPP3|PRKCA|PRKCB|PRKCG|RAC1|RAF1|RPS6KB1|RPS6KB2|SLC22A1|SLC22A2|SLC22A3|SLC44A1|SLC44A3|SLC44A5|SOS1|SOS2|TSC2|WASF1|WASF2,64,borangutan:
Ubiquitin mediated proteolysis,3,borangutan; human; sorangutan,borangutan:83; human:91; sorangutan:82,borangutan:ANAPC1|ANAPC10|ANAPC2|ANAPC4|ANAPC5|ANAPC7|BIRC2|BIRC6|BRCA1|BTRC|CBL|CBLB|CDC16|CDC20|CDC23|CDC27|COP1|CUL1|CUL2|CUL3|CUL4A|CUL4B|DDB1|DDB2|ERCC8|FANCL|FBXW11|FBXW7|FBXW8|FZR1|HERC1|HERC2|HERC3|HERC4|HUWE1|ITCH|KLHL13|MAP3K1|MGRN1|MID1|NEDD4L|PIAS1|PIAS2|PIAS3|PPIL2|PPP2CA|PRKN|PRPF19|RCHY1|RHOBTB1|RPS27A|SAE1|STUB1|SYVN1|TRAF6|TRIM37|TRIP12|UBA1|UBA2|UBA3|UBA6|UBE2D1|UBE2D2|UBE2E2|UBE2E3|UBE2J1|UBE2J2|UBE2K|UBE2N|UBE2O|UBE2Q1|UBE2Q2|UBE2R2|UBE2Z|UBE3A|UBE3B|UBE3C|UBE4A|UBE4B|UBOX5|UBR5|WWP1|WWP2; human:ANAPC1|ANAPC10|ANAPC2|ANAPC4|ANAPC5|ANAPC7|BIRC2|BIRC6|BIRC7|BRCA1|BTRC|CBL|CBLB|CDC16|CDC20|CDC23|CDC27|COP1|CUL1|CUL2|CUL3|CUL4A|CUL4B|CUL5|DDB1|DDB2|ERCC8|FANCL|FBXW11|FBXW7|FBXW8|FZR1|HERC1|HERC2|HERC3|HERC4|HUWE1|KLHL13|MAP3K1|MDM2|MGRN1|MID1|NEDD4|NEDD4L|PIAS1|PIAS2|PIAS3|PPIL2|PRPF19|RCHY1|RHOBTB1|RNF7|RPS27A|SAE1|SKP1|STUB1|SYVN1|TRAF6|TRIM37|TRIP12|UBA1|UBA3|UBA6|UBA7|UBE2D1|UBE2D2|UBE2D3|UBE2D4|UBE2E1|UBE2E2|UBE2E3|UBE2J1|UBE2J2|UBE2K|UBE2N|UBE2O|UBE2Q1|UBE2Q2|UBE2R2|UBE2U|UBE2W|UBE2Z|UBE3A|UBE3B|UBE3C|UBE4A|UBE4B|UBOX5|UBR5|WWP1|WWP2; sorangutan:ANAPC1|ANAPC10|ANAPC2|ANAPC4|ANAPC5|ANAPC7|BIRC2|BIRC6|BRCA1|BTRC|CBL|CBLB|CDC16|CDC20|CDC23|CDC27|COP1|CUL1|CUL2|CUL3|CUL4A|CUL4B|CUL5|DDB1|DDB2|ERCC8|FANCL|FBXW11|FBXW7|FBXW8|FZR1|HERC1|HERC2|HERC3|HERC4|HUWE1|ITCH|KLHL13|MAP3K1|MGRN1|MID1|NEDD4L|PIAS1|PIAS2|PIAS3|PPIL2|PRPF19|RCHY1|RHOBTB1|RPS27A|SAE1|STUB1|SYVN1|TRAF6|TRIM37|TRIP12|UBA1|UBA2|UBA3|UBA6|UBE2D1|UBE2D2|UBE2E2|UBE2E3|UBE2J1|UBE2J2|UBE2K|UBE2N|UBE2O|UBE2Q1|UBE2Q2|UBE2R2|UBE2Z|UBE3A|UBE3B|UBE3C|UBE4A|UBE4B|UBOX5|UBR5|WWP1|WWP2,ANAPC1|ANAPC10|ANAPC2|ANAPC4|ANAPC5|ANAPC7|BIRC2|BIRC6|BRCA1|BTRC|CBL|CBLB|CDC16|CDC20|CDC23|CDC27|COP1|CUL1|CUL2|CUL3|CUL4A|CUL4B|DDB1|DDB2|ERCC8|FANCL|FBXW11|FBXW7|FBXW8|FZR1|HERC1|HERC2|HERC3|HERC4|HUWE1|KLHL13|MAP3K1|MGRN1|MID1|NEDD4L|PIAS1|PIAS2|PIAS3|PPIL2|PRPF19|RCHY1|RHOBTB1|RPS27A|SAE1|STUB1|SYVN1|TRAF6|TRIM37|TRIP12|UBA1|UBA3|UBA6|UBE2D1|UBE2D2|UBE2E2|UBE2E3|UBE2J1|UBE2J2|UBE2K|UBE2N|UBE2O|UBE2Q1|UBE2Q2|UBE2R2|UBE2Z|UBE3A|UBE3B|UBE3C|UBE4A|UBE4B|UBOX5|UBR5|WWP1|WWP2,79,borangutan:ITCH|PPP2CA|PRKN|UBA2; human:BIRC7|CUL5|MDM2|NEDD4|RNF7|SKP1|UBA7|UBE2D3|UBE2D4|UBE2E1|UBE2U|UBE2W; sorangutan:CUL5|ITCH|UBA2
Endocytosis,2,borangutan; sorangutan,borangutan:134; sorangutan:136,borangutan:ACAP1|ACAP2|ACAP3|ACTR2|ACTR3|ACTR3B|AGAP3|AMPH|AP2A2|AP2B1|AP2M1|ARAP1|ARAP2|ARFGAP1|ARFGAP2|ARFGAP3|ARFGEF1|ARFGEF2|ARPC2|ARPC3|ASAP1|ASAP2|ASAP3|BAZ2B|CAPZA1|CAPZA2|CBL|CBLB|CDC42|CHMP2B|CHMP3|CHMP4B|CHMP5|CHMP7|CLTB|CLTC|CLTCL1|CYTH1|CYTH3|CYTH4|DAB2|DNAJC6|DNM3|EEA1|EGFR|EHD4|EPS15|EPS15L1|FGFR2|FGFR3|FOLR2|GBF1|GIT1|GIT2|GRK2|GRK3|GRK4|GRK5|HSPA8|IGF2R|IQSEC2|IST1|ITCH|KIF5A|KIF5B|KIF5C|LDLR|MDM2|MVB12A|MVB12B|NEDD4L|PARD3|PARD6B|PARD6G|PDCD6IP|PDGFRA|PIP5K1A|PLD1|PLD2|PRKCI|PRKCZ|PSD|PSD4|RAB10|RAB11FIP3|RAB11FIP4|RAB31|RAB5B|RABEP1|RBSN|RNF41|RUFY1|RUFY2|SH3GL1|SH3GL3|SH3GLB1|SH3GLB2|SH3KBP1|SMAP1|SMAP2|SNX1|SNX12|SNX2|SNX3|SNX32|SNX4|SNX5|SNX6|SPART|SPG21|STAM|STAM2|STAMBP|TFRC|TGFBR2|TRAF6|TSG101|TTLL3|USP8|VPS29|VPS35|VPS36|VPS37A|VPS37C|VPS45|VTA1|WASHC3|WASHC4|WASHC5|WASL|WWP1|ZFYVE16|ZFYVE27|ZFYVE9; sorangutan:ACAP1|ACAP2|ACAP3|ACTR2|ACTR3|ACTR3B|AGAP3|AMPH|AP2A2|AP2B1|AP2M1|ARAP1|ARAP2|ARFGAP1|ARFGAP2|ARFGAP3|ARFGEF1|ARFGEF2|ARPC2|ARPC3|ASAP1|ASAP2|ASAP3|BAZ2B|CAPZA1|CAPZA2|CBL|CBLB|CDC42|CHMP2B|CHMP3|CHMP4B|CHMP5|CHMP7|CLTB|CLTC|CLTCL1|CYTH1|CYTH3|CYTH4|DAB2|DNAJC6|DNM3|EEA1|EGFR|EHD4|EPS15|EPS15L1|FGFR2|FGFR3|GBF1|GIT1|GIT2|GRK2|GRK3|GRK4|GRK5|HSPA8|IGF2R|IQSEC2|IQSEC3|IST1|ITCH|KIF5A|KIF5B|KIF5C|LDLR|MDM2|MVB12A|MVB12B|NEDD4L|PARD3|PARD6B|PARD6G|PDCD6IP|PDGFRA|PIP5K1A|PLD1|PLD2|PRKCI|PRKCZ|PSD|PSD4|RAB10|RAB11FIP3|RAB11FIP4|RAB31|RAB5B|RABEP1|RBSN|RNF41|RUFY1|RUFY2|SH3GL1|SH3GL3|SH3GLB1|SH3GLB2|SH3KBP1|SMAD2|SMAP1|SMAP2|SNX1|SNX12|SNX2|SNX3|SNX32|SNX4|SNX5|SNX6|SPART|SPG21|STAM|STAM2|STAMBP|TFRC|TGFBR2|TRAF6|TSG101|TTLL3|USP8|VPS29|VPS35|VPS36|VPS37A|VPS37C|VPS45|VTA1|WASHC2|WASHC3|WASHC4|WASHC5|WASL|WWP1|ZFYVE16|ZFYVE27|ZFYVE9,ACAP1|ACAP2|ACAP3|ACTR2|ACTR3|ACTR3B|AGAP3|AMPH|AP2A2|AP2B1|AP2M1|ARAP1|ARAP2|ARFGAP1|ARFGAP2|ARFGAP3|ARFGEF1|ARFGEF2|ARPC2|ARPC3|ASAP1|ASAP2|ASAP3|BAZ2B|CAPZA1|CAPZA2|CBL|CBLB|CDC42|CHMP2B|CHMP3|CHMP4B|CHMP5|CHMP7|CLTB|CLTC|CLTCL1|CYTH1|CYTH3|CYTH4|DAB2|DNAJC6|DNM3|EEA1|EGFR|EHD4|EPS15|EPS15L1|FGFR2|FGFR3|GBF1|GIT1|GIT2|GRK2|GRK3|GRK4|GRK5|HSPA8|IGF2R|IQSEC2|IST1|ITCH|KIF5A|KIF5B|KIF5C|LDLR|MDM2|MVB12A|MVB12B|NEDD4L|PARD3|PARD6B|PARD6G|PDCD6IP|PDGFRA|PIP5K1A|PLD1|PLD2|PRKCI|PRKCZ|PSD|PSD4|RAB10|RAB11FIP3|RAB11FIP4|RAB31|RAB5B|RABEP1|RBSN|RNF41|RUFY1|RUFY2|SH3GL1|SH3GL3|SH3GLB1|SH3GLB2|SH3KBP1|SMAP1|SMAP2|SNX1|SNX12|SNX2|SNX3|SNX32|SNX4|SNX5|SNX6|SPART|SPG21|STAM|STAM2|STAMBP|TFRC|TGFBR2|TRAF6|TSG101|TTLL3|USP8|VPS29|VPS35|VPS36|VPS37A|VPS37C|VPS45|VTA1|WASHC3|WASHC4|WASHC5|WASL|WWP1|ZFYVE16|ZFYVE27|ZFYVE9,133,borangutan:FOLR2; sorangutan:IQSEC3|SMAD2|WASHC2
Protein digestion and absorption,1,chimpanzee,chimpanzee:67,chimpanzee:ATP1A1|ATP1A2|ATP1A3|ATP1A4|ATP1B1|ATP1B3|ATP1B4|CELA2B|COL11A1|COL11A2|COL12A1|COL13A1|COL14A1|COL15A1|COL16A1|COL18A1|COL19A1|COL1A1|COL1A2|COL20A1|COL22A1|COL24A1|COL25A1|COL27A1|COL28A1|COL2A1|COL3A1|COL4A1|COL4A2|COL4A3|COL4A4|COL4A5|COL4A6|COL5A1|COL5A2|COL5A3|COL6A2|COL6A3|COL6A5|COL6A6|COL7A1|COL9A1|COL9A2|COL9A3|CPA2|CPA3|CPB1|CPB2|DPP4|KCNK5|KCNN4|KCNQ1|MME|PRCP|PRSS3|SLC15A1|SLC16A10|SLC36A1|SLC36A2|SLC36A4|SLC38A2|SLC3A1|SLC3A2|SLC7A7|SLC7A9|SLC8A1|XPNPEP2,ATP1A1|ATP1A2|ATP1A3|ATP1A4|ATP1B1|ATP1B3|ATP1B4|CELA2B|COL11A1|COL11A2|COL12A1|COL13A1|COL14A1|COL15A1|COL16A1|COL18A1|COL19A1|COL1A1|COL1A2|COL20A1|COL22A1|COL24A1|COL25A1|COL27A1|COL28A1|COL2A1|COL3A1|COL4A1|COL4A2|COL4A3|COL4A4|COL4A5|COL4A6|COL5A1|COL5A2|COL5A3|COL6A2|COL6A3|COL6A5|COL6A6|COL7A1|COL9A1|COL9A2|COL9A3|CPA2|CPA3|CPB1|CPB2|DPP4|KCNK5|KCNN4|KCNQ1|MME|PRCP|PRSS3|SLC15A1|SLC16A10|SLC36A1|SLC36A2|SLC36A4|SLC38A2|SLC3A1|SLC3A2|SLC7A7|SLC7A9|SLC8A1|XPNPEP2,67,chimpanzee:
T cell receptor signaling pathway,1,chimpanzee,chimpanzee:77,chimpanzee:AKT1|AKT2|AKT3|BCL10|CARD11|CBLB|CD247|CD40LG|CDC42|CDK4|CHUK|DLG1|FOS|GRAP2|GSK3B|IFNG|IKBKB|IKBKG|IL10|IL2|IL5|ITK|LCK|LCP2|MALT1|MAP2K1|MAP2K2|MAP3K7|MAP3K8|MAPK1|MAPK10|MAPK11|MAPK13|MAPK14|MAPK8|MAPK9|NFATC1|NFATC2|NFATC3|NFKB1|NFKBIA|NFKBIE|PAK1|PAK2|PAK3|PDPK1|PIK3CA|PIK3CB|PIK3R1|PIK3R3|PPP2CA|PPP2CB|PPP2R1A|PPP2R1B|PPP2R2A|PPP2R2B|PPP2R2D|PPP2R3A|PPP2R3C|PPP2R5A|PPP2R5C|PPP2R5D|PPP2R5E|PPP3CA|PPP3CC|PRKCQ|PTPN6|PTPRC|RAF1|RASGRP1|SOS1|SOS2|TEC|VAV1|VAV2|VAV3|ZAP70,AKT1|AKT2|AKT3|BCL10|CARD11|CBLB|CD247|CD40LG|CDC42|CDK4|CHUK|DLG1|FOS|GRAP2|GSK3B|IFNG|IKBKB|IKBKG|IL10|IL2|IL5|ITK|LCK|LCP2|MALT1|MAP2K1|MAP2K2|MAP3K7|MAP3K8|MAPK1|MAPK10|MAPK11|MAPK13|MAPK14|MAPK8|MAPK9|NFATC1|NFATC2|NFATC3|NFKB1|NFKBIA|NFKBIE|PAK1|PAK2|PAK3|PDPK1|PIK3CA|PIK3CB|PIK3R1|PIK3R3|PPP2CA|PPP2CB|PPP2R1A|PPP2R1B|PPP2R2A|PPP2R2B|PPP2R2D|PPP2R3A|PPP2R3C|PPP2R5A|PPP2R5C|PPP2R5D|PPP2R5E|PPP3CA|PPP3CC|PRKCQ|PTPN6|PTPRC|RAF1|RASGRP1|SOS1|SOS2|TEC|VAV1|VAV2|VAV3|ZAP70,77,chimpanzee:
Hepatitis B,3,chimpanzee; gorillla; human,chimpanzee:93; gorillla:32; human:101,chimpanzee:AKT1|AKT2|AKT3|APAF1|ARAF|ATF2|ATP6AP1|CASP10|CASP3|CASP8|CASP9|CCNA1|CCNA2|CCNE1|CCNE2|CHUK|CREB1|CREB3|CREB3L1|CREB3L2|CREB3L3|CREB3L4|CREB5|CREBBP|DDB1|DDB2|DDX3X|E2F3|ELK1|EP300|FAS|FASLG|FOS|HSPG2|IFIH1|IKBKB|IKBKE|IKBKG|IRAK4|JAK1|JAK2|MAP2K1|MAP2K2|MAP2K4|MAP3K1|MAP3K7|MAPK1|MAPK10|MAPK11|MAPK13|MAPK14|MAPK8|MAPK9|NFATC1|NFATC2|NFATC3|NFATC4|NFKB1|NFKBIA|PCNA|PIK3CA|PIK3CB|PIK3R1|PIK3R3|PRKCA|PRKCB|PRKCG|RAF1|RB1|RIGI|SMAD4|SOS1|SOS2|STAT1|STAT2|STAT3|STAT4|STAT5A|STAT5B|STAT6|TAB1|TAB2|TBK1|TGFB1|TGFB3|TGFBR2|TLR3|TP53|TRAF3|TRAF6|TYK2|VDAC3|YWHAB; gorillla:AKT3|APAF1|ATF2|CASP10|CASP8|CREB1|CREB3|CREBBP|FASLG|FOS|IFIH1|IRAK4|JAK2|MAP2K1|MAP2K4|MAP3K1|NFATC1|NFATC4|NFKBIA|PIK3R1|PRKCB|SMAD4|SOS1|SOS2|STAT1|STAT2|STAT4|STAT6|TBK1|TGFB3|TLR3|TRAF3; human:AKT1|AKT2|APAF1|ARAF|ATF2|ATF6B|ATP6AP1|BRAF|CASP10|CASP3|CASP8|CASP9|CCNA2|CCNE1|CCNE2|CHUK|CREB1|CREB3|CREB3L1|CREB3L2|CREB3L3|CREB3L4|CREB5|CREBBP|DDB1|DDB2|DDX3X|E2F3|EGR3|ELK1|EP300|FAS|FASLG|FOS|HSPG2|IFIH1|IFNAR1|IKBKB|IKBKG|IL6|IRAK4|JAK1|JAK2|JAK3|MAP2K1|MAP2K2|MAP2K3|MAP2K4|MAP3K1|MAP3K7|MAPK1|MAPK10|MAPK11|MAPK13|MAPK14|MAPK8|MAPK9|NFATC1|NFATC2|NFATC3|NFATC4|NFKB1|NFKBIA|P3R3URF-PIK3R3|PCNA|PIK3CA|PIK3CB|PIK3R1|PIK3R3|PRKCA|PRKCB|PRKCG|PTK2B|RAF1|RB1|RIGI|SMAD4|SOS1|SOS2|STAT1|STAT2|STAT3|STAT4|STAT5A|STAT5B|STAT6|TAB1|TAB2|TBK1|TGFB1|TGFB3|TGFBR2|TICAM1|TLR3|TP53|TRAF3|TRAF6|TYK2|VDAC3|YWHAB|YWHAZ,APAF1|ATF2|CASP10|CASP8|CREB1|CREB3|CREBBP|FASLG|FOS|IFIH1|IRAK4|JAK2|MAP2K1|MAP2K4|MAP3K1|NFATC1|NFATC4|NFKBIA|PIK3R1|PRKCB|SMAD4|SOS1|SOS2|STAT1|STAT2|STAT4|STAT6|TBK1|TGFB3|TLR3|TRAF3,31,chimpanzee:AKT1|AKT2|AKT3|ARAF|ATP6AP1|CASP3|CASP9|CCNA1|CCNA2|CCNE1|CCNE2|CHUK|CREB3L1|CREB3L2|CREB3L3|CREB3L4|CREB5|DDB1|DDB2|DDX3X|E2F3|ELK1|EP300|FAS|HSPG2|IKBKB|IKBKE|IKBKG|JAK1|MAP2K2|MAP3K7|MAPK1|MAPK10|MAPK11|MAPK13|MAPK14|MAPK8|MAPK9|NFATC2|NFATC3|NFKB1|PCNA|PIK3CA|PIK3CB|PIK3R3|PRKCA|PRKCG|RAF1|RB1|RIGI|STAT3|STAT5A|STAT5B|TAB1|TAB2|TGFB1|TGFBR2|TP53|TRAF6|TYK2|VDAC3|YWHAB; gorillla:AKT3; human:AKT1|AKT2|ARAF|ATF6B|ATP6AP1|BRAF|CASP3|CASP9|CCNA2|CCNE1|CCNE2|CHUK|CREB3L1|CREB3L2|CREB3L3|CREB3L4|CREB5|DDB1|DDB2|DDX3X|E2F3|EGR3|ELK1|EP300|FAS|HSPG2|IFNAR1|IKBKB|IKBKG|IL6|JAK1|JAK3|MAP2K2|MAP2K3|MAP3K7|MAPK1|MAPK10|MAPK11|MAPK13|MAPK14|MAPK8|MAPK9|NFATC2|NFATC3|NFKB1|P3R3URF-PIK3R3|PCNA|PIK3CA|PIK3CB|PIK3R3|PRKCA|PRKCG|PTK2B|RAF1|RB1|RIGI|STAT3|STAT5A|STAT5B|TAB1|TAB2|TGFB1|TGFBR2|TICAM1|TP53|TRAF6|TYK2|VDAC3|YWHAB|YWHAZ
ECM-receptor interaction-Nomascus leucogenys (northern white-cheeked gibbon),1,gibbon,gibbon:69,gibbon:CD36|COL1A1|COL1A2|COL2A1|COL4A1|COL4A2|COL4A3|COL4A4|COL4A5|COL4A6|COL6A2|COL6A3|COL6A5|COL6A6|COL9A1|COL9A2|DSPP|FN1|FRAS1|FREM1|FREM2|HMMR|HSPG2|IBSP|ITGA1|ITGA10|ITGA11|ITGA2|ITGA2B|ITGA4|ITGA5|ITGA6|ITGA8|ITGA9|ITGAV|ITGB1|ITGB3|ITGB4|ITGB5|ITGB6|ITGB7|ITGB8|LAMA1|LAMA2|LAMA3|LAMA4|LAMA5|LAMB1|LAMB2|LAMB3|LAMB4|LAMC1|LAMC3|MEPE|RELN|SDC4|SPP1|SV2A|SV2B|SV2C|THBS1|THBS2|THBS3|THBS4|TNC|TNN|TNR|TNXB|VWF,CD36|COL1A1|COL1A2|COL2A1|COL4A1|COL4A2|COL4A3|COL4A4|COL4A5|COL4A6|COL6A2|COL6A3|COL6A5|COL6A6|COL9A1|COL9A2|DSPP|FN1|FRAS1|FREM1|FREM2|HMMR|HSPG2|IBSP|ITGA1|ITGA10|ITGA11|ITGA2|ITGA2B|ITGA4|ITGA5|ITGA6|ITGA8|ITGA9|ITGAV|ITGB1|ITGB3|ITGB4|ITGB5|ITGB6|ITGB7|ITGB8|LAMA1|LAMA2|LAMA3|LAMA4|LAMA5|LAMB1|LAMB2|LAMB3|LAMB4|LAMC1|LAMC3|MEPE|RELN|SDC4|SPP1|SV2A|SV2B|SV2C|THBS1|THBS2|THBS3|THBS4|TNC|TNN|TNR|TNXB|VWF,69,gibbon:
Phosphatidylinositol signaling system-Nomascus leucogenys (northern white-cheeked gibb,1,gibbon,gibbon:65,gibbon:CALM1|CDS1|CDS2|DGKA|DGKB|DGKD|DGKG|DGKH|DGKI|DGKZ|INPP4A|INPP4B|INPP5A|INPP5B|INPP5D|INPP5F|IPPK|ITPKB|ITPR1|ITPR2|ITPR3|MTM1|MTMR1|MTMR14|MTMR2|MTMR3|MTMR4|MTMR6|MTMR7|OCRL|PI4K2A|PI4K2B|PI4KA|PI4KB|PIK3C2A|PIK3C2B|PIK3C3|PIK3CA|PIK3CB|PIK3R1|PIK3R3|PIKFYVE|PIP4K2A|PIP4K2B|PIP4K2C|PIP4P1|PIP5K1A|PIP5K1B|PLCB1|PLCB2|PLCB3|PLCB4|PLCD1|PLCD4|PLCE1|PLCG2|PLCZ1|PPIP5K1|PPIP5K2|PRKCA|PRKCB|PRKCG|PTEN|SACM1L|SYNJ2,CALM1|CDS1|CDS2|DGKA|DGKB|DGKD|DGKG|DGKH|DGKI|DGKZ|INPP4A|INPP4B|INPP5A|INPP5B|INPP5D|INPP5F|IPPK|ITPKB|ITPR1|ITPR2|ITPR3|MTM1|MTMR1|MTMR14|MTMR2|MTMR3|MTMR4|MTMR6|MTMR7|OCRL|PI4K2A|PI4K2B|PI4KA|PI4KB|PIK3C2A|PIK3C2B|PIK3C3|PIK3CA|PIK3CB|PIK3R1|PIK3R3|PIKFYVE|PIP4K2A|PIP4K2B|PIP4K2C|PIP4P1|PIP5K1A|PIP5K1B|PLCB1|PLCB2|PLCB3|PLCB4|PLCD1|PLCD4|PLCE1|PLCG2|PLCZ1|PPIP5K1|PPIP5K2|PRKCA|PRKCB|PRKCG|PTEN|SACM1L|SYNJ2,65,gibbon:
Cell cycle-Nomascus leucogenys (northern white-cheeked gibbon),1,gibbon,gibbon:98,gibbon:ANAPC1|ANAPC10|ANAPC2|ANAPC4|ANAPC5|ANAPC7|ATR|ATRX|BUB1|BUB3|CCNA1|CCNA2|CCNB1|CCNB2|CCNB3|CCND1|CCND2|CCNE1|CCNE2|CCNH|CDC14A|CDC14B|CDC16|CDC20|CDC23|CDC25A|CDC25C|CDC27|CDC45|CDK1|CDK4|CDK6|CDK7|CHEK2|CREBBP|CUL1|DBF4|DDX11|E2F3|E2F4|ESCO2|ESPL1|FBXO5|FZR1|GSK3B|HDAC1|HDAC2|HDAC8|KNL1|MAU2|MCM3|MCM4|MCM5|MCM6|MCM7|MDM2|MTBP|NDC80|NIPBL|ORC1|ORC2|ORC4|ORC5|PCNA|PDS5A|PDS5B|PPP2CA|PPP2CB|PPP2R1A|PPP2R1B|PPP2R5A|PPP2R5C|PPP2R5D|PPP2R5E|PRKDC|RAD21|RB1|RBL1|RBL2|SMAD4|SMC1A|SMC1B|SMC3|STAG1|STAG2|TFDP1|TFDP2|TGFB1|TGFB2|TGFB3|TICRR|TP53|TRIP13|TTK|WEE1|WEE2|YWHAB|YWHAE,ANAPC1|ANAPC10|ANAPC2|ANAPC4|ANAPC5|ANAPC7|ATR|ATRX|BUB1|BUB3|CCNA1|CCNA2|CCNB1|CCNB2|CCNB3|CCND1|CCND2|CCNE1|CCNE2|CCNH|CDC14A|CDC14B|CDC16|CDC20|CDC23|CDC25A|CDC25C|CDC27|CDC45|CDK1|CDK4|CDK6|CDK7|CHEK2|CREBBP|CUL1|DBF4|DDX11|E2F3|E2F4|ESCO2|ESPL1|FBXO5|FZR1|GSK3B|HDAC1|HDAC2|HDAC8|KNL1|MAU2|MCM3|MCM4|MCM5|MCM6|MCM7|MDM2|MTBP|NDC80|NIPBL|ORC1|ORC2|ORC4|ORC5|PCNA|PDS5A|PDS5B|PPP2CA|PPP2CB|PPP2R1A|PPP2R1B|PPP2R5A|PPP2R5C|PPP2R5D|PPP2R5E|PRKDC|RAD21|RB1|RBL1|RBL2|SMAD4|SMC1A|SMC1B|SMC3|STAG1|STAG2|TFDP1|TFDP2|TGFB1|TGFB2|TGFB3|TICRR|TP53|TRIP13|TTK|WEE1|WEE2|YWHAB|YWHAE,98,gibbon:
Focal adhesion-Nomascus leucogenys (northern white-cheeked gibbon),1,gibbon,gibbon:128,gibbon:ACTN1|ACTN4|AKT1|AKT3|BCAR1|BIRC2|BRAF|CCND1|CCND2|CDC42|COL1A1|COL1A2|COL2A1|COL4A1|COL4A2|COL4A3|COL4A4|COL4A5|COL4A6|COL6A2|COL6A3|COL6A5|COL6A6|COL9A1|COL9A2|CTNNB1|DIAPH1|DOCK1|EGF|EGFR|ELK1|ERBB2|FLNA|FLNB|FLT1|FN1|GSK3B|IBSP|ILK|ITGA1|ITGA10|ITGA11|ITGA2|ITGA2B|ITGA4|ITGA5|ITGA6|ITGA8|ITGA9|ITGAV|ITGB1|ITGB3|ITGB4|ITGB5|ITGB6|ITGB7|ITGB8|KDR|LAMA1|LAMA2|LAMA3|LAMA4|LAMA5|LAMB1|LAMB2|LAMB3|LAMB4|LAMC1|LAMC3|MAP2K1|MAPK1|MAPK10|MAPK8|MAPK9|MET|MYLK|PAK1|PAK2|PAK3|PARVA|PDGFA|PDGFD|PDGFRA|PIK3CA|PIK3CB|PIK3R1|PIK3R3|PIP5K1A|PIP5K1B|PPP1R12A|PRKCA|PRKCB|PRKCG|PTEN|PXN|RAC1|RAF1|RAP1A|RAP1B|RAPGEF1|RASGRF1|RELN|ROCK1|ROCK2|SHC1|SHC3|SHC4|SOS1|SOS2|SPP1|THBS1|THBS2|THBS3|THBS4|TLN1|TLN2|TNC|TNN|TNR|TNXB|VASP|VAV2|VAV3|VCL|VEGFC|VEGFD|VWF|XIAP,ACTN1|ACTN4|AKT1|AKT3|BCAR1|BIRC2|BRAF|CCND1|CCND2|CDC42|COL1A1|COL1A2|COL2A1|COL4A1|COL4A2|COL4A3|COL4A4|COL4A5|COL4A6|COL6A2|COL6A3|COL6A5|COL6A6|COL9A1|COL9A2|CTNNB1|DIAPH1|DOCK1|EGF|EGFR|ELK1|ERBB2|FLNA|FLNB|FLT1|FN1|GSK3B|IBSP|ILK|ITGA1|ITGA10|ITGA11|ITGA2|ITGA2B|ITGA4|ITGA5|ITGA6|ITGA8|ITGA9|ITGAV|ITGB1|ITGB3|ITGB4|ITGB5|ITGB6|ITGB7|ITGB8|KDR|LAMA1|LAMA2|LAMA3|LAMA4|LAMA5|LAMB1|LAMB2|LAMB3|LAMB4|LAMC1|LAMC3|MAP2K1|MAPK1|MAPK10|MAPK8|MAPK9|MET|MYLK|PAK1|PAK2|PAK3|PARVA|PDGFA|PDGFD|PDGFRA|PIK3CA|PIK3CB|PIK3R1|PIK3R3|PIP5K1A|PIP5K1B|PPP1R12A|PRKCA|PRKCB|PRKCG|PTEN|PXN|RAC1|RAF1|RAP1A|RAP1B|RAPGEF1|RASGRF1|RELN|ROCK1|ROCK2|SHC1|SHC3|SHC4|SOS1|SOS2|SPP1|THBS1|THBS2|THBS3|THBS4|TLN1|TLN2|TNC|TNN|TNR|TNXB|VASP|VAV2|VAV3|VCL|VEGFC|VEGFD|VWF|XIAP,128,gibbon:
Glucagon signaling pathway-Nomascus leucogenys (northern white-cheeked gibbon),1,gibbon,gibbon:65,gibbon:ACACA|ACACB|ADCY2|AKT1|AKT3|ATF2|CALM1|CAMK2B|CAMK2D|CAMK2G|CPT1A|CPT1B|CREB1|CREB3|CREB3L2|CREB3L4|CREB5|CREBBP|CRTC2|FBP1|FBP2|GCGR|GYS1|GYS2|ITPR1|ITPR2|ITPR3|LDHA|LDHAL6A|LDHC|PDHA1|PDHB|PFKFB1|PFKM|PFKP|PGAM1|PHKA1|PHKA2|PHKB|PHKG2|PLCB1|PLCB2|PLCB3|PLCB4|PPARA|PPARGC1A|PPP3CA|PPP3CC|PPP4C|PPP4R3A|PPP4R3B|PRKAA1|PRKAA2|PRKAB1|PRKAB2|PRKACB|PRKAG1|PRKAG2|PRKAG3|PYGB|PYGL|SIK2|SIRT1|SLC2A1|SLC2A2,ACACA|ACACB|ADCY2|AKT1|AKT3|ATF2|CALM1|CAMK2B|CAMK2D|CAMK2G|CPT1A|CPT1B|CREB1|CREB3|CREB3L2|CREB3L4|CREB5|CREBBP|CRTC2|FBP1|FBP2|GCGR|GYS1|GYS2|ITPR1|ITPR2|ITPR3|LDHA|LDHAL6A|LDHC|PDHA1|PDHB|PFKFB1|PFKM|PFKP|PGAM1|PHKA1|PHKA2|PHKB|PHKG2|PLCB1|PLCB2|PLCB3|PLCB4|PPARA|PPARGC1A|PPP3CA|PPP3CC|PPP4C|PPP4R3A|PPP4R3B|PRKAA1|PRKAA2|PRKAB1|PRKAB2|PRKACB|PRKAG1|PRKAG2|PRKAG3|PYGB|PYGL|SIK2|SIRT1|SLC2A1|SLC2A2,65,gibbon:
Nucleocytoplasmic transport-Nomascus leucogenys (northern white-cheeked gibbon),1,gibbon,gibbon:70,gibbon:AAAS|ACIN1|CASC3|CSE1L|EIF4A3|GLE1|IPO11|IPO13|IPO4|IPO5|IPO7|IPO8|IPO9|KPNA1|KPNA2|KPNA3|KPNA5|KPNA6|KPNA7|KPNB1|MAGOH|NCBP1|NCBP2|NDC1|NMD3|NUP107|NUP133|NUP153|NUP155|NUP160|NUP188|NUP205|NUP210|NUP210L|NUP214|NUP35|NUP37|NUP42|NUP43|NUP54|NUP58|NUP85|NUP93|NUP98|NXF3|PHAX|PNN|RANBP17|RNPS1|SEC13|SEH1L|SENP2|SRRM1|THOC1|THOC2|THOC5|TMEM33|TNPO1|TNPO2|TNPO3|UPF1|UPF2|UPF3A|UPF3B|XPO1|XPO4|XPO5|XPO6|XPO7|XPOT,AAAS|ACIN1|CASC3|CSE1L|EIF4A3|GLE1|IPO11|IPO13|IPO4|IPO5|IPO7|IPO8|IPO9|KPNA1|KPNA2|KPNA3|KPNA5|KPNA6|KPNA7|KPNB1|MAGOH|NCBP1|NCBP2|NDC1|NMD3|NUP107|NUP133|NUP153|NUP155|NUP160|NUP188|NUP205|NUP210|NUP210L|NUP214|NUP35|NUP37|NUP42|NUP43|NUP54|NUP58|NUP85|NUP93|NUP98|NXF3|PHAX|PNN|RANBP17|RNPS1|SEC13|SEH1L|SENP2|SRRM1|THOC1|THOC2|THOC5|TMEM33|TNPO1|TNPO2|TNPO3|UPF1|UPF2|UPF3A|UPF3B|XPO1|XPO4|XPO5|XPO6|XPO7|XPOT,70,gibbon:
Spinocerebellar ataxia-Nomascus leucogenys (northern white-cheeked gibbon),1,gibbon,gibbon:88,gibbon:AFG3L2|AKT1|AKT3|AMBRA1|ATG13|ATG14|ATG2B|ATP2A1|ATP2A2|ATXN10|ATXN2|ATXN2L|CACNA1A|DAB1|GRIA1|GRIA2|GRIA3|GRIN1|GRIN2B|GRIN3A|GRIN3B|GRM1|ITPR1|ITPR2|ITPR3|KCND3|MAP3K5|MAPK10|MAPK8|MAPK9|MCU|MTOR|NFYA|OMA1|OPA1|PIK3C3|PIK3CA|PIK3CB|PIK3R1|PIK3R3|PIK3R4|PLCB1|PLCB2|PLCB3|PLCB4|PRKCA|PRKCB|PRKCG|PSMA1|PSMA2|PSMA3|PSMA4|PSMA5|PSMA7|PSMA8|PSMB3|PSMB4|PSMB7|PSMC2|PSMC3|PSMC4|PSMC5|PSMD1|PSMD11|PSMD12|PSMD13|PSMD14|PSMD2|PSMD6|PUM1|PUM2|RB1CC1|RELN|RORA|RYR1|SLC25A31|SLC25A5|SPTBN2|TBP|TBPL2|TRAF2|TRPC3|ULK1|ULK2|VDAC1|VDAC2|VDAC3|VLDLR,AFG3L2|AKT1|AKT3|AMBRA1|ATG13|ATG14|ATG2B|ATP2A1|ATP2A2|ATXN10|ATXN2|ATXN2L|CACNA1A|DAB1|GRIA1|GRIA2|GRIA3|GRIN1|GRIN2B|GRIN3A|GRIN3B|GRM1|ITPR1|ITPR2|ITPR3|KCND3|MAP3K5|MAPK10|MAPK8|MAPK9|MCU|MTOR|NFYA|OMA1|OPA1|PIK3C3|PIK3CA|PIK3CB|PIK3R1|PIK3R3|PIK3R4|PLCB1|PLCB2|PLCB3|PLCB4|PRKCA|PRKCB|PRKCG|PSMA1|PSMA2|PSMA3|PSMA4|PSMA5|PSMA7|PSMA8|PSMB3|PSMB4|PSMB7|PSMC2|PSMC3|PSMC4|PSMC5|PSMD1|PSMD11|PSMD12|PSMD13|PSMD14|PSMD2|PSMD6|PUM1|PUM2|RB1CC1|RELN|RORA|RYR1|SLC25A31|SLC25A5|SPTBN2|TBP|TBPL2|TRAF2|TRPC3|ULK1|ULK2|VDAC1|VDAC2|VDAC3|VLDLR,88,gibbon:
Human papillomavirus infection-Nomascus leucogenys (northern white-cheeked gibbon),1,gibbon,gibbon:191,gibbon:AKT1|AKT3|APC|APC2|ATP6AP1|ATP6V0A1|ATP6V0A2|ATP6V0A4|ATP6V1A|ATP6V1B1|ATP6V1B2|ATP6V1C1|ATP6V1C2|ATP6V1D|ATP6V1E1|ATP6V1H|ATR|CASP3|CASP8|CCNA1|CCNA2|CCND1|CCND2|CCNE1|CCNE2|CDC42|CDK4|CDK6|CHD4|CHUK|COL1A1|COL1A2|COL2A1|COL4A1|COL4A2|COL4A3|COL4A4|COL4A5|COL4A6|COL6A2|COL6A3|COL6A5|COL6A6|COL9A1|COL9A2|CREB1|CREB3|CREB3L2|CREB3L4|CREB5|CREBBP|CSNK1A1|CTNNB1|DLG1|DLG2|DLG3|DVL2|EGF|EGFR|FAS|FASLG|FN1|FZD3|FZD6|GSK3B|HDAC1|HDAC2|HES7|HEY1|HEY2|HEYL|IBSP|IFNAR1|IKBKB|IKBKE|IRF9|ITGA1|ITGA10|ITGA11|ITGA2|ITGA2B|ITGA4|ITGA5|ITGA6|ITGA8|ITGA9|ITGAV|ITGB1|ITGB3|ITGB4|ITGB5|ITGB6|ITGB7|ITGB8|JAG1|JAK1|LAMA1|LAMA2|LAMA3|LAMA4|LAMA5|LAMB1|LAMB2|LAMB3|LAMB4|LAMC1|LAMC3|LLGL1|LLGL2|MAGI1|MAML1|MAML3|MAP2K1|MAP2K2|MAPK1|MDM2|MFNG|MTOR|MX1|MX2|NFKB1|NFX1|NOTCH1|NOTCH2|NOTCH3|PALS1|PARD3|PARD6B|PATJ|PIK3CA|PIK3CB|PIK3R1|PIK3R3|PPP2CA|PPP2CB|PPP2R1A|PPP2R1B|PPP2R2A|PPP2R2D|PPP2R3A|PPP2R3C|PPP2R5A|PPP2R5C|PPP2R5D|PPP2R5E|PRKACB|PRKCI|PRKCZ|PSEN1|PTEN|PTGER4|PTGS2|PXN|RAF1|RB1|RBL1|RBL2|RBPJ|RELN|RPS6KB1|SCRIB|SOS1|SOS2|SPP1|STAT1|STAT2|TADA3|TBK1|TBP|TBPL2|TCIRG1|TERT|THBS1|THBS2|THBS3|THBS4|TLR3|TNC|TNFRSF1A|TNN|TNR|TNXB|TP53|TRADD|TRAF3|TSC1|TSC2|TYK2|UBE3A|UBR4|VWF,AKT1|AKT3|APC|APC2|ATP6AP1|ATP6V0A1|ATP6V0A2|ATP6V0A4|ATP6V1A|ATP6V1B1|ATP6V1B2|ATP6V1C1|ATP6V1C2|ATP6V1D|ATP6V1E1|ATP6V1H|ATR|CASP3|CASP8|CCNA1|CCNA2|CCND1|CCND2|CCNE1|CCNE2|CDC42|CDK4|CDK6|CHD4|CHUK|COL1A1|COL1A2|COL2A1|COL4A1|COL4A2|COL4A3|COL4A4|COL4A5|COL4A6|COL6A2|COL6A3|COL6A5|COL6A6|COL9A1|COL9A2|CREB1|CREB3|CREB3L2|CREB3L4|CREB5|CREBBP|CSNK1A1|CTNNB1|DLG1|DLG2|DLG3|DVL2|EGF|EGFR|FAS|FASLG|FN1|FZD3|FZD6|GSK3B|HDAC1|HDAC2|HES7|HEY1|HEY2|HEYL|IBSP|IFNAR1|IKBKB|IKBKE|IRF9|ITGA1|ITGA10|ITGA11|ITGA2|ITGA2B|ITGA4|ITGA5|ITGA6|ITGA8|ITGA9|ITGAV|ITGB1|ITGB3|ITGB4|ITGB5|ITGB6|ITGB7|ITGB8|JAG1|JAK1|LAMA1|LAMA2|LAMA3|LAMA4|LAMA5|LAMB1|LAMB2|LAMB3|LAMB4|LAMC1|LAMC3|LLGL1|LLGL2|MAGI1|MAML1|MAML3|MAP2K1|MAP2K2|MAPK1|MDM2|MFNG|MTOR|MX1|MX2|NFKB1|NFX1|NOTCH1|NOTCH2|NOTCH3|PALS1|PARD3|PARD6B|PATJ|PIK3CA|PIK3CB|PIK3R1|PIK3R3|PPP2CA|PPP2CB|PPP2R1A|PPP2R1B|PPP2R2A|PPP2R2D|PPP2R3A|PPP2R3C|PPP2R5A|PPP2R5C|PPP2R5D|PPP2R5E|PRKACB|PRKCI|PRKCZ|PSEN1|PTEN|PTGER4|PTGS2|PXN|RAF1|RB1|RBL1|RBL2|RBPJ|RELN|RPS6KB1|SCRIB|SOS1|SOS2|SPP1|STAT1|STAT2|TADA3|TBK1|TBP|TBPL2|TCIRG1|TERT|THBS1|THBS2|THBS3|THBS4|TLR3|TNC|TNFRSF1A|TNN|TNR|TNXB|TP53|TRADD|TRAF3|TSC1|TSC2|TYK2|UBE3A|UBR4|VWF,191,gibbon:
Insulin resistance-Nomascus leucogenys (northern white-cheeked gibbon),1,gibbon,gibbon:65,gibbon:ACACB|AKT1|AKT3|CD36|CPT1A|CPT1B|CREB1|CREB3|CREB3L2|CREB3L4|CREB5|CRTC2|GFPT1|GFPT2|GSK3B|GYS1|IKBKB|INSR|MAPK10|MAPK8|MAPK9|MLXIP|MTOR|NFKB1|NFKBIA|NR1H2|NR1H3|OGA|OGT|PIK3CA|PIK3CB|PIK3R1|PIK3R3|PPARA|PPARGC1A|PPARGC1B|PRKAA1|PRKAA2|PRKAB1|PRKAB2|PRKAG1|PRKAG2|PRKAG3|PRKCB|PRKCE|PRKCQ|PRKCZ|PTEN|PTPA|PTPN11|PTPRF|PYGL|RPS6KA1|RPS6KA2|RPS6KA3|RPS6KA6|RPS6KB1|SLC27A2|SLC2A1|SLC2A2|SLC2A4|STAT3|TBC1D4|TNFRSF1A|TRIB3,ACACB|AKT1|AKT3|CD36|CPT1A|CPT1B|CREB1|CREB3|CREB3L2|CREB3L4|CREB5|CRTC2|GFPT1|GFPT2|GSK3B|GYS1|IKBKB|INSR|MAPK10|MAPK8|MAPK9|MLXIP|MTOR|NFKB1|NFKBIA|NR1H2|NR1H3|OGA|OGT|PIK3CA|PIK3CB|PIK3R1|PIK3R3|PPARA|PPARGC1A|PPARGC1B|PRKAA1|PRKAA2|PRKAB1|PRKAB2|PRKAG1|PRKAG2|PRKAG3|PRKCB|PRKCE|PRKCQ|PRKCZ|PTEN|PTPA|PTPN11|PTPRF|PYGL|RPS6KA1|RPS6KA2|RPS6KA3|RPS6KA6|RPS6KB1|SLC27A2|SLC2A1|SLC2A2|SLC2A4|STAT3|TBC1D4|TNFRSF1A|TRIB3,65,gibbon:
Purine metabolism-Nomascus leucogenys (northern white-cheeked gibbon),1,gibbon,gibbon:74,gibbon:ADCY10|ADCY2|ADCY3|ADCY5|ADCY6|ADCY8|ADCY9|ADK|ADSL|AK2|AK3|AK7|AK8|AK9|ALLC|AMPD2|AMPD3|ATIC|DGUOK|ENPP1|ENPP3|ENTPD1|ENTPD5|ENTPD6|ENTPD8|FHIT|GART|GDA|GMPR|GMPS|GUCY1A1|GUCY1B1|GUCY2C|GUCY2D|HDDC2|HPRT1|IMPDH2|LACC1|NME7|NPR2|NT5C2|NT5E|NUDT5|NUDT9|PAICS|PAPSS1|PAPSS2|PDE11A|PDE1A|PDE1B|PDE2A|PDE3A|PDE4A|PDE4B|PDE4D|PDE5A|PDE6A|PDE6B|PDE6C|PDE7A|PDE7B|PDE8A|PDE8B|PDE9A|PGM1|PGM2|PPAT|PRPS1|PRPS2|PRUNE1|RRM1|RRM2|RRM2B|XDH,ADCY10|ADCY2|ADCY3|ADCY5|ADCY6|ADCY8|ADCY9|ADK|ADSL|AK2|AK3|AK7|AK8|AK9|ALLC|AMPD2|AMPD3|ATIC|DGUOK|ENPP1|ENPP3|ENTPD1|ENTPD5|ENTPD6|ENTPD8|FHIT|GART|GDA|GMPR|GMPS|GUCY1A1|GUCY1B1|GUCY2C|GUCY2D|HDDC2|HPRT1|IMPDH2|LACC1|NME7|NPR2|NT5C2|NT5E|NUDT5|NUDT9|PAICS|PAPSS1|PAPSS2|PDE11A|PDE1A|PDE1B|PDE2A|PDE3A|PDE4A|PDE4B|PDE4D|PDE5A|PDE6A|PDE6B|PDE6C|PDE7A|PDE7B|PDE8A|PDE8B|PDE9A|PGM1|PGM2|PPAT|PRPS1|PRPS2|PRUNE1|RRM1|RRM2|RRM2B|XDH,74,gibbon:
AMPK signaling pathway-Nomascus leucogenys (northern white-cheeked gibbon),1,gibbon,gibbon:71,gibbon:ACACA|ACACB|ADIPOR1|AKT1|AKT3|CAB39|CAB39L|CAMKK2|CCNA1|CCNA2|CCND1|CD36|CFTR|CIDEA|CPT1A|CPT1B|CREB1|CREB3|CREB3L2|CREB3L4|CREB5|CRTC2|EEF2K|FBP1|FBP2|GYS2|HMGCR|INSR|MAP3K7|MTOR|PFKFB1|PFKFB3|PFKFB4|PFKM|PFKP|PIK3CA|PIK3CB|PIK3R1|PIK3R3|PPARGC1A|PPP2CA|PPP2CB|PPP2R1A|PPP2R1B|PPP2R2A|PPP2R2D|PPP2R3A|PPP2R3C|PPP2R5A|PPP2R5C|PPP2R5D|PPP2R5E|PRKAA1|PRKAA2|PRKAB1|PRKAB2|PRKAG1|PRKAG2|PRKAG3|RAB10|RAB14|RPS6KB1|RPTOR|SIRT1|SLC2A4|STRADA|STRADB|TBC1D1|TSC1|TSC2|ULK1,ACACA|ACACB|ADIPOR1|AKT1|AKT3|CAB39|CAB39L|CAMKK2|CCNA1|CCNA2|CCND1|CD36|CFTR|CIDEA|CPT1A|CPT1B|CREB1|CREB3|CREB3L2|CREB3L4|CREB5|CRTC2|EEF2K|FBP1|FBP2|GYS2|HMGCR|INSR|MAP3K7|MTOR|PFKFB1|PFKFB3|PFKFB4|PFKM|PFKP|PIK3CA|PIK3CB|PIK3R1|PIK3R3|PPARGC1A|PPP2CA|PPP2CB|PPP2R1A|PPP2R1B|PPP2R2A|PPP2R2D|PPP2R3A|PPP2R3C|PPP2R5A|PPP2R5C|PPP2R5D|PPP2R5E|PRKAA1|PRKAA2|PRKAB1|PRKAB2|PRKAG1|PRKAG2|PRKAG3|RAB10|RAB14|RPS6KB1|RPTOR|SIRT1|SLC2A4|STRADA|STRADB|TBC1D1|TSC1|TSC2|ULK1,71,gibbon:
Cytoskeleton in muscle cells-Nomascus leucogenys (northern white-cheeked gibbon),1,gibbon,gibbon:128,gibbon:ACTG2|ACTN2|ACTN3|AMPD2|AMPD3|ANK2|ANK3|ANKRD1|ANKRD2|ATP1A1|ATP1B4|CAPZA1|CAPZA2|COL11A1|COL1A1|COL1A2|COL24A1|COL27A1|COL3A1|COL4A1|COL4A2|COL4A3|COL4A4|COL4A5|COL4A6|COL5A2|COL5A3|COL6A2|COL6A3|COL6A5|COL6A6|COL9A1|COL9A2|CSRP1|DAAM1|DAAM2|DES|DIAPH1|DIAPH2|DIAPH3|DMD|DSC2|DSG2|DSP|DTNA|ENO1|FBN1|FLNC|FMNL2|FMNL3|FN1|HSPG2|INF2|ITGA1|ITGA10|ITGA11|ITGA2|ITGA2B|ITGA4|ITGA5|ITGA6|ITGA8|ITGA9|ITGAV|ITGB1|ITGB3|ITGB4|ITGB5|ITGB6|ITGB7|ITGB8|JUP|LAMA1|LAMA2|LBR|LMNA|LMNB1|LMNB2|LMOD1|LMOD2|LMOD3|MYBPC1|MYH10|MYH11|MYH13|MYH14|MYH15|MYH3|MYH9|MYOM1|MYOM2|MYOT|NEB|NEBL|NRAP|OBSCN|PDLIM1|PDLIM4|SDC3|SDC4|SGCB|SGCE|SGCG|SGCZ|SPTAN1|SPTBN1|SPTBN2|SPTBN4|SUN1|SUN2|SYNE1|SYNE2|THBS1|THBS2|THBS3|THBS4|TLN1|TLN2|TMOD1|TMOD2|TMOD3|TNNC1|TNNI2|TPM2|TRIM54|TRIM55|TRIM63|VCL,ACTG2|ACTN2|ACTN3|AMPD2|AMPD3|ANK2|ANK3|ANKRD1|ANKRD2|ATP1A1|ATP1B4|CAPZA1|CAPZA2|COL11A1|COL1A1|COL1A2|COL24A1|COL27A1|COL3A1|COL4A1|COL4A2|COL4A3|COL4A4|COL4A5|COL4A6|COL5A2|COL5A3|COL6A2|COL6A3|COL6A5|COL6A6|COL9A1|COL9A2|CSRP1|DAAM1|DAAM2|DES|DIAPH1|DIAPH2|DIAPH3|DMD|DSC2|DSG2|DSP|DTNA|ENO1|FBN1|FLNC|FMNL2|FMNL3|FN1|HSPG2|INF2|ITGA1|ITGA10|ITGA11|ITGA2|ITGA2B|ITGA4|ITGA5|ITGA6|ITGA8|ITGA9|ITGAV|ITGB1|ITGB3|ITGB4|ITGB5|ITGB6|ITGB7|ITGB8|JUP|LAMA1|LAMA2|LBR|LMNA|LMNB1|LMNB2|LMOD1|LMOD2|LMOD3|MYBPC1|MYH10|MYH11|MYH13|MYH14|MYH15|MYH3|MYH9|MYOM1|MYOM2|MYOT|NEB|NEBL|NRAP|OBSCN|PDLIM1|PDLIM4|SDC3|SDC4|SGCB|SGCE|SGCG|SGCZ|SPTAN1|SPTBN1|SPTBN2|SPTBN4|SUN1|SUN2|SYNE1|SYNE2|THBS1|THBS2|THBS3|THBS4|TLN1|TLN2|TMOD1|TMOD2|TMOD3|TNNC1|TNNI2|TPM2|TRIM54|TRIM55|TRIM63|VCL,128,gibbon:
Ubiquitin mediated proteolysis-Nomascus leucogenys (northern white-cheeked gibbon),1,gibbon,gibbon:78,gibbon:ANAPC1|ANAPC10|ANAPC2|ANAPC4|ANAPC5|ANAPC7|BIRC2|BIRC6|BRCA1|BTRC|CBL|CBLB|CDC16|CDC20|CDC23|CDC27|COP1|CUL1|CUL3|CUL4A|CUL4B|CUL5|DDB1|DDB2|FBXW11|FBXW7|FBXW8|FZR1|HERC1|HERC2|HERC3|HERC4|HUWE1|ITCH|KLHL13|MAP3K1|MDM2|MGRN1|PIAS1|PIAS2|PIAS3|PPIL2|PRPF19|RCHY1|RHOBTB1|RNF7|SAE1|SYVN1|TRAF6|TRIM37|TRIP12|UBA1|UBA2|UBA3|UBA6|UBA7|UBE2D1|UBE2D2|UBE2D4|UBE2E2|UBE2E3|UBE2J1|UBE2J2|UBE2K|UBE2N|UBE2O|UBE2Q1|UBE2Q2|UBE2U|UBE3A|UBE3B|UBE3C|UBE4A|UBE4B|UBR5|WWP1|WWP2|XIAP,ANAPC1|ANAPC10|ANAPC2|ANAPC4|ANAPC5|ANAPC7|BIRC2|BIRC6|BRCA1|BTRC|CBL|CBLB|CDC16|CDC20|CDC23|CDC27|COP1|CUL1|CUL3|CUL4A|CUL4B|CUL5|DDB1|DDB2|FBXW11|FBXW7|FBXW8|FZR1|HERC1|HERC2|HERC3|HERC4|HUWE1|ITCH|KLHL13|MAP3K1|MDM2|MGRN1|PIAS1|PIAS2|PIAS3|PPIL2|PRPF19|RCHY1|RHOBTB1|RNF7|SAE1|SYVN1|TRAF6|TRIM37|TRIP12|UBA1|UBA2|UBA3|UBA6|UBA7|UBE2D1|UBE2D2|UBE2D4|UBE2E2|UBE2E3|UBE2J1|UBE2J2|UBE2K|UBE2N|UBE2O|UBE2Q1|UBE2Q2|UBE2U|UBE3A|UBE3B|UBE3C|UBE4A|UBE4B|UBR5|WWP1|WWP2|XIAP,78,gibbon:
Hepatitis B-Nomascus leucogenys (northern white-cheeked gibbon),1,gibbon,gibbon:89,gibbon:AKT1|AKT3|APAF1|ATF2|ATF6B|ATP6AP1|BID|BRAF|CASP10|CASP3|CASP8|CASP9|CCNA1|CCNE1|CCNE2|CHUK|CREB1|CREB3|CREB3L2|CREB3L4|CREB5|CREBBP|DDB1|DDB2|DDX3X|E2F3|ELK1|FAS|FASLG|FOS|HSPG2|IFIH1|IFNAR1|IKBKB|IKBKE|IRAK4|JAK1|JAK2|JAK3|MAP2K2|MAP2K4|MAP3K1|MAP3K7|MAPK1|MAPK10|MAPK13|MAPK14|MAPK8|MAPK9|NFATC1|NFATC2|NFATC3|NFATC4|NFKB1|NFKBIA|PCNA|PIK3CA|PIK3CB|PIK3R1|PIK3R3|PRKCA|PRKCB|PRKCG|PTK2B|RAF1|RB1|SMAD4|SOS1|SOS2|STAT1|STAT2|STAT3|STAT4|STAT5B|STAT6|TAB1|TAB2|TBK1|TGFB1|TGFB2|TGFB3|TGFBR2|TLR3|TP53|TRAF3|TRAF6|TYK2|VDAC3|YWHAB,AKT1|AKT3|APAF1|ATF2|ATF6B|ATP6AP1|BID|BRAF|CASP10|CASP3|CASP8|CASP9|CCNA1|CCNE1|CCNE2|CHUK|CREB1|CREB3|CREB3L2|CREB3L4|CREB5|CREBBP|DDB1|DDB2|DDX3X|E2F3|ELK1|FAS|FASLG|FOS|HSPG2|IFIH1|IFNAR1|IKBKB|IKBKE|IRAK4|JAK1|JAK2|JAK3|MAP2K2|MAP2K4|MAP3K1|MAP3K7|MAPK1|MAPK10|MAPK13|MAPK14|MAPK8|MAPK9|NFATC1|NFATC2|NFATC3|NFATC4|NFKB1|NFKBIA|PCNA|PIK3CA|PIK3CB|PIK3R1|PIK3R3|PRKCA|PRKCB|PRKCG|PTK2B|RAF1|RB1|SMAD4|SOS1|SOS2|STAT1|STAT2|STAT3|STAT4|STAT5B|STAT6|TAB1|TAB2|TBK1|TGFB1|TGFB2|TGFB3|TGFBR2|TLR3|TP53|TRAF3|TRAF6|TYK2|VDAC3|YWHAB,89,gibbon:
Protein processing in endoplasmic reticulum-Nomascus leucogenys (northern white-cheeke,1,gibbon,gibbon:96,gibbon:AMFR|ATF6|ATF6B|BAG1|BAG2|CANX|CAPN1|CRYAA|CRYAB|CUL1|DDOST|DERL1|DERL2|DNAJA2|DNAJB11|DNAJC10|DNAJC3|DNAJC5B|EDEM1|EDEM3|EIF2AK3|EIF2S1|ERLEC1|ERO1A|ERO1B|GANAB|HERPUD1|HSP90AA1|HSP90B1|HSPA4L|HSPA5|HSPA8|HSPH1|HYOU1|LMAN1|MAGT1|MAN1A2|MAP3K5|MAPK10|MAPK8|MAPK9|MARCHF6|MBTPS1|MBTPS2|NFE2L2|NGLY1|NPLOC4|NSFL1C|OS9|PDIA3|PDIA6|PLAA|PREB|RAD23A|RAD23B|RPN1|RPN2|RRBP1|SAR1A|SEC13|SEC23A|SEC24A|SEC24B|SEC24D|SEC31A|SEC31B|SEC61A1|SEC61A2|SEC62|SEC63|SEL1L|SEL1L2|SIL1|SSR1|STT3A|STT3B|SVIP|SYVN1|TMEM258|TRAF2|TRAM1|TUSC3|TXNDC5|UBE2D1|UBE2D2|UBE2D4|UBE2J1|UBE2J2|UBE4B|UBQLN1|UBXN1|UBXN4|UBXN8|UFD1|UGGT1|VCP,AMFR|ATF6|ATF6B|BAG1|BAG2|CANX|CAPN1|CRYAA|CRYAB|CUL1|DDOST|DERL1|DERL2|DNAJA2|DNAJB11|DNAJC10|DNAJC3|DNAJC5B|EDEM1|EDEM3|EIF2AK3|EIF2S1|ERLEC1|ERO1A|ERO1B|GANAB|HERPUD1|HSP90AA1|HSP90B1|HSPA4L|HSPA5|HSPA8|HSPH1|HYOU1|LMAN1|MAGT1|MAN1A2|MAP3K5|MAPK10|MAPK8|MAPK9|MARCHF6|MBTPS1|MBTPS2|NFE2L2|NGLY1|NPLOC4|NSFL1C|OS9|PDIA3|PDIA6|PLAA|PREB|RAD23A|RAD23B|RPN1|RPN2|RRBP1|SAR1A|SEC13|SEC23A|SEC24A|SEC24B|SEC24D|SEC31A|SEC31B|SEC61A1|SEC61A2|SEC62|SEC63|SEL1L|SEL1L2|SIL1|SSR1|STT3A|STT3B|SVIP|SYVN1|TMEM258|TRAF2|TRAM1|TUSC3|TXNDC5|UBE2D1|UBE2D2|UBE2D4|UBE2J1|UBE2J2|UBE4B|UBQLN1|UBXN1|UBXN4|UBXN8|UFD1|UGGT1|VCP,96,gibbon:
PI3K-Akt signaling pathway-Nomascus leucogenys (northern white-cheeked gibbon),1,gibbon,gibbon:181,gibbon:AKT1|AKT3|ANGPT2|ANGPT4|ATF2|ATF6B|BRCA1|CASP9|CCND1|CCND2|CCNE1|CCNE2|CDC37|CDK4|CDK6|CHUK|COL1A1|COL1A2|COL2A1|COL4A1|COL4A2|COL4A3|COL4A4|COL4A5|COL4A6|COL6A2|COL6A3|COL6A5|COL6A6|COL9A1|COL9A2|CREB1|CREB3|CREB3L2|CREB3L4|CREB5|CRTC2|EGF|EGFR|EIF4E1B|EIF4E2|EPO|ERBB2|ERBB3|ERBB4|FASLG|FGF8|FGFR1|FGFR2|FLT1|FLT3|FN1|GNB1|GNB4|GNB5|GSK3B|GYS1|GYS2|HSP90AA1|HSP90B1|IBSP|IFNAR1|IKBKB|IL2|IL3|IL4R|IL6R|IL7|IL7R|INSR|ITGA1|ITGA10|ITGA11|ITGA2|ITGA2B|ITGA4|ITGA5|ITGA6|ITGA8|ITGA9|ITGAV|ITGB1|ITGB3|ITGB4|ITGB5|ITGB6|ITGB7|ITGB8|JAK1|JAK2|JAK3|KDR|KIT|KITLG|LAMA1|LAMA2|LAMA3|LAMA4|LAMA5|LAMB1|LAMB2|LAMB3|LAMB4|LAMC1|LAMC3|LPAR1|MAGI1|MAP2K1|MAP2K2|MAPK1|MDM2|MET|MLST8|MTOR|MYB|NFKB1|NR4A1|NTRK1|NTRK2|OSMR|PDGFA|PDGFD|PDGFRA|PHLPP2|PIK3AP1|PIK3CA|PIK3CB|PIK3CG|PIK3R1|PIK3R3|PIK3R5|PKN3|PPP2CA|PPP2CB|PPP2R1A|PPP2R1B|PPP2R2A|PPP2R2D|PPP2R3A|PPP2R3C|PPP2R5A|PPP2R5C|PPP2R5D|PPP2R5E|PRKAA1|PRKAA2|PRKCA|PRL|PRLR|PTEN|RAC1|RAF1|RBL2|RELN|RET|RPS6KB1|RPTOR|SGK1|SGK2|SGK3|SOS1|SOS2|SPP1|SYK|THBS1|THBS2|THBS3|THBS4|THEM4|TNC|TNN|TNR|TNXB|TP53|TSC1|TSC2|VEGFC|VEGFD|VWF|YWHAB|YWHAE,AKT1|AKT3|ANGPT2|ANGPT4|ATF2|ATF6B|BRCA1|CASP9|CCND1|CCND2|CCNE1|CCNE2|CDC37|CDK4|CDK6|CHUK|COL1A1|COL1A2|COL2A1|COL4A1|COL4A2|COL4A3|COL4A4|COL4A5|COL4A6|COL6A2|COL6A3|COL6A5|COL6A6|COL9A1|COL9A2|CREB1|CREB3|CREB3L2|CREB3L4|CREB5|CRTC2|EGF|EGFR|EIF4E1B|EIF4E2|EPO|ERBB2|ERBB3|ERBB4|FASLG|FGF8|FGFR1|FGFR2|FLT1|FLT3|FN1|GNB1|GNB4|GNB5|GSK3B|GYS1|GYS2|HSP90AA1|HSP90B1|IBSP|IFNAR1|IKBKB|IL2|IL3|IL4R|IL6R|IL7|IL7R|INSR|ITGA1|ITGA10|ITGA11|ITGA2|ITGA2B|ITGA4|ITGA5|ITGA6|ITGA8|ITGA9|ITGAV|ITGB1|ITGB3|ITGB4|ITGB5|ITGB6|ITGB7|ITGB8|JAK1|JAK2|JAK3|KDR|KIT|KITLG|LAMA1|LAMA2|LAMA3|LAMA4|LAMA5|LAMB1|LAMB2|LAMB3|LAMB4|LAMC1|LAMC3|LPAR1|MAGI1|MAP2K1|MAP2K2|MAPK1|MDM2|MET|MLST8|MTOR|MYB|NFKB1|NR4A1|NTRK1|NTRK2|OSMR|PDGFA|PDGFD|PDGFRA|PHLPP2|PIK3AP1|PIK3CA|PIK3CB|PIK3CG|PIK3R1|PIK3R3|PIK3R5|PKN3|PPP2CA|PPP2CB|PPP2R1A|PPP2R1B|PPP2R2A|PPP2R2D|PPP2R3A|PPP2R3C|PPP2R5A|PPP2R5C|PPP2R5D|PPP2R5E|PRKAA1|PRKAA2|PRKCA|PRL|PRLR|PTEN|RAC1|RAF1|RBL2|RELN|RET|RPS6KB1|RPTOR|SGK1|SGK2|SGK3|SOS1|SOS2|SPP1|SYK|THBS1|THBS2|THBS3|THBS4|THEM4|TNC|TNN|TNR|TNXB|TP53|TSC1|TSC2|VEGFC|VEGFD|VWF|YWHAB|YWHAE,181,gibbon:
Endocytosis-Nomascus leucogenys (northern white-cheeked gibbon),1,gibbon,gibbon:117,gibbon:ACAP1|ACAP2|ACTR2|ACTR3|AGAP3|AMPH|AP2M1|ARAP1|ARAP2|ARFGAP1|ARFGAP2|ARFGAP3|ARFGEF1|ARFGEF2|ARPC2|ARPC4|ASAP1|ASAP2|ASAP3|CAPZA1|CAPZA2|CBL|CBLB|CDC42|CHMP2B|CHMP3|CHMP4B|CHMP5|CHMP7|CLTB|CLTC|CLTCL1|CYTH3|CYTH4|DAB2|DNAJC6|DNM3|EEA1|EGFR|EPN1|EPS15L1|FGFR2|FOLR3|GBF1|GIT1|GIT2|GRK2|GRK3|GRK4|GRK5|IGF2R|IST1|ITCH|KIF5A|KIF5B|KIF5C|MDM2|MVB12A|MVB12B|PARD3|PARD6B|PDCD6IP|PDGFRA|PIP5K1A|PIP5K1B|PLD1|PLD2|PRKCI|PRKCZ|PSD4|RAB10|RAB11FIP2|RAB11FIP3|RAB11FIP4|RAB31|RABEP1|RBSN|RNF41|RUFY1|RUFY2|SH3GL1|SH3GL3|SH3GLB1|SH3KBP1|SMAP1|SMAP2|SNX1|SNX12|SNX3|SNX4|SNX5|SNX6|SPART|SPG21|STAM|STAM2|STAMBP|TGFBR2|TRAF6|TSG101|USP8|VPS29|VPS35|VPS36|VPS37A|VPS37B|VPS37C|VPS45|VTA1|WASHC3|WASHC4|WASHC5|WASL|WWP1|ZFYVE16|ZFYVE27|ZFYVE9,ACAP1|ACAP2|ACTR2|ACTR3|AGAP3|AMPH|AP2M1|ARAP1|ARAP2|ARFGAP1|ARFGAP2|ARFGAP3|ARFGEF1|ARFGEF2|ARPC2|ARPC4|ASAP1|ASAP2|ASAP3|CAPZA1|CAPZA2|CBL|CBLB|CDC42|CHMP2B|CHMP3|CHMP4B|CHMP5|CHMP7|CLTB|CLTC|CLTCL1|CYTH3|CYTH4|DAB2|DNAJC6|DNM3|EEA1|EGFR|EPN1|EPS15L1|FGFR2|FOLR3|GBF1|GIT1|GIT2|GRK2|GRK3|GRK4|GRK5|IGF2R|IST1|ITCH|KIF5A|KIF5B|KIF5C|MDM2|MVB12A|MVB12B|PARD3|PARD6B|PDCD6IP|PDGFRA|PIP5K1A|PIP5K1B|PLD1|PLD2|PRKCI|PRKCZ|PSD4|RAB10|RAB11FIP2|RAB11FIP3|RAB11FIP4|RAB31|RABEP1|RBSN|RNF41|RUFY1|RUFY2|SH3GL1|SH3GL3|SH3GLB1|SH3KBP1|SMAP1|SMAP2|SNX1|SNX12|SNX3|SNX4|SNX5|SNX6|SPART|SPG21|STAM|STAM2|STAMBP|TGFBR2|TRAF6|TSG101|USP8|VPS29|VPS35|VPS36|VPS37A|VPS37B|VPS37C|VPS45|VTA1|WASHC3|WASHC4|WASHC5|WASL|WWP1|ZFYVE16|ZFYVE27|ZFYVE9,117,gibbon:
Reg. of actin cytoskeleton-Nomascus leucogenys (northern white-cheeked gibbon),1,gibbon,gibbon:118,gibbon:ACTN1|ACTN4|ACTR2|ACTR3|AKT1|AKT3|APC|APC2|ARHGEF12|ARHGEF6|ARHGEF7|ARPC2|ARPC4|BAIAP2|BCAR1|BRAF|C5|C6|C7|C8A|C8B|C9|CDC42|CFL1|CYFIP1|CYFIP2|CYRIA|CYRIB|DIAPH1|DIAPH2|DIAPH3|DOCK1|EGF|EGFR|EZR|FGD1|FGD3|FGF8|FGFR1|FGFR2|FN1|GIT1|GNA12|GNA13|INSRR|IQGAP1|IQGAP2|ITGA1|ITGA10|ITGA11|ITGA2|ITGA2B|ITGA4|ITGA5|ITGA6|ITGA8|ITGA9|ITGAD|ITGAE|ITGAL|ITGAM|ITGAV|ITGAX|ITGB1|ITGB3|ITGB4|ITGB5|ITGB6|ITGB7|ITGB8|KNG1|LIMK2|LPAR1|MAP2K1|MAP2K2|MAPK1|MSN|MYH10|MYH11|MYH14|MYH9|MYLK|NCKAP1|NCKAP1L|PAK1|PAK2|PAK3|PDGFA|PDGFD|PDGFRA|PIK3CA|PIK3CB|PIK3R1|PIK3R3|PIKFYVE|PIP4K2A|PIP4K2B|PIP4K2C|PIP5K1A|PIP5K1B|PPP1R12A|PXN|RAC1|RAF1|RDX|ROCK1|ROCK2|SCIN|SOS1|SOS2|SSH1|SSH2|TIAM1|VAV2|VAV3|VCL|WASF1|WASL,ACTN1|ACTN4|ACTR2|ACTR3|AKT1|AKT3|APC|APC2|ARHGEF12|ARHGEF6|ARHGEF7|ARPC2|ARPC4|BAIAP2|BCAR1|BRAF|C5|C6|C7|C8A|C8B|C9|CDC42|CFL1|CYFIP1|CYFIP2|CYRIA|CYRIB|DIAPH1|DIAPH2|DIAPH3|DOCK1|EGF|EGFR|EZR|FGD1|FGD3|FGF8|FGFR1|FGFR2|FN1|GIT1|GNA12|GNA13|INSRR|IQGAP1|IQGAP2|ITGA1|ITGA10|ITGA11|ITGA2|ITGA2B|ITGA4|ITGA5|ITGA6|ITGA8|ITGA9|ITGAD|ITGAE|ITGAL|ITGAM|ITGAV|ITGAX|ITGB1|ITGB3|ITGB4|ITGB5|ITGB6|ITGB7|ITGB8|KNG1|LIMK2|LPAR1|MAP2K1|MAP2K2|MAPK1|MSN|MYH10|MYH11|MYH14|MYH9|MYLK|NCKAP1|NCKAP1L|PAK1|PAK2|PAK3|PDGFA|PDGFD|PDGFRA|PIK3CA|PIK3CB|PIK3R1|PIK3R3|PIKFYVE|PIP4K2A|PIP4K2B|PIP4K2C|PIP5K1A|PIP5K1B|PPP1R12A|PXN|RAC1|RAF1|RDX|ROCK1|ROCK2|SCIN|SOS1|SOS2|SSH1|SSH2|TIAM1|VAV2|VAV3|VCL|WASF1|WASL,118,gibbon:
Pathways in cancer-Nomascus leucogenys (northern white-cheeked gibbon),1,gibbon,gibbon:248,gibbon:ADCY2|ADCY3|ADCY5|ADCY6|ADCY8|ADCY9|AKT1|AKT3|APAF1|APC|APC2|APPL1|ARHGEF11|ARHGEF12|ARNT|ARNT2|BCR|BID|BIRC2|BRAF|BRCA2|CALM1|CAMK2B|CAMK2D|CAMK2G|CASP3|CASP8|CASP9|CBL|CCDC6|CCNA1|CCNA2|CCND1|CCND2|CCNE1|CCNE2|CDC42|CDH1|CDK4|CDK6|CHUK|COL4A1|COL4A2|COL4A3|COL4A4|COL4A5|COL4A6|CREBBP|CTNNA1|CTNNA2|CTNNA3|CTNNB1|CUL1|DAPK1|DCC|DDB2|DLL1|DLL4|DVL2|E2F3|EDNRA|EDNRB|EGF|EGFR|EGLN1|EGLN3|ELK1|EML4|EPAS1|EPO|ERBB2|FAS|FASLG|FGF8|FGFR1|FGFR2|FH|FLT3|FN1|FOS|FZD3|FZD6|GLI1|GLI2|GNA12|GNA13|GNAI2|GNB1|GNB4|GNB5|GSK3B|GSTA4|GSTM3|GSTO1|GSTO2|HDAC1|HDAC2|HEY1|HEY2|HEYL|HIF1A|HMOX1|HSP90AA1|HSP90B1|IFNAR1|IFNGR1|IKBKB|IL12RB2|IL13RA1|IL15|IL2|IL23A|IL23R|IL3|IL4R|IL5|IL5RA|IL6R|IL7|IL7R|ITGA2|ITGA2B|ITGA6|ITGAV|ITGB1|JAG1|JAG2|JAK1|JAK2|JAK3|JUP|KIF7|KIT|KITLG|KNG1|LAMA1|LAMA2|LAMA3|LAMA4|LAMA5|LAMB1|LAMB2|LAMB3|LAMB4|LAMC1|LAMC3|LEF1|LPAR1|LRP6|MAP2K2|MAPK1|MAPK10|MAPK8|MAPK9|MAX|MDM2|MECOM|MET|MGST1|MGST3|MITF|MLH1|MSH2|MSH3|MTOR|NCOA1|NCOA3|NCOA4|NFE2L2|NFKB1|NFKB2|NFKBIA|NOS2|NOTCH1|NOTCH2|NOTCH3|NTRK1|PDGFA|PDGFRA|PIK3CA|PIK3CB|PIK3R1|PIK3R3|PLCB1|PLCB2|PLCB3|PLCB4|PLCG2|PLD1|PLD2|PLEKHG5|POLK|PRKACB|PRKCA|PRKCB|PRKCG|PTCH1|PTEN|PTGER3|PTGER4|PTGS2|RAC1|RAD51|RAF1|RALA|RALBP1|RARB|RASGRP1|RASGRP2|RASGRP3|RASGRP4|RASSF1|RASSF5|RB1|RET|ROCK1|ROCK2|RPS6KA5|RPS6KB1|RUNX1|RXRG|SLC2A1|SMAD4|SMO|SOS1|SOS2|STAT1|STAT2|STAT3|STAT4|STAT5B|STAT6|STK4|TERT|TGFB1|TGFB2|TGFB3|TGFBR2|TP53|TRAF2|TRAF3|TRAF5|TRAF6|TXNRD1|TXNRD3|VEGFC|VEGFD|XIAP,ADCY2|ADCY3|ADCY5|ADCY6|ADCY8|ADCY9|AKT1|AKT3|APAF1|APC|APC2|APPL1|ARHGEF11|ARHGEF12|ARNT|ARNT2|BCR|BID|BIRC2|BRAF|BRCA2|CALM1|CAMK2B|CAMK2D|CAMK2G|CASP3|CASP8|CASP9|CBL|CCDC6|CCNA1|CCNA2|CCND1|CCND2|CCNE1|CCNE2|CDC42|CDH1|CDK4|CDK6|CHUK|COL4A1|COL4A2|COL4A3|COL4A4|COL4A5|COL4A6|CREBBP|CTNNA1|CTNNA2|CTNNA3|CTNNB1|CUL1|DAPK1|DCC|DDB2|DLL1|DLL4|DVL2|E2F3|EDNRA|EDNRB|EGF|EGFR|EGLN1|EGLN3|ELK1|EML4|EPAS1|EPO|ERBB2|FAS|FASLG|FGF8|FGFR1|FGFR2|FH|FLT3|FN1|FOS|FZD3|FZD6|GLI1|GLI2|GNA12|GNA13|GNAI2|GNB1|GNB4|GNB5|GSK3B|GSTA4|GSTM3|GSTO1|GSTO2|HDAC1|HDAC2|HEY1|HEY2|HEYL|HIF1A|HMOX1|HSP90AA1|HSP90B1|IFNAR1|IFNGR1|IKBKB|IL12RB2|IL13RA1|IL15|IL2|IL23A|IL23R|IL3|IL4R|IL5|IL5RA|IL6R|IL7|IL7R|ITGA2|ITGA2B|ITGA6|ITGAV|ITGB1|JAG1|JAG2|JAK1|JAK2|JAK3|JUP|KIF7|KIT|KITLG|KNG1|LAMA1|LAMA2|LAMA3|LAMA4|LAMA5|LAMB1|LAMB2|LAMB3|LAMB4|LAMC1|LAMC3|LEF1|LPAR1|LRP6|MAP2K2|MAPK1|MAPK10|MAPK8|MAPK9|MAX|MDM2|MECOM|MET|MGST1|MGST3|MITF|MLH1|MSH2|MSH3|MTOR|NCOA1|NCOA3|NCOA4|NFE2L2|NFKB1|NFKB2|NFKBIA|NOS2|NOTCH1|NOTCH2|NOTCH3|NTRK1|PDGFA|PDGFRA|PIK3CA|PIK3CB|PIK3R1|PIK3R3|PLCB1|PLCB2|PLCB3|PLCB4|PLCG2|PLD1|PLD2|PLEKHG5|POLK|PRKACB|PRKCA|PRKCB|PRKCG|PTCH1|PTEN|PTGER3|PTGER4|PTGS2|RAC1|RAD51|RAF1|RALA|RALBP1|RARB|RASGRP1|RASGRP2|RASGRP3|RASGRP4|RASSF1|RASSF5|RB1|RET|ROCK1|ROCK2|RPS6KA5|RPS6KB1|RUNX1|RXRG|SLC2A1|SMAD4|SMO|SOS1|SOS2|STAT1|STAT2|STAT3|STAT4|STAT5B|STAT6|STK4|TERT|TGFB1|TGFB2|TGFB3|TGFBR2|TP53|TRAF2|TRAF3|TRAF5|TRAF6|TXNRD1|TXNRD3|VEGFC|VEGFD|XIAP,248,gibbon:
Metabolic pathways-Nomascus leucogenys (northern white-cheeked gibbon),1,gibbon,gibbon:704,gibbon:AACS|AADAT|AASDHPPT|AASS|ABAT|ABHD16A|ACAA1|ACAA2|ACACA|ACACB|ACAD8|ACADL|ACADM|ACADS|ACADSB|ACADVL|ACAT2|ACER3|ACLY|ACMSD|ACO1|ACO2|ACOD1|ACOT12|ACOT8|ACOX1|ACOX3|ACP2|ACSL1|ACSL3|ACSL4|ACSL5|ACSL6|ACSM3|ACSM4|ACSM5|ACSM6|ACSS2|ACSS3|ADCY10|ADCY2|ADCY3|ADCY5|ADCY6|ADCY8|ADCY9|ADH1B|ADH4|ADH5|ADH6|ADH7|ADI1|ADK|ADSL|AGK|AGL|AGPAT3|AGPAT5|AGPS|AHCY|AHCYL1|AHCYL2|AK2|AK7|AK8|AK9|AKR1A1|AKR1B1|AKR1D1|ALAD|ALAS1|ALDH18A1|ALDH1A1|ALDH1A2|ALDH1A3|ALDH1L1|ALDH1L2|ALDH2|ALDH3A1|ALDH3A2|ALDH4A1|ALDH5A1|ALDH6A1|ALDH7A1|ALDH8A1|ALDH9A1|ALDOB|ALG13|ALG3|ALG5|ALG8|ALG9|ALLC|ALOX15|ALPL|AMDHD1|AMPD2|AMPD3|AMT|ANPEP|APIP|ARG1|ARG2|ASAH1|ASH1L|ASL|ASNS|ATIC|ATP12A|ATP4B|ATP5F1A|ATP5F1B|ATP5MC1|ATP5MC3|ATP5PB|ATP5PD|ATP6AP1|ATP6V0A1|ATP6V0A2|ATP6V0A4|ATP6V1A|ATP6V1B1|ATP6V1B2|ATP6V1C1|ATP6V1C2|ATP6V1D|ATP6V1E1|ATP6V1H|B3GALNT2|B3GALT5|B3GAT2|B4GALNT1|B4GALNT2|B4GALNT3|B4GALT1|B4GALT4|B4GALT5|B4GALT7|BBOX1|BCAT1|BDH1|BHMT|BHMT2|BPNT1|BST1|BTD|CA1|CA13|CA14|CA2|CA5B|CA7|CA9|CAD|CAMKMT|CAT|CD38|CDS1|CDS2|CEL|CEPT1|CERK|CERS3|CERS6|CHAC1|CHDH|CHKA|CHKB|CHPF2|CHPT1|CKMT2|CMAS|CNDP1|CNDP2|COLGALT2|COQ3|COQ4|COQ6|COX10|COX15|CPS1|CRPPA|CRYL1|CS|CSAD|CSGALNACT1|CTH|CTPS1|CTPS2|CYP24A1|CYP26A1|CYP27A1|CYP2C19|CYP2E1|CYP2J2|CYP51A1|DBT|DCT|DCTD|DCXR|DDC|DDOST|DERA|DGKA|DGKB|DGKD|DGKG|DGKH|DGKI|DGKZ|DGUOK|DHODH|DHTKD1|DLD|DLST|DMGDH|DNMT1|DNMT3A|DPYD|DPYS|DSE|EHHADH|EHMT1|EHMT2|ELOVL1|ELOVL2|ELOVL3|ELOVL5|ENO1|ENOSF1|ENPP1|ENPP2|ENPP3|ENTPD1|ENTPD3|ENTPD5|ENTPD6|ENTPD8|EPHX2|EPRS1|ESD|ETHE1|ETNPPL|EXT1|EXT2|EXTL1|EZH2|FBP1|FBP2|FCSK|FDFT1|FDPS|FECH|FH|FHIT|FIG4|FMO3|FMO4|FOLH1|GAA|GAD1|GAD2|GADL1|GALC|GALK2|GALNS|GALNT1|GALNT10|GALNT11|GALNT13|GALNT16|GALNT17|GALNT2|GALNT3|GALNT5|GALNT7|GALNTL6|GALT|GANAB|GAPDH|GART|GATB|GATM|GBA2|GBE1|GBGT1|GCLC|GCLM|GCSH|GDA|GDPD1|GFPT1|GFPT2|GGCT|GK|GLB1|GLCE|GLDC|GLO1|GLS2|GLUL|GMDS|GMPR|GMPS|GNE|GNS|GPAM|GPAT3|GPAT4|GPHN|GPLD1|GPT2|GSR|GSTA4|GSTK1|GSTM3|GSTO1|GSTO2|GUCY1A1|GUCY1B1|GUCY2C|GUCY2D|GYG2|GYS1|GYS2|HACD2|HACD3|HACD4|HADHB|HAL|HAO1|HAO2|HCCS|HDC|HDDC2|HEXB|HGD|HGSNAT|HIBCH|HK1|HK2|HK3|HKDC1|HLCS|HMGCL|HMGCR|HMOX1|HPGDS|HPRT1|HPSE|HPSE2|HSD17B11|HSD17B12|HSD17B3|HSD17B4|HSD17B7|HSD17B8|HYAL2|HYAL4|HYI|HYKK|IDH3A|IDH3B|IDH3G|IDO1|IMPDH2|INPP4A|INPP4B|INPP5A|INPP5B|INPP5D|INPP5F|INPP5J|IPPK|ITPKB|IVD|KDSR|KL|KMO|KMT2A|KMT2C|KMT2D|KMT2E|KMT5B|KYAT3|KYNU|L2HGDH|LACC1|LANCL1|LAP3|LBR|LCLAT1|LDHA|LDHAL6A|LDHC|LIAS|LIPF|LIPG|LPCAT2|LPCAT4|LPIN1|LPIN2|LSS|LTA4H|MAN1A1|MAN1A2|MAN2A1|MAN2A2|MAOA|MAOB|MARS1|MAT2A|MAT2B|MCCC1|MCCC2|MDH1|MDH2|ME1|ME3|MECOM|MGAM|MGAM2|MGAT4A|MGAT4C|MGAT5|MGLL|MGST1|MGST3|MINPP1|MMUT|MOCOS|MOCS1|MSMO1|MTAP|MTFMT|MTHFD1|MTHFD1L|MTHFD2|MTM1|MTMR1|MTMR14|MTMR2|MTMR3|MTMR4|MTMR6|MTMR7|MTR|MVK|NADK2|NAGK|NAMPT|NANS|NDST1|NDUFA5|NDUFA8|NDUFA9|NDUFAB1|NDUFB5|NDUFS1|NDUFS2|NDUFS3|NDUFS4|NDUFV1|NDUFV2|NEU3|NIT2|NME7|NMNAT1|NMNAT2|NNT|NOS1|NOS2|NPL|NPR2|NSD1|NSD2|NSD3|NT5C2|NT5C3A|NT5C3B|NT5E|NUDT5|NUDT9|OAT|OCRL|ODC1|OGDH|OGDHL|OTC|OXCT1|P4HA1|P4HA2|P4HA3|PAFAH1B1|PAFAH1B2|PAFAH1B3|PAH|PAICS|PANK3|PAPSS1|PAPSS2|PCBD1|PCBD2|PCCA|PCCB|PCYT1A|PCYT1B|PDE11A|PDE1A|PDE1B|PDE2A|PDE3A|PDE4A|PDE4B|PDE4D|PDE5A|PDE6A|PDE6B|PDE6C|PDE7A|PDE7B|PDE8A|PDE8B|PDE9A|PDHA1|PDHB|PDHX|PEMT|PFKFB1|PFKFB3|PFKFB4|PFKM|PFKP|PGAM1|PGAP1|PGAP2|PGAP3|PGD|PGM1|PGM2|PGM2L1|PGM3|PGS1|PHGDH|PI4K2A|PI4K2B|PI4KA|PI4KB|PIGB|PIGF|PIGG|PIGK|PIGN|PIGO|PIGS|PIGT|PIGU|PIK3C2A|PIK3C2B|PIK3C2G|PIK3C3|PIK3CA|PIK3CB|PIK3CG|PIKFYVE|PIP4K2A|PIP4K2B|PIP4K2C|PIP5K1A|PIP5K1B|PIPOX|PKLR|PLA2G4A|PLA2G4C|PLA2G4D|PLA2G4E|PLA2G4F|PLA2G7|PLB1|PLCB1|PLCB2|PLCB3|PLCB4|PLCD1|PLCD4|PLCE1|PLCG2|PLCH1|PLCH2|PLCZ1|PLD1|PLD2|PLOD2|PLOD3|PLPP1|PLPP3|PMM1|PMM2|PNLIPRP1|PNLIPRP3|PNPLA4|PNPO|POMGNT1|POMT1|PPAT|PPOX|PPT1|PRDM16|PRODH2|PRPS1|PRPS2|PRUNE1|PSAT1|PSPH|PTDSS1|PTEN|PTGS2|PTS|PYCR2|PYGB|PYGL|QRSL1|RFK|RGN|RPE65|RPIA|RPN1|RPN2|RRM1|RRM2|RRM2B|SACM1L|SARDH|SARM1|SAT2|SCP2|SDR16C5|SDSL|SELENBP1|SEPSECS|SETD1B|SETD2|SGPL1|SGPP1|SGPP2|SI|SIRT1|SIRT2|SIRT5|SIRT7|SLC33A1|SMPD1|SMPD2|SMS|SMYD1|SMYD2|SORD|SPTLC1|SPTLC2|SQLE|SQOR|ST3GAL2|ST3GAL4|ST3GAL5|ST6GAL2|ST6GALNAC1|ST6GALNAC2|ST6GALNAC3|ST8SIA1|STT3A|STT3B|SUCLA2|SULT1E1|SUV39H1|SUV39H2|SYNJ2|TAT|TBXAS1|TCIRG1|TGDS|THEM4|THTPA|TK2|TKFC|TKTL1|TMLHE|TPH1|TPI1|TPK1|TREH|TRIT1|TXNDC12|TYRP1|UCK1|UGCG|UGDH|UGP2|UMPS|UPP1|UQCRC2|UROD|UXS1|XDH|XYLB,AACS|AADAT|AASDHPPT|AASS|ABAT|ABHD16A|ACAA1|ACAA2|ACACA|ACACB|ACAD8|ACADL|ACADM|ACADS|ACADSB|ACADVL|ACAT2|ACER3|ACLY|ACMSD|ACO1|ACO2|ACOD1|ACOT12|ACOT8|ACOX1|ACOX3|ACP2|ACSL1|ACSL3|ACSL4|ACSL5|ACSL6|ACSM3|ACSM4|ACSM5|ACSM6|ACSS2|ACSS3|ADCY10|ADCY2|ADCY3|ADCY5|ADCY6|ADCY8|ADCY9|ADH1B|ADH4|ADH5|ADH6|ADH7|ADI1|ADK|ADSL|AGK|AGL|AGPAT3|AGPAT5|AGPS|AHCY|AHCYL1|AHCYL2|AK2|AK7|AK8|AK9|AKR1A1|AKR1B1|AKR1D1|ALAD|ALAS1|ALDH18A1|ALDH1A1|ALDH1A2|ALDH1A3|ALDH1L1|ALDH1L2|ALDH2|ALDH3A1|ALDH3A2|ALDH4A1|ALDH5A1|ALDH6A1|ALDH7A1|ALDH8A1|ALDH9A1|ALDOB|ALG13|ALG3|ALG5|ALG8|ALG9|ALLC|ALOX15|ALPL|AMDHD1|AMPD2|AMPD3|AMT|ANPEP|APIP|ARG1|ARG2|ASAH1|ASH1L|ASL|ASNS|ATIC|ATP12A|ATP4B|ATP5F1A|ATP5F1B|ATP5MC1|ATP5MC3|ATP5PB|ATP5PD|ATP6AP1|ATP6V0A1|ATP6V0A2|ATP6V0A4|ATP6V1A|ATP6V1B1|ATP6V1B2|ATP6V1C1|ATP6V1C2|ATP6V1D|ATP6V1E1|ATP6V1H|B3GALNT2|B3GALT5|B3GAT2|B4GALNT1|B4GALNT2|B4GALNT3|B4GALT1|B4GALT4|B4GALT5|B4GALT7|BBOX1|BCAT1|BDH1|BHMT|BHMT2|BPNT1|BST1|BTD|CA1|CA13|CA14|CA2|CA5B|CA7|CA9|CAD|CAMKMT|CAT|CD38|CDS1|CDS2|CEL|CEPT1|CERK|CERS3|CERS6|CHAC1|CHDH|CHKA|CHKB|CHPF2|CHPT1|CKMT2|CMAS|CNDP1|CNDP2|COLGALT2|COQ3|COQ4|COQ6|COX10|COX15|CPS1|CRPPA|CRYL1|CS|CSAD|CSGALNACT1|CTH|CTPS1|CTPS2|CYP24A1|CYP26A1|CYP27A1|CYP2C19|CYP2E1|CYP2J2|CYP51A1|DBT|DCT|DCTD|DCXR|DDC|DDOST|DERA|DGKA|DGKB|DGKD|DGKG|DGKH|DGKI|DGKZ|DGUOK|DHODH|DHTKD1|DLD|DLST|DMGDH|DNMT1|DNMT3A|DPYD|DPYS|DSE|EHHADH|EHMT1|EHMT2|ELOVL1|ELOVL2|ELOVL3|ELOVL5|ENO1|ENOSF1|ENPP1|ENPP2|ENPP3|ENTPD1|ENTPD3|ENTPD5|ENTPD6|ENTPD8|EPHX2|EPRS1|ESD|ETHE1|ETNPPL|EXT1|EXT2|EXTL1|EZH2|FBP1|FBP2|FCSK|FDFT1|FDPS|FECH|FH|FHIT|FIG4|FMO3|FMO4|FOLH1|GAA|GAD1|GAD2|GADL1|GALC|GALK2|GALNS|GALNT1|GALNT10|GALNT11|GALNT13|GALNT16|GALNT17|GALNT2|GALNT3|GALNT5|GALNT7|GALNTL6|GALT|GANAB|GAPDH|GART|GATB|GATM|GBA2|GBE1|GBGT1|GCLC|GCLM|GCSH|GDA|GDPD1|GFPT1|GFPT2|GGCT|GK|GLB1|GLCE|GLDC|GLO1|GLS2|GLUL|GMDS|GMPR|GMPS|GNE|GNS|GPAM|GPAT3|GPAT4|GPHN|GPLD1|GPT2|GSR|GSTA4|GSTK1|GSTM3|GSTO1|GSTO2|GUCY1A1|GUCY1B1|GUCY2C|GUCY2D|GYG2|GYS1|GYS2|HACD2|HACD3|HACD4|HADHB|HAL|HAO1|HAO2|HCCS|HDC|HDDC2|HEXB|HGD|HGSNAT|HIBCH|HK1|HK2|HK3|HKDC1|HLCS|HMGCL|HMGCR|HMOX1|HPGDS|HPRT1|HPSE|HPSE2|HSD17B11|HSD17B12|HSD17B3|HSD17B4|HSD17B7|HSD17B8|HYAL2|HYAL4|HYI|HYKK|IDH3A|IDH3B|IDH3G|IDO1|IMPDH2|INPP4A|INPP4B|INPP5A|INPP5B|INPP5D|INPP5F|INPP5J|IPPK|ITPKB|IVD|KDSR|KL|KMO|KMT2A|KMT2C|KMT2D|KMT2E|KMT5B|KYAT3|KYNU|L2HGDH|LACC1|LANCL1|LAP3|LBR|LCLAT1|LDHA|LDHAL6A|LDHC|LIAS|LIPF|LIPG|LPCAT2|LPCAT4|LPIN1|LPIN2|LSS|LTA4H|MAN1A1|MAN1A2|MAN2A1|MAN2A2|MAOA|MAOB|MARS1|MAT2A|MAT2B|MCCC1|MCCC2|MDH1|MDH2|ME1|ME3|MECOM|MGAM|MGAM2|MGAT4A|MGAT4C|MGAT5|MGLL|MGST1|MGST3|MINPP1|MMUT|MOCOS|MOCS1|MSMO1|MTAP|MTFMT|MTHFD1|MTHFD1L|MTHFD2|MTM1|MTMR1|MTMR14|MTMR2|MTMR3|MTMR4|MTMR6|MTMR7|MTR|MVK|NADK2|NAGK|NAMPT|NANS|NDST1|NDUFA5|NDUFA8|NDUFA9|NDUFAB1|NDUFB5|NDUFS1|NDUFS2|NDUFS3|NDUFS4|NDUFV1|NDUFV2|NEU3|NIT2|NME7|NMNAT1|NMNAT2|NNT|NOS1|NOS2|NPL|NPR2|NSD1|NSD2|NSD3|NT5C2|NT5C3A|NT5C3B|NT5E|NUDT5|NUDT9|OAT|OCRL|ODC1|OGDH|OGDHL|OTC|OXCT1|P4HA1|P4HA2|P4HA3|PAFAH1B1|PAFAH1B2|PAFAH1B3|PAH|PAICS|PANK3|PAPSS1|PAPSS2|PCBD1|PCBD2|PCCA|PCCB|PCYT1A|PCYT1B|PDE11A|PDE1A|PDE1B|PDE2A|PDE3A|PDE4A|PDE4B|PDE4D|PDE5A|PDE6A|PDE6B|PDE6C|PDE7A|PDE7B|PDE8A|PDE8B|PDE9A|PDHA1|PDHB|PDHX|PEMT|PFKFB1|PFKFB3|PFKFB4|PFKM|PFKP|PGAM1|PGAP1|PGAP2|PGAP3|PGD|PGM1|PGM2|PGM2L1|PGM3|PGS1|PHGDH|PI4K2A|PI4K2B|PI4KA|PI4KB|PIGB|PIGF|PIGG|PIGK|PIGN|PIGO|PIGS|PIGT|PIGU|PIK3C2A|PIK3C2B|PIK3C2G|PIK3C3|PIK3CA|PIK3CB|PIK3CG|PIKFYVE|PIP4K2A|PIP4K2B|PIP4K2C|PIP5K1A|PIP5K1B|PIPOX|PKLR|PLA2G4A|PLA2G4C|PLA2G4D|PLA2G4E|PLA2G4F|PLA2G7|PLB1|PLCB1|PLCB2|PLCB3|PLCB4|PLCD1|PLCD4|PLCE1|PLCG2|PLCH1|PLCH2|PLCZ1|PLD1|PLD2|PLOD2|PLOD3|PLPP1|PLPP3|PMM1|PMM2|PNLIPRP1|PNLIPRP3|PNPLA4|PNPO|POMGNT1|POMT1|PPAT|PPOX|PPT1|PRDM16|PRODH2|PRPS1|PRPS2|PRUNE1|PSAT1|PSPH|PTDSS1|PTEN|PTGS2|PTS|PYCR2|PYGB|PYGL|QRSL1|RFK|RGN|RPE65|RPIA|RPN1|RPN2|RRM1|RRM2|RRM2B|SACM1L|SARDH|SARM1|SAT2|SCP2|SDR16C5|SDSL|SELENBP1|SEPSECS|SETD1B|SETD2|SGPL1|SGPP1|SGPP2|SI|SIRT1|SIRT2|SIRT5|SIRT7|SLC33A1|SMPD1|SMPD2|SMS|SMYD1|SMYD2|SORD|SPTLC1|SPTLC2|SQLE|SQOR|ST3GAL2|ST3GAL4|ST3GAL5|ST6GAL2|ST6GALNAC1|ST6GALNAC2|ST6GALNAC3|ST8SIA1|STT3A|STT3B|SUCLA2|SULT1E1|SUV39H1|SUV39H2|SYNJ2|TAT|TBXAS1|TCIRG1|TGDS|THEM4|THTPA|TK2|TKFC|TKTL1|TMLHE|TPH1|TPI1|TPK1|TREH|TRIT1|TXNDC12|TYRP1|UCK1|UGCG|UGDH|UGP2|UMPS|UPP1|UQCRC2|UROD|UXS1|XDH|XYLB,704,gibbon:
RNA degradation,1,gorillla,gorillla:18,gorillla:CNOT1|CNOT2|CNOT9|DIS3|DIS3L|EDC4|EXOSC2|EXOSC3|EXOSC8|HSPD1|MTREX|PAN2|PAN3|PFKM|SKIC8|TENT4A|TENT4B|ZCCHC7,CNOT1|CNOT2|CNOT9|DIS3|DIS3L|EDC4|EXOSC2|EXOSC3|EXOSC8|HSPD1|MTREX|PAN2|PAN3|PFKM|SKIC8|TENT4A|TENT4B|ZCCHC7,18,gorillla:
Carbon metabolism,1,gorillla,gorillla:28,gorillla:ACADS|ACO1|ALDH6A1|ALDOB|CPS1|CS|FBP1|FBP2|FH|GCSH|GLDC|GOT2|GPT2|HAO2|HIBCH|HK2|IDH3A|MDH1|ME2|PFKM|PKLR|PKM|PSAT1|RPIA|SDSL|SUCLA2|SUCLG1|SUCLG2,ACADS|ACO1|ALDH6A1|ALDOB|CPS1|CS|FBP1|FBP2|FH|GCSH|GLDC|GOT2|GPT2|HAO2|HIBCH|HK2|IDH3A|MDH1|ME2|PFKM|PKLR|PKM|PSAT1|RPIA|SDSL|SUCLA2|SUCLG1|SUCLG2,28,gorillla:
Efferocytosis,1,gorillla,gorillla:28,gorillla:ABCA1|ADAM17|ANO6|ARG2|ARNT|ATP11A|ATP2A2|BCAR1|CREB1|DUSP16|GPR132|GULP1|HIF1A|IL10|JAK2|LRP1|MAP2K1|MFGE8|NFATC1|NFATC4|ODC1|PBX1|PTGER4|PTGS2|PTPN6|RAB17|THBS1|VPS39,ABCA1|ADAM17|ANO6|ARG2|ARNT|ATP11A|ATP2A2|BCAR1|CREB1|DUSP16|GPR132|GULP1|HIF1A|IL10|JAK2|LRP1|MAP2K1|MFGE8|NFATC1|NFATC4|ODC1|PBX1|PTGER4|PTGS2|PTPN6|RAB17|THBS1|VPS39,28,gorillla:
Glutamatergic synapse,1,gorillla,gorillla:21,gorillla:ADCY3|ADCY6|ADCY7|DLG4|DLGAP1|GLS|GLS2|GLUL|GRIN2B|GRIN3A|HOMER1|HOMER2|ITPR2|KCNJ3|PLA2G4A|PLCB2|PLD2|PRKCB|SLC17A8|SLC38A1|SLC38A2,ADCY3|ADCY6|ADCY7|DLG4|DLGAP1|GLS|GLS2|GLUL|GRIN2B|GRIN3A|HOMER1|HOMER2|ITPR2|KCNJ3|PLA2G4A|PLCB2|PLD2|PRKCB|SLC17A8|SLC38A1|SLC38A2,21,gorillla:
Growth hormone synthesis secretion and action,1,gorillla,gorillla:27,gorillla:ADCY10|ADCY3|ADCY6|ADCY7|AKT3|ATF2|BCAR1|CACNA1S|CREB1|CREB3|CREBBP|FOS|ITPR2|JAK2|MAP2K1|MAP2K4|MAP3K1|PIK3R1|PLCB2|PLCG2|PRKCB|SHC1|SHC3|SHC4|SOS1|SOS2|STAT1,ADCY10|ADCY3|ADCY6|ADCY7|AKT3|ATF2|BCAR1|CACNA1S|CREB1|CREB3|CREBBP|FOS|ITPR2|JAK2|MAP2K1|MAP2K4|MAP3K1|PIK3R1|PLCB2|PLCG2|PRKCB|SHC1|SHC3|SHC4|SOS1|SOS2|STAT1,27,gorillla:
AMPK signaling pathway,1,gorillla,gorillla:25,gorillla:ACACB|ADIPOR1|AKT1|AKT3|CAB39|CAB39L|CAMKK2|CIDEA|CREB1|CREB3|FBP1|FBP2|GYS2|HMGCR|PFKM|PIK3R1|PPP2R5A|PPP2R5C|PRKAA1|PRKAB1|PRKAB2|RAB14|SLC2A4|STRADB|TSC1,ACACB|ADIPOR1|AKT1|AKT3|CAB39|CAB39L|CAMKK2|CIDEA|CREB1|CREB3|FBP1|FBP2|GYS2|HMGCR|PFKM|PIK3R1|PPP2R5A|PPP2R5C|PRKAA1|PRKAB1|PRKAB2|RAB14|SLC2A4|STRADB|TSC1,25,gorillla:
JAK-STAT signaling pathway,1,gorillla,gorillla:30,gorillla:AKT3|AOX1|CCND2|CREBBP|IFNG|IL10|IL20|IL22|IL23A|IL26|IL4R|IL6R|IL7R|IRF9|JAK2|LIFR|PIAS1|PIAS2|PIAS3|PIK3R1|PRLR|PTPN2|PTPN6|SOS1|SOS2|STAM2|STAT1|STAT2|STAT4|STAT6,AKT3|AOX1|CCND2|CREBBP|IFNG|IL10|IL20|IL22|IL23A|IL26|IL4R|IL6R|IL7R|IRF9|JAK2|LIFR|PIAS1|PIAS2|PIAS3|PIK3R1|PRLR|PTPN2|PTPN6|SOS1|SOS2|STAM2|STAT1|STAT2|STAT4|STAT6,30,gorillla:
Human T-cell leukemia virus 1 infection,1,gorillla,gorillla:33,gorillla:ADCY3|ADCY6|ADCY7|AKT3|ANAPC2|ANAPC5|ATF2|CCNB2|CCND2|CDC16|CDK4|CREB1|CREB3|CREBBP|ESPL1|FDPS|FOS|GPS2|IL1R1|IL1R2|ITGAL|MAP2K1|MAP2K4|MAP3K1|NFATC1|NFATC4|NFKBIA|PIK3R1|SMAD4|TBPL2|TERT|TGFB3|XPO1,ADCY3|ADCY6|ADCY7|AKT3|ANAPC2|ANAPC5|ATF2|CCNB2|CCND2|CDC16|CDK4|CREB1|CREB3|CREBBP|ESPL1|FDPS|FOS|GPS2|IL1R1|IL1R2|ITGAL|MAP2K1|MAP2K4|MAP3K1|NFATC1|NFATC4|NFKBIA|PIK3R1|SMAD4|TBPL2|TERT|TGFB3|XPO1,33,gorillla:
cAMP signaling pathway,1,gorillla,gorillla:34,gorillla:ABCC4|ADCY10|ADCY3|ADCY6|ADCY7|AKT3|ATP1A1|ATP1A2|ATP1A4|ATP1B1|ATP2A2|ATP2B1|CACNA1S|CREB1|CREB3|CREBBP|FOS|GABBR2|GLI1|GRIN2A|GRIN2B|GRIN3A|KCNK2|MAP2K1|NFATC1|NFKBIA|PDE3A|PDE4D|PIK3R1|PLD2|PTCH1|RAP1B|RAPGEF3|RAPGEF4,ABCC4|ADCY10|ADCY3|ADCY6|ADCY7|AKT3|ATP1A1|ATP1A2|ATP1A4|ATP1B1|ATP2A2|ATP2B1|CACNA1S|CREB1|CREB3|CREBBP|FOS|GABBR2|GLI1|GRIN2A|GRIN2B|GRIN3A|KCNK2|MAP2K1|NFATC1|NFKBIA|PDE3A|PDE4D|PIK3R1|PLD2|PTCH1|RAP1B|RAPGEF3|RAPGEF4,34,gorillla:
ABC transporters,2,human; sorangutan,human:38; sorangutan:31,human:ABCA1|ABCA10|ABCA12|ABCA13|ABCA2|ABCA4|ABCA5|ABCA6|ABCA7|ABCA8|ABCA9|ABCB1|ABCB10|ABCB11|ABCB4|ABCB5|ABCB6|ABCB7|ABCB8|ABCB9|ABCC1|ABCC10|ABCC11|ABCC12|ABCC2|ABCC3|ABCC4|ABCC6|ABCC8|ABCC9|ABCD2|ABCD3|ABCD4|ABCG2|ABCG4|CFTR|TAP1|TAP2; sorangutan:ABCA1|ABCA12|ABCA13|ABCA4|ABCA5|ABCA6|ABCA8|ABCA9|ABCB1|ABCB10|ABCB11|ABCB5|ABCB6|ABCB7|ABCB8|ABCB9|ABCC10|ABCC11|ABCC2|ABCC3|ABCC4|ABCC5|ABCC6|ABCC8|ABCC9|ABCD2|ABCD3|ABCD4|ABCG1|ABCG4|TAP1,ABCA1|ABCA12|ABCA13|ABCA4|ABCA5|ABCA6|ABCA8|ABCA9|ABCB1|ABCB10|ABCB11|ABCB5|ABCB6|ABCB7|ABCB8|ABCB9|ABCC10|ABCC11|ABCC2|ABCC3|ABCC4|ABCC6|ABCC8|ABCC9|ABCD2|ABCD3|ABCD4|ABCG4|TAP1,29,human:ABCA10|ABCA2|ABCA7|ABCB4|ABCC1|ABCC12|ABCG2|CFTR|TAP2; sorangutan:ABCC5|ABCG1
Lysine degradation,1,human,human:47,human:AADAT|ACAT2|ALDH2|ALDH3A2|ALDH7A1|ASH1L|BBOX1|CAMKMT|COLGALT2|DHTKD1|DLD|DLST|DOT1L|EHHADH|EHMT1|EHMT2|EZH1|EZH2|HADH|HADHA|HYKK|KMT2A|KMT2C|KMT2D|KMT2E|KMT5A|KMT5B|MECOM|NSD1|NSD2|NSD3|PIPOX|PLOD2|PLOD3|PRDM16|PRDM7|PRDM9|SETD1A|SETD1B|SETD2|SETMAR|SMYD1|SMYD2|SMYD3|SUV39H1|SUV39H2|TMLHE,AADAT|ACAT2|ALDH2|ALDH3A2|ALDH7A1|ASH1L|BBOX1|CAMKMT|COLGALT2|DHTKD1|DLD|DLST|DOT1L|EHHADH|EHMT1|EHMT2|EZH1|EZH2|HADH|HADHA|HYKK|KMT2A|KMT2C|KMT2D|KMT2E|KMT5A|KMT5B|MECOM|NSD1|NSD2|NSD3|PIPOX|PLOD2|PLOD3|PRDM16|PRDM7|PRDM9|SETD1A|SETD1B|SETD2|SETMAR|SMYD1|SMYD2|SMYD3|SUV39H1|SUV39H2|TMLHE,47,human:
